id,src,month,day,year,name_cn,name_native,name_romaji,alt_names,gender,blood,age,types,ptype,work,work_cn,work_year,work_fmt,works,summary,heat,fav,votes,collects,nsfw,image,thumb,alts,palette,tags,url_al,url_bgm,url_vndb,bgm_id
al35253,anilist,2,1,1994,椎名真由理,椎名まゆり,Mayuri Shiina,Mayushii / Mayu / Lab Member 002 / Mayushii NyanNyan,女,O,16,动画|Galgame,动画,シュタインズ・ゲート,命运石之门,2011,动画,"[{""t"":""シュタインズ・ゲート"",""cn"":""命运石之门"",""ty"":""动画"",""y"":2011,""pop"":594688},{""t"":""シュタインズ・ゲート ゼロ"",""cn"":""命运石之门 0"",""ty"":""动画"",""y"":2018,""pop"":222572},{""t"":""劇場版 シュタインズゲート 負荷領域のデジャヴ"",""cn"":"""",""ty"":""动画"",""y"":2013,""pop"":140137},{""t"":""シュタインズ・ゲート 横行跋扈のポリオマニア"",""cn"":"""",""ty"":""动画"",""y"":2012,""pop"":115940},{""t"":""シュタインズ・ゲート 境界面上のミッシングリンク -Divide By Zero-"",""cn"":"""",""ty"":""动画"",""y"":2015,""pop"":83839},{""t"":""シュタインズ・ゲート ゼロ 結晶多形のバレンタイン"",""cn"":"""",""ty"":""动画"",""y"":2018,""pop"":38492}]",私立花浅葱大学附属学园二年级。 保持着不紧不慢的行动和语调，是个一直挂着笑容的天然系角色。 相当能吃，即使吃很多还是很瘦。 虽然住在池袋，不过每天都去与学校和打工地点很近的未来道具研究所。 对冈伦的厨二病发言不装傻也不吐槽而是直接点头接受(直接忽视的次数也很多)。 虽然是未来道具研究所的成员，不过对于发明没有兴趣，所以转而制作 Cosplay 服。 但实际上做的只有女性服装，而且自己并不穿，最近正努力地在使漆原(伪娘)穿上自己制作的衣服。,16857,6150,16857,1010,,https://s4.anilist.co/file/anilistcdn/character/large/b35253-u6QVgLLyHq2W.png,https://s4.anilist.co/file/anilistcdn/character/medium/b35253-u6QVgLLyHq2W.png,https://t.vndb.org/ch/95/97195.jpg|https://lain.bgm.tv/r/400/pic/crt/l/b1/87/12381_crt_x2enE.jpg,,Black Blond Short Straight Teen Slim Pale School Uniform Student Blue,https://anilist.co/character/35253,https://bgm.tv/character/12381,https://vndb.org/c6491,12381
vndb-c156595,vndb,2,1,,冈崎汐,岡崎 汐,Okazaki Ushio,Shio,女,,,Galgame,Galgame,CLANNAD,,2004,Galgame,"[{""t"":""CLANNAD"",""cn"":"""",""ty"":""Galgame"",""y"":2004,""pop"":11405},{""t"":""CLANNAD -クラナド- 光見守る坂道で"",""cn"":"""",""ty"":""Galgame"",""y"":2008,""pop"":698}]",朋也和渚所生的女儿，受外公古河秋生及外婆古河早苗扶养，小小年纪便养成坚强的个性。,11405,0,11405,484,,https://t.vndb.org/ch/92/40092.jpg,https://t.vndb.org/ch/92/40092.jpg,https://lain.bgm.tv/r/400/pic/crt/l/8f/96/1063_crt_bucd2.jpg?r=1692105588,#b6897d #5b475d #eed5c5 #d4d8e7 #ffffff,Brown Short Straight Brown Slim Pale Kid Coat Pajamas Scarf,,https://bgm.tv/character/1063,https://vndb.org/c15867,1063
vndb-c2932,vndb,2,1,,美坂栞,美坂 栞,Misaka Shiori,,女,AB,,Galgame,Galgame,Kanon,,1999,Galgame,,祐一的学妹，香里的妹妹。祐一和亚由跑到商店街外面时偶然相遇的少女。喜欢的食物是冰淇淋，就算是身处严冬的雪国还是能若无其事的吃香草冰淇淋。但是没办法吃咖哩，对辣的食物厌恶到称之为“人类的敌人”的地步。口头禅是“我讨厌说那种话的人”。从小身体孱弱，现在也是长期缺席没去上学。但是偶而会穿着便服溜进学校里。兴趣是素描，但是不擅长画人物画。另外，反应速度十分的慢，玩打地鼠之类的游戏时连一次也打不到(后来有所进步)。,4394,0,4394,178,,https://t.vndb.org/ch/26/38226.jpg,https://t.vndb.org/ch/26/38226.jpg,https://lain.bgm.tv/r/400/pic/crt/l/4d/bc/1000_crt_0YkG5.jpg?r=1523159719,#523a30 #916b57 #baada3 #e0d8d0 #f4f4f3 #ffffff,Brown Bob Cut Short Straight Teen Slim Pale School Uniform Cooking Missionary,,https://bgm.tv/character/1000,https://vndb.org/c2932,1000
vndb-c85776,vndb,2,1,,,天乃間 風太,Amanoma Fuuta,Person of Interest I / ピュータ / Pewter,男,,,Galgame,Galgame,AI：ソムニウム ファイル,AI：梦境档案,2019,Galgame,"[{""t"":""AI：ソムニウム ファイル"",""cn"":""AI：梦境档案"",""ty"":""Galgame"",""y"":2019,""pop"":4117},{""t"":""AI: ソムニウムファイル ニルヴァーナイニシアチブ"",""cn"":""AI：梦境档案 涅槃肇始"",""ty"":""Galgame"",""y"":2022,""pop"":1753},{""t"":""伊達鍵は眠らない – From AI：ソムニウムファイル"",""cn"":""无法成眠的伊达键 - From AI：梦境档案"",""ty"":""Galgame"",""y"":2025,""pop"":276}]","Futa Amanoma Male 36 (AI-AINS) | 37 (AINI Past) | 43 (AINI Present) February 1 ABIS Engineer Multiples of 16, Chairs, Tokoroten, Amore Bugs, Cats, Conservatives, Cyclopes Working with machines, Collecting doujins, Imitating Magical girls Bu…",4117,0,4117,0,,https://t.vndb.org/ch/04/135604.jpg,https://t.vndb.org/ch/04/135604.jpg,,#394735 #7d8c69 #b7b4ac #d9d6d2 #ffffff,Short Pale Green Trench Coat Glasses Gloves Handgun Boku Reserved Drinking,,,https://vndb.org/c85776,
vndb-c48062,vndb,2,1,,小森江铃,小森江 すず,Komorie Suzu,Komorie Sister the Second / Suzu-peen,女,,,Galgame,Galgame,スキとスキとでサンカク恋愛,青春×好奇相伴的三角恋爱,2016,Galgame,,学園1年生で、七瑠と同じクラスに編入する。 幼少期に離れ離れになって以降もずっと兄のことを慕っていた一途な妹。 七瑠とは対照的におとなしく、温かい雰囲気を持っている。 天然な面があるものの、基本的にはスペックの高い妹。 「やっと…… やっと会えたね、兄さん」,2545,0,2545,32,,https://t.vndb.org/ch/27/57627.jpg,https://t.vndb.org/ch/27/57627.jpg,https://lain.bgm.tv/r/400/pic/crt/l/4b/a0/45041_crt_suWLU.jpg,#935976 #e4a491 #faecdb #d2c3ca #efedf1 #ffffff,Brown Shoulder-length Straight Teen Slim Pale Hard Worker Cooking Missionary Cowgirl,,https://bgm.tv/character/45041,https://vndb.org/c48062,45041
vndb-c8825,vndb,2,1,,,ルセリア・フォン・ディアマンテ,Luceria von Diamante,Ruseria von Diamante / Russelior von Diamante,女,,,Galgame,Galgame,巨乳ファンタジー,,2009,Galgame,"[{""t"":""巨乳ファンタジー"",""cn"":"""",""ty"":""Galgame"",""y"":2009,""pop"":1828},{""t"":""巨乳ファンタジー外伝"",""cn"":"""",""ty"":""Galgame"",""y"":2011,""pop"":896},{""t"":""巨乳ファンタジー外伝2"",""cn"":"""",""ty"":""Galgame"",""y"":2013,""pop"":640},{""t"":""巨乳ファンタジー デジタルノベライズ版"",""cn"":"""",""ty"":""Galgame"",""y"":2015,""pop"":38}]","Princess of Edellant Kingdom. Princess of the Kingdom of Edellant, Luceria is a kind but sheltered girl who has lived an uneventful life in Shoenburg Castle without any friends besides Emeralia.",1828,0,1828,0,1,https://t.vndb.org/ch/23/46023.jpg,https://t.vndb.org/ch/23/46023.jpg,,#cd999f #906273 #f1d4cc #000000,Blond Long Wavy Pale Doggy Style Cowgirl Blowjob Sixty-nine Virgin Sex Grey,,,https://vndb.org/c8825,
vndb-c40128,vndb,2,1,,,山田 陽南,Yamada Hinami,Hinamin,女,,,Galgame,Galgame,見上げてごらん、夜空の星を,,2015,Galgame,"[{""t"":""見上げてごらん、夜空の星を"",""cn"":"""",""ty"":""Galgame"",""y"":2015,""pop"":1628},{""t"":""見上げてごらん、夜空の星を FINE DAYS"",""cn"":"""",""ty"":""Galgame"",""y"":2016,""pop"":541},{""t"":""見上げてごらん、夜空の星を Interstellar Focus"",""cn"":"""",""ty"":""Galgame"",""y"":2018,""pop"":221}]",Korona's friend who's quite eccentric. To this day Akito and the others still don't know what she's thinking. She's interested in astronomy.,1628,0,1628,0,,https://t.vndb.org/ch/12/53912.jpg,https://t.vndb.org/ch/12/53912.jpg,,#5b3e36 #a8b5c1 #eeddcb #837d84 #eaeced #ffffff,Blue Ahoge Twin Tails Long Teen Slim Pale School Uniform Sweater Virgin Sex,,,https://vndb.org/c40128,
vndb-c1348,vndb,2,1,,,九条 氷,Kujou Koori,,女,A,,Galgame,Galgame,ひなたぼっこ,,2004,Galgame,"[{""t"":""ひなたぼっこ"",""cn"":"""",""ty"":""Galgame"",""y"":2004,""pop"":1267},{""t"":""ひなたると～ひなたぼっこファンディスク～"",""cn"":"""",""ty"":""Galgame"",""y"":2005,""pop"":31}]","Natsuki's childhood friend. Attended the same school and later, college. Refreshing, unhesitating and accurate, doesn't like others that make mistakes. Her personality changes when she is with Natsuki.",1267,0,1267,0,,https://t.vndb.org/ch/91/1391.jpg,https://t.vndb.org/ch/91/1391.jpg,,#5e5565 #959da6 #ece8e2 #c6c4c7 #f8f9f6,Blue Ponytail Brown Slim Uniform Sweater Doggy Style Virgin Sex Young-adult Shirt,,,https://vndb.org/c1348,
al15164,anilist,2,1,,,アイリスフィール・フォン・アインツベルン,Irisviel von Einzbern,Iri,女,,,动画,动画,Fate/Zero,Fate/Zero,2011,动画,"[{""t"":""Fate/Zero"",""cn"":""Fate/Zero"",""ty"":""动画"",""y"":2011,""pop"":348087},{""t"":""Fate/Zero 2ndシーズン"",""cn"":"""",""ty"":""动画"",""y"":2012,""pop"":242356},{""t"":""Fate/kaleid liner プリズマ☆イリヤ"",""cn"":"""",""ty"":""动画"",""y"":2013,""pop"":71104},{""t"":""カーニバル・ファンタズム"",""cn"":""幻想嘉年华"",""ty"":""动画"",""y"":2011,""pop"":59282},{""t"":""Fate/kaleid linerプリズマ☆イリヤ ツヴァイ！"",""cn"":"""",""ty"":""动画"",""y"":2014,""pop"":44840},{""t"":""Fate/kaleid liner プリズマ☆イリヤ ツヴァイ ヘルツ！"",""cn"":"""",""ty"":""动画"",""y"":2015,""pop"":38995}]",158 cm Irisviel von Einzbern is the partner of [Saber](//anilist.co/character/497/Pendragon-Artoria) as well as the intended vessel for the Holy Grail.,1153,1153,0,0,,https://s4.anilist.co/file/anilistcdn/character/large/b15164-BPfYcnNR3PwN.png,https://s4.anilist.co/file/anilistcdn/character/medium/b15164-BPfYcnNR3PwN.png,,,,https://anilist.co/character/15164,,,
vndb-c22037,vndb,2,1,,,考崎 千鳥,Takasaki Chidori,Chidorin,女,,,Galgame,Galgame,FLOWERS -Le volume sur été-,,2015,Galgame,"[{""t"":""FLOWERS -Le volume sur été-"",""cn"":"""",""ty"":""Galgame"",""y"":2015,""pop"":1131},{""t"":""FLOWERS -Le volume sur automne-"",""cn"":"""",""ty"":""Galgame"",""y"":2016,""pop"":834},{""t"":""FLOWERS -Le volume sur hiver-"",""cn"":"""",""ty"":""Galgame"",""y"":2017,""pop"":655}]","An eccentric ballet celebrity. Thought of as unapproachable since her emotions don't show on her face, she often causes unnecessary drama because of her tendency to ask questions about things she shouldn't.",1131,0,1131,0,,https://t.vndb.org/ch/32/43132.jpg,https://t.vndb.org/ch/32/43132.jpg,,#a2a197 #d6cec3 #f5ede0 #757777 #ffffff,Bun Shoulder-length Straight Green Slim Pale School Uniform Hard Worker Student Green,,,https://vndb.org/c22037,
al255630,anilist,2,1,,,梅宮一,Hajime Umemiya,,男,O,,动画|漫画,动画,WIND BREAKER,,2024,动画,"[{""t"":""WIND BREAKER"",""cn"":"""",""ty"":""动画"",""y"":2024,""pop"":190806},{""t"":""WIND BREAKER Season 2"",""cn"":"""",""ty"":""动画"",""y"":2025,""pop"":100348},{""t"":""WIND BREAKER"",""cn"":"""",""ty"":""漫画"",""y"":2021,""pop"":21753}]","**** 188cm A third-year student at Furin High School in Class 1. Umemiya is Bofurin's representative, meaning he stands at the top.",1108,1108,0,0,,https://s4.anilist.co/file/anilistcdn/character/large/b255630-lz7qcvEvmj3y.jpg,https://s4.anilist.co/file/anilistcdn/character/medium/b255630-lz7qcvEvmj3y.jpg,,,,https://anilist.co/character/255630,,,
al18855,anilist,2,1,1984,,足立透,Tooru Adachi,Tohru Adachi / The Egocentric Police Dick / Tohru Adachi,男,A,27,动画|漫画|Galgame,动画,ペルソナ4アニメーション,,2011,动画,"[{""t"":""ペルソナ4アニメーション"",""cn"":"""",""ty"":""动画"",""y"":2011,""pop"":58536},{""t"":""ペルソナ4 ザ・ゴールデンアニメーション"",""cn"":"""",""ty"":""动画"",""y"":2014,""pop"":25458},{""t"":""ペルソナ4アニメーション"",""cn"":"""",""ty"":""动画"",""y"":2012,""pop"":13380},{""t"":""ペルソナ4 ザ・ゴールデンアニメーション Thank you Mr. Accomplice"",""cn"":"""",""ty"":""动画"",""y"":2014,""pop"":4635},{""t"":""ペルソナ4"",""cn"":"""",""ty"":""漫画"",""y"":2008,""pop"":3321},{""t"":""ペルソナ4 ジ・アルティマックス ウルトラスープレックスホールド"",""cn"":"""",""ty"":""漫画"",""y"":2015,""pop"":729}]","A cheerful and jovial detective, Adachi often serves as the story's comic relief. He jokingly refers to himself as the 'slave' of [Dojima](//anilist.co/character/19318/Dojima-Ryotarou), complaining of the workload that his partner piles on…",584,584,399,0,,https://s4.anilist.co/file/anilistcdn/character/large/b18855-dCFYLR2saS9w.png,https://s4.anilist.co/file/anilistcdn/character/medium/b18855-dCFYLR2saS9w.png,https://t.vndb.org/ch/65/194365.jpg,,Black Short Straight Slim Pale Trousers Dress Shoes Villain Fighting Assault,https://anilist.co/character/18855,,https://vndb.org/c53876,
vndb-c10748,vndb,2,1,,,犬吠埼 綾,Inubousaki Aya,,女,,,Galgame,Galgame,LOVELY×CATION,,2011,Galgame,,The protagonist's kouhai who always keeps her distance from the others.,565,0,565,0,,https://t.vndb.org/ch/88/12088.jpg,https://t.vndb.org/ch/88/12088.jpg,,#a5849d #5c4c71 #cdbfc9 #f1e9e3 #f6f5f6 #ffffff,Ponytail Shoulder-length Brown Teen Slim Pale Orphan Missionary Cowgirl Standing Sex,,,https://vndb.org/c10748,
al138900,anilist,2,1,,,如月雨露,Amatsuyu Kisaragi,Joro (ジョーロ) / Johro,男,AB,16-17,动画|漫画|轻小说,动画,俺を好きなのはお前だけかよ,,2019,动画,"[{""t"":""俺を好きなのはお前だけかよ"",""cn"":"""",""ty"":""动画"",""y"":2019,""pop"":139869},{""t"":""俺を好きなのはお前だけかよ～俺たちのゲームセット～"",""cn"":"""",""ty"":""动画"",""y"":2020,""pop"":44017},{""t"":""俺を好きなのはお前だけかよ"",""cn"":"""",""ty"":""漫画"",""y"":2017,""pop"":7009},{""t"":""俺を好きなのはお前だけかよ"",""cn"":"""",""ty"":""轻小说"",""y"":2016,""pop"":1756}]","Amatsuyu Kisaragi, nicknamed Joro (如雨露 Jōro )is a second year High School student and the Student Council secretary (being replaced during the Confession Arc) who is the object of affection of [Sumireko Sanshokuin](//anilist.co/character/13…",547,547,0,0,,https://s4.anilist.co/file/anilistcdn/character/large/b138900-P0tW8IG5l33t.jpg,https://s4.anilist.co/file/anilistcdn/character/medium/b138900-P0tW8IG5l33t.jpg,,,,https://anilist.co/character/138900,,,
al287679,anilist,2,1,,,ティルティ・クラーレット,Tilty Claret,,女,,17-,动画|漫画|轻小说,动画,転生王女と天才令嬢の魔法革命,,2023,动画,"[{""t"":""転生王女と天才令嬢の魔法革命"",""cn"":"""",""ty"":""动画"",""y"":2023,""pop"":90106},{""t"":""転生王女と天才令嬢の魔法革命"",""cn"":"""",""ty"":""漫画"",""y"":2020,""pop"":11597},{""t"":""転生王女と天才令嬢の魔法革命"",""cn"":"""",""ty"":""轻小说"",""y"":2020,""pop"":3725},{""t"":""転天４コマ劇場"",""cn"":"""",""ty"":""漫画"",""y"":2023,""pop"":78}]","The eldest daughter of the powerful Marquis Claret. She has withdrawn to a private residence, where she studies curses. Occasionally she conducts joint research with [Anisphia](//anilist.co/character/203119/Wynn-Palettia-Anisphia), but they…",529,529,0,0,,https://s4.anilist.co/file/anilistcdn/character/large/b287679-pse08YGBKzc6.png,https://s4.anilist.co/file/anilistcdn/character/medium/b287679-pse08YGBKzc6.png,,,,https://anilist.co/character/287679,,,
vndb-c85105,vndb,2,1,,,籠目 正太郎,Kagome Shoutarou,Shou-chan,男,O,,Galgame,Galgame,ウウウルトラC,,2020,Galgame,,Main character of the first route. A normal citizen who longs for justice. Quite powerful and will listen to any kind of consultation until the end. His face does not show a lot of expression and he thinks with his heart.,513,0,513,0,,https://t.vndb.org/ch/68/103468.jpg,https://t.vndb.org/ch/68/103468.jpg,,#e4d6ce #4b484e #979390 #fefefe,Short Straight Slim Pale Trousers Orphan Missionary Doggy Style Blowjob Amber,,,https://vndb.org/c85105,
al2730,anilist,2,1,,,マイル・ジーヴァス,Mail Jeevas,Matt (マット),男,O,19,动画|漫画,动画,DEATH NOTE,死亡笔记,2006,动画,"[{""t"":""DEATH NOTE"",""cn"":""死亡笔记"",""ty"":""动画"",""y"":2006,""pop"":961191},{""t"":""DEATH NOTE"",""cn"":""死亡笔记"",""ty"":""漫画"",""y"":2003,""pop"":99722}]","168cm (5'6"") Matt is a cohort of [Mello's](//anilist.co/character/463/). He does some espionage work for him and is an accomplice in [Takada's](//anilist.co/character/3765/) kidnapping.",513,513,0,0,,https://s4.anilist.co/file/anilistcdn/character/large/n2730-SNbfxShpg90k.png,https://s4.anilist.co/file/anilistcdn/character/medium/n2730-SNbfxShpg90k.png,,,,https://anilist.co/character/2730,,,
vndb-c24983,vndb,2,1,,,伊吹 萩之介,Ibuki Haginosuke,,男,O,,Galgame,Galgame,あやかしごはん,,2014,Galgame,"[{""t"":""あやかしごはん"",""cn"":"""",""ty"":""Galgame"",""y"":2014,""pop"":464},{""t"":""あやかしごはん ～おかわりっ！～"",""cn"":"""",""ty"":""Galgame"",""y"":2015,""pop"":63}]","An assertive and proactive boy, he's somewhat forceful with his dealings. He loves ayakashi. Although he researches about ayakashi, he doesn't understand a lot about them. Like the ""Human Chapters"" Rin, he dislikes eating with others.",464,0,464,0,,https://t.vndb.org/ch/61/30661.jpg,https://t.vndb.org/ch/61/30661.jpg,,#d6b59d #9d7060 #e8d3c1 #f5eee2 #faf9f0 #ffffff,Blond Short Teen Slim Pale School Uniform Sweater Trousers Proactive Disaster,,,https://vndb.org/c24983,
al339095,anilist,2,1,,,雨月しのぶ,Shinobu Uzuki,,女,,,动画|漫画,动画,真夜中ハートチューン,,2026,动画,"[{""t"":""真夜中ハートチューン"",""cn"":"""",""ty"":""动画"",""y"":2026,""pop"":51077},{""t"":""真夜中ハートチューン"",""cn"":"""",""ty"":""漫画"",""y"":2023,""pop"":18542},{""t"":""真夜中ハートチューン 第2期"",""cn"":"""",""ty"":""动画"",""y"":2027,""pop"":7585}]",Shinobu is a member of Fuurin high school's broadcasting club. She dreams of becoming an announcer,455,455,0,0,,https://s4.anilist.co/file/anilistcdn/character/large/b339095-dUyxQfd5nyOu.jpg,https://s4.anilist.co/file/anilistcdn/character/medium/b339095-dUyxQfd5nyOu.jpg,,,,https://anilist.co/character/339095,,,
al246023,anilist,2,1,,,伊柳心,Shin Iryuu,Shinshin,男,,,动画|漫画,动画,ゆびさきと恋々,,2024,动画,"[{""t"":""ゆびさきと恋々"",""cn"":"""",""ty"":""动画"",""y"":2024,""pop"":139877},{""t"":""ゆびさきと恋々"",""cn"":"""",""ty"":""漫画"",""y"":2019,""pop"":36241}]","Shin is [Itsuomi's](//anilist.co/character/179810/) high school classmate and currently works as a hairdresser. He is usually cool, but his personality suddenly changes to a cheerful one when he drinks alcohol.",360,360,0,0,,https://s4.anilist.co/file/anilistcdn/character/large/b246023-JY3YgmQALjHM.png,https://s4.anilist.co/file/anilistcdn/character/medium/b246023-JY3YgmQALjHM.png,,,,https://anilist.co/character/246023,,,
al89901,anilist,2,1,,,口田甲司,Kouji Kouda,Koji Koda / Petting Hero: Anima / Fureai Hero: Anima (ふれあいヒーロー アニマ),男,A,15-,动画,动画,僕のヒーローアカデミア,我的英雄学院,2016,动画,"[{""t"":""僕のヒーローアカデミア"",""cn"":""我的英雄学院"",""ty"":""动画"",""y"":2016,""pop"":873712},{""t"":""僕のヒーローアカデミア２"",""cn"":"""",""ty"":""动画"",""y"":2017,""pop"":655237},{""t"":""僕のヒーローアカデミア３"",""cn"":"""",""ty"":""动画"",""y"":2018,""pop"":600666},{""t"":""僕のヒーローアカデミア４"",""cn"":"""",""ty"":""动画"",""y"":2019,""pop"":532336},{""t"":""僕のヒーローアカデミア５"",""cn"":"""",""ty"":""动画"",""y"":2021,""pop"":414683},{""t"":""僕のヒーローアカデミア６"",""cn"":"""",""ty"":""动画"",""y"":2022,""pop"":269963}]","186 cm (6'1"") Anivoice Student in Class 1-A at U.A. High School. Contrary to his strong and powerful appearance, Kouji is very timid and quiet. He rarely speaks and prefers using sign language to communicate with his classmates.",288,288,0,0,,https://s4.anilist.co/file/anilistcdn/character/large/b89901-XCnkga69pLN9.png,https://s4.anilist.co/file/anilistcdn/character/medium/b89901-XCnkga69pLN9.png,,,,https://anilist.co/character/89901,,,
al29849,anilist,2,1,,,風丸一郎太,Ichirouta Kazemaru,Nathan Swift / Itirota Kazemaru,男,,,动画,动画,イナズマイレブン,,2008,动画,"[{""t"":""イナズマイレブン"",""cn"":"""",""ty"":""动画"",""y"":2008,""pop"":61982},{""t"":""イナズマイレブン アレスの天秤"",""cn"":"""",""ty"":""动画"",""y"":2018,""pop"":13591},{""t"":""イナズマイレブン オリオンの刻印"",""cn"":"""",""ty"":""动画"",""y"":2018,""pop"":10691},{""t"":""劇場版イナズマイレブン 最強軍団オーガ襲来"",""cn"":"""",""ty"":""动画"",""y"":2010,""pop"":10553},{""t"":""劇場版イナズマイレブンGO 究極の絆 グリフォン"",""cn"":"""",""ty"":""动画"",""y"":2011,""pop"":6799},{""t"":""イナズマイレブン 超次元ドリームマッチ"",""cn"":"""",""ty"":""动画"",""y"":2014,""pop"":5539}]","Originally a member of the track club team, Kazemaru is convinced by Endo of becoming a player of the soccer team, because the team needed 4 more players for their match against Teikoku; if Endo couldn't get them the soccer club would be cl…",280,280,0,0,,https://s4.anilist.co/file/anilistcdn/character/large/b29849-QKc7shA3MHEy.jpg,https://s4.anilist.co/file/anilistcdn/character/medium/b29849-QKc7shA3MHEy.jpg,,,,https://anilist.co/character/29849,,,
vndb-c45035,vndb,2,1,,,能美 素乃子,Nomi Sonoko,,女,,,Galgame,Galgame,ドM男探偵がイク 勝手にイッたらオシオキよ！,,2012,Galgame,,"A prim and proper lady as delicate as a flower. Huge tits. The daughter of a well-to-do family. Despite a strict upbringing and a complete lack of flaws, she doesn’t put on airs.",267,0,267,0,1,https://t.vndb.org/ch/21/68721.jpg,https://t.vndb.org/ch/21/68721.jpg,,#8c7a75 #433b34 #ccaab1 #f4dcdb #fcece7 #ffffff,Black Long Straight Brown Pale Cowgirl Blowjob Anilingus Virgin Sex Young-adult,,,https://vndb.org/c45035,
vndb-c79482,vndb,2,1,,,太刀花 なな,Tachibana Nana,,女,,,Galgame,Galgame,夢現Re:Master,,2019,Galgame,"[{""t"":""夢現Re:Master"",""cn"":"""",""ty"":""Galgame"",""y"":2019,""pop"":263},{""t"":""夢現Re:After"",""cn"":"""",""ty"":""Galgame"",""y"":2020,""pop"":125},{""t"":""夢現Re:Idol"",""cn"":"""",""ty"":""Galgame"",""y"":2020,""pop"":16}]","Office Staff (Voice Actor) Part-time worker who does administrative work other than Eureka Software development, like answering phones and making tea. Nana is actually a struggling voice actor who can't pay the bills yet on acting alone.",263,0,263,0,,https://t.vndb.org/ch/66/96266.jpg,https://t.vndb.org/ch/66/96266.jpg,,#c7a07a #5d2d27 #e3c8b5 #eedcdf #fbf0f0 #ffffff,Blond Teen Pale Amber Dress Jacket Pretending Friendly Voice Actor Maid's Dress,,,https://vndb.org/c79482,
vndb-c163938,vndb,2,1,,,白浪 里,Shiranami Sato,Princess Hatsune / お里 / Osato / 八百比丘尼,女,O,,Galgame,Galgame,パラノマサイト FILE38 伊勢人魚物語,,2026,Galgame,,"Female Houseguest 17 years old A mysterious girl currently lodging with Shinobu Wakamura, a local Kameshima magnate. * * * Roughly three months ago, Sato suddenly arrived on Kameshima claiming that she was the child of a relative of the Wak…",250,0,250,0,,https://t.vndb.org/ch/98/194198.jpg,https://t.vndb.org/ch/98/194198.jpg,,#c09689 #443c3a #fceace #d1ccc8 #ffffff,Black Long Teen Pale Amnesia Grey Headband Cardigan Friend Based on a Real Person,,,https://vndb.org/c163938,
vndb-c3792,vndb,2,1,,,久遠寺 森羅,Kuonji Shinra,シンお姉ちゃん / Shin Onee-chan,女,A,,Galgame,Galgame,君が主で執事が俺で,你是主人我是仆,2007,Galgame,"[{""t"":""君が主で執事が俺で"",""cn"":""你是主人我是仆"",""ty"":""Galgame"",""y"":2007,""pop"":228},{""t"":""みなとカーニバルＦＤ"",""cn"":"""",""ty"":""Galgame"",""y"":2017,""pop"":80},{""t"":""真剣で私に恋しなさい！！SPARK"",""cn"":"""",""ty"":""Galgame"",""y"":2016,""pop"":44}]",Eldest of the Kuonji sisters; she has a habit of teasing the people she likes and a fondness for cute things. In public she works as a famous conductor in orchestra. [Based on Wikipedia],228,0,228,0,,https://t.vndb.org/ch/92/21292.jpg,https://t.vndb.org/ch/92/21292.jpg,,#e1bfa8 #26292b #8f8c7f #f5ebdd #515350 #ffffff,Black Hime Cut Waist Length+ Straight Teen Pale Orphan Doggy Style Cowgirl Blowjob,,,https://vndb.org/c3792,
al19286,anilist,2,1,,,幸村祥一郎,Shouichirou Yukimura,,男,A,16,动画|漫画,动画,会長はメイド様!,会长是女仆大人！,2010,动画,"[{""t"":""会長はメイド様!"",""cn"":""会长是女仆大人！"",""ty"":""动画"",""y"":2010,""pop"":288287},{""t"":""会長はメイド様！"",""cn"":""会长是女仆大人！"",""ty"":""漫画"",""y"":2005,""pop"":36966}]",": 164 cm The Vice President of the Student Council, Shouichirou Yukimura tries to help Misaki where he can, and enjoys office routine.",220,220,0,0,,https://s4.anilist.co/file/anilistcdn/character/large/19286.jpg,https://s4.anilist.co/file/anilistcdn/character/medium/19286.jpg,,,,https://anilist.co/character/19286,,,
vndb-c127906,vndb,2,1,,,克雷格·惠尔,Craig Wheel,,男,,,Galgame,Galgame,火山的女儿,,2023,Galgame,,"He was born into the famous music family of Wheel and brought up to be a pianist, making him exceptionally talented. He is childhood friends with Lon. Always practices the piano until late, so he is always sleepy during the day.",213,0,213,0,,https://t.vndb.org/ch/90/150590.jpg,https://t.vndb.org/ch/90/150590.jpg,,#1d1b1e #e4d8d4 #6c6766 #ffffff,Violet Short Teen Slim Pale Trousers Violet Young-adult Scarf Necktie,,,https://vndb.org/c127906,
al58681,anilist,2,1,,,冬馬,Touma Kikuchi,GG-kun,,A,17,动画|漫画,动画,アオハライド,青春之旅,2014,动画,"[{""t"":""アオハライド"",""cn"":""青春之旅"",""ty"":""动画"",""y"":2014,""pop"":244855},{""t"":""アオハライド"",""cn"":""青春之旅"",""ty"":""漫画"",""y"":2011,""pop"":61275},{""t"":""アオハライド PAGE.13"",""cn"":"""",""ty"":""动画"",""y"":2014,""pop"":18160}]","178.5 cm (5'10"") Touma is a boy in Futaba's year, making his first appearance in Chapter 12. He initially has a very bad impression of Futaba, during which she trips and ends up accidentally groping him.",199,199,0,0,,https://s4.anilist.co/file/anilistcdn/character/large/b58681-xgfP9JqWrO4C.jpg,https://s4.anilist.co/file/anilistcdn/character/medium/b58681-xgfP9JqWrO4C.jpg,,,,https://anilist.co/character/58681,,,
vndb-c98852,vndb,2,1,,,皇 はねる,Sumeragi Haneru,,女,,,Galgame,Galgame,けもの道☆ガーリッシュスクエア,,2021,Galgame,"[{""t"":""けもの道☆ガーリッシュスクエア"",""cn"":"""",""ty"":""Galgame"",""y"":2021,""pop"":194},{""t"":""けもの道☆ガーリッシュスクエア LOVE+PLUS"",""cn"":"""",""ty"":""Galgame"",""y"":2022,""pop"":85},{""t"":""けもの道☆ガーリッシュスクエア２"",""cn"":"""",""ty"":""Galgame"",""y"":2023,""pop"":84},{""t"":""猫忍えくすはーとSPIN! LOVE+PLUS"",""cn"":"""",""ty"":""Galgame"",""y"":2024,""pop"":50}]","""Yes! ""Kemonomichi☆Girlish Square"" Let's go!"" She is the leader of the underground idol group ""Kemonomichi☆Girlish Square"" based in Akiba, Japan. She is a former top idol who used to be a member of a national idol group.",194,0,194,0,1,https://t.vndb.org/ch/25/119725.jpg,https://t.vndb.org/ch/25/119725.jpg,,#463c5b #c0cce2 #9294ab #eae3e3 #f8f7f2 #ffffff,Black Teen Slim Pale Doggy Style Cowgirl Blowjob Virgin Sex Blue Modern Tsundere,,,https://vndb.org/c98852,
al215258,anilist,2,1,,,マーガレット・マカロン,Margarette Macaron,,其他,AB,18,动画|漫画|轻小说,动画,マッシュル-MASHLE- 神覚者候補選抜試験編,物理魔法使马修 神觉者候补选拔试验篇,2024,动画,"[{""t"":""マッシュル-MASHLE- 神覚者候補選抜試験編"",""cn"":""物理魔法使马修 神觉者候补选拔试验篇"",""ty"":""动画"",""y"":2024,""pop"":182192},{""t"":""マッシュル-MASHLE-"",""cn"":""物理魔法使马修"",""ty"":""漫画"",""y"":2020,""pop"":59820},{""t"":""マッシュル マッシュ・バーンデッドと復活の呪文"",""cn"":"""",""ty"":""轻小说"",""y"":2023,""pop"":310}]","198 cm Third-year student at Eason Magic Academy and the prefect for Orca Dorm. Margarette is eccentric, yet a firm believer in ""Might makes Right"". They have a strange obsession with Tartar Sauce.",95,95,0,0,,https://s4.anilist.co/file/anilistcdn/character/large/b215258-A0t3nigiFfsF.png,https://s4.anilist.co/file/anilistcdn/character/medium/b215258-A0t3nigiFfsF.png,,,,https://anilist.co/character/215258,,,
al191508,anilist,2,1,,,星之宮知恵,Chie Hoshinomiya,,女,,29-30,动画|轻小说,动画,ようこそ実力至上主義の教室へ,欢迎来到实力至上主义的教室,2017,动画,"[{""t"":""ようこそ実力至上主義の教室へ"",""cn"":""欢迎来到实力至上主义的教室"",""ty"":""动画"",""y"":2017,""pop"":447470},{""t"":""ようこそ実力至上主義の教室へ 2nd Season"",""cn"":""欢迎来到实力至上主义的教室 第二季"",""ty"":""动画"",""y"":2022,""pop"":261649},{""t"":""ようこそ実力至上主義の教室へ 3rd Season"",""cn"":""欢迎来到实力至上主义的教室 第三季"",""ty"":""动画"",""y"":2024,""pop"":188938},{""t"":""ようこそ実力至上主義の教室へ 4th Season 2年生編1学期"",""cn"":"""",""ty"":""动画"",""y"":2026,""pop"":117800},{""t"":""ようこそ実力至上主義の教室へ"",""cn"":""欢迎来到实力至上主义的教室"",""ty"":""轻小说"",""y"":2015,""pop"":41723},{""t"":""ようこそ実力至上主義の教室へ　２年生編"",""cn"":"""",""ty"":""轻小说"",""y"":2020,""pop"":16585}]","Chie Hoshinomiya is the homeroom teacher of class 1-B. She has a cheerful, flirty personality and is referred to as ""never having grown from her high school days"" by Ayanokoji.",64,64,0,0,,https://s4.anilist.co/file/anilistcdn/character/large/b191508-GekReas1uAlI.png,https://s4.anilist.co/file/anilistcdn/character/medium/b191508-GekReas1uAlI.png,,,,https://anilist.co/character/191508,,,
al88575,anilist,2,2,,蕾姆,レム,Rem,Rem-rin,女,,17-,动画,动画,Re:ゼロから始める異世界生活,Re：从零开始的异世界生活,2016,动画,"[{""t"":""Re:ゼロから始める異世界生活"",""cn"":""Re：从零开始的异世界生活"",""ty"":""动画"",""y"":2016,""pop"":621774},{""t"":""Re:ゼロから始める異世界生活 2nd Season"",""cn"":""Re：从零开始的异世界生活 第二季"",""ty"":""动画"",""y"":2020,""pop"":379615},{""t"":""Re:ゼロから始める異世界生活 2nd Season Part 2"",""cn"":"""",""ty"":""动画"",""y"":2021,""pop"":307396},{""t"":""Re:ゼロから始める異世界生活 3rd season"",""cn"":"""",""ty"":""动画"",""y"":2024,""pop"":195668},{""t"":""Re:ゼロから始める異世界生活 4th season"",""cn"":"""",""ty"":""动画"",""y"":2026,""pop"":139798},{""t"":""Re:ゼロから始める異世界生活 OVAs"",""cn"":"""",""ty"":""动画"",""y"":2018,""pop"":112258}]",在罗兹瓦尔宅邸一手包办所有杂事的女仆少女。 宅邸能够好好维持机能，可以说全都是拜她所赐。 身为在亚人中力量特别强的鬼族的幸存者，十分敬爱双胞胎姐姐拉姆。 ロズワールの屋敷で雑務全般を一手に担うメイドの少女。 屋敷の機能が維持されているのは、彼女の有能さが全てといっていい。亜人の中でも特に強い力を持つ鬼族の生き残りで、双子の姉であるラムを敬愛している。,17293,17293,0,1157,,https://s4.anilist.co/file/anilistcdn/character/large/b88575-Ayu8UPDA8NS6.png,https://s4.anilist.co/file/anilistcdn/character/medium/b88575-Ayu8UPDA8NS6.png,https://lain.bgm.tv/r/400/pic/crt/l/b4/42/35615_crt_O7WVP.jpg,,,https://anilist.co/character/88575,https://bgm.tv/character/35615,,35615
al131656,anilist,2,2,,春川魔姬,春川魔姫,Maki Harukawa,Ultimate Caregiver / Harumaki / Maki Roll / ハルマキ,女,A,,漫画|Galgame,Galgame,ニューダンガンロンパV3 みんなのコロシアイ新学期,新弹丸论破V3 大家的自相残杀新学期,2017,Galgame,"[{""t"":""ニューダンガンロンパV3 みんなのコロシアイ新学期"",""cn"":""新弹丸论破V3 大家的自相残杀新学期"",""ty"":""Galgame"",""y"":2017,""pop"":8847},{""t"":""ニューダンガンロンパV3 みんなのコロシアイ新学期 コミックアンソロジー"",""cn"":"""",""ty"":""漫画"",""y"":2017,""pop"":1718}]",超高校级的保育员,8847,526,8847,107,,https://s4.anilist.co/file/anilistcdn/character/large/b131656-la6B3rvs6bSK.jpg,https://s4.anilist.co/file/anilistcdn/character/medium/b131656-la6B3rvs6bSK.jpg,https://t.vndb.org/ch/77/65577.jpg|https://lain.bgm.tv/r/400/pic/crt/l/70/37/47209_crt_GxNKx.jpg?r=1543754137,,Brown Twin Tails Straight Teen Slim Pale School Uniform Orphan Amnesia Red,https://anilist.co/character/131656,https://bgm.tv/character/47209,https://vndb.org/c53111,47209
vndb-c68281,vndb,2,2,,野村美希,野村 美希,Nomura Miki,Hydro / のみき / Nomiki,女,,,Galgame,Galgame,Summer Pockets,夏日口袋,2018,Galgame,"[{""t"":""Summer Pockets"",""cn"":""夏日口袋"",""ty"":""Galgame"",""y"":2018,""pop"":4738},{""t"":""Summer Pockets"",""cn"":""夏日口袋"",""ty"":""Galgame"",""y"":2018,""pop"":4738},{""t"":""Summer Pockets"",""cn"":""夏日口袋"",""ty"":""Galgame"",""y"":2018,""pop"":4738},{""t"":""Summer Pockets"",""cn"":""夏日口袋"",""ty"":""Galgame"",""y"":2018,""pop"":4738}]",鳥白島のスナイパー 趣味：超長距離狙擊 好物：おにぎり 原画：ふむゆん CV：一宮朔 鳥白島少年団の治安維持執行部に所属し、通っている学校でも風紀委員を担当している。主に島内の放送塔から不審人物を監視しているのが日課。風紀を乱す不届きものには愛用の水鉄砲「ハイドロクラディエーター改」による容赦ない鉄槌を下している。しろはや蒼、良一、天善とは同学年であり、幼いころからの付き合いでもある。親元を離れ、島内でひとり暮らしをしているという、影のある一面を覗かせる。 「さて変態ども。,4738,0,4738,91,,https://t.vndb.org/ch/11/108311.jpg,https://t.vndb.org/ch/11/108311.jpg,https://lain.bgm.tv/r/400/pic/crt/l/58/1e/61417_crt_8XuuI.jpg?r=1726452168,#aeaf9a #4b454f #f1eae1 #d1d2d1 #f7f8f8,Short Straight Green Teen Slim Pale School Uniform Proactive Hard Worker T-shirt,,https://bgm.tv/character/61417,https://vndb.org/c68281,61417
vndb-c7638,vndb,2,2,,,二条 二葉,Nijou Futaba,,女,AB,,Galgame,Galgame,School Days,日在校园,2005,Galgame,"[{""t"":""School Days"",""cn"":""日在校园"",""ty"":""Galgame"",""y"":2005,""pop"":4687},{""t"":""Shiny Days"",""cn"":""日了就闪"",""ty"":""Galgame"",""y"":2012,""pop"":1048},{""t"":""Summer Days"",""cn"":""日在盛夏"",""ty"":""Galgame"",""y"":2006,""pop"":229}]","Futaba Nijou is the younger monozygotic twin of Kazuha, distinguishable by her beige headband and dressy clothes. Like her sister, Futaba is a fellow classmate and good friend of Karen who looks up to Makoto as her mentor and role model.",4687,0,4687,0,,https://t.vndb.org/ch/93/7893.jpg,https://t.vndb.org/ch/93/7893.jpg,,#b1a08e #6e6553 #edd4c1 #f0e8e4 #f7f5f5 #ffffff,Brown Bob Cut Short Straight Teen Slim Pale Cowgirl Blowjob Sex with Others,,,https://vndb.org/c7638,
vndb-c7636,vndb,2,2,,二条一叶,二条 一葉,Nijou Kazuha,,女,AB,,Galgame,Galgame,School Days,日在校园,2005,Galgame,"[{""t"":""School Days"",""cn"":""日在校园"",""ty"":""Galgame"",""y"":2005,""pop"":4687},{""t"":""Shiny Days"",""cn"":""日了就闪"",""ty"":""Galgame"",""y"":2012,""pop"":1048},{""t"":""Summer Days"",""cn"":""日在盛夏"",""ty"":""Galgame"",""y"":2006,""pop"":229}]",加藤可怜的好朋友。对伊藤诚有爱慕之情，但由于可怜的阻碍一直没得到机会向诚表白。 姓氏来源为日本华族五摄家之一二条家。,4687,0,4687,10,,https://t.vndb.org/ch/91/7891.jpg,https://t.vndb.org/ch/91/7891.jpg,https://lain.bgm.tv/r/400/pic/crt/l/5b/00/112786_crt_79mR8.jpg,#786459 #b2a49a #dad1d3 #f5ebee #fcf5fa,Brown Bob Cut Short Straight Teen Slim Pale Virgin Sex Hazel Headband,,https://bgm.tv/character/112786,https://vndb.org/c7636,112786
al88576,anilist,2,2,,拉姆,ラム,Ram,Ram-chi / Ramu,女,,17-,动画,动画,Re:ゼロから始める異世界生活,Re：从零开始的异世界生活,2016,动画,"[{""t"":""Re:ゼロから始める異世界生活"",""cn"":""Re：从零开始的异世界生活"",""ty"":""动画"",""y"":2016,""pop"":621774},{""t"":""Re:ゼロから始める異世界生活 2nd Season"",""cn"":""Re：从零开始的异世界生活 第二季"",""ty"":""动画"",""y"":2020,""pop"":379615},{""t"":""Re:ゼロから始める異世界生活 2nd Season Part 2"",""cn"":"""",""ty"":""动画"",""y"":2021,""pop"":307396},{""t"":""Re:ゼロから始める異世界生活 3rd season"",""cn"":"""",""ty"":""动画"",""y"":2024,""pop"":195668},{""t"":""Re:ゼロから始める異世界生活 4th season"",""cn"":"""",""ty"":""动画"",""y"":2026,""pop"":139798},{""t"":""Re:ゼロから始める異世界生活 OVAs"",""cn"":"""",""ty"":""动画"",""y"":2018,""pop"":112258}]",雷姆的双胞胎姐姐，虽然与雷姆一样在罗兹瓦尔宅邸担任女仆，却无论煮饭、洗衣、裁缝、打扫，所有能力值都比妹妹还要低。虽然过去身为鬼族的神童，拥有无人能比的力量，如今失去了角，也一并失去了那份力量。 レムの双子の姉で、レムと同じくロズワールの屋敷でメイドを務めているが、炊事・洗濯・裁縫・掃除、全てにおいて妹に劣るステータスの持ち主。かつては鬼族の神童として比類なき力を有していたが、角を失った現在、その力は失われている。,4321,4321,0,302,,https://s4.anilist.co/file/anilistcdn/character/large/b88576-NWkotUiJ3mK3.png,https://s4.anilist.co/file/anilistcdn/character/medium/b88576-NWkotUiJ3mK3.png,https://lain.bgm.tv/r/400/pic/crt/l/93/f9/35614_crt_no26z.jpg?r=1611899533,,,https://anilist.co/character/88576,https://bgm.tv/character/35614,,35614
al158386,anilist,2,2,,神户大助,神戸大助,Daisuke Kanbe,Daisuke Kambe,男,B,27,动画,动画,富豪刑事 Balance:UNLIMITED,富豪刑事 Balance:UNLIMITED,2020,动画,,大富豪「神戸家」の御曹司。 有り余る財力と最新のテクノロジーを駆使して、 様々な事件を半ば乱暴に解決していく。 警視庁「現代犯罪対策本部準備室」所属となり 加藤とバディを組むことになる。 しかし、加藤の言うことに聞く耳は持たない様子。,4130,4130,0,20,,https://s4.anilist.co/file/anilistcdn/character/large/b158386-orMtLSB0aNW8.png,https://s4.anilist.co/file/anilistcdn/character/medium/b158386-orMtLSB0aNW8.png,https://lain.bgm.tv/r/400/pic/crt/l/57/f8/74907_crt_kW6ri.jpg?r=1579778261,,,https://anilist.co/character/158386,https://bgm.tv/character/74907,,74907
al83019,anilist,2,2,,松冈凛,松岡凛,Rin Matsuoka,,男,,17-19,动画,动画,Free!,,2013,动画,"[{""t"":""Free!"",""cn"":"""",""ty"":""动画"",""y"":2013,""pop"":183363},{""t"":""Free!-Eternal Summer-"",""cn"":"""",""ty"":""动画"",""y"":2014,""pop"":87637},{""t"":""Free!-Dive to the Future-"",""cn"":"""",""ty"":""动画"",""y"":2018,""pop"":56184},{""t"":""映画ハイ☆スピード！ -Free! Starting Days-"",""cn"":"""",""ty"":""动画"",""y"":2015,""pop"":27560},{""t"":""特別版 Free!-Take Your Marks-"",""cn"":"""",""ty"":""动画"",""y"":2017,""pop"":26074},{""t"":""劇場版 Free!–the Final Stroke– 前編"",""cn"":"""",""ty"":""动画"",""y"":2021,""pop"":24568}]",鲛柄学园高中二年级生，专攻自由泳（捷泳）以及蝶泳。 遥目前的最大对手。 曾暂停游泳训练并出国留学，归来后出现毫无预兆的改变。让曾经的队友迷惑不已。,4081,4081,0,85,,https://s4.anilist.co/file/anilistcdn/character/large/b83019-wCHpG1RDVVNC.png,https://s4.anilist.co/file/anilistcdn/character/medium/b83019-wCHpG1RDVVNC.png,https://lain.bgm.tv/r/400/pic/crt/l/7b/6c/19849_crt_rdwk5.jpg?r=1525687756,,,https://anilist.co/character/83019,https://bgm.tv/character/19849,,19849
vndb-c46701,vndb,2,2,,红星黑白,紅星 黒白,Akaboshi Kokuhaku,,女,A,,Galgame,Galgame,コープスパーティー ブラッドカバー,尸体派对 血色笼罩,2006,Galgame,,在学年里争夺一二位的秀才、总是在学校一隅的树木下独自一人安静地读书。无口属性，没有什么朋友，实际上很爱害怕家族为剑道的名门道场，有着和父亲一起教导门下生的立场。基于那种原因，比一般人对剑道更倾注一倍热情，悄悄地成为众多门下生门憧憬的存在。自身练就了剑道精神，却意外地对黑暗的地方和幽灵苦手。BR hapter3持田兄妹在[呪われた図工室]里遇到了她，那时的她精神遭受很深的侵蚀，最后销蚀而亡,3556,0,3556,2,,https://t.vndb.org/ch/59/56059.jpg,https://t.vndb.org/ch/59/56059.jpg,https://lain.bgm.tv/r/400/pic/crt/l/98/76/98751_crt_3CUT3.jpg,#333544 #6a6e81 #a8a6b2 #e9e1db #f9f3ee #ffffff,Black Hime Cut Waist Length+ Straight Teen Slim Pale Hotblooded Grey Hazel,,https://bgm.tv/character/98751,https://vndb.org/c46701,98751
al726,anilist,2,2,,,ネフェルタリ・ビビ,Vivi Nefertari,Miss Wednesday / Nefeltari Vivi,女,F,16-18,动画|漫画,动画,ONE PIECE,航海王,1999,动画,"[{""t"":""ONE PIECE"",""cn"":""航海王"",""ty"":""动画"",""y"":1999,""pop"":750384},{""t"":""ONE PIECE"",""cn"":""航海王"",""ty"":""漫画"",""y"":1997,""pop"":232766},{""t"":""ONE PIECE エピソードオブアラバスタ 砂漠の王女と海賊たち"",""cn"":"""",""ty"":""动画"",""y"":2007,""pop"":17709},{""t"":""ONE PIECE 夢のサッカー王!"",""cn"":"""",""ty"":""动画"",""y"":2002,""pop"":12449},{""t"":""ONE PIECE 年末特別企画！麦わらのルフィ親分捕物帖"",""cn"":"""",""ty"":""动画"",""y"":2005,""pop"":7623},{""t"":""食戟のサンジ"",""cn"":"""",""ty"":""漫画"",""y"":2018,""pop"":6963}]",": 169 cm (5'6½”) Alabasta Royal Family (temporarily; Straw Hats Pirates) Princess of Alabasta Nefertari Vivi first appears as a member of Baroque Works, a criminal organization that was behind several scandals in the country of Alabasta, un…",2017,2017,0,0,,https://s4.anilist.co/file/anilistcdn/character/large/b726-DqAIpscMuYYx.png,https://s4.anilist.co/file/anilistcdn/character/medium/b726-DqAIpscMuYYx.png,,,,https://anilist.co/character/726,,,
vndb-c88408,vndb,2,2,,,路子,Michiko,,女,,,Galgame,Galgame,まいてつ,,2016,Galgame,"[{""t"":""まいてつ"",""cn"":"""",""ty"":""Galgame"",""y"":2016,""pop"":1818},{""t"":""まいてつ Last Run!!"",""cn"":"""",""ty"":""Galgame"",""y"":2020,""pop"":384}]","The younger twin sister of Soutetsu who died young in a train accident. Since she died so young not fully aware of her death, she is still wandering in the trains.",1818,0,1818,0,,https://t.vndb.org/ch/23/135423.jpg,https://t.vndb.org/ch/23/135423.jpg,,#99cfdc #8d9cb7 #d5c7bf #4c484e #e8ded7 #fffffe,Black Ahoge Short Straight Teen Slim Pale Blue Dress Accident,,,https://vndb.org/c88408,
vndb-c42285,vndb,2,2,,,右田 双鉄,Migita Soutetsu,Sou-chan,男,,,Galgame,Galgame,まいてつ,,2016,Galgame,"[{""t"":""まいてつ"",""cn"":"""",""ty"":""Galgame"",""y"":2016,""pop"":1818},{""t"":""まいてつ Last Run!!"",""cn"":"""",""ty"":""Galgame"",""y"":2020,""pop"":384}]","The victim of a railway accident that left him orphaned—which occurred near the end of the age of rail closures—he set out to repay the family that adopted him, after pulling out of a state of depression that sapped his will to live.",1818,0,1818,0,,https://t.vndb.org/ch/06/148206.jpg,https://t.vndb.org/ch/06/148206.jpg,,#393a4a #d5c4be #93898b #f1e9db #f5f3f3 #ffffff,Black Short Straight Pale Uniform Trousers Dress Shoes Proactive Hard Worker Orphan,,,https://vndb.org/c42285,
al6866,anilist,2,2,,,キキ,Kiki,,女,,13,动画,动画,魔女の宅急便,,1989,动画,"[{""t"":""魔女の宅急便"",""cn"":"""",""ty"":""动画"",""y"":1989,""pop"":186579},{""t"":""HUNGRY DAYS　アオハルかよ。"",""cn"":"""",""ty"":""动画"",""y"":2017,""pop"":3093}]","A thirteen-year-old apprentice witch, leaving her home village to spend a year on her own. She has no visible magical abilities other than communicating with her cat and broom-flying (at which she is still a novice).",1626,1626,0,0,,https://s4.anilist.co/file/anilistcdn/character/large/b6866-Fe38ZMNvevnF.png,https://s4.anilist.co/file/anilistcdn/character/medium/b6866-Fe38ZMNvevnF.png,,,,https://anilist.co/character/6866,,,
al354440,anilist,2,2,,,氷川小雪,Koyuki Hikawa,Koyun,女,AB,,动画|漫画,动画,正反対な君と僕,,2026,动画,"[{""t"":""正反対な君と僕"",""cn"":"""",""ty"":""动画"",""y"":2026,""pop"":123340},{""t"":""氷の城壁"",""cn"":"""",""ty"":""动画"",""y"":2026,""pop"":77520},{""t"":""氷の城壁 第2期"",""cn"":"""",""ty"":""动画"",""y"":2026,""pop"":18856},{""t"":""氷の城壁"",""cn"":"""",""ty"":""漫画"",""y"":2018,""pop"":8407}]",152cm (4’11),1194,1194,0,0,,https://s4.anilist.co/file/anilistcdn/character/large/b354440-baufwO1gkKDE.jpg,https://s4.anilist.co/file/anilistcdn/character/medium/b354440-baufwO1gkKDE.jpg,,,,https://anilist.co/character/354440,,,
al89641,anilist,2,2,,,涼風青葉,Aoba Suzukaze,Aocchi / Suzumiya / Suzukaze-san / Aoba-chan,女,O,18-20,动画|漫画,动画,NEW GAME!,,2016,动画,"[{""t"":""NEW GAME!"",""cn"":"""",""ty"":""动画"",""y"":2016,""pop"":120969},{""t"":""NEW GAME!!"",""cn"":"""",""ty"":""动画"",""y"":2017,""pop"":74219},{""t"":""NEW GAME! 私、社員旅行って初めてなので…"",""cn"":"""",""ty"":""动画"",""y"":2017,""pop"":25825},{""t"":""NEW GAME!"",""cn"":"""",""ty"":""漫画"",""y"":2013,""pop"":11230},{""t"":""きららファンタジア"",""cn"":""闪耀幻想曲"",""ty"":""漫画"",""y"":2019,""pop"":465},{""t"":""NEW GAME! アンソロジーコミック"",""cn"":"""",""ty"":""漫画"",""y"":2016,""pop"":463}]","Tokyo, Japan 149 cm A high school graduate who joins the Eagle Jump game company as a character designer, as they made her favorite game, Fairies Story. Due to her small stature, she is often mistaken for a middle school student.",1082,1082,0,0,,https://s4.anilist.co/file/anilistcdn/character/large/b89641-nVvsn6uqzt2z.png,https://s4.anilist.co/file/anilistcdn/character/medium/b89641-nVvsn6uqzt2z.png,,,,https://anilist.co/character/89641,,,
al162249,anilist,2,2,,,イプシロン,Epsilon,Epsilon the Faithful,女,,17-,动画|漫画|轻小说,动画,陰の実力者になりたくて！,想要成为影之实力者！,2022,动画,"[{""t"":""陰の実力者になりたくて！"",""cn"":""想要成为影之实力者！"",""ty"":""动画"",""y"":2022,""pop"":314005},{""t"":""陰の実力者になりたくて！ 2nd season"",""cn"":""想要成为影之实力者！ 第二季"",""ty"":""动画"",""y"":2023,""pop"":195202},{""t"":""陰の実力者になりたくて！"",""cn"":""想要成为影之实力者！"",""ty"":""漫画"",""y"":2018,""pop"":47389},{""t"":""異世界かるてっと 3"",""cn"":"""",""ty"":""动画"",""y"":2025,""pop"":16737},{""t"":""陰の実力者になりたくて！"",""cn"":""想要成为影之实力者！"",""ty"":""轻小说"",""y"":2018,""pop"":10826},{""t"":""かげじつ！"",""cn"":""影实！"",""ty"":""动画"",""y"":2022,""pop"":8365}]","Elf Epsilon is the fifth member of Shadow Garden. Due to her insecurities with having a flat-chest, she manipulated her slime bodysuit every year to slowly increase the mass on her chest, eventually developing a fake large breast.",756,756,0,0,,https://s4.anilist.co/file/anilistcdn/character/large/b162249-eJRpBIC5lAZX.png,https://s4.anilist.co/file/anilistcdn/character/medium/b162249-eJRpBIC5lAZX.png,,,,https://anilist.co/character/162249,,,
vndb-c94349,vndb,2,2,,,速瀬 勲,Hayase Isao,,男,,,Galgame,Galgame,君が望む永遠,你所期望的永远,2001,Galgame,,Mitsuki's dad,680,0,680,0,,https://t.vndb.org/ch/25/113825.jpg,https://t.vndb.org/ch/25/113825.jpg,,#2368d1 #b38779 #6c565d #e6d6c0 #9599aa #363037,Father Grandfather Itome Grey Father-in-law,,,https://vndb.org/c94349,
al380,anilist,2,2,,,藍華・S・グランチェスタ,Aika Granzchesta,Gatchapen,女,O,16,动画|漫画,动画,ARIA The ANIMATION,,2005,动画,"[{""t"":""ARIA The ANIMATION"",""cn"":"""",""ty"":""动画"",""y"":2005,""pop"":56358},{""t"":""ARIA The ORIGINATION"",""cn"":"""",""ty"":""动画"",""y"":2008,""pop"":36741},{""t"":""ARIA The NATURAL"",""cn"":"""",""ty"":""动画"",""y"":2006,""pop"":24710},{""t"":""ARIA"",""cn"":"""",""ty"":""漫画"",""y"":2002,""pop"":18234},{""t"":""ARIA The OVA ~ARIETTA~"",""cn"":"""",""ty"":""动画"",""y"":2007,""pop"":13326},{""t"":""ARIA The AVVENIRE"",""cn"":"""",""ty"":""动画"",""y"":2015,""pop"":12032}]","Aqua 160 cm The first friend [Akari](//anilist.co/character/378/Mizunashi-Akari) ever made on Aqua, Aika is an undine for Himeya, the oldest and currently second-ranking water-guide company in Neo-Venezia.",601,601,0,0,,https://s4.anilist.co/file/anilistcdn/character/large/b380-ulDFBnzGg2wy.png,https://s4.anilist.co/file/anilistcdn/character/medium/b380-ulDFBnzGg2wy.png,,,,https://anilist.co/character/380,,,
al1130,anilist,2,2,1988,,ロイド・アスプルンド,Lloyd Asplund,Earl of Pudding,男,AB,29-30,动画,动画,コードギアス 反逆のルルーシュ,Code Geass 反叛的鲁路修,2006,动画,"[{""t"":""コードギアス 反逆のルルーシュ"",""cn"":""Code Geass 反叛的鲁路修"",""ty"":""动画"",""y"":2006,""pop"":500273},{""t"":""コードギアス 反逆のルルーシュ R2"",""cn"":""Code Geass 反叛的鲁路修R2"",""ty"":""动画"",""y"":2008,""pop"":362942},{""t"":""コードギアス 復活のルルーシュ"",""cn"":""Code Geass 复活的鲁路修"",""ty"":""动画"",""y"":2019,""pop"":97127},{""t"":""コードギアス 反逆のルルーシュⅠ 興道"",""cn"":"""",""ty"":""动画"",""y"":2017,""pop"":33081},{""t"":""コードギアス｜ナナリーinワンダーランド"",""cn"":"""",""ty"":""动画"",""y"":2012,""pop"":17321},{""t"":""コードギアス 反逆のルルーシュ ピクチャードラマ"",""cn"":"""",""ty"":""动画"",""y"":2007,""pop"":11542}]","Lloyd Asplund is an earl of the Britannian nobility and the developer of the elite Knightmare Frame Lancelot. To keep from being reminded of the fragility of human lives and friendship, Lloyd immerses himself in science and has come to view…",506,506,0,0,,https://s4.anilist.co/file/anilistcdn/character/large/b1130-0yBifno91R4e.png,https://s4.anilist.co/file/anilistcdn/character/medium/b1130-0yBifno91R4e.png,,,,https://anilist.co/character/1130,,,
vndb-c4428,vndb,2,2,,,新藤琴美,Shindou Kotomi,,女,A,,Galgame,Galgame,MYTH,,2008,Galgame,,Shindou Hibiki's mother. Has an insatiable lust for happiness.,412,0,412,0,,https://t.vndb.org/ch/65/200565.jpg,https://t.vndb.org/ch/65/200565.jpg,,#4a4847 #020202 #ffffff,Short Yandere Nymphomania Domestic Violence Rape Insanity Wife Mother Murder Child Abuse,,,https://vndb.org/c4428,
vndb-c100652,vndb,2,2,,,船野 呉一郎,Funeno Kureichirou,,男,O,,Galgame,Galgame,大穢,,2025,Galgame,,"Your suspect. A hired servant who runs two abandoned inns on Ooejima, the Crescent Moon and the Yaegaki. He is in charge of taking care of the meals for the attendees, making the preparations for the memorial service and all rituals carried…",389,0,389,0,,https://t.vndb.org/ch/34/156134.jpg,https://t.vndb.org/ch/34/156134.jpg,,#3a302b #877b7a #c8c1be #e7e0de #ffffff,Black Short Pale Sweater Cooking Missionary Blowjob Virgin Sex Red Young-adult,,,https://vndb.org/c100652,
vndb-c1288,vndb,2,2,,,水島 密,Mizushima Hisoka,,女,AB,,Galgame,Galgame,ときめきメモリアル Girl’s Side 2nd Kiss,,2006,Galgame,,Hisoka is very feminine and ladylike. She also a way to manipulate people to do things for her without them realizing it. She is in love with Christopher and if the player is also going for his ending she can become a rival in love for his…,366,0,366,0,,https://t.vndb.org/ch/32/1332.jpg,https://t.vndb.org/ch/32/1332.jpg,,#a18a7c #dbc0a9 #ccbed5 #eddbd3 #454342 #f8f5f0,Black Long Rival Refined,,,https://vndb.org/c1288,
vndb-c21323,vndb,2,2,,,真田 卿介,Sanada Keisuke,Killing Machine / Sleeping Demon / キリング・マジーン / 寡黙なトランプ使い,男,,,Galgame,Galgame,fortissimo EXS//Akkord:nächsten Phase,,2012,Galgame,"[{""t"":""fortissimo EXS//Akkord:nächsten Phase"",""cn"":"""",""ty"":""Galgame"",""y"":2012,""pop"":303},{""t"":""fortissimo//Akkord:Bsusvier"",""cn"":"""",""ty"":""Galgame"",""y"":2010,""pop"":146},{""t"":""Kadenz fermata//Akkord:fortissimo"",""cn"":"""",""ty"":""Galgame"",""y"":2014,""pop"":74}]","fortissimo//nächsten Phase Description Hinako's bodyguard, who doesn’t speak much. Not much is known about him. He’s the only one Hinako truly opens up to. [Edited from Warum's Review]",303,0,303,0,,https://t.vndb.org/ch/57/40857.jpg,https://t.vndb.org/ch/57/40857.jpg,,#736268 #ecdfcb #bbb4b1 #383738 #ffffff,Black Short Straight Pale Fighting Virgin Sex Sex with Others Blue Young-adult Muscular,,,https://vndb.org/c21323,
al18827,anilist,2,2,,,キラー,Killer,Massacre Soldier,男,X,25,动画|漫画,动画,ONE PIECE,航海王,1999,动画,"[{""t"":""ONE PIECE"",""cn"":""航海王"",""ty"":""动画"",""y"":1999,""pop"":750384},{""t"":""ONE PIECE"",""cn"":""航海王"",""ty"":""漫画"",""y"":1997,""pop"":232766},{""t"":""ONE PIECE STAMPEDE"",""cn"":""航海王：狂热行动"",""ty"":""动画"",""y"":2019,""pop"":62019},{""t"":""ONE PIECE学園!!"",""cn"":"""",""ty"":""漫画"",""y"":2019,""pop"":1102}]","195 cm (6'5"") Kid Pirates ~!200,000,00 (162,000,000)!~ Killer is a fighting crewman serving under [Eustass Kid](//anilist.co/character/14989/Eustass-Kid) as one of the Kid Pirates.",258,258,0,0,,https://s4.anilist.co/file/anilistcdn/character/large/b18827-uvYXjeffe0gW.png,https://s4.anilist.co/file/anilistcdn/character/medium/b18827-uvYXjeffe0gW.png,,,,https://anilist.co/character/18827,,,
vndb-c41622,vndb,2,2,,,神木 明日葉,Kamiki Asuha,,女,A,,Galgame,Galgame,ひとつ飛ばし恋愛,,2013,Galgame,"[{""t"":""ひとつ飛ばし恋愛"",""cn"":"""",""ty"":""Galgame"",""y"":2013,""pop"":241},{""t"":""ひとつ飛ばし恋愛"",""cn"":"""",""ty"":""Galgame"",""y"":2013,""pop"":241},{""t"":""ひとつ飛ばし恋愛"",""cn"":"""",""ty"":""Galgame"",""y"":2013,""pop"":241}]",A new heroine introduced in the PSV version. A third-year student who is Kazuki's homeroom teacher's daughter and Ikuru's older sister.,241,0,241,0,,https://t.vndb.org/ch/00/50000.jpg,https://t.vndb.org/ch/00/50000.jpg,,#aa77ac #3ca7be #683c6c #ebc570 #d9c1da #f8f2f4,Violet Hime Cut Waist Length+ Teen Slim Pale School Uniform Necktie Stoic Daughter,,,https://vndb.org/c41622,
vndb-c21420,vndb,2,2,,,浅間 花梨,Asama Karin,,女,A,,Galgame,Galgame,ヤキモチストリーム,,2014,Galgame,,,219,0,219,0,,https://t.vndb.org/ch/40/26540.jpg,https://t.vndb.org/ch/40/26540.jpg,,#ca97a3 #f0c8c3 #fae7d2 #3f3642 #f8f4f0 #ffffff,Pink Shoulder-length Slim Pale Violet Kid Shirt Miniskirt Teacher Kind,,,https://vndb.org/c21420,
vndb-c678,vndb,2,2,,,加勢 冬弥,Kase Touya,トーヤちゃん / Touya-chan,男,B,,Galgame,Galgame,未来ノスタルジア,,2011,Galgame,,,201,0,201,0,,https://t.vndb.org/ch/52/20152.jpg,https://t.vndb.org/ch/52/20152.jpg,,#5fc7f8 #84dbfa #a0958e #58514f #362c2c #dedcd6,Short Brown Slim Pale School Uniform Necktie Childhood Friend Classmate High School Student Hosome,,,https://vndb.org/c678,
vndb-c38470,vndb,2,2,,,,Florien,,男,,,Galgame,Galgame,Magical Otoge Ciel,,2015,Galgame,,"Ciel's personal knight and bodyguard, with her since they were both children. Florien, who is normally straight-laced and pessimistic, becomes softer in her presence.",187,0,187,0,,https://t.vndb.org/ch/28/135228.jpg,https://t.vndb.org/ch/28/135228.jpg,,#3f1b1e #8d7373 #bcb4b4 #dcd4d4 #f0edec #ffffff,White Ponytail Long Slim Pale Trousers Fighting Grey Young-adult Coat,,,https://vndb.org/c38470,
al127624,anilist,2,2,,,フリーダ・レイス,Frieda Reiss,,女,,,动画|漫画,动画,進撃の巨人 Season３,,2018,动画,"[{""t"":""進撃の巨人 Season３"",""cn"":"""",""ty"":""动画"",""y"":2018,""pop"":686190},{""t"":""進撃の巨人 Season３ Part.2"",""cn"":"""",""ty"":""动画"",""y"":2019,""pop"":610781},{""t"":""進撃の巨人 The Final Season Part 2"",""cn"":""进击的巨人 最终季 Part.2"",""ty"":""动画"",""y"":2022,""pop"":440419},{""t"":""進撃の巨人"",""cn"":""进击的巨人"",""ty"":""漫画"",""y"":2009,""pop"":226814},{""t"":""進撃！巨人中学校"",""cn"":""进击！巨人中学校"",""ty"":""动画"",""y"":2015,""pop"":70408},{""t"":""進撃！巨人中学校"",""cn"":""进击！巨人中学校"",""ty"":""漫画"",""y"":2012,""pop"":3443}]",Frieda was Rod Reiss' eldest daughter and Historia's oldest half-sister. ~!She was the true queen of humanity from 842 to 845. She is known to appear in Eren and Historia's obtained memories.,94,94,0,0,,https://s4.anilist.co/file/anilistcdn/character/large/n127624-mmQqGCYRW69r.jpg,https://s4.anilist.co/file/anilistcdn/character/medium/n127624-mmQqGCYRW69r.jpg,,,,https://anilist.co/character/127624,,,
al10138,anilist,2,3,,,トルフィン・カルルセヴニ,Thorfinn Karlsefni,ثورفين / Thorsson,男,,6-25,动画|漫画,动画,ヴィンランド・サガ,冰海战记,2019,动画,"[{""t"":""ヴィンランド・サガ"",""cn"":""冰海战记"",""ty"":""动画"",""y"":2019,""pop"":545632},{""t"":""ヴィンランド・サガ SEASON2"",""cn"":""冰海战记 第二季"",""ty"":""动画"",""y"":2023,""pop"":275044},{""t"":""ヴィンランド・サガ"",""cn"":""冰海战记"",""ty"":""漫画"",""y"":2005,""pop"":138181},{""t"":""ヴィンランド・サガ SEASON2 Drowning in the Shadow"",""cn"":"""",""ty"":""动画"",""y"":2023,""pop"":12936},{""t"":""アサシン クリード ヴァルハラ x ヴィンランド・サガ"",""cn"":"""",""ty"":""漫画"",""y"":2020,""pop"":2782},{""t"":""あにまるらんど・さが"",""cn"":"""",""ty"":""漫画"",""y"":2019,""pop"":328}]","996 100 cm (6-7 years old), 153 cm (16-18 years old), 155 cm (19 years old) Thorfinn is a courageous young man armed with two twin blades he inherited from his deceased [father](//anilist.co/character/13021).",22839,22839,0,0,,https://s4.anilist.co/file/anilistcdn/character/large/b10138-zOPrka0ddZOR.png,https://s4.anilist.co/file/anilistcdn/character/medium/b10138-zOPrka0ddZOR.png,,,,https://anilist.co/character/10138,,,
al498,anilist,2,3,,远坂凛,遠坂凛,Rin Toosaka,Rin Tohsaka / Rin Tousaka / Poppins of July / Red Devil,女,O,17-19,动画|Galgame,动画,Fate/Zero,Fate/Zero,2011,动画,"[{""t"":""Fate/Zero"",""cn"":""Fate/Zero"",""ty"":""动画"",""y"":2011,""pop"":348087},{""t"":""Fate/stay night [Unlimited Blade Works]"",""cn"":""Fate/stay night UNLIMITED BLADE WORKS"",""ty"":""动画"",""y"":2014,""pop"":265317},{""t"":""Fate/Zero 2ndシーズン"",""cn"":"""",""ty"":""动画"",""y"":2012,""pop"":242356},{""t"":""Fate/stay night [Unlimited Blade Works] 2ndシーズン"",""cn"":""Fate/stay night [Unlimited Blade Works] 第二季"",""ty"":""动画"",""y"":2015,""pop"":204528},{""t"":""Fate/stay night"",""cn"":""Fate/stay night"",""ty"":""动画"",""y"":2006,""pop"":189194},{""t"":""Fate/stay night[Heaven's Feel] Ⅰ.presage flower"",""cn"":"""",""ty"":""动画"",""y"":2017,""pop"":145748}]",穂群原学園2年A組に通う女生徒で、魔術師。魔術の名門、遠坂家の後継者。 学園内では非の打ち所のない優等生として男子生徒の人気も上々だが、イジワル大好きないじめっこ、という小悪魔的な本性を持つ。 現代に生きる魔術師として聖杯戦争に参加。素人同然の主人公と衝突する。,19226,13437,19226,1809,,https://s4.anilist.co/file/anilistcdn/character/large/b498-lwawtSpLyATL.png,https://s4.anilist.co/file/anilistcdn/character/medium/b498-lwawtSpLyATL.png,https://t.vndb.org/ch/37/37.jpg|https://lain.bgm.tv/r/400/pic/crt/l/79/f0/10596_crt_J4h2w.jpg?r=1675677254,,Black Twin Tails Long Curtained Straight Teen Slim Pale School Uniform Sweater,https://anilist.co/character/498,https://bgm.tv/character/10596,https://vndb.org/c34,10596
vndb-c9802,vndb,2,3,,绫小路麻呂,綾小路 麻呂,Ayanokouji Maro,History Teacher / 歴史教師,男,AB,,Galgame,Galgame,真剣で私に恋しなさい！,认真和我恋爱！！,2009,Galgame,"[{""t"":""真剣で私に恋しなさい！"",""cn"":""认真和我恋爱！！"",""ty"":""Galgame"",""y"":2009,""pop"":9401},{""t"":""真剣で私に恋しなさい！S"",""cn"":""认真和我恋爱！S"",""ty"":""Galgame"",""y"":2012,""pop"":5025},{""t"":""真剣で私に恋しなさい！A-1"",""cn"":"""",""ty"":""Galgame"",""y"":2013,""pop"":2470},{""t"":""真剣で私に恋しなさい！A-3"",""cn"":"""",""ty"":""Galgame"",""y"":2014,""pop"":1374},{""t"":""真剣で私に恋しなさい！A-4"",""cn"":"""",""ty"":""Galgame"",""y"":2014,""pop"":1023},{""t"":""「真剣で私に恋しなさい！」ドラマCD"",""cn"":"""",""ty"":""Galgame"",""y"":2010,""pop"":33}]",日本史科的老师。 用「でおじゃる」「だまりゃ！」等伪官腔说话的老师，平安时代信者。 即使在日本史课上也基本只会讲平安时代的老师。 陶醉于贵族的生活，因为家声不错，而倾慕于不死川心。 不过，大家都说他很恶心。,9401,0,9401,2,,https://t.vndb.org/ch/20/10720.jpg,https://t.vndb.org/ch/20/10720.jpg,https://lain.bgm.tv/r/400/pic/crt/l/58/a9/11755_crt_OiNn0.jpg,#5a3e53 #a29198 #d0cacb #eae8e8 #f8f7f7,Black Short Straight Slim Pale Trousers Dress Shoes Black Adult Necktie,,https://bgm.tv/character/11755,https://vndb.org/c9802,11755
al133699,anilist,2,3,1990,夏油杰,夏油傑,Suguru Getou,,男,,27,动画|漫画,动画,呪術廻戦,咒术回战,2020,动画,"[{""t"":""呪術廻戦"",""cn"":""咒术回战"",""ty"":""动画"",""y"":2020,""pop"":971898},{""t"":""呪術廻戦 第2期"",""cn"":"""",""ty"":""动画"",""y"":2023,""pop"":491128},{""t"":""呪術廻戦 0"",""cn"":"""",""ty"":""动画"",""y"":2021,""pop"":436263},{""t"":""呪術廻戦"",""cn"":""咒术回战"",""ty"":""漫画"",""y"":2018,""pop"":252773},{""t"":""呪術廻戦 0 東京都立呪術高等専門学校"",""cn"":""咒术回战 0 东京都立咒术高等专门学校"",""ty"":""漫画"",""y"":2017,""pop"":71894},{""t"":""呪術廻戦 懐玉・玉折"",""cn"":"""",""ty"":""动画"",""y"":2025,""pop"":28638}]",【懐玉・玉折】 東京都立呪術高等専門学校二年 降伏した呪霊を取り込み自在に操る“呪霊操術”の使い手。後に最悪の呪詛師と呼ばれる男。 礼節を重んじ、非術師の救済を信条とする。同級生の五条とは対立することも多いが、互いに認め合っている関係。 【劇場版 呪術廻戦 0】 非術師を殲滅し呪術師だけの楽園を標榜する最悪の呪詛師。 4人の特級の一人であり、かつて一般人を大量虐殺し呪術高専を追放された。 呪霊たちによる大規模虐殺「百鬼夜行」を画策する。,8436,8436,0,46,,https://s4.anilist.co/file/anilistcdn/character/large/b133699-FCnXaISgazAi.png,https://s4.anilist.co/file/anilistcdn/character/medium/b133699-FCnXaISgazAi.png,https://lain.bgm.tv/r/400/pic/crt/l/45/73/85962_crt_sqS9C.jpg,,,https://anilist.co/character/133699,https://bgm.tv/character/85962,,85962
vndb-c147667,vndb,2,3,,,風祈,Fuuki,,女,,,Galgame,Galgame,D.C.～ダ・カーポ～,,2002,Galgame,"[{""t"":""D.C.～ダ・カーポ～"",""cn"":"""",""ty"":""Galgame"",""y"":2002,""pop"":2562},{""t"":""D.C.～ダ・カーポ～"",""cn"":"""",""ty"":""Galgame"",""y"":2002,""pop"":2562},{""t"":""D.C.～ダ・カーポ～"",""cn"":"""",""ty"":""Galgame"",""y"":2002,""pop"":2562},{""t"":""D.C.～ダ・カーポ～"",""cn"":"""",""ty"":""Galgame"",""y"":2002,""pop"":2562}]",「花は散るために咲くのでございましょうか？でもここでは少し事情が違うようですね。……かくありたし」 森の中の洞窟で出会った謎の少女。銀髪と、なぜか付けている鬼の面が印象的で、言葉遣いも古風というか特徴的なところがある。日本文化が好きな留学生かもしれない。 島のいたるところに現れては人助けと称して良かれと思うことを実行しているようだ。,2562,0,2562,11,,https://t.vndb.org/ch/39/173339.jpg,https://t.vndb.org/ch/39/173339.jpg,https://lain.bgm.tv/r/400/pic/crt/l/48/23/169650_crt_gJOx2.jpg,#473644 #967c8c #cdb5c3 #e9d8e1 #f6f1f3 #ffffff,,,https://bgm.tv/character/169650,https://vndb.org/c147667,169650
vndb-c14826,vndb,2,3,,,リック・アディスン,Rick Addison,"Red Death of Leazas / Red Death of Leazas, Red Reaper of Leazas",男,,,Galgame,Galgame,RanceVI -ゼス崩壊-,兰斯6 -赛斯崩坏-,2004,Galgame,"[{""t"":""RanceVI -ゼス崩壊-"",""cn"":""兰斯6 -赛斯崩坏-"",""ty"":""Galgame"",""y"":2004,""pop"":2222},{""t"":""ランス03 リーザス陥落"",""cn"":"""",""ty"":""Galgame"",""y"":2015,""pop"":1865},{""t"":""ランス・クエスト"",""cn"":""兰斯8"",""ty"":""Galgame"",""y"":2011,""pop"":1656},{""t"":""ランスIX－ヘルマン革命－"",""cn"":"""",""ty"":""Galgame"",""y"":2014,""pop"":1452},{""t"":""ランス IV　－教団の遺産－"",""cn"":"""",""ty"":""Galgame"",""y"":1993,""pop"":1370},{""t"":""Rance Ⅹ -決戦-"",""cn"":"""",""ty"":""Galgame"",""y"":2018,""pop"":1204}]","Rick Addison is the commander of the Leazas Red Corps. He's the strongest Swordsman in Leazas, one of the strongest people on the continent and is known across the land for his fearful strength, he has been nicknamed the ""Red Death of Leaza…",2222,0,2222,0,,https://t.vndb.org/ch/70/117470.jpg,https://t.vndb.org/ch/70/117470.jpg,,#c74b30 #583831 #91827b #bab7b5 #dfdedb #fefefe,Blond Shoulder-length Straight Pale Trousers Swordsmanship Fighting Amber Young-adult Muscular,,,https://vndb.org/c14826,
al268742,anilist,2,3,,,ザンカ・ニジク,Zanka Nijiku,,男,,17,动画|漫画,动画,ガチアクタ,GACHIAKUTA咔嗒咔嗒,2025,动画,"[{""t"":""ガチアクタ"",""cn"":""GACHIAKUTA咔嗒咔嗒"",""ty"":""动画"",""y"":2025,""pop"":255821},{""t"":""ガチアクタ"",""cn"":""GACHIAKUTA咔嗒咔嗒"",""ty"":""漫画"",""y"":2022,""pop"":66558},{""t"":""ガチアクタ 第2期"",""cn"":"""",""ty"":""动画"",""y"":"""",""pop"":26608}]","178 cm ""Lovely Assistaff"" He’s a former Hell Guard trainee and is currently a member of the Akuta faction of the Cleaners.",1851,1851,0,0,,https://s4.anilist.co/file/anilistcdn/character/large/b268742-PSWLnWDJH7HJ.png,https://s4.anilist.co/file/anilistcdn/character/medium/b268742-PSWLnWDJH7HJ.png,,,,https://anilist.co/character/268742,,,
al149676,anilist,2,3,,,浅草みどり,Midori Asakusa,,女,,,动画|漫画,动画,映像研には手を出すな！,,2020,动画,"[{""t"":""映像研には手を出すな！"",""cn"":"""",""ty"":""动画"",""y"":2020,""pop"":116083},{""t"":""映像研には手を出すな！"",""cn"":"""",""ty"":""漫画"",""y"":2016,""pop"":3315},{""t"":""映像研 ミニアニメ"",""cn"":"""",""ty"":""动画"",""y"":2020,""pop"":1603}]","Asakusa is a freshman at Shibahama Highschool who likes anime. She is full of curiosity and imagination, yet not that sociable.",943,943,0,0,,https://s4.anilist.co/file/anilistcdn/character/large/b149676-TxktIkOe5Xl1.jpg,https://s4.anilist.co/file/anilistcdn/character/medium/b149676-TxktIkOe5Xl1.jpg,,,,https://anilist.co/character/149676,,,
vndb-c2310,vndb,2,3,,,水城 ゆきかぜ,Mizuki Yukikaze,,女,O,,Galgame,Galgame,対魔忍ユキカゼ,,2011,Galgame,"[{""t"":""対魔忍ユキカゼ"",""cn"":"""",""ty"":""Galgame"",""y"":2011,""pop"":915},{""t"":""対魔忍ユキカゼ2"",""cn"":"""",""ty"":""Galgame"",""y"":2015,""pop"":528},{""t"":""凍京NECRO＜トウキョウ・ネクロ＞ SUICIDE MISSION"",""cn"":"""",""ty"":""Galgame"",""y"":2019,""pop"":13}]",Main heroine of Taimanin Yukikaze. Fights with twin handguns which amplifies her lightning attacks.,915,0,915,0,1,https://t.vndb.org/ch/97/39797.jpg,https://t.vndb.org/ch/97/39797.jpg,,#834e53 #3f242b #c4968e #e3d1c1 #fcfbfb,Brown Twin Tails Waist Length+ Straight Teen Slim School Uniform Fighting Missionary Doggy Style,,,https://vndb.org/c2310,
al172075,anilist,2,3,,,ランス・クラウン,Lance Crown,,男,,,动画|漫画|轻小说,动画,マッシュル-MASHLE-,物理魔法使马修,2023,动画,"[{""t"":""マッシュル-MASHLE-"",""cn"":""物理魔法使马修"",""ty"":""动画"",""y"":2023,""pop"":288743},{""t"":""マッシュル-MASHLE- 神覚者候補選抜試験編"",""cn"":""物理魔法使马修 神觉者候补选拔试验篇"",""ty"":""动画"",""y"":2024,""pop"":182107},{""t"":""マッシュル-MASHLE-"",""cn"":""物理魔法使马修"",""ty"":""漫画"",""y"":2020,""pop"":59820},{""t"":""マッシュル-MASHLE- 三魔対争神覚者最終試験編"",""cn"":""物理魔法使马修 三魔对争神觉者最终试验篇"",""ty"":""动画"",""y"":2027,""pop"":31993},{""t"":""マッシュル マッシュ・バーンデッドと冒険の書"",""cn"":"""",""ty"":""轻小说"",""y"":2022,""pop"":431},{""t"":""マッシュル マッシュ・バーンデッドと復活の呪文"",""cn"":"""",""ty"":""轻小说"",""y"":2023,""pop"":310}]",178 cm Easton Magic Academy Student Lance Crown is a student at Easton Magic Academy known for being ranked the first in the entrance exams and having two marks.,885,885,0,0,,https://s4.anilist.co/file/anilistcdn/character/large/b172075-aOsZuM7D0bcW.jpg,https://s4.anilist.co/file/anilistcdn/character/medium/b172075-aOsZuM7D0bcW.jpg,,,,https://anilist.co/character/172075,,,
vndb-c16825,vndb,2,3,,,柊木 綾子,Hiiragi Ayako,,女,,,Galgame,Galgame,ワルキューレロマンツェ ～少女騎士物語～,,2011,Galgame,"[{""t"":""ワルキューレロマンツェ ～少女騎士物語～"",""cn"":"""",""ty"":""Galgame"",""y"":2011,""pop"":737},{""t"":""ワルキューレロマンツェ More＆More"",""cn"":"""",""ty"":""Galgame"",""y"":2013,""pop"":281},{""t"":""ワルキューレロマンツェRe:tell"",""cn"":"""",""ty"":""Galgame"",""y"":2014,""pop"":139},{""t"":""ワルキューレロマンツェRe:tell"",""cn"":"""",""ty"":""Galgame"",""y"":2014,""pop"":139}]","Takahiro's older cousin that owns a cafe named Tart Time where Mio works part time. Takahiro also lives with her at Tart Time. She used to be a knight in the past, but she is now the school nurse at Wynn Ford Academy.",737,0,737,0,,https://t.vndb.org/ch/70/128770.jpg,https://t.vndb.org/ch/70/128770.jpg,,#3c3543 #807d87 #cfc0c2 #ebe3e3 #f8f4f0 #ffffff,Black Ponytail Waist Length+ Straight Slim Pale Hard Worker Cooking Missionary Cowgirl,,,https://vndb.org/c16825,
vndb-c28490,vndb,2,3,,,大上 律子,Oogami Ritsuko,,女,,,Galgame,Galgame,マブラヴ アンリミテッド ザ・デイアフター,,2010,Galgame,,1st lieutenant of the 1st Tactical Armor Regiment in the Imperial Japanese Army/Mainland Defense Force. Flight leader of the VF-3 Night Owl squad based in Seattle.,690,0,690,0,,https://t.vndb.org/ch/51/34551.jpg,https://t.vndb.org/ch/51/34551.jpg,,#965d53 #4a2832 #cca6a6 #f3e7d6 #f6f5ef #ffffff,Red Ahoge Waist Length+ Curtained Short Straight Teen Slim Pale Fighting,,,https://vndb.org/c28490,
al88670,anilist,2,3,,,スウォン,Soo-Won,Su-Won,男,,18,动画|漫画|轻小说,动画,暁のヨナ,晨曦公主,2014,动画,"[{""t"":""暁のヨナ"",""cn"":""晨曦公主"",""ty"":""动画"",""y"":2014,""pop"":217635},{""t"":""暁のヨナ"",""cn"":""晨曦公主"",""ty"":""漫画"",""y"":2009,""pop"":54140},{""t"":""暁のヨナ 同じ月の下で"",""cn"":"""",""ty"":""轻小说"",""y"":2015,""pop"":2516}]","185cm Human He is the son of the deceased General Yu-Hon, the older cousin of Yona, as well as her and Hak Son's childhood friend, the three were best friends.",645,645,0,0,,https://s4.anilist.co/file/anilistcdn/character/large/b88670-XZCwY41qf0P1.png,https://s4.anilist.co/file/anilistcdn/character/medium/b88670-XZCwY41qf0P1.png,,,,https://anilist.co/character/88670,,,
al121447,anilist,2,3,,,鬼瓦輪,Rin Onigawara,,女,,,动画|漫画,动画,武装少女マキャヴェリズム,,2017,动画,"[{""t"":""武装少女マキャヴェリズム"",""cn"":"""",""ty"":""动画"",""y"":2017,""pop"":99021},{""t"":""武装少女マキャヴェリズム OVA"",""cn"":"""",""ty"":""动画"",""y"":2017,""pop"":16349},{""t"":""武装少女マキャヴェリズム"",""cn"":"""",""ty"":""漫画"",""y"":2014,""pop"":5774}]","Leader of the Tenka Goken. Onigawara is known for being merciless and a prominent hater of men, causing many to quit the academy. However, she softens significantly after meeting Nomura, showing many signs of affection.",341,341,0,0,,https://s4.anilist.co/file/anilistcdn/character/large/b121447-du1eMv8Jtz0V.png,https://s4.anilist.co/file/anilistcdn/character/medium/b121447-du1eMv8Jtz0V.png,,,,https://anilist.co/character/121447,,,
vndb-c2117,vndb,2,3,,,如月 未緒,Kisaragi Mio,,女,A,,Galgame,Galgame,ときめきメモリアル,,1994,Galgame,"[{""t"":""ときめきメモリアル"",""cn"":"""",""ty"":""Galgame"",""y"":1994,""pop"":311},{""t"":""ときめきメモリアルドラマシリーズ Vol.1 虹色の青春"",""cn"":"""",""ty"":""Galgame"",""y"":1997,""pop"":6},{""t"":""ときめきメモリアルドラマシリーズ Vol.3 旅立ちの詩"",""cn"":"""",""ty"":""Galgame"",""y"":1999,""pop"":4},{""t"":""ときめきメモリアルドラマシリーズ Vol.2 彩のラブソング"",""cn"":"""",""ty"":""Galgame"",""y"":1998,""pop"":3}]",A shy librarian almost never seen without her glasses on.,311,0,311,0,1,https://t.vndb.org/ch/87/171787.jpg,https://t.vndb.org/ch/87/171787.jpg,,#285d5e #b49a9e #e2c6ca #eedfe3 #faf3f1 #ffffff,Green School Uniform Sweater Green Glasses Shy Illness High School Student Beret Book,,,https://vndb.org/c2117,
al2343,anilist,2,3,,,矢胴丸リサ,Lisa Yadoumaru,,女,,,动画|漫画,动画,BLEACH,死神,2004,动画,"[{""t"":""BLEACH"",""cn"":""死神"",""ty"":""动画"",""y"":2004,""pop"":521026},{""t"":""BLEACH 千年血戦篇-訣別譚-"",""cn"":""死神 千年血战篇-诀别谭-"",""ty"":""动画"",""y"":2023,""pop"":143301},{""t"":""BLEACH"",""cn"":""死神"",""ty"":""漫画"",""y"":2001,""pop"":121044},{""t"":""BLEACH 千年血戦篇-相剋譚-"",""cn"":""死神 千年血战篇-相克谭-"",""ty"":""动画"",""y"":2024,""pop"":117708},{""t"":""BLEACH 千年血戦篇-禍進譚-"",""cn"":""死神 千年血战篇-祸进谭-"",""ty"":""动画"",""y"":2026,""pop"":86495},{""t"":""BLEACH 獄頤鳴鳴篇"",""cn"":"""",""ty"":""漫画"",""y"":2021,""pop"":12702}]","Lisa Yadōmaru was the former lieutenant of the 8th Division under Captain Shunsui Kyoraku. She is a girl with glasses and long, braided, dark hair, who dresses in a sailor fuku, as opposed to the more Western-style uniforms worn by the stud…",244,244,0,0,,https://s4.anilist.co/file/anilistcdn/character/large/b2343-UzmRMWkqWGhV.png,https://s4.anilist.co/file/anilistcdn/character/medium/b2343-UzmRMWkqWGhV.png,,,,https://anilist.co/character/2343,,,
vndb-c7880,vndb,2,3,,,双海 詩音,Futami Shion,,女,A,,Galgame,Galgame,メモリーズオフ セカンド,,2001,Galgame,"[{""t"":""メモリーズオフ セカンド"",""cn"":"""",""ty"":""Galgame"",""y"":2001,""pop"":222},{""t"":""メモリーズオフ"",""cn"":"""",""ty"":""Galgame"",""y"":1999,""pop"":215},{""t"":""メモリーズオフ After Rain"",""cn"":"""",""ty"":""Galgame"",""y"":2005,""pop"":56},{""t"":""メモリーズオフ -フェスタ-"",""cn"":"""",""ty"":""Galgame"",""y"":2001,""pop"":12},{""t"":""KIDミックスセクション キャラクターコレクション"",""cn"":"""",""ty"":""Galgame"",""y"":2001,""pop"":8},{""t"":""メモオフみっくす"",""cn"":"""",""ty"":""Galgame"",""y"":2003,""pop"":4}]","Shion is a girl who transferred into Tomoya's class in the past semester. She has a calm personality, and prefers to be isolated.",222,0,222,0,,https://t.vndb.org/ch/85/173085.jpg,https://t.vndb.org/ch/85/173085.jpg,,#73676e #b2a49a #f2e9dd #d2cacd #f4f3f4 #ffffff,Ahoge Long Straight Teen Slim Pale School Uniform Trousers Amber Necktie,,,https://vndb.org/c7880,
vndb-c3803,vndb,2,3,,,聖沙・ブリジッタ・クリステレス,Misa Brigitta Cristelis,Hiss / ヒス,女,A,,Galgame,Galgame,ティンクル☆くるせいだーす,,2008,Galgame,"[{""t"":""ティンクル☆くるせいだーす"",""cn"":"""",""ty"":""Galgame"",""y"":2008,""pop"":214},{""t"":""ティンクル☆くるせいだーす -Passion Star Stream-"",""cn"":"""",""ty"":""Galgame"",""y"":2012,""pop"":106},{""t"":""ティンクル☆くるせいだーす ミラクルディスク"",""cn"":"""",""ty"":""Galgame"",""y"":2008,""pop"":32}]","Favorite Tea (she also likes curry rice and hamburgers) Hated Carrots, green peppers (she can eat them if she tries) Collecting cute stuff, writing poems Singing, writing poems 2nd-year student and the student council vice-president.",214,0,214,0,,https://t.vndb.org/ch/21/5421.jpg,https://t.vndb.org/ch/21/5421.jpg,,#d7a09a #f0dcbd #5a4c5e #f5ebe0 #faf7f6,Blond Twin Tails Waist Length+ Teen Slim Pale School Uniform Fighting Doggy Style Blowjob,,,https://vndb.org/c3803,
vndb-c28241,vndb,2,3,,,一条 七々織,Ichijou Nanao,,女,,,Galgame,Galgame,LILITH-IZM02 ～中出し/孕ませ編～,,2008,Galgame,"[{""t"":""LILITH-IZM02 ～中出し/孕ませ編～"",""cn"":"""",""ty"":""Galgame"",""y"":2008,""pop"":195},{""t"":""処女のシモベくん♪"",""cn"":"""",""ty"":""Galgame"",""y"":2008,""pop"":19}]",,195,0,195,0,,https://t.vndb.org/ch/18/62418.jpg,https://t.vndb.org/ch/18/62418.jpg,,#c17d78 #532927 #dfbea5 #f8e6d0 #f3f0ec #ffffff,Red Ahoge Short Teen Pale School Uniform Proactive Cowgirl Standing Sex Blowjob,,,https://vndb.org/c28241,
al158375,anilist,2,3,,,鬼ヶ島朱子,Akako  Onigashima ,,女,,,动画|漫画,动画,古見さんは、コミュ症です。,古见同学有交流障碍症,2021,动画,"[{""t"":""古見さんは、コミュ症です。"",""cn"":""古见同学有交流障碍症"",""ty"":""动画"",""y"":2021,""pop"":320892},{""t"":""古見さんは、コミュ症です。2"",""cn"":"""",""ty"":""动画"",""y"":2022,""pop"":167785},{""t"":""古見さんは、コミュ症です。"",""cn"":""古见同学有交流障碍症"",""ty"":""漫画"",""y"":2016,""pop"":106886}]",Onigashima Akako is originally part of Yamai Ren's friend group. Her name translates to Red Girl from Oni Island which is a reference to the tale of Momotarou.,32,32,0,0,,https://s4.anilist.co/file/anilistcdn/character/large/b158375-J4dfkOKW0Prf.png,https://s4.anilist.co/file/anilistcdn/character/medium/b158375-J4dfkOKW0Prf.png,,,,https://anilist.co/character/158375,,,
al253736,anilist,2,3,,,ウトウィン,Utowin,,男,,,动画|漫画,动画,とんがり帽子のアトリエ,尖帽子的魔法工房,2026,动画,"[{""t"":""とんがり帽子のアトリエ"",""cn"":""尖帽子的魔法工房"",""ty"":""动画"",""y"":2026,""pop"":224593},{""t"":""とんがり帽子のアトリエ"",""cn"":""尖帽子的魔法工房"",""ty"":""漫画"",""y"":2016,""pop"":82499}]",Member of the Knights Moralis. He works directly under Easthies.,26,26,0,0,,https://s4.anilist.co/file/anilistcdn/character/large/b253736-VsMSQqogFzTI.png,https://s4.anilist.co/file/anilistcdn/character/medium/b253736-VsMSQqogFzTI.png,,,,https://anilist.co/character/253736,,,
al18,anilist,2,4,,藤冈春日,藤岡ハルヒ,Haruhi Fujioka,Haru-chan / Honor Student / Little Piglet / Host Club Dog,女,O,16,动画|漫画|轻小说,动画,桜蘭高校ホスト部,樱兰高校男公关部,2006,动画,"[{""t"":""桜蘭高校ホスト部"",""cn"":""樱兰高校男公关部"",""ty"":""动画"",""y"":2006,""pop"":257804},{""t"":""桜蘭高校ホスト部"",""cn"":""樱兰高校男公关部"",""ty"":""漫画"",""y"":2002,""pop"":29844},{""t"":""桜蘭高校ホスト部"",""cn"":""樱兰高校男公关部"",""ty"":""漫画"",""y"":2011,""pop"":1438},{""t"":""桜蘭高校ホスト部"",""cn"":""樱兰高校男公关部"",""ty"":""漫画"",""y"":2010,""pop"":1118},{""t"":""桜蘭高校ホスト部 とびっきり!"",""cn"":"""",""ty"":""轻小说"",""y"":2008,""pop"":619}]",生日：2月4日；水瓶座O型；身高：155公分；班别：一年A组。 生于一般的平民家庭。天然呆，个性大而化之，不爱依赖别人。待人态度冷淡，但其实很温柔体贴。不擅长的学科为美术。成绩是全年级第一。 初登场时因外表被误认为是男的，实际上是女孩。并且因为父亲的缘故，对性别不是那么在意。体型纤瘦。 成绩优异，为了将来能够跟妈妈一样成为律师，而考上特别资优生得以进入樱兰学院就读（因为樱兰可保送成绩优异生升读法学部）。由于不小心打破了价值800万元的花瓶，为了偿还这笔债而被迫加入男公关社。,5121,5121,0,100,,https://s4.anilist.co/file/anilistcdn/character/large/b18-4mPQwygwffNJ.jpg,https://s4.anilist.co/file/anilistcdn/character/medium/b18-4mPQwygwffNJ.jpg,https://lain.bgm.tv/r/400/pic/crt/l/e9/a8/25789_crt_KhDYO.jpg?r=1625822551,,,https://anilist.co/character/18,https://bgm.tv/character/25789,,25789
al124145,anilist,2,4,,克罗姆,クロム,Chrome,,男,A,16-,动画,动画,Dr.STONE,石纪元,2019,动画,"[{""t"":""Dr.STONE"",""cn"":""石纪元"",""ty"":""动画"",""y"":2019,""pop"":554680},{""t"":""Dr.STONE STONE WARS"",""cn"":""石纪元 石之战争"",""ty"":""动画"",""y"":2021,""pop"":335280},{""t"":""Dr.STONE NEW WORLD"",""cn"":""石纪元 新世界"",""ty"":""动画"",""y"":2023,""pop"":201922},{""t"":""Dr.STONE NEW WORLD 第2クール"",""cn"":""石纪元 新世界 第2部分"",""ty"":""动画"",""y"":2023,""pop"":138943},{""t"":""Dr.STONE 龍水"",""cn"":""石纪元 龙水"",""ty"":""动画"",""y"":2022,""pop"":123272},{""t"":""Dr.STONE SCIENCE FUTURE"",""cn"":""石纪元 科学与未来"",""ty"":""动画"",""y"":2025,""pop"":115924}]",16岁，村中的“妖术使”，喜欢搜集各种材料的热血少年，靠着自己的实验而懂得许多科学知识，让千空十分惊讶。对科学充满热忱，因此与千空结为挚友。喜欢琉璃，与琉璃是青梅竹马，曾发誓过要治好琉璃的病。,2981,2981,0,21,,https://s4.anilist.co/file/anilistcdn/character/large/b124145-EEvQmsj8jku4.png,https://s4.anilist.co/file/anilistcdn/character/medium/b124145-EEvQmsj8jku4.png,https://lain.bgm.tv/r/400/pic/crt/l/c3/7b/70124_crt_4T4te.jpg?r=1566020330,,,https://anilist.co/character/124145,https://bgm.tv/character/70124,,70124
vndb-c3529,vndb,2,4,,远坂凛,遠坂 凛,Toosaka Rin,Tohsaka Rin,女,O,,Galgame,Galgame,フェイト/エクストラ,Fate/EXTRA,2010,Galgame,"[{""t"":""フェイト/エクストラ"",""cn"":""Fate/EXTRA"",""ty"":""Galgame"",""y"":2010,""pop"":2508},{""t"":""Fate/EXTRA CCC"",""cn"":""Fate/EXTRA CCC"",""ty"":""Galgame"",""y"":2013,""pop"":789}]",穂群原学園2年A組に通う女生徒で、魔術師。魔術の名門、遠坂家の後継者。 学園内では非の打ち所のない優等生として男子生徒の人気も上々だが、イジワル大好きないじめっこ、という小悪魔的な本性を持つ。 現代に生きる魔術師として聖杯戦争に参加。素人同然の主人公と衝突する。,2508,0,2508,1809,,https://t.vndb.org/ch/82/3582.jpg,https://t.vndb.org/ch/82/3582.jpg,https://lain.bgm.tv/r/400/pic/crt/l/79/f0/10596_crt_J4h2w.jpg?r=1675677254,#a20f26 #4a3a3b #948083 #c7bcb8 #f4ebe4 #fffffe,Black Blond Twin Tails Long Straight Teen Slim Pale Sweater Master,,https://bgm.tv/character/10596,https://vndb.org/c3529,10596
vndb-c41536,vndb,2,4,,,大垣 ひなた,Oogaki Hinata,,女,AB,,Galgame,Galgame,オトメ＊ドメイン,,2016,Galgame,,Minato’s junior dormmate and a member of the library committee. Her family struck it big only recently and now controls an up-and-coming business enterprise.,1521,0,1521,0,,https://t.vndb.org/ch/29/54429.jpg,https://t.vndb.org/ch/29/54429.jpg,,#b2888c #e8c6a7 #524257 #efe0d2 #f9f5ef #ffffff,Blond Waist Length+ Straight Teen Slim Pale School Uniform Cooking Blowjob Virgin Sex,,,https://vndb.org/c41536,
vndb-c5289,vndb,2,4,,,八塚 万智,Yatsuzuka Machi,,女,A,,Galgame,Galgame,ましろ色シンフォニー,,2009,Galgame,"[{""t"":""ましろ色シンフォニー"",""cn"":"""",""ty"":""Galgame"",""y"":2009,""pop"":1399},{""t"":""ましろ色シンフォニー SANA EDITION"",""cn"":"""",""ty"":""Galgame"",""y"":2023,""pop"":771}]","Machi is a female teacher who teaches Japanese at Yuihime Girls' Academy. She is the homeroom teacher of Shingo's class, 2-T; Airi, Angelina, Sana and Hayata are also in the same class.",1399,0,1399,0,,https://t.vndb.org/ch/11/5411.jpg,https://t.vndb.org/ch/11/5411.jpg,,#7e6c81 #c1a6a5 #c5d8e2 #f6e8d2 #f3f1ee #ffffff,Brown Ahoge Bun Long Straight Slim Pale Violet Young-adult Miniskirt,,,https://vndb.org/c5289,
al88409,anilist,2,4,,,西尾錦,Nishiki Nishio,Serpent,男,O,19-25,动画|漫画,动画,東京喰種 トーキョーグール,东京喰种,2014,动画,"[{""t"":""東京喰種 トーキョーグール"",""cn"":""东京喰种"",""ty"":""动画"",""y"":2014,""pop"":739775},{""t"":""東京喰種[トーキョーグール]√A"",""cn"":""东京喰种√A"",""ty"":""动画"",""y"":2015,""pop"":406723},{""t"":""東京喰種-トーキョーグール-:re"",""cn"":""东京喰种:re"",""ty"":""动画"",""y"":2018,""pop"":307841},{""t"":""東京喰種-トーキョーグール-:re 2"",""cn"":"""",""ty"":""动画"",""y"":2018,""pop"":237376},{""t"":""東京喰種 トーキョーグール"",""cn"":""东京喰种"",""ty"":""漫画"",""y"":2011,""pop"":196324},{""t"":""東京喰種-トーキョーグール-:re"",""cn"":""东京喰种:re"",""ty"":""漫画"",""y"":2014,""pop"":104047}]","177 cm (5'9"") Nishiki Nishio is a ghoul whose original feeding ground was taken from Rize. He is a sophomore in the Pharmaceutical Department of Kamii University and Kimi Nishino's boyfriend.",1128,1128,0,0,,https://s4.anilist.co/file/anilistcdn/character/large/b88409-rOaEex2Ml2ah.png,https://s4.anilist.co/file/anilistcdn/character/medium/b88409-rOaEex2Ml2ah.png,,,,https://anilist.co/character/88409,,,
al137512,anilist,2,4,,,芥川銀,Gin Akutagawa,,女,,,动画|漫画,动画,文豪ストレイドッグス,文豪野犬,2016,动画,"[{""t"":""文豪ストレイドッグス"",""cn"":""文豪野犬"",""ty"":""动画"",""y"":2016,""pop"":420991},{""t"":""文豪ストレイドッグス 第2シーズン"",""cn"":""文豪野犬 第二季"",""ty"":""动画"",""y"":2016,""pop"":238857},{""t"":""文豪ストレイドッグス 第3シーズン"",""cn"":""文豪野犬 第三季"",""ty"":""动画"",""y"":2019,""pop"":198150},{""t"":""文豪ストレイドッグス 第4シーズン"",""cn"":"""",""ty"":""动画"",""y"":2023,""pop"":109686},{""t"":""文豪ストレイドッグス"",""cn"":""文豪野犬"",""ty"":""漫画"",""y"":2012,""pop"":46466},{""t"":""文豪ストレイドッグス わん！"",""cn"":""文豪野犬 汪！"",""ty"":""动画"",""y"":2021,""pop"":38021}]","Ryuunosuke's younger sister and a member of the ""Black Lizards"" Assault Unit. It seems she is in good terms with Dazai.",880,880,0,0,,https://s4.anilist.co/file/anilistcdn/character/large/b137512-5mJhKeyVdMB5.jpg,https://s4.anilist.co/file/anilistcdn/character/medium/b137512-5mJhKeyVdMB5.jpg,,,,https://anilist.co/character/137512,,,
al127443,anilist,2,4,,,ケニー・アッカーマン,Kenny Ackerman,Kenny the Ripper,男,,,动画|漫画,动画,進撃の巨人 Season３,,2018,动画,"[{""t"":""進撃の巨人 Season３"",""cn"":"""",""ty"":""动画"",""y"":2018,""pop"":686190},{""t"":""進撃の巨人 The Final Season"",""cn"":""进击的巨人 最终季"",""ty"":""动画"",""y"":2020,""pop"":642537},{""t"":""進撃の巨人 Season３ Part.2"",""cn"":"""",""ty"":""动画"",""y"":2019,""pop"":610781},{""t"":""進撃の巨人"",""cn"":""进击的巨人"",""ty"":""漫画"",""y"":2009,""pop"":226814},{""t"":""進撃の巨人 〜クロニクル〜"",""cn"":"""",""ty"":""动画"",""y"":2020,""pop"":34786},{""t"":""｢進撃の巨人｣ちみキャラ劇場”新生リヴァイ班”"",""cn"":"""",""ty"":""动画"",""y"":2018,""pop"":16721}]","Military Police; Captain of Anti-Personnel Control Squad. [Kuchel Ackerman](//anilist.co/character/127940/Kuchel-Ackerman) (Sister), [Unnamed Grandfather](//anilist.co/character/128589/Kenny-no-Ojiisan), Kenny Ackerman is a member of the Mi…",729,729,0,0,,https://s4.anilist.co/file/anilistcdn/character/large/127443-aVMXGOchpsvj.png,https://s4.anilist.co/file/anilistcdn/character/medium/127443-aVMXGOchpsvj.png,,,,https://anilist.co/character/127443,,,
vndb-c124095,vndb,2,4,,,鈴原有希,Suzuhara Yuki,,女,,,Galgame,Galgame,マブラヴ アンリミテッド ザ・デイアフター,,2010,Galgame,,A rookie 2nd lieutenant of the Imperial Japanese Army/Mainland Defense Force. Member of the Drake squad based in Seattle.,690,0,690,0,,https://t.vndb.org/ch/33/146033.jpg,https://t.vndb.org/ch/33/146033.jpg,,#1a2a63 #0d1444 #375172 #6c998b #a1d8cd,Short Green Teen Slim Pale Fighting Violet Hypnotism Mecha Pilot Naive,,,https://vndb.org/c124095,
vndb-c55765,vndb,2,4,,,野上 美優,Nogami Miyu,,女,,,Galgame,Galgame,月影のシミュラクル,,2016,Galgame,,An old friend who has a close relationship with Seiichi and Rei. She lives in Izawa street and had visited the Kisaragi family several times.,556,0,556,0,,https://t.vndb.org/ch/20/72720.jpg,https://t.vndb.org/ch/20/72720.jpg,,#806764 #aaaa9d #f9e6cf #d4e9d9 #eff0f0 #ffffff,Brown Long Virgin Sex Green Apron Miniskirt Friendly Daughter Friend Kind,,,https://vndb.org/c55765,
al174901,anilist,2,4,,,一ノ瀬四季,Shiki Ichinose,,男,,,动画|漫画,动画,桃源暗鬼,,2025,动画,"[{""t"":""桃源暗鬼"",""cn"":"""",""ty"":""动画"",""y"":2025,""pop"":76228},{""t"":""桃源暗鬼"",""cn"":"""",""ty"":""漫画"",""y"":2020,""pop"":22206},{""t"":""桃源暗鬼 日光・華厳の滝編"",""cn"":"""",""ty"":""动画"",""y"":2026,""pop"":9906},{""t"":""おにもももも"",""cn"":"""",""ty"":""动画"",""y"":2025,""pop"":534}]","Shiki is an oni whose powers manifest after an attack by the Momotarou results in the death of his adoptive father. Biologically, he is one of the eight children of Kishin and inherits the Fire elemental attribute.",355,355,0,0,,https://s4.anilist.co/file/anilistcdn/character/large/b174901-vsAAYYr9HU1T.png,https://s4.anilist.co/file/anilistcdn/character/medium/b174901-vsAAYYr9HU1T.png,,,,https://anilist.co/character/174901,,,
al125334,anilist,2,4,,,テレサ・ワーグナー,Teresa Wagner,,女,,,动画,动画,多田くんは恋をしない,,2018,动画,,"A student from the European country of Luxembourg. She is a beautiful girl with blonde hair and bright, jade-like green eyes. She has a bubbly and honest personality, and always has a bright smile on her face.",320,320,0,0,,https://s4.anilist.co/file/anilistcdn/character/large/b125334-MVagSpKTeBmh.jpg,https://s4.anilist.co/file/anilistcdn/character/medium/b125334-MVagSpKTeBmh.jpg,,,,https://anilist.co/character/125334,,,
vndb-c60006,vndb,2,4,,,,Eunji Namgung,,女,O,,Galgame,Galgame,Stay! Stay! Democratic People's Republic of Korea!,,2017,Galgame,,,264,0,264,0,,https://t.vndb.org/ch/50/71450.jpg,https://t.vndb.org/ch/50/71450.jpg,,#376285 #8b6a5b #fae9d5 #bbb2b0 #ffffff,Virgin Sex Tsundere Military Uniform,,,https://vndb.org/c60006,
vndb-c5385,vndb,2,4,,,一ノ瀬 蓮,Ichinose Ren,,男,A,,Galgame,Galgame,乙女的恋革命★ラブレボ!!,,2006,Galgame,,"The most popular guy at school. A perfectionist with a cool attitude, he has blond hair at medium length and normally stands at the front of the No.5 best of the school.",260,0,260,0,,https://t.vndb.org/ch/22/39422.jpg,https://t.vndb.org/ch/22/39422.jpg,,#a68382 #d7c9c0 #f7f2e1 #fcfdfc,Blond Short Teen Slim Pale School Uniform Red Necktie Cold-hearted High School Student,,,https://vndb.org/c5385,
al190232,anilist,2,4,,,이지혜,Ji-Hye Lee,Crybaby,女,,,漫画,漫画,전지적 독자 시점,全知读者视角,2020,漫画,,"Lee Ji-Hye is an ex-high school student and a current member of Kim Dokja's Company. She was originally a character in Ways of Survival, fighting under Yoo Joong-Hyuk's leadership.",255,255,0,0,,https://s4.anilist.co/file/anilistcdn/character/large/b190232-4Bk2ehbvIecE.jpg,https://s4.anilist.co/file/anilistcdn/character/medium/b190232-4Bk2ehbvIecE.jpg,,,,https://anilist.co/character/190232,,,
vndb-c22452,vndb,2,4,,,小松 莉奈,Komatsu Rina,,女,O,,Galgame,Galgame,キミのとなりで恋してる！,,2014,Galgame,"[{""t"":""キミのとなりで恋してる！"",""cn"":"""",""ty"":""Galgame"",""y"":2014,""pop"":249},{""t"":""キミのとなりで恋してる！ 〜 The Respective Happiness 〜"",""cn"":"""",""ty"":""Galgame"",""y"":2015,""pop"":116}]","Childhood friend of Sekiya Akito and Hoshino Nagisa. She skillfully maintains a balance in their relationship. She is a member of the swimming club at Keisen Academy, but not particularly enthusiastic about it; mainly using it as a means to…",249,0,249,0,,https://t.vndb.org/ch/48/27748.jpg,https://t.vndb.org/ch/48/27748.jpg,,#4268ad #bf8498 #f4e7d9 #d2c1c5 #f5f4f3 #ffffff,Red Shoulder-length Teen Slim Pale School Uniform Doggy Style Spoons Blowjob Virgin Sex,,,https://vndb.org/c22452,
vndb-c74790,vndb,2,4,,,橘 海音,Tachibana Mion,,女,O,,Galgame,Galgame,はぴねす！2 Sakura Celebration,,2019,Galgame,"[{""t"":""はぴねす！2 Sakura Celebration"",""cn"":"""",""ty"":""Galgame"",""y"":2019,""pop"":203},{""t"":""はぴねす！2 りらっくす"",""cn"":"""",""ty"":""Galgame"",""y"":2020,""pop"":35}]",,203,0,203,0,,https://t.vndb.org/ch/42/90542.jpg,https://t.vndb.org/ch/42/90542.jpg,,#99273f #c2928d #efc3ac #eeddd5 #f9f3ed #ffffff,Brown Ahoge Ponytail Shoulder-length Brown Slim Pale Sweater Young-adult Apron,,,https://vndb.org/c74790,
al63851,anilist,2,5,,苗木诚,苗木誠,Makoto Naegi,Ultimate Lucky Student / Super High School Level Good Luck (超高校級の幸運) / Big Mac / Mako-chan,男,A,,动画|漫画|Galgame,动画,ダンガンロンパ 希望の学園と絶望の高校生 The Animation,弹丸论破 希望学园与绝望高中生,2013,动画,"[{""t"":""ダンガンロンパ 希望の学園と絶望の高校生 The Animation"",""cn"":""弹丸论破 希望学园与绝望高中生"",""ty"":""动画"",""y"":2013,""pop"":233260},{""t"":""ダンガンロンパ３ –The End of 希望ヶ峰学園– 未来編"",""cn"":"""",""ty"":""动画"",""y"":2016,""pop"":90791},{""t"":""ダンガンロンパ3 -The End of 希望ヶ峰学園-　絶望編"",""cn"":""弹丸论破3 -The End of 希望之峰学园- 绝望篇"",""ty"":""动画"",""y"":2016,""pop"":89210},{""t"":""ダンガンロンパ３-The End of 希望ヶ峰学園-希望編"",""cn"":"""",""ty"":""动画"",""y"":2016,""pop"":56357},{""t"":""スーパーダンガンロンパ2.5 狛枝凪斗と世界の破壊者"",""cn"":""超级弹丸论破2.5 狛枝凪斗与世界的破坏者"",""ty"":""动画"",""y"":2017,""pop"":34341},{""t"":""ダンガンロンパ 希望の学園と絶望の高校生"",""cn"":""弹丸论破 希望的学园和绝望高中生"",""ty"":""Galgame"",""y"":2010,""pop"":15953}]",本作の主人公。 一人称は「僕」。男性に対しては「名字＋クン」。女性に対しては「名字＋さん」で呼ぶ。やや引っ込み思案だが、人よりすこし前向きで諦めの悪い性格。 特筆すべき才能を持たず、勉強・運動ともに「それなり」で趣味はゲームという何の変哲のない平均的な普通の高校生だったが、そんな平均的学生たちの中から抽選で選ばれ入学を果たしてしまった超高校級の「幸運」。両親と妹からは入学を喜ばれていた。 学生ブレザーの下にパーカーを着込んでいる。,15953,1579,15953,168,,https://s4.anilist.co/file/anilistcdn/character/large/b63851-PnzyOWEPVPHD.jpg,https://s4.anilist.co/file/anilistcdn/character/medium/b63851-PnzyOWEPVPHD.jpg,https://t.vndb.org/ch/22/72622.jpg|https://lain.bgm.tv/r/400/pic/crt/l/3c/06/18026_crt_CnlbC.jpg?r=1534940129,,Brown Ahoge Short Teen Slim Pale School Uniform Trousers Proactive Hero,https://anilist.co/character/63851,https://bgm.tv/character/18026,https://vndb.org/c7828,18026
vndb-c26325,vndb,2,5,,和久井修一,和久井 修一,Wakui Shuuichi,,男,,,Galgame,Galgame,CHAOS;CHILD,混沌子,2014,Galgame,"[{""t"":""CHAOS;CHILD"",""cn"":""混沌子"",""ty"":""Galgame"",""y"":2014,""pop"":5122},{""t"":""カオスチャイルド らぶchu☆chu!!"",""cn"":"""",""ty"":""Galgame"",""y"":2017,""pop"":133}]",30岁。碧朋学园教师，新闻部顾问。 性格理智，为人沉稳，在校内有着很高的人望。但有时不怎么会察言观色。,5122,0,5122,5,,https://t.vndb.org/ch/86/206586.jpg,https://t.vndb.org/ch/86/206586.jpg,https://lain.bgm.tv/r/400/pic/crt/l/f8/d8/34701_crt_ya5I9.jpg,#6d6358 #9a8c7f #d7cabc #efe6d8 #ffffff,Blond Short Slim Pale Sword Villain Fighting Blue Young-adult Suit,,https://bgm.tv/character/34701,https://vndb.org/c26325,34701
vndb-c524,vndb,2,5,,艾莉丝·弗罗拉莉,エリス・フローラリア,Eris Floralia,,女,B,,Galgame,Galgame,穢翼のユースティア,秽翼的尤斯蒂娅,2011,Galgame,,在就要成为妓女之际被主人公赎出来的少女。 如今在妓院街当医生，她的医术在妓女中有着极高的评价。只是本人总是坚决主张医生只是副业，真正的主业应该是主人公的妻子。 美中不足的是，对患者的关怀和家务能力几乎等于零。 向来冷冰冰又很不耐烦，但在治疗主人公时却会燃起无人可及的热情。 一旦被她骂去死的话，说不定当真会挂掉，所以跟她说话可得小心才行。 于她，主人公曰：先把自己的头脑治好为妙,3089,0,3089,371,,https://t.vndb.org/ch/33/149533.jpg,https://t.vndb.org/ch/33/149533.jpg,https://lain.bgm.tv/r/400/pic/crt/l/fc/b6/11357_crt_u8kzW.jpg,#b29887 #62504a #dbc9b9 #f1e8db #f6f5f1 #ffffff,Brown Waist Length+ Straight Slim Pale Hard Worker Orphan Cooking Doggy Style Standing Sex,,https://bgm.tv/character/11357,https://vndb.org/c524,11357
vndb-c552,vndb,2,5,,春日野悠,春日野 悠,Kasugano Haruka,Haru / Haru-chan / Haru-kun,男,O,,Galgame,Galgame,ヨスガノソラ,缘之空,2008,Galgame,"[{""t"":""ヨスガノソラ"",""cn"":""缘之空"",""ty"":""Galgame"",""y"":2008,""pop"":2424},{""t"":""ハルカナソラ"",""cn"":""悠之空"",""ty"":""Galgame"",""y"":2009,""pop"":569}]","With a gentle appearance and slim profile, in many ways Haruka is the spitting image of his sister, as befits identical twins of the opposite sex. Personable and honest, he forges lasting friendships with remarkable ease.",2424,0,2424,73,,https://t.vndb.org/ch/24/624.jpg,https://t.vndb.org/ch/24/624.jpg,https://lain.bgm.tv/r/400/pic/crt/l/dd/0b/10642_crt_btlPm.jpg?r=1581148391,#5f5a56 #a89d91 #d9c7b8 #f1eae1 #f8f6f1 #ffffff,White Ahoge Short Straight Teen Slim Pale School Uniform Trousers Orphan,,https://bgm.tv/character/10642,https://vndb.org/c552,10642
al33221,anilist,2,5,,春日野穹,春日野穹,Sora Kasugano,,女,O,16-17,动画|漫画|Galgame,动画,ヨスガノソラ,缘之空,2010,动画,"[{""t"":""ヨスガノソラ"",""cn"":""缘之空"",""ty"":""动画"",""y"":2010,""pop"":103192},{""t"":""ヨスガノソラ"",""cn"":""缘之空"",""ty"":""漫画"",""y"":2009,""pop"":4759},{""t"":""ヨスガノソラ"",""cn"":""缘之空"",""ty"":""Galgame"",""y"":2008,""pop"":2424},{""t"":""ハルカナソラ"",""cn"":""悠之空"",""ty"":""Galgame"",""y"":2009,""pop"":569},{""t"":""僕の未来は、恋と課金と。～Charge To The Future～"",""cn"":"""",""ty"":""Galgame"",""y"":2019,""pop"":154}]",主人公春日野悠的孪生妹妹。沉默寡言，弱不禁风，深居简出。 家务无能，麻烦的事情完全推给了哥哥悠。 那犹如人偶一般的脸色，十分引人注目。 或许是因为病弱，时常会住进医院，和悠的体格存在鲜明的反差。 喜欢除了泡面之外的全部无营养食品，如果不注意她，可能一会就会全部吃光。 同时，还有着很强的网络依存症。,2424,944,2424,1379,,https://s4.anilist.co/file/anilistcdn/character/large/b33221-V9J6VWNBbDqr.png,https://s4.anilist.co/file/anilistcdn/character/medium/b33221-V9J6VWNBbDqr.png,https://t.vndb.org/ch/81/70581.jpg|https://lain.bgm.tv/r/400/pic/crt/l/2c/78/1152_crt_Unim8.jpg,,White Ahoge Twin Tails Waist Length+ Straight Teen Slim Pale School Uniform Orphan,https://anilist.co/character/33221,https://bgm.tv/character/1152,https://vndb.org/c553,1152
al16211,anilist,2,5,,,ギルバート・ナイトレイ,Gilbert Nightray,Gil / Raven / Seaweed Head,男,B,24,动画|漫画|轻小说,动画,パンドラハーツ,,2009,动画,"[{""t"":""パンドラハーツ"",""cn"":"""",""ty"":""动画"",""y"":2009,""pop"":75259},{""t"":""パンドラハーツ"",""cn"":"""",""ty"":""漫画"",""y"":2006,""pop"":57281},{""t"":""パンドラハーツ スペシャル"",""cn"":"""",""ty"":""动画"",""y"":2009,""pop"":7239},{""t"":""PandoraHearts ～Caucus race～"",""cn"":"""",""ty"":""轻小说"",""y"":2011,""pop"":1233},{""t"":""Gilbert in Wonderland"",""cn"":"""",""ty"":""漫画"",""y"":2009,""pop"":839}]","182 cm Oz's best friend and loyal servant. To him, Oz is his most precious person, and he is willing to sacrifice anything for him. He was taken into the Vessalius family after being discovered in an injured state 15 years ago.",1460,1460,0,0,,https://s4.anilist.co/file/anilistcdn/character/large/n16211-6c8Kyg9QWfGb.jpg,https://s4.anilist.co/file/anilistcdn/character/medium/n16211-6c8Kyg9QWfGb.jpg,,,,https://anilist.co/character/16211,,,
vndb-c57200,vndb,2,5,,,川越 しずか,Kawagoe Shizuka,,女,A,,Galgame,Galgame,お家に帰るまでがましまろです,,2017,Galgame,,"An elementary school girl living in the neighborhood, Taichi's younger sister. A quiet girl who often stands behind her brother's back.",1097,0,1097,0,,https://t.vndb.org/ch/91/68191.jpg,https://t.vndb.org/ch/91/68191.jpg,,#545e82 #a58977 #cbc0b6 #ede7d8 #f4f4f2 #ffffff,Twin Tails School Uniform Kid Deredere Carefree Shy Full Sister Kind Smart Elementary School Student,,,https://vndb.org/c57200,
al151352,anilist,2,5,,,冬月美桜,Mio Fuyutsuki,,女,,,动画|漫画,动画,氷属性男子とクールな同僚女子,,2023,动画,"[{""t"":""氷属性男子とクールな同僚女子"",""cn"":"""",""ty"":""动画"",""y"":2023,""pop"":95578},{""t"":""氷属性男子とクールな同僚女子"",""cn"":"""",""ty"":""漫画"",""y"":2018,""pop"":19628}]",154 cm Fuyutsuki is a calm woman with a laid-back personality. She is Himuro's coworker and spends her daily life with him in the office. She is also always there for Himuro whenever he is facing some kind of trouble.,973,973,0,0,,https://s4.anilist.co/file/anilistcdn/character/large/b151352-ekpKR8GKirbh.png,https://s4.anilist.co/file/anilistcdn/character/medium/b151352-ekpKR8GKirbh.png,,,,https://anilist.co/character/151352,,,
al194203,anilist,2,5,,,橋田悠,Haruka Hashida,,男,,,动画|漫画,动画,ブルーピリオド,蓝色时期,2021,动画,"[{""t"":""ブルーピリオド"",""cn"":""蓝色时期"",""ty"":""动画"",""y"":2021,""pop"":154836},{""t"":""ブルーピリオド"",""cn"":""蓝色时期"",""ty"":""漫画"",""y"":2017,""pop"":77012}]",A second year high school student and attends the same school as Yotasuke. Also goes to the same cram school as Yatora. Hashida applied to Geidai not because he wanted to actually get in but because he enjoys looking at other people's art.,808,808,0,0,,https://s4.anilist.co/file/anilistcdn/character/large/b194203-CDlUmFQLqHyi.png,https://s4.anilist.co/file/anilistcdn/character/medium/b194203-CDlUmFQLqHyi.png,,,,https://anilist.co/character/194203,,,
al131559,anilist,2,5,,,ゼルドリス,Zeldris,,男,A,252,动画|漫画,动画,七つの大罪 戒めの復活,七大罪 戒律的复活,2018,动画,"[{""t"":""七つの大罪 戒めの復活"",""cn"":""七大罪 戒律的复活"",""ty"":""动画"",""y"":2018,""pop"":286406},{""t"":""七つの大罪 神々の逆鱗"",""cn"":""七大罪 诸神的逆鳞"",""ty"":""动画"",""y"":2019,""pop"":202771},{""t"":""七つの大罪 憤怒の審判"",""cn"":""七大罪 愤怒的审判"",""ty"":""动画"",""y"":2021,""pop"":139330},{""t"":""七つの大罪"",""cn"":""七大罪"",""ty"":""漫画"",""y"":2012,""pop"":55078},{""t"":""七つの大罪 光に呪われし者たち"",""cn"":"""",""ty"":""动画"",""y"":2021,""pop"":38939},{""t"":""七つの大罪 黙示録の四騎士 第2期"",""cn"":"""",""ty"":""动画"",""y"":2024,""pop"":17838}]","152 cm (5'0"") Zeldris is a demon who is a member of the Ten Commandments, a group of elite warriors of the Demon Clan handpicked by the Demon King himself.",503,503,0,0,,https://s4.anilist.co/file/anilistcdn/character/large/b131559-MmROAidOkGqL.jpg,https://s4.anilist.co/file/anilistcdn/character/medium/b131559-MmROAidOkGqL.jpg,,,,https://anilist.co/character/131559,,,
vndb-c1330,vndb,2,5,,,天之橋 一鶴,Amanohashi Ikkaku,,男,B,,Galgame,Galgame,ときめきメモリアル Girl's Side,,2002,Galgame,"[{""t"":""ときめきメモリアル Girl's Side"",""cn"":"""",""ty"":""Galgame"",""y"":2002,""pop"":452},{""t"":""ときめきメモリアル Girl's Side 3rd Story"",""cn"":"""",""ty"":""Galgame"",""y"":2010,""pop"":395},{""t"":""ときめきメモリアル Girl’s Side 2nd Kiss"",""cn"":"""",""ty"":""Galgame"",""y"":2006,""pop"":366}]",Amanohashi is the school's chairman of the board of trustees who dreams of educating an ideal woman. He is wealthy and invites the students to the yearly Christmas party he holds at his residence.,452,0,452,0,,https://t.vndb.org/ch/73/1373.jpg,https://t.vndb.org/ch/73/1373.jpg,,#603924 #a47f5e #dbc09a #ffffff,Brown Short Moustache Brown Trousers Young-adult Suit Glasses Necktie Driving,,,https://vndb.org/c1330,
al264342,anilist,2,5,,,毛樽井亜愛子衣,Aashii Kedarui,Ahko / Arcee,女,,15-16,动画|漫画,动画,君のことが大大大大大好きな100人の彼女 第3期,,2026,动画,"[{""t"":""君のことが大大大大大好きな100人の彼女 第3期"",""cn"":"""",""ty"":""动画"",""y"":2026,""pop"":39572},{""t"":""君のことが大大大大大好きな100人の彼女"",""cn"":""超超超超超喜欢你的100个女朋友"",""ty"":""漫画"",""y"":2019,""pop"":38995},{""t"":""恋太郎ファミリーのファミリーの日常"",""cn"":"""",""ty"":""漫画"",""y"":2026,""pop"":408}]","Gyaru First-Year High School Student Chapter 87 **Girlfriend No. 018** Ahko has a love of anything and everything cute, even if it's things others wouldn't think are cute. She collects cute things, and loves to share them with others.",355,355,0,0,,https://s4.anilist.co/file/anilistcdn/character/large/b264342-MnpJyshAfreV.jpg,https://s4.anilist.co/file/anilistcdn/character/medium/b264342-MnpJyshAfreV.jpg,,,,https://anilist.co/character/264342,,,
al21331,anilist,2,5,,,相田リコ,Riko Aida,,女,A,17,动画|漫画,动画,黒子のバスケ,黑子的篮球,2012,动画,"[{""t"":""黒子のバスケ"",""cn"":""黑子的篮球"",""ty"":""动画"",""y"":2012,""pop"":286383},{""t"":""黒子のバスケ 2nd SEASON"",""cn"":"""",""ty"":""动画"",""y"":2013,""pop"":182891},{""t"":""黒子のバスケ 3rd SEASON"",""cn"":"""",""ty"":""动画"",""y"":2015,""pop"":162720},{""t"":""劇場版 黒子のバスケ Last Game"",""cn"":""剧场版 黑子的篮球 终极一战"",""ty"":""动画"",""y"":2017,""pop"":88995},{""t"":""黒子のバスケ ~最高のプレゼントです~"",""cn"":"""",""ty"":""动画"",""y"":2015,""pop"":20374},{""t"":""黒子のバスケ"",""cn"":""黑子的篮球"",""ty"":""漫画"",""y"":2008,""pop"":17353}]","**** 156 cm (5'1"") **** Seirin High **** Coach **** Ability Scan She is the coach of the basketball team. She has the ability to be able to tell the potential of each basketball player just by looking at their bodies.",340,340,0,0,,https://s4.anilist.co/file/anilistcdn/character/large/b21331-OmWP2h7Y9yKq.jpg,https://s4.anilist.co/file/anilistcdn/character/medium/b21331-OmWP2h7Y9yKq.jpg,,,,https://anilist.co/character/21331,,,
vndb-c43544,vndb,2,5,,,イングヒルト・ブロニコフスキー,Inghild Bronikowski,,女,,,Galgame,Galgame,シュヴァルツェスマーケン,,2015,Galgame,,,299,0,299,0,,https://t.vndb.org/ch/37/52237.jpg,https://t.vndb.org/ch/37/52237.jpg,,#303865 #5170a1 #7ba4d0 #bccea3 #998f85 #c6e7da,Blond Long Wavy Pale Fighting Red Soldier Death Mecha Pilot Pressure Suit,,,https://vndb.org/c43544,
al169403,anilist,2,5,,,二子一揮,Ikki Niko,,男,O,15-16,动画|漫画,动画,ブルーロック,蓝色监狱,2022,动画,"[{""t"":""ブルーロック"",""cn"":""蓝色监狱"",""ty"":""动画"",""y"":2022,""pop"":325210},{""t"":""ブルーロック VS. U-20 JAPAN"",""cn"":""蓝色监狱 VS. U-20 日本代表队"",""ty"":""动画"",""y"":2024,""pop"":142268},{""t"":""ブルーロック"",""cn"":""蓝色监狱"",""ty"":""漫画"",""y"":2018,""pop"":124054},{""t"":""ブルーロック -EPISODE 凪-"",""cn"":"""",""ty"":""动画"",""y"":2024,""pop"":50833},{""t"":""ブルーロック-EPISODE 凪-"",""cn"":"""",""ty"":""漫画"",""y"":2022,""pop"":9604}]",,298,298,0,0,,https://s4.anilist.co/file/anilistcdn/character/large/b169403-x8h2FGUA5eya.png,https://s4.anilist.co/file/anilistcdn/character/medium/b169403-x8h2FGUA5eya.png,,,,https://anilist.co/character/169403,,,
al55579,anilist,2,5,,,佐々木異三郎,Isaburo Sasaki,Sabu-chan / Monster of Three Heavens,男,,,动画,动画,銀魂゜,,2015,动画,"[{""t"":""銀魂゜"",""cn"":"""",""ty"":""动画"",""y"":2015,""pop"":119621},{""t"":""銀魂’"",""cn"":"""",""ty"":""动画"",""y"":2011,""pop"":110096},{""t"":""銀魂’延長戦"",""cn"":"""",""ty"":""动画"",""y"":2012,""pop"":84431},{""t"":""銀魂。"",""cn"":""银魂"",""ty"":""动画"",""y"":2017,""pop"":82894},{""t"":""銀魂. 銀ノ魂篇"",""cn"":"""",""ty"":""动画"",""y"":2018,""pop"":60568},{""t"":""銀魂 THE FINAL"",""cn"":"""",""ty"":""动画"",""y"":2021,""pop"":55581}]","Sasaki Isaburo is the commander of Mimawarigumi. His character is based on the leader of the real Mimawarigumi, Sasaki Tadasaburo. Sasaki Isaburo was born into the elite samurai family Sasaki, as the main heir.",277,277,0,0,,https://s4.anilist.co/file/anilistcdn/character/large/b55579-5cUmAKri1Tsa.jpg,https://s4.anilist.co/file/anilistcdn/character/medium/b55579-5cUmAKri1Tsa.jpg,,,,https://anilist.co/character/55579,,,
vndb-c18054,vndb,2,5,,,三笠 月理,Mikasa Akari,,女,,,Galgame,Galgame,恋色空模様,,2010,Galgame,"[{""t"":""恋色空模様"",""cn"":"""",""ty"":""Galgame"",""y"":2010,""pop"":273},{""t"":""片恋いの月"",""cn"":"""",""ty"":""Galgame"",""y"":2007,""pop"":27},{""t"":""片恋いの月えくすとら"",""cn"":"""",""ty"":""Galgame"",""y"":2008,""pop"":22}]",,273,0,273,0,,https://t.vndb.org/ch/84/47484.jpg,https://t.vndb.org/ch/84/47484.jpg,,#534344 #83798b #c7bcc4 #f8f1ec #e3dde4 #ffffff,Violet Shoulder-length Teen Slim Pale School Uniform Orphan Glasses Secretive T-shirt,,,https://vndb.org/c18054,
al116,anilist,2,5,,,ラクス・クライン,Lacus Clyne,,女,B,"16 [GS], 18 [GSD], 20 [GSMovie]",动画,动画,機動戦士ガンダムSEED,,2002,动画,"[{""t"":""機動戦士ガンダムSEED"",""cn"":"""",""ty"":""动画"",""y"":2002,""pop"":31925},{""t"":""機動戦士ガンダムSEED DESTINY"",""cn"":"""",""ty"":""动画"",""y"":2004,""pop"":19586},{""t"":""機動戦士ガンダムSEED FREEDOM"",""cn"":"""",""ty"":""动画"",""y"":2024,""pop"":7512},{""t"":""機動戦士ガンダムSEED DESTINY FINAL PLUS 『選ばれた未来』"",""cn"":"""",""ty"":""动画"",""y"":2005,""pop"":4553},{""t"":""機動戦士ガンダムSEED 星のはざまで"",""cn"":"""",""ty"":""动画"",""y"":2004,""pop"":4353},{""t"":""機動戦士ガンダムＳＥＥＤ　スペシャルエディション"",""cn"":"""",""ty"":""动画"",""y"":2004,""pop"":2793}]","Genetic Coordinator 158 cm [GS], 160 cm [GSD], 162cm [GSmovie] Lacus Clyne is a pop idol among the PLANTs, this is due to both her father, Siegel Clyne, Supreme Council chairmen of PLANT, and the fact her beautiful singing voice is so grand…",264,264,0,0,,https://s4.anilist.co/file/anilistcdn/character/large/b116-DV0Kf8F2vSsW.png,https://s4.anilist.co/file/anilistcdn/character/medium/b116-DV0Kf8F2vSsW.png,,,,https://anilist.co/character/116,,,
al137524,anilist,2,5,,,テュフォン,Typhon,Witch of Pride,,,,动画|漫画|轻小说,动画,Re:ゼロから始める異世界生活 2nd Season,Re：从零开始的异世界生活 第二季,2020,动画,"[{""t"":""Re:ゼロから始める異世界生活 2nd Season"",""cn"":""Re：从零开始的异世界生活 第二季"",""ty"":""动画"",""y"":2020,""pop"":379615},{""t"":""Re:ゼロから始める異世界生活 3rd season"",""cn"":"""",""ty"":""动画"",""y"":2024,""pop"":195668},{""t"":""Re:ゼロから始める異世界生活 4th season"",""cn"":"""",""ty"":""动画"",""y"":2026,""pop"":139798},{""t"":""Re:ゼロから始める異世界生活"",""cn"":""Re：从零开始的异世界生活"",""ty"":""轻小说"",""y"":2014,""pop"":30155},{""t"":""Re:ゼロから始める休憩時間(ブレイクタイム) 2nd Season Part 2"",""cn"":"""",""ty"":""动画"",""y"":2021,""pop"":5839},{""t"":""Re:ゼロから始める異世界生活 第四章 聖域と強欲の魔女"",""cn"":"""",""ty"":""漫画"",""y"":2019,""pop"":3337}]","Typhon is one of the Witches of Sin, being the Witch of Pride. She is said to judge people with the innocence and ruthlessness of a young girl. ~!Typhon's main ability is ""Authority of Pride"".",112,112,0,0,,https://s4.anilist.co/file/anilistcdn/character/large/b137524-6YRTpAShlNMJ.jpg,https://s4.anilist.co/file/anilistcdn/character/medium/b137524-6YRTpAShlNMJ.jpg,,,,https://anilist.co/character/137524,,,
al43383,anilist,2,5,,,志摩柔造,Juuzou Shima,Juu-nii,男,,25,动画|漫画,动画,青の祓魔師 京都不浄王篇,青之驱魔师 京都不净王篇,2017,动画,"[{""t"":""青の祓魔師 京都不浄王篇"",""cn"":""青之驱魔师 京都不净王篇"",""ty"":""动画"",""y"":2017,""pop"":178752},{""t"":""青の祓魔師 島根啓明結社篇"",""cn"":"""",""ty"":""动画"",""y"":2024,""pop"":62482},{""t"":""青の祓魔師"",""cn"":""青之驱魔师"",""ty"":""漫画"",""y"":2009,""pop"":42733},{""t"":""青の祓魔師 雪ノ果篇"",""cn"":"""",""ty"":""动画"",""y"":2024,""pop"":37618},{""t"":""青の祓魔師 終夜篇"",""cn"":"""",""ty"":""动画"",""y"":2025,""pop"":28680},{""t"":""青の祓魔師 京都不浄王篇 OVA"",""cn"":"""",""ty"":""动画"",""y"":2017,""pop"":22613}]","Juuzou is the 2nd son of the Shima family, his younger brothers include Kinzou and Renzou. As the 2nd son, he has more responsibilities than his younger brothers.",36,36,0,0,,https://s4.anilist.co/file/anilistcdn/character/large/b43383-BYanhVdQgXy8.png,https://s4.anilist.co/file/anilistcdn/character/medium/b43383-BYanhVdQgXy8.png,,,,https://anilist.co/character/43383,,,
al177482,anilist,2,5,,,相原あい子,Aiko  Aihara,,女,,,动画,动画,終わりのセラフ　名古屋決戦編,终结的炽天使 名古屋决战篇,2015,动画,,A team leader in the Moon Demon Company.,12,12,0,0,,https://s4.anilist.co/file/anilistcdn/character/large/b177482-gHC87jbIXikz.jpg,https://s4.anilist.co/file/anilistcdn/character/medium/b177482-gHC87jbIXikz.jpg,,,,https://anilist.co/character/177482,,,
al61,anilist,2,6,,妮可·罗宾,ニコロビン,Robin Nico,Akuma no Ko (悪魔の子) / Demon Child / Devil Child / Miss All Sunday,女,S,28-,动画|漫画,动画,ONE PIECE,航海王,1999,动画,"[{""t"":""ONE PIECE"",""cn"":""航海王"",""ty"":""动画"",""y"":1999,""pop"":750384},{""t"":""ONE PIECE"",""cn"":""航海王"",""ty"":""漫画"",""y"":1997,""pop"":232766},{""t"":""ONE PIECE FILM RED"",""cn"":""航海王：红发歌姬"",""ty"":""动画"",""y"":2022,""pop"":78378},{""t"":""ONE PIECE FILM Z"",""cn"":""航海王：Z"",""ty"":""动画"",""y"":2012,""pop"":64412},{""t"":""ONE PIECE STAMPEDE"",""cn"":""航海王：狂热行动"",""ty"":""动画"",""y"":2019,""pop"":62019},{""t"":""ONE PIECE FAN LETTER"",""cn"":"""",""ty"":""动画"",""y"":2024,""pop"":58152}]",妮可·罗宾是草帽一伙第六位伙伴（6人目），职位是考古学家。特征是黑色长发和红黑色相间的虹膜（动画版为蓝黑色），集美貌智慧于一身的美女。原为地下暗杀组织巴洛克华克的副社长兼最高司令官，代号为“Miss All Sunday”，阿拉巴斯坦王国公主娜菲鲁塔利·薇薇充当间谍的期间也是透过她的间接帮助，才得以进入巴洛克华克。阿拉巴斯坦王国篇后段因为不愿透漏古代兵器一事被沙·克洛克达尔杀害，后来自杀不成反被路飞所救，在巴洛克华克解散后加入草帽一伙。,14966,14966,0,180,,https://s4.anilist.co/file/anilistcdn/character/large/b61-ywXUyyocEEqt.png,https://s4.anilist.co/file/anilistcdn/character/medium/b61-ywXUyyocEEqt.png,https://lain.bgm.tv/r/400/pic/crt/l/94/ef/2372_crt_21hk2.jpg,,,https://anilist.co/character/61,https://bgm.tv/character/2372,,2372
al124433,anilist,2,6,,,フィンラル・ルーラケイス,Finral Roulacase,,男,A,21-,动画|漫画,动画,ブラッククローバー,黑色五叶草,2017,动画,"[{""t"":""ブラッククローバー"",""cn"":""黑色五叶草"",""ty"":""动画"",""y"":2017,""pop"":583263},{""t"":""ブラッククローバー"",""cn"":""黑色五叶草"",""ty"":""漫画"",""y"":2015,""pop"":107258},{""t"":""ブラッククローバー 魔法帝の剣"",""cn"":"""",""ty"":""动画"",""y"":2023,""pop"":99687},{""t"":""ブラッククローバー オール魔法騎士感謝祭"",""cn"":"""",""ty"":""动画"",""y"":2018,""pop"":10874},{""t"":""むぎゅっと！ブラッククローバー"",""cn"":"""",""ty"":""动画"",""y"":2019,""pop"":7179},{""t"":""プチット・クローバー アドバンス"",""cn"":"""",""ty"":""动画"",""y"":2018,""pop"":3303}]","173 cm (5'8'') He is a nobleman of House Vaude and a member of Clover Kingdom's Black Bull squad of the Magic Knights. He is from Tota, a village within the Clover Kingdom.",1485,1485,0,0,,https://s4.anilist.co/file/anilistcdn/character/large/b124433-QyoZrgIUsSpd.png,https://s4.anilist.co/file/anilistcdn/character/medium/b124433-QyoZrgIUsSpd.png,,,,https://anilist.co/character/124433,,,
al89136,anilist,2,6,,,チェイン・皇,Chain Sumeragi,,女,,21,动画|漫画,动画,血界戦線,,2015,动画,"[{""t"":""血界戦線"",""cn"":"""",""ty"":""动画"",""y"":2015,""pop"":229826},{""t"":""血界戦線 & BEYOND"",""cn"":"""",""ty"":""动画"",""y"":2017,""pop"":110317},{""t"":""血界戦線 王様のレストランの王様"",""cn"":"""",""ty"":""动画"",""y"":2016,""pop"":14203},{""t"":""血界戦線 & BEYOND OVA"",""cn"":"""",""ty"":""动画"",""y"":2018,""pop"":11668},{""t"":""血界戦線"",""cn"":"""",""ty"":""漫画"",""y"":2009,""pop"":7491},{""t"":""血界戦線 Back 2 Back"",""cn"":"""",""ty"":""漫画"",""y"":2015,""pop"":2368}]","While diligent in the field, she can sometimes come off as cruel or indifferent towards others, such as when she seemingly ignored [Leo](//anilist.co/character/89025/Watch-Leonardo) when he was being mugged, only to win his earning back lat…",824,824,0,0,,https://s4.anilist.co/file/anilistcdn/character/large/b89136-MhZk5Jz6nizx.png,https://s4.anilist.co/file/anilistcdn/character/medium/b89136-MhZk5Jz6nizx.png,,,,https://anilist.co/character/89136,,,
vndb-c60493,vndb,2,6,,,緒方 百南美,Ogata Monami,,女,,,Galgame,Galgame,トリノライン,,2017,Galgame,"[{""t"":""トリノライン"",""cn"":"""",""ty"":""Galgame"",""y"":2017,""pop"":651},{""t"":""トリノライン：ジェネシス"",""cn"":"""",""ty"":""Galgame"",""y"":2018,""pop"":168}]","A medical doctor, and relative of Ogata Honami. Naturally, she is quite happy to give the protagonist and his friends advice on illnesses.",651,0,651,0,,https://t.vndb.org/ch/37/72037.jpg,https://t.vndb.org/ch/37/72037.jpg,,#8b6d70 #b39fa8 #e0cfca #f5ede4 #f8f7f6 #ffffff,Brown Twin Tails Shoulder-length Straight Slim Pale Violet Kid Medical Doctor Lab Coat,,,https://vndb.org/c60493,
al124389,anilist,2,6,,,ミツル,Mitsuru,Code:326,男,,,动画|漫画,动画,ダーリン・イン・ザ・フランキス,DARLING in the FRANXX,2018,动画,"[{""t"":""ダーリン・イン・ザ・フランキス"",""cn"":""DARLING in the FRANXX"",""ty"":""动画"",""y"":2018,""pop"":500181},{""t"":""ダーリン・イン・ザ・フランキス"",""cn"":""DARLING in the FRANXX"",""ty"":""漫画"",""y"":2018,""pop"":21127},{""t"":""だーりん・いん・ざ・ふらんきす！"",""cn"":"""",""ty"":""漫画"",""y"":2018,""pop"":2648}]","Mitsuru pilots the FRANXX Chlorophytum with [Ikuno](//anilist.co/character/124388/Ikuno), and is part off Plantation 13. ~!Later in the anime, he switches partners with [Futoshi](//anilist.co/character/124387/Futoshi), and ends up piloting…",483,483,0,0,,https://s4.anilist.co/file/anilistcdn/character/large/b124389-iJY8frLNdK7Y.jpg,https://s4.anilist.co/file/anilistcdn/character/medium/b124389-iJY8frLNdK7Y.jpg,,,,https://anilist.co/character/124389,,,
al5113,anilist,2,6,,,ミュウツー,Mewtwo,Mewtu,,,,动画,动画,ポケットモンスター ミュウツーの逆襲,,1998,动画,"[{""t"":""ポケットモンスター ミュウツーの逆襲"",""cn"":"""",""ty"":""动画"",""y"":1998,""pop"":62030},{""t"":""ポケットモンスター THE ORIGIN"",""cn"":"""",""ty"":""动画"",""y"":2013,""pop"":54139},{""t"":""ポケットモンスター (2019)"",""cn"":"""",""ty"":""动画"",""y"":2019,""pop"":36645},{""t"":""ポケットモンスター ダイヤモンド＆パール ディアルガVSパルキアVSダークライ"",""cn"":"""",""ty"":""动画"",""y"":2007,""pop"":31579},{""t"":""ポケットモンスター ミュウツー! 我ハココニ在リ"",""cn"":"""",""ty"":""动画"",""y"":2000,""pop"":21204},{""t"":""劇場版 ポケットモンスター ベストウイッシュ 神速のゲノセクト ミュウツー覚醒"",""cn"":"""",""ty"":""动画"",""y"":2013,""pop"":17285}]",Mewtwo is a Pokémon created by science. Mewtwo was created after years of horrific gene splicing and DNA engineering experiments based on Mew.,265,265,0,0,,https://s4.anilist.co/file/anilistcdn/character/large/b5113-hDiwLUwrbz6q.png,https://s4.anilist.co/file/anilistcdn/character/medium/b5113-hDiwLUwrbz6q.png,,,,https://anilist.co/character/5113,,,
vndb-c91708,vndb,2,6,,,瀬名由稀人,Sena Yukito,,男,O,,Galgame,Galgame,Lover Pretend,,2021,Galgame,,A fashion model who is popular among women. The son of a TV producer.,259,0,259,0,,https://t.vndb.org/ch/86/115586.jpg,https://t.vndb.org/ch/86/115586.jpg,,#ad9699 #58535c #d5bec7 #f0e5db #fdf8ef #ffffff,Blond Red Shoulder-length Straight Pale Blue Jacket Flirting Actor Womanizer,,,https://vndb.org/c91708,
al4653,anilist,2,6,,,山崎退,Sagaru Yamazaki,Jimmy / Zaki / Anpanman / Mohi-chan,男,,32,动画,动画,銀魂,银魂,2006,动画,"[{""t"":""銀魂"",""cn"":""银魂"",""ty"":""动画"",""y"":2006,""pop"":296063},{""t"":""銀魂゜"",""cn"":"""",""ty"":""动画"",""y"":2015,""pop"":119621},{""t"":""銀魂’"",""cn"":"""",""ty"":""动画"",""y"":2011,""pop"":110096},{""t"":""銀魂’延長戦"",""cn"":"""",""ty"":""动画"",""y"":2012,""pop"":84431},{""t"":""銀魂. 銀ノ魂篇"",""cn"":"""",""ty"":""动画"",""y"":2018,""pop"":60568},{""t"":""銀魂. 銀ノ魂篇2"",""cn"":"""",""ty"":""动画"",""y"":2018,""pop"":56193}]","Yamazaki is a spy, whose specialty is naturally gathering intelligence. Yamazaki is often caught by Hijikata playing badminton by himself, and he is subsequently beaten.",218,218,0,0,,https://s4.anilist.co/file/anilistcdn/character/large/n4653-HTmFLlAViL0t.jpg,https://s4.anilist.co/file/anilistcdn/character/medium/n4653-HTmFLlAViL0t.jpg,,,,https://anilist.co/character/4653,,,
vndb-c133921,vndb,2,6,,,緒方 穂奈美,Ogata Honami,,女,AB,,Galgame,Galgame,12の月のイヴ,,2014,Galgame,,"A medical doctor, and relative of Ogata Monami. Unlike her appearance, she seems to be a good doctor. She not only consults about illness, but also provides advice to the main characters. Her age is unknown. No one knows her age or past.",189,0,189,0,,https://t.vndb.org/ch/74/157474.jpg,https://t.vndb.org/ch/74/157474.jpg,,#76606d #b3989b #d6c9bf #f1eadf #f6f5f4 #ffffff,Brown Twin Tails Shoulder-length Straight Slim Pale Violet Kid Friendly Medical Doctor,,,https://vndb.org/c133921,
al148543,anilist,2,6,,,アロケル・シュナイダー,Schneider Allocer,Beast King of Knowledge,男,,,动画|漫画,动画,魔入りました！入間くん,入间同学入魔了,2019,动画,"[{""t"":""魔入りました！入間くん"",""cn"":""入间同学入魔了"",""ty"":""动画"",""y"":2019,""pop"":168432},{""t"":""魔入りました！入間くん 第2シリーズ"",""cn"":""入间同学入魔了 第二季"",""ty"":""动画"",""y"":2021,""pop"":106270},{""t"":""魔入りました！入間くん 第3シリーズ"",""cn"":""入间同学入魔了 第三季"",""ty"":""动画"",""y"":2022,""pop"":73866},{""t"":""魔入りました！入間くん 第4シリーズ"",""cn"":""入间同学入魔了 第四季"",""ty"":""动画"",""y"":2026,""pop"":41289},{""t"":""魔入りました！入間くん"",""cn"":""入间同学入魔了"",""ty"":""漫画"",""y"":2017,""pop"":37598},{""t"":""魔入りました！入間くん if Episode of 魔フィア"",""cn"":"""",""ty"":""漫画"",""y"":2023,""pop"":3813}]","Smart Hawk An Aleph rank who is actually very smart despite his goofy looks. He often speaks in proverbs, and apparently knows a large amount of trivia.",48,48,0,0,,https://s4.anilist.co/file/anilistcdn/character/large/b148543-MBnsu5fU1yrN.png,https://s4.anilist.co/file/anilistcdn/character/medium/b148543-MBnsu5fU1yrN.png,,,,https://anilist.co/character/148543,,,
vndb-c764,vndb,2,7,,砂藤莉莉,,Lilly Satou,,女,A,,Galgame,Galgame,Katawa Shoujo,,2009,Galgame,,生まれつき盲目のリリーは優しく、責任感があり、親しみやすい少女である ―― 親友である華子にとっては最高のパートナーだ。 二人の関係は母と娘のそれに近く、暇なときにはよく一緒にお茶を飲んでいる。 クラスでの彼女は勤勉な生徒で、その深い自信は3年2組のクラス代表を務めるのに大いに役立っている。,18528,0,18528,18,,https://t.vndb.org/ch/52/17352.jpg,https://t.vndb.org/ch/52/17352.jpg,https://lain.bgm.tv/r/400/pic/crt/l/1d/30/36243_crt_7k2Ul.jpg,#9c9b89 #b9b0a2 #37322a #d8cebe #5d5e4f #f4f4f3,Blond Ponytail Long Waist Length+ Wavy Teen Slim Pale School Uniform Proactive,,https://bgm.tv/character/36243,https://vndb.org/c764,36243
al89590,anilist,2,7,,,ヴァ二タス,Vanitas,The Vampire of the Blue Moon,男,,18,动画|漫画,动画,ヴァニタスの手記,瓦尼塔斯的手记,2021,动画,"[{""t"":""ヴァニタスの手記"",""cn"":""瓦尼塔斯的手记"",""ty"":""动画"",""y"":2021,""pop"":210158},{""t"":""ヴァニタスの手記 2クール"",""cn"":"""",""ty"":""动画"",""y"":2022,""pop"":102113},{""t"":""ヴァニタスの手記"",""cn"":""瓦尼塔斯的手记"",""ty"":""漫画"",""y"":2015,""pop"":35849}]","Human 176 cm (5'9"") Doctor Noé Archiviste (now), Dante (former) Vanitas is an average human being who inherited his name and the Book of Vanitas from the infamous vampire.",5979,5979,0,0,,https://s4.anilist.co/file/anilistcdn/character/large/b89590-K3RdKR4VnYM4.png,https://s4.anilist.co/file/anilistcdn/character/medium/b89590-K3RdKR4VnYM4.png,,,,https://anilist.co/character/89590,,,
al66967,anilist,2,7,,,井浦秀,Shuu Iura,,男,,17,动画|漫画,动画,ホリミヤ,堀与宫村,2021,动画,"[{""t"":""ホリミヤ"",""cn"":""堀与宫村"",""ty"":""动画"",""y"":2021,""pop"":541084},{""t"":""ホリミヤ -piece-"",""cn"":""堀与宫村 -piece-"",""ty"":""动画"",""y"":2023,""pop"":164326},{""t"":""ホリミヤ"",""cn"":""堀与宫村"",""ty"":""漫画"",""y"":2011,""pop"":122820},{""t"":""堀さんと宮村くん"",""cn"":""堀桑与宫村君"",""ty"":""动画"",""y"":2012,""pop"":43361},{""t"":""堀さんと宮村くん"",""cn"":""堀桑与宫村君"",""ty"":""漫画"",""y"":2008,""pop"":5154}]","**** 172 cm (5'8"") He is a friend of [Izumi Miyamura](//anilist.co/character/66173/Miyamura-Izumi) and pretty much everyone at school. He has his own way of thinking and always seems excited; he is a colleague from another class.",996,996,0,0,,https://s4.anilist.co/file/anilistcdn/character/large/b66967-driczOA04cxe.png,https://s4.anilist.co/file/anilistcdn/character/medium/b66967-driczOA04cxe.png,,,,https://anilist.co/character/66967,,,
al945,anilist,2,7,,,蛭魔妖一,Youichi Hiruma,Commander from Hell / You-nii,男,,,动画|漫画,动画,アイシールド21,,2005,动画,"[{""t"":""アイシールド21"",""cn"":"""",""ty"":""动画"",""y"":2005,""pop"":34136},{""t"":""アイシールド21"",""cn"":"""",""ty"":""漫画"",""y"":2002,""pop"":22604},{""t"":""ジャンプスーパースターズ"",""cn"":"""",""ty"":""漫画"",""y"":2005,""pop"":1540},{""t"":""【アイシールド21 】21st ANNIVERSARY PV"",""cn"":"""",""ty"":""动画"",""y"":2024,""pop"":472}]","Hiruma usually acts in a vulgar, bizarre, threatening manner so as to intimidate or disturb those around him into getting what he wants.",902,902,0,0,,https://s4.anilist.co/file/anilistcdn/character/large/b945-Njwfw2NekBBe.png,https://s4.anilist.co/file/anilistcdn/character/medium/b945-Njwfw2NekBBe.png,,,,https://anilist.co/character/945,,,
al161718,anilist,2,7,,,フレデリカ・ローゼンフォルト,Frederica Rosenfort,,女,,10-11,动画|漫画|轻小说,动画,86－エイティシックス－,,2021,动画,"[{""t"":""86－エイティシックス－"",""cn"":"""",""ty"":""动画"",""y"":2021,""pop"":323703},{""t"":""86－エイティシックス－ 第2クール"",""cn"":"""",""ty"":""动画"",""y"":2021,""pop"":196703},{""t"":""86―エイティシックス―"",""cn"":""86―不存在的战区―"",""ty"":""轻小说"",""y"":2017,""pop"":21990},{""t"":""86―エイティシックス―"",""cn"":""86―不存在的战区―"",""ty"":""漫画"",""y"":2018,""pop"":4634},{""t"":""８６―エイティシックス― オペレーション・ハイスクール"",""cn"":"""",""ty"":""漫画"",""y"":2020,""pop"":2149},{""t"":""86―エイティシックス― -ラン・スルー・ザ・バトルフロント-"",""cn"":"""",""ty"":""漫画"",""y"":2021,""pop"":869}]",130cm A girl Shin and his team met at Ernst's residence after being provided shelter by the Federacy. She is assigned as the Mascot to the Spearhead Squadron. She has an intelligence and a manner of speech well beyond her young age of ten.,828,828,0,0,,https://s4.anilist.co/file/anilistcdn/character/large/b161718-kWIdyUGRk0wj.png,https://s4.anilist.co/file/anilistcdn/character/medium/b161718-kWIdyUGRk0wj.png,,,,https://anilist.co/character/161718,,,
al757,anilist,2,7,,,エアリス・ゲインズブール,Aerith Gainsborough,Aeris,女,,,动画|漫画,动画,ファイナルファンタジーVII アドベントチルドレン,,2005,动画,"[{""t"":""ファイナルファンタジーVII アドベントチルドレン"",""cn"":"""",""ty"":""动画"",""y"":2005,""pop"":29010},{""t"":""ファイナルファンタジーVII アドベント チルドレン コンプリート"",""cn"":"""",""ty"":""动画"",""y"":2009,""pop"":18369},{""t"":""キングダムハーツ"",""cn"":"""",""ty"":""漫画"",""y"":2003,""pop"":4832},{""t"":""キングダムハーツⅡ"",""cn"":"""",""ty"":""漫画"",""y"":2006,""pop"":2811},{""t"":""キングダムハーツチェインオブメモリーズ"",""cn"":"""",""ty"":""漫画"",""y"":2005,""pop"":2669}]","163cm Aerith Gainsborough is a character from the Final Fantasy VII series who is portrayed as kind and gentle, eager to help her friends to the best of her ability. She is also one of Cloud's potential love interests.",617,617,0,0,,https://s4.anilist.co/file/anilistcdn/character/large/b757-XgHQOxpK4L6k.png,https://s4.anilist.co/file/anilistcdn/character/medium/b757-XgHQOxpK4L6k.png,,,,https://anilist.co/character/757,,,
al88173,anilist,2,7,,,界塚伊奈帆,Inaho Kaizuka,Orange / Nao / Kaizuka Junior / Mustang-22,男,,15-17,动画|漫画,动画,アルドノア・ゼロ,,2014,动画,"[{""t"":""アルドノア・ゼロ"",""cn"":"""",""ty"":""动画"",""y"":2014,""pop"":103853},{""t"":""アルドノア・ゼロ 第2クール"",""cn"":"""",""ty"":""动画"",""y"":2015,""pop"":63817},{""t"":""アルドノア・ゼロ 雨の断章 -The Penultimate Truth-"",""cn"":"""",""ty"":""动画"",""y"":2025,""pop"":4633},{""t"":""アルドノア・ゼロ（Re+）"",""cn"":"""",""ty"":""动画"",""y"":2025,""pop"":3640},{""t"":""ALDNOAH.ZERO アルドノア・ゼロ"",""cn"":"""",""ty"":""漫画"",""y"":2014,""pop"":873},{""t"":""ALDNOAH.ZERO 2nd Season アルドノア・ゼロ"",""cn"":"""",""ty"":""漫画"",""y"":2015,""pop"":360}]",164 cm Inaho is a young boy of average height and short tousled black hair. His eyes hold a burgundy color and he has a blank gaze.,436,436,0,0,,https://s4.anilist.co/file/anilistcdn/character/large/88173-9ahmvKutxcVO.jpg,https://s4.anilist.co/file/anilistcdn/character/medium/88173-9ahmvKutxcVO.jpg,,,,https://anilist.co/character/88173,,,
vndb-c18589,vndb,2,7,,,宮森 さくら,Miyamori Sakura,,女,O,,Galgame,Galgame,ちぇ～んじ!　～あの娘になってクンクンペロペロ～,,2014,Galgame,,,394,0,394,0,,https://t.vndb.org/ch/82/23282.jpg,https://t.vndb.org/ch/82/23282.jpg,,#58646a #d2caba #a2a296 #e7e4db #f9f7ee #ffffff,Waist Length+ Straight Slim Pale Doggy Style Cowgirl Standing Sex Blowjob Virgin Sex Young-adult,,,https://vndb.org/c18589,
al124311,anilist,2,7,,,オウニ,Ouni,,男,,16,动画|漫画,动画,クジラの子らは砂上に歌う,,2017,动画,"[{""t"":""クジラの子らは砂上に歌う"",""cn"":"""",""ty"":""动画"",""y"":2017,""pop"":72136},{""t"":""クジラの子らは砂上に歌う"",""cn"":"""",""ty"":""漫画"",""y"":2013,""pop"":10473},{""t"":""クジラの子らは砂上に学ぶ!"",""cn"":"""",""ty"":""动画"",""y"":2018,""pop"":3962}]","The leader of the ""Body Moles,"" a group of troublemakers who constantly break the rules. His skill at wielding thymia is the best out of everyone on the Mud Whale. He has a strong desire to see a world beyond the Mud Whale.",359,359,0,0,,https://s4.anilist.co/file/anilistcdn/character/large/b124311-IoYfnitf6Ckv.png,https://s4.anilist.co/file/anilistcdn/character/medium/b124311-IoYfnitf6Ckv.png,,,,https://anilist.co/character/124311,,,
vndb-c63572,vndb,2,7,,,ナギ,Nagi,,男,B,,Galgame,Galgame,EPHEMERAL -エフェメラル-,,2016,Galgame,,"Invisible Man Good at studying and kind to everyone. In contrast to his cute appearance, he is pretty honest and has self control. But sometimes, he will reveal a gloomy look at a glance. ""Can I......",309,0,309,0,,https://t.vndb.org/ch/10/107410.jpg,https://t.vndb.org/ch/10/107410.jpg,,#977e77 #33292e #cbb7ae #e7dfd8 #f7f3ef #fffffe,Short Teen School Uniform Grey Boku Monster Kind Self-sacrifice Grey Ribbon Tie,,,https://vndb.org/c63572,
vndb-c35444,vndb,2,7,,,橋本 えみ,Hashimoto Emi,,女,,,Galgame,Galgame,通心ぼ ～ママにもナイショの時間割～,,2015,Galgame,"[{""t"":""通心ぼ ～ママにもナイショの時間割～"",""cn"":"""",""ty"":""Galgame"",""y"":2015,""pop"":221},{""t"":""通心ぼ アナザーストーリーディスク ～一人でできるもん！、ヒミツの予習～"",""cn"":"""",""ty"":""Galgame"",""y"":2015,""pop"":21}]","Games, Pool, Cute Things Homework, Insects, Cucumber",221,0,221,0,,https://t.vndb.org/ch/98/42798.jpg,https://t.vndb.org/ch/98/42798.jpg,,#d3919c #6c5055 #dec2c1 #f2e5df #f9f5f1 #ffffff,Brown Twin Tails Shoulder-length Slim Pale Cowgirl Spoons Blowjob Virgin Sex Violet,,,https://vndb.org/c35444,
al192617,anilist,2,7,,,ポルト,Polt,,女,,,动画,动画,モンスター娘のいる日常,,2015,动画,"[{""t"":""モンスター娘のいる日常"",""cn"":"""",""ty"":""动画"",""y"":2015,""pop"":170923},{""t"":""モンスター娘のいる日常SP"",""cn"":"""",""ty"":""动画"",""y"":2016,""pop"":30063}]","Kobold (in a wolf-like form) Polt is the owner and coordinator of the extra-species health spa, Sports Club Kobold and the Kobold Stadium.",46,46,0,0,,https://s4.anilist.co/file/anilistcdn/character/large/b192617-ic9BNWs7AeEn.png,https://s4.anilist.co/file/anilistcdn/character/medium/b192617-ic9BNWs7AeEn.png,,,,https://anilist.co/character/192617,,,
al311264,anilist,2,7,,,五十嵐 ハクア,Hakua Igarashi,,女,,,动画|漫画,动画,怪獣８号,,2024,动画,"[{""t"":""怪獣８号"",""cn"":"""",""ty"":""动画"",""y"":2024,""pop"":282435},{""t"":""怪獣８号"",""cn"":"""",""ty"":""漫画"",""y"":2020,""pop"":106282},{""t"":""怪獣8号 第1期総集編"",""cn"":""怪兽8号 第一季总集篇"",""ty"":""动画"",""y"":2025,""pop"":26176},{""t"":""怪獣8号 保科の休日"",""cn"":""怪兽8号 保科的假期"",""ty"":""动画"",""y"":2025,""pop"":23513},{""t"":""怪獣８号特別編「保科の休日」"",""cn"":"""",""ty"":""漫画"",""y"":2025,""pop"":896}]",Hakua Igarashi is a Defense Force officer in the Third Division.,4,4,0,0,,https://s4.anilist.co/file/anilistcdn/character/large/b311264-uQBs9uPGDvab.jpg,https://s4.anilist.co/file/anilistcdn/character/medium/b311264-uQBs9uPGDvab.jpg,,,,https://anilist.co/character/311264,,,
al130050,anilist,2,8,,富冈义勇,冨岡義勇,Giyuu Tomioka,Water Hashira / Water Pillar / Half-and-half Haori,男,,19-21,动画|漫画,动画,鬼滅の刃,鬼灭之刃,2019,动画,"[{""t"":""鬼滅の刃"",""cn"":""鬼灭之刃"",""ty"":""动画"",""y"":2019,""pop"":993748},{""t"":""鬼滅の刃 無限列車編"",""cn"":""鬼灭之刃 无限列车篇"",""ty"":""动画"",""y"":2020,""pop"":508224},{""t"":""鬼滅の刃 遊郭編"",""cn"":""鬼灭之刃 游郭篇"",""ty"":""动画"",""y"":2021,""pop"":483878},{""t"":""鬼滅の刃 無限列車編 (TV)"",""cn"":"""",""ty"":""动画"",""y"":2021,""pop"":360836},{""t"":""鬼滅の刃 柱稽古編"",""cn"":""鬼灭之刃 柱训练篇"",""ty"":""动画"",""y"":2024,""pop"":276674},{""t"":""鬼滅の刃"",""cn"":""鬼灭之刃"",""ty"":""漫画"",""y"":2016,""pop"":210045}]",水柱。 冷冽的剑士，鳞泷的弟子，炭治郎的师兄。初登场19岁，现年21岁。 为讨伐变成鬼的祢豆子而出现在炭治郎面前，严厉教训了炭治郎的天真想法并激起他的战斗意志。 认可兄妹二人的特别之处，放弃杀祢豆子、并把炭治郎引荐到鳞泷的门下。那田蜘蛛山任务中违反队律庇护兄妹二人，与师傅鳞泷一起向当主以性命担保祢豆子不会伤害人类。不苟言笑但相当有人情味。 因不善言辞，被蝴蝶指出被柱们所讨厌，但本人并没有自觉而否认。,13904,13904,0,108,,https://s4.anilist.co/file/anilistcdn/character/large/b130050-qsLThJs5VIbz.png,https://s4.anilist.co/file/anilistcdn/character/medium/b130050-qsLThJs5VIbz.png,https://lain.bgm.tv/r/400/pic/crt/l/99/b6/57309_crt_8Tehz.jpg?r=1569685012,,,https://anilist.co/character/130050,https://bgm.tv/character/57309,,57309
vndb-c17597,vndb,2,8,,淳平,淳平,Junpei,Jumpy,男,,,Galgame,Galgame,極限脱出 9時間9人9の扉,极限脱出 9小时9人9扇门,2009,Galgame,,このゲームの主人公。ごく一般的な大学生。21歳。バングルナンバーは「5」。コードネームの話が出る前に茜に名前を呼ばれてしまったので、淳平だけコードネームがない。,9073,0,9073,15,,https://t.vndb.org/ch/87/71687.jpg,https://t.vndb.org/ch/87/71687.jpg,https://lain.bgm.tv/r/400/pic/crt/l/4c/a4/13033_crt_8E25u.jpg,#15a3d9 #b21e26 #a18a7a #342b27 #e7d5c4 #56524d,Brown Short Brown Pale Proactive Hotblooded Young-adult Shirt Vest Shorts,,https://bgm.tv/character/13033,https://vndb.org/c17597,13033
al195116,anilist,2,8,,SNOW／驰河兰加,馳河ランガ,Langa Hasegawa,Ranga / Snow (スノー),男,,"17 (anime), 18 (officially)",动画|漫画,动画,SK∞ エスケーエイト,无限滑板,2021,动画,"[{""t"":""SK∞ エスケーエイト"",""cn"":""无限滑板"",""ty"":""动画"",""y"":2021,""pop"":235285},{""t"":""SK∞ エスケーエイト EXTRA PART"",""cn"":"""",""ty"":""动画"",""y"":2025,""pop"":24217},{""t"":""SK∞ エスケーエイト 第2期"",""cn"":"""",""ty"":""动画"",""y"":"""",""pop"":17656},{""t"":""SK∞ エスケーエイト"",""cn"":""无限滑板"",""ty"":""漫画"",""y"":2021,""pop"":5837},{""t"":""SK∞ エスケーエイト チルアウト！"",""cn"":"""",""ty"":""漫画"",""y"":2021,""pop"":1598}]",从加拿大转学过来的海归，常在走神，高二。 时而会出现性格顽固的一面。,5658,5658,0,27,,https://s4.anilist.co/file/anilistcdn/character/large/b195116-C2Y5jRPiTSng.png,https://s4.anilist.co/file/anilistcdn/character/medium/b195116-C2Y5jRPiTSng.png,https://lain.bgm.tv/r/400/pic/crt/l/e5/54/87960_crt_RzwzP.jpg?r=1614484154,,,https://anilist.co/character/195116,https://bgm.tv/character/87960,,87960
vndb-c47554,vndb,2,8,,橘结人,橘 結人,Tachibana Yuuto,,男,,,Galgame,Galgame,CHAOS;CHILD,混沌子,2014,Galgame,"[{""t"":""CHAOS;CHILD"",""cn"":""混沌子"",""ty"":""Galgame"",""y"":2014,""pop"":5122},{""t"":""カオスチャイルド らぶchu☆chu!!"",""cn"":"""",""ty"":""Galgame"",""y"":2017,""pop"":133}]",小学六年级学生。 涩谷地震后，与乃乃、拓留同样被收容入青叶寮的男孩子，是结衣的亲弟弟。,5122,0,5122,3,,https://t.vndb.org/ch/80/206580.jpg,https://t.vndb.org/ch/80/206580.jpg,https://lain.bgm.tv/r/400/pic/crt/l/93/0a/45845_crt_TcfTR.jpg?r=1476827206,#7f95b6 #a2bad3 #4b4b53 #f2e3d4 #ffffff,Brown Short Cross-dressing Brown Slim Pale Orphan Disaster Kid Dress,,https://bgm.tv/character/45845,https://vndb.org/c47554,45845
vndb-c28259,vndb,2,8,,,キリエ,Kyrie,,男,,,Galgame,Galgame,OZMAFIA!!,,2013,Galgame,"[{""t"":""OZMAFIA!!"",""cn"":"""",""ty"":""Galgame"",""y"":2013,""pop"":830},{""t"":""OZMAFIA!! -RefleXion-"",""cn"":"""",""ty"":""Galgame"",""y"":"""",""pop"":3}]",The Sly Scarecrow The consigliere of famiglia Oz. Don't let his gentle demeanor fool you; he's a calculating man with a heart black as soot. He is universally recognized as a sadist.,830,0,830,0,,https://t.vndb.org/ch/05/34305.jpg,https://t.vndb.org/ch/05/34305.jpg,,#49365b #8a6886 #c2b0ac #e8d6cf #f5f0ea #ffffff,Black Short Straight Green Slim Pale Dress Shoes Swordsmanship Fighting Blue,,,https://vndb.org/c28259,
vndb-c89450,vndb,2,8,,,アラン・メルヴィル,Allan Melville,Stolen Parasite / Thieving Parasite,男,,,Galgame,Galgame,キューピット・パラサイト,,2020,Galgame,"[{""t"":""キューピット・パラサイト"",""cn"":"""",""ty"":""Galgame"",""y"":2020,""pop"":728},{""t"":""キューピット・パラサイト -Sweet & Spicy Darling.-"",""cn"":"""",""ty"":""Galgame"",""y"":2023,""pop"":167}]","A technician who works at a luxury pillow shop on 9th Ave called ""Luxury Pillow"". It's a Custom made pillows tailored for customers demand and well-known with celebrity women looking for a good night’s sleep.",728,0,728,0,,https://t.vndb.org/ch/88/107988.jpg,https://t.vndb.org/ch/88/107988.jpg,,#9d3cb2 #362f59 #f7eddd #d1bcbb #fffffe,Violet Short Cooking Red Young-adult Earrings Glasses Vest Dagger Deredere,,,https://vndb.org/c89450,
vndb-c88526,vndb,2,8,,,,Hyde,,男,,,Galgame,Galgame,Coffee Talk,,2018,Galgame,,"Hyde is a vampire with experiences ranging from stock trading to investment to modelling. He is good friends with Gala, something that's not really common between a werewolf and a vampire.",537,0,537,0,,https://t.vndb.org/ch/84/113584.jpg,https://t.vndb.org/ch/84/113584.jpg,,#743f58 #402949 #9293a3 #241829 #060407 #efe1ec,Black Short Slim Pale Black Young-adult Coat Divorcee Friend Mobile Phone,,,https://vndb.org/c88526,
vndb-c6570,vndb,2,8,,,宮森 彩乃,Miyamori Ayano,,女,,,Galgame,Galgame,プライベートナース,,2001,Galgame,,"Hiroki's childhood friend. They have lived next to each other forever and she is the only one who understands him. She's an intelligent, athletic girl who treats Hiroki as a person, not a sick boy.",530,0,530,0,,https://t.vndb.org/ch/45/184245.jpg,https://t.vndb.org/ch/45/184245.jpg,,#a78782 #554146 #cdb5ae #f5e3d6 #ffffff,Brown Short Brown Teen Slim Pale School Uniform Missionary Doggy Style Blowjob,,,https://vndb.org/c6570,
vndb-c21846,vndb,2,8,,,愛,Ai,,女,,,Galgame,Galgame,あまたらすリドルスター,,2013,Galgame,,"The first time Takaya met Ai was when she suddenly came to his house and claimed to be the shooting star that fell to their school. Ai has the “onee-chan” personality, one that is very caring for someone younger; usually a younger brother.",486,0,486,0,1,https://t.vndb.org/ch/91/27091.jpg,https://t.vndb.org/ch/91/27091.jpg,,#5f93be #3f5568 #b9bccd #f5f4ef #e3e1e2 #ffffff,Blue Shoulder-length Straight Kemonomimi Teen Slim Pale School Uniform Doggy Style Cowgirl,,,https://vndb.org/c21846,
al7571,anilist,2,8,,,猿飛ヒルゼン,Hiruzen Sarutobi,Third / Sandaime / Hokage / The Professor,男,,68-69,动画|漫画,动画,NARUTO -ナルト-,火影忍者,2002,动画,"[{""t"":""NARUTO -ナルト-"",""cn"":""火影忍者"",""ty"":""动画"",""y"":2002,""pop"":725301},{""t"":""NARUTO -ナルト- 疾風伝"",""cn"":""火影忍者疾风传"",""ty"":""动画"",""y"":2007,""pop"":610025},{""t"":""BORUTO-ボルト- NARUTO NEXT GENERATIONS"",""cn"":""博人传-火影次世代-"",""ty"":""动画"",""y"":2017,""pop"":225171},{""t"":""NARUTO -ナルト-"",""cn"":""火影忍者"",""ty"":""漫画"",""y"":1999,""pop"":99205},{""t"":""劇場版 NARUTO -ナルト- 疾風伝 ザ・ロストタワー"",""cn"":""火影忍者疾风传 剧场版 失落之塔"",""ty"":""动画"",""y"":2010,""pop"":55506},{""t"":""劇場版 NARUTO -ナルト- 疾風伝 火の意志を継ぐ者"",""cn"":""火影忍者疾风传 剧场版 火之意志的继承者"",""ty"":""动画"",""y"":2009,""pop"":48348}]","The Third Hokage is a former student of the First Hokage and Second Hokage. Because of his surname, Sarutobi, the First and Second called him ""Saru"". He is the father of Asuma Sarutobi and the grandfather of Konohamaru.",355,355,0,0,,https://s4.anilist.co/file/anilistcdn/character/large/n7571-fKldLuBWUtCO.png,https://s4.anilist.co/file/anilistcdn/character/medium/n7571-fKldLuBWUtCO.png,,,,https://anilist.co/character/7571,,,
al1009,anilist,2,8,,,デ・ジ・キャラット,Di Gi Charat,Dejiko (でじこ) / Chocola,女,,10,动画,动画,魁!!クロマティ高校,,2003,动画,"[{""t"":""魁!!クロマティ高校"",""cn"":"""",""ty"":""动画"",""y"":2003,""pop"":37348},{""t"":""16bitセンセーション ANOTHER LAYER"",""cn"":"""",""ty"":""动画"",""y"":2023,""pop"":26450},{""t"":""Di Gi Charat"",""cn"":"""",""ty"":""动画"",""y"":1999,""pop"":10080},{""t"":""ギャラクシーエンジェル"",""cn"":"""",""ty"":""动画"",""y"":2001,""pop"":8365},{""t"":""令和のデ・ジ・キャラット"",""cn"":"""",""ty"":""动画"",""y"":2022,""pop"":2456},{""t"":""ウィンターガーデン"",""cn"":"""",""ty"":""动画"",""y"":2006,""pop"":2388}]","Dejiko is the main character of Di Gi Charat. She is also known as Chocola but despite this alternate name implying she likes chocolate, she prefers broccoli. Dejiko has a Type A personality and can be aggressive at times.",283,283,0,0,,https://s4.anilist.co/file/anilistcdn/character/large/b1009-nlQzLvIggy0F.jpg,https://s4.anilist.co/file/anilistcdn/character/medium/b1009-nlQzLvIggy0F.jpg,,,,https://anilist.co/character/1009,,,
al4722,anilist,2,8,,,如月ハニー,Honey Kisaragi,Cutey Honey (キューティー ハニー) / Cutie Honey / Cherry Miel,女,,16,动画|漫画,动画,Re:キューティーハニー,,2004,动画,"[{""t"":""Re:キューティーハニー"",""cn"":"""",""ty"":""动画"",""y"":2004,""pop"":13857},{""t"":""キューティーハニー"",""cn"":"""",""ty"":""动画"",""y"":1973,""pop"":7880},{""t"":""Cutie Honey Universe"",""cn"":"""",""ty"":""动画"",""y"":2018,""pop"":7384},{""t"":""新・キューティーハニー"",""cn"":"""",""ty"":""动画"",""y"":1994,""pop"":4959},{""t"":""キューティーハニーＦ"",""cn"":"""",""ty"":""动画"",""y"":1997,""pop"":4062},{""t"":""キューティーハニー"",""cn"":"""",""ty"":""漫画"",""y"":1973,""pop"":3028}]","Honey Kisaragi is a regular Catholic schoolgirl, until the day her father is murdered by the ""Panther Claw"" Organization. After his death, she learns she is actually an android created by him and within her is the Fixed System of Air Elemen…",282,282,0,0,,https://s4.anilist.co/file/anilistcdn/character/large/b4722-sFrAtaXyndpK.png,https://s4.anilist.co/file/anilistcdn/character/medium/b4722-sFrAtaXyndpK.png,,,,https://anilist.co/character/4722,,,
al191858,anilist,2,8,,,杜乃こりす,Korisu Morino,Nero Alice (ネロアリス) / Korisun (こりすん),女,,9,动画|漫画,动画,魔法少女にあこがれて,,2024,动画,"[{""t"":""魔法少女にあこがれて"",""cn"":"""",""ty"":""动画"",""y"":2024,""pop"":78103},{""t"":""魔法少女にあこがれて"",""cn"":"""",""ty"":""漫画"",""y"":2019,""pop"":17546}]","128 cm Korisu is a quiet and reserved girl, and the youngest member of Enormeeta. She has a large collection of old toys that are precious to her. Her theme is Alice in Wonderland.",256,256,0,0,,https://s4.anilist.co/file/anilistcdn/character/large/b191858-VcAmTDFM9lQH.png,https://s4.anilist.co/file/anilistcdn/character/medium/b191858-VcAmTDFM9lQH.png,,,,https://anilist.co/character/191858,,,
vndb-c128244,vndb,2,8,,,梨本拓矢,Nashimoto Takuya,,男,,,Galgame,Galgame,Starry☆Sky ~in Autumn~,,2009,Galgame,"[{""t"":""Starry☆Sky ~in Autumn~"",""cn"":"""",""ty"":""Galgame"",""y"":2009,""pop"":189},{""t"":""Starry☆Sky ~After Autumn~"",""cn"":"""",""ty"":""Galgame"",""y"":2011,""pop"":56}]",,189,0,189,0,,https://t.vndb.org/ch/98/150998.jpg,https://t.vndb.org/ch/98/150998.jpg,,#e1bb8f #2f3038 #877e7a #ebe1cf #fdf7f5,Student,,,https://vndb.org/c128244,
vndb-c47519,vndb,2,8,,,八代 萌,Yashiro Moe,,女,,,Galgame,Galgame,闇の声,,2001,Galgame,"[{""t"":""闇の声"",""cn"":"""",""ty"":""Galgame"",""y"":2001,""pop"":184},{""t"":""闇の声異聞録"",""cn"":"""",""ty"":""Galgame"",""y"":2005,""pop"":33}]",,184,0,184,0,,https://t.vndb.org/ch/38/57038.jpg,https://t.vndb.org/ch/38/57038.jpg,,#4b5754 #909a9f #c2c4c9 #e8e4e2 #f8f6f4 #ffffff,Waist Length+ Wavy Green Teen Slim Pale Missionary Doggy Style Green Glasses,,,https://vndb.org/c47519,
al308030,anilist,2,8,,,斑鳩亮,Ryou Ikaruga,Platoon Leader Ikaruga,男,,,动画|漫画,动画,怪獣８号,,2024,动画,"[{""t"":""怪獣８号"",""cn"":"""",""ty"":""动画"",""y"":2024,""pop"":282435},{""t"":""怪獣８号"",""cn"":"""",""ty"":""漫画"",""y"":2020,""pop"":106282},{""t"":""怪獣8号 第1期総集編"",""cn"":""怪兽8号 第一季总集篇"",""ty"":""动画"",""y"":2025,""pop"":26176}]",187 cm Third Division Platoon Leader Ryou seems to have a rivarly with [Tachibana](//anilist.co/character/305762/Tachibana),1,1,0,0,,https://s4.anilist.co/file/anilistcdn/character/large/b308030-dsdiqSzhJjy2.png,https://s4.anilist.co/file/anilistcdn/character/medium/b308030-dsdiqSzhJjy2.png,,,,https://anilist.co/character/308030,,,
vndb-c68279,vndb,2,9,,三谷良一,三谷 良一,Mitani Ryouichi,ミリョッチ / Miryocchi,男,,,Galgame,Galgame,Summer Pockets,夏日口袋,2018,Galgame,,服・即・脱の男 身長：175cm 体重：65kg 趣味：脱衣 原画：Na-Ga 好物：メロンバー CV：熊谷健太郎 鳥白島の住人で羽依里とは同学年。幼い頃は気弱な性格であったが、とある事件をきっかけに現在のような明るくノリの良い性格へと成長した。すぐ服を脱ぎたるのだが実は敏肌で塩水に弱い。島の治安を守るのみきからその都度狙撃されている。,4738,0,4738,21,,https://t.vndb.org/ch/64/82264.jpg,https://t.vndb.org/ch/64/82264.jpg,https://lain.bgm.tv/r/400/pic/crt/l/7b/c4/61415_crt_Y84HT.jpg?r=1726401075,#ecb76c #80544b #6b98b0 #e2d2c8 #ffffff,Brown Ponytail Long Straight Teen Violet Muscular Shorts Half-naked Ore,,https://bgm.tv/character/61415,https://vndb.org/c68279,61415
vndb-c71530,vndb,2,9,,橘麻沙音,橘 麻沙音,Tachibana Asane,Asa-chan,女,A,,Galgame,Galgame,抜きゲーみたいな島に住んでる貧乳はどうすりゃいいですか？,,2018,Galgame,"[{""t"":""抜きゲーみたいな島に住んでる貧乳はどうすりゃいいですか？"",""cn"":"""",""ty"":""Galgame"",""y"":2018,""pop"":3074},{""t"":""抜きゲーみたいな島に住んでる貧乳はどうすりゃいいですか？ 2"",""cn"":"""",""ty"":""Galgame"",""y"":2019,""pop"":1604}]",主人公の妹であり、一番の理解者。 男には興味がないが兄と女の子は大好きで、特に年上とビッチには目がない。 引きこもりなのに獣めいたところがあり、ビッチを見るとすぐに理性を失ってしまう。 「妹の人生最大の願望は、兄と兄の彼女と3Pすることだから……」,3074,0,3074,271,,https://t.vndb.org/ch/09/86509.jpg,https://t.vndb.org/ch/09/86509.jpg,https://lain.bgm.tv/r/400/pic/crt/l/1b/60/63864_crt_2NycY.jpg?r=1751811388,#6c4641 #d2aea5 #e9d8ce #e8e9ef #f8f7f8,Brown Ponytail Shoulder-length Straight Teen Slim Pale Orphan Doggy Style Blowjob,,https://bgm.tv/character/63864,https://vndb.org/c71530,63864
vndb-c69685,vndb,2,9,,杰莲,ジェレン,Ceren,,女,,,Galgame,Galgame,ファタモルガーナの館 -Another Episodes-,海市蜃楼之馆 -A Requiem for Innocence-,2015,Galgame,,娼館で働く娼婦の一人。褐色肌の明るい十六歳の少女。 重い過去を背負っているが悲壮感は感じさせない。ムードメーカーであり、他人に気配りも出来る。 独特な一人称と口調をしているが、過去に出会った人物に影響を受けている。,2656,0,2656,5,,https://t.vndb.org/ch/36/84036.jpg,https://t.vndb.org/ch/36/84036.jpg,https://lain.bgm.tv/r/400/pic/crt/l/3c/65/86788_crt_66E7o.jpg?r=1604468727,#4d493d #ccb79c #818977 #d5d9c8 #eceee8 #ffffff,Brown Teen Villain Orphan Green Dark Necklace Skirt Airhead Friendly,,https://bgm.tv/character/86788,https://vndb.org/c69685,86788
al18823,anilist,2,9,,,月詠,Tsukuyo,Tsukki / The Moon of Yoshiwara / Courtesan of Death,女,,,动画,动画,銀魂,银魂,2006,动画,"[{""t"":""銀魂"",""cn"":""银魂"",""ty"":""动画"",""y"":2006,""pop"":296063},{""t"":""銀魂゜"",""cn"":"""",""ty"":""动画"",""y"":2015,""pop"":119621},{""t"":""銀魂’"",""cn"":"""",""ty"":""动画"",""y"":2011,""pop"":110096},{""t"":""銀魂’延長戦"",""cn"":"""",""ty"":""动画"",""y"":2012,""pop"":84431},{""t"":""銀魂. 銀ノ魂篇"",""cn"":"""",""ty"":""动画"",""y"":2018,""pop"":60568},{""t"":""銀魂. 銀ノ魂篇2"",""cn"":"""",""ty"":""动画"",""y"":2018,""pop"":56193}]","Tsukuyo is a blonde-haired woman with a scar over her forehead and left cheek. One of the better known Hundred Blooms of Yoshiwara, a law enforcement squad of Yoshiwara that consists of all females, deployed by the Night King Hosen.",1985,1985,0,0,,https://s4.anilist.co/file/anilistcdn/character/large/b18823-EHKT9u7r91s0.png,https://s4.anilist.co/file/anilistcdn/character/medium/b18823-EHKT9u7r91s0.png,,,,https://anilist.co/character/18823,,,
al7453,anilist,2,9,,,バーソロミュー・くま,Kuma Bartholomew,PX-0 / Tyrant,男,X,45,动画|漫画,动画,ONE PIECE,航海王,1999,动画,"[{""t"":""ONE PIECE"",""cn"":""航海王"",""ty"":""动画"",""y"":1999,""pop"":750384},{""t"":""ONE PIECE"",""cn"":""航海王"",""ty"":""漫画"",""y"":1997,""pop"":232766},{""t"":""ONE PIECE FAN LETTER"",""cn"":"""",""ty"":""动画"",""y"":2024,""pop"":58152},{""t"":""ONE PIECE “3D2Y” エースの死を越えて! ルフィ仲間との誓い"",""cn"":"""",""ty"":""动画"",""y"":2014,""pop"":23907},{""t"":""HUNGRY DAYS　アオハルかよ。"",""cn"":"""",""ty"":""动画"",""y"":2017,""pop"":3093},{""t"":""ONE PIECE×可哀想に！～この帽子を お前に預ける～"",""cn"":"""",""ty"":""动画"",""y"":2024,""pop"":772}]","689 cm (22'7"") Seven Warlords of the Sea ~!Slavery (former); Revolutionary Army (former); Sorbet Kingdom (former)!~ Nikyu Nikyu no Mi (Paw-Paw Fruit) Paramecia ~!296,000,000!~ A formerly brutal pirate with a former bounty of 296 million ber…",1623,1623,0,0,,https://s4.anilist.co/file/anilistcdn/character/large/b7453-c3MArieFBs9w.png,https://s4.anilist.co/file/anilistcdn/character/medium/b7453-c3MArieFBs9w.png,,,,https://anilist.co/character/7453,,,
vndb-c20322,vndb,2,9,,,エイブラハム・ヴァン・ヘルシング,Abraham Van Helsing,Van,男,O,,Galgame,Galgame,Code:Realize ～創世の姫君～,,2014,Galgame,"[{""t"":""Code:Realize ～創世の姫君～"",""cn"":"""",""ty"":""Galgame"",""y"":2014,""pop"":1243},{""t"":""Code:Realize ~祝福の未来~"",""cn"":"""",""ty"":""Galgame"",""y"":2016,""pop"":446},{""t"":""Code:Realize ～白銀の奇跡～"",""cn"":"""",""ty"":""Galgame"",""y"":2017,""pop"":272}]","""I'm looking for someone. Why, you ask? So I can kill him, of course."" A vampire hunter renowned for his ability to overcome even the strongest and most evil vampires.",1243,0,1243,0,,https://t.vndb.org/ch/69/46169.jpg,https://t.vndb.org/ch/69/46169.jpg,,#8d6c50 #433833 #bfa387 #dfd2c8 #ffffff,Blond Orphan Cooking Fighting Blue Red Young-adult Suit Earrings Glasses,,,https://vndb.org/c20322,
al136446,anilist,2,9,5678,,カセキ,Kaseki,,男,AB,60-,动画,动画,Dr.STONE,石纪元,2019,动画,"[{""t"":""Dr.STONE"",""cn"":""石纪元"",""ty"":""动画"",""y"":2019,""pop"":554680},{""t"":""Dr.STONE STONE WARS"",""cn"":""石纪元 石之战争"",""ty"":""动画"",""y"":2021,""pop"":335280},{""t"":""Dr.STONE NEW WORLD"",""cn"":""石纪元 新世界"",""ty"":""动画"",""y"":2023,""pop"":201922},{""t"":""Dr.STONE NEW WORLD 第2クール"",""cn"":""石纪元 新世界 第2部分"",""ty"":""动画"",""y"":2023,""pop"":138943},{""t"":""Dr.STONE 龍水"",""cn"":""石纪元 龙水"",""ty"":""动画"",""y"":2022,""pop"":123272},{""t"":""Dr.STONE SCIENCE FUTURE"",""cn"":""石纪元 科学与未来"",""ty"":""动画"",""y"":2025,""pop"":115924}]","155 cm (5'1"") Kaseki is an elderly craftsman from the Ishigami Village. When Senku arrives at Ishigami village, Kaseki is introduced as an artisan, and through Senku, his dedication to his craft is reignited tenfold.",1048,1048,0,0,,https://s4.anilist.co/file/anilistcdn/character/large/b136446-gpvtw5cb2I3Q.jpg,https://s4.anilist.co/file/anilistcdn/character/medium/b136446-gpvtw5cb2I3Q.jpg,,,,https://anilist.co/character/136446,,,
vndb-c64341,vndb,2,9,,,羽島 なゆた,Hashima Nayuta,,女,A,,Galgame,Galgame,ももいろクローゼット,,2018,Galgame,,"Famous cosplayer-turned-mom. Reiji's mother. Nayuta used to be a famous cosplay model, but withdrew from the scene after meeting her husband.",767,0,767,0,,https://t.vndb.org/ch/02/77402.jpg,https://t.vndb.org/ch/02/77402.jpg,,#443733 #907e77 #d3bfb7 #f6e6d3 #f0efee #ffffff,Brown Long Slim Pale Trousers Amber Young-adult Wife Mother Full Sister,,,https://vndb.org/c64341,
vndb-c24604,vndb,2,9,,,宇奈月 雫里,Unazuki Shizuri,,女,O,,Galgame,Galgame,ゆきこいめると,,2015,Galgame,,Bathing,722,0,722,0,,https://t.vndb.org/ch/22/30222.jpg,https://t.vndb.org/ch/22/30222.jpg,,#701940 #af6e72 #dca79d #e7ccd2 #f5eded #ffffff,Brown Waist Length+ Straight Teen Slim Pale Cooking Doggy Style Blowjob Virgin Sex,,,https://vndb.org/c24604,
vndb-c3637,vndb,2,9,,,藤村 奈月,Fujimura Natsuki,,女,A,,Galgame,Galgame,your diary,,2011,Galgame,"[{""t"":""your diary"",""cn"":"""",""ty"":""Galgame"",""y"":2011,""pop"":567},{""t"":""your diary"",""cn"":"""",""ty"":""Galgame"",""y"":2011,""pop"":567},{""t"":""your diary"",""cn"":"""",""ty"":""Galgame"",""y"":2011,""pop"":567},{""t"":""僕の未来は、恋と課金と。～Charge To The Future～"",""cn"":"""",""ty"":""Galgame"",""y"":2019,""pop"":154}]","Kanade's friend and classmate. Extremely shy and reserved, even when she speaks her voice is quiet. She normally does not show any emotion, no one knows what is is usually thinking about.",567,0,567,0,,https://t.vndb.org/ch/86/3686.jpg,https://t.vndb.org/ch/86/3686.jpg,,#bb90a2 #62495e #e2c8ca #f6e2df #faf8f2 #ffffff,Violet Twin Tails Long Straight Teen Slim Pale School Uniform Sweater Missionary,,,https://vndb.org/c3637,
vndb-c35681,vndb,2,9,,,高社 雪静,Takayashiro Yuzuka,図書館の座敷童,女,B,,Galgame,Galgame,アマカノ,,2014,Galgame,"[{""t"":""アマカノ"",""cn"":"""",""ty"":""Galgame"",""y"":2014,""pop"":492},{""t"":""アマカノ２＋"",""cn"":"""",""ty"":""Galgame"",""y"":2023,""pop"":396},{""t"":""アマカノ～Second Season～"",""cn"":"""",""ty"":""Galgame"",""y"":2015,""pop"":329},{""t"":""アマカノ+"",""cn"":"""",""ty"":""Galgame"",""y"":2016,""pop"":213},{""t"":""アマカノ～Second Season～＋"",""cn"":"""",""ty"":""Galgame"",""y"":2017,""pop"":178}]","2-A The protagonist's classmate who is called ""the library's zashiki-warashi"". She is very shy and whenever she's in a hurry, she writes her thoughts into a notebook instead of talking.",492,0,492,0,,https://t.vndb.org/ch/53/47453.jpg,https://t.vndb.org/ch/53/47453.jpg,,#58515d #9f878a #debbb3 #f8e7d3 #ffffff,Brown Waist Length+ Straight Teen Slim Pale School Uniform Sweater Doggy Style Cowgirl,,,https://vndb.org/c35681,
vndb-c97531,vndb,2,9,,,,Touka Tsukioka,,女,,,Galgame,Galgame,Lessons in Love,,2022,Galgame,,Touka was born into a very wealthy family and is unfamiliar with the day-to-day lives of those less fortunate than herself.,342,0,342,0,,https://t.vndb.org/ch/12/118112.jpg,https://t.vndb.org/ch/12/118112.jpg,,#251226 #7e5e68 #e3b7b0 #fcdcd0 #f8ebe3 #ffffff,Black Hime Cut Straight Brown Teen Pale Student Pajamas Hat Daughter,,,https://vndb.org/c97531,
al142949,anilist,2,9,,,符华,Hua Fu,Fu Ka (フカ) / Jingwei (精卫) / Phoenix (赤鸢) / Watson,女,,,动画|漫画,动画,戦乙女の食卓,,2019,动画,"[{""t"":""戦乙女の食卓"",""cn"":"""",""ty"":""动画"",""y"":2019,""pop"":7618},{""t"":""戦乙女の食卓Ⅱ"",""cn"":"""",""ty"":""动画"",""y"":2020,""pop"":4001},{""t"":""崩坏3"",""cn"":"""",""ty"":""漫画"",""y"":2016,""pop"":1884},{""t"":""黄金庭院：冬日里的新年愿望"",""cn"":"""",""ty"":""动画"",""y"":2023,""pop"":1550},{""t"":""女武神的餐桌 新春SP"",""cn"":"""",""ty"":""动画"",""y"":2021,""pop"":1443},{""t"":""人偶学园"",""cn"":"""",""ty"":""动画"",""y"":2021,""pop"":1118}]","165 cm (5'5"") She's a class monitor in Kiana's class, as well as a martial arts master. A calm and reasonable girl. Member of the Amber Project. Plunged into cryogenic sleep about fifty thousand years ago.",324,324,0,0,,https://s4.anilist.co/file/anilistcdn/character/large/b142949-4tBXg5V9RPFD.png,https://s4.anilist.co/file/anilistcdn/character/medium/b142949-4tBXg5V9RPFD.png,,,,https://anilist.co/character/142949,,,
vndb-c74814,vndb,2,9,,,鴎乜 芥,Kamome Akuta,,男,O,,Galgame,Galgame,1bitHeart,,2015,Galgame,,"A famous novelist. His books are very popular and have gotten movies, but he hardly cares and just wants to die. He enjoys the coldness of 307 Towers's halls.",316,0,316,0,,https://t.vndb.org/ch/65/90565.jpg,https://t.vndb.org/ch/65/90565.jpg,,#5d91ba #685a7e #8faec2 #7ba1c2 #8787a2 #e2ccce,White Cynic Clinical Depression Friend Illness Hospitalization Band-aid Novelist Surgery,,,https://vndb.org/c74814,
vndb-c62002,vndb,2,9,,,伊勢 馨,Ise Kahoru,,男,,,Galgame,Galgame,大正メビウスライン,,2012,Galgame,"[{""t"":""大正メビウスライン"",""cn"":"""",""ty"":""Galgame"",""y"":2012,""pop"":219},{""t"":""大正メビウスライン 帝都備忘録"",""cn"":"""",""ty"":""Galgame"",""y"":2015,""pop"":75}]","One of the twins under Tatebayashi's command. He is composed and intelligent. His younger brother, Kaoru, suffered serious injuries in a recent accident and is still undergoing treatment.",219,0,219,0,,https://t.vndb.org/ch/86/74086.jpg,https://t.vndb.org/ch/86/74086.jpg,,#bea9a3 #2d2a2c #706f74 #dbd7d7 #f4f1ee #ffffff,Blond Pale Sword Proactive Magician Swordsmanship Blowjob Virgin Sex Green Young-adult,,,https://vndb.org/c62002,
vndb-c62001,vndb,2,9,,,伊勢 薫,Ise Kaoru,,男,,,Galgame,Galgame,大正メビウスライン,,2012,Galgame,"[{""t"":""大正メビウスライン"",""cn"":"""",""ty"":""Galgame"",""y"":2012,""pop"":219},{""t"":""大正メビウスライン 帝都備忘録"",""cn"":"""",""ty"":""Galgame"",""y"":2015,""pop"":75}]",One of the twins under Tatebayashi's command. His personality is more impulsive and fierce than his brother's. He suffered serious injuries in a recent accident and is still undergoing treatment.,219,0,219,0,,https://t.vndb.org/ch/85/74085.jpg,https://t.vndb.org/ch/85/74085.jpg,,#bdaca7 #2f2c2d #727377 #f2f0ee #d9d7d8 #ffffff,Blond Pale Sword Proactive Magician Swordsmanship Green Young-adult Bandages Katana,,,https://vndb.org/c62001,
al171927,anilist,2,9,1992,,山岸一司,Kazushi Yamagishi,Gang Dex,男,,,动画|漫画,动画,東京リベンジャーズ,东京复仇者,2021,动画,"[{""t"":""東京リベンジャーズ"",""cn"":""东京复仇者"",""ty"":""动画"",""y"":2021,""pop"":445622},{""t"":""東京リベンジャーズ 聖夜決戦編"",""cn"":""东京复仇者 圣夜决战篇"",""ty"":""动画"",""y"":2023,""pop"":143018},{""t"":""東京卍リベンジャーズ"",""cn"":""东京卍复仇者"",""ty"":""漫画"",""y"":2017,""pop"":117730},{""t"":""東京リベンジャーズ 天竺編"",""cn"":"""",""ty"":""动画"",""y"":2023,""pop"":85576},{""t"":""東京リベンジャーズ 三天戦争編"",""cn"":"""",""ty"":""动画"",""y"":2026,""pop"":22817},{""t"":""ちびりべ"",""cn"":"""",""ty"":""动画"",""y"":2021,""pop"":8313}]",One of Takemichi's best friends in middle school.,149,149,0,0,,https://s4.anilist.co/file/anilistcdn/character/large/b171927-AUKa88Vnnfpg.png,https://s4.anilist.co/file/anilistcdn/character/medium/b171927-AUKa88Vnnfpg.png,,,,https://anilist.co/character/171927,,,
al85815,anilist,2,9,,,不破優月,Yuzuki Fuwa,This Manga is Amazing!,女,B,,动画|漫画,动画,暗殺教室,暗杀教室,2015,动画,"[{""t"":""暗殺教室"",""cn"":""暗杀教室"",""ty"":""动画"",""y"":2015,""pop"":628250},{""t"":""暗殺教室 第２期"",""cn"":"""",""ty"":""动画"",""y"":2016,""pop"":369666},{""t"":""暗殺教室"",""cn"":""暗杀教室"",""ty"":""漫画"",""y"":2012,""pop"":54655},{""t"":""殺せんせーQ[クエスト]! (ONA)"",""cn"":"""",""ty"":""动画"",""y"":2016,""pop"":15568},{""t"":""暗殺教室 みんなの時間"",""cn"":"""",""ty"":""动画"",""y"":2026,""pop"":14771}]","She is a student in class 3-E of Kunugigaoka Junior High School, taught by Korosensei. Fuwa has an imaginative personality, as evidenced with her like of reading the Weekly Shōnen Jump magazine.",40,40,0,0,,https://s4.anilist.co/file/anilistcdn/character/large/85815-DmGWlh9hKrYZ.png,https://s4.anilist.co/file/anilistcdn/character/medium/85815-DmGWlh9hKrYZ.png,,,,https://anilist.co/character/85815,,,
al215257,anilist,2,9,,,宇佐浩史,Koushi Usa,,男,,27,动画|漫画,动画,ReLIFE,ReLIFE 重返17岁,2016,动画,"[{""t"":""ReLIFE"",""cn"":""ReLIFE 重返17岁"",""ty"":""动画"",""y"":2016,""pop"":259471},{""t"":""リライフ"",""cn"":""ReLIFE 重返17岁"",""ty"":""漫画"",""y"":2013,""pop"":55138}]","He is a teacher at Aoba High School. He's in charge of 3rd year, class 4. He's also the supervisor of the boys volleyball club.",1,1,0,0,,https://s4.anilist.co/file/anilistcdn/character/large/b215257-OzH301HjigP2.jpg,https://s4.anilist.co/file/anilistcdn/character/medium/b215257-OzH301HjigP2.jpg,,,,https://anilist.co/character/215257,,,
al40881,anilist,2,10,,三笠·阿克曼,ミカサ・アッカーマン,Mikasa Ackerman,,女,,15-,动画,动画,進撃の巨人,进击的巨人,2013,动画,"[{""t"":""進撃の巨人"",""cn"":""进击的巨人"",""ty"":""动画"",""y"":2013,""pop"":1053882},{""t"":""進撃の巨人 Season２"",""cn"":"""",""ty"":""动画"",""y"":2017,""pop"":733402},{""t"":""進撃の巨人 Season３"",""cn"":"""",""ty"":""动画"",""y"":2018,""pop"":686190},{""t"":""進撃の巨人 The Final Season"",""cn"":""进击的巨人 最终季"",""ty"":""动画"",""y"":2020,""pop"":642537},{""t"":""進撃の巨人 Season３ Part.2"",""cn"":"""",""ty"":""动画"",""y"":2019,""pop"":610781},{""t"":""進撃の巨人 The Final Season Part 2"",""cn"":""进击的巨人 最终季 Part.2"",""ty"":""动画"",""y"":2022,""pop"":440419}]",本作的女主角。15岁（835年生）。由于身为艾连的青梅竹马之故，两人经常一起行动。沉默寡言、表情稀少的美少女，有腹肌。 第104期训练兵团第1名毕业。拥有优秀的身体能力与战斗技术，一人的表现就足以与100名士兵匹敌。为了和艾连一起行动，希望加入调查兵团。 在9岁时曾被绑匪绑票，双亲亦被绑匪杀害，后来被艾连救出，自此之后便一直寄居在艾连家中，并把艾连视为“最重要的亲人”。 于第21话中最终选择加入调查军团。,28797,28797,0,1016,,https://s4.anilist.co/file/anilistcdn/character/large/b40881-F3gr1PkreDvj.png,https://s4.anilist.co/file/anilistcdn/character/medium/b40881-F3gr1PkreDvj.png,https://lain.bgm.tv/r/400/pic/crt/l/21/40/18102_crt_nVMeD.jpg?r=1700166918,,,https://anilist.co/character/40881,https://bgm.tv/character/18102,,18102
al3149,anilist,2,10,,黑鸢,トビ,Tobi,Kamen no Otoko (仮面の男) / Masked Man / No One / Kyuuseishu (救世主),男,O,31,动画|漫画,动画,NARUTO -ナルト- 疾風伝,火影忍者疾风传,2007,动画,"[{""t"":""NARUTO -ナルト- 疾風伝"",""cn"":""火影忍者疾风传"",""ty"":""动画"",""y"":2007,""pop"":610025},{""t"":""NARUTO -ナルト-"",""cn"":""火影忍者"",""ty"":""漫画"",""y"":1999,""pop"":99205},{""t"":""ROAD TO NINJA -NARUTO THE MOVIE-"",""cn"":""火影忍者 剧场版 忍者之路"",""ty"":""动画"",""y"":2012,""pop"":73423},{""t"":""ROAD OF NARUTO"",""cn"":"""",""ty"":""动画"",""y"":2022,""pop"":20865},{""t"":""NARUTOナルトSD ロック・リーの青春フルパワー忍伝"",""cn"":"""",""ty"":""动画"",""y"":2012,""pop"":19983},{""t"":""NARUTO -ナルト- THE CROSS ROADS"",""cn"":"""",""ty"":""动画"",""y"":2009,""pop"":14641}]",竜騎兵の一人。科学技術師官。,3060,3060,0,0,,https://s4.anilist.co/file/anilistcdn/character/large/b3149-j6cl8A9yup51.png,https://s4.anilist.co/file/anilistcdn/character/medium/b3149-j6cl8A9yup51.png,https://lain.bgm.tv/r/400/pic/crt/l/06/68/3383_crt_anidb.jpg,,,https://anilist.co/character/3149,https://bgm.tv/character/3383,,3383
vndb-c92315,vndb,2,10,,,クマ,Kuma,Kumacchi (by Miruki) / Lieutenant,男,A,,Galgame,Galgame,ドーナドーナ いっしょにわるいことをしよう,多娜多娜 一起干坏事吧,2020,Galgame,,いつも厄介事を押し付けられる、損な役どころのナンバー2。 地味で真面目なナユタらしくない存在だが、 なぜだかうまく回っている。あと主人公。,2663,0,2663,12,,https://t.vndb.org/ch/03/111203.jpg,https://t.vndb.org/ch/03/111203.jpg,https://lain.bgm.tv/r/400/pic/crt/l/2e/8d/86837_crt_6Spcc.jpg,#2c557a #c6c190 #838373 #e7d9c3 #ffffff,Black Short Straight Teen Pale Trousers Orphan Fighting Red Hood,,https://bgm.tv/character/86837,https://vndb.org/c92315,86837
vndb-c1590,vndb,2,10,,,副島 密,Soejima Hisoka,Cucumber-sama,女,AB,,Galgame,Galgame,コミュ - 黒い竜と優しい王国 -,,2009,Galgame,,"Vagabond Hisoka is a transfer student that has become a classmate of Akihito and Kagome. Her mild demeanor and emotionlessness add up to her mystery. On the school's rooftop, she gazes the sky like waiting for something to fall down.",2159,0,2159,0,,https://t.vndb.org/ch/12/20212.jpg,https://t.vndb.org/ch/12/20212.jpg,,#a28a80 #414350 #d9c6b2 #f7ecd2 #f7f5eb #ffffff,Violet Long Curtained Shoulder-length Teen Slim Pale School Uniform Trousers Orphan,,,https://vndb.org/c1590,
al125660,anilist,2,10,,,ファルコ・グライス,Falco Grice,Ben (ベン),男,,12-15,动画|漫画,动画,進撃の巨人 The Final Season,进击的巨人 最终季,2020,动画,"[{""t"":""進撃の巨人 The Final Season"",""cn"":""进击的巨人 最终季"",""ty"":""动画"",""y"":2020,""pop"":642537},{""t"":""進撃の巨人 The Final Season Part 2"",""cn"":""进击的巨人 最终季 Part.2"",""ty"":""动画"",""y"":2022,""pop"":440419},{""t"":""進撃の巨人 The Final Season完結編 前編"",""cn"":""进击的巨人 最终季 完结篇 前篇"",""ty"":""动画"",""y"":2023,""pop"":249964},{""t"":""進撃の巨人"",""cn"":""进击的巨人"",""ty"":""漫画"",""y"":2009,""pop"":226814},{""t"":""進撃の巨人 The Final Season完結編 後編"",""cn"":""进击的巨人 最终季 完结篇 后篇"",""ty"":""动画"",""y"":2023,""pop"":167073},{""t"":""ガチアクタ"",""cn"":""GACHIAKUTA咔嗒咔嗒"",""ty"":""漫画"",""y"":2022,""pop"":66558}]",: 140 cm : Warrior Candidate Falco Grice is an Eldian Warrior candidate working for the Marley government and is the younger brother of [Colt Grice](//anilist.co/character/125665/Colt-Grice).,1304,1304,0,0,,https://s4.anilist.co/file/anilistcdn/character/large/b125660-mrmpOJLjJIkv.jpg,https://s4.anilist.co/file/anilistcdn/character/medium/b125660-mrmpOJLjJIkv.jpg,,,,https://anilist.co/character/125660,,,
vndb-c45212,vndb,2,10,,,妹口 ようこう,Seguchi Youkou,,女,A,,Galgame,Galgame,お兄ちゃん、キッスの準備はまだですか？,,2016,Galgame,"[{""t"":""お兄ちゃん、キッスの準備はまだですか？"",""cn"":"""",""ty"":""Galgame"",""y"":2016,""pop"":1252},{""t"":""お兄ちゃん、キッスの準備はまだですか？  エッチの準備もまだですか？"",""cn"":"""",""ty"":""Galgame"",""y"":2017,""pop"":199}]",The Haha Patch (aka patch version 1.10) is needed in order for the sex route with Youkou in the Japanese version.,1252,0,1252,0,,https://t.vndb.org/ch/68/54468.jpg,https://t.vndb.org/ch/68/54468.jpg,,#7f6f67 #afa29f #d1cdd7 #f3ece9 #f9f9f8,Brown Straight Slim Pale Hard Worker Cowgirl Violet Kid T-shirt Widow,,,https://vndb.org/c45212,
vndb-c56410,vndb,2,10,,,公孫勝,Gongsun Sheng,Dragon in the Clouds / Kousonshou / Leisure Star / Masaru,女,AB,,Galgame,Galgame,真剣で私に恋しなさい！A-4,,2014,Galgame,"[{""t"":""真剣で私に恋しなさい！A-4"",""cn"":"""",""ty"":""Galgame"",""y"":2014,""pop"":1023},{""t"":""真剣で私に恋しなさい！A-5"",""cn"":"""",""ty"":""Galgame"",""y"":2016,""pop"":791},{""t"":""真剣で私に恋しなさい！Ａ プラスディスク"",""cn"":"""",""ty"":""Galgame"",""y"":2016,""pop"":286}]",,1023,0,1023,0,,https://t.vndb.org/ch/54/67254.jpg,https://t.vndb.org/ch/54/67254.jpg,,#968e9b #2e2c32 #cec4cb #ebe3e8 #f5f5f7 #ffffff,Violet Twin Tails Short Straight Slim School Uniform Doggy Style Virgin Sex Violet Kid,,,https://vndb.org/c56410,
vndb-c71999,vndb,2,10,,,小番 千尋,Kotsugai Chihiro,Chii-chan / ちーちゃん,女,AB,,Galgame,Galgame,ケモノ娘の育て方,,2018,Galgame,,"'World-weary classmate' Classmates with both Shuuji and Kana, she is close enough with Kana to consider her a best friend. A little on the quiet side, she's the unremarkable sort of girl who doesn't like to stand out from the crowd.",837,0,837,0,,https://t.vndb.org/ch/51/88951.jpg,https://t.vndb.org/ch/51/88951.jpg,,#5a577b #a394a9 #ddc8cc #f4ece4 #f9f7f6,Blue Ahoge Twin Tails Waist Length+ Wavy Curtained Teen Slim Pale Mini-dress,,,https://vndb.org/c71999,
al249636,anilist,2,10,,,宵崎奏,Kanade Yoisaki,K / K,女,,,动画|漫画|Galgame,动画,プロジェクトセカイ 壊れたセカイと歌えないミク,,2025,动画,"[{""t"":""プロジェクトセカイ 壊れたセカイと歌えないミク"",""cn"":"""",""ty"":""动画"",""y"":2025,""pop"":22263},{""t"":""ぷちセカ"",""cn"":"""",""ty"":""动画"",""y"":2022,""pop"":3877},{""t"":""Journey to Bloom"",""cn"":"""",""ty"":""动画"",""y"":2023,""pop"":2736},{""t"":""群青讃歌 (2022)"",""cn"":"""",""ty"":""动画"",""y"":2022,""pop"":1240},{""t"":""プロジェクトセカイ カラフルステージ！ feat.初音ミク　コミックアンソロジー"",""cn"":"""",""ty"":""漫画"",""y"":2021,""pop"":1073},{""t"":""Journey"",""cn"":"""",""ty"":""动画"",""y"":2022,""pop"":958}]","154 cm (5'1"") Kanade is the leader and composer of the online music circle Nightcord at 25:00, where she goes by the alias “K.” After experiencing a traumatic event that deeply affected her as a musician, she began writing music with the go…",677,677,212,0,,https://s4.anilist.co/file/anilistcdn/character/large/b249636-0NbAjAuQ743L.jpg,https://s4.anilist.co/file/anilistcdn/character/medium/b249636-0NbAjAuQ743L.jpg,https://t.vndb.org/ch/98/154098.jpg,,Waist Length+ Teen Slim Pale Blue Shorts Daughter Musician Singing Writer,https://anilist.co/character/249636,,https://vndb.org/c128189,
vndb-c1369,vndb,2,10,,,遠山 翠,Tooyama Midori,,女,B,,Galgame,Galgame,夜明け前より瑠璃色な,,2005,Galgame,"[{""t"":""夜明け前より瑠璃色な"",""cn"":"""",""ty"":""Galgame"",""y"":2005,""pop"":642},{""t"":""夜明け前より瑠璃色な"",""cn"":"""",""ty"":""Galgame"",""y"":2005,""pop"":642},{""t"":""夜明け前より瑠璃色な"",""cn"":"""",""ty"":""Galgame"",""y"":2005,""pop"":642},{""t"":""夜明け前より瑠璃色な -Moonlight Cradle-"",""cn"":"""",""ty"":""Galgame"",""y"":2009,""pop"":167}]","Midori is an energetic girl in Tatsuya's class, good friends with both him and Natsuki. She is the clarinet leader in the concert band at her school, and senpai of Mai. Daughter of a famous musician couple. [Edited from Wikipedia.]",642,0,642,0,,https://t.vndb.org/ch/95/73895.jpg,https://t.vndb.org/ch/95/73895.jpg,,#65886e #9fb7a8 #f4ece1 #ced5cf #f5f6f6 #ffffff,Ahoge Ponytail Curtained Shoulder-length Green Brown Teen Slim Pale School Uniform,,,https://vndb.org/c1369,
al89846,anilist,2,10,,,松浦果南,Kanan Matsuura,,女,O,17,动画,动画,ラブライブ！サンシャイン!!,,2016,动画,"[{""t"":""ラブライブ！サンシャイン!!"",""cn"":"""",""ty"":""动画"",""y"":2016,""pop"":60088},{""t"":""ラブライブ！サンシャイン!! 2nd Season"",""cn"":"""",""ty"":""动画"",""y"":2017,""pop"":38385},{""t"":""ラブライブ！サンシャイン!! The School Idol Movie Over the Rainbow"",""cn"":"""",""ty"":""动画"",""y"":2019,""pop"":18969},{""t"":""幻日のヨハネ -SUNSHINE in the MIRROR-"",""cn"":"""",""ty"":""动画"",""y"":2023,""pop"":18571},{""t"":""君のこころは輝いてるかい？"",""cn"":"""",""ty"":""动画"",""y"":2015,""pop"":3706},{""t"":""HAPPY PARTY TRAIN"",""cn"":"""",""ty"":""动画"",""y"":2017,""pop"":3656}]","162 cm Kanan Matsuura is a third-year student living alone with her grandfather, who runs a diving shop on a nearby island. Breezily mature, she rarely sweats the details and usually maintains a calm, cool demeanor.",532,532,0,0,,https://s4.anilist.co/file/anilistcdn/character/large/b89846-e78QbB8WupZl.png,https://s4.anilist.co/file/anilistcdn/character/medium/b89846-e78QbB8WupZl.png,,,,https://anilist.co/character/89846,,,
al4335,anilist,2,10,,,敦賀蓮,Ren Tsuruga,,男,A,20-21,动画|漫画,动画,スキップ・ビート！,,2008,动画,"[{""t"":""スキップ・ビート！"",""cn"":"""",""ty"":""动画"",""y"":2008,""pop"":45076},{""t"":""スキップ・ビート！"",""cn"":"""",""ty"":""漫画"",""y"":2002,""pop"":16189}]","**** 190 cm Ren is, in outward appearances, an extremely nice and polite star. However, he shows his true self whenever he deals with Kyoko. Although at times teasing, he harbors an unrequited love for Kyoko.",360,360,0,0,,https://s4.anilist.co/file/anilistcdn/character/large/b4335-38D5HLIjExj1.jpg,https://s4.anilist.co/file/anilistcdn/character/medium/b4335-38D5HLIjExj1.jpg,,,,https://anilist.co/character/4335,,,
al89060,anilist,2,10,,,沙々宮紗夜,Saya Sasamiya,,女,,,动画|漫画|轻小说,动画,学戦都市アスタリスク,,2015,动画,"[{""t"":""学戦都市アスタリスク"",""cn"":"""",""ty"":""动画"",""y"":2015,""pop"":156673},{""t"":""学戦都市アスタリスク 2"",""cn"":"""",""ty"":""动画"",""y"":2016,""pop"":104097},{""t"":""学戦都市アスタリスク"",""cn"":"""",""ty"":""漫画"",""y"":2013,""pop"":2875},{""t"":""学戦都市アスタリスク"",""cn"":"""",""ty"":""轻小说"",""y"":2012,""pop"":2463}]",Saya is Ayato's childhood friend. She moved abroad six years ago due to her father's career. She seems to be an air-headed stoic who has trouble waking up in the morning and is directionally-challenged.,339,339,0,0,,https://s4.anilist.co/file/anilistcdn/character/large/b89060-HWHDapQ8Pu60.jpg,https://s4.anilist.co/file/anilistcdn/character/medium/b89060-HWHDapQ8Pu60.jpg,,,,https://anilist.co/character/89060,,,
al73073,anilist,2,10,,,馬村大輝,Daiki Mamura,,男,A,,漫画,漫画,ひるなかの流星,,2011,漫画,,"175 cm His exterior is cool and aloof but he is actually extremely shy when girls make any physical contact and blushes profusely. When Suzume discovers this, she ""blackmails"" him by threatening to tell other people his secret.",319,319,0,0,,https://s4.anilist.co/file/anilistcdn/character/large/b73073-e3Hg82KgQRyT.jpg,https://s4.anilist.co/file/anilistcdn/character/medium/b73073-e3Hg82KgQRyT.jpg,,,,https://anilist.co/character/73073,,,
al66903,anilist,2,10,,,兎田義仁,Yoshihito Usaida,,男,,23,动画|漫画,动画,学園ベビーシッターズ,,2018,动画,"[{""t"":""学園ベビーシッターズ"",""cn"":"""",""ty"":""动画"",""y"":2018,""pop"":102820},{""t"":""学園ベビーシッターズ OVA"",""cn"":"""",""ty"":""动画"",""y"":2018,""pop"":16529},{""t"":""学園ベビーシッターズ"",""cn"":"""",""ty"":""漫画"",""y"":2009,""pop"":7973}]",A graduate from Morinomiya Academy and is currently working as a member of staff for the Morinomiya Day Care Room,296,296,0,0,,https://s4.anilist.co/file/anilistcdn/character/large/b66903-Bongeo9D7tOO.png,https://s4.anilist.co/file/anilistcdn/character/medium/b66903-Bongeo9D7tOO.png,,,,https://anilist.co/character/66903,,,
vndb-c64477,vndb,2,10,,,凝部 ソウタ,Gyoubu Souta,,男,B,,Galgame,Galgame,Charade Maniacs,,2018,Galgame,,"""Now that we're all in this together, we have to cooperate to get over this. Isn't that right?"" Supposedly attends Gekkei High School like the protagonist, but she's never seen him there. He's an eccentric man who always acts aloof.",294,0,294,0,,https://t.vndb.org/ch/33/81033.jpg,https://t.vndb.org/ch/33/81033.jpg,,#dd63f2 #7b7c83 #b6aab0 #dbcfda #f5f0f2 #fefefe,Ponytail Long Teen School Uniform Violet Lazy Relaxed Classmate High School Student Gamer,,,https://vndb.org/c64477,
vndb-c102382,vndb,2,10,,,,JacK,Kuro,男,B,,Galgame,Galgame,天獄ストラグル -strayside-,,2022,Galgame,,"His age is unknown. A singer-songwriter on the rise through his streams. He is known for being multi-talented, as he is working on a novel on top of creating music and lyrics, but his private life is shrouded in mystery. [From Aksys Games]",285,0,285,0,,https://t.vndb.org/ch/36/162136.jpg,https://t.vndb.org/ch/36/162136.jpg,,#342934 #b8a59d #756b68 #eadbcf #fbf1e4 #ffffff,Black Curtained Short Straight Slim Pale Sword Swordsmanship Cooking Fighting,,,https://vndb.org/c102382,
vndb-c87338,vndb,2,10,,,シメオン,Simeon,Christopher Peugeot / DDSimeon / Archangel / Serious Angel,男,,,Galgame,Galgame,Obey Me!,,2019,Galgame,,"""He has a gentle personality and is always smiling, but also has a sharp intuition. He is hopeless with technology.""",246,0,246,0,,https://t.vndb.org/ch/70/114670.jpg,https://t.vndb.org/ch/70/114670.jpg,,#99837a #c4b0d5 #e0c3cc #2f3234 #f1d9d2 #faf7f6,Black Short Straight School Uniform Trousers Dress Shoes Cooking Young-adult Dark Necktie,,,https://vndb.org/c87338,
vndb-c32646,vndb,2,10,,,十倉 手鞠,Tokura Temari,,女,A,,Galgame,Galgame,ティンクル☆くるせいだーす,,2008,Galgame,"[{""t"":""ティンクル☆くるせいだーす"",""cn"":"""",""ty"":""Galgame"",""y"":2008,""pop"":214},{""t"":""ティンクル☆くるせいだーす -Passion Star Stream-"",""cn"":"""",""ty"":""Galgame"",""y"":2012,""pop"":106},{""t"":""てとてトライオン！"",""cn"":"""",""ty"":""Galgame"",""y"":2008,""pop"":44}]","She is a genius in mathematics and programming, and is the administrator of the PITA system, which is being piloted at the school she attends. She is the one who is responsible for explaining the system to the students.",214,0,214,0,,https://t.vndb.org/ch/40/103240.jpg,https://t.vndb.org/ch/40/103240.jpg,,#bca297 #f1e8da #d5c9ca #f2f1ed #fcfdfc,Blond Waist Length+ Teen Slim Pale School Uniform Hard Worker Student Blowjob Virgin Sex,,,https://vndb.org/c32646,
vndb-c28996,vndb,2,11,,里扎·布伦纳,リザ・ブレンナー,Lisa Brenner,Babylon Magdalene / Riza Brenner / 大淫婦,女,O,,Galgame,Galgame,Dies irae ~Acta est Fabula~,,2009,Galgame,"[{""t"":""Dies irae ~Acta est Fabula~"",""cn"":"""",""ty"":""Galgame"",""y"":2009,""pop"":3862},{""t"":""Dies irae ~Interview with Kaziklu Bey~"",""cn"":"""",""ty"":""Galgame"",""y"":2016,""pop"":895},{""t"":""神咒神威神楽"",""cn"":"""",""ty"":""Galgame"",""y"":2011,""pop"":399}]",与トリファ相识已久，在团内属于辅佐他的立场。 在人格缺陷者云集的骑士团中比较有良心的人，属于正常人一类。 只是，从巴比伦这个称号就能看出她有产生凶恶之物的特性，她的附属物要比她自身更危险。 与圣枪十三骑士团为敌的时候，在某种意义上，是首先得击倒的对手。 称号：大淫婦 黒円卓：十一位 ルーン：輪廻 大アルカナ：星 占星術：宝瓶宮 形態：事象展開型 位階：形成,3862,0,3862,16,,https://t.vndb.org/ch/95/75395.jpg,https://t.vndb.org/ch/95/75395.jpg,https://lain.bgm.tv/r/400/pic/crt/l/0b/81/43390_crt_99wfB.jpg,#383c46 #72737d #b2afbe #f7f5f1 #e1dfe0 #ffffff,Blue Waist Length+ Curtained Straight Slim Pale Fighting Doggy Style Violet Young-adult,,https://bgm.tv/character/43390,https://vndb.org/c28996,43390
vndb-c33071,vndb,2,11,,,葵 雅妃,Aoi Miyabi,メルティーナ＝ラミアレス / Meltina Lamiales,女,O,,Galgame,Galgame,僕と恋するポンコツアクマ。,,2015,Galgame,"[{""t"":""僕と恋するポンコツアクマ。"",""cn"":"""",""ty"":""Galgame"",""y"":2015,""pop"":1892},{""t"":""オトメ＊ドメイン"",""cn"":"""",""ty"":""Galgame"",""y"":2016,""pop"":1521},{""t"":""僕と恋するポンコツアクマ。 すっごいえっち！"",""cn"":"""",""ty"":""Galgame"",""y"":2016,""pop"":719}]","Formulating original medicines, enjoying a relaxing teatime by herself. An older sister type of girl who intends to succeed her family's pharmaceutical business, currently in her school's third year.",1892,0,1892,0,,https://t.vndb.org/ch/00/39600.jpg,https://t.vndb.org/ch/00/39600.jpg,,#ac86ba #603a62 #debddb #f4e5e0 #f7f1f6 #ffffff,Violet Ahoge Ponytail Waist Length+ Curtained Straight Teen Slim Pale School Uniform,,,https://vndb.org/c33071,
al905,anilist,2,11,,,砕蜂,Soi Fon,Fon Shaolin / Sui Feng,女,,,动画|漫画,动画,BLEACH,死神,2004,动画,"[{""t"":""BLEACH"",""cn"":""死神"",""ty"":""动画"",""y"":2004,""pop"":521026},{""t"":""BLEACH 千年血戦篇"",""cn"":""死神 千年血战篇"",""ty"":""动画"",""y"":2022,""pop"":207081},{""t"":""BLEACH 千年血戦篇-訣別譚-"",""cn"":""死神 千年血战篇-诀别谭-"",""ty"":""动画"",""y"":2023,""pop"":143301},{""t"":""BLEACH"",""cn"":""死神"",""ty"":""漫画"",""y"":2001,""pop"":121044},{""t"":""BLEACH 千年血戦篇-相剋譚-"",""cn"":""死神 千年血战篇-相克谭-"",""ty"":""动画"",""y"":2024,""pop"":117708},{""t"":""BLEACH MEMORIES OF NOBODY"",""cn"":"""",""ty"":""动画"",""y"":2006,""pop"":48314}]","Shinigami 150 cm (4'11"") Captain of the 2nd Division, Commander-in-Chief of the Onmitsukidō, Corps Commander of the Executive Militia Corp, 9th Head of the Fēng Family Bodyguard of [Yoruichi Shihouin](//anilist.co/character/908/Yoruichi-Shi…",1737,1737,0,0,,https://s4.anilist.co/file/anilistcdn/character/large/b905-zKwCoIRiYJSr.png,https://s4.anilist.co/file/anilistcdn/character/medium/b905-zKwCoIRiYJSr.png,,,,https://anilist.co/character/905,,,
vndb-c14507,vndb,2,11,,,桜田 みちる,Sakurada Michiru,,女,AB,,Galgame,Galgame,彼岸花の咲く夜に 第一夜,,2011,Galgame,"[{""t"":""彼岸花の咲く夜に 第一夜"",""cn"":"""",""ty"":""Galgame"",""y"":2011,""pop"":1682},{""t"":""彼岸花の咲く夜に 第二夜"",""cn"":"""",""ty"":""Galgame"",""y"":2011,""pop"":1235}]",A girl with a self-proclaimed sixth sense. She really does have the gift to sense the supernatural. she is revered by a club of occult girls who believe in exorcisms and the power of charms.,1682,0,1682,0,,https://t.vndb.org/ch/84/18484.jpg,https://t.vndb.org/ch/84/18484.jpg,,#a57978 #e6b9d8 #533948 #261c2a #0f0a0d #000000,Brown Twin Tails Waist Length+ Slim Pale Blue Kid Dress Knee-high Socks Reserved,,,https://vndb.org/c14507,
vndb-c124648,vndb,2,11,,,葦宮 誠,Ashimiya Makoto,Fumichika Nejima / Old Man Ashimiya / 根島 史周 / Nejima Fumichika,男,A,,Galgame,Galgame,PARANORMASIGHT FILE23 本所七不思議,,2023,Galgame,,"Male High School Janitor Curse Makoto is the janitor at Komagata High School. His predecessor was nearing retirement, so he began working as his replacement about six months ago.",1115,0,1115,0,,https://t.vndb.org/ch/15/152715.jpg,https://t.vndb.org/ch/15/152715.jpg,,#6b6751 #a29588 #beb3aa #ffffff,Black Curtained Shoulder-length Short Straight Slim Pale Trousers Magician Villain,,,https://vndb.org/c124648,
vndb-c9485,vndb,2,11,,,花之宮 瑞穂,Hananomiya Mizuho,,女,,,Galgame,Galgame,月に寄りそう乙女の作法,,2012,Galgame,"[{""t"":""月に寄りそう乙女の作法"",""cn"":"""",""ty"":""Galgame"",""y"":2012,""pop"":1114},{""t"":""乙女理論とその周辺 -Ecole de Paris-"",""cn"":"""",""ty"":""Galgame"",""y"":2013,""pop"":627},{""t"":""乙女理論とその後の周辺 -Belle Epoque-"",""cn"":"""",""ty"":""Galgame"",""y"":2016,""pop"":290}]","Kyoto, Japan Luna's friend and a kind Yamato Nadeshiko who cares greatly for her friends, and especially Asahi whom she is highly fond of.",1114,0,1114,0,,https://t.vndb.org/ch/39/134039.jpg,https://t.vndb.org/ch/39/134039.jpg,,#554953 #938686 #d1c4bd #ede5dd #fcf8ef #ffffff,Brown Ahoge Waist Length+ Straight Teen Slim Pale School Uniform Virgin Sex Blue,,,https://vndb.org/c9485,
vndb-c97050,vndb,2,11,,,佐久真 紡,Sakuma Tsumugu,Tsumu-chan,男,O,,Galgame,Galgame,俺の恋天使がポンコツすぎてコワ～い。,,2021,Galgame,,"Protagonist of the story. After losing his mother at young age and his father ran away with new lover, he lives a normal life with his younger sister Uta while attending school and working part-time at a small restaurant named ""Fairy Tale"".…",801,0,801,0,,https://t.vndb.org/ch/53/118553.jpg,https://t.vndb.org/ch/53/118553.jpg,,#235062 #6b7582 #b4a9a0 #ede6d5 #ffffff,Black Short Teen Slim Pale Amber Ore Husband Boyfriend Childhood Friend,,,https://vndb.org/c97050,
vndb-c21331,vndb,2,11,,,大澄 千紗,Oosumi Chisa,,女,,,Galgame,Galgame,あの晴れわたる空より高く,,2014,Galgame,,,755,0,755,0,,https://t.vndb.org/ch/39/26439.jpg,https://t.vndb.org/ch/39/26439.jpg,,#3b64a9 #979fb2 #f9f2de #d5c9c5 #ffffff,Blue Shoulder-length Straight Slim Pale Amber Young-adult Boots Friendly Teacher,,,https://vndb.org/c21331,
al192783,anilist,2,11,,,山城恋,Ren Yamashiro,,女,O,,动画|漫画,漫画,魔都精兵のスレイブ,,2019,漫画,"[{""t"":""魔都精兵のスレイブ"",""cn"":"""",""ty"":""漫画"",""y"":2019,""pop"":54850},{""t"":""魔都精兵のスレイブ2"",""cn"":"""",""ty"":""动画"",""y"":2026,""pop"":51922}]","**** Human **** 162 cm (5'4"") **Peach ** ""Vairocana"" **** Anti-Demon Corps (Anti-Demon Unit Commander & 10th Unit Chief) Ren Yamashiro is the Anti-Demon Unit Commander and 10th Unit Chief.",724,724,0,0,,https://s4.anilist.co/file/anilistcdn/character/large/b192783-yqW1z23efg07.png,https://s4.anilist.co/file/anilistcdn/character/medium/b192783-yqW1z23efg07.png,,,,https://anilist.co/character/192783,,,
vndb-c30371,vndb,2,11,,,宿史 暁人,Shukuri Akito,,男,O,,Galgame,Galgame,NORN9 ~ノルン+ノネット~,,2013,Galgame,"[{""t"":""NORN9 ~ノルン+ノネット~"",""cn"":"""",""ty"":""Galgame"",""y"":2013,""pop"":714},{""t"":""Norn9 ~Norn + Nonette~ Last Era"",""cn"":"""",""ty"":""Galgame"",""y"":2015,""pop"":109},{""t"":""ノルン＋ノネット アクト チューン"",""cn"":"""",""ty"":""Galgame"",""y"":2016,""pop"":21}]","Hot-tempered and always wearing a displeased expression, Akito is a moody young man. He's hostile and dislikes being made fun of or looked down upon. Akito's a good cook, and his meals are praised for tasting ""like Mum's"".",714,0,714,0,,https://t.vndb.org/ch/06/36506.jpg,https://t.vndb.org/ch/06/36506.jpg,,#535563 #97a4b5 #caab9a #f5e4d3 #f6f3ec #ffffff,Blue Ponytail Shoulder-length Brown Slim Pale Uniform Trousers Cooking Young-adult,,,https://vndb.org/c30371,
al155701,anilist,2,11,,,和泉幽希,Yuuki Izumi,Yuu,男,,16,动画|漫画,动画,可愛いだけじゃない式守さん,式守同学不只可爱而已,2022,动画,"[{""t"":""可愛いだけじゃない式守さん"",""cn"":""式守同学不只可爱而已"",""ty"":""动画"",""y"":2022,""pop"":216308},{""t"":""可愛いだけじゃない式守さん"",""cn"":""式守同学不只可爱而已"",""ty"":""漫画"",""y"":2018,""pop"":40889}]","Izumi is a friendly, upbeat kid. He’s had terrible luck his entire life. If something can go wrong... he’ll probably wind up in the hospital.",696,696,0,0,,https://s4.anilist.co/file/anilistcdn/character/large/b155701-fBaTQgKGLe4O.jpg,https://s4.anilist.co/file/anilistcdn/character/medium/b155701-fBaTQgKGLe4O.jpg,,,,https://anilist.co/character/155701,,,
vndb-c62806,vndb,2,11,,,ノエル・ザ・ネクストシーズン,Noel The Nextseason,Noel the Next Season,女,,,Galgame,Galgame,ノラと皇女と野良猫ハート2,,2017,Galgame,,"Iris's servant. Because she thinks she isn't worthy of speaking to a noble, she conveys her intentions by using her pre-recorded voice on a tape recorder. She's very athletic and is always willing to give her best for Iris's sake.",653,0,653,0,,https://t.vndb.org/ch/75/75175.jpg,https://t.vndb.org/ch/75/75175.jpg,,#3b3c48 #9e878c #c8c1c5 #e3e3e7 #f4f7f5 #ffffff,Long Teen Slim Pale Doggy Style Blowjob Virgin Sex Red Butler Braid,,,https://vndb.org/c62806,
vndb-c4171,vndb,2,11,,,樫葉 美音,Kashiba Yoshine,,女,A,,Galgame,Galgame,ブラス・レストレイション,,2004,Galgame,,,650,0,650,0,,https://t.vndb.org/ch/08/4208.jpg,https://t.vndb.org/ch/08/4208.jpg,,#94abf2 #7a7892 #9895ac #496f60 #bebecf #eaeaef,Violet Waist Length+ Pale School Uniform Violet Dress Hair Ribbon Student Club Member Musician Wounding,,,https://vndb.org/c4171,
al4959,anilist,2,11,,,南空ナオミ,Naomi Misora,Maki Shoko / Naomi Massacre,女,,28,动画|漫画|轻小说,动画,DEATH NOTE,死亡笔记,2006,动画,"[{""t"":""DEATH NOTE"",""cn"":""死亡笔记"",""ty"":""动画"",""y"":2006,""pop"":961191},{""t"":""DEATH NOTE"",""cn"":""死亡笔记"",""ty"":""漫画"",""y"":2003,""pop"":99722},{""t"":""DEATH NOTE リライト"",""cn"":"""",""ty"":""动画"",""y"":2007,""pop"":44227},{""t"":""DEATH NOTE アナザーノート ロサンゼルスBB連続殺人事件"",""cn"":""ANOTHER NOTE 洛杉矶BB连续杀人事件"",""ty"":""轻小说"",""y"":2006,""pop"":8091}]","Naomi is a former ""first rate"" FBI agent who is engaged to [Raye Penber](//anilist.co/character/7044). She is very intelligent, however she often lets her feelings get in the way of her investigative abilities.",608,608,0,0,,https://s4.anilist.co/file/anilistcdn/character/large/b4959-DKXw1VYrvael.png,https://s4.anilist.co/file/anilistcdn/character/medium/b4959-DKXw1VYrvael.png,,,,https://anilist.co/character/4959,,,
vndb-c123171,vndb,2,11,,,狐春,Koharu,Kokkuri-san,男,,,Galgame,Galgame,9 R.I.P.,,2023,Galgame,"[{""t"":""9 R.I.P."",""cn"":"""",""ty"":""Galgame"",""y"":2023,""pop"":388},{""t"":""9 R.I.P. sequel"",""cn"":"""",""ty"":""Galgame"",""y"":2025,""pop"":29}]","He is from the Kokkuri-san clan. He might be curt and has a harsh tone but he is actually a considerate and kind ayakashi. One day, the protagonist summoned Kokkuri-san but she accidentally took her finger off the coin...",388,0,388,0,,https://t.vndb.org/ch/45/197945.jpg,https://t.vndb.org/ch/45/197945.jpg,,#32354c #7b7182 #a89ba2 #e1cfcd #ffffff,Brown Ponytail Long Short Slim Pale Trousers Cooking Amber Young-adult,,,https://vndb.org/c123171,
vndb-c33150,vndb,2,11,,,折笠 レイナ,Orikasa Reina,,女,,,Galgame,Galgame,Memory's Dogma Code:01,,2016,Galgame,,"A mysterious girl who appears before Kusuhara and Amamiya as they chase the mystery behind Sorano's memories. Contrary to her dainty, appearance, she is cool, intellectual, and possesses a great deal of scientific knowledge.",333,0,333,0,,https://t.vndb.org/ch/90/61090.jpg,https://t.vndb.org/ch/90/61090.jpg,,#566563 #9fa59e #e9f2f3 #f8fdfe #cbcdca,Blue Short Teen Slim Pale Blue Cardigan Miniskirt Knee-high Socks Kuudere,,,https://vndb.org/c33150,
vndb-c46901,vndb,2,11,,,柳田 祐希,Yanagida Yuuki,,男,,,Galgame,Galgame,晴のちきっと菜の花びより,,2014,Galgame,,,327,0,327,0,,https://t.vndb.org/ch/39/56339.jpg,https://t.vndb.org/ch/39/56339.jpg,,#d5c5a4 #a78f8c #ebe4d4 #4b494b #f6f6f2 #ffffff,Blond Short Yandere Outgoing Bullying Friend High School Student Homosexual Not Sexually Involved Haraguro,,,https://vndb.org/c46901,
vndb-c38576,vndb,2,11,,,アストラム,Astrum,Asou Toru,男,AB,,Galgame,Galgame,ピリオドキューブ ～鳥籠のアマデウス～,,2016,Galgame,,"Angel Seraph Knight University medical student Watching westerns alone Remembering things Favorite Tortillas Fortune-telling ""Come with me, Amadeus.",326,0,326,0,1,https://t.vndb.org/ch/90/46590.jpg,https://t.vndb.org/ch/90/46590.jpg,,#ba5774 #77668f #402443 #9b95b4 #c2c6d3 #fdfcfc,Short Brown Sword Young-adult Glasses Gloves Bullying Knight University Student Coder,,,https://vndb.org/c38576,
al146412,anilist,2,11,,,慎導灼,Arata Shindou,,男,,24,动画|漫画,动画,PSYCHO-PASS サイコパス3,,2019,动画,"[{""t"":""PSYCHO-PASS サイコパス3"",""cn"":"""",""ty"":""动画"",""y"":2019,""pop"":73593},{""t"":""PSYCHO-PASS サイコパス 3 FIRST INSPECTOR"",""cn"":"""",""ty"":""动画"",""y"":2020,""pop"":32782},{""t"":""劇場版 PSYCHO-PASS サイコパス PROVIDENCE"",""cn"":"""",""ty"":""动画"",""y"":2023,""pop"":21170},{""t"":""PSYCHO-PASS サイコパス ３"",""cn"":"""",""ty"":""漫画"",""y"":2019,""pop"":487},{""t"":""PSYCHO-PASS サイコパス 3 FIRST INSPECTOR"",""cn"":"""",""ty"":""漫画"",""y"":2021,""pop"":352}]","An Inspector assigned to Unit One of Public Safety Bureau. He is a Rank A Mentalist, capable of empathizing with other people to an extreme degree.",321,321,0,0,,https://s4.anilist.co/file/anilistcdn/character/large/b146412-Nx0AzlsNAHot.png,https://s4.anilist.co/file/anilistcdn/character/medium/b146412-Nx0AzlsNAHot.png,,,,https://anilist.co/character/146412,,,
al166994,anilist,2,11,,,片瀬詩織里,Shiori Katase,,女,,,动画|漫画,动画,うちの会社の小さい先輩の話,,2023,动画,"[{""t"":""うちの会社の小さい先輩の話"",""cn"":"""",""ty"":""动画"",""y"":2023,""pop"":52850},{""t"":""うちの会社の小さい先輩の話"",""cn"":"""",""ty"":""漫画"",""y"":2020,""pop"":6160},{""t"":""うちの会社の小さい先輩の話"",""cn"":"""",""ty"":""漫画"",""y"":2019,""pop"":5898},{""t"":""いい夫婦の話。"",""cn"":"""",""ty"":""漫画"",""y"":2019,""pop"":4596},{""t"":""うちの会社の小さい先輩の話 ミニアニメ"",""cn"":"""",""ty"":""动画"",""y"":2023,""pop"":642}]","She is in charge of planning in the 'Second Development Section' and has been with the company for three years. Shinozaki, who works in the same team, is the 'only junior staff member' for her and she cares about her in some way.",292,292,0,0,,https://s4.anilist.co/file/anilistcdn/character/large/b166994-kBkFeQGvcZ5y.png,https://s4.anilist.co/file/anilistcdn/character/medium/b166994-kBkFeQGvcZ5y.png,,,,https://anilist.co/character/166994,,,
al19494,anilist,2,11,,,與儀,Yogi,Silver Yogi / Prince,男,B,21,动画|漫画,动画,カーニヴァル (TV),,2013,动画,"[{""t"":""カーニヴァル (TV)"",""cn"":"""",""ty"":""动画"",""y"":2013,""pop"":40301},{""t"":""カーニヴァル"",""cn"":"""",""ty"":""漫画"",""y"":2007,""pop"":7468}]","The Second Ship's Fighter Yogi is an eccentric man who is always bright and cheerful. He is Hirato's subordinate. Despite his age, he tends to act like a child.",288,288,0,0,,https://s4.anilist.co/file/anilistcdn/character/large/b19494-rWQDO8NErAsI.png,https://s4.anilist.co/file/anilistcdn/character/medium/b19494-rWQDO8NErAsI.png,,,,https://anilist.co/character/19494,,,
vndb-c34480,vndb,2,11,,,葦原 希里乃,Ashihara Kirino,,女,AB,,Galgame,Galgame,嫁探しが捗りすぎてヤバい。,,2015,Galgame,,Daiki's younger sister who works as a miko.,277,0,277,0,,https://t.vndb.org/ch/48/90148.jpg,https://t.vndb.org/ch/48/90148.jpg,,#a14447 #bba9af #dfd3d2 #f2edea #f9f8f8,White Twin Tails Waist Length+ Teen Slim Pale Missionary Cowgirl Blowjob Virgin Sex,,,https://vndb.org/c34480,
vndb-c98890,vndb,2,11,,,榊原 愛,Sakakibara Ai,伊佐奈美 / Izanami,女,AB,,Galgame,Galgame,ウチはもう、延期できない。,,2021,Galgame,,"Self-studied illustration and coloring during her student days, and acted freelance for a period. After that, she accepted Shiiba Sayaka's fervent persuasion to join Hades Soft as the Chief Graphic Artist.",260,0,260,0,,https://t.vndb.org/ch/43/120443.jpg,https://t.vndb.org/ch/43/120443.jpg,,#4f515a #8f8b99 #c6b7cd #eee1eb #fbf3f1 #ffffff,Black Waist Length+ Brown Slim Pale Hard Worker Missionary Cowgirl Virgin Sex Young-adult,,,https://vndb.org/c98890,
vndb-c2260,vndb,2,11,,,羽鳥 詩,Hatori Uta,Hime / Princess,女,B,,Galgame,Galgame,未来ノスタルジア,,2011,Galgame,,"Uta is a 2nd year high school student. She is Yoichi's childhood friend, and often comes to visit the Kodou family. She is an only child, and daughter of ""HATORI"", one of the world's leading manufacturers of electronics.",201,0,201,0,,https://t.vndb.org/ch/39/30839.jpg,https://t.vndb.org/ch/39/30839.jpg,,#92685e #d2ab9a #edd8c3 #f9f6e7 #ffffff,Blond Shoulder-length Teen Slim Pale School Uniform Sweater Dress Shoes Green Pajamas,,,https://vndb.org/c669,
al166719,anilist,2,11,,,斎藤綜明,Saitou Soumei,,男,,,动画|漫画,动画,食戟のソーマ 神ノ皿,食戟之灵  神之皿,2019,动画,"[{""t"":""食戟のソーマ 神ノ皿"",""cn"":""食戟之灵  神之皿"",""ty"":""动画"",""y"":2019,""pop"":176469},{""t"":""『食戟のソーマ 餐ノ皿』 遠月列車篇"",""cn"":"""",""ty"":""动画"",""y"":2018,""pop"":172425},{""t"":""食戟のソーマ 豪ノ皿"",""cn"":"""",""ty"":""动画"",""y"":2020,""pop"":149392},{""t"":""食戟のソーマ 弍ノ皿 OVA"",""cn"":"""",""ty"":""动画"",""y"":2017,""pop"":54334},{""t"":""食戟のソーマ"",""cn"":""食戟之灵"",""ty"":""漫画"",""y"":2012,""pop"":47857},{""t"":""食戟のソーマ 餐ノ皿 極星寮のえりな"",""cn"":"""",""ty"":""动画"",""y"":2018,""pop"":28739}]","Saitou Soumei is a 90th Generation student at Tootsuki Academy Alumnus, originally introduced as the 5th seat of the Elite Ten Council, he is also the former 4th seat. (Shokugeki no Soma Wiki)",45,45,0,0,,https://s4.anilist.co/file/anilistcdn/character/large/b166719-RadIs2mvOX1S.png,https://s4.anilist.co/file/anilistcdn/character/medium/b166719-RadIs2mvOX1S.png,,,,https://anilist.co/character/166719,,,
al89223,anilist,2,12,,蛙吹梅雨,蛙吹梅雨,Tsuyu Asui,Tsu / Rainy Season Hero: Froppy (梅雨入りヒーローフロッピー) / Miss Ribbit (ケロケロ),女,B,15-,动画,动画,僕のヒーローアカデミア,我的英雄学院,2016,动画,"[{""t"":""僕のヒーローアカデミア"",""cn"":""我的英雄学院"",""ty"":""动画"",""y"":2016,""pop"":873712},{""t"":""僕のヒーローアカデミア２"",""cn"":"""",""ty"":""动画"",""y"":2017,""pop"":655237},{""t"":""僕のヒーローアカデミア３"",""cn"":"""",""ty"":""动画"",""y"":2018,""pop"":600666},{""t"":""僕のヒーローアカデミア４"",""cn"":"""",""ty"":""动画"",""y"":2019,""pop"":532336},{""t"":""僕のヒーローアカデミア５"",""cn"":"""",""ty"":""动画"",""y"":2021,""pop"":414683},{""t"":""僕のヒーローアカデミア６"",""cn"":"""",""ty"":""动画"",""y"":2022,""pop"":269963}]",1-A的女学生。像是青蛙一样的黑发少女，在头发后端将部分头发绑成蝴蝶结的形状，有着椭圆形的大眼睛还有着青蛙般的长舌头。相当在意他人对她的称呼，常要求别人称呼为她为小梅雨，对同学间的称呼也会加小字。 洞察力很高，对出久说过“你的个性跟欧尔麦特很像”。性格口无遮拦，是那种想到什么就会说出去的人，曾说过“小爆豪总是在发飙所以不会有人气”而惹其生气过。遇上危机状况也相当冷静丝毫不会因为敌人众多而动摇。,4838,4838,0,79,,https://s4.anilist.co/file/anilistcdn/character/large/b89223-5762vburxnlz.png,https://s4.anilist.co/file/anilistcdn/character/medium/b89223-5762vburxnlz.png,https://lain.bgm.tv/r/400/pic/crt/l/f1/be/38500_crt_7Ss66.jpg?r=1469017575,,,https://anilist.co/character/89223,https://bgm.tv/character/38500,,38500
vndb-c87567,vndb,2,12,,狼老头,狼じじい,Ookami Jijii,The Old Wolf Guy / Tokuji Kida / 木田 徳治 / Kida Tokuji,男,,,Galgame,Galgame,レイジングループ,人狼村之谜,2015,Galgame,,年齢不詳・身元不明の老人。 完全のボケて人事不省になっており、村を徘徊している。 徘徊しながら「おおかみがくるぞ」と喋っているため、このあだ名がついた。,3618,0,3618,2,,https://t.vndb.org/ch/20/118620.jpg,https://t.vndb.org/ch/20/118620.jpg,https://lain.bgm.tv/r/400/pic/crt/l/ea/9e/75441_crt_Nj7J6.jpg,#60402d #956f5a #c1a693 #ffffff,White Short Slim Pale Villain Grey Old Mask Pretending Cynic,,https://bgm.tv/character/75441,https://vndb.org/c87567,75441
vndb-c15131,vndb,2,12,,,吉岡 チエ,Yoshioka Chie,よっち / Yocchi,女,O,,Galgame,Galgame,ToHeart2,ToHeart2,2004,Galgame,"[{""t"":""ToHeart2"",""cn"":""ToHeart2"",""ty"":""Galgame"",""y"":2004,""pop"":1137},{""t"":""ToHeart2 AnotherDays"",""cn"":"""",""ty"":""Galgame"",""y"":2008,""pop"":133},{""t"":""ToHeart2 ダンジョントラベラーズ"",""cn"":""迷宮旅人：To Heart 2"",""ty"":""Galgame"",""y"":2009,""pop"":37}]","Nicknamed ""Yocchi"", she is one of Konomi's two main friends from junior-high school. She is more energetic and has green hair. She has the tendency to add ""su"" to the end of her sentences.",1137,0,1137,0,,https://t.vndb.org/ch/48/19248.jpg,https://t.vndb.org/ch/48/19248.jpg,,#427a73 #f7dd89 #a4b8b6 #dde0dc #f4f5f3 #ffffff,Ahoge Short Straight Teen Slim Pale School Uniform Blowjob Virgin Sex Blue,,,https://vndb.org/c15131,
al88935,anilist,2,12,,,瓜江久生,Kuki Urie,,男,O,19,动画|漫画|轻小说,动画,東京喰種-トーキョーグール-:re,东京喰种:re,2018,动画,"[{""t"":""東京喰種-トーキョーグール-:re"",""cn"":""东京喰种:re"",""ty"":""动画"",""y"":2018,""pop"":307841},{""t"":""東京喰種-トーキョーグール-:re 2"",""cn"":"""",""ty"":""动画"",""y"":2018,""pop"":237376},{""t"":""東京喰種-トーキョーグール-:re"",""cn"":""东京喰种:re"",""ty"":""漫画"",""y"":2014,""pop"":104047},{""t"":""東京喰種：ｒｅ［ｑｕｅｓｔ］"",""cn"":"""",""ty"":""轻小说"",""y"":2016,""pop"":1367}]","173 cm Quinx CCG's Quinx Squad - Former squad leader Koukaku Tsunagi (Bikaku) He is a Rank 2 Ghoul Investigator,a Quinx and the former Squad Leader of the Quinx Squad.",1064,1064,0,0,,https://s4.anilist.co/file/anilistcdn/character/large/b88935-AtMsL0lEmeK6.png,https://s4.anilist.co/file/anilistcdn/character/medium/b88935-AtMsL0lEmeK6.png,,,,https://anilist.co/character/88935,,,
al910,anilist,2,12,,,草鹿八千流,Yachiru Kusajishi,,女,,,动画|漫画,动画,BLEACH,死神,2004,动画,"[{""t"":""BLEACH"",""cn"":""死神"",""ty"":""动画"",""y"":2004,""pop"":521026},{""t"":""BLEACH 千年血戦篇"",""cn"":""死神 千年血战篇"",""ty"":""动画"",""y"":2022,""pop"":207081},{""t"":""BLEACH 千年血戦篇-訣別譚-"",""cn"":""死神 千年血战篇-诀别谭-"",""ty"":""动画"",""y"":2023,""pop"":143301},{""t"":""BLEACH"",""cn"":""死神"",""ty"":""漫画"",""y"":2001,""pop"":121044},{""t"":""BLEACH MEMORIES OF NOBODY"",""cn"":"""",""ty"":""动画"",""y"":2006,""pop"":48314},{""t"":""BLEACH The DiamondDust Rebellion もう一つの氷輪丸"",""cn"":"""",""ty"":""动画"",""y"":2007,""pop"":42491}]","Shinigami 109 cm (3'7"") Lieutenant of the 11th Division [Kenpachi Zaraki](//anilist.co/character/909) (adoptive father) Yachiru is the shortest member of the Gotei 13. She became a shinigami without having taken the standard exams.",828,828,0,0,,https://s4.anilist.co/file/anilistcdn/character/large/b910-cAC9g4i208Ou.png,https://s4.anilist.co/file/anilistcdn/character/medium/b910-cAC9g4i208Ou.png,,,,https://anilist.co/character/910,,,
al132946,anilist,2,12,,,ジュノ,Juno,,女,,16-18,动画|漫画,动画,BEASTARS,动物狂想曲,2019,动画,"[{""t"":""BEASTARS"",""cn"":""动物狂想曲"",""ty"":""动画"",""y"":2019,""pop"":258427},{""t"":""BEASTARS 第2期"",""cn"":""动物狂想曲 第二季"",""ty"":""动画"",""y"":2021,""pop"":140408},{""t"":""BEASTARS"",""cn"":""动物狂想曲"",""ty"":""漫画"",""y"":2016,""pop"":48902},{""t"":""BEASTARS FINAL SEASON Part 1"",""cn"":""动物狂想曲 最终季 第一部分"",""ty"":""动画"",""y"":2024,""pop"":42167},{""t"":""BEASTARS FINAL SEASON Part 2"",""cn"":""动物狂想曲 最终季 第二部分"",""ty"":""动画"",""y"":2026,""pop"":19747}]","Gray wolf Juno is one of the five main characters of Beastars and is a member of the drama club on the actor team. A feminine, affable wolf, she wishes to become the next Beastar, competing against Louis.",597,597,0,0,,https://s4.anilist.co/file/anilistcdn/character/large/b132946-H4bYx7gFT0Ki.png,https://s4.anilist.co/file/anilistcdn/character/medium/b132946-H4bYx7gFT0Ki.png,,,,https://anilist.co/character/132946,,,
vndb-c43331,vndb,2,12,,,ニイラム・ラワヌナンド,Niram Rawamunando,,女,,,Galgame,Galgame,マブラヴ オルタネイティヴ トータル・イクリプス,Muv-Luv Alternative Total Eclipse,2013,Galgame,,"One of XFJ Project’s dedicated operators. The highest-ranking of the three operators, she keeps the team working together smoothly.",597,0,597,0,,https://t.vndb.org/ch/88/134888.jpg,https://t.vndb.org/ch/88/134888.jpg,,#3c4353 #657382 #bba59d #ffffff,Black Waist Length+ Slim Blue Dark Glasses Communications Officer Indian,,,https://vndb.org/c43331,
vndb-c18379,vndb,2,12,,,セシル・カワード,Cecil Coward,マッチ棒 / Matchstick,男,,,Galgame,Galgame,神学校-Noli me tangere-,,2011,Galgame,"[{""t"":""神学校-Noli me tangere-"",""cn"":"""",""ty"":""Galgame"",""y"":2011,""pop"":346},{""t"":""神学校 The Gift"",""cn"":"""",""ty"":""Galgame"",""y"":2012,""pop"":105},{""t"":""神学番長"",""cn"":"""",""ty"":""Galgame"",""y"":2011,""pop"":58}]","""You may not know this, but I could never hate you. No matter what happens."" Michael’s best friend, roommate, and classmate. He’s quiet and shy, and will never raise his voice or be antagonistic towards anyone.",346,0,346,0,,https://t.vndb.org/ch/35/23035.jpg,https://t.vndb.org/ch/35/23035.jpg,,#7c6462 #c1aca5 #e4d5ce #f6ece5 #fcf9f5,Brown Short Teen Slim Cowgirl Blowjob Sixty-nine Green Scar Deredere,,,https://vndb.org/c18379,
vndb-c22756,vndb,2,12,,,千代田 百花,Chiyoda Momoka,,女,O,,Galgame,Galgame,恋する彼女の不器用な舞台,,2014,Galgame,"[{""t"":""恋する彼女の不器用な舞台"",""cn"":"""",""ty"":""Galgame"",""y"":2014,""pop"":229},{""t"":""僕の未来は、恋と課金と。～Charge To The Future～"",""cn"":"""",""ty"":""Galgame"",""y"":2019,""pop"":154}]","Daughter of a rich family with a weak body. She's Sena's childhood friend who created the drama club along with her maid, Maria. She has loved Mayu's acting ever since she was young and has always wished to perform together with her.",229,0,229,0,,https://t.vndb.org/ch/97/28097.jpg,https://t.vndb.org/ch/97/28097.jpg,,#be9293 #6a5d6b #dab8b6 #f1e8dd #ffffff,Pink Twin Tails Shoulder-length Teen Slim Pale School Uniform Missionary Cowgirl Blowjob,,,https://vndb.org/c22756,
vndb-c91,vndb,2,13,,尼禄·卡欧斯,ネロ・カオス,Nero Chaos,#10 of the 27 Ancestors of Dead Apostles / Fabro Rowan / Nrvnqsr Chaos,男,,,Galgame,Galgame,月姫,月姬,2000,Galgame,"[{""t"":""月姫"",""cn"":""月姬"",""ty"":""Galgame"",""y"":2000,""pop"":11533},{""t"":""歌月十夜"",""cn"":""歌月十夜"",""ty"":""Galgame"",""y"":2001,""pop"":3522},{""t"":""月姫 PLUS-DISC"",""cn"":""月姬 PLUS-DISC"",""ty"":""Galgame"",""y"":2001,""pop"":2459},{""t"":""MELTY BLOOD"",""cn"":""月姬格斗"",""ty"":""Galgame"",""y"":2002,""pop"":1869}]",死徒27祖之一，排名第十，实力极强。冷静而不抱有感情的学者，出身于移动石柩·北之彷徨海的魔术师，被称为「彷徨悔的鬼之子」。 并非被吸血鬼袭击而成为死徒，而是为研究魔术而自己成为死徒。过去身为人类的名字为佛罗布·罗韦恩，卡欧斯是教会为他安上的名字。 身体内部就是个小型的固有结界“兽王之巢”，内藏666只兽，任何物理、魔术伤害都无法将他致死，因碰上可杀死万物的直死之魔眼而被消灭。,11533,0,11533,9,,https://t.vndb.org/ch/22/122.jpg,https://t.vndb.org/ch/22/122.jpg,https://lain.bgm.tv/r/400/pic/crt/l/d7/e9/14384_crt_04g2g.jpg?r=1421330418,#1f5076 #54bfd1 #3a3c4c #1e1f26 #e2d6cf #858281,Short Straight Villain Fighting Grey Adult Muscular Unnatural Skin Tone Trench Coat Grandiose,,https://bgm.tv/character/14384,https://vndb.org/c91,14384
vndb-c22842,vndb,2,13,,橘圣良,橘 聖良,Tachibana Seira,,女,B,,Galgame,Galgame,"BALDR SKY Dive1 ""Lost Memory""",,2009,Galgame,"[{""t"":""BALDR SKY Dive1 \""Lost Memory\"""",""cn"":"""",""ty"":""Galgame"",""y"":2009,""pop"":3163},{""t"":""BALDR SKY Dive2 \""RECORDARE\"""",""cn"":"""",""ty"":""Galgame"",""y"":2009,""pop"":2714},{""t"":""BALDR SKY DiveX \""DREAM WORLD\"""",""cn"":"""",""ty"":""Galgame"",""y"":2010,""pop"":231}]",涉足所有虚拟网络相关事业的方舟工业社社长。 有着仿佛洞悉一切的视线。拥有「AI魔女」的绰号。 甲母亲的妹妹，甲的姨妈。对甲来说也是很有缘分的人，但甲很不擅长面对她。 在方舟本社的构造体（虚拟网络空间）深处，有着庄严的社长室。在那里可与她会面。,3163,0,3163,7,1,https://t.vndb.org/ch/69/44969.jpg,https://t.vndb.org/ch/69/44969.jpg,https://lain.bgm.tv/r/400/pic/crt/l/58/56/27132_crt_5iygI.jpg,#5e7f97 #323942 #e4d7cf #b1adaa #f6f1e9 #ffffff,Wavy Curtained Shoulder-length Slim Pale Amber Adult Secretive Gloves Stoic,,https://bgm.tv/character/27132,https://vndb.org/c22842,27132
vndb-c71532,vndb,2,13,,糺川礼,糺川 礼,Tadasugawa Rei,,女,O,,Galgame,Galgame,抜きゲーみたいな島に住んでる貧乳はどうすりゃいいですか？,,2018,Galgame,"[{""t"":""抜きゲーみたいな島に住んでる貧乳はどうすりゃいいですか？"",""cn"":"""",""ty"":""Galgame"",""y"":2018,""pop"":3074},{""t"":""抜きゲーみたいな島に住んでる貧乳はどうすりゃいいですか？ 2"",""cn"":"""",""ty"":""Galgame"",""y"":2019,""pop"":1604}]",風紀委員長であり、SSの戦闘部隊を統べる大隊長。 学園の風紀を守るためドスケベセックスを推奨し、 逃げようと走る主人公に「廊下はセックスをするところだぞ！」と厳しい指導を行う。 「チンポも勃たない分際で橘などと笑わせる！ 貴様などネコバナがお似合いだ！」,3074,0,3074,164,1,https://t.vndb.org/ch/11/86511.jpg,https://t.vndb.org/ch/11/86511.jpg,https://lain.bgm.tv/r/400/pic/crt/l/5f/ae/63866_crt_TCBQ9.jpg?r=1751811422,#544643 #e8cfc3 #dde2ed #999299 #f5f4f5 #ffffff,Brown Waist Length+ Straight Teen Slim Pale School Uniform Trousers Villain Fighting,,https://bgm.tv/character/63866,https://vndb.org/c71532,63866
vndb-c1551,vndb,2,13,,,弥月 美由,Yazuki Miyu,Iinchou,女,A,,Galgame,Galgame,ピリオド,,2007,Galgame,"[{""t"":""ピリオド"",""cn"":"""",""ty"":""Galgame"",""y"":2007,""pop"":635},{""t"":""ピリオド sweet drops"",""cn"":"""",""ty"":""Galgame"",""y"":2008,""pop"":22}]","Although her timid personality and frail physique wouldn't suggest this, Miyu is the representative of Mitsuki's class. Miyu is proficient at cooking and a member of the school's Cooking Club.",635,0,635,0,,https://t.vndb.org/ch/41/18741.jpg,https://t.vndb.org/ch/41/18741.jpg,,#967970 #27201f #aeb4c0 #ecdbd2 #faf5ec #ffffff,Brown Short Brown Slim Pale School Uniform Hard Worker Cooking Missionary Doggy Style,,,https://vndb.org/c1551,
vndb-c8462,vndb,2,13,,,八木澤 宗次,Yagisawa Souji,,男,A,,Galgame,Galgame,BALDR FORCE,,2002,Galgame,,"Captain of the first platoon at FLAK. His past seems to be a mystery. He is, however, a master at martial arts and it reflects on his digital battle style. [From AniDB]",490,0,490,0,,https://t.vndb.org/ch/92/16692.jpg,https://t.vndb.org/ch/92/16692.jpg,,#8b8e99 #4b4d53 #c1b9b5 #e5dcd2 #ffffff,Short Pale Trousers Fighting Black Adult Muscular Jacket Ore Smoking,,,https://vndb.org/c8462,
vndb-c3676,vndb,2,13,,,ティモ・ウィルクス,Timo Wilkes,,男,AB,,Galgame,Galgame,絶対服従命令,,2005,Galgame,,"Kia's target. A young man whose father is a judge. To rebel against his father, and because he doesn't like women, he became a male prostitute, living every day of his life in hedonistic depravity. [From in-game profile]",399,0,399,0,,https://t.vndb.org/ch/47/48947.jpg,https://t.vndb.org/ch/47/48947.jpg,,#7d2f5a #e0c9b1 #ac9d9b #e9e3d6 #f4f4f0 #ffffff,Blue Ahoge Teen Slim Pale Trousers Missionary Blowjob Sixty-nine Boku,,,https://vndb.org/c3676,
vndb-c18125,vndb,2,13,,,銀条 春心,Ginjou Haruko,Paruko,女,,,Galgame,Galgame,月に寄りそう乙女の作法2,,2014,Galgame,"[{""t"":""月に寄りそう乙女の作法2"",""cn"":"""",""ty"":""Galgame"",""y"":2014,""pop"":382},{""t"":""月に寄りそう乙女の作法2.1 E×S×PAR!!"",""cn"":"""",""ty"":""Galgame"",""y"":2017,""pop"":136},{""t"":""月に寄りそう乙女の作法2.2 A×L+SA!!"",""cn"":"""",""ty"":""Galgame"",""y"":2017,""pop"":124}]",,382,0,382,0,,https://t.vndb.org/ch/26/24326.jpg,https://t.vndb.org/ch/26/24326.jpg,,#cfa396 #6f5962 #e2ced8 #f6e4f0 #f8f7f4 #ffffff,Ahoge Odango Long Wavy Short Teen Slim Pale Doggy Style Cowgirl,,,https://vndb.org/c18125,
vndb-c43682,vndb,2,13,,,マライ・ハイゼンベルク,Marei Heisenberg,,女,,,Galgame,Galgame,シュヴァルツェスマーケン,,2015,Galgame,,,299,0,299,0,,https://t.vndb.org/ch/32/52432.jpg,https://t.vndb.org/ch/32/52432.jpg,,#a1887e #d7c0ad #6f6762 #3f3d36 #51534f #232324,Brown Long Pale Blue Mole German Lieutenant,,,https://vndb.org/c43682,
al226254,anilist,2,13,,,ロディ・ソウル,Rody Soul,,男,,16,动画|漫画|轻小说,动画,僕のヒーローアカデミア FINAL SEASON,我的英雄学院 最终季,2025,动画,"[{""t"":""僕のヒーローアカデミア FINAL SEASON"",""cn"":""我的英雄学院 最终季"",""ty"":""动画"",""y"":2025,""pop"":133359},{""t"":""僕のヒーローアカデミア THE MOVIE ワールド ヒーローズ ミッション"",""cn"":""我的英雄学院 World Heros' Mission"",""ty"":""动画"",""y"":2021,""pop"":103254},{""t"":""僕のヒーローアカデミア THE MOVIE ワールド ヒーローズ ミッション ≪旅立ち≫"",""cn"":"""",""ty"":""动画"",""y"":2022,""pop"":16084},{""t"":""僕のヒーローアカデミア THE MOVIE ワールド ヒーローズ ミッション"",""cn"":""我的英雄学院 World Heros' Mission"",""ty"":""轻小说"",""y"":2021,""pop"":841},{""t"":""ホークス: SOOTHE"",""cn"":"""",""ty"":""漫画"",""y"":2021,""pop"":611}]",Soul Original character from My Hero Academia The World Heroes' Mission. Rody is a very carefree individual who always looks for an opportunity/job to support his younger brother and sister and make their lives better.,290,290,0,0,,https://s4.anilist.co/file/anilistcdn/character/large/b226254-TgPDmuHpjn34.png,https://s4.anilist.co/file/anilistcdn/character/medium/b226254-TgPDmuHpjn34.png,,,,https://anilist.co/character/226254,,,
al88707,anilist,2,13,,,加藤葉月,Hazuki Katou,,女,,15-18,动画,动画,響け！ユーフォニアム,吹响吧！上低音号,2015,动画,"[{""t"":""響け！ユーフォニアム"",""cn"":""吹响吧！上低音号"",""ty"":""动画"",""y"":2015,""pop"":151819},{""t"":""響け！ユーフォニアム 2"",""cn"":""吹响吧！上低音号 第二季"",""ty"":""动画"",""y"":2016,""pop"":77697},{""t"":""リズと青い鳥"",""cn"":"""",""ty"":""动画"",""y"":2018,""pop"":72540},{""t"":""響け！ユーフォニアム３"",""cn"":"""",""ty"":""动画"",""y"":2024,""pop"":36376},{""t"":""劇場版 響け！ユーフォニアム～誓いのフィナーレ～"",""cn"":"""",""ty"":""动画"",""y"":2019,""pop"":35634},{""t"":""響け！ユーフォニアム 番外編 かけだすモナカ"",""cn"":"""",""ty"":""动画"",""y"":2015,""pop"":25370}]","**** Tuba Kumiko's classmate. She was in the tennis club in junior high school, and is a beginner in music. She admired the trumpet and joined the wind ensemble, but ends up playing the tuba. She's a bright and perky mood-maker.",256,256,0,0,,https://s4.anilist.co/file/anilistcdn/character/large/b88707-zzEOe2FDSdlv.jpg,https://s4.anilist.co/file/anilistcdn/character/medium/b88707-zzEOe2FDSdlv.jpg,,,,https://anilist.co/character/88707,,,
al1255,anilist,2,13,,,日向マコト,Makoto Hyuuga,,男,,,动画,动画,新世紀エヴァンゲリオン,新世纪福音战士,1995,动画,"[{""t"":""新世紀エヴァンゲリオン"",""cn"":""新世纪福音战士"",""ty"":""动画"",""y"":1995,""pop"":494637},{""t"":""新世紀エヴァンゲリオン劇場版 Air/まごころを、君に"",""cn"":""新世纪福音战士剧场版 Air/真心为你"",""ty"":""动画"",""y"":1997,""pop"":253351},{""t"":""ヱヴァンゲリヲン新劇場版:序"",""cn"":""福音战士新剧场版：序"",""ty"":""动画"",""y"":2007,""pop"":144872},{""t"":""ヱヴァンゲリヲン新劇場版:破"",""cn"":""福音战士新剧场版：破"",""ty"":""动画"",""y"":2009,""pop"":134199},{""t"":""ヱヴァンゲリヲン新劇場版:Q"",""cn"":"""",""ty"":""动画"",""y"":2012,""pop"":123242},{""t"":""シン・エヴァンゲリオン劇場版:||"",""cn"":"""",""ty"":""动画"",""y"":2021,""pop"":117586}]","Makoto Hyuga is First Lieutenant at NERV and a computer technician. He is something of a nerd, reading manga while on his break time, but is a hard worker, nonetheless.",48,48,0,0,,https://s4.anilist.co/file/anilistcdn/character/large/b1255-U6CSCHcOpUpS.png,https://s4.anilist.co/file/anilistcdn/character/medium/b1255-U6CSCHcOpUpS.png,,,,https://anilist.co/character/1255,,,
al266434,anilist,2,13,,,チワ,Chiwa,,女,,,动画|漫画,动画,ガチアクタ,GACHIAKUTA咔嗒咔嗒,2025,动画,"[{""t"":""ガチアクタ"",""cn"":""GACHIAKUTA咔嗒咔嗒"",""ty"":""动画"",""y"":2025,""pop"":256032},{""t"":""ガチアクタ"",""cn"":""GACHIAKUTA咔嗒咔嗒"",""ty"":""漫画"",""y"":2022,""pop"":66558}]",A girl who lives in the slums in the Sphere. [Rudo](//anilist.co/character/266433/Rudo) likes her because of the way she seems to care and worry about him. (Official Site),18,18,0,0,,https://s4.anilist.co/file/anilistcdn/character/large/b266434-Wkjo1jlTgDCm.jpg,https://s4.anilist.co/file/anilistcdn/character/medium/b266434-Wkjo1jlTgDCm.jpg,,,,https://anilist.co/character/266434,,,
al42805,anilist,2,13,,,森山由孝,Yoshitaka Moriyama,,男,,18,动画|漫画,动画,黒子のバスケ,黑子的篮球,2012,动画,"[{""t"":""黒子のバスケ"",""cn"":""黑子的篮球"",""ty"":""动画"",""y"":2012,""pop"":286383},{""t"":""黒子のバスケ 2nd SEASON"",""cn"":"""",""ty"":""动画"",""y"":2013,""pop"":182891},{""t"":""黒子のバスケ 3rd SEASON"",""cn"":"""",""ty"":""动画"",""y"":2015,""pop"":162720},{""t"":""黒子のバスケ"",""cn"":""黑子的篮球"",""ty"":""漫画"",""y"":2008,""pop"":17353},{""t"":""黒子のバスケ バカじゃ勝てないのよ!"",""cn"":""黑子的篮球 OAD"",""ty"":""动画"",""y"":2013,""pop"":11237}]","181 cm Kaijou High #5 Shooting Guard Unorthodox Shooting The flirtatious, third-year Shooting Guard of the Kaijou team, Moriyama is a reliable player with a unique shooting form.",9,9,0,0,,https://s4.anilist.co/file/anilistcdn/character/large/b42805-2Wod7wrbZ6Bb.jpg,https://s4.anilist.co/file/anilistcdn/character/medium/b42805-2Wod7wrbZ6Bb.jpg,,,,https://anilist.co/character/42805,,,
al77605,anilist,2,14,,班,バン,Ban,Fox's Sin of Greed / Bandit Ban / Undead Ban,男,,43,动画,动画,七つの大罪,七大罪,2014,动画,"[{""t"":""七つの大罪"",""cn"":""七大罪"",""ty"":""动画"",""y"":2014,""pop"":529134},{""t"":""七つの大罪 戒めの復活"",""cn"":""七大罪 戒律的复活"",""ty"":""动画"",""y"":2018,""pop"":286406},{""t"":""七つの大罪 神々の逆鱗"",""cn"":""七大罪 诸神的逆鳞"",""ty"":""动画"",""y"":2019,""pop"":202771},{""t"":""七つの大罪 聖戦の予兆"",""cn"":""七大罪 圣战的预兆"",""ty"":""动画"",""y"":2016,""pop"":171917},{""t"":""七つの大罪 憤怒の審判"",""cn"":""七大罪 愤怒的审判"",""ty"":""动画"",""y"":2021,""pop"":139330},{""t"":""劇場版 七つの大罪 天空の囚われ人"",""cn"":""剧场版 七大罪 天空的囚人"",""ty"":""动画"",""y"":2018,""pop"":89979}]",「強欲の罪（フォックス・シン）(Fox's Sin)のバン」。印となる獣は狐。刺青の位置は左の脇腹。 纹身：狐（Fox）位置：腹部左侧 银发赤眸，恶人脸青年，个性悠然自得，语尾常带『♪』。于『巴斯特监狱』归团，后被任命为猪帽子亭的厨师。相当擅长料理，喜欢喝酒却很易醉。以与团长互殴较量为乐，常欺负金，称呼霍克为『师傅』。,8544,8544,0,25,,https://s4.anilist.co/file/anilistcdn/character/large/b77605-NrjhQwZwgJ3l.png,https://s4.anilist.co/file/anilistcdn/character/medium/b77605-NrjhQwZwgJ3l.png,https://lain.bgm.tv/r/400/pic/crt/l/bb/2c/26571_crt_CtmD3.jpg,,,https://anilist.co/character/77605,https://bgm.tv/character/26571,,26571
vndb-c22769,vndb,2,14,,有坂真白,有坂 真白,Arisaka Mashiro,真白っち / Mashirocchi,女,,,Galgame,Galgame,蒼の彼方のフォーリズム,苍之彼方的四重奏,2014,Galgame,"[{""t"":""蒼の彼方のフォーリズム"",""cn"":""苍之彼方的四重奏"",""ty"":""Galgame"",""y"":2014,""pop"":6594},{""t"":""蒼の彼方のフォーリズム EXTRA1"",""cn"":""苍之彼方的四重奏 EXTRA1"",""ty"":""Galgame"",""y"":2017,""pop"":2082},{""t"":""蒼の彼方のフォーリズム EXTRA2"",""cn"":""苍之彼方的四重奏 EXTRA2"",""ty"":""Galgame"",""y"":2022,""pop"":1885}]",にぎやかでちっこい明日香やみさきの後輩。 先輩であるみさきの事が大好きで、本人曰く、 みさきの配下というかしもべのような感じ。 実家は“ましろうどん“を経営している。 かなりのゲーマーで、部屋には邪神ちゃんグッズが 溢れている。 EXTRA1： 家は 名物・四島うどん のお店で、久奈浜FC部の唯一の一年生。 やる気を失ったみさきをFC部に連れ戻し、努力の楽しさを知った。 自分を支え続けてくれた晶也が大好きで、恋人になってからは甘えまくる。 「えへへ…… に、似合ってますか？」,6594,0,6594,304,,https://t.vndb.org/ch/14/28114.jpg,https://t.vndb.org/ch/14/28114.jpg,https://lain.bgm.tv/r/400/pic/crt/l/a1/14/22880_crt_I6mOy.jpg?r=1459502622,#a79078 #d6c1ad #39343c #efe1cc #f3f1ee #ffffff,Blond Twin Tails Waist Length+ Straight Teen Slim Pale Cooking Missionary Cowgirl,,https://bgm.tv/character/22880,https://vndb.org/c22769,22880
vndb-c1599,vndb,2,14,,清浦刹那,清浦 刹那,Kiyoura Setsuna,Secchan,女,A,,Galgame,Galgame,School Days,日在校园,2005,Galgame,"[{""t"":""School Days"",""cn"":""日在校园"",""ty"":""Galgame"",""y"":2005,""pop"":4687},{""t"":""Shiny Days"",""cn"":""日了就闪"",""ty"":""Galgame"",""y"":2012,""pop"":1048},{""t"":""Summer Days"",""cn"":""日在盛夏"",""ty"":""Galgame"",""y"":2006,""pop"":229},{""t"":""Cross Days"",""cn"":""日在交叉"",""ty"":""Galgame"",""y"":2010,""pop"":179},{""t"":""Island Days"",""cn"":"""",""ty"":""Galgame"",""y"":2014,""pop"":27}]",榊野学园1年3组。班委员。由于小个子，经常被误会是初中学生。是世界青梅竹马且异母姐妹。 本来是坐在诚的旁边，但在世界的请求下让位。由于了解世界的感觉所以表面上没有什么特别，而实际上却抱着隐藏的感情。正常情况上是支持世界的，但在特定的路径下参与了争夺诚，另外的是有到访海外的经验。拥有自己独立的结局，但在各女角中只有她与光是没有特定的选项存在。 收录在光碟里却没有在游戏里使用的资料中，有一段“章鱼吻”的发言，引起了不少Fans的关注。,4687,0,4687,176,,https://t.vndb.org/ch/81/7881.jpg,https://t.vndb.org/ch/81/7881.jpg,https://lain.bgm.tv/r/400/pic/crt/l/8d/92/425_crt_9tqEl.jpg?r=1459666699,#95a5b9 #c6dbef #363c3f #f9f5f0 #e9e6e4 #ffffff,Black Curtained Shoulder-length Straight Slim Pale School Uniform Hard Worker Missionary Standing Sex,,https://bgm.tv/character/425,https://vndb.org/c1599,425
al82115,anilist,2,14,,小木曾雪菜,小木曽雪菜,Setsuna Ogiso,,女,,,动画|漫画|Galgame,动画,WHITE ALBUM 2,白色相簿2,2013,动画,"[{""t"":""WHITE ALBUM 2"",""cn"":""白色相簿2"",""ty"":""动画"",""y"":2013,""pop"":64138},{""t"":""WHITE ALBUM2"",""cn"":""白色相簿2"",""ty"":""Galgame"",""y"":2010,""pop"":4537},{""t"":""ホワイトアルバム２　ピクチャードラマ「祭りの、ほんのちょっと前」"",""cn"":"""",""ty"":""动画"",""y"":2014,""pop"":2487},{""t"":""WHITE ALBUM2 ミニアフターストーリー"",""cn"":""白色相簿2 mini After Story"",""ty"":""Galgame"",""y"":2012,""pop"":1027},{""t"":""WHITE ALBUM2 -ホワイトアルバム2-"",""cn"":""白色相簿2"",""ty"":""漫画"",""y"":2013,""pop"":746}]",峰城大付属３年Ａ組。 ミス峰城大付属二年連続制覇中。三連覇の期待がかかる高嶺の花。華やかな容姿に似合わず、穏やかで人当たりが良くて控えめという、非の打ちどころのない女の子。 …と、周囲に三年間信じ込ませることができるくらいにはいい性格で、その見えない壁を打ち破った者にだけ悪戯っぽく微笑むという。 誰にもひた隠しにしているが、趣味はヒトカ………カラオケ。 定番のオープニングナンバーは、ちょっと古めの流行歌(WHITE ALBUM)。,4537,460,4537,1250,,https://s4.anilist.co/file/anilistcdn/character/large/b82115-lI7wvY2xRlXl.png,https://s4.anilist.co/file/anilistcdn/character/medium/b82115-lI7wvY2xRlXl.png,https://t.vndb.org/ch/93/150593.jpg|https://lain.bgm.tv/r/400/pic/crt/l/c3/33/13390_crt_Am6C4.jpg,,Brown Twin Tails Long Straight Kemonomimi Teen Slim Pale Cooking Amnesia,https://anilist.co/character/82115,https://bgm.tv/character/13390,https://vndb.org/c10973,13390
vndb-c4690,vndb,2,14,,,サイネリア,Cineraria,Cineria / リア / Ria,女,,,Galgame,Galgame,SHUFFLE!,,2004,Galgame,"[{""t"":""SHUFFLE!"",""cn"":"""",""ty"":""Galgame"",""y"":2004,""pop"":4051},{""t"":""Tick! Tack!"",""cn"":"""",""ty"":""Galgame"",""y"":2005,""pop"":604}]",自分の欲望に忠実で思いのままに生きている。 露出の多い服装を好むせいか学園でも有名人。 （陰では痴女と言われている） その正体はサキュバスで、人間の姿を模して社会に溶け込んでいる。,4051,0,4051,3,,https://t.vndb.org/ch/47/4747.jpg,https://t.vndb.org/ch/47/4747.jpg,https://lain.bgm.tv/r/400/pic/crt/l/1d/36/73656_crt_0im4Q.jpg,#734946 #94b294 #d6beb1 #f1e4d8 #f4f3f0 #ffffff,Red Waist Length+ Curtained Straight Slim Pale Red Young-adult Dress Carefree,,https://bgm.tv/character/73656,https://vndb.org/c4690,73656
vndb-c6507,vndb,2,14,,森繁朔太郎,森繁 朔太郎,Morishige Sakutarou,Shig / Shig-bro / Shige-nii / Shig-nii,男,AB,,Galgame,Galgame,コープスパーティー ブラッドカバー,尸体派对 血色笼罩,2006,Galgame,"[{""t"":""コープスパーティー ブラッドカバー"",""cn"":""尸体派对 血色笼罩"",""ty"":""Galgame"",""y"":2006,""pop"":3556},{""t"":""コープスパーティー ブックオブシャドウズ"",""cn"":"""",""ty"":""Galgame"",""y"":2011,""pop"":1540},{""t"":""コープスパーティー BLOOD DRIVE"",""cn"":""尸体派对 驭血"",""ty"":""Galgame"",""y"":2014,""pop"":682},{""t"":""コープスパーティー -THE ANTHOLOGY- サチコの恋愛遊戯♥Hysteric Birthday 2U"",""cn"":""尸体派对 文选集 幸子的恋爱游戏 竭斯底里生日2U"",""ty"":""Galgame"",""y"":2012,""pop"":303}]",和铃本茧是同一演剧部，在学校时基本上两人都在一起。两人从中学时就常在一起，因此与铃本茧建立了兄妹关系，因此这次铃本茧的转校对他的打击很大。对演剧很热衷，不喜欢和别人交流，不轻易接触铃本以外的同学不论什么场合都独来独往。家庭环境的影响性格冷静沈着，说他很冷静不如说十分冰冷的目光中有着洞明世态炎凉的性质。幼时十分喜欢一直在身边的祖父，喜爱和菓子、日本茶，祖父在他六岁时去世，对祖父为他取的名字当成一件大事，不许任何人开玩笑。,3556,0,3556,5,,https://t.vndb.org/ch/30/18230.jpg,https://t.vndb.org/ch/30/18230.jpg,https://lain.bgm.tv/r/400/pic/crt/l/94/f5/20830_crt_4FF99.jpg?r=1375629011,#595963 #8e8891 #f1e2d5 #c9beb8 #ffffff,Violet Short Straight Teen Slim Pale Trousers Hard Worker Glasses Ore,,https://bgm.tv/character/20830,https://vndb.org/c6507,20830
vndb-c4016,vndb,2,14,,水越真子,水越 眞子,Mizukoshi Mako,Makomako,女,O,,Galgame,Galgame,D.C.～ダ・カーポ～,,2002,Galgame,"[{""t"":""D.C.～ダ・カーポ～"",""cn"":"""",""ty"":""Galgame"",""y"":2002,""pop"":2562},{""t"":""ことり Love Ex P"",""cn"":"""",""ty"":""Galgame"",""y"":2010,""pop"":434},{""t"":""D.C.I.F.～ダ・カーポ～イノセントフィナーレ"",""cn"":"""",""ty"":""Galgame"",""y"":2009,""pop"":371},{""t"":""D.C. ～ダ・カーポ～ シーズンズ"",""cn"":"""",""ty"":""Galgame"",""y"":2002,""pop"":71},{""t"":""D.C.Dream X’mas～ダ・カーポ～ドリームクリスマス"",""cn"":"""",""ty"":""Galgame"",""y"":2010,""pop"":61},{""t"":""D.C.~ダ・カーポ~温泉編"",""cn"":"""",""ty"":""Galgame"",""y"":2003,""pop"":43}]",Mako is a close friend of Nemu and is often concerned about her. She can be angered easily. She has been rivals with Suginami ever since elementary school and they often quarrel.,2562,0,2562,12,,https://t.vndb.org/ch/50/7350.jpg,https://t.vndb.org/ch/50/7350.jpg,https://lain.bgm.tv/r/400/pic/crt/l/30/b7/2498_crt_HY53p.jpg,#39576c #bbc7e0 #a4a29d #e9e2e2 #f4f5f6 #ffffff,Blue Short Straight Teen Slim Pale School Uniform Cooking Missionary Cowgirl,,https://bgm.tv/character/2498,https://vndb.org/c4016,2498
vndb-c7922,vndb,2,14,,鸟谷真琴,鳥谷 真琴,Toritani Makoto,Mako-chan,女,,,Galgame,Galgame,サクラノ詩－櫻の森の上を舞う－,,2015,Galgame,"[{""t"":""サクラノ詩－櫻の森の上を舞う－"",""cn"":"""",""ty"":""Galgame"",""y"":2015,""pop"":2546},{""t"":""サクラノ刻－櫻の森の下を歩む－"",""cn"":"""",""ty"":""Galgame"",""y"":2023,""pop"":1087},{""t"":""√ after and another"",""cn"":"""",""ty"":""Galgame"",""y"":2007,""pop"":253}]",主人公の同級生。 現美術部部長であり、その部の存続のために尽力している。 傍若無人を演じているが、非常に繊細で優しい。 彼女が部を守るために虚勢を張る姿は、子を守るライオンのようである。 原画：籠目,2546,0,2546,230,,https://t.vndb.org/ch/31/65631.jpg,https://t.vndb.org/ch/31/65631.jpg,https://lain.bgm.tv/r/400/pic/crt/l/8c/00/31320_crt_L7Ho7.jpg?r=1663909161,#4c3e3d #a68686 #debeba #e8ddd9 #f6f3f0 #ffffff,Pink Odango Twin Tails Shoulder-length Teen Slim Pale School Uniform Hard Worker Cowgirl,,https://bgm.tv/character/31320,https://vndb.org/c7922,31320
vndb-c5403,vndb,2,14,,,辻堂 真琴,Tsujidou Makoto,Inamura Chain / Messed Up Makoto / メッチャクチャの真琴 / 稲村チェーン,女,,,Galgame,Galgame,辻堂さんの純愛ロード,,2012,Galgame,"[{""t"":""辻堂さんの純愛ロード"",""cn"":"""",""ty"":""Galgame"",""y"":2012,""pop"":2008},{""t"":""辻堂さんのバージンロード"",""cn"":"""",""ty"":""Galgame"",""y"":2013,""pop"":352},{""t"":""みなとカーニバルＦＤ"",""cn"":"""",""ty"":""Galgame"",""y"":2017,""pop"":80}]","Ai's mother who was a delinquent before known by the names ""Inamura Chain"" and ""Messed Up Makoto"".",2008,0,2008,0,,https://t.vndb.org/ch/85/85785.jpg,https://t.vndb.org/ch/85/85785.jpg,,#3d404a #8f8699 #cdbcc2 #e8e1e1 #f8f4f1 #ffffff,White Ponytail Long Slim Pale Cooking Young-adult Apron Shirt Jeans,,,https://vndb.org/c5403,
vndb-c35189,vndb,2,14,,,エリカ・ムラサキ,Erika Murasaki,,女,AB,,Galgame,Galgame,D.C.II ～ダ・カーポII～,,2006,Galgame,"[{""t"":""D.C.II ～ダ・カーポII～"",""cn"":"""",""ty"":""Galgame"",""y"":2006,""pop"":1927},{""t"":""D.C.III ～ダ・カーポIII～"",""cn"":"""",""ty"":""Galgame"",""y"":2012,""pop"":1134},{""t"":""D.C.II Dearest Marriage ～ダ・カーポII～ ディアレストマリッジ"",""cn"":"""",""ty"":""Galgame"",""y"":2015,""pop"":86},{""t"":""D.C.II Fall in Love ～ダ・カーポII～フォーリンラブ"",""cn"":"""",""ty"":""Galgame"",""y"":2009,""pop"":74},{""t"":""D.C.Dream X’mas～ダ・カーポ～ドリームクリスマス"",""cn"":"""",""ty"":""Galgame"",""y"":2010,""pop"":61}]","Politeness and manners, people Rudeness, perverted men Erika is a princess. For real. She appeared in Kazami School as a transfer student in order to learn how to understand people better and become a worthy monarch in the future.",1927,0,1927,0,,https://t.vndb.org/ch/02/6102.jpg,https://t.vndb.org/ch/02/6102.jpg,,#c1987f #614c5d #efe4c9 #cdc2bb #efeeed #fefefe,Blond Twin Tails Waist Length+ Straight Teen Slim Pale Missionary Doggy Style Cowgirl,,,https://vndb.org/c5960,
al87267,anilist,2,14,,,御子柴実琴,Mikoto Mikoshiba ,Mikorin (みこりん),男,A,16-17,动画|漫画,动画,月刊少女野崎くん,,2014,动画,"[{""t"":""月刊少女野崎くん"",""cn"":"""",""ty"":""动画"",""y"":2014,""pop"":223060},{""t"":""月刊少女野崎くん ミニOVAs"",""cn"":"""",""ty"":""动画"",""y"":2014,""pop"":33649},{""t"":""月刊少女野崎くん"",""cn"":"""",""ty"":""漫画"",""y"":2011,""pop"":26056},{""t"":""月刊少女野崎くん アンソロジー"",""cn"":"""",""ty"":""漫画"",""y"":2014,""pop"":1286},{""t"":""月刊少女野崎さん"",""cn"":"""",""ty"":""漫画"",""y"":2021,""pop"":774}]","177 cm (5'10"") Mikoto Mikoshiba is one of Nozaki's assistants and Yuu Kashima's best friend and classmate. He has red hair and equally red eyes. Both of his ears appear to be pierced and he usually wears tiny red earrings on them.",1713,1713,0,0,,https://s4.anilist.co/file/anilistcdn/character/large/87267.jpg,https://s4.anilist.co/file/anilistcdn/character/medium/87267.jpg,,,,https://anilist.co/character/87267,,,
al51337,anilist,2,14,,,ゼノヴィア,Xenovia Quarta,Zenovia,女,,,动画,动画,ハイスクールD×D NEW,恶魔高校 D×D NEW,2013,动画,"[{""t"":""ハイスクールD×D NEW"",""cn"":""恶魔高校 D×D NEW"",""ty"":""动画"",""y"":2013,""pop"":197148},{""t"":""ハイスクールD×D BorN"",""cn"":""恶魔高校 D×D BorN"",""ty"":""动画"",""y"":2015,""pop"":177430},{""t"":""ハイスクールD×D HERO"",""cn"":"""",""ty"":""动画"",""y"":2018,""pop"":137783},{""t"":""ハイスクールD×D NEW OVA おっぱい、包みます！"",""cn"":"""",""ty"":""动画"",""y"":2015,""pop"":42627},{""t"":""ハイスクールD×D BorN 蘇らない不死鳥"",""cn"":"""",""ty"":""动画"",""y"":2015,""pop"":35454},{""t"":""ハイスクールD×D BorN: 石踏一榮完全監修！妄想爆揺解除オリジナルビデオ"",""cn"":"""",""ty"":""动画"",""y"":2015,""pop"":26465}]","Low-class Knight Reincarnated Devil (Former Human) Excalibur Destruction (Volume 3), The Holy Sword Durandal → Ex-Durandal. A Holy Sword user who was sent from the Church along with Irina to destroy or retrieve the stolen Excalibur swords.",1576,1576,0,0,,https://s4.anilist.co/file/anilistcdn/character/large/b51337-QcbPyLiXoxB4.png,https://s4.anilist.co/file/anilistcdn/character/medium/b51337-QcbPyLiXoxB4.png,,,,https://anilist.co/character/51337,,,
al37685,anilist,2,14,,,水谷雫,Shizuku Mizutani,Mitti / Study Bug,女,B,16,动画|漫画,动画,となりの怪物くん,,2012,动画,"[{""t"":""となりの怪物くん"",""cn"":"""",""ty"":""动画"",""y"":2012,""pop"":261710},{""t"":""となりの怪物くん"",""cn"":"""",""ty"":""漫画"",""y"":2008,""pop"":31258},{""t"":""となりの極道くん"",""cn"":"""",""ty"":""动画"",""y"":2013,""pop"":22904}]","158 cm (5'2"") A high school student who is only interested about studying and getting the top grades in the class. She appears indifferent towards everything outside of studying.",1424,1424,0,0,,https://s4.anilist.co/file/anilistcdn/character/large/b37685-RTNZm8Tb7Sti.jpg,https://s4.anilist.co/file/anilistcdn/character/medium/b37685-RTNZm8Tb7Sti.jpg,,,,https://anilist.co/character/37685,,,
vndb-c17112,vndb,2,14,,,ショコラ・コレーション,Chocolat Collation,ルナ・ソティラス / Luna Soltiras,女,,,Galgame,Galgame,ぜったい最胸☆おっぱい戦争!! ～巨乳王国vs貧乳王国～,,2012,Galgame,,"A girl with a bad case of adolescent delusions who suddenly appears before Haruto and the others. Her entrance was accompanied by a grave atmosphere and she can use some flashy magic, so at first Haruto and the others thought she might be t…",1299,0,1299,0,,https://t.vndb.org/ch/54/21654.jpg,https://t.vndb.org/ch/54/21654.jpg,,#503268 #faaa57 #a07d96 #d9babc #f2e2e1 #fefcfc,White Ahoge Twin Tails Magician Cooking Missionary Doggy Style Blowjob Sixty-nine Virgin Sex,,,https://vndb.org/c17112,
vndb-c41741,vndb,2,14,,,新見 雪月,Niimi Yuzuki,,女,A,,Galgame,Galgame,銀色、遥か,,2016,Galgame,,"""A Step Sister Who Can't Get Used to Being a Younger Sister (妹になりきれない義妹)"" The little step sister of the protagonist, the two are having a hard time grasping the distance in their relationship. She's a very reserved girl.",1218,0,1218,0,,https://t.vndb.org/ch/87/54787.jpg,https://t.vndb.org/ch/87/54787.jpg,,#3d3355 #925367 #bba1aa #f0e1d8 #ffffff,Violet Bun Waist Length+ Straight Teen Slim Pale Hard Worker Cooking Cowgirl,,,https://vndb.org/c41741,
vndb-c31761,vndb,2,14,,,一剣,Hitotsurugi,,女,AB,,Galgame,Galgame,古書店街の橋姫,,2016,Galgame,,"""I see that you've been taking care of Kijuurou-sama."" One of a pair of twin maids who serve Hikawa. They entered service at 14, and now they are 74. Apparently retain their youthful looks from Hikawa's surgery.",1130,0,1130,0,,https://t.vndb.org/ch/13/38013.jpg,https://t.vndb.org/ch/13/38013.jpg,,#df2988 #c24a8b #c096b3 #2a2542 #6f5470 #d5d0d7,Black Waist Length+ Straight Slim Pale Fighting Grey Young-adult Dress Throwing Knife,,,https://vndb.org/c31761,
vndb-c31760,vndb,2,14,,,砂山,Sazan,,女,AB,,Galgame,Galgame,古書店街の橋姫,,2016,Galgame,,"""To think that the young master would have more friends. Tee-hee."" One of a pair of twin maids who serve Hikawa. They entered service at 14, and now they are 74. Apparently retain their youthful looks from Hikawa's surgery.",1130,0,1130,0,,https://t.vndb.org/ch/12/38012.jpg,https://t.vndb.org/ch/12/38012.jpg,,#e12989 #ca3986 #9b5381 #c395b4 #362b47 #d8d1d7,Black Ahoge Straight Slim Pale Fighting Grey Young-adult Dress Idiot,,,https://vndb.org/c31760,
vndb-c150819,vndb,2,14,,,喪白 もこ,Mojiro Moko,'Cheerful and Lively' Super Wrestler / Apocalyptic Maiden of Destruction / 什肆 (Fourteen),女,,,Galgame,Galgame,HUNDRED LINE -最終防衛学園-,,2025,Galgame,,"Zodiac Aquarius Flashy Finishers Backstage Politicking Specialist Special Wrestling ""Hmph, boys are soooo rude! I'll break your knee with a Dragon Screw as punishment!"" A young woman who is blowing up on the high school pro wrestling scene.…",1126,0,1126,0,,https://t.vndb.org/ch/82/177482.jpg,https://t.vndb.org/ch/82/177482.jpg,,#8f7497 #51365d #c0b7c2 #e7e1e3 #f9f2f6 #ffffff,Blue Long Teen Pale Proactive Hard Worker Fighting Muscular Glasses Gloves,,,https://vndb.org/c150819,
vndb-c26475,vndb,2,14,,,ハクメン,Hakumen,Cocky Person / Mask Person,男,A,,Galgame,Galgame,BLAZBLUE CALAMITY TRIGGER,,2008,Galgame,"[{""t"":""BLAZBLUE CALAMITY TRIGGER"",""cn"":"""",""ty"":""Galgame"",""y"":2008,""pop"":969},{""t"":""BLAZBLUE CONTINUUM SHIFT"",""cn"":"""",""ty"":""Galgame"",""y"":2009,""pop"":730},{""t"":""BLAZBLUE CHRONOPHANTASMA"",""cn"":"""",""ty"":""Galgame"",""y"":2013,""pop"":423},{""t"":""BLAZBLUE CENTRALFICTION"",""cn"":"""",""ty"":""Galgame"",""y"":2016,""pop"":356}]","Unknown Order None The Black Beast Hakumen is one of the Six Heroes, and a playable character in the BlazBlue series. Hakumen is a samurai-esque warrior wielding a sword around as tall as he is and wearing a mask that completely hides his f…",969,0,969,0,,https://t.vndb.org/ch/77/56677.jpg,https://t.vndb.org/ch/77/56677.jpg,,#7a7b88 #303239 #b4b7bf #dadee1 #f1f1f2 #ffffff,White Ponytail Straight Hero Villain Fighting Red Muscular Mask Hakama,,,https://vndb.org/c26475,
vndb-c25639,vndb,2,14,,,ジン゠キサラギ,Jin Kisaragi,Hero of Ikaruga / JinJin / Jinnie / Jinny,男,A,,Galgame,Galgame,BLAZBLUE CALAMITY TRIGGER,,2008,Galgame,"[{""t"":""BLAZBLUE CALAMITY TRIGGER"",""cn"":"""",""ty"":""Galgame"",""y"":2008,""pop"":969},{""t"":""BLAZBLUE CONTINUUM SHIFT"",""cn"":"""",""ty"":""Galgame"",""y"":2009,""pop"":730},{""t"":""BLAZBLUE CHRONOPHANTASMA"",""cn"":"""",""ty"":""Galgame"",""y"":2013,""pop"":423},{""t"":""BLAZBLUE CENTRALFICTION"",""cn"":"""",""ty"":""Galgame"",""y"":2016,""pop"":356}]","Collecting vintage motorcycles None None Weaklings, meat dishes To most, Jin is apathetic, cold, distant, and aloof, barely showing any emotion to anyone.",969,0,969,0,,https://t.vndb.org/ch/30/49630.jpg,https://t.vndb.org/ch/30/49630.jpg,,#5471bf #9f856e #482e38 #e7e5dd #bdbdbe #ffffff,Blond Short Slim Pale School Uniform Shinai Sword Student Hero Orphan,,,https://vndb.org/c25639,
al126418,anilist,2,14,1998,,虞扬,Yang Yu,YuYang / Hyeonu Oh (오현우) / ユー・ヤン,男,,,动画|漫画,漫画,Here U Are,,2017,漫画,"[{""t"":""Here U Are"",""cn"":"""",""ty"":""漫画"",""y"":2017,""pop"":30409},{""t"":""Here U Are"",""cn"":"""",""ty"":""动画"",""y"":"""",""pop"":2835},{""t"":""光响"",""cn"":"""",""ty"":""漫画"",""y"":2015,""pop"":2658}]",175 cm Second-year Art major. Came out as gay in junior high.,924,924,0,0,,https://s4.anilist.co/file/anilistcdn/character/large/126418-msxIsrdu4RUo.jpg,https://s4.anilist.co/file/anilistcdn/character/medium/126418-msxIsrdu4RUo.jpg,,,,https://anilist.co/character/126418,,,
al312796,anilist,2,14,,,豊川祥子,Sakiko Togawa,Saki / Oblivionis (オブリビオニス),女,,,动画|漫画,动画,BanG Dream! It's MyGO!!!!!,,2023,动画,"[{""t"":""BanG Dream! It's MyGO!!!!!"",""cn"":"""",""ty"":""动画"",""y"":2023,""pop"":22181},{""t"":""BanG Dream! Ave Mujica"",""cn"":"""",""ty"":""动画"",""y"":2025,""pop"":20511},{""t"":""BanG Dream! Ave Mujica prima aurora"",""cn"":"""",""ty"":""动画"",""y"":2026,""pop"":2803},{""t"":""元祖！バンドリちゃん"",""cn"":"""",""ty"":""动画"",""y"":2025,""pop"":2413},{""t"":""BanG Dream! It's MyGO!!!!! 雨にそよいで晴れを請う"",""cn"":"""",""ty"":""漫画"",""y"":2024,""pop"":804},{""t"":""BanG Dream! Ave Mujica -manuscriptus-"",""cn"":"""",""ty"":""漫画"",""y"":2025,""pop"":586}]","155 cm (5'1"") Sakiko is a first-year student at Haneoka Girls' High School. She is a refined person who comes from a rich family, and used to attend Tsukinomori Girls' Academy. She often plays the piano in the school's music room.",805,805,0,0,,https://s4.anilist.co/file/anilistcdn/character/large/b312796-VwamX0i26tsP.jpg,https://s4.anilist.co/file/anilistcdn/character/medium/b312796-VwamX0i26tsP.jpg,,,,https://anilist.co/character/312796,,,
vndb-c28302,vndb,2,14,,,赤ずきん,Akazukin,Red Riding Hood,男,,,Galgame,Galgame,大正×対称アリス,,2015,Galgame,"[{""t"":""大正×対称アリス"",""cn"":"""",""ty"":""Galgame"",""y"":2015,""pop"":794},{""t"":""大正×対称アリス"",""cn"":"""",""ty"":""Galgame"",""y"":2015,""pop"":794},{""t"":""大正×対称アリス"",""cn"":"""",""ty"":""Galgame"",""y"":2015,""pop"":794},{""t"":""大正×対称アリス"",""cn"":"""",""ty"":""Galgame"",""y"":2015,""pop"":794},{""t"":""大正×対称アリス HEADS&TAILS"",""cn"":"""",""ty"":""Galgame"",""y"":2017,""pop"":172}]","A police officer with a constantly stern face. He is usually covered by his trademark red hood. Though he tends to be calm, cool, and collected, there are also times where he unexpectedly breaks down.",794,0,794,0,,https://t.vndb.org/ch/80/101680.jpg,https://t.vndb.org/ch/80/101680.jpg,,#711916 #9f5a4c #c8a79f #eedbd4 #f5efec #ffffff,Blond Short Straight Slim Pale Red Young-adult Hood Scarf Shirt,,,https://vndb.org/c28302,
vndb-c8747,vndb,2,14,,,中多 紗江,Nakata Sae,,女,A,,Galgame,Galgame,アマガミ,,2009,Galgame,"[{""t"":""アマガミ"",""cn"":"""",""ty"":""Galgame"",""y"":2009,""pop"":775},{""t"":""アマガミ ちょっとおまけ劇場"",""cn"":"""",""ty"":""Galgame"",""y"":2010,""pop"":38},{""t"":""アマガミGS"",""cn"":"""",""ty"":""Galgame"",""y"":2012,""pop"":26}]","A friend and classmate of Miya's. Having studied at an all-girls school for most of her life, Sae is incredibly shy around men. Because of that, she has a soft, quiet voice.",775,0,775,0,,https://t.vndb.org/ch/97/9297.jpg,https://t.vndb.org/ch/97/9297.jpg,,#453b38 #977f75 #d6b8a7 #f5ddca #ffffff,Brown Twin Tails Wavy Shoulder-length Brown Teen Slim Pale School Uniform Coat,,,https://vndb.org/c8747,
vndb-c98081,vndb,2,14,,,彩瀬 逢桜,Ayase Aisa,Ayasaka Sakura / 彩坂 桜,女,B,,Galgame,Galgame,創作彼女の恋愛公式,,2021,Galgame,,"Watching pro baseball matches Stories with happy endings, ice cream, baseball Stories with sad endings, when her friends have sad expressions, otaku (it's suffocating because they start talking very passionately about things she hasn't hear…",738,0,738,0,,https://t.vndb.org/ch/34/118834.jpg,https://t.vndb.org/ch/34/118834.jpg,,#b57779 #5f5371 #c4b2b9 #ebddd9 #f6f3f0 #fefffe,Brown Ahoge Waist Length+ Teen Slim Pale Sweater Hard Worker Doggy Style Cowgirl,,,https://vndb.org/c98081,
vndb-c78792,vndb,2,14,,,中松 栄太,Nakamatsu Eita,,男,,,Galgame,Galgame,死印,,2017,Galgame,"[{""t"":""死印"",""cn"":"""",""ty"":""Galgame"",""y"":2017,""pop"":711},{""t"":""死噛 ～シビトマギレ～"",""cn"":"""",""ty"":""Galgame"",""y"":2022,""pop"":165}]","An occult maniac who's addicted to BBSes. He met Suzu through the reader's column in OOPArts Monthly, and she idolizes him like a big brother for whatever reason.",711,0,711,0,,https://t.vndb.org/ch/75/95475.jpg,https://t.vndb.org/ch/75/95475.jpg,,#454423 #101006 #7b7965 #929988 #c7cdc6 #fefefe,Black Young-adult Overweight Headband Otaku Boku NEET Timid Avoidable Death (obsolete),,,https://vndb.org/c78792,
al135021,anilist,2,14,,,ナベリウス・カルエゴ,Kalego Naberius,Callego / Eggie-sensei / Familiar-sensei / Kalego-kun,男,,35 (looks like),动画|漫画,动画,魔入りました！入間くん,入间同学入魔了,2019,动画,"[{""t"":""魔入りました！入間くん"",""cn"":""入间同学入魔了"",""ty"":""动画"",""y"":2019,""pop"":168432},{""t"":""魔入りました！入間くん 第2シリーズ"",""cn"":""入间同学入魔了 第二季"",""ty"":""动画"",""y"":2021,""pop"":106270},{""t"":""魔入りました！入間くん 第3シリーズ"",""cn"":""入间同学入魔了 第三季"",""ty"":""动画"",""y"":2022,""pop"":73866},{""t"":""魔入りました！入間くん 第4シリーズ"",""cn"":""入间同学入魔了 第四季"",""ty"":""动画"",""y"":2026,""pop"":41289},{""t"":""魔入りました！入間くん"",""cn"":""入间同学入魔了"",""ty"":""漫画"",""y"":2017,""pop"":37598},{""t"":""魔入りました！入間くん if Episode of 魔フィア"",""cn"":"""",""ty"":""动画"",""y"":2027,""pop"":4029}]",Chet (Anime & Manga) 182 cm Cerberion [Naberius Narnia](//anilist.co/character/287564/Naberius-Narnia) (Older Brother) Teacher [Iruma Suzuki](//anilist.co/character/135018/Suzuki-Iruma)'s Familiar/Contracted Demon The homeroom teacher of th…,699,699,0,0,,https://s4.anilist.co/file/anilistcdn/character/large/b135021-O3whhLZPdTFG.jpg,https://s4.anilist.co/file/anilistcdn/character/medium/b135021-O3whhLZPdTFG.jpg,,,,https://anilist.co/character/135021,,,
vndb-c55016,vndb,2,14,,,脇坂 かなめ,Wakisaka Kaname,,女,A,,Galgame,Galgame,人気声優のつくりかた,,2017,Galgame,,,699,0,699,0,,https://t.vndb.org/ch/98/65598.jpg,https://t.vndb.org/ch/98/65598.jpg,,#d2c3b8 #f1e4d2 #474443 #a59e9d #eeedf2 #ffffff,Black Shoulder-length Straight Slim Pale Trousers Drinking Strict Mole Watch,,,https://vndb.org/c55016,
al131611,anilist,2,14,,,飴村乱数,Ramuda Amemura,easy R,男,O,24,动画|漫画,动画,ヒプノシスマイク -Division Rap Battle- Rhyme Anima,,2020,动画,"[{""t"":""ヒプノシスマイク -Division Rap Battle- Rhyme Anima"",""cn"":"""",""ty"":""动画"",""y"":2020,""pop"":25410},{""t"":""ヒプノシスマイク-Division Rap Battle- Rhyme Anima +"",""cn"":"""",""ty"":""动画"",""y"":2023,""pop"":5302},{""t"":""ヒプノシスマイク -Before the Battle- The Dirty Dawg"",""cn"":"""",""ty"":""漫画"",""y"":2018,""pop"":1572},{""t"":""ヒプノシスマイク -Division Rap Battle- side F.P & M"",""cn"":"""",""ty"":""漫画"",""y"":2018,""pop"":1039},{""t"":""映画 ヒプノシスマイク -Division Rap Battle-"",""cn"":"""",""ty"":""动画"",""y"":2025,""pop"":994},{""t"":""Glory or Dust"",""cn"":"""",""ty"":""动画"",""y"":2021,""pop"":547}]","easy R Shibuya drops The optimist sees the doughnut, the pessimist sees the hole. One of the four former members of The Dirty Dawg and current leader of Fling Posse alongside his teammates, Arisugawa Dice and Yumeno Gentaro.",598,598,0,0,,https://s4.anilist.co/file/anilistcdn/character/large/b131611-BkFLj1BW9xGu.png,https://s4.anilist.co/file/anilistcdn/character/medium/b131611-BkFLj1BW9xGu.png,,,,https://anilist.co/character/131611,,,
vndb-c43414,vndb,2,14,,,クリストファー,Christopher,,男,,,Galgame,Galgame,マブラヴ オルタネイティヴ トータル・イクリプス,Muv-Luv Alternative Total Eclipse,2013,Galgame,,,597,0,597,0,,https://t.vndb.org/ch/05/52105.jpg,https://t.vndb.org/ch/05/52105.jpg,,#665d52 #9cb2ad #3b3936 #f3e6cb #80877f #c4c7cb,Brown Short Brown Pale Fighting Scar Death Mecha Pilot Pressure Suit Terrorist,,,https://vndb.org/c43414,
al88034,anilist,2,14,,,天々座理世,Rize Tedeza,Thé des Alizés,女,A,15-16,动画|漫画,动画,ご注文はうさぎですか？,,2014,动画,"[{""t"":""ご注文はうさぎですか？"",""cn"":"""",""ty"":""动画"",""y"":2014,""pop"":69463},{""t"":""ご注文はうさぎですか？？"",""cn"":"""",""ty"":""动画"",""y"":2015,""pop"":37790},{""t"":""ご注文はうさぎですか？ BLOOM"",""cn"":"""",""ty"":""动画"",""y"":2020,""pop"":22563},{""t"":""ご注文はうさぎですか?? ~Dear My Sister~"",""cn"":"""",""ty"":""动画"",""y"":2017,""pop"":15887},{""t"":""ご注文はうさぎですか？？ ~Sing For You~"",""cn"":"""",""ty"":""动画"",""y"":2019,""pop"":10516},{""t"":""ご注文はうさぎですか？"",""cn"":"""",""ty"":""漫画"",""y"":2011,""pop"":3429}]","160 cm Rize is a tough and headstrong girl. She secretly holds insecurity of not fitting in and can sometimes feel lonely; for example, while she is an independent and physically strong person, she tries to act like an average teenage girl…",589,589,0,0,,https://s4.anilist.co/file/anilistcdn/character/large/b88034-RjrFBU7gVCGO.png,https://s4.anilist.co/file/anilistcdn/character/medium/b88034-RjrFBU7gVCGO.png,,,,https://anilist.co/character/88034,,,
vndb-c17718,vndb,2,14,,,鮎ヶ瀬 月子,Ayugase Tsukiko,,女,A,,Galgame,Galgame,向日葵の教会と長い夏休み,,2013,Galgame,"[{""t"":""向日葵の教会と長い夏休み"",""cn"":"""",""ty"":""Galgame"",""y"":2013,""pop"":578},{""t"":""向日葵の教会と長い夏休み"",""cn"":"""",""ty"":""Galgame"",""y"":2013,""pop"":578},{""t"":""向日葵の教会と長い夏休み"",""cn"":"""",""ty"":""Galgame"",""y"":2013,""pop"":578},{""t"":""向日葵の教会と長い夏休み"",""cn"":"""",""ty"":""Galgame"",""y"":2013,""pop"":578},{""t"":""向日葵の教会と長い夏休み"",""cn"":"""",""ty"":""Galgame"",""y"":2013,""pop"":578}]",,578,0,578,0,,https://t.vndb.org/ch/56/22356.jpg,https://t.vndb.org/ch/56/22356.jpg,,#46435c #c9c0bc #9b949d #e4dfda #f8f7f1 #ffffff,Waist Length+ Teen Slim Pale Grey Deredere Carefree Kanban Musume Swimming Tareme,,,https://vndb.org/c17718,
vndb-c19533,vndb,2,14,,,ハルカ,Haruka,,女,B,,Galgame,Galgame,リリウム×トライアングル,,2014,Galgame,,"Succubus Flirting with girls (only in delusions) Girls Ghosts and other paranormal things, thunder, screams",555,0,555,0,,https://t.vndb.org/ch/47/94847.jpg,https://t.vndb.org/ch/47/94847.jpg,,#d99cbb #f3c6d9 #75546d #f8e2ec #fbf5f4 #ffffff,Pink Ahoge Waist Length+ Straight Teen Slim Pale School Uniform Cunnilingus Sixty-nine,,,https://vndb.org/c19533,
al2309,anilist,2,14,,,小神あきら,Akira Kogami,,女,O,,动画|漫画|轻小说,动画,らき☆すた,幸运星,2007,动画,"[{""t"":""らき☆すた"",""cn"":""幸运星"",""ty"":""动画"",""y"":2007,""pop"":145270},{""t"":""らき☆すた OVA"",""cn"":"""",""ty"":""动画"",""y"":2008,""pop"":30889},{""t"":""宮河家の空腹"",""cn"":"""",""ty"":""动画"",""y"":2013,""pop"":8730},{""t"":""らき☆すた"",""cn"":""幸运星"",""ty"":""漫画"",""y"":2003,""pop"":4341},{""t"":""宮河家の空腹"",""cn"":"""",""ty"":""漫画"",""y"":2012,""pop"":336},{""t"":""宮河家の空腹"",""cn"":"""",""ty"":""轻小说"",""y"":2014,""pop"":116}]","Akira is a junior high school student who is also the captain of the Lucky ☆ Star informational ad section called ""Lucky Channel"" in the Comptiq magazine.",520,520,0,0,,https://s4.anilist.co/file/anilistcdn/character/large/b2309-5NpswOtwSUiA.png,https://s4.anilist.co/file/anilistcdn/character/medium/b2309-5NpswOtwSUiA.png,,,,https://anilist.co/character/2309,,,
vndb-c101472,vndb,2,14,,,本郷 虹夢,Hongou Nijimu,,女,AB,,Galgame,Galgame,AMBITIOUS MISSION,,2022,Galgame,"[{""t"":""AMBITIOUS MISSION"",""cn"":"""",""ty"":""Galgame"",""y"":2022,""pop"":496},{""t"":""AMBITIOUS MISSION アフターエピソード1 かぐや＆あてな"",""cn"":"""",""ty"":""Galgame"",""y"":2023,""pop"":148},{""t"":""AMBITIOUS MISSION アフターエピソード2 弥栄＆虹夢＆シャル"",""cn"":"""",""ty"":""Galgame"",""y"":2023,""pop"":112}]",,496,0,496,0,,https://t.vndb.org/ch/50/128750.jpg,https://t.vndb.org/ch/50/128750.jpg,,#d6b479 #ab4d51 #e4cebd #efe6dc #f7f6f4 #ffffff,Blond Long Wavy Straight Teen Slim Doggy Style Cowgirl Blowjob Sixty-nine,,,https://vndb.org/c101472,
al141858,anilist,2,14,,,ペトラ・レイテ,Petra Leyte,,女,,12-,动画|轻小说,动画,Re:ゼロから始める異世界生活,Re：从零开始的异世界生活,2016,动画,"[{""t"":""Re:ゼロから始める異世界生活"",""cn"":""Re：从零开始的异世界生活"",""ty"":""动画"",""y"":2016,""pop"":621774},{""t"":""Re:ゼロから始める異世界生活 2nd Season"",""cn"":""Re：从零开始的异世界生活 第二季"",""ty"":""动画"",""y"":2020,""pop"":379615},{""t"":""Re:ゼロから始める異世界生活 2nd Season Part 2"",""cn"":"""",""ty"":""动画"",""y"":2021,""pop"":307396},{""t"":""Re:ゼロから始める異世界生活 4th season"",""cn"":"""",""ty"":""动画"",""y"":2026,""pop"":139798},{""t"":""Re:ゼロから始める異世界生活 OVAs"",""cn"":"""",""ty"":""动画"",""y"":2018,""pop"":112258},{""t"":""Re:ゼロから始める異世界生活"",""cn"":""Re：从零开始的异世界生活"",""ty"":""轻小说"",""y"":2014,""pop"":30155}]",Petra is a bright and kind girl from Irlam Village. She likes [Subaru](//anilist.co/character/88573/Natsuki-Subaru) very much after he saved her from the Wolgarm incident.,453,453,0,0,,https://s4.anilist.co/file/anilistcdn/character/large/b141858-wO0Uj6o4OpUI.jpg,https://s4.anilist.co/file/anilistcdn/character/medium/b141858-wO0Uj6o4OpUI.jpg,,,,https://anilist.co/character/141858,,,
vndb-c53946,vndb,2,14,,,聖代橋 氷織,Miyohashi Koori,Kōri / Ori-chan,女,,,Galgame,Galgame,しゅがてん！-sugarfull tempering-,,2017,Galgame,,Earl Grey tea Sweet foods Favorite Chocolate cake A girl who lives and works at Folkroll. She lives there since it is convenient for her to go to school from there. She is a very serious and resolute person and is the backbone of Folkroll.,418,0,418,0,,https://t.vndb.org/ch/95/71295.jpg,https://t.vndb.org/ch/95/71295.jpg,,#85607c #bab0c2 #dcd7dd #f1eced #fcfbf7,White Twin Tails Waist Length+ Straight Teen Slim Pale School Uniform Sweater Missionary,,,https://vndb.org/c53946,
vndb-c104917,vndb,2,14,,,ノア・フォン・レオンシュタイン,Noa von Leonstein,,女,,,Galgame,Galgame,ジュエリー・ハーツ・アカデミア -We will wing wonder world-,,2022,Galgame,"[{""t"":""ジュエリー・ハーツ・アカデミア -We will wing wonder world-"",""cn"":"""",""ty"":""Galgame"",""y"":2022,""pop"":402},{""t"":""ジュエリー・ナイツ・アルカディア -The ends of the world-"",""cn"":"""",""ty"":""Galgame"",""y"":2025,""pop"":159}]","""Eheh, thank you to all Pegasus members for all the help you've given to my brother."" - Academia Affiliated School - February 14 - 150cm - Three B78(B)/W58/H80 - Her brother's paintings - Courtly ties The first princess of Phrygia's royal f…",402,0,402,0,,https://t.vndb.org/ch/78/126378.jpg,https://t.vndb.org/ch/78/126378.jpg,,#7675b0 #baaabe #e8d8cd #f4eee4 #faf9f8,Blond Long Slim Pale Kid Full Sister Princess Vampire Homicide Cyan,,,https://vndb.org/c104917,
vndb-c45015,vndb,2,14,,,美鳩 夏乃,Mihato Kano,,女,O,,Galgame,Galgame,フローラル・フローラブ,,2016,Galgame,,Reading manga,379,0,379,0,,https://t.vndb.org/ch/76/54776.jpg,https://t.vndb.org/ch/76/54776.jpg,,#5185c2 #d16261 #ebab95 #efd0cf #faeee8 #fefffe,Odango Twin Tails Waist Length+ Curtained Teen Slim Pale School Uniform Missionary Cowgirl,,,https://vndb.org/c45015,
al212388,anilist,2,14,,,北斗,Beidou,Uncrowned Lord of the Ocean / Queen of the Crux Fleet,女,,,漫画,漫画,原神 電撃コミックアンソロジー,,2021,漫画,,": Liyue : Victor Mare As the Captain of the Crux Fleet, Beidou loves travelling the oceans, setting sail with her ship and crew to any place they desire.",376,376,0,0,,https://s4.anilist.co/file/anilistcdn/character/large/b212388-L07J15y5CbF2.jpg,https://s4.anilist.co/file/anilistcdn/character/medium/b212388-L07J15y5CbF2.jpg,,,,https://anilist.co/character/212388,,,
al131453,anilist,2,14,,,김명대,Myung-Dae Kim,MD,男,,32,漫画,漫画,BJ 알렉스,,2017,漫画,,"183 cm Life requires a little bit of thrill. Office Professional formal style. Wears suits a lot because of his job, and enjoys wearing long-length outerwear over them.",347,347,0,0,,https://s4.anilist.co/file/anilistcdn/character/large/n131453-VPzzxy79gnJH.jpg,https://s4.anilist.co/file/anilistcdn/character/medium/n131453-VPzzxy79gnJH.jpg,,,,https://anilist.co/character/131453,,,
vndb-c89284,vndb,2,14,,,,Rin Rokuhara,Nithhala,女,,,Galgame,Galgame,Lessons in Love,,2022,Galgame,,"Loves music and is a bit of a gamer. Rin is very relaxed and down to earth most of the time, but can be excitable or moody at other points. Very close with her roommate Futaba; the two often compare each other to sisters.",342,0,342,0,,https://t.vndb.org/ch/07/107807.jpg,https://t.vndb.org/ch/07/107807.jpg,,#3a263b #8a5b69 #cfacae #f8dfd9 #ffffff,Black Blond Ponytail Teen Pale School Uniform Student Pajamas Secretive Romantically Indecisive,,,https://vndb.org/c89284,
vndb-c7152,vndb,2,14,,,月城 神楽,Tsukishiro Kagura,"Princess Kaguya, Kaguya-hime, かぐや姫",女,A,,Galgame,Galgame,へんし～ん!!! ～パンツになってクンクンペロペロ～,,2011,Galgame,,"The protagonistr's classmate and Miko's best friend. She is wearing a men's uniform shirt for some reason. She's like a class mascot, called ""Princess Kaguya"" because of her name, her hairstyle, and the sleeves of her fluffy shirt.",342,0,342,0,,https://t.vndb.org/ch/02/9602.jpg,https://t.vndb.org/ch/02/9602.jpg,,#665e8b #9e9dba #bdcadb #e5e6e9 #f7f8f4 #ffffff,Violet Ponytail Twin Tails Waist Length+ Straight Cross-dressing Brown Teen Slim Pale,,,https://vndb.org/c7152,
vndb-c31379,vndb,2,14,,,富士見 鈴,Fujimi Suzu,,女,AB,,Galgame,Galgame,アザナエル,Axanael,2010,Galgame,"[{""t"":""アザナエル"",""cn"":""Axanael"",""ty"":""Galgame"",""y"":2010,""pop"":329},{""t"":""ソニプロ"",""cn"":"""",""ty"":""Galgame"",""y"":2014,""pop"":8}]","A part-time worker at ""Supernova"", and the bassist and leader of the all-girls' band Dai Ichi Uchuu Sokudo. She is also Ena's older sister. Once upon a time she used do girls' wrestling, and knows how to drop some good drop kicks.",329,0,329,0,,https://t.vndb.org/ch/44/69844.jpg,https://t.vndb.org/ch/44/69844.jpg,,#daadb9 #665d6a #f8dde4 #ffffff,Black Teen Slim Pale Fighting Green Pantyhose Friendly Full Sister Short-tempered,,,https://vndb.org/c31379,
vndb-c74811,vndb,2,14,,,天羽 薫,Amaha Nio,,男,O,,Galgame,Galgame,1bitHeart,,2015,Galgame,,"A princely part-timer. Has many female fans due to his personality. Kind of spontaneous, but he does good work. Works a couple of jobs at once, it seems.",316,0,316,0,,https://t.vndb.org/ch/62/90562.jpg,https://t.vndb.org/ch/62/90562.jpg,,#6ea0be #b65c7a #55597a #99b1c2 #727d97 #e1c1c4,Brown Ahoge Friend Kind Popular Itome Part-time Worker Halo,,,https://vndb.org/c74811,
al4289,anilist,2,14,,,キッシュ,Quiche,Kisshu / Kishu / Kish / Dren,男,,,动画|漫画,动画,東京ミュウミュウ,,2002,动画,"[{""t"":""東京ミュウミュウ"",""cn"":"""",""ty"":""动画"",""y"":2002,""pop"":33088},{""t"":""東京ミュウミュウ にゅ～♡"",""cn"":"""",""ty"":""动画"",""y"":2022,""pop"":19024},{""t"":""東京ミュウミュウ にゅ〜♡ 第2期"",""cn"":"""",""ty"":""动画"",""y"":2023,""pop"":6235},{""t"":""東京ミュウミュウ"",""cn"":"""",""ty"":""漫画"",""y"":2000,""pop"":6140},{""t"":""東京ミュウミュウあ・ら・もーど"",""cn"":"""",""ty"":""漫画"",""y"":2003,""pop"":2263},{""t"":""ぷち！東京ミュウミュウ にゅ～♡"",""cn"":"""",""ty"":""动画"",""y"":2022,""pop"":689}]","He is the first of the alien antagonists who come to Earth, wishing to ""reclaim it."" His people were originally from Earth, and were forced to flee their planet.",286,286,0,0,,https://s4.anilist.co/file/anilistcdn/character/large/4289.jpg,https://s4.anilist.co/file/anilistcdn/character/medium/4289.jpg,,,,https://anilist.co/character/4289,,,
vndb-c218,vndb,2,14,,,柊 高嶺,Hiiragi Takane,Aneki / Takane-aneki / 姉貴,女,O,,Galgame,Galgame,つよきす,娇蛮之吻,2005,Galgame,"[{""t"":""つよきす"",""cn"":""娇蛮之吻"",""ty"":""Galgame"",""y"":2005,""pop"":284},{""t"":""姉、ちゃんとしようよっ！"",""cn"":"""",""ty"":""Galgame"",""y"":2003,""pop"":50},{""t"":""みにきす　～つよきすファンディスク～"",""cn"":"""",""ty"":""Galgame"",""y"":2006,""pop"":37},{""t"":""姉、ちゃんとしようよっ！2"",""cn"":"""",""ty"":""Galgame"",""y"":2004,""pop"":36}]",2nd youngest.,284,0,284,0,,https://t.vndb.org/ch/79/13679.jpg,https://t.vndb.org/ch/79/13679.jpg,,#c8565a #e2bf97 #efd6c4 #f6e7db #ffffff,Red Twin Tails Long Shoulder-length Straight Teen Slim Pale Missionary Cowgirl,,,https://vndb.org/c218,
vndb-c62608,vndb,2,14,,,結城 七罪,Yuuki Natsumi,Black Angel of Chaos / Nacchan / なっちゃん / 混沌ノ黑天使,女,AB,,Galgame,Galgame,俺達の世界わ終っている。,,2017,Galgame,,"Real solitude, black tea, ohagi drawing illustrations illustrator A new-style designer who lives in the office of Judgement 7.",259,0,259,0,,https://t.vndb.org/ch/53/74953.jpg,https://t.vndb.org/ch/53/74953.jpg,,#2e2841 #675472 #b09ca6 #e8cecb #ffffff,Blue Waist Length+ Straight Teen Slim Pale Cooking Fighting Dress Glasses,,,https://vndb.org/c62608,
al277991,anilist,2,14,1324,,伦纳德·米切尔,Leonard Mitchell,Dear Poet,男,,25,动画|漫画,动画,诡秘之主 小丑篇​,,2025,动画,"[{""t"":""诡秘之主 小丑篇​"",""cn"":"""",""ty"":""动画"",""y"":2025,""pop"":115169},{""t"":""诡秘之主"",""cn"":"""",""ty"":""漫画"",""y"":2020,""pop"":8094},{""t"":""诡秘之主"",""cn"":"""",""ty"":""漫画"",""y"":2025,""pop"":4239}]",Leonard is a relaxed person who doesn't like rules by nature. He often put his feet on the table and didn't like going to church.,258,258,0,0,,https://s4.anilist.co/file/anilistcdn/character/large/b277991-XOxI29cL2yB7.png,https://s4.anilist.co/file/anilistcdn/character/medium/b277991-XOxI29cL2yB7.png,,,,https://anilist.co/character/277991,,,
vndb-c56452,vndb,2,14,,,西 正人,Nishi Masahito,Dr. West,男,AB,,Galgame,Galgame,EXTRAVAGANZA ～蟲愛でる少女～,,2006,Galgame,"[{""t"":""EXTRAVAGANZA ～蟲愛でる少女～"",""cn"":"""",""ty"":""Galgame"",""y"":2006,""pop"":252},{""t"":""AGEHA ~EXTRAVAGANZA~"",""cn"":"""",""ty"":""Galgame"",""y"":2009,""pop"":59}]",,252,0,252,0,,https://t.vndb.org/ch/07/67307.jpg,https://t.vndb.org/ch/07/67307.jpg,,#b59b9f #686272 #d5cccb #ede6e3 #f8f6f6 #ffffff,Short Pale Villain Adult Muscular Glasses Necktie Shirt Smoking Scientist,,,https://vndb.org/c56452,
vndb-c43223,vndb,2,14,,,エドワルド・モリアーティ,Edward Moriarty,Moriarty Jr. / モリアーティ Jr,男,AB,,Galgame,Galgame,英国探偵ミステリア,,2013,Galgame,,"The Napoleon of the criminal world, he's the son of the famed professor Moriarty. Although he puts an innocent and moody façade, he's actually a very cunning person. He travels back and forth from London to Paris. Loves sweet things.",245,0,245,0,,https://t.vndb.org/ch/20/198520.jpg,https://t.vndb.org/ch/20/198520.jpg,,#36242a #5d6478 #a5a3b0 #d4cfd4 #edebed #ffffff,White Shoulder-length Slim Pale Grey Young-adult Necktie Vest Based on a Fictional Character Eye Covering,,,https://vndb.org/c43223,
al129756,anilist,2,14,,,相場愛美,Manami Aiba,La Brava (ラブラバ) / Honey,女,,,动画|漫画,动画,僕のヒーローアカデミア４,,2019,动画,"[{""t"":""僕のヒーローアカデミア４"",""cn"":"""",""ty"":""动画"",""y"":2019,""pop"":532336},{""t"":""僕のヒーローアカデミア 7"",""cn"":"""",""ty"":""动画"",""y"":2024,""pop"":184749},{""t"":""僕のヒーローアカデミア"",""cn"":""我的英雄学院"",""ty"":""漫画"",""y"":2014,""pop"":178045},{""t"":""僕のヒーローアカデミア FINAL SEASON"",""cn"":""我的英雄学院 最终季"",""ty"":""动画"",""y"":2025,""pop"":133359}]","Love Manami is a short woman who wears an elaborate outfit with several heart motifs, such as heart-shaped earrings, belt buckles, and a bowtie.",245,245,0,0,,https://s4.anilist.co/file/anilistcdn/character/large/b129756-PfqvhMnYR9o5.png,https://s4.anilist.co/file/anilistcdn/character/medium/b129756-PfqvhMnYR9o5.png,,,,https://anilist.co/character/129756,,,
al120991,anilist,2,14,,,皆川茜,Akane Minagawa,,女,,23,动画|漫画,动画,クズの本懐,,2017,动画,"[{""t"":""クズの本懐"",""cn"":"""",""ty"":""动画"",""y"":2017,""pop"":182233},{""t"":""クズの本懐"",""cn"":"""",""ty"":""漫画"",""y"":2012,""pop"":25107},{""t"":""クズの本懐 décor"",""cn"":"""",""ty"":""漫画"",""y"":2017,""pop"":5218}]","Akane Minagawa is a music teacher at Hanabi's school. She hides her true personality with a ""mask"" at the beginning of the story, but it's clear to see that she is very manipulative and takes pride in hurting others.",241,241,0,0,,https://s4.anilist.co/file/anilistcdn/character/large/b120991-ZR7jzwBrGtTT.jpg,https://s4.anilist.co/file/anilistcdn/character/medium/b120991-ZR7jzwBrGtTT.jpg,,,,https://anilist.co/character/120991,,,
vndb-c145949,vndb,2,14,,,,Ai,Ai-chan,女,,,Galgame,Galgame,Love Angel Syndrome,,,Galgame,,A comforting yet unsettling character that will try to take care of Yuuna since the first moment she downloaded her on her computer.,235,0,235,0,,https://t.vndb.org/ch/84/171384.jpg,https://t.vndb.org/ch/84/171384.jpg,,#7d5f6e #b997a8 #d6c3d0 #eae5e9 #f8f5fa,Pink Twin Tails Waist Length+ Slim Pale Violet Wristband Bandages Yandere Deredere,,,https://vndb.org/c145949,
vndb-c17485,vndb,2,14,,,,Romance Detective,,女,,,Galgame,Galgame,Romance Detective,,2014,Galgame,"[{""t"":""Romance Detective"",""cn"":"""",""ty"":""Galgame"",""y"":2014,""pop"":216},{""t"":""Romance Detective 2"",""cn"":"""",""ty"":""Galgame"",""y"":2016,""pop"":56}]",Eccentric woman whose mission in life is to solve crimes of passion. Her real name is Rose. She is very sensitive about her eyes and always keeps them hidden behind sunglasses. Chrys is the first person she's shown them to in years.,216,0,216,0,,https://t.vndb.org/ch/88/22188.jpg,https://t.vndb.org/ch/88/22188.jpg,,#8d7564 #ccb4a0 #261f2b #ded4ce #ffffff,Black Long Pale Fedora Hidden Young-adult Trench Coat Gloves Shorts Pretending,,,https://vndb.org/c17485,
vndb-c16139,vndb,2,14,,,南波 愛沙,Minami Aisa,,女,,,Galgame,Galgame,炎の孕ませ乳ドルマイ★スター学園Z,,2014,Galgame,,"Local Idol Cheerleading Favorite Sweets, Chinsuko (a traditional Okinawan snack) Candy sommelier Special “Does forgetting to wear my panties count?” Problem Academics (especially math) Minami comes from Okinawa as an idol looking to promote…",203,0,203,0,1,https://t.vndb.org/ch/65/21065.jpg,https://t.vndb.org/ch/65/21065.jpg,,#763037 #b47181 #c7b1c4 #f3e1d7 #ece8f4 #ffffff,Red Ponytail Waist Length+ Teen Slim Pale School Uniform Doggy Style Cowgirl Standing Sex,,,https://vndb.org/c16139,
vndb-c4809,vndb,2,14,,,白鳥 弥彦,Shiratori Yahiko,,男,,,Galgame,Galgame,Starry☆Sky ~in Summer~,,2009,Galgame,"[{""t"":""Starry☆Sky ~in Summer~"",""cn"":"""",""ty"":""Galgame"",""y"":2009,""pop"":197},{""t"":""Starry☆Sky ~After Summer~"",""cn"":"""",""ty"":""Galgame"",""y"":2011,""pop"":68}]","A member of the archery club and part of the ""Idiot trio"". He is a second year.",197,0,197,0,,https://t.vndb.org/ch/59/4859.jpg,https://t.vndb.org/ch/59/4859.jpg,,#f0c880 #77695d #f6e2c7 #a9b6c2 #d5e0e8 #fdfdfe,Brown Wavy Curtained School Uniform Blue Hakama Ore Idiot Friendly School Archery Club Member,,,https://vndb.org/c4809,
al121767,anilist,2,14,,,クリストフ・ジャコメッティ,Christophe Giacometti,Chris,男,,25,动画|漫画,动画,ユーリ!!! on ICE,冰上的尤里,2016,动画,"[{""t"":""ユーリ!!! on ICE"",""cn"":""冰上的尤里"",""ty"":""动画"",""y"":2016,""pop"":231691},{""t"":""ユーリ!!! on ICE 番外編 Welcome to The Madness"",""cn"":"""",""ty"":""漫画"",""y"":2017,""pop"":830}]","Chris is a 25-year-old Swiss figure skater. Chris has a deep love for figure skating. He is also a very sexual person, which is reflected in both his personal relationships and in his figure skating.",144,144,0,0,,https://s4.anilist.co/file/anilistcdn/character/large/b121767-Y9lmX1O1PPUs.jpg,https://s4.anilist.co/file/anilistcdn/character/medium/b121767-Y9lmX1O1PPUs.jpg,,,,https://anilist.co/character/121767,,,
al64629,anilist,2,14,,,十束多々良,Tatara Totsuka,,男,AB,22,动画,动画,K,,2012,动画,"[{""t"":""K"",""cn"":"""",""ty"":""动画"",""y"":2012,""pop"":173618},{""t"":""K RETURN OF KINGS"",""cn"":"""",""ty"":""动画"",""y"":2015,""pop"":65697},{""t"":""K MISSING KINGS"",""cn"":"""",""ty"":""动画"",""y"":2014,""pop"":54450},{""t"":""K SEVEN STORIES「R:B ～BLAZE～」"",""cn"":"""",""ty"":""动画"",""y"":2018,""pop"":13536},{""t"":""K SEVEN STORIES「メモリー・オブ・レッド ～BURN～」"",""cn"":"""",""ty"":""动画"",""y"":2018,""pop"":6526},{""t"":""K SEVEN STORIES「Lost Small World ～檻の向こうに～」"",""cn"":"""",""ty"":""动画"",""y"":2018,""pop"":6305}]","172 cm One of the original members of HOMRA along with Suoh and Kusanagi. He can get along with anyone, so he often sets the mood in HOMRA. Totsuka has a calm, laid-back and very friendly personality.",135,135,0,0,,https://s4.anilist.co/file/anilistcdn/character/large/64629.jpg,https://s4.anilist.co/file/anilistcdn/character/medium/64629.jpg,,,,https://anilist.co/character/64629,,,
al40923,anilist,2,14,,,鳥太,Chota,,男,,39,动画|漫画,动画,ドロヘドロ,异兽魔都,2020,动画,"[{""t"":""ドロヘドロ"",""cn"":""异兽魔都"",""ty"":""动画"",""y"":2020,""pop"":190420},{""t"":""ドロヘドロ"",""cn"":""异兽魔都"",""ty"":""漫画"",""y"":2000,""pop"":88381},{""t"":""ドロヘドロ Season 2"",""cn"":""异兽魔都 第二季"",""ty"":""动画"",""y"":2026,""pop"":44164},{""t"":""ドロヘドロ 魔のおまけ"",""cn"":"""",""ty"":""动画"",""y"":2020,""pop"":24566}]","Chota is an elite Magic-User, one of the ""big brass"" of The En Family, and the most avid fanatic of En. He is completely obsessed with En and ever-hopeful of being his partner. (Dorohedoro Wiki)",131,131,0,0,,https://s4.anilist.co/file/anilistcdn/character/large/40923.jpg,https://s4.anilist.co/file/anilistcdn/character/medium/40923.jpg,,,,https://anilist.co/character/40923,,,
al74011,anilist,2,14,,,霜月美佳,Mika Shimotsuki,,女,,,动画,动画,PSYCHO-PASS サイコパス,心理测量者,2012,动画,"[{""t"":""PSYCHO-PASS サイコパス"",""cn"":""心理测量者"",""ty"":""动画"",""y"":2012,""pop"":356404},{""t"":""PSYCHO-PASS サイコパス2"",""cn"":""心理测量者2"",""ty"":""动画"",""y"":2014,""pop"":139043},{""t"":""PSYCHO-PASS サイコパス3"",""cn"":"""",""ty"":""动画"",""y"":2019,""pop"":73593},{""t"":""劇場版 PSYCHO-PASS サイコパス"",""cn"":""剧场版 心理测量者"",""ty"":""动画"",""y"":2015,""pop"":66996},{""t"":""PSYCHO-PASS サイコパス Sinners of the System Case.1 - 罪と罰"",""cn"":"""",""ty"":""动画"",""y"":2019,""pop"":35663},{""t"":""PSYCHO-PASS サイコパス Sinners of the System Case.2 - First Guardian"",""cn"":"""",""ty"":""动画"",""y"":2019,""pop"":32783}]",She is a student of Oso Girl's Academy who seems to be aware of what's going on around campus. She is [Kagami](//anilist.co/character/74009/)'s friend and classmate.,97,97,0,0,,https://s4.anilist.co/file/anilistcdn/character/large/b74011-YFYdac7ItI1t.jpg,https://s4.anilist.co/file/anilistcdn/character/medium/b74011-YFYdac7ItI1t.jpg,,,,https://anilist.co/character/74011,,,
al9313,anilist,2,14,,,ケン・マスターズ,Ken Masters,,男,,,动画,动画,トニカクカワイイ,总之就是非常可爱,2020,动画,"[{""t"":""トニカクカワイイ"",""cn"":""总之就是非常可爱"",""ty"":""动画"",""y"":2020,""pop"":246470},{""t"":""ハイスコアガール"",""cn"":"""",""ty"":""动画"",""y"":2018,""pop"":72916},{""t"":""ハイスコアガール II"",""cn"":"""",""ty"":""动画"",""y"":2019,""pop"":38121},{""t"":""対ありでした。 ～お嬢さまは格闘ゲームなんてしない～"",""cn"":"""",""ty"":""动画"",""y"":2026,""pop"":27719},{""t"":""ストリートファイターII"",""cn"":"""",""ty"":""动画"",""y"":1994,""pop"":8622},{""t"":""ストリートファイターII V"",""cn"":"""",""ty"":""动画"",""y"":1995,""pop"":5494}]",Ryu's best friend and the only son of the extremely rich Masters family. He lives in San Francisco with his parents in a very large mansion (it takes 20 minutes to drive from the front yard to the main house).,77,77,0,0,,https://s4.anilist.co/file/anilistcdn/character/large/b9313-T4jq0jGXmmyN.png,https://s4.anilist.co/file/anilistcdn/character/medium/b9313-T4jq0jGXmmyN.png,,,,https://anilist.co/character/9313,,,
al312745,anilist,2,14,,,斎賀百,Momo Saiga,Saiga-100 (サイガ-100) / Psyger-100,女,,24,动画|漫画,动画,シャングリラ・フロンティア,,2023,动画,"[{""t"":""シャングリラ・フロンティア"",""cn"":"""",""ty"":""动画"",""y"":2023,""pop"":188183},{""t"":""シャングリラ・フロンティア 2nd season"",""cn"":"""",""ty"":""动画"",""y"":2024,""pop"":113228},{""t"":""シャングリラ・フロンティア〜クソゲーハンター, 神ゲーに挑まんとす〜"",""cn"":"""",""ty"":""漫画"",""y"":2020,""pop"":22507}]","The leader of Schwarzer Wolf—a top-tier clan dedicated to the extermination of Lycagon the Nightslayer. Saiga-0, who holds the title of Attack Holder, is also a member, and the leader commands a formidable roster of highly skilled individua…",58,58,0,0,,https://s4.anilist.co/file/anilistcdn/character/large/b312745-npxqNTaXmx6X.png,https://s4.anilist.co/file/anilistcdn/character/medium/b312745-npxqNTaXmx6X.png,,,,https://anilist.co/character/312745,,,
al348935,anilist,2,14,,,帯黒,Obiguro,,女,,26,动画|漫画,动画,SAKAMOTO DAYS,,2025,动画,"[{""t"":""SAKAMOTO DAYS"",""cn"":"""",""ty"":""动画"",""y"":2025,""pop"":220460},{""t"":""SAKAMOTO DAYS"",""cn"":"""",""ty"":""漫画"",""y"":2020,""pop"":88751}]",Assassin of the agency Dondenkai and a Japan Clear Creation (JCC) graduate.,33,33,0,0,,https://s4.anilist.co/file/anilistcdn/character/large/b348935-bjZVD3xjgzRz.png,https://s4.anilist.co/file/anilistcdn/character/medium/b348935-bjZVD3xjgzRz.png,,,,https://anilist.co/character/348935,,,
al160353,anilist,2,14,,Boss,ボス,Voss,,男,A,17,动画|漫画,动画,BEASTARS,动物狂想曲,2019,动画,"[{""t"":""BEASTARS"",""cn"":""动物狂想曲"",""ty"":""动画"",""y"":2019,""pop"":258427},{""t"":""BEASTARS 第2期"",""cn"":""动物狂想曲 第二季"",""ty"":""动画"",""y"":2021,""pop"":140408},{""t"":""BEASTARS"",""cn"":""动物狂想曲"",""ty"":""漫画"",""y"":2016,""pop"":48902},{""t"":""BEASTARS FINAL SEASON Part 1"",""cn"":""动物狂想曲 最终季 第一部分"",""ty"":""动画"",""y"":2024,""pop"":42167},{""t"":""BEASTARS FINAL SEASON Part 2"",""cn"":""动物狂想曲 最终季 第二部分"",""ty"":""动画"",""y"":2026,""pop"":19747}]",日本に混乱をもたらさんと結成された秘密結社「アポカリプス」の女ボス。本名不明。20歳（自称）。 秘密結社の規模自体はかなり大きく、日本中の企業にスパイを潜り込ませ重要インフラを破壊することができるほどである。しかし妹のマユたんを溺愛しており、その行動原理は基本的に妹に相手にされないことへの八つ当たりか、妹に喜んでもらうための行動である。そのため同じく妹関連で暴走するお兄ちゃんとは気が合うことがあり、二人揃って姫苺の策に乗せられたことがある。,22,22,0,1,,https://s4.anilist.co/file/anilistcdn/character/large/b160353-ce7ze5gYPlOu.png,https://s4.anilist.co/file/anilistcdn/character/medium/b160353-ce7ze5gYPlOu.png,https://lain.bgm.tv/r/400/pic/crt/l/e9/bc/29737_crt_iEhtu.jpg,,,https://anilist.co/character/160353,https://bgm.tv/character/29737,,29737
al135252,anilist,2,14,,,三宮葵,Aoi  Sanguu,,女,,23,动画|漫画,动画,終わりのセラフ　名古屋決戦編,终结的炽天使 名古屋决战篇,2015,动画,"[{""t"":""終わりのセラフ　名古屋決戦編"",""cn"":""终结的炽天使 名古屋决战篇"",""ty"":""动画"",""y"":2015,""pop"":197864},{""t"":""終わりのセラフ"",""cn"":""终结的炽天使"",""ty"":""漫画"",""y"":2012,""pop"":44335},{""t"":""終わりのセラフ 一瀬グレン、16歳の破滅"",""cn"":""终结的炽天使 一濑红莲、16岁的破灭"",""ty"":""漫画"",""y"":2017,""pop"":2482}]","She is the older sister of Mitsuba Sangū and the servant of Kureto Hīragi. She is also part of the Sangū family, one of the three prodigious families serving the Hīragi Family.",10,10,0,0,,https://s4.anilist.co/file/anilistcdn/character/large/b135252-gWOBxINCJLjM.png,https://s4.anilist.co/file/anilistcdn/character/medium/b135252-gWOBxINCJLjM.png,,,,https://anilist.co/character/135252,,,
al331259,anilist,2,14,,,ササラン,Sasaran,杀杀狼 / Empty Cloak Witch,男,,,动画|漫画,动画,とんがり帽子のアトリエ,尖帽子的魔法工房,2026,动画,"[{""t"":""とんがり帽子のアトリエ"",""cn"":""尖帽子的魔法工房"",""ty"":""动画"",""y"":2026,""pop"":224593},{""t"":""とんがり帽子のアトリエ"",""cn"":""尖帽子的魔法工房"",""ty"":""漫画"",""y"":2016,""pop"":82499}]","Sasaran, also known as the ""Empty Cloak Witch"" and the ""very embodiment of forbidden magic"" is a mysterious member of the Brimmed Cap Group.",6,6,0,0,,https://s4.anilist.co/file/anilistcdn/character/large/b331259-yKA3jChDVX5d.png,https://s4.anilist.co/file/anilistcdn/character/medium/b331259-yKA3jChDVX5d.png,,,,https://anilist.co/character/331259,,,
al123213,anilist,2,15,,堀北铃音,堀北鈴音,Suzune Horikita,Muddykita,女,,15-16,动画|轻小说,动画,ようこそ実力至上主義の教室へ,欢迎来到实力至上主义的教室,2017,动画,"[{""t"":""ようこそ実力至上主義の教室へ"",""cn"":""欢迎来到实力至上主义的教室"",""ty"":""动画"",""y"":2017,""pop"":447470},{""t"":""ようこそ実力至上主義の教室へ 2nd Season"",""cn"":""欢迎来到实力至上主义的教室 第二季"",""ty"":""动画"",""y"":2022,""pop"":261649},{""t"":""ようこそ実力至上主義の教室へ 3rd Season"",""cn"":""欢迎来到实力至上主义的教室 第三季"",""ty"":""动画"",""y"":2024,""pop"":188938},{""t"":""ようこそ実力至上主義の教室へ 4th Season 2年生編1学期"",""cn"":"""",""ty"":""动画"",""y"":2026,""pop"":117705},{""t"":""ようこそ実力至上主義の教室へ"",""cn"":""欢迎来到实力至上主义的教室"",""ty"":""轻小说"",""y"":2015,""pop"":41723},{""t"":""ようこそ実力至上主義の教室へ　２年生編"",""cn"":"""",""ty"":""轻小说"",""y"":2020,""pop"":16585}]",本作的女主角，D班的领军人物，学习成绩优异，但不愿意与其他人交流，常常表现的很冷漠、毫不留情。为了追赶自己的哥哥堀北学而来到学校。在学校的特殊考试中的出色发挥使她渐渐成为领头人物，在失败中渐渐成长，试图不再依赖绫小路，而是靠自己赢得考试。,4781,4781,0,285,,https://s4.anilist.co/file/anilistcdn/character/large/b123213-jUfrGBXfW7BL.png,https://s4.anilist.co/file/anilistcdn/character/medium/b123213-jUfrGBXfW7BL.png,https://lain.bgm.tv/r/400/pic/crt/l/80/4a/53767_crt_iatMC.jpg?r=1646570423,,,https://anilist.co/character/123213,https://bgm.tv/character/53767,,53767
al180887,anilist,2,15,,金独子,김독자,Dok-Ja Kim,Dokja,男,,28,动画|漫画,漫画,전지적 독자 시점,全知读者视角,2020,漫画,"[{""t"":""전지적 독자 시점"",""cn"":""全知读者视角"",""ty"":""漫画"",""y"":2020,""pop"":131445},{""t"":""全知的な読者の視点から"",""cn"":"""",""ty"":""动画"",""y"":2027,""pop"":27691}]",《全知讀者視角》的主角。 劇情開始前為minosoft QA組（遊戲測試員）派遣員工，且合同剛到期，不幸進入無業遊民狀態。 業餘嗜好為讀書，興趣是下班時在地鐵上用手機閱讀網路小說，也是連載時長超過10年的冷門小說《在滅亡的世界中生存的三種方法》（滅活法）的唯一粉絲。 在滅活法完成後的隔天，其所搭乘的地鐵突然停止，《滅活法》中的情節場景於現實中開啟。 他透過對作品的理解為基礎，快速的進入了狀況，並有條不紊地往自己想要的結局開始進行計畫…… 韓語的「獨子」又可雙關為「讀者」之意。,4772,4772,0,10,,https://s4.anilist.co/file/anilistcdn/character/large/b180887-s9sJWFuO18J8.png,https://s4.anilist.co/file/anilistcdn/character/medium/b180887-s9sJWFuO18J8.png,https://lain.bgm.tv/r/400/pic/crt/l/be/9c/93983_crt_17NHD.jpg?r=1642653369,,,https://anilist.co/character/180887,https://bgm.tv/character/93983,,93983
vndb-c86542,vndb,2,15,,,真津下 武郎,Matsushita Takerou,,男,,,Galgame,Galgame,AI：ソムニウム ファイル,AI：梦境档案,2019,Galgame,,"Takero Matsushita Male 55 February 15 Owner of Matsushita Diner. Mayumi, Ota, Matsushita Diner. Customers who don't finish their food. Fishing, Shogi. Backflip, Thowing knives. Takero Matsushita is Ota's father and Mayumi's husband.",4117,0,4117,0,,https://t.vndb.org/ch/29/135629.jpg,https://t.vndb.org/ch/29/135629.jpg,,#255120 #cabeaf #a19991 #4c4846 #827f7c #696563,Moustache Pale Hard Worker Black Adult T-shirt Husband Father Cook Death,,,https://vndb.org/c86542,
vndb-c8625,vndb,2,15,,久濑修一,久瀬 修一,Kuze Shuuichi,,男,A,,Galgame,Galgame,ef - a fairy tale of the two.,,2006,Galgame,"[{""t"":""ef - a fairy tale of the two."",""cn"":"""",""ty"":""Galgame"",""y"":2006,""pop"":2878},{""t"":""ef - a fairy tale of the two."",""cn"":"""",""ty"":""Galgame"",""y"":2006,""pop"":2878},{""t"":""ef - a fairy tale of the two."",""cn"":"""",""ty"":""Galgame"",""y"":2006,""pop"":2878},{""t"":""ef - a fairy tale of the two."",""cn"":"""",""ty"":""Galgame"",""y"":2006,""pop"":2878},{""t"":""天使の日曜日 “ef - a fairy tale of the two.” Pleasurable Box."",""cn"":"""",""ty"":""Galgame"",""y"":2010,""pop"":107},{""t"":""ef - Second Fan Mix"",""cn"":"""",""ty"":""Galgame"",""y"":2008,""pop"":17}]",职业级小提琴家。过去就读音羽学园，后来到德国留学。长大后成为世界级小提琴演奏家，第四章的男主角。,2878,0,2878,19,,https://t.vndb.org/ch/60/9160.jpg,https://t.vndb.org/ch/60/9160.jpg,https://lain.bgm.tv/r/400/pic/crt/l/97/0a/608_crt_8ek37.jpg,#baa39f #d9c7c2 #efe6e1 #4f5153 #f9f6f5 #ffffff,Black Ponytail Long Curtained Straight Brown Slim Pale School Uniform Trousers,,https://bgm.tv/character/608,https://vndb.org/c8625,608
vndb-c108944,vndb,2,15,,,時雨 兎紀子,Shigure Tokiko,,女,,,Galgame,Galgame,AI: ソムニウムファイル ニルヴァーナイニシアチブ,AI：梦境档案 涅槃肇始,2022,Galgame,,"Tokiko Shigure Female 53 February 15 President of Naixatloz Japan Branch Flow of Water, Flow of Time, X, Diamond Shapes, Bugs (Glitches) None Simulation Theory Research Prophecy The President of Naix Japan.",1753,0,1753,0,,https://t.vndb.org/ch/38/135638.jpg,https://t.vndb.org/ch/38/135638.jpg,,#4d404f #897d88 #ded0cb #b6adae #ffffff,Violet Violet Gloves Stoic Suicide Mother Blackmail Death Kidnapping Non-blood-related Mother,,,https://vndb.org/c108944,
vndb-c74631,vndb,2,15,,,タリク・カラワン,Tariq Al-Karawan,,男,,,Galgame,Galgame,428 〜封鎖された渋谷で〜,,2008,Galgame,,"Leader of a foreign crime syndicate operating within Shibuya. Working for the kidnapper/mastermind of the Osawa twins' case, he leads the ransom money relay among the members of his syndicate.",1699,0,1699,0,,https://t.vndb.org/ch/11/90311.jpg,https://t.vndb.org/ch/11/90311.jpg,,#313e54 #718298 #43536b #596a81 #0b0d12 #bdc5ce,Black Short Pale Black Adult Trench Coat Knife Handgun Criminal Unarmed Fighting,,,https://vndb.org/c74631,
vndb-c6708,vndb,2,15,,,樋口 遙,Higuchi Haruka,,女,B,,Galgame,Galgame,Never7 -the end of infinity-,,2000,Galgame,"[{""t"":""Never7 -the end of infinity-"",""cn"":"""",""ty"":""Galgame"",""y"":2000,""pop"":1597},{""t"":""KIDミックスセクション キャラクターコレクション"",""cn"":"""",""ty"":""Galgame"",""y"":2001,""pop"":8}]","Water, things she's seeing for the first time, parents Tobacco, being looked at with pitiful eyes, eggs, milk Special Studying in school, private activities, sports that don't require stamina, taciturnity Mother, father",1597,0,1597,0,,https://t.vndb.org/ch/79/119979.jpg,https://t.vndb.org/ch/79/119979.jpg,,#9b8e83 #d6c9be #494747 #f8f5f9,Black Long Curtained Straight Brown Teen Slim Pale Sweater Scar,,,https://vndb.org/c6708,
vndb-c3139,vndb,2,15,,,田島 賢久,Tajima Takahisa,,男,,,Galgame,Galgame,11eyes－罪と罰と贖いの少女－,,2008,Galgame,"[{""t"":""11eyes－罪と罰と贖いの少女－"",""cn"":"""",""ty"":""Galgame"",""y"":2008,""pop"":1372},{""t"":""11eyes -Resona Forma-"",""cn"":"""",""ty"":""Galgame"",""y"":2011,""pop"":173}]","A young man from their school . He is in the same grade as Yuka and Kakeru, but is not from their class. His personality is brash and that of a loner and is easily identified with a grey mullet. He is now under the guardianship of Saeko.",1372,0,1372,0,,https://t.vndb.org/ch/03/3203.jpg,https://t.vndb.org/ch/03/3203.jpg,,#632f37 #9b746d #c2b4ac #eee4cd #eeedec #ffffff,Ahoge Shoulder-length Mullet Straight Teen Slim Pale Fighting Hotblooded Red,,,https://vndb.org/c3139,
vndb-c15136,vndb,2,15,,,古風 薫子,Kofu Kaoruko,,女,,,Galgame,Galgame,ToHeart2,ToHeart2,2004,Galgame,"[{""t"":""ToHeart2"",""cn"":""ToHeart2"",""ty"":""Galgame"",""y"":2004,""pop"":1137},{""t"":""ToHeart2 AnotherDays"",""cn"":"""",""ty"":""Galgame"",""y"":2008,""pop"":133}]",One of the three girls from Tamaki's boarding school which she used to attend.,1137,0,1137,0,,https://t.vndb.org/ch/09/61509.jpg,https://t.vndb.org/ch/09/61509.jpg,,#a13f41 #c9957c #e8c5ac #f8eade #fdf8f6,Blond Shoulder-length Straight Brown Teen Slim Pale Miniskirt Deredere Stoic,,,https://vndb.org/c15136,
vndb-c38358,vndb,2,15,,,キース 如月,Keith Kisaragi,Yuri Kisaragi,男,,,Galgame,Galgame,ローズガンズデイズ,,2012,Galgame,,"A professional sniper working for Primavera, with his friend Alan as his spotter, within Maurice Monobe's Batallion crew. Also a descendant of the famous Matagi hunters in northern Japan.",1103,0,1103,0,,https://t.vndb.org/ch/47/74247.jpg,https://t.vndb.org/ch/47/74247.jpg,,#b48f4f #604a4d #c1adac #ede0d0 #f6f1e5 #ffffff,Black White Short Villain Jacket Scarf Boku Cynic Insanity Boyfriend,,,https://vndb.org/c38358,
al71911,anilist,2,15,,,小鳥遊十花,Touka Takanashi,Priestess,女,,,动画,动画,中二病でも恋がしたい!,中二病也要谈恋爱!,2012,动画,"[{""t"":""中二病でも恋がしたい!"",""cn"":""中二病也要谈恋爱!"",""ty"":""动画"",""y"":2012,""pop"":353258},{""t"":""中二病でも恋がしたい！戀"",""cn"":""中二病也要谈恋爱！恋"",""ty"":""动画"",""y"":2014,""pop"":183593},{""t"":""映画 中二病でも恋がしたい！ -Take On Me-"",""cn"":"""",""ty"":""动画"",""y"":2018,""pop"":86548},{""t"":""中二病でも恋がしたい！戀 再生の･･･邪王真眼黙示録"",""cn"":"""",""ty"":""动画"",""y"":2014,""pop"":43993},{""t"":""小鳥遊六花・改 ~劇場版 中二病でも恋がしたい!~"",""cn"":"""",""ty"":""动画"",""y"":2013,""pop"":33806},{""t"":""中二病でも恋がしたい！戀 未放送ショートムービー"",""cn"":"""",""ty"":""动画"",""y"":2014,""pop"":20751}]","Older sister to [Rikka Takanashi](//anilist.co/character/65865). According to Rikka, she is the alleged powerful and overseeing Priestess of the Deep Horizon. She uses a ladle as a weapon against Rikka's crazy antics. She works as a cook.",1003,1003,0,0,,https://s4.anilist.co/file/anilistcdn/character/large/b71911-6mR0dxlwiebP.jpg,https://s4.anilist.co/file/anilistcdn/character/medium/b71911-6mR0dxlwiebP.jpg,,,,https://anilist.co/character/71911,,,
vndb-c58528,vndb,2,15,,,河島 はるか,Kawashima Haruka,,女,A,,Galgame,Galgame,WHITE ALBUM,,1998,Galgame,,"Haruka Kawashima has known Tōya since kindergarten and is in her second year of university. Haruka is very quiet and although she is athletic, generally prefers leisure sports such as taking walks.",857,0,857,0,,https://t.vndb.org/ch/21/69621.jpg,https://t.vndb.org/ch/21/69621.jpg,,#3d3a45 #fcf1da #8b8d90 #e6e8e9 #feffff #bebebe,Short Green Trousers Green Shirt Vest Stoic Childhood Friend Relaxed University Student,,,https://vndb.org/c58528,
vndb-c8540,vndb,2,15,,,米田 優,Yoneda Yuu,,女,,,Galgame,Galgame,俺たちに翼はない,,2009,Galgame,"[{""t"":""俺たちに翼はない"",""cn"":"""",""ty"":""Galgame"",""y"":2009,""pop"":632},{""t"":""俺たちに翼はない ～Prelude～"",""cn"":"""",""ty"":""Galgame"",""y"":2008,""pop"":220},{""t"":""俺たちに翼はない AfterStory"",""cn"":"""",""ty"":""Galgame"",""y"":2010,""pop"":200}]",,632,0,632,0,,https://t.vndb.org/ch/18/149518.jpg,https://t.vndb.org/ch/18/149518.jpg,,#936b67 #323542 #cdab9e #e7d4ca #f7f1e6 #ffffff,Blond Long Hard Worker Amber Suit Ribbon Hair Wrap,,,https://vndb.org/c8540,
al89899,anilist,2,15,,,障子目蔵,Mezou Shouji,Mezo Shoji / Tentacle Hero: Tentacole / Shokushu Hero: Tentacole (触手ヒーロー テンタコル),男,B,15-,动画,动画,僕のヒーローアカデミア,我的英雄学院,2016,动画,"[{""t"":""僕のヒーローアカデミア"",""cn"":""我的英雄学院"",""ty"":""动画"",""y"":2016,""pop"":873712},{""t"":""僕のヒーローアカデミア２"",""cn"":"""",""ty"":""动画"",""y"":2017,""pop"":655237},{""t"":""僕のヒーローアカデミア３"",""cn"":"""",""ty"":""动画"",""y"":2018,""pop"":600666},{""t"":""僕のヒーローアカデミア４"",""cn"":"""",""ty"":""动画"",""y"":2019,""pop"":532336},{""t"":""僕のヒーローアカデミア５"",""cn"":"""",""ty"":""动画"",""y"":2021,""pop"":414683},{""t"":""僕のヒーローアカデミア６"",""cn"":"""",""ty"":""动画"",""y"":2022,""pop"":269963}]","187 cm (6'2"") Dupli-Arms Student in Class 1-A at U.A. High School. Shouji is friendly and gentle, and he will work nicely with anyone. He is not the type to hold grudges, showing no ill will towards those that harm him unwillingly.",538,538,0,0,,https://s4.anilist.co/file/anilistcdn/character/large/b89899-vIokiJ5jMESf.png,https://s4.anilist.co/file/anilistcdn/character/medium/b89899-vIokiJ5jMESf.png,,,,https://anilist.co/character/89899,,,
vndb-c1406,vndb,2,15,,,天城 小次郎,Amagi Kojirou,Amachi Kojirou / Amagi Kojiroh / 天智 小次郎,男,,,Galgame,Galgame,EVE burst error,,1995,Galgame,"[{""t"":""EVE burst error"",""cn"":"""",""ty"":""Galgame"",""y"":1995,""pop"":456},{""t"":""EVE The Lost One"",""cn"":"""",""ty"":""Galgame"",""y"":1998,""pop"":27}]","Wild and subtle, self-titled ""Super Top-Notch Detective."" A private detective. Once belonged to the Katsuragi Detective Office, where he solved many difficult cases and made a name for himself as a great detective.",456,0,456,0,,https://t.vndb.org/ch/61/131761.jpg,https://t.vndb.org/ch/61/131761.jpg,,#40468b #89d0f9 #1f1c2a #969277 #def6f8 #49494b,Black Blue Ponytail Trousers Hard Worker Fighting Hotblooded Hidden Adult Suit,,,https://vndb.org/c1406,
vndb-c97602,vndb,2,15,,,相場 真帆,Aiba Maho,,女,AB,,Galgame,Galgame,ツユチル・レター～海と栞に雨音を～,,2021,Galgame,,"Chrysanthemum, First Year Club Social Issues Society Shiori's good friend and classmate, she's a kind and caring girl with a bubbly personality and a penchant for gossip.",361,0,361,0,,https://t.vndb.org/ch/16/118216.jpg,https://t.vndb.org/ch/16/118216.jpg,,#9f7571 #232e43 #d3c7c4 #f4ebe2 #f8f6f0 #ffffff,Blond Brown Long Teen Slim Pale Amber Wristband Friend Student Club Member,,,https://vndb.org/c97602,
vndb-c10470,vndb,2,15,,,雪月 澄乃,Yukizuki Sumino,,女,AB,,Galgame,Galgame,SNOW,,2003,Galgame,"[{""t"":""SNOW"",""cn"":"""",""ty"":""Galgame"",""y"":2003,""pop"":354},{""t"":""暗黒SNOW"",""cn"":"""",""ty"":""Galgame"",""y"":2004,""pop"":17}]","A childhood friend of Kanata, who loves anman and claims it as ""source of life"". (from Wikipedia)",354,0,354,0,,https://t.vndb.org/ch/01/11601.jpg,https://t.vndb.org/ch/01/11601.jpg,,#bf8750 #6f758c #a4adc3 #353641 #f0f2f5 #d2d1d4,Black Long Teen Pale Cooking Amnesia Standing Sex Violet Pajamas Scarf,,,https://vndb.org/c10470,
vndb-c10826,vndb,2,15,,,ジュリオ・ディ・ボンドーネ,Giulio Di Bondone,Mad Dog,男,AB,,Galgame,Galgame,ラッキードッグ１,,2009,Galgame,"[{""t"":""ラッキードッグ１"",""cn"":"""",""ty"":""Galgame"",""y"":2009,""pop"":346},{""t"":""ラッキードッグ１+bad egg"",""cn"":"""",""ty"":""Galgame"",""y"":2018,""pop"":69},{""t"":""Gian･carlo'S LUCKY HAPPY LIFE"",""cn"":"""",""ty"":""Galgame"",""y"":2011,""pop"":38}]","A highly accomplished assassin hailing from a wealthy and influential family, Giulio is silent and shows little interest in anyone or anything.",346,0,346,0,,https://t.vndb.org/ch/99/23199.jpg,https://t.vndb.org/ch/99/23199.jpg,,#351828 #7f6d7f #c3aeae #e2d8ce #f2f2ed #ffffff,Violet Ahoge Short Orphan Fighting Assault Virgin Sex Violet Young-adult Tattoo,,,https://vndb.org/c10826,
al250500,anilist,2,15,,,ショウ・ランジュ,Lanzhu Zhong,鐘嵐珠,女,B,,动画,动画,ラブライブ！虹ヶ咲学園スクールアイドル同好会 2,,2022,动画,"[{""t"":""ラブライブ！虹ヶ咲学園スクールアイドル同好会 2"",""cn"":"""",""ty"":""动画"",""y"":2022,""pop"":17379},{""t"":""ラブライブ！虹ヶ咲学園スクールアイドル同好会 NEXT SKY"",""cn"":"""",""ty"":""动画"",""y"":2023,""pop"":6351},{""t"":""にじよん あにめーしょん"",""cn"":"""",""ty"":""动画"",""y"":2023,""pop"":5920},{""t"":""ラブライブ！虹ヶ咲学園スクールアイドル同好会 完結編 第1章"",""cn"":"""",""ty"":""动画"",""y"":2024,""pop"":5027},{""t"":""にじよん あにめーしょん2"",""cn"":"""",""ty"":""动画"",""y"":2024,""pop"":3198},{""t"":""ラブライブ！虹ヶ咲学園スクールアイドル同好会 完結編 第2章"",""cn"":"""",""ty"":""动画"",""y"":2025,""pop"":2690}]","165 cm (5'5"") Lanzhu Zhong is one of thirteen members of the Nijigasaki High School Idol Club. She is a member of R3BIRTH, a unit under Nijigaku. She is a second year student and her image color is rose gold.",335,335,0,0,,https://s4.anilist.co/file/anilistcdn/character/large/b250500-xJlndoJoa7Bx.png,https://s4.anilist.co/file/anilistcdn/character/medium/b250500-xJlndoJoa7Bx.png,,,,https://anilist.co/character/250500,,,
vndb-c53831,vndb,2,15,,,,Kamilla,,女,,,Galgame,Galgame,Contract Demon,,2019,Galgame,"[{""t"":""Contract Demon"",""cn"":"""",""ty"":""Galgame"",""y"":2019,""pop"":263},{""t"":""First Kiss at a Spooky Soiree"",""cn"":"""",""ty"":""Galgame"",""y"":2016,""pop"":145},{""t"":""First Kiss at a Spooky Soiree"",""cn"":"""",""ty"":""Galgame"",""y"":2016,""pop"":145},{""t"":""First Kiss at a Spooky Soiree"",""cn"":"""",""ty"":""Galgame"",""y"":2016,""pop"":145},{""t"":""Date Treat"",""cn"":"""",""ty"":""Galgame"",""y"":2016,""pop"":48}]","She tries to act like a proper demon, but isn't very good at it. [From itch.io]",263,0,263,0,,https://t.vndb.org/ch/85/64285.jpg,https://t.vndb.org/ch/85/64285.jpg,,#833c57 #281c24 #9d9493 #ffffff,Black Waist Length+ Amber Black Unnatural Skin Tone Pajamas Shirt Vest Miniskirt Jeans,,,https://vndb.org/c53831,
vndb-c164618,vndb,2,15,,,久佳 美星,Hisayoshi Mihoshi,,女,O,,Galgame,Galgame,働くオトナの恋愛事情,,2016,Galgame,,Roommate and girlfriend of Maria Ena Miranda Olivier,230,0,230,0,,,,,,Outgoing Roommate Girlfriend Lesbian Sex Not a Virgin Bisexual Office Lady Female Ejaculation Promiscuous Nipple Sucking,,,https://vndb.org/c164618,
vndb-c137015,vndb,2,15,,,しずく,Shizuku,NEET / NEET-chan / ニートちゃん,女,A,,Galgame,Galgame,幸せなニートの育て方,,2023,Galgame,,"A shut-in who is a little shy, but honest. Something happened in the past, and she has lost her smile. She's ignorant and knows nothing about life or sex Because of her family circumstances, you start living with this girl, who is a distant…",216,0,216,0,1,https://t.vndb.org/ch/56/161256.jpg,https://t.vndb.org/ch/56/161256.jpg,,#504f5c #85848f #cfc4c7 #efe5e4 #f8f4f2 #ffffff,Black School Uniform Blowjob Grey Shy Bullying NEET Timid Handjob Nipple Sucking,,,https://vndb.org/c137015,
vndb-c39148,vndb,2,15,,,各務 晴,Kagami Hare,,女,A,,Galgame,Galgame,りりくる Rainbow Stage!!!,,2016,Galgame,,"""Seira, show me some more of that shyness of yours. I'll do the same for you. Sound good…?"" Tall Reasonable Frank Special Cramming overnight before tests, taming animals, sports in general (specifically ball game ones) Cheerful, sociable, a…",210,0,210,0,,https://t.vndb.org/ch/24/49624.jpg,https://t.vndb.org/ch/24/49624.jpg,,#535173 #e5bbb9 #9b94a5 #f2e0dc #fbf7f1 #ffffff,Blue Bun Short Teen Slim Pale School Uniform Dress Shoes Proactive Amber,,,https://vndb.org/c39148,
vndb-c41554,vndb,2,15,,,刀條 みなも,Toujou Minamo,,女,,,Galgame,Galgame,ユニオリズム・カルテット,,2014,Galgame,"[{""t"":""ユニオリズム・カルテット"",""cn"":"""",""ty"":""Galgame"",""y"":2014,""pop"":191},{""t"":""ユニオリズム・カルテット A3-DAYS"",""cn"":"""",""ty"":""Galgame"",""y"":2016,""pop"":92},{""t"":""ユニオリズム・カルテット A3-DAYS お返しコンテンツ"",""cn"":"""",""ty"":""Galgame"",""y"":2016,""pop"":12}]",Amane's older sister.,191,0,191,0,1,https://t.vndb.org/ch/20/49920.jpg,https://t.vndb.org/ch/20/49920.jpg,,#dd7b74 #4f314b #f3baa5 #e5d3d0 #fbf1e6 #ffffff,Ahoge Waist Length+ Doggy Style Kimono Outgoing Teasing Shawl Boobjob Bell (accessory) Hairpin,,,https://vndb.org/c41554,
al80515,anilist,2,15,,,木下久志,Hisashi Kinoshita,,,,16,动画|漫画,动画,ハイキュー!!,排球少年!!,2014,动画,"[{""t"":""ハイキュー!!"",""cn"":""排球少年!!"",""ty"":""动画"",""y"":2014,""pop"":583268},{""t"":""ハイキュー!! セカンドシーズン"",""cn"":""排球少年 第二季"",""ty"":""动画"",""y"":2015,""pop"":398770},{""t"":""ハイキュー!! 烏野高校 VS 白鳥沢学園高校"",""cn"":""排球少年 乌野高校 VS 白鸟泽学园高校"",""ty"":""动画"",""y"":2016,""pop"":362356},{""t"":""ハイキュー!! TO THE TOP"",""cn"":""排球少年 TO THE TOP"",""ty"":""动画"",""y"":2020,""pop"":293887},{""t"":""ハイキュー!! TO THE TOP 2"",""cn"":"""",""ty"":""动画"",""y"":2020,""pop"":255078},{""t"":""ハイキュー！！"",""cn"":""排球少年!!"",""ty"":""漫画"",""y"":2012,""pop"":101913}]","174cm Narita, Ennoshita and Kinoshita are 2nd years who couldn't keep up with the training when old Ukai returned and that's why they left volleyball club.",125,125,0,0,,https://s4.anilist.co/file/anilistcdn/character/large/b80515-iSRjeok2Ogif.jpg,https://s4.anilist.co/file/anilistcdn/character/medium/b80515-iSRjeok2Ogif.jpg,,,,https://anilist.co/character/80515,,,
vndb-c174,vndb,2,16,,铠衣左近,鎧衣 左近,Yoroi Sakon,,男,,,Galgame,Galgame,マブラヴ　オルタネイティヴ,Muv-Luv Alternative,2006,Galgame,"[{""t"":""マブラヴ　オルタネイティヴ"",""cn"":""Muv-Luv Alternative"",""ty"":""Galgame"",""y"":2006,""pop"":11333},{""t"":""マブラヴ オルタネイティヴ クロニクルズ 再誕"",""cn"":"""",""ty"":""Galgame"",""y"":2012,""pop"":300},{""t"":""マブラヴ オルタネイティヴ トータル・イクリプス 帝都燃ゆ"",""cn"":"""",""ty"":""Galgame"",""y"":2014,""pop"":272}]",美琴の父で、帝国情報省外務二課長。神出鬼没でマイペースな性格だが、悠陽の信頼も厚い実力者。権謀術数に極めて長ける。美琴には情報省に勤務していることを内緒にしており、表向きは城内省御用達の貿易商として動き回っている。 12･5事件後に一時姿をくらますが、桜花作戦後には姿を見せている。 『TE』にも登場しており、帝国軍と国連軍（横浜基地）の間を取り持つなど、裏で暗躍している。,11333,0,11333,0,,https://t.vndb.org/ch/09/209.jpg,https://t.vndb.org/ch/09/209.jpg,https://lain.bgm.tv/r/400/pic/crt/l/10/fe/92580_crt_90Qq0.jpg,#996f53 #725e54 #a39285 #524137 #f0ddb7 #504f53,Black Short Straight Slim Pale Trousers Dress Shoes Fedora Amber Adult,,https://bgm.tv/character/92580,https://vndb.org/c174,92580
vndb-c480,vndb,2,16,,,華宮 凪沙,Hanamiya Nagisa,,女,AB,,Galgame,Galgame,失われた未来を求めて,,2010,Galgame,,"A senior member of the astronomy club, Nagisa is undoubtedly the most dangerous person in the entire school. She’s from a very powerful family and Nagisa herself is not one to be trifled with, not to mention she has an air of mysteriousness…",749,0,749,0,,https://t.vndb.org/ch/01/73601.jpg,https://t.vndb.org/ch/01/73601.jpg,,#392c44 #8a605f #b9a2a2 #e6d9d2 #f2f0ef #ffffff,Brown Ponytail Long Wavy Teen Slim Pale Doggy Style Standing Sex Spoons,,,https://vndb.org/c480,
vndb-c124093,vndb,2,16,,,スティーブン・マクガイヤ,Stephen McGuire,,男,,,Galgame,Galgame,マブラヴ アンリミテッド ザ・デイアフター,,2010,Galgame,,A brigadier general in the American army.,690,0,690,0,,https://t.vndb.org/ch/30/146030.jpg,https://t.vndb.org/ch/30/146030.jpg,,#554230 #cead88 #9a8a6e #201b14 #ead4af #fcf5de,Blond Short Beard Pale Blue Adult Planning Military Uniform Commander American,,,https://vndb.org/c124093,
vndb-c94429,vndb,2,16,,,リュカ・プルースト,Lucas Proust,,男,A,,Galgame,Galgame,終遠のヴィルシュ -ErroR:salvation-,,2021,Galgame,"[{""t"":""終遠のヴィルシュ -ErroR:salvation-"",""cn"":"""",""ty"":""Galgame"",""y"":2021,""pop"":674},{""t"":""終遠のヴィルシュ -EpiC:lycoris-"",""cn"":"""",""ty"":""Galgame"",""y"":2023,""pop"":170}]","""I believe teaching is my soul's vocation, given to me by God."" Believing in his fate to lead. A teacher who travels to orphanages and other institutions to educate children. He often holds classes at the facility where the heroine lives.",674,0,674,0,,https://t.vndb.org/ch/62/117062.jpg,https://t.vndb.org/ch/62/117062.jpg,,#40151e #4a282d #9f9892 #6c6460 #d5cfc8 #171716,Blond Ponytail Waist Length+ Slim Pale Uniform Trousers Orphan Fighting Blue,,,https://vndb.org/c94429,
vndb-c6697,vndb,2,16,,,乳泉 鏡華,Chichiizumi Kyouka,,女,,,Galgame,Galgame,ちちみこ!!,,2011,Galgame,"[{""t"":""ちちみこ!!"",""cn"":"""",""ty"":""Galgame"",""y"":2011,""pop"":475},{""t"":""ちちみこ!! プラス1 ～祖母と娘の搾乳ハーレム～"",""cn"":"""",""ty"":""Galgame"",""y"":2012,""pop"":289}]",Daughter of Ukyou and Touka. She loves her father.,475,0,475,0,,https://t.vndb.org/ch/96/64496.jpg,https://t.vndb.org/ch/96/64496.jpg,,#c43e52 #e9c58d #f8ebc4 #c1c3d6 #eaecf1 #ffffff,Blond Ponytail Waist Length+ Curtained Teen Slim Pale School Uniform Missionary Doggy Style,,,https://vndb.org/c6697,
vndb-c90590,vndb,2,16,,,,Michelle Cheung,張 鳳霞 / Cheung Fong Ha,女,,,Galgame,Galgame,A Summer's End - Hong Kong 1986,,2020,Galgame,,"A young professional living in Hong Kong. She has lived a relatively sheltered life, thanks in part to her conservative mother, and her life is little more than a routine of home, work, and back again.",347,0,347,0,,https://t.vndb.org/ch/09/109209.jpg,https://t.vndb.org/ch/09/109209.jpg,,#331f2b #cdbaad #7a7173 #ffffff,Black Shoulder-length Straight Brown Slim Hard Worker Young-adult Reserved Daughter Honest,,,https://vndb.org/c90590,
vndb-c18111,vndb,2,16,,,,Amber,Ambre,女,B,,Galgame,Galgame,Amour Sucré: High School Life,,2014,Galgame,,Amber is a student at Sweet Amoris that will become a traditional bully to heroine along with Li and Charlotte. Amber is the twin sister of Nathaniel.,279,0,279,0,,https://t.vndb.org/ch/35/70335.jpg,https://t.vndb.org/ch/35/70335.jpg,,#dfb192 #22262a #7d7275 #f1f0ef,Blond Spoiled Bullying Rival Arrogant Wealthy High School Student Handbag Teal Younger Sister,,,https://vndb.org/c18111,
vndb-c18078,vndb,2,16,,,,Nathaniel,,男,O,,Galgame,Galgame,Amour Sucré: High School Life,,2014,Galgame,,Nathaniel is one of the students attending Sweet Amoris High. He is the president of the student body and is Amber's twin brother. He is dependable and easy to get along with.,279,0,279,0,,https://t.vndb.org/ch/33/70333.jpg,https://t.vndb.org/ch/33/70333.jpg,,#0f284e #a3856f #ddc6b3 #fcfcfb #f0f0f0,Blond Amber Friendly Student Council President High School Student Older Brother Bolo Tie Domestic Violence Dandere,,,https://vndb.org/c18078,
al86209,anilist,2,16,2029,,月読調,Shirabe Tsukuyomi,,女,A,15,动画,动画,戦姫絶唱シンフォギアG,,2013,动画,"[{""t"":""戦姫絶唱シンフォギアG"",""cn"":"""",""ty"":""动画"",""y"":2013,""pop"":23766},{""t"":""戦姫絶唱シンフォギアGX"",""cn"":"""",""ty"":""动画"",""y"":2015,""pop"":19959},{""t"":""戦姫絶唱シンフォギアXV"",""cn"":"""",""ty"":""动画"",""y"":2019,""pop"":18912},{""t"":""戦姫絶唱シンフォギア AXZ"",""cn"":"""",""ty"":""动画"",""y"":2017,""pop"":17176},{""t"":""戦姫絶唱シンフォギアG 戦姫絶唱しないシンフォギア"",""cn"":"""",""ty"":""动画"",""y"":2014,""pop"":5547},{""t"":""戦姫絶唱シンフォギアGX 戦姫絶唱しないシンフォギア"",""cn"":"""",""ty"":""动画"",""y"":2015,""pop"":4270}]","Shirabe is a quiet and reserved, yet passionate and stubborn young girl. She is fiercely protective of who and what she holds dear, particularly Kirika.",264,264,0,0,,https://s4.anilist.co/file/anilistcdn/character/large/b86209-QH5tobhFiosO.jpg,https://s4.anilist.co/file/anilistcdn/character/medium/b86209-QH5tobhFiosO.jpg,,,,https://anilist.co/character/86209,,,
vndb-c79479,vndb,2,16,,,大鳥 あい,Ootori Ai,,女,,,Galgame,Galgame,夢現Re:Master,,2019,Galgame,"[{""t"":""夢現Re:Master"",""cn"":"""",""ty"":""Galgame"",""y"":2019,""pop"":263},{""t"":""夢現Re:After"",""cn"":"""",""ty"":""Galgame"",""y"":2020,""pop"":125},{""t"":""夢現Re:Idol"",""cn"":"""",""ty"":""Galgame"",""y"":2020,""pop"":16}]","Assistant Director (Trainee) Ai adores her younger sister, Kokoro. She's meek and diligent, but thinks she's a boring person. She has a gloomy, negative temperament, but is a bit of an airhead. People around her think she's interesting.",263,0,263,0,,https://t.vndb.org/ch/63/96263.jpg,https://t.vndb.org/ch/63/96263.jpg,,#56453a #af7b75 #e4b2bf #f4dbd9 #fbf1ee #ffffff,Brown Long Teen Pale Hard Worker Dress Headband Pantyhose Airhead Swimsuit,,,https://vndb.org/c79479,
vndb-c79480,vndb,2,16,,,柳谷 こころ,Yanagiya Kokoro,,女,,,Galgame,Galgame,夢現Re:Master,,2019,Galgame,"[{""t"":""夢現Re:Master"",""cn"":"""",""ty"":""Galgame"",""y"":2019,""pop"":263},{""t"":""夢現Re:After"",""cn"":"""",""ty"":""Galgame"",""y"":2020,""pop"":125},{""t"":""夢現Re:Idol"",""cn"":"""",""ty"":""Galgame"",""y"":2020,""pop"":16}]","Game Director Back when she was still in her hometown with her older sister Ai, before she joined Eureka Software, she was a cheerful, friendly, puppy-like girl.",263,0,263,0,,https://t.vndb.org/ch/64/96264.jpg,https://t.vndb.org/ch/64/96264.jpg,,#593f41 #c6c5dd #9b8d93 #eedcdd #f8f0ef #ffffff,Brown Bob Cut Shoulder-length Teen Pale T-shirt Sports Shoes Thigh-high Stockings Hoodie Bikini,,,https://vndb.org/c79480,
vndb-c88388,vndb,2,16,,,月野瀬 理歩,Tsukinose Riho,,女,AB,,Galgame,Galgame,Re CATION ~Melty Healing~,,2020,Galgame,,"Laboratory technician at a local university. Though Riho initially appears slightly cold and unapproachable, under her exterior is a kind and welcoming faculty staff beloved by male and female students alike.",189,0,189,0,,https://t.vndb.org/ch/38/106938.jpg,https://t.vndb.org/ch/38/106938.jpg,,#716283 #3e3245 #beafb2 #e7dcde #f7f2f2 #ffffff,Brown Waist Length+ Straight Slim Pale Doggy Style Cowgirl Standing Sex Blowjob Virgin Sex,,,https://vndb.org/c88388,
al1126,anilist,2,16,1986,,ディートハルト・リート,Diethard Ried,,男,AB,31-32,动画|漫画,动画,コードギアス 反逆のルルーシュ,Code Geass 反叛的鲁路修,2006,动画,"[{""t"":""コードギアス 反逆のルルーシュ"",""cn"":""Code Geass 反叛的鲁路修"",""ty"":""动画"",""y"":2006,""pop"":500273},{""t"":""コードギアス 反逆のルルーシュ R2"",""cn"":""Code Geass 反叛的鲁路修R2"",""ty"":""动画"",""y"":2008,""pop"":362942},{""t"":""コードギアス 反逆のルルーシュⅠ 興道"",""cn"":"""",""ty"":""动画"",""y"":2017,""pop"":33081},{""t"":""コードギアス 反逆のルルーシュⅡ 叛道"",""cn"":"""",""ty"":""动画"",""y"":2018,""pop"":26462},{""t"":""コードギアス 反逆のルルーシュ DVDマガジン"",""cn"":"""",""ty"":""动画"",""y"":2007,""pop"":2951},{""t"":""コード・ギアス ナイトメア・オブ・ナナリー"",""cn"":"""",""ty"":""漫画"",""y"":2007,""pop"":1502}]",A member of the Press Bureau Staff of Hi-TV. He is a graduate of the Imperial Britannia Central University's Faculty of Law.,86,86,0,0,,https://s4.anilist.co/file/anilistcdn/character/large/b1126-7sR8ZeQoJT30.png,https://s4.anilist.co/file/anilistcdn/character/medium/b1126-7sR8ZeQoJT30.png,,,,https://anilist.co/character/1126,,,
al4610,anilist,2,17,1986,春原阳平,春原陽平,Youhei Sunohara,Baby Sunohara / 'Kazuto Miyazawa',男,AB,,动画|Galgame,动画,ＣＬＡＮＮＡＤ -クラナド-,,2007,动画,"[{""t"":""ＣＬＡＮＮＡＤ -クラナド-"",""cn"":"""",""ty"":""动画"",""y"":2007,""pop"":300168},{""t"":""ＣＬＡＮＮＡＤ ~After Story~ クラナド アフターストーリー"",""cn"":"""",""ty"":""动画"",""y"":2008,""pop"":223532},{""t"":""ＣＬＡＮＮＡＤ もうひとつの世界 智代編"",""cn"":"""",""ty"":""动画"",""y"":2008,""pop"":64502},{""t"":""ＣＬＡＮＮＡＤ ~After Story~ もうひとつの世界 杏編"",""cn"":"""",""ty"":""动画"",""y"":2009,""pop"":56418},{""t"":""劇場版 クラナド"",""cn"":"""",""ty"":""动画"",""y"":2007,""pop"":32052},{""t"":""CLANNAD"",""cn"":"""",""ty"":""Galgame"",""y"":2004,""pop"":11405}]",爱逞能、好色，本作的搞笑角色。作为体育推荐生入学，而后又因为一些原因被迫退出了足球部。自那以后就一直过着懒散的生活。与和他境况相似的朋也是挚友……虽然他是这么认为的，（事实上他被朋也像奴仆一样的对待）是个内心很阳光的人。,11405,765,11405,164,,https://s4.anilist.co/file/anilistcdn/character/large/b4610-tMnUyYDlUbX1.jpg,https://s4.anilist.co/file/anilistcdn/character/medium/b4610-tMnUyYDlUbX1.jpg,https://t.vndb.org/ch/34/27934.jpg|https://lain.bgm.tv/r/400/pic/crt/l/69/08/1014_crt_HO05Z.jpg?r=1499737306,,Black Blond Curtained Short Straight Teen Slim Pale Trousers Soccer,https://anilist.co/character/4610,https://bgm.tv/character/1014,https://vndb.org/c4941,1014
vndb-c15874,vndb,2,17,,德拉诺尔·A·诺克斯,ドラノール・A・ノックス,Dlanor A. Knox,Death Sentence Dlanor / Dlanor of the Ten Wedges,女,,,Galgame,Galgame,うみねこのなく頃に散,海猫鸣泣之时散,2009,Galgame,"[{""t"":""うみねこのなく頃に散"",""cn"":""海猫鸣泣之时散"",""ty"":""Galgame"",""y"":2009,""pop"":10973},{""t"":""うみねこのなく頃に散"",""cn"":""海猫鸣泣之时散"",""ty"":""Galgame"",""y"":2009,""pop"":10973},{""t"":""うみねこのなく頃に散"",""cn"":""海猫鸣泣之时散"",""ty"":""Galgame"",""y"":2009,""pop"":10973}]",EP6 TIPS 隶属天界大法院，第七管区内赦执行机关“钢铁处女”。主席异端审问官。官阶是一等大司教。 人称“十楔之德拉诺尔”或“死刑宣判的德拉诺尔”。 虽然原本，异端审问官会审查对象，研究可否处刑，但派遣位列主席的她，是要经过大法院的严格审查，决定派遣本身即是具有与宣判死刑相同的意义，所以她拥有“死刑宣判”之绰号。 其父虽是传说级的异端审问官，不过就是因为打破规则而已被处刑。 实行审问与处刑的，乃是生为女儿的她本人。 自那以来，她停止了成长，永远把身心停留在少女时代。,10973,0,10973,36,,https://t.vndb.org/ch/62/32162.jpg,https://t.vndb.org/ch/62/32162.jpg,https://lain.bgm.tv/r/400/pic/crt/l/2b/7e/21515_crt_MRvNN.jpg?r=1677579269,#b8883b #424565 #f3db91 #aa9eaf #e7dfdf #ffffff,Violet Long Wavy Teen Slim Pale Uniform Fighting Amber Coat,,https://bgm.tv/character/21515,https://vndb.org/c15874,21515
vndb-c17599,vndb,2,17,,仓式茜,倉式 茜,Kurashiki Akane,June / Kanny / Zero / 紫,女,,,Galgame,Galgame,極限脱出 9時間9人9の扉,极限脱出 9小时9人9扇门,2009,Galgame,"[{""t"":""極限脱出 9時間9人9の扉"",""cn"":""极限脱出 9小时9人9扇门"",""ty"":""Galgame"",""y"":2009,""pop"":9073},{""t"":""極限脱出ADV 善人シボウデス"",""cn"":""极限脱出ADV 善人死亡"",""ty"":""Galgame"",""y"":2012,""pop"":5990}]",女子大生で、淳平の小学校時代の幼馴染。21歳。バングルナンバーは「6」。「紫」というコードネームは淳平が付けた。優しい性格で、皆で脱出できるよう最善を尽くすべきだと考えている。更に天然。雑学王を自称する通り、生活する上で役に立たないような知識が豊富。,9073,0,9073,39,,https://t.vndb.org/ch/88/71688.jpg,https://t.vndb.org/ch/88/71688.jpg,https://lain.bgm.tv/r/400/pic/crt/l/e6/88/13034_crt_Y0O2X.jpg,#6d574a #8588ba #e8c7b1 #2f2725 #4a3e3e #060607,Brown Long Pale Hard Worker Violet Young-adult Dress Arm Warmers Boots Deredere,,https://bgm.tv/character/13034,https://vndb.org/c17599,13034
vndb-c272,vndb,2,17,,千里朱音,千里 朱音,Senri Akane,Prez / The Witch of the Academy / 加島 朱音 / Kashima Akane,女,,,Galgame,Galgame,Rewrite,,2011,Galgame,"[{""t"":""Rewrite"",""cn"":"""",""ty"":""Galgame"",""y"":2011,""pop"":8428},{""t"":""Rewrite Harvest festa!"",""cn"":"""",""ty"":""Galgame"",""y"":2012,""pop"":707},{""t"":""Rewrite オカ研活動記録外伝"",""cn"":"""",""ty"":""Galgame"",""y"":2016,""pop"":193}]",被暗地里称作「学园的魔女」的神秘研究会部长。 在校内是个我行我素的人在部分学生中很有名。 和外表不相称的是比瑚太朗更喜欢捉弄人、内心深处也有着朴实的一面的少女。 似乎为了什么目的一举一动都很引人注目、真正的目的谁也无从知晓。,8428,0,8428,366,,https://t.vndb.org/ch/29/12929.jpg,https://t.vndb.org/ch/29/12929.jpg,https://lain.bgm.tv/r/400/pic/crt/l/a1/4b/12072_crt_Yb0ur.jpg,#914d56 #c49994 #e4cac4 #f5e8e6 #fbf7f7,Brown Waist Length+ Straight Teen Slim Pale School Uniform Proactive Master Magician,,https://bgm.tv/character/12072,https://vndb.org/c272,12072
vndb-c4657,vndb,2,17,,西条七海,西條 七海,Nishijou Nanami,ナナ / Nana,女,B,,Galgame,Galgame,CHAOS;HEAD,混沌头,2008,Galgame,"[{""t"":""CHAOS;HEAD"",""cn"":""混沌头"",""ty"":""Galgame"",""y"":2008,""pop"":6530},{""t"":""CHAOS;HEAD NOAH"",""cn"":""混沌之脑：诺亚"",""ty"":""Galgame"",""y"":2009,""pop"":4138},{""t"":""カオスヘッド らぶChu☆Chu!"",""cn"":"""",""ty"":""Galgame"",""y"":2010,""pop"":247}]",ヒロインの一人。拓巳の実妹。翠明学園の1年生で、実家から通学している。一人称は「ナナ」。兄である拓巳の事を「おにぃ」と呼び、少々ブラザーコンプレックス気味。,6530,0,6530,101,,https://t.vndb.org/ch/16/4716.jpg,https://t.vndb.org/ch/16/4716.jpg,https://lain.bgm.tv/r/400/pic/crt/l/ec/ad/34668_crt_6vOV6.jpg?r=1757964461,#8a7274 #c0b1aa #f0e6cb #f2f1ea #f8f8f8,Blond Long Straight Teen Slim Pale Sword Disaster Violet Headband,,https://bgm.tv/character/34668,https://vndb.org/c4657,34668
al3105,anilist,2,17,,两仪式,両儀式,Shiki Ryougi,,女,AB,16-19,动画|Galgame,动画,空の境界 俯瞰風景,,2007,动画,"[{""t"":""空の境界 俯瞰風景"",""cn"":"""",""ty"":""动画"",""y"":2007,""pop"":111027},{""t"":""空の境界 殺人考察(前)"",""cn"":"""",""ty"":""动画"",""y"":2007,""pop"":65055},{""t"":""空の境界 痛覚残留"",""cn"":"""",""ty"":""动画"",""y"":2008,""pop"":61372},{""t"":""空の境界 矛盾螺旋"",""cn"":"""",""ty"":""动画"",""y"":2008,""pop"":61140},{""t"":""カーニバル・ファンタズム"",""cn"":""幻想嘉年华"",""ty"":""动画"",""y"":2011,""pop"":59282},{""t"":""空の境界 伽藍の洞"",""cn"":"""",""ty"":""动画"",""y"":2008,""pop"":57683}]",两仪式是奈须きのこ笔下人物，《空之境界》的主角。她最有代表性的一句话“只要是活着的东西，即使是神也杀给你看！”（生きたものでさえすれば、たとえ神だとしても、殺して見せである）。 拥有直死之魔眼的少女，能够看到并捕抓别人的死之线。 曾经跟同班同学黑桐干也约定好要进同一间的大学，但似乎成为了空谈。两仪家的正统继承人，有著两仪织这个男性人格的双重人格者。和一般的双重人格不同，两仪家的双重人格者拥有一个具绝对肉体支配权的人格（式）和另一个代理人格（织）。,4625,4625,2508,1682,,https://s4.anilist.co/file/anilistcdn/character/large/b3105-lI0m8vJ3JQK1.png,https://s4.anilist.co/file/anilistcdn/character/medium/b3105-lI0m8vJ3JQK1.png,https://t.vndb.org/ch/21/47321.jpg|https://lain.bgm.tv/r/400/pic/crt/l/65/4f/10570_crt_pp75y.jpg?r=1534586952,,Black Ahoge Curtained Short Straight Teen Slim Pale Fighting Black,https://anilist.co/character/3105,https://bgm.tv/character/10570,https://vndb.org/c39269,10570
al71479,anilist,2,17,,尤弥尔,ユミル,Ymir,Freckles / Freckles Ymir,女,,,动画,动画,進撃の巨人,进击的巨人,2013,动画,"[{""t"":""進撃の巨人"",""cn"":""进击的巨人"",""ty"":""动画"",""y"":2013,""pop"":1053882},{""t"":""進撃の巨人 Season２"",""cn"":"""",""ty"":""动画"",""y"":2017,""pop"":733402},{""t"":""進撃の巨人 Season３"",""cn"":"""",""ty"":""动画"",""y"":2018,""pop"":686190},{""t"":""進撃の巨人 The Final Season"",""cn"":""进击的巨人 最终季"",""ty"":""动画"",""y"":2020,""pop"":642537},{""t"":""進撃の巨人 Season３ Part.2"",""cn"":"""",""ty"":""动画"",""y"":2019,""pop"":610781},{""t"":""進撃の巨人 The Final Season Part 2"",""cn"":""进击的巨人 最终季 Part.2"",""ty"":""动画"",""y"":2022,""pop"":440419}]","172 cm (5'7"") 104th Trainees Squad, Scouting Legion Member of the Scouting Legion. She seems selfish, cynical, bossy, sly, uncooperative, exploitative, and confrontational, but she can apparently be kind, especially to [Krista](//anilist.co…",3794,3794,0,58,,https://s4.anilist.co/file/anilistcdn/character/large/b71479-huCD908XIdqv.png,https://s4.anilist.co/file/anilistcdn/character/medium/b71479-huCD908XIdqv.png,https://lain.bgm.tv/r/400/pic/crt/l/7e/e7/19625_crt_GTq18.jpg?r=1410321733,,,https://anilist.co/character/71479,https://bgm.tv/character/19625,,19625
vndb-c751,vndb,2,17,,,桜濱 雪乃,Ouhama Yukino,,女,O,,Galgame,Galgame,幼なじみは大統領 My girlfriend is the PRESIDENT.,,2009,Galgame,"[{""t"":""幼なじみは大統領 My girlfriend is the PRESIDENT."",""cn"":"""",""ty"":""Galgame"",""y"":2009,""pop"":3551},{""t"":""幼なじみは大統領 My girlfriend is the PRESIDENT. ファンディスク"",""cn"":"""",""ty"":""Galgame"",""y"":2010,""pop"":883}]",宇宙人によって『合衆国新本』の大統領にされてしまった、主人公の幼なじみ。 身体に毒電波の発信装置を埋め込まれ、彼女が右と言えば左も右になる世界に。 その容姿と性格（と、洗脳の影響）から支持率はうなぎ登り。官僚の間でファンクラブも結成された。 アニメ・漫画好きで知られ、支持者からは『閣下』と呼ばれている。 医者の娘で、スポーツ万能、成績優秀。 それを鼻にかけない、控えめで穏やかな性格……などと、清楚なお嬢様の仮面を被っているが、プライベートではドジっ子で甘えん坊。,3551,0,3551,17,,https://t.vndb.org/ch/71/47171.jpg,https://t.vndb.org/ch/71/47171.jpg,https://lain.bgm.tv/r/400/pic/crt/l/f8/ba/17159_crt_4uUt3.jpg,#714044 #cf9581 #e9caa8 #eee8e3 #f9f9f8,Blond Ahoge Twin Tails Waist Length+ Wavy Teen Slim Pale Cooking Missionary,,https://bgm.tv/character/17159,https://vndb.org/c751,17159
al28956,anilist,2,17,2000,,エンポリオ・アルニーニョ,Emporio Alnino,,男,,11-12,动画|漫画,动画,ジョジョの奇妙な冒険 ストーンオーシャン,JOJO的奇妙冒险 石之海,2021,动画,"[{""t"":""ジョジョの奇妙な冒険 ストーンオーシャン"",""cn"":""JOJO的奇妙冒险 石之海"",""ty"":""动画"",""y"":2021,""pop"":192643},{""t"":""ジョジョの奇妙な冒険 ストーンオーシャン 2クール"",""cn"":"""",""ty"":""动画"",""y"":2022,""pop"":124776},{""t"":""ジョジョの奇妙な冒険 ストーンオーシャン"",""cn"":""JOJO的奇妙冒险 石之海"",""ty"":""漫画"",""y"":1999,""pop"":72790}]","140 cm American Emporio is a young Stand User, born and living secretly in Green Dolphin Street Prison. He sympathizes with Jolyne and becomes one of her primary allies.",738,738,0,0,,https://s4.anilist.co/file/anilistcdn/character/large/b28956-dDkXqrq9DZXp.png,https://s4.anilist.co/file/anilistcdn/character/medium/b28956-dDkXqrq9DZXp.png,,,,https://anilist.co/character/28956,,,
vndb-c44126,vndb,2,17,,,リーナ・テルヴォ,Riina Tervo,Mother Goose 1 / Rina,女,,,Galgame,Galgame,マブラヴ アンリミテッド ザ・デイアフター,,2010,Galgame,"[{""t"":""マブラヴ アンリミテッド ザ・デイアフター"",""cn"":"""",""ty"":""Galgame"",""y"":2010,""pop"":690},{""t"":""マブラヴ オルタネイティヴ クロニクルズ チキン・ダイバーズ"",""cn"":"""",""ty"":""Galgame"",""y"":2009,""pop"":456},{""t"":""マブラヴ オルタネイティヴ クロニクルズ ～ラスト・ダイバーズ～"",""cn"":"""",""ty"":""Galgame"",""y"":2013,""pop"":112}]",Riina Tervo is a Finnish 1st Lieutenant and operator for the Aquila unit in Chicken Divers.,690,0,690,0,,https://t.vndb.org/ch/35/53035.jpg,https://t.vndb.org/ch/35/53035.jpg,,#ea9a3d #af748b #854c52 #4a3131 #19121a #ded8d4,Brown Bun Straight Pale Pressure Suit Finnish Tareme Teal Spiky Bangs Ribbon Hair Tie,,,https://vndb.org/c44126,
al121168,anilist,2,17,,,森鷗外,Ougai Mori,Rintarou / 森鴎外,男,O,40,动画,动画,文豪ストレイドッグス,文豪野犬,2016,动画,"[{""t"":""文豪ストレイドッグス"",""cn"":""文豪野犬"",""ty"":""动画"",""y"":2016,""pop"":420991},{""t"":""文豪ストレイドッグス 第2シーズン"",""cn"":""文豪野犬 第二季"",""ty"":""动画"",""y"":2016,""pop"":238857},{""t"":""文豪ストレイドッグス 第3シーズン"",""cn"":""文豪野犬 第三季"",""ty"":""动画"",""y"":2019,""pop"":198150},{""t"":""文豪ストレイドッグス 第4シーズン"",""cn"":"""",""ty"":""动画"",""y"":2023,""pop"":109686},{""t"":""文豪ストレイドッグス DEAD APPLE"",""cn"":""文豪野犬 DEAD APPLE"",""ty"":""动画"",""y"":2018,""pop"":89174},{""t"":""文豪ストレイドッグス 第5シーズン"",""cn"":"""",""ty"":""动画"",""y"":2023,""pop"":80927}]",175 cm Vita Sexualis Ougai Mori is the boss of the Port Mafia. Ougai is analytical and tactical. He often puts on overdramatic acts but rarely breaks his composure internally.,604,604,0,0,,https://s4.anilist.co/file/anilistcdn/character/large/b121168-XkWaYGESyQpZ.png,https://s4.anilist.co/file/anilistcdn/character/medium/b121168-XkWaYGESyQpZ.png,,,,https://anilist.co/character/121168,,,
vndb-c61660,vndb,2,17,,,,Airi Hiraga,,女,,,Galgame,Galgame,Lucid9,,2016,Galgame,,"Airi Hiraga is a second year that Yama has happened to know about, due to a certain stir of events. She is mainly known to be a subject to several rumors in the academy as the murderer of the victims.",598,0,598,0,,https://t.vndb.org/ch/83/73483.jpg,https://t.vndb.org/ch/83/73483.jpg,,#9b5567 #c7a1a1 #e4cdc9 #f5ebe5 #fdf7f0 #ffffff,Red Shoulder-length Straight Pale School Uniform Orphan Blue Kid Necktie Miniskirt,,,https://vndb.org/c61660,
vndb-c76306,vndb,2,17,,,カナーコ,Kanako,Kanako Arakido,女,,,Galgame,Galgame,ことのはアムリラート,,2017,Galgame,"[{""t"":""ことのはアムリラート"",""cn"":"""",""ty"":""Galgame"",""y"":2017,""pop"":400},{""t"":""いつかのメモラージョ ～ことのはアムリラート～"",""cn"":"""",""ty"":""Galgame"",""y"":2019,""pop"":123}]",,400,0,400,0,,https://t.vndb.org/ch/28/93728.jpg,https://t.vndb.org/ch/28/93728.jpg,,#6c5f58 #e4ccb8 #a99b91 #f6e7d7 #fdf6eb #ffffff,Brown Wavy Brown Teen Slim Pale Miniskirt Blouse Body Ribbon Spiky Bangs,,,https://vndb.org/c76306,
vndb-c1271,vndb,2,17,,,設楽 聖司,Shitara Seiji,,男,A,,Galgame,Galgame,ときめきメモリアル Girl's Side 3rd Story,,2010,Galgame,,"A blue-haired young man whose hair is styled suspiciously like Beethoven's, Seiji is part of the chess club and is also your senpai. He thinks very highly of himself, and is a little arrogant.",395,0,395,0,,https://t.vndb.org/ch/15/1315.jpg,https://t.vndb.org/ch/15/1315.jpg,,#e492f7 #bc919c #e9d0c3 #eed1f6 #45424e #f8f4fc,Wavy Short Tsundere Ore Student Club Member Arrogant Senpai Wealthy High School Student Pianist,,,https://vndb.org/c1271,
vndb-c102341,vndb,2,17,,,室坂 奈津姫,Murosaka Natsuki,Shinbatsu Daikousha Aquila / 神罰代行者アクイラ / Shinbatsu Daikousha Aquila / 神罰代行者アクイラ,女,O,,Galgame,Galgame,闇染Revenger －墜ちた魔王と堕ちる戦姫－,,2018,Galgame,,2nd year student. Birth Amethyst Image Purple Cooking Listening to classical music,344,0,344,0,,https://t.vndb.org/ch/31/123931.jpg,https://t.vndb.org/ch/31/123931.jpg,,#6d6599 #a292b8 #c4bbd2 #e9d3df #f5f0ee #ffffff,Violet Waist Length+ Teen Pale Cooking Fighting Missionary Standing Sex Blowjob Virgin Sex,,,https://vndb.org/c70336,
al162041,anilist,2,17,,,三浦界,Kai Miura,,男,,,动画|漫画,动画,ハニーレモンソーダ,,2025,动画,"[{""t"":""ハニーレモンソーダ"",""cn"":"""",""ty"":""动画"",""y"":2025,""pop"":62250},{""t"":""ハニーレモンソーダ"",""cn"":"""",""ty"":""漫画"",""y"":2015,""pop"":12092}]","He is a boy who stands out due to his lemon colored hair and pierced ears, and he became the center of a group of popular people.",315,315,0,0,,https://s4.anilist.co/file/anilistcdn/character/large/b162041-QeoQ8wXZvLYR.jpg,https://s4.anilist.co/file/anilistcdn/character/medium/b162041-QeoQ8wXZvLYR.jpg,,,,https://anilist.co/character/162041,,,
vndb-c69830,vndb,2,17,,,稲葉 歩,Inaba Ayumi,Paige McConley,女,O,,Galgame,Galgame,放課後恋愛クラブ ～恋のエチュード～,,1996,Galgame,"[{""t"":""放課後恋愛クラブ ～恋のエチュード～"",""cn"":"""",""ty"":""Galgame"",""y"":1996,""pop"":301},{""t"":""放課後マニア倶楽部 ～濃いの欲しいの～"",""cn"":"""",""ty"":""Galgame"",""y"":1997,""pop"":5}]","2nd year, Chabatake Gakuen School sophisticated She is the founder of a band. She sees joining the club as an opportunity to recruit members.",301,0,301,0,1,https://t.vndb.org/ch/53/84253.jpg,https://t.vndb.org/ch/53/84253.jpg,,#d7a15d #83adca #f7bfa8 #76695b #bbd6d8 #f1f1f1,Violet Bob Cut Short School Uniform Missionary Doggy Style Cowgirl Spoons Blowjob Sixty-nine,,,https://vndb.org/c69830,
al236474,anilist,2,17,,,クスタス,Custas,,男,,,动画|漫画,动画,とんがり帽子のアトリエ,尖帽子的魔法工房,2026,动画,"[{""t"":""とんがり帽子のアトリエ"",""cn"":""尖帽子的魔法工房"",""ty"":""动画"",""y"":2026,""pop"":224593},{""t"":""とんがり帽子のアトリエ"",""cn"":""尖帽子的魔法工房"",""ty"":""漫画"",""y"":2016,""pop"":82499}]","He is a young boy with dark skin, dark eyes, and long dark hair. He is occasionally drawn with sharp and noticeable canines. After an incident that left his legs unusable, he also uses a sealchair.",277,277,0,0,,https://s4.anilist.co/file/anilistcdn/character/large/b236474-AFYwcqe9kcPQ.png,https://s4.anilist.co/file/anilistcdn/character/medium/b236474-AFYwcqe9kcPQ.png,,,,https://anilist.co/character/236474,,,
vndb-c128217,vndb,2,17,,,,KAITO,カイト / KAITO,男,,,Galgame,Galgame,プロジェクトセカイ カラフルステージ！ feat. 初音ミク,,2020,Galgame,,"A male virtual singer known for his short, slightly curled blue hair and long blue scarf. His cool-natured and gentle singing voice can range from thick, masculine low tone to sustained high notes. [From in-game profile]",212,0,212,0,,https://t.vndb.org/ch/84/154084.jpg,https://t.vndb.org/ch/84/154084.jpg,,#455aa3 #adaba4 #d3ced1 #f1eeed #fbf9f7,Blue Short Pale Trousers Blue Young-adult Coat Jacket Scarf Necklace,,,https://vndb.org/c128217,
vndb-c10106,vndb,2,17,,,雪村 涼乃,Yukimura Suzuno,,女,A,,Galgame,Galgame,ウィッチズガーデン,,2012,Galgame,,"The second witch Yosuke meets and the ojou-sama of the school. Due to her serious personality, she gives off an unapproachable aura. Suzuno is also very proud of her existence as a witch.",209,0,209,0,,https://t.vndb.org/ch/79/11079.jpg,https://t.vndb.org/ch/79/11079.jpg,,#7b3237 #a5869c #d0bdcc #e9dfe1 #f7f4f0 #ffffff,Violet Hime Cut Waist Length+ Wavy Teen Slim Pale School Uniform Magician Fighting,,,https://vndb.org/c10106,
al89854,anilist,2,17,,,梶井基次郎,Motojirou Kajii,,男,B,28,动画|漫画,动画,文豪ストレイドッグス,文豪野犬,2016,动画,"[{""t"":""文豪ストレイドッグス"",""cn"":""文豪野犬"",""ty"":""动画"",""y"":2016,""pop"":420991},{""t"":""文豪ストレイドッグス 第2シーズン"",""cn"":""文豪野犬 第二季"",""ty"":""动画"",""y"":2016,""pop"":238857},{""t"":""文豪ストレイドッグス 第3シーズン"",""cn"":""文豪野犬 第三季"",""ty"":""动画"",""y"":2019,""pop"":198150},{""t"":""文豪ストレイドッグス"",""cn"":""文豪野犬"",""ty"":""漫画"",""y"":2012,""pop"":46466},{""t"":""文豪ストレイドッグス わん！"",""cn"":""文豪野犬 汪！"",""ty"":""动画"",""y"":2021,""pop"":38021},{""t"":""文豪ストレイドッグス わん！"",""cn"":""文豪野犬 汪！"",""ty"":""漫画"",""y"":2015,""pop"":3357}]","180 cm (5'11"") A member of Port Mafia. He's a bomber wanted for the explosion at the Maruzen Building. He's an enthusiastic scientist who boasts that ""death"" is the ""ultimate experiment.""",74,74,0,0,,https://s4.anilist.co/file/anilistcdn/character/large/b89854-OJkUYnorbaRZ.png,https://s4.anilist.co/file/anilistcdn/character/medium/b89854-OJkUYnorbaRZ.png,,,,https://anilist.co/character/89854,,,
al75514,anilist,2,17,,,リーネ,Rene,,女,,,动画|漫画,动画,進撃の巨人 Season２,,2017,动画,"[{""t"":""進撃の巨人 Season２"",""cn"":"""",""ty"":""动画"",""y"":2017,""pop"":733402},{""t"":""進撃の巨人"",""cn"":""进击的巨人"",""ty"":""漫画"",""y"":2009,""pop"":226814},{""t"":""劇場版「進撃の巨人」Season 2～覚醒の咆哮～"",""cn"":"""",""ty"":""动画"",""y"":2018,""pop"":25992}]",Member of Scouting Legion that fought the Castle Utgard's battle.,26,26,0,0,,https://s4.anilist.co/file/anilistcdn/character/large/n75514-kho5WgnvUWWV.jpg,https://s4.anilist.co/file/anilistcdn/character/medium/n75514-kho5WgnvUWWV.jpg,,,,https://anilist.co/character/75514,,,
vndb-c1607,vndb,2,18,,伊藤止,伊藤 止,Itou Itaru,,女,A,,Galgame,Galgame,School Days,日在校园,2005,Galgame,"[{""t"":""School Days"",""cn"":""日在校园"",""ty"":""Galgame"",""y"":2005,""pop"":4687},{""t"":""Shiny Days"",""cn"":""日了就闪"",""ty"":""Galgame"",""y"":2012,""pop"":1048},{""t"":""Summer Days"",""cn"":""日在盛夏"",""ty"":""Galgame"",""y"":2006,""pop"":229},{""t"":""Cross Days"",""cn"":""日在交叉"",""ty"":""Galgame"",""y"":2010,""pop"":179}]",诚的妹妹。 父母离婚时由父亲收养，住在别的地方。,4687,0,4687,9,,https://t.vndb.org/ch/87/7887.jpg,https://t.vndb.org/ch/87/7887.jpg,https://lain.bgm.tv/r/400/pic/crt/l/30/da/40038_crt_ZOTZD.jpg?r=1459668950,#ce9092 #434548 #f4e9de #c4bec0 #f5f6f5 #ffffff,Black Ahoge Twin Tails Straight Brown Slim Pale Sweater Kid Daughter,,https://bgm.tv/character/40038,https://vndb.org/c1607,40038
al157864,anilist,2,18,,,庵歌姫,Utahime Iori,,女,,31,动画|漫画,动画,呪術廻戦,咒术回战,2020,动画,"[{""t"":""呪術廻戦"",""cn"":""咒术回战"",""ty"":""动画"",""y"":2020,""pop"":971898},{""t"":""呪術廻戦 第2期"",""cn"":"""",""ty"":""动画"",""y"":2023,""pop"":491128},{""t"":""呪術廻戦"",""cn"":""咒术回战"",""ty"":""漫画"",""y"":2018,""pop"":252773},{""t"":""呪術廻戦 懐玉・玉折"",""cn"":"""",""ty"":""动画"",""y"":2025,""pop"":28638},{""t"":""呪術廻戦 番外編"",""cn"":"""",""ty"":""漫画"",""y"":2021,""pop"":2008},{""t"":""呪術廻戦0.5　東京都立呪術高等専門学校"",""cn"":"""",""ty"":""漫画"",""y"":2021,""pop"":1010}]",A first grade sorcerer and a teacher at Kyoto Jujutsu Technical High School.,1106,1106,0,0,,https://s4.anilist.co/file/anilistcdn/character/large/b157864-rejVYNx0kQZr.jpg,https://s4.anilist.co/file/anilistcdn/character/medium/b157864-rejVYNx0kQZr.jpg,,,,https://anilist.co/character/157864,,,
vndb-c10798,vndb,2,18,,,上岡 由佳里,Kamioka Yukari,琥珀の君 / Kohaku no Kimi,女,A,,Galgame,Galgame,処女はお姉さまに恋してる,,2005,Galgame,"[{""t"":""処女はお姉さまに恋してる"",""cn"":"""",""ty"":""Galgame"",""y"":2005,""pop"":923},{""t"":""やるきばこ2 エピソードV：～やるきねこの逆襲～"",""cn"":"""",""ty"":""Galgame"",""y"":2007,""pop"":8}]","Yukari is one of the first year students at the school who lives in the same dormitory building as Mizuho and Mariya, who also is her onee-sama; it is a tradition for the underclassmen to serve their respective senpai any way they can.",923,0,923,0,,https://t.vndb.org/ch/64/12164.jpg,https://t.vndb.org/ch/64/12164.jpg,,#563848 #b0706a #d3afaf #e7dbd6 #f4f4f3 #ffffff,Red Antenna Twin Tails Short Slim Pale School Uniform Virgin Sex Red Kid,,,https://vndb.org/c10798,
vndb-c3732,vndb,2,18,,可可,ココ,Coco,,女,,,Galgame,Galgame,カタハネ,,2006,Galgame,,一个住在小村庄里，憧憬成为魔法使的女孩。虽然乖巧，但也有活泼淘气的一面。因为不小心临摹了「绘本」里的图案，将母亲和房子化为了石头。,804,0,804,69,,https://t.vndb.org/ch/66/3766.jpg,https://t.vndb.org/ch/66/3766.jpg,https://lain.bgm.tv/r/400/pic/crt/l/a3/91/61335_crt_K9UKK.jpg,#e9c7a4 #af8e90 #faf8eb #dfdcd6 #ffffff,Brown Ahoge Short Pale Black Kid Apron Dress Gloves Boku,,https://bgm.tv/character/61335,https://vndb.org/c3732,61335
vndb-c97059,vndb,2,18,,,恋見 エイル,Koimi Eil,Lovmieil / ラブミエール,女,O,,Galgame,Galgame,俺の恋天使がポンコツすぎてコワ～い。,,2021,Galgame,,"The useless and troublesome Love Angel who suddenly crashes into the protagonist's peaceful life, and thus becomes his assistant to find his ""Fateful Lover"".",801,0,801,0,,https://t.vndb.org/ch/66/118666.jpg,https://t.vndb.org/ch/66/118666.jpg,,#c997bc #805758 #e8c3d2 #efddef #f9f6f4 #ffffff,Pink White Ahoge Twin Tails Teen Slim Pale School Uniform Doggy Style Cowgirl,,,https://vndb.org/c97059,
al295878,anilist,2,18,,,テラコマリ・ガンデスブラッド,Terakomari Gandesblood,,女,,,动画|漫画|轻小说,动画,ひきこまり吸血姫の悶々,,2023,动画,"[{""t"":""ひきこまり吸血姫の悶々"",""cn"":"""",""ty"":""动画"",""y"":2023,""pop"":53916},{""t"":""ひきこまり吸血姫の悶々"",""cn"":"""",""ty"":""漫画"",""y"":2021,""pop"":2949},{""t"":""ひきこまり吸血姫の悶々"",""cn"":"""",""ty"":""轻小说"",""y"":2020,""pop"":1553}]","One of the seven Crimson Lords, she is the commander of the 7th unit.",765,765,0,0,,https://s4.anilist.co/file/anilistcdn/character/large/b295878-5jElZ3hpKntC.png,https://s4.anilist.co/file/anilistcdn/character/medium/b295878-5jElZ3hpKntC.png,,,,https://anilist.co/character/295878,,,
vndb-c87840,vndb,2,18,,,鎌倉 詩桜,Kamakura Shio,Hoshi Shion / Miura Daikon-senpai / Shiopoyo / Shogun,女,,,Galgame,Galgame,ハミダシクリエイティブ,,2020,Galgame,"[{""t"":""ハミダシクリエイティブ"",""cn"":"""",""ty"":""Galgame"",""y"":2020,""pop"":723},{""t"":""ハミダシクリエイティブ凸"",""cn"":"""",""ty"":""Galgame"",""y"":2022,""pop"":320},{""t"":""ハミダシクリエイティブRe:Re:call"",""cn"":"""",""ty"":""Galgame"",""y"":2025,""pop"":147}]","Creative Novelist Special Ear Cleaning Favorite Noodles, Local Specialties when Travelling Observing People, Fishing The former student council president, she's the cause of Tomohiro's problems.",723,0,723,0,,https://t.vndb.org/ch/21/109521.jpg,https://t.vndb.org/ch/21/109521.jpg,,#4b334c #977281 #d4b5be #eee4e1 #f8f5f3 #ffffff,Black Waist Length+ Straight Teen Slim Pale School Uniform Cooking Cowgirl Blowjob,,,https://vndb.org/c87840,
al14545,anilist,2,18,1994,,真城最高,Moritaka Mashiro,Saiko,男,B,14-24,动画|漫画,动画,バクマン。,,2010,动画,"[{""t"":""バクマン。"",""cn"":"""",""ty"":""动画"",""y"":2010,""pop"":122069},{""t"":""バクマン。2"",""cn"":"""",""ty"":""动画"",""y"":2011,""pop"":62824},{""t"":""バクマン。3"",""cn"":"""",""ty"":""动画"",""y"":2012,""pop"":58805},{""t"":""バクマン。"",""cn"":"""",""ty"":""漫画"",""y"":2008,""pop"":44371},{""t"":""バクマン。 番外編"",""cn"":"""",""ty"":""漫画"",""y"":2015,""pop"":1261}]",Aquarius 171 cm Mashiro is a 14-year-old boy who doesn't know what to do with his life. One day his classmate Takagi finds out about his amazing drawing skills and asks him to help create a manga.,701,701,0,0,,https://s4.anilist.co/file/anilistcdn/character/large/b14545-WjCGUsYLCEVn.png,https://s4.anilist.co/file/anilistcdn/character/medium/b14545-WjCGUsYLCEVn.png,,,,https://anilist.co/character/14545,,,
al1409,anilist,2,18,,,斎藤一,Hajime Saitou,Gorou Fujita,男,,34,动画|漫画,动画,るろうに剣心 -明治剣客浪漫譚-,浪客剑心,1996,动画,"[{""t"":""るろうに剣心 -明治剣客浪漫譚-"",""cn"":""浪客剑心"",""ty"":""动画"",""y"":1996,""pop"":90163},{""t"":""るろうに剣心 －明治剣客浪漫譚－(2023)"",""cn"":"""",""ty"":""动画"",""y"":2023,""pop"":61183},{""t"":""るろうに剣心―明治剣客浪漫譚―追憶編"",""cn"":"""",""ty"":""动画"",""y"":1999,""pop"":47227},{""t"":""るろうに剣心 -明治剣客浪漫譚-"",""cn"":""浪客剑心"",""ty"":""漫画"",""y"":1994,""pop"":26053},{""t"":""るろうに剣心 －明治剣客浪漫譚－京都動乱"",""cn"":"""",""ty"":""动画"",""y"":2024,""pop"":23929},{""t"":""るろうに剣心 -明治剣客浪漫譚- 星霜編"",""cn"":""浪客剑心 星霜篇"",""ty"":""动画"",""y"":2001,""pop"":14260}]","Hajime Saitou is loosely based on the real third-squad captain of the Shinsengumi. During the Meiji era, he lived as a police officer under the name of Gorou Fujita.",466,466,0,0,,https://s4.anilist.co/file/anilistcdn/character/large/b1409-V7taAezM5IUI.png,https://s4.anilist.co/file/anilistcdn/character/medium/b1409-V7taAezM5IUI.png,,,,https://anilist.co/character/1409,,,
al160044,anilist,2,18,,,ハウメア,Haumea,,女,,17,动画|漫画,动画,炎炎ノ消防隊,炎炎消防队,2019,动画,"[{""t"":""炎炎ノ消防隊"",""cn"":""炎炎消防队"",""ty"":""动画"",""y"":2019,""pop"":483496},{""t"":""炎炎ノ消防隊 弐ノ章"",""cn"":""炎炎消防队 二之章"",""ty"":""动画"",""y"":2020,""pop"":300881},{""t"":""炎炎ノ消防隊 参ノ章"",""cn"":""炎炎消防队 叁之章"",""ty"":""动画"",""y"":2025,""pop"":130164},{""t"":""炎炎ノ消防隊 参ノ章 第2クール"",""cn"":""炎炎消防队 叁之章 第2部分"",""ty"":""动画"",""y"":2026,""pop"":88814},{""t"":""炎炎ノ消防隊"",""cn"":""炎炎消防队"",""ty"":""漫画"",""y"":2015,""pop"":66020}]",Haumea is a Third Generation pyrokinetic and a member of the White-Clad. She possesses the Adolla Burst and is known as the Second Pillar.,427,427,0,0,,https://s4.anilist.co/file/anilistcdn/character/large/b160044-Vef7Nz9J4OX9.png,https://s4.anilist.co/file/anilistcdn/character/medium/b160044-Vef7Nz9J4OX9.png,,,,https://anilist.co/character/160044,,,
vndb-c28595,vndb,2,18,,,天ノ矛坂 冥,Amanohokosaka Mei,Amanohokosaka Shrine Maiden,女,,,Galgame,Galgame,BLAZBLUE CHRONOPHANTASMA,,2013,Galgame,"[{""t"":""BLAZBLUE CHRONOPHANTASMA"",""cn"":"""",""ty"":""Galgame"",""y"":2013,""pop"":423},{""t"":""XBLAZE CODE:EMBRYO"",""cn"":"""",""ty"":""Galgame"",""y"":2013,""pop"":250},{""t"":""XBLAZE LOST:MEMORIES"",""cn"":"""",""ty"":""Galgame"",""y"":2015,""pop"":95}]","Bass, paranormal research Music (all genres), curios Magic Guild, anything mainstream Mei Amanohokosaka is one of the characters in XBlaze – Embryo and a descendant of the Azure Shrine Maiden, protecting the Wadatsumi area for generations t…",423,0,423,0,,https://t.vndb.org/ch/88/58188.jpg,https://t.vndb.org/ch/88/58188.jpg,,#2f273b #66547a #ac9da7 #e9dace #ffffff,Violet Ponytail Twin Tails Hime Cut Waist Length+ Straight Teen Slim Pale School Uniform,,,https://vndb.org/c28595,
al1903,anilist,2,18,,,鬼灯水月,Suigetsu Houzuki,,男,B,16-17,动画|漫画|轻小说,动画,NARUTO -ナルト- 疾風伝,火影忍者疾风传,2007,动画,"[{""t"":""NARUTO -ナルト- 疾風伝"",""cn"":""火影忍者疾风传"",""ty"":""动画"",""y"":2007,""pop"":610025},{""t"":""BORUTO-ボルト- NARUTO NEXT GENERATIONS"",""cn"":""博人传-火影次世代-"",""ty"":""动画"",""y"":2017,""pop"":225171},{""t"":""NARUTO -ナルト-"",""cn"":""火影忍者"",""ty"":""漫画"",""y"":1999,""pop"":99205},{""t"":""NARUTOナルトSD ロック・リーの青春フルパワー忍伝"",""cn"":"""",""ty"":""动画"",""y"":2012,""pop"":19983},{""t"":""NARUTO外伝 七代目火影と緋色の花つ月"",""cn"":"""",""ty"":""漫画"",""y"":2015,""pop"":10057},{""t"":""NARUTO -ナルト- 真伝シリーズ"",""cn"":"""",""ty"":""轻小说"",""y"":2015,""pop"":4580}]","Suigetsu Hozuki is a former experimental subject of Orochimaru. Suigetsu once trained to be one of the Seven Swordsmen of the Mist, and as such has a number of traits consistent with other known members.",397,397,0,0,,https://s4.anilist.co/file/anilistcdn/character/large/1903.jpg,https://s4.anilist.co/file/anilistcdn/character/medium/1903.jpg,,,,https://anilist.co/character/1903,,,
vndb-c72523,vndb,2,18,,,黒瀬 桜良,Kurose Sakura,,女,A,,Galgame,Galgame,出会って5分は俺のもの！ 時間停止と不可避な運命,,2018,Galgame,,Yuuma's younger sister is best friends with Noa. Sakura was involved in an accident several years prior which damaged her legs and in the process caused a trauma for the protagonist. Cannot run or walk for very long due to her legs.,389,0,389,0,,https://t.vndb.org/ch/05/87805.jpg,https://t.vndb.org/ch/05/87805.jpg,,#4d4e81 #343350 #726f84 #efdfd2 #afa4af #fefefe,Black Twin Tails Wavy Straight Teen Slim Pale Doggy Style Cowgirl Standing Sex,,,https://vndb.org/c72523,
al321566,anilist,2,18,,,,Basil,バジル,男,,12-16,漫画,漫画,OMORI,,2024,漫画,,"[Sunny](//anilist.co/character/321561/Sunny)’s childhood friend. Basil is a gentle soul and would rather tend to his plants than fight. He holds many things in his life dear, especially his friends.",274,274,0,0,,https://s4.anilist.co/file/anilistcdn/character/large/b321566-0gpSU4uwZX8U.png,https://s4.anilist.co/file/anilistcdn/character/medium/b321566-0gpSU4uwZX8U.png,,,,https://anilist.co/character/321566,,,
al170487,anilist,2,18,,,シジャ,Shija,Gabimaru (画眉丸),,,,动画|漫画|轻小说,动画,地獄楽 第二期,地狱乐 第二季,2026,动画,"[{""t"":""地獄楽 第二期"",""cn"":""地狱乐 第二季"",""ty"":""动画"",""y"":2026,""pop"":173099},{""t"":""地獄楽"",""cn"":""地狱乐"",""ty"":""漫画"",""y"":2018,""pop"":97961},{""t"":""地獄楽 波間の追憶"",""cn"":"""",""ty"":""轻小说"",""y"":2023,""pop"":432}]","165 cm Human Unknown Shinobi Iwagakure Shija is an elite shinobi assassin from Iwagakure. After the shogun came to Iwagakure for assistance in retrieving the Elixir of Life from Kotaku, having become impatient with the first group, Shija, a…",107,107,0,0,,https://s4.anilist.co/file/anilistcdn/character/large/b170487-I4NQfboRrqtV.jpg,https://s4.anilist.co/file/anilistcdn/character/medium/b170487-I4NQfboRrqtV.jpg,,,,https://anilist.co/character/170487,,,
al27717,anilist,2,18,,,五十嵐虎,Tora Igarashi,,男,O,16,动画|漫画,动画,会長はメイド様!,会长是女仆大人！,2010,动画,"[{""t"":""会長はメイド様!"",""cn"":""会长是女仆大人！"",""ty"":""动画"",""y"":2010,""pop"":288287},{""t"":""会長はメイド様！"",""cn"":""会长是女仆大人！"",""ty"":""漫画"",""y"":2005,""pop"":36966}]","**** 180 cm The Student Council President at Miyabigaoka High School, he initially appears as a gentleman who marvels at Misaki and the changes she has brought to Seika High, offering her a chance to come to Miyabigaoka with an exceptional…",97,97,0,0,,https://s4.anilist.co/file/anilistcdn/character/large/b27717-SUpDLRWbi5Hm.jpg,https://s4.anilist.co/file/anilistcdn/character/medium/b27717-SUpDLRWbi5Hm.jpg,,,,https://anilist.co/character/27717,,,
al1254,anilist,2,18,2003,,洞木ヒカリ,Hikari Horaki,,女,,13,动画|漫画,动画,新世紀エヴァンゲリオン,新世纪福音战士,1995,动画,"[{""t"":""新世紀エヴァンゲリオン"",""cn"":""新世纪福音战士"",""ty"":""动画"",""y"":1995,""pop"":494637},{""t"":""ヱヴァンゲリヲン新劇場版:序"",""cn"":""福音战士新剧场版：序"",""ty"":""动画"",""y"":2007,""pop"":144872},{""t"":""ヱヴァンゲリヲン新劇場版:破"",""cn"":""福音战士新剧场版：破"",""ty"":""动画"",""y"":2009,""pop"":134199},{""t"":""シン・エヴァンゲリオン劇場版:||"",""cn"":"""",""ty"":""动画"",""y"":2021,""pop"":117586},{""t"":""新世紀エヴァンゲリオン劇場版 シト新生"",""cn"":""新世纪福音战士剧场版 死与新生"",""ty"":""动画"",""y"":1997,""pop"":61824},{""t"":""新世紀エヴァンゲリオン"",""cn"":""新世纪福音战士"",""ty"":""漫画"",""y"":1994,""pop"":38822}]","Hikari Horaki is the class representative of the class that Shinji and the other Eva pilots attend. Like all of her classmates, she is an unknowing Eva pilot candidate.",83,83,0,0,,https://s4.anilist.co/file/anilistcdn/character/large/b1254-Ps0twCqNZZH2.png,https://s4.anilist.co/file/anilistcdn/character/medium/b1254-Ps0twCqNZZH2.png,,,,https://anilist.co/character/1254,,,
al3769,anilist,2,18,1980,,ハル・ブロック,Halle Bullook,Halle Lidner,女,B,,动画|漫画,动画,DEATH NOTE,死亡笔记,2006,动画,"[{""t"":""DEATH NOTE"",""cn"":""死亡笔记"",""ty"":""动画"",""y"":2006,""pop"":961191},{""t"":""DEATH NOTE"",""cn"":""死亡笔记"",""ty"":""漫画"",""y"":2003,""pop"":99722},{""t"":""DEATH NOTE リライト"",""cn"":"""",""ty"":""动画"",""y"":2007,""pop"":44227},{""t"":""DEATH NOTE 特別読切"",""cn"":"""",""ty"":""漫画"",""y"":2020,""pop"":31437},{""t"":""DEATH NOTE Cキラ編"",""cn"":"""",""ty"":""漫画"",""y"":2007,""pop"":10002}]","180 cm Jacuzzi Insects Halle Lidner, real name Halle Bullook, works for Near as part of his investigation team, along with Gevanni and Rester. She is mentioned to be a former CIA agent.",60,60,0,0,,https://s4.anilist.co/file/anilistcdn/character/large/n3769-QJUZtTvWhOJt.png,https://s4.anilist.co/file/anilistcdn/character/medium/n3769-QJUZtTvWhOJt.png,,,,https://anilist.co/character/3769,,,
vndb-c10978,vndb,2,19,,,,Miki Miura,,女,,,Galgame,Galgame,Katawa Shoujo,,2009,Galgame,,"Miki is a student and fellow classmate of Hisao's in Class 3-3. She is an amputee, missing her left hand below her wrist, which is covered in bandages.",18528,0,18528,0,,https://t.vndb.org/ch/55/17355.jpg,https://t.vndb.org/ch/55/17355.jpg,,#989d7b #c9baa8 #4a5144 #6a6b61 #2c322a #f4f4f4,Brown Violet Ahoge Waist Length+ Cross-dressing Teen Slim School Uniform Violet Necktie,,,https://vndb.org/c10978,
vndb-c136,vndb,2,19,,穂村爱美,穂村 愛美,Homura Manami,Manamana,女,O,,Galgame,Galgame,マブラヴ　オルタネイティヴ,Muv-Luv Alternative,2006,Galgame,"[{""t"":""マブラヴ　オルタネイティヴ"",""cn"":""Muv-Luv Alternative"",""ty"":""Galgame"",""y"":2006,""pop"":11333},{""t"":""君が望む永遠"",""cn"":""你所期望的永远"",""ty"":""Galgame"",""y"":2001,""pop"":680},{""t"":""君が望む永遠 ～special FanDisk～"",""cn"":"""",""ty"":""Galgame"",""y"":2004,""pop"":78},{""t"":""君のぞデュエリスト"",""cn"":"""",""ty"":""Galgame"",""y"":2005,""pop"":11}]",欅町镇医院护士。,11333,0,11333,10,,https://t.vndb.org/ch/68/168.jpg,https://t.vndb.org/ch/68/168.jpg,https://lain.bgm.tv/r/400/pic/crt/l/39/e6/4201_crt_ph9Lq.jpg,#4a5b90 #434553 #f0e7ce #2e2b32 #a6a09d #747170,Waist Length+ Curtained Green Teen Slim Pale Trousers Amber Glasses Jacket,,https://bgm.tv/character/4201,https://vndb.org/c136,4201
vndb-c3907,vndb,2,19,,小河坂千波,小河坂 千波,Kogasaka Chinami,Bearer of the Demonic Hands / Nucular Missile / Nucular Warhead,女,B,,Galgame,Galgame,星空のメモリア-Wish upon a shooting star-,星空的记忆 -Wish upon a shooting star,2009,Galgame,"[{""t"":""星空のメモリア-Wish upon a shooting star-"",""cn"":""星空的记忆 -Wish upon a shooting star"",""ty"":""Galgame"",""y"":2009,""pop"":5718},{""t"":""星空のメモリア Eternal Heart"",""cn"":""星空的记忆 Eternal Heart"",""ty"":""Galgame"",""y"":2010,""pop"":824}]",ヒバリ校的1年生。洋的妹妹、衣鈴的同班同学。 拥有无论什么食材都能搞成黑炭的料理特技（？）。 容易睡模糊和忘记东西，比哥哥还要废柴却经常受人照顾，所以做事总是以失败告终。 平时已经喋喋不休了，哭的时候生气的时候就更是喋喋不休，让人手足无措。 但是因为性格不爱认输，所以很快又会制造另一个麻烦。 但是对洋来说，她是个很可爱的妹妹，一直都在暗地里守护着制造麻烦的她。 喜欢的事情：哥哥的照顾 讨厌的事情：哥哥的太阳穴攻击 「千波一直，都是哥哥的同伴噢」,5718,0,5718,61,,https://t.vndb.org/ch/65/40665.jpg,https://t.vndb.org/ch/65/40665.jpg,https://lain.bgm.tv/r/400/pic/crt/l/1b/18/11006_crt_EV6T6.jpg,#92304c #c6737b #eaa6aa #e9d8d4 #f6f1ed #ffffff,Pink Ahoge Ponytail Twin Tails Curtained Shoulder-length Straight Teen Slim Pale,,https://bgm.tv/character/11006,https://vndb.org/c3907,11006
vndb-c4026,vndb,2,19,,,工藤 叶,Kudou Kanae,,其他,B,,Galgame,Galgame,D.C.～ダ・カーポ～,,2002,Galgame,"[{""t"":""D.C.～ダ・カーポ～"",""cn"":"""",""ty"":""Galgame"",""y"":2002,""pop"":2562},{""t"":""D.C.～ダ・カーポ～"",""cn"":"""",""ty"":""Galgame"",""y"":2002,""pop"":2562},{""t"":""ことり Love Ex P"",""cn"":"""",""ty"":""Galgame"",""y"":2010,""pop"":434},{""t"":""D.C.I.F.～ダ・カーポ～イノセントフィナーレ"",""cn"":"""",""ty"":""Galgame"",""y"":2009,""pop"":371},{""t"":""D.C.Dream X’mas～ダ・カーポ～ドリームクリスマス"",""cn"":"""",""ty"":""Galgame"",""y"":2010,""pop"":61}]",純一の同級生で、純一や杉並と行動を共にすることが多いが、彼らとは違い常識人。ことりとも親友同士。,2562,0,2562,3,,https://t.vndb.org/ch/49/7349.jpg,https://t.vndb.org/ch/49/7349.jpg,https://lain.bgm.tv/r/400/pic/crt/l/a9/49/67386_crt_d1IzX.jpg,#302e46 #70655f #b2a29b #ecd8cd #ffffff,Brown Short Straight Cross-dressing Reverse-trap Teen Pale Proactive Hard Worker Green,,https://bgm.tv/character/67386,https://vndb.org/c4026,67386
al123529,anilist,2,19,,,七海燈子,Touko Nanami,,女,,,动画|漫画|轻小说,动画,やがて君になる,终将成为你,2018,动画,"[{""t"":""やがて君になる"",""cn"":""终将成为你"",""ty"":""动画"",""y"":2018,""pop"":137837},{""t"":""やがて君になる"",""cn"":""终将成为你"",""ty"":""漫画"",""y"":2015,""pop"":66024},{""t"":""やがて君になる 佐伯沙弥香について"",""cn"":""终将成为你 佐伯沙弥香的追忆"",""ty"":""轻小说"",""y"":2018,""pop"":5973},{""t"":""やがて君になる 公式コミックアンソロジー"",""cn"":"""",""ty"":""漫画"",""y"":2018,""pop"":5235}]","**** 163 cm (5’4”) A second year high school student, and the busiest member of the student council. She consistently ranks number one with her test scores and grades, and excels in sports as well.",2141,2141,0,0,,https://s4.anilist.co/file/anilistcdn/character/large/b123529-XSxpzTGWAq2a.png,https://s4.anilist.co/file/anilistcdn/character/medium/b123529-XSxpzTGWAq2a.png,,,,https://anilist.co/character/123529,,,
al121635,anilist,2,19,,,佐倉双葉,Futaba Sakura,Navi / Oracle / Alibaba / Futaba Isshiki,女,AB-,15 - 16,动画|漫画,动画,PERSONA5 the Animation,,2018,动画,"[{""t"":""PERSONA5 the Animation"",""cn"":"""",""ty"":""动画"",""y"":2018,""pop"":78651},{""t"":""PERSONA5 the Animation: Dark Sun…"",""cn"":"""",""ty"":""动画"",""y"":2018,""pop"":13973},{""t"":""PERSONA5 the Animation: \""Stars and Ours\"""",""cn"":"""",""ty"":""动画"",""y"":2019,""pop"":7736},{""t"":""ペルソナ5"",""cn"":"""",""ty"":""漫画"",""y"":2016,""pop"":4808},{""t"":""PERSONA5 the Animation: A Magical Valentine's Day"",""cn"":"""",""ty"":""动画"",""y"":2019,""pop"":3340},{""t"":""ペルソナ5 メメントスミッション"",""cn"":"""",""ty"":""漫画"",""y"":2018,""pop"":1908}]",Futaba Isshiki 152 cm Hermit Necronomicon Prometheus Al Azif A genius 15-year-old​ girl with otherworldly calculation and programming skills.,1786,1786,0,0,,https://s4.anilist.co/file/anilistcdn/character/large/b121635-x3rT0I5xKaDu.png,https://s4.anilist.co/file/anilistcdn/character/medium/b121635-x3rT0I5xKaDu.png,,,,https://anilist.co/character/121635,,,
al12465,anilist,2,19,,,千手扉間,Tobirama Senju,Second Hokage / Nidaime Hokage,男,,,动画|漫画,动画,NARUTO -ナルト-,火影忍者,2002,动画,"[{""t"":""NARUTO -ナルト-"",""cn"":""火影忍者"",""ty"":""动画"",""y"":2002,""pop"":725301},{""t"":""NARUTO -ナルト- 疾風伝"",""cn"":""火影忍者疾风传"",""ty"":""动画"",""y"":2007,""pop"":610025},{""t"":""NARUTO -ナルト-"",""cn"":""火影忍者"",""ty"":""漫画"",""y"":1999,""pop"":99205},{""t"":""ROAD OF NARUTO"",""cn"":"""",""ty"":""动画"",""y"":2022,""pop"":20865},{""t"":""NARUTOナルトSD ロック・リーの青春フルパワー忍伝"",""cn"":"""",""ty"":""动画"",""y"":2012,""pop"":19983}]",The Second Hokage is the younger brother to the [First Hokage](//anilist.co/character/12464/Senju-Hashirama) and [Tsunade](//anilist.co/character/2767/Senju-Tsunade)'s great-uncle.,912,912,0,0,,https://s4.anilist.co/file/anilistcdn/character/large/n12465-y8ByDAvzC5cA.png,https://s4.anilist.co/file/anilistcdn/character/medium/n12465-y8ByDAvzC5cA.png,,,,https://anilist.co/character/12465,,,
vndb-c1189,vndb,2,19,,,東儀 白,Tougi Shiro,,女,A,,Galgame,Galgame,FORTUNE ARTERIAL,,2008,Galgame,,"Shiro is a fourth-year student who gives off a delicate image, and is very shy. She was introduced to the student council by her older brother Seiichirou who was already on the council, and it was decided that Shiro would become the treasur…",862,0,862,0,,https://t.vndb.org/ch/83/12883.jpg,https://t.vndb.org/ch/83/12883.jpg,,,Blue White Twin Tails Waist Length+ Teen Slim Pale School Uniform Orphan Cooking,,,https://vndb.org/c1189,
vndb-c20054,vndb,2,19,,,メルヴィナ・ヴィディヤ・アードヴァニー,Melvina Vidya Advani,Mel,女,,,Galgame,Galgame,マブラヴ アンリミテッド ザ・デイアフター,,2010,Galgame,,2nd lieutenant in the Royal Australian Navy. Works as an engineering officer on board the HMAS Sydney.,690,0,690,0,,https://t.vndb.org/ch/45/115045.jpg,https://t.vndb.org/ch/45/115045.jpg,,#4d87c6 #1e4c93 #643d5d #392137 #b8978a #bad2e4,Violet Long Curtained Straight Teen Slim Trousers Hard Worker Olive Necktie,,,https://vndb.org/c20054,
vndb-c43395,vndb,2,19,,,王 壽鳳,Wang Shoufeng,,女,,,Galgame,Galgame,マブラヴ オルタネイティヴ トータル・イクリプス,Muv-Luv Alternative Total Eclipse,2013,Galgame,,,597,0,597,0,,https://t.vndb.org/ch/80/52080.jpg,https://t.vndb.org/ch/80/52080.jpg,,#474c54 #868c95 #727884 #5b616c #2b2c33 #f2ebd6,Black Ponytail Waist Length+ Slim Pale Blue Soldier Military Uniform Mecha Pilot Chinese,,,https://vndb.org/c43395,
vndb-c69540,vndb,2,19,,,権田橋 晋作,Gontabashi Shinsaku,ごんたくん / Gonta-kun,男,A,,Galgame,Galgame,花咲ワークスプリング！,,2015,Galgame,,,559,0,559,0,,https://t.vndb.org/ch/55/83855.jpg,https://t.vndb.org/ch/55/83855.jpg,,#9e8475 #ddc5a9 #f2e8d6 #393636 #f8f6f1 #ffffff,Brown Short Teen Slim Pale Trousers Green Necktie Shirt Classmate,,,https://vndb.org/c69540,
vndb-c20911,vndb,2,19,,,エドゥアルト・ウェルニッケ,Eduard Wernicke,,男,A,,Galgame,Galgame,絶対服従命令,,2005,Galgame,,"Kia's target. A student at a religious school, Eduard has pledged his life to God. He is a stoic, straightforward young man, who often thinks too deeply about things. He often suffers from feelings of self-loathing. [From in-game profile]",399,0,399,0,,https://t.vndb.org/ch/29/48929.jpg,https://t.vndb.org/ch/29/48929.jpg,,#cf9e7f #853632 #e9cba7 #efe6d9 #f8f6f2 #ffffff,Short Teen Pale Trousers Hard Worker Missionary Virgin Sex Amber Hat Shirt,,,https://vndb.org/c20911,
al264236,anilist,2,19,,,空崎ヒナ,Hina Sorasaki,,女,,17,动画|漫画,动画,ブルーアーカイブ The Animation,,2024,动画,"[{""t"":""ブルーアーカイブ The Animation"",""cn"":"""",""ty"":""动画"",""y"":2024,""pop"":30682},{""t"":""ブルアカ 1.5周年記念ショートアニメーション"",""cn"":"""",""ty"":""动画"",""y"":2022,""pop"":2754},{""t"":""ブルーアーカイブ アニメPVs"",""cn"":"""",""ty"":""动画"",""y"":2021,""pop"":2309},{""t"":""블루아카4컷만화"",""cn"":"""",""ty"":""漫画"",""y"":2021,""pop"":81}]","Gehenna Academy 3rd Year 142cm (4'7"") Hina Sorasaki is a 3rd year student and the current chairwoman of Gehenna's Prefect Team, who is rightfully feared by every student in the academy, if not all of Kivotos.",366,366,0,0,,https://s4.anilist.co/file/anilistcdn/character/large/b264236-fHEiw5HHxXeV.png,https://s4.anilist.co/file/anilistcdn/character/medium/b264236-fHEiw5HHxXeV.png,,,,https://anilist.co/character/264236,,,
al439,anilist,2,19,1974,,皇昴流,Subaru Sumeragi,,男,,16,动画|漫画,漫画,ツバサ -RESERVoir CHRoNiCLE-,,2003,漫画,"[{""t"":""ツバサ -RESERVoir CHRoNiCLE-"",""cn"":"""",""ty"":""漫画"",""y"":2003,""pop"":18188},{""t"":""X−エックス− (TV)"",""cn"":"""",""ty"":""动画"",""y"":2001,""pop"":16955},{""t"":""ツバサ TOKYO REVELATIONS"",""cn"":"""",""ty"":""动画"",""y"":2007,""pop"":14134},{""t"":""X -エックス-"",""cn"":"""",""ty"":""动画"",""y"":1996,""pop"":10737},{""t"":""X"",""cn"":"""",""ty"":""漫画"",""y"":1992,""pop"":8959},{""t"":""東京 BABYLON"",""cn"":"""",""ty"":""漫画"",""y"":1990,""pop"":8520}]","Subaru is the younger of a pair of fraternal twins, his older twin being a girl named Hokuto. Their parents (who are never seen) were members of the Sumeragi, a clan of onmyouji who have served Japan and its emperors for hundreds of years.",275,275,0,0,,https://s4.anilist.co/file/anilistcdn/character/large/b439-RzYhpd5brXlV.jpg,https://s4.anilist.co/file/anilistcdn/character/medium/b439-RzYhpd5brXlV.jpg,,,,https://anilist.co/character/439,,,
al69499,anilist,2,19,,,雪村あおい,Aoi Yukimura,,女,B,15,动画,动画,上伊那ぼたん、酔へる姿は百合の花,,2026,动画,"[{""t"":""上伊那ぼたん、酔へる姿は百合の花"",""cn"":"""",""ty"":""动画"",""y"":2026,""pop"":36301},{""t"":""ヤマノススメ"",""cn"":"""",""ty"":""动画"",""y"":2013,""pop"":34036},{""t"":""ヤマノススメ セカンドシーズン"",""cn"":"""",""ty"":""动画"",""y"":2014,""pop"":15195},{""t"":""ヤマノススメ サードシーズン"",""cn"":"""",""ty"":""动画"",""y"":2018,""pop"":11474},{""t"":""ヤマノススメ Next Summit"",""cn"":"""",""ty"":""动画"",""y"":2022,""pop"":10623},{""t"":""ヤマノススメ 壁って怖くないの？"",""cn"":"""",""ty"":""动画"",""y"":2013,""pop"":9867}]","152 cm A few years ago, Aoi had made a promise with [Hinata](//anilist.co/character/69503/Kuraue-Hinata) that they would climb mountains together, but after a bit of a nasty fall of a playground attraction, she ended up with a broken arm an…",251,251,0,0,,https://s4.anilist.co/file/anilistcdn/character/large/b69499-9VY5YTnspIxw.png,https://s4.anilist.co/file/anilistcdn/character/medium/b69499-9VY5YTnspIxw.png,,,,https://anilist.co/character/69499,,,
vndb-c87845,vndb,2,19,,,常盤 悦也,Tokiwa Etsuya,,男,,,Galgame,Galgame,DAIROKU：AYAKASHIMORI,,2020,Galgame,,The friendly and reliable boss of the sixth section.,212,0,212,0,,https://t.vndb.org/ch/44/106644.jpg,https://t.vndb.org/ch/44/106644.jpg,,#444240 #9c9b9a #c5c3c0 #e3e0dc #f5f3f0 #ffffff,Short Grey Young-adult Hakama Younger Appearance Management Grey Hair Beads,,,https://vndb.org/c87845,
al76814,anilist,2,19,,,池尻隼人,Hayato Ikejiri,,男,,17,动画|漫画,动画,ハイキュー!!,排球少年!!,2014,动画,"[{""t"":""ハイキュー!!"",""cn"":""排球少年!!"",""ty"":""动画"",""y"":2014,""pop"":583268},{""t"":""ハイキュー!! TO THE TOP"",""cn"":""排球少年 TO THE TOP"",""ty"":""动画"",""y"":2020,""pop"":293887},{""t"":""ハイキュー！！"",""cn"":""排球少年!!"",""ty"":""漫画"",""y"":2012,""pop"":101913}]","Tokonami High School 177.2 cm 3rd Year, class 1 4 Wing Spiker Ikejiri went to the same junior high school as Daichi where they played volleyball together.",18,18,0,0,,https://s4.anilist.co/file/anilistcdn/character/large/b76814-U1bpPGfQdZkA.jpg,https://s4.anilist.co/file/anilistcdn/character/medium/b76814-U1bpPGfQdZkA.jpg,,,,https://anilist.co/character/76814,,,
vndb-c3885,vndb,2,20,,直江大和,直江 大和,Naoe Yamato,ナオっち / Naocchi / 九鬼 大和 / Kuki Yamato,男,A,,Galgame,Galgame,真剣で私に恋しなさい！,认真和我恋爱！！,2009,Galgame,"[{""t"":""真剣で私に恋しなさい！"",""cn"":""认真和我恋爱！！"",""ty"":""Galgame"",""y"":2009,""pop"":9401},{""t"":""真剣で私に恋しなさい！S"",""cn"":""认真和我恋爱！S"",""ty"":""Galgame"",""y"":2012,""pop"":5025},{""t"":""真剣で私に恋しなさい！A-1"",""cn"":"""",""ty"":""Galgame"",""y"":2013,""pop"":2470},{""t"":""真剣で私に恋しなさい！A-2"",""cn"":"""",""ty"":""Galgame"",""y"":2013,""pop"":2188},{""t"":""辻堂さんの純愛ロード"",""cn"":"""",""ty"":""Galgame"",""y"":2012,""pop"":2008},{""t"":""真剣で私に恋しなさい！A-3"",""cn"":"""",""ty"":""Galgame"",""y"":2014,""pop"":1374}]",主人公。青梅竹马团体里的参谋。阳光而爱说话。 因为注重人与人之间的联系，不但在自己班里，甚至其他的班以及年级都有认识的人，相当有人缘。 属于为了胜利不问过程的类型，喜欢做事前定下作战计划的头脑派。 该出手时就出手，不过因为总不在状态，基本上都不愿承担责任。 用头脑来对抗战斗力极高的女性们的时候，基本上都以被捉弄为告终。,9401,0,9401,22,,https://t.vndb.org/ch/20/3920.jpg,https://t.vndb.org/ch/20/3920.jpg,https://lain.bgm.tv/r/400/pic/crt/l/f3/8b/11739_crt_LMKXQ.jpg,#4c3e44 #a7a0aa #ccc8d3 #e6e3e8 #f6f6f7 #ffffff,Brown Short Straight Brown Teen Slim Pale School Uniform Sweater Trousers,,https://bgm.tv/character/11739,https://vndb.org/c3885,11739
vndb-c56563,vndb,2,20,,十六夜总之助,十六夜 惣之助,Izayoi Sounosuke,Former Ultimate Blacksmith / Ultimate Blacksmith / Yoi / 元・超高校級の「鍛冶屋」,男,B,,Galgame,Galgame,ニューダンガンロンパV3 みんなのコロシアイ新学期,新弹丸论破V3 大家的自相残杀新学期,2017,Galgame,,原·超高校级的铁匠 第九支部支部长。希望之峰学园第76期生。 原超高校级的铁匠。 沉默寡言，除了流流歌以外不与其他人交流。擅长开发武器，长袍之中藏满了许多暗器。,8847,0,8847,6,,https://t.vndb.org/ch/40/67440.jpg,https://t.vndb.org/ch/40/67440.jpg,https://lain.bgm.tv/r/400/pic/crt/l/d5/79/40666_crt_vYqxb.jpg?r=1461657625,#5a3838 #beb49f #898077 #d6cfca #ffffff,Blond Brown Pale Young-adult Coat Knee-high Socks Ore Boyfriend Coworker Protective,,https://bgm.tv/character/40666,https://vndb.org/c56563,40666
vndb-c4086,vndb,2,20,,高城秋五,高城 秋五,Takashiro Shuugo,,男,4,,Galgame,Galgame,殻ノ少女,壳之少女,2008,Galgame,"[{""t"":""殻ノ少女"",""cn"":""壳之少女"",""ty"":""Galgame"",""y"":2008,""pop"":7899},{""t"":""虚ノ少女"",""cn"":""虚之少女"",""ty"":""Galgame"",""y"":2013,""pop"":3773},{""t"":""カルタグラ～ツキ狂イノ病～"",""cn"":""恋狱～月狂病～"",""ty"":""Galgame"",""y"":2005,""pop"":3324},{""t"":""和み匣 Innocent Greyファンディスク"",""cn"":"""",""ty"":""Galgame"",""y"":2007,""pop"":206}]",在上野当侦探。‘カルタグラ’（恋狱）的主人公。 在过去的事件之后与和菜结婚。现在由于和菜因身孕回娘家修养而处于独自工作的状态。 为了不让心爱的妻子担心，主要接受调查外遇、寻人之类的委托，拒绝了一些比较危险的委托。 和本作的主人公·时坂以及鱼住在参军时代、警察时代隶属同一上司麾下，现在有必要的话也会协助他们。,7899,0,7899,10,,https://t.vndb.org/ch/79/148779.jpg,https://t.vndb.org/ch/79/148779.jpg,https://lain.bgm.tv/r/400/pic/crt/l/08/31/11544_crt_EpuVI.jpg,#2b2933 #56505e #ac9a97 #e1d3c8 #ffffff,Black Short Slim Pale Trousers Cunnilingus Sixty-nine Hidden Young-adult Muscular,,https://bgm.tv/character/11544,https://vndb.org/c4086,11544
al130848,anilist,2,20,,,紅丸新門,Benimaru Shinmon,Beni / Waka / Asakusa no Hakaiou (浅草の破壊王) / Asakusa's King of Destruction,男,A,22,动画|漫画,动画,炎炎ノ消防隊,炎炎消防队,2019,动画,"[{""t"":""炎炎ノ消防隊"",""cn"":""炎炎消防队"",""ty"":""动画"",""y"":2019,""pop"":483496},{""t"":""炎炎ノ消防隊 弐ノ章"",""cn"":""炎炎消防队 二之章"",""ty"":""动画"",""y"":2020,""pop"":300881},{""t"":""炎炎ノ消防隊 参ノ章"",""cn"":""炎炎消防队 叁之章"",""ty"":""动画"",""y"":2025,""pop"":130164},{""t"":""炎炎ノ消防隊 参ノ章 第2クール"",""cn"":""炎炎消防队 叁之章 第2部分"",""ty"":""动画"",""y"":2026,""pop"":88814},{""t"":""炎炎ノ消防隊"",""cn"":""炎炎消防队"",""ty"":""漫画"",""y"":2015,""pop"":66020},{""t"":""炎炎ノ消防隊ミニアニメ"",""cn"":""炎炎消防队 迷你动画"",""ty"":""动画"",""y"":2021,""pop"":3778}]","Benimaru Shinmon is a hybrid Second and Third Generation, as well as the Captain of Special Fire Force Company 7. Benimaru is regarded as the strongest Fire Officer in the Special Fire Force.",7151,7151,0,0,,https://s4.anilist.co/file/anilistcdn/character/large/b130848-AuuIm6GR8ody.jpg,https://s4.anilist.co/file/anilistcdn/character/medium/b130848-AuuIm6GR8ody.jpg,,,,https://anilist.co/character/130848,,,
vndb-c11334,vndb,2,20,,雾崎冻孤,霧崎 凍孤,Kirisaki Touko,Tohko,女,A,,Galgame,Galgame,コープスパーティー ブラッドカバー,尸体派对 血色笼罩,2006,Galgame,"[{""t"":""コープスパーティー ブラッドカバー"",""cn"":""尸体派对 血色笼罩"",""ty"":""Galgame"",""y"":2006,""pop"":3556},{""t"":""コープスパーティー ブックオブシャドウズ"",""cn"":"""",""ty"":""Galgame"",""y"":2011,""pop"":1540},{""t"":""コープスパーティー BLOOD DRIVE"",""cn"":""尸体派对 驭血"",""ty"":""Galgame"",""y"":2014,""pop"":682},{""t"":""コープスパーティー -THE ANTHOLOGY- サチコの恋愛遊戯♥Hysteric Birthday 2U"",""cn"":""尸体派对 文选集 幸子的恋爱游戏 竭斯底里生日2U"",""ty"":""Galgame"",""y"":2012,""pop"":303}]",17岁，白檀高等学校二年四班的女学生。热爱占卜，与美月和惠美既是占卜的伙伴也是挚友。虽然平时行为活泼明快，却意外地有着神经质的地方。对刻命怀有好感。 喜欢的事物：占卜、『MOSDO』的辣味热狗、视觉系乐队『Labyrinth』 讨厌的事物：海（小时候曾溺水过）、老鼠 爱好：收集饰品、音乐鉴赏 将来的梦想：寻找中 家族构成：父、母 PC版CV - 葛城こより 注：重制版生日推算为1991年2月20日。,3556,0,3556,5,,https://t.vndb.org/ch/39/18239.jpg,https://t.vndb.org/ch/39/18239.jpg,https://lain.bgm.tv/r/400/pic/crt/l/d0/31/69689_crt_PUbaU.jpg,#8d847e #464f4b #c1bcb8 #ece5df #f8f7f3 #ffffff,Brown Ponytail Shoulder-length Green Teen Slim Pale Cooking Assault Blue,,https://bgm.tv/character/69689,https://vndb.org/c11334,69689
al71837,anilist,2,20,,库利亚,クリア,Clear,,男,,,动画|漫画|Galgame,动画,ドラマティカル マーダー,戏剧性谋杀,2014,动画,"[{""t"":""ドラマティカル マーダー"",""cn"":""戏剧性谋杀"",""ty"":""动画"",""y"":2014,""pop"":32933},{""t"":""ドラマティカル マーダー OVA「Data_xx_Transitory」"",""cn"":"""",""ty"":""动画"",""y"":2015,""pop"":6257},{""t"":""DRAMAtical Murder"",""cn"":""戏剧性谋杀"",""ty"":""Galgame"",""y"":2012,""pop"":2914},{""t"":""DRAMAtical Murder re:connect"",""cn"":"""",""ty"":""Galgame"",""y"":2013,""pop"":1104},{""t"":""DRAMAtical Murder"",""cn"":""戏剧性谋杀"",""ty"":""漫画"",""y"":2012,""pop"":697},{""t"":""DRAMAtical Murder"",""cn"":""戏剧性谋杀"",""ty"":""漫画"",""y"":2023,""pop"":307}]",虽然是感觉很危险的防毒面具男子，除了真的是很危险的人之外， 也有里面是发出『啊哈哈』笑声，既健全又可爱的少年的可能性。,2914,415,2914,43,,https://s4.anilist.co/file/anilistcdn/character/large/b71837-86KC7X683KHh.jpg,https://s4.anilist.co/file/anilistcdn/character/medium/b71837-86KC7X683KHh.jpg,https://t.vndb.org/ch/87/21087.jpg|https://lain.bgm.tv/r/400/pic/crt/l/43/a5/15224_crt_963zt.jpg,,White Wavy Short Slim Pale Trousers Cooking Amnesia Blowjob Sixty-nine,https://anilist.co/character/71837,https://bgm.tv/character/15224,https://vndb.org/c10436,15224
al18343,anilist,2,20,,桃园奈奈生,桃園奈々生,Nanami Momozono,Human God,女,A,"16 (manga), 17 (anime)",动画|漫画,动画,神様はじめました,元气少女缘结神,2012,动画,"[{""t"":""神様はじめました"",""cn"":""元气少女缘结神"",""ty"":""动画"",""y"":2012,""pop"":170315},{""t"":""神様はじめました◎"",""cn"":""元气少女缘结神◎"",""ty"":""动画"",""y"":2015,""pop"":93502},{""t"":""神様はじめました ～過去編～"",""cn"":""元气少女缘结神 过去篇"",""ty"":""动画"",""y"":2015,""pop"":38032},{""t"":""神様はじめました"",""cn"":""元气少女缘结神"",""ty"":""动画"",""y"":2013,""pop"":25154},{""t"":""神様はじめました"",""cn"":""元气少女缘结神"",""ty"":""漫画"",""y"":2008,""pop"":24065},{""t"":""神様はじめました「神様、幸せになる」"",""cn"":""元气少女缘结神 新婚篇"",""ty"":""动画"",""y"":2016,""pop"":17009}]",快活で前向きで何があってもへこたれない性格の高校2年生。父親が蒸発し、家を借金のカタに取り上げられて行き場がなくなりホームレス状態になるが途方に暮れているときにミカゲと出会う。その後、巴衛との出会いを経て土地神としての生活をスタートさせた。巴衛の事が好き。,2797,2797,0,60,,https://s4.anilist.co/file/anilistcdn/character/large/b18343-YU7AhH28tElo.jpg,https://s4.anilist.co/file/anilistcdn/character/medium/b18343-YU7AhH28tElo.jpg,https://lain.bgm.tv/r/400/pic/crt/l/a5/c6/17263_crt_zz036.jpg,,,https://anilist.co/character/18343,https://bgm.tv/character/17263,,17263
vndb-c17303,vndb,2,20,,,菱吾 森,Hishia Mori,,女,,,Galgame,Galgame,ハロー・レディ！,,2014,Galgame,"[{""t"":""ハロー・レディ！"",""cn"":"""",""ty"":""Galgame"",""y"":2014,""pop"":1704},{""t"":""ハロー・レディ！ -New Division-"",""cn"":"""",""ty"":""Galgame"",""y"":2014,""pop"":705}]","Taking out the trash, trash-talking If it's edible, she'll eat it Japanese cars People who come late Shinri's loveable personal maid. Despite her very obviously Japanese name, she's very clearly not Japanese herself.",1704,0,1704,0,,https://t.vndb.org/ch/68/23268.jpg,https://t.vndb.org/ch/68/23268.jpg,,#37355e #927e68 #c5b8bc #dfdfe9 #f4f5f9 #ffffff,Brown Ponytail Long Wavy Curtained Teen Slim Proactive Fighting Doggy Style,,,https://vndb.org/c17303,
al3179,anilist,2,20,,,小南,Konan,Tenshi (天使) / Angel,女,O,35,动画|漫画|轻小说,动画,NARUTO -ナルト- 疾風伝,火影忍者疾风传,2007,动画,"[{""t"":""NARUTO -ナルト- 疾風伝"",""cn"":""火影忍者疾风传"",""ty"":""动画"",""y"":2007,""pop"":610025},{""t"":""NARUTO -ナルト-"",""cn"":""火影忍者"",""ty"":""漫画"",""y"":1999,""pop"":99205},{""t"":""NARUTOナルトSD ロック・リーの青春フルパワー忍伝"",""cn"":"""",""ty"":""动画"",""y"":2012,""pop"":19983},{""t"":""NARUTO秘伝シリーズ"",""cn"":"""",""ty"":""轻小说"",""y"":2015,""pop"":2513},{""t"":""ロック・リーの青春フルパワー忍伝"",""cn"":"""",""ty"":""漫画"",""y"":2010,""pop"":1478},{""t"":""うちはサスケの写輪眼伝"",""cn"":"""",""ty"":""漫画"",""y"":2014,""pop"":1256}]","Konan is the partner of the Akatsuki leader, [Pain](//anilist.co/character/3180), and the only female ninja in Akatsuki. She was orphaned as a child by one of Amegakure's many wars, forcing her to fend for herself until being found by [Jira…",1360,1360,0,0,,https://s4.anilist.co/file/anilistcdn/character/large/3179-YVD5zJSYrnPg.jpg,https://s4.anilist.co/file/anilistcdn/character/medium/3179-YVD5zJSYrnPg.jpg,,,,https://anilist.co/character/3179,,,
vndb-c137423,vndb,2,20,,,城ケ崎 ノア,Jougasaki Noah,Jogasaki Noah / バルーン / BALLOON,女,,,Galgame,Galgame,魔法少女ノ魔女裁判,,2025,Galgame,,"An anonymous street artist, making waves across the globe. Despite her art being adored worldwide, nobody knows anything of her true identity. She speaks with little regard to anyone, always drawing out her words in curiosity.",1206,0,1206,0,,https://t.vndb.org/ch/46/180846.jpg,https://t.vndb.org/ch/46/180846.jpg,,#7685a0 #2e2f3c #cbb394 #cbd0dc #fbfbfa,Black Blond Blue Pink White Twin Tails Waist Length+ Teen Slim Pale,,,https://vndb.org/c137423,
vndb-c50272,vndb,2,20,,,シシバ,Shishiba,,男,O,,Galgame,Galgame,BUSTAFELLOWS,,2019,Galgame,"[{""t"":""BUSTAFELLOWS"",""cn"":"""",""ty"":""Galgame"",""y"":2019,""pop"":908},{""t"":""Side Kicks!"",""cn"":"""",""ty"":""Galgame"",""y"":2017,""pop"":64}]","Special Data Analysis, Hacking The silent genius hacker.",908,0,908,0,,https://t.vndb.org/ch/16/169316.jpg,https://t.vndb.org/ch/16/169316.jpg,,#568990 #99b664 #b3c89d #e1dbd3 #ffffff,Black Short Green Young-adult Coat Glasses Sports Shoes Reserved Hacker Police,,,https://vndb.org/c50272,
vndb-c124094,vndb,2,20,,,レア・ゲグラン,Lea Guesclin,Lea Gegranne,女,,,Galgame,Galgame,マブラヴ アンリミテッド ザ・デイアフター,,2010,Galgame,,A major and the commanding officer of the 13th Tactical Dragoon Regiment in the French army.,690,0,690,0,,https://t.vndb.org/ch/31/146031.jpg,https://t.vndb.org/ch/31/146031.jpg,,#e9c9a8 #b28fa4 #4d456a #cebae3 #f7eee0 #ffffff,Blond Long Wavy Pale Fighting Blue Adult Piloting Mecha Pilot Pressure Suit,,,https://vndb.org/c124094,
al141,anilist,2,20,,,リナリー・リー,Lenalee Lee,Lena / Rinali,女,B,16,动画|漫画,动画,ディー・グレイマン,,2006,动画,"[{""t"":""ディー・グレイマン"",""cn"":"""",""ty"":""动画"",""y"":2006,""pop"":117180},{""t"":""ディー・グレイマン"",""cn"":"""",""ty"":""漫画"",""y"":2004,""pop"":42535},{""t"":""ディー・グレイマン ハロー"",""cn"":"""",""ty"":""动画"",""y"":2016,""pop"":37297},{""t"":""ディーグレイマン (ゾーン)"",""cn"":"""",""ty"":""漫画"",""y"":2003,""pop"":1343}]","166 cm Chinese [Komui's](//anilist.co/character/142) younger sister, and assistant Head Officer. Her parents were killed by an Akuma when she was very young.",631,631,0,0,,https://s4.anilist.co/file/anilistcdn/character/large/b141-XOVoHUg6M2kN.png,https://s4.anilist.co/file/anilistcdn/character/medium/b141-XOVoHUg6M2kN.png,,,,https://anilist.co/character/141,,,
al81717,anilist,2,20,,,シャリオデュノール,Chariot du Nord,Shiny Chariot / シャイニィシャリオ,女,,30,动画|漫画,动画,リトルウィッチアカデミア (TV),,2017,动画,"[{""t"":""リトルウィッチアカデミア (TV)"",""cn"":"""",""ty"":""动画"",""y"":2017,""pop"":167097},{""t"":""リトルウィッチアカデミア"",""cn"":""小魔女学园"",""ty"":""动画"",""y"":2013,""pop"":101186},{""t"":""リトルウィッチアカデミア 魔法仕掛けのパレード"",""cn"":""小魔女学园 魔法游行"",""ty"":""动画"",""y"":2015,""pop"":54917},{""t"":""リトルウィッチアカデミア"",""cn"":""小魔女学园"",""ty"":""漫画"",""y"":2016,""pop"":3744},{""t"":""リトルウィッチアカデミア"",""cn"":""小魔女学园"",""ty"":""漫画"",""y"":2013,""pop"":1534}]","170 cm From her early childhood, Chariot sought to become a witch who could make people smile. Her natural charm and radiant personality attracted everyone around her.",629,629,0,0,,https://s4.anilist.co/file/anilistcdn/character/large/b81717-hMZbou3IEKKJ.png,https://s4.anilist.co/file/anilistcdn/character/medium/b81717-hMZbou3IEKKJ.png,,,,https://anilist.co/character/81717,,,
vndb-c135951,vndb,2,20,,,北条 花,Houjou Hana,,女,,,Galgame,Galgame,セレクトオブリージュ,,2024,Galgame,,"The Student Council's Vice President, a third-year who comes from a long line of Isshiki family retainers. Together with her twin, Hana devoted herself to supporting Kaname.",515,0,515,0,,https://t.vndb.org/ch/50/159950.jpg,https://t.vndb.org/ch/50/159950.jpg,,#3b597c #b48a9b #d8bec3 #ede0e3 #f9f6f3 #ffffff,Pink Shoulder-length Straight Teen Slim Pale School Uniform Amber Kimono Knee-high Socks,,,https://vndb.org/c135951,
vndb-c135941,vndb,2,20,,,北条 空,Houjou Sora,,女,,,Galgame,Galgame,セレクトオブリージュ,,2024,Galgame,,"The Student Council Secretary, a third-year who stands in contrast to her chatty twin Hana. Quiet and contemplative, Sora has a thoughtful nature and a heart of gold that always considers others.",515,0,515,0,,https://t.vndb.org/ch/39/159939.jpg,https://t.vndb.org/ch/39/159939.jpg,,#3c5678 #b68fa5 #dac1ca #f0e0e4 #f9f6f2 #ffffff,Violet Shoulder-length Straight Teen Slim Pale School Uniform Amber Kimono Knee-high Socks,,,https://vndb.org/c135941,
al124444,anilist,2,20,,,グレイ,Grey,,女,AB,24,动画|漫画,动画,ブラッククローバー,黑色五叶草,2017,动画,"[{""t"":""ブラッククローバー"",""cn"":""黑色五叶草"",""ty"":""动画"",""y"":2017,""pop"":583263},{""t"":""ブラッククローバー"",""cn"":""黑色五叶草"",""ty"":""漫画"",""y"":2015,""pop"":107258},{""t"":""ブラッククローバー 魔法帝の剣"",""cn"":"""",""ty"":""动画"",""y"":2023,""pop"":99687},{""t"":""むぎゅっと！ブラッククローバー"",""cn"":"""",""ty"":""动画"",""y"":2019,""pop"":7179},{""t"":""プチット・クローバー アドバンス"",""cn"":"""",""ty"":""动画"",""y"":2018,""pop"":3303}]",Human Transformation 159cm A 3rd Class Junior Magic Knight of Clover Kingdom's Black Bull squad.,469,469,0,0,,https://s4.anilist.co/file/anilistcdn/character/large/b124444-01PmRKd8Sned.jpg,https://s4.anilist.co/file/anilistcdn/character/medium/b124444-01PmRKd8Sned.jpg,,,,https://anilist.co/character/124444,,,
al157017,anilist,2,20,,,シャトー・ダンクワース,Chateau Dankworth,,女,AB,,动画|漫画,动画,殺し愛,,2022,动画,"[{""t"":""殺し愛"",""cn"":"""",""ty"":""动画"",""y"":2022,""pop"":65483},{""t"":""殺し愛"",""cn"":"""",""ty"":""漫画"",""y"":2015,""pop"":11838}]",160 cm Chateau is a newly recruited bounty hunter working for Ritzland Support. She is reluctant to trust [Ryang-Ha](//anilist.co/character/157016/) and constantly rejects his romantic advances.,310,310,0,0,,https://s4.anilist.co/file/anilistcdn/character/large/b157017-JJH9TGPpnlU8.jpg,https://s4.anilist.co/file/anilistcdn/character/medium/b157017-JJH9TGPpnlU8.jpg,,,,https://anilist.co/character/157017,,,
vndb-c96730,vndb,2,20,,,ティファリア,Tifalia,,女,,,Galgame,Galgame,ラディアンテイル,,2022,Galgame,"[{""t"":""ラディアンテイル"",""cn"":"""",""ty"":""Galgame"",""y"":2022,""pop"":266},{""t"":""ラディアンテイル ～ファンファーレ！～"",""cn"":"""",""ty"":""Galgame"",""y"":2023,""pop"":103}]",The Assistant Girl “This is definitely not normal!!”,266,0,266,0,,https://t.vndb.org/ch/72/126172.jpg,https://t.vndb.org/ch/72/126172.jpg,,#bf6a75 #cfa2a3 #e6cbc4 #f5e9e4 #d6e0eb #fefefe,Brown Pink Twin Tails Waist Length+ Straight Teen Slim Pale Orphan Amber,,,https://vndb.org/c96730,
vndb-c163939,vndb,2,20,,,志貴 結命子,Shiki Yumeko,霖 / Nagame,女,,,Galgame,Galgame,パラノマサイト FILE38 伊勢人魚物語,,2026,Galgame,,Female Ittensai Shiki's Wife; Paranormal Affairs Employee Secret A housewife from Tokyo who came to Kameshima to visit Wakamura.,250,0,250,0,,https://t.vndb.org/ch/55/193955.jpg,https://t.vndb.org/ch/55/193955.jpg,,#742628 #81757d #bbb1ab #e9ddd1 #ffffff,Curtained Shoulder-length Pale Grey Adult Kimono Deredere Carefree Refined Detective,,,https://vndb.org/c163939,
al124117,anilist,2,20,,,ロム,Rom,Old Man,男,,,动画|漫画|轻小说,动画,Re:ゼロから始める異世界生活,Re：从零开始的异世界生活,2016,动画,"[{""t"":""Re:ゼロから始める異世界生活"",""cn"":""Re：从零开始的异世界生活"",""ty"":""动画"",""y"":2016,""pop"":621774},{""t"":""Re:ゼロから始める異世界生活 3rd season"",""cn"":"""",""ty"":""动画"",""y"":2024,""pop"":195668},{""t"":""Re:ゼロから始める異世界生活 OVAs"",""cn"":"""",""ty"":""动画"",""y"":2018,""pop"":112258},{""t"":""Re:ゼロから始める異世界生活"",""cn"":""Re：从零开始的异世界生活"",""ty"":""轻小说"",""y"":2014,""pop"":30155},{""t"":""Re:ゼロから始める異世界生活 第一章 王都の一日編"",""cn"":"""",""ty"":""漫画"",""y"":2014,""pop"":8413},{""t"":""Re:ゼロから始める異世界生活 第二章 屋敷の一週間編"",""cn"":"""",""ty"":""漫画"",""y"":2014,""pop"":6475}]","Rom, commonly known as Grandpa or Old Man Rom, is a member of the Felt Camp and the former owner of the Stolen Goods Warehouse.",123,123,0,0,,https://s4.anilist.co/file/anilistcdn/character/large/b124117-9wZEIt0h4Ioq.jpg,https://s4.anilist.co/file/anilistcdn/character/medium/b124117-9wZEIt0h4Ioq.jpg,,,,https://anilist.co/character/124117,,,
al191507,anilist,2,20,,,神室真澄,Masumi Kamuro,,女,,16-17,动画|轻小说,动画,ようこそ実力至上主義の教室へ,欢迎来到实力至上主义的教室,2017,动画,"[{""t"":""ようこそ実力至上主義の教室へ"",""cn"":""欢迎来到实力至上主义的教室"",""ty"":""动画"",""y"":2017,""pop"":447470},{""t"":""ようこそ実力至上主義の教室へ 2nd Season"",""cn"":""欢迎来到实力至上主义的教室 第二季"",""ty"":""动画"",""y"":2022,""pop"":261649},{""t"":""ようこそ実力至上主義の教室へ 3rd Season"",""cn"":""欢迎来到实力至上主义的教室 第三季"",""ty"":""动画"",""y"":2024,""pop"":188938},{""t"":""ようこそ実力至上主義の教室へ 4th Season 2年生編1学期"",""cn"":"""",""ty"":""动画"",""y"":2026,""pop"":117800},{""t"":""ようこそ実力至上主義の教室へ"",""cn"":""欢迎来到实力至上主义的教室"",""ty"":""轻小说"",""y"":2015,""pop"":41723},{""t"":""ようこそ実力至上主義の教室へ　２年生編"",""cn"":"""",""ty"":""轻小说"",""y"":2020,""pop"":16585}]",Masumi Kamuro is a student of Class 2-A and a member of the Art Club. She is one of the members of the inner circle of Sakayanagi faction but is shown to be only interested in doing so as Sakayanagi has some information about her criminal h…,62,62,0,0,,https://s4.anilist.co/file/anilistcdn/character/large/b191507-YIt6i1p7GIXU.png,https://s4.anilist.co/file/anilistcdn/character/medium/b191507-YIt6i1p7GIXU.png,,,,https://anilist.co/character/191507,,,
al68497,anilist,2,20,,,大塚芽子,Meiko Otsuka,,女,,,动画|漫画,动画,山田くんと7人の魔女,,2015,动画,"[{""t"":""山田くんと7人の魔女"",""cn"":"""",""ty"":""动画"",""y"":2015,""pop"":189518},{""t"":""山田くんと7人の魔女"",""cn"":"""",""ty"":""漫画"",""y"":2012,""pop"":33949},{""t"":""山田くんと7人の魔女 OAD"",""cn"":"""",""ty"":""动画"",""y"":2014,""pop"":25949}]","2-C Witch Thought/Telepathy Is one of the seven witches. ~!Otsuka has the ability called ""Telepathy"". Because of her inability to talk out loud she gained this power so that she can communicate with others.",57,57,0,0,,https://s4.anilist.co/file/anilistcdn/character/large/b68497-a1V5zAL4UuIo.png,https://s4.anilist.co/file/anilistcdn/character/medium/b68497-a1V5zAL4UuIo.png,,,,https://anilist.co/character/68497,,,
al6187,anilist,2,20,,,寺門通,Tsuu Terakado,Otsu,女,,17,动画|漫画,动画,銀魂,银魂,2006,动画,"[{""t"":""銀魂"",""cn"":""银魂"",""ty"":""动画"",""y"":2006,""pop"":296063},{""t"":""銀魂’"",""cn"":"""",""ty"":""动画"",""y"":2011,""pop"":110096},{""t"":""銀魂 THE FINAL"",""cn"":"""",""ty"":""动画"",""y"":2021,""pop"":55581},{""t"":""銀魂. ポロリ編"",""cn"":"""",""ty"":""动画"",""y"":2017,""pop"":53444},{""t"":""銀魂"",""cn"":""银魂"",""ty"":""漫画"",""y"":2003,""pop"":31772},{""t"":""3年Z組銀八先生"",""cn"":"""",""ty"":""动画"",""y"":2025,""pop"":14970}]","An idol pop singer whose song lyrics are often very dirty or controversial. She started her career singing on the sides of streets. This was when Shinpachi met her and has followed her ever since, being captain of her fan club.",55,55,0,0,,https://s4.anilist.co/file/anilistcdn/character/large/n6187-8sGEwWKV15xb.jpg,https://s4.anilist.co/file/anilistcdn/character/medium/n6187-8sGEwWKV15xb.jpg,,,,https://anilist.co/character/6187,,,
al177481,anilist,2,20,,,ルカル・ウェスカー,Lucal Weskar,,,,,动画,动画,終わりのセラフ　名古屋決戦編,终结的炽天使 名古屋决战篇,2015,动画,,,2,2,0,0,,https://s4.anilist.co/file/anilistcdn/character/large/b177481-M1htK5dJr85A.jpg,https://s4.anilist.co/file/anilistcdn/character/medium/b177481-M1htK5dJr85A.jpg,,,,https://anilist.co/character/177481,,,
al257562,anilist,2,21,,后藤一里,後藤ひとり,Hitori Gotou,Bocchi-chan / Hitori Gotoh / guitarhero,女,O,16,动画|漫画,动画,ぼっち・ざ・ろっく！,孤独摇滚！,2022,动画,"[{""t"":""ぼっち・ざ・ろっく！"",""cn"":""孤独摇滚！"",""ty"":""动画"",""y"":2022,""pop"":265557},{""t"":""ぼっち・ざ・ろっく！ 2期"",""cn"":"""",""ty"":""动画"",""y"":"""",""pop"":40032},{""t"":""スローループ"",""cn"":""女孩的钓鱼慢活"",""ty"":""动画"",""y"":2022,""pop"":28844},{""t"":""ぼっち・ざ・ろっく！Re:"",""cn"":"""",""ty"":""动画"",""y"":2024,""pop"":25825},{""t"":""ぼっち・ざ・ろっく！"",""cn"":""孤独摇滚！"",""ty"":""漫画"",""y"":2018,""pop"":20185},{""t"":""ぼっち・ざ・ろっく！ Re:Re:"",""cn"":"""",""ty"":""动画"",""y"":2024,""pop"":13716}]",本作の主人公。ギター、作詞担当。秀華高校1年→2年。ニックネームはリョウが名前から付けた「ぼっち（ちゃん）」。対人関係が苦手で初対面の相手とは目も合わせられず、服装は常にジャージ、家では暗い押し入れでギターばかり弾いている陰キャラ少女。 中学1年の時、暗い学生時代から一転してスターとなったバンドマンのインタビューを目にしたことでギターにのめり込むも、結局中学3年間でバンドを組むことはできず、高校に進学して1ヶ月が経っても1人の友達も作ることができずにいた。,12445,12445,0,1953,,https://s4.anilist.co/file/anilistcdn/character/large/b257562-Ru35NYPfsqhY.png,https://s4.anilist.co/file/anilistcdn/character/medium/b257562-Ru35NYPfsqhY.png,https://lain.bgm.tv/r/400/pic/crt/l/b1/9c/87968_crt_z9LaF.jpg,,,https://anilist.co/character/257562,https://bgm.tv/character/87968,,87968
vndb-c81733,vndb,2,21,,,琴寄 文乃,Kotoyose Fumino,Dosukebe Jeanne d'Arc / ドスケベジャンヌ・ダルク,女,AB,,Galgame,Galgame,抜きゲーみたいな島に住んでる貧乳はどうすりゃいいですか？ 2,,2019,Galgame,,A member of the NLNS campaign who assists the protagonist from a distance with her sniping skills.,1604,0,1604,0,,https://t.vndb.org/ch/07/99207.jpg,https://t.vndb.org/ch/07/99207.jpg,,#bf6f89 #e6c1bb #f6e3da #fbf1e9 #ffffff,White Ponytail Long Straight Teen Slim Pale Fighting Doggy Style Cowgirl,,,https://vndb.org/c81733,
vndb-c38349,vndb,2,21,,,サイラス 斎村,Cyrus Saimura,Toyo Saimura,男,,,Galgame,Galgame,ローズガンズデイズ,,2012,Galgame,,"Richard's former bodyguard, now working through him as a bodyguard for Club Primavera. Apparently fought at the front lines in the war.",1103,0,1103,0,,https://t.vndb.org/ch/43/46343.jpg,https://t.vndb.org/ch/43/46343.jpg,,#a38971 #ccbe9e #433944 #d1d1d1 #ededed #ffffff,Red Ponytail Fighting Fedora Black Muscular Handgun Mafia Bodyguard Soldier,,,https://vndb.org/c38349,
al32395,anilist,2,21,,,七咲逢,Ai Nanasaki,,女,O,15,动画|Galgame,动画,アマガミSS,,2010,动画,"[{""t"":""アマガミSS"",""cn"":"""",""ty"":""动画"",""y"":2010,""pop"":89369},{""t"":""アマガミSS+ plus"",""cn"":"""",""ty"":""动画"",""y"":2012,""pop"":38227},{""t"":""アマガミSS イモウト"",""cn"":"""",""ty"":""动画"",""y"":2011,""pop"":14123},{""t"":""アマガミSS"",""cn"":"""",""ty"":""动画"",""y"":2011,""pop"":13451},{""t"":""アマガミSS+ plus"",""cn"":"""",""ty"":""动画"",""y"":2012,""pop"":10145},{""t"":""アマガミSS+ plus 新作ピクチャードラマ～バレンタイン・フォー・ユー～"",""cn"":"""",""ty"":""动画"",""y"":2012,""pop"":5634}]","1-B Swimming Team 160 cm A classmate of Miya's. She is part of their school's girl swimming team. She has a younger brother named Ikuo and is very calm in nature, and humble. Her story is the fourth arc of the anime.",775,379,775,0,,https://s4.anilist.co/file/anilistcdn/character/large/b32395-qrLVV0qZA9kS.png,https://s4.anilist.co/file/anilistcdn/character/medium/b32395-qrLVV0qZA9kS.png,https://t.vndb.org/ch/98/9298.jpg,,Black Short Brown Teen Slim Pale School Uniform Coat Vest Miniskirt,https://anilist.co/character/32395,,https://vndb.org/c8748,
vndb-c61063,vndb,2,21,,,水無月 さえ,Minazuki Sae,,女,,,Galgame,Galgame,月影のシミュラクル,,2016,Galgame,,"A maid who has served the Kisaragi family for a long time. A member of a branch family, she has a son who works outside of Kisaragi corporation. She adopted Kazuha after the accident, treating her as granddaughter.",556,0,556,0,,https://t.vndb.org/ch/23/72723.jpg,https://t.vndb.org/ch/23/72723.jpg,,#775367 #af999a #dbd0c9 #ede4d9 #ffffff,Bun Cooking Amber Old Dress Gloves Stoic Driving Housekeeper Avoidable Death (obsolete),,,https://vndb.org/c61063,
al47005,anilist,2,21,,,白鬼院凜々蝶,Ririchiyo Shirakiin,Chiyo / Riricho,女,A,15,动画|漫画,动画,妖狐×僕SS,,2012,动画,"[{""t"":""妖狐×僕SS"",""cn"":"""",""ty"":""动画"",""y"":2012,""pop"":94890},{""t"":""妖狐×僕SS"",""cn"":"""",""ty"":""动画"",""y"":2012,""pop"":19196},{""t"":""妖狐×僕SS"",""cn"":"""",""ty"":""漫画"",""y"":2009,""pop"":7732}]","145 cm The main character of the story, she currently resides in room #4 of the Ayakashi Kan and is the master of Miketsukami Soushi.",552,552,0,0,,https://s4.anilist.co/file/anilistcdn/character/large/b47005-D7lFlRqQ5fWm.jpg,https://s4.anilist.co/file/anilistcdn/character/medium/b47005-D7lFlRqQ5fWm.jpg,,,,https://anilist.co/character/47005,,,
vndb-c3677,vndb,2,21,,,ハーゲン・ハーラー,Hagen Haller,,男,A,,Galgame,Galgame,絶対服従命令,,2005,Galgame,,"Louise's target. His personality is a little twisted. Perhaps because other men are always jealous of him, or because he’s crazy for the ladies, he treats other men very coldly. However, he’s very warm and kind to women.",399,0,399,0,,https://t.vndb.org/ch/46/48946.jpg,https://t.vndb.org/ch/46/48946.jpg,,#55444d #b9aca8 #d9d1ca #ede9e4 #f7f6f4 #ffffff,White Ponytail Long Slim Pale Trousers Doggy Style Blue Young-adult Necktie,,,https://vndb.org/c3677,
vndb-c9956,vndb,2,21,,,藤村 静,Fujimura Shizu,,女,O,,Galgame,Galgame,この青空に約束を―,,2006,Galgame,"[{""t"":""この青空に約束を―"",""cn"":"""",""ty"":""Galgame"",""y"":2006,""pop"":356},{""t"":""フォセット ～Cafe au Le Ciel Bleu～"",""cn"":"""",""ty"":""Galgame"",""y"":2006,""pop"":88},{""t"":""Xross Scramble"",""cn"":"""",""ty"":""Galgame"",""y"":2007,""pop"":81},{""t"":""オトメクライシス"",""cn"":"""",""ty"":""Galgame"",""y"":2008,""pop"":41}]","A new student who is bashful in front of strangers. Her parents left her and she seldom showed her feelings when Wataru met her at first; Saeri stood for her and she began to live on the Tsugumi dorm, and she gradually shows her feeling.",356,0,356,0,,https://t.vndb.org/ch/62/18162.jpg,https://t.vndb.org/ch/62/18162.jpg,,#666caa #d6b4ad #e8ded5 #ededef #f9faf9,Violet Bob Cut Long Short Teen Slim Pale School Uniform Blowjob Green,,,https://vndb.org/c9956,
vndb-c64859,vndb,2,21,,,,Hayes,,男,,,Galgame,Galgame,Hustle Cat,,2016,Galgame,,"Nervous barista Hayes feels more comfortable around coffee and cats than he does around people, but can you reach his heart and help him blossom? [From Kickstarter]",348,0,348,0,,https://t.vndb.org/ch/87/77987.jpg,https://t.vndb.org/ch/87/77987.jpg,,#fd55a4 #f2d31b #dfcea5 #3e3832 #9d8876 #e0ded6,Blond Short Slim Pale Sweater Magician Blue Young-adult Glasses Shy,,,https://vndb.org/c64859,
al297094,anilist,2,21,,,君嶋綾乃,Ayano Kimishima,,女,,,动画|漫画|轻小说,动画,時々ボソッとロシア語でデレる隣のアーリャさん,不时轻声地以俄语遮羞的邻座艾莉同学,2024,动画,"[{""t"":""時々ボソッとロシア語でデレる隣のアーリャさん"",""cn"":""不时轻声地以俄语遮羞的邻座艾莉同学"",""ty"":""动画"",""y"":2024,""pop"":204637},{""t"":""時々ボソッとロシア語でデレる隣のアーリャさん Season 2"",""cn"":""不时轻声地以俄语遮羞的邻座艾莉同学 第二季"",""ty"":""动画"",""y"":2027,""pop"":48213},{""t"":""時々ボソッとロシア語でデレる隣のアーリャさん"",""cn"":""不时轻声地以俄语遮羞的邻座艾莉同学"",""ty"":""漫画"",""y"":2022,""pop"":22641},{""t"":""時々ボソッとロシア語でデレる隣のアーリャさん"",""cn"":""不时轻声地以俄语遮羞的邻座艾莉同学"",""ty"":""轻小说"",""y"":2021,""pop"":9197},{""t"":""時々ボソッとロシア語でデレる勇者のアーリャさん"",""cn"":"""",""ty"":""漫画"",""y"":2026,""pop"":107}]","Ayano is an expressionless maid of the Suou household. She's the sort of devoted servant who has boundless love for her master, and she's dedicated herself to serving [Yuki](//anilist.co/character/243404).",343,343,0,0,,https://s4.anilist.co/file/anilistcdn/character/large/b297094-n4EyxcJUAEYJ.jpg,https://s4.anilist.co/file/anilistcdn/character/medium/b297094-n4EyxcJUAEYJ.jpg,,,,https://anilist.co/character/297094,,,
vndb-c39543,vndb,2,21,,,鳴門 ともえ,Naruto Tomoe,,女,A,,Galgame,Galgame,働くオトナの恋愛事情,,2016,Galgame,"[{""t"":""働くオトナの恋愛事情"",""cn"":"""",""ty"":""Galgame"",""y"":2016,""pop"":230},{""t"":""働くオトナの恋愛事情２"",""cn"":"""",""ty"":""Galgame"",""y"":2018,""pop"":91}]","A detective who is so petite that she could be mistaken for a student in plain clothes. She is used to being treated like a child, but still gets angry when it happens.",230,0,230,0,,https://t.vndb.org/ch/73/47673.jpg,https://t.vndb.org/ch/73/47673.jpg,,#573e40 #92757b #c5a9a8 #ebd8cb #f4f0e8 #ffffff,Violet Ponytail Waist Length+ Wavy Brown School Uniform Doggy Style Cowgirl Blowjob Virgin Sex,,,https://vndb.org/c39543,
al149026,anilist,2,21,,,折本かおり,Kaori Orimoto,,女,,,动画|轻小说,动画,やはり俺の青春ラブコメはまちがっている。続,我的青春恋爱物语果然有问题 续,2015,动画,"[{""t"":""やはり俺の青春ラブコメはまちがっている。続"",""cn"":""我的青春恋爱物语果然有问题 续"",""ty"":""动画"",""y"":2015,""pop"":276649},{""t"":""やはり俺の青春ラブコメはまちがっている。完"",""cn"":""我的青春恋爱物语果然有问题 完"",""ty"":""动画"",""y"":2020,""pop"":224555},{""t"":""やはり俺の青春ラブコメはまちがっている。"",""cn"":""我的青春恋爱物语果然有问题"",""ty"":""轻小说"",""y"":2011,""pop"":20719},{""t"":""やはり俺の青春ラブコメはまちがっている。結"",""cn"":"""",""ty"":""轻小说"",""y"":2021,""pop"":576}]",[Hachiman](//anilist.co/character/67065) and Kaori both went to the same junior school. Hachiman also used to like her and asked her out before.,22,22,0,0,,https://s4.anilist.co/file/anilistcdn/character/large/b149026-FjDmOLdgjIYv.jpg,https://s4.anilist.co/file/anilistcdn/character/medium/b149026-FjDmOLdgjIYv.jpg,,,,https://anilist.co/character/149026,,,
vndb-c6616,vndb,2,22,,贰大猫丸,弐大 猫丸,Nidai Nekomaru,Mechamaru / Ultimate Team Manager / 超高校級の「マネージャー」 / Super High School Level Manager,男,A,,Galgame,Galgame,スーパーダンガンロンパ2 さよなら絶望学園,超级弹丸论破2 再见了绝望学园,2012,Galgame,"[{""t"":""スーパーダンガンロンパ2 さよなら絶望学園"",""cn"":""超级弹丸论破2 再见了绝望学园"",""ty"":""Galgame"",""y"":2012,""pop"":13178},{""t"":""ニューダンガンロンパV3 みんなのコロシアイ新学期"",""cn"":""新弹丸论破V3 大家的自相残杀新学期"",""ty"":""Galgame"",""y"":2017,""pop"":8847},{""t"":""スーパーダンガンロンパ２×２ キョウキモード"",""cn"":"""",""ty"":""Galgame"",""y"":2027,""pop"":4}]",超高校級の「マネージャー」。 眉毛が稲光のようになっているのが特徴。身体だけでなく声もデカい。無名不良高のラグビー部や、廃部寸前の野球部を全国優勝まで導いた経歴を持つ。スイカ割りすらトレーニングとして捉えるマネージャー脳。ストレートに下品な発言をしてしまうなどデリカシーには欠ける面もあるが、外見も性格も頼りがいのある偉丈夫。だが外見に反して胃腸が弱くトイレにこもりがち。,13178,0,13178,7,,https://t.vndb.org/ch/80/70680.jpg,https://t.vndb.org/ch/80/70680.jpg,https://lain.bgm.tv/r/400/pic/crt/l/44/95/18047_crt_xpF1n.jpg?r=1534933183,#0c1313 #79685d #bba28d #403b37 #d8dad8 #fefefe,Black Short Pale Trousers Hard Worker Disaster Hotblooded Amber Muscular Jacket,,https://bgm.tv/character/18047,https://vndb.org/c6616,18047
vndb-c4088,vndb,2,22,,高城夏目,高城 夏目,Takashiro Natsume,,女,,,Galgame,Galgame,殻ノ少女,壳之少女,2008,Galgame,"[{""t"":""殻ノ少女"",""cn"":""壳之少女"",""ty"":""Galgame"",""y"":2008,""pop"":7899},{""t"":""虚ノ少女"",""cn"":""虚之少女"",""ty"":""Galgame"",""y"":2013,""pop"":3773},{""t"":""天ノ少女"",""cn"":""天之少女"",""ty"":""Galgame"",""y"":2020,""pop"":1601}]",高城家的长女，现役的法医。 在爱妹七七之上的怪人，包括外貌和性格等。 夏目女士。不允许这之外的称呼。 一开口尽是些奇怪的方言，外貌和性格都属于怪人之列。 但与那言行和性格正相反，作为协助警察的验尸官的技术是一流的。 从时坂当警察的时候起就和他认识了，提供搜查必要的情报和建议。夏目女士自己似乎也对时坂很中意。 但是，由于会对提供的情报提出交换条件，时坂没有碰到相当棘手的问题时是不会靠近夏目女士的。,7899,0,7899,28,,https://t.vndb.org/ch/82/149382.jpg,https://t.vndb.org/ch/82/149382.jpg,https://lain.bgm.tv/r/400/pic/crt/l/fb/04/11543_crt_esWUe.jpg,#745965 #473440 #ab9a99 #dcd3d0 #ffffff,Brown Waist Length+ Wavy Brown Pale Blowjob Young-adult Gloves Pantyhose Lazy,,https://bgm.tv/character/11543,https://vndb.org/c4088,11543
al130751,anilist,2,22,,环古达,環古達,Tamaki Kotatsu,,女,A,17,动画|漫画,动画,炎炎ノ消防隊,炎炎消防队,2019,动画,"[{""t"":""炎炎ノ消防隊"",""cn"":""炎炎消防队"",""ty"":""动画"",""y"":2019,""pop"":483496},{""t"":""炎炎ノ消防隊 弐ノ章"",""cn"":""炎炎消防队 二之章"",""ty"":""动画"",""y"":2020,""pop"":300881},{""t"":""炎炎ノ消防隊 参ノ章"",""cn"":""炎炎消防队 叁之章"",""ty"":""动画"",""y"":2025,""pop"":130164},{""t"":""炎炎ノ消防隊 参ノ章 第2クール"",""cn"":""炎炎消防队 叁之章 第2部分"",""ty"":""动画"",""y"":2026,""pop"":88814},{""t"":""炎炎ノ消防隊"",""cn"":""炎炎消防队"",""ty"":""漫画"",""y"":2015,""pop"":66020},{""t"":""炎炎ノ消防隊ミニアニメ"",""cn"":""炎炎消防队 迷你动画"",""ty"":""动画"",""y"":2021,""pop"":3778}]",二等消防官 第三世代能力者 能力是“猫又” 黑发双马尾美少女，拥有一种“意外被吃豆腐”的体质。 对森罗有好感。,3993,3993,0,105,,https://s4.anilist.co/file/anilistcdn/character/large/b130751-J8rhd4d3TxF4.png,https://s4.anilist.co/file/anilistcdn/character/medium/b130751-J8rhd4d3TxF4.png,https://lain.bgm.tv/r/400/pic/crt/l/12/b1/68992_crt_88n8D.jpg?r=1551273287,,,https://anilist.co/character/130751,https://bgm.tv/character/68992,,68992
vndb-c64308,vndb,2,22,,卡米娜尔·路·普鲁提亚·索尔特雷吉·希斯雅,カミナル・ル・プルテア・ソルティレージュ・シスア,Caminal le Pultaia Sortilège Sisua,Cami-meow / カミにゃん / Kaminyan / ミナ,女,AB,,Galgame,Galgame,金色ラブリッチェ,金辉恋曲四重奏,2017,Galgame,"[{""t"":""金色ラブリッチェ"",""cn"":""金辉恋曲四重奏"",""ty"":""Galgame"",""y"":2017,""pop"":3826},{""t"":""金色ラブリッチェ-Golden Time-"",""cn"":""金辉恋曲四重奏 -Golden Time-"",""ty"":""Galgame"",""y"":2019,""pop"":1939}]",本篇 「下郎、お姉さまに何かしたら、ただじゃおきませんわ」 シルヴィの妹で、ソルティレージュ第10王女。愛称は「ミナ」。 相手を庶民や貴族と言った身分で格付けはせず、 人間性で判断する眼力の持ち主。 が、だらしない央路は眼鏡にかなわなかったらしくあまり好かれてはいない。 姉のためにも彼のだらしなさをただすため、 色々と世話を焼いてくれることに。 ----- FD 「よろしくて下郎。,3826,0,3826,144,,https://t.vndb.org/ch/59/149559.jpg,https://t.vndb.org/ch/59/149559.jpg,https://lain.bgm.tv/r/400/pic/crt/l/f1/c2/57845_crt_tnh55.jpg,#5166ae #b68e9a #d3c8d2 #ebe5e8 #f7f5f5 #ffffff,White Bun Twin Tails Waist Length+ Straight Slim Pale School Uniform Cooking Missionary,,https://bgm.tv/character/57845,https://vndb.org/c64308,57845
vndb-c87411,vndb,2,22,,织部义次,織部 義次,Oribe Yoshitsugu,義 / Yoshi / 義坊 / Yoshi-bo,男,,,Galgame,Galgame,レイジングループ,人狼村之谜,2015,Galgame,,織部家の次男で、泰永の弟。14歳の中学生。 閉鎖的な環境にグレており、誰かれ構わず攻撃的に接する不良。 しかし親思いであり、根はいいやつ。 兄である泰長にはとある理由により複雑な感情を抱いている。,3618,0,3618,2,,https://t.vndb.org/ch/74/105874.jpg,https://t.vndb.org/ch/74/105874.jpg,https://lain.bgm.tv/r/400/pic/crt/l/59/3f/75436_crt_3aD3P.jpg,#753736 #a97c6e #d5b4a6 #e9d6c2 #ffffff,Blond Short Brown Teen Pale Proactive Hotblooded Muscular Earrings Jacket,,https://bgm.tv/character/75436,https://vndb.org/c87411,75436
al195121,anilist,2,22,,MIYA／知念实也,知念実也,Miya Chinen,,男,,13,动画|漫画,动画,SK∞ エスケーエイト,无限滑板,2021,动画,"[{""t"":""SK∞ エスケーエイト"",""cn"":""无限滑板"",""ty"":""动画"",""y"":2021,""pop"":235285},{""t"":""SK∞ エスケーエイト EXTRA PART"",""cn"":"""",""ty"":""动画"",""y"":2025,""pop"":24217},{""t"":""SK∞ エスケーエイト"",""cn"":""无限滑板"",""ty"":""漫画"",""y"":2021,""pop"":5837},{""t"":""SK∞ エスケーエイト チルアウト！"",""cn"":"""",""ty"":""漫画"",""y"":2021,""pop"":1598}]",初一学生，却已经是滑板赛事的日本代表队队员候补。有着能够轻松做出高难易度花式动作的实力。性格有些小嚣张，喜欢电子游戏。,3248,3248,0,35,,https://s4.anilist.co/file/anilistcdn/character/large/b195121-FehldtuXxYXh.png,https://s4.anilist.co/file/anilistcdn/character/medium/b195121-FehldtuXxYXh.png,https://lain.bgm.tv/r/400/pic/crt/l/b5/e0/87961_crt_gopI4.jpg?r=1614484274,,,https://anilist.co/character/195121,https://bgm.tv/character/87961,,87961
vndb-c6642,vndb,2,22,,冬川心,冬川 こころ,Fuyukawa Kokoro,Fuyukawa Cocoro / Kokoron,女,B,,Galgame,Galgame,Remember11 -the age of infinity-,Remember11：无限轮回的时光,2004,Galgame,,女性视角的主角。 遭逢飞机失事，幸运生还，是意外事件中的一个生存者，但是被困在被冰雪包围、远离人际的山中。 她与其他一起生还的数名同伴现在连逃离这个隔绝空间的余力都没有。 另外，在意外以后，冬川心的身心都陷入异常。 精神常常会脱离肉体，进入身处异地的其他人（优希堂悟）的身体里。 她的记忆与意识在雪山与SPHIA之间来回交错。 「如果可以给出合理的证明我便相信， 如果无法证明的话…… 我就会选择浪漫的一方。」,3246,0,3246,99,,https://t.vndb.org/ch/03/6803.jpg,https://t.vndb.org/ch/03/6803.jpg,https://lain.bgm.tv/r/400/pic/crt/l/5d/5c/16899_crt_x9mi8.jpg?r=1369401780,#8d695e #42392f #c6b3ab #f3e7dd #f8f6fb,Brown Bob Cut Brown Slim Pale Young-adult Coat Cardigan Skirt Boots,,https://bgm.tv/character/16899,https://vndb.org/c6642,16899
vndb-c6689,vndb,2,22,,,,Unnamed,,男,A,,Galgame,Galgame,Remember11 -the age of infinity-,Remember11：无限轮回的时光,2004,Galgame,,,3246,0,3246,0,,https://t.vndb.org/ch/36/6836.jpg,https://t.vndb.org/ch/36/6836.jpg,,#282322 #7b6363 #c0a9a0 #e6d9d0 #faf2e7 #ffffff,Black Short Brown Slim Pale Trousers Proactive Young-adult Suit Glasses,,,https://vndb.org/c6689,
vndb-c6648,vndb,2,22,,优希堂悟,優希堂 悟,Yuukidou Satoru,,男,A,,Galgame,Galgame,Remember11 -the age of infinity-,Remember11：无限轮回的时光,2004,Galgame,,男性视角的主角。 某一天，因为从SPHIA的屋顶摔下来而失去意识。 记忆因此错乱，发生意外的原因跟发生意外之前的情况等记忆目前并不明朗。 醒来时……不知道为什么身处于冰雪封闭的山中。 而且身体还变成了一个未曾谋面的女性。 由于坠楼事件的影响，优希堂悟的身心都陷入异常。 精神常常会脱离肉体，进入身处异地的其他人（冬川心）的身体里。 他的记忆与意识在雪山与SPHIA之间来回交错。 「与人生一样，重要的在于过程而不是目的。」,3246,0,3246,107,,https://t.vndb.org/ch/05/6805.jpg,https://t.vndb.org/ch/05/6805.jpg,https://lain.bgm.tv/r/400/pic/crt/l/5c/9e/16900_crt_2lh6L.jpg?r=1369401801,#6f4321 #cb9674 #ebd4be #f8f6fa,Blond Curtained Short Straight Brown Slim Pale Sweater Trousers Proactive,,https://bgm.tv/character/16900,https://vndb.org/c6648,16900
vndb-c6662,vndb,2,22,,优希堂沙也香,優希堂 沙也香,Yuukidou Sayaka,Inubushi Keiko,女,AB,,Galgame,Galgame,Remember11 -the age of infinity-,Remember11：无限轮回的时光,2004,Galgame,,[mask]优希堂悟最爱的妹妹。[/mask],3246,0,3246,6,,https://t.vndb.org/ch/18/6818.jpg,https://t.vndb.org/ch/18/6818.jpg,https://lain.bgm.tv/r/400/pic/crt/l/f9/a6/138098_crt_g0C9w.jpg,#b18981 #eabfba #3b332b #f9dad2 #fcf8ea #ffffff,Black Short Straight Black Kid Insanity Split Personality Full Sister Twin Sister Death,,https://bgm.tv/character/138098,https://vndb.org/c6662,138098
vndb-c37365,vndb,2,22,,,桜木・ルーフォレット・アーシェ,Sakuragi Roofolet Ashe,,女,B,,Galgame,Galgame,ワガママハイスペック,任性HighSpec,2016,Galgame,"[{""t"":""ワガママハイスペック"",""cn"":""任性HighSpec"",""ty"":""Galgame"",""y"":2016,""pop"":2807},{""t"":""ワガママハイスペック OC"",""cn"":""任性HighSpec OC"",""ty"":""Galgame"",""y"":2017,""pop"":433}]","Serious, hates losing, and aims to be a composer. She serves as Vice President and isn't honest with her feelings. A student on the same year as the protagonist and the Student Council Vice President.",2807,0,2807,0,,https://t.vndb.org/ch/68/45568.jpg,https://t.vndb.org/ch/68/45568.jpg,,#51212f #bb8374 #f1c78f #e8d8d4 #f8f3eb #ffffff,Blond Ahoge Twin Tails Long Waist Length+ Straight Teen Slim Pale School Uniform,,,https://vndb.org/c37365,
al89183,anilist,2,22,,群堂美铃,群堂みすず,Misuzu Gundou,,女,AB,15,动画|漫画,动画,トモちゃんは女の子！,智酱是女生！,2023,动画,"[{""t"":""トモちゃんは女の子！"",""cn"":""智酱是女生！"",""ty"":""动画"",""y"":2023,""pop"":176598},{""t"":""トモちゃんは女の子!"",""cn"":""智酱是女生！"",""ty"":""漫画"",""y"":2015,""pop"":46353}]",智や淳一郎の幼馴染。 冷静沈着な性格の少女。だがかなりの毒舌家かつ俗物的。あまり外交的ではないため専ら交友関係は親友の智を中心とした狭いものとなっている。本人は時に気に留めている様子はないが、自分の欠点としては認識している。スタイルはスレンダーで、男勝りな智に胸囲で大敗していることには劣等感を感じている。学力は非常に高く、中学・高校と成績上位を維持している。 真反対の性格である智の一番の親友であり、学内では2人で一緒にいることも多い。,2786,2786,0,107,,https://s4.anilist.co/file/anilistcdn/character/large/b89183-7rdNPxR2afjA.png,https://s4.anilist.co/file/anilistcdn/character/medium/b89183-7rdNPxR2afjA.png,https://lain.bgm.tv/r/400/pic/crt/l/aa/d3/58218_crt_1EKXN.jpg?r=1669547231,,,https://anilist.co/character/89183,https://bgm.tv/character/58218,,58218
vndb-c41768,vndb,2,22,,,一之江 金魚,Ichinoe Kingyo,Legend-Senpai,女,AB,,Galgame,Galgame,大図書館の羊飼い,,2013,Galgame,"[{""t"":""大図書館の羊飼い"",""cn"":"""",""ty"":""Galgame"",""y"":2013,""pop"":2275},{""t"":""大図書館の羊飼い"",""cn"":"""",""ty"":""Galgame"",""y"":2013,""pop"":2275},{""t"":""大図書館の羊飼い"",""cn"":"""",""ty"":""Galgame"",""y"":2013,""pop"":2275},{""t"":""大図書館の羊飼い"",""cn"":"""",""ty"":""Galgame"",""y"":2013,""pop"":2275}]","Precise 146.1 cm Console exclusive heroine. A first-year student who also works at the school's 8th cafeteria ""Kamisore"".",2275,0,2275,0,,https://t.vndb.org/ch/59/50159.jpg,https://t.vndb.org/ch/59/50159.jpg,,#87244b #b99c9c #dbc8c2 #f2e9da #f1f3f4 #ffffff,Blond Ahoge Waist Length+ Wavy Teen Slim Pale Violet Thigh-high Stockings Friendly,,,https://vndb.org/c41768,
al269308,anilist,2,22,,,로이드 프론테라,Lloyd Frontera,Kim Su-Ho (김수호) / 路伊德·佛朗特拉 / 金秀浩,男,B,25-,漫画,漫画,역대급 영지 설계사,,2021,漫画,,"181 cm A drunkard whose family is in a mountain of debt. Su-Ho Kim, a civil engineer, is transmigrated into his body.",2030,2030,0,0,,https://s4.anilist.co/file/anilistcdn/character/large/b269308-XTwR7eKuYRl2.png,https://s4.anilist.co/file/anilistcdn/character/medium/b269308-XTwR7eKuYRl2.png,,,,https://anilist.co/character/269308,,,
vndb-c36545,vndb,2,22,,,日高 昴,Hidaka Subaru,Mr. Pleiades / MR_PLEIADES,男,A,,Galgame,Galgame,ROBOTICS;NOTES,机器人笔记,2012,Galgame,"[{""t"":""ROBOTICS;NOTES"",""cn"":""机器人笔记"",""ty"":""Galgame"",""y"":2012,""pop"":1864},{""t"":""ROBOTICS;NOTES DaSH"",""cn"":"""",""ty"":""Galgame"",""y"":2019,""pop"":773}]","A second-year student in the same school as Kaito and Akiho. He won the Robo-One championship several years ago, and because of this, Akiho tries to get him to join the robotics club.",1864,0,1864,0,,https://t.vndb.org/ch/29/44129.jpg,https://t.vndb.org/ch/29/44129.jpg,,#dcd6cd #48494d #a0a3a4 #e4eaea #f6f9f9,Black Short Teen Pale School Uniform Assault Glasses Boku Ore Stoic,,,https://vndb.org/c36545,
vndb-c39731,vndb,2,22,,,岡崎 契,Okazaki Kei,,男,O,,Galgame,Galgame,Collar x Malice,,2016,Galgame,"[{""t"":""Collar x Malice"",""cn"":"""",""ty"":""Galgame"",""y"":2016,""pop"":1496},{""t"":""Collar x Malice -Unlimited-"",""cn"":"""",""ty"":""Galgame"",""y"":2018,""pop"":511}]",An active police officer who works as an SP (Special Police) Officer curently assigned to protect Aiji Yanagi and the other people at the Detective Agency. The reason that he's not assigned to protect a VIP is not made readily apparent.,1496,0,1496,0,,https://t.vndb.org/ch/48/112348.jpg,https://t.vndb.org/ch/48/112348.jpg,,#654a41 #b39489 #ddc8bf #efe4dd #faf6f2 #ffffff,White Shoulder-length Pale Trousers Fedora Violet White Young-adult Muscular Scarf,,,https://vndb.org/c39731,
vndb-c5096,vndb,2,22,,,天羽 みう,Amaha Miu,,女,O,,Galgame,Galgame,ましろ色シンフォニー,,2009,Galgame,"[{""t"":""ましろ色シンフォニー"",""cn"":"""",""ty"":""Galgame"",""y"":2009,""pop"":1399},{""t"":""ましろ色シンフォニー SANA EDITION"",""cn"":"""",""ty"":""Galgame"",""y"":2023,""pop"":771}]",Miu is a third-year student of Yuihime Girls' Academy. She lives in a house nearby the school with her mother and two cats.,1399,0,1399,0,,https://t.vndb.org/ch/48/5148.jpg,https://t.vndb.org/ch/48/5148.jpg,,#795579 #b093a9 #d2c1cc #ece1e3 #f7f1f0 #fefefd,Violet Long Wavy Teen Slim Pale School Uniform Hard Worker Cowgirl Blowjob,,,https://vndb.org/c5096,
al164752,anilist,2,22,,,宮野由美,Yoshikazu Miyano,Myaa-chan (みゃーちゃん),男,B,,动画|漫画,动画,佐々木と宮野,,2022,动画,"[{""t"":""佐々木と宮野"",""cn"":"""",""ty"":""动画"",""y"":2022,""pop"":81147},{""t"":""佐々木と宮野ー卒業編ー"",""cn"":"""",""ty"":""动画"",""y"":2023,""pop"":25721},{""t"":""佐々木と宮野"",""cn"":"""",""ty"":""漫画"",""y"":2016,""pop"":20478},{""t"":""佐々木と宮野 恋に気づく前のちょっとした話。"",""cn"":"""",""ty"":""动画"",""y"":2022,""pop"":14892},{""t"":""平野と鍵浦"",""cn"":"""",""ty"":""动画"",""y"":2023,""pop"":10687},{""t"":""平野と鍵浦"",""cn"":"""",""ty"":""漫画"",""y"":2019,""pop"":8108}]","160 cm He's really sensitive about his girlish features, and he's a hardcore fudanshi.",1329,1329,0,0,,https://s4.anilist.co/file/anilistcdn/character/large/b164752-M7GHzGQJGUpw.png,https://s4.anilist.co/file/anilistcdn/character/medium/b164752-M7GHzGQJGUpw.png,,,,https://anilist.co/character/164752,,,
al149797,anilist,2,22,,,光月おでん,Oden Kouzuki,Idiot Lord / Kozuki Oden,男,,39 ,动画|漫画,动画,ONE PIECE,航海王,1999,动画,"[{""t"":""ONE PIECE"",""cn"":""航海王"",""ty"":""动画"",""y"":1999,""pop"":750384},{""t"":""ONE PIECE"",""cn"":""航海王"",""ty"":""漫画"",""y"":1997,""pop"":232766},{""t"":""記念撮影"",""cn"":"""",""ty"":""动画"",""y"":2019,""pop"":3700}]","382 cm (12'6"") ~!Roger Pirates (former); Whitebeard Pirates (former)!~ Kouzuki Oden was the daimyo of Kuri in Wano Country, the disowned son of the former shogun of Wano Country Kozuki Sukiyaki, the husband of Kouzuki Toki, and the father o…",1263,1263,0,0,,https://s4.anilist.co/file/anilistcdn/character/large/b149797-UmdR7up3kgoK.png,https://s4.anilist.co/file/anilistcdn/character/medium/b149797-UmdR7up3kgoK.png,,,,https://anilist.co/character/149797,,,
vndb-c7635,vndb,2,22,,,加藤 可憐,Katou Karen,,女,O,,Galgame,Galgame,Shiny Days,日了就闪,2012,Galgame,"[{""t"":""Shiny Days"",""cn"":""日了就闪"",""ty"":""Galgame"",""y"":2012,""pop"":1048},{""t"":""Summer Days"",""cn"":""日在盛夏"",""ty"":""Galgame"",""y"":2006,""pop"":229},{""t"":""Cross Days"",""cn"":""日在交叉"",""ty"":""Galgame"",""y"":2010,""pop"":179},{""t"":""Island Days"",""cn"":"""",""ty"":""Galgame"",""y"":2014,""pop"":27}]","Karen Katou is the playful younger sister of Otome Katou. Unlike her older sibling, Karen is cheerful and unabashed who is just as playfully teasing as she is concerned of Otome.",1048,0,1048,0,,https://t.vndb.org/ch/90/7890.jpg,https://t.vndb.org/ch/90/7890.jpg,,#cf9b91 #745e56 #ddcdc1 #f0e9e4 #ffffff,Brown Twin Tails Straight Brown Teen Slim Pale Cunnilingus Virgin Sex Carefree,,,https://vndb.org/c7635,
vndb-c25739,vndb,2,22,,,タオカカ,Taokaka,Tao / Tao-chan,女,O,,Galgame,Galgame,BLAZBLUE CALAMITY TRIGGER,,2008,Galgame,"[{""t"":""BLAZBLUE CALAMITY TRIGGER"",""cn"":"""",""ty"":""Galgame"",""y"":2008,""pop"":969},{""t"":""BLAZBLUE CONTINUUM SHIFT"",""cn"":"""",""ty"":""Galgame"",""y"":2009,""pop"":730},{""t"":""BLAZBLUE CHRONOPHANTASMA"",""cn"":"""",""ty"":""Galgame"",""y"":2013,""pop"":423},{""t"":""BLAZBLUE CENTRALFICTION"",""cn"":"""",""ty"":""Galgame"",""y"":2016,""pop"":356}]","Taking naps, boiled rice (she loves steamed meat buns) Friends Steamed meat buns Squiggly Taokaka is a respected warrior of the Kaka clan, who is attempting to apprehend Ragna the Bloodedge and use the bounty to secure a new home-land for t…",969,0,969,0,1,https://t.vndb.org/ch/53/61553.jpg,https://t.vndb.org/ch/53/61553.jpg,,#c09472 #724f4e #e7c79d #fdebcd #dfdcdb #fffefe,Blond Waist Length+ Slim Cooking Fighting Disaster Red Dark Coat Mask,,,https://vndb.org/c25739,
vndb-c66607,vndb,2,22,,,クロ,Kuro,,女,AB,,Galgame,Galgame,"さくら、もゆ。-as the Night's, Reincarnation-",,2019,Galgame,,"""Don't worry. I won't ever, ever, leave you alone."" The protagonist’s partner... or perhaps it’d be more accurate to say she’s his family. A special black cat who, despite her clumsy speech, can speak human language.",870,0,870,0,1,https://t.vndb.org/ch/46/82846.jpg,https://t.vndb.org/ch/46/82846.jpg,,#b99a90 #d9cbc4 #e9e2df #f7f2e9 #ffffff,White Ahoge Waist Length+ Straight Teen Slim Pale Missionary Blowjob Virgin Sex,,,https://vndb.org/c66607,
vndb-c33049,vndb,2,22,,,小鞠 ゆい,Komari Yui,,女,O,,Galgame,Galgame,恋×シンアイ彼女,,2015,Galgame,,"A girl, who the protagonist first sees talking to the tulips planted outside the old school facilities. Yui actually doesn’t attend this school but still comes to tend to the flowers every day.",780,0,780,0,,https://t.vndb.org/ch/78/39578.jpg,https://t.vndb.org/ch/78/39578.jpg,,#d3b7ac #edd7c8 #947c8a #f7f0d9 #f9f6f0 #fefefe,Blond Odango Twin Tails Waist Length+ Wavy Slim Pale Uniform School Uniform Hard Worker,,,https://vndb.org/c33049,
vndb-c21332,vndb,2,22,,,明里 光,Akari Hikaru,Brighty,女,,,Galgame,Galgame,あの晴れわたる空より高く,,2014,Galgame,,,755,0,755,0,,https://t.vndb.org/ch/40/26440.jpg,https://t.vndb.org/ch/40/26440.jpg,,#55617a #cf8490 #e1b7b7 #f1e5dc #fbf8ed #ffffff,Pink Curtained Shoulder-length Slim Pale Amber Young-adult Earrings Boots Friendly,,,https://vndb.org/c21332,
vndb-c21330,vndb,2,22,,,曙 みのり,Akebono Minori,,女,,,Galgame,Galgame,あの晴れわたる空より高く,,2014,Galgame,,,755,0,755,0,,https://t.vndb.org/ch/38/26438.jpg,https://t.vndb.org/ch/38/26438.jpg,,#558ea3 #9ab5ae #ded1c5 #f6f0e3 #f7f5f6 #ffffff,Bob Cut Shoulder-length Straight Green Teen Slim Pale School Uniform Green Glasses,,,https://vndb.org/c21330,
vndb-c85518,vndb,2,22,,,雪村 千絵莉,Yukimura Chieri,,女,A,,Galgame,Galgame,あまいろショコラータ,,2020,Galgame,"[{""t"":""あまいろショコラータ"",""cn"":"""",""ty"":""Galgame"",""y"":2020,""pop"":731},{""t"":""あまいろショコラータ２"",""cn"":"""",""ty"":""Galgame"",""y"":2021,""pop"":372},{""t"":""あまいろショコラータ 3"",""cn"":"""",""ty"":""Galgame"",""y"":2023,""pop"":207}]","A Russian Blue beastfolk who's the veteran waitress. Though she's one year younger than the protagonist, she is serious with a sense of responsibility. She started working part-time to become a respectable adult as soon as possible.",731,0,731,0,,https://t.vndb.org/ch/31/103931.jpg,https://t.vndb.org/ch/31/103931.jpg,,#4a425a #9892a4 #c5c0c6 #eae1df #fbf8ef #ffffff,Twin Tails Waist Length+ Straight Teen Slim Pale Sweater Hard Worker Missionary Cowgirl,,,https://vndb.org/c85518,
vndb-c30141,vndb,2,22,,,市ノ瀬 千里,Ichinose Senri,,男,B,,Galgame,Galgame,NORN9 ~ノルン+ノネット~,,2013,Galgame,"[{""t"":""NORN9 ~ノルン+ノネット~"",""cn"":"""",""ty"":""Galgame"",""y"":2013,""pop"":714},{""t"":""Norn9 ~Norn + Nonette~ Last Era"",""cn"":"""",""ty"":""Galgame"",""y"":2015,""pop"":109},{""t"":""ノルン＋ノネット アクト チューン"",""cn"":"""",""ty"":""Galgame"",""y"":2016,""pop"":21}]","Though he has a pretty face, Senri is negative and reticent young man. Since he was brought up being treated cruelly by the people around him, he is distrustful of people and is poor at social interaction.",714,0,714,0,,https://t.vndb.org/ch/44/36244.jpg,https://t.vndb.org/ch/44/36244.jpg,,#595d63 #e7e3d9 #c5c3bd #9e9c9a #f6f5f1 #ffffff,Shoulder-length Teen Slim Pale Uniform Trousers Amnesia Blue Tattoo Coat,,,https://vndb.org/c30141,
al64595,anilist,2,22,,,ネコ,Neko,,女,B,15,动画,动画,K,,2012,动画,"[{""t"":""K"",""cn"":"""",""ty"":""动画"",""y"":2012,""pop"":173618},{""t"":""K RETURN OF KINGS"",""cn"":"""",""ty"":""动画"",""y"":2015,""pop"":65697},{""t"":""K MISSING KINGS"",""cn"":"""",""ty"":""动画"",""y"":2014,""pop"":54450},{""t"":""K SEVEN STORIES「R:B ～BLAZE～」"",""cn"":"""",""ty"":""动画"",""y"":2018,""pop"":13536},{""t"":""K SEVEN STORIES「Circle Vision ～Nameless Song～」"",""cn"":"""",""ty"":""动画"",""y"":2018,""pop"":6085},{""t"":""K Seven Stories ザ・アイドルK"",""cn"":"""",""ty"":""动画"",""y"":2018,""pop"":2200}]","155 cm Neko has a very joyful, carefree, and energetic personality. She is very playful, often participating or even starting chases with people.",682,682,0,0,,https://s4.anilist.co/file/anilistcdn/character/large/64595.jpg,https://s4.anilist.co/file/anilistcdn/character/medium/64595.jpg,,,,https://anilist.co/character/64595,,,
al302624,anilist,2,22,,,西奈津美,Natsumi Nishi,,女,AB,,动画|漫画|轻小说,动画,正反対な君と僕,,2026,动画,"[{""t"":""正反対な君と僕"",""cn"":"""",""ty"":""动画"",""y"":2026,""pop"":123340},{""t"":""正反対な君と僕 第2期"",""cn"":"""",""ty"":""动画"",""y"":2026,""pop"":59340},{""t"":""正反対な君と僕"",""cn"":"""",""ty"":""漫画"",""y"":2022,""pop"":21004},{""t"":""ラーメン赤猫"",""cn"":"""",""ty"":""漫画"",""y"":2022,""pop"":1288},{""t"":""正反対な君と僕 サニー&レイニー"",""cn"":"""",""ty"":""轻小说"",""y"":2023,""pop"":225}]","147 cm (4'10"") A quiet and reserved girl from the class next to [Suzuki](//anilist.co/character/281250/Miyu-Suzuki) and [Tani](//anilist.co/character/281251/Yusuke-Tani) who actually laughs at just about everything.",676,676,0,0,,https://s4.anilist.co/file/anilistcdn/character/large/b302624-Uk2PVe27jAN6.jpg,https://s4.anilist.co/file/anilistcdn/character/medium/b302624-Uk2PVe27jAN6.jpg,,,,https://anilist.co/character/302624,,,
vndb-c137620,vndb,2,22,,,豚妖,The Swine Demon,"His Highness, 王爷",男,,,Galgame,Galgame,饿殍：明末千里行,,2024,Galgame,,"Liang's employer behind the scenes. According to Sui, he is a swine demon who has been engaging in spiritual practices for thousands of years in Luoyang and often eats girls.",601,0,601,0,,https://t.vndb.org/ch/54/188554.jpg,https://t.vndb.org/ch/54/188554.jpg,,#947653 #a78b70 #453c32 #bdb5b1 #ffffff,Villain Overweight Pervert Prince Based on a Real Person Cannibalism Homicide Cruel,,,https://vndb.org/c137620,
al19571,anilist,2,22,,,平沢憂,Ui Hirasawa,うい,女,O,,动画,动画,けいおん!,轻音少女,2009,动画,"[{""t"":""けいおん!"",""cn"":""轻音少女"",""ty"":""动画"",""y"":2009,""pop"":279027},{""t"":""けいおん!!"",""cn"":""轻音少女"",""ty"":""动画"",""y"":2010,""pop"":167313},{""t"":""映画けいおん！"",""cn"":"""",""ty"":""动画"",""y"":2011,""pop"":89791},{""t"":""けいおん!「ライブハウス！」"",""cn"":"""",""ty"":""动画"",""y"":2010,""pop"":49460},{""t"":""けいおん!! 計画!"",""cn"":"""",""ty"":""动画"",""y"":2011,""pop"":40655},{""t"":""うらおん!"",""cn"":"""",""ty"":""动画"",""y"":2009,""pop"":16501}]","**** 154 cm Ui is [Yui](//anilist.co/character/19565/Yui-Hirasawa)'s younger sister, who begins the story as a third-year junior high school student, but later enters [Yui](//anilist.co/character/19565/Yui-Hirasawa)'s high school the follow…",552,552,0,0,,https://s4.anilist.co/file/anilistcdn/character/large/b19571-fzllBaPLPsY3.png,https://s4.anilist.co/file/anilistcdn/character/medium/b19571-fzllBaPLPsY3.png,,,,https://anilist.co/character/19571,,,
al126087,anilist,2,22,,,灰廻航一,Kouichi Haimawari,The Crawler / The Hauler / The Cruller / Nice Guy,男,,"19 (First appearance), 23 (Current)",动画|漫画,漫画,僕のヒーローアカデミア,我的英雄学院,2014,漫画,"[{""t"":""僕のヒーローアカデミア"",""cn"":""我的英雄学院"",""ty"":""漫画"",""y"":2014,""pop"":178045},{""t"":""ヴィジランテ -僕のヒーローアカデミア ILLEGALS-"",""cn"":"""",""ty"":""动画"",""y"":2025,""pop"":73741},{""t"":""ヴィジランテ -僕のヒーローアカデミア ILLEGALS- 第2期"",""cn"":""正义使者 -我的英雄学院之非法英雄- 第二季"",""ty"":""动画"",""y"":2026,""pop"":39775},{""t"":""ヴィジランテ -僕のヒーローアカデミア ILLEGALS-"",""cn"":"""",""ty"":""漫画"",""y"":2016,""pop"":22011},{""t"":""ヴィジランテ-僕のヒーローアカデミア ILLEGALS-特別編"",""cn"":"""",""ty"":""漫画"",""y"":2025,""pop"":328}]","172 cm (5'8"") Vigilante, ~!Pro Hero Sidekick!~ Slide and Glide (allows the user to project a repulsive force from their hands and feet) Koichi has an easy-going, mild-mannered personality.",544,544,0,0,,https://s4.anilist.co/file/anilistcdn/character/large/b126087-Etax9gdag1rl.png,https://s4.anilist.co/file/anilistcdn/character/medium/b126087-Etax9gdag1rl.png,,,,https://anilist.co/character/126087,,,
al169502,anilist,2,22,,,猫又おかゆ,Okayu Nekomata,Okayun,女,,16,动画,动画,ホロのぐらふぃてぃ,,2019,动画,"[{""t"":""ホロのぐらふぃてぃ"",""cn"":"""",""ty"":""动画"",""y"":2019,""pop"":14672},{""t"":""『ホロライブ・オルタナティブ』 ティザーPVs"",""cn"":"""",""ty"":""动画"",""y"":2021,""pop"":5655},{""t"":""もぐもぐYUMMY！"",""cn"":"""",""ty"":""动画"",""y"":2021,""pop"":1586},{""t"":""ギリギリわるくないわため"",""cn"":"""",""ty"":""动画"",""y"":2022,""pop"":1289},{""t"":""Shiny Smily Story"",""cn"":"""",""ty"":""动画"",""y"":2020,""pop"":1032},{""t"":""ホロライブ・サマー2022"",""cn"":"""",""ty"":""动画"",""y"":2022,""pop"":999}]","April 6, 2019 152 cm Onigiryaa [Kamioka Chiroru](//anilist.co/staff/152990/Chiroru-Kamioka) GAMERS Nekomata Okayu is a female Japanese Virtual YouTuber associated with hololive.",521,521,0,0,,https://s4.anilist.co/file/anilistcdn/character/large/b169502-txzgy0NraqDY.png,https://s4.anilist.co/file/anilistcdn/character/medium/b169502-txzgy0NraqDY.png,,,,https://anilist.co/character/169502,,,
vndb-c77876,vndb,2,22,,,新谷 灯華,Araya Touka,,女,,,Galgame,Galgame,月の彼方で逢いましょう,,2019,Galgame,,"Blood She doesn’t know hers Liked Monster Elegy Disliked Raw liver A transfer student who came to the main character’s school at the end of his first year, which made for strange timing.",481,0,481,0,,https://t.vndb.org/ch/40/98940.jpg,https://t.vndb.org/ch/40/98940.jpg,,#6d4660 #aba2ac #f0e7e2 #c9c4ca #f7f6f7 #ffffff,Brown Shoulder-length Straight Teen Slim Pale School Uniform Sweater Cowgirl Spoons,,,https://vndb.org/c77876,
al302092,anilist,2,22,,,要楽奈,Raana Kaname,Noraneko,女,,,动画|漫画,动画,BanG Dream! It's MyGO!!!!!,,2023,动画,"[{""t"":""BanG Dream! It's MyGO!!!!!"",""cn"":"""",""ty"":""动画"",""y"":2023,""pop"":22181},{""t"":""BanG Dream! Ave Mujica"",""cn"":"""",""ty"":""动画"",""y"":2025,""pop"":20511},{""t"":""BanG Dream! It's MyGO!!!!! 春の陽だまり、迷い猫"",""cn"":"""",""ty"":""动画"",""y"":2024,""pop"":2486},{""t"":""元祖！バンドリちゃん"",""cn"":"""",""ty"":""动画"",""y"":2025,""pop"":2413},{""t"":""BanG Dream! It's MyGO!!!!! うたう、僕らになれるうた & FILM LIVE"",""cn"":"""",""ty"":""动画"",""y"":2024,""pop"":1162},{""t"":""BanG Dream! It's MyGO!!!!! 雨にそよいで晴れを請う"",""cn"":"""",""ty"":""漫画"",""y"":2024,""pop"":804}]",150 cm Raana Kaname is a third-year student at Hanasakigawa Girls' Junior High School and the lead guitarist of [MyGO!!!!!](//anilist.co/staff/292754/MyGO) Raana is an eccentric girl.,469,469,0,0,,https://s4.anilist.co/file/anilistcdn/character/large/b302092-9VGnDmmA19Gx.png,https://s4.anilist.co/file/anilistcdn/character/medium/b302092-9VGnDmmA19Gx.png,,,,https://anilist.co/character/302092,,,
al264565,anilist,2,22,,,ゼータ,Zeta,Lilim,女,,15-,动画|漫画|轻小说,动画,陰の実力者になりたくて！,想要成为影之实力者！,2022,动画,"[{""t"":""陰の実力者になりたくて！"",""cn"":""想要成为影之实力者！"",""ty"":""动画"",""y"":2022,""pop"":314005},{""t"":""陰の実力者になりたくて！ 2nd season"",""cn"":""想要成为影之实力者！ 第二季"",""ty"":""动画"",""y"":2023,""pop"":195202},{""t"":""陰の実力者になりたくて！"",""cn"":""想要成为影之实力者！"",""ty"":""漫画"",""y"":2018,""pop"":47389},{""t"":""異世界かるてっと 3"",""cn"":"""",""ty"":""动画"",""y"":2025,""pop"":16737},{""t"":""陰の実力者になりたくて！"",""cn"":""想要成为影之实力者！"",""ty"":""轻小说"",""y"":2018,""pop"":10826},{""t"":""かげじつ！"",""cn"":""影实！"",""ty"":""动画"",""y"":2022,""pop"":8365}]","Beastkin Zeta is the sixth member of Shadow Garden, being one of the original Seven Shadows. She usually travels around the world alone gathering intelligence.",395,395,0,0,,https://s4.anilist.co/file/anilistcdn/character/large/b264565-acUMiD3pz2ZU.png,https://s4.anilist.co/file/anilistcdn/character/medium/b264565-acUMiD3pz2ZU.png,,,,https://anilist.co/character/264565,,,
al81373,anilist,2,22,,,にゃん太,Nyanta,,男,,,动画|漫画|轻小说,动画,ログ・ホライズン,,2013,动画,"[{""t"":""ログ・ホライズン"",""cn"":"""",""ty"":""动画"",""y"":2013,""pop"":237775},{""t"":""ログ・ホライズン 2"",""cn"":"""",""ty"":""动画"",""y"":2014,""pop"":130788},{""t"":""ログ・ホライズン　円卓崩壊"",""cn"":"""",""ty"":""动画"",""y"":2021,""pop"":71499},{""t"":""ログ・ホライズン"",""cn"":"""",""ty"":""轻小说"",""y"":2010,""pop"":4413},{""t"":""ログ・ホライズン"",""cn"":"""",""ty"":""漫画"",""y"":2012,""pop"":1880}]","Werecat Swashbuckler Chef Nyanta is an old friend of Shiroe, as he also used to be a member of the Debauchery Tea Party. He's the one who protected Serara while she was trapped in the city of Susukino.",390,390,0,0,,https://s4.anilist.co/file/anilistcdn/character/large/81373-oG4Bngt03jKk.jpg,https://s4.anilist.co/file/anilistcdn/character/medium/81373-oG4Bngt03jKk.jpg,,,,https://anilist.co/character/81373,,,
vndb-c1280,vndb,2,22,,,古森 拓,Komori Taku,,男,A,,Galgame,Galgame,ときめきメモリアル Girl’s Side 2nd Kiss,,2006,Galgame,,"A second-year transfer student from Kirameki High. He is introverted and anti-social. For some reasons, he dislikes going to school and tends to ditch a lot. He'll open up if the player consistently visits him. [From Wikipedia]",366,0,366,0,,https://t.vndb.org/ch/24/1324.jpg,https://t.vndb.org/ch/24/1324.jpg,,#eae2a5 #292a2f #b1aa96 #6e6b61 #e1dac9 #f8f5ef,Black Shoulder-length Short Teen Black Shy Gothic High School Student Transfer Student Hikikomori,,,https://vndb.org/c1280,
vndb-c14746,vndb,2,22,,,夏目 暦,Natsume Koyomi,,女,AB,,Galgame,Galgame,カルマルカ＊サークル,,2013,Galgame,,Koyomi is the student council president of Seikai Academy and the leader of Star-Crossing Circle. Koyomi is cursed with “Sloth”.,346,0,346,0,,https://t.vndb.org/ch/46/100946.jpg,https://t.vndb.org/ch/46/100946.jpg,,#494d7b #a699b9 #fcf1d8 #e6eaf3 #d2cad1 #fefefe,Blue Twin Tails Waist Length+ Teen Slim Pale School Uniform Orphan Blowjob Sixty-nine,,,https://vndb.org/c14746,
al89401,anilist,2,22,,,木幡真琴,Makoto Kowata,Mako,女,,15,动画|漫画,动画,ふらいんぐうぃっち,,2016,动画,"[{""t"":""ふらいんぐうぃっち"",""cn"":"""",""ty"":""动画"",""y"":2016,""pop"":74748},{""t"":""ふらいんぐうぃっち"",""cn"":"""",""ty"":""漫画"",""y"":2012,""pop"":10336},{""t"":""ふらいんぐうぃっち ぷち"",""cn"":"""",""ty"":""动画"",""y"":2016,""pop"":4786},{""t"":""ふらいんぐうぃっち ぷち BD&DVD Vol.1 発売記念編"",""cn"":"""",""ty"":""动画"",""y"":2016,""pop"":2677}]",Makoto is a witch in training. She is a gentle person who likes doing things at her own pace. She has a poor sense of direction and will get lost rather easily.,308,308,0,0,,https://s4.anilist.co/file/anilistcdn/character/large/b89401-iYZnshAgiD9s.png,https://s4.anilist.co/file/anilistcdn/character/medium/b89401-iYZnshAgiD9s.png,,,,https://anilist.co/character/89401,,,
vndb-c69693,vndb,2,22,,,海道 美琴,Kaidou Mikoto,,女,A,,Galgame,Galgame,ラズベリーキューブ,,2018,Galgame,,,292,0,292,0,,https://t.vndb.org/ch/67/91667.jpg,https://t.vndb.org/ch/67/91667.jpg,,#532f4c #ae5778 #ccb2bf #eee4e3 #f7f4f2 #ffffff,Black Waist Length+ Straight Teen Slim Pale School Uniform Doggy Style Cowgirl Blowjob,,,https://vndb.org/c69693,
vndb-c93,vndb,2,22,,,村田 洋平,Murata Youhei,よーへー / 洋平ちゃん,男,AB,,Galgame,Galgame,つよきす,娇蛮之吻,2005,Galgame,"[{""t"":""つよきす"",""cn"":""娇蛮之吻"",""ty"":""Galgame"",""y"":2005,""pop"":284},{""t"":""つよきす３学期"",""cn"":"""",""ty"":""Galgame"",""y"":2011,""pop"":108},{""t"":""つよきす2学期"",""cn"":"""",""ty"":""Galgame"",""y"":2008,""pop"":99},{""t"":""みにきす　～つよきすファンディスク～"",""cn"":"""",""ty"":""Galgame"",""y"":2006,""pop"":37}]",Youhei is calm and collected guy that is part of princess fan club and in class 2A. Often seen with Sunao and Noriko getting along with them. Admires Otome and is part of top 5 in grade.,284,0,284,0,,https://t.vndb.org/ch/12/160712.jpg,https://t.vndb.org/ch/12/160712.jpg,,#359be3 #6eb0d8 #d69182 #b5cadc #626575 #f9f5f2,White School Uniform Hotblooded Amber Full Brother Rival Relaxed Schoolmate Classmate High School Student,,,https://vndb.org/c93,
vndb-c94,vndb,2,22,,,西崎 紀子,Nishizaki Noriko,,女,O,,Galgame,Galgame,つよきす,娇蛮之吻,2005,Galgame,"[{""t"":""つよきす"",""cn"":""娇蛮之吻"",""ty"":""Galgame"",""y"":2005,""pop"":284},{""t"":""つよきす３学期"",""cn"":"""",""ty"":""Galgame"",""y"":2011,""pop"":108},{""t"":""つよきす2学期"",""cn"":"""",""ty"":""Galgame"",""y"":2008,""pop"":99},{""t"":""みにきす　～つよきすファンディスク～"",""cn"":"""",""ty"":""Galgame"",""y"":2006,""pop"":37}]",,284,0,284,0,,https://t.vndb.org/ch/51/160451.jpg,https://t.vndb.org/ch/51/160451.jpg,,#987150 #c0a782 #738995 #dcd1b8 #485257 #eff6f1,Green Teen Pale School Uniform Blue Shy Friend Schoolmate Classmate High School Student,,,https://vndb.org/c94,
al305653,anilist,2,22,,,白崎優清,Yuusei Shirosaki,Shirosaki Shunin (白崎主任),男,AB,33-,动画|漫画,动画,新しい上司はど天然,,2023,动画,"[{""t"":""新しい上司はど天然"",""cn"":"""",""ty"":""动画"",""y"":2023,""pop"":24563},{""t"":""新しい上司はど天然"",""cn"":"""",""ty"":""漫画"",""y"":2018,""pop"":1742}]","181 cm He is the chief of the Planning and Sales department at Minette whose concentration at work is high and his performance is good. In matters outside of work, he gets easily distracted and often makes mistakes.",281,281,0,0,,https://s4.anilist.co/file/anilistcdn/character/large/b305653-fmenHf6rPHZd.png,https://s4.anilist.co/file/anilistcdn/character/medium/b305653-fmenHf6rPHZd.png,,,,https://anilist.co/character/305653,,,
vndb-c18142,vndb,2,22,,,片桐稔,Katagiri Minoru,,男,O,,Galgame,Galgame,鬼畜眼鏡,,2007,Galgame,"[{""t"":""鬼畜眼鏡"",""cn"":"""",""ty"":""Galgame"",""y"":2007,""pop"":213},{""t"":""鬼畜眼鏡R 鬼畜眼鏡ファンディス"",""cn"":"""",""ty"":""Galgame"",""y"":2009,""pop"":77}]",Katsuya's manager. A divorcee who lives alone with his cockatiels.,213,0,213,0,,https://t.vndb.org/ch/44/195244.jpg,https://t.vndb.org/ch/44/195244.jpg,,#6a6b4f #8f8f72 #d1c0ae #eee2d5 #ffffff,Curtained Short Pale Trousers Cooking Missionary Doggy Style Standing Sex Blowjob Hazel,,,https://vndb.org/c18142,
vndb-c12979,vndb,2,22,,,朝日奈 琉生,Asahina Louis,Rui,男,B,,Galgame,Galgame,Brothers Conflict,,2012,Galgame,"[{""t"":""Brothers Conflict"",""cn"":"""",""ty"":""Galgame"",""y"":2012,""pop"":203},{""t"":""Brothers Conflict"",""cn"":"""",""ty"":""Galgame"",""y"":2012,""pop"":203}]","Birth 1989/02/22. Louis is the 8th son of the Asahina family. He works as a hairdresser. He is a beautiful and mysterious man, always looking up at the clouds.",203,0,203,0,,https://t.vndb.org/ch/22/24122.jpg,https://t.vndb.org/ch/22/24122.jpg,,#84b6c6 #311923 #d8b8ab #bad8e1 #ece8e3 #ffffff,Blond Wavy Shoulder-length Slim Pale Trousers Young-adult Jacket Full Brother Step Brother,,,https://vndb.org/c12979,
al143275,anilist,2,22,,,紙原伸也,Shinya Kamihara,Edgeshot / Ninja Hero,男,,33-,动画|漫画,动画,僕のヒーローアカデミア２,,2017,动画,"[{""t"":""僕のヒーローアカデミア２"",""cn"":"""",""ty"":""动画"",""y"":2017,""pop"":655237},{""t"":""僕のヒーローアカデミア３"",""cn"":"""",""ty"":""动画"",""y"":2018,""pop"":600666},{""t"":""僕のヒーローアカデミア４"",""cn"":"""",""ty"":""动画"",""y"":2019,""pop"":532336},{""t"":""僕のヒーローアカデミア６"",""cn"":"""",""ty"":""动画"",""y"":2022,""pop"":269963},{""t"":""僕のヒーローアカデミア 7"",""cn"":"""",""ty"":""动画"",""y"":2024,""pop"":184749},{""t"":""僕のヒーローアカデミア"",""cn"":""我的英雄学院"",""ty"":""漫画"",""y"":2014,""pop"":178045}]","170 cm (5'7"") Shinya's Quirk allows him to make his body and limbs extremely thin and long, effectively allowing him to transform himself into a razor sharp string. He is able to transform faster than the speed of sound.",143,143,0,0,,https://s4.anilist.co/file/anilistcdn/character/large/b143275-wu7zyF4tUtMC.png,https://s4.anilist.co/file/anilistcdn/character/medium/b143275-wu7zyF4tUtMC.png,,,,https://anilist.co/character/143275,,,
al73673,anilist,2,22,,,山本猛虎,Taketora Yamamoto,Tora,男,,16,动画,动画,ハイキュー!!,排球少年!!,2014,动画,"[{""t"":""ハイキュー!!"",""cn"":""排球少年!!"",""ty"":""动画"",""y"":2014,""pop"":583268},{""t"":""ハイキュー!! セカンドシーズン"",""cn"":""排球少年 第二季"",""ty"":""动画"",""y"":2015,""pop"":398770},{""t"":""ハイキュー!! 烏野高校 VS 白鳥沢学園高校"",""cn"":""排球少年 乌野高校 VS 白鸟泽学园高校"",""ty"":""动画"",""y"":2016,""pop"":362356},{""t"":""ハイキュー!! TO THE TOP"",""cn"":""排球少年 TO THE TOP"",""ty"":""动画"",""y"":2020,""pop"":293887},{""t"":""ハイキュー!! TO THE TOP 2"",""cn"":"""",""ty"":""动画"",""y"":2020,""pop"":255078},{""t"":""ハイキュー!! 陸 VS 空"",""cn"":"""",""ty"":""动画"",""y"":2020,""pop"":126303}]","Nekoma High School 176.7 cm 2nd Year, class 1 4 Wing Spiker Yamamoto is proud and short tempered wing spiker of the Nekoma High School volleyball club. He usually doesn't think what he says and is somewhat similar to Tanaka.",126,126,0,0,,https://s4.anilist.co/file/anilistcdn/character/large/n73673-SbfcLzHol5y7.jpg,https://s4.anilist.co/file/anilistcdn/character/medium/n73673-SbfcLzHol5y7.jpg,,,,https://anilist.co/character/73673,,,
al130849,anilist,2,22,,,ヒカゲ,Hikage,,女,,10,动画|漫画,动画,炎炎ノ消防隊,炎炎消防队,2019,动画,"[{""t"":""炎炎ノ消防隊"",""cn"":""炎炎消防队"",""ty"":""动画"",""y"":2019,""pop"":483496},{""t"":""炎炎ノ消防隊 弐ノ章"",""cn"":""炎炎消防队 二之章"",""ty"":""动画"",""y"":2020,""pop"":300881},{""t"":""炎炎ノ消防隊 参ノ章 第2クール"",""cn"":""炎炎消防队 叁之章 第2部分"",""ty"":""动画"",""y"":2026,""pop"":88878},{""t"":""炎炎ノ消防隊"",""cn"":""炎炎消防队"",""ty"":""漫画"",""y"":2015,""pop"":66020}]",,107,107,0,0,,https://s4.anilist.co/file/anilistcdn/character/large/b130849-fXykXoZxDTZE.jpg,https://s4.anilist.co/file/anilistcdn/character/medium/b130849-fXykXoZxDTZE.jpg,,,,https://anilist.co/character/130849,,,
al130851,anilist,2,22,,,ヒナタ,Hinata,,女,,10,动画|漫画,动画,炎炎ノ消防隊,炎炎消防队,2019,动画,"[{""t"":""炎炎ノ消防隊"",""cn"":""炎炎消防队"",""ty"":""动画"",""y"":2019,""pop"":483496},{""t"":""炎炎ノ消防隊 弐ノ章"",""cn"":""炎炎消防队 二之章"",""ty"":""动画"",""y"":2020,""pop"":300881},{""t"":""炎炎ノ消防隊 参ノ章 第2クール"",""cn"":""炎炎消防队 叁之章 第2部分"",""ty"":""动画"",""y"":2026,""pop"":88878},{""t"":""炎炎ノ消防隊"",""cn"":""炎炎消防队"",""ty"":""漫画"",""y"":2015,""pop"":66020}]",,104,104,0,0,,https://s4.anilist.co/file/anilistcdn/character/large/b130851-qvvfvw5UWYbE.jpg,https://s4.anilist.co/file/anilistcdn/character/medium/b130851-qvvfvw5UWYbE.jpg,,,,https://anilist.co/character/130851,,,
al30441,anilist,2,22,,,平和島幽,Kasuka Heiwajima,Hanejima Yuuhei (羽島幽平),男,O,21,动画,动画,デュラララ!!,无头骑士异闻录,2010,动画,"[{""t"":""デュラララ!!"",""cn"":""无头骑士异闻录"",""ty"":""动画"",""y"":2010,""pop"":294082},{""t"":""デュラララ!!×２ 承"",""cn"":"""",""ty"":""动画"",""y"":2015,""pop"":110655},{""t"":""デュラララ!!×２ 転"",""cn"":"""",""ty"":""动画"",""y"":2015,""pop"":88374},{""t"":""デュラララ!!"",""cn"":""无头骑士异闻录"",""ty"":""动画"",""y"":2010,""pop"":34133},{""t"":""デュラララ!!×２ 結 デュフフフ!!"",""cn"":"""",""ty"":""动画"",""y"":2016,""pop"":16539},{""t"":""デュラララ!!×２ 転 お惚気チャカポコ"",""cn"":"""",""ty"":""动画"",""y"":2015,""pop"":14498}]","177cm (5'10"") Shizuo's younger brother. He is a famous actor of extraordinary skills (praised as ""unbelievable"" ever since he first started out as an amateur) under the alias Hanejima Yuuhei.",60,60,0,0,,https://s4.anilist.co/file/anilistcdn/character/large/b30441-pMCkH7K4b93V.png,https://s4.anilist.co/file/anilistcdn/character/medium/b30441-pMCkH7K4b93V.png,,,,https://anilist.co/character/30441,,,
vndb-c41128,vndb,2,23,,铃本雪江,鈴本 雪江,Suzumoto Yukie,,女,A,,Galgame,Galgame,コープスパーティー ブラッドカバー,尸体派对 血色笼罩,2006,Galgame,,对丈夫由于公司的情况总是反复专职感到不满，抱有和附近往来的压力，现在情绪十分不安定。十分溺爱女儿，出门时总是为铃本买大量的物品,3556,0,3556,0,,https://t.vndb.org/ch/44/49444.jpg,https://t.vndb.org/ch/44/49444.jpg,https://lain.bgm.tv/r/400/pic/crt/l/97/ab/98749_crt_arq8I.jpg,#d9c996 #857364 #efe3c0 #f6e9dd #ffffff,Brown Short Slim Pale Green Adult Dress Jacket Neuroticism Wife,,https://bgm.tv/character/98749,https://vndb.org/c41128,98749
vndb-c14374,vndb,2,23,,,ウイルス,Virus,,男,AB,,Galgame,Galgame,DRAMAtical Murder,戏剧性谋杀,2012,Galgame,"[{""t"":""DRAMAtical Murder"",""cn"":""戏剧性谋杀"",""ty"":""Galgame"",""y"":2012,""pop"":2914},{""t"":""DRAMAtical Murder re:connect"",""cn"":"""",""ty"":""Galgame"",""y"":2013,""pop"":1104}]","""Well, if it isn't Aoba. Fancy meeting you here."" One of a pair of gangsters who've known Aoba for years. [From the digital manual included with r76424]",2914,0,2914,10,,https://t.vndb.org/ch/97/21097.jpg,https://t.vndb.org/ch/97/21097.jpg,https://lain.bgm.tv/r/400/pic/crt/l/e5/0b/18244_crt_rT4rs.jpg,#1d2834 #efe4c7 #bfbbab #80847d #ffffff,Blond Curtained Short Slim Pale Sweater Blue Young-adult Suit Earrings,,https://bgm.tv/character/18244,https://vndb.org/c14374,18244
vndb-c124647,vndb,2,23,,,奥田 瞳,Okuda Hitomi,,女,O,,Galgame,Galgame,PARANORMASIGHT FILE23 本所七不思議,,2023,Galgame,,"Female High School Student Curse Hitomi is a rebellion student in Class 2A at Komagata High School. On the rare occasion when she does show up to school, she skips all her classes and spends her time hanging out on the rooftop with her fell…",1115,0,1115,0,,https://t.vndb.org/ch/18/152718.jpg,https://t.vndb.org/ch/18/152718.jpg,,#242833 #c7b9b3 #e0d1cb #7e7978 #ffffff,Black Bob Cut Short Brown Teen Slim Pale Secretive Sports Shoes Stoic,,,https://vndb.org/c124647,
al127318,anilist,2,23,,,エミリコ,Emilico,Emilyko,女,,,动画|漫画,动画,シャドーハウス,,2021,动画,"[{""t"":""シャドーハウス"",""cn"":"""",""ty"":""动画"",""y"":2021,""pop"":101704},{""t"":""シャドーハウス 2nd Season"",""cn"":"""",""ty"":""动画"",""y"":2022,""pop"":45512},{""t"":""シャドーハウス"",""cn"":"""",""ty"":""漫画"",""y"":2018,""pop"":23745},{""t"":""シャドーハウス × 黒"",""cn"":"""",""ty"":""漫画"",""y"":2022,""pop"":777}]","Emilico is the main protagonist of the Shadows House series and narrates some of the chapters. She is a Living Doll working as a maid in the Shadows House and as a ""face"" of [Kate Shadow](//anilist.co/character/127319/Kate).",1053,1053,0,0,,https://s4.anilist.co/file/anilistcdn/character/large/b127318-JTyhIyNHR2Be.png,https://s4.anilist.co/file/anilistcdn/character/medium/b127318-JTyhIyNHR2Be.png,,,,https://anilist.co/character/127318,,,
vndb-c85495,vndb,2,23,,,絆,Kizuna,,女,,,Galgame,Galgame,あの晴れわたる空より高く,,2014,Galgame,,,755,0,755,0,,https://t.vndb.org/ch/76/103876.jpg,https://t.vndb.org/ch/76/103876.jpg,,#333e74 #af9a96 #dfcfd6 #f7ece0 #f6f0f6 #ffffff,Blue Ahoge Twin Tails Long Straight Slim Pale Blue Kid Tareme,,,https://vndb.org/c85495,
vndb-c161677,vndb,2,23,,,サミー・ティペット,Sammy Tippett,,男,AB,,Galgame,Galgame,even if TEMPEST 宵闇にかく語りき魔女,,2022,Galgame,"[{""t"":""even if TEMPEST 宵闇にかく語りき魔女"",""cn"":"""",""ty"":""Galgame"",""y"":2022,""pop"":608},{""t"":""even if TEMPEST 連なるときの暁"",""cn"":"""",""ty"":""Galgame"",""y"":2023,""pop"":195}]","""Yeah I like stew... What about it?"" The Dreaming Chef A young boy that lives in an orphanage after his parents' death. Though timid and very wary, he admires and adores Lucien due to latter's kind treatment of him.",608,0,608,0,,,,,,Brown Short Trousers Orphan Cooking Kid Scarf Shirt Boots Bandages,,,https://vndb.org/c161677,
al6615,anilist,2,23,,,たま,Tama,Fuyou No. 0 / Hayashi Fuyou / Tamagura,女,,,动画,动画,銀魂,银魂,2006,动画,"[{""t"":""銀魂"",""cn"":""银魂"",""ty"":""动画"",""y"":2006,""pop"":296063},{""t"":""銀魂゜"",""cn"":"""",""ty"":""动画"",""y"":2015,""pop"":119621},{""t"":""銀魂’"",""cn"":"""",""ty"":""动画"",""y"":2011,""pop"":110096},{""t"":""銀魂’延長戦"",""cn"":"""",""ty"":""动画"",""y"":2012,""pop"":84431},{""t"":""銀魂. 銀ノ魂篇"",""cn"":"""",""ty"":""动画"",""y"":2018,""pop"":60568},{""t"":""銀魂. 銀ノ魂篇2"",""cn"":"""",""ty"":""动画"",""y"":2018,""pop"":56193}]","166 cm Tama is an android that was found by Gintoki. At the time she was only a disembodied head. She was given her name by Kagura, who was obsessed with eating egg on rice at the time.",564,564,0,0,,https://s4.anilist.co/file/anilistcdn/character/large/b6615-KlhhQlhWbO1A.jpg,https://s4.anilist.co/file/anilistcdn/character/medium/b6615-KlhhQlhWbO1A.jpg,,,,https://anilist.co/character/6615,,,
vndb-c1789,vndb,2,23,,,和久津 智,Wakutsu Tomo,Bloomerian / Chupacabra / Tomo-chin / Waku-sama,男,B,,Galgame,Galgame,るいは智を呼ぶ,,2008,Galgame,"[{""t"":""るいは智を呼ぶ"",""cn"":"""",""ty"":""Galgame"",""y"":2008,""pop"":367},{""t"":""るいは智を呼ぶファンディスク ―明日のむこうに視える風―"",""cn"":"""",""ty"":""Galgame"",""y"":2010,""pop"":207}]",Position of the Behind his right arm Forbidden to let other people know the real gender None Tomo has been reared as a girl ever since infancy as part of his curse. He carries out his mother's last will i.e.,367,0,367,0,,https://t.vndb.org/ch/14/28314.jpg,https://t.vndb.org/ch/14/28314.jpg,,#a48b83 #68504c #c4b7b3 #e8ded7 #f8f5ed #ffffff,Brown Long Cross-dressing Trap Brown Teen Slim Pale School Uniform Orphan,,,https://vndb.org/c1789,
vndb-c1277,vndb,2,23,,,クリストファー・ウェザーフィールド,Christopher Weatherfield,,男,O,,Galgame,Galgame,ときめきメモリアル Girl’s Side 2nd Kiss,,2006,Galgame,,"Chris hails from England and has an unusual Japanese accent. He loves art and is a member of school's art club. He is actually the heir to a pretty big business run by his father, though he seems a little unprepared for such a role...",366,0,366,0,,https://t.vndb.org/ch/21/1321.jpg,https://t.vndb.org/ch/21/1321.jpg,,#814f5c #d6cf99 #e1dbc1 #f7f3ee #ffffff,Blond Long Straight Teen Slim Pale Trousers Green Coat Airhead,,,https://vndb.org/c1277,
vndb-c37475,vndb,2,23,,,ジークリンデ・フォン・ファーレンホルスト,Sieglinde von Fahrenhorst,,女,,,Galgame,Galgame,マブラヴ オルタネイティヴ クロニクルズ 憧憬,,2011,Galgame,,,337,0,337,0,,https://t.vndb.org/ch/70/52970.jpg,https://t.vndb.org/ch/70/52970.jpg,,#5f5f6c #ada39c #d1c9b9 #eae6da #f8f5eb #ffffff,Blond Long Slim Pale Hero Fighting Blue Young-adult Necktie Miniskirt,,,https://vndb.org/c37475,
al127015,anilist,2,23,,,宮崎千紗希,Chisaki Miyazaki,,女,AB,,动画|漫画,动画,ゆらぎ荘の幽奈さん,,2018,动画,"[{""t"":""ゆらぎ荘の幽奈さん"",""cn"":"""",""ty"":""动画"",""y"":2018,""pop"":84576},{""t"":""ゆらぎ荘の幽奈さん OVA"",""cn"":"""",""ty"":""动画"",""y"":2018,""pop"":19790},{""t"":""ゆらぎ荘の幽奈さん"",""cn"":"""",""ty"":""漫画"",""y"":2016,""pop"":18514}]","155 cm (5'1"") A girl who befriends [Kogarashi](//anilist.co/character/126834/Fuyuzora-Kogarashi) after meeting him during the first day of high school. She is also a popular girl at school, known for her beauty.",281,281,0,0,,https://s4.anilist.co/file/anilistcdn/character/large/127015-on0C7x9I5jMu.jpg,https://s4.anilist.co/file/anilistcdn/character/medium/127015-on0C7x9I5jMu.jpg,,,,https://anilist.co/character/127015,,,
vndb-c87093,vndb,2,23,,,和久津 真耶,Wakutsu Maya,,女,,,Galgame,Galgame,るいは智を呼ぶファンディスク ―明日のむこうに視える風―,,2010,Galgame,,,207,0,207,0,,https://t.vndb.org/ch/12/105512.jpg,https://t.vndb.org/ch/12/105512.jpg,,#92836b #1a070d #554944 #0c0306 #2c191f #e0d4b8,Brown Long Curtained Brown Teen Slim Pale Kimono Twin Sister Incest,,,https://vndb.org/c87093,
al327990,anilist,2,23,,,ユリウス・レインバーグ,Julius Reinburg,Julius Reinberg,男,,16,动画|漫画,动画,杖と剣のウィストリア,,2024,动画,"[{""t"":""杖と剣のウィストリア"",""cn"":"""",""ty"":""动画"",""y"":2024,""pop"":175856},{""t"":""杖と剣のウィストリア Season2"",""cn"":"""",""ty"":""动画"",""y"":2026,""pop"":118642},{""t"":""杖と剣のウィストリア"",""cn"":"""",""ty"":""漫画"",""y"":2020,""pop"":18855}]","174 cm (5'9"") An ice mage and one of the top three students in Will's year. He is a typical noble, with pride and self-assurance to spare. Since the incident at the magic festival, he has been forced to work at Gina's bar.",113,113,0,0,,https://s4.anilist.co/file/anilistcdn/character/large/b327990-3LUKUJxMXXNp.png,https://s4.anilist.co/file/anilistcdn/character/medium/b327990-3LUKUJxMXXNp.png,,,,https://anilist.co/character/327990,,,
al311279,anilist,2,23,,,水無瀬あかり,Akari Minase,,女,,,动画|漫画,动画,怪獣８号,,2024,动画,"[{""t"":""怪獣８号"",""cn"":"""",""ty"":""动画"",""y"":2024,""pop"":282435},{""t"":""怪獣８号"",""cn"":"""",""ty"":""漫画"",""y"":2020,""pop"":106282},{""t"":""怪獣8号 第1期総集編"",""cn"":""怪兽8号 第一季总集篇"",""ty"":""动画"",""y"":2025,""pop"":26176},{""t"":""怪獣8号 保科の休日"",""cn"":""怪兽8号 保科的假期"",""ty"":""动画"",""y"":2025,""pop"":23513},{""t"":""怪獣８号特別編「保科の休日」"",""cn"":"""",""ty"":""漫画"",""y"":2025,""pop"":896}]",153 cm Akari Minase is a Defense Force officer of the Third Division.,14,14,0,0,,https://s4.anilist.co/file/anilistcdn/character/large/b311279-z2X40KkXkqUY.png,https://s4.anilist.co/file/anilistcdn/character/medium/b311279-z2X40KkXkqUY.png,,,,https://anilist.co/character/311279,,,
al136070,anilist,2,24,,胡蝶忍,胡蝶しのぶ,Shinobu Kochou,Insect Hashira / Insect Pillar,女,,18,动画|漫画,动画,鬼滅の刃,鬼灭之刃,2019,动画,"[{""t"":""鬼滅の刃"",""cn"":""鬼灭之刃"",""ty"":""动画"",""y"":2019,""pop"":993748},{""t"":""鬼滅の刃 無限列車編"",""cn"":""鬼灭之刃 无限列车篇"",""ty"":""动画"",""y"":2020,""pop"":508224},{""t"":""鬼滅の刃 遊郭編"",""cn"":""鬼灭之刃 游郭篇"",""ty"":""动画"",""y"":2021,""pop"":483878},{""t"":""鬼滅の刃 無限列車編 (TV)"",""cn"":"""",""ty"":""动画"",""y"":2021,""pop"":360836},{""t"":""鬼滅の刃 柱稽古編"",""cn"":""鬼灭之刃 柱训练篇"",""ty"":""动画"",""y"":2024,""pop"":276674},{""t"":""鬼滅の刃"",""cn"":""鬼灭之刃"",""ty"":""漫画"",""y"":2016,""pop"":210045}]",虫柱。 脸上总是带着笑容，精通毒理与药学、擅长毒杀鬼的女剑士。18岁。 鬼杀队治疗设施“蝶屋”的主人，同时担任战斗与治疗的职责，战斗时毫不留情，对病人相当温柔。常调侃一本正经的富冈。 因敬爱的姐姐被鬼所杀，希望能继承姐姐的梦想“和鬼和平相处”、同时又对加害人的鬼有着深沉的愤怒。 那田蜘蛛山任务中讨伐身为鬼的祢豆子，被富冈阻止。因柱会议上兄妹二人的表现而认同了他们。肯定炭治郎的努力，把姐姐的梦想寄托在炭治郎兄妹身上。,10058,10058,0,296,,https://s4.anilist.co/file/anilistcdn/character/large/b136070-MC9LLxJsHyHE.png,https://s4.anilist.co/file/anilistcdn/character/medium/b136070-MC9LLxJsHyHE.png,https://lain.bgm.tv/r/400/pic/crt/l/bd/76/57310_crt_xogBr.jpg?r=1570336636,,,https://anilist.co/character/136070,https://bgm.tv/character/57310,,57310
al281764,anilist,2,24,,,山田,Yamada,,女,,24-,动画|漫画,动画,スーパーの裏でヤニ吸うふたり,,2026,动画,"[{""t"":""スーパーの裏でヤニ吸うふたり"",""cn"":"""",""ty"":""动画"",""y"":2026,""pop"":119761},{""t"":""スーパーの裏でヤニ吸うふたり"",""cn"":"""",""ty"":""漫画"",""y"":2022,""pop"":43027}]","Yamada is an employee of the supermarket known as Super S. She initially started in a part-time position 8 years ago as a teenager. ~!As Yamada, she is a cheerful, flawless customer handler.",1703,1703,0,0,,https://s4.anilist.co/file/anilistcdn/character/large/b281764-GzjgHWq4gW9n.png,https://s4.anilist.co/file/anilistcdn/character/medium/b281764-GzjgHWq4gW9n.png,,,,https://anilist.co/character/281764,,,
vndb-c94397,vndb,2,24,,,町村 玲央奈,Machimura Reona,レオナ / Leona,女,,,Galgame,Galgame,LOOPERS,,2021,Galgame,,"A cool but a bit of downer-type of person whose expressions have no ups and downs. She likes to talk and to make fun of Hilda. Leona was originally an honor student, but people's impression of her changed due to a certain event.",1384,0,1384,0,,https://t.vndb.org/ch/31/121331.jpg,https://t.vndb.org/ch/31/121331.jpg,,#6f5842 #98917d #c6c1bf #e4dfdf #f7f2f1 #ffffff,Violet Ahoge Teen Slim Pale School Uniform Green Jacket Pretending Carefree,,,https://vndb.org/c94397,
vndb-c89690,vndb,2,24,,,横山 きよし,Yokoyama Kiyoshi,Ki-bou / キー坊,男,O,,Galgame,Galgame,終ノ空,,1999,Galgame,,"Yasuko's older brother and Yukito's classmate. A bully, but easily influenced by others.",882,0,882,0,,https://t.vndb.org/ch/53/200553.jpg,https://t.vndb.org/ch/53/200553.jpg,,#5e4e30 #a59a90 #c7c7cc #e8e2e1 #f5f6f8 #ffffff,Brown Short Brown Teen Slim Pale School Uniform Bullying Suicide Step Brother,,,https://vndb.org/c89690,
vndb-c85109,vndb,2,24,,,鞘師 十郎,Sayashi Juurou,,男,AB,,Galgame,Galgame,ウウウルトラC,,2020,Galgame,,"Main character of the third route. A famous actor who is considered to be a treasure of Japan. He inherited the drama hero role ""Taiyo Kamen Icarus"" from his father. Talked about a lot and receives a lot of admiration.",513,0,513,0,,https://t.vndb.org/ch/73/103473.jpg,https://t.vndb.org/ch/73/103473.jpg,,#888185 #e6e1df #2f2f2e #cdcccd #f4f4f4 #ffffff,Black Short Straight Pale Orphan Cooking Fighting Black Young-adult Muscular,,,https://vndb.org/c85109,
vndb-c18994,vndb,2,24,,,,Suzu Cappini,,女,,,Galgame,Galgame,Seduce Me,,2015,Galgame,"[{""t"":""Seduce Me"",""cn"":"""",""ty"":""Galgame"",""y"":2015,""pop"":448},{""t"":""Seduce Me 2: The Demon War"",""cn"":"""",""ty"":""Galgame"",""y"":2016,""pop"":105},{""t"":""Seduce Me: Purrfect Service"",""cn"":"""",""ty"":""Galgame"",""y"":2018,""pop"":6}]","Another one of your best friends. This tiny Italian lives in a world of a laid-back lifestyle and spicy food. She is outgoing and a little vulgar, but she cares for her friends more than anything. [From Kickstarter]",448,0,448,0,,https://t.vndb.org/ch/25/33125.jpg,https://t.vndb.org/ch/25/33125.jpg,,#052a05 #011402 #8c7c56 #175b0a #505337 #f3d4bb,Brown Short Brown Outgoing Friend Relaxed Classmate High School Student Italian,,,https://vndb.org/c18994,
al154750,anilist,2,24,,,晶,Akira,岩木山雪里白那之五十六子晶 / Iwakiyama Yukisato Shirona no Gojuuroku Shi Akira / Akira / the fifty-sixth child of Shirona of the Snow Village in Mount Iwaki,男,,15,动画|漫画,动画,怪物事変,,2021,动画,"[{""t"":""怪物事変"",""cn"":"""",""ty"":""动画"",""y"":2021,""pop"":126730},{""t"":""怪物事変"",""cn"":"""",""ty"":""漫画"",""y"":2016,""pop"":18657},{""t"":""怪物事変 番外篇"",""cn"":"""",""ty"":""漫画"",""y"":2021,""pop"":106}]",": 159 cm : Snow Kemono Akira, is the fifty-sixth child of Shirona of the Snow Village in Mount Iwaki. He's currently an employee of the Kemono office.",431,431,0,0,,https://s4.anilist.co/file/anilistcdn/character/large/b154750-mTYO7aACEOV4.jpg,https://s4.anilist.co/file/anilistcdn/character/medium/b154750-mTYO7aACEOV4.jpg,,,,https://anilist.co/character/154750,,,
vndb-c77352,vndb,2,24,,,仲手川 結,Nakategawa Yui,,女,AB,,Galgame,Galgame,アオナツライン,,2019,Galgame,,,340,0,340,0,,https://t.vndb.org/ch/91/93891.jpg,https://t.vndb.org/ch/91/93891.jpg,,#3f3251 #867e9c #cac2d6 #efe2e4 #f3f1f4 #ffffff,Black Bun Waist Length+ Teen Slim Pale School Uniform Cowgirl Blowjob Virgin Sex,,,https://vndb.org/c77352,
vndb-c74847,vndb,2,24,,,橘 藍,Tachibana Aira,,女,,,Galgame,Galgame,1bitHeart,,2015,Galgame,,"An android girl created by a certain researcher. Afterward, another person gave her a heart. Like her creators, she's a little zealous. She wishes to become a human.",316,0,316,0,,https://t.vndb.org/ch/07/90607.jpg,https://t.vndb.org/ch/07/90607.jpg,,#ce6d95 #582e59 #746099 #d0a9ee #d49bcb #d4a3de,Red Blue Dress Necktie Skirt Daughter Friend Robot Detached Sleeves Cravat,,,https://vndb.org/c74847,
vndb-c5389,vndb,2,24,,,神城 綾人,Kamishiro Ayato,,男,A,,Galgame,Galgame,乙女的恋革命★ラブレボ!!,,2006,Galgame,,"Fifth most popular. He's the nice, warm, caring, quiet type and loves reading. Quite sickly and collapses if too strained. Thought to have anemia. [From Wikipedia]",260,0,260,0,,https://t.vndb.org/ch/24/39424.jpg,https://t.vndb.org/ch/24/39424.jpg,,#7988c3 #c4b1b3 #dfd9de #f2efea #fafafa,Brown Short Teen School Uniform Violet Vest Terminal Illness Illness High School Student Kind,,,https://vndb.org/c5389,
al86241,anilist,2,24,,,東兎角,Tokaku Azuma,,女,,15,动画|漫画,动画,悪魔のリドル,,2014,动画,"[{""t"":""悪魔のリドル"",""cn"":"""",""ty"":""动画"",""y"":2014,""pop"":61618},{""t"":""悪魔のリドル 13話"",""cn"":"""",""ty"":""动画"",""y"":2014,""pop"":10332},{""t"":""悪魔のリドル"",""cn"":"""",""ty"":""漫画"",""y"":2012,""pop"":5135},{""t"":""小悪魔のリドル"",""cn"":"""",""ty"":""漫画"",""y"":2014,""pop"":308}]","March 3 170cm (5'6"") Tokaku is a distant and cold girl. Even at first glance, she has the appearance of an assassin.She eventually grows to care for Haru in time, even coming to the point of calling herself Haru's protector.",241,241,0,0,,https://s4.anilist.co/file/anilistcdn/character/large/b86241-FYhCvBRO2yy8.jpg,https://s4.anilist.co/file/anilistcdn/character/medium/b86241-FYhCvBRO2yy8.jpg,,,,https://anilist.co/character/86241,,,
vndb-c91642,vndb,2,24,,,장세일,Chang Seil,,男,,,Galgame,Galgame,베리드 스타즈,,2020,Galgame,,"Assistant producer who works under producer Seungyeon Shin, helping her with all kind of tasks. Has many contacts among the contestants so they talk to each other casually.",218,0,218,0,,https://t.vndb.org/ch/69/196669.jpg,https://t.vndb.org/ch/69/196669.jpg,,#2b2e37 #7d6867 #efd6c1 #bfada8 #ffffff,Brown Short Pale Black Young-adult Glasses Secretive Cynic Reserved Low Self-esteem,,,https://vndb.org/c91642,
al171925,anilist,2,24,1991,,林田春樹,Haruki Hayashida,パーちん / Pah-Chin,男,,27-28,动画|漫画,动画,東京リベンジャーズ,东京复仇者,2021,动画,"[{""t"":""東京リベンジャーズ"",""cn"":""东京复仇者"",""ty"":""动画"",""y"":2021,""pop"":445622},{""t"":""東京リベンジャーズ 聖夜決戦編"",""cn"":""东京复仇者 圣夜决战篇"",""ty"":""动画"",""y"":2023,""pop"":143018},{""t"":""東京卍リベンジャーズ"",""cn"":""东京卍复仇者"",""ty"":""漫画"",""y"":2017,""pop"":117730},{""t"":""ちびりべ"",""cn"":"""",""ty"":""动画"",""y"":2021,""pop"":8313},{""t"":""東京卍リベンジャーズ　～場地圭介からの手紙～"",""cn"":"""",""ty"":""漫画"",""y"":2022,""pop"":2664},{""t"":""東京リベンジャーズ　番外編"",""cn"":"""",""ty"":""漫画"",""y"":2021,""pop"":997}]",He is one of the founding members of the Tokyo Manji Gang and its former third divisions captain. ~!He ends up getting sentenced to one year in jail after he stabbed Osanai during the Toman and Moebius confrontation in the hangar or garage.…,36,36,0,0,,https://s4.anilist.co/file/anilistcdn/character/large/b171925-l21FnUg2rgPa.png,https://s4.anilist.co/file/anilistcdn/character/medium/b171925-l21FnUg2rgPa.png,,,,https://anilist.co/character/171925,,,
vndb-c17107,vndb,2,25,,水无月空,水無月 空,Minazuki Sora,,女,O,,Galgame,Galgame,"BALDR SKY Dive1 ""Lost Memory""",,2009,Galgame,"[{""t"":""BALDR SKY Dive1 \""Lost Memory\"""",""cn"":"""",""ty"":""Galgame"",""y"":2009,""pop"":3163},{""t"":""BALDR SKY Dive2 \""RECORDARE\"""",""cn"":"""",""ty"":""Galgame"",""y"":2009,""pop"":2714},{""t"":""BALDR SKY DiveX \""DREAM WORLD\"""",""cn"":"""",""ty"":""Galgame"",""y"":2010,""pop"":231},{""t"":""BALDR SKY ZERO 2"",""cn"":"""",""ty"":""Galgame"",""y"":2014,""pop"":92},{""t"":""BALDR SKY Core Defender"",""cn"":"""",""ty"":""Galgame"",""y"":2009,""pop"":63}]",跟甲同一个年级的，真的姐姐。非常溺爱妹妹真。 曾经把安慰着哭泣着的真的甲误认为是欺负她的人而打了一顿。 感情很直而很讨厌扭扭捏捏的东西，而且对弱者很温柔。 但是很天然。经常不看看周围就直接前进，弄得真十分困扰。（虽然那也是为了真着想而导致的） 跟AI的亲和性十分只高，每天都跟星修学园的管理AIマザー对话。 曾经认为甲是她见过的最差劲的人而十分讨厌他，不过到最后两人是相亲相爱互相思念的。 虽然在那个时候肯定是发生过些什么事情的，但是到了现在甲依然想不起那事情是什么。,3163,0,3163,236,,https://t.vndb.org/ch/63/44963.jpg,https://t.vndb.org/ch/63/44963.jpg,https://lain.bgm.tv/r/400/pic/crt/l/44/be/11550_crt_p14Pp.jpg,#534f6a #ac9088 #d4c4c0 #f2e7d8 #e6e8f3 #ffffff,Blond Twin Tails Long Straight Teen Slim Pale School Uniform Student Villain,,https://bgm.tv/character/11550,https://vndb.org/c17107,11550
vndb-c16602,vndb,2,25,,,羽賀,Haga,,男,O,,Galgame,Galgame,DRAMAtical Murder,戏剧性谋杀,2012,Galgame,,"""Phew, the deliveries were all over the place today."" Aoba's boss, the owner of Hum-Drum Junk. Don't speak the forbidden phrase unless you want to see what lies beneath that mild-mannered exterior.",2914,0,2914,0,,https://t.vndb.org/ch/99/21099.jpg,https://t.vndb.org/ch/99/21099.jpg,https://lain.bgm.tv/r/400/pic/crt/l/0c/da/101511_crt_722pk.jpg,#60a0a7 #acaba0 #d8d7c7 #f4f3e6 #f9f9f5,Bald Pale Sweater Hidden Adult Gloves Belt Kind Teasing Baseball Cap,,https://bgm.tv/character/101511,https://vndb.org/c16602,101511
al2651,anilist,2,25,,,定春,Sadaharu,Sadaemon Wolf The Mask,男,,,动画,动画,銀魂,银魂,2006,动画,"[{""t"":""銀魂"",""cn"":""银魂"",""ty"":""动画"",""y"":2006,""pop"":296063},{""t"":""銀魂゜"",""cn"":"""",""ty"":""动画"",""y"":2015,""pop"":119621},{""t"":""銀魂’"",""cn"":"""",""ty"":""动画"",""y"":2011,""pop"":110096},{""t"":""銀魂’延長戦"",""cn"":"""",""ty"":""动画"",""y"":2012,""pop"":84431},{""t"":""銀魂。"",""cn"":""银魂"",""ty"":""动画"",""y"":2017,""pop"":82894},{""t"":""銀魂. 銀ノ魂篇"",""cn"":"""",""ty"":""动画"",""y"":2018,""pop"":60568}]","170 cm Sadaharu has the outward appearance of a giant dog, but is actually an inugami. When sitting on his haunches, he is taller than most humans. He was left in front of Gintoki's apartment in a box that had ""To Mr.",649,649,0,0,,https://s4.anilist.co/file/anilistcdn/character/large/n2651-e8BTqVZl8lK2.jpg,https://s4.anilist.co/file/anilistcdn/character/medium/n2651-e8BTqVZl8lK2.jpg,,,,https://anilist.co/character/2651,,,
al281763,anilist,2,25,,,佐々木,Sasaki,,男,,45-,动画|漫画,动画,スーパーの裏でヤニ吸うふたり,,2026,动画,"[{""t"":""スーパーの裏でヤニ吸うふたり"",""cn"":"""",""ty"":""动画"",""y"":2026,""pop"":119761},{""t"":""スーパーの裏でヤニ吸うふたり"",""cn"":"""",""ty"":""漫画"",""y"":2022,""pop"":43027}]",Office Worker A tired middle-aged corporate slave. His daily relaxation comes from cigarettes and Yamada's cheerful hospitality.,532,532,0,0,,https://s4.anilist.co/file/anilistcdn/character/large/b281763-4LXduEGESuso.png,https://s4.anilist.co/file/anilistcdn/character/medium/b281763-4LXduEGESuso.png,,,,https://anilist.co/character/281763,,,
al10369,anilist,2,25,,,如月千早,Chihaya Kisaragi,,女,A,16,动画,动画,アイドルマスター,,2011,动画,"[{""t"":""アイドルマスター"",""cn"":"""",""ty"":""动画"",""y"":2011,""pop"":43875},{""t"":""THE IDOLM@STER MOVIE 輝きの向こう側へ！"",""cn"":"""",""ty"":""动画"",""y"":2014,""pop"":9742},{""t"":""アイドルマスター 765プロという物語"",""cn"":"""",""ty"":""动画"",""y"":2012,""pop"":8788},{""t"":""アイドルマスター シャイニーフェスタ"",""cn"":"""",""ty"":""动画"",""y"":2012,""pop"":7422},{""t"":""アイドルマスター ゼノグラシア"",""cn"":"""",""ty"":""动画"",""y"":2007,""pop"":6795},{""t"":""アイドルマスター ミリオンライブ！"",""cn"":"""",""ty"":""动画"",""y"":2023,""pop"":5823}]","**** Tokyo **** 162 cm Cool and serious, Chihaya has the greatest enthusiasm towards music and, according to the game, the greatest natural talent for it.",479,479,0,0,,https://s4.anilist.co/file/anilistcdn/character/large/b10369-fwWQUkYDaVD1.png,https://s4.anilist.co/file/anilistcdn/character/medium/b10369-fwWQUkYDaVD1.png,,,,https://anilist.co/character/10369,,,
al170245,anilist,2,25,,,嵐千砂都,Chisato Arashi ,,女,B,,动画,动画,ラブライブ!スーパースター!!,,2021,动画,"[{""t"":""ラブライブ!スーパースター!!"",""cn"":"""",""ty"":""动画"",""y"":2021,""pop"":29969},{""t"":""ラブライブ!スーパースター!! 2期"",""cn"":"""",""ty"":""动画"",""y"":2022,""pop"":15689},{""t"":""ラブライブ!スーパースター!! 3期"",""cn"":"""",""ty"":""动画"",""y"":2024,""pop"":9667},{""t"":""リエラのうた"",""cn"":"""",""ty"":""动画"",""y"":2021,""pop"":2170},{""t"":""リエラのうた2"",""cn"":"""",""ty"":""动画"",""y"":2022,""pop"":1575},{""t"":""始まりは君の空"",""cn"":"""",""ty"":""动画"",""y"":2021,""pop"":1183}]","155 cm Moving, dancing To get along with a child you meet for the first time Chisato Arashi is a main character in Love Live! Superstar!!. She is currently a third year student at Yuigaoka Girls' High School.",386,386,0,0,,https://s4.anilist.co/file/anilistcdn/character/large/b170245-0AL7BuFrageE.png,https://s4.anilist.co/file/anilistcdn/character/medium/b170245-0AL7BuFrageE.png,,,,https://anilist.co/character/170245,,,
vndb-c17443,vndb,2,25,,,篠ノ森 弓,Shinomori Yumi,,女,,,Galgame,Galgame,ALIA's CARNIVAL!,,2014,Galgame,"[{""t"":""ALIA's CARNIVAL!"",""cn"":"""",""ty"":""Galgame"",""y"":2014,""pop"":269},{""t"":""ALIA's CARNIVAL! Flowering Sky"",""cn"":"""",""ty"":""Galgame"",""y"":2015,""pop"":123}]","Gossiping, manga, cosplay Horror Favorite Fried rice, salty things Club Asu-ken [Translated from the official website]",269,0,269,0,,https://t.vndb.org/ch/59/22059.jpg,https://t.vndb.org/ch/59/22059.jpg,,#ca8aa1 #efb8b5 #5c3c52 #e5d7da #f5f0ef #fefefe,Blond Twin Tails Waist Length+ Straight Teen Slim Pale School Uniform Fighting Standing Sex,,,https://vndb.org/c17443,
vndb-c367,vndb,2,26,,右代宫藏臼,右代宮 蔵臼,Ushiromiya Krauss,Ushiromiya Kurausu,男,O,,Galgame,Galgame,うみねこのなく頃に,海猫鸣泣之时,2007,Galgame,"[{""t"":""うみねこのなく頃に"",""cn"":""海猫鸣泣之时"",""ty"":""Galgame"",""y"":2007,""pop"":13833},{""t"":""うみねこのなく頃に散"",""cn"":""海猫鸣泣之时散"",""ty"":""Galgame"",""y"":2009,""pop"":10973}]",金藏的长子，右代宫家实际的当权者，序列第二位。不动产投资家。居住在六轩岛，年龄在56到58岁之间。自从金藏躲进书房专研黑魔法后，右代宫家实际就由藏臼在管理。对待兄妹异常高压，被怀疑有想独自侵吞金藏遗产的嫌疑，和亲族相处的十分恶劣。藏臼迷恋于高档休闲业的开发，不过这几年一直没有从中获利。两年前建造了“渡来庵”，本想让他成为旅游地宾馆却没能如愿。藏臼因经营失败被投资者避之千里。 十分渴望像父亲一样干出一番大事业，但投资却屡屡失败，因此以前经常被金藏呵斥。,13833,0,13833,7,,https://t.vndb.org/ch/14/32114.jpg,https://t.vndb.org/ch/14/32114.jpg,https://lain.bgm.tv/r/400/pic/crt/l/80/6d/925_crt_5zwkM.jpg?r=1677396256,#5f2822 #877a72 #c3b3a1 #f0d9c5 #ffffff,Brown Short Straight Pale Trousers Dress Shoes Black Adult Muscular Suit,,https://bgm.tv/character/925,https://vndb.org/c367,925
al124719,anilist,2,26,,日下部麻子,日下部麻子,Asako Kusakabe,9029,女,O,,动画|Galgame,动画,グリザイアの楽園,灰色的乐园,2015,动画,"[{""t"":""グリザイアの楽園"",""cn"":""灰色的乐园"",""ty"":""动画"",""y"":2015,""pop"":90200},{""t"":""グリザイアの迷宮"",""cn"":""灰色的迷宫"",""ty"":""动画"",""y"":2015,""pop"":62745},{""t"":""グリザイアの果実 -LE FRUIT DE LA GRISAIA-"",""cn"":""灰色的果实"",""ty"":""Galgame"",""y"":2011,""pop"":12894},{""t"":""グリザイアの迷宮 -LE LABYRINTHE DE LA GRISAIA-"",""cn"":"""",""ty"":""Galgame"",""y"":2012,""pop"":4786},{""t"":""グリザイアの楽園 -LE EDEN DE LA GRISAIA-"",""cn"":"""",""ty"":""Galgame"",""y"":2013,""pop"":3864},{""t"":""グリザイアの残光"",""cn"":""灰色的残光"",""ty"":""Galgame"",""y"":2015,""pop"":874}]",風見雄二的师傅、最強的女人。 大杯大杯喝酒的女人。就算被陨石撞击也只会头上起个包就完事的女人。 在工作地方经常被上面的话这样揶揄的她的性格，自然就是“随随便便”和“不用脑”了。 属于在组织的正式名称不公开的、政府的“特別机关”CIRS的特殊工作员，负责潜入与强袭。,12894,569,12894,120,,https://s4.anilist.co/file/anilistcdn/character/large/b124719-qudQNa8V22Lv.png,https://s4.anilist.co/file/anilistcdn/character/medium/b124719-qudQNa8V22Lv.png,https://t.vndb.org/ch/71/76371.jpg|https://lain.bgm.tv/r/400/pic/crt/l/ef/65/15027_crt_ZJG2v.jpg,,Blue Ahoge Ponytail Waist Length+ Straight Slim Pale Trousers Proactive Orphan,https://anilist.co/character/124719,https://bgm.tv/character/15027,https://vndb.org/c581,15027
vndb-c3508,vndb,2,26,,川神一子,川神 一子,Kawakami Kazuko,Dog / ワンコ / Wanko / ワン子,女,B,,Galgame,Galgame,真剣で私に恋しなさい！,认真和我恋爱！！,2009,Galgame,"[{""t"":""真剣で私に恋しなさい！"",""cn"":""认真和我恋爱！！"",""ty"":""Galgame"",""y"":2009,""pop"":9401},{""t"":""真剣で私に恋しなさい！S"",""cn"":""认真和我恋爱！S"",""ty"":""Galgame"",""y"":2012,""pop"":5025},{""t"":""真剣で私に恋しなさい！A-1"",""cn"":"""",""ty"":""Galgame"",""y"":2013,""pop"":2470},{""t"":""真剣で私に恋しなさい！A-2"",""cn"":"""",""ty"":""Galgame"",""y"":2013,""pop"":2188},{""t"":""真剣で私に恋しなさい！A-3"",""cn"":"""",""ty"":""Galgame"",""y"":2014,""pop"":1374},{""t"":""真剣で私に恋しなさい！A-4"",""cn"":"""",""ty"":""Galgame"",""y"":2014,""pop"":1023}]",与主人公同班的青梅竹马，队伍里的最古老成员之一。 精神过人，做事勇往直前。只要跟她一起就会充满活力，即使在主人公的队伍外也不分男女的拥有许多朋友。 不冷静且无畏前进，以队伍里的冲锋队长而自负。这种一决定下来就向着目标进发、并硬是将周围的人卷进麻烦的性格是她的特征。 以姐姐百代般的强大为目标，昼夜不断地热衷于训练，但是她的强大还远远不够。 脑袋差得不得了，但也因此被大家作弄可爱一番。,9401,0,9401,53,,https://t.vndb.org/ch/70/85870.jpg,https://t.vndb.org/ch/70/85870.jpg,https://lain.bgm.tv/r/400/pic/crt/l/97/24/11731_crt_9eaTW.jpg,#5f313a #ad7570 #d0cbd7 #e6e4ea #f7f5f3 #ffffff,Brown Ponytail Long Waist Length+ Straight Kemonomimi Teen Slim Pale School Uniform,,https://bgm.tv/character/11731,https://vndb.org/c3508,11731
vndb-c5871,vndb,2,26,,,京極 彦一,Kyougoku Hikoichi,,男,A,,Galgame,Galgame,真剣で私に恋しなさい！S,认真和我恋爱！S,2012,Galgame,"[{""t"":""真剣で私に恋しなさい！S"",""cn"":""认真和我恋爱！S"",""ty"":""Galgame"",""y"":2012,""pop"":5025},{""t"":""真剣で私に恋しなさい！A-1"",""cn"":"""",""ty"":""Galgame"",""y"":2013,""pop"":2470},{""t"":""真剣で私に恋しなさい！A-2"",""cn"":"""",""ty"":""Galgame"",""y"":2013,""pop"":2188},{""t"":""真剣で私に恋しなさい！A-3"",""cn"":"""",""ty"":""Galgame"",""y"":2014,""pop"":1374},{""t"":""真剣で私に恋しなさい！A-4"",""cn"":"""",""ty"":""Galgame"",""y"":2014,""pop"":1023},{""t"":""真剣で私に恋しなさい！A-5"",""cn"":"""",""ty"":""Galgame"",""y"":2016,""pop"":791}]",川神学園が誇るイケメン四天王。文系硬派。 主人公たちの1年先輩で、いつも着物で行動しており、趣味は読書。 言霊部という部活に所属しており、言葉には力があるというテーマを追究している。 実際、彼に 「○○、動くな」 と言われると強い精神力を持たない限り動けなくなる。これは超能力ではなく催眠術に近い。 いつもドタバタしている主人公たちを興味深く観察し、時に的確なアドバイスなどをしてくれる頼れる先輩だが、お人好しでもないのでよほどの事がない限りは助けてくれない。,5025,0,5025,2,,https://t.vndb.org/ch/02/6002.jpg,https://t.vndb.org/ch/02/6002.jpg,https://lain.bgm.tv/r/400/pic/crt/l/84/97/31089_crt_5Z7Wk.jpg,#9792a1 #f9dec9 #e1def1 #333135 #c4c0cc #ffffff,Black Short Straight Slim Pale Black Young-adult Kimono Strict Classmate,,https://bgm.tv/character/31089,https://vndb.org/c5871,31089
vndb-c35645,vndb,2,26,,,佐々木 一彩,Sasaki Kazusa,Kazzy,女,,,Galgame,Galgame,ひとつ屋根の、ツバサの下で,,2018,Galgame,,"Looking up animal videos, cosplaying by herself All japanese food (fish>meat), cute clothes Ki-44 Shoki A second year who ends up sharing a room with Junichi due to a mix-up when they first come to the dorm.",1166,0,1166,0,,https://t.vndb.org/ch/12/82312.jpg,https://t.vndb.org/ch/12/82312.jpg,,#b17c6f #e2b19b #292a40 #eddacf #f9f1e6 #ffffff,Blond Twin Tails Long Straight Teen Slim Pale Cowgirl Blowjob Virgin Sex,,,https://vndb.org/c35645,
vndb-c4041,vndb,2,26,,,李 淑花,Li Shuhua,Le Shuhua,女,A,,Galgame,Galgame,Quartett!,,2004,Galgame,"[{""t"":""Quartett!"",""cn"":"""",""ty"":""Galgame"",""y"":2004,""pop"":1094},{""t"":""リトルウィッチファンディスク～ちいさな魔女の贈りもの～"",""cn"":"""",""ty"":""Galgame"",""y"":2006,""pop"":16}]","Cello of the string quartet. Li is a quiet and socially withdrawn individual, preferring the role of an observer whenever the situation allows. She has an unusual view with men due to repeating negative experiences.",1094,0,1094,0,,https://t.vndb.org/ch/61/18661.jpg,https://t.vndb.org/ch/61/18661.jpg,,#7e684c #2a251d #d2bca7 #f7f7e3 #fcfcf2,Black Long Straight Brown Slim Pale School Uniform Student Doggy Style Blowjob,,,https://vndb.org/c4041,
al35662,anilist,2,26,,,シャルロット・デュノア,Charlotte Dunois,Charles / Charl,女,,15,动画,动画,IS〈インフィニット・ストラトス〉,,2011,动画,"[{""t"":""IS〈インフィニット・ストラトス〉"",""cn"":"""",""ty"":""动画"",""y"":2011,""pop"":133222},{""t"":""IS〈インフィニット・ストラトス〉2"",""cn"":"""",""ty"":""动画"",""y"":2013,""pop"":81974},{""t"":""IS ＜インフィニット・ストラトス＞ アンコール『恋に焦がれる六重奏』"",""cn"":"""",""ty"":""动画"",""y"":2011,""pop"":29933},{""t"":""IS〈インフィニット・ストラトス〉2 ワールド・パージ編"",""cn"":"""",""ty"":""动画"",""y"":2014,""pop"":20567},{""t"":""IS＜インフィニット・ストラトス＞2  ロングバケーション 一夏（ひとなつ）の想いで"",""cn"":"""",""ty"":""动画"",""y"":2013,""pop"":14738},{""t"":""IS〈インフィニット・ストラトス〉2 インフィニット・ウエディング"",""cn"":"""",""ty"":""动画"",""y"":2016,""pop"":10075}]","Charlotte is a first year student at the IS academy and is the IS cadet representative from France. Charlotte was originally introduced in the series as ""Charles"", the second male IS pilot student that was transferred into Ichika's class bu…",613,613,0,0,,https://s4.anilist.co/file/anilistcdn/character/large/b35662-6B012eUCJfpB.jpg,https://s4.anilist.co/file/anilistcdn/character/medium/b35662-6B012eUCJfpB.jpg,,,,https://anilist.co/character/35662,,,
vndb-c91409,vndb,2,26,,,タロウ,Tarou,,男,O,,Galgame,Galgame,ウウウルトラC,,2020,Galgame,,,513,0,513,0,,https://t.vndb.org/ch/71/110171.jpg,https://t.vndb.org/ch/71/110171.jpg,,#eeb406 #a9a49e #eaeef4 #d9d6d9 #ffffff,White Amnesia Amber Boku Uncle Based on a Real Person Shapeshifting Dog Loyal Not Sexually Involved,,,https://vndb.org/c91409,
al129140,anilist,2,26,,,ソフィア･アスカルト,Sophia Ascart,,女,,,动画|漫画|轻小说,动画,乙女ゲームの破滅フラグしかない悪役令嬢に転生してしまった…,,2020,动画,"[{""t"":""乙女ゲームの破滅フラグしかない悪役令嬢に転生してしまった…"",""cn"":"""",""ty"":""动画"",""y"":2020,""pop"":147719},{""t"":""乙女ゲームの破滅フラグしかない悪役令嬢に転生してしまった…Ｘ"",""cn"":"""",""ty"":""动画"",""y"":2021,""pop"":78692},{""t"":""映画 乙女ゲームの破滅フラグしかない悪役令嬢に転生してしまった…"",""cn"":"""",""ty"":""动画"",""y"":2023,""pop"":21480},{""t"":""乙女ゲームの破滅フラグしかない悪役令嬢に転生してしまった…"",""cn"":"""",""ty"":""漫画"",""y"":2017,""pop"":13499},{""t"":""乙女ゲームの破滅フラグしかない悪役令嬢に転生してしまった…Ｘ 運命の人に出会ってしまった..."",""cn"":"""",""ty"":""动画"",""y"":2021,""pop"":11825},{""t"":""乙女ゲームの破滅フラグしかない悪役令嬢に転生してしまった…"",""cn"":"""",""ty"":""轻小说"",""y"":2015,""pop"":4115}]","Wind Sophia, Nicol's sister and rival for the path of Nicol. She is as beautiful as her brother and should not have been in contact with Katarina, but now she is her companion, and one of her best friends, like Mary.",417,417,0,0,,https://s4.anilist.co/file/anilistcdn/character/large/b129140-CRjj8EuYvLHu.png,https://s4.anilist.co/file/anilistcdn/character/medium/b129140-CRjj8EuYvLHu.png,,,,https://anilist.co/character/129140,,,
vndb-c88825,vndb,2,26,,,番 直政,Ban Naomasa,,男,,,Galgame,Galgame,NG,,2018,Galgame,,"A shrewd journalist infamous for his backdoor dealings and coercive methods. Despite his earned reputation, he's skilled at journalism. Also hopelessly addicted to gambling. [From TV Tropes]",399,0,399,0,,https://t.vndb.org/ch/86/107386.jpg,https://t.vndb.org/ch/86/107386.jpg,,#ad9b93 #907c77 #514e5a #151414 #b9b4b2 #cbcbca,Black Beard Vest Father Journalist Blackmail Sunglasses Vindictive Honest Gambling,,,https://vndb.org/c88825,
vndb-c77132,vndb,2,26,,,美嶋 未羽,Mishima Miu,みうたん / Miu-tan,女,,,Galgame,Galgame,D.C.4 ～ダ・カーポ4～,,2019,Galgame,"[{""t"":""D.C.4 ～ダ・カーポ4～"",""cn"":"""",""ty"":""Galgame"",""y"":2019,""pop"":215},{""t"":""D.C.4 ～ダ・カーポ4～ フォーチュネイトデパーチャーズ"",""cn"":"""",""ty"":""Galgame"",""y"":2021,""pop"":102},{""t"":""D.C.5 to 4 ～ダ・カーポ5トゥ4～ ルミナスメモリーズ"",""cn"":"""",""ty"":""Galgame"",""y"":2026,""pop"":0}]","Mishima family is branch family of Shirakawa family, it make her have close relationship with Hiyori since childhood.",215,0,215,0,,https://t.vndb.org/ch/46/103246.jpg,https://t.vndb.org/ch/46/103246.jpg,,#b77999 #e5b4ad #ebd5d9 #f5f0eb #f9f9f8,Pink Long Wavy Teen Slim Pale School Uniform Missionary Virgin Sex Violet,,,https://vndb.org/c77132,
vndb-c32853,vndb,2,26,,,聖 琴子,Hijiri Kotoko,,女,,,Galgame,Galgame,毎日しゃぶっていいですか？ ～1部屋-魔乳家族～,,2012,Galgame,,"The daughter of a prestigious tea ceremony master. Proud and haughty in nature. Strong-willed, she acts particularly prickly toward the protagonist. When angry or emotionally charged, she sometimes lets slip vulgar language.",200,0,200,0,,https://t.vndb.org/ch/04/39304.jpg,https://t.vndb.org/ch/04/39304.jpg,,#a289b8 #655278 #cfb7d8 #efe0d9 #f2f0f5 #ffffff,Violet Waist Length+ Teen Slim Pale School Uniform Virgin Sex Amber Dark Thigh-high Stockings,,,https://vndb.org/c32853,
al124381,anilist,2,27,,02,ゼロツー,Zero Two,Code:002 / Partner Killer (パートナー殺し) / 9' Iota / Nine Iota (ナインイオタ),女,Klaxosaur,,动画|漫画,动画,ダーリン・イン・ザ・フランキス,DARLING in the FRANXX,2018,动画,"[{""t"":""ダーリン・イン・ザ・フランキス"",""cn"":""DARLING in the FRANXX"",""ty"":""动画"",""y"":2018,""pop"":500181},{""t"":""道産子ギャルはなまらめんこい"",""cn"":"""",""ty"":""漫画"",""y"":2019,""pop"":25328},{""t"":""ダーリン・イン・ザ・フランキス"",""cn"":""DARLING in the FRANXX"",""ty"":""漫画"",""y"":2018,""pop"":21127},{""t"":""だーりん・いん・ざ・ふらんきす！"",""cn"":"""",""ty"":""漫画"",""y"":2018,""pop"":2648}]",长有红色的角的神秘少女。 拥有“搭档杀手”别名的精英驾驶员。,16368,16368,0,739,,https://s4.anilist.co/file/anilistcdn/character/large/b124381-2gAVq76HPfL2.png,https://s4.anilist.co/file/anilistcdn/character/medium/b124381-2gAVq76HPfL2.png,https://lain.bgm.tv/r/400/pic/crt/l/3b/9a/57751_crt_3E3pC.jpg?r=1507738291,,,https://anilist.co/character/124381,https://bgm.tv/character/57751,,57751
vndb-c9920,vndb,2,27,,石田三郎,石田 三郎,Ishida Saburou,Soudaishou / Total General / 総大将,男,B,,Galgame,Galgame,真剣で私に恋しなさい！S,认真和我恋爱！S,2012,Galgame,"[{""t"":""真剣で私に恋しなさい！S"",""cn"":""认真和我恋爱！S"",""ty"":""Galgame"",""y"":2012,""pop"":5025},{""t"":""真剣で私に恋しなさい！A-4"",""cn"":"""",""ty"":""Galgame"",""y"":2014,""pop"":1023}]",西方十勇士、総大将にして最強の男。 出世街道を歩むべく英才教育を受けてきた。 智勇兼ね備えた男だが、それゆえに相手や味方を軽視し、驕る傾向にある。 島に全幅の信頼を寄せている。 「雑魚が。出世街道を歩む俺の邪魔をするな」,5025,0,5025,2,,https://t.vndb.org/ch/75/10875.jpg,https://t.vndb.org/ch/75/10875.jpg,https://lain.bgm.tv/r/400/pic/crt/l/b9/3e/30099_crt_2cMC2.jpg,#af9890 #eee8e4 #302f31 #d3ccce #f7f7f8,Black Blond Short Straight Teen Slim Pale School Uniform Trousers Fighting,,https://bgm.tv/character/30099,https://vndb.org/c9920,30099
vndb-c5321,vndb,2,27,,松永燕,松永 燕,Matsunaga Tsubame,ツバメちゃん / Tsubame-chan / 納豆小町 / Nattou Komachi,女,O,,Galgame,Galgame,真剣で私に恋しなさい！S,认真和我恋爱！S,2012,Galgame,"[{""t"":""真剣で私に恋しなさい！S"",""cn"":""认真和我恋爱！S"",""ty"":""Galgame"",""y"":2012,""pop"":5025},{""t"":""真剣で私に恋しなさい！A-1"",""cn"":"""",""ty"":""Galgame"",""y"":2013,""pop"":2470},{""t"":""真剣で私に恋しなさい！A-2"",""cn"":"""",""ty"":""Galgame"",""y"":2013,""pop"":2188},{""t"":""真剣で私に恋しなさい！A-3"",""cn"":"""",""ty"":""Galgame"",""y"":2014,""pop"":1374},{""t"":""真剣で私に恋しなさい！A-4"",""cn"":"""",""ty"":""Galgame"",""y"":2014,""pop"":1023},{""t"":""真剣で私に恋しなさい！A-5"",""cn"":"""",""ty"":""Galgame"",""y"":2016,""pop"":791}]",人当たりが良く、陽気でさっぱりした先輩。 選抜クラスにも入れる実力者だが、楽しくやりたいとのことで、競争が激しくない 3－Fへ。 社交性豊かですぐにクラスに溶け込み、百代や弓子と仲良くなった。 大和のことも可愛い後輩として気に入っており、ちょっかいを出すようになる。 世の中を存分に楽しんでおり、適度に力を抜いて何事にもクレバーに立ち回っており、いつもマイペース。 しかし、これだけは譲れない・負けないと思ったら普段いい加減なところがある分、絶対に退かない。,5025,0,5025,34,,https://t.vndb.org/ch/71/85871.jpg,https://t.vndb.org/ch/71/85871.jpg,https://lain.bgm.tv/r/400/pic/crt/l/05/7e/30076_crt_p4z0g.jpg,#342f33 #cfc6d1 #8a848b #f2ece4 #f6f5f8 #ffffff,Brown Long Straight Teen Slim Pale School Uniform Fighting Missionary Doggy Style,,https://bgm.tv/character/30076,https://vndb.org/c5321,30076
vndb-c28997,vndb,2,27,,沃尔夫冈·施雷伯,ウォルフガング・シュライバー,Wolfgang Schreiber,Anna Schreiber / Einherjar Albedo / Hróðvitnir / Hrozvitnir,男,A,,Galgame,Galgame,Dies irae ~Acta est Fabula~,,2009,Galgame,"[{""t"":""Dies irae ~Acta est Fabula~"",""cn"":"""",""ty"":""Galgame"",""y"":2009,""pop"":3862},{""t"":""Dies irae ~Interview with Kaziklu Bey~"",""cn"":"""",""ty"":""Galgame"",""y"":2016,""pop"":895}]",武装亲卫队第三师团、骷髅的大队长。兼东部战线游击部队、Einsatzgruppen特别行动部队长。 无主义无主张无信念的杀人狂，本来因为无法控制的凶残而遭到肃清，却因为被骑士团所救而活了下来。 虽然性格上很有问题，但因为对于杀戮方面异常优秀，所以在实力至上主义的骑士团内地位毫不动摇。 现状是在柏林沦陷时失踪。 称号：悪名高き狼 黒円卓：十二位 ルーン：狼 大アルカナ：月 占星術：双魚宮 形態：人器融合型,3862,0,3862,7,,https://t.vndb.org/ch/55/75255.jpg,https://t.vndb.org/ch/55/75255.jpg,https://lain.bgm.tv/r/400/pic/crt/l/a5/89/43391_crt_HH3jq.jpg,#363843 #787579 #b9b4b2 #e3e2e0 #f7f7f6 #ffffff,White Waist Length+ Short Straight Cross-dressing Teen Slim Villain Fighting Blue,,https://bgm.tv/character/43391,https://vndb.org/c28997,43391
vndb-c83613,vndb,2,27,,,八分雨 澪子,Yabusame Reko,Punk lady  / Miss Reko / Big sis Reko,女,,,Galgame,Galgame,キミガシネ　―多数決デスゲーム―,,2021,Galgame,,Reko is a singer and writer of her own band. While hot-headed she acts very responsible towards the younger girls and is very protective of them.,1482,0,1482,0,,https://t.vndb.org/ch/55/101655.jpg,https://t.vndb.org/ch/55/101655.jpg,,#4f3b31 #77736c #bebbb7 #fbf6f3 #e4e2e1 #ffffff,Blond Brown Short Hotblooded Black Young-adult Earrings Ore Full Sister Musician,,,https://vndb.org/c83613,
vndb-c101352,vndb,2,27,,,メイル・ディアス,Mael Diaz,,男,B,,Galgame,Galgame,even if TEMPEST 宵闇にかく語りき魔女,,2022,Galgame,"[{""t"":""even if TEMPEST 宵闇にかく語りき魔女"",""cn"":"""",""ty"":""Galgame"",""y"":2022,""pop"":608},{""t"":""even if TEMPEST 連なるときの暁"",""cn"":"""",""ty"":""Galgame"",""y"":2023,""pop"":195}]","“We haven't seen each other in some time. How are you?” Eccentric and Hysteric A court painter in direct service of the royal family. His extraordinary talents have earned him many fans, all of whom will extol his skills with the arts.",608,0,608,0,,https://t.vndb.org/ch/78/122778.jpg,https://t.vndb.org/ch/78/122778.jpg,,#713827 #2b1610 #997e72 #322a26 #405759 #d5cec8,Ponytail Long Trousers Dress Shoes Amber Glasses Jacket Scarf Shirt Otaku,,,https://vndb.org/c101352,
al211768,anilist,2,27,,,ハルウララ,Haru Urara,,女,,,动画,动画,ウマ娘 プリティーダービー,赛马娘 Pretty Derby,2018,动画,"[{""t"":""ウマ娘 プリティーダービー"",""cn"":""赛马娘 Pretty Derby"",""ty"":""动画"",""y"":2018,""pop"":90822},{""t"":""ウマ娘 プリティーダービー Season 2"",""cn"":""赛马娘 Pretty Derby 第二季"",""ty"":""动画"",""y"":2021,""pop"":47271},{""t"":""ウマ娘 プリティーダービー 新時代の扉"",""cn"":""赛马娘 Pretty Derby 新时代之门"",""ty"":""动画"",""y"":2024,""pop"":32559},{""t"":""ウマ娘 プリティーダービー Season 3"",""cn"":"""",""ty"":""动画"",""y"":2023,""pop"":30457},{""t"":""ウマ娘 プリティーダービー ROAD TO THE TOP"",""cn"":""赛马娘 Pretty Derby 巅峰之路"",""ty"":""动画"",""y"":2023,""pop"":24419},{""t"":""ウマ娘「BNWの誓い」"",""cn"":"""",""ty"":""动画"",""y"":2018,""pop"":14317}]","140 cm No matter how many times she falls, this girl always picks herself back up! She's on a losing streak... but she never gives up!",454,454,0,0,,https://s4.anilist.co/file/anilistcdn/character/large/b211768-oHlH5GhTm9pa.png,https://s4.anilist.co/file/anilistcdn/character/medium/b211768-oHlH5GhTm9pa.png,,,,https://anilist.co/character/211768,,,
vndb-c91347,vndb,2,27,,,,Kirin Kanda,,女,,,Galgame,Galgame,Lessons in Love,,2022,Galgame,,"Kirin is a member of the soccer team alongside Miku and her older sister, Karin. Extremely observant of everyone around her, Kirin has a mischievous streak and enjoys putting people off-balance with words or actions they don't expect.",342,0,342,0,,https://t.vndb.org/ch/07/110107.jpg,https://t.vndb.org/ch/07/110107.jpg,,#6d5138 #e6aca5 #d5cecf #e3e5e9 #eff3f4 #ffffff,Brown Ahoge Twin Tails Teen Slim School Uniform Student Soccer Doggy Style Blowjob,,,https://vndb.org/c91347,
vndb-c5903,vndb,2,27,,,柏木 初音,Kashiwagi Hatsune,,女,O,,Galgame,Galgame,痕,,1996,Galgame,"[{""t"":""痕"",""cn"":"""",""ty"":""Galgame"",""y"":1996,""pop"":185},{""t"":""To Heart"",""cn"":"""",""ty"":""Galgame"",""y"":1997,""pop"":155},{""t"":""うたわれるもの ロストフラグ"",""cn"":"""",""ty"":""Galgame"",""y"":2019,""pop"":26},{""t"":""アルルゥとあそぼ！！"",""cn"":"""",""ty"":""Galgame"",""y"":2004,""pop"":19},{""t"":""初音のないしょ!!"",""cn"":"""",""ty"":""Galgame"",""y"":1997,""pop"":12}]","Youngest of the Kashiwagi sisters. Treats Kouichi as a big brother. Cheerful and friendly, has an outstanding visual memory.",185,0,185,0,,https://t.vndb.org/ch/96/147596.jpg,https://t.vndb.org/ch/96/147596.jpg,,#a26d76 #dfc0af #f5e6cd #fbf5e4 #fcfaf7,Blond Ahoge Long Wavy Teen Slim Pale School Uniform Orphan Cooking,,,https://vndb.org/c5903,
al80,anilist,2,28,1986,夜神月,夜神月,Light Yagami,Kira / Light Asahi / God,男,A,17-23,动画|漫画,动画,DEATH NOTE,死亡笔记,2006,动画,"[{""t"":""DEATH NOTE"",""cn"":""死亡笔记"",""ty"":""动画"",""y"":2006,""pop"":961191},{""t"":""デス・パレード"",""cn"":"""",""ty"":""动画"",""y"":2015,""pop"":467285},{""t"":""DEATH NOTE"",""cn"":""死亡笔记"",""ty"":""漫画"",""y"":2003,""pop"":99722},{""t"":""DEATH NOTE リライト"",""cn"":"""",""ty"":""动画"",""y"":2007,""pop"":44227},{""t"":""DEATH NOTEにラクガキ4コマ"",""cn"":"""",""ty"":""漫画"",""y"":2004,""pop"":1347}]",警察庁幹部の父・総一郎、母・幸子と妹・粧裕（さゆ：中学生）の四人家族の長男。家族の愛情にも、経済的にも不自由しない家庭環境で生まれ育つ。内に秘めた正義感と、他の追随を許さない優秀な頭脳を自負している。世の中で起こり続ける悪行に、表立った行動はせずとも苛立ちとジレンマを感じていた。 そんな中、デスノートを拾い、その所持者である死神のリュークとの出会いをきっかけにその独善的な価値観と強い自己顕示欲を表面化していき、純粋だった正義感も歪んだものへと変化して、サイコキラーと化す。,22034,22034,0,679,,https://s4.anilist.co/file/anilistcdn/character/large/b80-26EhwSsSqQ50.png,https://s4.anilist.co/file/anilistcdn/character/medium/b80-26EhwSsSqQ50.png,https://lain.bgm.tv/r/400/pic/crt/l/bd/36/2215_crt_nWAZZ.jpg?r=1720107970,,,https://anilist.co/character/80,https://bgm.tv/character/2215,,2215
al136844,anilist,2,28,,佐藤真冬,佐藤真冬,Mafuyu Satou,Mafuyu Sato,男,AB,16-,动画|漫画,动画,ギヴン,GIVEN 被赠与的未来,2019,动画,"[{""t"":""ギヴン"",""cn"":""GIVEN 被赠与的未来"",""ty"":""动画"",""y"":2019,""pop"":211312},{""t"":""映画 ギヴン"",""cn"":""电影 GIVEN"",""ty"":""动画"",""y"":2020,""pop"":95589},{""t"":""ギヴン"",""cn"":""GIVEN 被赠与的未来"",""ty"":""漫画"",""y"":2013,""pop"":40944},{""t"":""ギヴン うらがわの存在"",""cn"":""GIVEN 内侧的存在"",""ty"":""动画"",""y"":2021,""pop"":32798},{""t"":""ギヴン 柊mix"",""cn"":"""",""ty"":""动画"",""y"":2024,""pop"":20356},{""t"":""ギヴン 海へ"",""cn"":"""",""ty"":""动画"",""y"":2024,""pop"":13605}]",印象的な歌声の持ち主。 ギターを直してもらったことがきっかけとなり、立夏に懐くように。 感情を上手く表現できない原因として、過去に何かあったようで…。,5984,5984,0,13,,https://s4.anilist.co/file/anilistcdn/character/large/b136844-UoqciaLvz5Jf.png,https://s4.anilist.co/file/anilistcdn/character/medium/b136844-UoqciaLvz5Jf.png,https://lain.bgm.tv/r/400/pic/crt/l/16/5d/69170_crt_P81nb.jpg,,,https://anilist.co/character/136844,https://bgm.tv/character/69170,,69170
vndb-c69161,vndb,2,28,,,,Ingram McDougal,,男,,,Galgame,Galgame,VA-11 HALL-A,,2014,Galgame,,Ingram McDougal is a man who is generally ill tempered. He likes strong drinks.,5080,0,5080,2,,https://t.vndb.org/ch/95/83395.jpg,https://t.vndb.org/ch/95/83395.jpg,https://lain.bgm.tv/r/400/pic/crt/l/7c/42/48624_crt_5zO0z.jpg,#311829 #9d726c #efca9d #ffffff,Short Slim Pale Red Young-adult Scar Jacket T-shirt Alcohol Abuse Husband,,https://bgm.tv/character/48624,https://vndb.org/c69161,48624
vndb-c6189,vndb,2,28,,月姬苍香,月姫 蒼香,Tsukihime Souka,,女,B,,Galgame,Galgame,歌月十夜,歌月十夜,2001,Galgame,"[{""t"":""歌月十夜"",""cn"":""歌月十夜"",""ty"":""Galgame"",""y"":2001,""pop"":3522},{""t"":""MELTY BLOOD"",""cn"":""月姬格斗"",""ty"":""Galgame"",""y"":2002,""pop"":1869}]",Tsukihime Souka。秋叶在读的浅上女子学院的学生。和秋叶是室友，不错的聊天对象。比秋叶更加严厉的口吻，什么事情都能简单的应付。 外表小巧可爱的女性，但就秋叶说，性格好似男孩子。 无比喜欢摇滚，每周一次从寝室溜出去Live House。 帅气地像男孩子一样的女孩子，不对，帅气的女孩子。 歌月十夜中登场。担任平衡着秋叶和羽居两个极端室友的参谋一职。在宿舍内只和信赖的学生讲话，背地里很有人望。 家在长野的深山寺庙中。地方上的地主，被称为山王。喜欢摇滚猜想是对家里的抗拒。,3522,0,3522,1,,https://t.vndb.org/ch/46/6346.jpg,https://t.vndb.org/ch/46/6346.jpg,https://lain.bgm.tv/r/400/pic/crt/l/25/68/161561_crt_MP8Vt.jpg,#19467c #da7942 #e9b07c #5e80b2 #bd4b23 #f5d2af,Blue Ponytail Shoulder-length Straight Teen Slim Pale Sweater Blue Necktie,,https://bgm.tv/character/161561,https://vndb.org/c6189,161561
vndb-c150824,vndb,2,28,,,銀崎 晶馬,Ginzaki Shouma,Waste of Space / 玖 (Nine),男,,,Galgame,Galgame,HUNDRED LINE -最終防衛学園-,,2025,Galgame,,"Zodiac Pisces Dark, Damp Places Convenience Stores at Night Specialist Special Shut-In ""I'm fine with it, too. If anything, dry bread is too good for a human cockroach like me."" A young man who, by his own admission, has absolutely nothing…",1126,0,1126,0,,https://t.vndb.org/ch/88/177488.jpg,https://t.vndb.org/ch/88/177488.jpg,,#8e7d23 #83836e #c3bfb6 #ede0e1 #ffffff,Brown Short Pale Hard Worker Fighting Amnesia Black Grey Kid Muscular,,,https://vndb.org/c150824,
vndb-c37592,vndb,2,28,,,アイリス・プラテアード,Iris Prateado,Crystal Heart / Iris-nya / Iris Plateard / アイリスにゃー,女,,,Galgame,Galgame,LAMUNATION!,,2016,Galgame,,"A funny and energetic girl and Reyla's older twin. Probably the group's closest to a normal girl, if a normal girl goes following her friends on dates while wearing a giant squirrel costume in the middle of the summer.",1033,0,1033,0,,https://t.vndb.org/ch/11/52511.jpg,https://t.vndb.org/ch/11/52511.jpg,,#7b2a4a #b17383 #dcb4ba #f0dcda #f8f2eb #feffff,Black Twin Tails Slim Pale School Uniform Student Doggy Style Cowgirl Virgin Sex Blue,,,https://vndb.org/c37592,
vndb-c37591,vndb,2,28,,,レイラ・プラテアード,Rayla Prateado,Rayla Plateard / The Million Carat / ミリオンカラット / れーちゃん,女,,,Galgame,Galgame,LAMUNATION!,,2016,Galgame,,"Iris' younger twin. She a famous chef and works in the Cherry Crown Diner. She and her sister are best friends with Corona, Lamune and Luna.",1033,0,1033,0,1,https://t.vndb.org/ch/10/52510.jpg,https://t.vndb.org/ch/10/52510.jpg,,#4c1a38 #953958 #b48793 #e4bdc1 #f5ebe2 #fefefe,Black Slim Pale School Uniform Student Missionary Doggy Style Virgin Sex Twin Sister Cook,,,https://vndb.org/c37591,
al136776,anilist,2,28,,,클로드 데이 앨제어 오벨리아,Claude de Alger Obelia,克劳德 / クロード・デイ・エルジェア・オベリア,男,,,动画|漫画,漫画,어느 날 공주가 되어버렸다,,2017,漫画,"[{""t"":""어느 날 공주가 되어버렸다"",""cn"":"""",""ty"":""漫画"",""y"":2017,""pop"":40016},{""t"":""魔法公主的小烦恼"",""cn"":"""",""ty"":""动画"",""y"":2025,""pop"":27562}]","Claude de Alger Obelia is the current reigning emperor of the Empire of Obelia, and the father of the main protagonist in the popular manhwa ""Who Made Me a Princess"".",924,924,0,0,,https://s4.anilist.co/file/anilistcdn/character/large/b136776-36ItTDd9ZSlL.png,https://s4.anilist.co/file/anilistcdn/character/medium/b136776-36ItTDd9ZSlL.png,,,,https://anilist.co/character/136776,,,
vndb-c21329,vndb,2,28,,,隼 ゆい,Hayabusa Yui,,女,,,Galgame,Galgame,あの晴れわたる空より高く,,2014,Galgame,,,755,0,755,0,,https://t.vndb.org/ch/37/26437.jpg,https://t.vndb.org/ch/37/26437.jpg,,#4e466b #948b9a #d5c1be #f4e9dc #f9f7ef #ffffff,Brown Shoulder-length Straight Teen Slim Pale School Uniform Cooking Amber Necktie,,,https://vndb.org/c21329,
al389167,anilist,2,28,,,灰宮美桜,Mio Haimiya,みお,女,,,漫画,漫画,灰宮先輩は怖くてかわいい,,2025,漫画,,"157 cm (5'1"")",539,539,0,0,,https://s4.anilist.co/file/anilistcdn/character/large/b389167-DqSxzV6PvjWl.jpg,https://s4.anilist.co/file/anilistcdn/character/medium/b389167-DqSxzV6PvjWl.jpg,,,,https://anilist.co/character/389167,,,
al89472,anilist,2,28,,,生駒,Ikoma,,男,,17,动画|轻小说,动画,甲鉄城のカバネリ,,2016,动画,"[{""t"":""甲鉄城のカバネリ"",""cn"":"""",""ty"":""动画"",""y"":2016,""pop"":197082},{""t"":""甲鉄城のカバネリ 〜海門決戦〜"",""cn"":"""",""ty"":""动画"",""y"":2019,""pop"":50086},{""t"":""甲鉄城のカバネリ 総集編｛後編｝燃える命"",""cn"":"""",""ty"":""动画"",""y"":2017,""pop"":16254},{""t"":""甲鉄城のカバネリ 総集編｛前編｝集う光"",""cn"":"""",""ty"":""动画"",""y"":2016,""pop"":14789},{""t"":""甲鉄城のカバネリ 無名爛漫"",""cn"":"""",""ty"":""动画"",""y"":2026,""pop"":1570},{""t"":""小説 甲鉄城のカバネリ"",""cn"":"""",""ty"":""轻小说"",""y"":2016,""pop"":343}]",A headstrong and passionate young Steam Smith and inventor from Hinomoto who makes a living in Aragane Station making iron and steam engines.,416,416,0,0,,https://s4.anilist.co/file/anilistcdn/character/large/b89472-Ayu4lT9Crbl5.png,https://s4.anilist.co/file/anilistcdn/character/medium/b89472-Ayu4lT9Crbl5.png,,,,https://anilist.co/character/89472,,,
vndb-c69903,vndb,2,28,,,上泉 夕里,Kamiizumi Yuuri,Rigel / スターズ,女,O,,Galgame,Galgame,宿星のガールフレンド -the destiny star of girlfriend-,,2018,Galgame,"[{""t"":""宿星のガールフレンド -the destiny star of girlfriend-"",""cn"":"""",""ty"":""Galgame"",""y"":2018,""pop"":395},{""t"":""宿星のガールフレンド2 -the destiny star of girlfriend-"",""cn"":"""",""ty"":""Galgame"",""y"":2018,""pop"":206},{""t"":""宿星のガールフレンド3 -the destiny star of girlfriend-"",""cn"":"""",""ty"":""Galgame"",""y"":2019,""pop"":191},{""t"":""宿星のガールフレンド 芙慈子編"",""cn"":"""",""ty"":""Galgame"",""y"":2020,""pop"":48}]","“Nuh-uh, this First-Class Stars has ZERO chinks in her armor. Not one!” A First-Class Stars bearing the name “Rigel.” As an expert manipulator of all things light magic, she pulverizes demons to dust with overwhelming baseball-themed finess…",395,0,395,0,,https://t.vndb.org/ch/66/95666.jpg,https://t.vndb.org/ch/66/95666.jpg,,#985156 #e6c5a5 #f6ecc8 #ddd7e9 #f5f3f1 #ffffff,Blond Ahoge Twin Tails Waist Length+ Curtained Straight Teen Slim Pale School Uniform,,,https://vndb.org/c69903,
vndb-c88423,vndb,2,28,,,ひよこ,Hiyoko,,女,,,Galgame,Galgame,まいてつ Last Run!!,,2020,Galgame,,The Raillord of C57 145 and a close friend of Denshahime. She is researching to uncover the secrets behind the making of Raillords.,384,0,384,0,,https://t.vndb.org/ch/20/135420.jpg,https://t.vndb.org/ch/20/135420.jpg,,#785251 #b5817c #353036 #d4c7be #ece1d8 #fffffe,Glasses Artificial Intelligence Investigation Military Uniform Peaked Cap Smart Genetic Research Researcher Double-ended Dildo Anthropomorphized Inanimate Object,,,https://vndb.org/c88423,
vndb-c98440,vndb,2,28,,,鮫島 聡,Samejima Satoru,ED,男,,,Galgame,Galgame,世界滅亡共有幻想マミヤ,,2016,Galgame,,Police officer. A member of Suou's father's team at the police force. The vegetable-hating foodie likes Suou and takes care of him. [From TV Tropes],360,0,360,0,,https://t.vndb.org/ch/35/191335.jpg,https://t.vndb.org/ch/35/191335.jpg,,#263336 #af9c94 #d5c8c0 #5f605f #ffffff,Black Short Straight Pale Trousers Villain Cooking Young-adult Adult Apron,,,https://vndb.org/c98440,
al201,anilist,2,28,,,沢近愛理,Eri Sawachika,Ojou / Rich Girl / Blondy,女,A,16,动画|漫画,动画,スクールランブル,,2004,动画,"[{""t"":""スクールランブル"",""cn"":"""",""ty"":""动画"",""y"":2004,""pop"":59498},{""t"":""スクールランブル 二学期"",""cn"":"""",""ty"":""动画"",""y"":2006,""pop"":24941},{""t"":""スクールランブル三学期"",""cn"":"""",""ty"":""动画"",""y"":2008,""pop"":11744},{""t"":""スクールランブル一学期補習"",""cn"":"""",""ty"":""动画"",""y"":2005,""pop"":10331},{""t"":""スクールランブル"",""cn"":"""",""ty"":""漫画"",""y"":2002,""pop"":6396},{""t"":""スクールランブル Z"",""cn"":"""",""ty"":""漫画"",""y"":2008,""pop"":1340}]","165cm One of Tenma's close friends, Eri's father is British and her mother is Japanese. She has great difficulty with Kanji.",358,358,0,0,,https://s4.anilist.co/file/anilistcdn/character/large/b201-qUOknnX87FgP.png,https://s4.anilist.co/file/anilistcdn/character/medium/b201-qUOknnX87FgP.png,,,,https://anilist.co/character/201,,,
al127436,anilist,2,28,,,瀬田薫,Kaoru Seta,Kao-chan,女,,,动画,动画,BanG Dream!（バンドリ！）,,2017,动画,"[{""t"":""BanG Dream!（バンドリ！）"",""cn"":"""",""ty"":""动画"",""y"":2017,""pop"":40167},{""t"":""BanG Dream! 2nd Season"",""cn"":"""",""ty"":""动画"",""y"":2019,""pop"":20664},{""t"":""BanG Dream! 3rd Season"",""cn"":"""",""ty"":""动画"",""y"":2020,""pop"":16631},{""t"":""BanG Dream! ガルパ☆ピコ"",""cn"":"""",""ty"":""动画"",""y"":2018,""pop"":10333},{""t"":""BanG Dream! ぽっぴん'どりーむ!"",""cn"":"""",""ty"":""动画"",""y"":2022,""pop"":6863},{""t"":""BanG Dream! FILM LIVE"",""cn"":"""",""ty"":""动画"",""y"":2019,""pop"":6393}]","170 cm (5'7"") Kaoru is a celebrity at her school and belongs to the theater department there. She is very popular with ladies, who she dubs her ""little kittens"".",351,351,0,0,,https://s4.anilist.co/file/anilistcdn/character/large/b127436-Y3pi2P3X3OrA.png,https://s4.anilist.co/file/anilistcdn/character/medium/b127436-Y3pi2P3X3OrA.png,,,,https://anilist.co/character/127436,,,
al76864,anilist,2,28,,,マーラウン・ロリライ,Meroune Lorelei,Mero,女,,,动画|漫画|轻小说,动画,モンスター娘のいる日常,,2015,动画,"[{""t"":""モンスター娘のいる日常"",""cn"":"""",""ty"":""动画"",""y"":2015,""pop"":170923},{""t"":""モンスター娘のいる日常SP"",""cn"":"""",""ty"":""动画"",""y"":2016,""pop"":30063},{""t"":""モンスター娘のいる日常"",""cn"":"""",""ty"":""漫画"",""y"":2012,""pop"":21336},{""t"":""モンスター娘のいる日常 ほぼ毎日○○！生っぽい動画"",""cn"":"""",""ty"":""动画"",""y"":2015,""pop"":16791},{""t"":""モンスター娘のいる日常 もんすたーがーる・はろーわーく"",""cn"":"""",""ty"":""轻小说"",""y"":2020,""pop"":322}]","Mermaid Meroune Lorelei, or Mero for short, is a mermaid bound to a wheelchair. While she is the the fourth girl to officially move in with Kimihito, she is technically the fifth girl to move in with him because Suu is supposed to be the fo…",337,337,0,0,,https://s4.anilist.co/file/anilistcdn/character/large/b76864-Y3RK4ZHibSyb.png,https://s4.anilist.co/file/anilistcdn/character/medium/b76864-Y3RK4ZHibSyb.png,,,,https://anilist.co/character/76864,,,
al17246,anilist,2,28,1993,,笛吹和義,Kazuyoshi Usui,Switch (スイッチ) / An-chan (兄ちゃん) / Mr. Wild Pitch (ミスターワイルドピッチ) / Megane (メガネ),男,AB,16-18,动画|漫画,动画,銀魂’,,2011,动画,"[{""t"":""銀魂’"",""cn"":"""",""ty"":""动画"",""y"":2011,""pop"":110096},{""t"":""SKET DANCE"",""cn"":""学园救援团"",""ty"":""动画"",""y"":2011,""pop"":47067},{""t"":""銀魂"",""cn"":""银魂"",""ty"":""漫画"",""y"":2003,""pop"":31772},{""t"":""ウィッチウォッチ"",""cn"":"""",""ty"":""漫画"",""y"":2021,""pop"":17558},{""t"":""SKET DANCE"",""cn"":""学园救援团"",""ty"":""漫画"",""y"":2007,""pop"":10166},{""t"":""SKET DANCE 妹の悩みに悩む兄に悩む妹とその仲間達"",""cn"":"""",""ty"":""动画"",""y"":2013,""pop"":5351}]","Kaimei High School 2-C (chapters 1-209); 3-C (chapters 210-288) Sket Dan Switch is the brains and secretary of the Sket Dan. As a result of the events that happened in his life, he opts to speak through a voice synthesizer on his computer.",317,317,0,0,,https://s4.anilist.co/file/anilistcdn/character/large/b17246-dFh98KT1N6Lr.png,https://s4.anilist.co/file/anilistcdn/character/medium/b17246-dFh98KT1N6Lr.png,,,,https://anilist.co/character/17246,,,
al477,anilist,2,28,,,レントン・サーストン,Renton Thurston,,男,,14,动画,动画,交響詩篇エウレカセブン,,2005,动画,"[{""t"":""交響詩篇エウレカセブン"",""cn"":"""",""ty"":""动画"",""y"":2005,""pop"":88330},{""t"":""エウレカセブンAO"",""cn"":"""",""ty"":""动画"",""y"":2012,""pop"":19435},{""t"":""交響詩篇エウレカセブン ポケットが虹でいっぱい"",""cn"":"""",""ty"":""动画"",""y"":2009,""pop"":9178},{""t"":""交響詩篇エウレカセブン ハイエボリューション 1"",""cn"":"""",""ty"":""动画"",""y"":2017,""pop"":5791},{""t"":""EUREKA／交響詩篇エウレカセブン ハイエボリューション"",""cn"":"""",""ty"":""动画"",""y"":2021,""pop"":4936},{""t"":""ANEMONE／交響詩篇エウレカセブン ハイエボリューション"",""cn"":"""",""ty"":""动画"",""y"":2018,""pop"":4426}]",Renton Thurston is the son of the late military hero Adroc Thurston and co-pilot of the Nirvash typeZERO. He has been in love with Eureka the other pilot of the Nirvash ever since he first saw her.,288,288,0,0,,https://s4.anilist.co/file/anilistcdn/character/large/n477-NvR2RtpSYSis.jpg,https://s4.anilist.co/file/anilistcdn/character/medium/n477-NvR2RtpSYSis.jpg,,,,https://anilist.co/character/477,,,
vndb-c58,vndb,2,28,,,椰子 なごみ,Yashi Nagomi,Coconuts / Nagomin,女,O,,Galgame,Galgame,つよきす,娇蛮之吻,2005,Galgame,"[{""t"":""つよきす"",""cn"":""娇蛮之吻"",""ty"":""Galgame"",""y"":2005,""pop"":284},{""t"":""つよきす３学期"",""cn"":"""",""ty"":""Galgame"",""y"":2011,""pop"":108},{""t"":""つよきす2学期"",""cn"":"""",""ty"":""Galgame"",""y"":2008,""pop"":99},{""t"":""みにきす　～つよきすファンディスク～"",""cn"":"""",""ty"":""Galgame"",""y"":2006,""pop"":37}]","Nagomi is a first year student from class 1-B. She has a debt of gratitude to Leo, therefore she becomes a member of student council. She dislikes that she is called ""Nagomin"" by Erika.",284,0,284,0,,https://t.vndb.org/ch/61/161561.jpg,https://t.vndb.org/ch/61/161561.jpg,,#3395e3 #5faed4 #6d708c #343146 #bcb3b6 #e9eaeb,Black Long Waist Length+ Straight Teen Slim Pale Trousers Cooking Cowgirl,,,https://vndb.org/c58,
vndb-c42846,vndb,2,28,,,甲斐 志摩子,Kai Shimako,,女,,,Galgame,Galgame,マブラヴ オルタネイティヴ トータル・イクリプス 帝都燃ゆ,,2014,Galgame,,,272,0,272,0,,https://t.vndb.org/ch/64/51464.jpg,https://t.vndb.org/ch/64/51464.jpg,,#958279 #3e6430 #a1c38c #5a5057 #2e2a31 #ece9e8,Black Waist Length+ Slim Pale Fighting Amber Death Cadet Mecha Pilot Pressure Suit,,,https://vndb.org/c42846,
al5516,anilist,2,28,,,ルン・エルシ・ジュエリア,Run Elsie Jewelria,,女,,,动画,动画,To LOVEる -とらぶる-,,2008,动画,"[{""t"":""To LOVEる -とらぶる-"",""cn"":"""",""ty"":""动画"",""y"":2008,""pop"":141288},{""t"":""To LOVEる -とらぶる- ダークネス"",""cn"":"""",""ty"":""动画"",""y"":2012,""pop"":78560},{""t"":""もっと To LOVEる -とらぶる-"",""cn"":"""",""ty"":""动画"",""y"":2010,""pop"":70190},{""t"":""To LOVEる -とらぶる- ダークネス2nd"",""cn"":"""",""ty"":""动画"",""y"":2015,""pop"":59464},{""t"":""To LOVEる -とらぶる-"",""cn"":"""",""ty"":""动画"",""y"":2009,""pop"":41179},{""t"":""あやかしトライアングル"",""cn"":"""",""ty"":""动画"",""y"":2023,""pop"":33130}]","158 cm A childhood friend of Lala, infamously known for wearing girl clothing during his play dates with Lala. At first he arrives on Earth to win back Lala, but soon becomes jealous due to her relationship with Rito.",261,261,0,0,,https://s4.anilist.co/file/anilistcdn/character/large/b5516-QhH9yj22Mzj3.png,https://s4.anilist.co/file/anilistcdn/character/medium/b5516-QhH9yj22Mzj3.png,,,,https://anilist.co/character/5516,,,
vndb-c34182,vndb,2,28,,,アビゲイル・ハドソン,Abigail Hudson,,女,B,,Galgame,Galgame,英国探偵ミステリア,,2013,Galgame,,"Cleaning Eton Mes The official loud-and-proud landlady of a series of flats along Baker Street, including Holmes Jr. and Watson Jr.’s shared flat.",245,0,245,0,,https://t.vndb.org/ch/10/198510.jpg,https://t.vndb.org/ch/10/198510.jpg,,#3b4364 #9a9cad #ebe1da #cec4c9 #f6f2f0 #ffffff,Blue Long Teen Slim Pale Cooking Blue Based on a Fictional Character Cleaning British,,,https://vndb.org/c34182,
al163519,anilist,2,28,,,佐藤麻耶,Maya Satou,,女,,16,动画|轻小说,动画,ようこそ実力至上主義の教室へ,欢迎来到实力至上主义的教室,2017,动画,"[{""t"":""ようこそ実力至上主義の教室へ"",""cn"":""欢迎来到实力至上主义的教室"",""ty"":""动画"",""y"":2017,""pop"":447470},{""t"":""ようこそ実力至上主義の教室へ 2nd Season"",""cn"":""欢迎来到实力至上主义的教室 第二季"",""ty"":""动画"",""y"":2022,""pop"":261649},{""t"":""ようこそ実力至上主義の教室へ 3rd Season"",""cn"":""欢迎来到实力至上主义的教室 第三季"",""ty"":""动画"",""y"":2024,""pop"":188938},{""t"":""ようこそ実力至上主義の教室へ 4th Season 2年生編1学期"",""cn"":"""",""ty"":""动画"",""y"":2026,""pop"":117800},{""t"":""ようこそ実力至上主義の教室へ"",""cn"":""欢迎来到实力至上主义的教室"",""ty"":""轻小说"",""y"":2015,""pop"":41723},{""t"":""ようこそ実力至上主義の教室へ　２年生編"",""cn"":"""",""ty"":""轻小说"",""y"":2020,""pop"":16585}]","She is a student of class 1-D. ~!In Volume 7.5, Maya asks for [Kei Karuizawa](//anilist.co/character/141122/Karuizawa-Kei)'s help to plan her ""date"" with [Kiyotaka Ayanokouji](//anilist.co/character/123212/Ayanokouji-Kiyotaka).",174,174,0,0,,https://s4.anilist.co/file/anilistcdn/character/large/b163519-as1ccGaDehxI.jpg,https://s4.anilist.co/file/anilistcdn/character/medium/b163519-as1ccGaDehxI.jpg,,,,https://anilist.co/character/163519,,,
al71457,anilist,2,28,,,マルロ・フロイデンベルク,Marlo Freudenberg,,男,,,动画|漫画,动画,進撃の巨人,进击的巨人,2013,动画,"[{""t"":""進撃の巨人"",""cn"":""进击的巨人"",""ty"":""动画"",""y"":2013,""pop"":1053882},{""t"":""進撃の巨人 Season２"",""cn"":"""",""ty"":""动画"",""y"":2017,""pop"":733402},{""t"":""進撃の巨人 Season３"",""cn"":"""",""ty"":""动画"",""y"":2018,""pop"":686190},{""t"":""進撃の巨人 Season３ Part.2"",""cn"":"""",""ty"":""动画"",""y"":2019,""pop"":610781},{""t"":""進撃の巨人"",""cn"":""进击的巨人"",""ty"":""漫画"",""y"":2009,""pop"":226814},{""t"":""進撃の巨人 LOST GIRLS"",""cn"":"""",""ty"":""动画"",""y"":2017,""pop"":95543}]","Military Police, 104th Cadet Corps. Recruit of the Military Police stationed in Stohess District. While most who join the Military Police Regiment do so because they want a safe position far from the danger of the Titans, Marlo did so becau…",151,151,0,0,,https://s4.anilist.co/file/anilistcdn/character/large/b71457-7H5bMZezo4ze.png,https://s4.anilist.co/file/anilistcdn/character/medium/b71457-7H5bMZezo4ze.png,,,,https://anilist.co/character/71457,,,
al199118,anilist,2,28,2039,,ドミニク,Dominic,,男,,6,动画|漫画,动画,約束のネバーランド2,,2021,动画,"[{""t"":""約束のネバーランド2"",""cn"":"""",""ty"":""动画"",""y"":2021,""pop"":321707},{""t"":""約束のネバーランド"",""cn"":""约定的梦幻岛"",""ty"":""漫画"",""y"":2016,""pop"":133608}]","07294 (Grace Field House) 119 - 147 cm Dominic is an energetic and rather muscular young boy. He is very brave as well as caring towards others, and is willing to risk much to make sure everyone is safe.",40,40,0,0,,https://s4.anilist.co/file/anilistcdn/character/large/b199118-FEIoj5A6GSxW.png,https://s4.anilist.co/file/anilistcdn/character/medium/b199118-FEIoj5A6GSxW.png,,,,https://anilist.co/character/199118,,,
vndb-c116544,vndb,2,29,,,天野原 翠子,Amanohara Suiko,Four-Eyes,女,,,Galgame,Galgame,マブラヴ,Muv-Luv,2003,Galgame,,"The archery rival of Tamase Miki. She is the daughter of Amanohara Jingorou , head of the distinguished Amanohara family dojo.",11564,0,11564,0,,https://t.vndb.org/ch/45/139045.jpg,https://t.vndb.org/ch/45/139045.jpg,,#988d78 #212042 #30513e #4a3b81 #5f5c51 #dfd9cd,Waist Length+ Kemonomimi Green Brown Slim Pale Keikogi Glasses Gloves Hakama,,,https://vndb.org/c116544,
vndb-c130,vndb,2,29,,珠濑壬姬,珠瀬 壬姫,Tamase Miki,たま / Tama / ミキ / Miki,女,A,,Galgame,Galgame,マブラヴ,Muv-Luv,2003,Galgame,"[{""t"":""マブラヴ"",""cn"":""Muv-Luv"",""ty"":""Galgame"",""y"":2003,""pop"":11564},{""t"":""マブラヴ　オルタネイティヴ"",""cn"":""Muv-Luv Alternative"",""ty"":""Galgame"",""y"":2006,""pop"":11333},{""t"":""マブラヴ ALTERED FABLE"",""cn"":""Muv-Luv ALTERED FABLE"",""ty"":""Galgame"",""y"":2007,""pop"":874},{""t"":""マブラヴ サプリメント"",""cn"":""Muv-Luv supplement"",""ty"":""Galgame"",""y"":2004,""pop"":521},{""t"":""ハルコマニアックス"",""cn"":"""",""ty"":""Galgame"",""y"":2010,""pop"":334},{""t"":""アカネマニアックス～流れ星伝説剛田～"",""cn"":"""",""ty"":""Galgame"",""y"":2002,""pop"":52}]",和武一样身为横滨基地207训练部队的训练兵（军校毕业后任职少尉），国連軍20705。是联合国事务次官、珠瀬玄丞斋（たませ げんじょうさい）的女儿。 擅长射击，号称远东第一的狙击手。 怀有社交恐惧症，但靠着自己的力量和大家的鼓励逐渐克服。,11564,0,11564,38,,https://t.vndb.org/ch/61/161.jpg,https://t.vndb.org/ch/61/161.jpg,https://lain.bgm.tv/r/400/pic/crt/l/00/b9/16872_crt_juUwJ.jpg,#c27d77 #6596b6 #b8b0a5 #e3d2c8 #74786e #484641,Pink Twin Tails Waist Length+ Straight Kemonomimi Slim Pale Hard Worker Cooking Virgin Sex,,https://bgm.tv/character/16872,https://vndb.org/c130,16872
vndb-c87369,vndb,2,29,,回末李花子,回末 李花子,Uematsu Rikako,Ricchan,女,,,Galgame,Galgame,レイジングループ,人狼村之谜,2015,Galgame,,藤良村の長者の一つ「回末家」の現当主。 長者だが本人の意思で休水の一軒家で暮らしている。 「年齢不詳」の美女で、神職のような服装のため神秘的な雰囲気をまとっているが その正体はよくすっ転ぶ、ドジっ子巫女。 長者の当主のため、藤良村の風習や伝説に詳しい。,3618,0,3618,105,,https://t.vndb.org/ch/35/105835.jpg,https://t.vndb.org/ch/35/105835.jpg,https://lain.bgm.tv/r/400/pic/crt/l/8a/7e/75432_crt_r8vRE.jpg,#504340 #aeacc0 #8c8389 #d3d0da #f0eae7 #ffffff,White Hime Cut Straight Slim Red Young-adult Unnatural Skin Tone Tattoo Kimono Hakama,,https://bgm.tv/character/75432,https://vndb.org/c87369,75432
vndb-c4028,vndb,2,29,,霧羽香澄,霧羽 香澄,Kiryuu Kasumi,,女,O,,Galgame,Galgame,D.C.～ダ・カーポ～,,2002,Galgame,"[{""t"":""D.C.～ダ・カーポ～"",""cn"":"""",""ty"":""Galgame"",""y"":2002,""pop"":2562},{""t"":""D.C.～ダ・カーポ～"",""cn"":"""",""ty"":""Galgame"",""y"":2002,""pop"":2562},{""t"":""D.C. ～ダ・カーポ～ シーズンズ"",""cn"":"""",""ty"":""Galgame"",""y"":2002,""pop"":71}]",快活で、さっぱりした気性。 明るく、ズバスバと核心をついた発言をするので、 本人に悪気はないのに他人からは誤解されることもしばしば。 さっぱりとした気性で誰からも好かれているが、 ひとりで行動することが多く、友達は少ない。 何か文化系のクラブに所属しているらしいが、詳細は不明。,2562,0,2562,4,,https://t.vndb.org/ch/60/7360.jpg,https://t.vndb.org/ch/60/7360.jpg,https://lain.bgm.tv/r/400/pic/crt/l/e0/2a/54845_crt_1SFzl.jpg?r=1496766789,#693f4f #ac9594 #bcc5db #efded7 #eff2f6 #ffffff,Violet Bob Cut Short Straight Teen Slim Pale School Uniform Missionary Virgin Sex,,https://bgm.tv/character/54845,https://vndb.org/c4028,54845
al120652,anilist,2,29,,芸芸,ゆんゆん,Yunyun,Frog Slayer,女,,13,动画,动画,この素晴らしい世界に祝福を！,为美好的世界献上祝福！,2016,动画,"[{""t"":""この素晴らしい世界に祝福を！"",""cn"":""为美好的世界献上祝福！"",""ty"":""动画"",""y"":2016,""pop"":518169},{""t"":""この素晴らしい世界に祝福を！2"",""cn"":""为美好的世界献上祝福！ 第二季"",""ty"":""动画"",""y"":2017,""pop"":376691},{""t"":""この素晴らしい世界に祝福を！紅伝説"",""cn"":"""",""ty"":""动画"",""y"":2019,""pop"":242609},{""t"":""この素晴らしい世界に祝福を！３"",""cn"":"""",""ty"":""动画"",""y"":2024,""pop"":179684},{""t"":""この素晴らしい世界に祝福を！ この素晴らしいチョーカーに祝福を!"",""cn"":"""",""ty"":""动画"",""y"":2016,""pop"":127677},{""t"":""この素晴らしい世界に爆焔を！"",""cn"":""为美好的世界献上爆炎！"",""ty"":""动画"",""y"":2023,""pop"":123438}]",惠惠的朋友兼竞争对手，黑发红眼，与惠惠一样是14岁，职业是大魔法师，是红魔族族长的女儿，跟惠惠的关系好到接近百合。,2503,2503,0,364,,https://s4.anilist.co/file/anilistcdn/character/large/b120652-YxrBBPbmJno2.png,https://s4.anilist.co/file/anilistcdn/character/medium/b120652-YxrBBPbmJno2.png,https://lain.bgm.tv/r/400/pic/crt/l/de/33/35687_crt_Q7j2r.jpg?r=1703664523,,,https://anilist.co/character/120652,https://bgm.tv/character/35687,,35687
vndb-c40661,vndb,2,29,,,御原 凛音,Ohara Rinne,,女,,,Galgame,Galgame,ISLAND,,2016,Galgame,,"She is one of the daughters of the three families. She is a recluse who lives a nocturnal lifestyle, and goes out of the house only at night.",2117,0,2117,0,,https://t.vndb.org/ch/83/48883.jpg,https://t.vndb.org/ch/83/48883.jpg,,#96abe8 #6a6b99 #c9cee6 #e6e8f1 #f7f6f7 #ffffff,White Waist Length+ Straight Teen Slim Pale Amnesia Amber Jacket Lazy,,,https://vndb.org/c40661,
al20,anilist,2,29,,,埴之塚光邦,Mitsukuni Haninozuka,Honey,男,AB,17,动画|漫画,动画,桜蘭高校ホスト部,樱兰高校男公关部,2006,动画,"[{""t"":""桜蘭高校ホスト部"",""cn"":""樱兰高校男公关部"",""ty"":""动画"",""y"":2006,""pop"":257804},{""t"":""桜蘭高校ホスト部"",""cn"":""樱兰高校男公关部"",""ty"":""漫画"",""y"":2002,""pop"":29844},{""t"":""桜蘭高校ホスト部"",""cn"":""樱兰高校男公关部"",""ty"":""漫画"",""y"":2011,""pop"":1438},{""t"":""桜蘭高校ホスト部"",""cn"":""樱兰高校男公关部"",""ty"":""漫画"",""y"":2010,""pop"":1118}]","145 cm (4'9"") Third Year, Class A Mitsukuni Haninozuka (a.k.a. Honey-senpai) is a cake-loving, childish senior with an elementary school appearance.",2105,2105,0,0,,https://s4.anilist.co/file/anilistcdn/character/large/b20-VNIsuFhxyiJu.png,https://s4.anilist.co/file/anilistcdn/character/medium/b20-VNIsuFhxyiJu.png,,,,https://anilist.co/character/20,,,
vndb-c99565,vndb,2,29,,,千咲都,Chisato,Bomber / 黒鐘 伊栖未 / Kurokane Isumi,女,,,Galgame,Galgame,ヘンタイ・プリズン,变态监狱,2022,Galgame,,Mysterious prisoner who often shows up in the library and coal mine where the protagonist works.,1895,0,1895,0,,https://t.vndb.org/ch/55/120555.jpg,https://t.vndb.org/ch/55/120555.jpg,,#2e3133 #cebfb8 #f0e3d9 #857e7d #faf3ea #ffffff,Black White Short Slim Pale Sweater Orphan Standing Sex Blowjob Virgin Sex,,,https://vndb.org/c99565,
vndb-c112135,vndb,2,29,,,染月 閏,Somezuki Uruu,Tearer,男,,,Galgame,Galgame,AI: ソムニウムファイル ニルヴァーナイニシアチブ,AI：梦境档案 涅槃肇始,2022,Galgame,,,1753,0,1753,0,,https://t.vndb.org/ch/50/135650.jpg,https://t.vndb.org/ch/50/135650.jpg,,#a89682 #d9d3c9 #979c9e #b8bfc0 #373836 #626462,Blond Short Pale Orphan Hat Mask Jacket Cloak Gloves Boku,,,https://vndb.org/c112135,
al126031,anilist,2,29,,,旧多二福,Nimura Furuta,,男,AB,20-25,动画|漫画,动画,東京喰種-トーキョーグール-:re,东京喰种:re,2018,动画,"[{""t"":""東京喰種-トーキョーグール-:re"",""cn"":""东京喰种:re"",""ty"":""动画"",""y"":2018,""pop"":307841},{""t"":""東京喰種-トーキョーグール-:re 2"",""cn"":"""",""ty"":""动画"",""y"":2018,""pop"":237376},{""t"":""東京喰種 トーキョーグール"",""cn"":""东京喰种"",""ty"":""漫画"",""y"":2011,""pop"":196324},{""t"":""東京喰種-トーキョーグール-:re"",""cn"":""东京喰种:re"",""ty"":""漫画"",""y"":2014,""pop"":104047}]",175 cm ~! Rinkaku!~ ~!Kichimura Washuu is the primary antagonist of the Tokyo Ghoul series and the former Bureau Director of the CCG.,1650,1650,0,0,,https://s4.anilist.co/file/anilistcdn/character/large/b126031-3tBpl6tvYwaZ.png,https://s4.anilist.co/file/anilistcdn/character/medium/b126031-3tBpl6tvYwaZ.png,,,,https://anilist.co/character/126031,,,
al748,anilist,2,29,,,姫宮アンシー,Anthy Himemiya,The Rose Bride,女,AB,14,动画|漫画|轻小说,动画,少女革命ウテナ,少女革命,1997,动画,"[{""t"":""少女革命ウテナ"",""cn"":""少女革命"",""ty"":""动画"",""y"":1997,""pop"":80931},{""t"":""少女革命ウテナ アドゥレセンス黙示録"",""cn"":""少女革命 思春期默示录"",""ty"":""动画"",""y"":1999,""pop"":22156},{""t"":""少女革命ウテナ"",""cn"":""少女革命"",""ty"":""漫画"",""y"":1996,""pop"":5277},{""t"":""少女革命ウテナ After The Revolution"",""cn"":"""",""ty"":""漫画"",""y"":2017,""pop"":1623},{""t"":""少女革命ウテナ～アドゥレセンス黙示録"",""cn"":"""",""ty"":""漫画"",""y"":1999,""pop"":1254},{""t"":""少女革命ウテナ -蒼の双樹-"",""cn"":"""",""ty"":""轻小说"",""y"":1998,""pop"":504}]",157 cm A mysterious and shy dark-skinned girl whose sometimes vapid expression and superficial politeness seem to mask something deeper.,1618,1618,0,0,,https://s4.anilist.co/file/anilistcdn/character/large/b748-UNeH8rLT7LbH.jpg,https://s4.anilist.co/file/anilistcdn/character/medium/b748-UNeH8rLT7LbH.jpg,,,,https://anilist.co/character/748,,,
vndb-c53305,vndb,2,29,,,向井 絵里子,Mukai Eriko,,女,,,Galgame,Galgame,Collar x Malice,,2016,Galgame,"[{""t"":""Collar x Malice"",""cn"":"""",""ty"":""Galgame"",""y"":2016,""pop"":1496},{""t"":""Collar x Malice -Unlimited-"",""cn"":"""",""ty"":""Galgame"",""y"":2018,""pop"":511}]","Eriko Mukai works in the Crime Lab under Kageyuki Shiraishi. She respects Shiraishi's crime-solving abilities, but hates literally everything else about him, and isn't afraid to let him know that.",1496,0,1496,0,,https://t.vndb.org/ch/51/112351.jpg,https://t.vndb.org/ch/51/112351.jpg,,#70443f #bb8d6c #d7bcb4 #f0e2dc #faf5f0 #ffffff,Brown Bun Long Wavy Slim Pale Assault Hazel Young-adult Mini-dress,,,https://vndb.org/c53305,
vndb-c36022,vndb,2,29,,,神月 依愛,Kouzuki Io,Daughter Of Darkness / Maou no Musume / 魔王の娘,女,,,Galgame,Galgame,D.S. -Dal Segno-,,2016,Galgame,"[{""t"":""D.S. -Dal Segno-"",""cn"":"""",""ty"":""Galgame"",""y"":2016,""pop"":1255},{""t"":""D.S. i.F. -Dal Segno- in Future"",""cn"":"""",""ty"":""Galgame"",""y"":2017,""pop"":79}]","2-3 The occult periodical ""The Weekly Wildebeast"", traveling to spiritual places Ghosts One of the protagonist's many classmates that calls herself the ""Daughter of Darkness."" She lives in the same dormitory as the protagonist.",1255,0,1255,0,,https://t.vndb.org/ch/02/48102.jpg,https://t.vndb.org/ch/02/48102.jpg,,#3f3f64 #8f8ba9 #bbb6ca #ded6db #f3f1ea #fefefe,White Twin Tails Waist Length+ Teen Slim Pale School Uniform Cooking Blowjob Virgin Sex,,,https://vndb.org/c36022,
vndb-c7639,vndb,2,29,,,橋本 織葉,Hashimoto Oruha,,女,B,,Galgame,Galgame,Shiny Days,日了就闪,2012,Galgame,"[{""t"":""Shiny Days"",""cn"":""日了就闪"",""ty"":""Galgame"",""y"":2012,""pop"":1048},{""t"":""Summer Days"",""cn"":""日在盛夏"",""ty"":""Galgame"",""y"":2006,""pop"":229}]","Employed waitress of Radish. Oruha Hashimoto initially does not like Setsuna and teases her with ridicule and put-downs, but eventually grows to accept her. She is a good friend of Noan Murayama.",1048,0,1048,0,,https://t.vndb.org/ch/96/7896.jpg,https://t.vndb.org/ch/96/7896.jpg,,#51565a #f8eadf #a19a9a #f0f7fe #d5d0d3 #ffffff,Pixie Cut Short Straight Slim Pale Sex with Others Blue Young-adult Waitstaff Teasing,,,https://vndb.org/c7639,
al3076,anilist,2,29,,,木之本桃矢,Touya Kinomoto,Toya / Tôya / Tory / Tori Avalon,男,O,16-19,动画|漫画,动画,カードキャプターさくら,,1998,动画,"[{""t"":""カードキャプターさくら"",""cn"":"""",""ty"":""动画"",""y"":1998,""pop"":103089},{""t"":""ツバサ・クロニクル"",""cn"":"""",""ty"":""动画"",""y"":2005,""pop"":37867},{""t"":""カードキャプターさくら クリアカード編"",""cn"":"""",""ty"":""动画"",""y"":2018,""pop"":33146},{""t"":""劇場版 カードキャプターさくら 封印されたカード"",""cn"":"""",""ty"":""动画"",""y"":2000,""pop"":25280},{""t"":""劇場版 カードキャプターさくら"",""cn"":"""",""ty"":""动画"",""y"":1999,""pop"":21807},{""t"":""カードキャプターさくら"",""cn"":"""",""ty"":""漫画"",""y"":1996,""pop"":19417}]","11th Father (Fujitaka Kinomoto), mother (Nadeshiko Kinomoto - deceased), sister (Sakura Kinomoto), great-grandfather (Masaki Amamiya) Touya is the brother of Sakura Kinomoto.",962,962,0,0,,https://s4.anilist.co/file/anilistcdn/character/large/n3076-cc4uGPnxp3aI.png,https://s4.anilist.co/file/anilistcdn/character/medium/n3076-cc4uGPnxp3aI.png,,,,https://anilist.co/character/3076,,,
vndb-c85399,vndb,2,29,,,ペペ,Pepe,,男,O,,Galgame,Galgame,BUSTAFELLOWS,,2019,Galgame,"[{""t"":""BUSTAFELLOWS"",""cn"":"""",""ty"":""Galgame"",""y"":2019,""pop"":908},{""t"":""BUSTAFELLOWS シーズン2"",""cn"":"""",""ty"":""Galgame"",""y"":2023,""pop"":126}]","""To be useful to Carmen is happiness for Pepe."" The bouncer of Carmen's club, ""Paraíso Garage"". He's been working there since he fell in love with Carmen at first sight and boasts that he'd die for her sake.",908,0,908,0,,https://t.vndb.org/ch/09/103809.jpg,https://t.vndb.org/ch/09/103809.jpg,,#0a825e #ad7b5e #0e6d4f #423a36,Bald Young-adult Muscular Olive Tattoo Necklace T-shirt Jeans Deredere Bodyguard,,,https://vndb.org/c85399,
vndb-c814,vndb,2,29,,,雪代 すずの,Yukishiro Suzuno,,女,O,,Galgame,Galgame,Flyable Heart,,2009,Galgame,"[{""t"":""Flyable Heart"",""cn"":"""",""ty"":""Galgame"",""y"":2009,""pop"":661},{""t"":""ティンクル☆くるせいだーす"",""cn"":"""",""ty"":""Galgame"",""y"":2008,""pop"":214},{""t"":""Flyable CandyHeart"",""cn"":"""",""ty"":""Galgame"",""y"":2011,""pop"":160},{""t"":""プリズマティックプリンセス☆ユニゾンスターズ"",""cn"":"""",""ty"":""Galgame"",""y"":2012,""pop"":36}]","Suzuno is a mysterious girl who claims she is a spirit not visible to human eyes. She’s quite childish overall but can be mature at times. Like Sakurako, she is soft-spoken. She also has a weak body and is clumsy.",661,0,661,0,,https://t.vndb.org/ch/02/18602.jpg,https://t.vndb.org/ch/02/18602.jpg,,#696382 #baaaac #ece6dc #d2ccd1 #f1f2f4 #ffffff,Blond White Hime Cut Shoulder-length Teen Slim Pale School Uniform Dress Shoes Amnesia,,,https://vndb.org/c814,
vndb-c88523,vndb,2,29,,,,Rachel,,女,,,Galgame,Galgame,Coffee Talk,,2018,Galgame,,Rachel is a solo idol and former member of Super Smile. She's wanted to be a pop idol since she was a kid.,537,0,537,0,,https://t.vndb.org/ch/89/113589.jpg,https://t.vndb.org/ch/89/113589.jpg,,#c75867 #972d3a #57232c #f8d7c5 #0a0505 #2b1818,Black Shoulder-length Slim Pale Amber Young-adult Hat Jacket Daughter Idol,,,https://vndb.org/c88523,
al128378,anilist,2,29,,,中々思春,Omoharu Nakanaka,Arsot Les Primavera,女,,,动画|漫画,动画,古見さんは、コミュ症です。,古见同学有交流障碍症,2021,动画,"[{""t"":""古見さんは、コミュ症です。"",""cn"":""古见同学有交流障碍症"",""ty"":""动画"",""y"":2021,""pop"":320892},{""t"":""古見さんは、コミュ症です。2"",""cn"":"""",""ty"":""动画"",""y"":2022,""pop"":167785},{""t"":""古見さんは、コミュ症です。"",""cn"":""古见同学有交流障碍症"",""ty"":""漫画"",""y"":2016,""pop"":106886}]",A student who usually speaks in dubious speech as a result of being a chuunibyou. She states that she was Arsot Les Primavera and that [Shouko Komi](//anilist.co/character/121956/) is Princess Komilia.,504,504,0,0,,https://s4.anilist.co/file/anilistcdn/character/large/b128378-M2kHIBoYvazc.png,https://s4.anilist.co/file/anilistcdn/character/medium/b128378-M2kHIBoYvazc.png,,,,https://anilist.co/character/128378,,,
al2405,anilist,2,29,,,薬師カブト,Kabuto Yakushi,,男,AB,,动画|漫画,动画,NARUTO -ナルト-,火影忍者,2002,动画,"[{""t"":""NARUTO -ナルト-"",""cn"":""火影忍者"",""ty"":""动画"",""y"":2002,""pop"":725301},{""t"":""NARUTO -ナルト- 疾風伝"",""cn"":""火影忍者疾风传"",""ty"":""动画"",""y"":2007,""pop"":610025},{""t"":""BORUTO-ボルト- NARUTO NEXT GENERATIONS"",""cn"":""博人传-火影次世代-"",""ty"":""动画"",""y"":2017,""pop"":225171},{""t"":""NARUTO -ナルト-"",""cn"":""火影忍者"",""ty"":""漫画"",""y"":1999,""pop"":99205},{""t"":""劇場版 NARUTO -ナルト- 疾風伝 絆"",""cn"":""火影忍者疾风传 剧场版 羁绊"",""ty"":""动画"",""y"":2008,""pop"":51380},{""t"":""ROAD OF NARUTO"",""cn"":"""",""ty"":""动画"",""y"":2022,""pop"":20865}]","Kabuto Yakushi is Orochimaru's personal medic, assistant, and general right-hand man. Kabuto was found as a young boy by a chief medical officer of the Konoha Medical Unit Squad.",460,460,0,0,,https://s4.anilist.co/file/anilistcdn/character/large/b2405-CqbcGW2tfaMV.png,https://s4.anilist.co/file/anilistcdn/character/medium/b2405-CqbcGW2tfaMV.png,,,,https://anilist.co/character/2405,,,
al140724,anilist,2,29,,,本条二亜,Nia Honjou,ほんじょうにあ,女,,18-19,动画|轻小说,动画,デート・ア・ライブIV,,2022,动画,"[{""t"":""デート・ア・ライブIV"",""cn"":"""",""ty"":""动画"",""y"":2022,""pop"":82341},{""t"":""デート・ア・ライブV"",""cn"":"""",""ty"":""动画"",""y"":2024,""pop"":48048},{""t"":""デート・ア・ライブ"",""cn"":""约会大作战"",""ty"":""轻小说"",""y"":2011,""pop"":7701},{""t"":""デート・ア・ライブF Last Date"",""cn"":"""",""ty"":""动画"",""y"":"""",""pop"":7003},{""t"":""デート・ア・ライブ アナザールート"",""cn"":"""",""ty"":""轻小说"",""y"":2022,""pop"":96}]","168 cm Rasiel She is the ninth Spirit to appear in the series. ~!Nia, also known as the Second Spirit, is a Spirit that appeared on Earth some time after the First Spirit appeared and is claimed to be the only one who knows any information…",413,413,0,0,,https://s4.anilist.co/file/anilistcdn/character/large/b140724-ScgftsvFdCVZ.png,https://s4.anilist.co/file/anilistcdn/character/medium/b140724-ScgftsvFdCVZ.png,,,,https://anilist.co/character/140724,,,
vndb-c98435,vndb,2,29,,,周防 景人,Suou Keito,,男,,,Galgame,Galgame,世界滅亡共有幻想マミヤ,,2016,Galgame,,"Born into a warm family consisting of a gentle mother and a police officer father. He's popular in school because of his youthful facial features and bright, refreshing personality. He's polite and is always kind to the weak.",360,0,360,0,,https://t.vndb.org/ch/50/191350.jpg,https://t.vndb.org/ch/50/191350.jpg,,#2b3d31 #cfb08c #747364 #a9bcc5 #ffffff,Blue Curtained Shoulder-length Mullet Short Teen Slim Pale Sweater Blue,,,https://vndb.org/c98435,
vndb-c74808,vndb,2,29,,,七々 四,Nanase Yoshi,Nanashi / ナナシ,男,AB,,Galgame,Galgame,1bitHeart,,2015,Galgame,,"A reclusive, altruistic boy. Always positive. He can see the world as numbers. People's measurements are thus clear as day to him.",316,0,316,0,,https://t.vndb.org/ch/18/114718.jpg,https://t.vndb.org/ch/18/114718.jpg,,#c15792 #5a4070 #ccacbd #e7d1d8 #f1e5ea,White Ahoge Short Pale Hood Cloak Shorts Boots Low Self-esteem Cousin,,,https://vndb.org/c74808,
al76832,anilist,2,29,,,萩田朔,Saku Hagita,,男,,,动画|漫画,动画,orange,,2016,动画,"[{""t"":""orange"",""cn"":"""",""ty"":""动画"",""y"":2016,""pop"":235888},{""t"":""orange -未来-"",""cn"":"""",""ty"":""动画"",""y"":2016,""pop"":40636},{""t"":""orange [オレンジ]"",""cn"":"""",""ty"":""漫画"",""y"":2012,""pop"":39147},{""t"":""orangeと夢みる太陽"",""cn"":"""",""ty"":""漫画"",""y"":2020,""pop"":185}]","Hagita is a regular student in Nagano who becomes very good friends with [Kakeru](//anilist.co/character/66593/Naruse-Kakeru). While he is not outgoing or charismatic, Hagita has a profound determination and intelligence.",295,295,0,0,,https://s4.anilist.co/file/anilistcdn/character/large/b76832-R7vKq486BUiq.jpg,https://s4.anilist.co/file/anilistcdn/character/medium/b76832-R7vKq486BUiq.jpg,,,,https://anilist.co/character/76832,,,
vndb-c94192,vndb,2,29,,,秋月 美琴,Akizuki Mikoto,,女,,,Galgame,Galgame,ゆびさきコネクション,,2021,Galgame,"[{""t"":""ゆびさきコネクション"",""cn"":"""",""ty"":""Galgame"",""y"":2021,""pop"":265},{""t"":""ゆびさきコネクション ミニファンディスク Vol.01 悠月＆美琴編"",""cn"":"""",""ty"":""Galgame"",""y"":2022,""pop"":67}]","She lives in the apartment building where the main character lives. She has the air of a super-skilled office worker and, in fact, works for a good company.",265,0,265,0,,https://t.vndb.org/ch/95/116295.jpg,https://t.vndb.org/ch/95/116295.jpg,,#a27a7a #d9b7aa #453b40 #eedfd5 #f9f3ec #ffffff,Brown Shoulder-length Straight Brown Slim Pale Cooking Missionary Doggy Style Cowgirl,,,https://vndb.org/c94192,
vndb-c26550,vndb,2,29,,,サリーちゃん,Sally-chan,Makai no Idol / Sari-chan / 魔界のアイドル,女,,,Galgame,Galgame,ティンクル☆くるせいだーす,,2008,Galgame,,,214,0,214,0,1,https://t.vndb.org/ch/05/32505.jpg,https://t.vndb.org/ch/05/32505.jpg,,#d39eb3 #5c4b50 #e6d1e1 #f8f0e7 #f3f5f8 #ffffff,White Twin Tails Slim Pale Red Kid Thigh-high Stockings Demon Food Lover Small Breast Sizes,,,https://vndb.org/c26550,
vndb-c9756,vndb,2,29,,,弟切 かごめ,Otogiri Kagome,,女,O,,Galgame,Galgame,くるくる・ファナティック,,2008,Galgame,,"Itaru's classmate. But because she doesn't stand out at all in class, Itaru never noticed Kagome even exists. She's very quiet, painfully shy, always walks slouched over staring at the ground, and wears super-thick glasses.",211,0,211,0,,https://t.vndb.org/ch/66/10666.jpg,https://t.vndb.org/ch/66/10666.jpg,,#62274f #b3889a #efecd9 #cec4c5 #f6f6f3 #ffffff,Ahoge Shoulder-length Teen Slim Pale School Uniform Sweater Fighting Blowjob Sixty-nine,,,https://vndb.org/c9756,
vndb-c46944,vndb,2,29,,,鋒之原 虎太狼,Hokonohara Kotarou,,男,A,,Galgame,Galgame,P/A ~Potential Ability~,,2014,Galgame,,"He is the son of a rich and wealthy family with connections to the Daiunji Zaibatsu. Naturally, he's never had issues with money and has been playing around with women since a young age.",208,0,208,0,,https://t.vndb.org/ch/97/56397.jpg,https://t.vndb.org/ch/97/56397.jpg,,#764a6a #b29ea9 #d8cdd3 #ede7e8 #f7f7f8,Shoulder-length Slim Pale Young-adult Suit Ore Pervert Rape Martial Arts Blackmail,,,https://vndb.org/c46944,
vndb-c107422,vndb,2,29,,,,Ven,,男,,,Galgame,Galgame,Magical Otoge Ciel,,2015,Galgame,"[{""t"":""Magical Otoge Ciel"",""cn"":"""",""ty"":""Galgame"",""y"":2015,""pop"":187},{""t"":""Magical Otoge Iris"",""cn"":"""",""ty"":""Galgame"",""y"":2021,""pop"":33},{""t"":""Moon Observatory Melanie"",""cn"":"""",""ty"":""Galgame"",""y"":"""",""pop"":0}]","The Magician of the 13th World / The Great Magician Once a sickly human, he was selected by Clavie to become the 13th world's Magician, as there had been none.",187,0,187,0,,https://t.vndb.org/ch/71/135271.jpg,https://t.vndb.org/ch/71/135271.jpg,,#5c6069 #a7a8ad #d1d2d4 #e8eaec #f7f8f8,White Short Pale Magician Fighting Blue Kid Robe Friend Non-blood-related Brother,,,https://vndb.org/c107422,
vndb-c36958,vndb,2,29,,,鏑木 遙歩,Kaburagi Ayumu,Aa-chan / あーちゃん,男,,,Galgame,Galgame,マテリアルブレイブ,,2012,Galgame,"[{""t"":""マテリアルブレイブ"",""cn"":"""",""ty"":""Galgame"",""y"":2012,""pop"":184},{""t"":""マテリアルブレイブ イグニッション"",""cn"":"""",""ty"":""Galgame"",""y"":2013,""pop"":77}]","High school 1st year student Black Buster (allows Ayumu to detonate anything near him by touching it) Precise 174.4 cm The protagonist of the series, he is one of the rare male people on the earth who can use the ""engage"" ability.",184,0,184,0,,https://t.vndb.org/ch/00/44600.jpg,https://t.vndb.org/ch/00/44600.jpg,,#c98e7b #744f4b #e1d3cb #e8e7e9 #f7f7f7 #ffffff,Brown Short Teen Slim Pale School Uniform Trousers Sword Orphan Fighting,,,https://vndb.org/c36958,
al124707,anilist,2,29,,,ツェッド・オブライエン,Zed O'Brien,,男,,"13 (leap year), 52 years old",动画|漫画,动画,血界戦線,,2015,动画,"[{""t"":""血界戦線"",""cn"":"""",""ty"":""动画"",""y"":2015,""pop"":229826},{""t"":""血界戦線 & BEYOND"",""cn"":"""",""ty"":""动画"",""y"":2017,""pop"":110317},{""t"":""血界戦線 王様のレストランの王様"",""cn"":"""",""ty"":""动画"",""y"":2016,""pop"":14203},{""t"":""血界戦線"",""cn"":"""",""ty"":""漫画"",""y"":2009,""pop"":7491},{""t"":""血界戦線 Back 2 Back"",""cn"":"""",""ty"":""漫画"",""y"":2015,""pop"":2368},{""t"":""血界戦線 Beat 3 Peat"",""cn"":"""",""ty"":""漫画"",""y"":2022,""pop"":915}]","A stern merman with similar powers to Zapp, as they were both taught by the same master. Joins Libra after being abandoned in Hellsalem's Lot.",144,144,0,0,,https://s4.anilist.co/file/anilistcdn/character/large/b124707-jx7VCtRBv5k2.png,https://s4.anilist.co/file/anilistcdn/character/medium/b124707-jx7VCtRBv5k2.png,,,,https://anilist.co/character/124707,,,
