id,src,month,day,year,name_cn,name_native,name_romaji,alt_names,gender,blood,age,types,ptype,work,work_cn,work_year,work_fmt,works,summary,heat,fav,votes,collects,nsfw,image,thumb,alts,palette,tags,url_al,url_bgm,url_vndb,bgm_id
al136072,anilist,6,1,,甘露寺蜜璃,甘露寺蜜璃,Mitsuri Kanroji,Love Hashira / Love Pillar / The Eightfold Girl,女,,19,动画,动画,鬼滅の刃,鬼灭之刃,2019,动画,"[{""t"":""鬼滅の刃"",""cn"":""鬼灭之刃"",""ty"":""动画"",""y"":2019,""pop"":993748},{""t"":""鬼滅の刃 無限列車編"",""cn"":""鬼灭之刃 无限列车篇"",""ty"":""动画"",""y"":2020,""pop"":508224},{""t"":""鬼滅の刃 遊郭編"",""cn"":""鬼灭之刃 游郭篇"",""ty"":""动画"",""y"":2021,""pop"":483878},{""t"":""鬼滅の刃 刀鍛冶の里編"",""cn"":""鬼灭之刃 刀匠村篇"",""ty"":""动画"",""y"":2023,""pop"":372912},{""t"":""鬼滅の刃 無限列車編 (TV)"",""cn"":"""",""ty"":""动画"",""y"":2021,""pop"":360836},{""t"":""鬼滅の刃 柱稽古編"",""cn"":""鬼灭之刃 柱训练篇"",""ty"":""动画"",""y"":2024,""pop"":276674}]",恋柱。 老是脸红不止。,6900,6900,0,152,,https://s4.anilist.co/file/anilistcdn/character/large/b136072-xVwyRUKdpybi.png,https://s4.anilist.co/file/anilistcdn/character/medium/b136072-xVwyRUKdpybi.png,https://lain.bgm.tv/r/400/pic/crt/l/2c/5b/57315_crt_5kK5K.jpg?r=1569685113,,,https://anilist.co/character/136072,https://bgm.tv/character/57315,,57315
vndb-c92327,vndb,6,1,,安缇娜,アンテナ,Antenna,,女,B,,Galgame,Galgame,ドーナドーナ いっしょにわるいことをしよう,多娜多娜 一起干坏事吧,2020,Galgame,,電子工学もろもろに精通した天才。 たぶん。 モラルより何より好奇心最優先の学者肌。,2663,0,2663,53,,https://t.vndb.org/ch/16/111216.jpg,https://t.vndb.org/ch/16/111216.jpg,https://lain.bgm.tv/r/400/pic/crt/l/3c/3d/86845_crt_AqrVf.jpg,#af629d #b7cb80 #3f3438 #e5bfcb #faebe1 #ffffff,Ahoge Shoulder-length Straight Green Teen Slim Pale Fighting Missionary Doggy Style,,https://bgm.tv/character/86845,https://vndb.org/c92327,86845
vndb-c12509,vndb,6,1,,一辉,イッキ,Ikki,Ikkyu / Ikster,男,AB,,Galgame,Galgame,AMNESIA,失忆症,2011,Galgame,"[{""t"":""AMNESIA"",""cn"":""失忆症"",""ty"":""Galgame"",""y"":2011,""pop"":2561},{""t"":""AMNESIA LATER"",""cn"":""失忆症 -Amnesia-"",""ty"":""Galgame"",""y"":2012,""pop"":298},{""t"":""AMNESIA CROWD"",""cn"":""失憶症 Amnesia: Crowd"",""ty"":""Galgame"",""y"":2013,""pop"":212},{""t"":""AMNESIA World"",""cn"":""失憶症 Amnesia: World"",""ty"":""Galgame"",""y"":2014,""pop"":56}]",22歳。大学4年生。 目があった異性は誰でも恋をしている気分にさせてしまうという特殊な目を持つ。そのため外では常にサングラスをかけている。 リカとは中学からの同級生で、自分の体質に興味を持つケントとは親友。 バイトの先輩で主人公のお試し彼氏。女性関係にだらしない所から主人公に「自惚れないで」と怒鳴られる。特異体質の所為にして誠実な男女交際を諦め、刹那的な享楽を楽しむが本当は誰よりも“真実の愛”に憧れていた。,2561,0,2561,22,,https://t.vndb.org/ch/56/36756.jpg,https://t.vndb.org/ch/56/36756.jpg,https://lain.bgm.tv/r/400/pic/crt/l/e3/fa/17189_crt_7fzff.jpg,#323238 #6b6971 #b1aaac #dad7d6 #f1f1f0 #ffffff,Blue White Antenna Shoulder-length Straight Slim Pale Trousers Blue Young-adult,,https://bgm.tv/character/17189,https://vndb.org/c12509,17189
vndb-c560,vndb,6,1,,仓永梢,倉永 梢,Kuranaga Kozue,Chairman / Class rep,女,A,,Galgame,Galgame,ヨスガノソラ,缘之空,2008,Galgame,"[{""t"":""ヨスガノソラ"",""cn"":""缘之空"",""ty"":""Galgame"",""y"":2008,""pop"":2424},{""t"":""ハルカナソラ"",""cn"":""悠之空"",""ty"":""Galgame"",""y"":2009,""pop"":569},{""t"":""僕の未来は、恋と課金と。～Charge To The Future～"",""cn"":"""",""ty"":""Galgame"",""y"":2019,""pop"":154}]",春日野悠所在班级的班长。 有着很强的责任感，做事认真，性格刚强。 总是很关照悠。其实心理喜欢着悠，一旦被周围那这点来开玩笑的话，就会显出很害羞的可爱表情。 意外地很在意长相，憧憬着都市的生活。 擅长幻想，在《悠之空》里成为主角之一，和春日野悠有恋爱关系。,2424,0,2424,61,,https://t.vndb.org/ch/86/70586.jpg,https://t.vndb.org/ch/86/70586.jpg,https://lain.bgm.tv/r/400/pic/crt/l/94/78/14348_crt_F4oSd.jpg,#cab9a8 #e5d9c9 #62626b #f8efe4 #f9f8f6,Black Curtained Shoulder-length Straight Teen Slim Pale School Uniform Hard Worker Cooking,,https://bgm.tv/character/14348,https://vndb.org/c560,14348
al47163,anilist,6,1,,,綾瀬千早,Chihaya Ayase,Chi-chan,女,B,12-18,动画|漫画,动画,ちはやふる,,2011,动画,"[{""t"":""ちはやふる"",""cn"":"""",""ty"":""动画"",""y"":2011,""pop"":123287},{""t"":""ちはやふる 2"",""cn"":"""",""ty"":""动画"",""y"":2013,""pop"":57197},{""t"":""ちはやふる 3"",""cn"":"""",""ty"":""动画"",""y"":2019,""pop"":45191},{""t"":""ちはやふる"",""cn"":"""",""ty"":""漫画"",""y"":2007,""pop"":23299},{""t"":""ちはやふる２　わがみよにふるながめせしまに"",""cn"":"""",""ty"":""动画"",""y"":2013,""pop"":10904},{""t"":""千雪のファッションチェック！"",""cn"":"""",""ty"":""动画"",""y"":2020,""pop"":1132}]","167 cm (5'6"") A determined schoolgirl who ""possesses a remarkable hearing ability"". She believes that by persevering in karuta, she will meet [Arata](//anilist.co/character/47165/Wataya-Arata) again, and begins a karuta club at her high sch…",2294,2294,0,0,,https://s4.anilist.co/file/anilistcdn/character/large/b47163-ANj57c8yDZso.png,https://s4.anilist.co/file/anilistcdn/character/medium/b47163-ANj57c8yDZso.png,,,,https://anilist.co/character/47163,,,
vndb-c5407,vndb,6,1,,,葛西 久美子,Kasai Kumiko,クミ / Kumi,女,B,,Galgame,Galgame,辻堂さんの純愛ロード,,2012,Galgame,"[{""t"":""辻堂さんの純愛ロード"",""cn"":"""",""ty"":""Galgame"",""y"":2012,""pop"":2008},{""t"":""辻堂さんのバージンロード"",""cn"":"""",""ty"":""Galgame"",""y"":2013,""pop"":352},{""t"":""みなとカーニバルＦＤ"",""cn"":"""",""ty"":""Galgame"",""y"":2017,""pop"":80}]","A first-year girl at Inamura Academy who grew up in family with problems, having only one parent. Before meeting Ai, she wanted to become the boss of Inamura Academy, however, after their meeting, she started respecting her completely and j…",2008,0,2008,0,,https://t.vndb.org/ch/90/85790.jpg,https://t.vndb.org/ch/90/85790.jpg,,#3281bb #2a365b #d09b9b #e3dad8 #fbf4ed #ffffff,Blue Long Wavy Teen Slim Pale School Uniform Violet Earrings Ore,,,https://vndb.org/c5407,
vndb-c39260,vndb,6,1,,,オシリスの砂,Dust of Osiris,Oshirisu no Suna,女,O,,Galgame,Galgame,MELTY BLOOD,月姬格斗,2002,Galgame,"[{""t"":""MELTY BLOOD"",""cn"":""月姬格斗"",""ty"":""Galgame"",""y"":2002,""pop"":1869},{""t"":""MELTY BLOOD"",""cn"":""月姬格斗"",""ty"":""Galgame"",""y"":2002,""pop"":1869}]",Dust of Osiris is a potential future version of Sion Eltnam Atlasia created by Wallachia from remnants of her soul. She is known as the 13th of the 27 Ancestors of Dead Apostles.,1869,0,1869,0,,https://t.vndb.org/ch/12/47312.jpg,https://t.vndb.org/ch/12/47312.jpg,,#390406 #600a0b #6a3b68 #150610 #3c263c #bfa59a,Violet Slim Fighting Young-adult Dark Hat Skirt Stoic Braid Sandals,,,https://vndb.org/c39260,
vndb-c84,vndb,6,1,,,シオン・エルトナム・アトラシア,Sion Eltnam Atlasia,Eltnum,女,O,,Galgame,Galgame,MELTY BLOOD,月姬格斗,2002,Galgame,"[{""t"":""MELTY BLOOD"",""cn"":""月姬格斗"",""ty"":""Galgame"",""y"":2002,""pop"":1869},{""t"":""UNDER NIGHT IN-BIRTH"",""cn"":"""",""ty"":""Galgame"",""y"":2012,""pop"":180}]","Sion is an alchemist of Atlas, one of the three main branches of the Mages Association. She is a genius scientist, given a position equal to the representative of ATLAS at an extremely young age.",1869,0,1869,0,,https://t.vndb.org/ch/15/115.jpg,https://t.vndb.org/ch/15/115.jpg,,#5e1d48 #648791 #be9383 #9bb9d4 #cdd5dc #ecebe9,Violet Waist Length+ Straight Teen Slim Pale Uniform Proactive Fighting Violet,,,https://vndb.org/c84,
vndb-c39266,vndb,6,1,,,吸血鬼 シオン,Sion TATARI,Kyuuketsuki Shion / TATARI Shion / V Shion / Vシオン,女,O,,Galgame,Galgame,MELTY BLOOD,月姬格斗,2002,Galgame,"[{""t"":""MELTY BLOOD"",""cn"":""月姬格斗"",""ty"":""Galgame"",""y"":2002,""pop"":1869},{""t"":""MELTY BLOOD"",""cn"":""月姬格斗"",""ty"":""Galgame"",""y"":2002,""pop"":1869}]",This Sion was completely turned into vampire. She became TATARI's successor. She has inherited all of the countless victims absorbed by Wallachia over the years and kept them as information.,1869,0,1869,0,,https://t.vndb.org/ch/18/47318.jpg,https://t.vndb.org/ch/18/47318.jpg,,#11237a #0b165d #61413b #95777e #2d1b2e #efdcbd,Violet Waist Length+ Straight Teen Slim Pale Uniform Red Shirt Miniskirt,,,https://vndb.org/c39266,
al139553,anilist,6,1,,,ドミニク・ド・サド,Dominique de Sade,Domi,女,,20,动画|漫画,动画,ヴァニタスの手記,瓦尼塔斯的手记,2021,动画,"[{""t"":""ヴァニタスの手記"",""cn"":""瓦尼塔斯的手记"",""ty"":""动画"",""y"":2021,""pop"":210158},{""t"":""ヴァニタスの手記 2クール"",""cn"":"""",""ty"":""动画"",""y"":2022,""pop"":102113},{""t"":""ヴァニタスの手記"",""cn"":""瓦尼塔斯的手记"",""ty"":""漫画"",""y"":2015,""pop"":35849}]","Vampire Aristocrat, Royal Guard Noé's childhood friend and the sister of [Louis](//anilist.co/character/146017/de-Sade-Louis) and [Veronica](//anilist.co/character/242848/de-Sade-Veronica).",1526,1526,0,0,,https://s4.anilist.co/file/anilistcdn/character/large/b139553-Ni2xZ2U8aPii.jpg,https://s4.anilist.co/file/anilistcdn/character/medium/b139553-Ni2xZ2U8aPii.jpg,,,,https://anilist.co/character/139553,,,
al13532,anilist,6,1,,,吉田千鶴,Chizuru Yoshida,Chizu / Chi,女,A,,动画|漫画,动画,君に届け,好想告诉你,2009,动画,"[{""t"":""君に届け"",""cn"":""好想告诉你"",""ty"":""动画"",""y"":2009,""pop"":250904},{""t"":""君に届け 2ND SEASON"",""cn"":""好想告诉你 第二季"",""ty"":""动画"",""y"":2011,""pop"":120902},{""t"":""君に届け 3RD SEASON"",""cn"":""好想告诉你 第三季"",""ty"":""动画"",""y"":2024,""pop"":48768},{""t"":""君に届け"",""cn"":""好想告诉你"",""ty"":""漫画"",""y"":2006,""pop"":37683},{""t"":""君に届け ミニトド劇場"",""cn"":"""",""ty"":""动画"",""y"":2011,""pop"":13826}]",167 cm Yoshida Chizuru is another close friend of [Sawako](//anilist.co/character/6977/Kuronuma-Sawako). She is the energetic girl of the group. ~!In Kurumi's fake rumors it was passed around that she was a former Yankee.,1240,1240,0,0,,https://s4.anilist.co/file/anilistcdn/character/large/b13532-9xdtRTIdE0UW.jpg,https://s4.anilist.co/file/anilistcdn/character/medium/b13532-9xdtRTIdE0UW.jpg,,,,https://anilist.co/character/13532,,,
al133677,anilist,6,1,,,乾紗寿叶,Sajuna Inui,Juju (ジュジュ),女,,17,动画|漫画,动画,その着せ替え人形は恋をする,更衣人偶坠入爱河,2022,动画,"[{""t"":""その着せ替え人形は恋をする"",""cn"":""更衣人偶坠入爱河"",""ty"":""动画"",""y"":2022,""pop"":429310},{""t"":""その着せ替え人形は恋をする Season 2"",""cn"":""更衣人偶坠入爱河 第二季"",""ty"":""动画"",""y"":2025,""pop"":191456},{""t"":""その着せ替え人形は恋をする"",""cn"":""更衣人偶坠入爱河"",""ty"":""漫画"",""y"":2018,""pop"":99661},{""t"":""着せ替え人形でchu♡"",""cn"":""更衣人偶chu♡"",""ty"":""漫画"",""y"":2024,""pop"":1531}]",A famous cosplayer that [Marin Kitagawa](//anilist.co/character/133676) looks up to. Her younger sister is [Shinju](//anilist.co/character/207937/Shinju-Inui).,1191,1191,0,0,,https://s4.anilist.co/file/anilistcdn/character/large/b133677-PqshvUeVFB7u.jpg,https://s4.anilist.co/file/anilistcdn/character/medium/b133677-PqshvUeVFB7u.jpg,,,,https://anilist.co/character/133677,,,
vndb-c4040,vndb,6,1,,,ユニ・アルジャーノ,Juni Argiano,Juni Algiano,女,B,,Galgame,Galgame,Quartett!,,2004,Galgame,"[{""t"":""Quartett!"",""cn"":"""",""ty"":""Galgame"",""y"":2004,""pop"":1094},{""t"":""リトルウィッチファンディスク～ちいさな魔女の贈りもの～"",""cn"":"""",""ty"":""Galgame"",""y"":2006,""pop"":16}]","Viola of the string quartet. Juni was born and raised in Italy with her twin sister, Mai. She original was a violinist, but a situation occurred that led her into perfecting the viola; one that only she and her sister know the reasons of.",1094,0,1094,0,,https://t.vndb.org/ch/62/18662.jpg,https://t.vndb.org/ch/62/18662.jpg,,#553c2a #967354 #c9b1a0 #ebdfcf #f8fae8 #fefefc,Brown Twin Tails Shoulder-length Brown Teen Slim Pale School Uniform Student Doggy Style,,,https://vndb.org/c4040,
al12946,anilist,6,1,,,神威,Kamui,Admiral idiot / Baka Teitoku / Baka Aniki,男,,18,动画,动画,銀魂,银魂,2006,动画,"[{""t"":""銀魂"",""cn"":""银魂"",""ty"":""动画"",""y"":2006,""pop"":296063},{""t"":""銀魂゜"",""cn"":"""",""ty"":""动画"",""y"":2015,""pop"":119621},{""t"":""銀魂’"",""cn"":"""",""ty"":""动画"",""y"":2011,""pop"":110096},{""t"":""銀魂。"",""cn"":""银魂"",""ty"":""动画"",""y"":2017,""pop"":82894},{""t"":""銀魂. 銀ノ魂篇2"",""cn"":"""",""ty"":""动画"",""y"":2018,""pop"":56193},{""t"":""銀魂 THE FINAL"",""cn"":"""",""ty"":""动画"",""y"":2021,""pop"":55581}]","Kamui is a member of the Yato Tribe, the son of [Umibouzu](//anilist.co/character/9876/Umibouzu) and older brother of [Kagura](//anilist.co/character/674/Kagura).",1079,1079,0,0,,https://s4.anilist.co/file/anilistcdn/character/large/b12946-wqrTLWsy7dW5.jpg,https://s4.anilist.co/file/anilistcdn/character/medium/b12946-wqrTLWsy7dW5.jpg,,,,https://anilist.co/character/12946,,,
al64591,anilist,6,1,,,伊佐那社,Yashiro Isana,Shiro,男,B,17,动画,动画,K,,2012,动画,"[{""t"":""K"",""cn"":"""",""ty"":""动画"",""y"":2012,""pop"":173618},{""t"":""K RETURN OF KINGS"",""cn"":"""",""ty"":""动画"",""y"":2015,""pop"":65697},{""t"":""K MISSING KINGS"",""cn"":"""",""ty"":""动画"",""y"":2014,""pop"":54450},{""t"":""K SEVEN STORIES「R:B ～BLAZE～」"",""cn"":"""",""ty"":""动画"",""y"":2018,""pop"":13536},{""t"":""K SEVEN STORIES「Circle Vision ～Nameless Song～」"",""cn"":"""",""ty"":""动画"",""y"":2018,""pop"":6085},{""t"":""K Seven Stories ザ・アイドルK"",""cn"":"""",""ty"":""动画"",""y"":2018,""pop"":2200}]",**Height**: 169 cm A joker who goes around asking for his schoolmates to share their lunch with him. Yashiro is soft-spoken but very charismatic. He is very friendly and well-liked.,919,919,0,0,,https://s4.anilist.co/file/anilistcdn/character/large/b64591-8wPvsPK3hzOw.png,https://s4.anilist.co/file/anilistcdn/character/medium/b64591-8wPvsPK3hzOw.png,,,,https://anilist.co/character/64591,,,
vndb-c28300,vndb,6,1,,,シンデレラ,Cinderella,,男,,,Galgame,Galgame,大正×対称アリス,,2015,Galgame,"[{""t"":""大正×対称アリス"",""cn"":"""",""ty"":""Galgame"",""y"":2015,""pop"":794},{""t"":""大正×対称アリス"",""cn"":"""",""ty"":""Galgame"",""y"":2015,""pop"":794},{""t"":""大正×対称アリス"",""cn"":"""",""ty"":""Galgame"",""y"":2015,""pop"":794},{""t"":""大正×対称アリス"",""cn"":"""",""ty"":""Galgame"",""y"":2015,""pop"":794},{""t"":""大正×対称アリス HEADS&TAILS"",""cn"":"""",""ty"":""Galgame"",""y"":2017,""pop"":172}]",The lazy son of a nouveau riche family. He has a haughty attitude and believes everything can be settled with the power of money.,794,0,794,0,,https://t.vndb.org/ch/76/101676.jpg,https://t.vndb.org/ch/76/101676.jpg,,#746467 #bdafaa #e1dcda #f0f0ef #fafaf9,Blue Short Slim Pale Trousers Blue Young-adult Secretive Boots Ore,,,https://vndb.org/c28300,
al128105,anilist,6,1,,,木ノ下和也,Kazuya Kinoshita,Master / Kazu-kun (かずくん),男,,20,动画|漫画,动画,彼女、お借りします,出租女友,2020,动画,"[{""t"":""彼女、お借りします"",""cn"":""出租女友"",""ty"":""动画"",""y"":2020,""pop"":308742},{""t"":""彼女、お借りします 第2期"",""cn"":""租借女友 第二季"",""ty"":""动画"",""y"":2022,""pop"":137043},{""t"":""彼女、お借りします 第3期"",""cn"":""租借女友 第三季"",""ty"":""动画"",""y"":2023,""pop"":73842},{""t"":""彼女、お借りします"",""cn"":""出租女友"",""ty"":""漫画"",""y"":2017,""pop"":62174},{""t"":""彼女、お借りします 第4期"",""cn"":""租借女友 第四季"",""ty"":""动画"",""y"":2025,""pop"":37715},{""t"":""彼女、お借りします 第5期"",""cn"":"""",""ty"":""动画"",""y"":2026,""pop"":22311}]","177 cm (5'10"") A struggling university student living in Tokyo. He studies at Nerima University. Kazuya possesses a wishy-washy nature and is susceptible to yielding to his selfish desires.",784,784,0,0,,https://s4.anilist.co/file/anilistcdn/character/large/b128105-gad6JuGEXPWe.png,https://s4.anilist.co/file/anilistcdn/character/medium/b128105-gad6JuGEXPWe.png,,,,https://anilist.co/character/128105,,,
al16251,anilist,6,1,1995,,久慈川りせ,Rise Kujikawa,Risette / Rise-chi / Risette / The Scandalous Superstar Idol,女,AB,15-16,动画|漫画|Galgame,动画,ペルソナ4アニメーション,,2011,动画,"[{""t"":""ペルソナ4アニメーション"",""cn"":"""",""ty"":""动画"",""y"":2011,""pop"":58536},{""t"":""ペルソナ4 ザ・ゴールデンアニメーション"",""cn"":"""",""ty"":""动画"",""y"":2014,""pop"":25458},{""t"":""ペルソナ4アニメーション"",""cn"":"""",""ty"":""动画"",""y"":2012,""pop"":13380},{""t"":""ペルソナ4 the Animation -the Factor of Hope-"",""cn"":"""",""ty"":""动画"",""y"":2012,""pop"":5257},{""t"":""ペルソナ4 ザ・ゴールデンアニメーション Thank you Mr. Accomplice"",""cn"":"""",""ty"":""动画"",""y"":2014,""pop"":4635},{""t"":""ペルソナ4"",""cn"":"""",""ty"":""漫画"",""y"":2008,""pop"":3321}]","155 cm (5'1"") Himiko Kanzeon A cheerful-looking girl with bright-red hair tied in two pigtails. She was one of the most popular idols in Japan, but suddenly quit her job and transferred to Yasogami High School as a freshman to take a break…",762,762,399,0,,https://s4.anilist.co/file/anilistcdn/character/large/b16251-RRpLgOldnYXn.png,https://s4.anilist.co/file/anilistcdn/character/medium/b16251-RRpLgOldnYXn.png,https://t.vndb.org/ch/90/56190.jpg,,Blond Brown Twin Tails Long Wavy Brown Teen Slim Pale Sweater,https://anilist.co/character/16251,,https://vndb.org/c46554,
vndb-c26279,vndb,6,1,,,レリウス゠クローバー,Relius Clover,Puppeteer / The Mad Puppeteer,男,A,,Galgame,Galgame,BLAZBLUE CONTINUUM SHIFT,,2009,Galgame,"[{""t"":""BLAZBLUE CONTINUUM SHIFT"",""cn"":"""",""ty"":""Galgame"",""y"":2009,""pop"":730},{""t"":""BLAZBLUE CHRONOPHANTASMA"",""cn"":"""",""ty"":""Galgame"",""y"":2013,""pop"":423},{""t"":""BLAZBLUE CENTRALFICTION"",""cn"":"""",""ty"":""Galgame"",""y"":2016,""pop"":356}]","Research Opera Disorganized bookshelves Relius is Carl Clover and Ada Clover's father, and Ignis Clover's husband. He is a colonel in the Engineering Department for the Novus Orbis Librarium.",730,0,730,0,,https://t.vndb.org/ch/04/49604.jpg,https://t.vndb.org/ch/04/49604.jpg,,#8d476a #b56f90 #32252c #cbb6bc #e8e2e3 #fefefe,Blond Beard Slim Warrior Fighting Amnesia Adult Olive Mask Necktie,,,https://vndb.org/c26279,
vndb-c43392,vndb,6,1,,,シャロン・エイム,Sharon Heim,,女,,,Galgame,Galgame,マブラヴ オルタネイティヴ トータル・イクリプス,Muv-Luv Alternative Total Eclipse,2013,Galgame,,"A surface pilot who’s part of the 65th Combat Training Battalion “Infinities”. Cheerful and caring, but sometimes acts stronger than she really is. She has a strong sense of intuition that she puts to good use both in and outside combat.",597,0,597,0,,https://t.vndb.org/ch/90/134890.jpg,https://t.vndb.org/ch/90/134890.jpg,,#3f435d #e5c7bc #b69b9b #f5e6d7 #f9f7ef #ffffff,Blond Long Slim Pale Violet Soldier Military Uniform Mecha Pilot Pressure Suit American,,,https://vndb.org/c43392,
vndb-c90689,vndb,6,1,,,所長,Chief,Detective / Shochou / 探偵,女,,,Galgame,Galgame,さくらの雲＊スカアレットの恋,,2020,Galgame,,"Baritsu, violin, swimming, pick-pocketing, golf, keepie uppie, lock picking, speaking without thinking, horsemanship, tennis Counting revenues and expenditures Money, Sherlock Holmes series Unhygienic conditions​ A British woman who runs th…",552,0,552,0,,https://t.vndb.org/ch/09/109309.jpg,https://t.vndb.org/ch/09/109309.jpg,,#8d716d #c19e99 #e8c9b4 #f8e9d0 #fbf5eb #ffffff,Blond Waist Length+ Straight Teen Slim Pale Cooking Cowgirl Virgin Sex Blue,,,https://vndb.org/c90689,
vndb-c88519,vndb,6,1,,,,Jorji,,男,,,Galgame,Galgame,Coffee Talk,,2018,Galgame,,A cop that's stationed near Coffee Talk. He's been a regular for years and has become one of Freya's main sources of information for things that are happening around town.,537,0,537,0,,https://t.vndb.org/ch/85/113585.jpg,https://t.vndb.org/ch/85/113585.jpg,,#6a79f9 #2a2331 #0f0910 #ab8276 #141548 #62495c,Black Beard Adult Dark Smoking Father Police Mobile Phone Watch Police Officer Uniform,,,https://vndb.org/c88519,
al203317,anilist,6,1,,,派蒙,Paimon,パイモン / Emergency Food,女,,,动画|漫画,动画,原神,,,动画,"[{""t"":""原神"",""cn"":"""",""ty"":""动画"",""y"":"""",""pop"":18478},{""t"":""原神 電撃コミックアンソロジー"",""cn"":"""",""ty"":""漫画"",""y"":2021,""pop"":2975},{""t"":""原神 コミックアンソロジー"",""cn"":"""",""ty"":""漫画"",""y"":2021,""pop"":1857},{""t"":""《原神》四格漫画"",""cn"":"""",""ty"":""漫画"",""y"":2020,""pop"":1295},{""t"":""原神 未行之路"",""cn"":"""",""ty"":""动画"",""y"":2024,""pop"":1100},{""t"":""原神 黄昏"",""cn"":"""",""ty"":""动画"",""y"":2024,""pop"":636}]",Paimon is a non-playable character in Genshin Impact and accompanies the Traveler throughout their adventure in Teyvat as their guide.,367,367,0,0,,https://s4.anilist.co/file/anilistcdn/character/large/b203317-tqwY7CKQrZsG.png,https://s4.anilist.co/file/anilistcdn/character/medium/b203317-tqwY7CKQrZsG.png,,,,https://anilist.co/character/203317,,,
al127767,anilist,6,1,1979,,矢口春雄,Haruo Yaguchi,,男,,,动画|漫画,动画,ハイスコアガール,,2018,动画,"[{""t"":""ハイスコアガール"",""cn"":"""",""ty"":""动画"",""y"":2018,""pop"":72916},{""t"":""ハイスコアガール II"",""cn"":"""",""ty"":""动画"",""y"":2019,""pop"":38121},{""t"":""ハイスコアガールEXTRA STAGE"",""cn"":"""",""ty"":""动画"",""y"":2019,""pop"":23810},{""t"":""ハイスコアガール"",""cn"":"""",""ty"":""漫画"",""y"":2010,""pop"":7627},{""t"":""ハイスコアガールDASH"",""cn"":"""",""ty"":""漫画"",""y"":2019,""pop"":1855}]","A young man who is dismal in various facets of He's not academic, he's not athletic, and he's not very attractive. The only thing he's got going for him is an insane amount of mad gamer skills.",335,335,0,0,,https://s4.anilist.co/file/anilistcdn/character/large/b127767-HmGiOZmofh4W.png,https://s4.anilist.co/file/anilistcdn/character/medium/b127767-HmGiOZmofh4W.png,,,,https://anilist.co/character/127767,,,
vndb-c46900,vndb,6,1,,,榊野 潤,Sakakino Jun,,男,O,,Galgame,Galgame,晴のちきっと菜の花びより,,2014,Galgame,,,327,0,327,0,,https://t.vndb.org/ch/38/56338.jpg,https://t.vndb.org/ch/38/56338.jpg,,#877679 #c6b8b4 #e7ddd2 #faf7eb #ffffff,,,,https://vndb.org/c46900,
al174796,anilist,6,1,,,切利尼娜·德克萨斯,Cellinia Texas,テキサス / 텍사스 / Lupo Ice Queen,女,,,动画|漫画,动画,アークナイツ 黎明前奏,,2022,动画,"[{""t"":""アークナイツ 黎明前奏"",""cn"":"""",""ty"":""动画"",""y"":2022,""pop"":45703},{""t"":""アークナイツ 冬隠帰路"",""cn"":"""",""ty"":""动画"",""y"":2023,""pop"":22741},{""t"":""アークナイツ 焔燼曙明"",""cn"":"""",""ty"":""动画"",""y"":2025,""pop"":15502},{""t"":""Holy Knight Light"",""cn"":"""",""ty"":""动画"",""y"":2020,""pop"":3023},{""t"":""アークナイツ アニメPVs"",""cn"":"""",""ty"":""动画"",""y"":2020,""pop"":2671},{""t"":""アークナイツ コミックアンソロジー"",""cn"":"""",""ty"":""漫画"",""y"":2020,""pop"":837}]","Columbia Lupo 161 cm Texas is a Penguin Logistics staff member who is extraordinarily skilled in single combat. She was sent to Rhodes Island as a liaison, where she assists with a variety of operations.",326,326,0,0,,https://s4.anilist.co/file/anilistcdn/character/large/b174796-2A6FqY7qBjXB.jpg,https://s4.anilist.co/file/anilistcdn/character/medium/b174796-2A6FqY7qBjXB.jpg,,,,https://anilist.co/character/174796,,,
al1117,anilist,6,1,1991,,ヴィレッタ・ヌゥ,Villetta Nu,Chigusa,女,B,26-27,动画,动画,コードギアス 反逆のルルーシュ,Code Geass 反叛的鲁路修,2006,动画,"[{""t"":""コードギアス 反逆のルルーシュ"",""cn"":""Code Geass 反叛的鲁路修"",""ty"":""动画"",""y"":2006,""pop"":500273},{""t"":""コードギアス 反逆のルルーシュ R2"",""cn"":""Code Geass 反叛的鲁路修R2"",""ty"":""动画"",""y"":2008,""pop"":362942},{""t"":""コードギアス 復活のルルーシュ"",""cn"":""Code Geass 复活的鲁路修"",""ty"":""动画"",""y"":2019,""pop"":97127},{""t"":""コードギアス 反逆のルルーシュⅠ 興道"",""cn"":"""",""ty"":""动画"",""y"":2017,""pop"":33081},{""t"":""コードギアス｜ナナリーinワンダーランド"",""cn"":"""",""ty"":""动画"",""y"":2012,""pop"":17321},{""t"":""コードギアス 反逆のルルーシュ ピクチャードラマ"",""cn"":"""",""ty"":""动画"",""y"":2007,""pop"":11542}]","An elite Knightmare Frame pilot and a Purist, who appears to be more collected than [Jeremiah](//anilist.co/character/1113/Gottwald-Jeremiah) in battle.",318,318,0,0,,https://s4.anilist.co/file/anilistcdn/character/large/b1117-Zc6IwzGMj4Qy.png,https://s4.anilist.co/file/anilistcdn/character/medium/b1117-Zc6IwzGMj4Qy.png,,,,https://anilist.co/character/1117,,,
al124456,anilist,6,1,,,ジャック・ザリッパー,Jack the Ripper,ジャック・ザ・リッパー,男,O,28,动画|漫画|轻小说,动画,ブラッククローバー,黑色五叶草,2017,动画,"[{""t"":""ブラッククローバー"",""cn"":""黑色五叶草"",""ty"":""动画"",""y"":2017,""pop"":583263},{""t"":""ブラッククローバー"",""cn"":""黑色五叶草"",""ty"":""漫画"",""y"":2015,""pop"":107258},{""t"":""ブラッククローバー 魔法帝の剣"",""cn"":"""",""ty"":""动画"",""y"":2023,""pop"":99687},{""t"":""ブラッククローバー オール魔法騎士感謝祭"",""cn"":"""",""ty"":""动画"",""y"":2018,""pop"":10874},{""t"":""ブラッククローバー 騎士団の書"",""cn"":"""",""ty"":""轻小说"",""y"":2017,""pop"":399}]",197 cm Jack is the captain of Clover Kingdom's Green Mantis squad of the Magic Knights.,289,289,0,0,,https://s4.anilist.co/file/anilistcdn/character/large/b124456-llrSWfAXlnbb.png,https://s4.anilist.co/file/anilistcdn/character/medium/b124456-llrSWfAXlnbb.png,,,,https://anilist.co/character/124456,,,
vndb-c133788,vndb,6,1,,,白渡 小詠,Shirato Koyomi,ピリカ / Pirika,女,,,Galgame,Galgame,anemoi,,2026,Galgame,,"A girl who runs the only post office in town. Despite being appreciated by the townspeople, she is humble and not all that conscious of how much she contributes to the town.",272,0,272,0,,https://t.vndb.org/ch/90/190590.jpg,https://t.vndb.org/ch/90/190590.jpg,,#7e5a6c #8d92b1 #d8c7c4 #f0e8e6 #f9f6f7,Blue Long Teen Slim Pale Donkan Disaster Amber Skirt Ignorant,,,https://vndb.org/c133788,
vndb-c27538,vndb,6,1,,,財前 すずり,Zaizen Suzuri,,女,,,Galgame,Galgame,ALIA's CARNIVAL!,,2014,Galgame,"[{""t"":""ALIA's CARNIVAL!"",""cn"":"""",""ty"":""Galgame"",""y"":2014,""pop"":269},{""t"":""ALIA's CARNIVAL! Flowering Sky"",""cn"":"""",""ty"":""Galgame"",""y"":2015,""pop"":123}]",The vice-leader of the discipline committee.,269,0,269,0,,https://t.vndb.org/ch/60/33560.jpg,https://t.vndb.org/ch/60/33560.jpg,,#948db0 #623850 #c4c0d4 #ede3e4 #f8f5f5 #ffffff,Blue Short Straight Brown Slim Pale Hard Worker Fighting Kid Miniskirt,,,https://vndb.org/c27538,
al314493,anilist,6,1,,,祐天寺にゃむ,Nyamu Yuutenji,Amoris (アモーリス) / Nyamuchi (にゃむち),女,,,动画|漫画,动画,BanG Dream! It's MyGO!!!!!,,2023,动画,"[{""t"":""BanG Dream! It's MyGO!!!!!"",""cn"":"""",""ty"":""动画"",""y"":2023,""pop"":22181},{""t"":""BanG Dream! Ave Mujica"",""cn"":"""",""ty"":""动画"",""y"":2025,""pop"":20511},{""t"":""BanG Dream! Ave Mujica prima aurora"",""cn"":"""",""ty"":""动画"",""y"":2026,""pop"":2803},{""t"":""元祖！バンドリちゃん"",""cn"":"""",""ty"":""动画"",""y"":2025,""pop"":2413},{""t"":""BanG Dream! Ave Mujica -manuscriptus-"",""cn"":"""",""ty"":""漫画"",""y"":2025,""pop"":586},{""t"":""Imprisoned XII"",""cn"":"""",""ty"":""动画"",""y"":2025,""pop"":571}]","164 cm (5'5"") Nyamu is a popular beauty influencer and the drummer of Ave Mujica.",267,267,0,0,,https://s4.anilist.co/file/anilistcdn/character/large/b314493-Yx1jBiTl5rec.jpg,https://s4.anilist.co/file/anilistcdn/character/medium/b314493-Yx1jBiTl5rec.jpg,,,,https://anilist.co/character/314493,,,
vndb-c34639,vndb,6,1,,,小野坂 ひかる,Onosaka Hikaru,,男,A,,Galgame,Galgame,恋する彼女の不器用な舞台,,2014,Galgame,,"Ichigo's good friend and the photographer of the newspaper club. People often tease him because of his cute appearance, calling him cuter than any of the school's girls; even when he wears the guys' uniform, the girls think he is actually j…",229,0,229,0,,https://t.vndb.org/ch/06/41706.jpg,https://t.vndb.org/ch/06/41706.jpg,,#be9c87 #695d68 #ddc5b0 #efe4d6 #f9f6eb #ffffff,Brown Short Kemonomimi Brown Teen Pale School Uniform Hard Worker Boku Friend,,,https://vndb.org/c34639,
vndb-c127905,vndb,6,1,,,朗·希尔,Lon Hill,Ron,男,,,Galgame,Galgame,火山的女儿,,2023,Galgame,,"The genius scholar at St. Elmo's academy. He was born into the ancient knight family, the Hills. His family recommended he participate in research for magical creatures since he was young.",213,0,213,0,,https://t.vndb.org/ch/89/150589.jpg,https://t.vndb.org/ch/89/150589.jpg,,#3a3d28 #989085 #cbc7c3 #eae8e6 #f7f5f2 #ffffff,Short Brown Teen Slim Pale Trousers Student Young-adult Jacket Friendly,,,https://vndb.org/c127905,
vndb-c33126,vndb,6,1,,,ルーク,Rook,Rain,男,,,Galgame,Galgame,CLOCK ZERO 〜終焉の一秒〜,,2010,Galgame,,"""I sympathize with you, but please give up. This really is also part of my job."" A youth who works as a researcher in the ""Dream World"".",188,0,188,0,,https://t.vndb.org/ch/55/39655.jpg,https://t.vndb.org/ch/55/39655.jpg,,#acaea2 #dbcfc7 #7a7b76 #f0eae7 #faf8f7,Blond Pink Twin Tails Slim Pale Young-adult Headband Boots Boku Carefree,,,https://vndb.org/c33126,
vndb-c63450,vndb,6,1,,,佐伯 まおり,Saeki Maori,,女,,,Galgame,Galgame,春音アリス＊グラム,,2017,Galgame,"[{""t"":""春音アリス＊グラム"",""cn"":"""",""ty"":""Galgame"",""y"":2017,""pop"":187},{""t"":""白恋サクラ＊グラム"",""cn"":"""",""ty"":""Galgame"",""y"":2019,""pop"":74},{""t"":""白恋サクラ＊グラムＬＦ"",""cn"":"""",""ty"":""Galgame"",""y"":2023,""pop"":16}]",,187,0,187,0,,https://t.vndb.org/ch/02/76302.jpg,https://t.vndb.org/ch/02/76302.jpg,,#c58984 #643f48 #e8c4be #f7e6db #faf2f4 #ffffff,Brown Wavy Teen Slim Pale Green Airhead Teacher Gamer Hairpin,,,https://vndb.org/c63450,
al331144,anilist,6,1,,,イグノール・リンドール,Wignall Lindor,Ignor Lindor,男,,75 (approximately 15 in mage years),动画|漫画,动画,杖と剣のウィストリア,,2024,动画,"[{""t"":""杖と剣のウィストリア"",""cn"":"""",""ty"":""动画"",""y"":2024,""pop"":175856},{""t"":""杖と剣のウィストリア Season2"",""cn"":"""",""ty"":""动画"",""y"":2026,""pop"":118642},{""t"":""杖と剣のウィストリア"",""cn"":"""",""ty"":""漫画"",""y"":2020,""pop"":18855}]","176 cm (5'9"") An elf who transferred to the academy from Alfswood, located in the far north Urbus region. In accordance with elven customs, he only permits physical contact with those he has deemed worthy.",70,70,0,0,,https://s4.anilist.co/file/anilistcdn/character/large/b331144-GkojQAjFewPj.jpg,https://s4.anilist.co/file/anilistcdn/character/medium/b331144-GkojQAjFewPj.jpg,,,,https://anilist.co/character/331144,,,
al28085,anilist,6,1,,,ほのか,Honoka,,,B,20,动画|漫画,动画,会長はメイド様!,会长是女仆大人！,2010,动画,"[{""t"":""会長はメイド様!"",""cn"":""会长是女仆大人！"",""ty"":""动画"",""y"":2010,""pop"":288287},{""t"":""会長はメイド様！"",""cn"":""会长是女仆大人！"",""ty"":""漫画"",""y"":2005,""pop"":36966}]","**** 157 cm An employee at Café Latte. She can become somewhat maniacal about getting in character for her job and criticizes Misaki for her initial resistance to acting parts outside of her comfort range, as well as for being ashamed of wo…",62,62,0,0,,https://s4.anilist.co/file/anilistcdn/character/large/b28085-iImFhcFF7TTl.jpg,https://s4.anilist.co/file/anilistcdn/character/medium/b28085-iImFhcFF7TTl.jpg,,,,https://anilist.co/character/28085,,,
al9317,anilist,6,1,1956,,ザンギエフ,Zangief,,男,,,动画|漫画,动画,トニカクカワイイ,总之就是非常可爱,2020,动画,"[{""t"":""トニカクカワイイ"",""cn"":""总之就是非常可爱"",""ty"":""动画"",""y"":2020,""pop"":246470},{""t"":""ハイスコアガール"",""cn"":"""",""ty"":""动画"",""y"":2018,""pop"":72916},{""t"":""ハイスコアガール II"",""cn"":"""",""ty"":""动画"",""y"":2019,""pop"":38121},{""t"":""ハイスコアガールEXTRA STAGE"",""cn"":"""",""ty"":""动画"",""y"":2019,""pop"":23810},{""t"":""ストリートファイターII"",""cn"":"""",""ty"":""动画"",""y"":1994,""pop"":8622},{""t"":""ハイスコアガール"",""cn"":"""",""ty"":""漫画"",""y"":2010,""pop"":7627}]",214 cm (7') This massive Russian makes up for his obvious mental shortcomings with sheer size and an unadulterated zeal for fighting.,22,22,0,0,,https://s4.anilist.co/file/anilistcdn/character/large/b9317-gmNxaVNfqvDX.png,https://s4.anilist.co/file/anilistcdn/character/medium/b9317-gmNxaVNfqvDX.png,,,,https://anilist.co/character/9317,,,
vndb-c1586,vndb,6,2,,新藤千寻,新藤 千尋,Shindou Chihiro,,女,A,,Galgame,Galgame,ef - a fairy tale of the two.,,2006,Galgame,"[{""t"":""ef - a fairy tale of the two."",""cn"":"""",""ty"":""Galgame"",""y"":2006,""pop"":2878},{""t"":""ef - a fairy tale of the two."",""cn"":"""",""ty"":""Galgame"",""y"":2006,""pop"":2878},{""t"":""ef - a fairy tale of the two."",""cn"":"""",""ty"":""Galgame"",""y"":2006,""pop"":2878},{""t"":""ef - a fairy tale of the two."",""cn"":"""",""ty"":""Galgame"",""y"":2006,""pop"":2878},{""t"":""天使の日曜日 “ef - a fairy tale of the two.” Pleasurable Box."",""cn"":"""",""ty"":""Galgame"",""y"":2010,""pop"":107},{""t"":""ef - Second Fan Mix"",""cn"":"""",""ty"":""Galgame"",""y"":2008,""pop"":17}]",新藤景的同卵双胞胎妹妹。与姐姐的格性相反，性格相当老实。年幼时左眼由于事故而失明并患上顺行性记忆障碍（只能拥有13小时的记忆），平常带着眼罩。第三章的女主角。,2878,0,2878,207,,https://t.vndb.org/ch/45/73345.jpg,https://t.vndb.org/ch/45/73345.jpg,https://lain.bgm.tv/r/400/pic/crt/l/ab/3f/609_crt_Qv413.jpg,#6c5e65 #30292d #b1a5ab #dcd4d7 #f4f0ee #ffffff,Violet Shoulder-length Straight Teen Slim Pale School Uniform Proactive Hard Worker Amnesia,,https://bgm.tv/character/609,https://vndb.org/c1586,609
vndb-c1594,vndb,6,2,,新藤景,新藤 景,Shindou Kei,,女,A,,Galgame,Galgame,ef - a fairy tale of the two.,,2006,Galgame,"[{""t"":""ef - a fairy tale of the two."",""cn"":"""",""ty"":""Galgame"",""y"":2006,""pop"":2878},{""t"":""ef - a fairy tale of the two."",""cn"":"""",""ty"":""Galgame"",""y"":2006,""pop"":2878},{""t"":""ef - a fairy tale of the two."",""cn"":"""",""ty"":""Galgame"",""y"":2006,""pop"":2878},{""t"":""ef - a fairy tale of the two."",""cn"":"""",""ty"":""Galgame"",""y"":2006,""pop"":2878},{""t"":""ef - a fairy tale of the two."",""cn"":"""",""ty"":""Galgame"",""y"":2006,""pop"":2878},{""t"":""天使の日曜日 “ef - a fairy tale of the two.” Pleasurable Box."",""cn"":"""",""ty"":""Galgame"",""y"":2010,""pop"":107}]",音羽学园一年级生。广野纮的青梅竹马。留着短头发，个性与说话的口气像男孩子一样。社团属于篮球社，一年级就是正式选手。第二章的女主角，同时也是二年生。在二年级时辞去部活，对于失去纮而自暴自弃。平常是男性腔调，拥有比男人更强的杀伤力，但底子仍是柔弱的女生。,2878,0,2878,58,,https://t.vndb.org/ch/48/73348.jpg,https://t.vndb.org/ch/48/73348.jpg,https://lain.bgm.tv/r/400/pic/crt/l/90/eb/614_crt_BBhG5.jpg,#6b6063 #2d292b #b2a4a9 #f6f1ed #d6d2d5 #ffffff,Violet Short Straight Teen Slim Pale School Uniform Proactive Hard Worker Orphan,,https://bgm.tv/character/614,https://vndb.org/c1594,614
vndb-c1653,vndb,6,2,,,ロンド・ロンド,Rondo Rondo,,女,A,,Galgame,Galgame,コミュ - 黒い竜と優しい王国 -,,2009,Galgame,,"Brown Princess Rondo leads the control of the avatar named Miss JH. This proud and hot-blooded foreigner would sacrifice anyone just to attain her goal. Frequently adds English to her speech, the most common phrase being ""Hi, friends"".",2159,0,2159,0,,https://t.vndb.org/ch/27/20227.jpg,https://t.vndb.org/ch/27/20227.jpg,,#5b2737 #af886b #d7c59c #e2ddd4 #f4f3f0 #ffffff,Blond Ahoge Curtained Shoulder-length Teen Slim Student Fighting Standing Sex Virgin Sex,,,https://vndb.org/c1653,
al88823,anilist,6,2,,,ゴウセル,Gowther,Goat's Sin of Lust,男,,,动画,动画,七つの大罪,七大罪,2014,动画,"[{""t"":""七つの大罪"",""cn"":""七大罪"",""ty"":""动画"",""y"":2014,""pop"":529134},{""t"":""七つの大罪 戒めの復活"",""cn"":""七大罪 戒律的复活"",""ty"":""动画"",""y"":2018,""pop"":286406},{""t"":""七つの大罪 神々の逆鱗"",""cn"":""七大罪 诸神的逆鳞"",""ty"":""动画"",""y"":2019,""pop"":202771},{""t"":""七つの大罪 聖戦の予兆"",""cn"":""七大罪 圣战的预兆"",""ty"":""动画"",""y"":2016,""pop"":171917},{""t"":""七つの大罪 憤怒の審判"",""cn"":""七大罪 愤怒的审判"",""ty"":""动画"",""y"":2021,""pop"":139330},{""t"":""劇場版 七つの大罪 天空の囚われ人"",""cn"":""剧场版 七大罪 天空的囚人"",""ty"":""动画"",""y"":2018,""pop"":89979}]","175 cm (5'9"") (Human size), 23 - 24 cm (0'9"") (doll) He is shown to be completely clueless and unaware of others' feelings, not understanding the meaning of friendship.",1792,1792,0,0,,https://s4.anilist.co/file/anilistcdn/character/large/b88823-Oppzl2h6OhO8.png,https://s4.anilist.co/file/anilistcdn/character/medium/b88823-Oppzl2h6OhO8.png,,,,https://anilist.co/character/88823,,,
al121782,anilist,6,2,1998,,明智吾郎,Gorou Akechi,Crow / Second Advent of the Detective Prince,男,AB-,17-18,动画|漫画,动画,PERSONA5 the Animation,,2018,动画,"[{""t"":""PERSONA5 the Animation"",""cn"":"""",""ty"":""动画"",""y"":2018,""pop"":78651},{""t"":""PERSONA5 the Animation -THE DAY BREAKERS-"",""cn"":"""",""ty"":""动画"",""y"":2016,""pop"":17044},{""t"":""PERSONA5 the Animation: Dark Sun…"",""cn"":"""",""ty"":""动画"",""y"":2018,""pop"":13973},{""t"":""PERSONA5 the Animation: Proof of Justice"",""cn"":"""",""ty"":""动画"",""y"":2019,""pop"":6363},{""t"":""ペルソナ5"",""cn"":"""",""ty"":""漫画"",""y"":2016,""pop"":4808},{""t"":""ペルソナ5 メメントスミッション"",""cn"":"""",""ty"":""漫画"",""y"":2018,""pop"":1908}]","178 cm (5'10"") Akechi is a high school student who conducts a detective business. His abilities as a detective have been widely acclaimed, since he not only has solved numerous cases but is also able to deal with people from the investigati…",1760,1760,0,0,,https://s4.anilist.co/file/anilistcdn/character/large/b121782-e8wdhZPK0QnP.jpg,https://s4.anilist.co/file/anilistcdn/character/medium/b121782-e8wdhZPK0QnP.jpg,,,,https://anilist.co/character/121782,,,
vndb-c83615,vndb,6,2,,,佐藤 戒,Satou Kai,Man in apron / Long-haired apron guy / Aproned scoundrel,男,,,Galgame,Galgame,キミガシネ　―多数決デスゲーム―,,2021,Galgame,,A home-maker with Eggs Benedict as his specialty. He expresses very few emotions and sometimes tells very dead-pan jokes. Sara feels like she has seen him before.,1482,0,1482,0,,https://t.vndb.org/ch/57/101657.jpg,https://t.vndb.org/ch/57/101657.jpg,,#8b3c2a #997254 #b9b5b2 #ffffff,Black Long Shoulder-length Cooking Black Apron Knife Stoic Suicide Housekeeper,,,https://vndb.org/c83615,
vndb-c29354,vndb,6,2,,,氷川 喜重郎,Hikawa Kijuurou,Doctor / Hakase / 博士,男,O,,Galgame,Galgame,古書店街の橋姫,,2016,Galgame,,"""Ah! I'm sorry, I'm sorry! That was creepy, wasn't it? To suddenly do that... I'm sorry, I'm such a creep, I'm sorry..."" A man with an eyepatch who wanders into the Umebachidou at dusk. Real name Hikawa Kijuurou.",1130,0,1130,0,,https://t.vndb.org/ch/26/36526.jpg,https://t.vndb.org/ch/26/36526.jpg,,#d82e88 #bf85a7 #23203e #74426c #cdb6c6 #e3dce1,Black Short Straight Slim Pale Orphan Blue Grey Young-adult Suit,,,https://vndb.org/c29354,
vndb-c5820,vndb,6,2,,,ハンス·ブラント,Hans Brant,,男,,,Galgame,Galgame,カタハネ,,2006,Galgame,,The ambassador of the White Kingdom in Blue Kingdom. Accomplice of the lord Jussi and Valery Jacquard.,804,0,804,0,,https://t.vndb.org/ch/03/61603.jpg,https://t.vndb.org/ch/03/61603.jpg,,#4a3a65 #9f8e86 #fcf7da #c8c0b8 #e9ebeb #ffffff,Brown Curtained Short Brown Slim Pale Young-adult Suit Vest Planning,,,https://vndb.org/c5820,
al5677,anilist,6,2,,,ロブ･ルッチ,Lucci Rob,Pigeon Guy,男,XF,28,动画|漫画,动画,ONE PIECE,航海王,1999,动画,"[{""t"":""ONE PIECE"",""cn"":""航海王"",""ty"":""动画"",""y"":1999,""pop"":750384},{""t"":""ONE PIECE"",""cn"":""航海王"",""ty"":""漫画"",""y"":1997,""pop"":232766},{""t"":""ONE PIECE FILM RED"",""cn"":""航海王：红发歌姬"",""ty"":""动画"",""y"":2022,""pop"":78378},{""t"":""ONE PIECE STAMPEDE"",""cn"":""航海王：狂热行动"",""ty"":""动画"",""y"":2019,""pop"":62019},{""t"":""ONE PIECE FILM GOLD"",""cn"":"""",""ty"":""动画"",""y"":2016,""pop"":58012},{""t"":""ONE PIECE 〜ハートオブゴールド〜"",""cn"":"""",""ty"":""动画"",""y"":2016,""pop"":23472}]","212 cm (6'11½"") Galley-La Company ~!CP9 (former); CP-0!~ Neko Neko no Mi, Leopard (Cat-Cat Fruit Leopard Model) Zoan When Lucci is first seen as one of the five foremen of Galley-La Company's Dock One, he appears to be a ventriloquist using…",624,624,0,0,,https://s4.anilist.co/file/anilistcdn/character/large/b5677-ZrZunVe7Kq5P.png,https://s4.anilist.co/file/anilistcdn/character/medium/b5677-ZrZunVe7Kq5P.png,,,,https://anilist.co/character/5677,,,
al168798,anilist,6,2,,,クレア・カゲノー,Claire Kagenou,,女,,17-,动画|漫画|轻小说,动画,陰の実力者になりたくて！,想要成为影之实力者！,2022,动画,"[{""t"":""陰の実力者になりたくて！"",""cn"":""想要成为影之实力者！"",""ty"":""动画"",""y"":2022,""pop"":314005},{""t"":""陰の実力者になりたくて！ 2nd season"",""cn"":""想要成为影之实力者！ 第二季"",""ty"":""动画"",""y"":2023,""pop"":195202},{""t"":""陰の実力者になりたくて！"",""cn"":""想要成为影之实力者！"",""ty"":""漫画"",""y"":2018,""pop"":47389},{""t"":""陰の実力者になりたくて！"",""cn"":""想要成为影之实力者！"",""ty"":""轻小说"",""y"":2018,""pop"":10826},{""t"":""陰の実力者になりたくて！ しゃどーがいでん"",""cn"":""想要成为影之实力者—沙雕小剧场"",""ty"":""漫画"",""y"":2019,""pop"":1775}]",Human Claire is the older sister of [Cid Kagenou](//anilist.co/character/136837/Cid-Kagenou) and heir to the Kagenou Family.,613,613,0,0,,https://s4.anilist.co/file/anilistcdn/character/large/b168798-IrHBKh5xbRsr.png,https://s4.anilist.co/file/anilistcdn/character/medium/b168798-IrHBKh5xbRsr.png,,,,https://anilist.co/character/168798,,,
al1759,anilist,6,2,,,猿飛あやめ,Ayame Sarutobi,Sacchan,女,,20+,动画,动画,銀魂,银魂,2006,动画,"[{""t"":""銀魂"",""cn"":""银魂"",""ty"":""动画"",""y"":2006,""pop"":296063},{""t"":""銀魂゜"",""cn"":"""",""ty"":""动画"",""y"":2015,""pop"":119621},{""t"":""銀魂’"",""cn"":"""",""ty"":""动画"",""y"":2011,""pop"":110096},{""t"":""銀魂’延長戦"",""cn"":"""",""ty"":""动画"",""y"":2012,""pop"":84431},{""t"":""銀魂. 銀ノ魂篇"",""cn"":"""",""ty"":""动画"",""y"":2018,""pop"":60568},{""t"":""銀魂. 銀ノ魂篇2"",""cn"":"""",""ty"":""动画"",""y"":2018,""pop"":56193}]","169 cm Sarutobi Ayame is a ninja from the Oniwabanshuu by training, but is currently working as an assassin. She also has a part-time job at the Kunoichi Café.",557,557,0,0,,https://s4.anilist.co/file/anilistcdn/character/large/n1759-hbviRHbxGNmx.jpg,https://s4.anilist.co/file/anilistcdn/character/medium/n1759-hbviRHbxGNmx.jpg,,,,https://anilist.co/character/1759,,,
vndb-c87134,vndb,6,2,,,,Connor Bleufin,Nautical boy,男,AB,,Galgame,Galgame,Camp Buddy,,2018,Galgame,,"Connor is a energetic yet fun-loving boy who lives in a fishing town. He and his best friend Jirou are always getting into trouble, but Connor is always there to look out for him.",336,0,336,0,,,,,,Blond Blue Earrings Necklace Shorts Bandages Friendly Energetic Protective Cheerful,,,https://vndb.org/c87134,
vndb-c22604,vndb,6,2,,,氷海 真里,Hiyami Masato,,男,AB,,Galgame,Galgame,コープスパーティー 2 DEAD PATIENT,尸体派对2 死亡病患,2013,Galgame,,"A student of Tsukinoka High School's class I-A. Born with a weak body, Masato was forced to change schools repeatedly due to his illness and frequent hospital visits.",245,0,245,0,,https://t.vndb.org/ch/71/185971.jpg,https://t.vndb.org/ch/71/185971.jpg,,#2b3439 #535c63 #878e92 #d6d5d0 #f5f0e9 #b7b7b5,Black Short Slim Pale School Uniform Student Blue Shy Childhood Friend Illness,,,https://vndb.org/c22604,
vndb-c77136,vndb,6,2,,,常坂 二乃,Tokisaka Nino,,女,,,Galgame,Galgame,D.C.4 ～ダ・カーポ4～,,2019,Galgame,"[{""t"":""D.C.4 ～ダ・カーポ4～"",""cn"":"""",""ty"":""Galgame"",""y"":2019,""pop"":215},{""t"":""D.C.4 ～ダ・カーポ4～ フォーチュネイトデパーチャーズ"",""cn"":"""",""ty"":""Galgame"",""y"":2021,""pop"":102},{""t"":""D.C.5 to 4 ～ダ・カーポ5トゥ4～ ルミナスメモリーズ"",""cn"":"""",""ty"":""Galgame"",""y"":2026,""pop"":0}]",,215,0,215,0,,https://t.vndb.org/ch/42/103242.jpg,https://t.vndb.org/ch/42/103242.jpg,,#5b5767 #bca593 #fbeed0 #ccc8d1 #e8e9ee #ffffff,Black Twin Tails Hime Cut Waist Length+ Straight Teen Slim Pale School Uniform Student,,,https://vndb.org/c77136,
vndb-c120958,vndb,6,2,,,矢代,Yashiro,,男,AB,,Galgame,Galgame,泡沫のユークロニア,,2024,Galgame,"[{""t"":""泡沫のユークロニア"",""cn"":"""",""ty"":""Galgame"",""y"":2024,""pop"":187},{""t"":""泡沫のユークロニア -trail-"",""cn"":"""",""ty"":""Galgame"",""y"":2025,""pop"":27}]","""I don't remember anything that happened before I met you, Milady. So to sum it up... you're all I have."" A well-mannered man who's slightly hard to read. He lost his memories, and was taken in by the heroine when he was in trouble.",187,0,187,0,,https://t.vndb.org/ch/71/185471.jpg,https://t.vndb.org/ch/71/185471.jpg,,#424d5f #7a8794 #cbc2b8 #ede0ce #ffffff,Black Ahoge Short Pale Trousers Amnesia Amber Blue Young-adult Shirt,,,https://vndb.org/c120958,
al293877,anilist,6,2,,,大槻ヨヨコ,Yoyoko Ootsuki,,女,A,18,动画|漫画,动画,ぼっち・ざ・ろっく！,孤独摇滚！,2022,动画,"[{""t"":""ぼっち・ざ・ろっく！"",""cn"":""孤独摇滚！"",""ty"":""动画"",""y"":2022,""pop"":265557},{""t"":""ぼっち・ざ・ろっく！"",""cn"":""孤独摇滚！"",""ty"":""漫画"",""y"":2018,""pop"":20185},{""t"":""ぼっち・ざ・ろっく！外伝　廣井きくりの深酒日記"",""cn"":""孤独摇滚！外传 广井菊理的狂饮日记"",""ty"":""漫画"",""y"":2023,""pop"":4314},{""t"":""ぼっち・ざ・ろっく！アンソロジーコミック"",""cn"":"""",""ty"":""漫画"",""y"":2022,""pop"":1265}]","Guitarist and vocalist of the band ""SIDEROS"".",89,89,0,0,,https://s4.anilist.co/file/anilistcdn/character/large/b293877-qzpgrc6BeaDY.png,https://s4.anilist.co/file/anilistcdn/character/medium/b293877-qzpgrc6BeaDY.png,,,,https://anilist.co/character/293877,,,
al337477,anilist,6,2,,,エルノール・リヨス・アールヴ,Ellenor Ljos Alf,,女,,,动画|漫画,动画,杖と剣のウィストリア,,2024,动画,"[{""t"":""杖と剣のウィストリア"",""cn"":"""",""ty"":""动画"",""y"":2024,""pop"":175856},{""t"":""杖と剣のウィストリア Season2"",""cn"":"""",""ty"":""动画"",""y"":2026,""pop"":118642},{""t"":""杖と剣のウィストリア"",""cn"":"""",""ty"":""漫画"",""y"":2020,""pop"":18855}]",One of the Magia Vende. Leader of the Elf Faction.,56,56,0,0,,https://s4.anilist.co/file/anilistcdn/character/large/b337477-oxiEKODUKcId.jpg,https://s4.anilist.co/file/anilistcdn/character/medium/b337477-oxiEKODUKcId.jpg,,,,https://anilist.co/character/337477,,,
vndb-c206,vndb,6,3,,右代宫楼座,右代宮 楼座,Ushiromiya Rosa,Ushiromiya Rouza,女,O,,Galgame,Galgame,うみねこのなく頃に,海猫鸣泣之时,2007,Galgame,"[{""t"":""うみねこのなく頃に"",""cn"":""海猫鸣泣之时"",""ty"":""Galgame"",""y"":2007,""pop"":13833},{""t"":""うみねこのなく頃に散"",""cn"":""海猫鸣泣之时散"",""ty"":""Galgame"",""y"":2009,""pop"":10973}]",金藏的第四个孩子。 兄妹四人中最小的一个，与其他姐兄们的年龄隔的很大。 因此在亲族会议上的发言力也劣于其他姐兄。 虽说经营着设计公司，但始终没能超出兴趣爱好的范围。 经营状况似乎不容乐观。,13833,0,13833,48,,https://t.vndb.org/ch/18/32118.jpg,https://t.vndb.org/ch/18/32118.jpg,https://lain.bgm.tv/r/400/pic/crt/l/ff/6f/936_crt_D2c25.jpg?r=1677396667,#302320 #927351 #b5a9a2 #e7d7c9 #ffffff,Brown Hime Cut Long Straight Brown Slim Pale Trousers Hard Worker Young-adult,,https://bgm.tv/character/936,https://vndb.org/c206,936
al22050,anilist,6,3,,千石抚子,千石撫子,Nadeko Sengoku,,女,B,13-14,动画,动画,化物語,化物语,2009,动画,"[{""t"":""化物語"",""cn"":""化物语"",""ty"":""动画"",""y"":2009,""pop"":342174},{""t"":""偽物語"",""cn"":""伪物语"",""ty"":""动画"",""y"":2012,""pop"":186304},{""t"":""〈物語〉シリーズ セカンドシーズン"",""cn"":""物语系列 第二季"",""ty"":""动画"",""y"":2013,""pop"":171771},{""t"":""終物語"",""cn"":"""",""ty"":""动画"",""y"":2015,""pop"":130156},{""t"":""終物語（下）"",""cn"":"""",""ty"":""动画"",""y"":2017,""pop"":123720},{""t"":""暦物語"",""cn"":"""",""ty"":""动画"",""y"":2016,""pop"":86800}]",『なでこスネイク』的主要角色。被蛇围绕的少女。忍野メメ称之为“小害羞” 月火小学时代的朋友。在历毕业的中学就读。称历为“历哥哥”。说话喜欢掺杂古旧的梗（如哆啦A梦等），每次都要历来解释吐槽的内容而让人发狂不已。 非常的害羞，和别人视线相对时都会觉得害羞。因为这个原因，经常带着帽子，或者用前刘海把眼睛遮掉。 对人有恐惧症，很少开口说话。 梦想是成为漫画家。,5012,5012,0,1137,,https://s4.anilist.co/file/anilistcdn/character/large/b22050-RUw3vyGYdr9W.jpg,https://s4.anilist.co/file/anilistcdn/character/medium/b22050-RUw3vyGYdr9W.jpg,https://lain.bgm.tv/r/400/pic/crt/l/30/59/710_crt_h27en.jpg?r=1611093851,,,https://anilist.co/character/22050,https://bgm.tv/character/710,,710
vndb-c4687,vndb,6,3,,,時雨 亜麻,Shigure Ama,,女,,,Galgame,Galgame,SHUFFLE!,,2004,Galgame,"[{""t"":""SHUFFLE!"",""cn"":"""",""ty"":""Galgame"",""y"":2004,""pop"":4051},{""t"":""Really? Really!"",""cn"":"""",""ty"":""Galgame"",""y"":2006,""pop"":443}]","Ama Shigure is Asa's mother. She has the habit of drastically reducing names to cute nicknames (Asa for instance is referred to as ""A-chan""). She also wears a cat-ear hat.",4051,0,4051,0,,https://t.vndb.org/ch/44/4744.jpg,https://t.vndb.org/ch/44/4744.jpg,,#8f7473 #bea4ad #edcec6 #f6ece7 #ffffff,Blond Curtained Shoulder-length Straight Slim Pale Cooking Violet Young-adult T-shirt,,,https://vndb.org/c4687,
al124447,anilist,6,3,,,チャーミー・パピットソン,Charmy Pappitson,,女,,19,动画|漫画,动画,ブラッククローバー,黑色五叶草,2017,动画,"[{""t"":""ブラッククローバー"",""cn"":""黑色五叶草"",""ty"":""动画"",""y"":2017,""pop"":583263},{""t"":""ブラッククローバー"",""cn"":""黑色五叶草"",""ty"":""漫画"",""y"":2015,""pop"":107258},{""t"":""ブラッククローバー 魔法帝の剣"",""cn"":"""",""ty"":""动画"",""y"":2023,""pop"":99687},{""t"":""ブラッククローバー オール魔法騎士感謝祭"",""cn"":"""",""ty"":""动画"",""y"":2018,""pop"":10874},{""t"":""むぎゅっと！ブラッククローバー"",""cn"":"""",""ty"":""动画"",""y"":2019,""pop"":7179},{""t"":""プチット・クローバー アドバンス"",""cn"":"""",""ty"":""动画"",""y"":2018,""pop"":3303}]","142 cm Member of the Black Bull squad. She is an extremely big eater and tougher than she looks. When someone threatens to steal her meals, she becomes cold and merciless.",1605,1605,0,0,,https://s4.anilist.co/file/anilistcdn/character/large/b124447-2J1PKMgWETNT.png,https://s4.anilist.co/file/anilistcdn/character/medium/b124447-2J1PKMgWETNT.png,,,,https://anilist.co/character/124447,,,
al24311,anilist,6,3,,,川本あかり,Akari Kawamoto,,女,,22-,动画|漫画,动画,３月のライオン,,2016,动画,"[{""t"":""３月のライオン"",""cn"":"""",""ty"":""动画"",""y"":2016,""pop"":214026},{""t"":""３月のライオン 第2シリーズ"",""cn"":"""",""ty"":""动画"",""y"":2017,""pop"":130084},{""t"":""3月のライオン"",""cn"":""3月的狮子"",""ty"":""漫画"",""y"":2007,""pop"":34400},{""t"":""I AM STANDING"",""cn"":"""",""ty"":""动画"",""y"":2019,""pop"":1262}]","Akari is the eldest of three Kawamoto sisters. After her mother and grandmother’s death, she stepped in as the parent figure for her younger sisters.",1589,1589,0,0,,https://s4.anilist.co/file/anilistcdn/character/large/24311-WY1Q26PwwJeB.png,https://s4.anilist.co/file/anilistcdn/character/medium/24311-WY1Q26PwwJeB.png,,,,https://anilist.co/character/24311,,,
vndb-c91339,vndb,6,3,,,小町 浩孝,Komachi Hirotaka,Hiro-kun,男,,,Galgame,Galgame,恋愛×ロワイアル,,2020,Galgame,"[{""t"":""恋愛×ロワイアル"",""cn"":"""",""ty"":""Galgame"",""y"":2020,""pop"":1422},{""t"":""恋愛×ロワイアル 乃々香＆蓮菜＆由奈 ミニアフターストーリー"",""cn"":"""",""ty"":""Galgame"",""y"":2021,""pop"":146},{""t"":""恋愛×ロワイアル まり＆汐音＆蒼 ミニアフターストーリー"",""cn"":"""",""ty"":""Galgame"",""y"":2021,""pop"":130}]",,1422,0,1422,0,,https://t.vndb.org/ch/45/113945.jpg,https://t.vndb.org/ch/45/113945.jpg,,#a97959 #d5ad7e #e0cfb2 #4c4549 #f8f4e9 #908b91,School Uniform Pervert Romantically Indecisive Husband Betrothed Father Son Full Brother Domestic Partner Boyfriend,,,https://vndb.org/c91339,
vndb-c4762,vndb,6,3,,,川名 みさき,Kawana Misaki,,女,,,Galgame,Galgame,ONE ～輝く季節へ～,,1998,Galgame,,Misaki is an upperclassman of Kouhei who lost her eyesight in an accident in elementary school. She meets Kouhei on the roof of school during sunset.,1310,0,1310,0,,https://t.vndb.org/ch/11/188811.jpg,https://t.vndb.org/ch/11/188811.jpg,,#c38a83 #e2bca5 #473b49 #efd8c8 #f2efec #ffffff,Black Long Curtained Teen Slim Pale School Uniform Blue Skirt Outgoing,,,https://vndb.org/c4762,
vndb-c31758,vndb,6,3,,,工藤,Kudou,Deux / ドゥ,男,AB,,Galgame,Galgame,古書店街の橋姫,,2016,Galgame,,"""You think it's just kiddy games, don't you? Asshole..."" Part of a gang of urchins who hang out at Sanzendou Antiquarian Books. They're centered around Kudou, and the four of them play at detectives.",1130,0,1130,0,,https://t.vndb.org/ch/10/38010.jpg,https://t.vndb.org/ch/10/38010.jpg,,#df2b89 #ac397d #1c1c36 #363551 #70406b #d3c5c5,Black Ponytail Straight Slim Pale Orphan Black Kid Ore Distrustful,,,https://vndb.org/c31758,
vndb-c71740,vndb,6,3,,,ソフィア・プリズニェツィ・アレクセーエヴナ,Sofiya Priessnitz Alexeievna,Numeral X / Sonya,女,,,Galgame,Galgame,Fatal Twelve,,2018,Galgame,,A girl from Russia who boldly confronts Rinka in the real world despite being a participant in Divine Selection. What could she be planning…? [From official site],905,0,905,0,,https://t.vndb.org/ch/72/87072.jpg,https://t.vndb.org/ch/72/87072.jpg,,#da9d5b #dbc3b1 #81859b #ebe2db #f4f4f1 #ffffff,Blond Bob Cut Straight Slim Pale Blue Kid Cardigan Jeans Airhead,,,https://vndb.org/c71740,
vndb-c3737,vndb,6,3,,,ワカバ・フォーレ,Wakaba Faure,Kaba,女,O,,Galgame,Galgame,カタハネ,,2006,Galgame,,"An aspiring novelist from Moosgrun. She begins to write a play, an adaptation of the famous story ""The Angel's Guidance"", but portraying the villain, Ein, as a good person.",804,0,804,0,,https://t.vndb.org/ch/71/3771.jpg,https://t.vndb.org/ch/71/3771.jpg,,#7a909b #d8aa9b #f6e0bb #f7f0e2 #fbf9f2,Pink Short Teen Slim Pale Donkan Hard Worker Missionary Blowjob Virgin Sex,,,https://vndb.org/c3737,
al302626,anilist,6,3,,,東紫乃,Shino Azuma,,女,AB,,动画|漫画|轻小说,动画,正反対な君と僕,,2026,动画,"[{""t"":""正反対な君と僕"",""cn"":"""",""ty"":""动画"",""y"":2026,""pop"":123340},{""t"":""正反対な君と僕 第2期"",""cn"":"""",""ty"":""动画"",""y"":2026,""pop"":59340},{""t"":""正反対な君と僕"",""cn"":"""",""ty"":""漫画"",""y"":2022,""pop"":21004},{""t"":""ラーメン赤猫"",""cn"":"""",""ty"":""漫画"",""y"":2022,""pop"":1288},{""t"":""正反対な君と僕 サニー&レイニー"",""cn"":"""",""ty"":""轻小说"",""y"":2023,""pop"":225}]","163 cm (5'4"") A mature-minded girl in [Suzuki](//anilist.co/character/281250/Miyu-Suzuki) and [Tani's](//anilist.co/character/281251/Yusuke-Tani) class. Though she comes off as jaded, she's never experienced a proper romantic relationship.",745,745,0,0,,https://s4.anilist.co/file/anilistcdn/character/large/b302626-CNCys5MLLoMk.jpg,https://s4.anilist.co/file/anilistcdn/character/medium/b302626-CNCys5MLLoMk.jpg,,,,https://anilist.co/character/302626,,,
vndb-c14814,vndb,6,3,,,リサ・エオストレ,Lisa Eostre,,女,,,Galgame,Galgame,ワルキューレロマンツェ ～少女騎士物語～,,2011,Galgame,"[{""t"":""ワルキューレロマンツェ ～少女騎士物語～"",""cn"":"""",""ty"":""Galgame"",""y"":2011,""pop"":737},{""t"":""ワルキューレロマンツェ More＆More"",""cn"":"""",""ty"":""Galgame"",""y"":2013,""pop"":281},{""t"":""ワルキューレロマンツェRe:tell"",""cn"":"""",""ty"":""Galgame"",""y"":2014,""pop"":139}]","A first-year student at the academy but is regarded as a very promising rookie. No one in the first-year class is able to stand up to her. However, Lisa is rather bad at socializing and ends usually being a blunt taciturn.",737,0,737,0,,https://t.vndb.org/ch/64/128764.jpg,https://t.vndb.org/ch/64/128764.jpg,,#5e3441 #a28a87 #c9c0d2 #e5e1e9 #f6f3f4 #ffffff,White Twin Tails Waist Length+ Teen Slim Pale Dress Shoes Cooking Missionary Standing Sex,,,https://vndb.org/c14814,
vndb-c15398,vndb,6,3,,,及川 和樹,Oikawa Kazuki,Bunbun,男,O,,Galgame,Galgame,"NO,THANK YOU!!!",,2013,Galgame,,"Kazuki is a sótano regular and writer for a men's true crime tabloid. A delicate man who's difficult to figure out. He seems to have an idea of sótano's unofficial dealings and is treated like he's digging around, looking for material for a…",697,0,697,0,,https://t.vndb.org/ch/65/34365.jpg,https://t.vndb.org/ch/65/34365.jpg,,#9b7e66 #e0ddd4 #e7eff1 #b8b6b2 #ffffff,Blond Short Slim Pale Trousers Assault Green Young-adult Necklace Ore,,,https://vndb.org/c15398,
vndb-c64207,vndb,6,3,,,神崎 修一,Kanzaki Shuuichi,,男,AB,,Galgame,Galgame,セヴンデイズ あなたとすごす七日間,,2017,Galgame,"[{""t"":""セヴンデイズ あなたとすごす七日間"",""cn"":"""",""ty"":""Galgame"",""y"":2017,""pop"":493},{""t"":""Dreamin' Her -僕は、彼女の夢を見る。-"",""cn"":"""",""ty"":""Galgame"",""y"":2022,""pop"":207},{""t"":""セヴンデイズ 幽刻のミラーボール"",""cn"":"""",""ty"":""Galgame"",""y"":2027,""pop"":0}]","A normal high school student with no ability, but loves occult things.",493,0,493,0,,https://t.vndb.org/ch/68/111368.jpg,https://t.vndb.org/ch/68/111368.jpg,,#687199 #2e3d54 #41597d #242a38 #171c23 #dfcfcc,Black Pale Donkan Cooking Hidden Lazy Son Childhood Friend Altruistic Kind,,,https://vndb.org/c64207,
vndb-c49924,vndb,6,3,,,西蓮寺 紫,Sairenji Murasaki,,女,AB,,Galgame,Galgame,セヴンデイズ あなたとすごす七日間,,2017,Galgame,"[{""t"":""セヴンデイズ あなたとすごす七日間"",""cn"":"""",""ty"":""Galgame"",""y"":2017,""pop"":493},{""t"":""Dreamin' Her -僕は、彼女の夢を見る。-"",""cn"":"""",""ty"":""Galgame"",""y"":2022,""pop"":207}]","Murasaki is Shuiichi’s childhood friend. A third year in high school. Alive. She gives you the impression of a quiet and expressionless girl, but she is always concerned about Shuuichi.",493,0,493,0,,https://t.vndb.org/ch/31/86831.jpg,https://t.vndb.org/ch/31/86831.jpg,,#8c5d86 #cb94b6 #433a3d #e9d7d7 #f9f3ef #ffffff,Violet Short School Uniform Violet Deredere Stoic Childhood Friend Miko Relaxed Neighbor,,,https://vndb.org/c49924,
vndb-c19167,vndb,6,3,,,花恋,Karen,Kamimoto Karen,女,O,,Galgame,Galgame,こいいろ Chu!Lips,,2006,Galgame,,"Self-proclaimed as the best Cupid of Love in the world, Karen comes out of an old pot that Haruka's father sends him one day.",446,0,446,0,,https://t.vndb.org/ch/70/23870.jpg,https://t.vndb.org/ch/70/23870.jpg,,#d75d6d #e3b78e #f2e3bb #c6b7cf #edebec #fefefe,Blond Antenna Twin Tails Waist Length+ Curtained Teen Slim Pale School Uniform Doggy Style,,,https://vndb.org/c19167,
al205567,anilist,6,3,,,藤宮澄夏,Sumika Fujimiya,,女,,20,动画|漫画,动画,異世界おじさん,,2022,动画,"[{""t"":""異世界おじさん"",""cn"":"""",""ty"":""动画"",""y"":2022,""pop"":133317},{""t"":""異世界おじさん"",""cn"":"""",""ty"":""漫画"",""y"":2018,""pop"":14463}]","University Student [Chiaki Fujimiya](//anilist.co/character/293824) (Younger Brother) Fujimiya is [Takafumi](//anilist.co/character/205568/Takafumi-Takaoka)'s childhood friend, they shared their school Days together and now also meet freque…",432,432,0,0,,https://s4.anilist.co/file/anilistcdn/character/large/b205567-rrbwLRpGW2Yj.jpg,https://s4.anilist.co/file/anilistcdn/character/medium/b205567-rrbwLRpGW2Yj.jpg,,,,https://anilist.co/character/205567,,,
vndb-c26877,vndb,6,3,,,アメ,Ame,,男,AB,,Galgame,Galgame,Re:BIRTHDAY SONG ～恋を唄う死神～,,2015,Galgame,,"15 years old (as a human, the age he died) A quiet boy. What ever happens he stays calm, how he is feeling and what he is thinking he straightforwardly says it.",341,0,341,0,,https://t.vndb.org/ch/05/35205.jpg,https://t.vndb.org/ch/05/35205.jpg,,#8a7d64 #453f38 #cab4aa #ebe0d7 #faf5ec #ffffff,Shoulder-length Cross-dressing Green Teen Slim Pale School Uniform Violet Earrings Hat,,,https://vndb.org/c26877,
vndb-c74822,vndb,6,3,,,八雲 黒,Yakumo Kuroku,,男,O,,Galgame,Galgame,1bitHeart,,2015,Galgame,,"The brother of the Yakumo twins. Though he's her brother, he likes thinking up pranks behind Shiroro's back.",316,0,316,0,,https://t.vndb.org/ch/73/90573.jpg,https://t.vndb.org/ch/73/90573.jpg,,#ee5660 #875b78 #b5415e #533451 #c79aa6 #e9d1d9,White Kemonomimi Amber Kid Twin Brother Friend,,,https://vndb.org/c74822,
vndb-c74823,vndb,6,3,,,八雲 白,Yakumo Shiroro,,女,O,,Galgame,Galgame,1bitHeart,,2015,Galgame,,"The sister of the Yakumo twins. She enjoys flipping things on their head even more than Kuroku, and likes setting traps for pranks.",316,0,316,0,,https://t.vndb.org/ch/74/90574.jpg,https://t.vndb.org/ch/74/90574.jpg,,#dd4f5f #492c4a #6b4a6b #946682 #e0acaf #f0d9e0,Black Long Kemonomimi Amber Kid Twin Sister Friend,,,https://vndb.org/c74823,
al58341,anilist,6,3,,,レイヴェル・フェニックス,Ravel Phenex,,女,,,动画|漫画|轻小说,动画,ハイスクールD×D,恶魔高校 D×D,2012,动画,"[{""t"":""ハイスクールD×D"",""cn"":""恶魔高校 D×D"",""ty"":""动画"",""y"":2012,""pop"":314029},{""t"":""ハイスクールD×D HERO"",""cn"":"""",""ty"":""动画"",""y"":2018,""pop"":137783},{""t"":""ハイスクールD×D BorN 蘇らない不死鳥"",""cn"":"""",""ty"":""动画"",""y"":2015,""pop"":35454},{""t"":""ハイスクールD×D"",""cn"":""恶魔高校 D×D"",""ty"":""轻小说"",""y"":2008,""pop"":10412},{""t"":""ハイスクールD×D"",""cn"":""恶魔高校 D×D"",""ty"":""漫画"",""y"":2010,""pop"":8541},{""t"":""真ハイスクールＤ×Ｄ"",""cn"":"""",""ty"":""轻小说"",""y"":2018,""pop"":1691}]",[Raiser's](//anilist.co/character/56665/Phenex-Riser) sister. She is also Raiser's Bishop. ~!She becomes [Issei's](//anilist.co/character/50387/Hyoudou-Issei) manager and manages his schedule and activities as the Oppai Dragon!~,235,235,0,0,,https://s4.anilist.co/file/anilistcdn/character/large/b58341-TKto1nFGrA7r.png,https://s4.anilist.co/file/anilistcdn/character/medium/b58341-TKto1nFGrA7r.png,,,,https://anilist.co/character/58341,,,
al1092,anilist,6,3,,,雛森桃,Momo Hinamori,,女,,,动画|漫画,动画,BLEACH,死神,2004,动画,"[{""t"":""BLEACH"",""cn"":""死神"",""ty"":""动画"",""y"":2004,""pop"":521026},{""t"":""BLEACH 千年血戦篇"",""cn"":""死神 千年血战篇"",""ty"":""动画"",""y"":2022,""pop"":207081},{""t"":""BLEACH 千年血戦篇-訣別譚-"",""cn"":""死神 千年血战篇-诀别谭-"",""ty"":""动画"",""y"":2023,""pop"":143301},{""t"":""BLEACH"",""cn"":""死神"",""ty"":""漫画"",""y"":2001,""pop"":121044},{""t"":""BLEACH 千年血戦篇-相剋譚-"",""cn"":""死神 千年血战篇-相克谭-"",""ty"":""动画"",""y"":2024,""pop"":117848},{""t"":""BLEACH 千年血戦篇-禍進譚-"",""cn"":""死神 千年血战篇-祸进谭-"",""ty"":""动画"",""y"":2026,""pop"":86495}]","151 cm (4'11"") Lieutenant of the 5th Division Hinamori is an upbeat and easygoing girl who gets along with nearly everyone she meets. Hinamori is generally quite trusting, but also very impulsive and naïve.",168,168,0,0,,https://s4.anilist.co/file/anilistcdn/character/large/1092.jpg,https://s4.anilist.co/file/anilistcdn/character/medium/1092.jpg,,,,https://anilist.co/character/1092,,,
al42809,anilist,6,3,,,今吉翔一,Shouichi Imayoshi,,男,AB,18,动画|漫画,动画,黒子のバスケ,黑子的篮球,2012,动画,"[{""t"":""黒子のバスケ"",""cn"":""黑子的篮球"",""ty"":""动画"",""y"":2012,""pop"":286383},{""t"":""黒子のバスケ 2nd SEASON"",""cn"":"""",""ty"":""动画"",""y"":2013,""pop"":182891},{""t"":""黒子のバスケ 3rd SEASON"",""cn"":"""",""ty"":""动画"",""y"":2015,""pop"":162720},{""t"":""劇場版 黒子のバスケ Last Game"",""cn"":""剧场版 黑子的篮球 终极一战"",""ty"":""动画"",""y"":2017,""pop"":88995},{""t"":""黒子のバスケ"",""cn"":""黑子的篮球"",""ty"":""漫画"",""y"":2008,""pop"":17353},{""t"":""黒子のバスケNG集"",""cn"":"""",""ty"":""动画"",""y"":2012,""pop"":14314}]","180 cm Touo Academy #4 Point Guard Intelligence, Mind Games Touou High's captain and Point Guard, he is a well-spoken and superficially kind on first glance, but hides a somewhat darker personality that more subtly reveals itself in convers…",168,168,0,0,,https://s4.anilist.co/file/anilistcdn/character/large/b42809-SqtdAEnsQgsg.jpg,https://s4.anilist.co/file/anilistcdn/character/medium/b42809-SqtdAEnsQgsg.jpg,,,,https://anilist.co/character/42809,,,
al218187,anilist,6,3,,,入達遊太,Yuuta Iridatsu,,男,,5,动画|漫画,动画,斉木楠雄のΨ難,齐木楠雄的灾难,2016,动画,"[{""t"":""斉木楠雄のΨ難"",""cn"":""齐木楠雄的灾难"",""ty"":""动画"",""y"":2016,""pop"":358529},{""t"":""斉木楠雄のΨ難 2"",""cn"":"""",""ty"":""动画"",""y"":2018,""pop"":189627},{""t"":""斉木楠雄のΨ難"",""cn"":""齐木楠雄的灾难"",""ty"":""漫画"",""y"":2012,""pop"":16675}]",A neighborhood boy. He first met Saiki Kusuo after his balloon got blown up high and the latter caught it for him. He got attached to Kusuo and Kokomi in the later chapters.,46,46,0,0,,https://s4.anilist.co/file/anilistcdn/character/large/b218187-9ChrdIoQ4idT.png,https://s4.anilist.co/file/anilistcdn/character/medium/b218187-9ChrdIoQ4idT.png,,,,https://anilist.co/character/218187,,,
vndb-c28988,vndb,6,4,,瓦莱里亚·吹法,ヴァレリア・トリファ,Valeria Trifa,Kristoff Lohengrin / The Divine Vessel / Valerian Trifa / 神を運ぶ者,男,A,,Galgame,Galgame,Dies irae ~Acta est Fabula~,,2009,Galgame,"[{""t"":""Dies irae ~Acta est Fabula~"",""cn"":"""",""ty"":""Galgame"",""y"":2009,""pop"":3862},{""t"":""Dies irae ~Interview with Kaziklu Bey~"",""cn"":"""",""ty"":""Galgame"",""y"":2016,""pop"":895}]",干部不在的现骑士团中拥有最高指挥权的司令官，负责其所执行的仪式的祭祀的圣职者。 因为是参与圣战的司祭般的存在，并非慈爱的使徒而是疯狂的信徒。 在平稳的笑容下谋划着冷酷无情的策略，指挥煽动麾下的团员。 称号：神を運ぶ者 黒円卓：三位 ルーン：保護 大アルカナ：恋人 占星術：双児宮 形態：特殊発現型 位階：創造,3862,0,3862,12,,https://t.vndb.org/ch/54/75254.jpg,https://t.vndb.org/ch/54/75254.jpg,https://lain.bgm.tv/r/400/pic/crt/l/53/a3/43384_crt_Mk4gQ.jpg,#c3b6a8 #e6e1d1 #827c7c #434343 #ffffff,Blond Brown Ponytail Waist Length+ Short Straight Slim Pale Villain Fighting,,https://bgm.tv/character/43384,https://vndb.org/c28988,43384
vndb-c4763,vndb,6,4,,,上月 澪,Kouzuki Mio,,女,,,Galgame,Galgame,ONE ～輝く季節へ～,,1998,Galgame,,"Mio is a mute underclassman of Kouhei's with abundant expressions. Since she cannot speak, she uses a sketchbook to carry on written conversations. She belongs to the theater club as a junior of Yukimi.",1310,0,1310,0,,https://t.vndb.org/ch/12/188812.jpg,https://t.vndb.org/ch/12/188812.jpg,,#604b83 #c1978b #ebc4a8 #e7d8cf #f6f3ef #ffffff,Violet Short Straight Slim Pale School Uniform Missionary Blue Kid Shy,,,https://vndb.org/c4763,
vndb-c10594,vndb,6,4,,,杉原 紫衣,Sugihara Shie,,女,A,,Galgame,Galgame,Canvas2～茜色のパレット～,,2004,Galgame,"[{""t"":""Canvas2～茜色のパレット～"",""cn"":"""",""ty"":""Galgame"",""y"":2004,""pop"":1067},{""t"":""INNOCENT COLORS～Canvas2 Fan Disc～"",""cn"":"""",""ty"":""Galgame"",""y"":2004,""pop"":6}]",She is Kana’s editor and is constantly pressuring her to finish within writing deadlines. She is strict but understanding of others. She is also a college friend of Kiri and gives her advice on love and how to approach Hiroki.,1067,0,1067,0,,https://t.vndb.org/ch/14/11814.jpg,https://t.vndb.org/ch/14/11814.jpg,,#534c6e #85859d #b9bdcd #e9dfdf #ffffff,Blue Short Slim Pale Virgin Sex Amber Young-adult Earrings Shirt Vest,,,https://vndb.org/c10594,
vndb-c13712,vndb,6,4,,,藤宮 わかば,Fujimiya Wakaba,,女,B,,Galgame,Galgame,Wind -a breath of heart-,,2002,Galgame,"[{""t"":""Wind -a breath of heart-"",""cn"":"""",""ty"":""Galgame"",""y"":2002,""pop"":962},{""t"":""そよかぜのおくりもの -Wind Pleasurable Box-"",""cn"":"""",""ty"":""Galgame"",""y"":2002,""pop"":29}]","Gifted with the ability to prophesize the future, she can also heal. Her ardent desire is to improve her abilities so that she can heal her sister’s heart condition. She has a shy and compassionate personality. [From Wikipedia]",962,0,962,0,,https://t.vndb.org/ch/38/17138.jpg,https://t.vndb.org/ch/38/17138.jpg,,#6cb494 #3c4856 #e2d6d0 #bcb4b1 #f3f0ee #fefefe,Curtained Short Straight Green Teen Slim Pale School Uniform Cooking Assault,,,https://vndb.org/c13712,
vndb-c472,vndb,6,4,,,丘野 ひなた,Okano Hinata,,女,B,,Galgame,Galgame,Wind -a breath of heart-,,2002,Galgame,"[{""t"":""Wind -a breath of heart-"",""cn"":"""",""ty"":""Galgame"",""y"":2002,""pop"":962},{""t"":""そよかぜのおくりもの -Wind Pleasurable Box-"",""cn"":"""",""ty"":""Galgame"",""y"":2002,""pop"":29}]","Makoto’s athletic younger sister. Being very active, she commonly follows her brother around or pulls pranks on him. She carries a pair of binoculars which she uses to spy on things, and is fascinated with the blimp that flies over the city…",962,0,962,0,,https://t.vndb.org/ch/28/528.jpg,https://t.vndb.org/ch/28/528.jpg,,#6e3d3d #9e8f71 #cdb2a8 #ead1c9 #f4eae4 #fefefe,Red Ahoge Long Short Straight Brown Teen Slim Pale School Uniform,,,https://vndb.org/c472,
vndb-c91047,vndb,6,4,,,ルカ,Luca,,男,B,,Galgame,Galgame,ピオフィオーレの晩鐘,,2018,Galgame,"[{""t"":""ピオフィオーレの晩鐘"",""cn"":"""",""ty"":""Galgame"",""y"":2018,""pop"":865},{""t"":""ピオフィオーレの晩鐘 -Episodio1926-"",""cn"":"""",""ty"":""Galgame"",""y"":2020,""pop"":287}]",A boy who lives in Strano. He spends his days pickpocketing and begging.,865,0,865,0,,https://t.vndb.org/ch/37/116137.jpg,https://t.vndb.org/ch/37/116137.jpg,,#60504a #9e877f #eadac8 #c9c3bb #efeeed #ffffff,Brown Brown Orphan Kid Coat Death Illness Freckles Dirty,,,https://vndb.org/c91047,
vndb-c14015,vndb,6,4,,,殺生院キアラ,Sesshouin Kiara,Dirty Lady / Heaven's Hole,女,A,,Galgame,Galgame,Fate/EXTRA CCC,Fate/EXTRA CCC,2013,Galgame,,Sesshouin Kiara is the Master of Caster in Fate/Extra CCC .,789,0,789,0,,https://t.vndb.org/ch/58/17558.jpg,https://t.vndb.org/ch/58/17558.jpg,,#a2856c #332925 #cdc2ba #eee7de #eef3f9 #fcfcfb,Black Pink Waist Length+ Slim Pale Amber Young-adult Necklace Thigh-high Boots Pervert,,,https://vndb.org/c14015,
al1374,anilist,6,4,,,武藤遊戯,Yuugi Mutou,Yugi Muto / King Of Games / Yugi Boy,男,AB,,动画,动画,遊☆戯☆王　デュエルモンスターズ,,2000,动画,"[{""t"":""遊☆戯☆王　デュエルモンスターズ"",""cn"":"""",""ty"":""动画"",""y"":2000,""pop"":85938},{""t"":""遊☆戯☆王"",""cn"":"""",""ty"":""动画"",""y"":1998,""pop"":53925},{""t"":""遊☆戯☆王デュエルモンスターズＧＸ"",""cn"":"""",""ty"":""动画"",""y"":2004,""pop"":47244},{""t"":""遊☆戯☆王 THE DARK SIDE OF DIMENSIONS"",""cn"":"""",""ty"":""动画"",""y"":2016,""pop"":20488},{""t"":""遊☆戯☆王　デュエルモンスターズ　光のピラミッド"",""cn"":"""",""ty"":""动画"",""y"":2004,""pop"":18670},{""t"":""劇場版 遊☆戯☆王 ～超融合! 時空を越えた絆～"",""cn"":"""",""ty"":""动画"",""y"":2010,""pop"":15421}]","153 cm (5'0"") Yugi Mutou is the main protagonist of Yu-Gi-Oh! Duel Monsters. At the start of the series, he is a shy boy who is really short for his age, something he always gets teased about in school.",774,774,0,0,,https://s4.anilist.co/file/anilistcdn/character/large/b1374-dZVmlraKNPp3.jpg,https://s4.anilist.co/file/anilistcdn/character/medium/b1374-dZVmlraKNPp3.jpg,,,,https://anilist.co/character/1374,,,
vndb-c49610,vndb,6,4,,,,Hashimoto Mika,Chuuni-chan,女,B,,Galgame,Galgame,Shining Song Starnova,,2018,Galgame,,"Until recently, she was a NEET! However, feeling inspired after watching a late-night anime, she decided to become an idol! Socially awkward, she pretends to be living in a fantasy world.",601,0,601,0,1,https://t.vndb.org/ch/71/59371.jpg,https://t.vndb.org/ch/71/59371.jpg,,#784050 #ba8a80 #f9ebdb #d3cac7 #f0f1ef #ffffff,White Antenna Short Teen Slim Pale Cowgirl Blowjob Virgin Sex Kemonomimi Headband,,,https://vndb.org/c49610,
al430,anilist,6,4,,,小泉譲二,George Koizumi,Johji,男,,,动画|漫画,动画,パラダイス・キス,,2005,动画,"[{""t"":""パラダイス・キス"",""cn"":"""",""ty"":""动画"",""y"":2005,""pop"":63074},{""t"":""パラダイス・キス"",""cn"":"""",""ty"":""漫画"",""y"":1999,""pop"":22539}]","George (real name Johji) is an eccentric, handsome, and extremely charismatic student of Yazagaku who has extraordinary talent with a gift for fashion design, haute couture in particular.",524,524,0,0,,https://s4.anilist.co/file/anilistcdn/character/large/b430-xUq80OcVTNDS.jpg,https://s4.anilist.co/file/anilistcdn/character/medium/b430-xUq80OcVTNDS.jpg,,,,https://anilist.co/character/430,,,
al89633,anilist,6,4,1995,,大神和臣,Kazuomi Ooga,Oga / Kazu,男,O,17-18,动画|漫画,动画,ReLIFE,ReLIFE 重返17岁,2016,动画,"[{""t"":""ReLIFE"",""cn"":""ReLIFE 重返17岁"",""ty"":""动画"",""y"":2016,""pop"":259471},{""t"":""ReLIFE 完結編"",""cn"":""ReLIFE 完结篇"",""ty"":""动画"",""y"":2018,""pop"":110154},{""t"":""リライフ"",""cn"":""ReLIFE 重返17岁"",""ty"":""漫画"",""y"":2013,""pop"":55138},{""t"":""社外秘 リライフ研究所 サポート課"",""cn"":"""",""ty"":""动画"",""y"":2018,""pop"":11118},{""t"":""ブルー・ハーツ"",""cn"":"""",""ty"":""漫画"",""y"":2018,""pop"":4831}]","171 cm (5'7"") Kazuomi Ooga looks like a flashy student, but he has the best grades among the boys in his class. He has a pure side and is not interested in romance. He is not athletic.",340,340,0,0,,https://s4.anilist.co/file/anilistcdn/character/large/b89633-3HzqMb9xJe8V.jpg,https://s4.anilist.co/file/anilistcdn/character/medium/b89633-3HzqMb9xJe8V.jpg,,,,https://anilist.co/character/89633,,,
vndb-c59148,vndb,6,4,,,,Iris,,女,A,,Galgame,Galgame,Amour Sucré: High School Life,,2014,Galgame,,Iris is a sweet girl who is friendly towards heroine from the start and immediately accepts heroine and Kentin as her friends. She is in the music club. Iris is the first friend heroine's makes.,279,0,279,0,,https://t.vndb.org/ch/42/70342.jpg,https://t.vndb.org/ch/42/70342.jpg,,#3c2852 #a4484f #c6958a #e9ccba #e7e5e3 #f2f2f2,Blue Friendly Classmate Orange,,,https://vndb.org/c59148,
vndb-c39816,vndb,6,4,,,,Toffee,,其他,,,Galgame,Galgame,Syrup and the Ultimate Sweet,,2015,Galgame,"[{""t"":""Syrup and the Ultimate Sweet"",""cn"":"""",""ty"":""Galgame"",""y"":2015,""pop"":273},{""t"":""Date Treat"",""cn"":"""",""ty"":""Galgame"",""y"":2016,""pop"":48},{""t"":""Syrup 2: Candy Alchemy RPG"",""cn"":"""",""ty"":""Galgame"",""y"":2025,""pop"":3}]",,273,0,273,0,,https://t.vndb.org/ch/10/48010.jpg,https://t.vndb.org/ch/10/48010.jpg,,#90715f #302a27 #c7a38d #ffffff,Black Short Black Dark Shorts Sarcasm Collar Cat Tank Top Bell (accessory),,,https://vndb.org/c39816,
vndb-c56457,vndb,6,4,,,北畠 史郎,Kitabatake Shirou,,男,A,,Galgame,Galgame,EXTRAVAGANZA ～蟲愛でる少女～,,2006,Galgame,"[{""t"":""EXTRAVAGANZA ～蟲愛でる少女～"",""cn"":"""",""ty"":""Galgame"",""y"":2006,""pop"":252},{""t"":""AGEHA ~EXTRAVAGANZA~"",""cn"":"""",""ty"":""Galgame"",""y"":2009,""pop"":59},{""t"":""EXTRAVAGANZA～末路の果てに～"",""cn"":"""",""ty"":""Galgame"",""y"":2008,""pop"":46},{""t"":""うぇるかむ　とぅ　ＡｎｚＵ！"",""cn"":"""",""ty"":""Galgame"",""y"":2006,""pop"":16},{""t"":""EXTRA VA MIZUNA"",""cn"":"""",""ty"":""Galgame"",""y"":2008,""pop"":9}]",,252,0,252,0,,https://t.vndb.org/ch/12/67312.jpg,https://t.vndb.org/ch/12/67312.jpg,,#a19dab #d9c6bc #716c74 #f6e7da #f1f1f1 #ffffff,Brown Short Brown Teen Pale Trousers Villain Fighting Overweight Glasses,,,https://vndb.org/c56457,
vndb-c54958,vndb,6,4,,,葛西 今日子,Kasai Kyouko,,女,O,,Galgame,Galgame,MinDeaD BlooD ～支配者の為の狂死曲～,,2004,Galgame,"[{""t"":""MinDeaD BlooD ～支配者の為の狂死曲～"",""cn"":"""",""ty"":""Galgame"",""y"":2004,""pop"":216},{""t"":""MinDeaD BlooD ～麻由と麻奈の輸血箱～"",""cn"":"""",""ty"":""Galgame"",""y"":2004,""pop"":92}]","Killing time at the warehouse behind the gymnasium Vampire I-Novels Meaningless lessons A student at St. Julian Girls' Academy, she is the leader of a delinquent group.",216,0,216,0,,https://t.vndb.org/ch/03/65503.jpg,https://t.vndb.org/ch/03/65503.jpg,,#6c3b49 #90707a #c0b5b8 #e5dede #f8f4f1 #ffffff,Brown Waist Length+ Wavy Teen Slim Pale School Uniform Doggy Style Cowgirl Standing Sex,,,https://vndb.org/c54958,
al43384,anilist,6,4,,,宝生蝮,Mamushi Houjou,,女,,,动画|漫画,动画,青の祓魔師 京都不浄王篇,青之驱魔师 京都不净王篇,2017,动画,"[{""t"":""青の祓魔師 京都不浄王篇"",""cn"":""青之驱魔师 京都不净王篇"",""ty"":""动画"",""y"":2017,""pop"":178752},{""t"":""青の祓魔師"",""cn"":""青之驱魔师"",""ty"":""漫画"",""y"":2009,""pop"":42733},{""t"":""青の祓魔師 雪ノ果篇"",""cn"":"""",""ty"":""动画"",""y"":2024,""pop"":37618},{""t"":""青の祓魔師 終夜篇"",""cn"":"""",""ty"":""动画"",""y"":2025,""pop"":28680},{""t"":""青の祓魔師 京都不浄王篇 OVA"",""cn"":"""",""ty"":""动画"",""y"":2017,""pop"":22613},{""t"":""サラリーマン祓魔師〈エクソシスト〉 奥村雪男の哀愁"",""cn"":"""",""ty"":""漫画"",""y"":2013,""pop"":696}]",Mamushi is a Middle First-Class Exorcist at the Kyoto Branch of the True Cross Order and Uwabami Houjou's daughter. Her sisters are Nishiki and Ao Houjou.,62,62,0,0,,https://s4.anilist.co/file/anilistcdn/character/large/b43384-5AcxRSUzcW5g.png,https://s4.anilist.co/file/anilistcdn/character/medium/b43384-5AcxRSUzcW5g.png,,,,https://anilist.co/character/43384,,,
al150692,anilist,6,4,,,Dr.ジョヴァンニ,Dr. Giovanni,,男,,,动画|漫画,动画,炎炎ノ消防隊,炎炎消防队,2019,动画,"[{""t"":""炎炎ノ消防隊"",""cn"":""炎炎消防队"",""ty"":""动画"",""y"":2019,""pop"":483496},{""t"":""炎炎ノ消防隊 弐ノ章"",""cn"":""炎炎消防队 二之章"",""ty"":""动画"",""y"":2020,""pop"":300881},{""t"":""炎炎ノ消防隊 参ノ章"",""cn"":""炎炎消防队 叁之章"",""ty"":""动画"",""y"":2025,""pop"":130164},{""t"":""炎炎ノ消防隊 参ノ章 第2クール"",""cn"":""炎炎消防队 叁之章 第2部分"",""ty"":""动画"",""y"":2026,""pop"":88878},{""t"":""炎炎ノ消防隊"",""cn"":""炎炎消防队"",""ty"":""漫画"",""y"":2015,""pop"":66020}]","An insect enthusiast. Generally talks calmly, slowly, and drawn out. Has an interesting tendency to repeat words passionately many times, on occasion.",55,55,0,0,,https://s4.anilist.co/file/anilistcdn/character/large/b150692-XKOWyAHPVmjw.jpg,https://s4.anilist.co/file/anilistcdn/character/medium/b150692-XKOWyAHPVmjw.jpg,,,,https://anilist.co/character/150692,,,
al141954,anilist,6,4,,,宝生錦,Nishiki Houjou,,女,,,动画|漫画,动画,青の祓魔師 京都不浄王篇,青之驱魔师 京都不净王篇,2017,动画,"[{""t"":""青の祓魔師 京都不浄王篇"",""cn"":""青之驱魔师 京都不净王篇"",""ty"":""动画"",""y"":2017,""pop"":178752},{""t"":""青の祓魔師 島根啓明結社篇"",""cn"":"""",""ty"":""动画"",""y"":2024,""pop"":62482},{""t"":""青の祓魔師"",""cn"":""青之驱魔师"",""ty"":""漫画"",""y"":2009,""pop"":42733},{""t"":""青の祓魔師 京都不浄王篇 OVA"",""cn"":"""",""ty"":""动画"",""y"":2017,""pop"":22613}]",She is an Exorcist at the Kyoto Branch of the True Cross Order and Uwabami Houjou's daughter. Her sisters are Mamushi and Ao Houjou.,11,11,0,0,,https://s4.anilist.co/file/anilistcdn/character/large/b141954-0WFc1ttxempL.jpg,https://s4.anilist.co/file/anilistcdn/character/medium/b141954-0WFc1ttxempL.jpg,,,,https://anilist.co/character/141954,,,
al141952,anilist,6,4,,,宝生青,Ao Houjou,,女,,,动画|漫画,动画,青の祓魔師 京都不浄王篇,青之驱魔师 京都不净王篇,2017,动画,"[{""t"":""青の祓魔師 京都不浄王篇"",""cn"":""青之驱魔师 京都不净王篇"",""ty"":""动画"",""y"":2017,""pop"":178752},{""t"":""青の祓魔師"",""cn"":""青之驱魔师"",""ty"":""漫画"",""y"":2009,""pop"":42733},{""t"":""青の祓魔師 京都不浄王篇 OVA"",""cn"":"""",""ty"":""动画"",""y"":2017,""pop"":22613}]",She is an Exorcist at the Kyoto Branch of the True Cross Order and Uwabami Houjou's daughter. Her sisters are Mamushi and Nishiki Houjou.,8,8,0,0,,https://s4.anilist.co/file/anilistcdn/character/large/b141952-9xqo3MsxaYsK.jpg,https://s4.anilist.co/file/anilistcdn/character/medium/b141952-9xqo3MsxaYsK.jpg,,,,https://anilist.co/character/141952,,,
al17675,anilist,6,5,1972,天气·预报,ウェザー・リポート,Weather Report,Weather Forecast / Værmelding / Weather,男,,,动画|漫画,动画,ジョジョの奇妙な冒険 ストーンオーシャン,JOJO的奇妙冒险 石之海,2021,动画,"[{""t"":""ジョジョの奇妙な冒険 ストーンオーシャン"",""cn"":""JOJO的奇妙冒险 石之海"",""ty"":""动画"",""y"":2021,""pop"":192643},{""t"":""ジョジョの奇妙な冒険 ストーンオーシャン 2クール"",""cn"":"""",""ty"":""动画"",""y"":2022,""pop"":124776},{""t"":""ジョジョの奇妙な冒険 ストーンオーシャン"",""cn"":""JOJO的奇妙冒险 石之海"",""ty"":""漫画"",""y"":1999,""pop"":72790}]",謎の男囚。プッチ神父によって記憶の大半を奪われており、記憶を取り戻すために徐倫に協力する。記憶がないので寡黙な性格だが、基本的には優しく頼りになる男。 物語終盤にて記憶のディスクを取り戻したことで、本名がウェス・ブルーマリンである事と非常に危険な性格で人を無差別にカタツムリに変えてしまう凶悪な能力「ヘビー・ウェザー」を持つ事が判明。 ウェザー自身も知らないことだが、実はエンリコ・プッチ神父の双子の弟ドメニコ・プッチである。,2458,2458,0,57,,https://s4.anilist.co/file/anilistcdn/character/large/b17675-rrayRQnq2awa.png,https://s4.anilist.co/file/anilistcdn/character/medium/b17675-rrayRQnq2awa.png,https://lain.bgm.tv/r/400/pic/crt/l/ba/45/19140_crt_b2HZv.jpg?r=1642960629,,,https://anilist.co/character/17675,https://bgm.tv/character/19140,,19140
al17676,anilist,6,5,1972,,エンリコ・プッチ,Enrico Pucci,Emilio Pucci / Father Pucci / Whitesnake / The New Father,男,,39+,动画|漫画|轻小说,动画,ジョジョの奇妙な冒険 ストーンオーシャン,JOJO的奇妙冒险 石之海,2021,动画,"[{""t"":""ジョジョの奇妙な冒険 ストーンオーシャン"",""cn"":""JOJO的奇妙冒险 石之海"",""ty"":""动画"",""y"":2021,""pop"":192643},{""t"":""ジョジョの奇妙な冒険 ストーンオーシャン 2クール"",""cn"":"""",""ty"":""动画"",""y"":2022,""pop"":124776},{""t"":""ジョジョの奇妙な冒険 ストーンオーシャン"",""cn"":""JOJO的奇妙冒险 石之海"",""ty"":""漫画"",""y"":1999,""pop"":72790},{""t"":""ジョジョの奇妙な冒険 OVER HEAVEN"",""cn"":"""",""ty"":""轻小说"",""y"":2011,""pop"":4042},{""t"":""フジコの奇妙な処世術 -ホワイトスネイクの誤算-"",""cn"":"""",""ty"":""漫画"",""y"":2021,""pop"":3297},{""t"":""JORGE JOESTAR"",""cn"":"""",""ty"":""轻小说"",""y"":2012,""pop"":2987}]","181 cm Italian-American Priest, Chaplain ~!White Snake, C-Moon, Made in Heaven!~ A loyal follower and friend of Dio, Pucci aspires to implement a plan long formulated by Dio to ""achieve heaven."" Working as a chaplain at Green Dolphin Street…",2342,2342,0,0,,https://s4.anilist.co/file/anilistcdn/character/large/b17676-6m5VaQl0SR20.jpg,https://s4.anilist.co/file/anilistcdn/character/medium/b17676-6m5VaQl0SR20.jpg,,,,https://anilist.co/character/17676,,,
al145064,anilist,6,5,,,西園寺羽京,Ukyou Saionji,Arrow Kid,男,A,,动画,动画,Dr.STONE,石纪元,2019,动画,"[{""t"":""Dr.STONE"",""cn"":""石纪元"",""ty"":""动画"",""y"":2019,""pop"":554680},{""t"":""Dr.STONE STONE WARS"",""cn"":""石纪元 石之战争"",""ty"":""动画"",""y"":2021,""pop"":335280},{""t"":""Dr.STONE NEW WORLD"",""cn"":""石纪元 新世界"",""ty"":""动画"",""y"":2023,""pop"":201922},{""t"":""Dr.STONE NEW WORLD 第2クール"",""cn"":""石纪元 新世界 第2部分"",""ty"":""动画"",""y"":2023,""pop"":138943},{""t"":""Dr.STONE 龍水"",""cn"":""石纪元 龙水"",""ty"":""动画"",""y"":2022,""pop"":123272},{""t"":""Dr.STONE SCIENCE FUTURE"",""cn"":""石纪元 科学与未来"",""ty"":""动画"",""y"":2025,""pop"":115924}]","173 cm (5'8"") Ukyou is a survivor that was revived by [Tsukasa Shishiou](//anilist.co/character/124144/Tsukasa-Shishiou). He is pacifistic and dislikes needless bloodshed.",1117,1117,0,0,,https://s4.anilist.co/file/anilistcdn/character/large/b145064-cbgNBAEY9q4R.png,https://s4.anilist.co/file/anilistcdn/character/medium/b145064-cbgNBAEY9q4R.png,,,,https://anilist.co/character/145064,,,
vndb-c1336,vndb,6,5,,,紺野 珠美,Konno Tamami,,女,O,,Galgame,Galgame,ときめきメモリアル Girl's Side,,2002,Galgame,"[{""t"":""ときめきメモリアル Girl's Side"",""cn"":"""",""ty"":""Galgame"",""y"":2002,""pop"":452},{""t"":""ときめきメモリアル Girl's Side 3rd Story"",""cn"":"""",""ty"":""Galgame"",""y"":2010,""pop"":395}]",Tamami has a quiet and shy personality. She held a record in swimming during junior high school. She is the elder sister of Konno Tamao. Tamami is the manager of the basketball club and is friendly with Suzuka.,452,0,452,0,,https://t.vndb.org/ch/79/1379.jpg,https://t.vndb.org/ch/79/1379.jpg,,#414051 #a89689 #f7dab8 #ffffff,Short Green Brown Teen Reserved Rival High School Student Sharp-tongued School Basketball Club Member Workaholic,,,https://vndb.org/c1336,
vndb-c4754,vndb,6,5,,,南国原 大吾,Minamikokubaru Daigo,,男,,,Galgame,Galgame,星空へ架かる橋,,2010,Galgame,"[{""t"":""星空へ架かる橋"",""cn"":"""",""ty"":""Galgame"",""y"":2010,""pop"":384},{""t"":""星空へ架かる橋AA"",""cn"":"""",""ty"":""Galgame"",""y"":2012,""pop"":164}]","Spirited and somewhat eccentric, Daigo Minamikokubaru is a second-year student. A classmate, he befriends Kazuma almost immediately on his first day of the school, acquainting him with the campus and even the profiles of some of the girls h…",384,0,384,0,,https://t.vndb.org/ch/70/59770.jpg,https://t.vndb.org/ch/70/59770.jpg,,#7e5155 #c39e97 #e4cbc7 #f5eade #f9f5f5 #ffffff,Brown Shoulder-length Brown Teen Slim Pale School Uniform Necktie Cross Necklace Ore,,,https://vndb.org/c4754,
al268457,anilist,6,5,,,中原ミズキ,Mizuki Nakahara,,女,O,27,动画|漫画|轻小说,动画,リコリス・リコイル,莉可丽丝,2022,动画,"[{""t"":""リコリス・リコイル"",""cn"":""莉可丽丝"",""ty"":""动画"",""y"":2022,""pop"":211080},{""t"":""リコリス・リコイル Friends are thieves of time."",""cn"":""莉可丽丝：友谊是时间的窃贼"",""ty"":""动画"",""y"":2025,""pop"":28891},{""t"":""リコリス・リコイル リコレクト"",""cn"":"""",""ty"":""漫画"",""y"":2022,""pop"":2762},{""t"":""リコリス・リコイル 公式コミックアンソロジー リロード"",""cn"":"""",""ty"":""漫画"",""y"":2022,""pop"":1404},{""t"":""リコリス･リコイル Ordinary days"",""cn"":"""",""ty"":""轻小说"",""y"":2022,""pop"":1292},{""t"":""リコリス・リコイル 公式コミックアンソロジー リピート"",""cn"":"""",""ty"":""漫画"",""y"":2022,""pop"":1186}]","Previously a DA Intelligence Division member, she’s been with Chisato for a long time. In her desperate desire to marry, she took the job at the café in hopes of meeting her special someone.",365,365,0,0,,https://s4.anilist.co/file/anilistcdn/character/large/b268457-c5VS7Jrolcop.jpg,https://s4.anilist.co/file/anilistcdn/character/medium/b268457-c5VS7Jrolcop.jpg,,,,https://anilist.co/character/268457,,,
vndb-c29138,vndb,6,5,,,ヒイロ,Hiiro,,男,B,,Galgame,Galgame,Re:BIRTHDAY SONG ～恋を唄う死神～,,2015,Galgame,,"A student with excellent grades, Hiiro has absolute confidence in himself. For some reason, he treats the supplementary group members hostilely; egging them on and getting in their way. Hiiro has a mean-spirited personality.",341,0,341,0,,https://t.vndb.org/ch/16/35216.jpg,https://t.vndb.org/ch/16/35216.jpg,,#9c7971 #3a292e #cdb09f #ebded4 #f9f3e8 #ffffff,Blond Brown Ahoge Curtained Short Teen Slim Pale School Uniform Trousers,,,https://vndb.org/c29138,
al157866,anilist,6,5,,,加茂憲紀,Noritoshi  Kamo,,男,,,动画|漫画,动画,呪術廻戦,咒术回战,2020,动画,"[{""t"":""呪術廻戦"",""cn"":""咒术回战"",""ty"":""动画"",""y"":2020,""pop"":971898},{""t"":""呪術廻戦 第2期"",""cn"":"""",""ty"":""动画"",""y"":2023,""pop"":491128},{""t"":""呪術廻戦 0"",""cn"":"""",""ty"":""动画"",""y"":2021,""pop"":436263},{""t"":""呪術廻戦"",""cn"":""咒术回战"",""ty"":""漫画"",""y"":2018,""pop"":252773},{""t"":""呪術廻戦 0 東京都立呪術高等専門学校"",""cn"":""咒术回战 0 东京都立咒术高等专门学校"",""ty"":""漫画"",""y"":2017,""pop"":71894}]",Blood Manipulation Semi-Grade 1 Sorcerer He is a third-year at Kyoto Magic Technical College.,270,270,0,0,,https://s4.anilist.co/file/anilistcdn/character/large/b157866-UWDtYBoG71PD.png,https://s4.anilist.co/file/anilistcdn/character/medium/b157866-UWDtYBoG71PD.png,,,,https://anilist.co/character/157866,,,
al66645,anilist,6,5,2008,,帆坂カリーナ朋,Tomo Hosaka,Argo (アルゴ) / The Rat,女,,,动画|漫画|轻小说,动画,ソードアート・オンライン,刀剑神域,2012,动画,"[{""t"":""ソードアート・オンライン"",""cn"":""刀剑神域"",""ty"":""动画"",""y"":2012,""pop"":718971},{""t"":""劇場版 ソードアート・オンライン プログレッシブ 星なき夜のアリア"",""cn"":"""",""ty"":""动画"",""y"":2021,""pop"":100756},{""t"":""ソードアート・オンライン Extra Edition"",""cn"":"""",""ty"":""动画"",""y"":2013,""pop"":79117},{""t"":""劇場版 ソードアート・オンライン プログレッシブ 冥き夕闇のスケルツォ"",""cn"":"""",""ty"":""动画"",""y"":2022,""pop"":61101},{""t"":""ソードアート・オンライン"",""cn"":""刀剑神域"",""ty"":""轻小说"",""y"":2009,""pop"":15355},{""t"":""ソードアート・オンライン プログレッシブ"",""cn"":"""",""ty"":""漫画"",""y"":2013,""pop"":6871}]","Argo ""The Rat"" serves as an information broker and courier in the Sword Art Online death game. [Kirito](//anilist.co/character/36765/Kirigaya-Kazuto) and Argo suspect each-other without doubt to be a fellow beta testers but refuses to ever…",211,211,0,0,,https://s4.anilist.co/file/anilistcdn/character/large/b66645-Np9FjjBajBkd.jpg,https://s4.anilist.co/file/anilistcdn/character/medium/b66645-Np9FjjBajBkd.jpg,,,,https://anilist.co/character/66645,,,
al35257,anilist,6,6,,桐生萌郁,桐生萌郁,Moeka Kiryuu,Kiryu / Shining Finger / Moe-meow / Lab Member 005,女,B,20,动画|漫画|Galgame,动画,シュタインズ・ゲート,命运石之门,2011,动画,"[{""t"":""シュタインズ・ゲート"",""cn"":""命运石之门"",""ty"":""动画"",""y"":2011,""pop"":594688},{""t"":""シュタインズ・ゲート ゼロ"",""cn"":""命运石之门 0"",""ty"":""动画"",""y"":2018,""pop"":222572},{""t"":""劇場版 シュタインズゲート 負荷領域のデジャヴ"",""cn"":"""",""ty"":""动画"",""y"":2013,""pop"":140137},{""t"":""シュタインズ・ゲート 横行跋扈のポリオマニア"",""cn"":"""",""ty"":""动画"",""y"":2012,""pop"":115940},{""t"":""シュタインズ・ゲート ゼロ 結晶多形のバレンタイン"",""cn"":"""",""ty"":""动画"",""y"":2018,""pop"":38492},{""t"":""STEINS;GATE"",""cn"":""命运石之门"",""ty"":""Galgame"",""y"":2009,""pop"":16857}]",为了都市传说的取材而寻找幻之 PC「IBN5100」的时候，在秋叶原邂逅了冈伦。她沉默寡言到了与别人的交流全部都要通过手机短信的地步(就算对方在眼前)。虽然会让人觉得她的性格十分冷淡，但其实只是因为她不擅长与别人交谈罢了。而且这个不擅长当面交谈的问题即使通过电话也改不了，所以与其说是手机依赖症，不如说是手机短信依赖症更为恰当。 让人大跌眼镜的是，她透过短信传达过来的感情意外的高昂开朗，与本人的形象有着鲜明的反差。 每当有新机种上市，她都会立刻进行更换。,16857,561,16857,143,,https://s4.anilist.co/file/anilistcdn/character/large/b35257-uepVZyOvuqhi.png,https://s4.anilist.co/file/anilistcdn/character/medium/b35257-uepVZyOvuqhi.png,https://t.vndb.org/ch/38/28038.jpg|https://lain.bgm.tv/r/400/pic/crt/l/23/ad/12400_crt_jM727.jpg?r=1529463935,,Blond Ponytail Long Wavy Curtained Slim Pale Assault Amber Young-adult,https://anilist.co/character/35257,https://bgm.tv/character/12400,https://vndb.org/c6496,12400
al31,anilist,6,6,,西索·莫罗,ヒソカ・モロウ,Hisoka Morow,Hisoka Morou / The Magician / Grim Reaper,男,B,28,动画|漫画,动画,HUNTER×HUNTER (2011),,2011,动画,"[{""t"":""HUNTER×HUNTER (2011)"",""cn"":"""",""ty"":""动画"",""y"":2011,""pop"":840476},{""t"":""HUNTER×HUNTER"",""cn"":""猎人"",""ty"":""动画"",""y"":1999,""pop"":134584},{""t"":""HUNTER×HUNTER"",""cn"":""猎人"",""ty"":""漫画"",""y"":1998,""pop"":109206},{""t"":""劇場版 HUNTER×HUNTER 緋色の幻影（ファントム・ルージュ）"",""cn"":"""",""ty"":""动画"",""y"":2013,""pop"":64831},{""t"":""劇場版 HUNTER×HUNTER THE LAST MISSION"",""cn"":""猎人剧场版：最终任务"",""ty"":""动画"",""y"":2013,""pop"":52942},{""t"":""HUNTER×HUNTER: Greed Island"",""cn"":"""",""ty"":""动画"",""y"":2003,""pop"":34034}]",性格变态、狡猾、古怪、反复无常且擅于欺骗，有着非凡的战斗能力，对与强者战斗感到兴奋。形象为魔术师。在猎人试验时，对小杰等人产生兴趣，认为他们像果实般可以成长到更强，不允许有人先比自己对小杰等人下手，想要在他们成长后将其杀掉从他们的身上得到快感。在故事中杀人无数，对于他来讲所有人都是是否有无价值陪自己玩令自己变强的玩具，而玩具玩坏后便会被丢掉。与伊耳谜关系亦敌亦友又互相提防与利用。 念能力属于变化系，能力“伸缩自在的爱”具有黏性和弹性，而“轻薄的假象”能够进行表面伪装。,16010,16010,0,150,,https://s4.anilist.co/file/anilistcdn/character/large/b31-FZckOuu7L1un.png,https://s4.anilist.co/file/anilistcdn/character/medium/b31-FZckOuu7L1un.png,https://lain.bgm.tv/r/400/pic/crt/l/c9/24/5073_crt_lzlSg.jpg,,,https://anilist.co/character/31,https://bgm.tv/character/5073,,5073
al216496,anilist,6,6,,路西法,ルシファー,Lucifer,Lucy / Diavolo's right-hand man / The Morning Star / Pridy McPrideface,男,,,动画|漫画|Galgame,动画,Obey Me!,,2021,动画,"[{""t"":""Obey Me!"",""cn"":"""",""ty"":""动画"",""y"":2021,""pop"":17415},{""t"":""うみねこのなく頃に"",""cn"":""海猫鸣泣之时"",""ty"":""Galgame"",""y"":2007,""pop"":13833},{""t"":""うみねこのなく頃に散"",""cn"":""海猫鸣泣之时散"",""ty"":""Galgame"",""y"":2009,""pop"":10973},{""t"":""Obey Me! The Anime Season 2"",""cn"":"""",""ty"":""动画"",""y"":2022,""pop"":4950},{""t"":""Obey Me! スペシャルアニメ 魔界大旅行"",""cn"":"""",""ty"":""动画"",""y"":2021,""pop"":3057},{""t"":""Obey Me! The Comic"",""cn"":"""",""ty"":""漫画"",""y"":2021,""pop"":797}]",贝阿朵莉切的家具，炼狱七姐妹中的长女，代表傲慢。,13833,492,13833,15,,https://s4.anilist.co/file/anilistcdn/character/large/b216496-WjUuU9GgwBhr.png,https://s4.anilist.co/file/anilistcdn/character/medium/b216496-WjUuU9GgwBhr.png,https://t.vndb.org/ch/34/32134.jpg|https://lain.bgm.tv/r/400/pic/crt/l/9a/b0/9027_crt_4Avz5.jpg?r=1677396919,,Black Long Straight Teen Slim Pale Fighting Red Jacket Necktie,https://anilist.co/character/216496,https://bgm.tv/character/9027,https://vndb.org/c13727,9027
al89,anilist,6,6,2001,碇真嗣,碇シンジ,Shinji Ikari,Third Child,男,A,14,动画|Galgame,动画,新世紀エヴァンゲリオン,新世纪福音战士,1995,动画,"[{""t"":""新世紀エヴァンゲリオン"",""cn"":""新世纪福音战士"",""ty"":""动画"",""y"":1995,""pop"":494637},{""t"":""新世紀エヴァンゲリオン劇場版 Air/まごころを、君に"",""cn"":""新世纪福音战士剧场版 Air/真心为你"",""ty"":""动画"",""y"":1997,""pop"":253351},{""t"":""ヱヴァンゲリヲン新劇場版:序"",""cn"":""福音战士新剧场版：序"",""ty"":""动画"",""y"":2007,""pop"":144872},{""t"":""ヱヴァンゲリヲン新劇場版:破"",""cn"":""福音战士新剧场版：破"",""ty"":""动画"",""y"":2009,""pop"":134199},{""t"":""ヱヴァンゲリヲン新劇場版:Q"",""cn"":"""",""ty"":""动画"",""y"":2012,""pop"":123242},{""t"":""シン・エヴァンゲリオン劇場版:||"",""cn"":"""",""ty"":""动画"",""y"":2021,""pop"":117586}]",本故事的主角，14岁，操纵EVA初号机的第三适格者（THIRD CHILDREN）。 NERV司令碇源堂的独子。母亲死后，他就住在亲戚家中，和碇源堂分居了十年，突然接到父亲的信而来到第三新东京都市。有着极端内向的性格，极其害怕与陌生人接触，不知如何和别人相处而感到害怕，一直只是照着别人的要求而生活，之后慢慢地敞開了心扉。 作为驾驶员的他与EVA初号机的同步值最高，在歼灭使徒的各次战役中的表现亦最为突出。,11869,11869,436,789,,https://s4.anilist.co/file/anilistcdn/character/large/b89-ZtZhXkh1rITn.png,https://s4.anilist.co/file/anilistcdn/character/medium/b89-ZtZhXkh1rITn.png,https://t.vndb.org/ch/15/183715.jpg|https://lain.bgm.tv/r/400/pic/crt/l/e1/af/302_crt_ce4yO.jpg?r=1616247180,,School Uniform Reserved Son Mecha Pilot Pressure Suit Naive Middle School Student Emotional,https://anilist.co/character/89,https://bgm.tv/character/302,https://vndb.org/c126169,302
al80491,anilist,6,6,,石田将也,石田将也,Shouya Ishida,Shou / Yashou / Sho-Chan / Cho-ya,男,,12-20,动画|漫画,动画,聲の形,声之形,2016,动画,"[{""t"":""聲の形"",""cn"":""声之形"",""ty"":""动画"",""y"":2016,""pop"":716152},{""t"":""聲の形"",""cn"":""声之形"",""ty"":""漫画"",""y"":2013,""pop"":90670},{""t"":""聲の形"",""cn"":""声之形"",""ty"":""漫画"",""y"":2011,""pop"":14999},{""t"":""聲の形スペシャル"",""cn"":"""",""ty"":""动画"",""y"":2017,""pop"":10003}]",本作品の主人公。 小学生時代の将也は粗暴なガキ大将タイプの少年。耳の聞こえない硝子に、好奇心からいじめを行ってしまうが、それがあまりに度を過ぎたものになって学級裁判にかけられ、クラスから断罪される。 学級裁判以後、スクールカースト下位に転落した将也は、クラスメイトから手のひらを返すようにいじめをうける、それまで仲が良かったクラスメイトとは対照的に、いじめていたり取っ組み合いのけんかまでしたにもかかわらず最後まで自分を見捨てずに友達になろうとしてくれた硝子の優しさに気づくが、時…,11511,11511,0,66,,https://s4.anilist.co/file/anilistcdn/character/large/b80491-NK6pxb6oH61P.png,https://s4.anilist.co/file/anilistcdn/character/medium/b80491-NK6pxb6oH61P.png,https://lain.bgm.tv/r/400/pic/crt/l/9d/72/40176_crt_Y3cGy.jpg,,,https://anilist.co/character/80491,https://bgm.tv/character/40176,,40176
vndb-c127098,vndb,6,6,,朽木冬子,朽木 冬子,Kuchiki Touko,,女,O,,Galgame,Galgame,殻ノ少女,壳之少女,2008,Galgame,"[{""t"":""殻ノ少女"",""cn"":""壳之少女"",""ty"":""Galgame"",""y"":2008,""pop"":7899},{""t"":""虚ノ少女"",""cn"":""虚之少女"",""ty"":""Galgame"",""y"":2013,""pop"":3773},{""t"":""天ノ少女"",""cn"":""天之少女"",""ty"":""Galgame"",""y"":2020,""pop"":1601}]",有成人气质，既不是成人也不是少女的生物。 喜爱绘画、月下散步。 身材颀长，肤色白皙，拥有如瀑般的披肩黑发，说话带男性的口吻，略微轻佻，却不令人生厌。从周围看来稍稍有些轻佻，但本人对周围的反应毫不在意，丝毫不影响自己的步调。 对于现在的‘名为自己的存在’感到说不出的违和感，委托时坂「寻找真正的自己」。 散发着神秘的气质，突发奇想「跟踪侦探的话他会做何反应呢」便会真的去实行。,7899,0,7899,501,,https://t.vndb.org/ch/59/149359.jpg,https://t.vndb.org/ch/59/149359.jpg,https://lain.bgm.tv/r/400/pic/crt/l/ae/20/11538_crt_BVMje.jpg,#36353a #e1dacd #a19a96 #f1ede4 #faf8f4,Black Long Straight Teen Slim Pale School Uniform Doggy Style Cowgirl Standing Sex,,https://bgm.tv/character/11538,https://vndb.org/c4080,11538
al21636,anilist,6,6,,露维亚瑟琳塔·艾德费尔特,ルヴィアゼリッタ・エーデルフェルト,Luviagelita Edelfelt,Luvia / ルヴィア / Luvia,女,,17-20,动画|Galgame,动画,Fate/stay night [Unlimited Blade Works] 2ndシーズン,Fate/stay night [Unlimited Blade Works] 第二季,2015,动画,"[{""t"":""Fate/stay night [Unlimited Blade Works] 2ndシーズン"",""cn"":""Fate/stay night [Unlimited Blade Works] 第二季"",""ty"":""动画"",""y"":2015,""pop"":204528},{""t"":""Fate/kaleid liner プリズマ☆イリヤ"",""cn"":"""",""ty"":""动画"",""y"":2013,""pop"":71104},{""t"":""ロード・エルメロイⅡ世の事件簿 {魔眼蒐集列車} Grace note"",""cn"":"""",""ty"":""动画"",""y"":2019,""pop"":54344},{""t"":""Fate/kaleid linerプリズマ☆イリヤ ツヴァイ！"",""cn"":"""",""ty"":""动画"",""y"":2014,""pop"":44840},{""t"":""Fate/kaleid liner プリズマ☆イリヤ ツヴァイ ヘルツ！"",""cn"":"""",""ty"":""动画"",""y"":2015,""pop"":38995},{""t"":""Fate/kaleid liner プリズマ☆イリヤ ドライ!!"",""cn"":"""",""ty"":""动画"",""y"":2016,""pop"":37251}]",为了一血先代家主在第三次圣杯战争中负于远坂之耻，仓促加入圣杯战争的Edelfelt家现任家主。有着贵族的精英意识，总是用高人一等的态度待人。那高贵气质的支柱，不是身为贵族的骄傲，而是Luvia深爱到不能自已的职业摔跤。在时钟塔和凛是好敌手，这次的战斗中两个人似乎建立起了奇怪的友情。虽然本人否定，但和凛是相像的人，伊利雅对她们两人的的评价是：“都像是笨蛋但实力是真的”、“没有血缘关系的姐妹”。,5851,306,5851,74,,https://s4.anilist.co/file/anilistcdn/character/large/b21636-pxuF4W4Eh9x7.png,https://s4.anilist.co/file/anilistcdn/character/medium/b21636-pxuF4W4Eh9x7.png,https://t.vndb.org/ch/68/49968.jpg|https://lain.bgm.tv/r/400/pic/crt/l/43/6b/15026_crt_3qv53.jpg?r=1566720464,,Blond Waist Length+ Curtained Brown Teen Slim Pale Magician Evening Gloves Rival,https://anilist.co/character/21636,https://bgm.tv/character/15026,https://vndb.org/c41595,15026
vndb-c71535,vndb,6,6,,花丸兰,花丸 蘭,Hanamaru Ran,,女,O,,Galgame,Galgame,抜きゲーみたいな島に住んでる貧乳はどうすりゃいいですか？,,2018,Galgame,"[{""t"":""抜きゲーみたいな島に住んでる貧乳はどうすりゃいいですか？"",""cn"":"""",""ty"":""Galgame"",""y"":2018,""pop"":3074},{""t"":""抜きゲーみたいな島に住んでる貧乳はどうすりゃいいですか？ 2"",""cn"":"""",""ty"":""Galgame"",""y"":2019,""pop"":1604}]",,3074,0,3074,12,1,https://t.vndb.org/ch/14/86514.jpg,https://t.vndb.org/ch/14/86514.jpg,https://lain.bgm.tv/r/400/pic/crt/l/f6/3d/117119_crt_ERu44.jpg,#5a4f47 #eed3c0 #d8dce9 #9c969e #f2f3f6 #ffffff,Brown Waist Length+ Straight Teen Slim Pale School Uniform Amber Glasses Vest,,https://bgm.tv/character/117119,https://vndb.org/c71535,117119
vndb-c37366,vndb,6,6,,宫濑未寻,宮瀬 未尋,Miyase Mihiro,,女,A,,Galgame,Galgame,ワガママハイスペック,任性HighSpec,2016,Galgame,"[{""t"":""ワガママハイスペック"",""cn"":""任性HighSpec"",""ty"":""Galgame"",""y"":2016,""pop"":2807},{""t"":""ワガママハイスペック OC"",""cn"":""任性HighSpec OC"",""ty"":""Galgame"",""y"":2017,""pop"":433}]",兎亜の親友の少女で桜翠学園の1年生。実家は洋食屋を営んでおり、料理が得意。幸樹のことを「先輩」と呼ぶ。兎亜と同様に、幸樹の漫画家活動のことを知っている。入学試験で首席だったことに目をかけられ、生徒会に勧誘される。ヒロイン一の巨乳の持ち主。,2807,0,2807,42,,https://t.vndb.org/ch/71/45571.jpg,https://t.vndb.org/ch/71/45571.jpg,https://lain.bgm.tv/r/400/pic/crt/l/af/d7/35577_crt_2cIIc.jpg?r=1459068679,#4b202a #b47985 #ebacb6 #f0d6d8 #f9f3ee #ffffff,Pink Twin Tails Shoulder-length Straight Teen Slim Pale School Uniform Cooking Missionary,,https://bgm.tv/character/35577,https://vndb.org/c37366,35577
vndb-c4736,vndb,6,6,,,仁野 恭司,Jinno Kyouji,,男,B,,Galgame,Galgame,ゴア・スクリーミング・ショウ,,2006,Galgame,"[{""t"":""ゴア・スクリーミング・ショウ"",""cn"":"""",""ty"":""Galgame"",""y"":2006,""pop"":1771},{""t"":""夏の孤島の闇の声"",""cn"":"""",""ty"":""Galgame"",""y"":2006,""pop"":44}]",,1771,0,1771,0,,https://t.vndb.org/ch/92/4792.jpg,https://t.vndb.org/ch/92/4792.jpg,,#f9b457 #3d2113 #d26c28 #be885c #7a492f #e8c197,Brown Mullet Short Straight Brown Teen Slim Pale Cunnilingus Sixty-nine,,,https://vndb.org/c4736,
al66965,anilist,6,6,,,綾崎レミ,Remi Ayasaki,Remi-Remi,女,,17,动画|漫画,动画,ホリミヤ,堀与宫村,2021,动画,"[{""t"":""ホリミヤ"",""cn"":""堀与宫村"",""ty"":""动画"",""y"":2021,""pop"":541084},{""t"":""ホリミヤ -piece-"",""cn"":""堀与宫村 -piece-"",""ty"":""动画"",""y"":2023,""pop"":164326},{""t"":""ホリミヤ"",""cn"":""堀与宫村"",""ty"":""漫画"",""y"":2011,""pop"":122820},{""t"":""堀さんと宮村くん"",""cn"":""堀桑与宫村君"",""ty"":""动画"",""y"":2012,""pop"":43361},{""t"":""堀さんと宮村くん"",""cn"":""堀桑与宫村君"",""ty"":""漫画"",""y"":2008,""pop"":5154}]",158 cm A member of the Student Council and she is known as the girlfriend of Kakeru Sengoku who attends Katagiri Senior High School where she is enrolled in class 3-5.,1707,1707,0,0,,https://s4.anilist.co/file/anilistcdn/character/large/b66965-Kfqui6IitXaL.png,https://s4.anilist.co/file/anilistcdn/character/medium/b66965-Kfqui6IitXaL.png,,,,https://anilist.co/character/66965,,,
al146260,anilist,6,6,,,村田雨月,Ugetsu Murata,Uge,男,O,21,动画|漫画,动画,ギヴン,GIVEN 被赠与的未来,2019,动画,"[{""t"":""ギヴン"",""cn"":""GIVEN 被赠与的未来"",""ty"":""动画"",""y"":2019,""pop"":211312},{""t"":""映画 ギヴン"",""cn"":""电影 GIVEN"",""ty"":""动画"",""y"":2020,""pop"":95589},{""t"":""ギヴン"",""cn"":""GIVEN 被赠与的未来"",""ty"":""漫画"",""y"":2013,""pop"":40944},{""t"":""ギヴン 柊mix"",""cn"":"""",""ty"":""动画"",""y"":2024,""pop"":20356},{""t"":""ギヴン 海へ"",""cn"":"""",""ty"":""动画"",""y"":2024,""pop"":13605},{""t"":""ギヴン 10th mix (OAD)"",""cn"":"""",""ty"":""动画"",""y"":2025,""pop"":2516}]","175 cm He is a world-renowned violinist. He is [Akihiko](//anilist.co/character/136842/Kaji-Akihiko)'s room and classmate, and on-again-off-again boyfriend as well as a University student.",1509,1509,0,0,,https://s4.anilist.co/file/anilistcdn/character/large/b146260-nvHPDaD6FvTM.png,https://s4.anilist.co/file/anilistcdn/character/medium/b146260-nvHPDaD6FvTM.png,,,,https://anilist.co/character/146260,,,
al135022,anilist,6,6,,,アスモデウス・アリス,Alice Asmodeus,Azz / Azz-Azz,男,,,动画|漫画,动画,魔入りました！入間くん,入间同学入魔了,2019,动画,"[{""t"":""魔入りました！入間くん"",""cn"":""入间同学入魔了"",""ty"":""动画"",""y"":2019,""pop"":168432},{""t"":""魔入りました！入間くん 第2シリーズ"",""cn"":""入间同学入魔了 第二季"",""ty"":""动画"",""y"":2021,""pop"":106270},{""t"":""魔入りました！入間くん 第3シリーズ"",""cn"":""入间同学入魔了 第三季"",""ty"":""动画"",""y"":2022,""pop"":73866},{""t"":""魔入りました！入間くん 第4シリーズ"",""cn"":""入间同学入魔了 第四季"",""ty"":""动画"",""y"":2026,""pop"":41289},{""t"":""魔入りました！入間くん"",""cn"":""入间同学入魔了"",""ty"":""漫画"",""y"":2017,""pop"":37598},{""t"":""魔入りました！入間くん if Episode of 魔フィア"",""cn"":"""",""ty"":""动画"",""y"":2027,""pop"":4029}]","178 cm ~!As of now in the Manga, Asmodeus has achieved Rank [5] *He*.!~ ~!Gorgon a dragon snake that can manipulate fire.!~ ~!Fire Alice has exceptional and effective control of fire magic.",1488,1488,0,0,,https://s4.anilist.co/file/anilistcdn/character/large/b135022-AAXddLdMdNh4.png,https://s4.anilist.co/file/anilistcdn/character/medium/b135022-AAXddLdMdNh4.png,,,,https://anilist.co/character/135022,,,
al13468,anilist,6,6,,,桂木桂馬,Keima Katsuragi,The Capturing God / Otamegane / Kami-sama / Tonkotsu,男,,17,动画|漫画,动画,神のみぞ知るセカイ,,2010,动画,"[{""t"":""神のみぞ知るセカイ"",""cn"":"""",""ty"":""动画"",""y"":2010,""pop"":135145},{""t"":""神のみぞ知るセカイⅡ"",""cn"":"""",""ty"":""动画"",""y"":2011,""pop"":77834},{""t"":""神のみぞ知るセカイ 女神篇"",""cn"":"""",""ty"":""动画"",""y"":2013,""pop"":68277},{""t"":""神のみぞ知るセカイ 天理篇"",""cn"":"""",""ty"":""动画"",""y"":2012,""pop"":33283},{""t"":""神のみぞ知るセカイ　４人とアイドル"",""cn"":"""",""ty"":""动画"",""y"":2011,""pop"":27140},{""t"":""神のみぞ知るセカイ"",""cn"":"""",""ty"":""漫画"",""y"":2008,""pop"":25589}]","2-B 174 cm Keima Katsuragi is a 17-year-old high school student attending Maijima High School Academy. At an early age, he acquired an obsessive interest in video games; now he is known as ""The Capturing God (Otoshi-gami)"" in the gaming wor…",1433,1433,0,0,,https://s4.anilist.co/file/anilistcdn/character/large/13468-follPFjSTdME.png,https://s4.anilist.co/file/anilistcdn/character/medium/13468-follPFjSTdME.png,,,,https://anilist.co/character/13468,,,
al349524,anilist,6,6,,,,X,,男,,,动画,动画,凸变英雄X,,2025,动画,,180 cm A man in a suit who claimed the title of X in the blink of an eye. His lack of affiliation to any organization makes him all the more enigmatic. (Official Site),1411,1411,0,0,,https://s4.anilist.co/file/anilistcdn/character/large/b349524-REvrZCihFExZ.png,https://s4.anilist.co/file/anilistcdn/character/medium/b349524-REvrZCihFExZ.png,,,,https://anilist.co/character/349524,,,
vndb-c94402,vndb,6,6,,,霧島 譲,Kirishima Jou,ジョウ / Joe,男,,,Galgame,Galgame,LOOPERS,,2021,Galgame,,"Good physique and enjoys muscle training. A bright moodmaker, and just like Tyler, simple and foolish. He shows his muscle everytime. Inventing original muscle training, making original protein drinks",1384,0,1384,0,,https://t.vndb.org/ch/33/121333.jpg,https://t.vndb.org/ch/33/121333.jpg,,#77757e #dcd5cf #b9b5b3 #e9e5e2 #ffffff,White Short Hard Worker Grey Young-adult Muscular Olive Shirt Boku Airhead,,,https://vndb.org/c94402,
vndb-c137427,vndb,6,6,,,黒部 ナノカ,Kurobe Nanoka,なのちゃん / Nano-chan,女,,,Galgame,Galgame,魔法少女ノ魔女裁判,,2025,Galgame,,"A girl who harbors intense hatred for the prison. She always presents a cold-hearted disposition, behaving in a way that pushes others away.",1206,0,1206,0,,https://t.vndb.org/ch/45/180845.jpg,https://t.vndb.org/ch/45/180845.jpg,,#191a22 #545561 #a5a4aa #e5e1e1 #fdfdfb,Black Twin Tails Shoulder-length Teen Slim Pale Student Magician Fighting Black,,,https://vndb.org/c137427,
al41055,anilist,6,6,,,東雲はかせ,Hakase Shinonome,Professor,,,8,动画|漫画,动画,日常,,2011,动画,"[{""t"":""日常"",""cn"":"""",""ty"":""动画"",""y"":2011,""pop"":240795},{""t"":""日常の0話"",""cn"":"""",""ty"":""动画"",""y"":2011,""pop"":28887},{""t"":""日常"",""cn"":"""",""ty"":""漫画"",""y"":2006,""pop"":16981},{""t"":""ヘルベチカスタンダード"",""cn"":"""",""ty"":""漫画"",""y"":2011,""pop"":2231},{""t"":""無限正月"",""cn"":"""",""ty"":""动画"",""y"":2021,""pop"":792}]","She is a young scientist, who despite her outstanding intelligence, still reflects her age. She loves sharks and snacks, and constantly modifies [Nano Shinonome](//anilist.co/character/10422/Shinonome-Nano), whom she created, to add strange…",1103,1103,0,0,,https://s4.anilist.co/file/anilistcdn/character/large/b41055-RZH1b5am1LvO.png,https://s4.anilist.co/file/anilistcdn/character/medium/b41055-RZH1b5am1LvO.png,,,,https://anilist.co/character/41055,,,
vndb-c59075,vndb,6,6,,,神林 真央,Kanbayashi Mao,,女,A,,Galgame,Galgame,神頼みしすぎて俺の未来がヤバい。,,2017,Galgame,,Hajime's younger cousin who lives in his neighbourhood. She calls the protagonist 'onii-chan'. She used to live in Hajime’s neighbourhood when they were elementary students until her family moved away.,920,0,920,0,,https://t.vndb.org/ch/68/73868.jpg,https://t.vndb.org/ch/68/73868.jpg,,#40435f #a97672 #c8b4ac #eeddbf #f5f2e8 #ffffff,Waist Length+ Straight Teen Slim Pale School Uniform Doggy Style Virgin Sex Violet Miniskirt,,,https://vndb.org/c59075,
al140,anilist,6,6,,,神田ユウ,Yuu Kanda,Bakanda,男,AB,17,动画|漫画|轻小说,动画,ディー・グレイマン,,2006,动画,"[{""t"":""ディー・グレイマン"",""cn"":"""",""ty"":""动画"",""y"":2006,""pop"":117180},{""t"":""ディー・グレイマン"",""cn"":"""",""ty"":""漫画"",""y"":2004,""pop"":42535},{""t"":""ディー・グレイマン ハロー"",""cn"":"""",""ty"":""动画"",""y"":2016,""pop"":37297},{""t"":""D.Gray-man reverse"",""cn"":"""",""ty"":""轻小说"",""y"":2005,""pop"":997}]","177cm (5'9"") Amember of the fictional religious organization known as the Black Orde. Kanda is a young and handsome Japanese man usually found in any mood that isn't positive.",905,905,0,0,,https://s4.anilist.co/file/anilistcdn/character/large/b140-vbv18x2l0tDw.png,https://s4.anilist.co/file/anilistcdn/character/medium/b140-vbv18x2l0tDw.png,,,,https://anilist.co/character/140,,,
al87269,anilist,6,6,,,野崎梅太郎,Umetarou Nozaki ,,男,A,16,动画|漫画,动画,月刊少女野崎くん,,2014,动画,"[{""t"":""月刊少女野崎くん"",""cn"":"""",""ty"":""动画"",""y"":2014,""pop"":223060},{""t"":""月刊少女野崎くん ミニOVAs"",""cn"":"""",""ty"":""动画"",""y"":2014,""pop"":33649},{""t"":""月刊少女野崎くん"",""cn"":"""",""ty"":""漫画"",""y"":2011,""pop"":26056},{""t"":""月刊少女野崎くん アンソロジー"",""cn"":"""",""ty"":""漫画"",""y"":2014,""pop"":1286},{""t"":""月刊少女野崎さん"",""cn"":"""",""ty"":""漫画"",""y"":2021,""pop"":774}]","190 cm (6'3"") Umetarou is the high school student that is the object of [Chiyo Sakura](//anilist.co/character/87271/)'s affection. He is secretly a manga artist named Sakiko Yumeno, the creator of the shoujo manga ""Let's Love~"".",899,899,0,0,,https://s4.anilist.co/file/anilistcdn/character/large/87269.jpg,https://s4.anilist.co/file/anilistcdn/character/medium/87269.jpg,,,,https://anilist.co/character/87269,,,
al24252,anilist,6,6,1980,,鞍馬,Shinjirou Kurama,Tengu,男,,28,动画|漫画|轻小说,动画,神様はじめました,元气少女缘结神,2012,动画,"[{""t"":""神様はじめました"",""cn"":""元气少女缘结神"",""ty"":""动画"",""y"":2012,""pop"":170315},{""t"":""神様はじめました◎"",""cn"":""元气少女缘结神◎"",""ty"":""动画"",""y"":2015,""pop"":93502},{""t"":""神様はじめました ～過去編～"",""cn"":""元气少女缘结神 过去篇"",""ty"":""动画"",""y"":2015,""pop"":38032},{""t"":""神様はじめました"",""cn"":""元气少女缘结神"",""ty"":""漫画"",""y"":2008,""pop"":24065},{""t"":""神様はじめました「神様、幸せになる」"",""cn"":""元气少女缘结神 新婚篇"",""ty"":""动画"",""y"":2016,""pop"":17009},{""t"":""神様はじめました 鞍馬山夜話"",""cn"":"""",""ty"":""轻小说"",""y"":2015,""pop"":284}]","Tengu Yokai 183 cm (6'0"") Idol A wildly popular idol with the gimmick of being a ""fallen angel"", with goth makeup and a bad boy attitude.",888,888,0,0,,https://s4.anilist.co/file/anilistcdn/character/large/b24252-ZSowWBQK0cxJ.png,https://s4.anilist.co/file/anilistcdn/character/medium/b24252-ZSowWBQK0cxJ.png,,,,https://anilist.co/character/24252,,,
vndb-c69273,vndb,6,6,,,冬月 十夜,Fuyutsuki Tooya,,女,O,,Galgame,Galgame,"さくら、もゆ。-as the Night's, Reincarnation-",,2019,Galgame,,"""Well, if you come along, Taiga... then sure, that's fine. If it's not just me alone... if we go together, then maybe we could go look around tonight too."" A special kitten who can transform into a human.",870,0,870,0,,https://t.vndb.org/ch/04/100904.jpg,https://t.vndb.org/ch/04/100904.jpg,,#cea872 #535b50 #c8c3b4 #f8f4ea #e3e2d9 #ffffff,Black Long Straight Green Slim Pale Amber Kid Shirt Shorts,,,https://vndb.org/c69273,
al124386,anilist,6,6,,,ココロ,Kokoro,Code:556,女,O Rh+,14-15,动画|漫画,动画,ダーリン・イン・ザ・フランキス,DARLING in the FRANXX,2018,动画,"[{""t"":""ダーリン・イン・ザ・フランキス"",""cn"":""DARLING in the FRANXX"",""ty"":""动画"",""y"":2018,""pop"":500181},{""t"":""ダーリン・イン・ザ・フランキス"",""cn"":""DARLING in the FRANXX"",""ty"":""漫画"",""y"":2018,""pop"":21127},{""t"":""だーりん・いん・ざ・ふらんきす！"",""cn"":"""",""ty"":""漫画"",""y"":2018,""pop"":2648}]","160 cm (5'3"") Pilots the Franxx Genista with [Futoshi](//anilist.co/character/124387/Futoshi). ~!After the partner shuffle, she rides with [Mitsuru](//anilist.co/character/124389/Mitsuru).",865,865,0,0,,https://s4.anilist.co/file/anilistcdn/character/large/b124386-vc248g43ap3m.jpg,https://s4.anilist.co/file/anilistcdn/character/medium/b124386-vc248g43ap3m.jpg,,,,https://anilist.co/character/124386,,,
al62945,anilist,6,6,,,秋山優花里,Yukari Akiyama,Guderian / Sergeant Oddball,女,O,,动画,动画,ガールズ&パンツァー,,2012,动画,"[{""t"":""ガールズ&パンツァー"",""cn"":"""",""ty"":""动画"",""y"":2012,""pop"":86932},{""t"":""ガールズ&パンツァー 劇場版"",""cn"":"""",""ty"":""动画"",""y"":2015,""pop"":32232},{""t"":""ガールズ&パンツァー 最終章 第1話"",""cn"":"""",""ty"":""动画"",""y"":2017,""pop"":20331},{""t"":""ガールズ&パンツァー これが本当のアンツィオ戦です！"",""cn"":"""",""ty"":""动画"",""y"":2014,""pop"":17565},{""t"":""ガールズ＆パンツァー 最終章 第2話"",""cn"":"""",""ty"":""动画"",""y"":2019,""pop"":15895},{""t"":""ガールズ&パンツァー"",""cn"":"""",""ty"":""动画"",""y"":2012,""pop"":14030}]","**** 157 cm (5'2"") **Home ** Tsuchiura, Ibaraki Prefecture A member of Anko Team, and the loader of the Team. She gets overly excited when she sees or hears anything about tanks - to put it, she is a tank otaku.",746,746,0,0,,https://s4.anilist.co/file/anilistcdn/character/large/b62945-X9Y608pYoTZK.png,https://s4.anilist.co/file/anilistcdn/character/medium/b62945-X9Y608pYoTZK.png,,,,https://anilist.co/character/62945,,,
al89537,anilist,6,6,,,焔魔堂ろくろ,Rokuro Enmadou,,男,B,14-20,动画|漫画,动画,双星の陰陽師,,2016,动画,"[{""t"":""双星の陰陽師"",""cn"":"""",""ty"":""动画"",""y"":2016,""pop"":124749},{""t"":""双星の陰陽師"",""cn"":"""",""ty"":""漫画"",""y"":2013,""pop"":23922},{""t"":""双星の陰陽師 天縁若虎〜二色滑稽画〜"",""cn"":"""",""ty"":""漫画"",""y"":2018,""pop"":401}]","157 cm In the past he was quite cheerful, having dreams to cleanse and destroy all Impurities and Magano, but after the Hiinatsuki tragedy, due to the fear of losing more ""people that he cared about"", he decided to stop fighting and quit be…",726,726,0,0,,https://s4.anilist.co/file/anilistcdn/character/large/b89537-ruoRVI6090vx.png,https://s4.anilist.co/file/anilistcdn/character/medium/b89537-ruoRVI6090vx.png,,,,https://anilist.co/character/89537,,,
al88838,anilist,6,6,,,真戸暁,Akira Mado,,女,A,"21 (Tokyo Ghoul), 24 (Tokyo Ghoul:re)",动画|漫画,动画,東京喰種 トーキョーグール,东京喰种,2014,动画,"[{""t"":""東京喰種 トーキョーグール"",""cn"":""东京喰种"",""ty"":""动画"",""y"":2014,""pop"":739775},{""t"":""東京喰種[トーキョーグール]√A"",""cn"":""东京喰种√A"",""ty"":""动画"",""y"":2015,""pop"":406723},{""t"":""東京喰種-トーキョーグール-:re"",""cn"":""东京喰种:re"",""ty"":""动画"",""y"":2018,""pop"":307841},{""t"":""東京喰種-トーキョーグール-:re 2"",""cn"":"""",""ty"":""动画"",""y"":2018,""pop"":237376},{""t"":""東京喰種 トーキョーグール"",""cn"":""东京喰种"",""ty"":""漫画"",""y"":2011,""pop"":196324},{""t"":""東京喰種-トーキョーグール-:re"",""cn"":""东京喰种:re"",""ty"":""漫画"",""y"":2014,""pop"":104047}]","Human 164 cm CCG Amatsu (Koukaku/Bikaku) making quinques, solving puzzles and cats Akira Mado is a Rank 2 Ghoul Investigator and Kureo's daughter. She is currently partnered with Koutarou Amon.",705,705,0,0,,https://s4.anilist.co/file/anilistcdn/character/large/b88838-LWDgYMTqb1pd.png,https://s4.anilist.co/file/anilistcdn/character/medium/b88838-LWDgYMTqb1pd.png,,,,https://anilist.co/character/88838,,,
vndb-c50733,vndb,6,6,,,叢雲 ユヅキ,Murakumo Yuzuki,,男,A,,Galgame,Galgame,7'scarlet,,2016,Galgame,,"""Here my words are absolute."" ""If you don't like it hurry and get out now"" The owner of the Fuurinkan Hotel and son of the distinguished Murakumo family.",653,0,653,0,,https://t.vndb.org/ch/92/60892.jpg,https://t.vndb.org/ch/92/60892.jpg,,#4e293a #898695 #bfb5c0 #d1d6dd #f8eaec #fefcfe,Brown Short Pale Amber Young-adult Muscular Necktie Shirt Jeans Kuudere,,,https://vndb.org/c50733,
vndb-c74269,vndb,6,6,,,フェレス,Pheles,,女,,,Galgame,Galgame,タマユラミライ,,2019,Galgame,,,535,0,535,0,,https://t.vndb.org/ch/42/89942.jpg,https://t.vndb.org/ch/42/89942.jpg,,#75465a #dda6a6 #d5cbe5 #ece8ee #f8f7f8,Red Planning Confinement Demon Crown Self-sacrifice Bear Loyal Ribbon Tie Tiny,,,https://vndb.org/c74269,
vndb-c34852,vndb,6,6,,,七瀬 凛,Nanase Rin,,女,,,Galgame,Galgame,マブラヴ サプリメント,Muv-Luv supplement,2004,Galgame,"[{""t"":""マブラヴ サプリメント"",""cn"":""Muv-Luv supplement"",""ty"":""Galgame"",""y"":2004,""pop"":521},{""t"":""マブラヴ サプリメント"",""cn"":""Muv-Luv supplement"",""ty"":""Galgame"",""y"":2004,""pop"":521}]",,521,0,521,0,,https://t.vndb.org/ch/25/42125.jpg,https://t.vndb.org/ch/25/42125.jpg,,#a7d1ea #6a765a #84a498 #393526 #bdbdad #eeeae2,Brown Ahoge Waist Length+ Straight Teen Slim Pale Doggy Style Blowjob Virgin Sex,,,https://vndb.org/c34852,
vndb-c135942,vndb,6,6,,,大屋 汐莉,Ooya Shiori,,女,,,Galgame,Galgame,セレクトオブリージュ,,2024,Galgame,,First-year student with an eye-catching athletic tan. Shiori serves as Eve's right hand in managing sports clubs and looks up to her with admiration.,515,0,515,0,,https://t.vndb.org/ch/40/159940.jpg,https://t.vndb.org/ch/40/159940.jpg,,#d46776 #3c5777 #d9b4b7 #eadae0 #f8f3f5 #ffffff,Red Ponytail Long Curtained Straight Teen Slim School Uniform Green Knee-high Socks,,,https://vndb.org/c135942,
al162724,anilist,6,6,,,夜桜六美,Mutsumi Yozakura,,女,,17,动画|漫画,动画,夜桜さんちの大作戦,,2024,动画,"[{""t"":""夜桜さんちの大作戦"",""cn"":"""",""ty"":""动画"",""y"":2024,""pop"":75662},{""t"":""夜桜さんちの大作戦 第2期"",""cn"":"""",""ty"":""动画"",""y"":2026,""pop"":26216},{""t"":""夜桜さんちの大作戦"",""cn"":"""",""ty"":""漫画"",""y"":2019,""pop"":24368},{""t"":""夜桜さんちの大作戦 第2期 第2クール"",""cn"":"""",""ty"":""动画"",""y"":2026,""pop"":4827},{""t"":""夜桜さんちのミニ作戦"",""cn"":"""",""ty"":""动画"",""y"":2024,""pop"":964},{""t"":""夜桜さんちの大作戦 作戦 100β. 夜桜さんちのアイさん"",""cn"":"""",""ty"":""漫画"",""y"":2021,""pop"":99}]","Yozakura Family Student, Spy, Head of Yozakura Family Mutsumi is one of the main protagonists of the series. She is the wife of [Taiyo Asano](//anilist.co/character/162723/Taiyou-Asano) and the current head of the Yozakura Family.",504,504,0,0,,https://s4.anilist.co/file/anilistcdn/character/large/b162724-MOaS8OsRvdyW.jpg,https://s4.anilist.co/file/anilistcdn/character/medium/b162724-MOaS8OsRvdyW.jpg,,,,https://anilist.co/character/162724,,,
al3106,anilist,6,6,,,仙水忍,Shinobu Sensui,Black Angel,男,A,26,动画|漫画,动画,幽☆遊☆白書,,1992,动画,"[{""t"":""幽☆遊☆白書"",""cn"":"""",""ty"":""动画"",""y"":1992,""pop"":158719},{""t"":""幽☆遊☆白書"",""cn"":"""",""ty"":""漫画"",""y"":1990,""pop"":27323},{""t"":""映像白書Ⅱ: 幽助、蔵魔、飛影、桑原"",""cn"":"""",""ty"":""动画"",""y"":1995,""pop"":4279}]","Shinobu Sensui was Earth's Spirit Detective before Yusuke Urameshi. According to Koenma, he was the natural choice; he was gifted with amazing spirit awareness, strength, and a strong moral sense of right and wrong.",464,464,0,0,,https://s4.anilist.co/file/anilistcdn/character/large/b3106-boGJvvIaEfKW.png,https://s4.anilist.co/file/anilistcdn/character/medium/b3106-boGJvvIaEfKW.png,,,,https://anilist.co/character/3106,,,
vndb-c458,vndb,6,6,,,大泉 栞,Ooizumi Shiori,新田 栞 / Nitta Shiori,女,O,,Galgame,Galgame,リアル妹がいる大泉くんのばあい,,2010,Galgame,,"This game’s main heroine. Plays basketball and joins the school team. Despises her older brother that only plays eroge at home, and applies minimal/ignore routines to Ryou.",393,0,393,0,,https://t.vndb.org/ch/76/28176.jpg,https://t.vndb.org/ch/76/28176.jpg,,#8b415c #d68a7a #dfbcad #f4d1d6 #f8f1ea #fefffe,Brown Twin Tails Waist Length+ Straight Teen Slim Pale School Uniform Hard Worker Cooking,,,https://vndb.org/c458,
vndb-c123168,vndb,6,6,,,魅ナミ,Minami,Dream Demon,男,,,Galgame,Galgame,9 R.I.P.,,2023,Galgame,"[{""t"":""9 R.I.P."",""cn"":"""",""ty"":""Galgame"",""y"":2023,""pop"":388},{""t"":""9 R.I.P. sequel"",""cn"":"""",""ty"":""Galgame"",""y"":2025,""pop"":29}]","His mood swings are intense and he always acts according to his mood. He might fake his personality to deceive others. His purpose is to make a ""contract"" with the protagonist and take her soul. He despises Seiya.",388,0,388,0,,https://t.vndb.org/ch/55/197955.jpg,https://t.vndb.org/ch/55/197955.jpg,,#3b3d5b #a1a0b5 #cbc8d6 #e9e6eb #f6f5f7 #ffffff,Black Short Teen Slim Pale Villain Red Necklace Wristband Knife,,,https://vndb.org/c123168,
vndb-c2174,vndb,6,6,,,鳴滝 こより,Narutaki Koyori,,女,O,,Galgame,Galgame,るいは智を呼ぶ,,2008,Galgame,"[{""t"":""るいは智を呼ぶ"",""cn"":"""",""ty"":""Galgame"",""y"":2008,""pop"":367},{""t"":""るいは智を呼ぶファンディスク ―明日のむこうに視える風―"",""cn"":"""",""ty"":""Galgame"",""y"":2010,""pop"":207}]",Position of the On her left thigh The youngest among the cursed people and the one who proposed to use their talents in helping those who are in need.,367,0,367,0,,https://t.vndb.org/ch/18/28318.jpg,https://t.vndb.org/ch/18/28318.jpg,,#a17d88 #9dbbd3 #ddc4c5 #edeae9 #f9f9f9,Pink Ahoge Twin Tails Waist Length+ Wavy Slim Pale School Uniform Cooking Missionary,,,https://vndb.org/c2174,
vndb-c1278,vndb,6,6,,,天地 翔太,Amachi Shouta,,男,AB,,Galgame,Galgame,ときめきメモリアル Girl’s Side 2nd Kiss,,2006,Galgame,,"Amachi enters Hanegasaki High at the 2nd year, which makes him the player's junior. He has a sweet, polite personality and is very fond of sweet food, but the player can discover a different side of him that is devilishly mischievous, despi…",366,0,366,0,,https://t.vndb.org/ch/22/1322.jpg,https://t.vndb.org/ch/22/1322.jpg,,#504963 #857081 #b39da2 #d6d3d2 #ebeeed,Pink Curtained Short Teen Grey Violet Headband Gloves Pretending Friendly,,,https://vndb.org/c1278,
al181601,anilist,6,6,,,角巻わため,Watame Tsunomaki,,女,,4 (sheep years),动画,动画,ホロのぐらふぃてぃ,,2019,动画,"[{""t"":""ホロのぐらふぃてぃ"",""cn"":"""",""ty"":""动画"",""y"":2019,""pop"":14672},{""t"":""『ホロライブ・オルタナティブ』 ティザーPVs"",""cn"":"""",""ty"":""动画"",""y"":2021,""pop"":5655},{""t"":""ギリギリわるくないわため"",""cn"":"""",""ty"":""动画"",""y"":2022,""pop"":1289},{""t"":""My song"",""cn"":"""",""ty"":""动画"",""y"":2022,""pop"":1055},{""t"":""ホロライブ・サマー2022"",""cn"":"""",""ty"":""动画"",""y"":2022,""pop"":999},{""t"":""サイキョウチックポルカ"",""cn"":"""",""ty"":""动画"",""y"":2022,""pop"":780}]","December 29, 2019 151 cm Wata-mate [Fuumi](//anilist.co/staff/145625/) 4th Gen (holoForce) Tsunomaki Watame is a female Japanese Virtual YouTuber associated with hololive.",359,359,0,0,,https://s4.anilist.co/file/anilistcdn/character/large/b181601-NAZRDMOzdPxH.png,https://s4.anilist.co/file/anilistcdn/character/medium/b181601-NAZRDMOzdPxH.png,,,,https://anilist.co/character/181601,,,
vndb-c18382,vndb,6,6,,,オーガスト・マクラウド,August MacLeod,オーガスト神父 / Father August / ルシフェル / Lucifer,男,,,Galgame,Galgame,神学校-Noli me tangere-,,2011,Galgame,"[{""t"":""神学校-Noli me tangere-"",""cn"":"""",""ty"":""Galgame"",""y"":2011,""pop"":346},{""t"":""神学校 The Gift"",""cn"":"""",""ty"":""Galgame"",""y"":2012,""pop"":105},{""t"":""神学番長"",""cn"":"""",""ty"":""Galgame"",""y"":2011,""pop"":58}]","""Oh, you laughed! It’s been a while since I’ve seen you smile."" An easy-going and friendly priest. His personality sets him apart from most other teachers who are very strict about discipline. He teaches Latin.",346,0,346,0,,https://t.vndb.org/ch/38/23038.jpg,https://t.vndb.org/ch/38/23038.jpg,,#967e71 #292a30 #c8ae9d #ead5c1 #ffffff,Brown Short Brown Villain Cowgirl Blowjob Anilingus Sex with Others Adult Handgun,,,https://vndb.org/c18382,
vndb-c14749,vndb,6,6,,,笹倉 未来,Sasakura Mirai,,女,A,,Galgame,Galgame,カルマルカ＊サークル,,2013,Galgame,,,346,0,346,0,,https://t.vndb.org/ch/50/100950.jpg,https://t.vndb.org/ch/50/100950.jpg,,#556392 #c29aa8 #c9ceda #f2ece3 #eff2f6 #ffffff,White Teen Slim Pale School Uniform Amber Necktie Shirt Skirt Stoic,,,https://vndb.org/c14749,
al230875,anilist,6,6,,,温水佳樹,Kaju Nukumizu,,女,,,动画|漫画|轻小说,动画,負けヒロインが多すぎる！,,2024,动画,"[{""t"":""負けヒロインが多すぎる！"",""cn"":"""",""ty"":""动画"",""y"":2024,""pop"":131622},{""t"":""負けヒロインが多すぎる！@comic"",""cn"":"""",""ty"":""漫画"",""y"":2022,""pop"":6245},{""t"":""負けヒロインが多すぎる！"",""cn"":"""",""ty"":""轻小说"",""y"":2021,""pop"":4514}]",Kaju is the younger sister of [Kazuhiko Nukumizu](//anilist.co/character/230874/Kazuhiko-Nukumizu).,337,337,0,0,,https://s4.anilist.co/file/anilistcdn/character/large/b230875-a7xt1gkIwTnM.png,https://s4.anilist.co/file/anilistcdn/character/medium/b230875-a7xt1gkIwTnM.png,,,,https://anilist.co/character/230875,,,
al133946,anilist,6,6,,,小熊,Koguma,,女,,,动画|漫画|轻小说,动画,スーパーカブ,,2021,动画,"[{""t"":""スーパーカブ"",""cn"":"""",""ty"":""动画"",""y"":2021,""pop"":48115},{""t"":""スーパーカブ"",""cn"":"""",""ty"":""漫画"",""y"":2017,""pop"":2400},{""t"":""スーパーカブ"",""cn"":"""",""ty"":""轻小说"",""y"":2017,""pop"":600}]","Koguma is a taciturn young girl that gains friends, self-confidence, and the thrill of adventure after purchasing her Super Cub. Koguma's father died when she was young and her mother left when she entered high school.",319,319,0,0,,https://s4.anilist.co/file/anilistcdn/character/large/b133946-PuWmDuOGkb2W.png,https://s4.anilist.co/file/anilistcdn/character/medium/b133946-PuWmDuOGkb2W.png,,,,https://anilist.co/character/133946,,,
al181143,anilist,6,6,,,魔王タソガレ,Maou Tasogare,Twilight the Demon King,男,,,动画|漫画,动画,魔王城でおやすみ,,2020,动画,"[{""t"":""魔王城でおやすみ"",""cn"":"""",""ty"":""动画"",""y"":2020,""pop"":79460},{""t"":""魔王城でおやすみ"",""cn"":"""",""ty"":""漫画"",""y"":2016,""pop"":11373},{""t"":""魔王城でおやすみミニアニメ"",""cn"":"""",""ty"":""动画"",""y"":2020,""pop"":1253}]","He kidnapped [Syalis](//anilist.co/character/129563/Kaymin-Aurora-Suya-Rhys) in her sleep, so he has hardly ever seen her awake and has never had a proper conversation with her.",319,319,0,0,,https://s4.anilist.co/file/anilistcdn/character/large/b181143-J5NCLc0NXjSf.jpg,https://s4.anilist.co/file/anilistcdn/character/medium/b181143-J5NCLc0NXjSf.jpg,,,,https://anilist.co/character/181143,,,
vndb-c14089,vndb,6,6,,,雨宮 綾音,Amamiya Ayane,Bakaichou / Kaichou,女,,,Galgame,Galgame,fortissimo EXS//Akkord:nächsten Phase,,2012,Galgame,"[{""t"":""fortissimo EXS//Akkord:nächsten Phase"",""cn"":"""",""ty"":""Galgame"",""y"":2012,""pop"":303},{""t"":""fortissimo//Akkord:Bsusvier"",""cn"":"""",""ty"":""Galgame"",""y"":2010,""pop"":146},{""t"":""Kadenz fermata//Akkord:fortissimo"",""cn"":"""",""ty"":""Galgame"",""y"":2014,""pop"":74}]","fortissimo//nächsten Phase Description The perfect student council president. She is a genius pianist that likes to read in her free time, and has enough charisma to turn heads.",303,0,303,0,,https://t.vndb.org/ch/69/38969.jpg,https://t.vndb.org/ch/69/38969.jpg,,#b58693 #5e4253 #eac6bd #f8efe0 #f9f7f3 #ffffff,Blond Violet Waist Length+ Wavy Shoulder-length Teen Slim Pale School Uniform Dress Shoes,,,https://vndb.org/c14089,
vndb-c220,vndb,6,6,,,柊 巴,Hiiragi Tomoe,ともねえ / Tomo-nee,女,A,,Galgame,Galgame,つよきす,娇蛮之吻,2005,Galgame,"[{""t"":""つよきす"",""cn"":""娇蛮之吻"",""ty"":""Galgame"",""y"":2005,""pop"":284},{""t"":""姉、ちゃんとしようよっ！"",""cn"":"""",""ty"":""Galgame"",""y"":2003,""pop"":50},{""t"":""みにきす　～つよきすファンディスク～"",""cn"":"""",""ty"":""Galgame"",""y"":2006,""pop"":37},{""t"":""姉、ちゃんとしようよっ！2"",""cn"":"""",""ty"":""Galgame"",""y"":2004,""pop"":36}]",3rd youngest.,284,0,284,0,,https://t.vndb.org/ch/83/13683.jpg,https://t.vndb.org/ch/83/13683.jpg,,#61354e #9b5e8d #cea8b9 #eed9d9 #ffffff,Violet Antenna Twin Tails Waist Length+ Slim Pale Sweater Trousers Cooking Fighting,,,https://vndb.org/c220,
al147782,anilist,6,6,1996,,曲世愛,Ai Magase,,女,,23,动画|漫画,动画,バビロン,,2019,动画,"[{""t"":""バビロン"",""cn"":"""",""ty"":""动画"",""y"":2019,""pop"":53959},{""t"":""バビロン"",""cn"":"""",""ty"":""漫画"",""y"":2019,""pop"":1560}]","Ai Magase is a mysterious yet beautiful woman who manipulates several powerful figures who got involved in the ""Shiniki Initiative Conspiracy"" by disguising herself as several beautiful women to do her bidding.",282,282,0,0,,https://s4.anilist.co/file/anilistcdn/character/large/b147782-VwGEwf35NKiU.png,https://s4.anilist.co/file/anilistcdn/character/medium/b147782-VwGEwf35NKiU.png,,,,https://anilist.co/character/147782,,,
vndb-c87821,vndb,6,6,,,すみれ,Sumire,,女,AB,,Galgame,Galgame,エイミーと呼ばないでっ,,1995,Galgame,,,261,0,261,0,,https://t.vndb.org/ch/60/106260.jpg,https://t.vndb.org/ch/60/106260.jpg,,#dba993 #855f5b #a6827e #5a4541 #301e1d #efeae5,Odango Green Slim Pale Amber Kid Dress Pajamas Glasses Cardigan,,,https://vndb.org/c87821,
vndb-c83273,vndb,6,6,,,悠木 和心,Yuuki Wako,,女,O,,Galgame,Galgame,ウチはもう、延期できない。,,2021,Galgame,"[{""t"":""ウチはもう、延期できない。"",""cn"":"""",""ty"":""Galgame"",""y"":2021,""pop"":260},{""t"":""響野さん家はエロゲ屋さん！"",""cn"":"""",""ty"":""Galgame"",""y"":2020,""pop"":167},{""t"":""同じクラスのアイドルさん。Around me is full by a celebrity."",""cn"":"""",""ty"":""Galgame"",""y"":2019,""pop"":85}]",,260,0,260,0,,https://t.vndb.org/ch/62/102262.jpg,https://t.vndb.org/ch/62/102262.jpg,,#9b7a7c #523948 #ceb2ad #f4e0d3 #ffffff,Brown Bun School Uniform Cooking Blowjob Virgin Sex Blue Apron Shy Friendly,,,https://vndb.org/c83273,
vndb-c80973,vndb,6,6,,,くらげ３号,Kurage No. 3,,女,A,,Galgame,Galgame,俺達の世界わ終っている。,,2017,Galgame,"[{""t"":""俺達の世界わ終っている。"",""cn"":"""",""ty"":""Galgame"",""y"":2017,""pop"":259},{""t"":""俺達の世界わ終っている。"",""cn"":"""",""ty"":""Galgame"",""y"":2017,""pop"":259}]","Real 海野 くらら Umino Kurara Iruka No. 2's sense of worldbuilding, light novels, studying all sorts of assistance Iruka No. 2's little sister (adherent) Iruka No. 2's little sister whose real name is Umino Kurara.",259,0,259,0,,https://t.vndb.org/ch/90/98190.jpg,https://t.vndb.org/ch/90/98190.jpg,,#886b81 #272837 #c69cb2 #eedad7 #ffffff,Violet Twin Tails Shoulder-length Teen Slim Pale Fedora Necktie Cross Necklace Vest,,,https://vndb.org/c80973,
vndb-c48566,vndb,6,6,,,ゼクス,Sechs,,男,,,Galgame,Galgame,XBLAZE CODE:EMBRYO,,2013,Galgame,"[{""t"":""XBLAZE CODE:EMBRYO"",""cn"":"""",""ty"":""Galgame"",""y"":2013,""pop"":250},{""t"":""XBLAZE LOST:MEMORIES"",""cn"":"""",""ty"":""Galgame"",""y"":2015,""pop"":95}]","Debate, philosophy Truth Futility One of the main antagonists of Embryo and one of the Ten Sages. A Magician with the title of 6 in the Ten Sages, Sechs is a magical genius who was chosen to be a Saint at the mere age of 18.",250,0,250,0,,https://t.vndb.org/ch/96/58196.jpg,https://t.vndb.org/ch/96/58196.jpg,,#9a5e58 #31201f #bfb6b1 #e2ded9 #f5f2eb #ffffff,Black White Ahoge Long Pale Trousers Magician Fighting Green Young-adult,,,https://vndb.org/c48566,
vndb-c92336,vndb,6,6,,,東妻 光毬,Azuma Himari,,女,,,Galgame,Galgame,聖奴隷学園2,,2021,Galgame,,"Third daughter of the Azuma family and twin sister of Komari. She is a first-year student at St. Orkis Academy. Himari looks nice, but she is selfish and self-indulgent.",247,0,247,0,,https://t.vndb.org/ch/13/112213.jpg,https://t.vndb.org/ch/13/112213.jpg,,#b98d80 #dbbda8 #645659 #eaded3 #f4f2f1 #ffffff,Blond Twin Tails Long Teen Slim Pale Doggy Style Cunnilingus Virgin Sex Sex with Others,,,https://vndb.org/c92336,
vndb-c92337,vndb,6,6,,,東妻 小毬,Azuma Komari,,女,,,Galgame,Galgame,聖奴隷学園2,,2021,Galgame,,"She is more observant than her older sister, but in the end uses that only for malicious pranks and quarrels. She shares the same tyrannical nature with her sister, Himari. [Translated from the official site]",247,0,247,0,,https://t.vndb.org/ch/14/112214.jpg,https://t.vndb.org/ch/14/112214.jpg,,#5b4a4f #9a8585 #cabbbc #ece1d8 #f5f3f4 #ffffff,Brown Twin Tails Long Teen Slim Pale Doggy Style Standing Sex Virgin Sex Sex with Others,,,https://vndb.org/c92337,
vndb-c3808,vndb,6,6,,,メリロット,Melilot,,女,,,Galgame,Galgame,ティンクル☆くるせいだーす,,2008,Galgame,"[{""t"":""ティンクル☆くるせいだーす"",""cn"":"""",""ty"":""Galgame"",""y"":2008,""pop"":214},{""t"":""ティンクル☆くるせいだーす"",""cn"":"""",""ty"":""Galgame"",""y"":2008,""pop"":214},{""t"":""ティンクル☆くるせいだーす -Passion Star Stream-"",""cn"":"""",""ty"":""Galgame"",""y"":2012,""pop"":106}]","Favorite Rice balls, sandwiches Disliked Anchovy Reading, online shopping, creative cuisine Cooking, brewing tea A librarian working at Ryuusei Academy and Helena's friend. She was forced by Helena to look like a maid.",214,0,214,0,,https://t.vndb.org/ch/18/5418.jpg,https://t.vndb.org/ch/18/5418.jpg,,#9b8fb2 #5f4e5c #d2c1c8 #eee4e5 #faf4f5 #ffffff,Violet Short Slim Pale Cooking Fighting Blowjob Group Sex Red Young-adult,,,https://vndb.org/c3808,
vndb-c12188,vndb,6,6,,,夏本 律,Natsumoto Ritsu,,男,,,Galgame,Galgame,Magical Charming!,,2013,Galgame,,"Reading manga, mobile phone games. Special Futsal Favourite Ochazuke Least favourite Samgyetang",212,0,212,0,,https://t.vndb.org/ch/41/15241.jpg,https://t.vndb.org/ch/41/15241.jpg,,#393c48 #7a8596 #66606f #fcf3de #b7a39c #dfcbb9,Blue Short Teen Pale School Uniform Trousers Student Magician Black Scar,,,https://vndb.org/c12188,
vndb-c35854,vndb,6,6,,,野真口 光一,Nomaguchi Kouichi,光ちゃん / Kou-chan,男,O,,Galgame,Galgame,P/A ~Potential Ability~,,2014,Galgame,,"A university student seeking to get his teaching license. When looking for a place to do his practicum, he was invited to Jougasaki academy.",208,0,208,0,,https://t.vndb.org/ch/30/43330.jpg,https://t.vndb.org/ch/30/43330.jpg,,#59b2e6 #a87f7b #f9ddc8 #d8b2a7 #2a222a #4f424f,Brown Short Slim Orphan Assault Blowjob Cunnilingus Sixty-nine Virgin Sex Violet,,,https://vndb.org/c35854,
vndb-c14321,vndb,6,6,,,西原礼治,Nishihara Reiji,,男,,,Galgame,Galgame,ヒトナツの夢,,2005,Galgame,,,192,0,192,0,,https://t.vndb.org/ch/57/18057.jpg,https://t.vndb.org/ch/57/18057.jpg,,#4d93f5 #b2655e #7a978c #455650 #ccc8c1 #ebefee,Red Short Brown Teen Slim Pale School Uniform Cooking T-shirt Carefree,,,https://vndb.org/c14321,
al81603,anilist,6,6,,,ヴァーリ・ルシファー,Vali Lucifer,White Dragon Emperor,男,,,动画|漫画|轻小说,动画,ハイスクールD×D NEW,恶魔高校 D×D NEW,2013,动画,"[{""t"":""ハイスクールD×D NEW"",""cn"":""恶魔高校 D×D NEW"",""ty"":""动画"",""y"":2013,""pop"":197148},{""t"":""ハイスクールD×D BorN"",""cn"":""恶魔高校 D×D BorN"",""ty"":""动画"",""y"":2015,""pop"":177430},{""t"":""ハイスクールD×D"",""cn"":""恶魔高校 D×D"",""ty"":""轻小说"",""y"":2008,""pop"":10412},{""t"":""ハイスクールD×D"",""cn"":""恶魔高校 D×D"",""ty"":""漫画"",""y"":2010,""pop"":8541},{""t"":""堕天の狗神 −SLASHDØG− ハイスクールD×D Universe"",""cn"":"""",""ty"":""轻小说"",""y"":2017,""pop"":484},{""t"":""ジュニアハイスクールD×D"",""cn"":"""",""ty"":""轻小说"",""y"":2024,""pop"":338}]","Vali Lucifer is the leader of the Khaos Brigade's Vali Team. He is a descendant of the original Lucifer and the possessor of the Vanishing Dragon, Albion; wielding the Divine Dividing Sacred Gear.",137,137,0,0,,https://s4.anilist.co/file/anilistcdn/character/large/b81603-KHRZIekoOjg9.jpg,https://s4.anilist.co/file/anilistcdn/character/medium/b81603-KHRZIekoOjg9.jpg,,,,https://anilist.co/character/81603,,,
al184067,anilist,6,6,,,イ・スンギル,Seung-Gil Lee,이승길,男,,20,动画,动画,ユーリ!!! on ICE,冰上的尤里,2016,动画,,"A figure skater from South Korea, Seung Gil is a stoic and calculating young man. He is generally emotionless, even during his programs, and only thinks about ice skating and improving his skills.",132,132,0,0,,https://s4.anilist.co/file/anilistcdn/character/large/b184067-7pfoVxuVKYoH.png,https://s4.anilist.co/file/anilistcdn/character/medium/b184067-7pfoVxuVKYoH.png,,,,https://anilist.co/character/184067,,,
al134331,anilist,6,6,,,大仏こばち,Kobachi Osaragi,Koba-chan,女,B,16,动画|漫画,动画,かぐや様は告らせたい～天才たちの恋愛頭脳戦～,辉夜大小姐想让我告白 ~天才们的恋爱头脑战~,2019,动画,"[{""t"":""かぐや様は告らせたい～天才たちの恋愛頭脳戦～"",""cn"":""辉夜大小姐想让我告白 ~天才们的恋爱头脑战~"",""ty"":""动画"",""y"":2019,""pop"":558713},{""t"":""かぐや様は告らせたい？～天才たちの恋愛頭脳戦～"",""cn"":""辉夜大小姐想让我告白 ~天才们的恋爱头脑战~"",""ty"":""动画"",""y"":2020,""pop"":434528},{""t"":""かぐや様は告らせたい-ウルトラロマンティック-"",""cn"":""辉夜大小姐想让我告白-超级浪漫-"",""ty"":""动画"",""y"":2022,""pop"":292244},{""t"":""かぐや様は告らせたい -ファーストキッスは終わらない-"",""cn"":"""",""ty"":""动画"",""y"":2023,""pop"":147967},{""t"":""かぐや様は告らせたい～天才たちの恋愛頭脳戦～"",""cn"":""辉夜大小姐想让我告白 ~天才们的恋爱头脑战~"",""ty"":""漫画"",""y"":2015,""pop"":119314},{""t"":""かぐや様は告らせたい～天才たちの恋愛頭脳戦～OVA"",""cn"":""辉夜大小姐想让我告白？～天才们的恋爱头脑战～ OVA"",""ty"":""动画"",""y"":2021,""pop"":91890}]",Kobachi is [Miko](//anilist.co/character/125886)'s classmate with the glasses and a member of the disciplinary committee. She has been looking after Miko for over 10 years.,127,127,0,0,,https://s4.anilist.co/file/anilistcdn/character/large/b134331-pGWnRI42SZAl.png,https://s4.anilist.co/file/anilistcdn/character/medium/b134331-pGWnRI42SZAl.png,,,,https://anilist.co/character/134331,,,
al62437,anilist,6,6,,,伊藤 雅,Miyabi Itou,,女,B,17,动画|漫画,动画,山田くんと7人の魔女,,2015,动画,"[{""t"":""山田くんと7人の魔女"",""cn"":"""",""ty"":""动画"",""y"":2015,""pop"":189518},{""t"":""山田くんと7人の魔女"",""cn"":"""",""ty"":""漫画"",""y"":2012,""pop"":33949},{""t"":""山田くんと7人の魔女 OAD"",""cn"":"""",""ty"":""动画"",""y"":2014,""pop"":25949},{""t"":""山田くんと7人の魔女"",""cn"":"""",""ty"":""动画"",""y"":2013,""pop"":16411}]","156 cm (5'1"") 2-C Supernatural Studies Club Miyabi Itou is a girl that believes in the supernatural, that's why she also joins the Supernatural club. She later learns the secret of Yamada.",126,126,0,0,,https://s4.anilist.co/file/anilistcdn/character/large/b62437-32tse1zFMino.png,https://s4.anilist.co/file/anilistcdn/character/medium/b62437-32tse1zFMino.png,,,,https://anilist.co/character/62437,,,
al89465,anilist,6,6,,,四方川菖蒲,Ayame Yomogawa,,女,,,动画|轻小说,动画,甲鉄城のカバネリ,,2016,动画,"[{""t"":""甲鉄城のカバネリ"",""cn"":"""",""ty"":""动画"",""y"":2016,""pop"":197082},{""t"":""甲鉄城のカバネリ 〜海門決戦〜"",""cn"":"""",""ty"":""动画"",""y"":2019,""pop"":50086},{""t"":""甲鉄城のカバネリ 総集編｛後編｝燃える命"",""cn"":"""",""ty"":""动画"",""y"":2017,""pop"":16254},{""t"":""甲鉄城のカバネリ 総集編｛前編｝集う光"",""cn"":"""",""ty"":""动画"",""y"":2016,""pop"":14789},{""t"":""小説 甲鉄城のカバネリ"",""cn"":"""",""ty"":""轻小说"",""y"":2016,""pop"":343}]",Ayame is the eldest daughter and heir of the Yomogawa family that governs Aragane Station. She is the user of the master key.,104,104,0,0,,https://s4.anilist.co/file/anilistcdn/character/large/b89465-tUQaGxpPCrKz.jpg,https://s4.anilist.co/file/anilistcdn/character/medium/b89465-tUQaGxpPCrKz.jpg,,,,https://anilist.co/character/89465,,,
al73681,anilist,6,6,,,金田一勇太郎,Yuutarou Kindaichi,Scallion Head,男,,15,动画|漫画,动画,ハイキュー!!,排球少年!!,2014,动画,"[{""t"":""ハイキュー!!"",""cn"":""排球少年!!"",""ty"":""动画"",""y"":2014,""pop"":583268},{""t"":""ハイキュー!! セカンドシーズン"",""cn"":""排球少年 第二季"",""ty"":""动画"",""y"":2015,""pop"":398770},{""t"":""ハイキュー!! 烏野高校 VS 白鳥沢学園高校"",""cn"":""排球少年 乌野高校 VS 白鸟泽学园高校"",""ty"":""动画"",""y"":2016,""pop"":362356},{""t"":""ハイキュー!! TO THE TOP"",""cn"":""排球少年 TO THE TOP"",""ty"":""动画"",""y"":2020,""pop"":293887},{""t"":""ハイキュー!! TO THE TOP 2"",""cn"":"""",""ty"":""动画"",""y"":2020,""pop"":255078},{""t"":""ハイキュー！！"",""cn"":""排球少年!!"",""ty"":""漫画"",""y"":2012,""pop"":101913}]","Aoba Josai High, Kitagawa Daiichi (former) 189.2 cm 1st year Middle Blocker Middle blocker of the Aoba Josai High School volleyball club. He was Kageyama's teammate back in junior high school.",95,95,0,0,,https://s4.anilist.co/file/anilistcdn/character/large/b73681-DBHzToOoEFVb.jpg,https://s4.anilist.co/file/anilistcdn/character/medium/b73681-DBHzToOoEFVb.jpg,,,,https://anilist.co/character/73681,,,
al50225,anilist,6,6,,,大宮 忍,Shinobu Oomiya,Shino,女,,15,动画|漫画,动画,ブレンド・S,,2017,动画,"[{""t"":""ブレンド・S"",""cn"":"""",""ty"":""动画"",""y"":2017,""pop"":181246},{""t"":""きんいろモザイク"",""cn"":"""",""ty"":""动画"",""y"":2013,""pop"":51277},{""t"":""ハロー!!きんいろモザイク"",""cn"":"""",""ty"":""动画"",""y"":2015,""pop"":23121},{""t"":""きんいろモザイク Pretty Days"",""cn"":"""",""ty"":""动画"",""y"":2016,""pop"":9707},{""t"":""きんいろモザイク Thank you!!"",""cn"":"""",""ty"":""动画"",""y"":2021,""pop"":6359},{""t"":""きんいろモザイク"",""cn"":"""",""ty"":""漫画"",""y"":2010,""pop"":1717}]","A graceful and air headed 15-year old girl. She previously stayed over at Alice's home in England, although she herself is rather bad at English and has generally bad grades.",91,91,0,0,,https://s4.anilist.co/file/anilistcdn/character/large/50225.jpg,https://s4.anilist.co/file/anilistcdn/character/medium/50225.jpg,,,,https://anilist.co/character/50225,,,
al215259,anilist,6,6,,,カルパッチョ・ローヤン,Carpaccio Luo-Yang,,男,A,16,动画|漫画,动画,マッシュル-MASHLE- 神覚者候補選抜試験編,物理魔法使马修 神觉者候补选拔试验篇,2024,动画,"[{""t"":""マッシュル-MASHLE- 神覚者候補選抜試験編"",""cn"":""物理魔法使马修 神觉者候补选拔试验篇"",""ty"":""动画"",""y"":2024,""pop"":182192},{""t"":""マッシュル-MASHLE-"",""cn"":""物理魔法使马修"",""ty"":""漫画"",""y"":2020,""pop"":59820}]","174 cm First-year student at Easton Magic Academy and a member of Orca dorm. He managed to earn four gold coins, and therefore was allowed to participate in the Divine Visionary Selection Exam.",66,66,0,0,,https://s4.anilist.co/file/anilistcdn/character/large/b215259-ZpVchb8qQeT3.png,https://s4.anilist.co/file/anilistcdn/character/medium/b215259-ZpVchb8qQeT3.png,,,,https://anilist.co/character/215259,,,
al123257,anilist,6,6,,,リリス,Lilith,,女,,,动画|漫画,动画,モンスター娘のいる日常,,2015,动画,"[{""t"":""モンスター娘のいる日常"",""cn"":"""",""ty"":""动画"",""y"":2015,""pop"":170923},{""t"":""モンスター娘のいる日常"",""cn"":"""",""ty"":""漫画"",""y"":2012,""pop"":21336}]",Lesser Devil Lilith appears as a young prepubescent girl with dark mocha skin and blue hair. Her iris color is green with black sclera. Her teeth are noticeably pointed like Rachnera's.,51,51,0,0,,https://s4.anilist.co/file/anilistcdn/character/large/123257-4sbLmIzfI9bq.jpg,https://s4.anilist.co/file/anilistcdn/character/medium/123257-4sbLmIzfI9bq.jpg,,,,https://anilist.co/character/123257,,,
al136044,anilist,6,6,,,御剣響夜,Kyouya Mitsurugi,Maken no Yuusha (魔剣の勇者),男,,,动画|轻小说,动画,この素晴らしい世界に祝福を！,为美好的世界献上祝福！,2016,动画,"[{""t"":""この素晴らしい世界に祝福を！"",""cn"":""为美好的世界献上祝福！"",""ty"":""动画"",""y"":2016,""pop"":518169},{""t"":""この素晴らしい世界に祝福を！2"",""cn"":""为美好的世界献上祝福！ 第二季"",""ty"":""动画"",""y"":2017,""pop"":376691},{""t"":""この素晴らしい世界に祝福を！３"",""cn"":"""",""ty"":""动画"",""y"":2024,""pop"":179684},{""t"":""この素晴らしい世界に爆焔を！"",""cn"":""为美好的世界献上爆炎！"",""ty"":""动画"",""y"":2023,""pop"":123438},{""t"":""この素晴らしい世界に祝福を！ 2 この素晴らしい芸術に祝福を!"",""cn"":"""",""ty"":""动画"",""y"":2017,""pop"":112938},{""t"":""この素晴らしい世界に祝福を!"",""cn"":""为美好的世界献上祝福！"",""ty"":""轻小说"",""y"":2013,""pop"":17869}]",A Japanese citizen who was also reincarnated to the fantasy world by Aqua. He is one of Belzerg's strongest adventurers and wields the cursed sword Gram. The sword was his gift from Aqua.,28,28,0,0,,https://s4.anilist.co/file/anilistcdn/character/large/b136044-oWcFALodYp4n.jpg,https://s4.anilist.co/file/anilistcdn/character/medium/b136044-oWcFALodYp4n.jpg,,,,https://anilist.co/character/136044,,,
al131567,anilist,6,6,,,グスタフ,Gustav,Gustaf,男,,21,动画|漫画,动画,七つの大罪,七大罪,2014,动画,"[{""t"":""七つの大罪"",""cn"":""七大罪"",""ty"":""动画"",""y"":2014,""pop"":529134},{""t"":""七つの大罪 戒めの復活"",""cn"":""七大罪 戒律的复活"",""ty"":""动画"",""y"":2018,""pop"":286406},{""t"":""七つの大罪 聖戦の予兆"",""cn"":""七大罪 圣战的预兆"",""ty"":""动画"",""y"":2016,""pop"":171917},{""t"":""七つの大罪"",""cn"":""七大罪"",""ty"":""漫画"",""y"":2012,""pop"":55078}]",Gustaf is a Ruby ranked Holy Knight and Jericho's older brother.,18,18,0,0,,https://s4.anilist.co/file/anilistcdn/character/large/n131567-WZU3Lc8wkKDp.jpg,https://s4.anilist.co/file/anilistcdn/character/medium/n131567-WZU3Lc8wkKDp.jpg,,,,https://anilist.co/character/131567,,,
al1928,anilist,6,6,,,火口卿介,Kyosuke Higuchi,,男,,,动画|漫画,动画,DEATH NOTE,死亡笔记,2006,动画,"[{""t"":""DEATH NOTE"",""cn"":""死亡笔记"",""ty"":""动画"",""y"":2006,""pop"":961191},{""t"":""DEATH NOTE"",""cn"":""死亡笔记"",""ty"":""漫画"",""y"":2003,""pop"":99722},{""t"":""DEATH NOTE リライト"",""cn"":"""",""ty"":""动画"",""y"":2007,""pop"":44227}]",Kyosuke Higuchi is the head of Technology Development at the Yotsuba Corporation and one of the eight members of the Yotsuba a group inside of the Yotsuba Corporation that uses the Death Note to kill individuals from competing companies to…,5,5,0,0,,https://s4.anilist.co/file/anilistcdn/character/large/n1928-u4ybFpwCKqg2.png,https://s4.anilist.co/file/anilistcdn/character/medium/n1928-u4ybFpwCKqg2.png,,,,https://anilist.co/character/1928,,,
al73355,anilist,6,6,,,金原祐治,Yuuji Kanehara,,男,,,动画,动画,PSYCHO-PASS サイコパス,心理测量者,2012,动画,,,2,2,0,0,,https://s4.anilist.co/file/anilistcdn/character/large/73355.jpg,https://s4.anilist.co/file/anilistcdn/character/medium/73355.jpg,,,,https://anilist.co/character/73355,,,
vndb-c13728,vndb,6,7,,雷维阿坦,レヴィアタン,Leviathan,,女,,,Galgame,Galgame,うみねこのなく頃に,海猫鸣泣之时,2007,Galgame,"[{""t"":""うみねこのなく頃に"",""cn"":""海猫鸣泣之时"",""ty"":""Galgame"",""y"":2007,""pop"":13833},{""t"":""うみねこのなく頃に散"",""cn"":""海猫鸣泣之时散"",""ty"":""Galgame"",""y"":2009,""pop"":10973}]",贝阿朵莉切的家具，炼狱七姐妹中的次女，代表嫉妒。,13833,0,13833,10,,https://t.vndb.org/ch/31/32131.jpg,https://t.vndb.org/ch/31/32131.jpg,https://lain.bgm.tv/r/400/pic/crt/l/b6/22/9401_crt_bLFZz.jpg?r=1677397106,#4c312c #897f52 #c4a693 #ead9c8 #ffffff,Long Wavy Green Teen Slim Pale Fighting Red Jacket Necktie,,https://bgm.tv/character/9401,https://vndb.org/c13728,9401
al80243,anilist,6,7,,西宫硝子,西宮硝子,Shouko Nishimiya,Shoko / Shou / Sho / Sho-chan,女,A,12-20,动画|漫画,动画,聲の形,声之形,2016,动画,"[{""t"":""聲の形"",""cn"":""声之形"",""ty"":""动画"",""y"":2016,""pop"":716152},{""t"":""聲の形"",""cn"":""声之形"",""ty"":""漫画"",""y"":2013,""pop"":90670},{""t"":""聲の形"",""cn"":""声之形"",""ty"":""漫画"",""y"":2011,""pop"":14999},{""t"":""聲の形スペシャル"",""cn"":"""",""ty"":""动画"",""y"":2017,""pop"":10003},{""t"":""映画『聲の形』Special Book"",""cn"":"""",""ty"":""漫画"",""y"":2016,""pop"":4163}]",有着先天听觉障碍，因为听障的缺陷发声能力并不灵活（作品中有发声数次但发音不标准），尝试以手语与笔谈向班上同学交流，仍遭班上同学排挤孤立。经常被将也合伙同班上同学欺负，直到助听器毁损赔偿问题，将也被迫独自担负赔偿责任，欺负情况稍微缓和但仍处于孤立，尔后将也误解她的善意而互相打架，也因此再度转校。 在升上高中后生活过的很平顺，在学校也交到许多朋友，后来在手语教室与将也再度相会，对将也来找她与学会手语沟通的事感到惊讶，并表示感到高兴。,12629,12629,0,595,,https://s4.anilist.co/file/anilistcdn/character/large/b80243-RzxE51iUU5eq.png,https://s4.anilist.co/file/anilistcdn/character/medium/b80243-RzxE51iUU5eq.png,https://lain.bgm.tv/r/400/pic/crt/l/8a/c1/24760_crt_jru2j.jpg?r=1504948052,,,https://anilist.co/character/80243,https://bgm.tv/character/24760,,24760
vndb-c138,vndb,6,7,,神代巽,神代 巽,Kamiyo Tatsumi,,女,,,Galgame,Galgame,マブラヴ,Muv-Luv,2003,Galgame,"[{""t"":""マブラヴ"",""cn"":""Muv-Luv"",""ty"":""Galgame"",""y"":2003,""pop"":11564},{""t"":""マブラヴ　オルタネイティヴ"",""cn"":""Muv-Luv Alternative"",""ty"":""Galgame"",""y"":2006,""pop"":11333},{""t"":""マブラヴ ALTERED FABLE"",""cn"":""Muv-Luv ALTERED FABLE"",""ty"":""Galgame"",""y"":2007,""pop"":874},{""t"":""マブラヴ アンリミテッド ザ・デイアフター"",""cn"":"""",""ty"":""Galgame"",""y"":2010,""pop"":690},{""t"":""マブラヴ サプリメント"",""cn"":""Muv-Luv supplement"",""ty"":""Galgame"",""y"":2004,""pop"":521},{""t"":""ハルコマニアックス"",""cn"":"""",""ty"":""Galgame"",""y"":2010,""pop"":334}]",EXTRA編： 御剣家に仕える月詠直属の侍従。通称「三バカ」の1人。褐色の肌とストレートな毒舌が特徴。 勘違いが多く、はた迷惑なことばかりを引き起こす。武に仕えているという自覚が足りておらず、タメ口で話す事も多い。 なお巴・戎と連携することで絶技「噴射気流殺」を繰り出すことができるなど、御剣家に仕えるだけの力量は持ち合わせている模様。 UNLIMITED編 / ALTERNATIVE： 帝国斯衛軍少尉で。月詠の部下。「武御雷」A型（白）に搭乗。,11564,0,11564,1,,https://t.vndb.org/ch/70/170.jpg,https://t.vndb.org/ch/70/170.jpg,https://lain.bgm.tv/r/400/pic/crt/l/fc/15/92586_crt_uZ2D4.jpg,,Violet Ahoge Bob Cut Short Straight Teen Slim Cooking Olive Mask,,https://bgm.tv/character/92586,https://vndb.org/c138,92586
al89364,anilist,6,7,,佐藤和真,佐藤和真,Kazuma Satou,Kazutrash / Crapuma,男,,17,动画,动画,この素晴らしい世界に祝福を！,为美好的世界献上祝福！,2016,动画,"[{""t"":""この素晴らしい世界に祝福を！"",""cn"":""为美好的世界献上祝福！"",""ty"":""动画"",""y"":2016,""pop"":518169},{""t"":""この素晴らしい世界に祝福を！2"",""cn"":""为美好的世界献上祝福！ 第二季"",""ty"":""动画"",""y"":2017,""pop"":376691},{""t"":""この素晴らしい世界に祝福を！紅伝説"",""cn"":"""",""ty"":""动画"",""y"":2019,""pop"":242609},{""t"":""この素晴らしい世界に祝福を！３"",""cn"":"""",""ty"":""动画"",""y"":2024,""pop"":179684},{""t"":""この素晴らしい世界に祝福を！ この素晴らしいチョーカーに祝福を!"",""cn"":"""",""ty"":""动画"",""y"":2016,""pop"":127677},{""t"":""この素晴らしい世界に爆焔を！"",""cn"":""为美好的世界献上爆炎！"",""ty"":""动画"",""y"":2023,""pop"":123438}]",本作的主人公，是个喜欢电玩、动画、漫画的茧居尼特高中生。某天偶尔外出时碰上交通意外而身亡（被车子吓死）之后，带着阿克娅一起转生到异世界去。 身高约165上下，黑头发黑眼睛，是个随处可见的16岁青少年，职业是冒险者。自称是“真正的男女平等主义者”，就算对方是女性也会毫不留情的“对付”，也因为这样而被其他人取了“鬼畜和真”“变态的鬼畜男”等等的绰号。职业是冒险者，因为异常高的幸运值以及偷窃技能而意外的活跃。不喜欢惹事生非但却因为同伴们的关系而常被卷入各种事件内。,9956,9956,0,277,,https://s4.anilist.co/file/anilistcdn/character/large/b89364-7Th8Tv1XKJtt.png,https://s4.anilist.co/file/anilistcdn/character/medium/b89364-7Th8Tv1XKJtt.png,https://lain.bgm.tv/r/400/pic/crt/l/08/1d/35675_crt_9UAbW.jpg?r=1486080586,,,https://anilist.co/character/89364,https://bgm.tv/character/35675,,35675
vndb-c175675,vndb,6,7,,女子,女子,Joshi,南沢 泉理 / Minamisawa Senri / 杯田 理子 / Haida Riko,女,,,Galgame,Galgame,CHAOS;CHILD,混沌子,2014,Galgame,,ep.10,5122,0,5122,1,,https://t.vndb.org/ch/40/206540.jpg,https://t.vndb.org/ch/40/206540.jpg,https://lain.bgm.tv/r/400/pic/crt/l/91/12/33637_crt_1eeRE.jpg,#5f1e25 #99697a #cba3a6 #e2ccca #f2ecea #ffffff,Pink Waist Length+ Teen Slim Pale Disaster Blue Red Scar Dress,,https://bgm.tv/character/33637,https://vndb.org/c175675,33637
vndb-c26323,vndb,6,7,,,南沢 泉理,Minamisawa Senri,Mysterious Girl,女,O,,Galgame,Galgame,CHAOS;CHILD,混沌子,2014,Galgame,"[{""t"":""CHAOS;CHILD"",""cn"":""混沌子"",""ty"":""Galgame"",""y"":2014,""pop"":5122},{""t"":""カオスチャイルド らぶchu☆chu!!"",""cn"":"""",""ty"":""Galgame"",""y"":2017,""pop"":133}]",Childhood friend of Nono who allegedly died in the earthquake six years ago. Everything about her is hidden behind a shroud of a mystery.,5122,0,5122,0,,https://t.vndb.org/ch/11/48411.jpg,https://t.vndb.org/ch/11/48411.jpg,,#9c7986 #322e37 #d9b9be #ecdfe0 #f6f4f4 #ffffff,Pink Twin Tails Waist Length+ Teen Slim Pale Orphan Cooking Fighting Disaster,,,https://vndb.org/c26323,
al48391,anilist,6,7,,桐崎千棘,桐崎千棘,Chitoge Kirisaki,Gorilla / Mistress / Honey / Half-san,女,B,15-18,动画|漫画,动画,ニセコイ,伪恋,2014,动画,"[{""t"":""ニセコイ"",""cn"":""伪恋"",""ty"":""动画"",""y"":2014,""pop"":268300},{""t"":""ニセコイ："",""cn"":""伪恋"",""ty"":""动画"",""y"":2015,""pop"":165810},{""t"":""ニセコイ"",""cn"":""伪恋"",""ty"":""漫画"",""y"":2011,""pop"":56560},{""t"":""食戟のソーマ"",""cn"":""食戟之灵"",""ty"":""漫画"",""y"":2012,""pop"":47857},{""t"":""ニセコイ OVA"",""cn"":"""",""ty"":""动画"",""y"":2014,""pop"":41784},{""t"":""ニセコイ: OAD"",""cn"":""伪恋 OAD"",""ty"":""动画"",""y"":2016,""pop"":21558}]",本作のヒロイン。金髪ロング。アメリカからの転校生。ギャング「ビーハイブ」のボスの娘で、アメリカ人の父と日本人の母のハーフ。ビーハイブと集英組との抗争を鎮めるため、一条楽と恋人を演じる事になってしまう。 小さい頃に書いた日記帳に挟まっていた鍵を持っている。運動神経が抜群。勉強は、アメリカに住んでいたこともあり現代国語が苦手。しかし数学は得意で、楽よりも問題を早く解いた。料理は苦手。 転入直後は自らの境遇もあり友人を作るのが苦手であった。,4078,4078,0,577,,https://s4.anilist.co/file/anilistcdn/character/large/b48391-SuJot8cVKjHj.png,https://s4.anilist.co/file/anilistcdn/character/medium/b48391-SuJot8cVKjHj.png,https://lain.bgm.tv/r/400/pic/crt/l/16/09/16704_crt_EEaFu.jpg?r=1511248768,,,https://anilist.co/character/48391,https://bgm.tv/character/16704,,16704
vndb-c6187,vndb,6,7,,三泽羽居,三澤 羽居,Misawa Hanei,Hanepin,女,O,,Galgame,Galgame,歌月十夜,歌月十夜,2001,Galgame,"[{""t"":""歌月十夜"",""cn"":""歌月十夜"",""ty"":""Galgame"",""y"":2001,""pop"":3522},{""t"":""MELTY BLOOD"",""cn"":""月姬格斗"",""ty"":""Galgame"",""y"":2002,""pop"":1869}]",Misawa Hanei。浅上女子学园一年级学生，秋叶的室友。通称，Hanepin。 性格文静个子却不小。和小个子的苍香是一对凹凸组合，被周围学生评论“般配得要死。”苍香本人虽然在否定，但还是被当做Best Couple。 收拾整理完全无法自理的问题儿，东西都堆到了秋叶和苍香的桌子上。却又意外地心灵手巧并且性格细致入微，很会做些小物件。经常受到老师和学生请求，并且有求必应。因此常常忙得昏天黑地。 歌月十夜宵待闲话中登场，作为Type Moon里的治愈系，隐藏粉丝众多。,3522,0,3522,2,,https://t.vndb.org/ch/44/6344.jpg,https://t.vndb.org/ch/44/6344.jpg,https://lain.bgm.tv/r/400/pic/crt/l/54/97/161562_crt_ZUOsw.jpg,#27465f #9cabb5 #c6d6dd #787983 #f6d5c3 #fafcfc,Brown Long Straight Brown Teen Slim Pale Pajamas Necktie Knee-high Socks,,https://bgm.tv/character/161562,https://vndb.org/c6187,161562
al7467,anilist,6,7,,,ぺローナ,Perona,Ghost Princess,女,XF,23-,动画|漫画,动画,ONE PIECE,航海王,1999,动画,"[{""t"":""ONE PIECE"",""cn"":""航海王"",""ty"":""动画"",""y"":1999,""pop"":750384},{""t"":""ONE PIECE"",""cn"":""航海王"",""ty"":""漫画"",""y"":1997,""pop"":232766},{""t"":""ONE PIECE FILM RED"",""cn"":""航海王：红发歌姬"",""ty"":""动画"",""y"":2022,""pop"":78378},{""t"":""ONE PIECE STAMPEDE"",""cn"":""航海王：狂热行动"",""ty"":""动画"",""y"":2019,""pop"":62019},{""t"":""ONE PIECE FAN LETTER"",""cn"":"""",""ty"":""动画"",""y"":2024,""pop"":58152},{""t"":""ONE PIECE “3D2Y” エースの死を越えて! ルフィ仲間との誓い"",""cn"":"""",""ty"":""动画"",""y"":2014,""pop"":23907}]","160 cm (5'3"") Thriller Bark Pirates (Mysterious Four) Horo Horo no Mi (Hollow-Hollow Fruit) Paramecia Nicknamed the ""Ghost Princess"", Perona is a girl dressed in Gothic Lolita style and a commander in the army of [Gecko Moria](//anilist.co/…",2345,2345,0,0,,https://s4.anilist.co/file/anilistcdn/character/large/b7467-0xxnaxQGfhkY.jpg,https://s4.anilist.co/file/anilistcdn/character/medium/b7467-0xxnaxQGfhkY.jpg,,,,https://anilist.co/character/7467,,,
al196521,anilist,6,7,,,朝倉シン,Shin Asakura,心,男,,20,动画|漫画,动画,SAKAMOTO DAYS,,2025,动画,"[{""t"":""SAKAMOTO DAYS"",""cn"":"""",""ty"":""动画"",""y"":2025,""pop"":220325},{""t"":""SAKAMOTO DAYS 第２クール"",""cn"":"""",""ty"":""动画"",""y"":2025,""pop"":102983},{""t"":""SAKAMOTO DAYS"",""cn"":"""",""ty"":""漫画"",""y"":2020,""pop"":88751},{""t"":""SAKAMOTO DAYS 第2期"",""cn"":"""",""ty"":""动画"",""y"":2027,""pop"":22322},{""t"":""SAKAMOTO HOLIDAYS"",""cn"":"""",""ty"":""漫画"",""y"":2024,""pop"":1383},{""t"":""SAKAMOTO-サカモト-"",""cn"":"""",""ty"":""漫画"",""y"":2019,""pop"":1314}]",172 cm Shin is a ex-hitman turned employee who works for [Sakamoto](//anilist.co/character/196522/Sakamoto-Tarou). He has the ability to hear the thoughts of those around him.,1440,1440,0,0,,https://s4.anilist.co/file/anilistcdn/character/large/b196521-bedknWj9u7s2.png,https://s4.anilist.co/file/anilistcdn/character/medium/b196521-bedknWj9u7s2.png,,,,https://anilist.co/character/196521,,,
vndb-c1888,vndb,6,7,,,観波 加奈,Minami Kana,,女,AB,,Galgame,Galgame,いろとりどりのセカイ,,2011,Galgame,"[{""t"":""いろとりどりのセカイ"",""cn"":"""",""ty"":""Galgame"",""y"":2011,""pop"":1422},{""t"":""いろとりどりのヒカリ"",""cn"":"""",""ty"":""Galgame"",""y"":2012,""pop"":632},{""t"":""紅い瞳に映るセカイ"",""cn"":"""",""ty"":""Galgame"",""y"":2015,""pop"":392}]","Cute clothes, meal time Free time Favorite Short cake Disliked None A young girl saved by Yuuma when she falls from a lighthouse.",1422,0,1422,0,,https://t.vndb.org/ch/16/38516.jpg,https://t.vndb.org/ch/16/38516.jpg,,#951653 #c95065 #cf9ca6 #ddc3ea #f6eae2 #fefefe,Red Ahoge Waist Length+ Curtained Straight Teen Slim Pale School Uniform Dress Shoes,,,https://vndb.org/c1888,
vndb-c1186,vndb,6,7,,,千堂 瑛里華,Sendou Erika,えりりん / Eririn,女,B,,Galgame,Galgame,FORTUNE ARTERIAL,,2008,Galgame,,"Erika is also a fifth-year student, as well as the student council vice-president. She is a vampire. She is strong in literature classes and martial arts, and is very attractive, making her popular in her school.",862,0,862,0,,https://t.vndb.org/ch/86/12886.jpg,https://t.vndb.org/ch/86/12886.jpg,,#8a3c45 #c5906e #e8cca2 #f3e7d9 #fbfaf8,Blond Antenna Waist Length+ Wavy Teen Slim Pale School Uniform Proactive Master,,,https://vndb.org/c1186,
al1904,anilist,6,7,1982,,魅上照,Teru Mikami,,男,A,27,动画|漫画,动画,DEATH NOTE,死亡笔记,2006,动画,"[{""t"":""DEATH NOTE"",""cn"":""死亡笔记"",""ty"":""动画"",""y"":2006,""pop"":961191},{""t"":""DEATH NOTE"",""cn"":""死亡笔记"",""ty"":""漫画"",""y"":2003,""pop"":99722},{""t"":""DEATH NOTE リライト"",""cn"":"""",""ty"":""动画"",""y"":2007,""pop"":44227}]","175 cm (5'9"") A young man with a strong feeling for justice, and who worships [Kira](//anilist.co/character/80/Yagami-Light) and refers to him as ""God"". He is prepared to help Kira by any means, even if it means sacrificing his own life.",688,688,0,0,,https://s4.anilist.co/file/anilistcdn/character/large/n1904-xKw2NgiE6VbU.jpg,https://s4.anilist.co/file/anilistcdn/character/medium/n1904-xKw2NgiE6VbU.jpg,,,,https://anilist.co/character/1904,,,
vndb-c46113,vndb,6,7,,,,Rui Hayata,,女,,,Galgame,Galgame,Lucid9,,2016,Galgame,,"Yama's childhood friend, back in Seto.",598,0,598,0,,https://t.vndb.org/ch/50/159150.jpg,https://t.vndb.org/ch/50/159150.jpg,,#c78d8f #764f5a #e2c6c0 #f1e5e0 #fcf7f1 #ffffff,Long Straight Teen Slim Pale School Uniform Cooking Amber Apron Necktie,,,https://vndb.org/c46113,
al75082,anilist,6,7,,,牧野かんな,Kanna Makino,,女,O,,动画|轻小说,动画,たまこまーけっと,,2013,动画,"[{""t"":""たまこまーけっと"",""cn"":"""",""ty"":""动画"",""y"":2013,""pop"":128837},{""t"":""たまこラブストーリー"",""cn"":"""",""ty"":""动画"",""y"":2014,""pop"":120506},{""t"":""たまこまーけっと ぺったんこアニメ"",""cn"":"""",""ty"":""动画"",""y"":2013,""pop"":10902},{""t"":""たまこまーけっと"",""cn"":"""",""ty"":""轻小说"",""y"":2013,""pop"":564}]","153 cm (5'0"") Kanna is a high school student in the same year as her friends, [Tamako](//anilist.co/character/74850/Kitashirakawa-Tamako) and [Midori](//anilist.co/character/75080/Tokiwa-Midori), and is a member of the baton club.",563,563,0,0,,https://s4.anilist.co/file/anilistcdn/character/large/b75082-UZLQGACELKnF.png,https://s4.anilist.co/file/anilistcdn/character/medium/b75082-UZLQGACELKnF.png,,,,https://anilist.co/character/75082,,,
al161743,anilist,6,7,,,夏凪渚,Nagisa Natsunagi,,女,,18,动画|漫画|轻小说,动画,探偵はもう、死んでいる。,,2021,动画,"[{""t"":""探偵はもう、死んでいる。"",""cn"":"""",""ty"":""动画"",""y"":2021,""pop"":129083},{""t"":""探偵はもう、死んでいる。Season2"",""cn"":"""",""ty"":""动画"",""y"":2026,""pop"":19541},{""t"":""探偵はもう、死んでいる。"",""cn"":"""",""ty"":""轻小说"",""y"":2019,""pop"":3179},{""t"":""探偵はもう、死んでいる。"",""cn"":"""",""ty"":""漫画"",""y"":2020,""pop"":2688},{""t"":""探偵はもう、死んでいる。-the lost memory-"",""cn"":"""",""ty"":""漫画"",""y"":2021,""pop"":535},{""t"":""夏凪渚はまだ、女子高生でいたい"",""cn"":"""",""ty"":""轻小说"",""y"":2023,""pop"":52}]",A girl who asks [Kimizuka](//anilist.co/character/161741/Kimizuka-Kimihiko) to search for someone.,383,383,0,0,,https://s4.anilist.co/file/anilistcdn/character/large/b161743-D8umYK2UVPpq.png,https://s4.anilist.co/file/anilistcdn/character/medium/b161743-D8umYK2UVPpq.png,,,,https://anilist.co/character/161743,,,
al151769,anilist,6,7,,,バラム・シチロウ,Shichirou Balam,Gargoyle,男,,,动画|漫画,动画,魔入りました！入間くん 第2シリーズ,入间同学入魔了 第二季,2021,动画,"[{""t"":""魔入りました！入間くん 第2シリーズ"",""cn"":""入间同学入魔了 第二季"",""ty"":""动画"",""y"":2021,""pop"":106270},{""t"":""魔入りました！入間くん 第3シリーズ"",""cn"":""入间同学入魔了 第三季"",""ty"":""动画"",""y"":2022,""pop"":73866},{""t"":""魔入りました！入間くん"",""cn"":""入间同学入魔了"",""ty"":""漫画"",""y"":2017,""pop"":37598},{""t"":""魔入りました！入間くん if Episode of 魔フィア"",""cn"":"""",""ty"":""漫画"",""y"":2023,""pop"":3806},{""t"":""魔入りました！入間くん カルエゴ外伝"",""cn"":"""",""ty"":""漫画"",""y"":2021,""pop"":2140},{""t"":""放課後の！入間くん"",""cn"":"""",""ty"":""漫画"",""y"":2020,""pop"":1228}]",Mythical Zoology teacher at Babyls. He's close friends with [Kalego](//anilist.co/character/135021/Naberius-Kalego) as they were classmates in the past. He's a Cheth (8) Rank.,287,287,0,0,,https://s4.anilist.co/file/anilistcdn/character/large/b151769-xLpsBpGJS1RT.png,https://s4.anilist.co/file/anilistcdn/character/medium/b151769-xLpsBpGJS1RT.png,,,,https://anilist.co/character/151769,,,
vndb-c21661,vndb,6,7,,,,Alexy,,男,O,,Galgame,Galgame,Amour Sucré: High School Life,,2014,Galgame,,"Alexy is a cheerful and energetic boy attending Sweet Amoris. He joins the school in together with his twin brother Armin. He isn't datable in the game, due to the fact that he prefers boys.",279,0,279,0,,https://t.vndb.org/ch/27/70327.jpg,https://t.vndb.org/ch/27/70327.jpg,,#ef9f74 #37487d #7191d3 #e9d2c5 #f4f7f7,Blue Violet Outgoing Twin Brother High School Student Non-blood-related Son Homosexual Headphones Stylish,,,https://vndb.org/c21661,
vndb-c21660,vndb,6,7,,,,Armin,,男,O,,Galgame,Galgame,Amour Sucré: High School Life,,2014,Galgame,,"Armin is Alexy's twin brother. He is known for his passion for video games, hatred for the outdoors, and often makes various geek references. It's also revealed that he cosplays.",279,0,279,0,,https://t.vndb.org/ch/28/70328.jpg,https://t.vndb.org/ch/28/70328.jpg,,#697681 #1f1f21 #b0b6b9 #f0f0ef #fdfdfd,Black Blue Scarf Lazy Carefree Twin Brother High School Student Gamer Cosplay Bracelet,,,https://vndb.org/c21660,
vndb-c11078,vndb,6,7,,,,John Brandon,,男,,,Galgame,Galgame,Backstage Pass,,2016,Galgame,,"A British actor known around the world for his role as the lead character in the long-running TV Drama, Knight Errant. John’s poised, polished, and mature, but he’s grown a bit tired of a one-note career.",225,0,225,0,,https://t.vndb.org/ch/30/12630.jpg,https://t.vndb.org/ch/30/12630.jpg,,#9d8a82 #c2b1a6 #2f3135 #ecded7 #ffffff,Blond Short Slim Pale Blue Adult British Actor Famous Bisexual,,,https://vndb.org/c11078,
vndb-c112185,vndb,6,7,,,,Edwin Turner,,男,,,Galgame,Galgame,Pale Carnations,,2026,Galgame,,Protagonist of the story. Hired to work at the Carnations Club and serves as the handler for the three Carnations during the pageant.,217,0,217,0,,https://t.vndb.org/ch/51/134751.jpg,https://t.vndb.org/ch/51/134751.jpg,,#906956 #050912 #493731 #1a130f #020203 #27221f,Brown Short Trousers Dress Shoes Proactive Hard Worker Cunnilingus Anilingus Green Young-adult,,,https://vndb.org/c112185,
vndb-c127851,vndb,6,7,,,コハナ,Kohana,,女,B,,Galgame,Galgame,あまいろショコラータ 3,,2023,Galgame,,,207,0,207,0,,https://t.vndb.org/ch/87/150787.jpg,https://t.vndb.org/ch/87/150787.jpg,,#ac8191 #d1b4c1 #e2d3dc #f0e9ec #f9f5f6 #ffffff,White Waist Length+ Teen Slim Pale Missionary Cowgirl Virgin Sex Red Dress,,,https://vndb.org/c127851,
vndb-c13729,vndb,6,8,,撒旦,サタン,Satan,,女,,,Galgame,Galgame,うみねこのなく頃に,海猫鸣泣之时,2007,Galgame,"[{""t"":""うみねこのなく頃に"",""cn"":""海猫鸣泣之时"",""ty"":""Galgame"",""y"":2007,""pop"":13833},{""t"":""うみねこのなく頃に散"",""cn"":""海猫鸣泣之时散"",""ty"":""Galgame"",""y"":2009,""pop"":10973}]",贝阿朵莉切的家具，炼狱七姐妹中的三女，代表愤怒。,13833,0,13833,11,1,https://t.vndb.org/ch/38/32138.jpg,https://t.vndb.org/ch/38/32138.jpg,https://lain.bgm.tv/r/400/pic/crt/l/3e/d7/9042_crt_UNdzu.jpg?r=1677396942,#503030 #91786e #c9b2a0 #eadecb #ffffff,White Long Teen Slim Pale Fighting Red Jacket Necktie Half-Skirt,,https://bgm.tv/character/9042,https://vndb.org/c13729,9042
vndb-c113,vndb,6,8,,香月夕呼,香月 夕呼,Kouzuki Yuuko,,女,,,Galgame,Galgame,マブラヴ,Muv-Luv,2003,Galgame,"[{""t"":""マブラヴ"",""cn"":""Muv-Luv"",""ty"":""Galgame"",""y"":2003,""pop"":11564},{""t"":""マブラヴ　オルタネイティヴ"",""cn"":""Muv-Luv Alternative"",""ty"":""Galgame"",""y"":2006,""pop"":11333},{""t"":""マブラヴ ALTERED FABLE"",""cn"":""Muv-Luv ALTERED FABLE"",""ty"":""Galgame"",""y"":2007,""pop"":874},{""t"":""マブラヴ サプリメント"",""cn"":""Muv-Luv supplement"",""ty"":""Galgame"",""y"":2004,""pop"":521},{""t"":""マブラヴ オルタネイティヴ クロニクルズ 告白"",""cn"":"""",""ty"":""Galgame"",""y"":2011,""pop"":430},{""t"":""マブラヴ オルタネイティヴ クロニクルズ 再誕"",""cn"":"""",""ty"":""Galgame"",""y"":2012,""pop"":300}]",EXTRA世界中是武的物理教师。性格有点过激，很喜欢有趣的事情。与外表不同，实质是个超级天才，受反权威主义宣扬的相关言论影响，被学术界封杀，自愿成为物理老师。和麻理茉是欢喜冤家。 UNLIMITED/ALTERNATIVE世界中是天才物理学家同时也以横滨基地的副司令身分，担任“ALTERNATIVE4”计划的最高负责人。武能加入训练部队全是拜她所赐，同时武所持有的高级保全ID也是她为了便宜行事而给予的。而她的行动仍有许多谜团。,11564,0,11564,124,,https://t.vndb.org/ch/44/144.jpg,https://t.vndb.org/ch/44/144.jpg,https://lain.bgm.tv/r/400/pic/crt/l/30/c7/26638_crt_Ij4j3.jpg?r=1637921091,#84351f #dd9c39 #5a6267 #a59a95 #2d3132 #ddd5c8,Violet Long Straight Slim Pale Trousers Proactive Red Young-adult Secretive,,https://bgm.tv/character/26638,https://vndb.org/c113,26638
al90005,anilist,6,8,,忌村静子,忌村静子,Seiko Kimura,Ultimate Pharmacist / Super High School Level Pharmacist (超高校級の薬剤師) / Former Ultimate Pharmacist / Ultimate Pharmacist,女,A,,动画|漫画|Galgame,动画,ダンガンロンパ３ –The End of 希望ヶ峰学園– 未来編,,2016,动画,"[{""t"":""ダンガンロンパ３ –The End of 希望ヶ峰学園– 未来編"",""cn"":"""",""ty"":""动画"",""y"":2016,""pop"":90791},{""t"":""ダンガンロンパ3 -The End of 希望ヶ峰学園-　絶望編"",""cn"":""弹丸论破3 -The End of 希望之峰学园- 绝望篇"",""ty"":""动画"",""y"":2016,""pop"":89210},{""t"":""スーパーダンガンロンパ2.5 狛枝凪斗と世界の破壊者"",""cn"":""超级弹丸论破2.5 狛枝凪斗与世界的破坏者"",""ty"":""动画"",""y"":2017,""pop"":34341},{""t"":""ダンガンロンパ3 モノクマ劇場"",""cn"":"""",""ty"":""动画"",""y"":2016,""pop"":13672},{""t"":""ニューダンガンロンパV3 みんなのコロシアイ新学期"",""cn"":""新弹丸论破V3 大家的自相残杀新学期"",""ty"":""Galgame"",""y"":2017,""pop"":8847},{""t"":""ダンガンロンパ3 -The End of 希望ヶ峰学園- 未来編/絶望編 電撃コミックアンソロジー"",""cn"":"""",""ty"":""漫画"",""y"":2016,""pop"":443}]",原·超高校级的药剂师 第四支部支部长。希望之峰学园第76期生。 原超高校级的药剂师。 兴致很低，用着排列一段一段的词汇的形式说话。因为带着口罩故而无法看到表情，让人捉摸不透她的所思所想。,8847,262,8847,12,,https://s4.anilist.co/file/anilistcdn/character/large/b90005-amaPrni4bwZ8.jpg,https://s4.anilist.co/file/anilistcdn/character/medium/b90005-amaPrni4bwZ8.jpg,https://t.vndb.org/ch/39/67439.jpg|https://lain.bgm.tv/r/400/pic/crt/l/07/30/40664_crt_3z3ty.jpg?r=1461656501,,Slim Violet Young-adult Gloves Pantyhose Bandages Reserved Low Self-esteem Altruistic Coworker,https://anilist.co/character/90005,https://bgm.tv/character/40664,https://vndb.org/c56562,40664
al88412,anilist,6,8,,铃屋什造,鈴屋什造,Juuzou Suzuya,Rei,男,AB,,动画|漫画,动画,東京喰種 トーキョーグール,东京喰种,2014,动画,"[{""t"":""東京喰種 トーキョーグール"",""cn"":""东京喰种"",""ty"":""动画"",""y"":2014,""pop"":739775},{""t"":""東京喰種[トーキョーグール]√A"",""cn"":""东京喰种√A"",""ty"":""动画"",""y"":2015,""pop"":406723},{""t"":""東京喰種-トーキョーグール-:re"",""cn"":""东京喰种:re"",""ty"":""动画"",""y"":2018,""pop"":307841},{""t"":""東京喰種-トーキョーグール-:re 2"",""cn"":"""",""ty"":""动画"",""y"":2018,""pop"":237376},{""t"":""東京喰種 トーキョーグール"",""cn"":""东京喰种"",""ty"":""漫画"",""y"":2011,""pop"":196324},{""t"":""東京喰種-トーキョーグール-:re"",""cn"":""东京喰种:re"",""ty"":""漫画"",""y"":2014,""pop"":104047}]",6月8日生日，雙子座。AB型。160公分／47公斤。 篠原的搭檔，與金木同齡。外貌偏中性的男性角色。喜歡身體改造藝術，所以全身上下有多處縫合的痕跡。非學院出身，以特例之身份就任喰種搜查官。與金木同樣身上有著容易吸引喰種接近的味道。 平時總是開朗像少年一般的性格，但同時似乎也欠缺常人所擁有的常識及道德觀。從與金木初次相遇便隨意竊取其皮夾，或是被激怒時會毫不猶豫攻擊、傷害人等行為中可知一二。 在青桐樹討伐戰半年後，晉升為二級搜查官。,8052,8052,0,66,,https://s4.anilist.co/file/anilistcdn/character/large/b88412-sIOJUnIkyFRe.png,https://s4.anilist.co/file/anilistcdn/character/medium/b88412-sIOJUnIkyFRe.png,https://lain.bgm.tv/r/400/pic/crt/l/1d/3c/27055_crt_lBx21.jpg?r=1442684299,,,https://anilist.co/character/88412,https://bgm.tv/character/27055,,27055
al274071,anilist,6,8,,鸣濑白羽,鳴瀬しろは,Shiroha Naruse,Watermelon Bar-san / スイカお姉さん / Suika-oneesan / スイカバーさん,女,,17,动画|漫画|Galgame,动画,Summer Pockets,夏日口袋,2025,动画,"[{""t"":""Summer Pockets"",""cn"":""夏日口袋"",""ty"":""动画"",""y"":2025,""pop"":37239},{""t"":""Summer Pockets"",""cn"":""夏日口袋"",""ty"":""Galgame"",""y"":2018,""pop"":4738},{""t"":""Summer Pockets 久島鴎編"",""cn"":"""",""ty"":""动画"",""y"":2025,""pop"":2206},{""t"":""Summer Pockets 鳴瀬しろは編"",""cn"":"""",""ty"":""动画"",""y"":2025,""pop"":943},{""t"":""Summer Pockets―なつのたからもの―"",""cn"":"""",""ty"":""漫画"",""y"":2025,""pop"":108},{""t"":""スイカバーの1日"",""cn"":"""",""ty"":""漫画"",""y"":2020,""pop"":43}]",夏休みを忘れた少女 身長：155cm 体重：39kg 3サイズ：B81 W56 H83 趣味：料理 好物：スイカバー 座右の銘：明日には明日の風を吹く 原画：Na-Ga CV：小原好美 クールで、人見知りをする島の少女。 親しいのは肉親である祖父ぐらいで、島では孤立している。 一人でいる期間が長かったせいで人との付き合い方がわからず、時に人の心を考えないことも言ってしまうこともある。 島の外れなどで海を眺めている事が多い。 「私にあまりかまわないほうがいいよ」,4738,295,4738,806,,https://s4.anilist.co/file/anilistcdn/character/large/b274071-9lvsb2dkcSCK.png,https://s4.anilist.co/file/anilistcdn/character/medium/b274071-9lvsb2dkcSCK.png,https://t.vndb.org/ch/37/82437.jpg|https://lain.bgm.tv/r/400/pic/crt/l/d6/16/59846_crt_5PYvw.jpg?r=1726452509,,White Ponytail Waist Length+ Wavy Teen Slim Pale School Uniform Orphan Cooking,https://anilist.co/character/274071,https://bgm.tv/character/59846,https://vndb.org/c55091,59846
vndb-c85774,vndb,6,8,,真津下应太,真津下 応太,Matsushita Outa,K G (@KetoneGrade) / Mato / Pongo Ponko (@author_orangutan) / optical protein fiber (@opticilium),男,,,Galgame,Galgame,AI：ソムニウム ファイル,AI：梦境档案,2019,Galgame,"[{""t"":""AI：ソムニウム ファイル"",""cn"":""AI：梦境档案"",""ty"":""Galgame"",""y"":2019,""pop"":4117},{""t"":""AI: ソムニウムファイル ニルヴァーナイニシアチブ"",""cn"":""AI：梦境档案 涅槃肇始"",""ty"":""Galgame"",""y"":2022,""pop"":1753},{""t"":""伊達鍵は眠らない – From AI：ソムニウムファイル"",""cn"":""无法成眠的伊达键 - From AI：梦境档案"",""ty"":""Galgame"",""y"":2025,""pop"":276}]",打算成为轻小说作家的网络偶像宅，是A-set的狂热粉丝，性格胆小有些保守。,4117,0,4117,3,,https://t.vndb.org/ch/06/135606.jpg,https://t.vndb.org/ch/06/135606.jpg,https://lain.bgm.tv/r/400/pic/crt/l/1a/4a/69401_crt_eSSp2.jpg?r=1554115279,#66848c #372c2f #d6d0c6 #b0b1ab #ffffff,Brown Short Brown Teen Pale Trousers Cooking Coat Sports Shoes Knife,,https://bgm.tv/character/69401,https://vndb.org/c85774,69401
vndb-c3857,vndb,6,8,,,島津 澪,Shimazu Mio,,女,,,Galgame,Galgame,この世の果てで恋を唄う少女YU-NO,,1996,Galgame,,"The mayor's prestigious daughter and student at Takuya's school. Rather than having any sort of interest in Takuya, Mio is far more concerned in continuing some of Arima Kodai's research, and spends her time studying Sword Cape.",2242,0,2242,0,,https://t.vndb.org/ch/53/4353.jpg,https://t.vndb.org/ch/53/4353.jpg,,#9f5753 #da9b89 #72959c #363131 #dacdcd #f6f5f8,Blond Long Wavy School Uniform Hard Worker Missionary Virgin Sex Hazel Tsundere Girlfriend,,,https://vndb.org/c3857,
vndb-c39733,vndb,6,8,,,笹塚 尊,Sasazuka Takeru,Seaweed / Seaweed Head,男,B,,Galgame,Galgame,Collar x Malice,,2016,Galgame,"[{""t"":""Collar x Malice"",""cn"":"""",""ty"":""Galgame"",""y"":2016,""pop"":1496},{""t"":""Collar x Malice -Unlimited-"",""cn"":"""",""ty"":""Galgame"",""y"":2018,""pop"":511}]","A hacker who previously worked for the Cyber Crimes Division at HQ. He quit after a few months for personal reasons. He's exceptionally smart and skilled, though he's self-centered, brusque, and is always looking for some way to use people…",1496,0,1496,0,,https://t.vndb.org/ch/61/112361.jpg,https://t.vndb.org/ch/61/112361.jpg,,#ae7c65 #413a37 #c1c8bb #e8e2dc #f7f4f1 #ffffff,Wavy Short Teen Slim Pale Trousers Dress Shoes Red Muscular Necktie,,,https://vndb.org/c39733,
vndb-c17114,vndb,6,8,,,アリア・アリアリア,Aria Aliialia,Aria-chan,女,,,Galgame,Galgame,ぜったい最胸☆おっぱい戦争!! ～巨乳王国vs貧乳王国～,,2012,Galgame,,"An elf who lives in the forest with Nico and is the Flat Chest Tribe’s Maiden. To the untrained eye, without a good grasp of Elf life spans and aging, she appears to be quite young; but she’s easily over a thousand years old.",1299,0,1299,0,1,https://t.vndb.org/ch/56/21656.jpg,https://t.vndb.org/ch/56/21656.jpg,,#311833 #6073b7 #734061 #b4a4b8 #dad8d5 #fdfcfb,Blue Long Wavy Brown Magician Missionary Cowgirl Virgin Sex Dress Hat,,,https://vndb.org/c17114,
vndb-c38347,vndb,6,8,,,ステラ 舞扇,Stella Maiougi,Sumiko Maiougi,女,,,Galgame,Galgame,ローズガンズデイズ,,2012,Galgame,,"The sister of Richard, and the top ""lady of the night"" working for Club Primavera. She was one of the faction leaders who agreed to make Rose the Madam of Primavera (the other two being Meryl and Amanda). [TV tropes]",1103,0,1103,0,1,https://t.vndb.org/ch/41/46341.jpg,https://t.vndb.org/ch/41/46341.jpg,,#554766 #8f7878 #d5baa8 #faebd6 #f0edeb #ffffff,Blue Waist Length+ Straight Slim Pale Fighting Violet Young-adult Dress Necklace,,,https://vndb.org/c38347,
al27153,anilist,6,8,1985,,トリッシュ・ウナ,Trish Una,,女,A,15,动画|漫画|轻小说,动画,ジョジョの奇妙な冒険 黄金の風,JOJO的奇妙冒险 黄金之风,2018,动画,"[{""t"":""ジョジョの奇妙な冒険 黄金の風"",""cn"":""JOJO的奇妙冒险 黄金之风"",""ty"":""动画"",""y"":2018,""pop"":300006},{""t"":""ジョジョの奇妙な冒険 黄金の風"",""cn"":""JOJO的奇妙冒险 黄金之风"",""ty"":""漫画"",""y"":1995,""pop"":39602},{""t"":""JORGE JOESTAR"",""cn"":"""",""ty"":""轻小说"",""y"":2012,""pop"":2987},{""t"":""ジョジョの奇妙な冒険II ゴールデンハート／ゴールデンリング"",""cn"":"""",""ty"":""轻小说"",""y"":2001,""pop"":1848}]","163 cm (5'4"") The sole female member of [Buccellati](//anilist.co/character/13045/Bucciarati-Bruno)'s gang. She is the daughter to their boss, [Diavolo](//anilist.co/character/27155/Diavolo), and was living a normal life before she found ou…",952,952,0,0,,https://s4.anilist.co/file/anilistcdn/character/large/b27153-D3ru0eppKXRu.png,https://s4.anilist.co/file/anilistcdn/character/medium/b27153-D3ru0eppKXRu.png,,,,https://anilist.co/character/27153,,,
vndb-c10796,vndb,6,8,,,御門 まりや,Mikado Mariya,茉莉花の君 / Matsurika no Kimi,女,O,,Galgame,Galgame,処女はお姉さまに恋してる,,2005,Galgame,,"Mariya is Mizuho's first cousin and childhood friend who knows him very well. When it was decided that Mizuho would transfer to the all-girls school she also attends, she took it upon herself to transform him into a beautiful girl by use of…",923,0,923,0,,https://t.vndb.org/ch/61/12161.jpg,https://t.vndb.org/ch/61/12161.jpg,,#55384a #9e6f79 #d1b4b9 #e6dad8 #f3f2f2 #ffffff,Bob Cut Curtained Short Teen Slim Pale School Uniform Doggy Style Virgin Sex Red,,,https://vndb.org/c10796,
vndb-c97055,vndb,6,8,,,峰越 琴雛,Minekoshi Kotohina,,女,B,,Galgame,Galgame,俺の恋天使がポンコツすぎてコワ～い。,,2021,Galgame,,,801,0,801,0,,https://t.vndb.org/ch/70/118670.jpg,https://t.vndb.org/ch/70/118670.jpg,,#a5606c #4f4352 #c6b1b1 #efe2d9 #faf6ed #ffffff,Red Twin Tails Long Slim Pale Virgin Sex Blue Young-adult Earrings Pantyhose,,,https://vndb.org/c97055,
vndb-c37393,vndb,6,8,,,平 慎二,Taira Shinji,,男,AB,,Galgame,Galgame,君が望む永遠,你所期望的永远,2001,Galgame,"[{""t"":""君が望む永遠"",""cn"":""你所期望的永远"",""ty"":""Galgame"",""y"":2001,""pop"":680},{""t"":""君が望む永遠 ～special FanDisk～"",""cn"":"""",""ty"":""Galgame"",""y"":2004,""pop"":78},{""t"":""君が望む永遠 another episode 悲しみは風のように"",""cn"":"""",""ty"":""Galgame"",""y"":2008,""pop"":46}]",The best friend and classmate of Narumi Takayuki and Hayase Mitsuki.,680,0,680,0,,https://t.vndb.org/ch/99/113799.jpg,https://t.vndb.org/ch/99/113799.jpg,,#a38061 #6d5640 #c4ab93 #303028 #697170 #ede6e1,Brown Short Brown Slim Pale School Uniform Proactive Hard Worker Suit Shirt,,,https://vndb.org/c37393,
vndb-c910,vndb,6,8,,,千歳 佐奈,Chitose Sana,,女,,,Galgame,Galgame,天神乱漫 LUCKY or UNLUCKY!?,,2009,Galgame,,"Haruki's younger sister, kind to everyone, good at housework, whether it’s cooking or laundry, she can handle it all. She has a big brother complex, and is always panicking whenever she says embarrassing things in front of Haruki, and is sc…",645,0,645,0,,https://t.vndb.org/ch/55/94655.jpg,https://t.vndb.org/ch/55/94655.jpg,,#d9ac80 #805f65 #d8ccc5 #fcf7f7 #ece9e9,Blond Odango Twin Tails Long Straight Teen Slim Pale School Uniform Cooking,,,https://vndb.org/c910,
vndb-c68009,vndb,6,8,,,ナオミ,Naomi,Nao,女,A,,Galgame,Galgame,Tropical Liquor,,2018,Galgame,,"""I'll pitch in too, just for you!"" A childhood friend from the same neighbourhood as you; she's just like a little sister. Incredible cheerful and energetic by nature, she's very liberal -- perhaps too liberal -- around you.",456,0,456,0,,https://t.vndb.org/ch/23/81923.jpg,https://t.vndb.org/ch/23/81923.jpg,,#e49a7f #f7d197 #a75f74 #74c8ea #ecdad4 #fdfbf8,Brown Ahoge Twin Tails Waist Length+ Straight Slim Pale Virgin Sex Blue Young-adult,,,https://vndb.org/c68009,
vndb-c28573,vndb,6,8,,,江夏 あやめ,Enatsu Ayame,Deuxieme,女,,,Galgame,Galgame,君を仰ぎ乙女は姫に,,2011,Galgame,,"A dependable upperclassmen who looks out for Satoshi. Thanks to her kind nature, everyone adores her. As the daughter of a world-renowned manga author, she is interested in drawing manga as well.",395,0,395,0,,https://t.vndb.org/ch/30/34630.jpg,https://t.vndb.org/ch/30/34630.jpg,,#811348 #c58596 #e9b9c7 #f3e5e0 #f6f4f3 #ffffff,Pink Shoulder-length Virgin Sex Dress Evening Gloves Miniskirt Thigh-high Stockings Friendly Senpai Boobjob,,,https://vndb.org/c28573,
vndb-c89286,vndb,6,8,,,,Miku Maruyama,Champion of Justice and Soccer,女,,,Galgame,Galgame,Lessons in Love,,2022,Galgame,,"A short tomboy who seems supplied with endless energy, Miku is the star of the school's soccer team. Alas, her athletic talents do not extend to her schoolwork, where thankfully her roommate has the ability and patience to help her through…",342,0,342,0,,https://t.vndb.org/ch/20/118120.jpg,https://t.vndb.org/ch/20/118120.jpg,,#59231c #e89e91 #d8d0cf #e1e4e8 #f4f7f9 #ffffff,Brown Ahoge Teen Slim School Uniform Student Amber Pajamas Airhead Friendly,,,https://vndb.org/c89286,
al89058,anilist,6,8,,,天霧綾斗,Ayato Amagiri,,男,,,动画|漫画|轻小说,动画,学戦都市アスタリスク,,2015,动画,"[{""t"":""学戦都市アスタリスク"",""cn"":"""",""ty"":""动画"",""y"":2015,""pop"":156673},{""t"":""学戦都市アスタリスク 2"",""cn"":"""",""ty"":""动画"",""y"":2016,""pop"":104097},{""t"":""学戦都市アスタリスク"",""cn"":"""",""ty"":""漫画"",""y"":2013,""pop"":2875},{""t"":""学戦都市アスタリスク"",""cn"":"""",""ty"":""轻小说"",""y"":2012,""pop"":2463}]",He transfers to Seidoukan Academy to investigate his sister's disappearance and to figure out what he is supposed to do (~!he later says that it is to protect Julis!~).,304,304,0,0,,https://s4.anilist.co/file/anilistcdn/character/large/b89058-y1gv0HgwNjJi.jpg,https://s4.anilist.co/file/anilistcdn/character/medium/b89058-y1gv0HgwNjJi.jpg,,,,https://anilist.co/character/89058,,,
vndb-c34177,vndb,6,8,,,ジャン・ルパン,Jean Lupin,ジョン・ルーピン / John Lupine / ルパンJr. / Lupin Jr.,男,AB,,Galgame,Galgame,英国探偵ミステリア,,2013,Galgame,,"Chess Flapjacks By day he's a meek, dangerously clumsy student by the name John Lupine, but by night, he assumes his true Jean Lupin, Gentleman Thief.",245,0,245,0,,https://t.vndb.org/ch/03/198503.jpg,https://t.vndb.org/ch/03/198503.jpg,,#283542 #93919b #c0b9bf #dfd9da #efeeef #ffffff,Blond Short Teen Pale School Uniform Trousers Student Fighting Violet Coat,,,https://vndb.org/c34177,
al14,anilist,6,9,,宇智波鼬,うちはイタチ,Itachi Uchiha,Sharingan no Itachi (写輪眼のイタチ) / Itachi of the Sharingan,男,AB,17-21,动画|漫画,动画,NARUTO -ナルト-,火影忍者,2002,动画,"[{""t"":""NARUTO -ナルト-"",""cn"":""火影忍者"",""ty"":""动画"",""y"":2002,""pop"":725301},{""t"":""NARUTO -ナルト- 疾風伝"",""cn"":""火影忍者疾风传"",""ty"":""动画"",""y"":2007,""pop"":610025},{""t"":""BORUTO-ボルト- NARUTO NEXT GENERATIONS"",""cn"":""博人传-火影次世代-"",""ty"":""动画"",""y"":2017,""pop"":225171},{""t"":""NARUTO -ナルト-"",""cn"":""火影忍者"",""ty"":""漫画"",""y"":1999,""pop"":99205},{""t"":""ROAD TO NINJA -NARUTO THE MOVIE-"",""cn"":""火影忍者 剧场版 忍者之路"",""ty"":""动画"",""y"":2012,""pop"":73423},{""t"":""NARUTO -ナルト- 疾風伝 サニー・サイド・バトル!!!"",""cn"":"""",""ty"":""动画"",""y"":2013,""pop"":21528}]",犯罪組織・『暁』の一員。 木ノ葉隠れの里の抜け忍。うちはサスケの実兄。サスケの復讐の対象でもある人物。 弟のサスケからも強い憧れを抱かれていたが、後に自身やサスケの両親を含めた一族の者を皆殺しにして里を抜け暁に加入し、以来サスケからは復讐の対象として激しい憎悪を抱かれるようになった。 うちは一族でも抜きんでた実力者で、歴史上数人しか開眼した者がいない万華鏡写輪眼をもつ。7歳で忍者学校を主席で卒業、8歳で写輪眼を開眼、10歳で中忍に昇格している。,23360,23360,0,130,,https://s4.anilist.co/file/anilistcdn/character/large/b14-9Kb1E5oel1ke.png,https://s4.anilist.co/file/anilistcdn/character/medium/b14-9Kb1E5oel1ke.png,https://lain.bgm.tv/r/400/pic/crt/l/87/e7/6911_crt_9pA4t.jpg,,,https://anilist.co/character/14,https://bgm.tv/character/6911,,6911
al65539,anilist,6,9,,大和田纹土,大和田紋土,Mondo Oowada,Owada / Ultimate Biker Gang Leader / Super High School Level Biker Gang Leader (超高校級の暴走族) / Ultimate Biker Gang Leader,男,AB,,动画|漫画|Galgame,动画,ダンガンロンパ 希望の学園と絶望の高校生 The Animation,弹丸论破 希望学园与绝望高中生,2013,动画,"[{""t"":""ダンガンロンパ 希望の学園と絶望の高校生 The Animation"",""cn"":""弹丸论破 希望学园与绝望高中生"",""ty"":""动画"",""y"":2013,""pop"":233260},{""t"":""ダンガンロンパ3 -The End of 希望ヶ峰学園-　絶望編"",""cn"":""弹丸论破3 -The End of 希望之峰学园- 绝望篇"",""ty"":""动画"",""y"":2016,""pop"":89210},{""t"":""ダンガンロンパ 希望の学園と絶望の高校生"",""cn"":""弹丸论破 希望的学园和绝望高中生"",""ty"":""Galgame"",""y"":2010,""pop"":15953},{""t"":""ニューダンガンロンパV3 みんなのコロシアイ新学期"",""cn"":""新弹丸论破V3 大家的自相残杀新学期"",""ty"":""Galgame"",""y"":2017,""pop"":8847},{""t"":""ダンガンロンパ 希望の学園と絶望の高校生 The Animation"",""cn"":""弹丸论破 希望学园与绝望高中生"",""ty"":""漫画"",""y"":2013,""pop"":5507},{""t"":""ダンガンロンパ 希望の学園と絶望の高校生"",""cn"":""弹丸论破 希望的学园和绝望高中生"",""ty"":""漫画"",""y"":2011,""pop"":1758}]",超高校級の「暴走族」。関東を制圧する巨大暴走族のヘッド。 「暮威慈畏大亜紋土（クレイジーダイアモンド）」の二代目総長を務め、全国の不良の憧れの的。兄の大亜はこの暴走族の初代総長で、ダイヤモンド（“大亜”と“紋土”）兄弟として地元では有名。少年鑑別所への入所歴もある。 2歳年上の兄を心から尊敬して育った。自らを極悪非道の男と称するが、義理や人情にとても厚く面倒見が良い等、根は真っ直ぐな熱血漢。 緊張してくると怒鳴ってしまう癖がある。その所為で女性への告白も上手くいかない。,15953,336,15953,13,,https://s4.anilist.co/file/anilistcdn/character/large/b65539-zX1oS4BXtgma.jpg,https://s4.anilist.co/file/anilistcdn/character/medium/b65539-zX1oS4BXtgma.jpg,https://t.vndb.org/ch/23/72623.jpg|https://lain.bgm.tv/r/400/pic/crt/l/94/28/18034_crt_W3r6a.jpg?r=1534940287,,Brown Wavy Shoulder-length Mullet School Uniform Trousers Disaster Hotblooded Violet Young-adult,https://anilist.co/character/65539,https://bgm.tv/character/18034,https://vndb.org/c10192,18034
vndb-c13730,vndb,6,9,,贝露菲格露,ベルフェゴール,Belphegor,,女,,,Galgame,Galgame,うみねこのなく頃に,海猫鸣泣之时,2007,Galgame,"[{""t"":""うみねこのなく頃に"",""cn"":""海猫鸣泣之时"",""ty"":""Galgame"",""y"":2007,""pop"":13833},{""t"":""うみねこのなく頃に散"",""cn"":""海猫鸣泣之时散"",""ty"":""Galgame"",""y"":2009,""pop"":10973}]",贝阿朵莉切的家具，炼狱七姐妹中的四女，代表懒惰。,13833,0,13833,12,,https://t.vndb.org/ch/26/32126.jpg,https://t.vndb.org/ch/26/32126.jpg,https://lain.bgm.tv/r/400/pic/crt/l/67/ba/9402_crt_d4uwf.jpg?r=1677397146,#4a2f30 #856d6c #c8aa9f #e9dacc #ffffff,Black Long Straight Teen Slim Pale Hard Worker Fighting Red Jacket,,https://bgm.tv/character/9402,https://vndb.org/c13730,9402
vndb-c3932,vndb,6,9,,姬榊小桃,姫榊 こもも,Hisakaki Komomo,Crusher Hisakaki / Crusher Komomo-nee-san / Mokoko / Mokomoko,女,A,,Galgame,Galgame,星空のメモリア-Wish upon a shooting star-,星空的记忆 -Wish upon a shooting star,2009,Galgame,"[{""t"":""星空のメモリア-Wish upon a shooting star-"",""cn"":""星空的记忆 -Wish upon a shooting star"",""ty"":""Galgame"",""y"":2009,""pop"":5718},{""t"":""星空のメモリア Eternal Heart"",""cn"":""星空的记忆 Eternal Heart"",""ty"":""Galgame"",""y"":2010,""pop"":824}]",ヒバリ校的2年生。こさめ的孪生姐姐，学生会的成员。 家住名为星天宮的神社。有时会看见她穿着巫女装打水。 非常强气，一直脸带怒容，其实是个天生正经而诚实的女生。 不爽自己的名字，叫她名字的话她会超级生气。 超讨厌星星。仇视天クル，跟明日歩的吵架不绝于耳。,5718,0,5718,107,,https://t.vndb.org/ch/61/40661.jpg,https://t.vndb.org/ch/61/40661.jpg,https://lain.bgm.tv/r/400/pic/crt/l/f0/a1/11003_crt_O8zW8.jpg,#933452 #c19887 #d9c4b0 #e9e0d3 #f9f5e9 #fefefe,Blond Twin Tails Waist Length+ Straight Teen Slim Pale Hard Worker Cooking Missionary,,https://bgm.tv/character/11003,https://vndb.org/c3932,11003
vndb-c3938,vndb,6,9,,姬榊小雨,姫榊 こさめ,Hisakaki Kosame,Komame,女,A,,Galgame,Galgame,星空のメモリア-Wish upon a shooting star-,星空的记忆 -Wish upon a shooting star,2009,Galgame,"[{""t"":""星空のメモリア-Wish upon a shooting star-"",""cn"":""星空的记忆 -Wish upon a shooting star"",""ty"":""Galgame"",""y"":2009,""pop"":5718},{""t"":""星空のメモリア Eternal Heart"",""cn"":""星空的记忆 Eternal Heart"",""ty"":""Galgame"",""y"":2010,""pop"":824}]",ヒバリ校的2年生。こもも的孪生妹妹、天クル的部员。跟姐姐こもも一起是星天宮的巫女。 跟こもも性格相反，无论是谁都平易近人，在社团之中是个和事佬，但也不时会让事情变得更加糟糕。 同时也担任着被朋友戏弄的角色。 与亲人雪菜关系良好，总是担心着不参与天クル活动的她。,5718,0,5718,70,,https://t.vndb.org/ch/62/40662.jpg,https://t.vndb.org/ch/62/40662.jpg,https://lain.bgm.tv/r/400/pic/crt/l/8a/0c/11004_crt_8t7QS.jpg,#883651 #bc9983 #dbc7b6 #f4ece0 #fcfaef #ffffff,Blond Waist Length+ Straight Teen Slim Pale Fighting Standing Sex Blowjob Virgin Sex,,https://bgm.tv/character/11004,https://vndb.org/c3938,11004
al63,anilist,6,9,1899,温莉·洛克贝尔,ウィンリィ・ロックベル,Winry Rockbell,Win / Mechanic Otaku / Automail Geek / Crazy Gearhead,女,,15-16,动画|漫画,动画,鋼の錬金術師 FULLMETAL ALCHEMIST,钢之炼金术师 FULLMETAL ALCHEMIST,2009,动画,"[{""t"":""鋼の錬金術師 FULLMETAL ALCHEMIST"",""cn"":""钢之炼金术师 FULLMETAL ALCHEMIST"",""ty"":""动画"",""y"":2009,""pop"":728500},{""t"":""鋼の錬金術師"",""cn"":""钢之炼金术师"",""ty"":""动画"",""y"":2003,""pop"":266242},{""t"":""鋼の錬金術師"",""cn"":""钢之炼金术师"",""ty"":""漫画"",""y"":2001,""pop"":80173},{""t"":""鋼の錬金術師 シャンバラを征く者"",""cn"":""钢之炼金术师 香巴拉的征服者"",""ty"":""动画"",""y"":2005,""pop"":56233},{""t"":""鋼の錬金術師 嘆きの丘の聖なる星"",""cn"":""钢之炼金术师 叹息之丘的圣星"",""ty"":""动画"",""y"":2011,""pop"":39516},{""t"":""鋼の錬金術師 FULLMETAL ALCHEMIST 未放送エピソード"",""cn"":"""",""ty"":""动画"",""y"":2009,""pop"":29520}]",机械铠装备师。大陆历1899年出生，故事中段年龄15-16岁，淡金色马尾的美少女。 温莉是一名善良、乐观、真诚的女性，在漫画第九话中首次登场，与祖母比拿可修复爱德与“伤疤男”斯卡战斗而损坏的机械铠。出生在利塞布尔，童年时双亲在伊修巴尔战争中医治伤员时被杀，从此随祖母在利塞布尔生活。自幼便认识爱德和阿尔，是兄弟二人珍视的伙伴和家人。温莉十分热爱机械和工具，擅长制造和修理机械铠，和祖母兼著名机械铠技师比拿可在家经营一家小商店。,4401,4401,0,271,,https://s4.anilist.co/file/anilistcdn/character/large/63-xloedtYxiJ2E.jpg,https://s4.anilist.co/file/anilistcdn/character/medium/63-xloedtYxiJ2E.jpg,https://lain.bgm.tv/r/400/pic/crt/l/a4/fe/88_crt_Lz1IA.jpg?r=1378928455,,,https://anilist.co/character/63,https://bgm.tv/character/88,,88
al22,anilist,6,9,,常陆院光,常陸院光,Hikaru Hitachiin,Hika-chan,男,B,16,动画|漫画,动画,桜蘭高校ホスト部,樱兰高校男公关部,2006,动画,"[{""t"":""桜蘭高校ホスト部"",""cn"":""樱兰高校男公关部"",""ty"":""动画"",""y"":2006,""pop"":257804},{""t"":""桜蘭高校ホスト部"",""cn"":""樱兰高校男公关部"",""ty"":""漫画"",""y"":2002,""pop"":29844},{""t"":""桜蘭高校ホスト部"",""cn"":""樱兰高校男公关部"",""ty"":""漫画"",""y"":2011,""pop"":1438},{""t"":""桜蘭高校ホスト部"",""cn"":""樱兰高校男公关部"",""ty"":""漫画"",""y"":2010,""pop"":1118}]",生日：6月9日；雙子座B型；身高：178.2公分；體重：60；班別：一年A組。 常陸院雙胞胎中的哥哥，長得跟馨一模一樣，與馨有很深厚的兄弟愛。瀏海大多往右邊。成績是全年級第五。 十分率直又不太懂掩飾，在感情上比馨遲鈍。嘴巴惡毒，但實際上心地善良；喜歡有趣的事，人生最大的樂趣之一，就是對方產生如自己預料中的反應。公關部成員們曾謂：「千萬不要讓雙胞胎閒閒沒事做！」 最常與馨一起和客人玩「猜猜誰是光」的遊戲，並以招牌「雙子禁忌之戀」吸引女學生們的目光。,2686,2686,0,19,,https://s4.anilist.co/file/anilistcdn/character/large/b22-Xikbs9JJ9Qop.png,https://s4.anilist.co/file/anilistcdn/character/medium/b22-Xikbs9JJ9Qop.png,https://lain.bgm.tv/r/400/pic/crt/l/b9/74/26111_crt_kNrpm.jpg,,,https://anilist.co/character/22,https://bgm.tv/character/26111,,26111
al24,anilist,6,9,,,常陸院馨,Kaoru Hitachiin,Kao-chan,男,B,16,动画|漫画,动画,桜蘭高校ホスト部,樱兰高校男公关部,2006,动画,"[{""t"":""桜蘭高校ホスト部"",""cn"":""樱兰高校男公关部"",""ty"":""动画"",""y"":2006,""pop"":257804},{""t"":""桜蘭高校ホスト部"",""cn"":""樱兰高校男公关部"",""ty"":""漫画"",""y"":2002,""pop"":29844},{""t"":""桜蘭高校ホスト部"",""cn"":""樱兰高校男公关部"",""ty"":""漫画"",""y"":2011,""pop"":1438},{""t"":""桜蘭高校ホスト部"",""cn"":""樱兰高校男公关部"",""ty"":""漫画"",""y"":2010,""pop"":1118}]","175 cm (5'9"") Kaoru Hitachiin is a devious and childish first-year student who greatly enjoys toying with his fellow Host Club members, [Haruhi](//anilist.co/character/18/Fujioka-Haruhi) and [Tamaki](//anilist.co/character/19/Suou-Tamaki) (…",2091,2091,0,0,,https://s4.anilist.co/file/anilistcdn/character/large/b24-QssbnrJO2Cfz.png,https://s4.anilist.co/file/anilistcdn/character/medium/b24-QssbnrJO2Cfz.png,,,,https://anilist.co/character/24,,,
al46169,anilist,6,9,,,東條希,Nozomi Toujou,Nozomi Tojo,女,O,17,动画,动画,ラブライブ! School idol project,,2013,动画,"[{""t"":""ラブライブ! School idol project"",""cn"":"""",""ty"":""动画"",""y"":2013,""pop"":113548},{""t"":""ラブライブ! School idol project 2期"",""cn"":"""",""ty"":""动画"",""y"":2014,""pop"":65433},{""t"":""ラブライブ！The School Idol Movie"",""cn"":"""",""ty"":""动画"",""y"":2015,""pop"":40532},{""t"":""ラブライブ! School idol project OVA"",""cn"":"""",""ty"":""动画"",""y"":2013,""pop"":16306},{""t"":""Snow Halation"",""cn"":"""",""ty"":""动画"",""y"":2010,""pop"":8397},{""t"":""僕らのLIVE 君とのLIFE"",""cn"":"""",""ty"":""动画"",""y"":2010,""pop"":6579}]",159 cm Nozomi is the vice-president of Otonokizaka High School. She is the best friend of [Eli](//anilist.co/character/46173/Ayase-Eli).,1207,1207,0,0,,https://s4.anilist.co/file/anilistcdn/character/large/b46169-yYnDgZprEtAU.png,https://s4.anilist.co/file/anilistcdn/character/medium/b46169-yYnDgZprEtAU.png,,,,https://anilist.co/character/46169,,,
al132948,anilist,6,9,,,ゴウヒン,Gouhin,Panda (パンダ),男,O,39-40,动画|漫画,动画,BEASTARS,动物狂想曲,2019,动画,"[{""t"":""BEASTARS"",""cn"":""动物狂想曲"",""ty"":""动画"",""y"":2019,""pop"":258427},{""t"":""BEASTARS 第2期"",""cn"":""动物狂想曲 第二季"",""ty"":""动画"",""y"":2021,""pop"":140408},{""t"":""BEASTARS"",""cn"":""动物狂想曲"",""ty"":""漫画"",""y"":2016,""pop"":48902},{""t"":""BEASTARS FINAL SEASON Part 1"",""cn"":""动物狂想曲 最终季 第一部分"",""ty"":""动画"",""y"":2024,""pop"":42167}]","A back alley psychiatrist who tries to rehabilitate carnivorous animals that crave meat. The wounds on his face were made by violent patients. Despite his gruff appearance and rough character, he's gentle and caring.",980,980,0,0,,https://s4.anilist.co/file/anilistcdn/character/large/b132948-HzBozI7pzdte.png,https://s4.anilist.co/file/anilistcdn/character/medium/b132948-HzBozI7pzdte.png,,,,https://anilist.co/character/132948,,,
vndb-c5461,vndb,6,9,,,シャネオルカ,Shaneorka,Chanelle,女,A,,Galgame,Galgame,創刻のアテリアル,,2012,Galgame,,"The third member of the ""Imouto"" group. Her full name is Shaneorka Miravona Bryusov, but is seldom called that because of its difficulty. Nicknamed Chanelle by her friends. A good cook and has all of the features of an ideal wife.",889,0,889,0,,https://t.vndb.org/ch/22/102722.jpg,https://t.vndb.org/ch/22/102722.jpg,,#bd8d81 #3b2d29 #efd3a7 #e8e3d3 #f7f1ed #ffffff,Blond Long Teen Slim Pale School Uniform Cooking Fighting Blowjob Virgin Sex,,,https://vndb.org/c5461,
vndb-c50719,vndb,6,9,,,櫛奈雫 トア,Kushinada Toa,,男,A,,Galgame,Galgame,7'scarlet,,2016,Galgame,,"""Cats are the only one who willingly come to me after all."" A nerdy young man who has a deep love of movies, comics, and cats. He has difficulty interacting with people, so he tends to speak politely and avoid making eye contact.",653,0,653,0,,https://t.vndb.org/ch/91/60891.jpg,https://t.vndb.org/ch/91/60891.jpg,,#43273d #585e7b #948da6 #c6bac9 #e3dce3 #fdfbfd,Violet Shoulder-length Slim Pale Orphan Assault Blue Young-adult Glasses Secretive,,,https://vndb.org/c50719,
vndb-c33461,vndb,6,9,,,十伊堂 アダム,Tooidou Adam,,男,,,Galgame,Galgame,あまたらすリドルスター,,2013,Galgame,,,486,0,486,0,,https://t.vndb.org/ch/94/40094.jpg,https://t.vndb.org/ch/94/40094.jpg,,#8c6064 #c8b5b1 #e9dec8 #f3efe6 #faf8f6,Blond Ahoge Curtained Short Straight Teen Slim Pale School Uniform Trousers,,,https://vndb.org/c33461,
vndb-c21848,vndb,6,9,,,十伊堂 メロディー,Tooidou Melody,,女,,,Galgame,Galgame,あまたらすリドルスター,,2013,Galgame,,,486,0,486,0,,https://t.vndb.org/ch/93/27093.jpg,https://t.vndb.org/ch/93/27093.jpg,,#876e62 #e8dcc0 #c1b0af #ece8e4 #f9f8f4 #ffffff,Blond Ahoge Curtained Shoulder-length Straight Teen Slim Pale School Uniform Missionary,,,https://vndb.org/c21848,
vndb-c79013,vndb,6,9,,,朴尚君,Park Sang-Gun,,男,,,Galgame,Galgame,WILL：美好世界,,2017,Galgame,,,447,0,447,0,,https://t.vndb.org/ch/18/170018.jpg,https://t.vndb.org/ch/18/170018.jpg,,#eddac6 #d6e7f1 #f6ede2 #c0bbc3 #faf7f3 #ffffff,Blond Wavy Blue Kid T-shirt Shorts Child Abuse Rape Murder Justifiable Homicide,,,https://vndb.org/c79013,
vndb-c79012,vndb,6,9,,,,Pi,Jack,男,,,Galgame,Galgame,WILL：美好世界,,2017,Galgame,,,447,0,447,0,,https://t.vndb.org/ch/11/170011.jpg,https://t.vndb.org/ch/11/170011.jpg,,#7e8796 #b0c4cc #ddc7af #e6e3dd #f8f4f0 #ffffff,Blond Wavy Hotblooded Coat Earrings Hypnotism Child Abuse Rape Torture Torture,,,https://vndb.org/c79012,
al1853,anilist,6,9,,,六道骸,Mukuro Rokudo,Pineapple Head / Pineapple Fairy-san,,,15,动画|漫画,动画,家庭教師ヒットマンREBORN!,,2006,动画,"[{""t"":""家庭教師ヒットマンREBORN!"",""cn"":"""",""ty"":""动画"",""y"":2006,""pop"":96810},{""t"":""家庭教師ヒットマンREBORN!"",""cn"":"""",""ty"":""漫画"",""y"":2004,""pop"":27848}]","177.5 cm Trident, Daemon Spade's Devil Lens, Hell Rings Mist Vongola Mist Owl Mukuro Rokudo is one of the main characters of Reborn! and is also the first season's primary villain.",425,425,0,0,,https://s4.anilist.co/file/anilistcdn/character/large/b1853-kEdoYjW3BmNc.jpg,https://s4.anilist.co/file/anilistcdn/character/medium/b1853-kEdoYjW3BmNc.jpg,,,,https://anilist.co/character/1853,,,
vndb-c88823,vndb,6,9,,,天生目 聖司,Amanome Seiji,,男,,,Galgame,Galgame,NG,,2018,Galgame,,"Akira's best friend since elementary school and heir to the Amanome branch of the Yakuza. While he seems kind, his pretty face hides a twisted individual who loves to dig out people's secrets. [From TV Tropes]",399,0,399,0,,https://t.vndb.org/ch/84/107384.jpg,https://t.vndb.org/ch/84/107384.jpg,,#74604f #362c23 #9f9690 #bcb6b3 #d3cfcc #e8ebed,Brown Childhood Friend Yakuza Blackmail Possession Manipulative Phasmophobia Manipulation,,,https://vndb.org/c88823,
vndb-c26253,vndb,6,9,,,蓮見 達也,Hasumi Tatsuya,,男,AB,,Galgame,Galgame,ときめきメモリアル Girl's Side 3rd Story,,2010,Galgame,"[{""t"":""ときめきメモリアル Girl's Side 3rd Story"",""cn"":"""",""ty"":""Galgame"",""y"":2010,""pop"":395},{""t"":""ときめきメモリアル Girl's Side 3rd Story"",""cn"":"""",""ty"":""Galgame"",""y"":2010,""pop"":395}]",Classmate of the protagonist. At first look he seems like a stylish guy in touch with today's trends. However he's overflowing with baseless self-confidence that is typical of puberty. He looks at his surroundings with somewhat cold eyes.,395,0,395,0,,https://t.vndb.org/ch/04/32204.jpg,https://t.vndb.org/ch/04/32204.jpg,,#5c4744 #f3d7b8 #b0b1b0 #d1cdcd #ffffff,Red Short Teen Slim Pale School Uniform Black Coat Necktie Shirt,,,https://vndb.org/c26253,
vndb-c68594,vndb,6,9,,,,Aiden Flynn,Bro-Aiden / Buttcheeks / King Tutan Cumming,男,AB,,Galgame,Galgame,Camp Buddy,,2018,Galgame,"[{""t"":""Camp Buddy"",""cn"":"""",""ty"":""Galgame"",""y"":2018,""pop"":336},{""t"":""Camp Buddy: Scoutmaster Season"",""cn"":"""",""ty"":""Galgame"",""y"":2022,""pop"":73}]","Aiden is the high-spirited all-around helper of Camp Buddy. He's in charge of cooking, cleaning, gardening, repairs, healthcare, and even physical education. [From Patreon]",336,0,336,0,,https://t.vndb.org/ch/03/104203.jpg,https://t.vndb.org/ch/03/104203.jpg,,#b29173 #3b4f3d #c5b29b #e1deda #ffffff,Short Green Hard Worker Orphan Cooking Doggy Style Cowgirl Blowjob Virgin Sex Sex with Others,,,https://vndb.org/c68594,
vndb-c98867,vndb,6,9,,,,Kelly,kellbells3,女,,,Galgame,Galgame,Emily is Away Too,,2017,Galgame,,Emily's friend. A very preppy girl.,336,0,336,0,,https://t.vndb.org/ch/34/119734.jpg,https://t.vndb.org/ch/34/119734.jpg,,#fd05fc #ee62e4 #99694f #eae7d5 #c3b3ac #eff2e0,Daughter Girlfriend Friend Mobile Phone High School Student,,,https://vndb.org/c98867,
al190867,anilist,6,9,,,丽莎,Lisa Minci,Rose Witch / The Librarian / Lisa Minci,女,,,漫画,漫画,原神PROJECT,,2018,漫画,"[{""t"":""原神PROJECT"",""cn"":"""",""ty"":""漫画"",""y"":2018,""pop"":8847},{""t"":""原神 電撃コミックアンソロジー"",""cn"":"""",""ty"":""漫画"",""y"":2021,""pop"":2975},{""t"":""原神 コミックアンソロジー"",""cn"":"""",""ty"":""漫画"",""y"":2021,""pop"":1857},{""t"":""《原神》四格漫画"",""cn"":"""",""ty"":""漫画"",""y"":2020,""pop"":1295}]","Mondstadt Tempus Fugit She is an intellectual witch who can never get enough naps. As the Librarian of the Knights of Favonius, Lisa is smart in that she always knows exactly what to do with whatever troubles her.",331,331,0,0,,https://s4.anilist.co/file/anilistcdn/character/large/b190867-4uXH6Q3QmCRU.png,https://s4.anilist.co/file/anilistcdn/character/medium/b190867-4uXH6Q3QmCRU.png,,,,https://anilist.co/character/190867,,,
al89137,anilist,6,9,,,スティーブン・Ａ・スターフェイズ,Steven A. Starphase,Steven Alan Starphase,男,,32,动画|漫画,动画,血界戦線,,2015,动画,"[{""t"":""血界戦線"",""cn"":"""",""ty"":""动画"",""y"":2015,""pop"":229826},{""t"":""血界戦線 & BEYOND"",""cn"":"""",""ty"":""动画"",""y"":2017,""pop"":110317},{""t"":""血界戦線 王様のレストランの王様"",""cn"":"""",""ty"":""动画"",""y"":2016,""pop"":14203},{""t"":""血界戦線 & BEYOND OVA"",""cn"":"""",""ty"":""动画"",""y"":2018,""pop"":11668},{""t"":""血界戦線"",""cn"":"""",""ty"":""漫画"",""y"":2009,""pop"":7491},{""t"":""血界戦線 Back 2 Back"",""cn"":"""",""ty"":""漫画"",""y"":2015,""pop"":2368}]","Fang Hunter Steven Alan Starphase is Libra's second-in-command. A shady man with many connections, and a genius of deception and intuition.",309,309,0,0,,https://s4.anilist.co/file/anilistcdn/character/large/b89137-1PaZUcDzeKpq.png,https://s4.anilist.co/file/anilistcdn/character/medium/b89137-1PaZUcDzeKpq.png,,,,https://anilist.co/character/89137,,,
al123296,anilist,6,9,,,天野美雨,Miu Amano,Flowering Folder,女,,22,动画|漫画,动画,ブレンド・S,,2017,动画,"[{""t"":""ブレンド・S"",""cn"":"""",""ty"":""动画"",""y"":2017,""pop"":181246},{""t"":""ブレンド・S"",""cn"":"""",""ty"":""漫画"",""y"":2013,""pop"":4616}]","**** 163 cm (5'4"") **** Big Sister She normally wears glasses and is active in a doujin circle. She is the ""older sister"" waitress at Stile, but surprisingly, she is easily excitable.",291,291,0,0,,https://s4.anilist.co/file/anilistcdn/character/large/b123296-W6j0hqP3sxS7.png,https://s4.anilist.co/file/anilistcdn/character/medium/b123296-W6j0hqP3sxS7.png,,,,https://anilist.co/character/123296,,,
vndb-c34423,vndb,6,9,,,道野 衛,Michino Mamoru,Mamo / マモ,男,O,,Galgame,Galgame,嫁探しが捗りすぎてヤバい。,,2015,Galgame,,,277,0,277,0,,https://t.vndb.org/ch/55/90155.jpg,https://t.vndb.org/ch/55/90155.jpg,,#77615e #caae9f #ebddca #eeebe6 #f7f8f3 #ffffff,Brown Ahoge Short Teen Slim Pale School Uniform Amber Glasses Necktie,,,https://vndb.org/c34423,
al163015,anilist,6,9,,,医者,Isha,Doctor,女,,,动画|漫画,动画,アクダマドライブ,,2020,动画,"[{""t"":""アクダマドライブ"",""cn"":"""",""ty"":""动画"",""y"":2020,""pop"":164303},{""t"":""アクダマドライブ"",""cn"":"""",""ty"":""漫画"",""y"":2020,""pop"":1681}]","175 cm 432 years The Doctor is a mad scientist who toys with people's lives for fun. She has a calm demeanor and speaks philosophically. She has a habit of messing with her nails, and her favorite foods are wine and cheese.",263,263,0,0,,https://s4.anilist.co/file/anilistcdn/character/large/b163015-udokkvXTdKhw.png,https://s4.anilist.co/file/anilistcdn/character/medium/b163015-udokkvXTdKhw.png,,,,https://anilist.co/character/163015,,,
al42103,anilist,6,9,,,槍水仙,Sen Yarizui,Ice Witch,女,,,动画|漫画|轻小说,动画,ベン・トー,,2011,动画,"[{""t"":""ベン・トー"",""cn"":"""",""ty"":""动画"",""y"":2011,""pop"":70920},{""t"":""ベン・トー ピクチャードラマ"",""cn"":"""",""ty"":""动画"",""y"":2011,""pop"":2983},{""t"":""ベン・トー"",""cn"":"""",""ty"":""轻小说"",""y"":2008,""pop"":674},{""t"":""ベン・トー zero Road to witch"",""cn"":"""",""ty"":""漫画"",""y"":2011,""pop"":626}]",A second year student who is the president of the Half Priced Food Lovers Club. Her skill in bento brawls has led her to be known as The Ice Witch.,254,254,0,0,,https://s4.anilist.co/file/anilistcdn/character/large/42103.jpg,https://s4.anilist.co/file/anilistcdn/character/medium/42103.jpg,,,,https://anilist.co/character/42103,,,
vndb-c6091,vndb,6,9,,,御子柴 恭介,Mikoshiba Kyousuke,こうすけ先輩 / Kousuke-senpai,男,O,,Galgame,Galgame,STORM LOVER,,2010,Galgame,"[{""t"":""STORM LOVER"",""cn"":"""",""ty"":""Galgame"",""y"":2010,""pop"":210},{""t"":""STORM LOVER 夏恋!!"",""cn"":"""",""ty"":""Galgame"",""y"":2011,""pop"":20},{""t"":""STORM LOVER 2nd"",""cn"":"""",""ty"":""Galgame"",""y"":2013,""pop"":18}]","2nd Year Favorite History Favorite General Exercise Four siblings that include three older sisters Things that he isn’t good Things like skinship Foods that he isn’t good Something Sweet Favorite Half of life is in trouble, while the other…",210,0,210,0,,https://t.vndb.org/ch/54/18754.jpg,https://t.vndb.org/ch/54/18754.jpg,,#d39c96 #7d4458 #f3dbbc #f8f3df #dad1d8 #ffffff,Red Shoulder-length School Uniform Trousers Proactive Cooking Amber Young-adult Olive Earrings,,,https://vndb.org/c6091,
vndb-c41556,vndb,6,9,,,もう一人のユノ,Another Juno,,女,,,Galgame,Galgame,ユニオリズム・カルテット,,2014,Galgame,,,191,0,191,0,,https://t.vndb.org/ch/23/49923.jpg,https://t.vndb.org/ch/23/49923.jpg,,#733b69 #b38fae #c2c4e9 #e6e4f1 #f7f6f8 #ffffff,Violet Short Teen Slim Pale School Uniform Green Mini-dress Hood Necktie,,,https://vndb.org/c41556,
vndb-c23390,vndb,6,9,,,ユノ・スノーシュタイン,Juno Snowstein,Yuno,女,AB,,Galgame,Galgame,ユニオリズム・カルテット,,2014,Galgame,"[{""t"":""ユニオリズム・カルテット"",""cn"":"""",""ty"":""Galgame"",""y"":2014,""pop"":191},{""t"":""ユニオリズム・カルテット A3-DAYS"",""cn"":"""",""ty"":""Galgame"",""y"":2016,""pop"":92}]",,191,0,191,0,,https://t.vndb.org/ch/37/53437.jpg,https://t.vndb.org/ch/37/53437.jpg,,#b84162 #bc96af #3a2f3c #d6d2eb #f5efef #ffffff,Violet Short Straight Teen Slim Pale School Uniform Headband Thigh-high Boots Stoic,,,https://vndb.org/c23390,
vndb-c4799,vndb,6,9,,,水嶋 郁,Mizushima Iku,,男,B,,Galgame,Galgame,Starry☆Sky ~in Autumn~,,2009,Galgame,"[{""t"":""Starry☆Sky ~in Autumn~"",""cn"":"""",""ty"":""Galgame"",""y"":2009,""pop"":189},{""t"":""Starry☆Sky ~After Autumn~"",""cn"":"""",""ty"":""Galgame"",""y"":2011,""pop"":56}]","Iku represents the Gemini. He is currently a student teacher and is friends with the school nurse, Kotarou, since they were children. [Based on Wikipedia]",189,0,189,0,,https://t.vndb.org/ch/49/4849.jpg,https://t.vndb.org/ch/49/4849.jpg,,#efc205 #f3d455 #9d8584 #56464e #eadfd6,Blue Wavy Short Blue Glasses Boku Teacher Illness Flirting Psychological Trauma,,,https://vndb.org/c4799,
al85813,anilist,6,9,,,岡島大河,Taiga Okajima,Terminal Perv,男,B,,动画|漫画,动画,暗殺教室,暗杀教室,2015,动画,"[{""t"":""暗殺教室"",""cn"":""暗杀教室"",""ty"":""动画"",""y"":2015,""pop"":628250},{""t"":""暗殺教室 第２期"",""cn"":"""",""ty"":""动画"",""y"":2016,""pop"":369666},{""t"":""暗殺教室"",""cn"":""暗杀教室"",""ty"":""漫画"",""y"":2012,""pop"":54655},{""t"":""殺せんせーQ[クエスト]! (ONA)"",""cn"":"""",""ty"":""动画"",""y"":2016,""pop"":15568},{""t"":""暗殺教室 みんなの時間"",""cn"":"""",""ty"":""动画"",""y"":2026,""pop"":14771}]","He is a student in Korosensei's class 3-E of Kunugigaoka Junior High School. Okajima is the class pervert and is rather open about it. As with Rio Nakamura, Okajima is known to like peeping.",24,24,0,0,,https://s4.anilist.co/file/anilistcdn/character/large/85813-L0gtF4nfiN1t.png,https://s4.anilist.co/file/anilistcdn/character/medium/85813-L0gtF4nfiN1t.png,,,,https://anilist.co/character/85813,,,
al262137,anilist,6,9,,,アオリオ・モレス,Aorio Morris,,,A,,动画|漫画,动画,マッシュル-MASHLE- 神覚者候補選抜試験編,物理魔法使马修 神觉者候补选拔试验篇,2024,动画,"[{""t"":""マッシュル-MASHLE- 神覚者候補選抜試験編"",""cn"":""物理魔法使马修 神觉者候补选拔试验篇"",""ty"":""动画"",""y"":2024,""pop"":182192},{""t"":""マッシュル-MASHLE-"",""cn"":""物理魔法使马修"",""ty"":""漫画"",""y"":2020,""pop"":59820}]",Third-year student at Easton Magic Academy and member of Alder dorm.,2,2,0,0,,https://s4.anilist.co/file/anilistcdn/character/large/b262137-fcxWuuabzvBW.png,https://s4.anilist.co/file/anilistcdn/character/medium/b262137-fcxWuuabzvBW.png,,,,https://anilist.co/character/262137,,,
vndb-c13731,vndb,6,10,,玛蒙,マモン,Mammon,,女,,,Galgame,Galgame,うみねこのなく頃に,海猫鸣泣之时,2007,Galgame,"[{""t"":""うみねこのなく頃に"",""cn"":""海猫鸣泣之时"",""ty"":""Galgame"",""y"":2007,""pop"":13833},{""t"":""うみねこのなく頃に"",""cn"":""海猫鸣泣之时"",""ty"":""Galgame"",""y"":2007,""pop"":13833},{""t"":""うみねこのなく頃に散"",""cn"":""海猫鸣泣之时散"",""ty"":""Galgame"",""y"":2009,""pop"":10973}]",贝阿朵莉切的家具，炼狱七姐妹中的五女，代表贪婪。,13833,0,13833,16,,https://t.vndb.org/ch/04/32104.jpg,https://t.vndb.org/ch/04/32104.jpg,https://lain.bgm.tv/r/400/pic/crt/l/b0/9e/9403_crt_65j3Z.jpg?r=1677397172,#4d2f29 #8e6c4b #c5a59a #ecdac9 #ffffff,Brown Long Straight Teen Slim Pale Fighting Red Jacket Necktie,,https://bgm.tv/character/9403,https://vndb.org/c13731,9403
vndb-c276,vndb,6,10,,吕之上源次,呂ノ上 源次,Ronoue Genji,,男,A,,Galgame,Galgame,うみねこのなく頃に,海猫鸣泣之时,2007,Galgame,"[{""t"":""うみねこのなく頃に"",""cn"":""海猫鸣泣之时"",""ty"":""Galgame"",""y"":2007,""pop"":13833},{""t"":""うみねこのなく頃に散"",""cn"":""海猫鸣泣之时散"",""ty"":""Galgame"",""y"":2009,""pop"":10973}]",佣人之首。最早进入金藏家的佣人，所有佣人都被金藏唤作家具，家具被剥夺了所有人权。源次是金藏的直属家具，在家具派系斗争之时(时间不明)，被授予右代宫家的家徽片翼之鹫，对金藏忠诚度极高，颇受金藏的信任，被称为是“我的朋友”，所以担负着闭门已久的金藏的代行者，能进出金藏的房间，不过也因为过于亲近金藏而不被金藏的子女们喜欢。 源次喜欢国际象棋，对投掷飞刀也很在行，具有飞刀把人手扎在墙上和贯穿飞蝴蝶的能力。是个典型的管家，比较沉默。,13833,0,13833,2,,https://t.vndb.org/ch/07/32107.jpg,https://t.vndb.org/ch/07/32107.jpg,https://lain.bgm.tv/r/400/pic/crt/l/1d/9e/938_crt_EgaNs.jpg?r=1677396704,#856c57 #d2b398 #2f2a2a #d1cec9 #ffffff,Short Slim Pale Trousers Dress Shoes Proactive Black Old Suit Secretive,,https://bgm.tv/character/938,https://vndb.org/c276,938
vndb-c13722,vndb,6,10,,罗诺威,ロノウェ,Ronove,,男,,,Galgame,Galgame,うみねこのなく頃に,海猫鸣泣之时,2007,Galgame,"[{""t"":""うみねこのなく頃に"",""cn"":""海猫鸣泣之时"",""ty"":""Galgame"",""y"":2007,""pop"":13833},{""t"":""うみねこのなく頃に散"",""cn"":""海猫鸣泣之时散"",""ty"":""Galgame"",""y"":2009,""pop"":10973}]",７２柱大恶魔中的一位。 以各种各样的代价为交换而服务主人。 当前是照契约，担任着贝阿朵莉切的管家（家具长）。 掌管着众多擅长家政的眷属，其管家能力极端的高。 在魔女的社交界，雇佣他甚至是成为了一种身份的象征。 另外，他烤的小甜饼绝妙无比，常常会有魔女为此而排成长列。 虽理应拥有绝大的魔力，但由于他总是只在毫不张扬地抬高主人，所以其战斗能力是个未知数。,13833,0,13833,10,,https://t.vndb.org/ch/36/32136.jpg,https://t.vndb.org/ch/36/32136.jpg,https://lain.bgm.tv/r/400/pic/crt/l/20/96/9316_crt_r2ZkD.jpg?r=1677397082,#7c6d5a #2d2423 #b1a89a #dcd4c7 #e7e8e4 #ffffff,Black Curtained Shoulder-length Straight Moustache Slim Pale Trousers Dress Shoes Fighting,,https://bgm.tv/character/9316,https://vndb.org/c13722,9316
al70069,anilist,6,10,,时崎狂三,時崎狂三,Kurumi Tokisaki,Nightmare,女,,17 (physically),动画,动画,デート・ア・ライブ,约会大作战,2013,动画,"[{""t"":""デート・ア・ライブ"",""cn"":""约会大作战"",""ty"":""动画"",""y"":2013,""pop"":247044},{""t"":""デート・ア・ライブⅡ"",""cn"":"""",""ty"":""动画"",""y"":2014,""pop"":148435},{""t"":""デート・ア・ライブⅢ"",""cn"":"""",""ty"":""动画"",""y"":2019,""pop"":112666},{""t"":""デート・ア・ライブIV"",""cn"":"""",""ty"":""动画"",""y"":2022,""pop"":82341},{""t"":""デート・ア・ライブ DATE TO DATE"",""cn"":"""",""ty"":""动画"",""y"":2013,""pop"":55937},{""t"":""劇場版デート・ア・ライブ 万由里ジャッジメント"",""cn"":""剧场版 约会大作战 万由里裁决"",""ty"":""动画"",""y"":2015,""pop"":55662}]",出现于故事中的第3个精灵。识别名为：梦魇（Nightmare）（ナイトメア）。 喜欢的东西是动物，讨厌的东西是人类。 突然转入来禅高中的转校生，一头黑色长发绑成两条马尾，异常长的浏海几乎遮住脸的左半边，皮肤如同珍珠般白晢光滑，在众人前自称精灵。刚开始就对士道异常的亲密。 对杀死人命毫不抗拒，至今已被确认由狂三亲手杀死的人超过一万名以上，但杀死的人几乎都是一些街头流氓和地方混混但未被人所知。,8361,8361,0,1023,,https://s4.anilist.co/file/anilistcdn/character/large/b70069-DEV7X6o2L7oG.jpg,https://s4.anilist.co/file/anilistcdn/character/medium/b70069-DEV7X6o2L7oG.jpg,https://lain.bgm.tv/r/400/pic/crt/l/49/da/19529_crt_61qzh.jpg?r=1457682259,,,https://anilist.co/character/70069,https://bgm.tv/character/19529,,19529
vndb-c4081,vndb,6,10,,水原透子,水原 透子,Mizuhara Touko,,女,,,Galgame,Galgame,殻ノ少女,壳之少女,2008,Galgame,,cv 吉田美海 冬子的挚友，经常在一起行动。 在多是名门千金的樱羽女学院中，即使是恭维也说不上是富裕出身的透子怀有强烈的劣等感，因此对周围的同学、母亲、甚至自己都怀有厌恶感。 但是，冬子非但不在意这些，还把自己当作挚友，对透子来说冬子正是自己的理想，对她怀有近于崇拜的感情。 对突然出现就很快与冬子变亲近的时坂感到不快，尽可能想让两人关系疏远。,7899,0,7899,14,,https://t.vndb.org/ch/60/149360.jpg,https://t.vndb.org/ch/60/149360.jpg,https://lain.bgm.tv/r/400/pic/crt/l/1a/60/11539_crt_3SfXK.jpg,#aba098 #ded6c8 #3e3d43 #f0ece1 #faf8f3 #ffffff,Black Shoulder-length Straight Teen Slim Pale School Uniform Missionary Cowgirl Blowjob,,https://bgm.tv/character/11539,https://vndb.org/c4081,11539
al89224,anilist,6,10,,欧尔麦特,八木俊典,Toshinori Yagi,All Might (オールマイト) / Toshi / Symbol of Peace,男,,,动画,动画,僕のヒーローアカデミア,我的英雄学院,2016,动画,"[{""t"":""僕のヒーローアカデミア"",""cn"":""我的英雄学院"",""ty"":""动画"",""y"":2016,""pop"":873712},{""t"":""僕のヒーローアカデミア２"",""cn"":"""",""ty"":""动画"",""y"":2017,""pop"":655237},{""t"":""僕のヒーローアカデミア３"",""cn"":"""",""ty"":""动画"",""y"":2018,""pop"":600666},{""t"":""僕のヒーローアカデミア４"",""cn"":"""",""ty"":""动画"",""y"":2019,""pop"":532336},{""t"":""僕のヒーローアカデミア５"",""cn"":"""",""ty"":""动画"",""y"":2021,""pop"":414683},{""t"":""僕のヒーローアカデミア６"",""cn"":"""",""ty"":""动画"",""y"":2022,""pop"":269963}]",有着如角般竖起的两根长毛，金发，肌肉发达的高大男性。变身状态是美漫画风，个性解除时身体会变得极端削瘦，头上的长毛会落下来，眼圈极深，唯独双眼炯炯有神，散发着自己作为“和平的象征”的矜持光辉。年龄不详。有着绝大人气的No.1英雄。口头禅是：“已经没事了！因为！我来了！”。 以压到性的实力抑制了大量犯罪而降低敌发生率的强大存在，被称为“和平的象征”。,7416,7416,0,32,,https://s4.anilist.co/file/anilistcdn/character/large/b89224-K6KEuQAuYKzq.jpg,https://s4.anilist.co/file/anilistcdn/character/medium/b89224-K6KEuQAuYKzq.jpg,https://lain.bgm.tv/r/400/pic/crt/l/b0/b6/36786_crt_8nrlu.jpg?r=1469018097,,,https://anilist.co/character/89224,https://bgm.tv/character/36786,,36786
vndb-c4691,vndb,6,10,,,バーク,Bark,,男,,,Galgame,Galgame,SHUFFLE!,,2004,Galgame,"[{""t"":""SHUFFLE!"",""cn"":"""",""ty"":""Galgame"",""y"":2004,""pop"":4051},{""t"":""Tick! Tack!"",""cn"":"""",""ty"":""Galgame"",""y"":2005,""pop"":604}]",Bark is Forbesii's butler and is very devoted to him.,4051,0,4051,0,,https://t.vndb.org/ch/48/4748.jpg,https://t.vndb.org/ch/48/4748.jpg,,#635567 #a59a9c #ece5e0 #ccc6c7 #f4f3f4 #ffffff,White Antenna Short Straight Cross-dressing Slim Pale Red Young-adult Suit,,,https://vndb.org/c4691,
vndb-c11265,vndb,6,10,,坪田美贵男,坪田 美貴男,Tsubota Mikio,,男,B,,Galgame,Galgame,コープスパーティー ブラッドカバー,尸体派对 血色笼罩,2006,Galgame,,如月学校高等部的体育老师。掌管一年级体育和保健，品行粗暴，多次受到教导主任的指导，却不改善固执己见。总是靠着独自的教育理念来行动，无法接纳他人,3556,0,3556,0,,https://t.vndb.org/ch/61/18261.jpg,https://t.vndb.org/ch/61/18261.jpg,https://lain.bgm.tv/r/400/pic/crt/l/ce/95/98748_crt_1wAG6.jpg,#a0595f #ac9d9b #ddcfc2 #ebe4df #f6f6f6 #ffffff,Brown Brown Pale Trousers Young-adult Muscular Strict Rude Goatee Sideburns,,https://bgm.tv/character/98748,https://vndb.org/c11265,98748
al88421,anilist,6,10,,永近英良,永近英良,Hideyoshi Nagachika,Hide,男,,18,动画|漫画|轻小说,动画,東京喰種 トーキョーグール,东京喰种,2014,动画,"[{""t"":""東京喰種 トーキョーグール"",""cn"":""东京喰种"",""ty"":""动画"",""y"":2014,""pop"":739775},{""t"":""東京喰種[トーキョーグール]√A"",""cn"":""东京喰种√A"",""ty"":""动画"",""y"":2015,""pop"":406723},{""t"":""東京喰種-トーキョーグール-:re 2"",""cn"":"""",""ty"":""动画"",""y"":2018,""pop"":237376},{""t"":""東京喰種 トーキョーグール"",""cn"":""东京喰种"",""ty"":""漫画"",""y"":2011,""pop"":196324},{""t"":""東京喰種-トーキョーグール-:re"",""cn"":""东京喰种:re"",""ty"":""漫画"",""y"":2014,""pop"":104047},{""t"":""東京喰種-トーキョーグール-［日々］"",""cn"":"""",""ty"":""轻小说"",""y"":2013,""pop"":3314}]",カネキの親友。上井大学に通う男子学生。愛称は「ヒデ」。カネキが人間としての感情を持つ中で柱となっている人物。カネキとは正反対に活発な性格で、友好関係が幅広くなぜか周囲に喰種が多い。小学生時代にカネキに話しかけたのがきっかけで親友となる。あんていくの常連客で、トーカに興味を抱いている。陽気でおおざっぱな性格であるが他者の微かな機微に気付く鋭い洞察力を持ち、真戸の殉職の件もほぼ完全な推理で事件の本質に辿り着いている。,3209,3209,0,38,,https://s4.anilist.co/file/anilistcdn/character/large/b88421-F8yaeVfHjwYn.png,https://s4.anilist.co/file/anilistcdn/character/medium/b88421-F8yaeVfHjwYn.png,https://lain.bgm.tv/r/400/pic/crt/l/4c/e3/25666_crt_RZ5x5.jpg?r=1494813652,,,https://anilist.co/character/88421,https://bgm.tv/character/25666,,25666
al149594,anilist,6,10,,,花城,Cheng Hua,Lang San (三郎) / Xueyu Tanhua (血雨探花) / Xiaohua (小花) / Hua Chengzhu (花城主),男,,800+,动画|漫画,动画,天官赐福,天官赐福,2020,动画,"[{""t"":""天官赐福"",""cn"":""天官赐福"",""ty"":""动画"",""y"":2020,""pop"":62459},{""t"":""天官赐福 第二季"",""cn"":""天官赐福 第二季"",""ty"":""动画"",""y"":2023,""pop"":25070},{""t"":""天官赐福 特别篇"",""cn"":"""",""ty"":""动画"",""y"":2021,""pop"":22593},{""t"":""天官赐福"",""cn"":""天官赐福"",""ty"":""漫画"",""y"":2019,""pop"":19953},{""t"":""天官賜福 短片"",""cn"":"""",""ty"":""动画"",""y"":2025,""pop"":2811}]",突然出现在谢怜身边的少年，外表约莫十六七岁，衣红胜枫，肤白若雪，俊美又有几分野气，博闻多识，幽默风趣，真实身份成迷。,3075,3075,0,12,,https://s4.anilist.co/file/anilistcdn/character/large/b149594-mWkRlJYUZGPG.png,https://s4.anilist.co/file/anilistcdn/character/medium/b149594-mWkRlJYUZGPG.png,https://lain.bgm.tv/r/400/pic/crt/l/68/eb/87564_crt_76v76.jpg?r=1606444480,,,https://anilist.co/character/149594,https://bgm.tv/character/87564,,87564
vndb-c10406,vndb,6,10,,黛大成,黛 大成,Mayuzumi Taisei,,男,,,Galgame,Galgame,真剣で私に恋しなさい！A-1,,2013,Galgame,,国から帯剣許可までもらった人間国宝。 十一段。 安土桃山からの黛の剣を継承しており、現代でもそれを再現できる“剣聖”。 手先も器用で、松風を作ったのは彼。 総理とも知り合いで、家柄ゆえに顔が広い。 温和な性格で口調は堅苦しいが、端々に優しさが滲み出ている。 地元の人たちからも慕われており、なかば神格化されている。 機械全般が苦手で、今でも神奈川に住む由紀江とは文を使ったやり取りをしている。 言葉を詩的にしたり無駄に長くしたりするので、よく妻や沙也佳にツッコまれている。,2470,0,2470,0,,https://t.vndb.org/ch/45/67245.jpg,https://t.vndb.org/ch/45/67245.jpg,https://lain.bgm.tv/r/400/pic/crt/l/38/3d/47301_crt_1N7N6.jpg,#7a808a #333638 #b0aaa8 #d9d3cf #f6f1ed #ffffff,Black Short Straight Moustache Slim Pale Shinai Warrior Swordsmanship Fighting,,https://bgm.tv/character/47301,https://vndb.org/c10406,47301
al75636,anilist,6,10,1994,,岩泉一,Hajime Iwaizumi,Iwa,男,,17-18,动画|漫画,动画,ハイキュー!!,排球少年!!,2014,动画,"[{""t"":""ハイキュー!!"",""cn"":""排球少年!!"",""ty"":""动画"",""y"":2014,""pop"":583268},{""t"":""ハイキュー!! セカンドシーズン"",""cn"":""排球少年 第二季"",""ty"":""动画"",""y"":2015,""pop"":398770},{""t"":""ハイキュー!! 烏野高校 VS 白鳥沢学園高校"",""cn"":""排球少年 乌野高校 VS 白鸟泽学园高校"",""ty"":""动画"",""y"":2016,""pop"":362356},{""t"":""ハイキュー！！"",""cn"":""排球少年!!"",""ty"":""漫画"",""y"":2012,""pop"":101913},{""t"":""ハイキュー!! 才能とセンス"",""cn"":"""",""ty"":""动画"",""y"":2017,""pop"":28383},{""t"":""ハイキュー!! 勝者と敗者"",""cn"":"""",""ty"":""动画"",""y"":2015,""pop"":25205}]","179.3 cm Aobajousai High School 3rd Year, class 5 4 Wing Spiker Power = 5; jump = 4; stamina = 4; intellect = 3; technique = 3; speed = 4 Is a third-year student from Aoba Johsai High; he is the volleyball team's ace, vice-captain and a win…",1813,1813,0,0,,https://s4.anilist.co/file/anilistcdn/character/large/b75636-d8LM75218eDS.png,https://s4.anilist.co/file/anilistcdn/character/medium/b75636-d8LM75218eDS.png,,,,https://anilist.co/character/75636,,,
al123327,anilist,6,10,,,レイチェル・ガードナー,Rachel Gardner,Ray,女,AB,13,动画|漫画|轻小说,动画,殺戮の天使,杀戮天使,2018,动画,"[{""t"":""殺戮の天使"",""cn"":""杀戮天使"",""ty"":""动画"",""y"":2018,""pop"":218248},{""t"":""殺戮の天使 (ONA)"",""cn"":"""",""ty"":""动画"",""y"":2018,""pop"":37593},{""t"":""殺戮の天使"",""cn"":""杀戮天使"",""ty"":""漫画"",""y"":2015,""pop"":7304},{""t"":""殺戮の天使"",""cn"":""杀戮天使"",""ty"":""轻小说"",""y"":2016,""pop"":530},{""t"":""さつてん！"",""cn"":"""",""ty"":""漫画"",""y"":2017,""pop"":363}]","156 cm (5'1"") An amnesiac little girl who finds herself in a mysterious building. Being very calm and collected, she's often described as being extraordinarily dull but painfully honest, with some even remarking that she resembles a porcela…",1595,1595,0,0,,https://s4.anilist.co/file/anilistcdn/character/large/b123327-sCoETT0pFslx.png,https://s4.anilist.co/file/anilistcdn/character/medium/b123327-sCoETT0pFslx.png,,,,https://anilist.co/character/123327,,,
vndb-c40409,vndb,6,10,,,夕莉 シャチ,Yuuri Shachi,Orcinus 0001,女,,,Galgame,Galgame,ノラと皇女と野良猫ハート,,2016,Galgame,"[{""t"":""ノラと皇女と野良猫ハート"",""cn"":"""",""ty"":""Galgame"",""y"":2016,""pop"":1255},{""t"":""ノラと皇女と野良猫ハート2"",""cn"":"""",""ty"":""Galgame"",""y"":2017,""pop"":653}]","Nora found her on the beach when he was just a child. She's great at all chores and her cooking is very popular with the kids in the neighborhood. Even after Nora turned into a cat, she never stopped taking care of him.",1255,0,1255,0,,https://t.vndb.org/ch/88/74388.jpg,https://t.vndb.org/ch/88/74388.jpg,,#321c22 #987274 #dabcad #f3e5d4 #f7f2ef #ffffff,White Bun Waist Length+ Shoulder-length Teen Pale School Uniform Cooking Doggy Style Cowgirl,,,https://vndb.org/c40409,
vndb-c37582,vndb,6,10,,,浅葱 みのり,Asagi Minori,,女,,,Galgame,Galgame,マブラヴ アンリミテッド ザ・デイアフター,,2010,Galgame,,"2nd lieutenant in the Imperial Japanese Army/Mainland Defense Force who served in the same squad as Tatsunami Hibiki and Sendou Yuzuka in the past, and was a close friend of them.",690,0,690,0,1,https://t.vndb.org/ch/90/54190.jpg,https://t.vndb.org/ch/90/54190.jpg,,#9e8e73 #dfc8a3 #f9eac8 #2f2c2b #f1efed #ffffff,Blond Ahoge Shoulder-length Slim Pale Trousers Fighting Hotblooded Red Young-adult,,,https://vndb.org/c37582,
vndb-c21435,vndb,6,10,,,水原 さつき,Mizuhara Satsuki,Satskin / Satsukiinu,女,B,,Galgame,Galgame,コープスパーティー BLOOD DRIVE,尸体派对 驭血,2014,Galgame,"[{""t"":""コープスパーティー BLOOD DRIVE"",""cn"":""尸体派对 驭血"",""ty"":""Galgame"",""y"":2014,""pop"":682},{""t"":""コープスパーティー -THE ANTHOLOGY- サチコの恋愛遊戯♥Hysteric Birthday 2U"",""cn"":""尸体派对 文选集 幸子的恋爱游戏 竭斯底里生日2U"",""ty"":""Galgame"",""y"":2012,""pop"":303}]",Potato chips and shoujo manga Cockroaches and insects Collecting and sharing shoujo manga with Yuka Satsuki is Yuka's best friend and classmate.,682,0,682,0,,https://t.vndb.org/ch/55/26555.jpg,https://t.vndb.org/ch/55/26555.jpg,,#55577e #ac9393 #e9d1bd #ffffff,Brown Short Teen Slim Pale School Uniform Orphan Disaster Green Robe,,,https://vndb.org/c21435,
al45975,anilist,6,10,,,木吉鉄平,Teppei Kiyoshi,Iron Heart,男,O,17,动画|漫画,动画,黒子のバスケ,黑子的篮球,2012,动画,"[{""t"":""黒子のバスケ"",""cn"":""黑子的篮球"",""ty"":""动画"",""y"":2012,""pop"":286383},{""t"":""黒子のバスケ 2nd SEASON"",""cn"":"""",""ty"":""动画"",""y"":2013,""pop"":182891},{""t"":""黒子のバスケ 3rd SEASON"",""cn"":"""",""ty"":""动画"",""y"":2015,""pop"":162720},{""t"":""劇場版 黒子のバスケ Last Game"",""cn"":""剧场版 黑子的篮球 终极一战"",""ty"":""动画"",""y"":2017,""pop"":88995},{""t"":""黒子のバスケ ~最高のプレゼントです~"",""cn"":"""",""ty"":""动画"",""y"":2015,""pop"":20374},{""t"":""黒子のバスケ"",""cn"":""黑子的篮球"",""ty"":""漫画"",""y"":2008,""pop"":17353}]","193 cm (6'3"") Seirin High Center #7 Let's have fun~ The progenitor of Seirin's basketball team and its ace, Kiyoshi is the last of the original Seirin team members to be introduced, due to a hospitalization for a knee injury he got during a…",664,664,0,0,,https://s4.anilist.co/file/anilistcdn/character/large/b45975-zylmDribWTAi.png,https://s4.anilist.co/file/anilistcdn/character/medium/b45975-zylmDribWTAi.png,,,,https://anilist.co/character/45975,,,
vndb-c128817,vndb,6,10,,,フブキ＝クロックフォード,Fubuki Clockford,,女,O,,Galgame,Galgame,超探偵事件簿 レインコード,,2023,Galgame,,"One of the Master Detectives dispatched to Kanai Ward. Her Forte is Time Leap. Because of her upbringing as a lady of the world-famous Clockford Family, she is a bit naive.",574,0,574,0,,https://t.vndb.org/ch/64/151664.jpg,https://t.vndb.org/ch/64/151664.jpg,,#31293b #9ea1ba #c4c9e1 #70697e #dfe4f7 #f7f9fd,Young-adult Earrings Boots Thigh-high Stockings Airhead Idiot Ignorant Friendly Braid Refined,,,https://vndb.org/c128817,
al133660,anilist,6,10,,,チューズデイ・シモンズ,Tuesday Simmons,Tue,女,,17,动画|漫画,动画,キャロル＆チューズデイ,,2019,动画,"[{""t"":""キャロル＆チューズデイ"",""cn"":"""",""ty"":""动画"",""y"":2019,""pop"":102595},{""t"":""きゃろる＆ちゅーずでい"",""cn"":"""",""ty"":""动画"",""y"":2019,""pop"":2664},{""t"":""キャロル＆チューズデイ"",""cn"":"""",""ty"":""漫画"",""y"":2019,""pop"":1669}]","[Celeina Ann](//anilist.co/staff/139883/Celeina-Ann) Tuesday is a kind, somewhat airheaded daughter of a prominent politician. She ran away from home with her Gibson acoustic guitar to become a musician. She's from Mars.",535,535,0,0,,https://s4.anilist.co/file/anilistcdn/character/large/b133660-CirGi1hfhDzE.jpg,https://s4.anilist.co/file/anilistcdn/character/medium/b133660-CirGi1hfhDzE.jpg,,,,https://anilist.co/character/133660,,,
vndb-c12591,vndb,6,10,,,吉野谷 星音,Yoshinoya Seine,,女,O,,Galgame,Galgame,LOVELY×CATION2,,2013,Galgame,,Seine is a very quiet girl who's in her second year of high school. She loves pets and can usually be found with the cat that seems to live at the school.,453,0,453,0,,https://t.vndb.org/ch/06/15006.jpg,https://t.vndb.org/ch/06/15006.jpg,,#58a4b7 #bba78f #e1d3b8 #f9eed5 #f5f5ef #ffffff,Blond Waist Length+ Straight Teen Slim Pale Cowgirl Standing Sex Spoons Blowjob,,,https://vndb.org/c12591,
vndb-c19168,vndb,6,10,,,春日 美咲,Kasuga Misaki,,女,AB,,Galgame,Galgame,こいいろ Chu!Lips,,2006,Galgame,,"Misaki is a 1st year student and president of the Gardening Club. Modest, quiet and as gentle as she is with her flowers in the courtyard, she treasures her friendship with Yuu and works earnestly to bloom the tulips",446,0,446,0,,https://t.vndb.org/ch/71/23871.jpg,https://t.vndb.org/ch/71/23871.jpg,,#706c9c #b7a9bc #decfdf #f0eaed #faf9f7,Violet Ponytail Twin Tails Waist Length+ Straight Teen Slim Pale Cooking Blowjob,,,https://vndb.org/c19168,
al249856,anilist,6,10,,,尾鶏かえで,Kaede Otori,,女,,15,动画|漫画,动画,古見さんは、コミュ症です。,古见同学有交流障碍症,2021,动画,"[{""t"":""古見さんは、コミュ症です。"",""cn"":""古见同学有交流障碍症"",""ty"":""动画"",""y"":2021,""pop"":320892},{""t"":""古見さんは、コミュ症です。2"",""cn"":"""",""ty"":""动画"",""y"":2022,""pop"":167785},{""t"":""古見さんは、コミュ症です。"",""cn"":""古见同学有交流障碍症"",""ty"":""漫画"",""y"":2016,""pop"":106886}]","An airhead who likes to take things slow, to the point where she kept on watching a fireplace recording from Christmas to New Year's Day.",412,412,0,0,,https://s4.anilist.co/file/anilistcdn/character/large/b249856-u7JjuRKqdD2O.png,https://s4.anilist.co/file/anilistcdn/character/medium/b249856-u7JjuRKqdD2O.png,,,,https://anilist.co/character/249856,,,
vndb-c18590,vndb,6,10,,,田辺 瑠未亜,Tanabe Rumia,ヴェル・ミア・ターナ,女,AB,,Galgame,Galgame,ちぇ～んじ!　～あの娘になってクンクンペロペロ～,,2014,Galgame,,,394,0,394,0,,https://t.vndb.org/ch/83/23283.jpg,https://t.vndb.org/ch/83/23283.jpg,,#645c6b #9e94a0 #ccc5c1 #e5e3e2 #f7f6f3 #ffffff,Violet Twin Tails Waist Length+ Straight Teen Slim Pale School Uniform Doggy Style Blowjob,,,https://vndb.org/c18590,
al89061,anilist,6,10,,,クローディア・エンフィールド,Claudia Enfield,,女,,,动画|漫画|轻小说,动画,学戦都市アスタリスク,,2015,动画,"[{""t"":""学戦都市アスタリスク"",""cn"":"""",""ty"":""动画"",""y"":2015,""pop"":156673},{""t"":""学戦都市アスタリスク 2"",""cn"":"""",""ty"":""动画"",""y"":2016,""pop"":104097},{""t"":""学戦都市アスタリスク"",""cn"":"""",""ty"":""漫画"",""y"":2013,""pop"":2875},{""t"":""学戦都市アスタリスク"",""cn"":"""",""ty"":""轻小说"",""y"":2012,""pop"":2463}]",Claudia is the second highest ranking student of Seidoukan Academy and its Student Council President. She recommended [Ayato](//anilist.co/character/89058)'s transfer to the academy. She has held the position of President since junior high.,338,338,0,0,,https://s4.anilist.co/file/anilistcdn/character/large/b89061-NNF7JPp6eIMT.png,https://s4.anilist.co/file/anilistcdn/character/medium/b89061-NNF7JPp6eIMT.png,,,,https://anilist.co/character/89061,,,
vndb-c15095,vndb,6,10,,,白取 叶,Shiratori Kanae,,女,AB,,Galgame,Galgame,妹のおかげでモテすぎてヤバい。,,2013,Galgame,"[{""t"":""妹のおかげでモテすぎてヤバい。"",""cn"":"""",""ty"":""Galgame"",""y"":2013,""pop"":324},{""t"":""叶とメグリとのその後がイチャらぶすぎてヤバい。"",""cn"":"""",""ty"":""Galgame"",""y"":2014,""pop"":99}]","A second year student, as well as the president of ""Dream Village Exploration"" club. She is a diligent student, although quite an airhead. She has a cheerful and kind personality, and often helps her friends in need.",324,0,324,0,,https://t.vndb.org/ch/93/19193.jpg,https://t.vndb.org/ch/93/19193.jpg,,#848591 #3d3b41 #c1baba #f7f5ef #e3dfdd #ffffff,White Ahoge Twin Tails Long Teen Slim Pale Magician Missionary Doggy Style,,,https://vndb.org/c15095,
vndb-c85636,vndb,6,10,,,ツクヨミ,Tsukuyomi,,女,,,Galgame,Galgame,神様のような君へ,,2020,Galgame,,,317,0,317,0,,https://t.vndb.org/ch/82/105582.jpg,https://t.vndb.org/ch/82/105582.jpg,,#8a8387 #f3ede5 #bfbcb9 #dddbd7 #f7f7f7 #ffffff,White Long Waist Length+ Teen Slim Pale School Uniform Missionary Doggy Style Cowgirl,,,https://vndb.org/c85636,
al47295,anilist,6,10,,,貴月イチカ,Ichika Takatsuki,,女,,17-18,动画|漫画|轻小说,动画,あの夏で待ってる,,2012,动画,"[{""t"":""あの夏で待ってる"",""cn"":"""",""ty"":""动画"",""y"":2012,""pop"":86363},{""t"":""あの夏を待っている 僕達は高校最後の夏を過ごしながら、あの夏を待っている。"",""cn"":"""",""ty"":""动画"",""y"":2014,""pop"":14283},{""t"":""あの夏で待ってる"",""cn"":"""",""ty"":""漫画"",""y"":2012,""pop"":1067},{""t"":""あの夏で待ってる"",""cn"":"""",""ty"":""轻小说"",""y"":2012,""pop"":287}]","163 cm (5'3"") 3rd Year ~!A 3rd year student who stands out due to her red hair. The main female protagonist is an alien come to Earth who acts to save [Kaito](//anilist.co/character/47299/Kirishima-Kaito) from the injuries he sustains when…",258,258,0,0,,https://s4.anilist.co/file/anilistcdn/character/large/b47295-RUv8JE8y7xwK.png,https://s4.anilist.co/file/anilistcdn/character/medium/b47295-RUv8JE8y7xwK.png,,,,https://anilist.co/character/47295,,,
vndb-c12026,vndb,6,10,,,玉森 桜,Tamamori Sakura,,女,B,,Galgame,Galgame,ひとつ飛ばし恋愛,,2013,Galgame,,"Kazuki's childhood friend's, Chino's childhood friend and best friend. She is considered the school idol due to her popularity with the students regardless of their gender and her kind, refined personality.",241,0,241,0,,https://t.vndb.org/ch/39/14139.jpg,https://t.vndb.org/ch/39/14139.jpg,,#b3a182 #675f4e #d5cdb6 #ece8dd #f8f8f4 #ffffff,Waist Length+ Wavy Teen Slim Pale School Uniform Cooking Missionary Cowgirl Standing Sex,,,https://vndb.org/c12026,
vndb-c64955,vndb,6,10,,,九重 楓子,Kokonoe Fuuko,,女,AB,,Galgame,Galgame,はぴねす！2 Sakura Celebration,,2019,Galgame,"[{""t"":""はぴねす！2 Sakura Celebration"",""cn"":"""",""ty"":""Galgame"",""y"":2019,""pop"":203},{""t"":""はぴねす！2 りらっくす"",""cn"":"""",""ty"":""Galgame"",""y"":2020,""pop"":35}]","A cool beauty onee-san who attracts people with her long, black hair. She is the daughter at Misaki Shrine as well as Kazuki's childhood friend and betrothed.",203,0,203,0,,https://t.vndb.org/ch/78/88378.jpg,https://t.vndb.org/ch/78/88378.jpg,,#3b294c #95637f #c7abc0 #e5d9ed #f7f0f5 #ffffff,Black Waist Length+ Straight Teen Slim Pale School Uniform Missionary Doggy Style Cowgirl,,,https://vndb.org/c64955,
al62483,anilist,6,10,,,トーマス・ワグナー,Thomas Wagner,,男,,,动画|漫画,动画,進撃の巨人,进击的巨人,2013,动画,"[{""t"":""進撃の巨人"",""cn"":""进击的巨人"",""ty"":""动画"",""y"":2013,""pop"":1053882},{""t"":""進撃の巨人 The Final Season"",""cn"":""进击的巨人 最终季"",""ty"":""动画"",""y"":2020,""pop"":642537},{""t"":""進撃の巨人"",""cn"":""进击的巨人"",""ty"":""漫画"",""y"":2009,""pop"":226814},{""t"":""進撃の巨人 OVA"",""cn"":"""",""ty"":""动画"",""y"":2013,""pop"":131300},{""t"":""進撃！巨人中学校"",""cn"":""进击！巨人中学校"",""ty"":""动画"",""y"":2015,""pop"":70408},{""t"":""劇場版「進撃の巨人」後編～自由の翼～"",""cn"":"""",""ty"":""动画"",""y"":2015,""pop"":31738}]","Thomas Wagner was from Trost District. A member of the 104th Trainees Squad, he first met Eren Yeager while questioning him about the Colossal Titan.",25,25,0,0,,https://s4.anilist.co/file/anilistcdn/character/large/b62483-zpSlfucUEgwQ.png,https://s4.anilist.co/file/anilistcdn/character/medium/b62483-zpSlfucUEgwQ.png,,,,https://anilist.co/character/62483,,,
vndb-c13733,vndb,6,11,,阿丝磨德乌丝,アスモデウス,Asmodeus,,女,,,Galgame,Galgame,うみねこのなく頃に,海猫鸣泣之时,2007,Galgame,"[{""t"":""うみねこのなく頃に"",""cn"":""海猫鸣泣之时"",""ty"":""Galgame"",""y"":2007,""pop"":13833},{""t"":""うみねこのなく頃に散"",""cn"":""海猫鸣泣之时散"",""ty"":""Galgame"",""y"":2009,""pop"":10973}]",贝阿朵莉切的家具，炼狱七姐妹中的七女，代表色欲。,13833,0,13833,10,1,https://t.vndb.org/ch/22/32122.jpg,https://t.vndb.org/ch/22/32122.jpg,https://lain.bgm.tv/r/400/pic/crt/l/86/2f/9043_crt_PLkNU.jpg?r=1677396966,#53332f #977c5c #ccb28d #e9daca #ffffff,Blond Twin Tails Long Straight Teen Slim Pale Fighting Red Jacket,,https://bgm.tv/character/9043,https://vndb.org/c13733,9043
vndb-c15865,vndb,6,11,,春原芽衣,春原 芽衣,Sunohara Mei,,女,A,,Galgame,Galgame,CLANNAD,,2004,Galgame,"[{""t"":""CLANNAD"",""cn"":"""",""ty"":""Galgame"",""y"":2004,""pop"":11405},{""t"":""CLANNAD -クラナド- 光見守る坂道で"",""cn"":"""",""ty"":""Galgame"",""y"":2008,""pop"":698}]",春原阳平的妹妹。因为担心着放弃了自己唯一的特长——足球的老哥的生活状况而独自从乡下来到了小镇上。和春原正相反，是个完全正常的人。虽然拜无能的老哥所赐，从小就不得不替他担各种心，但在她眼里，她的哥哥却是任何人都无法替代的。很喜欢芳野佑介的音乐。,11405,0,11405,188,,https://t.vndb.org/ch/36/27936.jpg,https://t.vndb.org/ch/36/27936.jpg,https://lain.bgm.tv/r/400/pic/crt/l/4e/f4/1018_crt_B0833.jpg?r=1692105842,#626f8e #d3b34b #ebdcd0 #b2afb4 #f0efef #ffffff,Black Twin Tails Shoulder-length Straight Slim Pale Cooking Amber Kid Jacket,,https://bgm.tv/character/1018,https://vndb.org/c15865,1018
vndb-c18180,vndb,6,11,,浅叶悠真,浅葉 悠真,Asaba Yuuma,Asa-bat (by Hanako) / The Wanted Guy / Yuu-chan (by Miyu) / Yuu-kun (by Mio),男,A,,Galgame,Galgame,恋がさくころ桜どき,恋花绽放樱飞时,2014,Galgame,,"Yuuma is a second-year at Mihaya Academy and sort of a celebrity on campus. In spite of being rather blunt, he’s a person that deeply cares for others. He simply can’t leave troubled people alone when he sees them.",2672,0,2672,0,,https://t.vndb.org/ch/98/134598.jpg,https://t.vndb.org/ch/98/134598.jpg,https://lain.bgm.tv/r/400/pic/crt/l/52/a4/133399_crt_8zqsd.jpg,#4c406a #a0afec #8a80a6 #d5c4d0 #f8efe9 #fefefe,Black Short Straight Teen Slim Pale Trousers Donkan Hard Worker Orphan,,https://bgm.tv/character/133399,https://vndb.org/c18180,133399
al165613,anilist,6,11,,,최루시엘,Luciel Choi,707 / Seven / God Seven / 707 EXTREME,男,AB,22,漫画|Galgame,漫画,수상한 메신저의 초대,,2020,漫画,"[{""t"":""수상한 메신저의 초대"",""cn"":"""",""ty"":""漫画"",""y"":2020,""pop"":3965},{""t"":""수상한메신저"",""cn"":"""",""ty"":""Galgame"",""y"":2016,""pop"":1296}]","175 cm (5'9"") A hacker who can quickly find information on anything he can get his hands on. ~!His birth name is Saeyoung Choi (최세영), while Luciel is his baptismal name.!~ For the most part, Seven displays a happy-go-lucky, outgoing, and ve…",1296,641,1296,0,,https://s4.anilist.co/file/anilistcdn/character/large/b165613-TALKYXDImA8T.png,https://s4.anilist.co/file/anilistcdn/character/medium/b165613-TALKYXDImA8T.png,https://t.vndb.org/ch/80/63380.jpg,,Red Straight Cross-dressing Pale Amber Young-adult Glasses Secretive Jacket Cross Necklace,https://anilist.co/character/165613,,https://vndb.org/c35138,
vndb-c89456,vndb,6,11,,,,Ray,Unknown / 최세란 / Choi Saeran,男,AB,,Galgame,Galgame,수상한메신저,,2016,Galgame,,Ray's route is available on Another Story. Ray is an affectionate game developer who needs the protagonist to be a beta tester for his new game - a chatting simulator with programmed AIs.,1296,0,1296,0,,https://t.vndb.org/ch/94/107994.jpg,https://t.vndb.org/ch/94/107994.jpg,,#7b1853 #cdb9b9 #968c93 #e1dfe1 #f5f3f3 #ffffff,Pink Red White Hard Worker Amber Shirt Vest Gloves Handgun Yandere,,,https://vndb.org/c89456,
vndb-c51653,vndb,6,11,,,,Unknown,,男,AB,,Galgame,Galgame,수상한메신저,,2016,Galgame,,"An enigmatic hacker who manages to convince the protagonist to enter Rika's apartment, and consequently, RFA's chatroom.",1296,0,1296,0,,https://t.vndb.org/ch/79/63379.jpg,https://t.vndb.org/ch/79/63379.jpg,,#5a3232 #9c8b88 #cebcba #e9e2df #f9f7f4 #ffffff,Pink Red White Short Pale Amber Tattoo Secretive Wristband Handgun,,,https://vndb.org/c51653,
al199121,anilist,6,11,,,佐々木瑛太,Eita Sasaki,,男,,19,动画|漫画,动画,山田くんとLv999の恋をする,,2023,动画,"[{""t"":""山田くんとLv999の恋をする"",""cn"":"""",""ty"":""动画"",""y"":2023,""pop"":205849},{""t"":""山田くんとLv999の恋をする"",""cn"":"""",""ty"":""漫画"",""y"":2019,""pop"":38486}]",Sasaki is the older brother of [Runa Sasaki](//anilist.co/character/199120/Sasaki-Runa). He is also [Yamada-kun](//anilist.co/character/197173/Yamada-Akito)'s senpai back in their hometown. His hobby is playing video games.,476,476,0,0,,https://s4.anilist.co/file/anilistcdn/character/large/b199121-8PgP309K6DkU.png,https://s4.anilist.co/file/anilistcdn/character/medium/b199121-8PgP309K6DkU.png,,,,https://anilist.co/character/199121,,,
vndb-c29205,vndb,6,11,,,はるか,Haruka,Otani Yuki / 大谷 有輝 / Ootani Yuuki,男,O,,Galgame,Galgame,スクールアイドル♂いとしのＱてぃくル,,2013,Galgame,,"A first year student at Hyakumangoku Academy. A young boy who has a bit of a complex about his girlish features. Dressed up like a girl, he adopts the idol persona of ”Haruka”.",394,0,394,0,,https://t.vndb.org/ch/17/68717.jpg,https://t.vndb.org/ch/17/68717.jpg,,#d8ba86 #97554d #fbedbf #cccbc5 #e8eceb #fefefe,Blond Twin Tails Shoulder-length Straight Cross-dressing Trap Brown Teen Slim Pale,,,https://vndb.org/c29205,
al312197,anilist,6,11,,,柚原まどか,Madoka Yuzuhara,,女,O,17,动画|漫画,动画,薫る花は凛と咲く,薰香花朵凛然绽放,2025,动画,"[{""t"":""薫る花は凛と咲く"",""cn"":""薰香花朵凛然绽放"",""ty"":""动画"",""y"":2025,""pop"":209540},{""t"":""薫る花は凛と咲く"",""cn"":""薰香花朵凛然绽放"",""ty"":""漫画"",""y"":2021,""pop"":79074}]","A good friend of [Kaoruko](//anilist.co/character/268676/Kaoruko-Waguri)'s that attends Kikyo Private Academy. Extremely friendly and outgoing, and unlike her fellow classmates at Kikyo, harbors no animosity or negative feelings towards the…",366,366,0,0,,https://s4.anilist.co/file/anilistcdn/character/large/b312197-fVxaGSxid7oF.png,https://s4.anilist.co/file/anilistcdn/character/medium/b312197-fVxaGSxid7oF.png,,,,https://anilist.co/character/312197,,,
al20843,anilist,6,11,,,エコー,Echo,Eko,女,AB,16,动画|漫画|轻小说,动画,パンドラハーツ,,2009,动画,"[{""t"":""パンドラハーツ"",""cn"":"""",""ty"":""动画"",""y"":2009,""pop"":75259},{""t"":""パンドラハーツ"",""cn"":"""",""ty"":""漫画"",""y"":2006,""pop"":57281},{""t"":""パンドラハーツ スペシャル"",""cn"":"""",""ty"":""动画"",""y"":2009,""pop"":7239},{""t"":""PandoraHearts ～Caucus race～"",""cn"":"""",""ty"":""轻小说"",""y"":2011,""pop"":1233}]","164 cm (5'5"") [Vincent](//anilist.co/character/17888/Nightray-Vincent)'s personal servant. She is somewhat emotionless, like a puppet, and treats Vincent's word as law. She fights with blades that come out of her long sleeves.",333,333,0,0,,https://s4.anilist.co/file/anilistcdn/character/large/b20843-YmX9cDUlJjXL.png,https://s4.anilist.co/file/anilistcdn/character/medium/b20843-YmX9cDUlJjXL.png,,,,https://anilist.co/character/20843,,,
al4773,anilist,6,11,,,夕日紅,Kurenai Yuuhi,,女,,"27-28 (Part I), 31 (Part II) ",动画|漫画,动画,NARUTO -ナルト-,火影忍者,2002,动画,"[{""t"":""NARUTO -ナルト-"",""cn"":""火影忍者"",""ty"":""动画"",""y"":2002,""pop"":725301},{""t"":""NARUTO -ナルト- 疾風伝"",""cn"":""火影忍者疾风传"",""ty"":""动画"",""y"":2007,""pop"":610025},{""t"":""BORUTO-ボルト- NARUTO NEXT GENERATIONS"",""cn"":""博人传-火影次世代-"",""ty"":""动画"",""y"":2017,""pop"":225171},{""t"":""THE LAST -NARUTO THE MOVIE-"",""cn"":""火影忍者 剧场版 终章"",""ty"":""动画"",""y"":2014,""pop"":142927},{""t"":""NARUTO -ナルト-"",""cn"":""火影忍者"",""ty"":""漫画"",""y"":1999,""pop"":99205},{""t"":""ROAD OF NARUTO"",""cn"":"""",""ty"":""动画"",""y"":2022,""pop"":20865}]","169.1 cm 010881 Jounin Kurenai Yuuhi is the Konoha Jounin in charge of Team 8, which consists of [Kiba Inuzuka](//anilist.co/character/3495/Inuzuka-Kiba), [Shino Aburame](//anilist.co/character/3428/Aburame-Shino), and [Hinata Hyuuga](//ani…",331,331,0,0,,https://s4.anilist.co/file/anilistcdn/character/large/n4773-mfDggINe9pMD.png,https://s4.anilist.co/file/anilistcdn/character/medium/n4773-mfDggINe9pMD.png,,,,https://anilist.co/character/4773,,,
vndb-c85641,vndb,6,11,,,伊澄 くろえ,Isumi Kuroe,,女,,,Galgame,Galgame,神様のような君へ,,2020,Galgame,,,317,0,317,0,,https://t.vndb.org/ch/83/105583.jpg,https://t.vndb.org/ch/83/105583.jpg,,#858994 #47484c #eae4e0 #c8c5c6 #f6f5f5 #ffffff,Black Long Straight Slim Pale Villain Red Young-adult Handgun Medical Doctor,,,https://vndb.org/c85641,
al142944,anilist,6,11,1987,,无量塔姬子,Jizi Wuliangta,Squad V Major / Commander Himeko / Aunt Himeko / Himeko Murata (無量塔姫子),女,,27,动画|漫画,动画,戦乙女の食卓,,2019,动画,"[{""t"":""戦乙女の食卓"",""cn"":"""",""ty"":""动画"",""y"":2019,""pop"":7618},{""t"":""戦乙女の食卓Ⅱ"",""cn"":"""",""ty"":""动画"",""y"":2020,""pop"":4001},{""t"":""崩坏3"",""cn"":"""",""ty"":""漫画"",""y"":2016,""pop"":1884},{""t"":""崩坏：星穹铁道 玄黄"",""cn"":"""",""ty"":""动画"",""y"":2023,""pop"":1789},{""t"":""女武神的餐桌 新春SP"",""cn"":"""",""ty"":""动画"",""y"":2021,""pop"":1443},{""t"":""崩坏：星穹铁道 不虚此行"",""cn"":"""",""ty"":""动画"",""y"":2025,""pop"":360}]","167 cm (5'6"") Murata Himeko is an A-rank Valkyrie, a teacher at St. Freya Academy, and the Captain of Hyperion. She's the leader of Squad V, supervising the team composed of [Kiana Kaslana]( //anilist.co/character/142947/Kiana-Kaslana), [Ra…",243,243,0,0,,https://s4.anilist.co/file/anilistcdn/character/large/b142944-N01zVnPNgX7r.png,https://s4.anilist.co/file/anilistcdn/character/medium/b142944-N01zVnPNgX7r.png,,,,https://anilist.co/character/142944,,,
al90115,anilist,6,11,,,夢原知予,Chiyo Yumehara,Moneyhara / Chiyopipi,女,,,动画|漫画|轻小说,动画,斉木楠雄のΨ難,齐木楠雄的灾难,2016,动画,"[{""t"":""斉木楠雄のΨ難"",""cn"":""齐木楠雄的灾难"",""ty"":""动画"",""y"":2016,""pop"":358529},{""t"":""斉木楠雄のΨ難 2"",""cn"":"""",""ty"":""动画"",""y"":2018,""pop"":189627},{""t"":""斉木楠雄のΨ難 Ψ始動編"",""cn"":"""",""ty"":""动画"",""y"":2019,""pop"":98277},{""t"":""斉木楠雄のΨ難 完結編"",""cn"":""齐木楠雄的灾难 完结篇"",""ty"":""动画"",""y"":2018,""pop"":91668},{""t"":""斉木楠雄のΨ難"",""cn"":""齐木楠雄的灾难"",""ty"":""漫画"",""y"":2012,""pop"":16675},{""t"":""斉木楠雄のΨ難　EXTRA STORY OF PSYCHICS"",""cn"":"""",""ty"":""轻小说"",""y"":2013,""pop"":190}]",A romantic and dreamy girl who easily falls in love with boys. She originally has a crush on Kusuo and tried her best to appeal to Kusuo. Kusuo in turn rejected her as hard as he could with his PSI powers.,241,241,0,0,,https://s4.anilist.co/file/anilistcdn/character/large/90115-LTupoOWlAWae.png,https://s4.anilist.co/file/anilistcdn/character/medium/90115-LTupoOWlAWae.png,,,,https://anilist.co/character/90115,,,
vndb-c133878,vndb,6,11,,,守屋 ミク,Moriya Miku,守屋 美玖,女,AB,,Galgame,Galgame,オトメ世界の歩き方,,2024,Galgame,,"An Expressionless Robot-Senpai Gemini A senpai at Acacia Academy, she shares a room with Yui and Akari in the dormitory. Because of her self-paced personality and lack of expressions, she is nicknamed ""Robot."" She excels in both academics a…",222,0,222,0,,https://t.vndb.org/ch/45/157445.jpg,https://t.vndb.org/ch/45/157445.jpg,,#394556 #818493 #bfbdc7 #e4dcdf #edf0f3 #ffffff,Long Teen Slim Pale Cowgirl Virgin Sex Blue Pantyhose Airhead Stoic,,,https://vndb.org/c133878,
vndb-c18375,vndb,6,11,,,時雨,Shigure,,男,O,,Galgame,Galgame,大正メビウスライン,,2012,Galgame,"[{""t"":""大正メビウスライン"",""cn"":"""",""ty"":""Galgame"",""y"":2012,""pop"":219},{""t"":""大正メビウスライン 帝都備忘録"",""cn"":"""",""ty"":""Galgame"",""y"":2015,""pop"":75}]","A young leader of the Gohongatana Clan (lit., ""Five Swords Clan"" or ""Five Katanas Clan""), a group of shamans who, since ancient times, have been in charge of the Emperors' burials and other religious ceremonies, unbeknownst to the general p…",219,0,219,0,,https://t.vndb.org/ch/31/23031.jpg,https://t.vndb.org/ch/31/23031.jpg,,#38405f #7a8090 #bcbabe #e5e4e0 #f4f5f2 #ffffff,Black Ponytail Pale Proactive Magician Swordsmanship Orphan Cooking Blowjob Hotblooded,,,https://vndb.org/c18375,
vndb-c13732,vndb,6,12,,贝尔哲布布,ベルゼブブ,Beelzebub,,女,,,Galgame,Galgame,うみねこのなく頃に,海猫鸣泣之时,2007,Galgame,"[{""t"":""うみねこのなく頃に"",""cn"":""海猫鸣泣之时"",""ty"":""Galgame"",""y"":2007,""pop"":13833},{""t"":""うみねこのなく頃に散"",""cn"":""海猫鸣泣之时散"",""ty"":""Galgame"",""y"":2009,""pop"":10973}]",天界から堕とされ、悪魔となった元・天使たちが働く万魔殿（パンデモニウム）の主。 仕事はできるが、恋愛については幼稚園児レベルなゆるふわ少女。 モフモフしたものが大好きで、部屋にケサランパサランというモフモフ生物を飼っている。,13833,0,13833,35,,https://t.vndb.org/ch/24/32124.jpg,https://t.vndb.org/ch/24/32124.jpg,https://lain.bgm.tv/r/400/pic/crt/l/b8/13/65368_crt_ogXJk.jpg?r=1533829179,#51322c #9b7d4b #c5a697 #ead9c8 #ffffff,Blond Twin Tails Long Teen Slim Pale Fighting Red Jacket Necktie,,https://bgm.tv/character/65368,https://vndb.org/c13732,65368
al4628,anilist,6,12,,能美·库特莉亚芙卡,能美クドリャフカ,Kudryavka Noumi,Kud / Kunya / Kudryavka Anatolyevna Strugatskaya (Кудрявка Анатольевна Стругацкая) / Kudryavka Anatolyevna Strugatskaya,女,AB,15-16,动画|Galgame,动画,リトルバスターズ!,Little Busters!,2012,动画,"[{""t"":""リトルバスターズ!"",""cn"":""Little Busters!"",""ty"":""动画"",""y"":2012,""pop"":70287},{""t"":""リトルバスターズ! ~Refrain~"",""cn"":"""",""ty"":""动画"",""y"":2013,""pop"":35756},{""t"":""リトルバスターズ！EX"",""cn"":""Little Busters! EX"",""ty"":""动画"",""y"":2014,""pop"":14876},{""t"":""かぎなど"",""cn"":""键等"",""ty"":""动画"",""y"":2021,""pop"":10419},{""t"":""リトルバスターズ！"",""cn"":""Little Busters!"",""ty"":""Galgame"",""y"":2007,""pop"":9276},{""t"":""リトルバスターズ！世界の斎藤は俺が守る！"",""cn"":"""",""ty"":""动画"",""y"":2013,""pop"":7988}]",CV：鈴田美夜子 异国情调（自称）的吉祥物 虽是归国女，但受祖父日本风的影响，十分像地道的日本人 很在意这点而强行使用英语讲话 实际上年龄很小。被周围人当作吉祥物般宠爱（玩弄）着 爱称是『クド』,9276,360,9276,381,,https://s4.anilist.co/file/anilistcdn/character/large/b4628-INyzMsPH4yfN.png,https://s4.anilist.co/file/anilistcdn/character/medium/b4628-INyzMsPH4yfN.png,https://t.vndb.org/ch/50/37050.jpg|https://lain.bgm.tv/r/400/pic/crt/l/03/ea/361_crt_u3kci.jpg,,White Ponytail Long Straight Slim Pale School Uniform Hard Worker Cooking Fighting,https://anilist.co/character/4628,https://bgm.tv/character/361,https://vndb.org/c1867,361
al65865,anilist,6,12,,小鸟游六花,小鳥遊六花,Rikka Takanashi,Jaou Shingan (邪王真眼) / Tyrant's Eye / Jaou Shingan no Tsukaite (邪王真眼の使い手) / Wielder of Tyrant's Eye,女,,15-18,动画,动画,中二病でも恋がしたい!,中二病也要谈恋爱!,2012,动画,"[{""t"":""中二病でも恋がしたい!"",""cn"":""中二病也要谈恋爱!"",""ty"":""动画"",""y"":2012,""pop"":353258},{""t"":""中二病でも恋がしたい！戀"",""cn"":""中二病也要谈恋爱！恋"",""ty"":""动画"",""y"":2014,""pop"":183593},{""t"":""映画 中二病でも恋がしたい！ -Take On Me-"",""cn"":"""",""ty"":""动画"",""y"":2018,""pop"":86548},{""t"":""中二病でも恋がしたい! 煌めきの... 聖爆誕祭（スラップステック・ノエル）"",""cn"":"""",""ty"":""动画"",""y"":2013,""pop"":79582},{""t"":""中二病でも恋がしたい！戀 再生の･･･邪王真眼黙示録"",""cn"":"""",""ty"":""动画"",""y"":2014,""pop"":43993},{""t"":""中二病でも恋がしたい！Lite"",""cn"":""中二病也要谈恋爱！Lite"",""ty"":""动画"",""y"":2012,""pop"":38094}]",メインヒロイン。現役中二病患者で、自称「邪王真眼の使い手」。理数系は壊滅的なほどできないが、中二病の影響で国語や社会および英語はそこそこできる。裁縫は得意だが料理はできない。作者あとがきによると最終的にお馬鹿でまったく面影もなくなってしまったが涼宮ハルヒシリーズの長門有希がモデルの模様。アニメ公式HPのトップでもっている銃はモーゼルC96(モーゼルミリタリー)である。,8410,8410,0,1126,,https://s4.anilist.co/file/anilistcdn/character/large/b65865-AC0ru7cDXUgK.png,https://s4.anilist.co/file/anilistcdn/character/medium/b65865-AC0ru7cDXUgK.png,https://lain.bgm.tv/r/400/pic/crt/l/a7/6c/17362_crt_yPAVp.jpg?r=1642151054,,,https://anilist.co/character/65865,https://bgm.tv/character/17362,,17362
vndb-c5867,vndb,6,12,,,源 義経,Minamoto Yoshitsune,Ushiwakamaru,女,AB,,Galgame,Galgame,真剣で私に恋しなさい！S,认真和我恋爱！S,2012,Galgame,"[{""t"":""真剣で私に恋しなさい！S"",""cn"":""认真和我恋爱！S"",""ty"":""Galgame"",""y"":2012,""pop"":5025},{""t"":""真剣で私に恋しなさい！A-1"",""cn"":"""",""ty"":""Galgame"",""y"":2013,""pop"":2470},{""t"":""真剣で私に恋しなさい！A-2"",""cn"":"""",""ty"":""Galgame"",""y"":2013,""pop"":2188},{""t"":""真剣で私に恋しなさい！A-3"",""cn"":"""",""ty"":""Galgame"",""y"":2014,""pop"":1374},{""t"":""真剣で私に恋しなさい！A-4"",""cn"":"""",""ty"":""Galgame"",""y"":2014,""pop"":1023},{""t"":""真剣で私に恋しなさい！A-5"",""cn"":"""",""ty"":""Galgame"",""y"":2016,""pop"":791}]",九鬼財閥が生み出した「武士道プラン」のメンバーで、源義経のクローンと言われている。 6月12日生まれ。血液型はAB型。2-S所属。一人称は「義経」。 礼儀正しく真面目。弁慶や与一の事を心配している。武器は腰に下げている日本刀。実力は由紀江とほぼ互角と四天王クラスの腕前を持つ。 歴史上の偉人のため、学校内外で多くの挑戦者に挑まれている。歴史上では弁慶や与一の主だが、弁慶に頭を撫でられたりと主従逆転の現象が起きている。 まじこいAにてヒロインに昇格し、登場はA-5。,5025,0,5025,13,,https://t.vndb.org/ch/98/5998.jpg,https://t.vndb.org/ch/98/5998.jpg,https://lain.bgm.tv/r/400/pic/crt/l/53/48/42044_crt_me9m5.jpg,#272a36 #88868e #cbc7cf #e2e1e8 #f9f8f5,Black Ponytail Waist Length+ Curtained Straight Teen Slim Pale School Uniform Hard Worker,,https://bgm.tv/character/42044,https://vndb.org/c5867,42044
vndb-c5868,vndb,6,12,,武藏坊弁庆,武蔵坊 弁慶,Musashibou Benkei,,女,A,,Galgame,Galgame,真剣で私に恋しなさい！S,认真和我恋爱！S,2012,Galgame,"[{""t"":""真剣で私に恋しなさい！S"",""cn"":""认真和我恋爱！S"",""ty"":""Galgame"",""y"":2012,""pop"":5025},{""t"":""真剣で私に恋しなさい！A-1"",""cn"":"""",""ty"":""Galgame"",""y"":2013,""pop"":2470},{""t"":""真剣で私に恋しなさい！A-2"",""cn"":"""",""ty"":""Galgame"",""y"":2013,""pop"":2188},{""t"":""真剣で私に恋しなさい！A-3"",""cn"":"""",""ty"":""Galgame"",""y"":2014,""pop"":1374},{""t"":""真剣で私に恋しなさい！A-4"",""cn"":"""",""ty"":""Galgame"",""y"":2014,""pop"":1023},{""t"":""真剣で私に恋しなさい！A-5"",""cn"":"""",""ty"":""Galgame"",""y"":2016,""pop"":791}]",九鬼財閥の技術で誕生した弁慶のクローン。義経と同じく高い能力を有する。 大人びており、義経トリオの精神的まとめ役。 普段はのんびりと大好きな酒…ではなく川神水を飲んでおり、これを飲むことと義経のこと以外に労力はかけたくないと思っている、めんどくさがり屋。なんだか、常にけだるそう。 でも川神水を飲み過ぎると壊れるので、義経はハラハラしている。 幼い頃から部下として義経の面倒を見続けてきたが、それゆえこちらのほうが精神的に優位という逆転現象が起きている。,5025,0,5025,26,,https://t.vndb.org/ch/99/5999.jpg,https://t.vndb.org/ch/99/5999.jpg,https://lain.bgm.tv/r/400/pic/crt/l/d9/93/30017_crt_TY5CV.jpg,#3e3a3c #8f898d #ccc3c9 #ebe5e2 #f7f5f1 #ffffff,Black Long Wavy Slim Pale School Uniform Trousers Dress Shoes Fighting Missionary,,https://bgm.tv/character/30017,https://vndb.org/c5868,30017
vndb-c5869,vndb,6,12,,那须与一,那須 与一,Nasu no Yoichi,Nasuno Yoichi / ナス / Nasu,男,B,,Galgame,Galgame,真剣で私に恋しなさい！S,认真和我恋爱！S,2012,Galgame,"[{""t"":""真剣で私に恋しなさい！S"",""cn"":""认真和我恋爱！S"",""ty"":""Galgame"",""y"":2012,""pop"":5025},{""t"":""真剣で私に恋しなさい！A-1"",""cn"":"""",""ty"":""Galgame"",""y"":2013,""pop"":2470},{""t"":""真剣で私に恋しなさい！A-2"",""cn"":"""",""ty"":""Galgame"",""y"":2013,""pop"":2188},{""t"":""真剣で私に恋しなさい！A-3"",""cn"":"""",""ty"":""Galgame"",""y"":2014,""pop"":1374},{""t"":""真剣で私に恋しなさい！A-4"",""cn"":"""",""ty"":""Galgame"",""y"":2014,""pop"":1023},{""t"":""真剣で私に恋しなさい！A-5"",""cn"":"""",""ty"":""Galgame"",""y"":2016,""pop"":791}]",登场时为19岁，是个外表俊美看似女性的美少年，起初被丰久误认为是信长的侍童乱丸。擅长使用弓箭，有着十个哥哥，声称自己是家族里外型最粗犷的，而且兄长个个都长得比他更俊美，现担任精灵族的弓箭部队训练教官。,5025,0,5025,12,,https://t.vndb.org/ch/00/6000.jpg,https://t.vndb.org/ch/00/6000.jpg,https://lain.bgm.tv/r/400/pic/crt/l/20/30/37796_crt_eU6TK.jpg,#938787 #27242b #c6bdc0 #e6dee0 #f2f2f5 #ffffff,Curtained Short Straight Teen Slim Pale School Uniform Trousers Fighting Violet,,https://bgm.tv/character/37796,https://vndb.org/c5869,37796
al167841,anilist,6,12,1990,三谷隆,三ツ谷隆,Takashi Mitsuya,Taka / Joker,男,A,15-28,动画|漫画,动画,東京リベンジャーズ,东京复仇者,2021,动画,"[{""t"":""東京リベンジャーズ"",""cn"":""东京复仇者"",""ty"":""动画"",""y"":2021,""pop"":445622},{""t"":""東京リベンジャーズ 聖夜決戦編"",""cn"":""东京复仇者 圣夜决战篇"",""ty"":""动画"",""y"":2023,""pop"":143018},{""t"":""東京卍リベンジャーズ"",""cn"":""东京卍复仇者"",""ty"":""漫画"",""y"":2017,""pop"":117730},{""t"":""東京リベンジャーズ 天竺編"",""cn"":"""",""ty"":""动画"",""y"":2023,""pop"":85576},{""t"":""東京リベンジャーズ 三天戦争編"",""cn"":"""",""ty"":""动画"",""y"":2026,""pop"":22716},{""t"":""ちびりべ"",""cn"":"""",""ty"":""动画"",""y"":2021,""pop"":8313}]",贰番队队长。 东卍创立者之一。小时候曾厌倦照顾两位妹妹的责任，离家出走时遇到龙宫寺，得到龙宫寺劝告。中三时担任学校手艺部部长。,3493,3493,0,7,,https://s4.anilist.co/file/anilistcdn/character/large/b167841-Pp08TBnzGhK4.jpg,https://s4.anilist.co/file/anilistcdn/character/medium/b167841-Pp08TBnzGhK4.jpg,https://lain.bgm.tv/r/400/pic/crt/l/fd/6a/86053_crt_85BIX.jpg?r=1616764108,,,https://anilist.co/character/167841,https://bgm.tv/character/86053,,86053
vndb-c9991,vndb,6,12,,雾岛佳乃,霧島 佳乃,Kirishima Kano,かのりん / Kanorin,女,A,,Galgame,Galgame,AIR,,2000,Galgame,,国崎往人在桥上追赶“土豆”时遇到的第二位女孩。右手上系著黄色丝带的开朗少女，她相信这样长大后就能使用魔法了。从小父母双亡，与在镇上开诊所的姐姐雾岛 圣一起生活。性格很单纯，也很开朗，自称是“空闲空闲星人一号！”（所以初见面就命名往人为“空闲空闲星人二号！”）是个动物爱好者，在学校是饲养委员，不善长做料理，跟流浪狗“土豆”十分友好，听得懂它说的话，最喜欢抱着“土豆”一起去散步。,2928,0,2928,68,,https://t.vndb.org/ch/52/195052.jpg,https://t.vndb.org/ch/52/195052.jpg,https://lain.bgm.tv/r/400/pic/crt/l/1c/dd/57_crt_shVhz.jpg?r=1488788993,#292b37 #7e6f70 #c7b0ad #ece0d2 #fefefd,Blue Short Straight Teen Slim Pale School Uniform Orphan Missionary Virgin Sex,,https://bgm.tv/character/57,https://vndb.org/c9991,57
al72923,anilist,6,12,,,エリザベス・リオネス,Elizabeth Liones,Ellie / Elie,女,,16,动画,动画,七つの大罪,七大罪,2014,动画,"[{""t"":""七つの大罪"",""cn"":""七大罪"",""ty"":""动画"",""y"":2014,""pop"":529134},{""t"":""七つの大罪 戒めの復活"",""cn"":""七大罪 戒律的复活"",""ty"":""动画"",""y"":2018,""pop"":286406},{""t"":""七つの大罪 神々の逆鱗"",""cn"":""七大罪 诸神的逆鳞"",""ty"":""动画"",""y"":2019,""pop"":202771},{""t"":""七つの大罪 聖戦の予兆"",""cn"":""七大罪 圣战的预兆"",""ty"":""动画"",""y"":2016,""pop"":171917},{""t"":""七つの大罪 憤怒の審判"",""cn"":""七大罪 愤怒的审判"",""ty"":""动画"",""y"":2021,""pop"":139330},{""t"":""劇場版 七つの大罪 天空の囚われ人"",""cn"":""剧场版 七大罪 天空的囚人"",""ty"":""动画"",""y"":2018,""pop"":89979}]","Elizabeth Liones is the third adoptive princess of the Kingdom of Liones Originally an alleged survivor of Danafor's destruction, Elizabeth was adopted and raised by the king [Bartra Liones](//anilist.co/character/131565/Bartra-Liones).",2018,2018,0,0,,https://s4.anilist.co/file/anilistcdn/character/large/b72923-Hidpb955mwMW.png,https://s4.anilist.co/file/anilistcdn/character/medium/b72923-Hidpb955mwMW.png,,,,https://anilist.co/character/72923,,,
vndb-c40232,vndb,6,12,,,妹口 やよい,Seguchi Yayoi,Yacchan,女,AB,,Galgame,Galgame,お兄ちゃん、キッスの準備はまだですか？,,2016,Galgame,"[{""t"":""お兄ちゃん、キッスの準備はまだですか？"",""cn"":"""",""ty"":""Galgame"",""y"":2016,""pop"":1252},{""t"":""お兄ちゃん、キッスの準備はまだですか？  エッチの準備もまだですか？"",""cn"":"""",""ty"":""Galgame"",""y"":2017,""pop"":199}]",Third little sister.,1252,0,1252,0,,https://t.vndb.org/ch/12/50212.jpg,https://t.vndb.org/ch/12/50212.jpg,,#484d7a #8f93a4 #d0c5ba #f8f4ef #e3e0e2 #ffffff,Black Twin Tails Waist Length+ Teen Slim Pale School Uniform Missionary Doggy Style Cowgirl,,,https://vndb.org/c40232,
al318692,anilist,6,12,,,福原多聞,Tamon Fukuhara,Hottiehara / Gloomyhara,男,A,18,动画|漫画,动画,多聞くん今どっち！？,,2026,动画,"[{""t"":""多聞くん今どっち！？"",""cn"":"""",""ty"":""动画"",""y"":2026,""pop"":46179},{""t"":""多聞くん今どっち!?"",""cn"":"""",""ty"":""漫画"",""y"":2021,""pop"":9295},{""t"":""F/ACE OFF"",""cn"":"""",""ty"":""动画"",""y"":2025,""pop"":930},{""t"":""多聞くん今どっち!?"",""cn"":"""",""ty"":""漫画"",""y"":2021,""pop"":796},{""t"":""多聞くん今どっち!? F/ACEオフステージ！"",""cn"":"""",""ty"":""漫画"",""y"":2025,""pop"":224}]","180 cm (5'11"") Tamon is the ""Sexy and Wild"" member of the popular idol group F/ACE. He moved to Tokyo at 16 to audition as an idol with the dream of wishing to make people all over the world smile. His image color is red.",835,835,0,0,,https://s4.anilist.co/file/anilistcdn/character/large/b318692-CzhHnEaIgU9Y.png,https://s4.anilist.co/file/anilistcdn/character/medium/b318692-CzhHnEaIgU9Y.png,,,,https://anilist.co/character/318692,,,
vndb-c33047,vndb,6,12,,,姫野 星奏,Himeno Sena,,女,A,,Galgame,Galgame,恋×シンアイ彼女,,2015,Galgame,,"The protagonist's childhood friend, who suddenly moved to another place a few years ago. She's secretly popular amongst the male students.",780,0,780,0,,https://t.vndb.org/ch/76/39576.jpg,https://t.vndb.org/ch/76/39576.jpg,,#c48d88 #6d4f61 #dbbab9 #f2d8db #faf2ef #fefffe,Brown Waist Length+ Straight Teen Slim Pale School Uniform Hard Worker Missionary Doggy Style,,,https://vndb.org/c33047,
vndb-c34249,vndb,6,12,,,國見 洸太郎,Kunimi Koutarou,,男,A,,Galgame,Galgame,恋×シンアイ彼女,,2015,Galgame,,,780,0,780,0,,https://t.vndb.org/ch/51/73751.jpg,https://t.vndb.org/ch/51/73751.jpg,,#4b5475 #a8dd94 #7e8c7e #a48f95 #f2efe6 #c4c1c4,Brown Short Straight Teen Slim Pale Trousers Proactive Donkan Hard Worker,,,https://vndb.org/c34249,
vndb-c12463,vndb,6,12,,,美桜乃 雫,Miono Shizuku,,女,,,Galgame,Galgame,マブラヴ アンリミテッド ザ・デイアフター,,2010,Galgame,"[{""t"":""マブラヴ アンリミテッド ザ・デイアフター"",""cn"":"""",""ty"":""Galgame"",""y"":2010,""pop"":690},{""t"":""マブラヴ レゾネイティヴ"",""cn"":"""",""ty"":""Galgame"",""y"":"""",""pop"":0}]",2nd lieutenant of the 1st Tactical Armor Regiment in the Imperial Japanese Army/Mainland Defense Force. Serves under Tatsunami Hibiki in the Wardog squad. Extremely close with Ellen Aice.,690,0,690,0,,https://t.vndb.org/ch/92/16092.jpg,https://t.vndb.org/ch/92/16092.jpg,,#ac6b65 #4d443a #d3a79b #e7ddd6 #ffffff,Red Ahoge Twin Tails Shoulder-length Straight Teen Slim Pale Trousers Hard Worker,,,https://vndb.org/c12463,
al32797,anilist,6,12,,,天草シノ,Shino Amakusa,,女,,16-17,动画,动画,生徒会役員共,,2010,动画,"[{""t"":""生徒会役員共"",""cn"":"""",""ty"":""动画"",""y"":2010,""pop"":109813},{""t"":""生徒会役員共＊"",""cn"":"""",""ty"":""动画"",""y"":2014,""pop"":55481},{""t"":""生徒会役員共 OVA"",""cn"":"""",""ty"":""动画"",""y"":2011,""pop"":31054},{""t"":""生徒会役員共＊ OVA"",""cn"":"""",""ty"":""动画"",""y"":2014,""pop"":21725},{""t"":""劇場版 生徒会役員共"",""cn"":"""",""ty"":""动画"",""y"":2017,""pop"":18748},{""t"":""劇場版 生徒会役員共２"",""cn"":"""",""ty"":""动画"",""y"":2021,""pop"":11697}]","165 cm The student council president and a second-year student. She is serious, diligent, and talented in most subjects. However, she is almost always thinking of perverted things, even suggesting that one of her main reasons to be interest…",510,510,0,0,,https://s4.anilist.co/file/anilistcdn/character/large/b32797-Fs04wkaeqwC3.png,https://s4.anilist.co/file/anilistcdn/character/medium/b32797-Fs04wkaeqwC3.png,,,,https://anilist.co/character/32797,,,
al124116,anilist,6,12,,,テレシア・ヴァン・アストレア,Theresia van Astrea,Sword Saint,女,,,动画|漫画|轻小说,动画,Re:ゼロから始める異世界生活,Re：从零开始的异世界生活,2016,动画,"[{""t"":""Re:ゼロから始める異世界生活"",""cn"":""Re：从零开始的异世界生活"",""ty"":""动画"",""y"":2016,""pop"":621774},{""t"":""Re:ゼロから始める異世界生活 3rd season"",""cn"":"""",""ty"":""动画"",""y"":2024,""pop"":195668},{""t"":""Re:ゼロから始める異世界生活"",""cn"":""Re：从零开始的异世界生活"",""ty"":""轻小说"",""y"":2014,""pop"":30155},{""t"":""Re:ゼロから始める異世界生活 第三章 Truth of Zero"",""cn"":"""",""ty"":""漫画"",""y"":2015,""pop"":5411},{""t"":""Re:ゼロから始める異世界生活Ex"",""cn"":"""",""ty"":""轻小说"",""y"":2015,""pop"":2616},{""t"":""剣鬼恋歌 Re:ゼロから始める異世界生活†真銘譚"",""cn"":"""",""ty"":""漫画"",""y"":2018,""pop"":1715}]","Theresia was the former Sword Saint/Master Swordsman, [Wilhelm](//anilist.co/character/90179/Wilhelm-van-Astrea)'s wife and [Reinhard](//anilist.co/character/88577/Reinhard-van-Astrea)'s grandmother.",369,369,0,0,,https://s4.anilist.co/file/anilistcdn/character/large/b124116-n6qYjDhHcBHS.png,https://s4.anilist.co/file/anilistcdn/character/medium/b124116-n6qYjDhHcBHS.png,,,,https://anilist.co/character/124116,,,
al140699,anilist,6,12,,,ヒュース,Hyuse,Hyuston (ヒューストン),男,,16-,动画|漫画,动画,ワールドトリガー,,2014,动画,"[{""t"":""ワールドトリガー"",""cn"":"""",""ty"":""动画"",""y"":2014,""pop"":120206},{""t"":""ワールドトリガー 2ndシーズン"",""cn"":"""",""ty"":""动画"",""y"":2021,""pop"":46016},{""t"":""ワールドトリガー 3rdシーズン"",""cn"":"""",""ty"":""动画"",""y"":2021,""pop"":36828},{""t"":""ワールドトリガー"",""cn"":"""",""ty"":""漫画"",""y"":2013,""pop"":20428}]",Hyuse is a character in the manga and anime series World Trigger. He is a Neighbor from Aftokrator who after being caught in a battle with [Jin](//anilist.co/character/89014/Jin-Yuuichi) ends up stranded/abandoned on Earth.,366,366,0,0,,https://s4.anilist.co/file/anilistcdn/character/large/b140699-LyYGLHX2cf2m.png,https://s4.anilist.co/file/anilistcdn/character/medium/b140699-LyYGLHX2cf2m.png,,,,https://anilist.co/character/140699,,,
vndb-c73306,vndb,6,12,,,橘 誠史郎,Tachibana Seishirou,,男,B,,Galgame,Galgame,SNOW,,2003,Galgame,"[{""t"":""SNOW"",""cn"":"""",""ty"":""Galgame"",""y"":2003,""pop"":354},{""t"":""友達以上恋人未満"",""cn"":"""",""ty"":""Galgame"",""y"":2004,""pop"":17},{""t"":""暗黒SNOW"",""cn"":"""",""ty"":""Galgame"",""y"":2004,""pop"":17}]",,354,0,354,0,,https://t.vndb.org/ch/12/96112.jpg,https://t.vndb.org/ch/12/96112.jpg,,#483a2f #9a928a #c5bfb9 #e6e1db #f9f9f9,Brown Short Brown Trousers Glasses Necktie Shirt Smoking Widower Betrothed,,,https://vndb.org/c73306,
vndb-c70341,vndb,6,12,,,汐見 千尋,Shiomi Chihiro,,女,A,,Galgame,Galgame,闇染Revenger －墜ちた魔王と堕ちる戦姫－,,2018,Galgame,,Moonstone Going to Convenience Stores,344,0,344,0,,https://t.vndb.org/ch/37/123937.jpg,https://t.vndb.org/ch/37/123937.jpg,,#454153 #9e7e7f #c6b3b2 #e6dbd7 #f6f1ec #ffffff,Blond Brown Ponytail Waist Length+ Pale Green Young-adult Glasses Stockings Airhead,,,https://vndb.org/c70341,
al141930,anilist,6,12,,,セニョール・ピンク,Señor Pink,Senor Pink,男,X,46,动画|漫画,动画,ONE PIECE,航海王,1999,动画,"[{""t"":""ONE PIECE"",""cn"":""航海王"",""ty"":""动画"",""y"":1999,""pop"":750384},{""t"":""ONE PIECE"",""cn"":""航海王"",""ty"":""漫画"",""y"":1997,""pop"":232766}]","244 cm (8'0"") Donquixote Pirates Sui Sui no Mi (Swim-Swim Fruit) Paramecia ~!58,000,000!~ Senor Pink is an officer of the Donquixote Pirates' Diamante Army.",292,292,0,0,,https://s4.anilist.co/file/anilistcdn/character/large/b141930-Wgi4AyNH29rk.png,https://s4.anilist.co/file/anilistcdn/character/medium/b141930-Wgi4AyNH29rk.png,,,,https://anilist.co/character/141930,,,
al171748,anilist,6,12,,,七瀬翼,Tsubasa Nanase,,女,,16,动画|漫画|轻小说,动画,ようこそ実力至上主義の教室へ 4th Season 2年生編1学期,,2026,动画,"[{""t"":""ようこそ実力至上主義の教室へ 4th Season 2年生編1学期"",""cn"":"""",""ty"":""动画"",""y"":2026,""pop"":117800},{""t"":""ようこそ実力至上主義の教室へ　２年生編"",""cn"":"""",""ty"":""轻小说"",""y"":2020,""pop"":16585},{""t"":""ようこそ実力至上主義の教室へ２年生編"",""cn"":"""",""ty"":""漫画"",""y"":2021,""pop"":3436}]","A second-year student in class D. A bright, positive, and excellent student, she has been given details about [Ayanokoji](//anilist.co/character/123212/Ayanokouji-Kiyotaka) by [Tsukishiro](//anilist.co/character/288362/Tsukishiro-Tokinari),…",286,286,0,0,,https://s4.anilist.co/file/anilistcdn/character/large/b171748-gAlTRa7d78vP.png,https://s4.anilist.co/file/anilistcdn/character/medium/b171748-gAlTRa7d78vP.png,,,,https://anilist.co/character/171748,,,
vndb-c20865,vndb,6,12,,,倉野 和哉,Kurano Kazuya,,男,,,Galgame,Galgame,倉野くんちのふたご事情,,2012,Galgame,,The protagonist and Tomoka's younger twin brother. Because they're twins they share a room and sleep together in a large double bed. He's on the student council with Izumi.,275,0,275,0,,https://t.vndb.org/ch/37/73737.jpg,https://t.vndb.org/ch/37/73737.jpg,,#6ba1cf #070f3e #30375e #646b8e #c5aaac #f5eadc,Short Teen Slim Pale School Uniform Cooking Cunnilingus Sixty-nine Red Shorts,,,https://vndb.org/c20865,
vndb-c10102,vndb,6,12,,,倉野 智花,Kurano Tomoka,,女,,,Galgame,Galgame,倉野くんちのふたご事情,,2012,Galgame,"[{""t"":""倉野くんちのふたご事情"",""cn"":"""",""ty"":""Galgame"",""y"":2012,""pop"":275},{""t"":""僕の未来は、恋と課金と。～Charge To The Future～"",""cn"":"""",""ty"":""Galgame"",""y"":2019,""pop"":154}]",Kazuya's older twin sister. Because they're twins she sleeps in a large double bed with Kazuya which makes the other sisters jealous.,275,0,275,0,,https://t.vndb.org/ch/75/11075.jpg,https://t.vndb.org/ch/75/11075.jpg,,#494553 #968e95 #d0c4c4 #f9f6ef #eae5e2 #ffffff,Twin Tails Waist Length+ Teen Slim Pale School Uniform Cowgirl Blowjob Sixty-nine Virgin Sex,,,https://vndb.org/c10102,
vndb-c46551,vndb,6,12,,,木 馨,Mu Xin,,女,B,,Galgame,Galgame,高考恋爱一百天,,2014,Galgame,"[{""t"":""高考恋爱一百天"",""cn"":"""",""ty"":""Galgame"",""y"":2014,""pop"":264},{""t"":""真恋～寄语枫秋～"",""cn"":"""",""ty"":""Galgame"",""y"":2014,""pop"":44},{""t"":""迎接春天的魔法师"",""cn"":"""",""ty"":""Galgame"",""y"":2016,""pop"":2}]",,264,0,264,0,,https://t.vndb.org/ch/04/178704.jpg,https://t.vndb.org/ch/04/178704.jpg,,#5e556b #a89194 #c8c8c2 #f6f4f2 #e4e1e1 #ffffff,Brown Ahoge Long Teen Slim Pale School Uniform Amber Thigh-high Stockings High School Student,,,https://vndb.org/c46551,
al36772,anilist,6,12,,,ハイドラ・ベル,Bell Hydra,Daifuku,女,B,16-18,动画|漫画,动画,ブラッドラッド,,2013,动画,"[{""t"":""ブラッドラッド"",""cn"":"""",""ty"":""动画"",""y"":2013,""pop"":140303},{""t"":""ブラッドラッド"",""cn"":"""",""ty"":""漫画"",""y"":2009,""pop"":17400}]","163 cm A sorceress of the highest quality, she meets up with [Yanagi](//anilist.co/character/36361/Yanagi-Fuyumi) and [Staz](//anilist.co/character/36362/Blood-Charlie-Staz) after they use her gateway connecting Hell and Earth after it was…",253,253,0,0,,https://s4.anilist.co/file/anilistcdn/character/large/b36772-FI6ULaMabACq.png,https://s4.anilist.co/file/anilistcdn/character/medium/b36772-FI6ULaMabACq.png,,,,https://anilist.co/character/36772,,,
vndb-c8349,vndb,6,12,,,京 都,Kanadome Miyako,Kana-chan / Kyoto-chan / Miya-chan,女,O,,Galgame,Galgame,ピュアガール,,2012,Galgame,,"A reserved girl who is Sora's best friend and childhood friend to both her and Satoru. Has a licking fetish(?), harbors intense feelings for protagonist.",234,0,234,0,,https://t.vndb.org/ch/78/8778.jpg,https://t.vndb.org/ch/78/8778.jpg,,#d28fa3 #703a57 #e7c6d1 #f1e7ea #fbf9f6,Pink Twin Tails Long Straight Teen Slim Pale School Uniform Cooking Missionary,,,https://vndb.org/c8349,
vndb-c92036,vndb,6,12,,,七瀬 未来,Nanase Mirai,,女,AB,,Galgame,Galgame,Dreamin' Her -僕は、彼女の夢を見る。-,,2022,Galgame,,"A bright and cheerful childhood friend of Ao. Everyday, she wakes up Ao—whose parents are seldom at home—in the morning and doing the cooks. A girl who likes to taking care of others. For some reason, she rejects Ao. ""Sorry. I'm sorry, Ao.",207,0,207,0,,https://t.vndb.org/ch/81/126381.jpg,https://t.vndb.org/ch/81/126381.jpg,,#a4a5ab #f1eae7 #d8d2d3 #fbf9f3 #515050,Black Ponytail Waist Length+ Teen Slim Pale Violet Daughter Full Sister Childhood Friend,,,https://vndb.org/c92036,
vndb-c6290,vndb,6,13,,志麻子,しまこ,Shimako,,女,,,Galgame,Galgame,Rewrite,,2011,Galgame,"[{""t"":""Rewrite"",""cn"":"""",""ty"":""Galgame"",""y"":2011,""pop"":8428},{""t"":""Rewrite Harvest festa!"",""cn"":"""",""ty"":""Galgame"",""y"":2012,""pop"":707}]",黑色短发不擅长与人交流的萝莉，属于盖亚一侧，身份为魔物使，与天王寺瑚太朗和千里朱音关系较密切。 总是以沉默表情和冷漠的态度示人的小萝莉，似乎完全不会说话的样子，非常反感和其他人亲近，但唯独对瑚太朗充满好感，喜欢对瑚太朗恶作剧。真实身份是盖亚一侧的魔物使，具有非常高的资质，年龄虽小便可以操纵数只魔物。,8428,0,8428,12,,https://t.vndb.org/ch/53/20853.jpg,https://t.vndb.org/ch/53/20853.jpg,https://lain.bgm.tv/r/400/pic/crt/l/03/ea/44757_crt_a88E8.jpg?r=1471923968,#3f3d3c #6f6d6c #ece7de #bebbb9 #f3f4f4 #ffffff,Black Short Slim Pale Orphan Amber Kid Stoic Reserved Shy,,https://bgm.tv/character/44757,https://vndb.org/c6290,44757
al126252,anilist,6,13,,朱迪·雷耶斯,ジュディ・レイエス,Judy Reyes,,女,,,动画|Galgame,动画,シュタインズ・ゲート ゼロ,命运石之门 0,2018,动画,"[{""t"":""シュタインズ・ゲート ゼロ"",""cn"":""命运石之门 0"",""ty"":""动画"",""y"":2018,""pop"":222572},{""t"":""STEINS;GATE 0"",""cn"":""命运石之门 0"",""ty"":""Galgame"",""y"":2015,""pop"":7650}]",ヴィクトル・コンドリア大学の精神生理学研究所の教授、レスキネン・真帆とも顔見知りである。初登場はSTEINS;GATE外伝小説シリーズ。「0」にも登場する。,7650,8,7650,3,,https://s4.anilist.co/file/anilistcdn/character/large/b126252-HURAfUyTIzgC.jpg,https://s4.anilist.co/file/anilistcdn/character/medium/b126252-HURAfUyTIzgC.jpg,https://t.vndb.org/ch/74/62074.jpg|https://lain.bgm.tv/r/400/pic/crt/l/31/32/42678_crt_9i9Oj.jpg?r=1500880511,,Black Bob Cut Black Adult Earrings Glasses Skirt Stockings Handgun Pretending,https://anilist.co/character/126252,https://bgm.tv/character/42678,https://vndb.org/c51844,42678
vndb-c73607,vndb,6,13,,迪迪尔·博林杰,ディディエ・ボランジェ,Didier Bollinger,Dee,男,A,,Galgame,Galgame,ファタモルガーナの館,海市蜃楼之馆,2012,Galgame,"[{""t"":""ファタモルガーナの館"",""cn"":""海市蜃楼之馆"",""ty"":""Galgame"",""y"":2012,""pop"":7595},{""t"":""ファタモルガーナの館 -Another Episodes-"",""cn"":""海市蜃楼之馆 -A Requiem for Innocence-"",""ty"":""Galgame"",""y"":2015,""pop"":2656},{""t"":""ファタモルガーナの館 - 人気投票2"",""cn"":"""",""ty"":""Galgame"",""y"":2016,""pop"":32}]",ミシェルの長兄。教会の騎士団に所属している。武骨で筋肉隆々で長男らしい責任力の高さを持つ。 ミシェルのことを大事に思い、父の暴走を止めるべくミシェルを館に幽閉して逃がす。 10年来連絡を取らなかったが…騎士団の魔女退治としてミシェルを殺害する。,7595,0,7595,1,,https://t.vndb.org/ch/42/89142.jpg,https://t.vndb.org/ch/42/89142.jpg,https://lain.bgm.tv/r/400/pic/crt/l/a0/0c/86792_crt_4Qz0m.jpg,#a6a186 #7b765f #363324 #524e3e #19170d #d1cfc7,Short Beard Swordsmanship Adult Muscular Scar Son Knight Noble Strict,,https://bgm.tv/character/86792,https://vndb.org/c73607,86792
al67321,anilist,6,13,1994,菅原孝支,菅原孝支,Koushi Sugawara,Suga / Mr. Refreshing,男,,17-,动画|漫画,动画,ハイキュー!!,排球少年!!,2014,动画,"[{""t"":""ハイキュー!!"",""cn"":""排球少年!!"",""ty"":""动画"",""y"":2014,""pop"":583268},{""t"":""ハイキュー!! セカンドシーズン"",""cn"":""排球少年 第二季"",""ty"":""动画"",""y"":2015,""pop"":398770},{""t"":""ハイキュー!! 烏野高校 VS 白鳥沢学園高校"",""cn"":""排球少年 乌野高校 VS 白鸟泽学园高校"",""ty"":""动画"",""y"":2016,""pop"":362356},{""t"":""ハイキュー!! TO THE TOP"",""cn"":""排球少年 TO THE TOP"",""ty"":""动画"",""y"":2020,""pop"":293887},{""t"":""ハイキュー!! TO THE TOP 2"",""cn"":"""",""ty"":""动画"",""y"":2020,""pop"":255078},{""t"":""ハイキュー！！"",""cn"":""排球少年!!"",""ty"":""漫画"",""y"":2012,""pop"":101913}]",澤村と共にチームをまとめ、日向・影山の入学前から部員の厚い信頼を集めるセッター!! 非常に温和な性格でチームの調整役でもある。,6554,6554,0,94,,https://s4.anilist.co/file/anilistcdn/character/large/b67321-cxP7NdI0JC3H.png,https://s4.anilist.co/file/anilistcdn/character/medium/b67321-cxP7NdI0JC3H.png,https://lain.bgm.tv/r/400/pic/crt/l/9f/39/24325_crt_RdHR9.jpg?r=1414390699,,,https://anilist.co/character/67321,https://bgm.tv/character/24325,,24325
al61371,anilist,6,13,,椎名真白,椎名ましろ,Mashiro Shiina,Mashiron,女,,17,动画|漫画|轻小说,动画,さくら荘のペットな彼女,樱花庄的宠物女孩,2012,动画,"[{""t"":""さくら荘のペットな彼女"",""cn"":""樱花庄的宠物女孩"",""ty"":""动画"",""y"":2012,""pop"":277289},{""t"":""さくら荘のペットな彼女"",""cn"":""樱花庄的宠物女孩"",""ty"":""轻小说"",""y"":2010,""pop"":4765},{""t"":""さくら荘のペットな彼女"",""cn"":""樱花庄的宠物女孩"",""ty"":""漫画"",""y"":2011,""pop"":4400}]",さくら荘202号室の住人。編入してきた美術科の2年生。性格はおとなしく世界的な天才画家だが、常識の無さから空太に介護されている。両親は外国に住んでいる。,4943,4943,0,902,,https://s4.anilist.co/file/anilistcdn/character/large/b61371-rhWX0wz2DDs3.jpg,https://s4.anilist.co/file/anilistcdn/character/medium/b61371-rhWX0wz2DDs3.jpg,https://lain.bgm.tv/r/400/pic/crt/l/a4/38/12106_crt_mDXSV.jpg,,,https://anilist.co/character/61371,https://bgm.tv/character/12106,,12106
vndb-c20525,vndb,6,13,,須藤雅,須藤 雅,Sudou Masa,,男,A,,Galgame,Galgame,"BALDR SKY Dive1 ""Lost Memory""",,2009,Galgame,"[{""t"":""BALDR SKY Dive1 \""Lost Memory\"""",""cn"":"""",""ty"":""Galgame"",""y"":2009,""pop"":3163},{""t"":""BALDR SKY Dive2 \""RECORDARE\"""",""cn"":"""",""ty"":""Galgame"",""y"":2009,""pop"":2714},{""t"":""BALDR SKY DiveX \""DREAM WORLD\"""",""cn"":"""",""ty"":""Galgame"",""y"":2010,""pop"":231}]",甲的学生时代的损友。 在学园时代的日课是与甲一起进行机械武装的战斗练习，与千夏一起组成了队伍。 現在于清城市担任都市自警军的警官。,3163,0,3163,8,,https://t.vndb.org/ch/68/44968.jpg,https://t.vndb.org/ch/68/44968.jpg,https://lain.bgm.tv/r/400/pic/crt/l/91/6f/11556_crt_0s84r.jpg,#8b8277 #46443c #ccc2b6 #eee2d6 #ffffff,Brown Wavy Short Teen Slim Pale School Uniform Trousers Student Fighting,,https://bgm.tv/character/11556,https://vndb.org/c20525,11556
al71839,anilist,6,13,,诺伊兹,ノイズ,Noiz,,男,B,19,动画|漫画|Galgame,动画,ドラマティカル マーダー,戏剧性谋杀,2014,动画,"[{""t"":""ドラマティカル マーダー"",""cn"":""戏剧性谋杀"",""ty"":""动画"",""y"":2014,""pop"":32933},{""t"":""ドラマティカル マーダー OVA「Data_xx_Transitory」"",""cn"":"""",""ty"":""动画"",""y"":2015,""pop"":6257},{""t"":""DRAMAtical Murder"",""cn"":""戏剧性谋杀"",""ty"":""Galgame"",""y"":2012,""pop"":2914},{""t"":""DRAMAtical Murder re:connect"",""cn"":"""",""ty"":""Galgame"",""y"":2013,""pop"":1104},{""t"":""DRAMAtical Murder"",""cn"":""戏剧性谋杀"",""ty"":""漫画"",""y"":2012,""pop"":697},{""t"":""BOY's LOVE Nitro+CHiRAL"",""cn"":"""",""ty"":""动画"",""y"":2017,""pop"":611}]",冷漠的徽章青年 有著冷淡视线，穿有鼻环与唇环的男子。 拥有端正冷酷的美形脸蛋， 在胸前有兔子图案的徽章，帽子上也有巨大的和平徽章（那个笑脸）， 感觉似乎窥见了他的庸俗兴趣。,2914,381,2914,40,,https://s4.anilist.co/file/anilistcdn/character/large/b71839-N7n7kvNjMNVj.jpg,https://s4.anilist.co/file/anilistcdn/character/medium/b71839-N7n7kvNjMNVj.jpg,https://t.vndb.org/ch/91/21091.jpg|https://lain.bgm.tv/r/400/pic/crt/l/45/11/15222_crt_eMHtu.jpg,,Blond Short Straight Teen Pale Sweater Trousers Fighting Blowjob Green,https://anilist.co/character/71839,https://bgm.tv/character/15222,https://vndb.org/c10434,15222
al137267,anilist,6,13,,,士遠,Shion,Yamada Asaemon Shion (山田浅ェ門士遠),男,,27,动画|漫画,动画,地獄楽,地狱乐,2023,动画,"[{""t"":""地獄楽"",""cn"":""地狱乐"",""ty"":""动画"",""y"":2023,""pop"":361565},{""t"":""地獄楽 第二期"",""cn"":""地狱乐 第二季"",""ty"":""动画"",""y"":2026,""pop"":172967},{""t"":""地獄楽"",""cn"":""地狱乐"",""ty"":""漫画"",""y"":2018,""pop"":97961},{""t"":""地獄楽 読切「勿怪の森」"",""cn"":"""",""ty"":""漫画"",""y"":2023,""pop"":3353},{""t"":""じごくらく 〜最強の抜け忍 がまんの画眉丸〜"",""cn"":"""",""ty"":""漫画"",""y"":2020,""pop"":359}]",178 cm Human Wood Shion is the 4th rank Asaemon of the Yamada clan and is the one chosen to be [Akaginu](//anilist.co/character/302523/Akaginu)'s monitor. Shion is a strict but kind man.,1708,1708,0,0,,https://s4.anilist.co/file/anilistcdn/character/large/b137267-D3mKSNS6H4o8.png,https://s4.anilist.co/file/anilistcdn/character/medium/b137267-D3mKSNS6H4o8.png,,,,https://anilist.co/character/137267,,,
al3760,anilist,6,13,,,長谷川泰三,Taizou Hasegawa,Madao / Piggy,男,,38,动画,动画,銀魂,银魂,2006,动画,"[{""t"":""銀魂"",""cn"":""银魂"",""ty"":""动画"",""y"":2006,""pop"":296063},{""t"":""銀魂゜"",""cn"":"""",""ty"":""动画"",""y"":2015,""pop"":119621},{""t"":""銀魂’"",""cn"":"""",""ty"":""动画"",""y"":2011,""pop"":110096},{""t"":""銀魂’延長戦"",""cn"":"""",""ty"":""动画"",""y"":2012,""pop"":84431},{""t"":""銀魂. 銀ノ魂篇"",""cn"":"""",""ty"":""动画"",""y"":2018,""pop"":60568},{""t"":""銀魂. 銀ノ魂篇2"",""cn"":"""",""ty"":""动画"",""y"":2018,""pop"":56193}]","179 cm Hasegawa used to be an official working for the Bakufu, but after an unfortunate incident with Amanto dignitary [Prince Hata](//anilist.co/character/7929/Hata-Ouji), whom he was assigned to serve and protect, his superior asked him t…",1557,1557,0,0,,https://s4.anilist.co/file/anilistcdn/character/large/b3760-bxdyoPARX4Sx.png,https://s4.anilist.co/file/anilistcdn/character/medium/b3760-bxdyoPARX4Sx.png,,,,https://anilist.co/character/3760,,,
vndb-c34576,vndb,6,13,,,旭 鈴歌,Asahi Rinka,リンカ / Rinka,女,,,Galgame,Galgame,私が好きなら「好き」って言って！,,2015,Galgame,,"Composing songs Liked Vegetables The main vocalist in Court Noble, an extremely popular idol group, her singing voice has been likened to that of an angel.",1397,0,1397,0,,https://t.vndb.org/ch/83/42483.jpg,https://t.vndb.org/ch/83/42483.jpg,,#9a2659 #c66585 #dfb2ba #f7ddd5 #fbf3ec #fffffe,Red Twin Tails Waist Length+ Wavy Teen Slim Pale Standing Sex Blowjob Virgin Sex,,,https://vndb.org/c34576,
vndb-c37463,vndb,6,13,,,綿貫 杏那,Watanuki Anna,Bat,女,AB,,Galgame,Galgame,PRIMAL×HEARTS2,,2015,Galgame,,A slightly mysterious classmate of Daichi's. She is part of the broadcasting committee. She is this generation's Vote DJ.,882,0,882,0,,https://t.vndb.org/ch/02/45202.jpg,https://t.vndb.org/ch/02/45202.jpg,,,White Long Straight Teen Slim Pale School Uniform Hard Worker Cowgirl Blowjob,,,https://vndb.org/c37463,
vndb-c93413,vndb,6,13,,,箱鳥 理世,Hakodori Rize,,女,,,Galgame,Galgame,冥契のルペルカリア,,2021,Galgame,,A girl who can't be honest with her feelings. She used to be an actress and got to know Tamaki when he was still an actor too. She's in charge of Lampyris Troupe's business-related stuff.,818,0,818,0,,https://t.vndb.org/ch/13/112513.jpg,https://t.vndb.org/ch/13/112513.jpg,,#443848 #947883 #d2bcc0 #f6eddf #f8f5f3 #ffffff,Black Waist Length+ Teen Slim Pale Standing Sex Virgin Sex Green Skirt Girlfriend,,,https://vndb.org/c93413,
vndb-c5676,vndb,6,13,,,エファ,Efa,,女,,,Galgame,Galgame,カタハネ,,2006,Galgame,,Actress Sister from Red Kingdom who visited Dornstein castle to participate in memorial play with Coco and princess Christina.,804,0,804,0,,https://t.vndb.org/ch/10/61610.jpg,https://t.vndb.org/ch/10/61610.jpg,,#40425b #f4f3db #9e969a #cfcdc3 #f8f7f2 #ffffff,Blond Wavy Shoulder-length Teen Slim Pale Blue Dress Hair Ribbon Scarf,,,https://vndb.org/c5676,
vndb-c8756,vndb,6,13,,,田中 恵子,Tanaka Keiko,,女,O,,Galgame,Galgame,アマガミ,,2009,Galgame,"[{""t"":""アマガミ"",""cn"":"""",""ty"":""Galgame"",""y"":2009,""pop"":775},{""t"":""アマガミ ちょっとおまけ劇場"",""cn"":"""",""ty"":""Galgame"",""y"":2010,""pop"":38},{""t"":""アマガミGS"",""cn"":"""",""ty"":""Galgame"",""y"":2012,""pop"":26}]","A friend of Kaoru. A quiet girl, Kaoru and Junichi once gave her some advice about her crush with another boy. [From AniDB]",775,0,775,0,,https://t.vndb.org/ch/08/9308.jpg,https://t.vndb.org/ch/08/9308.jpg,,#f1d9c4 #3f3b3a #968c85 #f2f0ef #ffffff,Brown Shoulder-length Brown Teen Slim Pale School Uniform Miniskirt Shy Classmate,,,https://vndb.org/c8756,
al89851,anilist,6,13,,,小原鞠莉,Mari Ohara,Demon Lord,女,AB,,动画,动画,ラブライブ！サンシャイン!!,,2016,动画,"[{""t"":""ラブライブ！サンシャイン!!"",""cn"":"""",""ty"":""动画"",""y"":2016,""pop"":60088},{""t"":""ラブライブ！サンシャイン!! 2nd Season"",""cn"":"""",""ty"":""动画"",""y"":2017,""pop"":38385},{""t"":""ラブライブ！サンシャイン!! The School Idol Movie Over the Rainbow"",""cn"":"""",""ty"":""动画"",""y"":2019,""pop"":18969},{""t"":""幻日のヨハネ -SUNSHINE in the MIRROR-"",""cn"":"""",""ty"":""动画"",""y"":2023,""pop"":18571},{""t"":""君のこころは輝いてるかい？"",""cn"":"""",""ty"":""动画"",""y"":2015,""pop"":3706},{""t"":""HAPPY PARTY TRAIN"",""cn"":"""",""ty"":""动画"",""y"":2017,""pop"":3656}]",163 cm A half-Japanese third-year girl whose Italian-American father manages a chain of Italian-style hotels. She has a bright personality and moves at her own pace.,772,772,0,0,,https://s4.anilist.co/file/anilistcdn/character/large/b89851-YMGrQCtVAqjz.png,https://s4.anilist.co/file/anilistcdn/character/medium/b89851-YMGrQCtVAqjz.png,,,,https://anilist.co/character/89851,,,
al281520,anilist,6,13,,,天音永遠,Towa Amane,Arthur Pencilgon (アーサー・ペンシルゴン) / Pencil Knight / Enpitsu Senshi (鉛筆戦士) / Dystopian Empress (ディストピア・エンプレス),女,,24,动画|漫画,动画,シャングリラ・フロンティア,,2023,动画,"[{""t"":""シャングリラ・フロンティア"",""cn"":"""",""ty"":""动画"",""y"":2023,""pop"":188183},{""t"":""シャングリラ・フロンティア 2nd season"",""cn"":"""",""ty"":""动画"",""y"":2024,""pop"":113159},{""t"":""シャングリラ・フロンティア 3rd season"",""cn"":"""",""ty"":""动画"",""y"":2027,""pop"":32614},{""t"":""シャングリラ・フロンティア〜クソゲーハンター, 神ゲーに挑まんとす〜"",""cn"":"""",""ty"":""漫画"",""y"":2020,""pop"":22507},{""t"":""シャングリラ・フロンティア ミニアニメ"",""cn"":"""",""ty"":""动画"",""y"":2023,""pop"":1999}]","The second-in-command of the Ashura-Kai, an extremist PK clan whose primary activity is player-killing. Excelling in strategy and information warfare, she bears the moniker ""Giant Killer""—a title earned by her ability to defeat even players…",673,673,0,0,,https://s4.anilist.co/file/anilistcdn/character/large/b281520-2l1wxzAuz9zM.png,https://s4.anilist.co/file/anilistcdn/character/medium/b281520-2l1wxzAuz9zM.png,,,,https://anilist.co/character/281520,,,
al148143,anilist,6,13,,,熊谷みつ夫,Mitsuo Kumatani,Kumao / Shougakura / Shogakura,男,A,28,动画|漫画,动画,うらみちお兄さん,,2021,动画,"[{""t"":""うらみちお兄さん"",""cn"":"""",""ty"":""动画"",""y"":2021,""pop"":87073},{""t"":""うらみちお兄さん"",""cn"":"""",""ty"":""漫画"",""y"":2017,""pop"":8586}]","**** 176 cm (5'8"") **Smoker**: Quit **** Yes (High tolerance) He wears the costume of a bear while on stage.",600,600,0,0,,https://s4.anilist.co/file/anilistcdn/character/large/b148143-yaExSHhHw3Dh.png,https://s4.anilist.co/file/anilistcdn/character/medium/b148143-yaExSHhHw3Dh.png,,,,https://anilist.co/character/148143,,,
vndb-c88421,vndb,6,13,,,オリヴィ,Olivi,Olivi-chan,女,,,Galgame,Galgame,まいてつ Last Run!!,,2020,Galgame,,An experienced Raillord imported from America working for Mikan Railway. She along with her Locomotive No.9 has been working hard for the rail industry for over a century.,384,0,384,0,,https://t.vndb.org/ch/16/135416.jpg,https://t.vndb.org/ch/16/135416.jpg,,#4b3c39 #9f776f #cdb297 #ddd1bd #ede1d7 #fffffe,Blond Twin Tails Hard Worker Amber Kid Trench Coat Terminal Illness Death Artificial Intelligence American,,,https://vndb.org/c88421,
vndb-c74875,vndb,6,13,,,叶宇 雨,Kanou Meu,,女,A,,Galgame,Galgame,1bitHeart,,2015,Galgame,,"A high-energy woman who tells fortunes. Has a staggering 20% success rate on fortunes. She mostly serves to console depressed people. That said, that seems to be what everyone is after.",316,0,316,0,,https://t.vndb.org/ch/38/90638.jpg,https://t.vndb.org/ch/38/90638.jpg,,#be4482 #c880a2 #6c65a3 #563e69 #9096d4 #e9aeb5,Blue Twin Tails Waist Length+ Friend Pink Witch Hat Fortune Teller,,,https://vndb.org/c74875,
vndb-c2121,vndb,6,13,,,古式 ゆかり,Koshiki Yukari,,女,B,,Galgame,Galgame,ときめきメモリアル,,1994,Galgame,"[{""t"":""ときめきメモリアル"",""cn"":"""",""ty"":""Galgame"",""y"":1994,""pop"":311},{""t"":""ときめきメモリアルドラマシリーズ Vol.3 旅立ちの詩"",""cn"":"""",""ty"":""Galgame"",""y"":1999,""pop"":4},{""t"":""ときめきメモリアルドラマシリーズ Vol.2 彩のラブソング"",""cn"":"""",""ty"":""Galgame"",""y"":1998,""pop"":3}]","A polite, soft-spoken girl who's the daughter of a wealthy family.",311,0,311,0,,https://t.vndb.org/ch/91/171791.jpg,https://t.vndb.org/ch/91/171791.jpg,,#1c3968 #a74c60 #d2918e #e2c4be #ffffff,Pink Twin Tails School Uniform Airhead Refined Wealthy High School Student Tennis Yamato Nadeshiko Pink,,,https://vndb.org/c2121,
al162036,anilist,6,13,,,阿久津渚,Nagisa Akutsu,,男,AB,,动画|漫画,动画,アオアシ,,2022,动画,"[{""t"":""アオアシ"",""cn"":"""",""ty"":""动画"",""y"":2022,""pop"":90815},{""t"":""アオアシ"",""cn"":"""",""ty"":""漫画"",""y"":2015,""pop"":25358},{""t"":""アオアシ 第2期"",""cn"":"""",""ty"":""动画"",""y"":2026,""pop"":15258}]",183cm 2nd Year 4 DF He is the only player from the class one year above [Ashito](//anilist.co/character/133818/Aoi-Ashito) to have passed the tryouts.,278,278,0,0,,https://s4.anilist.co/file/anilistcdn/character/large/b162036-SMQMGEbStZ6H.png,https://s4.anilist.co/file/anilistcdn/character/medium/b162036-SMQMGEbStZ6H.png,,,,https://anilist.co/character/162036,,,
vndb-c5391,vndb,6,13,,,時田 楓,Tokita Kaede,,男,AB,,Galgame,Galgame,乙女的恋革命★ラブレボ!!,,2006,Galgame,,A student that transfers in week 2. He is still getting used to new life around campus and is often seen with Yurika. He has long purple hair and wears glasses. He is known to do flower arrangement. [Edited from Wikipedia],260,0,260,0,,https://t.vndb.org/ch/28/39428.jpg,https://t.vndb.org/ch/28/39428.jpg,,#ab9aa9 #f8f1e2 #d7c9cb #fcfcfb,Violet Ponytail Long Curtained Teen School Uniform Violet Glasses Bodyguard Assassin,,,https://vndb.org/c5391,
al38941,anilist,6,13,,,楠幸村,Yukimura Kusunoki,,其他,,16,动画|漫画|轻小说,动画,僕は友達が少ない,,2011,动画,"[{""t"":""僕は友達が少ない"",""cn"":"""",""ty"":""动画"",""y"":2011,""pop"":166020},{""t"":""僕は友達が少ない NEXT"",""cn"":"""",""ty"":""动画"",""y"":2013,""pop"":104651},{""t"":""僕は友達が少ない 第0語 闇鍋は美少女が残念な臭い(;´∀`)"",""cn"":"""",""ty"":""动画"",""y"":2011,""pop"":30045},{""t"":""僕は友達が少ない リレー小説は結末が半端ないL(゜□゜)」"",""cn"":"""",""ty"":""动画"",""y"":2012,""pop"":28740},{""t"":""僕は友達が少ない"",""cn"":"""",""ty"":""漫画"",""y"":2010,""pop"":6996},{""t"":""僕は友達が少ない"",""cn"":"""",""ty"":""轻小说"",""y"":2009,""pop"":3230}]",Yukimura Kusunoki is a supporting character from the Boku wa Tomodachi ga Sukunai series. She is first introduced as [Kodaka](//anilist.co/character/37512/Hasegawa-Kodaka)'s stalker.,153,153,0,0,,https://s4.anilist.co/file/anilistcdn/character/large/b38941-DubiqfbPTFIJ.png,https://s4.anilist.co/file/anilistcdn/character/medium/b38941-DubiqfbPTFIJ.png,,,,https://anilist.co/character/38941,,,
al16736,anilist,6,13,,,ヴィンセント・ファントムハイヴ,Vincent Phantomhive,Queen's Watchdog,男,,34,动画|漫画,动画,黒執事,黑执事,2008,动画,"[{""t"":""黒執事"",""cn"":""黑执事"",""ty"":""动画"",""y"":2008,""pop"":260903},{""t"":""黒執事 Book of Circus"",""cn"":""黑执事 马戏团篇"",""ty"":""动画"",""y"":2014,""pop"":81411},{""t"":""黒執事"",""cn"":""黑执事"",""ty"":""漫画"",""y"":2006,""pop"":38715},{""t"":""黒執事 寄宿学校編"",""cn"":"""",""ty"":""动画"",""y"":2024,""pop"":32687},{""t"":""黒執事 -緑の魔女編-"",""cn"":"""",""ty"":""动画"",""y"":2025,""pop"":23015},{""t"":""黒執事II OVA"",""cn"":"""",""ty"":""动画"",""y"":2010,""pop"":22593}]","He was the head of the Phantomhive family and handsome enough to attract the attention of both [Rachel](//anilist.co/character/16737/Phantomhive-Rachel) and her sister [Angelina](//anilist.co/character/14956/Durless-Angelina), though he fav…",93,93,0,0,,https://s4.anilist.co/file/anilistcdn/character/large/b16736-YM9WCiptrJJ0.jpg,https://s4.anilist.co/file/anilistcdn/character/medium/b16736-YM9WCiptrJJ0.jpg,,,,https://anilist.co/character/16736,,,
al304810,anilist,6,13,,,ローレン・キャバス,Lauren Cabasse,,女,,,动画|漫画,动画,マッシュル-MASHLE-,物理魔法使马修,2023,动画,"[{""t"":""マッシュル-MASHLE-"",""cn"":""物理魔法使马修"",""ty"":""动画"",""y"":2023,""pop"":288743},{""t"":""マッシュル-MASHLE-"",""cn"":""物理魔法使马修"",""ty"":""漫画"",""y"":2020,""pop"":59820}]","Student at Eason Magic Academy. A manipulative and selfish girl, Lauren has an unnamed magic that causes men to fall for her.",14,14,0,0,,https://s4.anilist.co/file/anilistcdn/character/large/b304810-zzSPVdx6a67g.jpg,https://s4.anilist.co/file/anilistcdn/character/medium/b304810-zzSPVdx6a67g.jpg,,,,https://anilist.co/character/304810,,,
al27886,anilist,6,13,,,矢霧誠二,Seiji Yagiri,,男,,,动画,动画,デュラララ!!,无头骑士异闻录,2010,动画,"[{""t"":""デュラララ!!"",""cn"":""无头骑士异闻录"",""ty"":""动画"",""y"":2010,""pop"":294082},{""t"":""デュラララ!!×２ 承"",""cn"":"""",""ty"":""动画"",""y"":2015,""pop"":110655},{""t"":""デュラララ!!×２ 転"",""cn"":"""",""ty"":""动画"",""y"":2015,""pop"":88374},{""t"":""デュラララ!!×２ 結"",""cn"":"""",""ty"":""动画"",""y"":2016,""pop"":80294},{""t"":""デュラララ!!"",""cn"":""无头骑士异闻录"",""ty"":""动画"",""y"":2010,""pop"":34133},{""t"":""デュラララ!!×２ 承 私の心は鍋模様"",""cn"":"""",""ty"":""动画"",""y"":2015,""pop"":16616}]",A classmate of Mikado's. He quits school claiming he has something more important to do with his life. He is very obsessed to his 'true love' who has scar on her head; revealing his psychopathic behaviours.,6,6,0,0,,https://s4.anilist.co/file/anilistcdn/character/large/b27886-rAb0VHVjs9xg.png,https://s4.anilist.co/file/anilistcdn/character/medium/b27886-rAb0VHVjs9xg.png,,,,https://anilist.co/character/27886,,,
al135385,anilist,6,14,,Joker,ジョーカー,Joker,52,男,,28,动画|漫画,动画,炎炎ノ消防隊,炎炎消防队,2019,动画,"[{""t"":""炎炎ノ消防隊"",""cn"":""炎炎消防队"",""ty"":""动画"",""y"":2019,""pop"":483496},{""t"":""炎炎ノ消防隊 弐ノ章"",""cn"":""炎炎消防队 二之章"",""ty"":""动画"",""y"":2020,""pop"":300881},{""t"":""炎炎ノ消防隊 参ノ章"",""cn"":""炎炎消防队 叁之章"",""ty"":""动画"",""y"":2025,""pop"":130164},{""t"":""炎炎ノ消防隊 参ノ章 第2クール"",""cn"":""炎炎消防队 叁之章 第2部分"",""ty"":""动画"",""y"":2026,""pop"":88814},{""t"":""炎炎ノ消防隊"",""cn"":""炎炎消防队"",""ty"":""漫画"",""y"":2015,""pop"":66020},{""t"":""炎炎ノ消防隊ミニアニメ"",""cn"":""炎炎消防队 迷你动画"",""ty"":""动画"",""y"":2021,""pop"":3778}]",知晓森罗的过去的神秘男子。神出鬼没的一个人。阻拦在森罗等第8特殊消防队面前。,2744,2744,0,7,,https://s4.anilist.co/file/anilistcdn/character/large/b135385-gfcFoxReUVzq.png,https://s4.anilist.co/file/anilistcdn/character/medium/b135385-gfcFoxReUVzq.png,https://lain.bgm.tv/r/400/pic/crt/l/22/43/68994_crt_cCmck.jpg?r=1551273426,,,https://anilist.co/character/135385,https://bgm.tv/character/68994,,68994
al126067,anilist,6,14,,,赤黒血染,Chizome Akaguro,Hero Killer: Stain / Hero Goroshi: Stain (ヒーロー殺しステイン) / Stendhal (スタンダール),男,B,31-,动画|漫画,动画,僕のヒーローアカデミア２,,2017,动画,"[{""t"":""僕のヒーローアカデミア２"",""cn"":"""",""ty"":""动画"",""y"":2017,""pop"":655237},{""t"":""僕のヒーローアカデミア３"",""cn"":"""",""ty"":""动画"",""y"":2018,""pop"":600666},{""t"":""僕のヒーローアカデミア６"",""cn"":"""",""ty"":""动画"",""y"":2022,""pop"":269963},{""t"":""僕のヒーローアカデミア 7"",""cn"":"""",""ty"":""动画"",""y"":2024,""pop"":184749},{""t"":""僕のヒーローアカデミア"",""cn"":""我的英雄学院"",""ty"":""漫画"",""y"":2014,""pop"":178045},{""t"":""僕のヒーローアカデミア FINAL SEASON"",""cn"":""我的英雄学院 最终季"",""ty"":""动画"",""y"":2025,""pop"":133359}]","182 cm (6'0) Bloodcurdle Villain and former vigilante that was notorious for having killed many Pro Heroes. He attacks and kills heroes who he believes do not fit his definition of a ""true hero."" Chizome is a cruel, unforgiving, and mercile…",1149,1149,0,0,,https://s4.anilist.co/file/anilistcdn/character/large/b126067-ZL6sRFyaqX9c.png,https://s4.anilist.co/file/anilistcdn/character/medium/b126067-ZL6sRFyaqX9c.png,,,,https://anilist.co/character/126067,,,
vndb-c7641,vndb,6,14,,,山県 愛,Yamagata Ai,,女,AB,,Galgame,Galgame,Shiny Days,日了就闪,2012,Galgame,"[{""t"":""Shiny Days"",""cn"":""日了就闪"",""ty"":""Galgame"",""y"":2012,""pop"":1048},{""t"":""Summer Days"",""cn"":""日在盛夏"",""ty"":""Galgame"",""y"":2006,""pop"":229},{""t"":""Cross Days"",""cn"":""日在交叉"",""ty"":""Galgame"",""y"":2010,""pop"":179},{""t"":""Island Days"",""cn"":"""",""ty"":""Galgame"",""y"":2014,""pop"":27}]","Ai Yamagata is a student in year one of class three. She is good friends with Sekai Saionji and Hikari Kuroda, and is an acquaintance of Makoto Ito and Otome Kato from middle school. [From Wikipedia]",1048,0,1048,0,,https://t.vndb.org/ch/00/7900.jpg,https://t.vndb.org/ch/00/7900.jpg,,#7d6b7e #d8c2e2 #f4e7df #ffffff,Violet Wavy Curtained Shoulder-length Teen Slim Pale School Uniform Blue Glasses,,,https://vndb.org/c7641,
al64165,anilist,6,14,,,上井草美咲,Misaki Kamiigusa,,女,,17,动画|漫画|轻小说,动画,さくら荘のペットな彼女,樱花庄的宠物女孩,2012,动画,"[{""t"":""さくら荘のペットな彼女"",""cn"":""樱花庄的宠物女孩"",""ty"":""动画"",""y"":2012,""pop"":277289},{""t"":""さくら荘のペットな彼女"",""cn"":""樱花庄的宠物女孩"",""ty"":""轻小说"",""y"":2010,""pop"":4765},{""t"":""さくら荘のペットな彼女"",""cn"":""樱花庄的宠物女孩"",""ty"":""漫画"",""y"":2011,""pop"":4400}]",**** 156 cm Misaki is the resident of room 201. Misaki is a third-year-student of Suiko who later attends Suimei University of the Arts. She is very outgoing and optimistic.,588,588,0,0,,https://s4.anilist.co/file/anilistcdn/character/large/b64165-vQLqcAuaxxtA.png,https://s4.anilist.co/file/anilistcdn/character/medium/b64165-vQLqcAuaxxtA.png,,,,https://anilist.co/character/64165,,,
vndb-c85470,vndb,6,14,,,高科 更文,Takashina Sarafumi,,男,B,,Galgame,Galgame,ジャックジャンヌ,,2021,Galgame,,"Due to his showy nature and dancing ability, Sarafumi is an Al Jeanne; a star among other Jeannes that take on main roles. As such, he's seen as the face of his class, the Quartz group.",516,0,516,0,,https://t.vndb.org/ch/30/158130.jpg,https://t.vndb.org/ch/30/158130.jpg,,#830711 #7689a5 #8a5454 #1f1e25 #b2b6be #e6dfda,Blond Bob Cut Short Cross-dressing Teen Slim Pale School Uniform Red Dress,,,https://vndb.org/c85470,
al163012,anilist,6,14,,,ハッカー,Hacker,,男,,17,动画|漫画,动画,アクダマドライブ,,2020,动画,"[{""t"":""アクダマドライブ"",""cn"":"""",""ty"":""动画"",""y"":2020,""pop"":164303},{""t"":""アクダマドライブ"",""cn"":"""",""ty"":""漫画"",""y"":2020,""pop"":1681}]","160 cm 47 kg 589 years The Hacker is more excited the more difficult something is, but is completely apathetic to things he's uninterested in. He likes healthy jelly drinks.",470,470,0,0,,https://s4.anilist.co/file/anilistcdn/character/large/b163012-y8jlir5zT5i8.png,https://s4.anilist.co/file/anilistcdn/character/medium/b163012-y8jlir5zT5i8.png,,,,https://anilist.co/character/163012,,,
vndb-c10830,vndb,6,14,,,ベルナルド・オルトラーニ,Bernardo Ortolani,,男,A,,Galgame,Galgame,ラッキードッグ１,,2009,Galgame,"[{""t"":""ラッキードッグ１"",""cn"":"""",""ty"":""Galgame"",""y"":2009,""pop"":346},{""t"":""ラッキードッグ１+bad egg"",""cn"":"""",""ty"":""Galgame"",""y"":2018,""pop"":69},{""t"":""Gian･carlo'S LUCKY HAPPY LIFE"",""cn"":"""",""ty"":""Galgame"",""y"":2011,""pop"":38}]",[Luckydog 1 official website.],346,0,346,0,,https://t.vndb.org/ch/00/23200.jpg,https://t.vndb.org/ch/00/23200.jpg,,#181a2a #c2b5ae #e8e2cc #7d777f #f2f1ee #ffffff,Long Wavy Green Slim Proactive Assault Anilingus Green Young-adult Tattoo,,,https://vndb.org/c10830,
vndb-c75413,vndb,6,14,,,,Hamasaki Naoto,Coach,男,AB,,Galgame,Galgame,Camp Buddy,,2018,Galgame,"[{""t"":""Camp Buddy"",""cn"":"""",""ty"":""Galgame"",""y"":2018,""pop"":336},{""t"":""Camp Buddy: Scoutmaster Season"",""cn"":"""",""ty"":""Galgame"",""y"":2022,""pop"":73}]",Naoto is Natsumi's older brother. He's very charismatic and well- rounded. It seems like he has a huge influence to Natsumi's personality.,336,0,336,0,,https://t.vndb.org/ch/07/104207.jpg,https://t.vndb.org/ch/07/104207.jpg,,#333e4e #caa88c #bcc1c5 #e4e5e5 #ffffff,Black Blue Trousers Proactive Sex with Others Blue Muscular Jacket T-shirt Shotgun,,,https://vndb.org/c75413,
vndb-c87854,vndb,6,14,,,高尾,Takao,,男,,,Galgame,Galgame,DAIROKU：AYAKASHIMORI,,2020,Galgame,,The aid to the leader of 'Amatsuna' A handsome man with a one track mind.,212,0,212,0,,https://t.vndb.org/ch/55/106655.jpg,https://t.vndb.org/ch/55/106655.jpg,,#a09996 #585250 #c6d1d0 #faf7ef #e5e7e4 #ffffff,Brown Curtained Short Pale Young-adult Kimono Hakama Younger Appearance Pointed Ears Cyan,,,https://vndb.org/c87854,
vndb-c39142,vndb,6,14,,,椎名 真優,Shiina Mayu,,女,AB,,Galgame,Galgame,りりくる Rainbow Stage!!!,,2016,Galgame,,"""I'm happy that I like Mai… but it's not because of her, okay...?"" Average Slender Lovely Special Feigning friendliness, drawing art Mai's older sister.",210,0,210,0,,https://t.vndb.org/ch/19/49619.jpg,https://t.vndb.org/ch/19/49619.jpg,,#585568 #dfbcb9 #9c9099 #ebdfd9 #f9f7f0 #ffffff,Black Waist Length+ Straight Teen Slim Pale School Uniform Dress Shoes Cooking Amber,,,https://vndb.org/c39142,
al73347,anilist,6,14,,,御堂将剛,Masatake Midou,,男,,27,动画,动画,PSYCHO-PASS サイコパス,心理测量者,2012,动画,,"~!To take over their avatars, he killed Sugawara Shouko, Tokitou Yuuichi, and Hayama Kimihiko.!~",3,3,0,0,,https://s4.anilist.co/file/anilistcdn/character/large/n73347-YyVGUK40UfFa.png,https://s4.anilist.co/file/anilistcdn/character/medium/n73347-YyVGUK40UfFa.png,,,,https://anilist.co/character/73347,,,
vndb-c9788,vndb,6,15,,,大串 スグル,Oogushi Suguru,,男,A,,Galgame,Galgame,真剣で私に恋しなさい！,认真和我恋爱！！,2009,Galgame,"[{""t"":""真剣で私に恋しなさい！"",""cn"":""认真和我恋爱！！"",""ty"":""Galgame"",""y"":2009,""pop"":9401},{""t"":""真剣で私に恋しなさい！S"",""cn"":""认真和我恋爱！S"",""ty"":""Galgame"",""y"":2012,""pop"":5025},{""t"":""真剣で私に恋しなさい！A-1"",""cn"":"""",""ty"":""Galgame"",""y"":2013,""pop"":2470},{""t"":""真剣で私に恋しなさい！A-3"",""cn"":"""",""ty"":""Galgame"",""y"":2014,""pop"":1374},{""t"":""真剣で私に恋しなさい！A-4"",""cn"":"""",""ty"":""Galgame"",""y"":2014,""pop"":1023},{""t"":""真剣で私に恋しなさい！A-5"",""cn"":"""",""ty"":""Galgame"",""y"":2016,""pop"":791}]",这个年龄里，只要一上网回过神来整个假日都花在PC前面的强人。与師岡关系很好。 因为某事，讨厌现实的异性，热衷游戏。 会高声主张自己意义的暴躁类型。 即使被班里的女生觉得恶心，并选他为将来最有可能住在火车站第一名，他也毫不在乎继续走自己的路，在某个意义上可以说是相当新鲜。 虽然在奇怪的地方会极爱面子，但本质不是个坏人，大家都是当他“毕竟是这样的家伙啊”与他相处。,9401,0,9401,3,,https://t.vndb.org/ch/06/10706.jpg,https://t.vndb.org/ch/06/10706.jpg,https://lain.bgm.tv/r/400/pic/crt/l/1f/d1/11744_crt_uPuu9.jpg,#292f41 #a39498 #d0cad1 #e9e4ea #f6f5f6 #ffffff,Black Ponytail Long Curtained Straight Teen Slim Pale School Uniform Trousers,,https://bgm.tv/character/11744,https://vndb.org/c9788,11744
al52723,anilist,6,15,,小野寺小咲,小野寺小咲 ,Kosaki Onodera,Dera-chan / Onee-chan,女,O,15-17,动画|漫画,动画,ニセコイ,伪恋,2014,动画,"[{""t"":""ニセコイ"",""cn"":""伪恋"",""ty"":""动画"",""y"":2014,""pop"":268300},{""t"":""ニセコイ："",""cn"":""伪恋"",""ty"":""动画"",""y"":2015,""pop"":165810},{""t"":""ニセコイ"",""cn"":""伪恋"",""ty"":""漫画"",""y"":2011,""pop"":56560},{""t"":""ニセコイ OVA"",""cn"":"""",""ty"":""动画"",""y"":2014,""pop"":41784},{""t"":""ニセコイ: OAD"",""cn"":""伪恋 OAD"",""ty"":""动画"",""y"":2016,""pop"":21558},{""t"":""ニセコイモノガタリ"",""cn"":"""",""ty"":""动画"",""y"":2015,""pop"":12790}]",本作のヒロイン。楽と千棘のクラスメイト。黒髪で、アシンメトリーな髪型も特徴である。実家は和菓子屋「おのでら」を経営している。 中学の頃から楽に好意を寄せているが恋愛に対しては奥手で、言い出せないままでいる。実は両想いの上、舞子集や宮本るり等の互いの親しい友人から見てもそれがまるわかりなのだが互いの性格のせいで関係が発展しないままでいる。鍵を持っていて、小さい頃に会った思い出の男の子がいるらしい。 他人を気遣う優しさを持っていて、クラス内での男子の人気も高い。,5518,5518,0,450,,https://s4.anilist.co/file/anilistcdn/character/large/b52723-YbLFn4JmoAVQ.png,https://s4.anilist.co/file/anilistcdn/character/medium/b52723-YbLFn4JmoAVQ.png,https://lain.bgm.tv/r/400/pic/crt/l/e9/f1/16703_crt_z3L5y.jpg?r=1511248926,,,https://anilist.co/character/52723,https://bgm.tv/character/16703,,16703
al199892,anilist,6,15,,大户爱,大戸アイ,Ai Ooto,Ai Ohto,女,,14,动画,动画,ワンダーエッグ・プライオリティ,奇蛋物语,2021,动画,"[{""t"":""ワンダーエッグ・プライオリティ"",""cn"":""奇蛋物语"",""ty"":""动画"",""y"":2021,""pop"":284993},{""t"":""ワンダーエッグ・プライオリティ 特別編"",""cn"":""奇蛋物语 特别篇"",""ty"":""动画"",""y"":2021,""pop"":66404}]",14歳。オッドアイが特徴的な少女。 現在はとある事情で学校に通えずにいる。,4106,4106,0,380,,https://s4.anilist.co/file/anilistcdn/character/large/b199892-IUa7rBAT4j9H.png,https://s4.anilist.co/file/anilistcdn/character/medium/b199892-IUa7rBAT4j9H.png,https://lain.bgm.tv/r/400/pic/crt/l/b7/fe/88670_crt_SSLKs.jpg?r=1615961512,,,https://anilist.co/character/199892,https://bgm.tv/character/88670,,88670
vndb-c112131,vndb,6,15,,,稚枝 絆,Chieda Kizuna,Kizzy,女,,,Galgame,Galgame,AI: ソムニウムファイル ニルヴァーナイニシアチブ,AI：梦境档案 涅槃肇始,2022,Galgame,,"Kizuna Chieda Female 24 June 15 General Affairs at Chieda Foundation Cinderella, Children, Big Sis Being a Burden Reading Fairy Tales Reading Fairy Tales 6 years ago she was caught in an explosion that damaged her vertebrae, which left her…",1753,0,1753,0,1,https://t.vndb.org/ch/37/140737.jpg,https://t.vndb.org/ch/37/140737.jpg,,#e6abb2 #886d5f #ebd0c7 #2c2929 #ffffff,Brown Long Brown Pale Fighting Young-adult Friendly Betrothed Daughter Singing,,,https://vndb.org/c112131,
vndb-c17305,vndb,6,15,,,御門 黒船,Mikado Kurofune,,男,,,Galgame,Galgame,ハロー・レディ！,,2014,Galgame,"[{""t"":""ハロー・レディ！"",""cn"":"""",""ty"":""Galgame"",""y"":2014,""pop"":1704},{""t"":""ハロー・レディ！ -New Division-"",""cn"":"""",""ty"":""Galgame"",""y"":2014,""pop"":705}]","Watching videos of rocket takeoffs Special Intimidating all those before him by virtue of existing Japanese food Frivolity, in all its forms The one and only chairman, president, and founder of Amakawa Noble Academy.",1704,0,1704,0,,https://t.vndb.org/ch/70/23270.jpg,https://t.vndb.org/ch/70/23270.jpg,,#30303b #886c74 #c9b5ac #f1dec6 #ffffff,Short Straight Pale Dress Shoes Violet Adult Muscular Suit Secretive Necktie,,,https://vndb.org/c17305,
vndb-c877,vndb,6,15,,,新田 亜希,Nitta Aki,,女,,,Galgame,Galgame,Soul Link,,2004,Galgame,,Aki is enrolled in the first year program of Central Military Academy's preparatory division. She is intelligent enough to be called a genius and her habit of saying one word too many in regards to everything makes her hard to handle.,935,0,935,0,,https://t.vndb.org/ch/03/11703.jpg,https://t.vndb.org/ch/03/11703.jpg,,#d0a586 #556d78 #a6ccc5 #e8e3b8 #f2f2ef #ffffff,Blond Twin Tails Curtained Shoulder-length Teen Slim Pale Virgin Sex Group Sex Violet,,,https://vndb.org/c877,
al154749,anilist,6,15,,,日下夏羽,Kabane Kusaka,,男,,13,动画|漫画,动画,怪物事変,,2021,动画,"[{""t"":""怪物事変"",""cn"":"""",""ty"":""动画"",""y"":2021,""pop"":126730},{""t"":""怪物事変"",""cn"":"""",""ty"":""漫画"",""y"":2016,""pop"":18657},{""t"":""怪物事変 番外篇"",""cn"":"""",""ty"":""漫画"",""y"":2021,""pop"":106}]","151 cm Half-Human/Half-Ghoul ~!• ** Kabane is able to regrow body parts that have been ripped off. Even as to being decapitated, he can regrow his body.",906,906,0,0,,https://s4.anilist.co/file/anilistcdn/character/large/b154749-SmkAurcWuzLI.png,https://s4.anilist.co/file/anilistcdn/character/medium/b154749-SmkAurcWuzLI.png,,,,https://anilist.co/character/154749,,,
vndb-c24079,vndb,6,15,,,陸島 文香,Rikushima Fumika,,女,O,,Galgame,Galgame,キラークイーン,,2006,Galgame,,A person who is forced to participate in the game. She is confident in her beliefs and is willing to stand up for them.,815,0,815,0,,https://t.vndb.org/ch/55/76355.jpg,https://t.vndb.org/ch/55/76355.jpg,,#938ed9 #64527e #d7b6b5 #ede4de #f9f7ef #ffffff,Blue Violet Short Straight Slim Pale Uniform Assault Young-adult Coat,,,https://vndb.org/c24079,
al87904,anilist,6,15,,,大和凜子,Rinko Yamato,,女,,,动画|漫画,动画,俺物語!!,,2015,动画,"[{""t"":""俺物語!!"",""cn"":"""",""ty"":""动画"",""y"":2015,""pop"":157233},{""t"":""俺物語!!"",""cn"":"""",""ty"":""漫画"",""y"":2011,""pop"":11529},{""t"":""俺コイ!! 俺物語×ニセコイ!!"",""cn"":"""",""ty"":""漫画"",""y"":2013,""pop"":1800},{""t"":""俺物語! 雪山ミステリー!?の巻"",""cn"":"""",""ty"":""漫画"",""y"":2023,""pop"":138}]","A girl whom [Takeo](//anilist.co/character/80757/Gouda-Takeo) saves from a molester on a train. After Takeo saves her, she immediately falls in love with him. She attends Koizumi Girls’ Academy and is very skilled in making sweets.",758,758,0,0,,https://s4.anilist.co/file/anilistcdn/character/large/b87904-jdgZmYp28Wuk.jpg,https://s4.anilist.co/file/anilistcdn/character/medium/b87904-jdgZmYp28Wuk.jpg,,,,https://anilist.co/character/87904,,,
al3438,anilist,6,15,,,君麻呂,Kimimaro Kaguya,,男,A,15,动画|漫画,动画,NARUTO -ナルト-,火影忍者,2002,动画,"[{""t"":""NARUTO -ナルト-"",""cn"":""火影忍者"",""ty"":""动画"",""y"":2002,""pop"":725301},{""t"":""NARUTO -ナルト- 疾風伝"",""cn"":""火影忍者疾风传"",""ty"":""动画"",""y"":2007,""pop"":610025},{""t"":""NARUTO -ナルト-"",""cn"":""火影忍者"",""ty"":""漫画"",""y"":1999,""pop"":99205},{""t"":""NARUTOナルトSD ロック・リーの青春フルパワー忍伝"",""cn"":"""",""ty"":""动画"",""y"":2012,""pop"":19983}]","Kimimaro was the fifth member of the Sound Four, thus temporarily changing their group name to the Sound Five. The original four were forced to accept him against their will, as Kimimaro's combat abilities exceeded all of their skills combi…",704,704,0,0,,https://s4.anilist.co/file/anilistcdn/character/large/b3438-h1fxTDdwew0h.png,https://s4.anilist.co/file/anilistcdn/character/medium/b3438-h1fxTDdwew0h.png,,,,https://anilist.co/character/3438,,,
al145715,anilist,6,15,,,蒲生,Gamou,Gamo-chan (ガモちゃん) / Maki Gamo (蒲生まき),女,,15-16,动画|漫画,动画,イジらないで、長瀞さん,不要欺负我，长瀞同学,2021,动画,"[{""t"":""イジらないで、長瀞さん"",""cn"":""不要欺负我，长瀞同学"",""ty"":""动画"",""y"":2021,""pop"":267811},{""t"":""イジらないで、長瀞さん 2nd Attack"",""cn"":""不要欺负我，长瀞同学 二次攻击"",""ty"":""动画"",""y"":2023,""pop"":102565},{""t"":""イジらないで、長瀞さん"",""cn"":""不要欺负我，长瀞同学"",""ty"":""漫画"",""y"":2017,""pop"":75701},{""t"":""イジるしかないっ！ 長瀞さん"",""cn"":"""",""ty"":""漫画"",""y"":2020,""pop"":1339},{""t"":""イジらないで、長瀞さん コミックアンソロジー"",""cn"":"""",""ty"":""漫画"",""y"":2021,""pop"":1282},{""t"":""そこイジるんすか、長瀞さん！"",""cn"":"""",""ty"":""漫画"",""y"":2019,""pop"":1002}]","**** 168 cm (5'6"") A character with semi-long hair. She likes to make fun of people.",501,501,0,0,,https://s4.anilist.co/file/anilistcdn/character/large/b145715-G5GLMaYmUHyo.jpg,https://s4.anilist.co/file/anilistcdn/character/medium/b145715-G5GLMaYmUHyo.jpg,,,,https://anilist.co/character/145715,,,
vndb-c9856,vndb,6,15,,,シルヴィア＝ファン・ホッセン,Silvia van Hossen,Sylvie,女,A,,Galgame,Galgame,プリンセスラバー！,,2008,Galgame,,"One of the four main heroines of the series, Sylvie is a noble of the fictional Flemish Principality of Eastern Europe. While she grew up in Flemish, she has not spent much of her mature life in that nation and attends school in Japan.",453,0,453,0,,https://t.vndb.org/ch/25/65025.jpg,https://t.vndb.org/ch/25/65025.jpg,,#5a417a #b48681 #edcba3 #c4c8e2 #f7efd9 #feffff,Blond Bun Waist Length+ Shoulder-length Pale School Uniform Cooking Standing Sex Blowjob Virgin Sex,,,https://vndb.org/c9856,
vndb-c46858,vndb,6,15,,,グレゴール・クライン,Gregor Kleine,,男,B,,Galgame,Galgame,絶対服従命令,,2005,Galgame,,"Kia's client. Jens' soccer coach. He thinks very fondly of Jens, and wants him to lead a good life as a top-league professional player.",399,0,399,0,,https://t.vndb.org/ch/72/57772.jpg,https://t.vndb.org/ch/72/57772.jpg,,#b69686 #626372 #dec6b0 #f9eacd #ffffff,Brown Curtained Short Pale Black Glasses Coach Hosome,,,https://vndb.org/c46858,
al241283,anilist,6,15,1984,,황미애,Mi-Ae Hwang,,女,,,漫画,漫画,세기말 풋사과 보습학원,,2020,漫画,,Baekje Middle School 3-12 No. 40 150.1 cm,377,377,0,0,,https://s4.anilist.co/file/anilistcdn/character/large/b241283-mzQlNts11gye.jpg,https://s4.anilist.co/file/anilistcdn/character/medium/b241283-mzQlNts11gye.jpg,,,,https://anilist.co/character/241283,,,
al81737,anilist,6,15,,,アン・ハルフォード,Ann  Halford,Scarecrow,女,,15,动画|漫画|轻小说,动画,シュガーアップル・フェアリーテイル,,2023,动画,"[{""t"":""シュガーアップル・フェアリーテイル"",""cn"":"""",""ty"":""动画"",""y"":2023,""pop"":54516},{""t"":""シュガーアップル・フェアリーテイル 第2クール"",""cn"":"""",""ty"":""动画"",""y"":2023,""pop"":26352},{""t"":""銀砂糖師と黒の妖精 ～シュガーアップル・フェアリーテイル～"",""cn"":"""",""ty"":""漫画"",""y"":2012,""pop"":1102},{""t"":""シュガーアップル・フェアリーテイル"",""cn"":"""",""ty"":""漫画"",""y"":2021,""pop"":1070},{""t"":""シュガーアップル・フェアリーテイル 銀砂糖師と黒の妖精"",""cn"":"""",""ty"":""轻小说"",""y"":2010,""pop"":749},{""t"":""シュガーアップル・フェアリーテイル 銀砂糖師と青の公爵"",""cn"":"""",""ty"":""轻小说"",""y"":2010,""pop"":203}]",Candy Craftswoman. She’s tall and skinny and her hair is of the color of the wheat. Her dream is to become a Silver Sugar Master like her Mother.,313,313,0,0,,https://s4.anilist.co/file/anilistcdn/character/large/b81737-m9mmTPMNURfR.png,https://s4.anilist.co/file/anilistcdn/character/medium/b81737-m9mmTPMNURfR.png,,,,https://anilist.co/character/81737,,,
vndb-c138953,vndb,6,15,,,速川 麦,Hayakawa Mugi,,男,,,Galgame,Galgame,anemoi,,2026,Galgame,,"A young man who presses northward with his little sister, bound for the distant land where they once buried a time capsule. Nimble-fingered and resourceful, he can handle just about any task with reasonable skill.",272,0,272,0,,https://t.vndb.org/ch/74/187674.jpg,https://t.vndb.org/ch/74/187674.jpg,,#3f435b #e0c0b5 #f5e4d4 #9b8f96 #ffffff,Black Proactive Orphan Cooking Disaster Grey Ore Driving Piloting Husband,,,https://vndb.org/c138953,
vndb-c42851,vndb,6,15,,,如月 佳織,Kisaragi Kaori,,女,,,Galgame,Galgame,マブラヴ オルタネイティヴ トータル・イクリプス 帝都燃ゆ,,2014,Galgame,,,272,0,272,0,,https://t.vndb.org/ch/69/51469.jpg,https://t.vndb.org/ch/69/51469.jpg,,,Brown Short Brown Slim Pale Fighting Death Mecha Pilot Pressure Suit Watashi,,,https://vndb.org/c42851,
vndb-c26429,vndb,6,15,,,黒羽 実彰,Kuroba Saneaki,,男,,,Galgame,Galgame,剣が君,,2013,Galgame,"[{""t"":""剣が君"",""cn"":"""",""ty"":""Galgame"",""y"":2013,""pop"":269},{""t"":""剣が君 百夜綴り"",""cn"":"""",""ty"":""Galgame"",""y"":2016,""pop"":58}]","Hizen Province Magoroku Kanemoto Shintou-ryu + self-taught A hidden Christian from Hizen Province. He lost his mother when he was small, and he was taken in by a Dutch merchant. He spent his childhood in a Dutch company in Hirato.",269,0,269,0,,https://t.vndb.org/ch/77/32377.jpg,https://t.vndb.org/ch/77/32377.jpg,,#0c0a28 #68617e #f3ecd7 #a89faf #faf5e5 #dbd0cc,White Ponytail Long Swordsmanship Orphan Cooking Violet Hair Ribbon Kuudere Stoic,,,https://vndb.org/c26429,
vndb-c12469,vndb,6,15,,,沖原 琴羽,Okihara Kotoha,,女,AB,,Galgame,Galgame,カミカゼ☆エクスプローラー！,,2011,Galgame,,<Mermaid> (Water) Childhood friend of Keiji and Manami. They meet again at Suminoe Gakuen after not contacting more than a year.,268,0,268,0,,https://t.vndb.org/ch/17/49217.jpg,https://t.vndb.org/ch/17/49217.jpg,,#6d659f #a1b1d7 #3d2332 #e0ceda #f4efee #fffefe,Blue Ahoge Twin Tails Waist Length+ Curtained Brown Teen Slim Pale Missionary,,,https://vndb.org/c12469,
al121457,anilist,6,15,,,眼目さとり,Satori Tamaba,,女,,16,动画|漫画,动画,武装少女マキャヴェリズム,,2017,动画,"[{""t"":""武装少女マキャヴェリズム"",""cn"":"""",""ty"":""动画"",""y"":2017,""pop"":99021},{""t"":""武装少女マキャヴェリズム OVA"",""cn"":"""",""ty"":""动画"",""y"":2017,""pop"":16349},{""t"":""武装少女マキャヴェリズム"",""cn"":"""",""ty"":""漫画"",""y"":2014,""pop"":5774}]",156 cm A member of the Tenka Goken. Satori is said to be reminiscent of a creature of sorts attempting to imitate human-like behavior.,244,244,0,0,,https://s4.anilist.co/file/anilistcdn/character/large/b121457-Wgd9VURTkYsW.png,https://s4.anilist.co/file/anilistcdn/character/medium/b121457-Wgd9VURTkYsW.png,,,,https://anilist.co/character/121457,,,
al85799,anilist,6,15,,,片岡メグ,Megu Kataoka,Motivated Meg / Meg-meg,女,A,,动画|漫画,动画,暗殺教室,暗杀教室,2015,动画,"[{""t"":""暗殺教室"",""cn"":""暗杀教室"",""ty"":""动画"",""y"":2015,""pop"":628250},{""t"":""暗殺教室 第２期"",""cn"":"""",""ty"":""动画"",""y"":2016,""pop"":369666},{""t"":""暗殺教室"",""cn"":""暗杀教室"",""ty"":""漫画"",""y"":2012,""pop"":54655},{""t"":""劇場版 暗殺教室 365日の時間"",""cn"":"""",""ty"":""动画"",""y"":2016,""pop"":39977},{""t"":""殺せんせーQ[クエスト]! (ONA)"",""cn"":"""",""ty"":""动画"",""y"":2016,""pop"":15568},{""t"":""暗殺教室 みんなの時間"",""cn"":"""",""ty"":""动画"",""y"":2026,""pop"":14771}]","She is a student of Kunugigaoka Junior High School. She is assigned to Class 3-E, where she trains to become a professional assassin, with her teacher as the target.",75,75,0,0,,https://s4.anilist.co/file/anilistcdn/character/large/85799-z6SKUG1Zf1lo.png,https://s4.anilist.co/file/anilistcdn/character/medium/85799-z6SKUG1Zf1lo.png,,,,https://anilist.co/character/85799,,,
al287013,anilist,6,15,,,ジャガ・イモ,Jaga Imo,Po Tato,男,,,动画|漫画|轻小说,动画,陰の実力者になりたくて！,想要成为影之实力者！,2022,动画,"[{""t"":""陰の実力者になりたくて！"",""cn"":""想要成为影之实力者！"",""ty"":""动画"",""y"":2022,""pop"":314005},{""t"":""陰の実力者になりたくて！ 2nd season"",""cn"":""想要成为影之实力者！ 第二季"",""ty"":""动画"",""y"":2023,""pop"":195202},{""t"":""陰の実力者になりたくて！"",""cn"":""想要成为影之实力者！"",""ty"":""漫画"",""y"":2018,""pop"":47389},{""t"":""陰の実力者になりたくて！"",""cn"":""想要成为影之实力者！"",""ty"":""轻小说"",""y"":2018,""pop"":10826}]","One of Cid Kagenou's chosen ""friends"" to help him blend in as a background character",11,11,0,0,,https://s4.anilist.co/file/anilistcdn/character/large/b287013-mKBY4xbondVc.jpg,https://s4.anilist.co/file/anilistcdn/character/medium/b287013-mKBY4xbondVc.jpg,,,,https://anilist.co/character/287013,,,
al1852,anilist,6,16,,北条悟史,北条悟史,Satoshi Houjou,Nii-Nii / にーにー / Nii-nii,男,A,,动画|Galgame,动画,ひぐらしのなく頃に,寒蝉鸣泣之时,2006,动画,"[{""t"":""ひぐらしのなく頃に"",""cn"":""寒蝉鸣泣之时"",""ty"":""动画"",""y"":2006,""pop"":177687},{""t"":""ひぐらしのなく頃に解"",""cn"":""寒蝉鸣泣之时 解"",""ty"":""动画"",""y"":2007,""pop"":90255},{""t"":""ひぐらしのなく頃に業"",""cn"":""寒蝉鸣泣之时 业"",""ty"":""动画"",""y"":2020,""pop"":82599},{""t"":""ひぐらしのなく頃に礼"",""cn"":""寒蝉鸣泣之时 礼"",""ty"":""动画"",""y"":2009,""pop"":44929},{""t"":""ひぐらしのなく頃に卒"",""cn"":""寒蝉鸣泣之时 卒"",""ty"":""动画"",""y"":2021,""pop"":38674},{""t"":""ひぐらしのなく頃に煌"",""cn"":""寒蝉鸣泣之时 煌"",""ty"":""动画"",""y"":2011,""pop"":21590}]",沙都子的亲哥哥，有着不喜争斗的温和性格。一年前从自家出走后便下落不明。 沙都子の兄で、雛見沢ファイターズという野球チームに所属している。 性格は大人しく気弱なところもあるが、沙都子のためなら自分が傷つくこともいとわない勇気ある性格。 数年前、鬼隠しにあい失踪している。,7963,99,7963,17,,https://s4.anilist.co/file/anilistcdn/character/large/b1852-O8PeTxF1DodX.png,https://s4.anilist.co/file/anilistcdn/character/medium/b1852-O8PeTxF1DodX.png,https://t.vndb.org/ch/05/113105.jpg|https://lain.bgm.tv/r/400/pic/crt/l/d6/d4/3190_crt_aGZFn.jpg?r=1431253124,,Blond Curtained Short Straight Teen Slim Pale School Uniform Trousers Hard Worker,https://anilist.co/character/1852,https://bgm.tv/character/3190,https://vndb.org/c3849,3190
vndb-c5870,vndb,6,16,,松永久信,松永 久信,Matsunaga Hisanobu,Pops / おとん,男,,,Galgame,Galgame,真剣で私に恋しなさい！S,认真和我恋爱！S,2012,Galgame,"[{""t"":""真剣で私に恋しなさい！S"",""cn"":""认真和我恋爱！S"",""ty"":""Galgame"",""y"":2012,""pop"":5025},{""t"":""真剣で私に恋しなさい！A-3"",""cn"":"""",""ty"":""Galgame"",""y"":2014,""pop"":1374},{""t"":""みなとカーニバルＦＤ"",""cn"":"""",""ty"":""Galgame"",""y"":2017,""pop"":80}]",没落している松永の名前を再び売り出すのだ！ と燃えるお父さん。陽気な3枚目。 家名を高めるにはまず軍資金だ、ということで株に手を出し大火傷。配偶者に逃げられた、駄目な人。 だが娘が優秀であることと副業で始めた自家製の納豆が当たっているあたり、まだ彼にはツキが残っている。 娘とのヒエラルキーは完全に逆転しており、彼が武器を造り娘がそれで戦う（技術屋としてはとても優秀）。 「松永の家名を再び全国に広めるのだ」,5025,0,5025,1,,https://t.vndb.org/ch/62/85862.jpg,https://t.vndb.org/ch/62/85862.jpg,https://lain.bgm.tv/r/400/pic/crt/l/ad/1e/30079_crt_1emhm.jpg,#aaaac2 #5b596c #f9e8dc #d9cac4 #ffffff,Black Short Straight Slim Pale Uniform Trousers Dress Shoes Hard Worker Black,,https://bgm.tv/character/30079,https://vndb.org/c5870,30079
vndb-c2945,vndb,6,16,,,鈴木 佳奈,Suzuki Kana,Flattie / Kanasuke / Kanazoooo,女,B,,Galgame,Galgame,大図書館の羊飼い,,2013,Galgame,"[{""t"":""大図書館の羊飼い"",""cn"":"""",""ty"":""Galgame"",""y"":2013,""pop"":2275},{""t"":""大図書館の羊飼い -Dreaming Sheep-"",""cn"":"""",""ty"":""Galgame"",""y"":2014,""pop"":383}]","A very polite and cheerful girl, who easily gets along with people, even strangers. She rarely gets angry, no matter what happens, and often expresses herself with jokes and comedic timing.",2275,0,2275,0,,https://t.vndb.org/ch/29/10229.jpg,https://t.vndb.org/ch/29/10229.jpg,,#8f3543 #cca88f #ebd8c2 #f7ece4 #fcf8f6,Blond Long Wavy Teen Slim Pale School Uniform Cooking Missionary Cowgirl,,,https://vndb.org/c2945,
al187525,anilist,6,16,,,温迪,Venti,ウェンティ / Windborne Bard / Tone-Deaf Bard / Singer of Skyward Sonnets,男,,,动画|漫画,动画,原神,,,动画,"[{""t"":""原神"",""cn"":"""",""ty"":""动画"",""y"":"""",""pop"":18478},{""t"":""原神PROJECT"",""cn"":"""",""ty"":""漫画"",""y"":2018,""pop"":8847},{""t"":""《原神》四格漫画"",""cn"":"""",""ty"":""漫画"",""y"":2020,""pop"":1295}]","Mondstadt Carmen Dei A bard that seems to have arrived on some unknown wind — sometimes sing songs as old as the hills, and other times sing poems fresh and new.",1174,1174,0,0,,https://s4.anilist.co/file/anilistcdn/character/large/b187525-yqeqDnHUMf2x.png,https://s4.anilist.co/file/anilistcdn/character/medium/b187525-yqeqDnHUMf2x.png,,,,https://anilist.co/character/187525,,,
vndb-c15064,vndb,6,16,,,姫百合 瑠璃,Himeyuri Ruri,,女,O,,Galgame,Galgame,ToHeart2,ToHeart2,2004,Galgame,"[{""t"":""ToHeart2"",""cn"":""ToHeart2"",""ty"":""Galgame"",""y"":2004,""pop"":1137},{""t"":""ToHeart2 AnotherDays"",""cn"":"""",""ty"":""Galgame"",""y"":2008,""pop"":133},{""t"":""ToHeart2 ダンジョントラベラーズ"",""cn"":""迷宮旅人：To Heart 2"",""ty"":""Galgame"",""y"":2009,""pop"":37}]","Ruri is the younger Himeyuri twin. She is one school year younger than the protagonist, and is in the same class as Sango.",1137,0,1137,0,,https://t.vndb.org/ch/51/19151.jpg,https://t.vndb.org/ch/51/19151.jpg,,#c06d7f #6a2a3e #e4bcb6 #f1e6e0 #f9f8f7,Violet Odango Long Straight Teen Slim Pale Cooking Virgin Sex Violet,,,https://vndb.org/c15064,
vndb-c15063,vndb,6,16,,,姫百合 珊瑚,Himeyuri Sango,さんちゃん / San-chan,女,O,,Galgame,Galgame,ToHeart2,ToHeart2,2004,Galgame,"[{""t"":""ToHeart2"",""cn"":""ToHeart2"",""ty"":""Galgame"",""y"":2004,""pop"":1137},{""t"":""ToHeart2 AnotherDays"",""cn"":"""",""ty"":""Galgame"",""y"":2008,""pop"":133},{""t"":""ToHeart2 ダンジョントラベラーズ"",""cn"":""迷宮旅人：To Heart 2"",""ty"":""Galgame"",""y"":2009,""pop"":37}]","Sango is the older Himeyuri twin. She is one school year younger than the protagonist, and helped develop the next generation maid gynoids for Kurusugawa Electronics.",1137,0,1137,0,,https://t.vndb.org/ch/49/19149.jpg,https://t.vndb.org/ch/49/19149.jpg,,#942f40 #b57f92 #e1bab6 #ece1dd #f8f7f5 #ffffff,Blue Violet Odango Long Straight Teen Slim Pale Doggy Style Virgin Sex,,,https://vndb.org/c15063,
vndb-c5823,vndb,6,16,,,リュリュ,Lulu,,,O,,Galgame,Galgame,カタハネ,,2006,Galgame,,"A honorable child from Nicola's orphanage. Lulu's gender is unknown in the story (when Coco asked Lulu about that she just got ""it's a secret"" as an answer).",804,0,804,0,,https://t.vndb.org/ch/97/61597.jpg,https://t.vndb.org/ch/97/61597.jpg,,#84888e #b6c2c7 #f6f2e6 #dee1e0 #f8f9f9,Black Ahoge Short Teen Slim Pale Trousers Hard Worker Orphan Green,,,https://vndb.org/c5823,
al89900,anilist,6,16,,,葉隠透,Tooru Hagakure,Toru / Stealth Hero: Invisible Girl (ステルスヒーロー インビジブルガール),女,A,15-,动画,动画,僕のヒーローアカデミア,我的英雄学院,2016,动画,"[{""t"":""僕のヒーローアカデミア"",""cn"":""我的英雄学院"",""ty"":""动画"",""y"":2016,""pop"":873712},{""t"":""僕のヒーローアカデミア２"",""cn"":"""",""ty"":""动画"",""y"":2017,""pop"":655237},{""t"":""僕のヒーローアカデミア３"",""cn"":"""",""ty"":""动画"",""y"":2018,""pop"":600666},{""t"":""僕のヒーローアカデミア４"",""cn"":"""",""ty"":""动画"",""y"":2019,""pop"":532336},{""t"":""僕のヒーローアカデミア５"",""cn"":"""",""ty"":""动画"",""y"":2021,""pop"":414683},{""t"":""僕のヒーローアカデミア６"",""cn"":"""",""ty"":""动画"",""y"":2022,""pop"":269963}]","152 cm (5'0"") Invisibility Student in Class 1-A at U.A. High School. Tooru is a bubbly, cheery, and easygoing girl who does most things with an upbeat attitude.",651,651,0,0,,https://s4.anilist.co/file/anilistcdn/character/large/b89900-QOH8tvJgtFVj.png,https://s4.anilist.co/file/anilistcdn/character/medium/b89900-QOH8tvJgtFVj.png,,,,https://anilist.co/character/89900,,,
al62479,anilist,6,16,,,マルコ・ボット,Marco Bott,Marco Bodt,男,,16,动画|漫画,动画,進撃の巨人,进击的巨人,2013,动画,"[{""t"":""進撃の巨人"",""cn"":""进击的巨人"",""ty"":""动画"",""y"":2013,""pop"":1053882},{""t"":""進撃の巨人 Season２"",""cn"":"""",""ty"":""动画"",""y"":2017,""pop"":733402},{""t"":""進撃の巨人 The Final Season"",""cn"":""进击的巨人 最终季"",""ty"":""动画"",""y"":2020,""pop"":642537},{""t"":""進撃の巨人 Season３ Part.2"",""cn"":"""",""ty"":""动画"",""y"":2019,""pop"":610781},{""t"":""進撃の巨人 The Final Season Part 2"",""cn"":""进击的巨人 最终季 Part.2"",""ty"":""动画"",""y"":2022,""pop"":440419},{""t"":""進撃の巨人"",""cn"":""进击的巨人"",""ty"":""漫画"",""y"":2009,""pop"":226814}]",": 178 cm (5'9"") : 104th Training Corps Originally from Jinae District. Marco ranked 7th in the 104th Training Corps and is widely respected by other cadets of the 104th.",625,625,0,0,,https://s4.anilist.co/file/anilistcdn/character/large/b62479-mYcTkU1RXymL.jpg,https://s4.anilist.co/file/anilistcdn/character/medium/b62479-mYcTkU1RXymL.jpg,,,,https://anilist.co/character/62479,,,
al121013,anilist,6,16,,,藤ノ宮寧子,Neko Fujinomiya,Pantie-less Woman,女,,16-19,动画|漫画,动画,政宗くんのリベンジ,,2017,动画,"[{""t"":""政宗くんのリベンジ"",""cn"":"""",""ty"":""动画"",""y"":2017,""pop"":243828},{""t"":""政宗くんのリベンジR"",""cn"":"""",""ty"":""动画"",""y"":2023,""pop"":86436},{""t"":""政宗くんのリベンジ OVA"",""cn"":"""",""ty"":""动画"",""y"":2018,""pop"":37546},{""t"":""政宗くんのリベンジ"",""cn"":"""",""ty"":""漫画"",""y"":2012,""pop"":33158},{""t"":""政宗くんのリベンジafter school"",""cn"":"""",""ty"":""漫画"",""y"":2018,""pop"":5680},{""t"":""政宗くんのリベンジ -engagement-"",""cn"":"""",""ty"":""漫画"",""y"":2023,""pop"":2342}]","**** 159 cm Neko Fujinomiya is a cute and cheerful rich girl who transferred school after [Masamune Makabe](//anilist.co/character/81967/Makabe-Masamune) ""gave her his coat on Christmas Eve"" and fell in love with him.",461,461,0,0,,https://s4.anilist.co/file/anilistcdn/character/large/b121013-BokQwnshmO6O.png,https://s4.anilist.co/file/anilistcdn/character/medium/b121013-BokQwnshmO6O.png,,,,https://anilist.co/character/121013,,,
al55445,anilist,6,16,,,冬海愛衣,Ai Fuyuumi,A-chan / Love Princess,女,A,,动画|漫画|轻小说,动画,俺の彼女と幼なじみが修羅場すぎる,,2013,动画,"[{""t"":""俺の彼女と幼なじみが修羅場すぎる"",""cn"":"""",""ty"":""动画"",""y"":2013,""pop"":132229},{""t"":""俺の彼女と幼なじみが修羅場すぎる"",""cn"":"""",""ty"":""漫画"",""y"":2011,""pop"":2513},{""t"":""俺の彼女と幼なじみが修羅場すぎる"",""cn"":"""",""ty"":""轻小说"",""y"":2011,""pop"":1520},{""t"":""俺の彼女と幼なじみが修羅場すぎる 愛"",""cn"":"""",""ty"":""漫画"",""y"":2012,""pop"":843}]","157 cm (5' 2"") Yuki Fuyuumi (Younger Brother), Daigoro Fuyuumi (Father) She is an uptight and by the book member of the Student Council's Hallway Monitoring Committee, it is hinted that she often reprimands [Chiwa](//anilist.co/character/48…",377,377,0,0,,https://s4.anilist.co/file/anilistcdn/character/large/b55445-f1RcF4OIZRPy.png,https://s4.anilist.co/file/anilistcdn/character/medium/b55445-f1RcF4OIZRPy.png,,,,https://anilist.co/character/55445,,,
al126506,anilist,6,16,,,斉木空助,Kusuke Saiki,,男,B,19,动画|漫画,动画,斉木楠雄のΨ難,齐木楠雄的灾难,2016,动画,"[{""t"":""斉木楠雄のΨ難"",""cn"":""齐木楠雄的灾难"",""ty"":""动画"",""y"":2016,""pop"":358529},{""t"":""斉木楠雄のΨ難 2"",""cn"":"""",""ty"":""动画"",""y"":2018,""pop"":189627},{""t"":""斉木楠雄のΨ難 Ψ始動編"",""cn"":"""",""ty"":""动画"",""y"":2019,""pop"":98277},{""t"":""斉木楠雄のΨ難 完結編"",""cn"":""齐木楠雄的灾难 完结篇"",""ty"":""动画"",""y"":2018,""pop"":91668},{""t"":""斉木楠雄のΨ難"",""cn"":""齐木楠雄的灾难"",""ty"":""漫画"",""y"":2012,""pop"":16675}]",179 cm Kusuke is [Kusuo](//anilist.co/character/90107/Saiki-Kusuo)'s older brother and a super genius who likes to invent machines/devices. Kusuke is prideful and competitive when it comes to Kusuo.,295,295,0,0,,https://s4.anilist.co/file/anilistcdn/character/large/b126506-4Mmjj8hB9Uu6.png,https://s4.anilist.co/file/anilistcdn/character/medium/b126506-4Mmjj8hB9Uu6.png,,,,https://anilist.co/character/126506,,,
al7207,anilist,6,16,,,上杉達也,Tatsuya Uesugi,Tacchan,男,,,动画|漫画,动画,タッチ,,1985,动画,"[{""t"":""タッチ"",""cn"":"""",""ty"":""动画"",""y"":1985,""pop"":12503},{""t"":""タッチ"",""cn"":"""",""ty"":""漫画"",""y"":1981,""pop"":6277}]","Tatsuya is the elder of the Uesugi twins. Seemingly selfish and lazy, Tatsuya's main quality is his altruist nature, thinking about others before himself.",286,286,0,0,,https://s4.anilist.co/file/anilistcdn/character/large/b7207-oF3HSJ9fhthg.jpg,https://s4.anilist.co/file/anilistcdn/character/medium/b7207-oF3HSJ9fhthg.jpg,,,,https://anilist.co/character/7207,,,
vndb-c164205,vndb,6,16,,,井出 優,Ide Masaru,,男,AB,,Galgame,Galgame,パラノマサイト FILE38 伊勢人魚物語,,2026,Galgame,,Male Prefectural Police Detective 35 An assistant inspector in the First Investigative Division of the Criminal Investigation Department of the Mie Prefectural Police.,250,0,250,0,,https://t.vndb.org/ch/34/193534.jpg,https://t.vndb.org/ch/34/193534.jpg,,#463c3c #91989b #d4c4b6 #ffffff,Black Pale Dress Shoes Black Suit Outgoing Husband Father Police Detective,,,https://vndb.org/c164205,
vndb-c7877,vndb,6,16,,,三上 智也,Mikami Tomoya,Tomo-chan,男,B,,Galgame,Galgame,メモリーズオフ セカンド,,2001,Galgame,"[{""t"":""メモリーズオフ セカンド"",""cn"":"""",""ty"":""Galgame"",""y"":2001,""pop"":222},{""t"":""メモリーズオフ"",""cn"":"""",""ty"":""Galgame"",""y"":1999,""pop"":215},{""t"":""メモリーズオフ -Innocent Fille-"",""cn"":"""",""ty"":""Galgame"",""y"":2018,""pop"":104},{""t"":""メモリーズオフ～ピュア～"",""cn"":"""",""ty"":""Galgame"",""y"":2000,""pop"":64},{""t"":""メモリーズオフ After Rain"",""cn"":"""",""ty"":""Galgame"",""y"":2005,""pop"":56},{""t"":""メモリーズオフ -フェスタ-"",""cn"":"""",""ty"":""Galgame"",""y"":2001,""pop"":12}]",,222,0,222,0,,https://t.vndb.org/ch/30/13530.jpg,https://t.vndb.org/ch/30/13530.jpg,,#886c42 #5a7e86 #352f2c #94a6a5 #efecdf #c4c6bd,Black Brown Short Brown Teen Slim Pale School Uniform Trousers Blue,,,https://vndb.org/c7877,
al16017,anilist,6,16,,,遠坂時臣,Tokiomi Toosaka,Tokiomi Tohsaka,男,O,,动画|轻小说,动画,Fate/Zero,Fate/Zero,2011,动画,"[{""t"":""Fate/Zero"",""cn"":""Fate/Zero"",""ty"":""动画"",""y"":2011,""pop"":348087},{""t"":""Fate/Zero 2ndシーズン"",""cn"":"""",""ty"":""动画"",""y"":2012,""pop"":242356},{""t"":""Fate/stay night"",""cn"":""Fate/stay night"",""ty"":""动画"",""y"":2006,""pop"":189194},{""t"":""カーニバル・ファンタズム"",""cn"":""幻想嘉年华"",""ty"":""动画"",""y"":2011,""pop"":59282},{""t"":""Fate/Zero"",""cn"":""Fate/Zero"",""ty"":""轻小说"",""y"":2006,""pop"":7719},{""t"":""Fate/ゼロカフェ"",""cn"":"""",""ty"":""动画"",""y"":2013,""pop"":6052}]","177cm The father of [Rin](//anilist.co/character/498/) and [Sakura](//anilist.co/character/500/), two of the heroines from Fate/stay night.",66,66,0,0,,https://s4.anilist.co/file/anilistcdn/character/large/b16017-BgO5m4ZS2Mor.png,https://s4.anilist.co/file/anilistcdn/character/medium/b16017-BgO5m4ZS2Mor.png,,,,https://anilist.co/character/16017,,,
al19407,anilist,6,17,,,右代宮縁寿,Ange Ushiromiya,Gretel / Missy / Gretel / Ushiromiya Enje,女,A,18,动画|漫画|Galgame,动画,うみねこのなく頃に,海猫鸣泣之时,2009,动画,"[{""t"":""うみねこのなく頃に"",""cn"":""海猫鸣泣之时"",""ty"":""动画"",""y"":2009,""pop"":43174},{""t"":""うみねこのなく頃に"",""cn"":""海猫鸣泣之时"",""ty"":""Galgame"",""y"":2007,""pop"":13833},{""t"":""うみねこのなく頃に散 - Episode 8: Twilight of the Golden Witch"",""cn"":"""",""ty"":""漫画"",""y"":2012,""pop"":11850},{""t"":""うみねこのなく頃に散"",""cn"":""海猫鸣泣之时散"",""ty"":""Galgame"",""y"":2009,""pop"":10973},{""t"":""うみねこのなく頃に - Episode 3: Banquet of the Golden Witch"",""cn"":"""",""ty"":""漫画"",""y"":2009,""pop"":8715},{""t"":""うみねこのなく頃に - Episode 4: Alliance of the Golden Witch"",""cn"":"""",""ty"":""漫画"",""y"":2009,""pop"":8030}]","[Rudolf](//anilist.co/character/14043/Ushiromiya-Rudolf) and [Kyrie](//anilist.co/character/18673/Ushiromiya-Kyrie)'s daughter, and [Battler](//anilist.co/character/14040/Ushiromiya-Battler)'s sister.",13833,1867,13833,0,,https://s4.anilist.co/file/anilistcdn/character/large/n19407-EKt1ldJOjSOK.jpg,https://s4.anilist.co/file/anilistcdn/character/medium/n19407-EKt1ldJOjSOK.jpg,https://t.vndb.org/ch/98/32098.jpg,,Red Twin Tails Long Straight Slim Pale School Uniform Master Student Magician,https://anilist.co/character/19407,,https://vndb.org/c13708,
vndb-c3110,vndb,6,17,,,目加田 美月,Mekata Mitsuki,Chef De Corps / Larme De Lune,女,,,Galgame,Galgame,Princess Evangile,,2011,Galgame,"[{""t"":""Princess Evangile"",""cn"":"""",""ty"":""Galgame"",""y"":2011,""pop"":3581},{""t"":""Princess Evangile W Happiness"",""cn"":"""",""ty"":""Galgame"",""y"":2012,""pop"":1590}]",所属：後期課程 2年生D組 後期課程2年生。理瀬の親友。……だったのだが、現在は微妙に疎遠な間柄となっている。 一名をChef De Corps（親衛隊長）。生徒会長である摩理香と “姉妹” の間柄であることから、そんな一名が付けられた。 紅薔薇会の役員であり、通常であれば会頭に就任するはずだったが、強引に律子に譲ってしまった。 下級生の律子のほうが人気が高いことを認めるだけの度量の広さがあるとも言えるが、それだけ、共学なんてもってのほかと思っているということでもある。,3581,0,3581,1,,https://t.vndb.org/ch/15/76615.jpg,https://t.vndb.org/ch/15/76615.jpg,https://lain.bgm.tv/r/400/pic/crt/l/65/77/54018_crt_88qSA.jpg,#9e7da6 #694967 #c7c1d0 #e6e1e5 #f6f5f3 #ffffff,Violet Shoulder-length Straight Teen Slim Pale School Uniform Cooking Missionary Doggy Style,,https://bgm.tv/character/54018,https://vndb.org/c3110,54018
al180693,anilist,6,17,,,亜白ミナ,Mina Ashiro,Ashiro Taichou (亜白隊長) / Commander Ashiro,女,,27,动画|漫画,动画,怪獣８号,,2024,动画,"[{""t"":""怪獣８号"",""cn"":"""",""ty"":""动画"",""y"":2024,""pop"":282435},{""t"":""怪獣８号 第２期"",""cn"":"""",""ty"":""动画"",""y"":2025,""pop"":154504},{""t"":""怪獣８号"",""cn"":"""",""ty"":""漫画"",""y"":2020,""pop"":106282},{""t"":""怪獣8号 第1期総集編"",""cn"":""怪兽8号 第一季总集篇"",""ty"":""动画"",""y"":2025,""pop"":26161},{""t"":""怪獣8号 保科の休日"",""cn"":""怪兽8号 保科的假期"",""ty"":""动画"",""y"":2025,""pop"":23498},{""t"":""怪獣８号 完結編"",""cn"":"""",""ty"":""动画"",""y"":"""",""pop"":12471}]",Mina is a very talented member of the Defense Force and an extremely talented marksman. She is the captain of the Defense Force's Third Division.,2066,2066,0,0,,https://s4.anilist.co/file/anilistcdn/character/large/b180693-i9RZuHTDwXov.png,https://s4.anilist.co/file/anilistcdn/character/medium/b180693-i9RZuHTDwXov.png,,,,https://anilist.co/character/180693,,,
al164753,anilist,6,17,,,佐々木秀鳴,Shuumei Sasaki,,男,O,,动画|漫画,动画,佐々木と宮野,,2022,动画,"[{""t"":""佐々木と宮野"",""cn"":"""",""ty"":""动画"",""y"":2022,""pop"":81147},{""t"":""佐々木と宮野ー卒業編ー"",""cn"":"""",""ty"":""动画"",""y"":2023,""pop"":25721},{""t"":""佐々木と宮野"",""cn"":"""",""ty"":""漫画"",""y"":2016,""pop"":20478},{""t"":""佐々木と宮野 恋に気づく前のちょっとした話。"",""cn"":"""",""ty"":""动画"",""y"":2022,""pop"":14892},{""t"":""平野と鍵浦"",""cn"":"""",""ty"":""漫画"",""y"":2019,""pop"":8108},{""t"":""佐々木と宮野 公式アンソロジーコミック"",""cn"":"""",""ty"":""漫画"",""y"":2022,""pop"":1184}]",183 cm Sweets Sasaki is [Miyano](//anilist.co/character/164752/Miyano-Yoshikazu)'s senior in high school. He's a 'bad-boy' who doesn't cause much trouble. He got introduced to BL manga through Miyano.,2027,2027,0,0,,https://s4.anilist.co/file/anilistcdn/character/large/b164753-AuS2lkQfZ0RA.png,https://s4.anilist.co/file/anilistcdn/character/medium/b164753-AuS2lkQfZ0RA.png,,,,https://anilist.co/character/164753,,,
vndb-c4053,vndb,6,17,,,朝倉 音姫,Asakura Otome,Oto-nee,女,O,,Galgame,Galgame,D.C.II ～ダ・カーポII～,,2006,Galgame,"[{""t"":""D.C.II ～ダ・カーポII～"",""cn"":"""",""ty"":""Galgame"",""y"":2006,""pop"":1927},{""t"":""D.C.II Spring Celebration ～ダ・カーポII～ スプリング セレブレイション"",""cn"":"""",""ty"":""Galgame"",""y"":2007,""pop"":88},{""t"":""D.C.II To You ～ダ・カーポII～トゥーユー サイドエピソード"",""cn"":"""",""ty"":""Galgame"",""y"":2009,""pop"":78},{""t"":""D.C.II Fall in Love ～ダ・カーポII～フォーリンラブ"",""cn"":"""",""ty"":""Galgame"",""y"":2009,""pop"":74},{""t"":""D.C.P.K.～ダ・カーポーカー～"",""cn"":"""",""ty"":""Galgame"",""y"":2008,""pop"":37},{""t"":""A.G.II.D.C.　～あるぴじ学園2.0　サーカス史上最大の危機！？～"",""cn"":""RPG学院2.0  马戏团史上最大的危机！？"",""ty"":""Galgame"",""y"":2011,""pop"":29}]","Wagashi, acting like the ideal older sister Perverted things, ghosts Yume's older sister and non-blood-related older sister of Yoshiyuki.",1927,0,1927,0,,https://t.vndb.org/ch/89/6089.jpg,https://t.vndb.org/ch/89/6089.jpg,,#744757 #978495 #dbbaaa #ebdbd5 #f9f4e9 #ffffff,Brown Ahoge Bun Ponytail Waist Length+ Teen Slim Pale School Uniform Proactive,,,https://vndb.org/c4053,
vndb-c36546,vndb,6,17,,,古郡 こな,Furugoori Kona,FRAUKOUJIRO / Koujiro Frau,女,B,,Galgame,Galgame,ROBOTICS;NOTES,机器人笔记,2012,Galgame,"[{""t"":""ROBOTICS;NOTES"",""cn"":""机器人笔记"",""ty"":""Galgame"",""y"":2012,""pop"":1864},{""t"":""ROBOTICS;NOTES DaSH"",""cn"":"""",""ty"":""Galgame"",""y"":2019,""pop"":773}]","Creator of Kill-Ballad, and the daughter of the director of Gunvarrel. She came to Tanegashima in search of her mother. [From Wikipedia]",1864,0,1864,0,,https://t.vndb.org/ch/30/44130.jpg,https://t.vndb.org/ch/30/44130.jpg,,#22475b #cac5b3 #97988d #ece7dd #f2f5f5 #ffffff,Blond Twin Tails Long Teen Slim Pale Amber Shorts Otaku Pervert,,,https://vndb.org/c36546,
al1260,anilist,6,17,1985,,加持リョウジ,Ryouji Kaji,,男,A,30,动画|漫画,动画,新世紀エヴァンゲリオン,新世纪福音战士,1995,动画,"[{""t"":""新世紀エヴァンゲリオン"",""cn"":""新世纪福音战士"",""ty"":""动画"",""y"":1995,""pop"":494637},{""t"":""新世紀エヴァンゲリオン劇場版 Air/まごころを、君に"",""cn"":""新世纪福音战士剧场版 Air/真心为你"",""ty"":""动画"",""y"":1997,""pop"":253351},{""t"":""ヱヴァンゲリヲン新劇場版:破"",""cn"":""福音战士新剧场版：破"",""ty"":""动画"",""y"":2009,""pop"":134199},{""t"":""シン・エヴァンゲリオン劇場版:||"",""cn"":"""",""ty"":""动画"",""y"":2021,""pop"":117586},{""t"":""新世紀エヴァンゲリオン劇場版 シト新生"",""cn"":""新世纪福音战士剧场版 死与新生"",""ty"":""动画"",""y"":1997,""pop"":61824},{""t"":""新世紀エヴァンゲリオン"",""cn"":""新世纪福音战士"",""ty"":""漫画"",""y"":1994,""pop"":38822}]","Kaji, while only being a special inspector, secretly works for SEELE investigating NERV's true intentions. During college, he had a serious relationship with [Misato](//anilist.co/character/1259/Katsuragi-Misato), but after having long brok…",1060,1060,0,0,,https://s4.anilist.co/file/anilistcdn/character/large/b1260-QCPCuARGDhqK.jpg,https://s4.anilist.co/file/anilistcdn/character/medium/b1260-QCPCuARGDhqK.jpg,,,,https://anilist.co/character/1260,,,
al120755,anilist,6,17,,,グレイ,Gray,Grey,女,,15,动画,动画,Fate/strange Fake,,2026,动画,"[{""t"":""Fate/strange Fake"",""cn"":"""",""ty"":""动画"",""y"":2026,""pop"":82145},{""t"":""ロード・エルメロイⅡ世の事件簿 {魔眼蒐集列車} Grace note"",""cn"":"""",""ty"":""动画"",""y"":2019,""pop"":54344},{""t"":""Fate/strange Fake -Whispers of Dawn-"",""cn"":"""",""ty"":""动画"",""y"":2023,""pop"":52776},{""t"":""ロード・エルメロイⅡ世の事件簿 {魔眼蒐集列車} Grace note 墓守と猫と魔術師"",""cn"":"""",""ty"":""动画"",""y"":2018,""pop"":27225},{""t"":""Fate/Grand Carnival"",""cn"":"""",""ty"":""动画"",""y"":2021,""pop"":22037},{""t"":""ロード・エルメロイⅡ世の事件簿 -魔眼蒐集列車 Grace note- 特別編"",""cn"":"""",""ty"":""动画"",""y"":2021,""pop"":14474}]",[Lord El-Melloi II](//anilist.co/character/16023/Velvet-Waver)'s assistant at the Mage's Association's Clock Tower. ~! Gray is a descendant of the Pendragon bloodline but the one she has now is not her original face.,694,694,0,0,,https://s4.anilist.co/file/anilistcdn/character/large/b120755-pPTdmFrsmG8z.jpg,https://s4.anilist.co/file/anilistcdn/character/medium/b120755-pPTdmFrsmG8z.jpg,,,,https://anilist.co/character/120755,,,
vndb-c94428,vndb,6,17,,,イヴ,Yves,,男,A,,Galgame,Galgame,終遠のヴィルシュ -ErroR:salvation-,,2021,Galgame,"[{""t"":""終遠のヴィルシュ -ErroR:salvation-"",""cn"":"""",""ty"":""Galgame"",""y"":2021,""pop"":674},{""t"":""終遠のヴィルシュ -EpiC:lycoris-"",""cn"":"""",""ty"":""Galgame"",""y"":2023,""pop"":170}]","""Even if no one ends up loving me, I'll still love everyone no matter what."" Embracing his fate to love A member of the Corps who also runs a handyman business called Courrune.",674,0,674,0,,https://t.vndb.org/ch/61/117061.jpg,https://t.vndb.org/ch/61/117061.jpg,,#461c23 #8f7973 #2a2d36 #16181e #d7beb0 #524c54,Blond Ponytail Long Pale Trousers Proactive Hero Cooking Fighting Grey,,,https://vndb.org/c94428,
al159629,anilist,6,17,,,天沢一夏,Ichika Amasawa,,女,,16,动画|漫画|轻小说,动画,ようこそ実力至上主義の教室へ 4th Season 2年生編1学期,,2026,动画,"[{""t"":""ようこそ実力至上主義の教室へ 4th Season 2年生編1学期"",""cn"":"""",""ty"":""动画"",""y"":2026,""pop"":117705},{""t"":""ようこそ実力至上主義の教室へ　２年生編"",""cn"":"""",""ty"":""轻小说"",""y"":2020,""pop"":16585},{""t"":""ようこそ実力至上主義の教室へ２年生編"",""cn"":"""",""ty"":""漫画"",""y"":2021,""pop"":3436}]",Ichika Amasawa is one of the first-year students of Advanced Nurturing High School. She is a student of Class 1-A. ~!She is considered to be the second White Room student to have been introduced into the story and enrolled in Advanced Nurtu…,654,654,0,0,,https://s4.anilist.co/file/anilistcdn/character/large/b159629-yQnBvQZUPY3o.png,https://s4.anilist.co/file/anilistcdn/character/medium/b159629-yQnBvQZUPY3o.png,,,,https://anilist.co/character/159629,,,
vndb-c101344,vndb,6,17,,,マヤ・カークランド,Maya Kirkland,,女,O,,Galgame,Galgame,even if TEMPEST 宵闇にかく語りき魔女,,2022,Galgame,"[{""t"":""even if TEMPEST 宵闇にかく語りき魔女"",""cn"":"""",""ty"":""Galgame"",""y"":2022,""pop"":608},{""t"":""even if TEMPEST 連なるときの暁"",""cn"":"""",""ty"":""Galgame"",""y"":2023,""pop"":195}]",“It is my duty to serve. But know that I am not robbed of my freedom. I choose who my master is.” Blossom of Fidelity and Devotion A maid in the Lynzel household.,608,0,608,0,,https://t.vndb.org/ch/68/122768.jpg,https://t.vndb.org/ch/68/122768.jpg,,#292624 #1f1d1d #989192 #353333 #545458 #dedbdd,White Curtained Cooking Hotblooded Green Young-adult Shirt Skirt Knife Drinking,,,https://vndb.org/c101344,
al162035,anilist,6,17,,,一条花,Hana Ichijou,,女,A,15,动画|漫画,动画,アオアシ,,2022,动画,"[{""t"":""アオアシ"",""cn"":"""",""ty"":""动画"",""y"":2022,""pop"":90815},{""t"":""アオアシ"",""cn"":"""",""ty"":""漫画"",""y"":2015,""pop"":25358},{""t"":""アオアシ 第2期"",""cn"":"""",""ty"":""动画"",""y"":2026,""pop"":15258}]","157 cm Hana Ichijou is the younger step-sister of [Tatsuya Fukuda](//anilist.co/character/133817), the coach of Tokyo City Esperion FC Youth. She has been a football fan since she was very young.",553,553,0,0,,https://s4.anilist.co/file/anilistcdn/character/large/b162035-goi3gRhYZErH.jpg,https://s4.anilist.co/file/anilistcdn/character/medium/b162035-goi3gRhYZErH.jpg,,,,https://anilist.co/character/162035,,,
al85727,anilist,6,17,,,榊涼子,Ryouko Sakaki,,女,,,动画,动画,食戟のソーマ,食戟之灵,2015,动画,"[{""t"":""食戟のソーマ"",""cn"":""食戟之灵"",""ty"":""动画"",""y"":2015,""pop"":403190},{""t"":""食戟のソーマ 弍ノ皿"",""cn"":""食戟之灵 贰之皿"",""ty"":""动画"",""y"":2016,""pop"":260416},{""t"":""食戟のソーマ 餐ノ皿"",""cn"":""食戟之灵 餐之皿"",""ty"":""动画"",""y"":2017,""pop"":227810},{""t"":""食戟のソーマ 神ノ皿"",""cn"":""食戟之灵  神之皿"",""ty"":""动画"",""y"":2019,""pop"":176469},{""t"":""『食戟のソーマ 餐ノ皿』 遠月列車篇"",""cn"":"""",""ty"":""动画"",""y"":2018,""pop"":172425},{""t"":""食戟のソーマ 豪ノ皿"",""cn"":"""",""ty"":""动画"",""y"":2020,""pop"":149392}]","Ryouko is gentle and kind, responding to the eccentrics of the other Polar Star residents in a level-headed manner and comforting the other students when they are troubled.",444,444,0,0,,https://s4.anilist.co/file/anilistcdn/character/large/b85727-OnAFVVOOQYoW.png,https://s4.anilist.co/file/anilistcdn/character/medium/b85727-OnAFVVOOQYoW.png,,,,https://anilist.co/character/85727,,,
al177217,anilist,6,17,,,桐生ココ,Coco Kiryu,桐生可可 / Coco Kiryuu / Kaichou (会長),女,,3502,动画|漫画,动画,ホロのぐらふぃてぃ,,2019,动画,"[{""t"":""ホロのぐらふぃてぃ"",""cn"":"""",""ty"":""动画"",""y"":2019,""pop"":14672},{""t"":""『ホロライブ・オルタナティブ』 ティザーPVs"",""cn"":"""",""ty"":""动画"",""y"":2021,""pop"":5655},{""t"":""ガールズ&パンツァー リボンの武者"",""cn"":"""",""ty"":""漫画"",""y"":2014,""pop"":1884},{""t"":""flower rhapsody"",""cn"":"""",""ty"":""动画"",""y"":2024,""pop"":482},{""t"":""ぐるぐる@まわる@まわルーナ"",""cn"":"""",""ty"":""动画"",""y"":2024,""pop"":244}]","December 28, 2019 July 1, 2021 180 cm (Dragon 7 m) Tatsunoko [yaman**](//anilist.co/staff/143509/yaman) 4th Gen (holoForce) Kiryu Coco was a female Japanese Virtual YouTuber associated with hololive.",372,372,0,0,,https://s4.anilist.co/file/anilistcdn/character/large/b177217-XgKtzcSvm1YG.png,https://s4.anilist.co/file/anilistcdn/character/medium/b177217-XgKtzcSvm1YG.png,,,,https://anilist.co/character/177217,,,
al2105,anilist,6,17,,,ランチ,Lunch,Launch / Marilynn / Easy Pickings Lunch (頂きランチ),女,,,动画|漫画,动画,ドラゴンボールZ,龙珠Z,1989,动画,"[{""t"":""ドラゴンボールZ"",""cn"":""龙珠Z"",""ty"":""动画"",""y"":1989,""pop"":259124},{""t"":""ドラゴンボール"",""cn"":""龙珠"",""ty"":""动画"",""y"":1986,""pop"":234217},{""t"":""ドラゴンボール改 (2014)"",""cn"":"""",""ty"":""动画"",""y"":2014,""pop"":54454},{""t"":""ドラゴンボール"",""cn"":""龙珠"",""ty"":""漫画"",""y"":1984,""pop"":53978},{""t"":""スーパードラゴンボールヒーローズ"",""cn"":"""",""ty"":""动画"",""y"":2018,""pop"":26549},{""t"":""ドラゴンボール 魔神城のねむり姫"",""cn"":"""",""ty"":""动画"",""y"":1987,""pop"":15721}]","Lunch is [Muten-Roshi's](//anilist.co/character/6167/Muten-Roushi) house maid, retrieved by the young [Goku](//anilist.co/character/246/Son-Gokuu) and [Krilin](//anilist.co/character/2159/Kuririn) in order to receive martial-arts training f…",358,358,0,0,,https://s4.anilist.co/file/anilistcdn/character/large/2105-u5dq4fBpSho9.png,https://s4.anilist.co/file/anilistcdn/character/medium/2105-u5dq4fBpSho9.png,,,,https://anilist.co/character/2105,,,
vndb-c90805,vndb,6,17,,,坂下 唯々菜,Sakashita Iina,,女,A,,Galgame,Galgame,アインシュタインより愛を込めて,,2020,Galgame,"[{""t"":""アインシュタインより愛を込めて"",""cn"":"""",""ty"":""Galgame"",""y"":2020,""pop"":319},{""t"":""アインシュタインより愛を込めて APOLLOCRISIS"",""cn"":"""",""ty"":""Galgame"",""y"":2021,""pop"":177}]","She's a girl that Shuuta canvasses into the Scientific Investigation Club. According to Shuuta, her unique characteristic is her marked lack of any unique characteristics. Her nature is simple and reserved.",319,0,319,0,,https://t.vndb.org/ch/61/121361.jpg,https://t.vndb.org/ch/61/121361.jpg,,#786e91 #b79eba #e1cbd7 #f8ebe4 #f9f3f8 #ffffff,Violet Ponytail Long Straight Teen Slim Pale Amnesia Missionary Standing Sex,,,https://vndb.org/c90805,
al121832,anilist,6,17,,,香椎結衣,Yui Kashii,Boa,女,,16,动画|漫画,动画,はじめてのギャル,,2017,动画,"[{""t"":""はじめてのギャル"",""cn"":"""",""ty"":""动画"",""y"":2017,""pop"":147919},{""t"":""はじめてのギャル はじめての文化祭"",""cn"":"""",""ty"":""动画"",""y"":2017,""pop"":25523},{""t"":""はじめてのギャル"",""cn"":"""",""ty"":""漫画"",""y"":2015,""pop"":18202}]",165 cm She is the classmate of [Junichi Hashiba](//anilist.co/character/121831/Hashiba-Junichi).,249,249,0,0,,https://s4.anilist.co/file/anilistcdn/character/large/121832-GEuNAfp3rX9a.jpg,https://s4.anilist.co/file/anilistcdn/character/medium/121832-GEuNAfp3rX9a.jpg,,,,https://anilist.co/character/121832,,,
al2566,anilist,6,17,,,貴嶋サキ,Saki Kijima,,女,B,20,动画|漫画,动画,トニカクカワイイ,总之就是非常可爱,2020,动画,"[{""t"":""トニカクカワイイ"",""cn"":""总之就是非常可爱"",""ty"":""动画"",""y"":2020,""pop"":246470},{""t"":""ハヤテのごとく！"",""cn"":"""",""ty"":""动画"",""y"":2007,""pop"":41955},{""t"":""トニカクカワイイ"",""cn"":""总之就是非常可爱"",""ty"":""漫画"",""y"":2018,""pop"":41494},{""t"":""ハヤテのごとく！！"",""cn"":"""",""ty"":""动画"",""y"":2009,""pop"":21088},{""t"":""ハヤテのごとく! CAN'T TAKE MY EYES OFF YOU"",""cn"":"""",""ty"":""动画"",""y"":2012,""pop"":12055},{""t"":""ハヤテのごとく！ Cuties"",""cn"":"""",""ty"":""动画"",""y"":2013,""pop"":10296}]","161cm Saki is Wataru's maid. She is significantly older than Wataru and lives with him in his video-rental store. Her biggest fear is that Wataru will start watching porn when he reaches puberty, which he denies.",10,10,0,0,,https://s4.anilist.co/file/anilistcdn/character/large/2566.jpg,https://s4.anilist.co/file/anilistcdn/character/medium/2566.jpg,,,,https://anilist.co/character/2566,,,
vndb-c270,vndb,6,18,,中津静流,中津 静流,Nakatsu Shizuru,Shizu-chan,女,,,Galgame,Galgame,Rewrite,,2011,Galgame,"[{""t"":""Rewrite"",""cn"":"""",""ty"":""Galgame"",""y"":2011,""pop"":8428},{""t"":""Rewrite Harvest festa!"",""cn"":"""",""ty"":""Galgame"",""y"":2012,""pop"":707},{""t"":""Rewrite: Cradles Tale"",""cn"":"""",""ty"":""Galgame"",""y"":2017,""pop"":278},{""t"":""Rewrite オカ研活動記録外伝"",""cn"":"""",""ty"":""Galgame"",""y"":2016,""pop"":193}]",主人公的后辈、风纪委员会所属。无口但很直率。 虽然不怎么说话但会通过行动来表达、感情表现很丰富的少女。 几乎没像样地做过风纪委员的工作、为了让瑚太朗注意自己而对他进行监管。 为了隐瞒自己的虹彩异色症而戴着眼罩、只有在亲近的人面前才会拿下。 非常喜欢吃秋刀鱼。,8428,0,8428,324,,https://t.vndb.org/ch/24/12924.jpg,https://t.vndb.org/ch/24/12924.jpg,https://lain.bgm.tv/r/400/pic/crt/l/af/dd/12074_crt_GH9Gc.jpg,#a43a4d #d5a992 #ebd4bc #f4e7e1 #faf6f5 #ffffff,Blond Odango Twin Tails Waist Length+ Wavy Slim Pale School Uniform Trousers Cooking,,https://bgm.tv/character/12074,https://vndb.org/c270,12074
al67069,anilist,6,18,1994,由比滨结衣,由比ヶ浜結衣,Yui Yuigahama,Gahama-chan,女,O,16-17,动画,动画,やはり俺の青春ラブコメはまちがっている。,我的青春恋爱物语果然有问题,2013,动画,"[{""t"":""やはり俺の青春ラブコメはまちがっている。"",""cn"":""我的青春恋爱物语果然有问题"",""ty"":""动画"",""y"":2013,""pop"":381716},{""t"":""やはり俺の青春ラブコメはまちがっている。続"",""cn"":""我的青春恋爱物语果然有问题 续"",""ty"":""动画"",""y"":2015,""pop"":276649},{""t"":""やはり俺の青春ラブコメはまちがっている。完"",""cn"":""我的青春恋爱物语果然有问题 完"",""ty"":""动画"",""y"":2020,""pop"":224555},{""t"":""やはり俺の青春ラブコメはまちがっている。「こちらとしても彼ら彼女らの行く末に幸多からんことを願わざるを得ない。」"",""cn"":"""",""ty"":""动画"",""y"":2013,""pop"":77190},{""t"":""やはり俺の青春ラブコメはまちがっている。 続 「きっと、女の子はお砂糖とスパイスと素敵な何かでできている。」"",""cn"":"""",""ty"":""动画"",""y"":2016,""pop"":73503},{""t"":""やはり俺の青春ラブコメはまちがっている。完 「だから、思春期は終わらずに、青春は続いていく。」"",""cn"":"""",""ty"":""动画"",""y"":2023,""pop"":46287}]",本作的女主角之一。总武高校2年F组所属。发言欠气质（会在不注意的情况下掀开别人的心里创伤），料理很差。 虽然各方面有点天然呆，但其实非常善于看人脸色，也常常看人脸色做事。同样非常了解人际关系的复杂和险恶，但即便在此之上也是个非常温柔的人。 在开学当天不小心把牵着的狗放跑，狗在撞过马路时险些被一辆豪华轿车撞到，被踩自行车上学的比企谷路过救起，事后向比企谷送了饼干以表心意，但被小町一个人吃光了并且到了事后很久才向比企谷提起。,6631,6631,0,1192,,https://s4.anilist.co/file/anilistcdn/character/large/b67069-6B3xnHfJUO0F.png,https://s4.anilist.co/file/anilistcdn/character/medium/b67069-6B3xnHfJUO0F.png,https://lain.bgm.tv/r/400/pic/crt/l/f3/90/19041_crt_FG0PO.jpg?r=1574587160,,,https://anilist.co/character/67069,https://bgm.tv/character/19041,,19041
vndb-c22773,vndb,6,18,,乾沙希,乾 沙希,Inui Saki,,女,,,Galgame,Galgame,蒼の彼方のフォーリズム,苍之彼方的四重奏,2014,Galgame,"[{""t"":""蒼の彼方のフォーリズム"",""cn"":""苍之彼方的四重奏"",""ty"":""Galgame"",""y"":2014,""pop"":6594},{""t"":""蒼の彼方のフォーリズム EXTRA2"",""cn"":""苍之彼方的四重奏 EXTRA2"",""ty"":""Galgame"",""y"":2022,""pop"":1885}]",感情の起伏に乏しい少女。 明日香や晶也とは転校してきたばかりの頃、出会うことになる。,6594,0,6594,54,,https://t.vndb.org/ch/18/28118.jpg,https://t.vndb.org/ch/18/28118.jpg,https://lain.bgm.tv/r/400/pic/crt/l/86/b3/25494_crt_ysScC.jpg,#2d2720 #9f9688 #efe9d4 #ccc9c5 #ebf2f3 #ffffff,White Long Straight Teen Slim Pale Hard Worker Green Necktie Wristband,,https://bgm.tv/character/25494,https://vndb.org/c22773,25494
vndb-c4645,vndb,6,18,,蜜柑,みかん,Mikan,,女,,,Galgame,Galgame,わんことくらそう,,2006,Galgame,,人形犬，6月18日出生，性别为雌性，就如其名，全身为蜜柑【橙】色。 特别喜欢呆在装蜜柑的箱子里，喜欢狭窄的地方 人型の犬。6月18日生まれ。女の子で、名の通りのみかん色のショートヘア。頭頂部に、長いアホ毛が1束ある。また、耳の横だけは長く伸ばしている。瞳はライムグリーン。犬種はアイリッシュ・クラウン。ヨーロッパでは人気が高いが、日本では珍しい種類の中型の高級犬で、国内ではほんの数匹しか飼われていない。 みかん箱や隅っこなどの、狭いところが好き（落ち着くらしい）。,3638,0,3638,4,,https://t.vndb.org/ch/03/4703.jpg,https://t.vndb.org/ch/03/4703.jpg,https://lain.bgm.tv/r/400/pic/crt/l/d3/c7/20799_crt_j796o.jpg,#d8936a #ebbd9c #f7e3d0 #f7f0e9 #fcfbf9,Ahoge Long Wavy Slim Pale Missionary Doggy Style Cowgirl Blowjob Cunnilingus,,https://bgm.tv/character/20799,https://vndb.org/c4645,20799
al21332,anilist,6,18,,黄濑凉太,黄瀬涼太,Ryouta Kise,Ki-chan,男,A,16,动画,动画,黒子のバスケ,黑子的篮球,2012,动画,"[{""t"":""黒子のバスケ"",""cn"":""黑子的篮球"",""ty"":""动画"",""y"":2012,""pop"":286383},{""t"":""黒子のバスケ 2nd SEASON"",""cn"":"""",""ty"":""动画"",""y"":2013,""pop"":182891},{""t"":""黒子のバスケ 3rd SEASON"",""cn"":"""",""ty"":""动画"",""y"":2015,""pop"":162720},{""t"":""劇場版 黒子のバスケ Last Game"",""cn"":""剧场版 黑子的篮球 终极一战"",""ty"":""动画"",""y"":2017,""pop"":88995},{""t"":""黒子のバスケ 第22.5Q 「Tip off」"",""cn"":"""",""ty"":""动画"",""y"":2013,""pop"":26415},{""t"":""黒子のバスケ ~最高のプレゼントです~"",""cn"":"""",""ty"":""动画"",""y"":2015,""pop"":20374}]",モデルをやっているイケメンで、左耳にピアスをつけている。自称「黒子の第一の親友」。 「キセキの世代」の1人。中学2年からバスケを始め、経験は浅いものの帝光でレギュラー入りを果たした。彼の武器は、見たプレイを一瞬で自分のものにすることができる模倣（コピー）。帝光中時代、黒子が一軍のレギュラーだということに納得がいかなかったが、試合を通してその実力を知り、尊敬するようになる。自身が認めた人物を「○○っち」と呼ぶ癖があり、黒子への呼称は「黒子っち」。,2827,2827,0,215,,https://s4.anilist.co/file/anilistcdn/character/large/b21332-aPRs1Xq7ZHoV.jpg,https://s4.anilist.co/file/anilistcdn/character/medium/b21332-aPRs1Xq7ZHoV.jpg,https://lain.bgm.tv/r/400/pic/crt/l/22/32/15196_crt_ib9fN.jpg,,,https://anilist.co/character/21332,https://bgm.tv/character/15196,,15196
al126948,anilist,6,18,,,黒ネロ,Kuro Nero,,女,,,动画|漫画,动画,ブラッククローバー,黑色五叶草,2017,动画,"[{""t"":""ブラッククローバー"",""cn"":""黑色五叶草"",""ty"":""动画"",""y"":2017,""pop"":583263},{""t"":""ブラッククローバー"",""cn"":""黑色五叶草"",""ty"":""漫画"",""y"":2015,""pop"":107258},{""t"":""ブラッククローバー 魔法帝の剣"",""cn"":"""",""ty"":""动画"",""y"":2023,""pop"":99687},{""t"":""プチット・クローバー アドバンス"",""cn"":"""",""ty"":""动画"",""y"":2018,""pop"":3303},{""t"":""ブラッククローバーSD アスタくん魔法帝への道"",""cn"":"""",""ty"":""漫画"",""y"":2018,""pop"":394}]",Anti-bird 8 cm An Anti-bird who decided to stay alongside [Asta](//anilist.co/character/123285/Asta) after encountering him at the beginning of the Magic Knights Entrance Exam.,1987,1987,0,0,,https://s4.anilist.co/file/anilistcdn/character/large/b126948-2yL8YEIqLLpq.png,https://s4.anilist.co/file/anilistcdn/character/medium/b126948-2yL8YEIqLLpq.png,,,,https://anilist.co/character/126948,,,
vndb-c6710,vndb,6,18,,,守野 くるみ,Morino Kurumi,,女,B,,Galgame,Galgame,Never7 -the end of infinity-,,2000,Galgame,,"Tons of things! (Onii-chan, the occult, etc...) Carrots, green peppers, onions. Special Origami, simple cooking, always staying energetic, Kurminese Mother, father, older sister.",1597,0,1597,0,,https://t.vndb.org/ch/83/119983.jpg,https://t.vndb.org/ch/83/119983.jpg,,#b99f7a #735339 #d9cdba #fbf3e2 #f8f6fb,Brown Twin Tails Brown Cooking Disaster Scar Shorts Daughter Full Sister Employee,,,https://vndb.org/c6710,
vndb-c51568,vndb,6,18,,,,Rod Benedikt Widdensov,,男,,,Galgame,Galgame,Cinderella Phenomenon,,2017,Galgame,"[{""t"":""Cinderella Phenomenon"",""cn"":"""",""ty"":""Galgame"",""y"":2017,""pop"":902},{""t"":""Cinderella Phenomenon: Evermore"",""cn"":"""",""ty"":""Galgame"",""y"":2020,""pop"":110}]","""I want the people I love to be happy. I don't care if their happiness causes me pain. I'd rather bear that alone instead of bringing down those around me."" Prince of Angielle and stepbrother to Lucette through his mother's marriage to the…",902,0,902,0,,https://t.vndb.org/ch/46/61746.jpg,https://t.vndb.org/ch/46/61746.jpg,,#645a78 #b99789 #e1cbae #e7e0d4 #f1efee #ffffff,Blond Short Teen Slim Pale Trousers Coat Gloves Thigh-high Boots Tsundere,,,https://vndb.org/c51568,
vndb-c120,vndb,6,18,,,シェリル・ターナー,Sheryl Turner,Sherry Palmer,女,,,Galgame,Galgame,マブラヴ ALTERED FABLE,Muv-Luv ALTERED FABLE,2007,Galgame,,A parody of Sherry Palmer from the American television series 24. She is a shadowy figure that Takeru meets in the spa.,874,0,874,0,,https://t.vndb.org/ch/51/151.jpg,https://t.vndb.org/ch/51/151.jpg,,#911d1c #392729 #afab90 #0c0e16 #7e7b6c #515049,Black Long Straight Slim Trousers Villain Fighting Grey Adult Olive,,,https://vndb.org/c120,
vndb-c89821,vndb,6,18,,,遠野 律,Toono Ritsu,,女,A,,Galgame,Galgame,かけぬけ★青春スパーキング！,,2020,Galgame,,"Cooking and making accessories. Favorite Sweet Red-Bean Soup and Meat and Potato Stew. ""I was thinking of being together with you all day, being tempted by you, and enjoying my youth with you, Onii-chan!"" She is a 1st year at Kazami Academy…",765,0,765,0,,https://t.vndb.org/ch/31/110731.jpg,https://t.vndb.org/ch/31/110731.jpg,,#994e51 #ebafa0 #b1dbe6 #929dad #f6eede #feffff,Brown Ponytail Twin Tails Shoulder-length Straight Brown Teen Slim Pale Orphan,,,https://vndb.org/c89821,
al42391,anilist,6,18,,,春日アラタ,Arata Kasuga,,男,,17,动画|漫画,动画,トリニティセブン,,2014,动画,"[{""t"":""トリニティセブン"",""cn"":"""",""ty"":""动画"",""y"":2014,""pop"":197627},{""t"":""劇場版 トリニティセブン -悠久図書館と錬金術少女-"",""cn"":"""",""ty"":""动画"",""y"":2017,""pop"":51553},{""t"":""劇場版トリニティセブン -天空図書館と真紅の魔王"",""cn"":"""",""ty"":""动画"",""y"":2019,""pop"":37876},{""t"":""トリニティセブン 七つの大罪と七魔道士"",""cn"":"""",""ty"":""动画"",""y"":2015,""pop"":34699},{""t"":""トリニティセブン 7人の魔書使い"",""cn"":"""",""ty"":""漫画"",""y"":2010,""pop"":13835}]","Kasuga Arata used to live with his cousin and childhood friend [Kasuga Hijiri](//anilist.co/character/135746/Kasuga-Hijiri), but one day something happened to the city he lives in, and an object was given to him by his cousin.",755,755,0,0,,https://s4.anilist.co/file/anilistcdn/character/large/b42391-UdBonh0v1e6c.png,https://s4.anilist.co/file/anilistcdn/character/medium/b42391-UdBonh0v1e6c.png,,,,https://anilist.co/character/42391,,,
al90114,anilist,6,18,,,灰呂杵志,Kineshi Hairo,,男,,,动画|漫画,动画,斉木楠雄のΨ難,齐木楠雄的灾难,2016,动画,"[{""t"":""斉木楠雄のΨ難"",""cn"":""齐木楠雄的灾难"",""ty"":""动画"",""y"":2016,""pop"":358529},{""t"":""斉木楠雄のΨ難 2"",""cn"":"""",""ty"":""动画"",""y"":2018,""pop"":189627},{""t"":""斉木楠雄のΨ難 Ψ始動編"",""cn"":"""",""ty"":""动画"",""y"":2019,""pop"":98277},{""t"":""斉木楠雄のΨ難 完結編"",""cn"":""齐木楠雄的灾难 完结篇"",""ty"":""动画"",""y"":2018,""pop"":91668},{""t"":""斉木楠雄のΨ難"",""cn"":""齐木楠雄的灾难"",""ty"":""漫画"",""y"":2012,""pop"":16675},{""t"":""斉木楠雄のΨ難 (ONA)"",""cn"":"""",""ty"":""动画"",""y"":2013,""pop"":14860}]","An overly hot-blooded, energetic, passionate student who enjoys sports and is constantly trying to get other people motivated.",596,596,0,0,,https://s4.anilist.co/file/anilistcdn/character/large/b90114-Odk7dywX6keY.png,https://s4.anilist.co/file/anilistcdn/character/medium/b90114-Odk7dywX6keY.png,,,,https://anilist.co/character/90114,,,
vndb-c64319,vndb,6,18,,,千石 葵,Sengoku Aoi,,女,B,,Galgame,Galgame,絆きらめく恋いろは,,2017,Galgame,"[{""t"":""絆きらめく恋いろは"",""cn"":"""",""ty"":""Galgame"",""y"":2017,""pop"":555},{""t"":""絆きらめく恋いろは －椿恋歌－"",""cn"":"""",""ty"":""Galgame"",""y"":2019,""pop"":297}]",,555,0,555,0,,https://t.vndb.org/ch/73/77373.jpg,https://t.vndb.org/ch/73/77373.jpg,,#46517e #b97e90 #d4c4c5 #ede3df #f5f7ee #ffffff,Shoulder-length School Uniform Swordsmanship Virgin Sex Blue Katana Senpai High School Student Hairpin Claret,,,https://vndb.org/c64319,
vndb-c1326,vndb,6,18,,,姫条 まどか,Kijou Madoka,,男,A,,Galgame,Galgame,ときめきメモリアル Girl's Side,,2002,Galgame,"[{""t"":""ときめきメモリアル Girl's Side"",""cn"":"""",""ty"":""Galgame"",""y"":2002,""pop"":452},{""t"":""ときめきメモリアル Girl’s Side 2nd Kiss"",""cn"":"""",""ty"":""Galgame"",""y"":2006,""pop"":366}]","Kijou is a dark-skinned boy originally from the Kansai area. His mother died and he does not get along with his father, so he now lives alone. He cooks for himself and even prepares the main character an Obento.",452,0,452,0,,https://t.vndb.org/ch/69/1369.jpg,https://t.vndb.org/ch/69/1369.jpg,,#474359 #a69589 #c6bfb6 #f5f8f8 #e0e2e2 #ffffff,Violet Short Brown Teen School Uniform Trousers Cooking Olive Outgoing Coworker,,,https://vndb.org/c1326,
vndb-c10893,vndb,6,18,,,ガイズ,Guys,Guys Grand,男,B,,Galgame,Galgame,冤罪,,2002,Galgame,,"Hating to lose, Guys is determined and high-spirited, but is a bit rash and reckless. Falsely accused of murdering a man he hasn't even met by the police, and consequently, the courts, Guys is sent to the prison from hell to serve time.",421,0,421,0,,https://t.vndb.org/ch/87/12287.jpg,https://t.vndb.org/ch/87/12287.jpg,,#262b33 #5b6462 #b2a399 #ede1c9 #ffffff,Brown Short Straight Teen Slim Pale Assault Missionary Doggy Style Standing Sex,,,https://vndb.org/c10893,
al24417,anilist,6,18,,,種島ぽぷら,Popura Taneshima,Poplar,女,,17,动画|漫画,动画,WORKING!!,,2010,动画,"[{""t"":""WORKING!!"",""cn"":"""",""ty"":""动画"",""y"":2010,""pop"":92553},{""t"":""WORKING'!!"",""cn"":"""",""ty"":""动画"",""y"":2011,""pop"":54325},{""t"":""WORKING!!!"",""cn"":"""",""ty"":""动画"",""y"":2015,""pop"":51667},{""t"":""WORKING!!! ロード・オブ・ザ・小鳥遊"",""cn"":"""",""ty"":""动画"",""y"":2015,""pop"":24364},{""t"":""ワーキング!! アナウンス スペシャル"",""cn"":"""",""ty"":""动画"",""y"":2011,""pop"":3465},{""t"":""WORKING!!"",""cn"":"""",""ty"":""漫画"",""y"":2004,""pop"":3112}]","Popura is a short 17-year-old high school student who works at Wagnaria. Ironically, she was named after the poplar tree so that she would grow tall. She is a hard worker, but she sometimes makes clumsy mistakes in her job.",363,363,0,0,,https://s4.anilist.co/file/anilistcdn/character/large/24417.jpg,https://s4.anilist.co/file/anilistcdn/character/medium/24417.jpg,,,,https://anilist.co/character/24417,,,
vndb-c21439,vndb,6,18,,,桜木 雨音,Sakuragi Amane,,女,AB,,Galgame,Galgame,晴のちきっと菜の花びより,,2014,Galgame,,"The protagonist's classmate, she often takes care of him. Like the protagonist, she is also isolated so they are good friends and get along well. She says stuff like how the protagonist is her first friend.",327,0,327,0,,https://t.vndb.org/ch/68/26568.jpg,https://t.vndb.org/ch/68/26568.jpg,,#676077 #a4949f #ebe5e0 #cdc7cd #fcfbf1,Black Waist Length+ Straight Teen Slim Pale School Uniform Cowgirl Blowjob Virgin Sex,,,https://vndb.org/c21439,
al22818,anilist,6,18,1984,,平丸一也,Kazuya Hiramaru,,男,,26-32,动画|漫画,动画,バクマン。,,2010,动画,"[{""t"":""バクマン。"",""cn"":"""",""ty"":""动画"",""y"":2010,""pop"":122069},{""t"":""バクマン。2"",""cn"":"""",""ty"":""动画"",""y"":2011,""pop"":62824},{""t"":""バクマン。3"",""cn"":"""",""ty"":""动画"",""y"":2012,""pop"":58805},{""t"":""バクマン。"",""cn"":"""",""ty"":""漫画"",""y"":2008,""pop"":44371},{""t"":""バクマン。 番外編"",""cn"":"""",""ty"":""漫画"",""y"":2015,""pop"":1261}]","Kanagawa-ken, Japan Hiramaru was a salaryman​ that hated working. On hearing [Takagi](//anilist.co/character/14552/Takagi-Akito) and [Mashiro](//anilist.co/character/14545/Mashiro-Moritaka) talking about drawing manga on the subway and find…",296,296,0,0,,https://s4.anilist.co/file/anilistcdn/character/large/b22818-1GvqQM3uTvcj.png,https://s4.anilist.co/file/anilistcdn/character/medium/b22818-1GvqQM3uTvcj.png,,,,https://anilist.co/character/22818,,,
vndb-c91707,vndb,6,18,,,上久保数馬,Kamikubo Kazuma,,男,B,,Galgame,Galgame,Lover Pretend,,2021,Galgame,,"Apprentice hair makeup artist, heroine's best friend since middle school and good natured.",259,0,259,0,,https://t.vndb.org/ch/83/115583.jpg,https://t.vndb.org/ch/83/115583.jpg,,#a9696b #514851 #bca3a7 #e8d8d5 #fcf2e8 #ffffff,Red Shoulder-length Pale Amnesia Outgoing Childhood Friend Injury Energetic Protective Dyed,,,https://vndb.org/c91707,
al76828,anilist,6,18,,,茅野貴子,Takako Chino,,女,,,动画|漫画,动画,orange,,2016,动画,"[{""t"":""orange"",""cn"":"""",""ty"":""动画"",""y"":2016,""pop"":235888},{""t"":""orange -未来-"",""cn"":"""",""ty"":""动画"",""y"":2016,""pop"":40636},{""t"":""orange [オレンジ]"",""cn"":"""",""ty"":""漫画"",""y"":2012,""pop"":39147},{""t"":""orangeと夢みる太陽"",""cn"":"""",""ty"":""漫画"",""y"":2020,""pop"":185}]","Takako is one of [Naho](//anilist.co/character/66591/Takamiya-Naho)‘s best friends. She is shown as fairly mature and little boyish who is supportive and unafraid to stand up for her friends, especially Naho Takamiya.",246,246,0,0,,https://s4.anilist.co/file/anilistcdn/character/large/b76828-rXQge6GI8kZ5.png,https://s4.anilist.co/file/anilistcdn/character/medium/b76828-rXQge6GI8kZ5.png,,,,https://anilist.co/character/76828,,,
al64079,anilist,6,18,,,三沢満善,Mitsuyoshi Misawa,Micchan,男,A,25,动画|漫画,动画,となりの怪物くん,,2012,动画,"[{""t"":""となりの怪物くん"",""cn"":"""",""ty"":""动画"",""y"":2012,""pop"":261710},{""t"":""となりの怪物くん"",""cn"":"""",""ty"":""漫画"",""y"":2008,""pop"":31258},{""t"":""となりの極道くん"",""cn"":"""",""ty"":""动画"",""y"":2013,""pop"":22904}]","185 cm (6') Mitsuyoshi is a tall, tan skinned young man with dark brown combed back hair. His attire often consists of casual clothes, his ever-present sunglasses, piercings, a silver necklace, two rings on each hand, a cigarette, and the o…",168,168,0,0,,https://s4.anilist.co/file/anilistcdn/character/large/b64079-bHh1bAkOT6lQ.jpg,https://s4.anilist.co/file/anilistcdn/character/medium/b64079-bHh1bAkOT6lQ.jpg,,,,https://anilist.co/character/64079,,,
al87629,anilist,6,18,,,二ノ宮雫,Shizuku Ninomiya,Nino,女,A,23,动画,动画,境界の彼方,境界的彼方,2013,动画,"[{""t"":""境界の彼方"",""cn"":""境界的彼方"",""ty"":""动画"",""y"":2013,""pop"":279933},{""t"":""劇場版 境界の彼方 I'LL BE HERE 未来篇"",""cn"":"""",""ty"":""动画"",""y"":2015,""pop"":69022},{""t"":""劇場版 境界の彼方 I'LL BE HERE 過去篇"",""cn"":"""",""ty"":""动画"",""y"":2015,""pop"":41102},{""t"":""境界の彼方＃0 東雲"",""cn"":"""",""ty"":""动画"",""y"":2014,""pop"":38118},{""t"":""境界の彼方 ミニ劇場"",""cn"":"""",""ty"":""动画"",""y"":2014,""pop"":14333},{""t"":""きょうかいのかなた アイドル裁判！～迷いながらも君を裁く民～"",""cn"":""境界的彼方 偶像裁判 ～即使迷茫也要制裁之民～"",""ty"":""动画"",""y"":2013,""pop"":9141}]","168 cm She’s a beautiful, lighthearted person, who has quite a few lamentable qualities for which men often reject her.",69,69,0,0,,https://s4.anilist.co/file/anilistcdn/character/large/87629-dW2MuHcSWLIl.png,https://s4.anilist.co/file/anilistcdn/character/medium/87629-dW2MuHcSWLIl.png,,,,https://anilist.co/character/87629,,,
al192866,anilist,6,18,,,バーバラ,Barbara,,女,,16-18,动画|漫画,动画,約束のネバーランド2,,2021,动画,"[{""t"":""約束のネバーランド2"",""cn"":"""",""ty"":""动画"",""y"":2021,""pop"":321707},{""t"":""約束のネバーランド"",""cn"":""约定的梦幻岛"",""ty"":""漫画"",""y"":2016,""pop"":133608}]","Barbara is a former Lambda 7214 (aka Λ7214) experiment. She eats a lot, and as a result of the experiments that were done on her she has inherited superhuman strength.",54,54,0,0,,https://s4.anilist.co/file/anilistcdn/character/large/b192866-Cqo4XXcYT8cR.jpg,https://s4.anilist.co/file/anilistcdn/character/medium/b192866-Cqo4XXcYT8cR.jpg,,,,https://anilist.co/character/192866,,,
al306961,anilist,6,18,,,ネルデ・ヒュウ・アモゾ,Noerde Hew Amozo,,女,,,动画|漫画,动画,ガチアクタ,GACHIAKUTA咔嗒咔嗒,2025,动画,"[{""t"":""ガチアクタ"",""cn"":""GACHIAKUTA咔嗒咔嗒"",""ty"":""动画"",""y"":2025,""pop"":256032},{""t"":""ガチアクタ"",""cn"":""GACHIAKUTA咔嗒咔嗒"",""ty"":""漫画"",""y"":2022,""pop"":66558}]",Noerde Hew Amozo is an antagonist in Gachiakuta and member of the Vandals.,53,53,0,0,,https://s4.anilist.co/file/anilistcdn/character/large/b306961-5xWPdrIBUHoc.jpg,https://s4.anilist.co/file/anilistcdn/character/medium/b306961-5xWPdrIBUHoc.jpg,,,,https://anilist.co/character/306961,,,
al89198,anilist,6,19,,太宰治,太宰治,Osamu Dazai,Mackerel / Bandage Wasting Device,男,,22,动画,动画,文豪ストレイドッグス,文豪野犬,2016,动画,"[{""t"":""文豪ストレイドッグス"",""cn"":""文豪野犬"",""ty"":""动画"",""y"":2016,""pop"":420991},{""t"":""文豪ストレイドッグス 第2シーズン"",""cn"":""文豪野犬 第二季"",""ty"":""动画"",""y"":2016,""pop"":238857},{""t"":""文豪ストレイドッグス 第3シーズン"",""cn"":""文豪野犬 第三季"",""ty"":""动画"",""y"":2019,""pop"":198150},{""t"":""文豪ストレイドッグス 第4シーズン"",""cn"":"""",""ty"":""动画"",""y"":2023,""pop"":109686},{""t"":""文豪ストレイドッグス DEAD APPLE"",""cn"":""文豪野犬 DEAD APPLE"",""ty"":""动画"",""y"":2018,""pop"":89174},{""t"":""文豪ストレイドッグス 第5シーズン"",""cn"":"""",""ty"":""动画"",""y"":2023,""pop"":80927}]",前港口黑手党成员，现在则是武装异能侦探社成员。与港口黑手党的中原中也过去并称为“双黑”的实力派角色，并且受到现任港口黑手党首领森鸥外的信任。毒舌、讨厌麻烦、总是喊着想要自杀跟美女殉情，看似性格扭曲的烂人，但实际上是个温柔的好人。 能力：“人间失格”，可使接触到的一切异能无效化。 典故：出自同名小说家太宰治(だざい おさむ)的作品《人间失格》，作品描述一个名为大庭叶藏的青年，由于生长背景而养成的个性的缘故，总是处处跟他人格格不入。,17896,17896,0,148,,https://s4.anilist.co/file/anilistcdn/character/large/b89198-qKmRTw4Y3PRC.png,https://s4.anilist.co/file/anilistcdn/character/medium/b89198-qKmRTw4Y3PRC.png,https://lain.bgm.tv/r/400/pic/crt/l/76/25/35238_crt_vs2vv.jpg?r=1446950816,,,https://anilist.co/character/89198,https://bgm.tv/character/35238,,35238
al209903,anilist,6,19,2056,薇薇,ヴィヴィ,Vivy,Diva / Model No. A-035624,女,,,动画|漫画|轻小说,动画,Vivy -Fluorite Eye’s Song-,,2021,动画,"[{""t"":""Vivy -Fluorite Eye’s Song-"",""cn"":"""",""ty"":""动画"",""y"":2021,""pop"":180737},{""t"":""Vivy -Fluorite Eye’s Song- : PILOT MOVIE"",""cn"":"""",""ty"":""动画"",""y"":2021,""pop"":7077},{""t"":""Vivy -Fluorite Eye’s Song-"",""cn"":"""",""ty"":""漫画"",""y"":2021,""pop"":2097},{""t"":""Vivy prototype"",""cn"":"""",""ty"":""轻小说"",""y"":2021,""pop"":1109}]",史上第一台自律人型AI。 作为AI的使命是“用歌声给大家带来幸福”。为了这个使命，她一直在思考什么是“用心唱歌”。 重视羁绊和愿望，为人类工作的AI【歌姬】,3592,3592,0,181,,https://s4.anilist.co/file/anilistcdn/character/large/b209903-ue6AE5qBvMgI.png,https://s4.anilist.co/file/anilistcdn/character/medium/b209903-ue6AE5qBvMgI.png,https://lain.bgm.tv/r/400/pic/crt/l/9f/a7/91696_crt_LyEMc.jpg?r=1618147524,,,https://anilist.co/character/209903,https://bgm.tv/character/91696,,91696
al41025,anilist,6,19,,,吉岡双葉,Futaba Yoshioka,,女,,17,动画|漫画|轻小说,动画,アオハライド,青春之旅,2014,动画,"[{""t"":""アオハライド"",""cn"":""青春之旅"",""ty"":""动画"",""y"":2014,""pop"":244855},{""t"":""アオハライド"",""cn"":""青春之旅"",""ty"":""漫画"",""y"":2011,""pop"":61275},{""t"":""アオハライド unwritten"",""cn"":"""",""ty"":""动画"",""y"":2014,""pop"":32021},{""t"":""アオハライド PAGE.13"",""cn"":"""",""ty"":""动画"",""y"":2014,""pop"":18160},{""t"":""アオハライド"",""cn"":""青春之旅"",""ty"":""轻小说"",""y"":2011,""pop"":4937},{""t"":""俺ライド!!"",""cn"":"""",""ty"":""漫画"",""y"":2013,""pop"":1956}]","160 cm Futaba often shied away from boys, writing them off as crude, rough and vulgar all except the mild voiced- small built [Kou](//anilist.co/character/41026). They shared a brief attraction to each other.",1765,1765,0,0,,https://s4.anilist.co/file/anilistcdn/character/large/b41025-X4hnr8jZG4vC.png,https://s4.anilist.co/file/anilistcdn/character/medium/b41025-X4hnr8jZG4vC.png,,,,https://anilist.co/character/41025,,,
vndb-c150823,vndb,6,19,,,九十九 今馬,Tsukumo Ima,Brother Dearest / 柒 (Seven),男,,,Galgame,Galgame,HUNDRED LINE -最終防衛学園-,,2025,Galgame,,"Zodiac Gemini Kako, His Dear Sister, ""Sister Dearest"" Anything That Hurts His Dear Sister Specialist Special Misconduct ""It's a crime that the word could possibly be used to describe anyone else.",1126,0,1126,0,,https://t.vndb.org/ch/87/177487.jpg,https://t.vndb.org/ch/87/177487.jpg,,#5e181d #5d4c63 #b2a3a9 #e0dadd #ffffff,Violet White Shoulder-length Teen Slim Pale Trousers Orphan Fighting White,,,https://vndb.org/c150823,
vndb-c150706,vndb,6,19,,,九十九 過子,Tsukumo Kako,Sister Dearest / 捌 (Eight),女,,,Galgame,Galgame,HUNDRED LINE -最終防衛学園-,,2025,Galgame,,"Zodiac Gemini Complex Flavors Anything that Hurts Ima Specialist Special Good Conduct ""You're really going too far now... This is so embarrassing."" One of a set of twins — Kako is the younger by a few minutes.",1126,0,1126,0,,https://t.vndb.org/ch/05/177305.jpg,https://t.vndb.org/ch/05/177305.jpg,,#461619 #7b6c76 #b0a4ad #d7d0d5 #efedee #ffffff,Pink Odango Twin Tails Long Wavy Teen Slim Pale Orphan Fighting,,,https://vndb.org/c150706,
al131650,anilist,6,19,,,二瀬真由子,Mayuko Nise,,女,,16,动画|漫画,动画,天空侵犯,天空侵犯,2021,动画,"[{""t"":""天空侵犯"",""cn"":""天空侵犯"",""ty"":""动画"",""y"":2021,""pop"":136416},{""t"":""天空侵犯"",""cn"":""天空侵犯"",""ty"":""漫画"",""y"":2013,""pop"":24357}]","Nise was bullied and neglected by classmates and family alike. Thus, she learned to not trust anyone. This behaviour reached extreme heights when she reached this world, turning her into a seemingly cold-blooded killer, that is, until she m…",964,964,0,0,,https://s4.anilist.co/file/anilistcdn/character/large/b131650-lCLfS1UtHMGq.png,https://s4.anilist.co/file/anilistcdn/character/medium/b131650-lCLfS1UtHMGq.png,,,,https://anilist.co/character/131650,,,
al24593,anilist,6,19,,,紀田正臣,Masaomi Kida,,男,A,15-20,动画,动画,デュラララ!!,无头骑士异闻录,2010,动画,"[{""t"":""デュラララ!!"",""cn"":""无头骑士异闻录"",""ty"":""动画"",""y"":2010,""pop"":294082},{""t"":""デュラララ!!×２ 承"",""cn"":"""",""ty"":""动画"",""y"":2015,""pop"":110655},{""t"":""デュラララ!!×２ 転"",""cn"":"""",""ty"":""动画"",""y"":2015,""pop"":88374},{""t"":""デュラララ!!×２ 結"",""cn"":"""",""ty"":""动画"",""y"":2016,""pop"":80294},{""t"":""デュラララ!!"",""cn"":""无头骑士异闻录"",""ty"":""动画"",""y"":2010,""pop"":34133},{""t"":""デュラララ!!×２ 承 私の心は鍋模様"",""cn"":"""",""ty"":""动画"",""y"":2015,""pop"":16616}]","170 cm (5'7"") Kida is [Mikado Ryuugamine](//anilist.co/character/24592/Ryugamine-Mikado)'s childhood friend and resident of Ikebukuro. Kida is an easy-going guy and appears foolhardy at times. He is 15 years old and is in class 1-B.",899,899,0,0,,https://s4.anilist.co/file/anilistcdn/character/large/b24593-vACD1zDsDSkT.jpg,https://s4.anilist.co/file/anilistcdn/character/medium/b24593-vACD1zDsDSkT.jpg,,,,https://anilist.co/character/24593,,,
vndb-c24605,vndb,6,19,,,白 雪姫,Tsukumo Yuki,Shiraiyukihime,女,AB,,Galgame,Galgame,ゆきこいめると,,2015,Galgame,,"Winter, Pink",722,0,722,0,,https://t.vndb.org/ch/23/30223.jpg,https://t.vndb.org/ch/23/30223.jpg,,#701a45 #c2929a #eecbb9 #ece1e0 #f7f3f4 #ffffff,Blond Twin Tails Long Wavy Teen Slim Pale Cooking Missionary Doggy Style,,,https://vndb.org/c24605,
al153048,anilist,6,19,,,吉田由紀,Yuki Yoshida,,男,,15,动画|漫画,动画,ギヴン,GIVEN 被赠与的未来,2019,动画,"[{""t"":""ギヴン"",""cn"":""GIVEN 被赠与的未来"",""ty"":""动画"",""y"":2019,""pop"":211312},{""t"":""ギヴン"",""cn"":""GIVEN 被赠与的未来"",""ty"":""漫画"",""y"":2013,""pop"":40944},{""t"":""Strawberry Swing"",""cn"":"""",""ty"":""漫画"",""y"":2019,""pop"":773}]","He is a childhood friend of [Mafuyu](//anilist.co/character/136844/Satou-Mafuyu). ~!He is Mafuyu's ex-boyfriend, who died one year from an apparent suicide prior to the events of the series.",620,620,0,0,,https://s4.anilist.co/file/anilistcdn/character/large/b153048-d65bbkAu6lHs.png,https://s4.anilist.co/file/anilistcdn/character/medium/b153048-d65bbkAu6lHs.png,,,,https://anilist.co/character/153048,,,
al145717,anilist,6,19,,,須ノ宮さな,Sana Sunomiya,Buchou / Prez / Bunny-Girl / Club President,女,,17-18,动画|漫画,动画,イジらないで、長瀞さん,不要欺负我，长瀞同学,2021,动画,"[{""t"":""イジらないで、長瀞さん"",""cn"":""不要欺负我，长瀞同学"",""ty"":""动画"",""y"":2021,""pop"":267811},{""t"":""イジらないで、長瀞さん 2nd Attack"",""cn"":""不要欺负我，长瀞同学 二次攻击"",""ty"":""动画"",""y"":2023,""pop"":102565},{""t"":""イジらないで、長瀞さん"",""cn"":""不要欺负我，长瀞同学"",""ty"":""漫画"",""y"":2017,""pop"":75701},{""t"":""イジるしかないっ！ 長瀞さん"",""cn"":"""",""ty"":""漫画"",""y"":2020,""pop"":1339},{""t"":""もっと知りたい！ 長瀞さん！"",""cn"":"""",""ty"":""漫画"",""y"":2020,""pop"":864}]","**** 171 cm (5'7"") The art club president. She has long hair that frames her face with dark-brown eyes. Her personality is stern and serious based on her interactions with [Senpai](//anilist.co/character/124697), but she treats him with res…",549,549,0,0,,https://s4.anilist.co/file/anilistcdn/character/large/b145717-xWPkoY8gFYuy.jpg,https://s4.anilist.co/file/anilistcdn/character/medium/b145717-xWPkoY8gFYuy.jpg,,,,https://anilist.co/character/145717,,,
al287144,anilist,6,19,1909,,センセー,Sensei,Otherworlder,男,,38,动画|漫画,动画,異世界失格,,2024,动画,"[{""t"":""異世界失格"",""cn"":"""",""ty"":""动画"",""y"":2024,""pop"":93970},{""t"":""異世界失格"",""cn"":"""",""ty"":""漫画"",""y"":2019,""pop"":9866}]","A talented writer, on the brink of ending his life alongside his cherished ""Sachiko"", was unexpectedly struck by a ""that truck"" and transported to another world.",475,475,0,0,,https://s4.anilist.co/file/anilistcdn/character/large/b287144-z5cB6eareOYq.png,https://s4.anilist.co/file/anilistcdn/character/medium/b287144-z5cB6eareOYq.png,,,,https://anilist.co/character/287144,,,
vndb-c5741,vndb,6,19,,,マリア・タチバナ,Maria Tachibana,Kazuar,女,O,,Galgame,Galgame,サクラ大戦,,1996,Galgame,"[{""t"":""サクラ大戦"",""cn"":"""",""ty"":""Galgame"",""y"":1996,""pop"":356},{""t"":""サクラ大戦２～君、死にたもうことなかれ～"",""cn"":"""",""ty"":""Galgame"",""y"":1998,""pop"":163},{""t"":""サクラ大戦３～巴里は燃えているか～"",""cn"":"""",""ty"":""Galgame"",""y"":2001,""pop"":89},{""t"":""サクラ大戦4 ～恋せよ乙女～"",""cn"":"""",""ty"":""Galgame"",""y"":2002,""pop"":68}]","Born 19 June 1903 in Russia. A veteran of the Russian Revolution, Maria is the only member of the Hanagumi with prior experience of military tactics and warfare.",356,0,356,0,,https://t.vndb.org/ch/12/6612.jpg,https://t.vndb.org/ch/12/6612.jpg,,#b6a36b #3a5351 #f3dc98 #b3b6c6 #ebebd8 #fefef9,Blond Pixie Cut Slim Pale Green Young-adult Trench Coat Suit Handgun Planning,,,https://vndb.org/c5741,
vndb-c64494,vndb,6,19,,,園崎 操,Sonozaki Misao,Valerie Jones / ヴァレリー・ジョーンズ,女,AB,,Galgame,Galgame,放課後恋愛クラブ ～恋のエチュード～,,1996,Galgame,"[{""t"":""放課後恋愛クラブ ～恋のエチュード～"",""cn"":"""",""ty"":""Galgame"",""y"":1996,""pop"":301},{""t"":""放課後マニア倶楽部 ～濃いの欲しいの～"",""cn"":"""",""ty"":""Galgame"",""y"":1997,""pop"":5}]",2nd-year Kisaragi Vocational School she openly enjoys life She's a waitress at Starry Sky restaurant. She is sociable and she is sexy and beautiful and most of all seductive.,301,0,301,0,1,https://t.vndb.org/ch/88/78488.jpg,https://t.vndb.org/ch/88/78488.jpg,,#713e31 #f0b1a1 #b38b7c #aad6e8 #f4d6c7 #fafbf6,Waist Length+ Cowgirl Blowjob Sixty-nine Amber Earrings Outgoing Waitstaff Relaxed University Student,,,https://vndb.org/c64494,
vndb-c22443,vndb,6,19,,,雨皿 真奈,Amesara Mana,,女,O,,Galgame,Galgame,箱庭ロジック,,2014,Galgame,,"Coffee shop waitress Greeting guests Playing with her phone Red tea, snacks",245,0,245,0,,https://t.vndb.org/ch/37/27737.jpg,https://t.vndb.org/ch/37/27737.jpg,,#905874 #cc9d9f #e4cdcb #f2ebe6 #faf8f6,Brown Ponytail Shoulder-length Kemonomimi Teen Slim Pale School Uniform Hard Worker Missionary,,,https://vndb.org/c22443,
vndb-c16644,vndb,6,19,,,椎名 杏鈴,Shiina Anzu,,女,A,,Galgame,Galgame,12の月のイヴ,,2014,Galgame,,"Anzu is the opposite of her older sister, she’s not too great in studies, but very skilled in housework, which is what Mizuka is horrible at.",189,0,189,0,,https://t.vndb.org/ch/53/21153.jpg,https://t.vndb.org/ch/53/21153.jpg,,#73526a #ae9aa5 #d3cccd #edeae3 #f8f7f6 #ffffff,Blue Ahoge Long Curtained Shoulder-length Straight Teen Slim Pale School Uniform,,,https://vndb.org/c16644,
al137523,anilist,6,19,,,カーミラ,Carmilla,Witch of Lust / Faceless Goddess,女,,,动画|漫画|轻小说,动画,Re:ゼロから始める異世界生活 2nd Season,Re：从零开始的异世界生活 第二季,2020,动画,"[{""t"":""Re:ゼロから始める異世界生活 2nd Season"",""cn"":""Re：从零开始的异世界生活 第二季"",""ty"":""动画"",""y"":2020,""pop"":379615},{""t"":""Re:ゼロから始める異世界生活"",""cn"":""Re：从零开始的异世界生活"",""ty"":""轻小说"",""y"":2014,""pop"":30155},{""t"":""Re:ゼロから始める休憩時間(ブレイクタイム) 2nd Season Part 2"",""cn"":"""",""ty"":""动画"",""y"":2021,""pop"":5839},{""t"":""Re:ゼロから始める異世界生活 第四章 聖域と強欲の魔女"",""cn"":"""",""ty"":""漫画"",""y"":2019,""pop"":3337}]","Carmilla is one of the Witches of Sin, being the Witch of Lust. She has no self confidence, being timid, and tends to have downcast eyes. Despite this, others find her similar to a scared animal, making them attracted to her.",136,136,0,0,,https://s4.anilist.co/file/anilistcdn/character/large/b137523-yiY6On9eQ0mc.png,https://s4.anilist.co/file/anilistcdn/character/medium/b137523-yiY6On9eQ0mc.png,,,,https://anilist.co/character/137523,,,
al89902,anilist,6,19,,,砂藤力道,Rikidou Satou,Rikido Sato / Sweets Hero: Sugarman (甘味ヒーローシュガーマン),男,O,15-,动画,动画,僕のヒーローアカデミア,我的英雄学院,2016,动画,"[{""t"":""僕のヒーローアカデミア"",""cn"":""我的英雄学院"",""ty"":""动画"",""y"":2016,""pop"":873712},{""t"":""僕のヒーローアカデミア２"",""cn"":"""",""ty"":""动画"",""y"":2017,""pop"":655237},{""t"":""僕のヒーローアカデミア３"",""cn"":"""",""ty"":""动画"",""y"":2018,""pop"":600666},{""t"":""僕のヒーローアカデミア４"",""cn"":"""",""ty"":""动画"",""y"":2019,""pop"":532336},{""t"":""僕のヒーローアカデミア５"",""cn"":"""",""ty"":""动画"",""y"":2021,""pop"":414683},{""t"":""僕のヒーローアカデミア６"",""cn"":"""",""ty"":""动画"",""y"":2022,""pop"":269963}]","185 cm (6'1"") Sugar Rush Student in Class 1-A at U.A. High School. Rikidou is interested in sweets and baking, a valuable skill due to his Quirk. He is surprisingly talented at making sweets.",124,124,0,0,,https://s4.anilist.co/file/anilistcdn/character/large/b89902-LXStXzlmI70R.png,https://s4.anilist.co/file/anilistcdn/character/medium/b89902-LXStXzlmI70R.png,,,,https://anilist.co/character/89902,,,
al331274,anilist,6,19,,,ガルガ,Galga,加尔 / Garga,男,,,动画|漫画,动画,とんがり帽子のアトリエ,尖帽子的魔法工房,2026,动画,"[{""t"":""とんがり帽子のアトリエ"",""cn"":""尖帽子的魔法工房"",""ty"":""动画"",""y"":2026,""pop"":224593},{""t"":""とんがり帽子のアトリエ"",""cn"":""尖帽子的魔法工房"",""ty"":""漫画"",""y"":2016,""pop"":82499}]",Galga is a member of the Knights Moralis.,9,9,0,0,,https://s4.anilist.co/file/anilistcdn/character/large/b331274-I8wPCAQY3Aeo.png,https://s4.anilist.co/file/anilistcdn/character/medium/b331274-I8wPCAQY3Aeo.png,,,,https://anilist.co/character/331274,,,
al10196,anilist,6,20,,拉姆达戴露塔,ラムダデルタ,Lambdadelta,Lambda / Witch of Certainty / Witch of Absolute / Lambda,女,,,动画|漫画|Galgame,动画,うみねこのなく頃に,海猫鸣泣之时,2009,动画,"[{""t"":""うみねこのなく頃に"",""cn"":""海猫鸣泣之时"",""ty"":""动画"",""y"":2009,""pop"":43174},{""t"":""うみねこのなく頃に"",""cn"":""海猫鸣泣之时"",""ty"":""Galgame"",""y"":2007,""pop"":13833},{""t"":""うみねこのなく頃に散 - Episode 8: Twilight of the Golden Witch"",""cn"":"""",""ty"":""漫画"",""y"":2012,""pop"":11850},{""t"":""うみねこのなく頃に散"",""cn"":""海猫鸣泣之时散"",""ty"":""Galgame"",""y"":2009,""pop"":10973},{""t"":""うみねこのなく頃に - Episode 2: Turn of the Golden Witch"",""cn"":"""",""ty"":""漫画"",""y"":2009,""pop"":9491},{""t"":""うみねこのなく頃に - Episode 3: Banquet of the Golden Witch"",""cn"":"""",""ty"":""漫画"",""y"":2009,""pop"":8715}]",EP2 TIPS 活了千年的、绝对的魔女。 由于是一位将“努力之人会获得回报”这句话变为现实的魔女，所以十分地受人类崇敬。 虽说是魔女但也是没法逃出人类的概念的。因比，受人类崇傲的她的力量，乃是强大得无法计算。 然而，让谁的努力得到回报乃是随性为之，大多数情况下，越是能使她开心的人越是能获得她的微笑。 那极其强大的速攻神力，能使无论什么样的魔女都在顷刻间屈服。 不过这就犹如猛虎下山般只知往前冲，而完全被贝伦卡丝泰露给看透了。,13833,714,13833,105,,https://s4.anilist.co/file/anilistcdn/character/large/b10196-4kHXRJipznrx.png,https://s4.anilist.co/file/anilistcdn/character/medium/b10196-4kHXRJipznrx.png,https://t.vndb.org/ch/30/32130.jpg|https://lain.bgm.tv/r/400/pic/crt/l/2f/eb/9210_crt_FrPiL.jpg?r=1677578985,,Blond Shoulder-length Straight Teen Slim Pale Magician Red Dress Evening Gloves,https://anilist.co/character/10196,https://bgm.tv/character/9210,https://vndb.org/c4103,9210
al4934,anilist,6,20,,鹰野三四,鷹野三四,Miyo Takano,34,女,O,,动画|Galgame,动画,ひぐらしのなく頃に,寒蝉鸣泣之时,2006,动画,"[{""t"":""ひぐらしのなく頃に"",""cn"":""寒蝉鸣泣之时"",""ty"":""动画"",""y"":2006,""pop"":177687},{""t"":""ひぐらしのなく頃に解"",""cn"":""寒蝉鸣泣之时 解"",""ty"":""动画"",""y"":2007,""pop"":90255},{""t"":""ひぐらしのなく頃に業"",""cn"":""寒蝉鸣泣之时 业"",""ty"":""动画"",""y"":2020,""pop"":82599},{""t"":""ひぐらしのなく頃に礼"",""cn"":""寒蝉鸣泣之时 礼"",""ty"":""动画"",""y"":2009,""pop"":44929},{""t"":""ひぐらしのなく頃に卒"",""cn"":""寒蝉鸣泣之时 卒"",""ty"":""动画"",""y"":2021,""pop"":38674},{""t"":""ひぐらしのなく頃に煌"",""cn"":""寒蝉鸣泣之时 煌"",""ty"":""动画"",""y"":2011,""pop"":21590}]",入江诊疗所的护士。 表面上十分温柔，却对雏见沢的黑历史和残酷的宗教仪式相当着迷， 正在暗地裡独力研究中。 无时无刻散发着成熟的魅力， 但一旦提及到神秘学的话题就会显露出孩子般天真的一面， 是个难以捉摸的人物。,11241,423,11241,87,,https://s4.anilist.co/file/anilistcdn/character/large/b4934-hyXYSNh1Yqtu.jpg,https://s4.anilist.co/file/anilistcdn/character/medium/b4934-hyXYSNh1Yqtu.jpg,https://t.vndb.org/ch/02/113102.jpg|https://lain.bgm.tv/r/400/pic/crt/l/7b/f5/3193_crt_y4kcE.jpg?r=1556788502,,Blond Long Straight Slim Pale Trousers Hard Worker Villain Orphan Amber,https://anilist.co/character/4934,https://bgm.tv/character/3193,https://vndb.org/c3861,3193
vndb-c113192,vndb,6,20,,,田無 美代子,Tanashi Miyoko,高野 美代子 / Takano Miyoko,女,O,,Galgame,Galgame,ひぐらしのなく頃に解,寒蝉鸣泣之时 解,2004,Galgame,,"A girl who lost her parents in a traffic accident, went to an orphanage, and is now living with her father's teacher, Takano Hifumi. [Edited from Miyoko Tanashi on 07th Expansion Wiki]",7963,0,7963,0,,https://t.vndb.org/ch/91/135991.jpg,https://t.vndb.org/ch/91/135991.jpg,,#398b88 #1b494a #be8763 #62b5b8 #f2d3b2 #b6d8db,Blond Short Hard Worker Amber Kid Child Abuse Granddaughter Smart Psychological Trauma Loyal,,,https://vndb.org/c113192,
al147,anilist,6,20,1849,绯村剑心,緋村剣心,Kenshin Himura,Hitokiri Battousai / Himura Battousai / Shinta / Ken-san,男,,28,动画|漫画,动画,るろうに剣心 -明治剣客浪漫譚-,浪客剑心,1996,动画,"[{""t"":""るろうに剣心 -明治剣客浪漫譚-"",""cn"":""浪客剑心"",""ty"":""动画"",""y"":1996,""pop"":90163},{""t"":""るろうに剣心 －明治剣客浪漫譚－(2023)"",""cn"":"""",""ty"":""动画"",""y"":2023,""pop"":61183},{""t"":""るろうに剣心―明治剣客浪漫譚―追憶編"",""cn"":"""",""ty"":""动画"",""y"":1999,""pop"":47227},{""t"":""るろうに剣心 -明治剣客浪漫譚-"",""cn"":""浪客剑心"",""ty"":""漫画"",""y"":1994,""pop"":26053},{""t"":""るろうに剣心 －明治剣客浪漫譚－京都動乱"",""cn"":"""",""ty"":""动画"",""y"":2024,""pop"":23929},{""t"":""るろうに剣心 -明治剣客浪漫譚- 星霜編"",""cn"":""浪客剑心 星霜篇"",""ty"":""动画"",""y"":2001,""pop"":14260}]",温和な雰囲気が漂う放浪の剣客。その正体は、神速の殺人剣「飛天御剣流」により「人斬り抜刀斎」と恐れられた幕末の志士。赤毛と頬の十字傷が特徴で、腰には峰と刃が逆の「逆刃刀」を差している。,2982,2982,0,248,,https://s4.anilist.co/file/anilistcdn/character/large/b147-miunGYp6fkzb.png,https://s4.anilist.co/file/anilistcdn/character/medium/b147-miunGYp6fkzb.png,https://lain.bgm.tv/r/400/pic/crt/l/9e/03/2328_crt_c14zj.jpg?r=1724610225,,,https://anilist.co/character/147,https://bgm.tv/character/2328,,2328
vndb-c4014,vndb,6,20,,白河小鸟,白河 ことり,Shirakawa Kotori,,女,A,,Galgame,Galgame,D.C.～ダ・カーポ～,,2002,Galgame,"[{""t"":""D.C.～ダ・カーポ～"",""cn"":"""",""ty"":""Galgame"",""y"":2002,""pop"":2562},{""t"":""ことり Love Ex P"",""cn"":"""",""ty"":""Galgame"",""y"":2010,""pop"":434},{""t"":""D.C.I.F.～ダ・カーポ～イノセントフィナーレ"",""cn"":"""",""ty"":""Galgame"",""y"":2009,""pop"":371},{""t"":""D.C. ～ダ・カーポ～ シーズンズ"",""cn"":"""",""ty"":""Galgame"",""y"":2002,""pop"":71},{""t"":""D.C.P.K.～ダ・カーポーカー～"",""cn"":"""",""ty"":""Galgame"",""y"":2008,""pop"":37},{""t"":""C.D. Christmas Days ～サーカスディスク クリスマスデイズ～"",""cn"":"""",""ty"":""Galgame"",""y"":2006,""pop"":22}]",誰にでも優しく歌が上手くその上美人で成績も優秀な学園のアイドル。風見学園付属と本校の両方の学生から人気があり、非公式ファンクラブの存在さえ仄めかされる。近づきにくいように見えて話して見ると実は初対面の相手にも気さくに接するさわやかな少女である。チャームポイントである帽子は親からの薦めで所属している聖歌隊のものであり、帽子集めが趣味である。好きなものは甘い物全般、桜の花、オレンジジュース。人混み、犬、辛い物全般が苦手である。,2562,0,2562,101,,https://t.vndb.org/ch/55/7355.jpg,https://t.vndb.org/ch/55/7355.jpg,https://lain.bgm.tv/r/400/pic/crt/l/31/a9/2497_crt_Ibj6i.jpg,#873247 #b67c8a #b3bbd4 #e5d8d5 #f2f0f0 #ffffff,Hime Cut Waist Length+ Straight Teen Slim Pale School Uniform Dress Shoes Hard Worker Cooking,,https://bgm.tv/character/2497,https://vndb.org/c4014,2497
vndb-c124614,vndb,6,20,,,灯野 あやめ,Touno Ayame,Ayame Tsutsumi (formerly) / 津詰 あやめ / Tsutsumi Ayame (formerly),女,B,,Galgame,Galgame,PARANORMASIGHT FILE23 本所七不思議,,2023,Galgame,,Female University Student Curse Ayame is a young woman working with Yutaro Namigaki. Her love of Katsushika Hokusai's ukiyo-e is so great that she wishes to resurrect him with the Rite of Resurrection.,1115,0,1115,0,,https://t.vndb.org/ch/20/152720.jpg,https://t.vndb.org/ch/20/152720.jpg,,#8c564d #b39d88 #332c2a #dfd1c8 #ffffff,Black Long Straight Brown Pale Sweater Proactive Young-adult Secretive Skirt,,,https://vndb.org/c124614,
vndb-c38348,vndb,6,20,,,メリル 田無,Meryl Tanashi,Miyoko Tanashi,女,,,Galgame,Galgame,ローズガンズデイズ,,2012,Galgame,,"A ""lady of the night"" working for Club Primavera and lively drinker. She and Stella are often arguing childishly but both support Rose nonetheless. [TV Tropes]",1103,0,1103,0,,https://t.vndb.org/ch/42/46342.jpg,https://t.vndb.org/ch/42/46342.jpg,,#c5a877 #846851 #f9efab #d9d5d0 #ffffff,Blond Short Fighting Red Dress Hair Ribbon Handgun Submachine Gun Airhead Outgoing,,,https://vndb.org/c38348,
vndb-c22378,vndb,6,20,,,,Charlotte Grewal,,女,,,Galgame,Galgame,"don't take it personally, babe, it just ain't your story",,2011,Galgame,,,916,0,916,0,,https://t.vndb.org/ch/73/27673.jpg,https://t.vndb.org/ch/73/27673.jpg,,#6182a1 #82b1cc #613536 #d3b799 #787168 #f2eadd,Brown Twin Tails Long Straight Brown Teen Slim Pale School Uniform Sweater,,,https://vndb.org/c22378,
al206017,anilist,6,20,,,がうる・ぐら,Gura Gawr,City Pop Shark / Same-chan / Apex Predator,女,,"Between 9,000-10,000",动画|漫画,动画,ホロのぐらふぃてぃ,,2019,动画,"[{""t"":""ホロのぐらふぃてぃ"",""cn"":"""",""ty"":""动画"",""y"":2019,""pop"":14672},{""t"":""『ホロライブ・オルタナティブ』 ティザーPVs"",""cn"":"""",""ty"":""动画"",""y"":2021,""pop"":5655},{""t"":""マリン出航！！"",""cn"":"""",""ty"":""动画"",""y"":2022,""pop"":2643},{""t"":""ガールズ&パンツァー リボンの武者"",""cn"":"""",""ty"":""漫画"",""y"":2014,""pop"":1884},{""t"":""SHINKIRO"",""cn"":"""",""ty"":""动画"",""y"":2023,""pop"":1736},{""t"":""UMISEA"",""cn"":"""",""ty"":""动画"",""y"":2021,""pop"":1664}]","September 13, 2020 May 1, 2025 141 cm Chumbuds [Amashiro Natsuki](//anilist.co/staff/262035) EN 1st Gen (holoMyth) [Profile (hololive)](//hololive.hololivepro.com/en/talents/gawr-gura/) | [Twitter](//twitter.com/gawrgura) | [YouTube](//www.…",704,704,0,0,,https://s4.anilist.co/file/anilistcdn/character/large/b206017-SsxyG3HOaMdv.jpg,https://s4.anilist.co/file/anilistcdn/character/medium/b206017-SsxyG3HOaMdv.jpg,,,,https://anilist.co/character/206017,,,
vndb-c4175,vndb,6,20,,,原田 航太郎,Harada Koutarou,,男,AB,,Galgame,Galgame,ブラス・レストレイション,,2004,Galgame,,,650,0,650,0,,https://t.vndb.org/ch/12/4212.jpg,https://t.vndb.org/ch/12/4212.jpg,,#8cbbea #b5d8f6 #9d9fab #ccccda #6a6c70 #e8f0f1,Short Teen Slim Pale School Uniform Grey Kimono Stoic Friend Rival,,,https://vndb.org/c4175,
vndb-c43101,vndb,6,20,,,リック・スヴェン,Rick Sven,,男,,,Galgame,Galgame,マブラヴ オルタネイティヴ トータル・イクリプス,Muv-Luv Alternative Total Eclipse,2013,Galgame,,,597,0,597,0,,https://t.vndb.org/ch/59/51759.jpg,https://t.vndb.org/ch/59/51759.jpg,,#1f2952 #091c85 #0e0f20 #9997d6 #626590 #483731,Short Moustache Brown Pale Blue Death Mecha Pilot Pressure Suit,,,https://vndb.org/c43101,
al780,anilist,6,20,,,ロード・キャメロット,Road Kamelot,,女,B,,动画|漫画,动画,ディー・グレイマン,,2006,动画,"[{""t"":""ディー・グレイマン"",""cn"":"""",""ty"":""动画"",""y"":2006,""pop"":117180},{""t"":""ディー・グレイマン"",""cn"":"""",""ty"":""漫画"",""y"":2004,""pop"":42535},{""t"":""ディー・グレイマン ハロー"",""cn"":"""",""ty"":""动画"",""y"":2016,""pop"":37297}]","148 cm (4'10"") Road Kamelot is the first Noah introduced in the D. Gray-man series, appearing to [Allen](//anilist.co/character/139/Walker-Allen), [Lenalee](//anilist.co/character/141/Lee-Lenalee), and [Miranda](//anilist.co/character/857/L…",374,374,0,0,,https://s4.anilist.co/file/anilistcdn/character/large/b780-QGegNJEufooQ.jpg,https://s4.anilist.co/file/anilistcdn/character/medium/b780-QGegNJEufooQ.jpg,,,,https://anilist.co/character/780,,,
vndb-c1290,vndb,6,20,,,小野田 千代美,Onoda Chiyomi,,女,B,,Galgame,Galgame,ときめきメモリアル Girl’s Side 2nd Kiss,,2006,Galgame,,"Chiyomi is a member of the student council. Like Itaru she is a constant rule abider but also, like Itaru, she is also very friendly at heart. Chiyomi also loves animals and likes collecting small figurines of them.",366,0,366,0,,https://t.vndb.org/ch/34/1334.jpg,https://t.vndb.org/ch/34/1334.jpg,,#7c93a8 #a2cedd #4d526f #e0bdbe #e8ded9 #f7f5f0,Violet Ponytail Short Teen Blue Glasses Skirt Friendly Rival Student Council Member,,,https://vndb.org/c1290,
vndb-c64864,vndb,6,20,,,,Avery Grey,,,,,Galgame,Galgame,Hustle Cat,,2016,Galgame,,"Avery is known for having a very messy apartment, but is dependable, just not with cleaning.",348,0,348,0,,https://t.vndb.org/ch/92/77992.jpg,https://t.vndb.org/ch/92/77992.jpg,,#bbac8c #7f7469 #413e3c #d5d2c9 #1e1e1d,Shoulder-length Short Slim Pale Trousers Magician Cooking Fighting Violet Young-adult,,,https://vndb.org/c64864,
vndb-c89293,vndb,6,20,,,,Haruka Hamasaki,Magistrate of Mammaries,女,,,Galgame,Galgame,Lessons in Love,,2022,Galgame,,The manager of Koi Cafe and Rin's boss. Her husband is probably dead.,342,0,342,0,,https://t.vndb.org/ch/92/109192.jpg,https://t.vndb.org/ch/92/109192.jpg,,#df99a9 #f6b9be #232f2d #fbe6e0 #ffffff,Pink Wavy Short Pale Doggy Style Violet Shirt Friendly Low Self-esteem Wife,,,https://vndb.org/c89293,
vndb-c68613,vndb,6,20,,,,Hamasaki Natsumi,Li'l bro / Micheal Helps / Mr. Perfect,男,AB,,Galgame,Galgame,Camp Buddy,,2018,Galgame,"[{""t"":""Camp Buddy"",""cn"":"""",""ty"":""Galgame"",""y"":2018,""pop"":336},{""t"":""Camp Buddy: Scoutmaster Season"",""cn"":"""",""ty"":""Galgame"",""y"":2022,""pop"":73}]","Natsumi is seen as a role model among the campers due to his responsible and hardworking nature. However, he is pressured with the high expectations built around him.",336,0,336,0,,https://t.vndb.org/ch/00/104200.jpg,https://t.vndb.org/ch/00/104200.jpg,,#dcb994 #a7947f #3d5447 #d2cecd #ffffff,Black Blue Teen Slim Uniform Trousers Proactive Blowjob Sixty-nine Virgin Sex,,,https://vndb.org/c68613,
vndb-c36386,vndb,6,20,,,白取 英治郎,Shiratori Eijirou,Master (by Tokiya) / 師匠,男,AB,,Galgame,Galgame,妹のおかげでモテすぎてヤバい。,,2013,Galgame,,,324,0,324,0,,https://t.vndb.org/ch/48/56448.jpg,https://t.vndb.org/ch/48/56448.jpg,,#d1c3bc #efe9e0 #999291 #313132 #f6f5f3 #ffffff,White Short Pale School Uniform Red Keikogi Necktie Hakama Friendly Full Brother,,,https://vndb.org/c36386,
al1241,anilist,6,20,,,幸田実果子,Mikako Kouda,Mika-chan,女,,36,动画|漫画,动画,パラダイス・キス,,2005,动画,"[{""t"":""パラダイス・キス"",""cn"":"""",""ty"":""动画"",""y"":2005,""pop"":63074},{""t"":""パラダイス・キス"",""cn"":"""",""ty"":""漫画"",""y"":1999,""pop"":22539},{""t"":""ご近所物語"",""cn"":"""",""ty"":""动画"",""y"":1995,""pop"":12305},{""t"":""ご近所物語"",""cn"":"""",""ty"":""漫画"",""y"":1995,""pop"":6905},{""t"":""ご近所物語 (1996)"",""cn"":"""",""ty"":""动画"",""y"":1996,""pop"":1963}]","In Gokinjo A high school girl who goes to Yazawa Gakuen (or Yazagaku), a special school of art. She dreams of becoming a fashion designer. It should be noted that Mikako is a main character of Gokinjo Monogatari.",300,300,0,0,,https://s4.anilist.co/file/anilistcdn/character/large/b1241-X8UEE94wYVjY.jpg,https://s4.anilist.co/file/anilistcdn/character/medium/b1241-X8UEE94wYVjY.jpg,,,,https://anilist.co/character/1241,,,
vndb-c64130,vndb,6,20,,,出口 司郎,Deguchi Shirou,Mr. Exit / Mr. エグジット,男,A,,Galgame,Galgame,俺達の世界わ終っている。,,2017,Galgame,,"Cooking, muscle training, espresso making curry, roasting coffee, fighting manager of Cafe EXIT A man who works as the manager of Cafe EXIT in the New World.",259,0,259,0,,https://t.vndb.org/ch/77/77177.jpg,https://t.vndb.org/ch/77/77177.jpg,,#0a1a24 #5c6165 #afa8a0 #ded4c6 #ffffff,Black Short Pale Trousers Dress Shoes Villain Cooking Fighting Grey Adult,,,https://vndb.org/c64130,
al126248,anilist,6,20,,,六弥ナギ,Nagi Rokuya,,男,,19,动画,动画,アイドリッシュセブン,,2018,动画,"[{""t"":""アイドリッシュセブン"",""cn"":"""",""ty"":""动画"",""y"":2018,""pop"":25729},{""t"":""アイドリッシュセブン Second BEAT!"",""cn"":"""",""ty"":""动画"",""y"":2020,""pop"":11544},{""t"":""アイドリッシュセブン Third BEAT!"",""cn"":"""",""ty"":""动画"",""y"":2021,""pop"":7988},{""t"":""アイドリッシュセブン Third BEAT! 第2クール"",""cn"":"""",""ty"":""动画"",""y"":2022,""pop"":5415},{""t"":""アイドリッシュセブンVibrato"",""cn"":"""",""ty"":""动画"",""y"":2018,""pop"":5333},{""t"":""アイドリッシュセブン LIVE 4bit BEYOND THE PERiOD DAY 1"",""cn"":"""",""ty"":""动画"",""y"":2023,""pop"":1667}]","180 cm Nagi Rokuya remarkably good looks and high charisma combine to turn him into a bit of a flirting machine, he's often see flirting with women.",259,259,0,0,,https://s4.anilist.co/file/anilistcdn/character/large/b126248-TQtG2jVaVvdb.png,https://s4.anilist.co/file/anilistcdn/character/medium/b126248-TQtG2jVaVvdb.png,,,,https://anilist.co/character/126248,,,
vndb-c34186,vndb,6,20,,,モリアーティ 教授,Professor Moriarty,Moriarty Kyouju,男,,,Galgame,Galgame,英国探偵ミステリア,,2013,Galgame,,Leader of a group of criminals and former math professor. He should have died at Reichenbach Falls but...,245,0,245,0,,https://t.vndb.org/ch/15/198515.jpg,https://t.vndb.org/ch/15/198515.jpg,,#464955 #1b1b1f #8a8d99 #d3cccb #edeae8 #ffffff,White Short Amber Old Suit Cloak Based on a Fictional Character Eyepatch Wheelchair Antagonist,,,https://vndb.org/c34186,
al88188,anilist,6,20,,,北山雫,Shizuku Kitayama,,女,,,动画|轻小说,动画,魔法科高校の劣等生,魔法科高中的劣等生,2014,动画,"[{""t"":""魔法科高校の劣等生"",""cn"":""魔法科高中的劣等生"",""ty"":""动画"",""y"":2014,""pop"":259588},{""t"":""魔法科高校の劣等生 来訪者編"",""cn"":"""",""ty"":""动画"",""y"":2020,""pop"":114901},{""t"":""魔法科高校の劣等生 第3シーズン"",""cn"":"""",""ty"":""动画"",""y"":2024,""pop"":56185},{""t"":""劇場版 魔法科高校の劣等生 星を呼ぶ少女"",""cn"":""剧场版 魔法科高校的劣等生 呼唤星辰的少女"",""ty"":""动画"",""y"":2017,""pop"":53198},{""t"":""魔法科高校の優等生"",""cn"":"""",""ty"":""动画"",""y"":2021,""pop"":37459},{""t"":""魔法科高校の劣等生"",""cn"":""魔法科高中的劣等生"",""ty"":""轻小说"",""y"":2011,""pop"":7979}]","A first year 1st course student in A class with [Miyuki](//anilist.co/character/55741/Shiba-Miyuki), Jun and [Honoka](//anilist.co/character/88191/Mitsui-Honoka).",226,226,0,0,,https://s4.anilist.co/file/anilistcdn/character/large/b88188-PFLuypIzwfJR.png,https://s4.anilist.co/file/anilistcdn/character/medium/b88188-PFLuypIzwfJR.png,,,,https://anilist.co/character/88188,,,
vndb-c77732,vndb,6,20,,,,KotoRI,ことり,女,,,Galgame,Galgame,D.C.4 ～ダ・カーポ4～,,2019,Galgame,"[{""t"":""D.C.4 ～ダ・カーポ4～"",""cn"":"""",""ty"":""Galgame"",""y"":2019,""pop"":215},{""t"":""D.C.4 ～ダ・カーポ4～ フォーチュネイトデパーチャーズ"",""cn"":"""",""ty"":""Galgame"",""y"":2021,""pop"":102},{""t"":""D.C.5 to 4 ～ダ・カーポ5トゥ4～ ルミナスメモリーズ"",""cn"":"""",""ty"":""Galgame"",""y"":2026,""pop"":0}]",,215,0,215,0,,https://t.vndb.org/ch/52/103252.jpg,https://t.vndb.org/ch/52/103252.jpg,,#884e87 #da90a7 #c4c0db #fae8d3 #e9e9f2 #fefefe,Pink Twin Tails Waist Length+ Straight Teen Slim Pale Blue Hair Ribbon Miniskirt,,,https://vndb.org/c77732,
al3151,anilist,6,20,,,香燐,Karin,,女,AB,16-32,动画|漫画,动画,NARUTO -ナルト- 疾風伝,火影忍者疾风传,2007,动画,"[{""t"":""NARUTO -ナルト- 疾風伝"",""cn"":""火影忍者疾风传"",""ty"":""动画"",""y"":2007,""pop"":610025},{""t"":""BORUTO-ボルト- NARUTO NEXT GENERATIONS"",""cn"":""博人传-火影次世代-"",""ty"":""动画"",""y"":2017,""pop"":225171},{""t"":""NARUTO -ナルト-"",""cn"":""火影忍者"",""ty"":""漫画"",""y"":1999,""pop"":99205},{""t"":""ROAD OF NARUTO"",""cn"":"""",""ty"":""动画"",""y"":2022,""pop"":20865},{""t"":""NARUTOナルトSD ロック・リーの青春フルパワー忍伝"",""cn"":"""",""ty"":""动画"",""y"":2012,""pop"":19983},{""t"":""NARUTO外伝 七代目火影と緋色の花つ月"",""cn"":"""",""ty"":""漫画"",""y"":2015,""pop"":10057}]",162.6 cm (II) Karin is a former subordinate of Orochimaru who assisted him in his experimentations and was left in charge of one of his bases while he was away; and was also the only one loyal to Orochimaru to remain even though his current…,196,196,0,0,,https://s4.anilist.co/file/anilistcdn/character/large/b3151-HDcp9mHbUvS7.png,https://s4.anilist.co/file/anilistcdn/character/medium/b3151-HDcp9mHbUvS7.png,,,,https://anilist.co/character/3151,,,
al88191,anilist,6,20,,,光井ほのか,Honoka Mitsui,,女,,,动画|轻小说,动画,魔法科高校の劣等生,魔法科高中的劣等生,2014,动画,"[{""t"":""魔法科高校の劣等生"",""cn"":""魔法科高中的劣等生"",""ty"":""动画"",""y"":2014,""pop"":259588},{""t"":""魔法科高校の劣等生 来訪者編"",""cn"":"""",""ty"":""动画"",""y"":2020,""pop"":114901},{""t"":""魔法科高校の劣等生 第3シーズン"",""cn"":"""",""ty"":""动画"",""y"":2024,""pop"":56185},{""t"":""劇場版 魔法科高校の劣等生 星を呼ぶ少女"",""cn"":""剧场版 魔法科高校的劣等生 呼唤星辰的少女"",""ty"":""动画"",""y"":2017,""pop"":53198},{""t"":""魔法科高校の優等生"",""cn"":"""",""ty"":""动画"",""y"":2021,""pop"":37459},{""t"":""魔法科高校の劣等生"",""cn"":""魔法科高中的劣等生"",""ty"":""轻小说"",""y"":2011,""pop"":7979}]","A first year 1st course student in A class with [Miyuki](//anilist.co/character/55741/Shiba-Miyuki), Jun, and [Shizuku](//anilist.co/character/88188/Kitayama-Shizuku).",154,154,0,0,,https://s4.anilist.co/file/anilistcdn/character/large/b88191-xKYDdQ7Of16a.png,https://s4.anilist.co/file/anilistcdn/character/medium/b88191-xKYDdQ7Of16a.png,,,,https://anilist.co/character/88191,,,
al64769,anilist,6,21,1996,日向翔阳,日向翔陽,Shouyou Hinata,Shoyo Hinata / Shou / Shorty / The Strongest Decoy,男,,15-,动画,动画,ハイキュー!!,排球少年!!,2014,动画,"[{""t"":""ハイキュー!!"",""cn"":""排球少年!!"",""ty"":""动画"",""y"":2014,""pop"":583268},{""t"":""ハイキュー!! セカンドシーズン"",""cn"":""排球少年 第二季"",""ty"":""动画"",""y"":2015,""pop"":398770},{""t"":""ハイキュー!! 烏野高校 VS 白鳥沢学園高校"",""cn"":""排球少年 乌野高校 VS 白鸟泽学园高校"",""ty"":""动画"",""y"":2016,""pop"":362356},{""t"":""ハイキュー!! TO THE TOP"",""cn"":""排球少年 TO THE TOP"",""ty"":""动画"",""y"":2020,""pop"":293887},{""t"":""ハイキュー!! TO THE TOP 2"",""cn"":"""",""ty"":""动画"",""y"":2020,""pop"":255078},{""t"":""ハイキュー!! 陸 VS 空"",""cn"":"""",""ty"":""动画"",""y"":2020,""pop"":126303}]",幼いころ見た“小さな巨人”の姿に憧れ、烏野高校の門を叩いた。 類稀な瞬発力、跳躍力、そしてどんな時でも諦めない強い心を持つ。,16128,16128,0,177,,https://s4.anilist.co/file/anilistcdn/character/large/b64769-WoWlCMLLgJ14.png,https://s4.anilist.co/file/anilistcdn/character/medium/b64769-WoWlCMLLgJ14.png,https://lain.bgm.tv/r/400/pic/crt/l/03/78/24322_crt_zuFs2.jpg?r=1411356315,,,https://anilist.co/character/64769,https://bgm.tv/character/24322,,24322
al126006,anilist,6,21,,王马小吉,王馬小吉,Kokichi Ouma,Kokichi Oma / Ultimate Supreme Leader / Liar / Ultimate Leader,男,A,,漫画|Galgame,Galgame,ニューダンガンロンパV3 みんなのコロシアイ新学期,新弹丸论破V3 大家的自相残杀新学期,2017,Galgame,"[{""t"":""ニューダンガンロンパV3 みんなのコロシアイ新学期"",""cn"":""新弹丸论破V3 大家的自相残杀新学期"",""ty"":""Galgame"",""y"":2017,""pop"":8847},{""t"":""ニューダンガンロンパV3 みんなのコロシアイ新学期 コミックアンソロジー"",""cn"":"""",""ty"":""漫画"",""y"":2017,""pop"":1718}]",超高校级的总统,8847,1619,8847,87,,https://s4.anilist.co/file/anilistcdn/character/large/b126006-tTJPenFkKxN6.png,https://s4.anilist.co/file/anilistcdn/character/medium/b126006-tTJPenFkKxN6.png,https://t.vndb.org/ch/74/65574.jpg|https://lain.bgm.tv/r/400/pic/crt/l/6e/42/47201_crt_1MVlj.jpg?r=1543753895,,Black Violet Short Teen Slim School Uniform Proactive Villain Amnesia Violet,https://anilist.co/character/126006,https://bgm.tv/character/47201,https://vndb.org/c53394,47201
vndb-c4664,vndb,6,21,,将军,将軍,Shogun,,男,AB,,Galgame,Galgame,CHAOS;HEAD,混沌头,2008,Galgame,"[{""t"":""CHAOS;HEAD"",""cn"":""混沌头"",""ty"":""Galgame"",""y"":2008,""pop"":6530},{""t"":""CHAOS;HEAD NOAH"",""cn"":""混沌之脑：诺亚"",""ty"":""Galgame"",""y"":2009,""pop"":4138}]",手握着核按钮的当权者，在享受着奢侈淫靡的生活的同时将忠心为国的军人视为虚张声势的纸老虎，最终沉湎在权力和欲望之中与世界一起走向毁灭。,6530,0,6530,0,,https://t.vndb.org/ch/56/121456.jpg,https://t.vndb.org/ch/56/121456.jpg,https://lain.bgm.tv/r/400/pic/crt/l/bb/6b/20610_crt_8P6nF.jpg,#1b202a #454f50 #a1a48e #ffffff,Villain Hidden Old Boku Terminal Illness Comrade Death Murder Hoodie Mentor,,https://bgm.tv/character/20610,https://vndb.org/c4664,20610
al12804,anilist,6,21,,西条拓巳,西條拓巳,Takumi Nishijou,Taku / Neidhardt / Takkii / Liselotte,男,AB,17,动画|漫画|Galgame,动画,カオスヘッド,,2008,动画,"[{""t"":""カオスヘッド"",""cn"":"""",""ty"":""动画"",""y"":2008,""pop"":50894},{""t"":""カオスチャイルド"",""cn"":"""",""ty"":""动画"",""y"":2017,""pop"":32781},{""t"":""CHAOS;HEAD"",""cn"":""混沌头"",""ty"":""Galgame"",""y"":2008,""pop"":6530},{""t"":""CHAOS;CHILD"",""cn"":""混沌子"",""ty"":""Galgame"",""y"":2014,""pop"":5122},{""t"":""CHAOS;HEAD NOAH"",""cn"":""混沌之脑：诺亚"",""ty"":""Galgame"",""y"":2009,""pop"":4138},{""t"":""ROBOTICS;NOTES"",""cn"":""机器人笔记"",""ty"":""Galgame"",""y"":2012,""pop"":1864}]",本編の主人公。私立翠明学園2年生。人との直接的なコミュニケーションを嫌い、最低限の外出しかしないネット依存症の少年。ナイトハルトというハンドルネームで1日中ネットゲームをし、学校は出席日数を計算して必要以上に登校しない。人と話せばどもってしまい、それが女の子ならばパニックを起こすほど。周囲からは引きこもりと思われているが、本人はそれを否定する。妄想癖があり思いこみが激しく、しばしばネガティブな方向へ暴走する。,6530,320,6530,66,,https://s4.anilist.co/file/anilistcdn/character/large/b12804-vs7huWRyQPZ2.png,https://s4.anilist.co/file/anilistcdn/character/medium/b12804-vs7huWRyQPZ2.png,https://t.vndb.org/ch/14/4714.jpg|https://lain.bgm.tv/r/400/pic/crt/l/39/91/19944_crt_HGZMM.jpg?r=1739761052,,Blue Short Teen Slim Pale Trousers Sword Fighting Disaster Assault,https://anilist.co/character/12804,https://bgm.tv/character/19944,https://vndb.org/c4655,19944
vndb-c5217,vndb,6,21,,雨宫优子,雨宮 優子,Amamiya Yuuko,,女,O,,Galgame,Galgame,ef - a fairy tale of the two.,,2006,Galgame,"[{""t"":""ef - a fairy tale of the two."",""cn"":"""",""ty"":""Galgame"",""y"":2006,""pop"":2878},{""t"":""ef - First Fan Disc"",""cn"":"""",""ty"":""Galgame"",""y"":2006,""pop"":70},{""t"":""ef - Second Fan Mix"",""cn"":"""",""ty"":""Galgame"",""y"":2008,""pop"":17}]",在教会等待着某个人的神秘少女。常常在意想不到的时候出现，曾为音羽学生。她长年穿冬服，在烈日下也不会流汗。第二章曾暗示她会离开音羽。终章的女主角，同时也是ef系列实质意义的女主角。在ef - the first tale. 中扮演讲述者的角色，向夕说著一年前发生在音羽的往事。,2878,0,2878,674,,https://t.vndb.org/ch/46/73346.jpg,https://t.vndb.org/ch/46/73346.jpg,https://lain.bgm.tv/r/400/pic/crt/l/08/34/606_crt_Zsbgu.jpg,#23242a #5b5861 #9895a0 #c8c7ce #eeebec #ffffff,Black Waist Length+ Straight Teen Slim Pale School Uniform Orphan Amnesia Missionary,,https://bgm.tv/character/606,https://vndb.org/c5217,606
al1747,anilist,6,21,,,黒羽快斗,Kaito Kuroba,怪盗キッド (Phantom Thief) / Kaitou Kid / Moonlight Magician / 1412,男,,17,动画|漫画,动画,名探偵コナン,名侦探柯南,1996,动画,"[{""t"":""名探偵コナン"",""cn"":""名侦探柯南"",""ty"":""动画"",""y"":1996,""pop"":79821},{""t"":""まじっく快斗1412"",""cn"":"""",""ty"":""动画"",""y"":2014,""pop"":31002},{""t"":""名探偵コナン"",""cn"":""名侦探柯南"",""ty"":""漫画"",""y"":1994,""pop"":18142},{""t"":""まじっく快斗"",""cn"":"""",""ty"":""动画"",""y"":2010,""pop"":16836},{""t"":""名探偵コナン 世紀末の魔術師"",""cn"":""名侦探柯南 世纪末的魔术师"",""ty"":""动画"",""y"":1999,""pop"":15248},{""t"":""名探偵コナン 銀翼の奇術師[マジシャン]"",""cn"":"""",""ty"":""动画"",""y"":2004,""pop"":12927}]",The Phantom Thief Kid or The Magician Under the Moonlight (Kaito Kid) is a world-renowned thief who steals treasures and gems. He is sometimes known as Kaito Kid or 'International Criminal 1412'.,1892,1892,0,0,,https://s4.anilist.co/file/anilistcdn/character/large/b1747-LYyYIvIZIdnE.jpg,https://s4.anilist.co/file/anilistcdn/character/medium/b1747-LYyYIvIZIdnE.jpg,,,,https://anilist.co/character/1747,,,
vndb-c5288,vndb,6,21,,,瀬名 蘭華,Sena Ranka,,女,AB,,Galgame,Galgame,ましろ色シンフォニー,,2009,Galgame,"[{""t"":""ましろ色シンフォニー"",""cn"":"""",""ty"":""Galgame"",""y"":2009,""pop"":1399},{""t"":""ましろ色シンフォニー SANA EDITION"",""cn"":"""",""ty"":""Galgame"",""y"":2023,""pop"":771}]",Ranka is Airi's mother and the principal of Yuihime Girls' Academy. She is very popular among her students. She got a divorce from her husband more than ten years ago. [From Wikipedia],1399,0,1399,0,,https://t.vndb.org/ch/10/5410.jpg,https://t.vndb.org/ch/10/5410.jpg,,#4b3445 #9b6f77 #c99e9c #e4d4cd #f8f3e1 #fefffe,Brown Waist Length+ Straight Slim Pale Red Young-adult Necklace Miniskirt Pantyhose,,,https://vndb.org/c5288,
vndb-c3122,vndb,6,21,,,水奈瀬 ゆか,Minase Yuka,,女,,,Galgame,Galgame,11eyes－罪と罰と贖いの少女－,,2008,Galgame,"[{""t"":""11eyes－罪と罰と贖いの少女－"",""cn"":"""",""ty"":""Galgame"",""y"":2008,""pop"":1372},{""t"":""11eyes -Resona Forma-"",""cn"":"""",""ty"":""Galgame"",""y"":2011,""pop"":173},{""t"":""11eyes－虚ろなる境界－"",""cn"":"""",""ty"":""Galgame"",""y"":2009,""pop"":20}]","Kakeru's childhood friend. She met him at the orphanage where they grew up, and was able to help Kakeru feel better after his sister's suicide.",1372,0,1372,0,,https://t.vndb.org/ch/86/3186.jpg,https://t.vndb.org/ch/86/3186.jpg,,#61333d #9b7878 #c9b6b9 #e9e0dc #f5f4f3 #ffffff,Brown Shoulder-length Teen Slim Pale School Uniform Orphan Cooking Amnesia Missionary,,,https://vndb.org/c3122,
vndb-c57201,vndb,6,21,,,所沢 まりん,Tokorozawa Marin,,女,A,,Galgame,Galgame,お家に帰るまでがましまろです,,2017,Galgame,,The owner of a western food shop placed next to Marshmallow Tree.,1097,0,1097,0,,https://t.vndb.org/ch/92/68192.jpg,https://t.vndb.org/ch/92/68192.jpg,,#b3646e #d7a9a0 #e8d8c7 #f4ecde #fbfbf1,Brown Bun Cooking Adult Apron Cook Shopkeeper Not Sexually Involved,,,https://vndb.org/c57201,
al122212,anilist,6,21,,,橘あきら,Akira Tachibana,,女,,17,动画|漫画,动画,恋は雨上がりのように,,2018,动画,"[{""t"":""恋は雨上がりのように"",""cn"":"""",""ty"":""动画"",""y"":2018,""pop"":97136},{""t"":""恋は雨上がりのように"",""cn"":"""",""ty"":""漫画"",""y"":2014,""pop"":17358}]","A beautiful 17-year-old high school sophomore who attends Kazamizawa High School. She is an odd and reserved person. Because of it she has problems expressing her emotions, and as a result, people around tend to misunderstand her.",684,684,0,0,,https://s4.anilist.co/file/anilistcdn/character/large/b122212-hv2e72Zeu2IO.jpg,https://s4.anilist.co/file/anilistcdn/character/medium/b122212-hv2e72Zeu2IO.jpg,,,,https://anilist.co/character/122212,,,
vndb-c80993,vndb,6,21,,,,Morgan Fischer,,女,,,Galgame,Galgame,Heart of the Woods,,2019,Galgame,"[{""t"":""Heart of the Woods"",""cn"":"""",""ty"":""Galgame"",""y"":2019,""pop"":672},{""t"":""TARANORMAL"",""cn"":"""",""ty"":""Galgame"",""y"":2018,""pop"":58},{""t"":""TARANORMAL"",""cn"":"""",""ty"":""Galgame"",""y"":2018,""pop"":58},{""t"":""TARANORMAL"",""cn"":"""",""ty"":""Galgame"",""y"":2018,""pop"":58}]","A loyal Taranormal viewer and the daughter of Eysenfeld's mayor, Morgan is...different. When not running her small and mostly empty antique shop, she's known to disappear into the woods for days at a time.",672,0,672,0,,https://t.vndb.org/ch/18/98218.jpg,https://t.vndb.org/ch/18/98218.jpg,,#bf9e90 #0e151d #ebddc2 #534848 #302a2b #7c7379,Ahoge Twin Tails Shoulder-length Short Straight Teen Slim Pale Sweater Trousers,,,https://vndb.org/c80993,
vndb-c7198,vndb,6,21,,,霧島 雫,Kirishima Shizuku,,女,,,Galgame,Galgame,その花びらにくちづけを 天使の花びら染め,,2010,Galgame,"[{""t"":""その花びらにくちづけを 天使の花びら染め"",""cn"":"""",""ty"":""Galgame"",""y"":2010,""pop"":636},{""t"":""その花びらにくちづけを　ミカエルの乙女たち"",""cn"":"""",""ty"":""Galgame"",""y"":2012,""pop"":454},{""t"":""その花びらにくちづけを　リリ・プラチナム"",""cn"":"""",""ty"":""Galgame"",""y"":2011,""pop"":369},{""t"":""その花びらにくちづけを 白雪の騎士"",""cn"":"""",""ty"":""Galgame"",""y"":2013,""pop"":149},{""t"":""その花びらにくちづけを　あなたに誓う愛"",""cn"":"""",""ty"":""Galgame"",""y"":2014,""pop"":119}]","A very traditional Japanese girl in her third year of high school. Having traits of a Yamato nadeshiko, she is very skilled at calligraphy and flower arrangement. She falls in love with Eris after meeting her. [From Wikipedia]",636,0,636,0,,https://t.vndb.org/ch/98/42098.jpg,https://t.vndb.org/ch/98/42098.jpg,,#975c5b #426e57 #71967a #b4af9d #303532 #ede0d1,Black Hime Cut Waist Length+ Straight Teen Slim Pale Sixty-nine Red Kimono,,,https://vndb.org/c7198,
vndb-c49570,vndb,6,21,,,エルトクリード・ヴァーレンティン,Eltcreed Valentin,,男,,,Galgame,Galgame,スチームプリズン,,2016,Galgame,"[{""t"":""スチームプリズン"",""cn"":"""",""ty"":""Galgame"",""y"":2016,""pop"":596},{""t"":""スチームプリズン -Beyond the Steam-"",""cn"":"""",""ty"":""Galgame"",""y"":2024,""pop"":41}]","Character Charity The head of the bank Valentin which has control over Liberalitas, an area of The Earth. He speaks formally to everyone around him, and approaches all in gentlemanly fashion.",596,0,596,0,,https://t.vndb.org/ch/31/59331.jpg,https://t.vndb.org/ch/31/59331.jpg,,#793e38 #a06f78 #352023 #403966 #e7ad9b #f7e8d1,Brown Short Slim Pale Trousers Sword Hard Worker Orphan Violet Young-adult,,,https://vndb.org/c49570,
vndb-c10757,vndb,6,21,,,甲河 アスカ,Koukawa Asuka,Kokawa Asuka,女,O,,Galgame,Galgame,対魔忍アサギ3,,2012,Galgame,"[{""t"":""対魔忍アサギ3"",""cn"":"""",""ty"":""Galgame"",""y"":2012,""pop"":535},{""t"":""凍京NECRO＜トウキョウ・ネクロ＞ SUICIDE MISSION"",""cn"":"""",""ty"":""Galgame"",""y"":2019,""pop"":13}]","A new Taimanin introduced in Taimanin Asagi 3 and also the second protagonist. She was Asagi's prodigy two years before the event of the third game, and her body had been damaged in battle around that time leaving her limbless.",535,0,535,0,1,https://t.vndb.org/ch/06/39906.jpg,https://t.vndb.org/ch/06/39906.jpg,,#7e4d3e #b77b7d #e5bbc3 #fdfcfc,Brown Hime Cut Waist Length+ Teen Slim Pale School Uniform Student Fighting Missionary,,,https://vndb.org/c10757,
vndb-c9952,vndb,6,21,,,羽山 海己,Hayama Umi,,女,A,,Galgame,Galgame,この青空に約束を―,,2006,Galgame,"[{""t"":""この青空に約束を―"",""cn"":"""",""ty"":""Galgame"",""y"":2006,""pop"":356},{""t"":""フォセット ～Cafe au Le Ciel Bleu～"",""cn"":"""",""ty"":""Galgame"",""y"":2006,""pop"":88},{""t"":""Xross Scramble"",""cn"":"""",""ty"":""Galgame"",""y"":2007,""pop"":81},{""t"":""オトメクライシス"",""cn"":"""",""ty"":""Galgame"",""y"":2008,""pop"":41}]","A second-year student just like Wataru. She is Wataru's childhood friend. She is good at cooking and is the one that cooks breakfast, lunch, and dinner for the people who live in the Tsugumi Dormitory.",356,0,356,0,,https://t.vndb.org/ch/18/11418.jpg,https://t.vndb.org/ch/18/11418.jpg,,#5667bc #f8e9cb #dcbdb3 #e1e0e6 #f8f6f3 #ffffff,Blond Twin Tails Long Teen Slim Pale School Uniform Cooking Missionary Doggy Style,,,https://vndb.org/c9952,
al89858,anilist,6,21,,,安倍晴齋,Haruitsuki Abeno,Itsuki,男,,15,动画|漫画,动画,不機嫌なモノノケ庵,,2016,动画,"[{""t"":""不機嫌なモノノケ庵"",""cn"":"""",""ty"":""动画"",""y"":2016,""pop"":30757},{""t"":""不機嫌なモノノケ庵 續"",""cn"":"""",""ty"":""动画"",""y"":2019,""pop"":13292},{""t"":""不機嫌なモノノケ庵"",""cn"":"""",""ty"":""漫画"",""y"":2013,""pop"":4575}]","171 cm Human He is the second and current Master of the Mononokean. Haruitsuki is rather cold and shows no concern for humans, claiming that his work as an exorcist is for the sake of the youkai.",291,291,0,0,,https://s4.anilist.co/file/anilistcdn/character/large/b89858-BenCv88PiM3F.png,https://s4.anilist.co/file/anilistcdn/character/medium/b89858-BenCv88PiM3F.png,,,,https://anilist.co/character/89858,,,
al145096,anilist,6,21,,,北東西南,Minami Hokutouzai,,女,AB,,动画,动画,Dr.STONE,石纪元,2019,动画,"[{""t"":""Dr.STONE"",""cn"":""石纪元"",""ty"":""动画"",""y"":2019,""pop"":554680},{""t"":""Dr.STONE STONE WARS"",""cn"":""石纪元 石之战争"",""ty"":""动画"",""y"":2021,""pop"":335280},{""t"":""Dr.STONE NEW WORLD"",""cn"":""石纪元 新世界"",""ty"":""动画"",""y"":2023,""pop"":201922},{""t"":""Dr.STONE NEW WORLD 第2クール"",""cn"":""石纪元 新世界 第2部分"",""ty"":""动画"",""y"":2023,""pop"":138943},{""t"":""Dr.STONE 龍水"",""cn"":""石纪元 龙水"",""ty"":""动画"",""y"":2022,""pop"":123272},{""t"":""Dr.STONE SCIENCE FUTURE"",""cn"":""石纪元 科学与未来"",""ty"":""动画"",""y"":2025,""pop"":115924}]","166 cm (5'4"") Minami is a Pre-Petrification human and former reporter before the Petrification occurred. ~!Originally a member of [Tsukasa](//anilist.co/character/124144/Shishiou-Tsukasa)'s army before Tsukasa's downfall at the hands of [Hy…",133,133,0,0,,https://s4.anilist.co/file/anilistcdn/character/large/b145096-Xk4D4sK7nZy9.png,https://s4.anilist.co/file/anilistcdn/character/medium/b145096-Xk4D4sK7nZy9.png,,,,https://anilist.co/character/145096,,,
al130789,anilist,6,21,,,烈火星宮,Rekka Hoshimiya,,男,,23,动画|漫画,动画,炎炎ノ消防隊,炎炎消防队,2019,动画,"[{""t"":""炎炎ノ消防隊"",""cn"":""炎炎消防队"",""ty"":""动画"",""y"":2019,""pop"":483496},{""t"":""炎炎ノ消防隊 弐ノ章"",""cn"":""炎炎消防队 二之章"",""ty"":""动画"",""y"":2020,""pop"":300881},{""t"":""炎炎ノ消防隊 参ノ章 第2クール"",""cn"":""炎炎消防队 叁之章 第2部分"",""ty"":""动画"",""y"":2026,""pop"":88878},{""t"":""炎炎ノ消防隊"",""cn"":""炎炎消防队"",""ty"":""漫画"",""y"":2015,""pop"":66020}]","A Third Generation pyrotechnic, Lieutenant of Special Fire Force Company 1, and priest of the Holy Sol Temple. He is an eccentric and enthusiastic man. Always confident and expressive in his speech.",105,105,0,0,,https://s4.anilist.co/file/anilistcdn/character/large/b130789-LWUWKnST7XP2.png,https://s4.anilist.co/file/anilistcdn/character/medium/b130789-LWUWKnST7XP2.png,,,,https://anilist.co/character/130789,,,
al160350,anilist,6,21,,,シイラ,Shiira,Sheila,女,,18,动画|漫画,动画,BEASTARS,动物狂想曲,2019,动画,"[{""t"":""BEASTARS"",""cn"":""动物狂想曲"",""ty"":""动画"",""y"":2019,""pop"":258427},{""t"":""BEASTARS 第2期"",""cn"":""动物狂想曲 第二季"",""ty"":""动画"",""y"":2021,""pop"":140408},{""t"":""BEASTARS"",""cn"":""动物狂想曲"",""ty"":""漫画"",""y"":2016,""pop"":48902}]","160 cm (5'3"") She is a side character in Beastars. She work as the lead choreographer in the drama club at Cherryton Academy. In the manga, Shelia is a cheetah, while in the anime, she is a leopard.",30,30,0,0,,https://s4.anilist.co/file/anilistcdn/character/large/b160350-7dtrCieQXsyt.png,https://s4.anilist.co/file/anilistcdn/character/medium/b160350-7dtrCieQXsyt.png,,,,https://anilist.co/character/160350,,,
al191506,anilist,6,21,,,篠原さつき,Satsuki Shinohara,,女,,17,动画|轻小说,动画,ようこそ実力至上主義の教室へ,欢迎来到实力至上主义的教室,2017,动画,"[{""t"":""ようこそ実力至上主義の教室へ"",""cn"":""欢迎来到实力至上主义的教室"",""ty"":""动画"",""y"":2017,""pop"":447470},{""t"":""ようこそ実力至上主義の教室へ 2nd Season"",""cn"":""欢迎来到实力至上主义的教室 第二季"",""ty"":""动画"",""y"":2022,""pop"":261649},{""t"":""ようこそ実力至上主義の教室へ 3rd Season"",""cn"":""欢迎来到实力至上主义的教室 第三季"",""ty"":""动画"",""y"":2024,""pop"":188938},{""t"":""ようこそ実力至上主義の教室へ 4th Season 2年生編1学期"",""cn"":"""",""ty"":""动画"",""y"":2026,""pop"":117800},{""t"":""ようこそ実力至上主義の教室へ"",""cn"":""欢迎来到实力至上主义的教室"",""ty"":""轻小说"",""y"":2015,""pop"":41723},{""t"":""ようこそ実力至上主義の教室へ　２年生編"",""cn"":"""",""ty"":""轻小说"",""y"":2020,""pop"":16585}]",Satsuki Shinohara is one of the students of class 2-D. She is considered to have below-average looks. She has an outspoken personality and can often be seen arguing with Ike.,21,21,0,0,,https://s4.anilist.co/file/anilistcdn/character/large/b191506-4eKgEo4z62Cz.png,https://s4.anilist.co/file/anilistcdn/character/medium/b191506-4eKgEo4z62Cz.png,,,,https://anilist.co/character/191506,,,
vndb-c86547,vndb,6,22,,,遠州 律子,Enshuu Ritsuko,Receptionist,女,,,Galgame,Galgame,AI：ソムニウム ファイル,AI：梦境档案,2019,Galgame,"[{""t"":""AI：ソムニウム ファイル"",""cn"":""AI：梦境档案"",""ty"":""Galgame"",""y"":2019,""pop"":4117},{""t"":""AI: ソムニウムファイル ニルヴァーナイニシアチブ"",""cn"":""AI：梦境档案 涅槃肇始"",""ty"":""Galgame"",""y"":2022,""pop"":1753},{""t"":""伊達鍵は眠らない – From AI：ソムニウムファイル"",""cn"":""无法成眠的伊达键 - From AI：梦境档案"",""ty"":""Galgame"",""y"":2025,""pop"":276}]",年龄：36岁,4117,0,4117,4,1,https://t.vndb.org/ch/93/144193.jpg,https://t.vndb.org/ch/93/144193.jpg,https://lain.bgm.tv/r/400/pic/crt/l/12/9e/112355_crt_qpUq1.jpg,#b2999f #77696a #dacdc5 #e8dfd8 #eeedf2 #ffffff,Blond Shoulder-length Pale Grey Young-adult Necklace Skirt Idiot Granddaughter Girlfriend,,https://bgm.tv/character/112355,https://vndb.org/c86547,112355
vndb-c14495,vndb,6,22,,,天川 夏彦,Tenkawa Natsuhiko,ひこりん / Hikorin / 特別監視対象ナ2号 / Special Observation Target Na2,男,O,,Galgame,Galgame,ルートダブル -Before Crime * After Days-,,2012,Galgame,,"June 22, 2014 (Cancer) Blood O+ Rokumei City Private Academy High School Section, Class 1-B High Physical Average None (hasn't developed any particular long-term interests) Calm and peaceful times, his dear friends, Yuuri's smile, hot milk…",2234,0,2234,0,,https://t.vndb.org/ch/45/197045.jpg,https://t.vndb.org/ch/45/197045.jpg,,#26384a #616f77 #c4b1a8 #f2e6d2 #ffffff,Brown Ahoge Short Straight Brown Teen Slim Pale School Uniform Trousers,,,https://vndb.org/c14495,
al173759,anilist,6,22,,,花園羽香里,Hakari Hanazono,,女,A,16,动画|漫画|轻小说,动画,君のことが大大大大大好きな100人の彼女,超超超超超喜欢你的100个女朋友,2023,动画,"[{""t"":""君のことが大大大大大好きな100人の彼女"",""cn"":""超超超超超喜欢你的100个女朋友"",""ty"":""动画"",""y"":2023,""pop"":133315},{""t"":""君のことが大大大大大好きな100人の彼女 第2期"",""cn"":"""",""ty"":""动画"",""y"":2025,""pop"":78811},{""t"":""君のことが大大大大大好きな100人の彼女 第3期"",""cn"":"""",""ty"":""动画"",""y"":2026,""pop"":39572},{""t"":""君のことが大大大大大好きな100人の彼女"",""cn"":""超超超超超喜欢你的100个女朋友"",""ty"":""漫画"",""y"":2019,""pop"":38995},{""t"":""君のことが大大大大大好きな１００人の彼女 番外恋物語 ～ シークレットラブストーリー ～"",""cn"":"""",""ty"":""轻小说"",""y"":2023,""pop"":669},{""t"":""君のことが大大大大大好きな100人の彼女 番外編"",""cn"":"""",""ty"":""漫画"",""y"":2021,""pop"":563}]","Deredere First-Year High School Student Chapter 1 **Girlfriend No. 001** Hakari is described as a ""clumsily calculative"" lady.",1119,1119,0,0,,https://s4.anilist.co/file/anilistcdn/character/large/b173759-Bu2KIzM1JELG.png,https://s4.anilist.co/file/anilistcdn/character/medium/b173759-Bu2KIzM1JELG.png,,,,https://anilist.co/character/173759,,,
vndb-c124600,vndb,6,22,,,津詰 徹生,Tsutsumi Tetsuo,,男,O,,Galgame,Galgame,PARANORMASIGHT FILE23 本所七不思議,,2023,Galgame,,"Male Chief Inspector Curse The Evergreen Beech The gruff police detective that Shogo Okiie met at Midoricho Park. Tetsuo is a veteran detective with the Tokyo Metropolitan Police Department, First Investigative Division.",1115,0,1115,0,,https://t.vndb.org/ch/61/146761.jpg,https://t.vndb.org/ch/61/146761.jpg,,#282725 #b3a7a1 #746d6a #ffffff,Short Straight Beard Pale Adult Suit Necktie Ore Stoic Divorcee,,,https://vndb.org/c124600,
al16248,anilist,6,22,,,花村陽介,Yousuke Hanamura,Hana-chan / Captain Ressentiment / Disappointment Ranger Ressentiment / Don Yousuke,男,A,16-17,动画|漫画|Galgame,动画,ペルソナ4アニメーション,,2011,动画,"[{""t"":""ペルソナ4アニメーション"",""cn"":"""",""ty"":""动画"",""y"":2011,""pop"":58536},{""t"":""ペルソナ4 ザ・ゴールデンアニメーション"",""cn"":"""",""ty"":""动画"",""y"":2014,""pop"":25458},{""t"":""ペルソナ4アニメーション"",""cn"":"""",""ty"":""动画"",""y"":2012,""pop"":13380},{""t"":""ペルソナ4 the Animation -the Factor of Hope-"",""cn"":"""",""ty"":""动画"",""y"":2012,""pop"":5257},{""t"":""ペルソナ4 ザ・ゴールデンアニメーション Thank you Mr. Accomplice"",""cn"":"""",""ty"":""动画"",""y"":2014,""pop"":4635},{""t"":""ペルソナ4"",""cn"":"""",""ty"":""漫画"",""y"":2008,""pop"":3321}]","175 cm (5'8"") Jiraiya Susano-o Knives, Kunai Boy with slightly unkempt reddish-brown hair, who usually walks around with a music player and red/orange headphones around his neck.",827,827,399,0,,https://s4.anilist.co/file/anilistcdn/character/large/b16248-MAhW5BwXnMMP.png,https://s4.anilist.co/file/anilistcdn/character/medium/b16248-MAhW5BwXnMMP.png,https://t.vndb.org/ch/06/194306.jpg,,Brown Blue Red Short Cross-dressing Brown Teen Slim Pale Uniform,https://anilist.co/character/16248,,https://vndb.org/c51770,
vndb-c8750,vndb,6,22,,,橘 美也,Tachibana Miya,,女,O,,Galgame,Galgame,アマガミ,,2009,Galgame,"[{""t"":""アマガミ"",""cn"":"""",""ty"":""Galgame"",""y"":2009,""pop"":775},{""t"":""アマガミ ちょっとおまけ劇場"",""cn"":"""",""ty"":""Galgame"",""y"":2010,""pop"":38},{""t"":""アマガミGS"",""cn"":"""",""ty"":""Galgame"",""y"":2012,""pop"":26}]","Protagonist's younger sister, who playfully calls her brother, ""Nii-ni"". She tends to be jealous when her brother is with another girl, with the exceptions of Sae, Ai and Rihoko, who are her close friends.",775,0,775,0,,https://t.vndb.org/ch/01/9301.jpg,https://t.vndb.org/ch/01/9301.jpg,,#ebd4bf #90867f #fef1e5 #3b3939 #fefefd #f2f2f2,Brown Short Brown Teen Slim Pale School Uniform Pajamas Miniskirt Knee-high Socks,,,https://vndb.org/c8750,
vndb-c46812,vndb,6,22,,,霧島 茱萸子,Kirishima Kumiko,Gumi / Gumiko,女,O,,Galgame,Galgame,コロナ・ブロッサム,,2016,Galgame,,Freeloader/poster girl at lnui Baths. She's the same age as Keiji. She has a cheerful disposition and boundless positivity. Her one her personality does a 180 when she's piloting a robot.,598,0,598,0,1,https://t.vndb.org/ch/00/60400.jpg,https://t.vndb.org/ch/00/60400.jpg,,#dead85 #a0bcc7 #f4e0a8 #5e586a #f1e8df #fefefe,Black Shoulder-length Straight Teen Slim Pale Standing Sex Violet Gloves Miniskirt,,,https://vndb.org/c46812,
vndb-c43105,vndb,6,22,,,ステラ・ブレーメル,Stella Bremer,,女,,,Galgame,Galgame,マブラヴ オルタネイティヴ トータル・イクリプス,Muv-Luv Alternative Total Eclipse,2013,Galgame,,"An Argus test pilot with accurate judgement and precise sniper capabilities. She has a calm, collected personality, and serves as the brain of the unit.",597,0,597,0,,https://t.vndb.org/ch/79/134879.jpg,https://t.vndb.org/ch/79/134879.jpg,,#3a4159 #dfcfbc #f3e8d7 #a49b9a #ffffff,Blond Curtained Short Straight Slim Pale Trousers Fighting Blue Young-adult,,,https://vndb.org/c43105,
al171898,anilist,6,22,,,カロン,Charon,,男,,28,动画|漫画,动画,炎炎ノ消防隊,炎炎消防队,2019,动画,"[{""t"":""炎炎ノ消防隊"",""cn"":""炎炎消防队"",""ty"":""动画"",""y"":2019,""pop"":483496},{""t"":""炎炎ノ消防隊 弐ノ章"",""cn"":""炎炎消防队 二之章"",""ty"":""动画"",""y"":2020,""pop"":300881},{""t"":""炎炎ノ消防隊 参ノ章"",""cn"":""炎炎消防队 叁之章"",""ty"":""动画"",""y"":2025,""pop"":130164},{""t"":""炎炎ノ消防隊 参ノ章 第2クール"",""cn"":""炎炎消防队 叁之章 第2部分"",""ty"":""动画"",""y"":2026,""pop"":88814},{""t"":""炎炎ノ消防隊"",""cn"":""炎炎消防队"",""ty"":""漫画"",""y"":2015,""pop"":66020}]","Second Generation Charon is a member of the White-Clad, that serves as the Second Pillar's guardian. He appears to be a devoted member of the White-Clad with a strong loyalty to the Evangalist.",546,546,0,0,,https://s4.anilist.co/file/anilistcdn/character/large/b171898-sOFT5nvhIsET.jpg,https://s4.anilist.co/file/anilistcdn/character/medium/b171898-sOFT5nvhIsET.jpg,,,,https://anilist.co/character/171898,,,
vndb-c20965,vndb,6,22,,,ヨハヒム・バスラー,Joachim Basler,,男,O,,Galgame,Galgame,絶対服従命令,,2005,Galgame,,"Louise's client. He is a servant at Anel's mansion. Ever since he started working there seven years ago, he has thought only about the boy. His thoughts only grow stronger with every year the boy ages. [From in-game profile]",399,0,399,0,,https://t.vndb.org/ch/36/48936.jpg,https://t.vndb.org/ch/36/48936.jpg,,#665e6f #9a9e8e #d9c7b3 #ffffff,Brown Short Black Adult Overweight Hetare Uneducated Employee Servant Torture,,,https://vndb.org/c20965,
al7157,anilist,6,22,,,徳川茂茂,Shigeshige Tokugawa,Sho-chan / Shogun-sama / Ue-sama,男,,,动画|漫画,动画,銀魂,银魂,2006,动画,"[{""t"":""銀魂"",""cn"":""银魂"",""ty"":""动画"",""y"":2006,""pop"":296063},{""t"":""銀魂゜"",""cn"":"""",""ty"":""动画"",""y"":2015,""pop"":119621},{""t"":""銀魂’"",""cn"":"""",""ty"":""动画"",""y"":2011,""pop"":110096},{""t"":""銀魂’延長戦"",""cn"":"""",""ty"":""动画"",""y"":2012,""pop"":84431},{""t"":""銀魂 THE FINAL"",""cn"":"""",""ty"":""动画"",""y"":2021,""pop"":55581},{""t"":""銀魂"",""cn"":""银魂"",""ty"":""漫画"",""y"":2003,""pop"":31772}]","175 cm (5'9"") Tokugawa Shige Shige, the Seii taishōgun of Japan. His role in controlling the country is not great because of the passing of his late Father (and the Amanto invasion), so he looked up to Police chief [Matsudaira](//anilist.co…",347,347,0,0,,https://s4.anilist.co/file/anilistcdn/character/large/7157.jpg,https://s4.anilist.co/file/anilistcdn/character/medium/7157.jpg,,,,https://anilist.co/character/7157,,,
al131614,anilist,6,22,,,伊弉冉一二三,Hifumi Izanami,GIGOLO,男,A,29,动画|漫画,动画,ヒプノシスマイク -Division Rap Battle- Rhyme Anima,,2020,动画,"[{""t"":""ヒプノシスマイク -Division Rap Battle- Rhyme Anima"",""cn"":"""",""ty"":""动画"",""y"":2020,""pop"":25410},{""t"":""ヒプノシスマイク-Division Rap Battle- Rhyme Anima +"",""cn"":"""",""ty"":""动画"",""y"":2023,""pop"":5302},{""t"":""ヒプノシスマイク -Division Rap Battle- side F.P & M"",""cn"":"""",""ty"":""漫画"",""y"":2018,""pop"":1039},{""t"":""映画 ヒプノシスマイク -Division Rap Battle-"",""cn"":"""",""ty"":""动画"",""y"":2025,""pop"":994},{""t"":""Glory or Dust"",""cn"":"""",""ty"":""动画"",""y"":2021,""pop"":547},{""t"":""ヒプノシスマイク -Before the Battle- Dawn of Divisions"",""cn"":"""",""ty"":""漫画"",""y"":2020,""pop"":467}]",179 cm A worker at a host club and one of the three members of Matenrou alongside [Jinguji Jakurai](//anilist.co/character/131609/Jinguji-Jakurai) and [Kannonzaka Doppo](//anilist.co/character/131613/Kannonzaka-Doppo).,309,309,0,0,,https://s4.anilist.co/file/anilistcdn/character/large/b131614-7MfGlp6duQZZ.png,https://s4.anilist.co/file/anilistcdn/character/medium/b131614-7MfGlp6duQZZ.png,,,,https://anilist.co/character/131614,,,
vndb-c103007,vndb,6,22,,,コリヴス,Colivus,,男,,,Galgame,Galgame,ラディアンテイル,,2022,Galgame,"[{""t"":""ラディアンテイル"",""cn"":"""",""ty"":""Galgame"",""y"":2022,""pop"":266},{""t"":""ラディアンテイル ～ファンファーレ！～"",""cn"":"""",""ty"":""Galgame"",""y"":2023,""pop"":103}]",17-year-old boy who is in a 7-year-old body.,266,0,266,0,,https://t.vndb.org/ch/73/126173.jpg,https://t.vndb.org/ch/73/126173.jpg,,#7d4752 #322930 #ab8c8a #ffffff,Black Short Pale Grey Kid Prince Younger Appearance,,,https://vndb.org/c103007,
al3862,anilist,6,22,,,青野月音,Tsukune Aono,Tsukki,男,O,15-17,动画|漫画,动画,ロザリオとバンパイア,,2008,动画,"[{""t"":""ロザリオとバンパイア"",""cn"":"""",""ty"":""动画"",""y"":2008,""pop"":125598},{""t"":""ロザリオとバンパイア Capu2"",""cn"":"""",""ty"":""动画"",""y"":2008,""pop"":70160},{""t"":""ロザリオとバンパイア"",""cn"":"""",""ty"":""漫画"",""y"":2004,""pop"":22918},{""t"":""ロザリオとバンパイア SeasonⅡ"",""cn"":"""",""ty"":""漫画"",""y"":2007,""pop"":14874},{""t"":""プロトタイプ版 ロザリオとバンパイア"",""cn"":"""",""ty"":""漫画"",""y"":2003,""pop"":1099}]","170 cm He is an average, ordinary human boy who is somehow accepted into a school of monsters and despite the danger it entails for him, he remains on campus, with one of his motivations for staying being [Moka Akashiya](//anilist.co/charac…",257,257,0,0,,https://s4.anilist.co/file/anilistcdn/character/large/b3862-9hIc2S9Si7NW.png,https://s4.anilist.co/file/anilistcdn/character/medium/b3862-9hIc2S9Si7NW.png,,,,https://anilist.co/character/3862,,,
vndb-c25542,vndb,6,23,,,天条院 柚菜,Tenjouin Yuzuna,,女,,,Galgame,Galgame,妹ぱらだいす！～お兄ちゃんと5人の妹のエッチしまくりな毎日～,,2011,Galgame,"[{""t"":""妹ぱらだいす！～お兄ちゃんと5人の妹のエッチしまくりな毎日～"",""cn"":"""",""ty"":""Galgame"",""y"":2011,""pop"":2258},{""t"":""いちゃぷり！ ～お嬢様とイチャラブえっちな毎日～"",""cn"":"""",""ty"":""Galgame"",""y"":2009,""pop"":79}]","2-B, same as protagonist's.",2258,0,2258,0,,https://t.vndb.org/ch/03/31303.jpg,https://t.vndb.org/ch/03/31303.jpg,,#cd7585 #5f3152 #d8b6ac #eddcd0 #f7f1e9 #feffff,Red Twin Tails Waist Length+ Teen Slim Pale School Uniform Blowjob Virgin Sex Mini-dress,,,https://vndb.org/c25542,
al12305,anilist,6,23,,,櫛枝実乃梨,Minori Kushieda,Minorin,女,,17,动画|漫画|轻小说,动画,とらドラ！,虎与龙,2008,动画,"[{""t"":""とらドラ！"",""cn"":""虎与龙"",""ty"":""动画"",""y"":2008,""pop"":542296},{""t"":""とらドラ！ 弁当の極意"",""cn"":"""",""ty"":""动画"",""y"":2011,""pop"":52582},{""t"":""オオカミさんと七人の仲間たち"",""cn"":"""",""ty"":""动画"",""y"":2010,""pop"":52539},{""t"":""とらドラ! SOS!"",""cn"":"""",""ty"":""动画"",""y"":2009,""pop"":22416},{""t"":""とらドラ！"",""cn"":""虎与龙"",""ty"":""漫画"",""y"":2007,""pop"":10688},{""t"":""とらドラ!"",""cn"":""虎与龙"",""ty"":""轻小说"",""y"":2006,""pop"":7916}]","163 cm Minori is a girl in [Ryuuji](//anilist.co/character/12295/Takasu-Ryuuji)'s class, and is a close friend to [Taiga](//anilist.co/character/12064/Aisaka-Taiga). She is also known by the pet name ""Minorin"".",2215,2215,0,0,,https://s4.anilist.co/file/anilistcdn/character/large/b12305-AdKOcp0az9mq.jpg,https://s4.anilist.co/file/anilistcdn/character/medium/b12305-AdKOcp0az9mq.jpg,,,,https://anilist.co/character/12305,,,
vndb-c10263,vndb,6,23,,,朔夜・ル・ベル・銀,Sakuya Le Bel Shirogane,銀 朔夜 / Shirogane Sakuya,男,,,Galgame,Galgame,はーとふる彼氏〜希望の学園と白い翼〜,,2011,Galgame,"[{""t"":""はーとふる彼氏〜希望の学園と白い翼〜"",""cn"":"""",""ty"":""Galgame"",""y"":2011,""pop"":1869},{""t"":""はーとふる彼氏 HolidayStar"",""cn"":"""",""ty"":""Galgame"",""y"":2011,""pop"":486}]","Hiyoko's classmate, Sakuya is a French Fantail transfer student. From the pureblooded and noble Le Bel family, Sakuya looks down upon other birds as ""mongrels"". Hard to satisfy with an enormous pride, he's St.",1869,0,1869,0,,https://t.vndb.org/ch/50/11350.jpg,https://t.vndb.org/ch/50/11350.jpg,,#fdd1f5 #b8b49c #d5cfce #f5f1f5 #e5e6e3,Cross-dressing Brown Full Brother Step Brother Student Council President Musician Noble Strict Arrogant Classmate,,,https://vndb.org/c10263,
al2882,anilist,6,23,,,ソニック・ザ・ヘッジホッグ,Sonic the Hedgehog,Blue Blur / True Blue,男,,15,动画,动画,ソニックX,,2003,动画,"[{""t"":""ソニックX"",""cn"":"""",""ty"":""动画"",""y"":2003,""pop"":23989},{""t"":""ソニック・ザ・ヘッジホッグ"",""cn"":"""",""ty"":""动画"",""y"":1996,""pop"":8037},{""t"":""ソニックX 第2期"",""cn"":"""",""ty"":""动画"",""y"":2005,""pop"":4229},{""t"":""Hi☆sCoool! セハガール"",""cn"":"""",""ty"":""动画"",""y"":2014,""pop"":4157},{""t"":""SONIC NIGHT OF THE WEREHOG ～ソニック&チップ 恐怖の館～"",""cn"":"""",""ty"":""动画"",""y"":2008,""pop"":3318},{""t"":""ソニック X Pilot"",""cn"":"""",""ty"":""动画"",""y"":2001,""pop"":1571}]","The titular main protagonist of the Sonic the Hedgehog series and SEGA's mascot. He is an anthropomorphic hedgehog known for his ability to run faster than the speed of sound, hence his name.",1008,1008,0,0,,https://s4.anilist.co/file/anilistcdn/character/large/b2882-i2rD5jJr1zlZ.png,https://s4.anilist.co/file/anilistcdn/character/medium/b2882-i2rD5jJr1zlZ.png,,,,https://anilist.co/character/2882,,,
al88923,anilist,6,23,,,中川夏紀,Natsuki Nakagawa,,女,A,,动画,动画,響け！ユーフォニアム,吹响吧！上低音号,2015,动画,"[{""t"":""響け！ユーフォニアム"",""cn"":""吹响吧！上低音号"",""ty"":""动画"",""y"":2015,""pop"":151819},{""t"":""響け！ユーフォニアム 2"",""cn"":""吹响吧！上低音号 第二季"",""ty"":""动画"",""y"":2016,""pop"":77697},{""t"":""リズと青い鳥"",""cn"":"""",""ty"":""动画"",""y"":2018,""pop"":72540},{""t"":""響け！ユーフォニアム３"",""cn"":"""",""ty"":""动画"",""y"":2024,""pop"":36376},{""t"":""劇場版 響け！ユーフォニアム～誓いのフィナーレ～"",""cn"":"""",""ty"":""动画"",""y"":2019,""pop"":35634},{""t"":""響け！ユーフォニアム 番外編 かけだすモナカ"",""cn"":"""",""ty"":""动画"",""y"":2015,""pop"":25370}]","156 cm Euphonium Natsuki is a reserved girl who is seen rarely talking, and she has an aloof and calm attitude. It is later revealed that the second-years are like this because of an event which occurred the year before [Kumiko Oumae](//ani…",862,862,0,0,,https://s4.anilist.co/file/anilistcdn/character/large/b88923-YR8ykPfq5bMV.png,https://s4.anilist.co/file/anilistcdn/character/medium/b88923-YR8ykPfq5bMV.png,,,,https://anilist.co/character/88923,,,
vndb-c8754,vndb,6,23,,,上崎 裡沙,Kamizaki Risa,,女,O,,Galgame,Galgame,アマガミ,,2009,Galgame,"[{""t"":""アマガミ"",""cn"":"""",""ty"":""Galgame"",""y"":2009,""pop"":775},{""t"":""アマガミ ちょっとおまけ劇場"",""cn"":"""",""ty"":""Galgame"",""y"":2010,""pop"":38},{""t"":""アマガミGS"",""cn"":"""",""ty"":""Galgame"",""y"":2012,""pop"":26}]","A secret character in the game and anime. A shy girl, Risa has been in love with the protagonist since grade school and has been secretly stalking him since.",775,0,775,0,,https://t.vndb.org/ch/15/173815.jpg,https://t.vndb.org/ch/15/173815.jpg,,#6f5048 #b9a496 #d4c4ba #f2e0d1 #ffffff,Brown Hime Cut Long Brown Teen Slim Pale School Uniform Sweater Jacket,,,https://vndb.org/c8754,
vndb-c87836,vndb,6,23,,,和泉 智宏,Izumi Tomohiro,Tomosuke / トモすけ / Kujibiki Kaichou / くじ引き会長,男,,,Galgame,Galgame,ハミダシクリエイティブ,,2020,Galgame,"[{""t"":""ハミダシクリエイティブ"",""cn"":"""",""ty"":""Galgame"",""y"":2020,""pop"":723},{""t"":""ハミダシクリエイティブ凸"",""cn"":"""",""ty"":""Galgame"",""y"":2022,""pop"":320},{""t"":""ハミダシクリエイティブRe:Re:call"",""cn"":"""",""ty"":""Galgame"",""y"":2025,""pop"":147}]","The protagonist, who never sticks out in class. In a stroke of bad luck, he was appointed by lottery as the student council president and finds himself suddenly the center of attention.",723,0,723,0,,https://t.vndb.org/ch/41/125941.jpg,https://t.vndb.org/ch/41/125941.jpg,,#e09a6a #fbe782 #e8b1a3 #4b3f4d #917474 #fbe4cc,Black Short Straight Teen Slim Pale School Uniform Trousers Orphan Cooking,,,https://vndb.org/c87836,
vndb-c15393,vndb,6,23,,,黒沢 琉,Kurosawa Ryuu,Glasses / Ryu,男,B,,Galgame,Galgame,"NO,THANK YOU!!!",,2013,Galgame,,"sótano’s head bartender and pianist. He can handle just about any situation smoothly. His customer service is flawless, and at first glance he seems like an amicable intellectual; but in reality he’s a neurotic, anti-social young man with a…",697,0,697,0,,https://t.vndb.org/ch/62/34362.jpg,https://t.vndb.org/ch/62/34362.jpg,,#3c3d4b #6c6777 #ede1d5 #b8b2b1 #ffffff,Black Curtained Short Straight Slim Pale Trousers Dress Shoes Hard Worker Orphan,,,https://vndb.org/c15393,
al127210,anilist,6,23,1534,,織田信長,Nobunaga Oda,Demon Archer / Majin Archer / Demon King of the Sixth Heaven / Great Fool of Owari,女,,,动画|漫画,动画,Fate/Grand Carnival,,2021,动画,"[{""t"":""Fate/Grand Carnival"",""cn"":"""",""ty"":""动画"",""y"":2021,""pop"":22037},{""t"":""帝都聖杯奇譚 Fate/type Redline"",""cn"":"""",""ty"":""漫画"",""y"":2019,""pop"":9942},{""t"":""Fate/Grand Order CMs"",""cn"":"""",""ty"":""动画"",""y"":2014,""pop"":9443},{""t"":""Fate/Grand Order 藤丸立香はわからない"",""cn"":"""",""ty"":""动画"",""y"":2023,""pop"":2719},{""t"":""「Fate/Grand Order」Memorial Movie 2023"",""cn"":"""",""ty"":""动画"",""y"":2023,""pop"":1835},{""t"":""年忘れぐだぐだオーダー2016"",""cn"":"""",""ty"":""动画"",""y"":2016,""pop"":1353}]",152cm Demon Archer is the Archer-class Servant in the Strange Tales of the Imperial Holy Grail of Koha Ace. She is one of the Servants of the Protagonist of the Grand Order conflicts of Fate/Grand Order.,528,528,0,0,,https://s4.anilist.co/file/anilistcdn/character/large/b127210-hTvfTuQMyP4c.png,https://s4.anilist.co/file/anilistcdn/character/medium/b127210-hTvfTuQMyP4c.png,,,,https://anilist.co/character/127210,,,
vndb-c4107,vndb,6,23,,,冬篠 宮和,Toushino Miyawa,Miya,女,B,,Galgame,Galgame,るいは智を呼ぶ,,2008,Galgame,"[{""t"":""るいは智を呼ぶ"",""cn"":"""",""ty"":""Galgame"",""y"":2008,""pop"":367},{""t"":""るいは智を呼ぶファンディスク ―明日のむこうに視える風―"",""cn"":"""",""ty"":""Galgame"",""y"":2010,""pop"":207}]","A classmate, the greatest admirer, the number one fan and the self-styled stalker of Tomo. She holds lesbian desires towards the person she believed to be a girl just like her.",367,0,367,0,,https://t.vndb.org/ch/39/17939.jpg,https://t.vndb.org/ch/39/17939.jpg,,#a98f87 #68504c #dbc5ba #f6f1e7 #fefefe,Twin Tails Curtained Shoulder-length Slim Pale School Uniform Missionary Virgin Sex Red Young-adult,,,https://vndb.org/c4107,
vndb-c33125,vndb,6,23,,,楠原 裕樹,Kusuhara Hiroki,,男,,,Galgame,Galgame,Memory's Dogma Code:01,,2016,Galgame,,"Ever since losing his childhood friend in a traffic accident, he has been experiencing uncontrollable suicidal tendencies. However, his attempts have always ended in failure. ""Why couldn't I save Sorano?"" The thought constantly hounds him.",333,0,333,0,,https://t.vndb.org/ch/87/61087.jpg,https://t.vndb.org/ch/87/61087.jpg,,#594f4b #8a8e8d #e6eff0 #c4c3bf #f9fefe,Black Short Proactive Black Young-adult Low Self-esteem Bullying Clinical Depression Friend Torture,,,https://vndb.org/c33125,
vndb-c104710,vndb,6,23,,,吉岡 禄郎,Yoshioka Rokuro,,男,O,,Galgame,Galgame,SympathyKiss,,2022,Galgame,,"The son of Tempesti’s CEO, and also Estario’s business partner. Due to his look, intelligence and wealth, he’s very popular among women. Despite that, he’s now more focused on his work rather than romance.",221,0,221,0,,https://t.vndb.org/ch/67/126167.jpg,https://t.vndb.org/ch/67/126167.jpg,,#188b1d #caa396 #e5c5b6 #847984 #f2e5de #fefdfc,Blond Short Hard Worker Deredere Childhood Friend Belt Wealthy Kind Arranged Marriage Popular,,,https://vndb.org/c104710,
vndb-c87848,vndb,6,23,,,玻閏,Hajun,,男,,,Galgame,Galgame,DAIROKU：AYAKASHIMORI,,2020,Galgame,,"Oda Nobunaga himself. Since the Honnoji Incident, he's been in Sakuratani. The gun of 'Makatsuhi'.",212,0,212,0,,https://t.vndb.org/ch/49/106649.jpg,https://t.vndb.org/ch/49/106649.jpg,,#37312f #77736c #e2d5c6 #f6ede2 #b0aca8 #ffffff,Black Short Amber Coat Earrings Younger Appearance Pendant Necklace Slicked Back,,,https://vndb.org/c87848,
al294249,anilist,6,23,,,ロリーサ,Lolisa,Newbie Succubus / Loli Succubus,女,,,动画|漫画|轻小说,动画,この素晴らしい世界に祝福を！,为美好的世界献上祝福！,2016,动画,"[{""t"":""この素晴らしい世界に祝福を！"",""cn"":""为美好的世界献上祝福！"",""ty"":""动画"",""y"":2016,""pop"":518169},{""t"":""この素晴らしい世界に祝福を!"",""cn"":""为美好的世界献上祝福！"",""ty"":""轻小说"",""y"":2013,""pop"":17869},{""t"":""この素晴らしい世界に祝福を!"",""cn"":""为美好的世界献上祝福！"",""ty"":""漫画"",""y"":2014,""pop"":10989},{""t"":""この素晴らしい世界に祝福を!エクストラ あの愚か者にも脚光を!"",""cn"":"""",""ty"":""轻小说"",""y"":2017,""pop"":991}]","The youngest employee of the Succubus Cafe. She is introduced when she was captured by [Aqua](//anilist.co/character/89362/Aqua), after having been on her way to service [Kazuma](//anilist.co/character/89364/Satou-Kazuma).",38,38,0,0,,https://s4.anilist.co/file/anilistcdn/character/large/b294249-RsTSbvKngm0z.png,https://s4.anilist.co/file/anilistcdn/character/medium/b294249-RsTSbvKngm0z.png,,,,https://anilist.co/character/294249,,,
al332990,anilist,6,23,,,榎本健史,Takeshi Enomoto,,男,,,动画|漫画,动画,WIND BREAKER,,2024,动画,"[{""t"":""WIND BREAKER"",""cn"":"""",""ty"":""动画"",""y"":2024,""pop"":190806},{""t"":""WIND BREAKER Season 2"",""cn"":"""",""ty"":""动画"",""y"":2025,""pop"":100412},{""t"":""WIND BREAKER"",""cn"":"""",""ty"":""漫画"",""y"":2021,""pop"":21753}]",,6,6,0,0,,https://s4.anilist.co/file/anilistcdn/character/large/b332990-ahMIjFDMaqA8.png,https://s4.anilist.co/file/anilistcdn/character/medium/b332990-ahMIjFDMaqA8.png,,,,https://anilist.co/character/332990,,,
al1612,anilist,6,24,1971,北条沙都子,北条沙都子,Satoko Houjou,Trapmaster,女,O,11-17,动画|Galgame,动画,ひぐらしのなく頃に,寒蝉鸣泣之时,2006,动画,"[{""t"":""ひぐらしのなく頃に"",""cn"":""寒蝉鸣泣之时"",""ty"":""动画"",""y"":2006,""pop"":177687},{""t"":""ひぐらしのなく頃に解"",""cn"":""寒蝉鸣泣之时 解"",""ty"":""动画"",""y"":2007,""pop"":90255},{""t"":""ひぐらしのなく頃に業"",""cn"":""寒蝉鸣泣之时 业"",""ty"":""动画"",""y"":2020,""pop"":82599},{""t"":""ひぐらしのなく頃に礼"",""cn"":""寒蝉鸣泣之时 礼"",""ty"":""动画"",""y"":2009,""pop"":44929},{""t"":""ひぐらしのなく頃に卒"",""cn"":""寒蝉鸣泣之时 卒"",""ty"":""动画"",""y"":2021,""pop"":38674},{""t"":""ひぐらしのなく頃に煌"",""cn"":""寒蝉鸣泣之时 煌"",""ty"":""动画"",""y"":2011,""pop"":21590}]",圭一和礼奈他们的学妹。有着极高的灵敏度，还可以预测对手的行动后事先设下陷阱这种不得了的兴趣，自称“陷阱高手”，从恶作剧到认真程度都有，后山满满的都是她的陷阱领域，真是个了不得的鬼机灵。会用类似大小姐的说话语调，不过文法很多都错了，本人觉得是高格调，但旁人听来只觉得是挑衅。因为这种口头禅所以感觉是个乱七八糟的人，个性有些傲慢，讨厌输却又不会汲取教训。 外表看不出来但其实运动细胞很好，棒球更是擅长。,11241,1209,11241,226,,https://s4.anilist.co/file/anilistcdn/character/large/b1612-lL5sulSea1fZ.png,https://s4.anilist.co/file/anilistcdn/character/medium/b1612-lL5sulSea1fZ.png,https://t.vndb.org/ch/84/113084.jpg|https://lain.bgm.tv/r/400/pic/crt/l/6e/26/3188_crt_3vvIg.jpg?r=1602214055,,Blond Short Straight Slim Pale Hard Worker Student Orphan Cooking Kid,https://anilist.co/character/1612,https://bgm.tv/character/3188,https://vndb.org/c3789,3188
al129137,anilist,6,24,,,カタリナ・クラエス,Katarina Claes,Bakarina / Catarina,女,,,动画|漫画|轻小说,动画,乙女ゲームの破滅フラグしかない悪役令嬢に転生してしまった…,,2020,动画,"[{""t"":""乙女ゲームの破滅フラグしかない悪役令嬢に転生してしまった…"",""cn"":"""",""ty"":""动画"",""y"":2020,""pop"":147719},{""t"":""乙女ゲームの破滅フラグしかない悪役令嬢に転生してしまった…Ｘ"",""cn"":"""",""ty"":""动画"",""y"":2021,""pop"":78692},{""t"":""映画 乙女ゲームの破滅フラグしかない悪役令嬢に転生してしまった…"",""cn"":"""",""ty"":""动画"",""y"":2023,""pop"":21480},{""t"":""乙女ゲームの破滅フラグしかない悪役令嬢に転生してしまった…"",""cn"":"""",""ty"":""漫画"",""y"":2017,""pop"":13499},{""t"":""乙女ゲームの破滅フラグしかない悪役令嬢に転生してしまった…Ｘ 運命の人に出会ってしまった..."",""cn"":"""",""ty"":""动画"",""y"":2021,""pop"":11825},{""t"":""乙女ゲームの破滅フラグしかない悪役令嬢に転生してしまった…"",""cn"":"""",""ty"":""轻小说"",""y"":2015,""pop"":4115}]","Earth The main villain of the Fortune Lover game, however, after she recalls her previous life as a Japanese student, her personality underwent a massive change and she became much nicer and more humble. Game The quintessential villainess.",2124,2124,0,0,,https://s4.anilist.co/file/anilistcdn/character/large/b129137-jTXVGAICPfvX.png,https://s4.anilist.co/file/anilistcdn/character/medium/b129137-jTXVGAICPfvX.png,,,,https://anilist.co/character/129137,,,
vndb-c112416,vndb,6,24,,真津下应太,真津下 応太,Matsushita Outa,K G (@KetoneGrade) / Mato / Pongo Ponko (@author_orangutan) / optical protein fiber (@opticilium),男,,,Galgame,Galgame,AI: ソムニウムファイル ニルヴァーナイニシアチブ,AI：梦境档案 涅槃肇始,2022,Galgame,,打算成为轻小说作家的网络偶像宅，是A-set的狂热粉丝，性格胆小有些保守。,1753,0,1753,3,,https://t.vndb.org/ch/58/134958.jpg,https://t.vndb.org/ch/58/134958.jpg,https://lain.bgm.tv/r/400/pic/crt/l/1a/4a/69401_crt_eSSp2.jpg?r=1554115279,#dec756 #6d8a92 #594f4c #b3a3a5 #c9cac4 #fefefe,Brown Brown Teen Pale Sweater Cooking Apron Otaku Deredere Boku,,https://bgm.tv/character/69401,https://vndb.org/c112416,69401
al262075,anilist,6,24,,,神代類,Rui Kamishiro,,男,,,动画|漫画|Galgame,动画,プロジェクトセカイ 壊れたセカイと歌えないミク,,2025,动画,"[{""t"":""プロジェクトセカイ 壊れたセカイと歌えないミク"",""cn"":"""",""ty"":""动画"",""y"":2025,""pop"":22263},{""t"":""ぷちセカ"",""cn"":"""",""ty"":""动画"",""y"":2022,""pop"":3877},{""t"":""Journey to Bloom"",""cn"":"""",""ty"":""动画"",""y"":2023,""pop"":2736},{""t"":""群青讃歌 (2022)"",""cn"":"""",""ty"":""动画"",""y"":2022,""pop"":1240},{""t"":""プロジェクトセカイ カラフルステージ！ feat.初音ミク　コミックアンソロジー"",""cn"":"""",""ty"":""漫画"",""y"":2021,""pop"":1073},{""t"":""Journey"",""cn"":"""",""ty"":""动画"",""y"":2022,""pop"":958}]","180 cm (5'11"") Rui is a member of the musical show unit Wonderlands x Showtime. He manages their stage performances. Rui is highly skilled at inventing and often creates robots for the shows.",500,500,212,0,,https://s4.anilist.co/file/anilistcdn/character/large/b262075-j0R41yDx1Mrv.png,https://s4.anilist.co/file/anilistcdn/character/medium/b262075-j0R41yDx1Mrv.png,https://t.vndb.org/ch/85/154085.jpg,,Blue Violet Short Teen Pale Trousers Amber Earrings Vest Gloves,https://anilist.co/character/262075,,https://vndb.org/c123755,
al8028,anilist,6,24,,,湯浅比呂美,Hiromi Yuasa,,女,,,动画,动画,true tears,,2008,动画,"[{""t"":""true tears"",""cn"":"""",""ty"":""动画"",""y"":2008,""pop"":42361},{""t"":""True Tears Specials"",""cn"":"""",""ty"":""动画"",""y"":2008,""pop"":2812},{""t"":""true tears×花咲くいろは×TARITARI ユートピア"",""cn"":"""",""ty"":""动画"",""y"":2014,""pop"":2452}]",Hiromi is a girl [Shinichirou's](//anilist.co/character/8026/Nakagami-Shinichirou) age and goes to the same high school as him.,491,491,0,0,,https://s4.anilist.co/file/anilistcdn/character/large/b8028-xXFAyYi8i14B.png,https://s4.anilist.co/file/anilistcdn/character/medium/b8028-xXFAyYi8i14B.png,,,,https://anilist.co/character/8028,,,
al127440,anilist,6,24,,,雨野狭霧,Sagiri Ameno,,女,A,,动画|漫画,动画,ゆらぎ荘の幽奈さん,,2018,动画,"[{""t"":""ゆらぎ荘の幽奈さん"",""cn"":"""",""ty"":""动画"",""y"":2018,""pop"":84576},{""t"":""ゆらぎ荘の幽奈さん OVA"",""cn"":"""",""ty"":""动画"",""y"":2018,""pop"":19790},{""t"":""ゆらぎ荘の幽奈さん"",""cn"":"""",""ty"":""漫画"",""y"":2016,""pop"":18514}]","163 cm (5'4"") A ninja from the Chuuma Village. She hails from the Ameno house, a clan specializing in the art of demon slaying.",388,388,0,0,,https://s4.anilist.co/file/anilistcdn/character/large/b127440-7NVqCsH6wpBr.jpg,https://s4.anilist.co/file/anilistcdn/character/medium/b127440-7NVqCsH6wpBr.jpg,,,,https://anilist.co/character/127440,,,
al122010,anilist,6,24,,,ロウレス,Lawless,Hyde or Rotten Hedgehog,男,,,动画|漫画,动画,SERVAMP,,2016,动画,"[{""t"":""SERVAMP"",""cn"":"""",""ty"":""动画"",""y"":2016,""pop"":69566},{""t"":""SERVAMP -サーヴァンプ-: Alice in the Garden"",""cn"":"""",""ty"":""动画"",""y"":2018,""pop"":7731},{""t"":""SERVAMP -サーヴァンプ-"",""cn"":"""",""ty"":""漫画"",""y"":2011,""pop"":5944}]",176 cm Lawless is the Servamp of Greed and has a contract with a famous pianist [Licht Jekylland Todoroki](//anilist.co/character/122011/Todoroki-Jekylland-Licht).,315,315,0,0,,https://s4.anilist.co/file/anilistcdn/character/large/b122010-b6SF63gpMTUk.jpg,https://s4.anilist.co/file/anilistcdn/character/medium/b122010-b6SF63gpMTUk.jpg,,,,https://anilist.co/character/122010,,,
vndb-c53754,vndb,6,24,,,天田 乾,Amada Ken,The Pretentious Tenderfoot Duo,男,AB,,Galgame,Galgame,ペルソナ4 ジ・アルティマックス ウルトラス―プレックスホールド,,2014,Galgame,,"Ken is a former member of the SEES and currently a student at Gekkoukan High School's middle school branch. Despite his young age, Ken is very intelligent and mature.",270,0,270,0,,https://t.vndb.org/ch/87/64187.jpg,https://t.vndb.org/ch/87/64187.jpg,,#8d8166 #2e2a24 #f1e8ce #bfb8ac #ffffff,Brown Short Brown Teen Slim Pale School Uniform Trousers Dress Shoes Proactive,,,https://vndb.org/c53754,
al89471,anilist,6,24,,,吉備土,Kibito,,男,,19,动画|轻小说,动画,甲鉄城のカバネリ,,2016,动画,"[{""t"":""甲鉄城のカバネリ"",""cn"":"""",""ty"":""动画"",""y"":2016,""pop"":197082},{""t"":""甲鉄城のカバネリ 〜海門決戦〜"",""cn"":"""",""ty"":""动画"",""y"":2019,""pop"":50086},{""t"":""甲鉄城のカバネリ 総集編｛後編｝燃える命"",""cn"":"""",""ty"":""动画"",""y"":2017,""pop"":16254},{""t"":""甲鉄城のカバネリ 総集編｛前編｝集う光"",""cn"":"""",""ty"":""动画"",""y"":2016,""pop"":14789},{""t"":""甲鉄城のカバネリ 無名爛漫"",""cn"":"""",""ty"":""动画"",""y"":2026,""pop"":1570},{""t"":""小説 甲鉄城のカバネリ"",""cn"":"""",""ty"":""轻小说"",""y"":2016,""pop"":343}]",A warrior who serves Ayame's family. He is understanding and treats people of all social classes without discrimination. (ANN),13,13,0,0,,https://s4.anilist.co/file/anilistcdn/character/large/b89471-quAzgchiYSlx.png,https://s4.anilist.co/file/anilistcdn/character/medium/b89471-quAzgchiYSlx.png,,,,https://anilist.co/character/89471,,,
vndb-c1605,vndb,6,25,,小渊南,小渕 みなみ,Obuchi Minami,,女,B,,Galgame,Galgame,School Days,日在校园,2005,Galgame,"[{""t"":""School Days"",""cn"":""日在校园"",""ty"":""Galgame"",""y"":2005,""pop"":4687},{""t"":""Cross Days"",""cn"":""日在交叉"",""ty"":""Galgame"",""y"":2010,""pop"":179}]",4班女生。气氛制造者。 围绕着乙女的三人组。对乙女惟命是从。 姓氏来自第84任日本首相小渊惠三。,4687,0,4687,4,,https://t.vndb.org/ch/08/7908.jpg,https://t.vndb.org/ch/08/7908.jpg,https://lain.bgm.tv/r/400/pic/crt/l/52/17/112784_crt_5Yh7N.jpg,#554846 #a79c9b #f9f4f0 #d0cccd #ebebec #ffffff,Brown Curtained Short Straight Teen Slim Pale School Uniform Grey Miniskirt,,https://bgm.tv/character/112784,https://vndb.org/c1605,112784
al145342,anilist,6,25,1991,花垣武道,花垣武道,Takemichi Hanagaki,Takemitchy / Crybaby / Hero / Wuss-boy,男,A,"14 (past), 26 (present)",动画|漫画,动画,東京リベンジャーズ,东京复仇者,2021,动画,"[{""t"":""東京リベンジャーズ"",""cn"":""东京复仇者"",""ty"":""动画"",""y"":2021,""pop"":445622},{""t"":""東京リベンジャーズ 聖夜決戦編"",""cn"":""东京复仇者 圣夜决战篇"",""ty"":""动画"",""y"":2023,""pop"":143018},{""t"":""東京卍リベンジャーズ"",""cn"":""东京卍复仇者"",""ty"":""漫画"",""y"":2017,""pop"":117730},{""t"":""東京リベンジャーズ 天竺編"",""cn"":"""",""ty"":""动画"",""y"":2023,""pop"":85576},{""t"":""東京リベンジャーズ 三天戦争編"",""cn"":"""",""ty"":""动画"",""y"":2026,""pop"":22716},{""t"":""ちびりべ"",""cn"":"""",""ty"":""动画"",""y"":2021,""pop"":8313}]",在最初的世界线是一位26岁了仍然活得浑浑噩噩的光碟出租店店员。中学二年级时与同校好友自称沟中五人众，惹到东卍成员被当成小弟奴役，为脱离控制一毕业就抛下了女友橘日向逃到外地。 在边等地铁边追忆时不幸摔落铁轨，以为自己要被撞死之际精神回到了过去。 随着剧情推进发现自己能借由跟橘日向的弟弟橘直人握手穿越时空，每次穿越的时间都是12年整。,3192,3192,0,3,,https://s4.anilist.co/file/anilistcdn/character/large/b145342-GSUutL83jGgI.png,https://s4.anilist.co/file/anilistcdn/character/medium/b145342-GSUutL83jGgI.png,https://lain.bgm.tv/r/400/pic/crt/l/26/3b/86042_crt_7TNOg.jpg?r=1616763536,,,https://anilist.co/character/145342,https://bgm.tv/character/86042,,86042
al81645,anilist,6,25,,篝敦子,アツコ・カガリ,Atsuko Kagari,Akko,女,,16,动画|漫画,动画,リトルウィッチアカデミア (TV),,2017,动画,"[{""t"":""リトルウィッチアカデミア (TV)"",""cn"":"""",""ty"":""动画"",""y"":2017,""pop"":167097},{""t"":""リトルウィッチアカデミア"",""cn"":""小魔女学园"",""ty"":""动画"",""y"":2013,""pop"":101186},{""t"":""リトルウィッチアカデミア 魔法仕掛けのパレード"",""cn"":""小魔女学园 魔法游行"",""ty"":""动画"",""y"":2015,""pop"":54917},{""t"":""宇宙パトロールルル子"",""cn"":""宇宙巡警露露子"",""ty"":""动画"",""y"":2016,""pop"":50797},{""t"":""リトルウィッチアカデミア"",""cn"":""小魔女学园"",""ty"":""漫画"",""y"":2016,""pop"":3744},{""t"":""リトルウィッチアカデミア"",""cn"":""小魔女学园"",""ty"":""漫画"",""y"":2013,""pop"":1534}]",从日本而来，志愿成为魔女的少女。小时候着迷于闪光莎莉欧的魔法秀，立志成为魔女于是来到了鲁纳诺娃魔法学校，虽然不擅长魔法，但会乐观向前地朝着成为莎莉欧那样的魔女而努力。,2814,2814,0,331,,https://s4.anilist.co/file/anilistcdn/character/large/81645-dvD1Ac67IkpJ.png,https://s4.anilist.co/file/anilistcdn/character/medium/81645-dvD1Ac67IkpJ.png,https://lain.bgm.tv/r/400/pic/crt/l/5b/ef/35185_crt_3F92S.jpg?r=1492703308,,,https://anilist.co/character/81645,https://bgm.tv/character/35185,,35185
vndb-c88349,vndb,6,25,,,藤枝 涼,Fujieda Ryou,柚木 湊 / Yuzuki Minato,男,A,,Galgame,Galgame,スロウ・ダメージ,,2021,Galgame,,"""Do you intend to stay here forever? In that case, I'm going back to my office."" A Takasato-gumi lawyer hired on retainer. Fujieda is a cold, clinical man who adopts a condescending attitude toward Towa.",1458,0,1458,0,,https://t.vndb.org/ch/95/110295.jpg,https://t.vndb.org/ch/95/110295.jpg,,#e5dfd6 #756f71 #b8b3b1 #29292a #f3f0ec #ffffff,Black Short Straight Pale Dress Shoes Blue Young-adult Scar Coat Suit,,,https://vndb.org/c88349,
vndb-c80098,vndb,6,25,,,モリシマ トキオ,Morishima Tokio,McTurtle / Mr. Turtle / Taro Turtle / TurtleGuy,男,,,Galgame,Galgame,シルバー事件,,1999,Galgame,"[{""t"":""シルバー事件"",""cn"":"""",""ty"":""Galgame"",""y"":1999,""pop"":983},{""t"":""シルバー事件25区"",""cn"":"""",""ty"":""Galgame"",""y"":2005,""pop"":532}]",The protagonist of the Placebo storylines. A freelance journalist who has been tasked with investigating the serial killer Uehara Kamui.,983,0,983,0,,https://t.vndb.org/ch/05/97205.jpg,https://t.vndb.org/ch/05/97205.jpg,,#8a8abf #62629f #03020e #454581 #0e0e32 #252554,Blond Long Short Proactive Amnesia Grey Young-adult Adult Muscular Trench Coat,,,https://vndb.org/c80098,
vndb-c28270,vndb,6,25,,,ドリアン グレイ,Dorian Gray,,男,,,Galgame,Galgame,OZMAFIA!!,,2013,Galgame,,"The Hedonistic Proprietor Manager of the brothel on Oscar Wilde Street. An elegant and decidedly 'adult' man, he values pleasure above all else and lives only for the present. As the custodian of the town church, he also acts as a priest.",830,0,830,0,,https://t.vndb.org/ch/16/34316.jpg,https://t.vndb.org/ch/16/34316.jpg,,#493a5a #8b758d #cab0b2 #eeded5 #f9f2eb #ffffff,Blue Shoulder-length Slim Pale Adult Suit Cross Necklace Gloves Rape Drinking,,,https://vndb.org/c28270,
vndb-c31862,vndb,6,25,,,水無月 さくら,Minazuki Sakura,,女,,,Galgame,Galgame,Tokyo School Life,,2015,Galgame,,"A warm, friendly girl who loves books. Her father is a professor of English literature, and her mother's family has run a long-standing restaurant for generations.",509,0,509,0,,https://t.vndb.org/ch/22/38122.jpg,https://t.vndb.org/ch/22/38122.jpg,,#a16f83 #363846 #fcd4e9 #cfb8c3 #fcf3df #fcf0f7,Black Waist Length+ Straight Teen Slim Pale School Uniform Red Hair Ribbon Shirt,,,https://vndb.org/c31862,
vndb-c4608,vndb,6,25,,,真島 芳樹,Majima Yoshiki,,男,B,,Galgame,Galgame,蝶の毒 華の鎖,,2011,Galgame,"[{""t"":""蝶の毒 華の鎖"",""cn"":"""",""ty"":""Galgame"",""y"":2011,""pop"":467},{""t"":""蝶の毒 華の鎖 ～幻想夜話～"",""cn"":"""",""ty"":""Galgame"",""y"":2012,""pop"":105}]",,467,0,467,0,,https://t.vndb.org/ch/10/85910.jpg,https://t.vndb.org/ch/10/85910.jpg,,#a49ca7 #7d747c #c7bac0 #eaded7 #ffffff,Brown Short Villain Cunnilingus Scar Hakama Yandere Pretending Husband Cousin,,,https://vndb.org/c4608,
vndb-c38439,vndb,6,25,,,竹宮 千夏,Takemiya Chinatsu,,女,,,Galgame,Galgame,マブラヴ オルタネイティヴ クロニクルズ 告白,,2011,Galgame,,,430,0,430,0,,https://t.vndb.org/ch/61/46461.jpg,https://t.vndb.org/ch/61/46461.jpg,,#756e5e #8f8877 #4e4a43 #2d2a26 #f9e0cc #9f9a95,Black Long Wavy Teen Slim Pale Trousers Blue Belt Kind,,,https://vndb.org/c38439,
al134006,anilist,6,25,,,シャーロット・プリン,Pudding Charlotte,,女,XF,16,动画|漫画,动画,ONE PIECE,航海王,1999,动画,"[{""t"":""ONE PIECE"",""cn"":""航海王"",""ty"":""动画"",""y"":1999,""pop"":750384},{""t"":""ONE PIECE"",""cn"":""航海王"",""ty"":""漫画"",""y"":1997,""pop"":232766},{""t"":""ONE PIECE FILM RED"",""cn"":""航海王：红发歌姬"",""ty"":""动画"",""y"":2022,""pop"":78378}]","166 cm (5'5"") ~! Memo Memo no Mi (Memo-Memo Fruit) Paramecia!~ Charlotte Pudding is the 35th daughter of the Charlotte Family, a member of the [Big Mom](//anilist.co/character/54495/Charlotte-Linlin) Pirates and a hybrid between a human and…",343,343,0,0,,https://s4.anilist.co/file/anilistcdn/character/large/n134006-ZmzLQ5FrdtnL.jpg,https://s4.anilist.co/file/anilistcdn/character/medium/n134006-ZmzLQ5FrdtnL.jpg,,,,https://anilist.co/character/134006,,,
vndb-c16299,vndb,6,25,,,吾妻 梨花,Azuma Rika,Neene / ねーね,女,,,Galgame,Galgame,3days～満ちてゆく刻の彼方で～,,2004,Galgame,,,242,0,242,0,,https://t.vndb.org/ch/30/23930.jpg,https://t.vndb.org/ch/30/23930.jpg,,#4f3a4b #8a7477 #cbbfb2 #e9e3d7 #f7f5ef #ffffff,Black Bob Cut Short Straight Teen Slim Pale School Uniform Villain Cowgirl,,,https://vndb.org/c16299,
al184814,anilist,6,25,,,犬束秀,Shuu Inuzuka,Inuduka / Inu,男,,,动画|漫画,动画,可愛いだけじゃない式守さん,式守同学不只可爱而已,2022,动画,"[{""t"":""可愛いだけじゃない式守さん"",""cn"":""式守同学不只可爱而已"",""ty"":""动画"",""y"":2022,""pop"":216308},{""t"":""可愛いだけじゃない式守さん"",""cn"":""式守同学不只可爱而已"",""ty"":""漫画"",""y"":2018,""pop"":40889}]","He's part of the group of friends surrounding [Izumi](//anilist.co/character/155701) and [Shikimori](//anilist.co/character/155702). He is honest, easy-going, and likes to have fun.",239,239,0,0,,https://s4.anilist.co/file/anilistcdn/character/large/b184814-Jo9pWb4KKsNS.png,https://s4.anilist.co/file/anilistcdn/character/medium/b184814-Jo9pWb4KKsNS.png,,,,https://anilist.co/character/184814,,,
vndb-c10951,vndb,6,25,,,,Matthew Partridge,Matthew Midnight,男,,,Galgame,Galgame,Backstage Pass,,2016,Galgame,,Matthew is a very successful model who's been in the industry since he was a child. His work ranges from mainstream catalogs to avant-garde fashion shows.,225,0,225,0,,https://t.vndb.org/ch/86/12386.jpg,https://t.vndb.org/ch/86/12386.jpg,,#7b788d #29292d #f0e0cf #bfbdc8 #f3f2f1 #ffffff,Blond Long Slim Pale Amber Young-adult Scarf Vest Shy Son,,,https://vndb.org/c10951,
vndb-c63449,vndb,6,25,,,浮気 澪,Ukigi Mio,,女,,,Galgame,Galgame,春音アリス＊グラム,,2017,Galgame,"[{""t"":""春音アリス＊グラム"",""cn"":"""",""ty"":""Galgame"",""y"":2017,""pop"":187},{""t"":""白恋サクラ＊グラム"",""cn"":"""",""ty"":""Galgame"",""y"":2019,""pop"":74}]",,187,0,187,0,,https://t.vndb.org/ch/01/76301.jpg,https://t.vndb.org/ch/01/76301.jpg,,#652534 #967a9c #ceb3c4 #ecd7de #f9f3ed #ffffff,Violet Ahoge Twin Tails Shoulder-length Slim Pale School Uniform Red Kid Miniskirt,,,https://vndb.org/c63449,
al134330,anilist,6,25,,,柏木渚,Nagisa Kashiwagi,,女,B,17,动画|漫画,动画,かぐや様は告らせたい～天才たちの恋愛頭脳戦～,辉夜大小姐想让我告白 ~天才们的恋爱头脑战~,2019,动画,"[{""t"":""かぐや様は告らせたい～天才たちの恋愛頭脳戦～"",""cn"":""辉夜大小姐想让我告白 ~天才们的恋爱头脑战~"",""ty"":""动画"",""y"":2019,""pop"":558713},{""t"":""かぐや様は告らせたい？～天才たちの恋愛頭脳戦～"",""cn"":""辉夜大小姐想让我告白 ~天才们的恋爱头脑战~"",""ty"":""动画"",""y"":2020,""pop"":434528},{""t"":""かぐや様は告らせたい-ウルトラロマンティック-"",""cn"":""辉夜大小姐想让我告白-超级浪漫-"",""ty"":""动画"",""y"":2022,""pop"":292244},{""t"":""かぐや様は告らせたい -ファーストキッスは終わらない-"",""cn"":"""",""ty"":""动画"",""y"":2023,""pop"":147967},{""t"":""かぐや様は告らせたい～天才たちの恋愛頭脳戦～"",""cn"":""辉夜大小姐想让我告白 ~天才们的恋爱头脑战~"",""ty"":""漫画"",""y"":2015,""pop"":119314},{""t"":""かぐや様は告らせたい～天才たちの恋愛頭脳戦～OVA"",""cn"":""辉夜大小姐想让我告白？～天才们的恋爱头脑战～ OVA"",""ty"":""动画"",""y"":2021,""pop"":91890}]",Nagisa is a classmate who occasionally asks [Kaguya](//anilist.co/character/120649) about what to do in her relationships. [Tsubasa](//anilist.co/character/134327)'s girlfriend.,150,150,0,0,,https://s4.anilist.co/file/anilistcdn/character/large/b134330-2b7ad7GPw1Wl.png,https://s4.anilist.co/file/anilistcdn/character/medium/b134330-2b7ad7GPw1Wl.png,,,,https://anilist.co/character/134330,,,
al155705,anilist,6,25,,,菱形朱鷺子,Tokiko Hishigata,Toki-chan,女,O,16,动画|漫画,动画,サマータイムレンダ,,2022,动画,"[{""t"":""サマータイムレンダ"",""cn"":"""",""ty"":""动画"",""y"":2022,""pop"":225877},{""t"":""サマータイムレンダ"",""cn"":"""",""ty"":""漫画"",""y"":2017,""pop"":23930}]","150 cm Tokiko Hishigata is Sou's younger sister, a first-year high school student. She is intelligent and has the top grades in her grade, but she is physically weak and not good at sports.",101,101,0,0,,https://s4.anilist.co/file/anilistcdn/character/large/b155705-odov1kqX0KEr.jpg,https://s4.anilist.co/file/anilistcdn/character/medium/b155705-odov1kqX0KEr.jpg,,,,https://anilist.co/character/155705,,,
al131564,anilist,6,25,,,ビビアン,Vivian,,女,,,动画|漫画,动画,七つの大罪,七大罪,2014,动画,"[{""t"":""七つの大罪"",""cn"":""七大罪"",""ty"":""动画"",""y"":2014,""pop"":529134},{""t"":""七つの大罪 戒めの復活"",""cn"":""七大罪 戒律的复活"",""ty"":""动画"",""y"":2018,""pop"":286406},{""t"":""七つの大罪 神々の逆鱗"",""cn"":""七大罪 诸神的逆鳞"",""ty"":""动画"",""y"":2019,""pop"":202771},{""t"":""七つの大罪 聖戦の予兆"",""cn"":""七大罪 圣战的预兆"",""ty"":""动画"",""y"":2016,""pop"":171917},{""t"":""七つの大罪"",""cn"":""七大罪"",""ty"":""漫画"",""y"":2012,""pop"":55078},{""t"":""劇団七つの大罪"",""cn"":"""",""ty"":""动画"",""y"":2020,""pop"":1963}]","Vivian is an enigmatic Holy Knight once directly serving under Great Holy Knight [Hendrickson](//anilist.co/character/86679/Hendricksen) and used to be an apprentice of [Merlin](//anilist.co/character/89180/Merlin), the Boar's Sin Gluttony.…",13,13,0,0,,https://s4.anilist.co/file/anilistcdn/character/large/n131564-ZXykjCxYfwgL.jpg,https://s4.anilist.co/file/anilistcdn/character/medium/n131564-ZXykjCxYfwgL.jpg,,,,https://anilist.co/character/131564,,,
al312260,anilist,6,25,,,浅倉すずか,Suzuka Asakura,,女,A,17,动画|漫画,动画,薫る花は凛と咲く,薰香花朵凛然绽放,2025,动画,"[{""t"":""薫る花は凛と咲く"",""cn"":""薰香花朵凛然绽放"",""ty"":""动画"",""y"":2025,""pop"":209540},{""t"":""薫る花は凛と咲く"",""cn"":""薰香花朵凛然绽放"",""ty"":""漫画"",""y"":2021,""pop"":79074}]","A friend of [Kaoruko](//anilist.co/character/268676/Kaoruko-Waguri)'s, and a student at Kikyo Private Academy.",9,9,0,0,,https://s4.anilist.co/file/anilistcdn/character/large/b312260-4YsLvZoIhitx.png,https://s4.anilist.co/file/anilistcdn/character/medium/b312260-4YsLvZoIhitx.png,,,,https://anilist.co/character/312260,,,
al1,anilist,6,26,2044,史派克·斯皮格尔,スパイク・スピーゲル,Spike Spiegel,Spike Spike / Swimming Bird,男,,27,动画|漫画,动画,カウボーイビバップ,星际牛仔,1998,动画,"[{""t"":""カウボーイビバップ"",""cn"":""星际牛仔"",""ty"":""动画"",""y"":1998,""pop"":467538},{""t"":""カウボーイビバップ天国の扉"",""cn"":""星际牛仔 天国之扉"",""ty"":""动画"",""y"":2001,""pop"":84465},{""t"":""カウボーイビバップ よせあつめブルース"",""cn"":"""",""ty"":""动画"",""y"":1998,""pop"":13320},{""t"":""カウボーイビバップ"",""cn"":""星际牛仔"",""ty"":""漫画"",""y"":1999,""pop"":5160},{""t"":""シューティングスタービバップ カウボーイビバップ"",""cn"":"""",""ty"":""漫画"",""y"":1998,""pop"":1650}]",本作的主人公。体型消瘦，留着一头类似爆炸头的头发，是Bebop号上的最早成员之一。在赏金猎人的工作中，因为懂得类似李小龙截拳道的武术，常担任战斗前线的罪犯逮捕工作，在驾驶经过改装的红色高速战机「剑鱼II」（ソードフィッシュII）时也表现出了过人的水准，喜欢使用的手枪是经过改造的Jericho941。以李小龙为偶像的斯派克自己也是截拳道的高手。三年前为了离开黑社会组织「红龙」曾经一度游走在生死边缘。现在和杰特一起乘坐着「比博普」号，过着穷困潦倒的日子。,15031,15031,0,694,,https://s4.anilist.co/file/anilistcdn/character/large/b1-ChxaldmieFlQ.png,https://s4.anilist.co/file/anilistcdn/character/medium/b1-ChxaldmieFlQ.png,https://lain.bgm.tv/r/400/pic/crt/l/1a/e3/77_crt_r11wF.jpg?r=1489157445,,,https://anilist.co/character/1,https://bgm.tv/character/77,,77
al1533,anilist,6,26,,桂小太郎,桂小太郎,Kotarou Katsura,Zura / Fruit Punch Samurai / Zurako / Captain Katsura,男,AB,,动画,动画,銀魂,银魂,2006,动画,"[{""t"":""銀魂"",""cn"":""银魂"",""ty"":""动画"",""y"":2006,""pop"":296063},{""t"":""銀魂゜"",""cn"":"""",""ty"":""动画"",""y"":2015,""pop"":119621},{""t"":""銀魂’"",""cn"":"""",""ty"":""动画"",""y"":2011,""pop"":110096},{""t"":""銀魂’延長戦"",""cn"":"""",""ty"":""动画"",""y"":2012,""pop"":84431},{""t"":""銀魂。"",""cn"":""银魂"",""ty"":""动画"",""y"":2017,""pop"":82894},{""t"":""銀魂. 銀ノ魂篇"",""cn"":"""",""ty"":""动画"",""y"":2018,""pop"":60568}]","银时以前的盟友，攘夷志士中的幸存者。 企划讨伐天人及幕府，重整腐败的国家, 建立武士之国。 以前常进行过激的攘夷活动，喜欢使用圆形的小炸弹，所以他被认为是恐怖份子，亦因此有“狂乱贵公子”之称。 表面上是个十分COOL的美男子，但大多数时间都很白痴。因为空知(作者)认为严肃的他最好搞笑 通称“假发”（ヅラ）。当有叫他“假发”时便一定会说 : ""不是假发，是桂""（ヅラじゃない、桂だ）。而他亦经常以 ""不是○○，是××""（○○じゃない、××だ）的句式说话。 最喜欢吃荞麦面。",4474,4474,0,336,,https://s4.anilist.co/file/anilistcdn/character/large/b1533-tSqUrj2DOK5p.png,https://s4.anilist.co/file/anilistcdn/character/medium/b1533-tSqUrj2DOK5p.png,https://lain.bgm.tv/r/400/pic/crt/l/eb/28/253_crt_eB6Li.jpg,,,https://anilist.co/character/1533,https://bgm.tv/character/253,,253
vndb-c14602,vndb,6,26,,,ハメルン,Hameln,Hameln of the Music Room,男,,,Galgame,Galgame,彼岸花の咲く夜に 第一夜,,2011,Galgame,"[{""t"":""彼岸花の咲く夜に 第一夜"",""cn"":"""",""ty"":""Galgame"",""y"":2011,""pop"":1682},{""t"":""彼岸花の咲く夜に 第二夜"",""cn"":"""",""ty"":""Galgame"",""y"":2011,""pop"":1235}]","He calls himself ""Hameln of the Music Room"". He doesn't rank among the eight school youkai. It's said that if one heas the sound of his castanets, they will be transformed into an animal.",1682,0,1682,0,,https://t.vndb.org/ch/90/18490.jpg,https://t.vndb.org/ch/90/18490.jpg,,#013a65 #000101 #877637 #0a1e38 #2c1c0d #dbcca4,Red White Long Green Pale Magician Villain Red Hidden Young-adult,,,https://vndb.org/c14602,
vndb-c53306,vndb,6,26,,,佐竹 建造,Satake Kenzo,,男,,,Galgame,Galgame,Collar x Malice,,2016,Galgame,"[{""t"":""Collar x Malice"",""cn"":"""",""ty"":""Galgame"",""y"":2016,""pop"":1496},{""t"":""Collar x Malice -Unlimited-"",""cn"":"""",""ty"":""Galgame"",""y"":2018,""pop"":511}]","A grizzled veteran of the force who works in Field Ops Team 2. He was responsible for most of the intial groundwork on the X-Day incidents, and used to be Mineo Enomoto's superior.",1496,0,1496,0,,https://t.vndb.org/ch/56/112356.jpg,https://t.vndb.org/ch/56/112356.jpg,,#958263 #653630 #e0c6b3 #eee1d8 #f9f4f1 #ffffff,Brown Short Moustache Pale Trousers Adult Trench Coat Shirt Ore Friendly,,,https://vndb.org/c53306,
vndb-c39388,vndb,6,26,,,,Senri Kanzaki,,女,,,Galgame,Galgame,Highway Blossoms,,2016,Galgame,"[{""t"":""Highway Blossoms"",""cn"":"""",""ty"":""Galgame"",""y"":2016,""pop"":1176},{""t"":""The Human Reignition Project"",""cn"":"""",""ty"":""Galgame"",""y"":"""",""pop"":10}]","Undoubtedly one of the strangest members of the group, Senri is a dedicated student with a passion for engineering, centered around robotics.",1176,0,1176,0,,https://t.vndb.org/ch/79/47479.jpg,https://t.vndb.org/ch/79/47479.jpg,,#d7b391 #96747c #eadcbe #f2ede7 #fcfcf5,Blond Ponytail Long Slim Pale Student Amber Young-adult Jeans Sports Shoes,,,https://vndb.org/c39388,
vndb-c22375,vndb,6,26,,,,Kendall Flowers,,女,,,Galgame,Galgame,"don't take it personally, babe, it just ain't your story",,2011,Galgame,,,916,0,916,0,,https://t.vndb.org/ch/70/27670.jpg,https://t.vndb.org/ch/70/27670.jpg,,#5d7d96 #7eabc8 #573d46 #966b78 #c9ac8f #ecdac8,Violet Short Teen Slim Pale School Uniform Violet Coat Jacket Scarf,,,https://vndb.org/c22375,
vndb-c81178,vndb,6,26,,,シュウ,Shu Lyn O'Keefe,,男,B,,Galgame,Galgame,BUSTAFELLOWS,,2019,Galgame,"[{""t"":""BUSTAFELLOWS"",""cn"":"""",""ty"":""Galgame"",""y"":2019,""pop"":908},{""t"":""BUSTAFELLOWS シーズン2"",""cn"":"""",""ty"":""Galgame"",""y"":2023,""pop"":126}]","At 28 years old, Shu is a heavy smoker who makes a living as a bounty killer by eliminating other hitmen. He is a top-class martial artist and specialised in long-range sniping.",908,0,908,0,,https://t.vndb.org/ch/89/98489.jpg,https://t.vndb.org/ch/89/98489.jpg,,#1b2e4c #bdafaa #8f8081 #2f2631 #544d54 #efe5da,Grey Adult Vest Gloves Shotgun Kuudere Ore Stoic Smoking Son,,,https://vndb.org/c81178,
vndb-c28272,vndb,6,26,,,マンボイ,Manboy,,男,,,Galgame,Galgame,OZMAFIA!!,,2013,Galgame,"[{""t"":""OZMAFIA!!"",""cn"":"""",""ty"":""Galgame"",""y"":2013,""pop"":830},{""t"":""OZMAFIA!! -RefleXion-"",""cn"":"""",""ty"":""Galgame"",""y"":"""",""pop"":3}]","The Devoted Sparrow The concierge of the brothel Oscar Wilde. Faithful and sincere, he has the full confidence of Dorian Gray, caring for the proprietor’s affairs whether they be financial, personal, or deadly.",830,0,830,0,,https://t.vndb.org/ch/18/34318.jpg,https://t.vndb.org/ch/18/34318.jpg,,#61303d #ac7f83 #dab4ac #ecdbdb #f7f2f0 #ffffff,White Short Brown Slim Trousers Young-adult Olive Suit Earrings Gloves,,,https://vndb.org/c28272,
vndb-c53944,vndb,6,26,,,有坂 秋桜里,Arisaka Shiori,,女,A,,Galgame,Galgame,グリザイア ファントムトリガー Vol. 1,,2017,Galgame,"[{""t"":""グリザイア ファントムトリガー Vol. 1"",""cn"":"""",""ty"":""Galgame"",""y"":2017,""pop"":820},{""t"":""グリザイア ファントムトリガー Vol. 2"",""cn"":"""",""ty"":""Galgame"",""y"":2017,""pop"":594},{""t"":""グリザイア ファントムトリガー Vol. 3"",""cn"":"""",""ty"":""Galgame"",""y"":2017,""pop"":531},{""t"":""グリザイア ファントムトリガー Vol. 4"",""cn"":"""",""ty"":""Galgame"",""y"":2018,""pop"":480},{""t"":""グリザイア ファントムトリガー Vol. 5"",""cn"":"""",""ty"":""Galgame"",""y"":2018,""pop"":445},{""t"":""グリザイア ファントムトリガー Vol. 6"",""cn"":"""",""ty"":""Galgame"",""y"":2019,""pop"":369}]","The unfortunate new homeroom teacher at this unusual school, who really has no idea what she's gotten herself into. An extremely earnest young woman, she can end up letting people walk all over her in her efforts to accommodate them.",820,0,820,0,,https://t.vndb.org/ch/18/65718.jpg,https://t.vndb.org/ch/18/65718.jpg,,#484a69 #89808e #e8ddda #bcb5b9 #f7f2ee #ffffff,Brown Short Brown Teen Slim Pale Cooking Fighting Jacket T-shirt,,,https://vndb.org/c53944,
vndb-c37394,vndb,6,26,,,天川 蛍,Amakawa Hotaru,,女,AB,,Galgame,Galgame,君が望む永遠,你所期望的永远,2001,Galgame,"[{""t"":""君が望む永遠"",""cn"":""你所期望的永远"",""ty"":""Galgame"",""y"":2001,""pop"":680},{""t"":""君が望む永遠 ～special FanDisk～"",""cn"":"""",""ty"":""Galgame"",""y"":2004,""pop"":78},{""t"":""君のぞデュエリスト"",""cn"":"""",""ty"":""Galgame"",""y"":2005,""pop"":11}]",,680,0,680,0,,https://t.vndb.org/ch/02/113802.jpg,https://t.vndb.org/ch/02/113802.jpg,,#a55936 #d0936f #e0beae #7e7e8c #f6eae2 #312e2f,Brown Twin Tails Short Brown Pale Missionary Virgin Sex Kid Friendly Terminal Illness,,,https://vndb.org/c37394,
al312797,anilist,6,26,,,三角初華,Uika Misumi,Doloris (ドロリス),女,,,动画,动画,BanG Dream! It's MyGO!!!!!,,2023,动画,"[{""t"":""BanG Dream! It's MyGO!!!!!"",""cn"":"""",""ty"":""动画"",""y"":2023,""pop"":22181},{""t"":""BanG Dream! Ave Mujica"",""cn"":"""",""ty"":""动画"",""y"":2025,""pop"":20511},{""t"":""BanG Dream! It's MyGO!!!!! / Ave Mujica (続編)"",""cn"":"""",""ty"":""动画"",""y"":2027,""pop"":4590},{""t"":""BanG Dream! Ave Mujica prima aurora"",""cn"":"""",""ty"":""动画"",""y"":2026,""pop"":2803},{""t"":""元祖！バンドリちゃん"",""cn"":"""",""ty"":""动画"",""y"":2025,""pop"":2413},{""t"":""カードファイト!! ヴァンガード Divinez 幻真星戦編"",""cn"":"""",""ty"":""动画"",""y"":2026,""pop"":1013}]","160 cm (5'3"") In addition to being the guitarist, Uika is also in charge of composing and writing lyrics for sumimi's songs. She is quite popular due to her cool appearance. She loves stargazing.",644,644,0,0,,https://s4.anilist.co/file/anilistcdn/character/large/b312797-jVfCeiZLz22a.jpg,https://s4.anilist.co/file/anilistcdn/character/medium/b312797-jVfCeiZLz22a.jpg,,,,https://anilist.co/character/312797,,,
vndb-c8532,vndb,6,26,,,岩永 皐月,Iwanaga Satsuki,,女,,,Galgame,Galgame,黄昏のシンセミア,,2010,Galgame,"[{""t"":""黄昏のシンセミア"",""cn"":"""",""ty"":""Galgame"",""y"":2010,""pop"":463},{""t"":""黄昏の先にのぼる明日 -あっぷりけFanDisc-"",""cn"":"""",""ty"":""Galgame"",""y"":2012,""pop"":58}]",Kousuke's aunt and Shouko's mother.,463,0,463,0,,https://t.vndb.org/ch/48/16048.jpg,https://t.vndb.org/ch/48/16048.jpg,,#d6a982 #9b675c #eedaad #f3ebdb #f8f7f4 #ffffff,Ahoge Waist Length+ Wavy Slim Pale School Uniform Spoons Green Young-adult Skirt,,,https://vndb.org/c8532,
al298958,anilist,6,26,,,グリス・ルビオン,Gris Rubion,,男,,30,动画|漫画,动画,ガチアクタ,GACHIAKUTA咔嗒咔嗒,2025,动画,"[{""t"":""ガチアクタ"",""cn"":""GACHIAKUTA咔嗒咔嗒"",""ty"":""动画"",""y"":2025,""pop"":255821},{""t"":""ガチアクタ"",""cn"":""GACHIAKUTA咔嗒咔嗒"",""ty"":""漫画"",""y"":2022,""pop"":66558},{""t"":""ガチアクタ 第2期"",""cn"":"""",""ty"":""动画"",""y"":"""",""pop"":26608}]",Cleaners 193 cm Griss is one of the Cleaners who work as a supporter type due to lacking a jinki of his own. Griss has incredible strength.,281,281,0,0,,https://s4.anilist.co/file/anilistcdn/character/large/b298958-2U6c3So0i8l4.jpg,https://s4.anilist.co/file/anilistcdn/character/medium/b298958-2U6c3So0i8l4.jpg,,,,https://anilist.co/character/298958,,,
al83549,anilist,6,26,,,グミ,GUMI,Megpoid (メグッポイド),女,,,动画|漫画,漫画,メーカー非公式 初音みっくす,,2007,漫画,"[{""t"":""メーカー非公式 初音みっくす"",""cn"":"""",""ty"":""漫画"",""y"":2007,""pop"":1947},{""t"":""Bad∞End∞Night～インセイン・パーティー～"",""cn"":"""",""ty"":""漫画"",""y"":2014,""pop"":866},{""t"":""ドーナツホール 2024"",""cn"":"""",""ty"":""动画"",""y"":2024,""pop"":846},{""t"":""Dream Creator feat. GUMI"",""cn"":"""",""ty"":""动画"",""y"":2013,""pop"":523},{""t"":""ちびミクさん"",""cn"":"""",""ty"":""漫画"",""y"":2008,""pop"":324},{""t"":""モザイクロール"",""cn"":"""",""ty"":""动画"",""y"":2010,""pop"":316}]","GUMI is an official mascot character of Megpoid, which is a singing synthesizer application software powered by Yamaha's Vocaloid2 and was published by INTERNET Co.,Ltd.",272,272,0,0,,https://s4.anilist.co/file/anilistcdn/character/large/b83549-XAZ4vQ3M5dsI.png,https://s4.anilist.co/file/anilistcdn/character/medium/b83549-XAZ4vQ3M5dsI.png,,,,https://anilist.co/character/83549,,,
vndb-c29238,vndb,6,26,,,早瀬 千歳,Hayase Chitose,,女,O,,Galgame,Galgame,PRETTY×CATION2,,2015,Galgame,,"One of the Player's teachers. She teaches Biology. She connects closely with her students, and often consults them about their worries. She may be older, but she has her cute spots, and the students adores her as an older sister.",226,0,226,0,,https://t.vndb.org/ch/25/37225.jpg,https://t.vndb.org/ch/25/37225.jpg,,#a67a69 #59546f #ecdfd1 #b8b2b5 #ffffff,Brown Ahoge Long Wavy Slim Pale Sweater Missionary Doggy Style Cowgirl,,,https://vndb.org/c29238,
vndb-c127977,vndb,6,26,,,杰曼,Jermaine Tholson,,男,,,Galgame,Galgame,火山的女儿,,2023,Galgame,,"He started learning about weapon crafting with his father when he was young. He is hardworking and knows how to care for others around him. Following his father's passing, he took over his business.",213,0,213,0,,https://t.vndb.org/ch/50/150650.jpg,https://t.vndb.org/ch/50/150650.jpg,,#968a7e #392f28 #b6a798 #ffffff,Brown Short Beard Brown Hard Worker Adult Muscular Olive Shirt Father,,,https://vndb.org/c127977,
vndb-c104631,vndb,6,26,,,ミント,Mint,,女,,,Galgame,Galgame,ウチのペット事情 Vol.1,,2022,Galgame,"[{""t"":""ウチのペット事情 Vol.1"",""cn"":"""",""ty"":""Galgame"",""y"":2022,""pop"":202},{""t"":""ウチのペット事情 Vol.2"",""cn"":"""",""ty"":""Galgame"",""y"":2026,""pop"":31}]","""Welcome home, Master!"" Family, Master Tomatoes Going for walks Special ??? She is a a half-animal, half-angel girl. She has cat-like ears and tail, as well as angelic wings but does not have a halo.",202,0,202,0,,https://t.vndb.org/ch/50/126050.jpg,https://t.vndb.org/ch/50/126050.jpg,,#776ba1 #b1bcda #faf5f0 #dbd4da #f0eae7,Blue Waist Length+ Slim Pale Missionary Cowgirl Blowjob Virgin Sex Blue Kid,,,https://vndb.org/c104631,
al89567,anilist,6,26,,,由多次人,Tsuguhito Yuta,,男,,,动画|漫画|轻小说,动画,キズナイーバー,,2016,动画,"[{""t"":""キズナイーバー"",""cn"":"""",""ty"":""动画"",""y"":2016,""pop"":202677},{""t"":""キズナイーバー"",""cn"":"""",""ty"":""漫画"",""y"":2016,""pop"":1761},{""t"":""小説　キズナイーバー　－あの日のキズ、これからのキズナ－"",""cn"":"""",""ty"":""轻小说"",""y"":2016,""pop"":293}]","A bit of an opportunist and a lady's man in the classroom, he is revealed to be intensely ashamed of his immense chubbiness back in his grade school years, and goes through great lengths to conceal this fact.",120,120,0,0,,https://s4.anilist.co/file/anilistcdn/character/large/b89567-ahrF6lNGAZHQ.jpg,https://s4.anilist.co/file/anilistcdn/character/medium/b89567-ahrF6lNGAZHQ.jpg,,,,https://anilist.co/character/89567,,,
al134329,anilist,6,26,,,藤原萌葉,Moeha Fujiwara,,女,AB,14,动画|漫画|轻小说,动画,かぐや様は告らせたい～天才たちの恋愛頭脳戦～,辉夜大小姐想让我告白 ~天才们的恋爱头脑战~,2019,动画,"[{""t"":""かぐや様は告らせたい～天才たちの恋愛頭脳戦～"",""cn"":""辉夜大小姐想让我告白 ~天才们的恋爱头脑战~"",""ty"":""动画"",""y"":2019,""pop"":558713},{""t"":""かぐや様は告らせたい？～天才たちの恋愛頭脳戦～"",""cn"":""辉夜大小姐想让我告白 ~天才们的恋爱头脑战~"",""ty"":""动画"",""y"":2020,""pop"":434528},{""t"":""かぐや様は告らせたい-ウルトラロマンティック-"",""cn"":""辉夜大小姐想让我告白-超级浪漫-"",""ty"":""动画"",""y"":2022,""pop"":292244},{""t"":""かぐや様は告らせたい -ファーストキッスは終わらない-"",""cn"":"""",""ty"":""动画"",""y"":2023,""pop"":147967},{""t"":""かぐや様は告らせたい～天才たちの恋愛頭脳戦～"",""cn"":""辉夜大小姐想让我告白 ~天才们的恋爱头脑战~"",""ty"":""漫画"",""y"":2015,""pop"":119314},{""t"":""かぐや様は告らせたい 小説版 ～天才たちの恋愛人狼戦～"",""cn"":"""",""ty"":""轻小说"",""y"":2023,""pop"":732}]",Moeha is [Chika](//anilist.co/character/121103)'s little sister who is in junior high. She is the student council vice-president at the junior high. She admires [Miyuki](//anilist.co/character/121101) as well and hopes to confess someday.,106,106,0,0,,https://s4.anilist.co/file/anilistcdn/character/large/b134329-cRdrf5BqmIVk.png,https://s4.anilist.co/file/anilistcdn/character/medium/b134329-cRdrf5BqmIVk.png,,,,https://anilist.co/character/134329,,,
al85283,anilist,6,26,,,相模南,Minami Sagami,Sagumin / Sagamin,女,,,动画|轻小说,动画,やはり俺の青春ラブコメはまちがっている。,我的青春恋爱物语果然有问题,2013,动画,"[{""t"":""やはり俺の青春ラブコメはまちがっている。"",""cn"":""我的青春恋爱物语果然有问题"",""ty"":""动画"",""y"":2013,""pop"":381716},{""t"":""やはり俺の青春ラブコメはまちがっている。"",""cn"":""我的青春恋爱物语果然有问题"",""ty"":""轻小说"",""y"":2011,""pop"":20719}]","Minami is the leader of the second most influential clique in class 2F, and holds a grudge towards [Yui](//anilist.co/character/67069/Yuigahama-Yui), who she was friendly with in their first high school year, for being in the superior cliqu…",5,5,0,0,,https://s4.anilist.co/file/anilistcdn/character/large/b85283-XhGZksfNMNS8.png,https://s4.anilist.co/file/anilistcdn/character/medium/b85283-XhGZksfNMNS8.png,,,,https://anilist.co/character/85283,,,
vndb-c54391,vndb,6,27,,吉尔,,Julianne Natalie Stingray,Bartender / Doomlord420 / Flat Bartender / Honey,女,,,Galgame,Galgame,VA-11 HALL-A,,2014,Galgame,,"""Time to mix drinks and change lives."" 酒吧VA-11 HALL-A的27岁调酒师",5080,0,5080,125,,https://t.vndb.org/ch/70/64870.jpg,https://t.vndb.org/ch/70/64870.jpg,https://lain.bgm.tv/r/400/pic/crt/l/a4/9e/48617_crt_c18Uu.jpg,#190a27 #826b86 #cc9da9 #e9cdc4 #ffffff,Black Twin Tails Brown Apron Coat Necktie Vest Skirt Pantyhose Drinking,,https://bgm.tv/character/48617,https://vndb.org/c54391,48617
vndb-c11335,vndb,6,27,,,山本 美月,Yamamoto Mitsuki,Hellgirl Mitsuki / Hell Mitsuki,女,O,,Galgame,Galgame,コープスパーティー ブラッドカバー,尸体派对 血色笼罩,2006,Galgame,"[{""t"":""コープスパーティー ブラッドカバー"",""cn"":""尸体派对 血色笼罩"",""ty"":""Galgame"",""y"":2006,""pop"":3556},{""t"":""コープスパーティー ブックオブシャドウズ"",""cn"":"""",""ty"":""Galgame"",""y"":2011,""pop"":1540},{""t"":""コープスパーティー BLOOD DRIVE"",""cn"":""尸体派对 驭血"",""ty"":""Galgame"",""y"":2014,""pop"":682},{""t"":""コープスパーティー -THE ANTHOLOGY- サチコの恋愛遊戯♥Hysteric Birthday 2U"",""cn"":""尸体派对 文选集 幸子的恋爱游戏 竭斯底里生日2U"",""ty"":""Galgame"",""y"":2012,""pop"":303}]",白檀高等学校2年4组，17岁。学生会书记。胜于男子的性格总是被误解，实际上本性纯情。由于是个可靠的女人而在班级学生会中成为御姐一般的存在。针对那些懒散的男生进行不宽恕的训导，一部分男生称呼她为[地狱の美月さん]。多次在学生会室里游玩的片山、大川也经常被她使唤去做杂事。和祖母一起处理家事，料理相当擅长。本来有男友，但因男友脚踏四条船而以失败告终。,3556,0,3556,2,,https://t.vndb.org/ch/33/18233.jpg,https://t.vndb.org/ch/33/18233.jpg,https://lain.bgm.tv/r/400/pic/crt/l/57/48/88650_crt_2QH21.jpg,#515e5b #938b88 #eee7e1 #c9c5c1 #f7f7f2 #ffffff,Brown Wavy Curtained Short Teen Slim Pale Cooking Blue Necktie,,https://bgm.tv/character/88650,https://vndb.org/c11335,88650
al169401,anilist,6,27,,,馬狼照英,Shouei Barou,King,男,A,18-,动画|漫画,动画,ブルーロック,蓝色监狱,2022,动画,"[{""t"":""ブルーロック"",""cn"":""蓝色监狱"",""ty"":""动画"",""y"":2022,""pop"":325210},{""t"":""ブルーロック VS. U-20 JAPAN"",""cn"":""蓝色监狱 VS. U-20 日本代表队"",""ty"":""动画"",""y"":2024,""pop"":142268},{""t"":""ブルーロック"",""cn"":""蓝色监狱"",""ty"":""漫画"",""y"":2018,""pop"":124054},{""t"":""ブルーロック -EPISODE 凪-"",""cn"":"""",""ty"":""动画"",""y"":2024,""pop"":50833},{""t"":""ブルーロック-EPISODE 凪-"",""cn"":"""",""ty"":""漫画"",""y"":2022,""pop"":9604}]",187 cm,1850,1850,0,0,,https://s4.anilist.co/file/anilistcdn/character/large/b169401-jeepvEsqW4Ns.png,https://s4.anilist.co/file/anilistcdn/character/medium/b169401-jeepvEsqW4Ns.png,,,,https://anilist.co/character/169401,,,
vndb-c4732,vndb,6,27,,,双木 葵,Namiki Aoi,,女,B,,Galgame,Galgame,ゴア・スクリーミング・ショウ,,2006,Galgame,"[{""t"":""ゴア・スクリーミング・ショウ"",""cn"":"""",""ty"":""Galgame"",""y"":2006,""pop"":1771},{""t"":""EXTRAVAGANZA~蟲狂編~"",""cn"":"""",""ty"":""Galgame"",""y"":2016,""pop"":74},{""t"":""夏の孤島の闇の声"",""cn"":"""",""ty"":""Galgame"",""y"":2006,""pop"":44}]","Physically frail and emotionally withdrawn, Aoi seems lost in perpetual deep thought and socially unapproachable. Due to this, relatively few individuals pay heed to her existence, much less acknowledge as a friend.",1771,0,1771,0,,https://t.vndb.org/ch/99/131499.jpg,https://t.vndb.org/ch/99/131499.jpg,,#7c89b5 #d6bea4 #464636 #efe6d9 #fcf7ec #ffffff,Blue Twin Tails Short Straight Teen Slim Pale School Uniform Standing Sex Blowjob,,,https://vndb.org/c4732,
vndb-c18365,vndb,6,27,,,崎山 蓉司,Sakiyama Youji,,男,,,Galgame,Galgame,sweet pool,,2008,Galgame,"[{""t"":""sweet pool"",""cn"":"""",""ty"":""Galgame"",""y"":2008,""pop"":1763},{""t"":""♂ボ～イズ！！～イケメン陵辱パラダイス～"",""cn"":"""",""ty"":""Galgame"",""y"":2014,""pop"":100}]","A quiet, sickly high school student, who was held back a year due to his hospitalization.",1763,0,1763,0,,https://t.vndb.org/ch/85/121385.jpg,https://t.vndb.org/ch/85/121385.jpg,,#393c4a #d1c5c4 #a3a3ac #e8e3e2 #f4f1f0 #ffffff,Black Short Straight Pale School Uniform Trousers Orphan Assault Amnesia Blowjob,,,https://vndb.org/c18365,
vndb-c16862,vndb,6,27,,,匂坂 マユリ,Kousaka Mayuri,Yuri  / ユリ,女,,,Galgame,Galgame,FLOWERS -Le volume sur printemps-,,2014,Galgame,"[{""t"":""FLOWERS -Le volume sur printemps-"",""cn"":"""",""ty"":""Galgame"",""y"":2014,""pop"":1750},{""t"":""FLOWERS -Le volume sur hiver-"",""cn"":"""",""ty"":""Galgame"",""y"":2017,""pop"":655}]","Although she doesn’t show it, she is a hard worker who can achieve surprising things when she puts her mind to it. It was her own wish to enter the academy, but this wish stemmed from certain woes.",1750,0,1750,0,,https://t.vndb.org/ch/81/46881.jpg,https://t.vndb.org/ch/81/46881.jpg,,#b3a59f #d7dacc #f4efe1 #757276 #f8f9f4 #ffffff,Brown Shoulder-length Brown Teen Slim Pale School Uniform Hard Worker Pajamas Outgoing,,,https://vndb.org/c16862,
vndb-c28271,vndb,6,27,,,アルファーニ,Alfani,,男,,,Galgame,Galgame,OZMAFIA!!,,2013,Galgame,,"The Happy Masochistic Prince The most popular male prostitute at the brothel, Oscar Wilde. He has a beauty that enthralls both men and women alike.",830,0,830,0,,https://t.vndb.org/ch/17/34317.jpg,https://t.vndb.org/ch/17/34317.jpg,,#b88192 #68365e #e4bfb2 #f1e0d7 #f9f2ef #ffffff,Blond Ponytail Slim Pale Trousers Blue Young-adult Coat Airhead Carefree,,,https://vndb.org/c28271,
al86199,anilist,6,27,,,ラチネラ・アラチネラ,Rachnera Arachnera,Rachnee,女,,,动画|漫画|轻小说,动画,モンスター娘のいる日常,,2015,动画,"[{""t"":""モンスター娘のいる日常"",""cn"":"""",""ty"":""动画"",""y"":2015,""pop"":170923},{""t"":""モンスター娘のいる日常SP"",""cn"":"""",""ty"":""动画"",""y"":2016,""pop"":30063},{""t"":""モンスター娘のいる日常"",""cn"":"""",""ty"":""漫画"",""y"":2012,""pop"":21336},{""t"":""モンスター娘のいる日常 ほぼ毎日○○！生っぽい動画"",""cn"":"""",""ty"":""动画"",""y"":2015,""pop"":16791},{""t"":""モンスター娘のいる日常 もんすたーがーる・はろーわーく"",""cn"":"""",""ty"":""轻小说"",""y"":2020,""pop"":322}]","Arachne Arriving to her first host family, the host family did not expect Rachnera to be a Arachne, which caused them to take a disliking to her. When a man offered them money for the rights as her host, they accepted.",757,757,0,0,,https://s4.anilist.co/file/anilistcdn/character/large/b86199-oLyLyS9YpcJa.jpg,https://s4.anilist.co/file/anilistcdn/character/medium/b86199-oLyLyS9YpcJa.jpg,,,,https://anilist.co/character/86199,,,
vndb-c9859,vndb,6,27,,,金子 綾乃,Kaneko Ayano,,女,B,,Galgame,Galgame,プリンセスラバー！,,2008,Galgame,"[{""t"":""プリンセスラバー！"",""cn"":"""",""ty"":""Galgame"",""y"":2008,""pop"":453},{""t"":""プリンセスラバー！"",""cn"":"""",""ty"":""Galgame"",""y"":2008,""pop"":453},{""t"":""プリンセスラバー！"",""cn"":"""",""ty"":""Galgame"",""y"":2008,""pop"":453}]","One of the members of Seika Houjouin's posse. She is promoted to one of the main heroines in the sequel of the Princess Lover Series, Princess Lover! Eternal Love For My Lady.",453,0,453,0,,https://t.vndb.org/ch/24/65024.jpg,https://t.vndb.org/ch/24/65024.jpg,,#883f4a #a188b0 #d0bcd4 #e6dbed #f7f3ef #ffffff,Violet Long Teen Slim Pale School Uniform Blue Friend Sarcasm Classmate,,,https://vndb.org/c9859,
al124446,anilist,6,27,,,ゴーシュ・アドレイ,Gauche Adlai,,男,B,19,动画|漫画,动画,ブラッククローバー,黑色五叶草,2017,动画,"[{""t"":""ブラッククローバー"",""cn"":""黑色五叶草"",""ty"":""动画"",""y"":2017,""pop"":583263},{""t"":""ブラッククローバー"",""cn"":""黑色五叶草"",""ty"":""漫画"",""y"":2015,""pop"":107258},{""t"":""ブラッククローバー 魔法帝の剣"",""cn"":"""",""ty"":""动画"",""y"":2023,""pop"":99687},{""t"":""むぎゅっと！ブラッククローバー"",""cn"":"""",""ty"":""动画"",""y"":2019,""pop"":7179},{""t"":""プチット・クローバー アドバンス"",""cn"":"""",""ty"":""动画"",""y"":2018,""pop"":3303}]",181 cm He is a nobleman of House Adlai and a member of Clover Kingdom's Black Bull squad. He is also the smartest and most clever member of the Black Bulls. Obsessed with his sister Marie.,407,407,0,0,,https://s4.anilist.co/file/anilistcdn/character/large/b124446-4YXFoCIllCKh.png,https://s4.anilist.co/file/anilistcdn/character/medium/b124446-4YXFoCIllCKh.png,,,,https://anilist.co/character/124446,,,
vndb-c104915,vndb,6,27,,,キャロライナ・マクラクラン,Carolina McLachlan,キャロちゃん (Caro-chan),女,,,Galgame,Galgame,ジュエリー・ハーツ・アカデミア -We will wing wonder world-,,2022,Galgame,,"""The greatest crime sin in the library is to return the books you have taken back on the safe textile shelves. It's worth every million deaths."" - Academy Librarian Teacher - June 27 - 152 cm - Three B75(A)/W59/H76 - History books, dramas -…",402,0,402,0,,https://t.vndb.org/ch/76/126376.jpg,https://t.vndb.org/ch/76/126376.jpg,,#403e4f #7b7380 #b6afb2 #dedadb #f3f2f2 #ffffff,Violet Waist Length+ Teen Slim Pale Fighting Blue Glasses Hat Handgun,,,https://vndb.org/c104915,
vndb-c85878,vndb,6,27,,,アーニャ,Anya,,女,A,,Galgame,Galgame,甘やかせカノジョのいる生活 -一途な銀髪美少女は好きですか？-,,2019,Galgame,,"The protagonist's niece and a bright, positive and gentle girl that cares about others and knows how to cook. Her mother had to leave her under the care of her brother because of some overseas business she had to attend.",396,0,396,0,,https://t.vndb.org/ch/21/104321.jpg,https://t.vndb.org/ch/21/104321.jpg,,#635169 #9f8f9f #ebe0db #ccc1cb #f5f0ee #fffffe,White Ahoge Waist Length+ Straight Teen Slim Pale Cooking Missionary Doggy Style,,,https://vndb.org/c85878,
vndb-c37478,vndb,6,27,,,ウォルフガング・フォン・ブラウアー,Wolfgang von Brauer,,男,,,Galgame,Galgame,マブラヴ オルタネイティヴ クロニクルズ 憧憬,,2011,Galgame,,,337,0,337,0,,https://t.vndb.org/ch/69/52969.jpg,https://t.vndb.org/ch/69/52969.jpg,,#e2b398 #4c4a59 #968383 #ebe1d1 #f2f1f1 #ffffff,Brown Short Straight Slim Pale Trousers Fighting Young-adult Jacket Ore,,,https://vndb.org/c37478,
al69061,anilist,6,27,,,征陸智己,Tomomi Masaoka,Hound 1 / ハウンド1,男,O,,动画|漫画|Galgame,动画,PSYCHO-PASS サイコパス,心理测量者,2012,动画,"[{""t"":""PSYCHO-PASS サイコパス"",""cn"":""心理测量者"",""ty"":""动画"",""y"":2012,""pop"":356404},{""t"":""PSYCHO-PASS サイコパス Sinners of the System Case.2 - First Guardian"",""cn"":"""",""ty"":""动画"",""y"":2019,""pop"":32783},{""t"":""監視官 常守朱"",""cn"":"""",""ty"":""漫画"",""y"":2012,""pop"":4045},{""t"":""PSYCHO-PASS サイコパス Sinners of the System"",""cn"":"""",""ty"":""漫画"",""y"":2019,""pop"":436},{""t"":""PSYCHO-PASS サイコパス 選択なき幸福"",""cn"":""心理测量者：无从选择的幸福"",""ty"":""Galgame"",""y"":2015,""pop"":259},{""t"":""ちみキャラさいこぱす"",""cn"":""小小心理测量者"",""ty"":""Galgame"",""y"":2012,""pop"":4}]",He is an enforcer under Ginoza Nobuchika and Tsunemori Akane. ~!It is later revealed that he is the latent criminal father of Ginoza.,310,310,259,0,,https://s4.anilist.co/file/anilistcdn/character/large/n69061-qPWM72rly4m4.png,https://s4.anilist.co/file/anilistcdn/character/medium/n69061-qPWM72rly4m4.png,https://t.vndb.org/ch/68/79668.jpg,,Brown Brown Pale Adult Scar Trench Coat Suit Necktie Drinking Father,https://anilist.co/character/69061,,https://vndb.org/c66253,
vndb-c12189,vndb,6,27,,,白神 姫百合,Shirakano Himeyuri,,女,,,Galgame,Galgame,Magical Charming!,,2013,Galgame,,"Shopping, art appreciation. Special Horseback riding, tennis. Favorite Hamburgers (M*Donald's), Swiss roll. Least favourite None in particular.",212,0,212,0,,https://t.vndb.org/ch/63/14363.jpg,https://t.vndb.org/ch/63/14363.jpg,,#816e73 #3f3438 #c8adb4 #e8d7d4 #f9f6e9 #ffffff,Brown Waist Length+ Straight Teen Slim Pale School Uniform Dress Shoes Hard Worker Magician,,,https://vndb.org/c12189,
vndb-c20753,vndb,6,27,,,花菱 由梨奈,Hanabishi Yurina,,女,A,,Galgame,Galgame,あねよめカルテット,,2014,Galgame,"[{""t"":""あねよめカルテット"",""cn"":"""",""ty"":""Galgame"",""y"":2014,""pop"":197},{""t"":""あねよめコンチェルト"",""cn"":"""",""ty"":""Galgame"",""y"":2015,""pop"":95}]","The oldest of Hanabishi sisters. Office lady Going back to sleep after waking up Alcohol, food that goes well with alcohol Sweet things, food that doesn't go well with alchohol",197,0,197,0,,https://t.vndb.org/ch/74/41674.jpg,https://t.vndb.org/ch/74/41674.jpg,,#78565d #bc9aa3 #d8c3cc #ede4e4 #fbf8f0 #ffffff,Brown Waist Length+ Slim Pale Sweater Missionary Doggy Style Cowgirl Spoons Blowjob,,,https://vndb.org/c20753,
al84499,anilist,6,27,,,宮村レオナ,Leona Miyamura,,女,,,动画|漫画,动画,山田くんと7人の魔女,,2015,动画,"[{""t"":""山田くんと7人の魔女"",""cn"":"""",""ty"":""动画"",""y"":2015,""pop"":189518},{""t"":""山田くんと7人の魔女"",""cn"":"""",""ty"":""漫画"",""y"":2012,""pop"":33949}]",She is Toranosuke Miyamura's older sister. She is seen to have this abstract and cold personality towards people around her and is seen to inflict violence on those who come around her.,112,112,0,0,,https://s4.anilist.co/file/anilistcdn/character/large/b84499-af4EFCmoP6Kn.png,https://s4.anilist.co/file/anilistcdn/character/medium/b84499-af4EFCmoP6Kn.png,,,,https://anilist.co/character/84499,,,
al121014,anilist,6,27,,,早瀬絹江,Kinue Hayase,,女,,42,动画|漫画,动画,政宗くんのリベンジ,,2017,动画,"[{""t"":""政宗くんのリベンジ"",""cn"":"""",""ty"":""动画"",""y"":2017,""pop"":243828},{""t"":""政宗くんのリベンジR"",""cn"":"""",""ty"":""动画"",""y"":2023,""pop"":86436},{""t"":""政宗くんのリベンジ OVA"",""cn"":"""",""ty"":""动画"",""y"":2018,""pop"":37546},{""t"":""政宗くんのリベンジ"",""cn"":"""",""ty"":""漫画"",""y"":2012,""pop"":33158},{""t"":""政宗くんのリベンジafter school"",""cn"":"""",""ty"":""漫画"",""y"":2018,""pop"":5680},{""t"":""政宗くんのリ○○○"",""cn"":"""",""ty"":""漫画"",""y"":2016,""pop"":1016}]",138 cm Housewife She has light brown hair that curls at the tips and brown eyes. She wears a headband that has a dog footprint on and she usually is seen wearing an apron.,95,95,0,0,,https://s4.anilist.co/file/anilistcdn/character/large/b121014-BJWpcwKHRVXH.jpg,https://s4.anilist.co/file/anilistcdn/character/medium/b121014-BJWpcwKHRVXH.jpg,,,,https://anilist.co/character/121014,,,
al127133,anilist,6,27,1987,,中西 宏太,Kouta Nakanishi,Chouno Uryoku,男,,27,动画|漫画,动画,斉木楠雄のΨ難,齐木楠雄的灾难,2016,动画,"[{""t"":""斉木楠雄のΨ難"",""cn"":""齐木楠雄的灾难"",""ty"":""动画"",""y"":2016,""pop"":358529},{""t"":""斉木楠雄のΨ難 2"",""cn"":"""",""ty"":""动画"",""y"":2018,""pop"":189627},{""t"":""斉木楠雄のΨ難"",""cn"":""齐木楠雄的灾难"",""ty"":""漫画"",""y"":2012,""pop"":16675}]",He's a homeless magician that first appeared playing tricks in the street with his partner Michael. Basically Chouno goes in and out of being a homeless failure and a semi-successful magician.,62,62,0,0,,https://s4.anilist.co/file/anilistcdn/character/large/127133-cv5w71hVhEDs.jpg,https://s4.anilist.co/file/anilistcdn/character/medium/127133-cv5w71hVhEDs.jpg,,,,https://anilist.co/character/127133,,,
al272873,anilist,6,27,,,ボイル,Boiled,,男,O,28,动画|漫画,动画,SAKAMOTO DAYS,,2025,动画,"[{""t"":""SAKAMOTO DAYS"",""cn"":"""",""ty"":""动画"",""y"":2025,""pop"":220460},{""t"":""SAKAMOTO DAYS"",""cn"":"""",""ty"":""漫画"",""y"":2020,""pop"":88751}]","Boiled is an assassin obsessed with being ""hard boiled"" and works for the assassin agency Dodenkai with [Obiguro.](//anilist.co/character/348935/Obiguro) He knew [Sakamoto](//anilist.co/character/196522/Tarou-Sakamoto) at the JCC and uses b…",52,52,0,0,,https://s4.anilist.co/file/anilistcdn/character/large/b272873-LO2tO5H9U61f.jpg,https://s4.anilist.co/file/anilistcdn/character/medium/b272873-LO2tO5H9U61f.jpg,,,,https://anilist.co/character/272873,,,
vndb-c24994,vndb,6,28,,,鈴木 功一,Suzuki Kouichi,4℃ / Shido,男,B,,Galgame,Galgame,STEINS;GATE,命运石之门,2009,Galgame,"[{""t"":""STEINS;GATE"",""cn"":""命运石之门"",""ty"":""Galgame"",""y"":2009,""pop"":16857},{""t"":""STEINS;GATE 比翼恋理のだーりん"",""cn"":""命运石之门 比翼恋理的爱人"",""ty"":""Galgame"",""y"":2011,""pop"":1404},{""t"":""STEINS;GATE 線形拘束のフェノグラム"",""cn"":""命运石之门 线形拘束的树状图"",""ty"":""Galgame"",""y"":2013,""pop"":1115},{""t"":""ファミコレADV シュタインズ・ゲート"",""cn"":"""",""ty"":""Galgame"",""y"":2018,""pop"":129}]",21歳。1989年6月28日生まれ。身長180cm、体重86kg。血液型はB型。 黒系の衣装を好み、勝利の為なら卑劣な手段も辞さない「雷ネットアクセスバトラーズ」の池袋地区代表選手。「ヴァイラルアタッカーズ」というチーマーのリーダー。言い回しがいちいち長い上に回りくどく、岡部とはまた違った厨二病の持ち主。「黒の絶対零度」「雷ネッター界の黒い孔雀」「黒の貴公子」などを自称。その表記から岡部には「よんどしー」と呼ばれた。,16857,0,16857,0,,https://t.vndb.org/ch/48/117948.jpg,https://t.vndb.org/ch/48/117948.jpg,https://lain.bgm.tv/r/400/pic/crt/l/60/0a/55539_crt_dE5Xo.jpg?r=1498931968,#6a6354 #48443c #828170 #292a26 #9ea59c #dddad5,White Short Straight Trousers Grey Young-adult Dark Jacket Ore Arrogant,,https://bgm.tv/character/55539,https://vndb.org/c24994,55539
al84679,anilist,6,28,,一岐日和,壱岐ひより,Hiyori Iki,Hiyorin,女,,15,动画|漫画,动画,ノラガミ,野良神,2014,动画,"[{""t"":""ノラガミ"",""cn"":""野良神"",""ty"":""动画"",""y"":2014,""pop"":539059},{""t"":""ノラガミ ARAGOTO"",""cn"":""野良神 ARAGOTO"",""ty"":""动画"",""y"":2015,""pop"":311142},{""t"":""ノラガミ OAD"",""cn"":""野良神 OAD"",""ty"":""动画"",""y"":2014,""pop"":76788},{""t"":""ノラガミ"",""cn"":""野良神"",""ty"":""漫画"",""y"":2010,""pop"":62518},{""t"":""ノラガミ ARAGOTO OAD"",""cn"":""野良神 ARAGOTO OAD"",""ty"":""动画"",""y"":2015,""pop"":43437},{""t"":""ノラネコ"",""cn"":"""",""ty"":""动画"",""y"":2014,""pop"":3939}]",良家の令嬢で15歳の中学3年生→高校1年生。隠れ格闘技好きで、蟷野という選手のファン。父親が医者。母親は古風でやや口うるさい。なお、母親は、酔っていても夜トなど狭間の存在に気付く鋭さを持っている。また、年の離れた兄がいる。 依頼で探していた猫を追って道路に飛び出した夜トを助けようとして自分がバスにひかれてしまい、幸い命に別状はなかったものの、半妖となり、魂が抜けやすい生霊として中途半端な狭間の存在になってしまった（夜ト曰く「体をよく落とす」）。,3673,3673,0,355,,https://s4.anilist.co/file/anilistcdn/character/large/b84679-GdMxvYy36M9H.png,https://s4.anilist.co/file/anilistcdn/character/medium/b84679-GdMxvYy36M9H.png,https://lain.bgm.tv/r/400/pic/crt/l/02/46/22790_crt_O7DsZ.jpg,,,https://anilist.co/character/84679,https://bgm.tv/character/22790,,22790
vndb-c64024,vndb,6,28,,,ニコラ・フランチェスカ,Nicola Francesca,,男,AB,,Galgame,Galgame,ピオフィオーレの晩鐘,,2018,Galgame,"[{""t"":""ピオフィオーレの晩鐘"",""cn"":"""",""ty"":""Galgame"",""y"":2018,""pop"":865},{""t"":""ピオフィオーレの晩鐘 -Episodio1926-"",""cn"":"""",""ty"":""Galgame"",""y"":2020,""pop"":287}]","""It's no good to trust me too much, because I'm a bad person. In other words a criminal."" The Number 2 of the Falzone Family. A gentle man who looks kind-hearted and barely seems like he's in the Mafia.",865,0,865,0,,https://t.vndb.org/ch/25/85325.jpg,https://t.vndb.org/ch/25/85325.jpg,,#998778 #4a5153 #cec3b8 #e8e4d4 #f4f2e7 #ffffff,Brown Short Trousers Dress Shoes Fedora Green Young-adult Earrings Necktie Shirt,,,https://vndb.org/c64024,
vndb-c8545,vndb,6,28,,,林田 美咲,Hayashida Misaki,Linda / リンダ,女,,,Galgame,Galgame,俺たちに翼はない,,2009,Galgame,"[{""t"":""俺たちに翼はない"",""cn"":"""",""ty"":""Galgame"",""y"":2009,""pop"":632},{""t"":""俺たちに翼はない"",""cn"":"""",""ty"":""Galgame"",""y"":2009,""pop"":632},{""t"":""俺たちに翼はない"",""cn"":"""",""ty"":""Galgame"",""y"":2009,""pop"":632},{""t"":""俺たちに翼はない ～Prelude～"",""cn"":"""",""ty"":""Galgame"",""y"":2008,""pop"":220},{""t"":""俺たちに翼はない AfterStory"",""cn"":"""",""ty"":""Galgame"",""y"":2010,""pop"":200}]",,632,0,632,0,,https://t.vndb.org/ch/97/149497.jpg,https://t.vndb.org/ch/97/149497.jpg,,#969aa2 #59595e #c3c3cf #ebe4e0 #f6f5f5 #ffffff,Shoulder-length Teen Slim Pale School Uniform Blue Airhead Shy Friend Student Club Member,,,https://vndb.org/c8545,
al125441,anilist,6,28,,,谷垣源次郎,Genjirou Tanigaki,Ani Matagi / Bear Cub,男,,,动画|漫画,动画,ゴールデンカムイ,黄金神威,2018,动画,"[{""t"":""ゴールデンカムイ"",""cn"":""黄金神威"",""ty"":""动画"",""y"":2018,""pop"":139263},{""t"":""ゴールデンカムイ 第二期"",""cn"":"""",""ty"":""动画"",""y"":2018,""pop"":65228},{""t"":""ゴールデンカムイ 第三期"",""cn"":"""",""ty"":""动画"",""y"":2020,""pop"":53982},{""t"":""ゴールデンカムイ"",""cn"":""黄金神威"",""ty"":""漫画"",""y"":2014,""pop"":51312},{""t"":""ゴールデンカムイ 第四期"",""cn"":"""",""ty"":""动画"",""y"":2022,""pop"":36654},{""t"":""ゴールデンカムイ 「ゴールデン道画劇場」"",""cn"":"""",""ty"":""动画"",""y"":2018,""pop"":3157}]","The Private First Class of the 7th Division and a Matagi of Tohoku. He seems to have a frail and low self-esteem, being shown to cry easily under heavy criticism.",588,588,0,0,,https://s4.anilist.co/file/anilistcdn/character/large/b125441-H9SKYRPP5ex6.png,https://s4.anilist.co/file/anilistcdn/character/medium/b125441-H9SKYRPP5ex6.png,,,,https://anilist.co/character/125441,,,
al306620,anilist,6,28,,,ルパ,Rupa,,女,O,22,动画|漫画,动画,ガールズバンドクライ,,2024,动画,"[{""t"":""ガールズバンドクライ"",""cn"":"""",""ty"":""动画"",""y"":2024,""pop"":66855},{""t"":""ガールズバンドクライ 青春狂走曲"",""cn"":"""",""ty"":""动画"",""y"":2025,""pop"":4854},{""t"":""ガールズバンドクライ なぁ、未来。"",""cn"":"""",""ty"":""动画"",""y"":2025,""pop"":2612},{""t"":""ガールズバンドクライ"",""cn"":"""",""ty"":""漫画"",""y"":2026,""pop"":1007},{""t"":""걸즈 밴드 크라이 ~Secret Live~"",""cn"":"""",""ty"":""漫画"",""y"":2026,""pop"":215}]","169 cm A slightly tanned girl who has a South Asian father and a Japanese mother. She has an artistic sense, and a clear-headed mind. She is a so-called genius that everyone respects for her gentle and modest demeanor.",563,563,0,0,,https://s4.anilist.co/file/anilistcdn/character/large/b306620-4GdCiedYuhq1.jpg,https://s4.anilist.co/file/anilistcdn/character/medium/b306620-4GdCiedYuhq1.jpg,,,,https://anilist.co/character/306620,,,
vndb-c8454,vndb,6,28,,,瀬川 みのり,Segawa Minori,,女,A,,Galgame,Galgame,BALDR FORCE,,2002,Galgame,,"She dropped out of university and joined the army, FLAK, as a support. [From AniDB]",490,0,490,0,,https://t.vndb.org/ch/10/8910.jpg,https://t.vndb.org/ch/10/8910.jpg,,#a57353 #c9b090 #605a51 #f4ddbc #8e8981 #222324,Brown Waist Length+ Straight Slim Pale Blowjob Blue Young-adult Glasses Headband,,,https://vndb.org/c8454,
vndb-c74854,vndb,6,28,,,凪梳 乃,Nasuki Chino,,女,A,,Galgame,Galgame,1bitHeart,,2015,Galgame,,"Haruya's mother. A woman working at a flower shop. Haruya's mother, who takes things at her own pace. Really into making herb tea these days. She even has periodic tea parties.",316,0,316,0,,https://t.vndb.org/ch/16/90616.jpg,https://t.vndb.org/ch/16/90616.jpg,,#819454 #6a3547 #9f6262 #ba9c89 #431e3b #d9b7b5,Brown Green Mother Friend Shawl Hair Flower Turtleneck Sweater Twin Braids Florist No Sense of Direction,,,https://vndb.org/c74854,
vndb-c42214,vndb,6,28,,,リィズ・ホーエンシュタイン,Lise Hohenstein,,女,,,Galgame,Galgame,シュヴァルツェスマーケン,,2015,Galgame,,Theodor Eberbach's adoptive sister. Lise Hohenstein was thought to have been killed by the Stasi 3 years ago when their family attempted to defect to West Germany and were all captured or killed.,299,0,299,0,,https://t.vndb.org/ch/12/50712.jpg,https://t.vndb.org/ch/12/50712.jpg,,#ad9b85 #4d4540 #e3cebd #fddee5 #fff3f6,Blond Twin Tails Waist Length+ Teen Slim Pale School Uniform Fighting Blue Scar,,,https://vndb.org/c42214,
vndb-c17488,vndb,6,28,,,,Flower Shop Owner,Stephan,男,,,Galgame,Galgame,Romance Detective,,2014,Galgame,"[{""t"":""Romance Detective"",""cn"":"""",""ty"":""Galgame"",""y"":2014,""pop"":216},{""t"":""Romance Detective 2"",""cn"":"""",""ty"":""Galgame"",""y"":2016,""pop"":56}]","Large man whose passion in life is taking care of flowers. He's quite popular with women and children; especially little old ladies! He always says he's taken, but his one true love is botany. [From in-game profile]",216,0,216,0,,https://t.vndb.org/ch/91/22191.jpg,https://t.vndb.org/ch/91/22191.jpg,,#93775e #ddb490 #3d4137 #ffffff,Brown Short Green Young-adult Muscular Olive Apron T-shirt Kind Shopkeeper,,,https://vndb.org/c17488,
al23602,anilist,6,29,,忍野忍,忍野忍,Shinobu Oshino,Kiss-Shot Acerola-Orion Heart-Under-Blade (キスショット・アセロラオリオン・ハートアンダーブレード) / Tekketsu ni shite Nekketsu ni shite Reiketsu no Kyuuketsuki (鉄血にして熱血にして冷血の吸血鬼) / The Iron-blooded‚ Hot-blooded‚ Cold-blooded Vampire / Beautiful Princess,女,,598-599,动画,动画,化物語,化物语,2009,动画,"[{""t"":""化物語"",""cn"":""化物语"",""ty"":""动画"",""y"":2009,""pop"":342174},{""t"":""偽物語"",""cn"":""伪物语"",""ty"":""动画"",""y"":2012,""pop"":186304},{""t"":""〈物語〉シリーズ セカンドシーズン"",""cn"":""物语系列 第二季"",""ty"":""动画"",""y"":2013,""pop"":171771},{""t"":""傷物語〈Ⅰ鉄血篇〉"",""cn"":""伤物语〈Ⅰ 铁血篇〉"",""ty"":""动画"",""y"":2016,""pop"":166866},{""t"":""猫物語（黒）"",""cn"":""猫物语（黑）"",""ty"":""动画"",""y"":2012,""pop"":150630},{""t"":""傷物語〈Ⅲ冷血篇〉"",""cn"":"""",""ty"":""动画"",""y"":2017,""pop"":147839}]",忍野 忍，原キスショット・アセロラオリオン・ハートアンダーブレード (Kissshot Acerolaorion Heartunderblade)，铁血的、热血的、冷血的，传说中的金发美女吸血鬼，怪异中的怪异，怪异之王。有着欧洲贵族女性的外表，高大而性感的身材。在遇到阿良良木历时，在世已超过五百年（实际上接近六百年），处于全盛期，能力极其强大，按照埃匹索德的说法，可以毁灭地球三次。 曾经在几百年前到访日本，故而会说一口颇具古风的日语。,14457,14457,0,2065,,https://s4.anilist.co/file/anilistcdn/character/large/b23602-Z4MDNYcoAWZu.png,https://s4.anilist.co/file/anilistcdn/character/medium/b23602-Z4MDNYcoAWZu.png,https://lain.bgm.tv/r/400/pic/crt/l/ce/7c/1211_crt_8t3ww.jpg?r=1755363444,,,https://anilist.co/character/23602,https://bgm.tv/character/1211,,1211
al90019,anilist,6,29,,左右田和一,左右田和一,Kazuichi Souda,Ultimate Mechanic / Super High School Level Mechanic (超高校級のメカニック) / Ultimate Mechanic / 超高校級の「メカニック」,男,A,,动画|漫画|轻小说|Galgame,动画,ダンガンロンパ3 -The End of 希望ヶ峰学園-　絶望編,弹丸论破3 -The End of 希望之峰学园- 绝望篇,2016,动画,"[{""t"":""ダンガンロンパ3 -The End of 希望ヶ峰学園-　絶望編"",""cn"":""弹丸论破3 -The End of 希望之峰学园- 绝望篇"",""ty"":""动画"",""y"":2016,""pop"":89210},{""t"":""ダンガンロンパ３-The End of 希望ヶ峰学園-希望編"",""cn"":"""",""ty"":""动画"",""y"":2016,""pop"":56357},{""t"":""スーパーダンガンロンパ2.5 狛枝凪斗と世界の破壊者"",""cn"":""超级弹丸论破2.5 狛枝凪斗与世界的破坏者"",""ty"":""动画"",""y"":2017,""pop"":34341},{""t"":""スーパーダンガンロンパ2 さよなら絶望学園"",""cn"":""超级弹丸论破2 再见了绝望学园"",""ty"":""Galgame"",""y"":2012,""pop"":13178},{""t"":""ニューダンガンロンパV3 みんなのコロシアイ新学期"",""cn"":""新弹丸论破V3 大家的自相残杀新学期"",""ty"":""Galgame"",""y"":2017,""pop"":8847},{""t"":""スーパーダンガンロンパ2 超高校級の幸運と希望と絶望"",""cn"":""超级弹丸论破2 超高校级的幸运与希望与绝望"",""ty"":""漫画"",""y"":2012,""pop"":2009}]",超高校級の「メカニック」。 黄色のツナギがトレードマーク。才能が示す通り機械類にはめっぽう強い。派手な外見通りの軽薄で能天気な振る舞いが目立つが、かつては地味な少年だったらしく、人一倍繊細で小心者な一面も持つ。 ソニアに好意を抱いているが、彼女からは全く相手にされず、その言動には一方的かつ無残なまでに振り回される。,13178,544,13178,18,,https://s4.anilist.co/file/anilistcdn/character/large/b90019-D8sXJkRfrfcJ.jpg,https://s4.anilist.co/file/anilistcdn/character/medium/b90019-D8sXJkRfrfcJ.jpg,https://t.vndb.org/ch/77/70677.jpg|https://lain.bgm.tv/r/400/pic/crt/l/e3/d6/18052_crt_MVk4f.jpg?r=1534933586,,Pink Shoulder-length Teen Slim Pale Disaster Amnesia Earrings Glasses T-shirt,https://anilist.co/character/90019,https://bgm.tv/character/18052,https://vndb.org/c6614,18052
al89249,anilist,6,29,,上鸣电气,上鳴電気,Denki Kaminari,Stun Gun Hero: Chargezuma (スタンガンヒーロー・チャージズマ) / Stun Gun Hero: Chargebolt,男,O,15-,动画,动画,僕のヒーローアカデミア,我的英雄学院,2016,动画,"[{""t"":""僕のヒーローアカデミア"",""cn"":""我的英雄学院"",""ty"":""动画"",""y"":2016,""pop"":873712},{""t"":""僕のヒーローアカデミア２"",""cn"":"""",""ty"":""动画"",""y"":2017,""pop"":655237},{""t"":""僕のヒーローアカデミア３"",""cn"":"""",""ty"":""动画"",""y"":2018,""pop"":600666},{""t"":""僕のヒーローアカデミア４"",""cn"":"""",""ty"":""动画"",""y"":2019,""pop"":532336},{""t"":""僕のヒーローアカデミア５"",""cn"":"""",""ty"":""动画"",""y"":2021,""pop"":414683},{""t"":""僕のヒーローアカデミア６"",""cn"":"""",""ty"":""动画"",""y"":2022,""pop"":269963}]",1-A班男学生。 头发左侧有着黑色闪电符号的金髪少年。在战斗中认为自己个性很没而用过之后性格会变得很轻浮的人。 战斗训练跟耳郎一组，胜负不明，与耳郎关系很好。曾搭讪过丽日。在体育季的骑马战与轰、饭田和八百万组队，在比赛途中负责用“无差别放电.130V”麻痹多名队伍的行动，之后在常暗操纵黑影要打破八百万创造的铁板之际，因自身发出的电光令常暗的黑影攻击威力降低而无法将它打破，在比赛结束前再度使用无差别放电攻击出久队，不久因用电过度变成傻子模式。,5425,5425,0,13,,https://s4.anilist.co/file/anilistcdn/character/large/b89249-Ygc30RlYoFta.png,https://s4.anilist.co/file/anilistcdn/character/medium/b89249-Ygc30RlYoFta.png,https://lain.bgm.tv/r/400/pic/crt/l/09/e5/38936_crt_3Gh3V.jpg?r=1469017222,,,https://anilist.co/character/89249,https://bgm.tv/character/38936,,38936
vndb-c19051,vndb,6,29,,,鳴沢 律佳,Narusawa Rikka,Hino-Rikka / Piano-chan / Ritsu / The Angel of Piano,女,A,,Galgame,Galgame,星織ユメミライ,,2014,Galgame,"[{""t"":""星織ユメミライ"",""cn"":"""",""ty"":""Galgame"",""y"":2014,""pop"":2735},{""t"":""星織ユメミライ 律佳とあなたの1周年記念、いちゃらぶバースデー"",""cn"":"""",""ty"":""Galgame"",""y"":2015,""pop"":87}]",隣の席のクラスメイト。 ほとんど友達付き合いをせず、その交友関係はとても希薄。 両親ともに高名な音楽家であり、本人もピアノの腕前はかなりのもの。 しかし部活動に所属する気はないらしく、放課後はいつも第二音楽室でひとりピアノを弾いている。 その音色に癒される学生も多いが、どうしていつも鍵盤を弾いているのか、その真意は誰にも分からないでいる。 「理由なんてないわ。 1人で弾きたいから弾いてるだけよ」,2735,0,2735,47,,https://t.vndb.org/ch/41/25241.jpg,https://t.vndb.org/ch/41/25241.jpg,https://lain.bgm.tv/r/400/pic/crt/l/b2/1b/25686_crt_4m8uz.jpg,#d17867 #4a456e #faf2d4 #bfb5ae #d0e0e7 #ffffff,Blue Waist Length+ Straight Teen Slim Pale Hard Worker Cooking Missionary Doggy Style,,https://bgm.tv/character/25686,https://vndb.org/c19051,25686
vndb-c13613,vndb,6,29,,,藤宮 朔夜,Fujimiya Sakuya,,女,A,,Galgame,Galgame,大図書館の羊飼い,,2013,Galgame,"[{""t"":""大図書館の羊飼い"",""cn"":"""",""ty"":""Galgame"",""y"":2013,""pop"":2275},{""t"":""大図書館の羊飼い"",""cn"":"""",""ty"":""Galgame"",""y"":2013,""pop"":2275},{""t"":""大図書館の羊飼い"",""cn"":"""",""ty"":""Galgame"",""y"":2013,""pop"":2275},{""t"":""大図書館の羊飼い"",""cn"":"""",""ty"":""Galgame"",""y"":2013,""pop"":2275},{""t"":""大図書館の羊飼い -Dreaming Sheep-"",""cn"":"""",""ty"":""Galgame"",""y"":2014,""pop"":383},{""t"":""大図書館の羊飼い ～放課後しっぽデイズ～"",""cn"":"""",""ty"":""Galgame"",""y"":2013,""pop"":346}]","Precise 150.2 cm Kei and Nozomi's childhood friend and a first-year student who is like a little sister to them. Her home is is a prestigious inn, and because her mother was against Sakuya enrolling in Shiomi Academy, it ultimately resulted…",2275,0,2275,0,,https://t.vndb.org/ch/89/16989.jpg,https://t.vndb.org/ch/89/16989.jpg,,#81525e #9a919e #c9b5b5 #e9ded8 #f7f4f1 #ffffff,Brown Hime Cut Long Straight Teen Slim Pale School Uniform Sweater Cooking,,,https://vndb.org/c13613,
vndb-c1654,vndb,6,29,,,支倉 透理,Hasekura Touri,Death Goddess,女,B,,Galgame,Galgame,コミュ - 黒い竜と優しい王国 -,,2009,Galgame,,Shinigami She wanders night and day She grins on top of the avatars she slay She kills with no mercy She is the God of Death,2159,0,2159,0,,https://t.vndb.org/ch/25/20225.jpg,https://t.vndb.org/ch/25/20225.jpg,,#705b6d #312c2c #f9f5e9 #aca4a2 #dfd9d4 #ffffff,Violet Short Slim Pale Doggy Style Red Young-adult Earrings Gloves Boots,,,https://vndb.org/c1654,
vndb-c29350,vndb,6,29,,,玉森,Tamamori,,男,A,,Galgame,Galgame,古書店街の橋姫,,2016,Galgame,,"""What, is that how you address me?"" Born in Aizu. A miserly, menial, lazy person with a fatal attraction to books. He has a vain personality, enough to wear glasses just to make himself look serious and clever, and this vanity is his only s…",1130,0,1130,0,,https://t.vndb.org/ch/47/110747.jpg,https://t.vndb.org/ch/47/110747.jpg,,#cc3086 #151735 #292a4e #583f69 #e6d9d0 #aa9ea1,Black Short Straight Slim Pale Orphan Missionary Doggy Style Cowgirl Standing Sex,,,https://vndb.org/c29350,
vndb-c55459,vndb,6,29,,,テルマ・ミュラー,Thelma Muller,Thel / テル,女,,,Galgame,Galgame,真剣で私に恋しなさい！A-5,,2016,Galgame,"[{""t"":""真剣で私に恋しなさい！A-5"",""cn"":"""",""ty"":""Galgame"",""y"":2016,""pop"":791},{""t"":""真剣で私に恋しなさい！Ａ プラスディスク"",""cn"":"""",""ty"":""Galgame"",""y"":2016,""pop"":286},{""t"":""真剣で私に恋しなさい! A 猟犬ルートアフター"",""cn"":"""",""ty"":""Galgame"",""y"":2019,""pop"":253}]",One of the Hound Unit under Margit Eberbach.,791,0,791,0,,https://t.vndb.org/ch/29/66329.jpg,https://t.vndb.org/ch/29/66329.jpg,,#492929 #a79293 #c7babd #e1d8d6 #f5f1f1 #ffffff,Waist Length+ Straight Slim Pale Sword Fighting Doggy Style Blowjob Sixty-nine Virgin Sex,,,https://vndb.org/c55459,
vndb-c30369,vndb,6,29,,,二条 朔也,Nijou Sakuya,,男,AB,,Galgame,Galgame,NORN9 ~ノルン+ノネット~,,2013,Galgame,"[{""t"":""NORN9 ~ノルン+ノネット~"",""cn"":"""",""ty"":""Galgame"",""y"":2013,""pop"":714},{""t"":""Norn9 ~Norn + Nonette~ Last Era"",""cn"":"""",""ty"":""Galgame"",""y"":2015,""pop"":109},{""t"":""ノルン＋ノネット アクト チューン"",""cn"":"""",""ty"":""Galgame"",""y"":2016,""pop"":21}]","A young man who is outstandingly beautiful. He has a gentle demeanour and is gentlemanly towards women. He treasures his childhood friend, Mikoto. His hobbies are telling fortunes that do not come true and riddles.",714,0,714,0,,https://t.vndb.org/ch/04/36504.jpg,https://t.vndb.org/ch/04/36504.jpg,,#565a60 #a29895 #cdc5c0 #e8e3de #f6f3ef #ffffff,White Ponytail Waist Length+ Straight Brown Teen Slim Pale Uniform Sweater,,,https://vndb.org/c30369,
vndb-c35679,vndb,6,29,,,一ノ瀬 穂波,Ichinose Honami,,女,A,,Galgame,Galgame,アマカノ２,,2020,Galgame,"[{""t"":""アマカノ２"",""cn"":"""",""ty"":""Galgame"",""y"":2020,""pop"":698},{""t"":""アマカノ２＋"",""cn"":"""",""ty"":""Galgame"",""y"":2023,""pop"":396},{""t"":""アマカノ～Second Season～"",""cn"":"""",""ty"":""Galgame"",""y"":2015,""pop"":329},{""t"":""アマカノ+"",""cn"":"""",""ty"":""Galgame"",""y"":2016,""pop"":213},{""t"":""アマカノ～Second Season～＋"",""cn"":"""",""ty"":""Galgame"",""y"":2017,""pop"":178}]","1-B The protagonist's underclassman who transferred on the same day, she is serious and polite, not to mention an honor student. She isn't accustomed to living away from her parents, which is why she often feels very lonely.",698,0,698,0,,https://t.vndb.org/ch/32/47432.jpg,https://t.vndb.org/ch/32/47432.jpg,,#65555b #a88c89 #d8b7ac #e8dfd7 #f4f3ef #ffffff,Brown Waist Length+ Teen Slim Pale School Uniform Sweater Trousers Cooking Missionary,,,https://vndb.org/c35679,
vndb-c4170,vndb,6,29,,,五塚 小瓜,Itsutsuka Kouri,,女,O,,Galgame,Galgame,ブラス・レストレイション,,2004,Galgame,,,650,0,650,0,,https://t.vndb.org/ch/07/4207.jpg,https://t.vndb.org/ch/07/4207.jpg,,#4d6768 #263631 #dad7a7 #bfd0d6 #94a098 #e9ece0,Blond Ponytail Long Pale School Uniform Orphan Green Shy Friend Student Club Member,,,https://vndb.org/c4170,
al170482,anilist,6,29,1990,,柴柚葉,Yuzuha Shiba,,女,,15-,动画|漫画,动画,東京リベンジャーズ 聖夜決戦編,东京复仇者 圣夜决战篇,2023,动画,"[{""t"":""東京リベンジャーズ 聖夜決戦編"",""cn"":""东京复仇者 圣夜决战篇"",""ty"":""动画"",""y"":2023,""pop"":143018},{""t"":""東京卍リベンジャーズ"",""cn"":""东京卍复仇者"",""ty"":""漫画"",""y"":2017,""pop"":117730},{""t"":""童話リベンジャーズ"",""cn"":"""",""ty"":""动画"",""y"":2024,""pop"":864}]",The younger sister of [Taiju Shiba](//anilist.co/character/167845/Shiba-Taiju) and the elder sister of [Hakkai Shiba](//anilist.co/character/167842/Shiba-Hakkai).,589,589,0,0,,https://s4.anilist.co/file/anilistcdn/character/large/b170482-cyH9rjtSKOZx.png,https://s4.anilist.co/file/anilistcdn/character/medium/b170482-cyH9rjtSKOZx.png,,,,https://anilist.co/character/170482,,,
al132795,anilist,6,29,,,朝香果林,Karin Asaka,,女,AB,,动画,动画,ラブライブ！虹ヶ咲学園スクールアイドル同好会,,2020,动画,"[{""t"":""ラブライブ！虹ヶ咲学園スクールアイドル同好会"",""cn"":"""",""ty"":""动画"",""y"":2020,""pop"":32814},{""t"":""ラブライブ！虹ヶ咲学園スクールアイドル同好会 2"",""cn"":"""",""ty"":""动画"",""y"":2022,""pop"":17379},{""t"":""ラブライブ！虹ヶ咲学園スクールアイドル同好会 NEXT SKY"",""cn"":"""",""ty"":""动画"",""y"":2023,""pop"":6351},{""t"":""にじよん あにめーしょん"",""cn"":"""",""ty"":""动画"",""y"":2023,""pop"":5920},{""t"":""ラブライブ！虹ヶ咲学園スクールアイドル同好会 完結編 第1章"",""cn"":"""",""ty"":""动画"",""y"":2024,""pop"":5027},{""t"":""にじよん あにめーしょん2"",""cn"":"""",""ty"":""动画"",""y"":2024,""pop"":3198}]","167 cm (5'5"") Karin Asaka is one of thirteen members of the Nijigasaki High School Idol Club. She is a member of DiverDiva, a unit under Nijigaku. She is a third year student and her image color is royal blue.",379,379,0,0,,https://s4.anilist.co/file/anilistcdn/character/large/b132795-EMhlEfeTQGVT.png,https://s4.anilist.co/file/anilistcdn/character/medium/b132795-EMhlEfeTQGVT.png,,,,https://anilist.co/character/132795,,,
vndb-c48065,vndb,6,29,,,矢崎 夕空,Yazaki Yura,,其他,A,,Galgame,Galgame,恋愛0キロメートル,,2011,Galgame,"[{""t"":""恋愛0キロメートル"",""cn"":"""",""ty"":""Galgame"",""y"":2011,""pop"":354},{""t"":""恋愛0キロメートル"",""cn"":"""",""ty"":""Galgame"",""y"":2011,""pop"":354},{""t"":""恋愛0キロメートル"",""cn"":"""",""ty"":""Galgame"",""y"":2011,""pop"":354},{""t"":""恋愛0キロメートル"",""cn"":"""",""ty"":""Galgame"",""y"":2011,""pop"":354},{""t"":""恋愛0キロメートル"",""cn"":"""",""ty"":""Galgame"",""y"":2011,""pop"":354}]",The third son who always seems angry.,354,0,354,0,,https://t.vndb.org/ch/23/57623.jpg,https://t.vndb.org/ch/23/57623.jpg,,#cab49f #7f6e6e #d2ceca #eeede7 #ffffff,Cross-dressing Reverse-trap Full Sister Friend Childhood Friend High School Student Bikini Younger Sister Older Sister Bikini Skirt,,,https://vndb.org/c48065,
vndb-c92334,vndb,6,29,,,東妻 紫陽花,Azuma Haruka,,女,,,Galgame,Galgame,聖奴隷学園2,,2021,Galgame,,"She is the next head of the Azuma family and the eldest of four sisters. She is the head of St. Orkis Academy. She is a strong meritocrat, and does not recognize the value of existence in those who cannot produce results.",247,0,247,0,1,https://t.vndb.org/ch/12/112212.jpg,https://t.vndb.org/ch/12/112212.jpg,,#cf9b8e #985d5b #eecda8 #f2dfd0 #f7f3ef #ffffff,Blond Long Wavy Slim Pale Doggy Style Cowgirl Standing Sex Blowjob Virgin Sex,,,https://vndb.org/c92334,
vndb-c55729,vndb,6,30,,雾切仁,霧切 仁,Kirigiri Jin,The Headmaster of Hope's Peak Academy,男,B,,Galgame,Galgame,ダンガンロンパ 希望の学園と絶望の高校生,弹丸论破 希望的学园和绝望高中生,2010,Galgame,,"希望之峰学园学园长，""超高校级的侦探""·雾切响子的父亲。与黄樱公一是老朋友。",15953,0,15953,1,,https://t.vndb.org/ch/70/66470.jpg,https://t.vndb.org/ch/70/66470.jpg,https://lain.bgm.tv/r/400/pic/crt/l/0f/53/43375_crt_vaiZM.jpg?r=1534947511,#1e1914 #614e48 #bb9c9d #e5d0d0 #f9f2ef #ffffff,Short Pale Violet Adult Suit Widower Father Confinement Kind Principal,,https://bgm.tv/character/43375,https://vndb.org/c55729,43375
al90013,anilist,6,30,,边古山边古,辺古山ペコ,Peko Pekoyama,Ultimate Swordswoman / Super High School Level Kendoka (超高校級の剣道家) / Ultimate Swordswoman / 超高校級の「剣道家」,女,O,,动画|漫画|Galgame,动画,ダンガンロンパ3 -The End of 希望ヶ峰学園-　絶望編,弹丸论破3 -The End of 希望之峰学园- 绝望篇,2016,动画,"[{""t"":""ダンガンロンパ3 -The End of 希望ヶ峰学園-　絶望編"",""cn"":""弹丸论破3 -The End of 希望之峰学园- 绝望篇"",""ty"":""动画"",""y"":2016,""pop"":89210},{""t"":""ダンガンロンパ３-The End of 希望ヶ峰学園-希望編"",""cn"":"""",""ty"":""动画"",""y"":2016,""pop"":56357},{""t"":""スーパーダンガンロンパ2.5 狛枝凪斗と世界の破壊者"",""cn"":""超级弹丸论破2.5 狛枝凪斗与世界的破坏者"",""ty"":""动画"",""y"":2017,""pop"":34341},{""t"":""スーパーダンガンロンパ2 さよなら絶望学園"",""cn"":""超级弹丸论破2 再见了绝望学园"",""ty"":""Galgame"",""y"":2012,""pop"":13178},{""t"":""ニューダンガンロンパV3 みんなのコロシアイ新学期"",""cn"":""新弹丸论破V3 大家的自相残杀新学期"",""ty"":""Galgame"",""y"":2017,""pop"":8847},{""t"":""スーパーダンガンロンパ2 超高校級の幸運と希望と絶望"",""cn"":""超级弹丸论破2 超高校级的幸运与希望与绝望"",""ty"":""漫画"",""y"":2012,""pop"":2009}]",超高校級の「剣道家」。 大人の男性でも勝てないほどの剣道の達人。ただし、道場には属しておらず自己で鍛錬を積んだため段位は有していない。どこに行くにも常に竹刀を持ち歩いており、自分達をコロシアイに陥れたモノクマの思惑を阻止しようとする。 常に無表情で鋭利な雰囲気を纏うが、外見に反して実は可愛い動物（特にもふもふした動物）が好きな一面も持っており、無意識に殺気立ってしまいもふもふした動物と思うように触れ合えないことや上手に笑えないことを悩むなど、年頃の女子らしい側面もあり、田中の…,13178,515,13178,41,,https://s4.anilist.co/file/anilistcdn/character/large/b90013-i0RlQQV197c6.jpg,https://s4.anilist.co/file/anilistcdn/character/medium/b90013-i0RlQQV197c6.jpg,https://t.vndb.org/ch/75/70675.jpg|https://lain.bgm.tv/r/400/pic/crt/l/da/25/18049_crt_5fVtN.jpg?r=1534933300,,White Long Teen Slim Pale School Uniform Shinai Swordsmanship Cooking Disaster,https://anilist.co/character/90013,https://bgm.tv/character/18049,https://vndb.org/c6625,18049
al120857,anilist,6,30,1998,尾上世莉架,尾上世莉架,Serika Onoe,Seri / せり / Seri,女,,17,动画|漫画|Galgame,动画,カオスチャイルド,,2017,动画,"[{""t"":""カオスチャイルド"",""cn"":"""",""ty"":""动画"",""y"":2017,""pop"":32781},{""t"":""CHAOS;CHILD SILENT SKY"",""cn"":""混沌子 SILENT SKY"",""ty"":""动画"",""y"":2017,""pop"":7733},{""t"":""CHAOS;CHILD"",""cn"":""混沌子"",""ty"":""Galgame"",""y"":2014,""pop"":5122},{""t"":""カオスチャイルド"",""cn"":"""",""ty"":""漫画"",""y"":2015,""pop"":547},{""t"":""カオスチャイルド らぶchu☆chu!!"",""cn"":"""",""ty"":""Galgame"",""y"":2017,""pop"":133}]",17岁。隶属于新闻部的高二学生。 拓留的青梅竹马，称呼拓留为“拓”。,5122,245,5122,404,,https://s4.anilist.co/file/anilistcdn/character/large/b120857-3ZtB7etlskV0.jpg,https://s4.anilist.co/file/anilistcdn/character/medium/b120857-3ZtB7etlskV0.jpg,https://t.vndb.org/ch/04/48404.jpg|https://lain.bgm.tv/r/400/pic/crt/l/72/13/23332_crt_0vzEB.jpg?r=1739759932,,Pink Short Straight Teen Slim Pale Sword Villain Fighting Amnesia,https://anilist.co/character/120857,https://bgm.tv/character/23332,https://vndb.org/c26309,23332
vndb-c11274,vndb,6,30,,辻时子,辻 時子,Tsuji Tokiko,,女,A,,Galgame,Galgame,コープスパーティー ブラッドカバー,尸体派对 血色笼罩,2006,Galgame,"[{""t"":""コープスパーティー ブラッドカバー"",""cn"":""尸体派对 血色笼罩"",""ty"":""Galgame"",""y"":2006,""pop"":3556},{""t"":""コープスパーティー ブックオブシャドウズ"",""cn"":"""",""ty"":""Galgame"",""y"":2011,""pop"":1540},{""t"":""コープスパーティー -THE ANTHOLOGY- サチコの恋愛遊戯♥Hysteric Birthday 2U"",""cn"":""尸体派对 文选集 幸子的恋爱游戏 竭斯底里生日2U"",""ty"":""Galgame"",""y"":2012,""pop"":303}]",1973年的“四名儿童连续诱拐·杀害事件”的受害人，生前是天神小学校1年6组的学生。被发现时年仅7歳，舌头以上的上颚部分的头部都被切下。,3556,0,3556,1,1,https://t.vndb.org/ch/57/18257.jpg,https://t.vndb.org/ch/57/18257.jpg,https://lain.bgm.tv/r/400/pic/crt/l/b8/e0/91208_crt_JW9Kq.jpg,#9bcce5 #96656b #c0e3f6 #f2fafe #ede6ec,Brown Short Slim Pale Villain Green Kid Knee-high Socks Torture Murder,,https://bgm.tv/character/91208,https://vndb.org/c11274,91208
vndb-c29632,vndb,6,30,,城之内真琴,城之内 真琴,Jounouchi Makoto,,女,A,,Galgame,Galgame,クロノクロック,柯罗的怀表,2015,Galgame,,主人公のクラスメイト。 要領が悪いところのある、パッと見 目立った特徴がない可愛い少女。 だが、武闘派であるヤクザの組長を親に持つという秘密を抱えている。 身体能力が意味不明なほど高く、戦闘力も高い。 「ふぇぇ」 と一般人らしく振舞っているのを主人公がニヤニヤ見ていると、 恥辱に顔を染め 内心で 「くっ、殺せ」 と思っている。 「朝から女子を呼び捨てとは気やすいですねぇ♪」,3342,0,3342,45,,https://t.vndb.org/ch/67/61767.jpg,https://t.vndb.org/ch/67/61767.jpg,https://lain.bgm.tv/r/400/pic/crt/l/d7/13/30033_crt_TdcPj.jpg,#5a3942 #926f72 #c2aaaa #e3d6d2 #f5efe8 #ffffff,Brown Waist Length+ Straight Teen Slim Pale School Uniform Blowjob Sixty-nine Virgin Sex,,https://bgm.tv/character/30033,https://vndb.org/c29632,30033
al83023,anilist,6,30,,七濑遥,七瀬遙,Haruka Nanase,Haru,男,,17-19,动画,动画,Free!,,2013,动画,"[{""t"":""Free!"",""cn"":"""",""ty"":""动画"",""y"":2013,""pop"":183363},{""t"":""Free!-Eternal Summer-"",""cn"":"""",""ty"":""动画"",""y"":2014,""pop"":87637},{""t"":""Free!-Dive to the Future-"",""cn"":"""",""ty"":""动画"",""y"":2018,""pop"":56184},{""t"":""映画ハイ☆スピード！ -Free! Starting Days-"",""cn"":"""",""ty"":""动画"",""y"":2015,""pop"":27560},{""t"":""特別版 Free!-Take Your Marks-"",""cn"":"""",""ty"":""动画"",""y"":2017,""pop"":26074},{""t"":""劇場版 Free!–the Final Stroke– 前編"",""cn"":"""",""ty"":""动画"",""y"":2021,""pop"":24568}]",岩鸢高中高中二年级生，强势直率，做事果断坚决。 专攻自由泳（捷泳）。 喜欢关于游泳的一切，经常于水中独自沉思。 静默中展现强大的能量，个中魅力为不少人所感触。,2966,2966,0,84,,https://s4.anilist.co/file/anilistcdn/character/large/b83023-l6SV5nBLfVkv.jpg,https://s4.anilist.co/file/anilistcdn/character/medium/b83023-l6SV5nBLfVkv.jpg,https://lain.bgm.tv/r/400/pic/crt/l/87/44/19848_crt_W5S4W.jpg?r=1525687751,,,https://anilist.co/character/83023,https://bgm.tv/character/19848,,19848
al2030,anilist,6,30,,月野兔,月野うさぎ,Usagi Tsukino,Serena / Sailor Moon / Usako / Buns,女,O,14-16,动画,动画,美少女戦士セーラームーン,美少女战士,1992,动画,"[{""t"":""美少女戦士セーラームーン"",""cn"":""美少女战士"",""ty"":""动画"",""y"":1992,""pop"":105243},{""t"":""美少女戦士セーラームーン R"",""cn"":""美少女战士R"",""ty"":""动画"",""y"":1993,""pop"":35482},{""t"":""美少女戦士セーラームーンCrystal"",""cn"":"""",""ty"":""动画"",""y"":2014,""pop"":34388},{""t"":""美少女戦士セーラームーン S"",""cn"":""美少女战士S"",""ty"":""动画"",""y"":1994,""pop"":32547},{""t"":""美少女戦士セーラームーン Super S"",""cn"":""美少女战士SuperS"",""ty"":""动画"",""y"":1995,""pop"":25509},{""t"":""美少女戦士セーラームーン セーラースターズ"",""cn"":""美少女战士Sailor Stars"",""ty"":""动画"",""y"":1996,""pop"":24221}]",月野兔，是著名的日本动漫《美少女战士》中的主人翁，中文昵称阿兔或小兔。 真实身分是水手月亮（即Sailor Moon，中国大陆译作“水兵月”），外在身分则是就读于十番町中学二年级的一名普通初中生（初代，后随年龄增长成为高中生）。 她的在校成绩并不理想，常常由于睡过头上学迟到，而被老师罚站，是她的老师与父母都有点头痛的女孩子。 小兔非常爱哭，做事经常三分钟热度跟丢三忘四，但她的内心十分善良与纯真，也因此人缘极好。朋友之一的海野栗夫曾说“小兔是交朋友的天才”。,2863,2863,0,76,,https://s4.anilist.co/file/anilistcdn/character/large/b2030-GQvVYPEYkXCy.jpg,https://s4.anilist.co/file/anilistcdn/character/medium/b2030-GQvVYPEYkXCy.jpg,https://lain.bgm.tv/r/400/pic/crt/l/51/22/6577_crt_2kuVO.jpg?r=1465480986,,,https://anilist.co/character/2030,https://bgm.tv/character/6577,,6577
vndb-c74512,vndb,6,30,,,オランピア,Olympia,白夜 / Byakuya,女,,,Galgame,Galgame,オランピアソワレ,,2020,Galgame,"[{""t"":""オランピアソワレ"",""cn"":"""",""ty"":""Galgame"",""y"":2020,""pop"":762},{""t"":""オランピアソワレ Catharsis"",""cn"":"""",""ty"":""Galgame"",""y"":2025,""pop"":24}]","The sole girl of the White in existence. A dancer who is able to make the sun shine and is called ""Olympia"". She began her search for a husband on her eighteenth birthday. She keeps a pet white mouse named Daifuku.",762,0,762,0,,https://t.vndb.org/ch/24/198524.jpg,https://t.vndb.org/ch/24/198524.jpg,,#815959 #c4b3ad #e2d3cd #f0ebe8 #f9f8f6,White Waist Length+ Curtained Teen Proactive Hero Disaster Amber Young-adult Hat,,,https://vndb.org/c74512,
al206571,anilist,6,30,,,オリヴァ・愛空,Oliver Aiku,,男,B,19,动画|漫画,动画,ブルーロック VS. U-20 JAPAN,蓝色监狱 VS. U-20 日本代表队,2024,动画,"[{""t"":""ブルーロック VS. U-20 JAPAN"",""cn"":""蓝色监狱 VS. U-20 日本代表队"",""ty"":""动画"",""y"":2024,""pop"":142268},{""t"":""ブルーロック"",""cn"":""蓝色监狱"",""ty"":""漫画"",""y"":2018,""pop"":124054}]","Stockholm, Sweden 190 cm (6'2"") Japan U20 & ~!Ubers (NEL)!~ Center Back Oliver Aiku is the captain and center-back of the Japan U-20 team.",619,619,0,0,,https://s4.anilist.co/file/anilistcdn/character/large/b206571-DhDhOUxff0jV.png,https://s4.anilist.co/file/anilistcdn/character/medium/b206571-DhDhOUxff0jV.png,,,,https://anilist.co/character/206571,,,
al2827,anilist,6,30,,,ちびうさ,Chibiusa,Rini / Small Lady / Sailor Chibi Moon / Camille,女,O,900,动画|漫画,动画,美少女戦士セーラームーン R,美少女战士R,1993,动画,"[{""t"":""美少女戦士セーラームーン R"",""cn"":""美少女战士R"",""ty"":""动画"",""y"":1993,""pop"":35482},{""t"":""美少女戦士セーラームーンCrystal"",""cn"":"""",""ty"":""动画"",""y"":2014,""pop"":34388},{""t"":""美少女戦士セーラームーン S"",""cn"":""美少女战士S"",""ty"":""动画"",""y"":1994,""pop"":32547},{""t"":""美少女戦士セーラームーン Super S"",""cn"":""美少女战士SuperS"",""ty"":""动画"",""y"":1995,""pop"":25509},{""t"":""美少女戦士セーラームーン セーラースターズ"",""cn"":""美少女战士Sailor Stars"",""ty"":""动画"",""y"":1996,""pop"":24221},{""t"":""美少女戦士セーラームーン"",""cn"":""美少女战士"",""ty"":""漫画"",""y"":1991,""pop"":18794}]","Chibiusa's real name is actually Usagi, but she is nicknamed Chibiusa to distinguish her from [Usagi](//anilist.co/character/2030/Tsukino-Usagi). She is usually very upbeat, extroverted and outgoing.",494,494,0,0,,https://s4.anilist.co/file/anilistcdn/character/large/b2827-XDpzQoIQSPL8.jpg,https://s4.anilist.co/file/anilistcdn/character/medium/b2827-XDpzQoIQSPL8.jpg,,,,https://anilist.co/character/2827,,,
al339096,anilist,6,30,,,霧乃イコ,Iko Kirino,,女,,,动画|漫画,动画,真夜中ハートチューン,,2026,动画,"[{""t"":""真夜中ハートチューン"",""cn"":"""",""ty"":""动画"",""y"":2026,""pop"":51077},{""t"":""真夜中ハートチューン"",""cn"":"""",""ty"":""漫画"",""y"":2023,""pop"":18542},{""t"":""真夜中ハートチューン 第2期"",""cn"":"""",""ty"":""动画"",""y"":2027,""pop"":7585}]",Iko is a member of Fuurin high school's broadcasting club. She dreams of becoming a Vtuber.,327,327,0,0,,https://s4.anilist.co/file/anilistcdn/character/large/b339096-kAM2CwKPxg4h.jpg,https://s4.anilist.co/file/anilistcdn/character/medium/b339096-kAM2CwKPxg4h.jpg,,,,https://anilist.co/character/339096,,,
vndb-c71092,vndb,6,30,,,志貴,Shiki,,男,AB,,Galgame,Galgame,ピリオドキューブ ～鳥籠のアマデウス～,,2016,Galgame,,"Kazuha's older brother, who dissapears mysteriously.",326,0,326,0,,https://t.vndb.org/ch/51/85951.jpg,https://t.vndb.org/ch/51/85951.jpg,,#8b6e6a #3c2535 #ada69e #d7d0d2 #faf5f0 #ffffff,Brown Ahoge Short Straight Brown Young-adult Yandere Ore Non-blood-related Brother Manslaughter,,,https://vndb.org/c71092,
al170333,anilist,6,30,,,和倉青羽,Aoba Wakura,,女,,,动画|漫画,动画,魔都精兵のスレイブ,,2024,动画,"[{""t"":""魔都精兵のスレイブ"",""cn"":"""",""ty"":""动画"",""y"":2024,""pop"":114516},{""t"":""魔都精兵のスレイブ"",""cn"":"""",""ty"":""漫画"",""y"":2019,""pop"":54850},{""t"":""魔都精兵のスレイブ2"",""cn"":"""",""ty"":""动画"",""y"":2026,""pop"":51922}]","Humanoid Shuuki I am the Older Sister, ""Invincible"" Hidden Village Aoba Wakura is the older sister of [Yuuki Wakura](//anilist.co/character/170329/Yuuki-Wakura) who'd taught him about being a proper young man, but later went missing at leas…",312,312,0,0,,https://s4.anilist.co/file/anilistcdn/character/large/b170333-tX4fYxtmO7Hd.png,https://s4.anilist.co/file/anilistcdn/character/medium/b170333-tX4fYxtmO7Hd.png,,,,https://anilist.co/character/170333,,,
al1817,anilist,6,30,,,間柴了,Ryou Mashiba,Shinigami / The Executioner,男,,,动画|漫画,动画,はじめの一歩 THE FIGHTING!,,2000,动画,"[{""t"":""はじめの一歩 THE FIGHTING!"",""cn"":"""",""ty"":""动画"",""y"":2000,""pop"":144509},{""t"":""はじめの一歩 Rising"",""cn"":""第一神拳 Rising"",""ty"":""动画"",""y"":2013,""pop"":60072},{""t"":""はじめの一歩"",""cn"":""第一神拳"",""ty"":""漫画"",""y"":1989,""pop"":35518},{""t"":""はじめの一歩 -Champion Road-"",""cn"":""第一神拳 冠军之路"",""ty"":""动画"",""y"":2003,""pop"":34147},{""t"":""はじめの一歩 間柴vs木村 死刑執行"",""cn"":""第一神拳 间柴vs木村 死刑执行"",""ty"":""动画"",""y"":2003,""pop"":29740}]","Mashiba Ryo is one of the darker characters in the series, but has shown his lighter and good natured side from time to time.",302,302,0,0,,https://s4.anilist.co/file/anilistcdn/character/large/b1817-zHq0XMkq9ETg.jpg,https://s4.anilist.co/file/anilistcdn/character/medium/b1817-zHq0XMkq9ETg.jpg,,,,https://anilist.co/character/1817,,,
vndb-c87157,vndb,6,30,,,水無月 紫緒,Minazuki Shio,,女,B,,Galgame,Galgame,俺の姿が、透明に!? 不可視の薬と数奇な運命,,2020,Galgame,,"A clever young woman who often acts as a confidante for many of the other characters. She is close friends with Kohaku and Ame, and she is also friendly to Haruki despite his bad habits.",299,0,299,0,,https://t.vndb.org/ch/92/105592.jpg,https://t.vndb.org/ch/92/105592.jpg,,#884f5d #c0938d #e3c7bb #faf0da #f2efee #ffffff,Brown Twin Tails Long Straight Slim Pale School Uniform Missionary Cowgirl Virgin Sex,,,https://vndb.org/c87157,
vndb-c5388,vndb,6,30,,,橘 剣之助,Tachibana Kennosuke,,男,A,,Galgame,Galgame,乙女的恋革命★ラブレボ!!,,2006,Galgame,,"Fourth most popular guy. He is an heir to a Yakuza gang but he has a very different dream from being a Yakuza leader in mind. He is known as the cool, or mature guy of the school (a bit like Ichinose).",260,0,260,0,,https://t.vndb.org/ch/27/39427.jpg,https://t.vndb.org/ch/27/39427.jpg,,#9c9fc6 #f8ead1 #d1cdd6 #eaebee #fbfbfa,White Short Teen School Uniform Blue Stoic Shy Refined High School Student Popular,,,https://vndb.org/c5388,
vndb-c38285,vndb,6,30,,,犬多 華,Inuta Hana,,女,O,,Galgame,Galgame,わんにゃん☆アラモード！ ～どっちにするの？わんにゃんHなカフェ事情！～,,2015,Galgame,,"Hana specializes in western confections and is a student at PochiTama's Kyoto branch. At first glance, she's a confident young woman who gives off a very strong-willed impression. Her family owns a popular western-styled pâtisserie.",242,0,242,0,,https://t.vndb.org/ch/71/46271.jpg,https://t.vndb.org/ch/71/46271.jpg,,#e294a9 #807e9f #f6ded5 #c8ced0 #f8f4f0 #feffff,Pink Ahoge Waist Length+ Teen Slim Pale Missionary Doggy Style Standing Sex Spoons,,,https://vndb.org/c38285,
vndb-c11630,vndb,6,30,,,白河 静流,Shirakawa Shizuru,,女,A,,Galgame,Galgame,メモリーズオフ セカンド,,2001,Galgame,"[{""t"":""メモリーズオフ セカンド"",""cn"":"""",""ty"":""Galgame"",""y"":2001,""pop"":222},{""t"":""Memories Off ～それから～"",""cn"":"""",""ty"":""Galgame"",""y"":2004,""pop"":151},{""t"":""想い出にかわる君 ～メモリーズオフ～"",""cn"":"""",""ty"":""Galgame"",""y"":2002,""pop"":87},{""t"":""メモリーズオフ After Rain"",""cn"":"""",""ty"":""Galgame"",""y"":2005,""pop"":56},{""t"":""メモオフみっくす"",""cn"":"""",""ty"":""Galgame"",""y"":2003,""pop"":4}]","The older sister of Hotaru, Shizuru is in her third year in University. She is especially good at making deserts which Hotaru loves to eat. She has an interest in and is good at professional wrestling.",222,0,222,0,,https://t.vndb.org/ch/39/13539.jpg,https://t.vndb.org/ch/39/13539.jpg,,#4d403d #ead5c8 #dbe0eb #aba1a2 #f2f4f7 #ffffff,Brown Ponytail Long Brown Teen Slim Pale Cooking Apron Mini-dress,,,https://vndb.org/c11630,
vndb-c39134,vndb,6,30,,,仁篠 珠季,Nishino Tamaki,Tama-chan,女,O,,Galgame,Galgame,りりくる Rainbow Stage!!!,,2016,Galgame,,"""Yuu-chan, it would be so nice if you could follow Saeka-san's example…"" 4th year university student Short Flat but doesn't mind Nervous, can't leave her alone Favorite Star gazing, being relied on Hobby / Collecting idol goods, flexible bo…",210,0,210,0,,https://t.vndb.org/ch/13/49613.jpg,https://t.vndb.org/ch/13/49613.jpg,,#cf7574 #e5aca3 #f0cec3 #f6e6df #fbf7ef #ffffff,Blond Waist Length+ Wavy Teen Slim Pale Hair Ribbon Necklace Skirt Pantyhose,,,https://vndb.org/c39134,
al71481,anilist,6,30,,,ナナバ,Nanaba,,女,,,动画|漫画,动画,進撃の巨人,进击的巨人,2013,动画,"[{""t"":""進撃の巨人"",""cn"":""进击的巨人"",""ty"":""动画"",""y"":2013,""pop"":1053882},{""t"":""進撃の巨人 Season２"",""cn"":"""",""ty"":""动画"",""y"":2017,""pop"":733402},{""t"":""進撃の巨人 The Final Season完結編 前編"",""cn"":""进击的巨人 最终季 完结篇 前篇"",""ty"":""动画"",""y"":2023,""pop"":249964},{""t"":""進撃の巨人"",""cn"":""进击的巨人"",""ty"":""漫画"",""y"":2009,""pop"":226814},{""t"":""劇場版「進撃の巨人」後編～自由の翼～"",""cn"":"""",""ty"":""动画"",""y"":2015,""pop"":31738},{""t"":""劇場版「進撃の巨人」Season 2～覚醒の咆哮～"",""cn"":"""",""ty"":""动画"",""y"":2018,""pop"":25992}]",172 cm Scouting Legion Survey Corps,173,173,0,0,,https://s4.anilist.co/file/anilistcdn/character/large/b71481-q2pfKJRFiNUE.png,https://s4.anilist.co/file/anilistcdn/character/medium/b71481-q2pfKJRFiNUE.png,,,,https://anilist.co/character/71481,,,
