id,src,month,day,year,name_cn,name_native,name_romaji,alt_names,gender,blood,age,types,ptype,work,work_cn,work_year,work_fmt,works,summary,heat,fav,votes,collects,nsfw,image,thumb,alts,palette,tags,url_al,url_bgm,url_vndb,bgm_id
vndb-c3888,vndb,8,1,,岛津岳人,島津 岳人,Shimazu Gakuto,,男,O,,Galgame,Galgame,真剣で私に恋しなさい！,认真和我恋爱！！,2009,Galgame,"[{""t"":""真剣で私に恋しなさい！"",""cn"":""认真和我恋爱！！"",""ty"":""Galgame"",""y"":2009,""pop"":9401},{""t"":""真剣で私に恋しなさい！S"",""cn"":""认真和我恋爱！S"",""ty"":""Galgame"",""y"":2012,""pop"":5025},{""t"":""真剣で私に恋しなさい！A-1"",""cn"":"""",""ty"":""Galgame"",""y"":2013,""pop"":2470},{""t"":""真剣で私に恋しなさい！A-2"",""cn"":"""",""ty"":""Galgame"",""y"":2013,""pop"":2188},{""t"":""真剣で私に恋しなさい！A-3"",""cn"":"""",""ty"":""Galgame"",""y"":2014,""pop"":1374},{""t"":""真剣で私に恋しなさい！A-4"",""cn"":"""",""ty"":""Galgame"",""y"":2014,""pop"":1023}]",高个子肌肉男，队伍内负责苦力工作。热血笨蛋，单纯直率。 脑袋迟钝再加上重情义，其温柔倍受男性欢迎。 但因为是硬汉系的缘故，让女性对他的肌肉敬而远之。 因为很可靠，所以颇有受年轻一辈喜欢的趋势，然而本人却坚持同年龄层、最好就是年长者的信条，因此让机会落空。 因为学习完全不行，成绩一直保持在勉强及格。与師岡的关系特别好。,9401,0,9401,6,,https://t.vndb.org/ch/61/85861.jpg,https://t.vndb.org/ch/61/85861.jpg,https://lain.bgm.tv/r/400/pic/crt/l/ea/28/11735_crt_Munrd.jpg,#b49b8e #373442 #c7c2d1 #e1e0ec #f4f4f8 #ffffff,Brown Short Straight Brown School Uniform Trousers Dress Shoes Young-adult Muscular Olive,,https://bgm.tv/character/11735,https://vndb.org/c3888,11735
al89362,anilist,8,1,,阿克娅,アクア,Aqua,,女,,,动画,动画,この素晴らしい世界に祝福を！,为美好的世界献上祝福！,2016,动画,"[{""t"":""この素晴らしい世界に祝福を！"",""cn"":""为美好的世界献上祝福！"",""ty"":""动画"",""y"":2016,""pop"":518169},{""t"":""この素晴らしい世界に祝福を！2"",""cn"":""为美好的世界献上祝福！ 第二季"",""ty"":""动画"",""y"":2017,""pop"":376691},{""t"":""この素晴らしい世界に祝福を！紅伝説"",""cn"":"""",""ty"":""动画"",""y"":2019,""pop"":242609},{""t"":""この素晴らしい世界に祝福を！３"",""cn"":"""",""ty"":""动画"",""y"":2024,""pop"":179684},{""t"":""この素晴らしい世界に祝福を！ この素晴らしいチョーカーに祝福を!"",""cn"":"""",""ty"":""动画"",""y"":2016,""pop"":127677},{""t"":""この素晴らしい世界に爆焔を！"",""cn"":""为美好的世界献上爆炎！"",""ty"":""动画"",""y"":2023,""pop"":123438}]","指引英年早逝者的女神，因为惹火和真而被和真指定为携带的东西而与和真一起转生到异世界。在那里,她是阿克西斯教团祭拜的神体，“阿克娅女神”本尊……话虽如此，却没任何人相信这件事。有着水蓝色的及腰长发跟眼睛，年龄不祥（自称跟和真差不多），职业是大祭司。因为是神体的关系所以能力值一开始就封顶，也习得了“大祭司”“宴会才艺”（杂耍）的所有技能，甚至具有碰到液体就能将其净化的体质，但却有着有别于她美少女形象的傲娇个性。",8741,8741,0,777,,https://s4.anilist.co/file/anilistcdn/character/large/b89362-ibkc0eoECaW1.png,https://s4.anilist.co/file/anilistcdn/character/medium/b89362-ibkc0eoECaW1.png,https://lain.bgm.tv/r/400/pic/crt/l/02/b4/35678_crt_eiT0T.jpg?r=1486082939,,,https://anilist.co/character/89362,https://bgm.tv/character/35678,,35678
al46484,anilist,8,1,,莱纳·布朗,ライナー・ブラウン,Reiner Braun,,男,,17-,动画,动画,進撃の巨人,进击的巨人,2013,动画,"[{""t"":""進撃の巨人"",""cn"":""进击的巨人"",""ty"":""动画"",""y"":2013,""pop"":1053882},{""t"":""進撃の巨人 Season２"",""cn"":"""",""ty"":""动画"",""y"":2017,""pop"":733402},{""t"":""進撃の巨人 Season３"",""cn"":"""",""ty"":""动画"",""y"":2018,""pop"":686190},{""t"":""進撃の巨人 The Final Season"",""cn"":""进击的巨人 最终季"",""ty"":""动画"",""y"":2020,""pop"":642537},{""t"":""進撃の巨人 Season３ Part.2"",""cn"":"""",""ty"":""动画"",""y"":2019,""pop"":610781},{""t"":""進撃の巨人 The Final Season Part 2"",""cn"":""进击的巨人 最终季 Part.2"",""ty"":""动画"",""y"":2022,""pop"":440419}]",第104期训练兵团第2名毕业。 拥有强韧的体格和精神力，经常得到同伴深深的信任。,8370,8370,0,123,,https://s4.anilist.co/file/anilistcdn/character/large/b46484-P6A2GjNQn49F.png,https://s4.anilist.co/file/anilistcdn/character/medium/b46484-P6A2GjNQn49F.png,https://lain.bgm.tv/r/400/pic/crt/l/97/c6/19623_crt_Z676U.jpg?r=1611672686,,,https://anilist.co/character/46484,https://bgm.tv/character/19623,,19623
al3128,anilist,8,1,,,古手羽入,Hanyuu Furude,Hainiryuun Ieasomuuru Jieda / Hai-Ryun Yeasomul Jedha / オヤシロ様 / Oyashiro-sama,女,,,动画|Galgame,动画,ひぐらしのなく頃に解,寒蝉鸣泣之时 解,2007,动画,"[{""t"":""ひぐらしのなく頃に解"",""cn"":""寒蝉鸣泣之时 解"",""ty"":""动画"",""y"":2007,""pop"":90255},{""t"":""ひぐらしのなく頃に業"",""cn"":""寒蝉鸣泣之时 业"",""ty"":""动画"",""y"":2020,""pop"":82599},{""t"":""ひぐらしのなく頃に礼"",""cn"":""寒蝉鸣泣之时 礼"",""ty"":""动画"",""y"":2009,""pop"":44929},{""t"":""うみねこのなく頃に"",""cn"":""海猫鸣泣之时"",""ty"":""动画"",""y"":2009,""pop"":43174},{""t"":""ひぐらしのなく頃に卒"",""cn"":""寒蝉鸣泣之时 卒"",""ty"":""动画"",""y"":2021,""pop"":38674},{""t"":""ひぐらしのなく頃に煌"",""cn"":""寒蝉鸣泣之时 煌"",""ty"":""动画"",""y"":2011,""pop"":21590}]","Hanyuu is the mysterious ""transfer student"" in Matsuribayashi-hen. She has a pair of dark colored horns on her head, one of which is chipped slightly (however, no one seems to notice or mention them, with the exception of [Takano](//anilist…",7963,546,7963,0,,https://s4.anilist.co/file/anilistcdn/character/large/b3128-ms0vxrk4ZoGN.png,https://s4.anilist.co/file/anilistcdn/character/medium/b3128-ms0vxrk4ZoGN.png,https://t.vndb.org/ch/10/113110.jpg,,Violet Long Straight Slim Pale School Uniform Warrior Cooking Fighting Violet,https://anilist.co/character/3128,,https://vndb.org/c3817,
vndb-c26321,vndb,8,1,,香月华,香月 華,Kazuki Hana,,女,,,Galgame,Galgame,CHAOS;CHILD,混沌子,2014,Galgame,"[{""t"":""CHAOS;CHILD"",""cn"":""混沌子"",""ty"":""Galgame"",""y"":2014,""pop"":5122},{""t"":""カオスチャイルド らぶchu☆chu!!"",""cn"":"""",""ty"":""Galgame"",""y"":2017,""pop"":133}]",16岁。新闻部中唯一的高一部员。极其沉默寡言，基本上只说「嗯……」程度的话语。 在部活室的公共电脑上还要玩网络游戏程度的网游迷。部中最为擅长电脑操作，负责情报整理与情报搜索。 是个沉默寡言的宅女，深度近视。被新闻部的女部员们当成妹妹宠爱着。,5122,0,5122,46,,https://t.vndb.org/ch/09/48409.jpg,https://t.vndb.org/ch/09/48409.jpg,https://lain.bgm.tv/r/400/pic/crt/l/84/d5/23342_crt_bVW5v.jpg?r=1739760228,#7c7190 #312c37 #c8bccd #ece3dd #f5f5f3 #ffffff,Blue Shoulder-length Straight Teen Slim Pale Sword Fighting Violet Glasses,,https://bgm.tv/character/23342,https://vndb.org/c26321,23342
al136843,anilist,8,1,,上山立夏,上ノ山立夏,Ritsuka Uenoyama,Rikka / Uecchi / Ue-sama,男,B,16-,动画|漫画,动画,ギヴン,GIVEN 被赠与的未来,2019,动画,"[{""t"":""ギヴン"",""cn"":""GIVEN 被赠与的未来"",""ty"":""动画"",""y"":2019,""pop"":211312},{""t"":""映画 ギヴン"",""cn"":""电影 GIVEN"",""ty"":""动画"",""y"":2020,""pop"":95589},{""t"":""ギヴン"",""cn"":""GIVEN 被赠与的未来"",""ty"":""漫画"",""y"":2013,""pop"":40944},{""t"":""ギヴン うらがわの存在"",""cn"":""GIVEN 内侧的存在"",""ty"":""动画"",""y"":2021,""pop"":32798},{""t"":""ギヴン 柊mix"",""cn"":"""",""ty"":""动画"",""y"":2024,""pop"":20356},{""t"":""ギヴン 海へ"",""cn"":"""",""ty"":""动画"",""y"":2024,""pop"":13605}]",高校生離れしたギターの腕前を持つ。 ギターを始めた頃の情熱を忘れてしまっていた時、真冬と出会う。 偶然聴いた真冬の歌声に強く惹かれ、特別な感情を抱くようになる。,4578,4578,0,9,,https://s4.anilist.co/file/anilistcdn/character/large/b136843-z6IjhOi636WT.png,https://s4.anilist.co/file/anilistcdn/character/medium/b136843-z6IjhOi636WT.png,https://lain.bgm.tv/r/400/pic/crt/l/ad/a9/69171_crt_PuHNF.jpg,,,https://anilist.co/character/136843,https://bgm.tv/character/69171,,69171
al89897,anilist,8,1,,耳郎响香,耳郎響香,Kyouka Jirou,Kyoka Jiro / Hearing Hero: Earphone Jack,女,A,15-16,动画,动画,僕のヒーローアカデミア,我的英雄学院,2016,动画,"[{""t"":""僕のヒーローアカデミア"",""cn"":""我的英雄学院"",""ty"":""动画"",""y"":2016,""pop"":873712},{""t"":""僕のヒーローアカデミア２"",""cn"":"""",""ty"":""动画"",""y"":2017,""pop"":655237},{""t"":""僕のヒーローアカデミア３"",""cn"":"""",""ty"":""动画"",""y"":2018,""pop"":600666},{""t"":""僕のヒーローアカデミア４"",""cn"":"""",""ty"":""动画"",""y"":2019,""pop"":532336},{""t"":""僕のヒーローアカデミア５"",""cn"":"""",""ty"":""动画"",""y"":2021,""pop"":414683},{""t"":""僕のヒーローアカデミア６"",""cn"":"""",""ty"":""动画"",""y"":2022,""pop"":269963}]","154 cm (5'1"") Earphone Jack U.A. High School Medium Ranged + Support Combat Kyoka is a petite, fair-skinned girl with a slender build. She has triangular, lazy-looking onyx eyes with notably long lower eyelashes, and rather small eyebrows.",4568,4568,0,34,,https://s4.anilist.co/file/anilistcdn/character/large/b89897-5vU7N3ayiKRr.png,https://s4.anilist.co/file/anilistcdn/character/medium/b89897-5vU7N3ayiKRr.png,https://lain.bgm.tv/r/400/pic/crt/l/13/11/39307_crt_9J5jQ.jpg?r=1469017082,,,https://anilist.co/character/89897,https://bgm.tv/character/39307,,39307
vndb-c64303,vndb,8,1,,妃玲奈,妃 玲奈,Kisaki Reina,,女,O,,Galgame,Galgame,金色ラブリッチェ,金辉恋曲四重奏,2017,Galgame,"[{""t"":""金色ラブリッチェ"",""cn"":""金辉恋曲四重奏"",""ty"":""Galgame"",""y"":2017,""pop"":3826},{""t"":""金色ラブリッチェ-Golden Time-"",""cn"":""金辉恋曲四重奏 -Golden Time-"",""ty"":""Galgame"",""y"":2019,""pop"":1939}]",本篇 「お姫様もお年頃だもん、オシャレも悪さもしたいよね～」 央路のクラスメイトのギャル。 かわいくて明るく、誰にでも気さくなのでクラスの人気者。 男子からは非常にモテるが、いまは男より女友だちとわいわいやってたいタイプ。 最近の流行は騙されやすいシルヴィをからかうこと。 将来ファッション業界に入る勉強のためノーブル学園に入ったが、お嬢様というわけではないので、庶民同士ということで、央路と仲良くなる。,3826,0,3826,247,,https://t.vndb.org/ch/54/149554.jpg,https://t.vndb.org/ch/54/149554.jpg,https://lain.bgm.tv/r/400/pic/crt/l/87/f3/57822_crt_5518k.jpg,#5568b0 #dc8378 #f0cba9 #ede1db #faf2ef #ffffff,Blond Ahoge Odango Ponytail Twin Tails Long Straight Teen Slim Pale,,https://bgm.tv/character/57822,https://vndb.org/c64303,57822
al125661,anilist,8,1,,齐格,ジーク,Zeke,Beast Titan,男,,25-,动画,动画,進撃の巨人 Season２,,2017,动画,"[{""t"":""進撃の巨人 Season２"",""cn"":"""",""ty"":""动画"",""y"":2017,""pop"":733402},{""t"":""進撃の巨人 Season３"",""cn"":"""",""ty"":""动画"",""y"":2018,""pop"":686190},{""t"":""進撃の巨人 The Final Season"",""cn"":""进击的巨人 最终季"",""ty"":""动画"",""y"":2020,""pop"":642537},{""t"":""進撃の巨人 Season３ Part.2"",""cn"":"""",""ty"":""动画"",""y"":2019,""pop"":610781},{""t"":""進撃の巨人 The Final Season Part 2"",""cn"":""进击的巨人 最终季 Part.2"",""ty"":""动画"",""y"":2022,""pop"":440419},{""t"":""進撃の巨人 The Final Season完結編 前編"",""cn"":""进击的巨人 最终季 完结篇 前篇"",""ty"":""动画"",""y"":2023,""pop"":249964}]",「Fate/Apocrypha」的主人公。 原本应该是为了进行魔力补给而被歌尔多制造出的人造人，在几乎没做任何思考的状态下被从者们榨光生成的魔力而死的命运，不过……关于他的详情，人生大部分在本篇里有描写，因为他几乎不存在什么过去。 不只如此，再说作为前提，他的人生已经走到死路了。因为尽管想认真的过活也只有最长三年的寿命，所以为了「自己觉得想做的事情」做了许多荒谬又无谋的选择。 获得长寿之后也没有任何改变。齐格在最后为人类做的事情想当然也不是为人类着想而做。,3764,3764,0,11,,https://s4.anilist.co/file/anilistcdn/character/large/b125661-FiqFvAtNlL0v.png,https://s4.anilist.co/file/anilistcdn/character/medium/b125661-FiqFvAtNlL0v.png,https://lain.bgm.tv/r/400/pic/crt/l/a6/d9/32410_crt_lDIZl.jpg?r=1498932539,,,https://anilist.co/character/125661,https://bgm.tv/character/32410,,32410
vndb-c339,vndb,8,1,,,日向 みずき,Hinata Mizuki,,女,,,Galgame,Galgame,エーデルワイス,,2006,Galgame,"[{""t"":""エーデルワイス"",""cn"":"""",""ty"":""Galgame"",""y"":2006,""pop"":2253},{""t"":""エーデルワイス 詠伝ファンタジア"",""cn"":"""",""ty"":""Galgame"",""y"":2008,""pop"":1323}]","Mizuki loves to swim; in fact, the reason why she enrolled at Eiden is so that she could swim in the ocean whenever she wanted.",2253,0,2253,0,,https://t.vndb.org/ch/88/388.jpg,https://t.vndb.org/ch/88/388.jpg,,#986e57 #518ffe #7ba6f8 #e4c7b8 #3f4349 #fdfdfd,Brown Short Straight Teen Slim Pale School Uniform Cowgirl Blowjob Virgin Sex,,,https://vndb.org/c339,
al126144,anilist,8,1,,,白銀圭,Kei Shirogane,,女,B,14,动画|漫画,动画,かぐや様は告らせたい～天才たちの恋愛頭脳戦～,辉夜大小姐想让我告白 ~天才们的恋爱头脑战~,2019,动画,"[{""t"":""かぐや様は告らせたい～天才たちの恋愛頭脳戦～"",""cn"":""辉夜大小姐想让我告白 ~天才们的恋爱头脑战~"",""ty"":""动画"",""y"":2019,""pop"":558713},{""t"":""かぐや様は告らせたい？～天才たちの恋愛頭脳戦～"",""cn"":""辉夜大小姐想让我告白 ~天才们的恋爱头脑战~"",""ty"":""动画"",""y"":2020,""pop"":434528},{""t"":""かぐや様は告らせたい-ウルトラロマンティック-"",""cn"":""辉夜大小姐想让我告白-超级浪漫-"",""ty"":""动画"",""y"":2022,""pop"":292244},{""t"":""かぐや様は告らせたい -ファーストキッスは終わらない-"",""cn"":"""",""ty"":""动画"",""y"":2023,""pop"":147967},{""t"":""かぐや様は告らせたい～天才たちの恋愛頭脳戦～"",""cn"":""辉夜大小姐想让我告白 ~天才们的恋爱头脑战~"",""ty"":""漫画"",""y"":2015,""pop"":119314},{""t"":""かぐや様は告らせたい～天才たちの恋愛頭脳戦～OVA"",""cn"":""辉夜大小姐想让我告白？～天才们的恋爱头脑战～ OVA"",""ty"":""动画"",""y"":2021,""pop"":91890}]",Kei Shirogane is [Miyuki Shirogane's](//anilist.co/character/121101) little sister. She attends Shuchiin middle school and is the treasurer for the middle school student council.,1865,1865,0,0,,https://s4.anilist.co/file/anilistcdn/character/large/b126144-4fc2sYUVFKOJ.png,https://s4.anilist.co/file/anilistcdn/character/medium/b126144-4fc2sYUVFKOJ.png,,,,https://anilist.co/character/126144,,,
vndb-c14605,vndb,8,1,,,榊 由香里,Sakaki Yukari,,女,A,,Galgame,Galgame,彼岸花の咲く夜に 第一夜,,2011,Galgame,"[{""t"":""彼岸花の咲く夜に 第一夜"",""cn"":"""",""ty"":""Galgame"",""y"":2011,""pop"":1682},{""t"":""彼岸花の咲く夜に 第二夜"",""cn"":"""",""ty"":""Galgame"",""y"":2011,""pop"":1235}]","A pitiful girl made the target of bullying because of unfortunate circumstances at home. She tried to stay strong after her mother's death, but it was difficult for her at that age.",1682,0,1682,0,,https://t.vndb.org/ch/93/18493.jpg,https://t.vndb.org/ch/93/18493.jpg,,#837757 #ebdbb3 #3e4542 #211f20 #0b0b0c #000000,Blue Hime Cut Straight Brown Teen Slim Pale Sweater Shorts Thigh-high Stockings,,,https://vndb.org/c14605,
al83021,anilist,8,1,,,葉月渚,Nagisa Hazuki,,男,,16-18,动画,动画,Free!,,2013,动画,"[{""t"":""Free!"",""cn"":"""",""ty"":""动画"",""y"":2013,""pop"":183363},{""t"":""Free!-Eternal Summer-"",""cn"":"""",""ty"":""动画"",""y"":2014,""pop"":87637},{""t"":""Free!-Dive to the Future-"",""cn"":"""",""ty"":""动画"",""y"":2018,""pop"":56184},{""t"":""映画ハイ☆スピード！ -Free! Starting Days-"",""cn"":"""",""ty"":""动画"",""y"":2015,""pop"":27560},{""t"":""特別版 Free!-Take Your Marks-"",""cn"":"""",""ty"":""动画"",""y"":2017,""pop"":26074},{""t"":""劇場版 Free!–the Final Stroke– 前編"",""cn"":"""",""ty"":""动画"",""y"":2021,""pop"":24568}]","165 cm (5'5""); 167 cm (5'6"") Breastroke (Specialty) Breaststroke swimmer of the Iwatobi High School swimming team. [Haruka's](//anilist.co/character/83023/Nanase-Haruka) kouhai and a first year.",1566,1566,0,0,,https://s4.anilist.co/file/anilistcdn/character/large/b83021-dQ5ZGFG1gjFn.png,https://s4.anilist.co/file/anilistcdn/character/medium/b83021-dQ5ZGFG1gjFn.png,,,,https://anilist.co/character/83021,,,
vndb-c36020,vndb,8,1,,,朝宮 ひまり,Asamiya Himari,Hyouhaku no Tenshi / The Satin Angel / 漂泊の天使,女,,,Galgame,Galgame,D.S. -Dal Segno-,,2016,Galgame,"[{""t"":""D.S. -Dal Segno-"",""cn"":"""",""ty"":""Galgame"",""y"":2016,""pop"":1255},{""t"":""D.S. i.F. -Dal Segno- in Future"",""cn"":"""",""ty"":""Galgame"",""y"":2017,""pop"":79}]","2-3 Blue Skies, White Clouds, Freedom Watches, phones, and any fancy gadgets One of the protagonist's many classmates. Himari is a pretty girl who always dons a strange hat. She lives in the same dormitory as the protagonist.",1255,0,1255,0,,https://t.vndb.org/ch/97/48097.jpg,https://t.vndb.org/ch/97/48097.jpg,,#a05f84 #41355b #e7a7a7 #a9b4d1 #e1e5e7 #fefefb,Pink Ahoge Twin Tails Waist Length+ Straight Teen Slim Pale School Uniform Cooking,,,https://vndb.org/c36020,
vndb-c9484,vndb,8,1,,,ユルシュール＝フルール＝ジャンメール,Ursule Fleur Jeanmaire,Swiss girl / Yuushe / スイスの人 / ユーシェ,女,,,Galgame,Galgame,月に寄りそう乙女の作法,,2012,Galgame,"[{""t"":""月に寄りそう乙女の作法"",""cn"":"""",""ty"":""Galgame"",""y"":2012,""pop"":1114},{""t"":""乙女理論とその周辺 -Ecole de Paris-"",""cn"":"""",""ty"":""Galgame"",""y"":2013,""pop"":627},{""t"":""乙女理論とその後の周辺 -Belle Epoque-"",""cn"":"""",""ty"":""Galgame"",""y"":2016,""pop"":290}]","Geneva, Switzerland Luna's childhood friend but also her self-declared rival. Highly proud of her abilities and noble background, but also very easily deceived by Luna and her own maid Sasha.",1114,0,1114,0,,https://t.vndb.org/ch/38/134038.jpg,https://t.vndb.org/ch/38/134038.jpg,,#dbbda0 #ebdfc6 #f6f1e7 #6b656a #fcf9f3,Blond Twin Tails Waist Length+ Straight Teen Slim Pale School Uniform Dress Shoes Hard Worker,,,https://vndb.org/c9484,
al230877,anilist,8,1,,,焼塩檸檬,Lemon Yakishio,,女,,15,动画|漫画|轻小说,动画,負けヒロインが多すぎる！,,2024,动画,"[{""t"":""負けヒロインが多すぎる！"",""cn"":"""",""ty"":""动画"",""y"":2024,""pop"":131622},{""t"":""負けヒロインが多すぎる！第2期"",""cn"":"""",""ty"":""动画"",""y"":"""",""pop"":22998},{""t"":""負けヒロインが多すぎる！@comic"",""cn"":"""",""ty"":""漫画"",""y"":2022,""pop"":6245},{""t"":""負けヒロインが多すぎる！"",""cn"":"""",""ty"":""轻小说"",""y"":2021,""pop"":4514},{""t"":""負けヒロインが多すぎる！　ＳＳＳ"",""cn"":"""",""ty"":""轻小说"",""y"":2024,""pop"":121}]",A first-year student of Tsuwabuki High School. She's the ace of the Female Track and Field Team and also a member of the Literature Club.,892,892,0,0,,https://s4.anilist.co/file/anilistcdn/character/large/b230877-sEpTS8h0UvN8.png,https://s4.anilist.co/file/anilistcdn/character/medium/b230877-sEpTS8h0UvN8.png,,,,https://anilist.co/character/230877,,,
al32393,anilist,8,1,,,棚町薫,Kaoru Tanamachi,Warhead of Kibitou,女,B,16-17,动画|Galgame,动画,アマガミSS,,2010,动画,"[{""t"":""アマガミSS"",""cn"":"""",""ty"":""动画"",""y"":2010,""pop"":89369},{""t"":""アマガミSS+ plus"",""cn"":"""",""ty"":""动画"",""y"":2012,""pop"":38227},{""t"":""アマガミSS イモウト"",""cn"":"""",""ty"":""动画"",""y"":2011,""pop"":14123},{""t"":""アマガミSS"",""cn"":"""",""ty"":""动画"",""y"":2011,""pop"":13451},{""t"":""アマガミSS+ plus"",""cn"":"""",""ty"":""动画"",""y"":2012,""pop"":10145},{""t"":""アマガミSS+ plus 新作ピクチャードラマ～バレンタイン・フォー・ユー～"",""cn"":"""",""ty"":""动画"",""y"":2012,""pop"":5634}]","**** 168 cm **** 2-A One of Junichi's childhood friends, and is often seen with his other friend Masayoshi. She is unpredictable as she would punch Junichi anytime. She works part-time at a Family Restaurant to support her single mother.",775,475,775,0,,https://s4.anilist.co/file/anilistcdn/character/large/b32393-55VI1G7dZs0C.png,https://s4.anilist.co/file/anilistcdn/character/medium/b32393-55VI1G7dZs0C.png,https://t.vndb.org/ch/96/9296.jpg,,Black Wavy Curtained Shoulder-length Teen Slim Pale School Uniform Sweater Trousers,https://anilist.co/character/32393,,https://vndb.org/c8746,
al89844,anilist,8,1,,,高海千歌,Chika Takami,Normalzilla Chika-chi (普通怪獣ちかちー),女,B,,动画,动画,ラブライブ！サンシャイン!!,,2016,动画,"[{""t"":""ラブライブ！サンシャイン!!"",""cn"":"""",""ty"":""动画"",""y"":2016,""pop"":60088},{""t"":""ラブライブ！サンシャイン!! 2nd Season"",""cn"":"""",""ty"":""动画"",""y"":2017,""pop"":38385},{""t"":""ラブライブ！サンシャイン!! The School Idol Movie Over the Rainbow"",""cn"":"""",""ty"":""动画"",""y"":2019,""pop"":18969},{""t"":""幻日のヨハネ -SUNSHINE in the MIRROR-"",""cn"":"""",""ty"":""动画"",""y"":2023,""pop"":18571},{""t"":""君のこころは輝いてるかい？"",""cn"":"""",""ty"":""动画"",""y"":2015,""pop"":3706},{""t"":""HAPPY PARTY TRAIN"",""cn"":"""",""ty"":""动画"",""y"":2017,""pop"":3656}]","157 cm Youngest of three sisters, a fan of μ's, and the leader of her school idol unit. Her family runs an inn, which boasts an open air bath with a view of the sea. A second year student.",756,756,0,0,,https://s4.anilist.co/file/anilistcdn/character/large/b89844-ixea0r4VSD7E.png,https://s4.anilist.co/file/anilistcdn/character/medium/b89844-ixea0r4VSD7E.png,,,,https://anilist.co/character/89844,,,
al209018,anilist,8,1,,,平野大河,Taiga Hirano,,男,A,,动画|漫画,动画,佐々木と宮野,,2022,动画,"[{""t"":""佐々木と宮野"",""cn"":"""",""ty"":""动画"",""y"":2022,""pop"":81147},{""t"":""佐々木と宮野ー卒業編ー"",""cn"":"""",""ty"":""动画"",""y"":2023,""pop"":25721},{""t"":""佐々木と宮野"",""cn"":"""",""ty"":""漫画"",""y"":2016,""pop"":20478},{""t"":""佐々木と宮野 恋に気づく前のちょっとした話。"",""cn"":"""",""ty"":""动画"",""y"":2022,""pop"":14892},{""t"":""平野と鍵浦"",""cn"":"""",""ty"":""动画"",""y"":2023,""pop"":10687},{""t"":""平野と鍵浦"",""cn"":"""",""ty"":""漫画"",""y"":2019,""pop"":8108}]",175 cm - 178 cm,734,734,0,0,,https://s4.anilist.co/file/anilistcdn/character/large/b209018-nicciuHDQPyc.jpg,https://s4.anilist.co/file/anilistcdn/character/medium/b209018-nicciuHDQPyc.jpg,,,,https://anilist.co/character/209018,,,
al169636,anilist,8,1,,,칼리스토 레굴루스,Callisto Regulus,Kallisto Regulus,男,,20,漫画,漫画,악역의 엔딩은 죽음뿐,,2020,漫画,,"188cm The crown prince of the Empire of Eorka, Callisto Regulus is a cruel tyrant who treats humans like dirt. It is hinted that there may be an ill-fated reason for his disposition.",699,699,0,0,,https://s4.anilist.co/file/anilistcdn/character/large/b169636-SpY8Kw9K5sjx.png,https://s4.anilist.co/file/anilistcdn/character/medium/b169636-SpY8Kw9K5sjx.png,,,,https://anilist.co/character/169636,,,
al182020,anilist,8,1,,,星崎理香,Rika Hoshizaki ,Mirika (ミリカ) / Milika,女,,,动画|漫画,动画,カノジョも彼女,,2021,动画,"[{""t"":""カノジョも彼女"",""cn"":"""",""ty"":""动画"",""y"":2021,""pop"":132197},{""t"":""カノジョも彼女 Season 2"",""cn"":"""",""ty"":""动画"",""y"":2023,""pop"":45657},{""t"":""カノジョも彼女"",""cn"":"""",""ty"":""漫画"",""y"":2020,""pop"":22388},{""t"":""ドリーム☆ジャンボ☆ガール"",""cn"":"""",""ty"":""漫画"",""y"":2025,""pop"":996},{""t"":""カノジョも彼女完結記念同人誌"",""cn"":"""",""ty"":""漫画"",""y"":2023,""pop"":770}]","Hoshizaki Rika, also known as her alternate name Mirika, is a popular virtual content creator on MeTube, and is persistently pursuing over [Naoya's](//anilist.co/character/162887/Mukai-Naoya) affection for her.",648,648,0,0,,https://s4.anilist.co/file/anilistcdn/character/large/b182020-Xc5ifcZlsIcV.png,https://s4.anilist.co/file/anilistcdn/character/medium/b182020-Xc5ifcZlsIcV.png,,,,https://anilist.co/character/182020,,,
vndb-c49611,vndb,8,1,,,,Tanabe Natsuki,Bumpkin / Nattan,女,O,,Galgame,Galgame,Shining Song Starnova,,2018,Galgame,,"159 cm / 168 cm (with ahoge) An energetic girl from the countryside, Nattan comes off as an idiot. She has no experience in the idol industry, but has a strong body and an over-abundance of enthusiasm.",601,0,601,0,,https://t.vndb.org/ch/72/59372.jpg,https://t.vndb.org/ch/72/59372.jpg,,#cb6d5c #ecbea5 #544255 #edd7d2 #f6f1ef #ffffff,Ahoge Ponytail Teen Slim Missionary Doggy Style Blowjob Sixty-nine Olive Thigh-high Stockings,,,https://vndb.org/c49611,
al126665,anilist,8,1,2001,,西條クロディーヌ,Claudine Saijou,Saijo / Student Number 11 / Claud / Claudie (Kuroko),女,,16,动画|漫画,动画,少女☆歌劇 レヴュー・スタァライト,,2018,动画,"[{""t"":""少女☆歌劇 レヴュー・スタァライト"",""cn"":"""",""ty"":""动画"",""y"":2018,""pop"":51454},{""t"":""劇場版 少女☆歌劇 レヴュースタァライト"",""cn"":"""",""ty"":""动画"",""y"":2021,""pop"":21072},{""t"":""少女☆歌劇 レヴュースタァライト ロンド・ロンド・ロンド"",""cn"":"""",""ty"":""动画"",""y"":2020,""pop"":5831},{""t"":""少女☆歌劇 レヴュー・スタァライト 特別篇"",""cn"":"""",""ty"":""动画"",""y"":2018,""pop"":5565},{""t"":""少女☆寸劇(コント) オールスタァライト"",""cn"":"""",""ty"":""动画"",""y"":2019,""pop"":2358},{""t"":""少女☆歌劇 レヴュースタァライト オーバーチュア"",""cn"":"""",""ty"":""漫画"",""y"":2018,""pop"":1554}]","She is a character in the Shōjo☆Kageki Revue Starlight franchise. She is a second-year student from the Actor Training Department at Seisho Music Academy's 99th Graduating Class, as well as the second seat in the class.",508,508,0,0,,https://s4.anilist.co/file/anilistcdn/character/large/126665-wyEBDhnZubpC.png,https://s4.anilist.co/file/anilistcdn/character/medium/126665-wyEBDhnZubpC.png,,,,https://anilist.co/character/126665,,,
vndb-c101473,vndb,8,1,,,石川 弥栄,Ishikawa Yae,,女,A,,Galgame,Galgame,AMBITIOUS MISSION,,2022,Galgame,"[{""t"":""AMBITIOUS MISSION"",""cn"":"""",""ty"":""Galgame"",""y"":2022,""pop"":496},{""t"":""AMBITIOUS MISSION アフターエピソード1 かぐや＆あてな"",""cn"":"""",""ty"":""Galgame"",""y"":2023,""pop"":148},{""t"":""AMBITIOUS MISSION アフターエピソード2 弥栄＆虹夢＆シャル"",""cn"":"""",""ty"":""Galgame"",""y"":2023,""pop"":112}]",,496,0,496,0,1,https://t.vndb.org/ch/93/128793.jpg,https://t.vndb.org/ch/93/128793.jpg,,#80384c #8990a2 #e0c9b8 #f3eadb #faf9f3,Black Shoulder-length Teen Slim Pale School Uniform Sweater Cooking Standing Sex Blowjob,,,https://vndb.org/c101473,
vndb-c97018,vndb,8,1,,,,Kojiro,Koji,男,,,Galgame,Galgame,CORPSE FACTORY,,2022,Galgame,,"A detached and awkward morgue attendant. Kojiro's nights are spent hunched over cadavers, and his days blur together as dark rooms and morbid tomes claim his attention.",465,0,465,0,,https://t.vndb.org/ch/41/117341.jpg,https://t.vndb.org/ch/41/117341.jpg,,#52201d #2f0f0c #16121a #585662 #b8aeb5 #f3f3f5,Blue Short Pale Trousers Dress Shoes Grey Adult Glasses Stoic Reserved,,,https://vndb.org/c97018,
vndb-c68012,vndb,8,1,,,ケイ,Kei,,女,B,,Galgame,Galgame,Tropical Liquor,,2018,Galgame,,"""I jog around this area pretty often. If you spot me, feel free to say hi."" An older girl who is frank, good-humoured, and possesses an inclination for athletics, she loves alcohol, and is a heavy drinker.",456,0,456,0,,https://t.vndb.org/ch/26/81926.jpg,https://t.vndb.org/ch/26/81926.jpg,,#a23d64 #e1a18b #56d0f3 #c1badd #ecd4d3 #fbfafc,Ponytail Waist Length+ Brown Cowgirl Virgin Sex Young-adult Olive Shirt Miniskirt Low Self-esteem,,,https://vndb.org/c68012,
al221297,anilist,8,1,1980,,佐野真一郎,Shinichirou Sano,,男,O,23,动画|漫画,动画,東京リベンジャーズ,东京复仇者,2021,动画,"[{""t"":""東京リベンジャーズ"",""cn"":""东京复仇者"",""ty"":""动画"",""y"":2021,""pop"":445622},{""t"":""東京リベンジャーズ 聖夜決戦編"",""cn"":""东京复仇者 圣夜决战篇"",""ty"":""动画"",""y"":2023,""pop"":143018},{""t"":""東京卍リベンジャーズ"",""cn"":""东京卍复仇者"",""ty"":""漫画"",""y"":2017,""pop"":117730},{""t"":""東京リベンジャーズ 天竺編"",""cn"":"""",""ty"":""动画"",""y"":2023,""pop"":85576},{""t"":""東京リベンジャーズ 三天戦争編"",""cn"":"""",""ty"":""动画"",""y"":2026,""pop"":22716}]",Older brother of [Mikey](//anilist.co/character/145341/Manjirou-Sano).,363,363,0,0,,https://s4.anilist.co/file/anilistcdn/character/large/b221297-FgeGP9aN60Re.png,https://s4.anilist.co/file/anilistcdn/character/medium/b221297-FgeGP9aN60Re.png,,,,https://anilist.co/character/221297,,,
al1301,anilist,8,1,,,万丈目準,Jun Manjoume,Manjoume Thunder / Chazz Princeton,男,,,动画|漫画,动画,遊☆戯☆王デュエルモンスターズＧＸ,,2004,动画,"[{""t"":""遊☆戯☆王デュエルモンスターズＧＸ"",""cn"":"""",""ty"":""动画"",""y"":2004,""pop"":47244},{""t"":""遊☆戯☆王GX"",""cn"":"""",""ty"":""漫画"",""y"":2005,""pop"":2996}]","Judai's rival, Jun is always wanting to defeat Judai. He despises Judai and wants to take the place as ""King Of Games"". His family is very rich and he was able to win several championship matches before he went to Duel Academy.",357,357,0,0,,https://s4.anilist.co/file/anilistcdn/character/large/b1301-YuYjxoeZJRfy.jpg,https://s4.anilist.co/file/anilistcdn/character/medium/b1301-YuYjxoeZJRfy.jpg,,,,https://anilist.co/character/1301,,,
vndb-c97526,vndb,8,1,,,,Uta Ushibori,,女,,,Galgame,Galgame,Lessons in Love,,2022,Galgame,,"A socially adept country girl from Nara, Uta leverages both her people skills and confidence at the Maid Cafe. With the same upbeat energy she brings to karaoke, her maid persona Uta-chan knows just what to say to lighten both your heart AN…",342,0,342,0,,https://t.vndb.org/ch/07/118107.jpg,https://t.vndb.org/ch/07/118107.jpg,,#67262c #a6545e #efb8b2 #cec6d1 #ffffff,Red Long Straight Teen Pale School Uniform Student Violet Pajamas Glasses,,,https://vndb.org/c97526,
al7672,anilist,8,1,,,一ノ瀬海,Kai Ichinose,Wendy,男,,11-16,动画|漫画,动画,ピアノの森 (TV),,2018,动画,"[{""t"":""ピアノの森 (TV)"",""cn"":"""",""ty"":""动画"",""y"":2018,""pop"":36870},{""t"":""ピアノの森"",""cn"":"""",""ty"":""动画"",""y"":2007,""pop"":15606},{""t"":""ピアノの森 2 (TV)"",""cn"":"""",""ty"":""动画"",""y"":2019,""pop"":15467},{""t"":""ピアノの森"",""cn"":"""",""ty"":""漫画"",""y"":1998,""pop"":6469}]","Kai Ichinose is a perfect student. He lives with his mother, Reiko Ichinose, in a forest. He is extremely talented with the piano but struggles to find his own sound.",322,322,0,0,,https://s4.anilist.co/file/anilistcdn/character/large/b7672-yPzA9V1lpYAs.jpg,https://s4.anilist.co/file/anilistcdn/character/medium/b7672-yPzA9V1lpYAs.jpg,,,,https://anilist.co/character/7672,,,
al1158,anilist,8,1,,,猿柿ひよ里,Hiyori Sarugaki,,女,,,动画|漫画|轻小说,动画,BLEACH,死神,2004,动画,"[{""t"":""BLEACH"",""cn"":""死神"",""ty"":""动画"",""y"":2004,""pop"":521026},{""t"":""BLEACH 千年血戦篇-訣別譚-"",""cn"":""死神 千年血战篇-诀别谭-"",""ty"":""动画"",""y"":2023,""pop"":143301},{""t"":""BLEACH"",""cn"":""死神"",""ty"":""漫画"",""y"":2001,""pop"":121044},{""t"":""BLEACH 千年血戦篇-相剋譚-"",""cn"":""死神 千年血战篇-相克谭-"",""ty"":""动画"",""y"":2024,""pop"":117708},{""t"":""BLEACH 千年血戦篇-禍進譚-"",""cn"":""死神 千年血战篇-祸进谭-"",""ty"":""动画"",""y"":2026,""pop"":86495},{""t"":""BLEACH Can't Fear Your Own World"",""cn"":"""",""ty"":""轻小说"",""y"":2017,""pop"":3765}]","133 cm (4'4½"") Shinigami (Visored); Lieutenant of the 12th Division (Former) Hiyori Sarugaki is a former lieutenant of the 12th Division under captains [Kirio Hikifune](//anilist.co/character/74357/Hikifune-Kirio) and [Kisuke Urahara](//ani…",303,303,0,0,,https://s4.anilist.co/file/anilistcdn/character/large/b1158-El0ysCY1dLKy.png,https://s4.anilist.co/file/anilistcdn/character/medium/b1158-El0ysCY1dLKy.png,,,,https://anilist.co/character/1158,,,
vndb-c64493,vndb,8,1,,,若槻 杏奈,Wakatsuki Anna,Amanda Duset / アマンダ・デュセット,女,A,,Galgame,Galgame,放課後恋愛クラブ ～恋のエチュード～,,1996,Galgame,"[{""t"":""放課後恋愛クラブ ～恋のエチュード～"",""cn"":"""",""ty"":""Galgame"",""y"":1996,""pop"":301},{""t"":""放課後マニア倶楽部 ～濃いの欲しいの～"",""cn"":"""",""ty"":""Galgame"",""y"":1997,""pop"":5}]","2nd-year Arisubara Gakuen an adult wannabe She looks small, but she's mature, or at least that's how she wants to act. She wants her relationship to be dramatic, just like in a movie, or soap operas.",301,0,301,0,,https://t.vndb.org/ch/87/78487.jpg,https://t.vndb.org/ch/87/78487.jpg,,#eabaa9 #a3c9e2 #8f846c #c7e5f8 #323739 #f3f2f0,Brown Waist Length+ Brown School Uniform Cowgirl Standing Sex Blowjob Pretending Masturbation Middle School Student,,,https://vndb.org/c64493,
vndb-c101,vndb,8,1,,,楊 豆花,Yan Tonfaa,,女,A,,Galgame,Galgame,つよきす,娇蛮之吻,2005,Galgame,"[{""t"":""つよきす"",""cn"":""娇蛮之吻"",""ty"":""Galgame"",""y"":2005,""pop"":284},{""t"":""つよきす３学期"",""cn"":"""",""ty"":""Galgame"",""y"":2011,""pop"":108},{""t"":""つよきす2学期"",""cn"":"""",""ty"":""Galgame"",""y"":2008,""pop"":99},{""t"":""つよきす2学期"",""cn"":"""",""ty"":""Galgame"",""y"":2008,""pop"":99},{""t"":""みにきす　～つよきすファンディスク～"",""cn"":"""",""ty"":""Galgame"",""y"":2006,""pop"":37}]",Tonfaa is a second year student from class 2-C and Leo's classmate. She is a student studying abroad from China. [From Wikipedia],284,0,284,0,,https://t.vndb.org/ch/49/160449.jpg,https://t.vndb.org/ch/49/160449.jpg,,#d98b80 #4d585e #807f8b #e0dad4 #b3b9b6 #faf9f5,Red Odango Short Teen Slim Pale Violet Necktie Classmate Foreign Exchange Student,,,https://vndb.org/c101,
vndb-c26426,vndb,8,1,,,縁,Enishi,,男,,,Galgame,Galgame,剣が君,,2013,Galgame,"[{""t"":""剣が君"",""cn"":"""",""ty"":""Galgame"",""y"":2013,""pop"":269},{""t"":""剣が君 百夜綴り"",""cn"":"""",""ty"":""Galgame"",""y"":2016,""pop"":58}]","Hitachi Province Mikazuki Munechika Yagyuu Shinkage-ryu The official spy of Edo / Tokugawa Shogunate. He’s an expert in martial arts, but he has a irresponsible, happy-go-lucky personality.",269,0,269,0,,https://t.vndb.org/ch/70/32370.jpg,https://t.vndb.org/ch/70/32370.jpg,,#2c0509 #995550 #e4b78a #f2ebdb #f8f4e5,Red Ahoge Ponytail Long Slim Pale Hard Worker Swordsmanship Fighting Amnesia,,,https://vndb.org/c26426,
al197190,anilist,8,1,,,花園,Hanazono,Flower Garden / Lily (リリィ) / Lililin Hepburn,女,,17,动画|漫画|轻小说,动画,スパイ教室,,2023,动画,"[{""t"":""スパイ教室"",""cn"":"""",""ty"":""动画"",""y"":2023,""pop"":66278},{""t"":""スパイ教室 2nd season"",""cn"":"""",""ty"":""动画"",""y"":2023,""pop"":19455},{""t"":""スパイ教室"",""cn"":"""",""ty"":""轻小说"",""y"":2020,""pop"":2846},{""t"":""スパイ教室"",""cn"":"""",""ty"":""漫画"",""y"":2020,""pop"":2295},{""t"":""スパイ教室 2部 愛娘"",""cn"":"""",""ty"":""漫画"",""y"":2022,""pop"":221},{""t"":""スパイ教室 短編集"",""cn"":"""",""ty"":""轻小说"",""y"":2021,""pop"":148}]",**** Spy **** Lamplight **** She has a knack on concocting poisons that can either paralyze or kill her targets. Lily is one of the main protagonists in the Spy Classroom series. She is the team leader of Lamplight.,267,267,0,0,,https://s4.anilist.co/file/anilistcdn/character/large/b197190-PscSlGlc65sf.jpg,https://s4.anilist.co/file/anilistcdn/character/medium/b197190-PscSlGlc65sf.jpg,,,,https://anilist.co/character/197190,,,
al120752,anilist,8,1,,,秋月風夏,Fuuka Akitsuki,,女,,,动画|漫画,动画,風夏,,2017,动画,"[{""t"":""風夏"",""cn"":"""",""ty"":""动画"",""y"":2017,""pop"":69821},{""t"":""君のいる町"",""cn"":"""",""ty"":""漫画"",""y"":2008,""pop"":14412},{""t"":""風夏"",""cn"":"""",""ty"":""漫画"",""y"":2014,""pop"":13207},{""t"":""風夏 ヤっちゃう!? ヒロインとの妄想初体験 SPECIAL EDITION"",""cn"":"""",""ty"":""漫画"",""y"":2018,""pop"":581},{""t"":""M.H.B!"",""cn"":"""",""ty"":""漫画"",""y"":2014,""pop"":469}]",,265,265,0,0,,https://s4.anilist.co/file/anilistcdn/character/large/120752-xmliS2VJY1BS.jpg,https://s4.anilist.co/file/anilistcdn/character/medium/120752-xmliS2VJY1BS.jpg,,,,https://anilist.co/character/120752,,,
al3241,anilist,8,1,,,カイ火渡,Kai Hiwatari,,男,,,动画|漫画,动画,爆転シュート　ベイブレード,,2001,动画,"[{""t"":""爆転シュート　ベイブレード"",""cn"":"""",""ty"":""动画"",""y"":2001,""pop"":27190},{""t"":""爆転シュート　ベイブレード2002"",""cn"":"""",""ty"":""动画"",""y"":2002,""pop"":14204},{""t"":""爆転シュート　ベイブレードＧレボリューション"",""cn"":"""",""ty"":""动画"",""y"":2003,""pop"":11656},{""t"":""爆転シュート　ベイブレード　THE MOVIE　激闘！！タカオＶＳ大地"",""cn"":"""",""ty"":""动画"",""y"":2002,""pop"":3646},{""t"":""爆転シュート ベイブレード"",""cn"":"""",""ty"":""漫画"",""y"":1999,""pop"":643}]",": 168cm (5'6"") : Suzaku (Dranzer) : Bladebreakers; G Revolution (final) Kai appears in the series as a ""bad boy"". Takao and Kai hate each other at the very beginning when they meet; Kai hates Takao because he loses the battle in front of hi…",260,260,0,0,,https://s4.anilist.co/file/anilistcdn/character/large/b3241-WtrHWuO2Pxuf.png,https://s4.anilist.co/file/anilistcdn/character/medium/b3241-WtrHWuO2Pxuf.png,,,,https://anilist.co/character/3241,,,
vndb-c163969,vndb,8,1,,,沫緒 つかさ,Awao Tsukasa,,女,A,,Galgame,Galgame,パラノマサイト FILE38 伊勢人魚物語,,2026,Galgame,,"Female High School Student; Apprentice Ama Diver 17 years old A girl born and raised in Kameshima. She has a bright, friendly nature and an inquisitive personality.",250,0,250,0,,https://t.vndb.org/ch/54/193954.jpg,https://t.vndb.org/ch/54/193954.jpg,,#dbc8a1 #9b9187 #463f3c #dedede #f1f1f1 #ffffff,Brown Wavy Shoulder-length Brown Teen Glasses Sports Shoes Friendly Childhood Friend Hoodie,,,https://vndb.org/c163969,
vndb-c56624,vndb,8,1,,,天地 祭,Amachi Matsuri,,女,,,Galgame,Galgame,よつのは,,2006,Galgame,,Matsuri is Makoto’s childhood friend and has had a love/hate relationship with him since forever. Same age as Makoto and always barges into his room through the window.,248,0,248,0,,https://t.vndb.org/ch/56/94256.jpg,https://t.vndb.org/ch/56/94256.jpg,,#3c454f #d9beac #ebe4dc #86888b #fbfaf5,Green Green Shy Childhood Friend Classmate Smart Unusual Hair Ornaments,,,https://vndb.org/c56624,
vndb-c127932,vndb,8,1,,,莫娜·阿尔布莱希特,Mona Albrecht,,女,,,Galgame,Galgame,火山的女儿,,2023,Galgame,,The owner of a family restaurant who loves cooking and socializing and has a keen heart to succeed. She has known Nina since she was a kid and sees her as a little sister. She likes to stay close yet distant with everyone.,213,0,213,0,,https://t.vndb.org/ch/22/150622.jpg,https://t.vndb.org/ch/22/150622.jpg,,#363441 #8e8785 #e6dbd6 #f7ede8 #c7c1be #ffffff,Brown Ponytail Teen Slim Pale Hard Worker Cooking Green Young-adult Dress,,,https://vndb.org/c127932,
vndb-c10559,vndb,8,1,,,朝日奈 光,Asahina Hikaru,,男,O,,Galgame,Galgame,Brothers Conflict,,2012,Galgame,"[{""t"":""Brothers Conflict"",""cn"":"""",""ty"":""Galgame"",""y"":2012,""pop"":203},{""t"":""Brothers Conflict"",""cn"":"""",""ty"":""Galgame"",""y"":2012,""pop"":203}]","Birth August 1, 1984. Noir books novelist. Hikaru is the 4th son of the Asahina family. He works as a novelist for noir books.",203,0,203,0,,https://t.vndb.org/ch/17/24117.jpg,https://t.vndb.org/ch/17/24117.jpg,,#471017 #9d6052 #c89d89 #eed3c3 #ffffff,Long Wavy Cross-dressing Trap Pale Hazel Young-adult Dress Earrings Jacket,,,https://vndb.org/c10559,
vndb-c16206,vndb,8,1,,,星咲 姫,Hoshizaki Hime,,女,,,Galgame,Galgame,炎の孕ませ乳ドルマイ★スター学園Z,,2014,Galgame,,"""Pet"" Idol Frisbee Club Biscuits Going on walks Special Making meatballs Problem Doesn't like spicy things or green onions The protagonist’s Pomeranian with the ability to become human.",203,0,203,0,,https://t.vndb.org/ch/58/21058.jpg,https://t.vndb.org/ch/58/21058.jpg,,#bb7656 #643532 #d2a6a5 #f8e7d8 #d3c6d3 #fefefe,Brown Wavy Shoulder-length Brown Teen Slim Pale School Uniform Doggy Style Standing Sex,,,https://vndb.org/c16206,
vndb-c673,vndb,8,1,,,春日 ハル,Kasuga Haru,,女,A,,Galgame,Galgame,未来ノスタルジア,,2011,Galgame,,,201,0,201,0,,https://t.vndb.org/ch/21/121921.jpg,https://t.vndb.org/ch/21/121921.jpg,,#534550 #b9a6a0 #e3d2c4 #f6ede0 #fcf8f2,Violet Curtained Shoulder-length Pale Trousers Amber Young-adult Shirt Friendly Widow,,,https://vndb.org/c673,
vndb-c113369,vndb,8,1,,,,Olive Penn,,其他,,,Galgame,Galgame,Please Be Happy,,2022,Galgame,"[{""t"":""Please Be Happy"",""cn"":"""",""ty"":""Galgame"",""y"":2022,""pop"":190},{""t"":""Twofold"",""cn"":"""",""ty"":""Galgame"",""y"":2023,""pop"":40},{""t"":""Perfect Circle: Stand Alone"",""cn"":"""",""ty"":""Galgame"",""y"":2024,""pop"":6}]","Pessimistic and guarded, Olive lacks much in the way of friends, relying only on their sense of self-reliance to push them through life until now.",190,0,190,0,,https://t.vndb.org/ch/72/136372.jpg,https://t.vndb.org/ch/72/136372.jpg,,#9e8b6e #d0bc92 #3e3f36 #575e56 #f9efdd #e7d7c4,Brown Short Slim Green Young-adult Glasses Shirt Vest Jeans Sports Shoes,,,https://vndb.org/c113369,
al88795,anilist,8,1,,,矢田桃花,Touka Yada,,女,A,,动画|漫画,动画,暗殺教室,暗杀教室,2015,动画,"[{""t"":""暗殺教室"",""cn"":""暗杀教室"",""ty"":""动画"",""y"":2015,""pop"":628250},{""t"":""暗殺教室 第２期"",""cn"":"""",""ty"":""动画"",""y"":2016,""pop"":369666},{""t"":""暗殺教室"",""cn"":""暗杀教室"",""ty"":""漫画"",""y"":2012,""pop"":54655},{""t"":""殺せんせーQ[クエスト]! (ONA)"",""cn"":"""",""ty"":""动画"",""y"":2016,""pop"":15568},{""t"":""暗殺教室 みんなの時間"",""cn"":"""",""ty"":""动画"",""y"":2026,""pop"":14771}]",She is a student in Korosensei's Class 3-E. She is the big sister of Class 3-E and one of the most enthusiastic students about learning the art of infiltration from [Irina](//anilist.co/character/73883/Jelavic-Irina).,85,85,0,0,,https://s4.anilist.co/file/anilistcdn/character/large/b88795-XsFRkwWDaKgY.png,https://s4.anilist.co/file/anilistcdn/character/medium/b88795-XsFRkwWDaKgY.png,,,,https://anilist.co/character/88795,,,
al88195,anilist,8,1,,,西城レオンハルト,Leonhart Saijou,,男,,,动画|轻小说,动画,魔法科高校の劣等生,魔法科高中的劣等生,2014,动画,"[{""t"":""魔法科高校の劣等生"",""cn"":""魔法科高中的劣等生"",""ty"":""动画"",""y"":2014,""pop"":259588},{""t"":""魔法科高校の劣等生 来訪者編"",""cn"":"""",""ty"":""动画"",""y"":2020,""pop"":114901},{""t"":""魔法科高校の劣等生 第3シーズン"",""cn"":"""",""ty"":""动画"",""y"":2024,""pop"":56185},{""t"":""劇場版 魔法科高校の劣等生 星を呼ぶ少女"",""cn"":""剧场版 魔法科高校的劣等生 呼唤星辰的少女"",""ty"":""动画"",""y"":2017,""pop"":53198},{""t"":""劇場版 魔法科高校の劣等生 四葉継承編"",""cn"":"""",""ty"":""动画"",""y"":2026,""pop"":17699},{""t"":""魔法科高校の劣等生"",""cn"":""魔法科高中的劣等生"",""ty"":""轻小说"",""y"":2011,""pop"":7979}]","A First year 2nd course student in E class with [Tatsuya](//anilist.co/character/55743/Shiba-Tatsuya), Mizuki and [Erika](//anilist.co/character/72311/Chiba-Erika).",71,71,0,0,,https://s4.anilist.co/file/anilistcdn/character/large/b88195-K4L9Uzx7ByGZ.png,https://s4.anilist.co/file/anilistcdn/character/medium/b88195-K4L9Uzx7ByGZ.png,,,,https://anilist.co/character/88195,,,
al77165,anilist,8,1,,,道宮結,Yui Michimiya,,女,,17-18,动画|漫画,动画,ハイキュー!!,排球少年!!,2014,动画,"[{""t"":""ハイキュー!!"",""cn"":""排球少年!!"",""ty"":""动画"",""y"":2014,""pop"":583268},{""t"":""ハイキュー!! セカンドシーズン"",""cn"":""排球少年 第二季"",""ty"":""动画"",""y"":2015,""pop"":398770},{""t"":""ハイキュー!! 烏野高校 VS 白鳥沢学園高校"",""cn"":""排球少年 乌野高校 VS 白鸟泽学园高校"",""ty"":""动画"",""y"":2016,""pop"":362356},{""t"":""ハイキュー！！"",""cn"":""排球少年!!"",""ty"":""漫画"",""y"":2012,""pop"":101913},{""t"":""ハイキュー!! 勝者と敗者"",""cn"":"""",""ty"":""动画"",""y"":2015,""pop"":25205}]","159 cm (5' 2"") Karasuno Girls' Volleyball Club 3rd Year, class 1 1 The captain of the Karasuno High girls volleyball club. Michimiya is shown to be a very active person, always smiling and cracking jokes.",61,61,0,0,,https://s4.anilist.co/file/anilistcdn/character/large/b77165-H2YhpXe7bk9u.jpg,https://s4.anilist.co/file/anilistcdn/character/medium/b77165-H2YhpXe7bk9u.jpg,,,,https://anilist.co/character/77165,,,
al87041,anilist,8,1,,,サイラオーグ・バアル,Sairaorg Bael,The Strongest Youth,男,,,动画|轻小说,动画,ハイスクールD×D BorN,恶魔高校 D×D BorN,2015,动画,"[{""t"":""ハイスクールD×D BorN"",""cn"":""恶魔高校 D×D BorN"",""ty"":""动画"",""y"":2015,""pop"":177430},{""t"":""ハイスクールD×D HERO"",""cn"":"""",""ty"":""动画"",""y"":2018,""pop"":137783},{""t"":""ハイスクールD×D"",""cn"":""恶魔高校 D×D"",""ty"":""轻小说"",""y"":2008,""pop"":10412}]","**** King Pure-Blooded Devil Sacred Born as the eldest son of the Bael Clan, Sairaorg did not inherit the Bael's trademark Power of Destruction that Rias and Sirzech's inherited from their mother, who came from the Bael Clan.",41,41,0,0,,https://s4.anilist.co/file/anilistcdn/character/large/b87041-ozKShweszIFj.jpg,https://s4.anilist.co/file/anilistcdn/character/medium/b87041-ozKShweszIFj.jpg,,,,https://anilist.co/character/87041,,,
al123189,anilist,8,1,,,前野密也,Mitsuya Maeno,,男,B,27,动画|漫画,动画,月刊少女野崎くん,,2014,动画,"[{""t"":""月刊少女野崎くん"",""cn"":"""",""ty"":""动画"",""y"":2014,""pop"":223060},{""t"":""月刊少女野崎くん"",""cn"":"""",""ty"":""漫画"",""y"":2011,""pop"":26056},{""t"":""月刊少女野崎くん アンソロジー"",""cn"":"""",""ty"":""漫画"",""y"":2014,""pop"":1286}]","**** 176 cm Previous editor in charge for [Nozaki](//anilist.co/character/87269/Nozaki-Umetarou). He is obsessed with tanukis. He likes to attend mixers, drink at parties and read gravure pages.",13,13,0,0,,https://s4.anilist.co/file/anilistcdn/character/large/b123189-asLqvjkANEZF.jpg,https://s4.anilist.co/file/anilistcdn/character/medium/b123189-asLqvjkANEZF.jpg,,,,https://anilist.co/character/123189,,,
vndb-c48419,vndb,8,2,,哈比,ハビ,Habi,Javi,男,B,,Galgame,Galgame,ファタモルガーナの館,海市蜃楼之馆,2012,Galgame,"[{""t"":""ファタモルガーナの館"",""cn"":""海市蜃楼之馆"",""ty"":""Galgame"",""y"":2012,""pop"":7595},{""t"":""紡がれることもなく、脚光も浴びず、ただ滅びゆく物語に"",""cn"":"""",""ty"":""Galgame"",""y"":2013,""pop"":273},{""t"":""紡がれることもなく、脚光も浴びず、ただ滅びゆく物語に"",""cn"":"""",""ty"":""Galgame"",""y"":2013,""pop"":273},{""t"":""紡がれることもなく、脚光も浴びず、ただ滅びゆく物語に"",""cn"":"""",""ty"":""Galgame"",""y"":2013,""pop"":273},{""t"":""紡がれることもなく、脚光も浴びず、ただ滅びゆく物語に"",""cn"":"""",""ty"":""Galgame"",""y"":2013,""pop"":273},{""t"":""紡がれることもなく、脚光も浴びず、ただ滅びゆく物語に"",""cn"":"""",""ty"":""Galgame"",""y"":2013,""pop"":273}]",ポーリーンが訪れた村に住む少年。ベステアに両親を殺されている。 最初は心を閉ざしており、ポーリーンにも冷たく接していたが、彼女と何度も会ううちに次第に心を開いていく。,7595,0,7595,1,,https://t.vndb.org/ch/24/58024.jpg,https://t.vndb.org/ch/24/58024.jpg,https://lain.bgm.tv/r/400/pic/crt/l/d6/e7/86798_crt_YYDea.jpg?r=1604489328,#736931 #372c0f #99afd1 #aa9764 #6e8cb8 #bacadc,Blond Short Teen Trousers Orphan Blue Shirt Cynic Friend Death,,https://bgm.tv/character/86798,https://vndb.org/c48419,86798
al260328,anilist,8,2,,井之上泷奈,井ノ上たきな,Takina Inoue,,女,A,16,动画|漫画|轻小说,动画,リコリス・リコイル,莉可丽丝,2022,动画,"[{""t"":""リコリス・リコイル"",""cn"":""莉可丽丝"",""ty"":""动画"",""y"":2022,""pop"":211080},{""t"":""リコリス・リコイル Friends are thieves of time."",""cn"":""莉可丽丝：友谊是时间的窃贼"",""ty"":""动画"",""y"":2025,""pop"":28891},{""t"":""リコリス・リコイル"",""cn"":""莉可丽丝"",""ty"":""漫画"",""y"":2022,""pop"":4425},{""t"":""リコリス・リコイル リコレクト"",""cn"":"""",""ty"":""漫画"",""y"":2022,""pop"":2762},{""t"":""リコリス・リコイル 公式コミックアンソロジー リロード"",""cn"":"""",""ty"":""漫画"",""y"":2022,""pop"":1404},{""t"":""リコリス･リコイル Ordinary days"",""cn"":"""",""ty"":""轻小说"",""y"":2022,""pop"":1292}]",結果主義のクールな性格の少女。 非合理な行いは大嫌い、なんでも無駄なくスマートに！ だけど世間知らずで、流行りに鈍感。千束に教わるアレコレに戸惑う毎日。 優秀なリコリスだったが、ワケあって喫茶リコリコで働くことになる。 合理的で無駄を嫌う性格で、リコリスらしくない千束に不満を感じることも。 リコリコでの仕事で成果を出したいと思っている。 黒いロングヘアの少女。,4169,4169,0,648,,https://s4.anilist.co/file/anilistcdn/character/large/b260328-GVvi4r6RKivm.png,https://s4.anilist.co/file/anilistcdn/character/medium/b260328-GVvi4r6RKivm.png,https://lain.bgm.tv/r/400/pic/crt/l/5e/a4/108664_crt_0ZBrr.jpg?r=1694954337,,,https://anilist.co/character/260328,https://bgm.tv/character/108664,,108664
vndb-c29634,vndb,8,2,,,安藤 美咲,Andou Misaki,,女,B,,Galgame,Galgame,クロノクロック,柯罗的怀表,2015,Galgame,,"Intensive training, playing violin Tea Sleeping, texting, friendships with boys Insects, messy places, women who gossip Rei's kouhai who is competitive and very passionate, and a girl who prefers effort-intensive training that yields result…",3342,0,3342,0,,https://t.vndb.org/ch/69/61769.jpg,https://t.vndb.org/ch/69/61769.jpg,,#57454a #917e7f #cdbab5 #f0e3d8 #f4f3f2 #ffffff,Brown Twin Tails Waist Length+ Wavy Teen Slim Pale School Uniform Doggy Style Spoons,,,https://vndb.org/c29634,
al2767,anilist,8,2,,纲手,綱手,Tsunade Senju,Princess Tsunade / The Legendary Sannin / Slug Princess,女,B,"51 (I), 54-55 (II), 70 (III) ",动画|漫画,动画,NARUTO -ナルト-,火影忍者,2002,动画,"[{""t"":""NARUTO -ナルト-"",""cn"":""火影忍者"",""ty"":""动画"",""y"":2002,""pop"":725301},{""t"":""NARUTO -ナルト- 疾風伝"",""cn"":""火影忍者疾风传"",""ty"":""动画"",""y"":2007,""pop"":610025},{""t"":""BORUTO-ボルト- NARUTO NEXT GENERATIONS"",""cn"":""博人传-火影次世代-"",""ty"":""动画"",""y"":2017,""pop"":225171},{""t"":""THE LAST -NARUTO THE MOVIE-"",""cn"":""火影忍者 剧场版 终章"",""ty"":""动画"",""y"":2014,""pop"":142927},{""t"":""NARUTO -ナルト-"",""cn"":""火影忍者"",""ty"":""漫画"",""y"":1999,""pop"":99205},{""t"":""ROAD TO NINJA -NARUTO THE MOVIE-"",""cn"":""火影忍者 剧场版 忍者之路"",""ty"":""动画"",""y"":2012,""pop"":73423}]",Tsunade is the granddaughter of the [First Hokage](//anilist.co/character/12464) and she is one of the legendary Sannin.,2689,2689,0,83,,https://s4.anilist.co/file/anilistcdn/character/large/b2767-r61Cj9v8I0wl.png,https://s4.anilist.co/file/anilistcdn/character/medium/b2767-r61Cj9v8I0wl.png,https://lain.bgm.tv/r/400/pic/crt/l/18/5a/7355_crt_qglLl.jpg,,,https://anilist.co/character/2767,https://bgm.tv/character/7355,,7355
al18770,anilist,8,2,,,火神大我,Taiga Kagami,Bakagami / Kagamicchi,男,A,16,动画|漫画,动画,黒子のバスケ,黑子的篮球,2012,动画,"[{""t"":""黒子のバスケ"",""cn"":""黑子的篮球"",""ty"":""动画"",""y"":2012,""pop"":286383},{""t"":""黒子のバスケ 2nd SEASON"",""cn"":"""",""ty"":""动画"",""y"":2013,""pop"":182891},{""t"":""黒子のバスケ 3rd SEASON"",""cn"":"""",""ty"":""动画"",""y"":2015,""pop"":162720},{""t"":""劇場版 黒子のバスケ Last Game"",""cn"":""剧场版 黑子的篮球 终极一战"",""ty"":""动画"",""y"":2017,""pop"":88995},{""t"":""黒子のバスケ ~最高のプレゼントです~"",""cn"":"""",""ty"":""动画"",""y"":2015,""pop"":20374},{""t"":""黒子のバスケ"",""cn"":""黑子的篮球"",""ty"":""漫画"",""y"":2008,""pop"":17353}]",190 cm (6'2'') Seirin High #10 Power Forward Jumping power Kagami was in America until second year of middle school and has recently come back to Japan in his first year of high school.,2264,2264,0,0,,https://s4.anilist.co/file/anilistcdn/character/large/b18770-iLAk9O3GGUvN.png,https://s4.anilist.co/file/anilistcdn/character/medium/b18770-iLAk9O3GGUvN.png,,,,https://anilist.co/character/18770,,,
vndb-c13734,vndb,8,2,,,金森 義仁,Kanamori Yoshihito,,男,A,,Galgame,Galgame,彼岸花の咲く夜に 第一夜,,2011,Galgame,"[{""t"":""彼岸花の咲く夜に 第一夜"",""cn"":"""",""ty"":""Galgame"",""y"":2011,""pop"":1682},{""t"":""彼岸花の咲く夜に 第二夜"",""cn"":"""",""ty"":""Galgame"",""y"":2011,""pop"":1235}]","Marie's homeroom teacher. He is a lively and popular teacher among the girls... but he keeps a wild animal inside of himself, and Marie becomes its outlet.",1682,0,1682,0,,https://t.vndb.org/ch/81/18481.jpg,https://t.vndb.org/ch/81/18481.jpg,,#d1b891 #3a3c3f #767572 #1b1c1c #0a0a0a #000000,Black Short Slim Pale Villain Black Grey Young-adult Suit Necktie,,,https://vndb.org/c13734,
al164986,anilist,8,2,,,久保渚咲,Nagisa Kubo,Kubocchi,女,,15-16,动画|漫画,动画,久保さんは僕を許さない,,2023,动画,"[{""t"":""久保さんは僕を許さない"",""cn"":"""",""ty"":""动画"",""y"":2023,""pop"":95988},{""t"":""久保さんは僕を許さない"",""cn"":"""",""ty"":""漫画"",""y"":2019,""pop"":42333},{""t"":""おさななななじみ"",""cn"":"""",""ty"":""漫画"",""y"":2025,""pop"":4222},{""t"":""久保さんは僕を許さない"",""cn"":"""",""ty"":""漫画"",""y"":2019,""pop"":934}]",160 cm Nagisa Kubo is the female protagonist of Kubo-san wa Boku (Mobu) wo Yurusanai. She is one of the few people who can easily find [Shiraishi](//anilist.co/character/173331/Shiraishi-Junta).,1510,1510,0,0,,https://s4.anilist.co/file/anilistcdn/character/large/b164986-FewavqJshmYl.png,https://s4.anilist.co/file/anilistcdn/character/medium/b164986-FewavqJshmYl.png,,,,https://anilist.co/character/164986,,,
vndb-c38214,vndb,8,2,,,追跡者,Assailant,Pursuer,女,,,Galgame,Galgame,Code:Realize ～創世の姫君～,,2014,Galgame,"[{""t"":""Code:Realize ～創世の姫君～"",""cn"":"""",""ty"":""Galgame"",""y"":2014,""pop"":1243},{""t"":""Code:Realize ~祝福の未来~"",""cn"":"""",""ty"":""Galgame"",""y"":2016,""pop"":446},{""t"":""Code:Realize ～白銀の奇跡～"",""cn"":"""",""ty"":""Galgame"",""y"":2017,""pop"":272}]","""...I think I'm just going to kill you all."" A member of the organization known as Idea. Specializing in martial arts, they care for nothing other than brutally and mercilessly crushing their foes. [Taken from the official website] Unknown",1243,0,1243,0,,https://t.vndb.org/ch/86/46186.jpg,https://t.vndb.org/ch/86/46186.jpg,,#a57b72 #6d4b47 #cfb7a4 #ebdbce #f5f2ee #ffffff,Blond Bun Wavy Sword Fighting Grey Young-adult Plate Armor Stoic Widow,,,https://vndb.org/c38214,
vndb-c38213,vndb,8,2,,,ランパール・レオンハルト,Rempart Leonhardt,Leon,男,A,,Galgame,Galgame,Code:Realize ～創世の姫君～,,2014,Galgame,"[{""t"":""Code:Realize ～創世の姫君～"",""cn"":"""",""ty"":""Galgame"",""y"":2014,""pop"":1243},{""t"":""Code:Realize ~祝福の未来~"",""cn"":"""",""ty"":""Galgame"",""y"":2016,""pop"":446},{""t"":""Code:Realize ～白銀の奇跡～"",""cn"":"""",""ty"":""Galgame"",""y"":2017,""pop"":272}]","""Everything is for the glory of her majesty, the Queen!"" A soldier in the British Army, his magnificent beard is only equaled by his strong sense of justice and national pride.",1243,0,1243,0,,https://t.vndb.org/ch/85/46185.jpg,https://t.vndb.org/ch/85/46185.jpg,,#aa7842 #513323 #d6aa65 #e0ceb7 #ffffff,Blond Short Moustache Slim Fighting Assault Green Adult Gloves Thief,,,https://vndb.org/c38213,
vndb-c20325,vndb,8,2,,,サン・ジェルマン,Saint-Germain,Saint-G / San,男,A,,Galgame,Galgame,Code:Realize ～創世の姫君～,,2014,Galgame,"[{""t"":""Code:Realize ～創世の姫君～"",""cn"":"""",""ty"":""Galgame"",""y"":2014,""pop"":1243},{""t"":""Code:Realize ~祝福の未来~"",""cn"":"""",""ty"":""Galgame"",""y"":2016,""pop"":446},{""t"":""Code:Realize ～白銀の奇跡～"",""cn"":"""",""ty"":""Galgame"",""y"":2017,""pop"":272}]","""What, you don't trust me? Can't say I blame you. There are times when I don't trust myself."" A wealthy landowner with a mansion in London and a gentleman at heart with an air of grace and dignity.",1243,0,1243,0,,https://t.vndb.org/ch/73/46173.jpg,https://t.vndb.org/ch/73/46173.jpg,,#77625a #362b2a #b6a296 #ddd0c5 #f3eee9 #ffffff,White Fighting Blue Young-adult Kimono Suit Secretive Necklace Gloves Boyfriend,,,https://vndb.org/c20325,
vndb-c93406,vndb,8,2,,,椎名 朧,Shiina Oboro,,男,,,Galgame,Galgame,冥契のルペルカリア,,2021,Galgame,,One of the members of Lanpyris Troupe. An imperceptible guy whose listless expression suits him well.,818,0,818,0,,https://t.vndb.org/ch/41/112541.jpg,https://t.vndb.org/ch/41/112541.jpg,,#5b3c54 #b4a0ac #d3cbd3 #ede6e7 #f8f4f3 #ffffff,Blue Short Pale Suicide Accident Death Homosexual Actor Grey,,,https://vndb.org/c93406,
al89642,anilist,8,2,,,八神コウ,Kou Yagami,Ko,女,A,25-26,动画|漫画,动画,NEW GAME!,,2016,动画,"[{""t"":""NEW GAME!"",""cn"":"""",""ty"":""动画"",""y"":2016,""pop"":120969},{""t"":""NEW GAME!!"",""cn"":"""",""ty"":""动画"",""y"":2017,""pop"":74219},{""t"":""NEW GAME! 私、社員旅行って初めてなので…"",""cn"":"""",""ty"":""动画"",""y"":2017,""pop"":25825},{""t"":""NEW GAME!"",""cn"":"""",""ty"":""漫画"",""y"":2013,""pop"":11230},{""t"":""NEW GAME! アンソロジーコミック"",""cn"":"""",""ty"":""漫画"",""y"":2016,""pop"":463}]","Tokyo 164 cm The lead character designer of Eagle Jump. She spends a lot of time at the office, often sleeping there overnight in her underwear, and has a laid-back but stern attitude.",784,784,0,0,,https://s4.anilist.co/file/anilistcdn/character/large/b89642-NLyJWTmHPwMD.jpg,https://s4.anilist.co/file/anilistcdn/character/medium/b89642-NLyJWTmHPwMD.jpg,,,,https://anilist.co/character/89642,,,
al1113,anilist,8,2,1989,,ジェレミア・ゴットバルト,Jeremiah Gottwald,Orange,男,A,28-29,动画,动画,コードギアス 反逆のルルーシュ,Code Geass 反叛的鲁路修,2006,动画,"[{""t"":""コードギアス 反逆のルルーシュ"",""cn"":""Code Geass 反叛的鲁路修"",""ty"":""动画"",""y"":2006,""pop"":500273},{""t"":""コードギアス 反逆のルルーシュ R2"",""cn"":""Code Geass 反叛的鲁路修R2"",""ty"":""动画"",""y"":2008,""pop"":362942},{""t"":""コードギアス 復活のルルーシュ"",""cn"":""Code Geass 复活的鲁路修"",""ty"":""动画"",""y"":2019,""pop"":97127},{""t"":""コードギアス 反逆のルルーシュⅠ 興道"",""cn"":"""",""ty"":""动画"",""y"":2017,""pop"":33081},{""t"":""コードギアス 反逆のルルーシュⅢ 皇道"",""cn"":"""",""ty"":""动画"",""y"":2018,""pop"":29621},{""t"":""コードギアス｜ナナリーinワンダーランド"",""cn"":"""",""ty"":""动画"",""y"":2012,""pop"":17321}]","An elite Knightmare Frame pilot and a Purist, who is deeply concerned with the Purists' supremacy - enough to use Suzaku as a scapegoat for both avenging Clovis' death and reinforcing the Purists' superiority in Area 11.",581,581,0,0,,https://s4.anilist.co/file/anilistcdn/character/large/b1113-HxXUV4z4jhvZ.png,https://s4.anilist.co/file/anilistcdn/character/medium/b1113-HxXUV4z4jhvZ.png,,,,https://anilist.co/character/1113,,,
vndb-c24592,vndb,8,2,,,不知火 祈,Shiranui Inori,Mafura Shoujo / Suzugaoka no Yuki onna / Yuki onna / マフラー少女,女,O,,Galgame,Galgame,花咲ワークスプリング！,,2015,Galgame,,"""Who are you calling ghost? I'm alive, unlike you"". Reading Manga, eating croquette bread The phantom student. Sometimes I see her at the ""ghost clubroom"" or on the rooftop, but I have never seen her attending classes.",559,0,559,0,,https://t.vndb.org/ch/10/30210.jpg,https://t.vndb.org/ch/10/30210.jpg,,#8a272a #8e6e7e #b5a4aa #d5cbc9 #ece8e4 #fefefe,White Waist Length+ Straight Teen Slim Pale Doggy Style Virgin Sex Mini-dress Jacket,,,https://vndb.org/c24592,
vndb-c46911,vndb,8,2,,,,Lucille Mitchell Wright,Bratwurst / Luke / Scumbag / Tio,男,,,Galgame,Galgame,The Letter,,2017,Galgame,"[{""t"":""The Letter"",""cn"":"""",""ty"":""Galgame"",""y"":2017,""pop"":544},{""t"":""The Diary"",""cn"":"""",""ty"":""Galgame"",""y"":2016,""pop"":16}]","Money, power and women, Luke wants it all. His reputation isn’t quite as dazzling as his wife’s due to his alcoholic and womanizing ways but he still somehow manages to fool the public into seeing him as the good husband.",544,0,544,0,,https://t.vndb.org/ch/56/56356.jpg,https://t.vndb.org/ch/56/56356.jpg,,#212448 #555780 #2f0e12 #020102 #0d0d1e #d5c0c2,Blond Short Straight Slim Pale Dress Shoes Master Green Young-adult Suit,,,https://vndb.org/c46911,
al3863,anilist,8,2,,,黒乃胡夢,Kurumu Kurono,Bazooka Girl / Twin Peaks,女,,,动画|漫画,动画,ロザリオとバンパイア,,2008,动画,"[{""t"":""ロザリオとバンパイア"",""cn"":"""",""ty"":""动画"",""y"":2008,""pop"":125598},{""t"":""ロザリオとバンパイア Capu2"",""cn"":"""",""ty"":""动画"",""y"":2008,""pop"":70160},{""t"":""ロザリオとバンパイア"",""cn"":"""",""ty"":""漫画"",""y"":2004,""pop"":22918},{""t"":""ロザリオとバンパイア SeasonⅡ"",""cn"":"""",""ty"":""漫画"",""y"":2007,""pop"":14874}]","153 cm Kurumu Kurono is a succubus, and is initially jealous of Moka's popularity overshadowing her own, though she eventually considers Moka a friend.",441,441,0,0,,https://s4.anilist.co/file/anilistcdn/character/large/b3863-rh1xmY0wYLg9.png,https://s4.anilist.co/file/anilistcdn/character/medium/b3863-rh1xmY0wYLg9.png,,,,https://anilist.co/character/3863,,,
vndb-c26477,vndb,8,2,,,バレット,Bullet,Butt Floss / Butt Person,女,O,,Galgame,Galgame,BLAZBLUE CHRONOPHANTASMA,,2013,Galgame,"[{""t"":""BLAZBLUE CHRONOPHANTASMA"",""cn"":"""",""ty"":""Galgame"",""y"":2013,""pop"":423},{""t"":""BLAZBLUE CENTRALFICTION"",""cn"":"""",""ty"":""Galgame"",""y"":2016,""pop"":356}]",Embroidery Spicy foods Skirts (especially mini-skirts) Bullet is a mercenary and a playable character in Chronophantasma and Central Fiction.,423,0,423,0,,https://t.vndb.org/ch/51/61551.jpg,https://t.vndb.org/ch/51/61551.jpg,,#a08559 #413537 #c6b29c #e2d7c8 #f0eeeb #ffffff,Blond Shoulder-length Slim Uniform Orphan Cooking Fighting Amber Young-adult Olive,,,https://vndb.org/c26477,
vndb-c102386,vndb,8,2,,,久喜沢 心桜,Kukizawa Kokoro,Tasogaredoki Hime Labyrinth / 黄昏時姫ラビリンス / Tasogaredoki Hime Labyrinth / 黄昏時姫ラビリンス,女,B,,Galgame,Galgame,闇染Revenger －墜ちた魔王と堕ちる戦姫－,,2018,Galgame,,1st year student. Birth Onyx Image Black Literary Making Lace,344,0,344,0,,https://t.vndb.org/ch/35/123935.jpg,https://t.vndb.org/ch/35/123935.jpg,,#393251 #7e7c98 #b7b4c5 #f6f1e9 #dfd7d6 #ffffff,Black Hime Cut Waist Length+ Teen Slim Pale Missionary Doggy Style Standing Sex Blowjob,,,https://vndb.org/c70339,
vndb-c27541,vndb,8,2,,,乃木坂 百合香,Nogisaka Yurika,,女,,,Galgame,Galgame,ALIA's CARNIVAL!,,2014,Galgame,"[{""t"":""ALIA's CARNIVAL!"",""cn"":"""",""ty"":""Galgame"",""y"":2014,""pop"":269},{""t"":""ALIA's CARNIVAL! Flowering Sky"",""cn"":"""",""ty"":""Galgame"",""y"":2015,""pop"":123}]","Favorite Udon, dorayaki Club Occult Club",269,0,269,0,,https://t.vndb.org/ch/96/120196.jpg,https://t.vndb.org/ch/96/120196.jpg,,#a2799e #59354c #d1b9c9 #efe4e1 #f8f6f3 #ffffff,Violet Long Straight Slim Pale Fighting Violet Kid Cloak Miniskirt,,,https://vndb.org/c27541,
vndb-c23160,vndb,8,2,,,沢井　かおり,Sawai Kaori,Kaorin,女,A,,Galgame,Galgame,白衣性恋愛症候群,,2011,Galgame,,,268,0,268,0,,https://t.vndb.org/ch/58/31058.jpg,https://t.vndb.org/ch/58/31058.jpg,,#c4a9a2 #dbc5c2 #eee0d8 #f7f1e8 #ffffff,Brown Short Amnesia Blue Young-adult Dress Pajamas Drinking Accident Nurse,,,https://vndb.org/c23160,
al192909,anilist,8,2,,,オニャンコポン,Onyankopon,,男,,,动画|漫画,动画,進撃の巨人 The Final Season,进击的巨人 最终季,2020,动画,"[{""t"":""進撃の巨人 The Final Season"",""cn"":""进击的巨人 最终季"",""ty"":""动画"",""y"":2020,""pop"":642537},{""t"":""進撃の巨人 The Final Season Part 2"",""cn"":""进击的巨人 最终季 Part.2"",""ty"":""动画"",""y"":2022,""pop"":440419},{""t"":""進撃の巨人 The Final Season完結編 前編"",""cn"":""进击的巨人 最终季 完结篇 前篇"",""ty"":""动画"",""y"":2023,""pop"":249964},{""t"":""進撃の巨人"",""cn"":""进击的巨人"",""ty"":""漫画"",""y"":2009,""pop"":226814},{""t"":""進撃の巨人 The Final Season完結編 後編"",""cn"":""进击的巨人 最终季 完结篇 后篇"",""ty"":""动画"",""y"":2023,""pop"":167073}]",Onyankopon is one of the Anti-Marleyan Volunteers and aids the Survey Corps during the Raid on Liberio. He pilots an airship following orders from [Hange](//anilist.co/character/71121/) for the Corps to use during their retreat.,235,235,0,0,,https://s4.anilist.co/file/anilistcdn/character/large/b192909-81EoCndP0uEH.png,https://s4.anilist.co/file/anilistcdn/character/medium/b192909-81EoCndP0uEH.png,,,,https://anilist.co/character/192909,,,
al229658,anilist,8,2,,,665番,No.665,,女,,,动画|漫画|轻小说,动画,陰の実力者になりたくて！,想要成为影之实力者！,2022,动画,"[{""t"":""陰の実力者になりたくて！"",""cn"":""想要成为影之实力者！"",""ty"":""动画"",""y"":2022,""pop"":314005},{""t"":""陰の実力者になりたくて！ 2nd season"",""cn"":""想要成为影之实力者！ 第二季"",""ty"":""动画"",""y"":2023,""pop"":195202},{""t"":""陰の実力者になりたくて！"",""cn"":""想要成为影之实力者！"",""ty"":""漫画"",""y"":2018,""pop"":47389},{""t"":""陰の実力者になりたくて！"",""cn"":""想要成为影之实力者！"",""ty"":""轻小说"",""y"":2018,""pop"":10826}]",Elf 665 is a member of Shadow Garden's Numbers and is in a squad with [664](//anilist.co/character/229662/No664) and 666. She has a calm personality and is good at providing support.,67,67,0,0,,https://s4.anilist.co/file/anilistcdn/character/large/b229658-QPPZFbPR1LT7.png,https://s4.anilist.co/file/anilistcdn/character/medium/b229658-QPPZFbPR1LT7.png,,,,https://anilist.co/character/229658,,,
al160356,anilist,8,2,,,ミグノ,Miguno,,男,A,17-,动画|漫画,动画,BEASTARS,动物狂想曲,2019,动画,"[{""t"":""BEASTARS"",""cn"":""动物狂想曲"",""ty"":""动画"",""y"":2019,""pop"":258427},{""t"":""BEASTARS 第2期"",""cn"":""动物狂想曲 第二季"",""ty"":""动画"",""y"":2021,""pop"":140408},{""t"":""BEASTARS"",""cn"":""动物狂想曲"",""ty"":""漫画"",""y"":2016,""pop"":48902},{""t"":""BEASTARS FINAL SEASON Part 1"",""cn"":""动物狂想曲 最终季 第一部分"",""ty"":""动画"",""y"":2024,""pop"":42167},{""t"":""BEASTARS FINAL SEASON Part 2"",""cn"":""动物狂想曲 最终季 第二部分"",""ty"":""动画"",""y"":2026,""pop"":19747}]","Spotted hyena who is part of the canine room 701 with Legoshi. He plays electric guitar with a vulture in a band called ""The Leftovers"".",4,4,0,0,,https://s4.anilist.co/file/anilistcdn/character/large/b160356-HnwooJgdxPlW.png,https://s4.anilist.co/file/anilistcdn/character/medium/b160356-HnwooJgdxPlW.png,,,,https://anilist.co/character/160356,,,
al7183,anilist,8,3,,赤坂卫,赤坂衛,Mamoru Akasaka,,男,A,,动画|漫画|Galgame,动画,ひぐらしのなく頃に,寒蝉鸣泣之时,2006,动画,"[{""t"":""ひぐらしのなく頃に"",""cn"":""寒蝉鸣泣之时"",""ty"":""动画"",""y"":2006,""pop"":177687},{""t"":""ひぐらしのなく頃に解"",""cn"":""寒蝉鸣泣之时 解"",""ty"":""动画"",""y"":2007,""pop"":90255},{""t"":""ひぐらしのなく頃に業"",""cn"":""寒蝉鸣泣之时 业"",""ty"":""动画"",""y"":2020,""pop"":82599},{""t"":""ひぐらしのなく頃に礼"",""cn"":""寒蝉鸣泣之时 礼"",""ty"":""动画"",""y"":2009,""pop"":44929},{""t"":""ひぐらしのなく頃に卒"",""cn"":""寒蝉鸣泣之时 卒"",""ty"":""动画"",""y"":2021,""pop"":38674},{""t"":""ひぐらしのなく頃に"",""cn"":""寒蝉鸣泣之时"",""ty"":""Galgame"",""y"":2002,""pop"":11241}]",因建设大臣的孙子遭诱拐一案来到雏见泽，和大石与梨花相遇。 在警校因为优越的成绩常是争夺主席的精英。有名为雪绘的妻子，暇溃篇的时间点她已经在预产期。 学生时代有在玩麻将。都内，特别是常出入高田马场一带的高赌率麻将场，以“马场的卫”之名著称的麻将高手。不过因为赌率太高被各地的麻将馆禁止进入，而且为了当时喜欢的雪绘，现在已经不玩了。虽说如此但实力毫无减损，依然以专家级的实力自豪。,11241,92,11241,10,,https://s4.anilist.co/file/anilistcdn/character/large/b7183-JpCfOWyceYlW.png,https://s4.anilist.co/file/anilistcdn/character/medium/b7183-JpCfOWyceYlW.png,https://t.vndb.org/ch/90/113090.jpg|https://lain.bgm.tv/r/400/pic/crt/l/95/82/26409_crt_4f0fy.jpg?r=1593609526,,Black Short Straight Pale Amber Red Young-adult Muscular Jacket T-shirt,https://anilist.co/character/7183,https://bgm.tv/character/26409,https://vndb.org/c3813,26409
al434,anilist,8,3,,鬼冢英吉,鬼塚英吉,Eikichi Onizuka,,男,,22,动画|漫画,动画,GTO,麻辣教师GTO,1999,动画,"[{""t"":""GTO"",""cn"":""麻辣教师GTO"",""ty"":""动画"",""y"":1999,""pop"":175910},{""t"":""GTO"",""cn"":""麻辣教师GTO"",""ty"":""漫画"",""y"":1997,""pop"":56098},{""t"":""湘南純愛組!"",""cn"":""湘南纯爱组"",""ty"":""动画"",""y"":1994,""pop"":13060},{""t"":""湘南純愛組！"",""cn"":""湘南纯爱组"",""ty"":""漫画"",""y"":1990,""pop"":9704},{""t"":""BAD COMPANY"",""cn"":""麻辣拍档"",""ty"":""漫画"",""y"":1997,""pop"":6309},{""t"":""GTO パラダイス・ロスト"",""cn"":"""",""ty"":""漫画"",""y"":2014,""pop"":6011}]",型破りな元不良の教師で、担当は社会科。童貞。 東京吉祥学苑の面接を受けて無残な採用試験となるも、桜井理事長に可能性を見出され、採用される。学園内最悪と言われる3年4組の担任（のちに副担任に降格）となり、生徒と対立して嫌がらせを受けるが、彼らが抱えている苦悩や学苑全体を巻き込むトラブルと向き合っていくうちに、信頼と人望を得ていく。最終話で、学園を去りアメリカの高校で教師を務める。,7634,7634,0,86,,https://s4.anilist.co/file/anilistcdn/character/large/b434-Q0K9e4HukawA.png,https://s4.anilist.co/file/anilistcdn/character/medium/b434-Q0K9e4HukawA.png,https://lain.bgm.tv/r/400/pic/crt/l/42/48/1957_crt_zofdL.jpg,,,https://anilist.co/character/434,https://bgm.tv/character/1957,,1957
vndb-c85451,vndb,8,3,,伊达键,伊達 鍵,Date Kaname,Falco / Hayato Yagyu / 柳生 隼 / Yagyuu Hayato,男,,,Galgame,Galgame,AI：ソムニウム ファイル,AI：梦境档案,2019,Galgame,"[{""t"":""AI：ソムニウム ファイル"",""cn"":""AI：梦境档案"",""ty"":""Galgame"",""y"":2019,""pop"":4117},{""t"":""AI: ソムニウムファイル ニルヴァーナイニシアチブ"",""cn"":""AI：梦境档案 涅槃肇始"",""ty"":""Galgame"",""y"":2022,""pop"":1753},{""t"":""伊達鍵は眠らない – From AI：ソムニウムファイル"",""cn"":""无法成眠的伊达键 - From AI：梦境档案"",""ty"":""Galgame"",""y"":2025,""pop"":276}]",警视厅先进式人脑搜查部队ABIS所属警察官。使用PSYNC装置，有着能潜入嫌疑人或重要参考人脑中的能力。6年前失去了左眼球，现在嵌有搭载了高程度人工智能的义眼（AI-Ball）。,4117,0,4117,31,,https://t.vndb.org/ch/26/189626.jpg,https://t.vndb.org/ch/26/189626.jpg,https://lain.bgm.tv/r/400/pic/crt/l/e7/3b/69764_crt_0ffDD.jpg?r=1555685254,#16141a #b1a99d #73706e #d5d2c9 #f0efec #ffffff,Bun Wavy Short Trousers Proactive Orphan Fighting Amnesia Amber Green,,https://bgm.tv/character/69764,https://vndb.org/c85451,69764
vndb-c86541,vndb,8,3,,,柳生 隼,Yagyuu Hayato,Falco / Kaname Date / Uncle / 伊達 鍵,男,,,Galgame,Galgame,AI：ソムニウム ファイル,AI：梦境档案,2019,Galgame,"[{""t"":""AI：ソムニウム ファイル"",""cn"":""AI：梦境档案"",""ty"":""Galgame"",""y"":2019,""pop"":4117},{""t"":""AI: ソムニウムファイル ニルヴァーナイニシアチブ"",""cn"":""AI：梦境档案 涅槃肇始"",""ty"":""Galgame"",""y"":2022,""pop"":1753}]","Hayato Yagyu Male 42 August 3 Police officer and assassin. A special elementary school teacher and her daughter. Zombies, Haunted houses, Evil crimes. Camping, Barbecue, Okonomiyaki. Assassination.",4117,0,4117,0,,https://t.vndb.org/ch/98/144198.jpg,https://t.vndb.org/ch/98/144198.jpg,,#804b4f #b3a394 #d4c1ad #373535 #ffffff,Black Short Orphan Fighting Amnesia Grey Adult Jacket Handgun Child Abuse,,,https://vndb.org/c86541,
vndb-c87371,vndb,8,3,,织部泰长,織部 泰長,Oribe Yasunaga,ヤッスん / Yassun / 兄ちゃん / Nii-chan,男,,,Galgame,Galgame,レイジングループ,人狼村之谜,2015,Galgame,,休水に住む高校生組の一人。 聡明で礼儀正しい少年で、高校生組のまとめ役。 社交性も高い。 片親のため、母親に早く楽をさせてあげたいと考えている。,3618,0,3618,13,,https://t.vndb.org/ch/39/105839.jpg,https://t.vndb.org/ch/39/105839.jpg,https://lain.bgm.tv/r/400/pic/crt/l/4e/15/75434_crt_NzeJ0.jpg,#44463f #8b7d76 #d1baac #ffffff,Black Short Brown Teen Pale Glasses Sports Shoes Boku Outgoing Low Self-esteem,,https://bgm.tv/character/75434,https://vndb.org/c87371,75434
vndb-c555,vndb,8,3,,天女目瑛,天女目 瑛,Amatsume Akira,,女,A,,Galgame,Galgame,ヨスガノソラ,缘之空,2008,Galgame,"[{""t"":""ヨスガノソラ"",""cn"":""缘之空"",""ty"":""Galgame"",""y"":2008,""pop"":2424},{""t"":""ハルカナソラ"",""cn"":""悠之空"",""ty"":""Galgame"",""y"":2009,""pop"":569},{""t"":""僕の未来は、恋と課金と。～Charge To The Future～"",""cn"":"""",""ty"":""Galgame"",""y"":2019,""pop"":154}]",本作女主角之一，当地神社的女巫，悠的同班同学，是个非常开朗活力十足的少女，绝大部分的时间脸上都保持着微笑，也因此有时候让人搞不懂心里在想什么。小时候和悠在神社的山林间玩过，当神主的祖父过世后代替其职位，和渚一叶是关系非常亲昵的朋友，经常当一叶拉中提琴时的听众，但每次都会睡着。有着不输给一般人的力气，运动方面也很擅长。养著一只名为“师匠”的猫。,2424,0,2424,242,,https://t.vndb.org/ch/80/70580.jpg,https://t.vndb.org/ch/80/70580.jpg,https://lain.bgm.tv/r/400/pic/crt/l/72/5e/14329_crt_FtF8H.jpg,#c88f8b #7d5659 #d4c7c0 #f2ede7 #faf9f8,Brown Antenna Shoulder-length Straight Brown Teen Slim Pale School Uniform Doggy Style,,https://bgm.tv/character/14329,https://vndb.org/c555,14329
vndb-c556,vndb,8,3,,渚一叶,渚 一葉,Migiwa Kazuha,Kazu-chan,女,A,,Galgame,Galgame,ヨスガノソラ,缘之空,2008,Galgame,"[{""t"":""ヨスガノソラ"",""cn"":""缘之空"",""ty"":""Galgame"",""y"":2008,""pop"":2424},{""t"":""ハルカナソラ"",""cn"":""悠之空"",""ty"":""Galgame"",""y"":2009,""pop"":569},{""t"":""僕の未来は、恋と課金と。～Charge To The Future～"",""cn"":"""",""ty"":""Galgame"",""y"":2019,""pop"":154}]",当地议员的女儿，悠的同班同学，每天都搭轿车上下学，途中看到瑛会把她硬拉上车；每天午餐的便当也非常豪华，让周围的人感到惊叹。会演奏中提琴，但长大后不知为何不再喜欢，会拉给瑛听但瑛每次都会睡着。在学校表现非常强气，常常对着常逗弄她的中里亮平与天真的天女目瑛发火，但私底下对天女目瑛非常温柔。与父亲关系有些距离。,2424,0,2424,215,,https://t.vndb.org/ch/82/70582.jpg,https://t.vndb.org/ch/82/70582.jpg,https://lain.bgm.tv/r/400/pic/crt/l/94/e7/14331_crt_v8f5g.jpg,#383949 #7b7b8c #eddfd3 #c0bac0 #f4f2ec #ffffff,Black Hime Cut Waist Length+ Straight Teen Slim Pale School Uniform Proactive Hard Worker,,https://bgm.tv/character/14331,https://vndb.org/c556,14331
al180892,anilist,8,3,,,유중혁,Jung-Hyeok Yu,Joong-Hyuk Yoo / Yoo Jonghyuk / Yu Joong-Hyeok / Sunfish Bastard,男,,,动画|漫画,漫画,전지적 독자 시점,全知读者视角,2020,漫画,"[{""t"":""전지적 독자 시점"",""cn"":""全知读者视角"",""ty"":""漫画"",""y"":2020,""pop"":131445},{""t"":""全知的な読者の視点から"",""cn"":"""",""ty"":""动画"",""y"":2027,""pop"":27691}]","184 cm Yoo Joonghyuk is the main character of tls123's novel Three Ways to Survive in a Ruined World. ~!Throughout Omniscient Reader's Viewpoint, he is seen in his 1863rd, 1864th (believed to be his 3rd), and 1865th regressions.!~",1877,1877,0,0,,https://s4.anilist.co/file/anilistcdn/character/large/b180892-P9NUpKANX4W5.png,https://s4.anilist.co/file/anilistcdn/character/medium/b180892-P9NUpKANX4W5.png,,,,https://anilist.co/character/180892,,,
al65263,anilist,8,3,,,五河琴里,Kotori Itsuka,Commander / Efreet,女,AB,14,动画|Galgame,动画,デート・ア・ライブ,约会大作战,2013,动画,"[{""t"":""デート・ア・ライブ"",""cn"":""约会大作战"",""ty"":""动画"",""y"":2013,""pop"":247044},{""t"":""デート・ア・ライブⅡ"",""cn"":"""",""ty"":""动画"",""y"":2014,""pop"":148435},{""t"":""デート・ア・ライブⅢ"",""cn"":"""",""ty"":""动画"",""y"":2019,""pop"":112666},{""t"":""デート・ア・ライブIV"",""cn"":"""",""ty"":""动画"",""y"":2022,""pop"":82341},{""t"":""デート・ア・ライブ DATE TO DATE"",""cn"":"""",""ty"":""动画"",""y"":2013,""pop"":55937},{""t"":""劇場版デート・ア・ライブ 万由里ジャッジメント"",""cn"":""剧场版 约会大作战 万由里裁决"",""ty"":""动画"",""y"":2015,""pop"":55662}]",145 cm Kotori is [Shidou's](//anilist.co/character/65257) foster sister. Kotori is the head commander of Ratatosk which teaches Shidou about the spirit and spacequakes happening.,1799,1799,522,0,,https://s4.anilist.co/file/anilistcdn/character/large/b65263-SsnYAtOtAiDK.png,https://s4.anilist.co/file/anilistcdn/character/medium/b65263-SsnYAtOtAiDK.png,https://t.vndb.org/ch/10/18010.jpg,,Red Ahoge Twin Tails Waist Length+ Straight Teen Slim Pale School Uniform Cooking,https://anilist.co/character/65263,,https://vndb.org/c14372,
vndb-c6707,vndb,8,3,,,川島 優夏,Kawashima Yuuka,,女,A,,Galgame,Galgame,Never7 -the end of infinity-,,2000,Galgame,"[{""t"":""Never7 -the end of infinity-"",""cn"":"""",""ty"":""Galgame"",""y"":2000,""pop"":1597},{""t"":""メモリーズオフ -フェスタ-"",""cn"":"""",""ty"":""Galgame"",""y"":2001,""pop"":12},{""t"":""KIDミックスセクション キャラクターコレクション"",""cn"":"""",""ty"":""Galgame"",""y"":2001,""pop"":8}]","August 3, 1998 (Leo) Peridot Miniskirts, family, alcohol Fermented soybeans Special Pictures, sports, heavy drinking, making murderous cooking Mother, father, younger brother, grandfather, grandmother, great-grandfather (lives away) An upco…",1597,0,1597,0,,https://t.vndb.org/ch/81/119981.jpg,https://t.vndb.org/ch/81/119981.jpg,,#9a5154 #cf8b86 #e1ceba #f8f5f7,Curtained Shoulder-length Straight Slim Pale Disaster Amber Young-adult Headband Skirt,,,https://vndb.org/c6707,
al2379,anilist,8,3,,,小泉リサ,Risa Koizumi,Amazon / All Kyojin,女,O,15,动画|漫画,动画,ラブ★コン,,2007,动画,"[{""t"":""ラブ★コン"",""cn"":"""",""ty"":""动画"",""y"":2007,""pop"":136909},{""t"":""ラブ★コン"",""cn"":"""",""ty"":""漫画"",""y"":2001,""pop"":18349},{""t"":""ラブ★コンTWO"",""cn"":"""",""ty"":""漫画"",""y"":2009,""pop"":1922}]","172 cm Risa Koizumi is not your average Japanese high school student. Risa's height is well above that of most Japanese girls her age (the average height for a female is 160 cm (5 ft 3 in) Ironically, her surname means 'little spring'.",1480,1480,0,0,,https://s4.anilist.co/file/anilistcdn/character/large/b2379-WutNL90IxIgh.jpg,https://s4.anilist.co/file/anilistcdn/character/medium/b2379-WutNL90IxIgh.jpg,,,,https://anilist.co/character/2379,,,
vndb-c57199,vndb,8,3,,,,JC,,女,A,,Galgame,Galgame,お家に帰るまでがましまろです,,2017,Galgame,,"A college student, sophomore. She's the customer service and checkout at Marshmallow Tree. Nicknamed JC, but nobody knows her real name.",1097,0,1097,0,1,https://t.vndb.org/ch/90/68190.jpg,https://t.vndb.org/ch/90/68190.jpg,,#ceb2a5 #eed5bd #8f7776 #efe8e1 #f7f6f5 #ffffff,Blond Bob Cut Short Teen Slim Proactive Red Olive Jeans Thigh-high Boots,,,https://vndb.org/c57199,
al3331,anilist,8,3,,,マーシャル・D・ティーチ,Teach Marshall,Kurohige (黒ひげ) / Blackbeard,男,,38,动画|漫画,动画,ONE PIECE,航海王,1999,动画,"[{""t"":""ONE PIECE"",""cn"":""航海王"",""ty"":""动画"",""y"":1999,""pop"":750384},{""t"":""ONE PIECE"",""cn"":""航海王"",""ty"":""漫画"",""y"":1997,""pop"":232766},{""t"":""ONE PIECE STAMPEDE"",""cn"":""航海王：狂热行动"",""ty"":""动画"",""y"":2019,""pop"":62019},{""t"":""ONE PIECE episode A"",""cn"":"""",""ty"":""漫画"",""y"":2020,""pop"":7751},{""t"":""ONE PIECE STRONG WORLD"",""cn"":"""",""ty"":""漫画"",""y"":2009,""pop"":3853},{""t"":""記念撮影"",""cn"":"""",""ty"":""动画"",""y"":2019,""pop"":3700}]","344 cm ~!3,996,000,000 (previously 2,247,600,000)!~ ~!Yami Yami no Mi (Dark Dark Fruit)!~ ~!Gura Gura no Mi (Tremor Tremor Fruit)!~ ~!Logia!~ ~!Paramecia!~ Blackbeard was formerly a member of the Whitebeard Pirates second division led by [P…",1041,1041,0,0,,https://s4.anilist.co/file/anilistcdn/character/large/b3331-7ZJDc4BNv9Yp.jpg,https://s4.anilist.co/file/anilistcdn/character/medium/b3331-7ZJDc4BNv9Yp.jpg,,,,https://anilist.co/character/3331,,,
al46171,anilist,8,3,,,高坂穂乃果,Honoka Kousaka,Honoka Kosaka,女,O,16,动画,动画,ラブライブ! School idol project,,2013,动画,"[{""t"":""ラブライブ! School idol project"",""cn"":"""",""ty"":""动画"",""y"":2013,""pop"":113548},{""t"":""ラブライブ! School idol project 2期"",""cn"":"""",""ty"":""动画"",""y"":2014,""pop"":65433},{""t"":""ラブライブ！The School Idol Movie"",""cn"":"""",""ty"":""动画"",""y"":2015,""pop"":40532},{""t"":""ラブライブ! School idol project OVA"",""cn"":"""",""ty"":""动画"",""y"":2013,""pop"":16306},{""t"":""Snow Halation"",""cn"":"""",""ty"":""动画"",""y"":2010,""pop"":8397},{""t"":""僕らのLIVE 君とのLIFE"",""cn"":"""",""ty"":""动画"",""y"":2010,""pop"":6579}]","157 cm Honoka is the main character, who is a second-year student at Otonokizaka Academy. Her family works in a japanese sweet shop named Homura.",946,946,0,0,,https://s4.anilist.co/file/anilistcdn/character/large/b46171-29iObmCZzIkp.png,https://s4.anilist.co/file/anilistcdn/character/medium/b46171-29iObmCZzIkp.png,,,,https://anilist.co/character/46171,,,
al4013,anilist,8,3,,,地場衛,Mamoru Chiba,Darien Shields / Mamo-chan / Mamoru Jiba,男,A,17-18,动画,动画,美少女戦士セーラームーン,美少女战士,1992,动画,"[{""t"":""美少女戦士セーラームーン"",""cn"":""美少女战士"",""ty"":""动画"",""y"":1992,""pop"":105243},{""t"":""美少女戦士セーラームーン R"",""cn"":""美少女战士R"",""ty"":""动画"",""y"":1993,""pop"":35482},{""t"":""美少女戦士セーラームーンCrystal"",""cn"":"""",""ty"":""动画"",""y"":2014,""pop"":34388},{""t"":""美少女戦士セーラームーン S"",""cn"":""美少女战士S"",""ty"":""动画"",""y"":1994,""pop"":32547},{""t"":""美少女戦士セーラームーン Super S"",""cn"":""美少女战士SuperS"",""ty"":""动画"",""y"":1995,""pop"":25509},{""t"":""美少女戦士セーラームーン セーラースターズ"",""cn"":""美少女战士Sailor Stars"",""ty"":""动画"",""y"":1996,""pop"":24221}]","Mamoru Chiba is the major romantic interest of [Usagi Tsukino](//anilist.co/character/2030/Tsukino-Usagi). He is often portrayed as stoic, steady and introverted. ~!This may be because when he was young his parents died in a car crash.",837,837,0,0,,https://s4.anilist.co/file/anilistcdn/character/large/b4013-pnQ2obKyW7Tv.png,https://s4.anilist.co/file/anilistcdn/character/medium/b4013-pnQ2obKyW7Tv.png,,,,https://anilist.co/character/4013,,,
al130286,anilist,8,3,,,ハイ田,Haida,Hyde,男,,,动画,动画,アグレッシブ烈子,,2018,动画,"[{""t"":""アグレッシブ烈子"",""cn"":"""",""ty"":""动画"",""y"":2018,""pop"":62727},{""t"":""アグレッシブ烈子 シーズン2"",""cn"":"""",""ty"":""动画"",""y"":2019,""pop"":36623},{""t"":""アグレッシブ烈子 シーズン3"",""cn"":"""",""ty"":""动画"",""y"":2020,""pop"":28670},{""t"":""アグレッシブ烈子 シーズン4"",""cn"":"""",""ty"":""动画"",""y"":2021,""pop"":18660},{""t"":""アグレッシブ烈子：We Wish You a Metal Christmas"",""cn"":"""",""ty"":""动画"",""y"":2018,""pop"":15271},{""t"":""アグレッシブ烈子 シーズン5"",""cn"":"""",""ty"":""动画"",""y"":2023,""pop"":11810}]",Haida is an office worker that works alongside [Retsuko](//anilist.co/character/125638/Retsuko) in the accounting office and has a massive crush on her.,727,727,0,0,,https://s4.anilist.co/file/anilistcdn/character/large/b130286-GTQtXpvXGe0Z.png,https://s4.anilist.co/file/anilistcdn/character/medium/b130286-GTQtXpvXGe0Z.png,,,,https://anilist.co/character/130286,,,
vndb-c24603,vndb,8,3,,,烈風寺 嘩音,Reppuuji Kanon,Hurricane / Non-chan,女,B,,Galgame,Galgame,ゆきこいめると,,2015,Galgame,,Spices,722,0,722,0,,https://t.vndb.org/ch/21/30221.jpg,https://t.vndb.org/ch/21/30221.jpg,,#711945 #bd566f #ce9ba5 #eec8d0 #f6ebea #fefffe,Red Odango Ponytail Twin Tails Waist Length+ Straight Teen Slim Pale Sweater,,,https://vndb.org/c24603,
vndb-c1361,vndb,8,3,,,朝霧 麻衣,Asagiri Mai,,女,A,,Galgame,Galgame,夜明け前より瑠璃色な,,2005,Galgame,"[{""t"":""夜明け前より瑠璃色な"",""cn"":"""",""ty"":""Galgame"",""y"":2005,""pop"":642},{""t"":""夜明け前より瑠璃色な -Moonlight Cradle-"",""cn"":"""",""ty"":""Galgame"",""y"":2009,""pop"":167}]",Mai is Tatsuya's younger sister who attends the same school as him. She is the part leader for the flutes in the concert band in her school. [Edited from Wikipedia.],642,0,642,0,,https://t.vndb.org/ch/88/73888.jpg,https://t.vndb.org/ch/88/73888.jpg,,#bba792 #6b5a59 #d5d2c3 #f1eadf #f4f6f5 #ffffff,Brown Twin Tails Short Teen Slim Pale School Uniform Cooking Missionary Cowgirl,,,https://vndb.org/c1361,
al151351,anilist,8,3,,,氷室雪弥,Yukiya Himuro,,男,,,动画|漫画,动画,氷属性男子とクールな同僚女子,,2023,动画,"[{""t"":""氷属性男子とクールな同僚女子"",""cn"":"""",""ty"":""动画"",""y"":2023,""pop"":95578},{""t"":""氷属性男子とクールな同僚女子"",""cn"":"""",""ty"":""漫画"",""y"":2018,""pop"":19628}]","181 cm The descendant of a Yuki Onna. Himuro freezes things surrounding him when he feels certain emotions. Even though his surroundings are always cold, Himuro is a warm and kind person.",626,626,0,0,,https://s4.anilist.co/file/anilistcdn/character/large/b151351-sCRrYyBxuuRa.png,https://s4.anilist.co/file/anilistcdn/character/medium/b151351-sCRrYyBxuuRa.png,,,,https://anilist.co/character/151351,,,
vndb-c124099,vndb,8,3,,,アクセル・ビョルケル,Axel Björker,Aquila 2,男,,,Galgame,Galgame,マブラヴ オルタネイティヴ クロニクルズ チキン・ダイバーズ,,2009,Galgame,,,456,0,456,0,,https://t.vndb.org/ch/37/146037.jpg,https://t.vndb.org/ch/37/146037.jpg,,#0c1345 #364a7c #1e2c58 #102267 #6e86b0 #b3cddc,Pale Ore Soldier Mecha Pilot Pressure Suit Death in Battle Completely Unavoidable Death,,,https://vndb.org/c124099,
vndb-c34422,vndb,8,3,,,葦原 大輝,Ashihara Daiki,,男,AB,,Galgame,Galgame,嫁探しが捗りすぎてヤバい。,,2015,Galgame,,Daiki has a habit of telling people his true thoughts which often leads the girls around him to embarrassment when he tells them he's thinking of them.,277,0,277,0,,https://t.vndb.org/ch/52/73752.jpg,https://t.vndb.org/ch/52/73752.jpg,,#e7cebe #c6b4ab #f4eadc #6a5f66 #9c9490 #7d767e,White Short School Uniform Proactive Hard Worker Cooking Cunnilingus Sixty-nine Virgin Sex Amber,,,https://vndb.org/c34422,
vndb-c64954,vndb,8,3,,,桐ヶ谷 璃乃,Kirigaya Rino,音速のカヴァリエーレ,女,O,,Galgame,Galgame,はぴねす！2 Sakura Celebration,,2019,Galgame,"[{""t"":""はぴねす！2 Sakura Celebration"",""cn"":"""",""ty"":""Galgame"",""y"":2019,""pop"":203},{""t"":""はぴねす！2 りらっくす"",""cn"":"""",""ty"":""Galgame"",""y"":2020,""pop"":35}]",A girl with a cheerful personality and a strong sense of responsibility. She can't just ignore people who are struggling—her strong sense of responsibility makes her a natural caretaker. She is the female class representative of her class.,203,0,203,0,,https://t.vndb.org/ch/77/88377.jpg,https://t.vndb.org/ch/77/88377.jpg,,#862331 #c9646b #d9b6b8 #ecdcde #f8f3f1 #ffffff,Red Ahoge Twin Tails Long Wavy Teen Slim Pale School Uniform Magician,,,https://vndb.org/c64954,
al216157,anilist,8,3,,,カルド・ゲヘナ,Kaldo Gehenna,The Flame Cane,男,A,27,动画|漫画,动画,マッシュル-MASHLE- 神覚者候補選抜試験編,物理魔法使马修 神觉者候补选拔试验篇,2024,动画,"[{""t"":""マッシュル-MASHLE- 神覚者候補選抜試験編"",""cn"":""物理魔法使马修 神觉者候补选拔试验篇"",""ty"":""动画"",""y"":2024,""pop"":182192},{""t"":""マッシュル-MASHLE-"",""cn"":""物理魔法使马修"",""ty"":""漫画"",""y"":2020,""pop"":59820}]","175cm Kaldo Gehenna is a Divine Visionary and Head of the Magic Talent Administration, a subdivision of the Bureau of Magic.",93,93,0,0,,https://s4.anilist.co/file/anilistcdn/character/large/b216157-BV5gcRKCoJ3k.jpg,https://s4.anilist.co/file/anilistcdn/character/medium/b216157-BV5gcRKCoJ3k.jpg,,,,https://anilist.co/character/216157,,,
al1929,anilist,8,3,,,奈南川零司,Reiji Namikawa,,男,,30,动画|漫画,动画,DEATH NOTE,死亡笔记,2006,动画,"[{""t"":""DEATH NOTE"",""cn"":""死亡笔记"",""ty"":""动画"",""y"":2006,""pop"":961191},{""t"":""DEATH NOTE"",""cn"":""死亡笔记"",""ty"":""漫画"",""y"":2003,""pop"":99722},{""t"":""DEATH NOTE リライト"",""cn"":"""",""ty"":""动画"",""y"":2007,""pop"":44227}]","Namikawa is the Vice President of Sales of the Yotsuba Corporation. He initially encourages the Yotsuba Kira. He is seen as the ""most talented"" of the board members who has the potential to ""make it to the top"" without Kira.",90,90,0,0,,https://s4.anilist.co/file/anilistcdn/character/large/n1929-TYRt1UCHOS33.png,https://s4.anilist.co/file/anilistcdn/character/medium/n1929-TYRt1UCHOS33.png,,,,https://anilist.co/character/1929,,,
vndb-c4090,vndb,8,4,,佐东步,佐東 歩,Satou Ayumu,,女,,,Galgame,Galgame,殻ノ少女,壳之少女,2008,Galgame,"[{""t"":""殻ノ少女"",""cn"":""壳之少女"",""ty"":""Galgame"",""y"":2008,""pop"":7899},{""t"":""虚ノ少女"",""cn"":""虚之少女"",""ty"":""Galgame"",""y"":2013,""pop"":3773},{""t"":""天ノ少女"",""cn"":""天之少女"",""ty"":""Galgame"",""y"":2020,""pop"":1601}]",希望成为侦探助手的女子学生，同时也是剑道部的王牌。 正义感很强很讲礼貌的热血少女，散发出冷酷的中性气质。 仅一年，身材和胸部就有了很明显的发育。 因此加强了中性的气质，不那麽像男孩子了。 “我也一起去，毕竟我是时坂先生的助手。”,7899,0,7899,65,,https://t.vndb.org/ch/80/149380.jpg,https://t.vndb.org/ch/80/149380.jpg,https://lain.bgm.tv/r/400/pic/crt/l/82/5a/18945_crt_g9ZD5.jpg,#473a42 #e2dcce #a39796 #f2eee5 #faf9f5,Black Short Straight Teen Slim Pale School Uniform Shinai Fighting Virgin Sex,,https://bgm.tv/character/18945,https://vndb.org/c4090,18945
vndb-c127099,vndb,8,4,,八木沼了一,八木沼 了一,Yaginuma Ryouichi,,男,,,Galgame,Galgame,殻ノ少女,壳之少女,2008,Galgame,"[{""t"":""殻ノ少女"",""cn"":""壳之少女"",""ty"":""Galgame"",""y"":2008,""pop"":7899},{""t"":""虚ノ少女"",""cn"":""虚之少女"",""ty"":""Galgame"",""y"":2013,""pop"":3773},{""t"":""カルタグラ～ツキ狂イノ病～"",""cn"":""恋狱～月狂病～"",""ty"":""Galgame"",""y"":2005,""pop"":3324},{""t"":""天ノ少女"",""cn"":""天之少女"",""ty"":""Galgame"",""y"":2020,""pop"":1601}]",警视厅的警视总监。 和外表一样很自恋，嘴很臭性格也很烂。 值得一提的是运气很好，平安地经历了各种事件。 但是并不单靠运气，作为警察的实力还是有的。 因为人手不足，不时使唤时坂等人。 “你不是知道的吗，我是——贼运亨通的啊。”,7899,0,7899,41,,https://t.vndb.org/ch/84/149384.jpg,https://t.vndb.org/ch/84/149384.jpg,https://lain.bgm.tv/r/400/pic/crt/l/b3/f0/18957_crt_bVg0B.jpg,#353339 #b7a9a1 #f0e1cd #6e696e #ffffff,Brown Curtained Short Pale Blue Young-adult Suit Glasses Jacket Necktie,,https://bgm.tv/character/18957,https://vndb.org/c4102,18957
vndb-c53304,vndb,8,4,,,吉成 秀明,Yoshinari Hideaki,,男,,,Galgame,Galgame,Collar x Malice,,2016,Galgame,"[{""t"":""Collar x Malice"",""cn"":"""",""ty"":""Galgame"",""y"":2016,""pop"":1496},{""t"":""Collar x Malice -Unlimited-"",""cn"":"""",""ty"":""Galgame"",""y"":2018,""pop"":511}]","Yoshinari is Kei Okazaki's subordinate, and also a member of the Special Police. He has keen observational skills, but his tendency to just blurt out whatever he's thinking actually turns his insight into a negative aspect.",1496,0,1496,0,,https://t.vndb.org/ch/57/112357.jpg,https://t.vndb.org/ch/57/112357.jpg,,#c79d85 #675047 #e1c4b2 #efe2db #faf4ef #ffffff,Blond Short Pale Trousers Hazel Young-adult Coat Necktie Shirt Handgun,,,https://vndb.org/c53304,
al137269,anilist,8,4,,,亜左弔兵衛,Choubei Aza,Zoku-ou (賊王) / Bandit King / Aza Chobei / Aza Chobe,男,,19-20,动画|漫画,动画,地獄楽,地狱乐,2023,动画,"[{""t"":""地獄楽"",""cn"":""地狱乐"",""ty"":""动画"",""y"":2023,""pop"":361565},{""t"":""地獄楽 第二期"",""cn"":""地狱乐 第二季"",""ty"":""动画"",""y"":2026,""pop"":172967},{""t"":""地獄楽"",""cn"":""地狱乐"",""ty"":""漫画"",""y"":2018,""pop"":97961},{""t"":""地獄楽 読切「勿怪の森」"",""cn"":"""",""ty"":""漫画"",""y"":2023,""pop"":3353},{""t"":""じごくらく 〜最強の抜け忍 がまんの画眉丸〜"",""cn"":"""",""ty"":""漫画"",""y"":2020,""pop"":359}]","Metal Bandit Human (Formerly), ~!Semi-Immortal Human!~ Aza Chobe also known as the Bandit King, is a well-known bandit leader in Iyo that is responsible for multiple crimes committed.",1094,1094,0,0,,https://s4.anilist.co/file/anilistcdn/character/large/b137269-8sLwiijk0bti.jpg,https://s4.anilist.co/file/anilistcdn/character/medium/b137269-8sLwiijk0bti.jpg,,,,https://anilist.co/character/137269,,,
vndb-c31738,vndb,8,4,,,三橋さん,Mitsuhashi-san,,女,B,,Galgame,Galgame,ゆきこいめると,,2015,Galgame,,"Talking with everyone, observing humans (useless humans only)",722,0,722,0,,https://t.vndb.org/ch/83/37983.jpg,https://t.vndb.org/ch/83/37983.jpg,,#721d40 #ae7977 #d0b2ba #edd7de #f9f3f0 #ffffff,Brown Ahoge Antenna Bun Long Teen Slim Pale Black Knee-high Socks,,,https://vndb.org/c31738,
vndb-c109957,vndb,8,4,,,木村 正男,Kimura Masao,,男,,,Galgame,Galgame,死印,,2017,Galgame,,Man who came to H Castle Forest to end his life because of his wife's affair.,711,0,711,0,,https://t.vndb.org/ch/95/132195.jpg,https://t.vndb.org/ch/95/132195.jpg,,#b3c4ba #131718 #202526 #7b8178 #0d0e0e #4a4f4b,Insanity Death,,,https://vndb.org/c109957,
vndb-c11373,vndb,8,4,,,有里 和馬,Arisato Kazuma,,男,AB,,Galgame,Galgame,裸執事,,2011,Galgame,"[{""t"":""裸執事"",""cn"":"""",""ty"":""Galgame"",""y"":2011,""pop"":632},{""t"":""裸執事ファンディスク～やらしつじ＆やさしつじ～"",""cn"":"""",""ty"":""Galgame"",""y"":2013,""pop"":59}]",Leo Born and raised an orphan he doesn't know his real name. Despite being a butler he can't really do anything and is generally made to clean (which gives less then stellar results).,632,0,632,0,,https://t.vndb.org/ch/33/24333.jpg,https://t.vndb.org/ch/33/24333.jpg,,#b19d8f #6c6671 #f2e7d2 #cdcabe #f3f3f0 #ffffff,Blond Ahoge Curtained Short Cross-dressing Teen Slim Pale Sweater Trousers,,,https://vndb.org/c11373,
vndb-c100667,vndb,8,4,,,ルーシェン・ノイシュバーン,Lucien Neuschburn,Frigid Prince / Futile Prince,男,AB,,Galgame,Galgame,even if TEMPEST 宵闇にかく語りき魔女,,2022,Galgame,"[{""t"":""even if TEMPEST 宵闇にかく語りき魔女"",""cn"":"""",""ty"":""Galgame"",""y"":2022,""pop"":608},{""t"":""even if TEMPEST 連なるときの暁"",""cn"":"""",""ty"":""Galgame"",""y"":2023,""pop"":195}]","“My promise with you has kept me alive.” Transformed Azure with a Frail Heart The kindly third-born prince of the Kingdom of Hystorica. Due to his mother's low standing, he's been tormented by relatives for most of his life.",608,0,608,0,,https://t.vndb.org/ch/83/122783.jpg,https://t.vndb.org/ch/83/122783.jpg,,#33477d #292623 #786b72 #a9a39d #40393c #e2e3de,Blond Short Straight Uniform Sweater Trousers Dress Shoes Proactive Swordsmanship Assault,,,https://vndb.org/c100667,
al331260,anilist,8,4,,,フデムシ,Fudemushi,Brushbuddy / Pinpin / Blekkmus,,,,动画|漫画,动画,とんがり帽子のアトリエ,尖帽子的魔法工房,2026,动画,"[{""t"":""とんがり帽子のアトリエ"",""cn"":""尖帽子的魔法工房"",""ty"":""动画"",""y"":2026,""pop"":224593},{""t"":""とんがり帽子のアトリエ"",""cn"":""尖帽子的魔法工房"",""ty"":""漫画"",""y"":2016,""pop"":82499},{""t"":""とんがり帽子のアトリエ 第2期"",""cn"":"""",""ty"":""动画"",""y"":"""",""pop"":33964}]",A member of a species called the brushbuddy. A small creature with fur resembling a paintbrush. It possesses a natural instinct to gather wherever it catches the scent of Magic Ink.,543,543,0,0,,https://s4.anilist.co/file/anilistcdn/character/large/b331260-gFDtCsnBWfq7.png,https://s4.anilist.co/file/anilistcdn/character/medium/b331260-gFDtCsnBWfq7.png,,,,https://anilist.co/character/331260,,,
al28144,anilist,8,4,,,吉田松陽,Shouyou Yoshida,,男,,,动画,动画,銀魂,银魂,2006,动画,"[{""t"":""銀魂"",""cn"":""银魂"",""ty"":""动画"",""y"":2006,""pop"":296063},{""t"":""銀魂゜"",""cn"":"""",""ty"":""动画"",""y"":2015,""pop"":119621},{""t"":""銀魂’延長戦"",""cn"":"""",""ty"":""动画"",""y"":2012,""pop"":84431},{""t"":""銀魂。"",""cn"":""银魂"",""ty"":""动画"",""y"":2017,""pop"":82894},{""t"":""銀魂. 銀ノ魂篇2"",""cn"":"""",""ty"":""动画"",""y"":2018,""pop"":56193},{""t"":""銀魂 THE FINAL"",""cn"":"""",""ty"":""动画"",""y"":2021,""pop"":55581}]","Mentor to the Old Jouishishi members in their youth. Trained [Sakata Gintoki](//anilist.co/character/672/Sakata-Gintoki), [Katsura Kotarou](//anilist.co/character/1533/Katsura-Kotarou) and [Takasugi Shinsuke](//anilist.co/character/2948/Tak…",511,511,0,0,,https://s4.anilist.co/file/anilistcdn/character/large/b28144-QsZ8pBkqo4rj.jpg,https://s4.anilist.co/file/anilistcdn/character/medium/b28144-QsZ8pBkqo4rj.jpg,,,,https://anilist.co/character/28144,,,
vndb-c29207,vndb,8,4,,,栗山 愛矢,Kuriyama Aya,MayaP / President Maya,女,AB,,Galgame,Galgame,スクールアイドル♂いとしのＱてぃくル,,2013,Galgame,,"Always smiling, she conveys a calm, cool personality. However, deep down she possesses a sharp tongue and has a penchant for vulgar things.",394,0,394,0,1,https://t.vndb.org/ch/19/68719.jpg,https://t.vndb.org/ch/19/68719.jpg,,#b79e88 #f6e4c1 #5e5357 #f5eedf #b9c2c5 #fefeff,Brown Ahoge Waist Length+ Straight Slim Pale School Uniform Missionary Cowgirl Blowjob,,,https://vndb.org/c29207,
vndb-c4750,vndb,8,4,,,星野 一馬,Hoshino Kazuma,Kazu-Kun / Kazu-Nii,男,,,Galgame,Galgame,星空へ架かる橋,,2010,Galgame,"[{""t"":""星空へ架かる橋"",""cn"":"""",""ty"":""Galgame"",""y"":2010,""pop"":384},{""t"":""星空へ架かる橋AA"",""cn"":"""",""ty"":""Galgame"",""y"":2012,""pop"":164}]","Kazuma Hoshino is the main male protagonist of the series. A rather ordinary, though warmhearted teenage boy, he moves out of the city and into the countryside for the sake of his brother Ayumu's delicate health.",384,0,384,0,,https://t.vndb.org/ch/71/59771.jpg,https://t.vndb.org/ch/71/59771.jpg,,#9db5ce #dfbeaf #746f7a #f8ecd7 #f4f3f3 #ffffff,Brown Short Teen Pale School Uniform Proactive Hard Worker Cunnilingus Sixty-nine Virgin Sex,,,https://vndb.org/c4750,
vndb-c68597,vndb,8,4,,,,Leonard Kurosawa,Four Eyes / Lee,男,B,,Galgame,Galgame,Camp Buddy,,2018,Galgame,,"Lee is very smart but he's physically fragile. He looks up to Taiga as a role model for his bravery, hoping one day he could be as strong as him.",336,0,336,0,,https://t.vndb.org/ch/10/104210.jpg,https://t.vndb.org/ch/10/104210.jpg,,#b7a490 #394e40 #eed3bd #eae3d9 #ffffff,Ahoge Short Green Teen Green Glasses Scarf Shorts Plate Armor Longsword,,,https://vndb.org/c68597,
al210939,anilist,8,4,,,이하민,Ha-Min Lee,,男,,18,漫画,漫画,청춘 블라썸,,2020,漫画,,: 180 cm **** [Jae-Min's](//anilist.co/character/210938/JaeMin-Lee) older brother. [Yoon-Jung](//anilist.co/character/346480/YoonJung-Choi) and Seong-Geun's son.,308,308,0,0,,https://s4.anilist.co/file/anilistcdn/character/large/b210939-QDoWYZDFqnNB.png,https://s4.anilist.co/file/anilistcdn/character/medium/b210939-QDoWYZDFqnNB.png,,,,https://anilist.co/character/210939,,,
al85651,anilist,8,4,,,レベッカ,Rebecca,The Undefeated Woman / The Phantom Princess,女,S,16,动画|漫画,动画,ONE PIECE,航海王,1999,动画,"[{""t"":""ONE PIECE"",""cn"":""航海王"",""ty"":""动画"",""y"":1999,""pop"":750384},{""t"":""ONE PIECE"",""cn"":""航海王"",""ty"":""漫画"",""y"":1997,""pop"":232766},{""t"":""ONE PIECE FILM RED"",""cn"":""航海王：红发歌姬"",""ty"":""动画"",""y"":2022,""pop"":78378},{""t"":""ONE PIECE エピソードオブサボ ~3兄弟の絆 奇跡の再会と受け継がれる意志~"",""cn"":"""",""ty"":""动画"",""y"":2015,""pop"":10559}]","171 cm (5'7¼"") Dressrosa; Corrida Colosseum Gladiator She was a gladiator at the Corrida Colosseum who joined a tournament to compete for the Mera Mera no Mi.",299,299,0,0,,https://s4.anilist.co/file/anilistcdn/character/large/b85651-4Xxt9NtEWjju.jpg,https://s4.anilist.co/file/anilistcdn/character/medium/b85651-4Xxt9NtEWjju.jpg,,,,https://anilist.co/character/85651,,,
al249912,anilist,8,4,,,七詩ムメイ,Mumei Nanashi,Civilization / Meimei,女,,,动画,动画,ホロのぐらふぃてぃ,,2019,动画,"[{""t"":""ホロのぐらふぃてぃ"",""cn"":"""",""ty"":""动画"",""y"":2019,""pop"":14672},{""t"":""ホロライブEN PVs"",""cn"":"""",""ty"":""动画"",""y"":2021,""pop"":510}]","August 23, 2021 April 28, 2025 156 cm Hoomans [Azuru](//anilist.co/staff/149043/) EN 2nd Gen (holoCouncil) [Profile](//hololive.hololivepro.com/en/talents/nanashi-mumei/) | [YouTube](//www.youtube.com/channel/UC3n5uGu18FoCy23ggWWp8tA) | [Tw…",275,275,0,0,,https://s4.anilist.co/file/anilistcdn/character/large/b249912-ULp4OAdPQ2JY.jpg,https://s4.anilist.co/file/anilistcdn/character/medium/b249912-ULp4OAdPQ2JY.jpg,,,,https://anilist.co/character/249912,,,
vndb-c4730,vndb,8,4,,,エリンフレイ・オルジェル,Erin-fray Orgel,Erin,女,B,,Galgame,Galgame,カオスヘッド らぶChu☆Chu!,,2010,Galgame,,Seira's young sister.,247,0,247,0,1,https://t.vndb.org/ch/86/4786.jpg,https://t.vndb.org/ch/86/4786.jpg,,#ba6c96 #d1a9c8 #ecd3e2 #f7ebf0 #fbfafc,Violet Twin Tails Long Straight Slim Pale Violet Kid Mahou Shoujo Detached Sleeves,,,https://vndb.org/c4730,
vndb-c30651,vndb,8,4,,,喜多 メイ,Kita Mei,,女,,,Galgame,Galgame,プラマイウォーズ,,2015,Galgame,,,239,0,239,0,,https://t.vndb.org/ch/30/36830.jpg,https://t.vndb.org/ch/30/36830.jpg,,#213d42 #895d66 #afabb1 #f5f3ef #dcd8db #ffffff,Brown Short Brown Teen Slim Pale School Uniform Hard Worker Cooking Missionary,,,https://vndb.org/c30651,
vndb-c23548,vndb,8,4,,,円光寺 歌織,Enkouji Kaori,,女,O,,Galgame,Galgame,男痴妻～オトコト、シマクル、オンナタチ～,,2011,Galgame,,"Husband, daughter (moved out) Though many a woman in her 40s would be resigned to the quiet life, this seductive housewife goes out of her way to look young.",238,0,238,0,,https://t.vndb.org/ch/61/187961.jpg,https://t.vndb.org/ch/61/187961.jpg,,#7e3a3d #b08d7e #e9dfda #c5c2c6 #eff2f5 #ffffff,Brown Long Straight Slim Pale Doggy Style Standing Sex Blowjob Anilingus Red,,,https://vndb.org/c23548,
al1808,anilist,8,4,,,ヴイ・ツー,V.V.,,男,,,动画|漫画,动画,コードギアス 反逆のルルーシュ,Code Geass 反叛的鲁路修,2006,动画,"[{""t"":""コードギアス 反逆のルルーシュ"",""cn"":""Code Geass 反叛的鲁路修"",""ty"":""动画"",""y"":2006,""pop"":500273},{""t"":""コードギアス 反逆のルルーシュ R2"",""cn"":""Code Geass 反叛的鲁路修R2"",""ty"":""动画"",""y"":2008,""pop"":362942},{""t"":""コードギアス 反逆のルルーシュ"",""cn"":""Code Geass 反叛的鲁路修"",""ty"":""漫画"",""y"":2006,""pop"":4463}]","V.V. is the twin brother of Charles di Britannia, but looks much younger because he has gained the power of immortality like C.C.",25,25,0,0,,https://s4.anilist.co/file/anilistcdn/character/large/b1808-IHQQbhkvQC0o.png,https://s4.anilist.co/file/anilistcdn/character/medium/b1808-IHQQbhkvQC0o.png,,,,https://anilist.co/character/1808,,,
al19207,anilist,8,4,,,赤木ナオコ,Naoko Akagi,,女,,,动画|漫画,动画,新世紀エヴァンゲリオン,新世纪福音战士,1995,动画,"[{""t"":""新世紀エヴァンゲリオン"",""cn"":""新世纪福音战士"",""ty"":""动画"",""y"":1995,""pop"":494637},{""t"":""新世紀エヴァンゲリオン劇場版 シト新生"",""cn"":""新世纪福音战士剧场版 死与新生"",""ty"":""动画"",""y"":1997,""pop"":61824},{""t"":""新世紀エヴァンゲリオン"",""cn"":""新世纪福音战士"",""ty"":""漫画"",""y"":1994,""pop"":38822}]",Naoko Akagi was Ritsuko's mother. She was the creator of the MAGI system and the former Gehirn head technician. ~!Naoko was involved in a romantic relationship with the recently-widowed Gendo Ikari while working at Gehirn.!~,20,20,0,0,,https://s4.anilist.co/file/anilistcdn/character/large/19207-ouxkWAjw2nyF.png,https://s4.anilist.co/file/anilistcdn/character/medium/19207-ouxkWAjw2nyF.png,,,,https://anilist.co/character/19207,,,
vndb-c15113,vndb,8,5,,柳原朋,柳原 朋,Yanagihara Tomo,,女,,,Galgame,Galgame,WHITE ALBUM2,白色相簿2,2010,Galgame,"[{""t"":""WHITE ALBUM2"",""cn"":""白色相簿2"",""ty"":""Galgame"",""y"":2010,""pop"":4537},{""t"":""WHITE ALBUM2 ミニアフターストーリー"",""cn"":""白色相簿2 mini After Story"",""ty"":""Galgame"",""y"":2012,""pop"":1027}]",『序章』開始時は峰城大付属2年。『序章』開始前に軽音楽同好会に参加していた。同好会を崩壊させ、本人も辞めたことが春希と武也から語られている。雪菜のためにミス峰城大付属を逃したことでライバル心を持っていたが、学園祭の伝説のライブで彼女の歌を聴いたことで逆に大ファンとなる（数カ所のみ『introductory chapter』にもセリフがある）。 3年後の『終章』では峰城大学商学部2年。,4537,0,4537,22,,https://t.vndb.org/ch/15/150615.jpg,https://t.vndb.org/ch/15/150615.jpg,https://lain.bgm.tv/r/400/pic/crt/l/6f/af/55564_crt_1h1k9.jpg,#6e3c53 #9b7d80 #ccbbb3 #ece2d6 #faf8ed #ffffff,Brown Long Curtained Slim Pale Young-adult Cardigan Skirt Bullying Friend,,https://bgm.tv/character/55564,https://vndb.org/c15113,55564
al125603,anilist,8,5,,皮克·芬格尔,ピーク・フィンガー,Pieck Finger,,女,,,动画|漫画,动画,進撃の巨人 The Final Season,进击的巨人 最终季,2020,动画,"[{""t"":""進撃の巨人 The Final Season"",""cn"":""进击的巨人 最终季"",""ty"":""动画"",""y"":2020,""pop"":642537},{""t"":""進撃の巨人 The Final Season Part 2"",""cn"":""进击的巨人 最终季 Part.2"",""ty"":""动画"",""y"":2022,""pop"":440419},{""t"":""進撃の巨人 The Final Season完結編 前編"",""cn"":""进击的巨人 最终季 完结篇 前篇"",""ty"":""动画"",""y"":2023,""pop"":249964},{""t"":""進撃の巨人"",""cn"":""进击的巨人"",""ty"":""漫画"",""y"":2009,""pop"":226814},{""t"":""進撃の巨人 The Final Season完結編 後編"",""cn"":""进击的巨人 最终季 完结篇 后篇"",""ty"":""动画"",""y"":2023,""pop"":167073},{""t"":""進撃!巨人高校 ~青春! となりのマーレ学園~"",""cn"":"""",""ty"":""漫画"",""y"":2018,""pop"":1077}]",【战士】，【车力】巨人的持有者，具备着相当出色的判断力。【车力】的长时间四足步行十分消耗体力，导致她总是一副懒洋洋的模样。,3706,3706,0,147,,https://s4.anilist.co/file/anilistcdn/character/large/b125603-Z2rgiHUGbAmY.png,https://s4.anilist.co/file/anilistcdn/character/medium/b125603-Z2rgiHUGbAmY.png,https://lain.bgm.tv/r/400/pic/crt/l/b3/f5/88547_crt_8K4aa.jpg?r=1607918362,,,https://anilist.co/character/125603,https://bgm.tv/character/88547,,88547
vndb-c84395,vndb,8,5,,花丸凛,花丸 凛,Hanamaru Rin,,女,A,,Galgame,Galgame,抜きゲーみたいな島に住んでる貧乳はどうすりゃいいですか？,,2018,Galgame,"[{""t"":""抜きゲーみたいな島に住んでる貧乳はどうすりゃいいですか？"",""cn"":"""",""ty"":""Galgame"",""y"":2018,""pop"":3074},{""t"":""抜きゲーみたいな島に住んでる貧乳はどうすりゃいいですか？ 2"",""cn"":"""",""ty"":""Galgame"",""y"":2019,""pop"":1604}]",SS一番の問題児。元より出世欲にまみれた俗物であったが、並行世界では“ドスケベの神セクロス”に帰依しており、天啓を受けたと好き放題やらかす。 加えて現在は「SHO特別監査役補佐」に任命されており、とにかくイキっている。桐香や“性帝”の不祥事を見つけてなんとか足を引っ張ろうとしているが、大概が上手くいかない。 「ろそろお祈りの時間です……！ 淫·尿·漏·射·快·珍·尻·座位·前·戯……！」,3074,0,3074,43,1,https://t.vndb.org/ch/39/102739.jpg,https://t.vndb.org/ch/39/102739.jpg,https://lain.bgm.tv/r/400/pic/crt/l/8b/61/105865_crt_FDXRr.jpg,#798c96 #453c3e #dec5bc #dee1eb #f6f2ec #ffffff,Brown Waist Length+ Straight Teen Slim Pale School Uniform Amber Vest Gloves,,https://bgm.tv/character/105865,https://vndb.org/c84395,105865
al180692,anilist,8,5,,,日比野カフカ,Kafka Hibino,Monster #8 / Kaiju #8,男,,32,动画|漫画,动画,怪獣８号,,2024,动画,"[{""t"":""怪獣８号"",""cn"":"""",""ty"":""动画"",""y"":2024,""pop"":282435},{""t"":""怪獣８号 第２期"",""cn"":"""",""ty"":""动画"",""y"":2025,""pop"":154504},{""t"":""怪獣８号"",""cn"":"""",""ty"":""漫画"",""y"":2020,""pop"":106282},{""t"":""怪獣8号 第1期総集編"",""cn"":""怪兽8号 第一季总集篇"",""ty"":""动画"",""y"":2025,""pop"":26161},{""t"":""怪獣8号 保科の休日"",""cn"":""怪兽8号 保科的假期"",""ty"":""动画"",""y"":2025,""pop"":23498},{""t"":""怪獣８号 完結編"",""cn"":"""",""ty"":""动画"",""y"":"""",""pop"":12471}]","181 cm Kafka Hibino, also known as Monster #8, is a Defense Force member and a former worker for the Professional Kaiju Cleaning Company ""Monster Sweeper Inc."".",2006,2006,0,0,,https://s4.anilist.co/file/anilistcdn/character/large/b180692-rPGXuxhcKw5N.png,https://s4.anilist.co/file/anilistcdn/character/medium/b180692-rPGXuxhcKw5N.png,,,,https://anilist.co/character/180692,,,
vndb-c89658,vndb,8,5,,,石原 紀美香,Ishihara Kimika,,女,A,,Galgame,Galgame,終ノ空,,1999,Galgame,,"Kotomi's friend, a student in the same class as her and Yukito.",882,0,882,0,,https://t.vndb.org/ch/47/200547.jpg,https://t.vndb.org/ch/47/200547.jpg,,#739a7e #e0ae99 #3d4d47 #d5d6d4 #eff0f1 #ffffff,Blue Short Teen Slim School Uniform Blue Necktie Skirt Suicide Friend,,,https://vndb.org/c89658,
al124521,anilist,8,5,,,フエゴレオン・ヴァーミリオン,Fuegoleon Vermillion,,男,A,30,动画|漫画,动画,ブラッククローバー,黑色五叶草,2017,动画,"[{""t"":""ブラッククローバー"",""cn"":""黑色五叶草"",""ty"":""动画"",""y"":2017,""pop"":583263},{""t"":""ブラッククローバー"",""cn"":""黑色五叶草"",""ty"":""漫画"",""y"":2015,""pop"":107258},{""t"":""ブラッククローバー 魔法帝の剣"",""cn"":"""",""ty"":""动画"",""y"":2023,""pop"":99687},{""t"":""ブラッククローバー オール魔法騎士感謝祭"",""cn"":"""",""ty"":""动画"",""y"":2018,""pop"":10874},{""t"":""プチット・クローバー アドバンス"",""cn"":"""",""ty"":""动画"",""y"":2018,""pop"":3303}]","188 cm He is a nobleman and the first son of the Clover Kingdom's House Vermillion, one of its royal families. He is also the former captain of the Crimson Lion squad of the Magic Knights.",705,705,0,0,,https://s4.anilist.co/file/anilistcdn/character/large/b124521-MqX5KT2tGSa8.png,https://s4.anilist.co/file/anilistcdn/character/medium/b124521-MqX5KT2tGSa8.png,,,,https://anilist.co/character/124521,,,
vndb-c16744,vndb,8,5,,,薬王寺 小町,Yakuouji Komachi,,女,O,,Galgame,Galgame,PRETTY×CATION,,2014,Galgame,,A modern Japanese teacher who has Yamato Nadeshiko-like qualities and the sensibility of a woman from the countryside who receives looks from the nearby students.,275,0,275,0,,https://t.vndb.org/ch/90/82490.jpg,https://t.vndb.org/ch/90/82490.jpg,,#4f4450 #c4b7b2 #888185 #eae5df #f6f5f1 #ffffff,Brown Waist Length+ Straight Slim Pale Sweater Cooking Missionary Doggy Style Blowjob,,,https://vndb.org/c16744,
vndb-c91706,vndb,8,5,,,宇枝 ちゆき,Ueda Chiyuki,,女,O,,Galgame,Galgame,Lover Pretend,,2021,Galgame,,"University student and aspiring screenwriter, has a strong character but doesn't know how to write about love.",259,0,259,0,,https://t.vndb.org/ch/87/115587.jpg,https://t.vndb.org/ch/87/115587.jpg,,#b46d87 #c1a2af #e0ced3 #f6eae0 #fcf6f1 #ffffff,Brown Ponytail Long Pale Hard Worker Green Jacket Necklace Skirt Writer,,,https://vndb.org/c91706,
vndb-c3866,vndb,8,5,,,高橋 サチホ,Takahashi Sachiho,Sacchin / さっちん,女,B,,Galgame,Galgame,ティンクル☆くるせいだーす,,2008,Galgame,,"Close friend of Nanaka. Nickname “Sacchin”. A very positive personality, just talking with her will make one feel lazy, but surprisingly there is a dark side to her.",214,0,214,0,,https://t.vndb.org/ch/23/5423.jpg,https://t.vndb.org/ch/23/5423.jpg,,#b5635c #de9996 #e7d1cc #f7edea #fbfaf9,Twin Tails Shoulder-length Short Teen Slim Pale School Uniform Student Amber Mini-dress,,,https://vndb.org/c3866,
al137509,anilist,8,5,,,本場猛,Takeshi Motoba,Bomber,男,,,动画|漫画,动画,干物妹！うまるちゃん,,2015,动画,"[{""t"":""干物妹！うまるちゃん"",""cn"":"""",""ty"":""动画"",""y"":2015,""pop"":172737},{""t"":""干物妹! うまるちゃん R"",""cn"":"""",""ty"":""动画"",""y"":2017,""pop"":67456},{""t"":""ひもうと! うまるちゃんS"",""cn"":"""",""ty"":""动画"",""y"":2015,""pop"":22868},{""t"":""干物妹（ひもうと）！うまるちゃん"",""cn"":"""",""ty"":""漫画"",""y"":2013,""pop"":7093}]","Takeshi Motoba is Taihei Doma's childhood friend and coworker, his nickname is Bomber. Unlike Taihei, Takeshi is laid back and lazy, similar to Umaru Doma. He likes to goof off at work, and mess around when out and about.",58,58,0,0,,https://s4.anilist.co/file/anilistcdn/character/large/b137509-xWCO8FxXB2sP.jpg,https://s4.anilist.co/file/anilistcdn/character/medium/b137509-xWCO8FxXB2sP.jpg,,,,https://anilist.co/character/137509,,,
vndb-c12974,vndb,8,6,,和泉千晶,和泉 千晶,Izumi Chiaki,瀬之内 晶 / Senouchi Akira / 瀬能 千晶 / Senou Chiaki,女,,,Galgame,Galgame,WHITE ALBUM2,白色相簿2,2010,Galgame,,峰城大学文学部3年级学生。 要不就趴在窗边的桌子上，要不就在研究室铺个睡袋大睡特睡，惰性十足又有气无力，典型的毫无干劲大学生。 幸亏她头脑灵活，凡事都能很快上手，也就一直顺利升级。只是最近研究班的报告多了不少，升级似乎没那么顺利了。 也许她是那种一旦来了兴致就会全身心投入的人。不过由于没人见识过她那种姿态，实在不知是真是假。,4537,0,4537,225,,https://t.vndb.org/ch/91/150591.jpg,https://t.vndb.org/ch/91/150591.jpg,https://lain.bgm.tv/r/400/pic/crt/l/fd/bd/14470_crt_DJSiW.jpg,#dd6a54 #633540 #b9a39d #ffffff,Brown Shoulder-length Straight Slim Pale Doggy Style Cowgirl Blowjob Virgin Sex Young-adult,,https://bgm.tv/character/14470,https://vndb.org/c12974,14470
vndb-c40563,vndb,8,6,,中岛夏海,中嶋 夏海,Nakashima Natsumi,,女,O,,Galgame,Galgame,コープスパーティー ブラッドカバー,尸体派对 血色笼罩,2006,Galgame,"[{""t"":""コープスパーティー ブラッドカバー"",""cn"":""尸体派对 血色笼罩"",""ty"":""Galgame"",""y"":2006,""pop"":3556},{""t"":""コープスパーティー ブックオブシャドウズ"",""cn"":"""",""ty"":""Galgame"",""y"":2011,""pop"":1540},{""t"":""コープスパーティー BLOOD DRIVE"",""cn"":""尸体派对 驭血"",""ty"":""Galgame"",""y"":2014,""pop"":682}]",中嶋直美之母，在天神町内保育园中担任保育士的职务。夫中嶋直之在8年前因交通事故而去世。性格温柔，时常严厉，作为一个女人将中嶋一手带大。手艺上手，中嶋小时候就给她手织袜子和毛衣，只要她编织的东西中嶋都很喜欢。被称呼为[夏海先生]，人气十分高。BS由于中嶋失去了好朋友篠原而且周遭没有了她的记忆而精神错乱，让中嶋夏海操尽了心，还打电话和心理医生探讨问题，自己也疲劳不堪。,3556,0,3556,0,,https://t.vndb.org/ch/70/48770.jpg,https://t.vndb.org/ch/70/48770.jpg,https://lain.bgm.tv/r/400/pic/crt/l/25/4b/91214_crt_2U13n.jpg,#a68b79 #705f51 #463933 #0a0606 #241b19 #e6cdb8,Brown Long Brown Slim Pale Cooking Disaster Adult Jeans Knife,,https://bgm.tv/character/91214,https://vndb.org/c40563,91214
al90109,anilist,8,6,1998,,照橋心美,Kokomi Teruhashi,Tenshi,女,,16,动画|漫画,动画,斉木楠雄のΨ難,齐木楠雄的灾难,2016,动画,"[{""t"":""斉木楠雄のΨ難"",""cn"":""齐木楠雄的灾难"",""ty"":""动画"",""y"":2016,""pop"":358529},{""t"":""斉木楠雄のΨ難 2"",""cn"":"""",""ty"":""动画"",""y"":2018,""pop"":189627},{""t"":""斉木楠雄のΨ難 Ψ始動編"",""cn"":"""",""ty"":""动画"",""y"":2019,""pop"":98277},{""t"":""斉木楠雄のΨ難 完結編"",""cn"":""齐木楠雄的灾难 完结篇"",""ty"":""动画"",""y"":2018,""pop"":91668},{""t"":""斉木楠雄のΨ難"",""cn"":""齐木楠雄的灾难"",""ty"":""漫画"",""y"":2012,""pop"":16675},{""t"":""斉木楠雄のΨ難 (ONA)"",""cn"":"""",""ty"":""动画"",""y"":2013,""pop"":14860}]","Kokomi Teruhashi is a student in [Kusuo's](//anilist.co/character/90107/Saiki-Kusuo) class, considered very attractive by both women and men, who often stop and stare upon seeing her.",2127,2127,0,0,,https://s4.anilist.co/file/anilistcdn/character/large/b90109-hr98ksrKzMOe.png,https://s4.anilist.co/file/anilistcdn/character/medium/b90109-hr98ksrKzMOe.png,,,,https://anilist.co/character/90109,,,
al86683,anilist,8,6,,,ホーク,Hawk,Hawky / Pork / Pig / Captain of the Knights of Leftovers Disposal,男,B,16,动画,动画,七つの大罪,七大罪,2014,动画,"[{""t"":""七つの大罪"",""cn"":""七大罪"",""ty"":""动画"",""y"":2014,""pop"":529134},{""t"":""七つの大罪 戒めの復活"",""cn"":""七大罪 戒律的复活"",""ty"":""动画"",""y"":2018,""pop"":286406},{""t"":""七つの大罪 神々の逆鱗"",""cn"":""七大罪 诸神的逆鳞"",""ty"":""动画"",""y"":2019,""pop"":202771},{""t"":""七つの大罪 聖戦の予兆"",""cn"":""七大罪 圣战的预兆"",""ty"":""动画"",""y"":2016,""pop"":171917},{""t"":""七つの大罪 憤怒の審判"",""cn"":""七大罪 愤怒的审判"",""ty"":""动画"",""y"":2021,""pop"":139330},{""t"":""劇場版 七つの大罪 天空の囚われ人"",""cn"":""剧场版 七大罪 天空的囚人"",""ty"":""动画"",""y"":2018,""pop"":89979}]",Hawk is a talking pig and Meliodas's companion. He is introduced as the cleaner of the Boar Hat bar who helps clean the disgusting food scraps. He is a relatively large pink pig who wears an earring with the word star boar on his left ear.,1469,1469,0,0,,https://s4.anilist.co/file/anilistcdn/character/large/n86683-ZXPoLZnKqNtx.png,https://s4.anilist.co/file/anilistcdn/character/medium/n86683-ZXPoLZnKqNtx.png,,,,https://anilist.co/character/86683,,,
al136,anilist,8,6,,,ルイズ・フランソワーズ・ル・ブラン・ド・ラ・ヴァリエール,Louise Françoise Le Blanc de La Vallière,Louise the Zero / Louiloui / Chibi Louise / Lemon-chan,女,,16,动画,动画,ゼロの使い魔,,2006,动画,"[{""t"":""ゼロの使い魔"",""cn"":"""",""ty"":""动画"",""y"":2006,""pop"":156325},{""t"":""ゼロの使い魔 ～双月の騎士～"",""cn"":"""",""ty"":""动画"",""y"":2007,""pop"":88199},{""t"":""ゼロの使い魔F"",""cn"":"""",""ty"":""动画"",""y"":2012,""pop"":77401},{""t"":""ゼロの使い魔 ～三美姫（プリンセッセ）の輪舞（ロンド）～"",""cn"":"""",""ty"":""动画"",""y"":2008,""pop"":77292},{""t"":""あそびにいくヨ!"",""cn"":"""",""ty"":""动画"",""y"":2010,""pop"":42853},{""t"":""ゼロの使い魔 ～三美姫（プリンセッセ）の輪舞（ロンド）～ 誘惑の砂浜"",""cn"":"""",""ty"":""动画"",""y"":2008,""pop"":18653}]","153 cm A Knight (newly appointed), [Saito Hiraga](//anilist.co/character/137/Hiraga-Saito) Louise Françoise Le Blanc de La Vallière is the main female character.",1394,1394,0,0,,https://s4.anilist.co/file/anilistcdn/character/large/b136-UQtsjr2SZdIO.png,https://s4.anilist.co/file/anilistcdn/character/medium/b136-UQtsjr2SZdIO.png,,,,https://anilist.co/character/136,,,
al64511,anilist,8,6,,,バンビエッタ・バスターバイン,Bambietta Basterbine,Bambina / Bambi,女,,,动画|漫画|轻小说,动画,BLEACH 千年血戦篇,死神 千年血战篇,2022,动画,"[{""t"":""BLEACH 千年血戦篇"",""cn"":""死神 千年血战篇"",""ty"":""动画"",""y"":2022,""pop"":207081},{""t"":""BLEACH 千年血戦篇-訣別譚-"",""cn"":""死神 千年血战篇-诀别谭-"",""ty"":""动画"",""y"":2023,""pop"":143301},{""t"":""BLEACH"",""cn"":""死神"",""ty"":""漫画"",""y"":2001,""pop"":121044},{""t"":""BLEACH 千年血戦篇-相剋譚-"",""cn"":""死神 千年血战篇-相克谭-"",""ty"":""动画"",""y"":2024,""pop"":117708},{""t"":""BLEACH Can't Fear Your Own World"",""cn"":"""",""ty"":""轻小说"",""y"":2017,""pop"":3765}]","Quincy Vandenreich Stern Ritter ""E"" Vandenreich Vandenreich Base Bambietta Basterbine is a Quincy and a member of the Vandenreich's Stern Ritter, with the designation ""E"".",569,569,0,0,,https://s4.anilist.co/file/anilistcdn/character/large/b64511-zr1ivnK8qPF2.jpg,https://s4.anilist.co/file/anilistcdn/character/medium/b64511-zr1ivnK8qPF2.jpg,,,,https://anilist.co/character/64511,,,
vndb-c95391,vndb,8,6,,,ラファエロ・ベニーニ,Raphael Begnini,,男,,,Galgame,Galgame,マブラヴ オルタネイティヴ クロニクルズ レイン・ダンサーズ,,2009,Galgame,,"Italian Navy, U.N. dispatch forces, 521st TSF Battalion, Captain Raphael Begnini.",448,0,448,0,,https://t.vndb.org/ch/46/115046.jpg,https://t.vndb.org/ch/46/115046.jpg,,#ce8a5f #994d42 #e9bf8d #442e2d #62686d #f9f1e4,Red Pale Amber,,,https://vndb.org/c95391,
vndb-c3678,vndb,8,6,,,ディルク・ヴァール,Dirk Wahl,,男,B,,Galgame,Galgame,絶対服従命令,,2005,Galgame,,"Kia's target. Rash and reckless, Dirk is also stubborn and quick to anger. He is a caring vigilante leader. His beloved downtown area is about to be bought up illegally by a corrupt real estate syndicate, and he fights on behalf of the peop…",399,0,399,0,,https://t.vndb.org/ch/76/25276.jpg,https://t.vndb.org/ch/76/25276.jpg,,#584f46 #a88b7f #dcc6af #efdfc9 #ffffff,Brown Short Pale Trousers Fighting Hotblooded Blue Young-adult Shirt Bandages,,,https://vndb.org/c3678,
al299681,anilist,8,6,,,嵐山キミ恵,Kimie Arashiyama,,女,B,,动画|漫画,动画,マリッジトキシン,,2026,动画,"[{""t"":""マリッジトキシン"",""cn"":"""",""ty"":""动画"",""y"":2026,""pop"":90319},{""t"":""マリッジトキシン"",""cn"":"""",""ty"":""漫画"",""y"":2022,""pop"":20001}]","171 cm (5'7'') Hamster User She is from Beast Clan. After her brother disappeared, Kimie would try to take a job in his place, this would cause Kimie to be kidnapped by a group of terrorists who wanted her organs.",382,382,0,0,,https://s4.anilist.co/file/anilistcdn/character/large/b299681-r5Vb4STTEpiJ.png,https://s4.anilist.co/file/anilistcdn/character/medium/b299681-r5Vb4STTEpiJ.png,,,,https://anilist.co/character/299681,,,
vndb-c97064,vndb,8,6,,,園村 葉月,Sonomura Hazuki,,女,,,Galgame,Galgame,神様のような君へ,,2020,Galgame,"[{""t"":""神様のような君へ"",""cn"":"""",""ty"":""Galgame"",""y"":2020,""pop"":317},{""t"":""神様のような君へ"",""cn"":"""",""ty"":""Galgame"",""y"":2020,""pop"":317},{""t"":""神様のような君へ"",""cn"":"""",""ty"":""Galgame"",""y"":2020,""pop"":317}]",,317,0,317,0,,https://t.vndb.org/ch/94/117394.jpg,https://t.vndb.org/ch/94/117394.jpg,,#b6777f #cdbbb6 #e5dbd6 #f6eee8 #f9f9f9,Pink Shoulder-length Teen Slim Pale School Uniform Doggy Style Virgin Sex Green Classmate,,,https://vndb.org/c97064,
al40564,anilist,8,6,,,一ノ瀬トキヤ,Tokiya Ichinose,Hayato / Ichi / Toki,男,A,17,动画,动画,うたの☆プリンスさまっ♪ マジLOVE1000%,,2011,动画,"[{""t"":""うたの☆プリンスさまっ♪ マジLOVE1000%"",""cn"":"""",""ty"":""动画"",""y"":2011,""pop"":30315},{""t"":""うたの☆プリンスさまっ♪ マジLOVE2000%"",""cn"":"""",""ty"":""动画"",""y"":2013,""pop"":16904},{""t"":""うたの☆プリンスさまっ♪マジLOVEレボリューションス"",""cn"":"""",""ty"":""动画"",""y"":2015,""pop"":10428},{""t"":""うたの☆プリンスさまっ♪マジLOVE レジェンドスター"",""cn"":"""",""ty"":""动画"",""y"":2016,""pop"":7474},{""t"":""うたの☆プリンスさまっ♪ マジLOVE2000% Op.14 Shining Star Xmas"",""cn"":"""",""ty"":""动画"",""y"":2013,""pop"":4896},{""t"":""劇場版 うたの☆プリンスさまっ♪ マジLOVEキングダム"",""cn"":"""",""ty"":""动画"",""y"":2019,""pop"":3442}]","179 cm 59 kg Vocal Reading A student in S Class, he bears a strong resemblance to Haruka's idol, Hayato. However, he's said to be Hayato's identical twin brother instead, and seems to bear a complex from being in his brother's shadow.",283,283,0,0,,https://s4.anilist.co/file/anilistcdn/character/large/b40564-QNw44qvgPumH.jpg,https://s4.anilist.co/file/anilistcdn/character/medium/b40564-QNw44qvgPumH.jpg,,,,https://anilist.co/character/40564,,,
vndb-c33124,vndb,8,6,,,英 央,Hanabusa Nakaba,,男,,,Galgame,Galgame,CLOCK ZERO 〜終焉の一秒〜,,2010,Galgame,"[{""t"":""CLOCK ZERO 〜終焉の一秒〜"",""cn"":"""",""ty"":""Galgame"",""y"":2010,""pop"":188},{""t"":""CLOCK ZERO 〜終焉の一秒〜"",""cn"":"""",""ty"":""Galgame"",""y"":2010,""pop"":188}]","""Compared to Madoka I want to live more freely you know."" Madoka's older brother. A 6th grade elementary school student."" His father owns the world famous pastry shop ""HANABUSA"".",188,0,188,0,,https://t.vndb.org/ch/48/39648.jpg,https://t.vndb.org/ch/48/39648.jpg,,#62503f #a69b85 #d6ccb3 #f0ebdc #f7f7f3 #ffffff,Short Green Slim Pale Cooking Red Kid Shirt Vest Otaku,,,https://vndb.org/c33124,
vndb-c33133,vndb,8,6,,,情報屋,Jouhouya,Journalist,男,,,Galgame,Galgame,CLOCK ZERO 〜終焉の一秒〜,,2010,Galgame,,"""Ah, it's a secret? But because you're so cute, I'll tell you."" A youth that lives in the ""Dream World."" A self proclaimed ""Journalist of Justice"".",188,0,188,0,,https://t.vndb.org/ch/61/39661.jpg,https://t.vndb.org/ch/61/39661.jpg,,#9f8f81 #48413f #cac1b2 #ebe6d9 #f8f7ec #ffffff,Short Green Red Young-adult Vest Friendly Journalist Kind Pacifist Optimist,,,https://vndb.org/c33133,
al133700,anilist,8,7,2002,钉崎野蔷薇,釘崎野薔薇,Nobara Kugisaki,,女,,16,动画|漫画,动画,呪術廻戦,咒术回战,2020,动画,"[{""t"":""呪術廻戦"",""cn"":""咒术回战"",""ty"":""动画"",""y"":2020,""pop"":971898},{""t"":""呪術廻戦 第2期"",""cn"":"""",""ty"":""动画"",""y"":2023,""pop"":491128},{""t"":""呪術廻戦 死滅回游 前編"",""cn"":""咒术回战 死灭回游 前篇"",""ty"":""动画"",""y"":2026,""pop"":258346},{""t"":""呪術廻戦"",""cn"":""咒术回战"",""ty"":""漫画"",""y"":2018,""pop"":252773},{""t"":""呪術廻戦 懐玉・玉折"",""cn"":"""",""ty"":""动画"",""y"":2025,""pop"":28638},{""t"":""呪術廻戦≡"",""cn"":""咒术回战≡"",""ty"":""漫画"",""y"":2025,""pop"":23200}]",东京咒术高专一年级女学生，发色是染出来的。很尊敬同样身为女性咒术师的禅院真希。,14720,14720,0,161,,https://s4.anilist.co/file/anilistcdn/character/large/b133700-f6sOO3TcgLV6.png,https://s4.anilist.co/file/anilistcdn/character/medium/b133700-f6sOO3TcgLV6.png,https://lain.bgm.tv/r/400/pic/crt/l/61/fd/73338_crt_m212p.jpg?r=1608836839,,,https://anilist.co/character/133700,https://bgm.tv/character/73338,,73338
vndb-c15850,vndb,8,7,,宫泽有纪宁,宮沢 有紀寧,Miyazawa Yukine,,女,A,,Galgame,Galgame,CLANNAD,,2004,Galgame,"[{""t"":""CLANNAD"",""cn"":"""",""ty"":""Galgame"",""y"":2004,""pop"":11405},{""t"":""CLANNAD -クラナド- 光見守る坂道で"",""cn"":"""",""ty"":""Galgame"",""y"":2008,""pop"":698}]",朋也的后辈，拥有着一颗能毫无隔阂地接待任何人的温柔的心。由于对于那样的有纪宁的仰慕，在她的身边聚集起了许多的朋友……（不知为何都是些可怕的人物）。兴趣是念咒语，而且咒语百发百中。（春原 阳平是个例外）,11405,0,11405,213,,https://t.vndb.org/ch/32/27932.jpg,https://t.vndb.org/ch/32/27932.jpg,https://lain.bgm.tv/r/400/pic/crt/l/85/65/1015_crt_01j18.jpg?r=1692105877,#a58d84 #665152 #d6c0a9 #faedce #ffffff,Brown Ahoge Long Straight Teen Slim Pale Cooking Blue Miniskirt,,https://bgm.tv/character/1015,https://vndb.org/c15850,1015
vndb-c8346,vndb,8,7,,九鬼英雄,九鬼 英雄,Kuki Hideo,,男,A,,Galgame,Galgame,真剣で私に恋しなさい！,认真和我恋爱！！,2009,Galgame,"[{""t"":""真剣で私に恋しなさい！"",""cn"":""认真和我恋爱！！"",""ty"":""Galgame"",""y"":2009,""pop"":9401},{""t"":""真剣で私に恋しなさい！S"",""cn"":""认真和我恋爱！S"",""ty"":""Galgame"",""y"":2012,""pop"":5025},{""t"":""真剣で私に恋しなさい！A-1"",""cn"":"""",""ty"":""Galgame"",""y"":2013,""pop"":2470},{""t"":""真剣で私に恋しなさい！A-2"",""cn"":"""",""ty"":""Galgame"",""y"":2013,""pop"":2188},{""t"":""真剣で私に恋しなさい！A-3"",""cn"":"""",""ty"":""Galgame"",""y"":2014,""pop"":1374},{""t"":""真剣で私に恋しなさい！A-4"",""cn"":"""",""ty"":""Galgame"",""y"":2014,""pop"":1023}]",九鬼财阀的名门子弟。「君が主で執事が俺で」中登场的九鬼揚羽的弟弟。合乎揚羽弟弟身份，第一人称为「我」。 2-S的领袖。超绝老子主义者，并不是以俯视庶民的目光，而是以爱民如子的当权者身份自居。因为用神的视角来待人处事，让人感到极其生气。 因为用人力车来上学等太莫名其妙的原因，被同班同学敬而远之，并以「啊啊，他就是这样这样的人啊」接受了他。 作为九鬼的嫡男，所有的方面都拥有强大的能力，但是武道方面不及姐姐。但反过来，政治力要凌驾在姐姐之上。,9401,0,9401,2,,https://t.vndb.org/ch/74/75674.jpg,https://t.vndb.org/ch/74/75674.jpg,https://lain.bgm.tv/r/400/pic/crt/l/84/44/11746_crt_9PX0K.jpg,#925823 #f6dd78 #b09f91 #dfd9c8 #f1efea #ffffff,Short Straight Teen Slim Pale Trousers Dress Shoes Amber Scar Suit,,https://bgm.tv/character/11746,https://vndb.org/c8346,11746
al125619,anilist,8,7,,渡我被身子,渡我被身子,Himiko Toga,トガヒミコ,女,,16-,动画,动画,僕のヒーローアカデミア２,,2017,动画,"[{""t"":""僕のヒーローアカデミア２"",""cn"":"""",""ty"":""动画"",""y"":2017,""pop"":655237},{""t"":""僕のヒーローアカデミア３"",""cn"":"""",""ty"":""动画"",""y"":2018,""pop"":600666},{""t"":""僕のヒーローアカデミア４"",""cn"":"""",""ty"":""动画"",""y"":2019,""pop"":532336},{""t"":""僕のヒーローアカデミア５"",""cn"":"""",""ty"":""动画"",""y"":2021,""pop"":414683},{""t"":""僕のヒーローアカデミア６"",""cn"":"""",""ty"":""动画"",""y"":2022,""pop"":269963},{""t"":""僕のヒーローアカデミア 7"",""cn"":"""",""ty"":""动画"",""y"":2024,""pop"":184749}]",经过暗中介劝诱进敌联合的女高中生。现被怀疑为是连续流血过多致死事件的犯罪嫌疑人而被警察追捕着。个性与素性不明。,6850,6850,0,54,,https://s4.anilist.co/file/anilistcdn/character/large/b125619-iQxQoGHJvjRJ.png,https://s4.anilist.co/file/anilistcdn/character/medium/b125619-iQxQoGHJvjRJ.png,https://lain.bgm.tv/r/400/pic/crt/l/08/ab/58010_crt_kll61.jpg?r=1506183650,,,https://anilist.co/character/125619,https://bgm.tv/character/58010,,58010
vndb-c5994,vndb,8,7,,,小日向 慎,Kohinata Shin,,男,,,Galgame,Galgame,D.C.II ～ダ・カーポII～,,2006,Galgame,"[{""t"":""D.C.II ～ダ・カーポII～"",""cn"":"""",""ty"":""Galgame"",""y"":2006,""pop"":1927},{""t"":""D.C.II Spring Celebration ～ダ・カーポII～ スプリング セレブレイション"",""cn"":"""",""ty"":""Galgame"",""y"":2007,""pop"":88},{""t"":""D.C.II Fall in Love ～ダ・カーポII～フォーリンラブ"",""cn"":"""",""ty"":""Galgame"",""y"":2009,""pop"":74}]","Yuzu's eccentric father. He earns on life writing small articles for the magazine. Shin heard that the Mizukoshi Hospital is the best in the treatment of disease which his daughter has, so he came to the Hatsune Island together with Yuzu, h…",1927,0,1927,0,,https://t.vndb.org/ch/37/6137.jpg,https://t.vndb.org/ch/37/6137.jpg,,#72353d #bb6c70 #dfb38f #f9e6be #dcd4d3 #ffffff,Brown Short Straight Pale Blue Young-adult Jacket T-shirt Jeans Airhead,,,https://vndb.org/c5994,
al130665,anilist,8,7,,,宇崎花,Hana Uzaki,,女,,19,动画|漫画,动画,宇崎ちゃんは遊びたい！,,2020,动画,"[{""t"":""宇崎ちゃんは遊びたい！"",""cn"":"""",""ty"":""动画"",""y"":2020,""pop"":150739},{""t"":""宇崎ちゃんは遊びたい！ω（だぶる）"",""cn"":"""",""ty"":""动画"",""y"":2022,""pop"":69504},{""t"":""宇崎ちゃんは遊びたい！"",""cn"":"""",""ty"":""漫画"",""y"":2017,""pop"":24537},{""t"":""外宇崎"",""cn"":"""",""ty"":""漫画"",""y"":2021,""pop"":712}]","Hana Uzaki is a short, silver-haired college student with an energetic personality. Her antics often annoy her senpai, [Shinichi](//anilist.co/character/130664/).",1580,1580,0,0,,https://s4.anilist.co/file/anilistcdn/character/large/b130665-eb65zDu3doTn.jpg,https://s4.anilist.co/file/anilistcdn/character/medium/b130665-eb65zDu3doTn.jpg,,,,https://anilist.co/character/130665,,,
al88359,anilist,8,7,,,恵飛須沢胡桃,Kurumi Ebisuzawa,,女,,17-20,动画|漫画,动画,がっこうぐらし!,,2015,动画,"[{""t"":""がっこうぐらし!"",""cn"":"""",""ty"":""动画"",""y"":2015,""pop"":124525},{""t"":""がっこうぐらし!"",""cn"":"""",""ty"":""漫画"",""y"":2012,""pop"":21391},{""t"":""がっこうぐらし! 〜おたより〜"",""cn"":"""",""ty"":""漫画"",""y"":2020,""pop"":3229},{""t"":""がっこうぐらし！アンソロジーコミック 壊"",""cn"":"""",""ty"":""漫画"",""y"":2015,""pop"":704},{""t"":""がっこうぐらし！アンソロジーコミック 穏"",""cn"":"""",""ty"":""漫画"",""y"":2015,""pop"":591},{""t"":""がっこうぐらし！ アンソロジーコミック 極"",""cn"":"""",""ty"":""漫画"",""y"":2016,""pop"":294}]","Kurumi Ebisuzawa is a former student at Megurigaoka Private High School and the primary ""zombie killer""/strategist of the School Life Club, where her abilities prove invaluable.",1171,1171,0,0,,https://s4.anilist.co/file/anilistcdn/character/large/b88359-OzPFOukNIRdj.jpg,https://s4.anilist.co/file/anilistcdn/character/medium/b88359-OzPFOukNIRdj.jpg,,,,https://anilist.co/character/88359,,,
vndb-c1198,vndb,8,7,,,千堂 伊織,Sendou Iori,いおりん / Iorin,男,B,,Galgame,Galgame,FORTUNE ARTERIAL,,2008,Galgame,,"Iori is Erika's older brother, and is the student council president. Just like his sister, he too is a vampire. He gives off the air of a male model, and many girls in his school want to go out with him.",862,0,862,0,,https://t.vndb.org/ch/46/1246.jpg,https://t.vndb.org/ch/46/1246.jpg,,#773f1c #a18d79 #442f38 #7d6758 #c5b193 #e8dabe,Blond Short Teen Slim Pale Trousers Master Fighting Blue Red,,,https://vndb.org/c1198,
vndb-c85515,vndb,8,7,,,舞羽 ナナ,Maiba Nana,My banana,女,B,,Galgame,Galgame,あまいろショコラータ,,2020,Galgame,"[{""t"":""あまいろショコラータ"",""cn"":"""",""ty"":""Galgame"",""y"":2020,""pop"":731},{""t"":""あまいろショコラータ２"",""cn"":"""",""ty"":""Galgame"",""y"":2021,""pop"":372},{""t"":""あまいろショコラータ 3"",""cn"":"""",""ty"":""Galgame"",""y"":2023,""pop"":207}]","With an unfeminine, casual way of talking, she tends to be frank with people she meets the first time. Although proud to be a beastfolk, she prefers to be thought of as ""cool"" rather than ""cute"".",731,0,731,0,,https://t.vndb.org/ch/29/103929.jpg,https://t.vndb.org/ch/29/103929.jpg,,#6f5f79 #af92a8 #e3c7cf #f4e6e4 #fbf7f1 #ffffff,Black Twin Tails Teen Slim Pale Cooking Doggy Style Cowgirl Standing Sex Blowjob,,,https://vndb.org/c85515,
vndb-c84585,vndb,8,7,,,蔦町 ちとせ,Tsutamachi Chitose,Chitose Tutamachi,女,O,,Galgame,Galgame,アマカノ２,,2020,Galgame,"[{""t"":""アマカノ２"",""cn"":"""",""ty"":""Galgame"",""y"":2020,""pop"":698},{""t"":""アマカノ２＋"",""cn"":"""",""ty"":""Galgame"",""y"":2023,""pop"":396}]",In Amakano 2+: Bust-Waist-98-58-93cm Cup J,698,0,698,0,,https://t.vndb.org/ch/93/106093.jpg,https://t.vndb.org/ch/93/106093.jpg,,#b78792 #624544 #deb3ba #ecd5d6 #f3f0ee #ffffff,Blond Waist Length+ Wavy Teen Pale Sweater Cooking Missionary Cowgirl Standing Sex,,,https://vndb.org/c84585,
al168800,anilist,8,7,,,ローズ・オリアナ,Rose Oriana,Oriana Oujo (オリアナ王女) / Princess Oriana,女,,17-,动画|漫画|轻小说,动画,陰の実力者になりたくて！,想要成为影之实力者！,2022,动画,"[{""t"":""陰の実力者になりたくて！"",""cn"":""想要成为影之实力者！"",""ty"":""动画"",""y"":2022,""pop"":314005},{""t"":""陰の実力者になりたくて！ 2nd season"",""cn"":""想要成为影之实力者！ 第二季"",""ty"":""动画"",""y"":2023,""pop"":195202},{""t"":""陰の実力者になりたくて！"",""cn"":""想要成为影之实力者！"",""ty"":""漫画"",""y"":2018,""pop"":47389},{""t"":""陰の実力者になりたくて！"",""cn"":""想要成为影之实力者！"",""ty"":""轻小说"",""y"":2018,""pop"":10826},{""t"":""陰の実力者になりたくて！ しゃどーがいでん"",""cn"":""想要成为影之实力者—沙雕小剧场"",""ty"":""漫画"",""y"":2019,""pop"":1775}]","Human Rosa Oriana is a noble Princess from the Oriana kingdom. She is known for being a genius in art in her kingdom. However, she came to Midgar Royal Spellsword Academy in order to learn swordsmanship.",526,526,0,0,,https://s4.anilist.co/file/anilistcdn/character/large/b168800-eb3FqWq0IdyV.png,https://s4.anilist.co/file/anilistcdn/character/medium/b168800-eb3FqWq0IdyV.png,,,,https://anilist.co/character/168800,,,
vndb-c9857,vndb,8,7,,,鳳条院 聖華,Houjouin Seika,,女,AB,,Galgame,Galgame,プリンセスラバー！,,2008,Galgame,,"The daughter of the Hōjōin family whose company are rivals to Arima. Although she is initially neutral towards Teppei, once she finds out he is an Arima, she immediately dislikes him due to her family's longstanding antipathy for Teppei's g…",453,0,453,0,,https://t.vndb.org/ch/23/65023.jpg,https://t.vndb.org/ch/23/65023.jpg,,#8b4b51 #ab908f #d8c6c0 #f9f7f1 #ebe7e6 #ffffff,Brown Twin Tails Waist Length+ Brown Teen Slim Pale School Uniform Proactive Hard Worker,,,https://vndb.org/c9857,
al208523,anilist,8,7,,,月島流星,Riho Tsukishima,,女,A,20,动画|漫画,动画,女神のカフェテラス,,2023,动画,"[{""t"":""女神のカフェテラス"",""cn"":"""",""ty"":""动画"",""y"":2023,""pop"":58513},{""t"":""女神のカフェテラス 第2期"",""cn"":"""",""ty"":""动画"",""y"":2024,""pop"":29659},{""t"":""女神のカフェテラス"",""cn"":"""",""ty"":""漫画"",""y"":2021,""pop"":14017}]","A second year college student, and the oldest of the main cast. She's a former child actress who was once regarded as a child genius, but her popularity gradually declined as she grew up.",451,451,0,0,,https://s4.anilist.co/file/anilistcdn/character/large/b208523-FrotFBp1gSaF.jpg,https://s4.anilist.co/file/anilistcdn/character/medium/b208523-FrotFBp1gSaF.jpg,,,,https://anilist.co/character/208523,,,
vndb-c51098,vndb,8,7,,,東条 ヒバリ,Toujou Hibari,,女,A,,Galgame,Galgame,VARIABLE BARRICADE,,2019,Galgame,,"""I also have the right to choose"" Perfect A high school student. The only daughter of the prestigious Toujou family. She's a mature and model honor student, but in front of her relatives she has a sharp tongue and acts like a modern kid.",429,0,429,0,,https://t.vndb.org/ch/72/81572.jpg,https://t.vndb.org/ch/72/81572.jpg,,#a76a61 #d4a896 #1f1615 #eadfd4 #fbf9f0 #fffffe,Brown Hime Cut Waist Length+ Teen Slim School Uniform Hard Worker Amnesia Violet Thigh-high Stockings,,,https://vndb.org/c51098,
al30247,anilist,8,7,1186,,エステル・ブライト,Estelle Bright,,女,,16-20,动画|漫画,动画,The Legend of Heroes 閃の軌跡 Northern War,,2023,动画,"[{""t"":""The Legend of Heroes 閃の軌跡 Northern War"",""cn"":"""",""ty"":""动画"",""y"":2023,""pop"":16189},{""t"":""英雄伝説 空の軌跡 THE ANIMATION"",""cn"":"""",""ty"":""动画"",""y"":2011,""pop"":5439},{""t"":""みんな集まれ！ファルコム学園"",""cn"":"""",""ty"":""动画"",""y"":2014,""pop"":2351},{""t"":""みんな集まれ！ファルコム学園SC"",""cn"":"""",""ty"":""动画"",""y"":2015,""pop"":1311},{""t"":""英雄伝説零の軌跡プレストーリー―審判の指環"",""cn"":"""",""ty"":""漫画"",""y"":2010,""pop"":426},{""t"":""英雄伝説 空の軌跡"",""cn"":"""",""ty"":""漫画"",""y"":2009,""pop"":392}]","Bracer Guild Liberlian The main protagonist of Trails in the Sky. A bright, cheerful, and always optimistic girl. She is described by many people as hot-headed to the point of recklessness.",393,393,0,0,,https://s4.anilist.co/file/anilistcdn/character/large/b30247-UPFbpaHYYqMj.png,https://s4.anilist.co/file/anilistcdn/character/medium/b30247-UPFbpaHYYqMj.png,,,,https://anilist.co/character/30247,,,
al86207,anilist,8,7,2022,,マリア・カデンツァヴナ・イブ,Maria Cadenzavna Eve,,女,AB,21-22,动画,动画,戦姫絶唱シンフォギアG,,2013,动画,"[{""t"":""戦姫絶唱シンフォギアG"",""cn"":"""",""ty"":""动画"",""y"":2013,""pop"":23766},{""t"":""戦姫絶唱シンフォギアGX"",""cn"":"""",""ty"":""动画"",""y"":2015,""pop"":19959},{""t"":""戦姫絶唱シンフォギアXV"",""cn"":"""",""ty"":""动画"",""y"":2019,""pop"":18912},{""t"":""戦姫絶唱シンフォギア AXZ"",""cn"":"""",""ty"":""动画"",""y"":2017,""pop"":17176},{""t"":""戦姫絶唱シンフォギアG 戦姫絶唱しないシンフォギア"",""cn"":"""",""ty"":""动画"",""y"":2014,""pop"":5547},{""t"":""戦姫絶唱シンフォギアGX 戦姫絶唱しないシンフォギア"",""cn"":"""",""ty"":""动画"",""y"":2015,""pop"":4270}]",Black Gungnir ~! Airgetlám!~ An energetic singer who reached the top of the American music charts about 2 months after her debut.,350,350,0,0,,https://s4.anilist.co/file/anilistcdn/character/large/b86207-gQysq0wdzbCt.jpg,https://s4.anilist.co/file/anilistcdn/character/medium/b86207-gQysq0wdzbCt.jpg,,,,https://anilist.co/character/86207,,,
al121812,anilist,8,7,,,安曇小太郎,Kotarou Azumi,Curly-kun (ハネテル君),男,,,动画,动画,月がきれい,,2017,动画,,Student of class 3-1 who belongs to the literature club. He's aiming to become a novelist and is inspired by Osamu Dazai & Natsume Soseki who are both Japanese novelists. He generally has a calm and composed attitude.,345,345,0,0,,https://s4.anilist.co/file/anilistcdn/character/large/b121812-etw072u4Xzp4.png,https://s4.anilist.co/file/anilistcdn/character/medium/b121812-etw072u4Xzp4.png,,,,https://anilist.co/character/121812,,,
al261092,anilist,8,7,,,花岡まこと,Makoto Hanaoka,,男,,,动画|漫画,动画,先輩はおとこのこ,,2024,动画,"[{""t"":""先輩はおとこのこ"",""cn"":"""",""ty"":""动画"",""y"":2024,""pop"":36828},{""t"":""先輩はおとこのこ"",""cn"":"""",""ty"":""漫画"",""y"":2019,""pop"":9334},{""t"":""先輩はおとこのこ あめのち晴れ"",""cn"":"""",""ty"":""动画"",""y"":2025,""pop"":8777},{""t"":""先輩はおとこのこ～出会い編～"",""cn"":"""",""ty"":""漫画"",""y"":2023,""pop"":589}]",A young man who dresses like a woman despite his mother's disapproval.,296,296,0,0,,https://s4.anilist.co/file/anilistcdn/character/large/b261092-Geh3NrIKAsQi.jpg,https://s4.anilist.co/file/anilistcdn/character/medium/b261092-Geh3NrIKAsQi.jpg,,,,https://anilist.co/character/261092,,,
vndb-c56450,vndb,8,7,,,煉悟,Rengo,煉獄 / Rengoku,男,O,,Galgame,Galgame,EXTRAVAGANZA ～蟲愛でる少女～,,2006,Galgame,"[{""t"":""EXTRAVAGANZA ～蟲愛でる少女～"",""cn"":"""",""ty"":""Galgame"",""y"":2006,""pop"":252},{""t"":""EXTRAVAGANZA～末路の果てに～"",""cn"":"""",""ty"":""Galgame"",""y"":2008,""pop"":46}]",,252,0,252,0,,https://t.vndb.org/ch/05/67305.jpg,https://t.vndb.org/ch/05/67305.jpg,,#7a4240 #b57d73 #d7c0af #f1e4d6 #fcf3e8 #ffffff,Pale Fighting Blue Young-adult Muscular Unnatural Skin Tone Tattoo Earrings Jacket Ore,,,https://vndb.org/c56450,
al2748,anilist,8,7,,,ベラミー,Bellamy,The Hyena / Deadly Bullet of Dressrosa / The Big-Time Rookie,男,F,25-,动画|漫画,动画,ONE PIECE,航海王,1999,动画,"[{""t"":""ONE PIECE"",""cn"":""航海王"",""ty"":""动画"",""y"":1999,""pop"":750384},{""t"":""ONE PIECE"",""cn"":""航海王"",""ty"":""漫画"",""y"":1997,""pop"":232766},{""t"":""ONE PIECE FILM RED"",""cn"":""航海王：红发歌姬"",""ty"":""动画"",""y"":2022,""pop"":78378}]","240 cm (7'10"") Bane Bane no Mi (Spring Spring Fruit) Paramecia Bellamy ""The Hyena"" is the captain of the crew and has a 55,000,000 Beli bounty.",108,108,0,0,,https://s4.anilist.co/file/anilistcdn/character/large/b2748-vnCKira7yjrp.jpg,https://s4.anilist.co/file/anilistcdn/character/medium/b2748-vnCKira7yjrp.jpg,,,,https://anilist.co/character/2748,,,
al67467,anilist,8,7,,,,Yui Narumi,,,B,17,动画|漫画,动画,アオハライド,青春之旅,2014,动画,"[{""t"":""アオハライド"",""cn"":""青春之旅"",""ty"":""动画"",""y"":2014,""pop"":244855},{""t"":""アオハライド"",""cn"":""青春之旅"",""ty"":""漫画"",""y"":2011,""pop"":61275}]","157 cm (5'2"") Narumi is Kou's childhood friend. They share the same tragedy of divorced parents at a young age and losing a parent soon after.",8,8,0,0,,https://s4.anilist.co/file/anilistcdn/character/large/67467.jpg,https://s4.anilist.co/file/anilistcdn/character/medium/67467.jpg,,,,https://anilist.co/character/67467,,,
al67065,anilist,8,8,1994,比企谷八幡,比企谷八幡,Hachiman Hikigaya,Hikki / Hikitani / Hikio / 8man,男,A,16-17,动画,动画,やはり俺の青春ラブコメはまちがっている。,我的青春恋爱物语果然有问题,2013,动画,"[{""t"":""やはり俺の青春ラブコメはまちがっている。"",""cn"":""我的青春恋爱物语果然有问题"",""ty"":""动画"",""y"":2013,""pop"":381716},{""t"":""やはり俺の青春ラブコメはまちがっている。続"",""cn"":""我的青春恋爱物语果然有问题 续"",""ty"":""动画"",""y"":2015,""pop"":276649},{""t"":""やはり俺の青春ラブコメはまちがっている。完"",""cn"":""我的青春恋爱物语果然有问题 完"",""ty"":""动画"",""y"":2020,""pop"":224555},{""t"":""やはり俺の青春ラブコメはまちがっている。「こちらとしても彼ら彼女らの行く末に幸多からんことを願わざるを得ない。」"",""cn"":"""",""ty"":""动画"",""y"":2013,""pop"":77190},{""t"":""やはり俺の青春ラブコメはまちがっている。 続 「きっと、女の子はお砂糖とスパイスと素敵な何かでできている。」"",""cn"":"""",""ty"":""动画"",""y"":2016,""pop"":73503},{""t"":""やはり俺の青春ラブコメはまちがっている。完 「だから、思春期は終わらずに、青春は続いていく。」"",""cn"":"""",""ty"":""动画"",""y"":2023,""pop"":46287}]",本作的主人公。总武高校2年F组所属。从小就是孤独一人，至今留下无数心灵创伤，也因此常玩自问自答的猜谜或脑筋急转弯，偶尔会自言自语。根据雪乃及结衣的说法，常一边看书一边傻笑。 思想非常成熟，非常了解人际关系的复杂和险恶。干脆地把自己孤立起来并非出于什么伤痕，而是其性格本身的抉择，即使现在已和一众其它角色较为友好，但其实还是暗地里保持着一定的距离。,13337,13337,0,796,,https://s4.anilist.co/file/anilistcdn/character/large/b67065-Dhec6tE2yWA9.png,https://s4.anilist.co/file/anilistcdn/character/medium/b67065-Dhec6tE2yWA9.png,https://lain.bgm.tv/r/400/pic/crt/l/71/60/19039_crt_F48f0.jpg?r=1625199946,,,https://anilist.co/character/67065,https://bgm.tv/character/19039,,19039
vndb-c9809,vndb,8,8,,,矢場 弓子,Yaba Yumiko,ユミ / Yumi,女,AB,,Galgame,Galgame,真剣で私に恋しなさい！,认真和我恋爱！！,2009,Galgame,"[{""t"":""真剣で私に恋しなさい！"",""cn"":""认真和我恋爱！！"",""ty"":""Galgame"",""y"":2009,""pop"":9401},{""t"":""真剣で私に恋しなさい！S"",""cn"":""认真和我恋爱！S"",""ty"":""Galgame"",""y"":2012,""pop"":5025},{""t"":""真剣で私に恋しなさい！A-1"",""cn"":"""",""ty"":""Galgame"",""y"":2013,""pop"":2470},{""t"":""真剣で私に恋しなさい！A-2"",""cn"":"""",""ty"":""Galgame"",""y"":2013,""pop"":2188},{""t"":""真剣で私に恋しなさい！A-3"",""cn"":"""",""ty"":""Galgame"",""y"":2014,""pop"":1374},{""t"":""真剣で私に恋しなさい！A-5"",""cn"":"""",""ty"":""Galgame"",""y"":2016,""pop"":791}]",A third-year student who is the Archery Club's president.,9401,0,9401,0,,https://t.vndb.org/ch/73/85873.jpg,https://t.vndb.org/ch/73/85873.jpg,,#9b8c8f #4b434d #d5c6ca #f3eae6 #fbf9f3,Brown Waist Length+ Straight Teen Slim Pale School Uniform Cooking Fighting Missionary,,,https://vndb.org/c9809,
al162213,anilist,8,8,,蜂乐回,蜂楽廻,Meguru Bachira,,男,AB,17-,动画|漫画,动画,ブルーロック,蓝色监狱,2022,动画,"[{""t"":""ブルーロック"",""cn"":""蓝色监狱"",""ty"":""动画"",""y"":2022,""pop"":325210},{""t"":""ブルーロック VS. U-20 JAPAN"",""cn"":""蓝色监狱 VS. U-20 日本代表队"",""ty"":""动画"",""y"":2024,""pop"":142268},{""t"":""ブルーロック"",""cn"":""蓝色监狱"",""ty"":""漫画"",""y"":2018,""pop"":124054},{""t"":""ブルーロック -EPISODE 凪-"",""cn"":"""",""ty"":""动画"",""y"":2024,""pop"":50833},{""t"":""ブルーロック-EPISODE 凪-"",""cn"":"""",""ty"":""漫画"",""y"":2022,""pop"":9604}]",独特な感性の持ち主でマイペースな性格。センス抜群のドリブルを武器に自由奔放なサッカースタイルを好む。入寮テストの際、同じチームZで出会った潔に対し強い興味を持ち、以降は互いに良き理解者となる。,6681,6681,0,27,,https://s4.anilist.co/file/anilistcdn/character/large/b162213-4czykzdxmWG6.png,https://s4.anilist.co/file/anilistcdn/character/medium/b162213-4czykzdxmWG6.png,https://lain.bgm.tv/r/400/pic/crt/l/a8/de/99542_crt_eeEZ3.jpg,,,https://anilist.co/character/162213,https://bgm.tv/character/99542,,99542
al195120,anilist,8,8,,REKI／喜屋武历,喜屋武暦,Reki Kyan,Reki (レキ) / Slime-san (スライムさん) / Mr. Slime,男,,17,动画|漫画,动画,SK∞ エスケーエイト,无限滑板,2021,动画,"[{""t"":""SK∞ エスケーエイト"",""cn"":""无限滑板"",""ty"":""动画"",""y"":2021,""pop"":235285},{""t"":""SK∞ エスケーエイト EXTRA PART"",""cn"":"""",""ty"":""动画"",""y"":2025,""pop"":24217},{""t"":""SK∞ エスケーエイト 第2期"",""cn"":"""",""ty"":""动画"",""y"":"""",""pop"":17656},{""t"":""SK∞ エスケーエイト"",""cn"":""无限滑板"",""ty"":""漫画"",""y"":2021,""pop"":5837},{""t"":""SK∞ エスケーエイト チルアウト！"",""cn"":"""",""ty"":""漫画"",""y"":2021,""pop"":1598}]",热爱滑板，现正热衷于“S”的高二学生。明朗且快活的性格。 有着会亲自去动手制作滑板的擅长于技工的一面。,6303,6303,0,25,,https://s4.anilist.co/file/anilistcdn/character/large/b195120-ndTbU0TpVLWw.png,https://s4.anilist.co/file/anilistcdn/character/medium/b195120-ndTbU0TpVLWw.png,https://lain.bgm.tv/r/400/pic/crt/l/70/ef/87959_crt_NlbYh.jpg?r=1614483694,,,https://anilist.co/character/195120,https://bgm.tv/character/87959,,87959
vndb-c31385,vndb,8,8,,角宿一,スピカ,Spica,,女,AB,,Galgame,Galgame,装甲悪鬼村正,装甲恶鬼村正,2009,Galgame,"[{""t"":""装甲悪鬼村正"",""cn"":""装甲恶鬼村正"",""ty"":""Galgame"",""y"":2009,""pop"":6082},{""t"":""スマガ"",""cn"":"""",""ty"":""Galgame"",""y"":2008,""pop"":219},{""t"":""スマガスペシャル"",""cn"":"""",""ty"":""Galgame"",""y"":2009,""pop"":71}]",並外れた硬度と重量を持つバイオーグ少女。絶対等級は-3.380、おとめ座α星（スピカ）の名前を与えられた全天21星の一人。過去のトラウマから「モフモフ」を求めてやまない。,6082,0,6082,0,,https://t.vndb.org/ch/95/37595.jpg,https://t.vndb.org/ch/95/37595.jpg,https://lain.bgm.tv/r/400/pic/crt/l/a0/8f/92576_crt_gpIlP.jpg,#551f23 #c9a5aa #726163 #e6d8cc #f3f0e5 #fefefd,Pink Ponytail Waist Length+ Curtained Teen Slim Pale School Uniform Magician Fighting,,https://bgm.tv/character/92576,https://vndb.org/c31385,92576
al5266,anilist,8,8,,苍崎橙子,蒼崎橙子,Touko Aozaki,,女,O,,动画|Galgame,动画,Fate/stay night[Heaven's Feel] ⅠⅠⅠ.spring song,,2020,动画,"[{""t"":""Fate/stay night[Heaven's Feel] ⅠⅠⅠ.spring song"",""cn"":"""",""ty"":""动画"",""y"":2020,""pop"":119178},{""t"":""空の境界 俯瞰風景"",""cn"":"""",""ty"":""动画"",""y"":2007,""pop"":111027},{""t"":""Fate/strange Fake"",""cn"":"""",""ty"":""动画"",""y"":2026,""pop"":82145},{""t"":""空の境界 殺人考察(前)"",""cn"":"""",""ty"":""动画"",""y"":2007,""pop"":65055},{""t"":""空の境界 痛覚残留"",""cn"":"""",""ty"":""动画"",""y"":2008,""pop"":61372},{""t"":""空の境界 矛盾螺旋"",""cn"":"""",""ty"":""动画"",""y"":2008,""pop"":61140}]",奈须小说《空之境界》中的最高位的人形使，整部《空之境界》的故事导向者。礼园女学院的校友，被魔术协会制定封印的人偶师。个性独特，二十多岁就升到支配者层级，有魔眼，拥有魔术回路二十左右。虽身为魔术师却有接近魔法使的实力。在魔术协会学习期间以追求肉体的原型为目标，结识了同样研究卢文字和人偶制作的柯尼勒斯·阿鲁巴和追求魂之原型的荒耶宗莲，对荒耶有着相当复杂的感情。 与《空之境界》的主角两仪式相遇后将其收为名义上的使魔，并偶尔会交一些工作给她。 喜欢抽烟，而且似乎还抽得很凶。,5483,903,5483,407,,https://s4.anilist.co/file/anilistcdn/character/large/b5266-058UnUQ6pufZ.png,https://s4.anilist.co/file/anilistcdn/character/medium/b5266-058UnUQ6pufZ.png,https://t.vndb.org/ch/02/54502.jpg|https://lain.bgm.tv/r/400/pic/crt/l/65/1d/3205_crt_TNZ6B.jpg,,Brown Curtained Short Straight Brown Slim Pale Magician Villain Fighting,https://anilist.co/character/5266,https://bgm.tv/character/3205,https://vndb.org/c5838,3205
al136069,anilist,8,8,,时透无一郎,時透無一郎,Muichirou Tokitou,Mist Hashira / Mist Pillar,男,,14,动画,动画,鬼滅の刃,鬼灭之刃,2019,动画,"[{""t"":""鬼滅の刃"",""cn"":""鬼灭之刃"",""ty"":""动画"",""y"":2019,""pop"":993748},{""t"":""鬼滅の刃 無限列車編"",""cn"":""鬼灭之刃 无限列车篇"",""ty"":""动画"",""y"":2020,""pop"":508224},{""t"":""鬼滅の刃 遊郭編"",""cn"":""鬼灭之刃 游郭篇"",""ty"":""动画"",""y"":2021,""pop"":483878},{""t"":""鬼滅の刃 刀鍛冶の里編"",""cn"":""鬼灭之刃 刀匠村篇"",""ty"":""动画"",""y"":2023,""pop"":372912},{""t"":""鬼滅の刃 無限列車編 (TV)"",""cn"":"""",""ty"":""动画"",""y"":2021,""pop"":360836},{""t"":""鬼滅の刃 柱稽古編"",""cn"":""鬼灭之刃 柱训练篇"",""ty"":""动画"",""y"":2024,""pop"":276674}]",霞柱。 面无表情。,5366,5366,0,74,,https://s4.anilist.co/file/anilistcdn/character/large/b136069-6PLglx4tETUX.png,https://s4.anilist.co/file/anilistcdn/character/medium/b136069-6PLglx4tETUX.png,https://lain.bgm.tv/r/400/pic/crt/l/57/0b/57317_crt_5Qe19.jpg?r=1569685169,,,https://anilist.co/character/136069,https://bgm.tv/character/57317,,57317
vndb-c81752,vndb,8,8,,,,Nicole Chen,Streaming-Chan / Streaming-Chen,女,,,Galgame,Galgame,VA-11 HALL-A,,2014,Galgame,,"Nicole Chen, more commonly known as Streaming-Chan, is a live stream girl who sells $99.99 premium membership to viewers. She has no qualms about streaming her life 24/7, including her sex life (but only to premium members) and for her ever…",5080,0,5080,3,,https://t.vndb.org/ch/26/99226.jpg,https://t.vndb.org/ch/26/99226.jpg,https://lain.bgm.tv/r/400/pic/crt/l/2d/1d/48632_crt_bD0qD.jpg,#400d33 #e17350 #ac94a3 #d7ccd2 #f2edee #ffffff,Brown Long Blue Green Jacket Shirt Outgoing Backpack Heterochromia Baseball Cap,,https://bgm.tv/character/48632,https://vndb.org/c81752,48632
al124143,anilist,8,8,,琥珀,コハク,Kohaku,,女,B,"16-23 (physically), 27 (chronologically)",动画,动画,Dr.STONE,石纪元,2019,动画,"[{""t"":""Dr.STONE"",""cn"":""石纪元"",""ty"":""动画"",""y"":2019,""pop"":554680},{""t"":""Dr.STONE STONE WARS"",""cn"":""石纪元 石之战争"",""ty"":""动画"",""y"":2021,""pop"":335280},{""t"":""Dr.STONE NEW WORLD"",""cn"":""石纪元 新世界"",""ty"":""动画"",""y"":2023,""pop"":201922},{""t"":""Dr.STONE NEW WORLD 第2クール"",""cn"":""石纪元 新世界 第2部分"",""ty"":""动画"",""y"":2023,""pop"":138943},{""t"":""Dr.STONE 龍水"",""cn"":""石纪元 龙水"",""ty"":""动画"",""y"":2022,""pop"":123272},{""t"":""Dr.STONE SCIENCE FUTURE"",""cn"":""石纪元 科学与未来"",""ty"":""动画"",""y"":2025,""pop"":115924}]",16岁，居住于石神村的少女，身手矫健、力量不输男性、视力11.0，会基本算术。琉璃的妹妹。,3436,3436,0,126,,https://s4.anilist.co/file/anilistcdn/character/large/b124143-DABUFs3cPNrP.png,https://s4.anilist.co/file/anilistcdn/character/medium/b124143-DABUFs3cPNrP.png,https://lain.bgm.tv/r/400/pic/crt/l/38/2f/70123_crt_pPv66.jpg?r=1566020380,,,https://anilist.co/character/124143,https://bgm.tv/character/70123,,70123
al16059,anilist,8,8,,能井,能井,Noi,NO1,女,,24,动画|漫画,动画,ドロヘドロ,异兽魔都,2020,动画,"[{""t"":""ドロヘドロ"",""cn"":""异兽魔都"",""ty"":""动画"",""y"":2020,""pop"":190420},{""t"":""ドロヘドロ"",""cn"":""异兽魔都"",""ty"":""漫画"",""y"":2000,""pop"":88381},{""t"":""ドロヘドロ Season 2"",""cn"":""异兽魔都 第二季"",""ty"":""动画"",""y"":2026,""pop"":44125},{""t"":""ドロヘドロ 魔のおまけ"",""cn"":"""",""ty"":""动画"",""y"":2020,""pop"":24566}]",煙の従姉妹にして部下の掃除屋。身長209cm。体重124kg。足のサイズ30cm。バストのサイズ104cm。 心のパートナーであり、彼を「先輩」と呼び慕っている。愛用の革ツナギとごついマスクを着けた姿では男性の巨漢にしか見えないが、実は女子ボディビルダーのような体格をした銀髪赤目の美女。男勝りのカラっとした性格でケンカが大好き。戦闘狂であり、一度負けている相手への対策を嫌がるなど戦いに関してはかなりの慢心が見受けられる。,3266,3266,0,64,,https://s4.anilist.co/file/anilistcdn/character/large/b16059-mUfErMfV09e5.jpg,https://s4.anilist.co/file/anilistcdn/character/medium/b16059-mUfErMfV09e5.jpg,https://lain.bgm.tv/r/400/pic/crt/l/2a/a4/72114_crt_4i4Mw.jpg,,,https://anilist.co/character/16059,https://bgm.tv/character/72114,,72114
vndb-c50695,vndb,8,8,,,猪狩 雅人,Ikari Masato,,男,,,Galgame,Galgame,ワガママハイスペック,任性HighSpec,2016,Galgame,"[{""t"":""ワガママハイスペック"",""cn"":""任性HighSpec"",""ty"":""Galgame"",""y"":2016,""pop"":2807},{""t"":""ワガママハイスペック OC"",""cn"":""任性HighSpec OC"",""ty"":""Galgame"",""y"":2017,""pop"":433}]",桜翠学園の2年生で幸樹のクラスメイトである眼鏡をかけた男子生徒。勉強もスポーツもでき、顔も良いので女子にモテるが本人は肥満嗜好であり、少なくとも体重80キロ以上の異性にしか興味がない。,2807,0,2807,0,,https://t.vndb.org/ch/15/71515.jpg,https://t.vndb.org/ch/15/71515.jpg,https://lain.bgm.tv/r/400/pic/crt/l/23/0c/54094_crt_t8t9T.jpg,#856652 #231716 #bdaca1 #efe0cf #f7f4ee #fffffe,Brown Short School Uniform Violet Glasses Friendly Friend Childhood Friend Classmate Senpai,,https://bgm.tv/character/54094,https://vndb.org/c50695,54094
vndb-c18196,vndb,8,8,,,肥田 爽,Koeta Sou,,男,O,,Galgame,Galgame,恋がさくころ桜どき,恋花绽放樱飞时,2014,Galgame,,Sou is a second year student and the Student Council Vice President. He met Yuuma during the entrance exams and they somehow became friends after that.,2672,0,2672,0,,https://t.vndb.org/ch/84/23484.jpg,https://t.vndb.org/ch/84/23484.jpg,https://lain.bgm.tv/r/400/pic/crt/l/b6/53/133405_crt_x4BQv.jpg,#9da9e9 #685687 #c9b4a9 #ddd7df #f7f4ed #ffffff,Blond Brown Short Straight Teen Slim Pale Trousers Amber Jacket,,https://bgm.tv/character/133405,https://vndb.org/c18196,133405
vndb-c92319,vndb,8,8,,,虎太郎,Toratarou,Torataro,男,B,,Galgame,Galgame,ドーナドーナ いっしょにわるいことをしよう,多娜多娜 一起干坏事吧,2020,Galgame,,クマをライバル視する自称ナユタのナンバー2。 機械工作に長けていて武器も自作。 虎太郎という呼び名は今すぐにでもやめたい。,2663,0,2663,5,,https://t.vndb.org/ch/07/111207.jpg,https://t.vndb.org/ch/07/111207.jpg,https://lain.bgm.tv/r/400/pic/crt/l/b0/9c/86840_crt_Vv1JJ.jpg,#b2cd56 #73755c #302925 #c2aea1 #f0e3c5 #fefefe,Black Blond Short Teen Slim Pale Trousers Fighting Amber Scar,,https://bgm.tv/character/86840,https://vndb.org/c92319,86840
vndb-c9357,vndb,8,8,,,望月 真帆,Mochizuki Maho,,女,A,,Galgame,Galgame,大図書館の羊飼い,,2013,Galgame,"[{""t"":""大図書館の羊飼い"",""cn"":"""",""ty"":""Galgame"",""y"":2013,""pop"":2275},{""t"":""大図書館の羊飼い -Dreaming Sheep-"",""cn"":"""",""ty"":""Galgame"",""y"":2014,""pop"":383},{""t"":""大図書館の羊飼い ～放課後しっぽデイズ～"",""cn"":"""",""ty"":""Galgame"",""y"":2013,""pop"":346}]","Maho is a girl with long white hair, and is the student council president. She often tries to make Kyoutarou join the student council. She is also Sayumi's childhood friend.",2275,0,2275,0,,https://t.vndb.org/ch/32/10232.jpg,https://t.vndb.org/ch/32/10232.jpg,,#952c37 #b08b9b #dbc5ca #f4e7e6 #fbf8f6,White Long Curtained Straight Teen Slim Pale Hard Worker Virgin Sex Violet,,,https://vndb.org/c9357,
al725,anilist,8,8,,,バギー,Buggy,The Clown / Captain Buggy / Big Nose / Buggy the Star Clown,男,F,37-,动画|漫画,动画,ONE PIECE,航海王,1999,动画,"[{""t"":""ONE PIECE"",""cn"":""航海王"",""ty"":""动画"",""y"":1999,""pop"":750384},{""t"":""ONE PIECE"",""cn"":""航海王"",""ty"":""漫画"",""y"":1997,""pop"":232766},{""t"":""ONE PIECE STAMPEDE"",""cn"":""航海王：狂热行动"",""ty"":""动画"",""y"":2019,""pop"":62019},{""t"":""ONE PIECE FAN LETTER"",""cn"":"""",""ty"":""动画"",""y"":2024,""pop"":58152},{""t"":""THE ONE PIECE"",""cn"":"""",""ty"":""动画"",""y"":2027,""pop"":25854},{""t"":""ONE PIECE “3D2Y” エースの死を越えて! ルフィ仲間との誓い"",""cn"":"""",""ty"":""动画"",""y"":2014,""pop"":23907}]","192 cm (6'3½"") ~!Cross Guild; Buggy's Delivery (dissolved into Cross Guild); Buggy Pirates; Buggy and Alvida Alliance; Four Emperors; Seven Warlords of the Sea (disbanded); Roger Pirates (disbanded); Impel Down (former)!~ Grand Line Karai B…",2151,2151,0,0,,https://s4.anilist.co/file/anilistcdn/character/large/n725-g04AaiaK5f9B.png,https://s4.anilist.co/file/anilistcdn/character/medium/n725-g04AaiaK5f9B.png,,,,https://anilist.co/character/725,,,
al17364,anilist,8,8,,,モモ・ベリア・デビルーク,Momo Deviluke,,女,,14,动画,动画,To LOVEる -とらぶる- ダークネス,,2012,动画,"[{""t"":""To LOVEる -とらぶる- ダークネス"",""cn"":"""",""ty"":""动画"",""y"":2012,""pop"":78560},{""t"":""もっと To LOVEる -とらぶる-"",""cn"":"""",""ty"":""动画"",""y"":2010,""pop"":70190},{""t"":""To LOVEる -とらぶる- ダークネス2nd"",""cn"":"""",""ty"":""动画"",""y"":2015,""pop"":59464},{""t"":""To LOVEる -とらぶる-"",""cn"":"""",""ty"":""动画"",""y"":2009,""pop"":41179},{""t"":""To LOVEる -とらぶる- ダークネス"",""cn"":"""",""ty"":""动画"",""y"":2012,""pop"":30045},{""t"":""To LOVEる -とらぶる- ダークネス2nd"",""cn"":"""",""ty"":""动画"",""y"":2015,""pop"":26258}]",151 cm [Lala's](//anilist.co/character/5511) younger sister and [Nana's](//anilist.co/character/17363) twin; they are introduced when they have most of the characters in a virtual game world created by Lala that they subsequently modify.,2069,2069,0,0,,https://s4.anilist.co/file/anilistcdn/character/large/b17364-mhicLLsOJVAr.png,https://s4.anilist.co/file/anilistcdn/character/medium/b17364-mhicLLsOJVAr.png,,,,https://anilist.co/character/17364,,,
al126158,anilist,8,8,,,轟炎司,Enji Todoroki,Endeavor (エンデヴァー),男,,45,动画,动画,僕のヒーローアカデミア２,,2017,动画,"[{""t"":""僕のヒーローアカデミア２"",""cn"":"""",""ty"":""动画"",""y"":2017,""pop"":655237},{""t"":""僕のヒーローアカデミア３"",""cn"":"""",""ty"":""动画"",""y"":2018,""pop"":600666},{""t"":""僕のヒーローアカデミア４"",""cn"":"""",""ty"":""动画"",""y"":2019,""pop"":532336},{""t"":""僕のヒーローアカデミア５"",""cn"":"""",""ty"":""动画"",""y"":2021,""pop"":414683},{""t"":""僕のヒーローアカデミア６"",""cn"":"""",""ty"":""动画"",""y"":2022,""pop"":269963},{""t"":""僕のヒーローアカデミア 7"",""cn"":"""",""ty"":""动画"",""y"":2024,""pop"":184749}]","195 cm (6' 4¾"") Pro Hero Hellflame Endeavor is a tall man with a muscular physique. He has short and spiky, red hair with bright blue eyes.",1989,1989,0,0,,https://s4.anilist.co/file/anilistcdn/character/large/b126158-Wix9rh7unTDQ.png,https://s4.anilist.co/file/anilistcdn/character/medium/b126158-Wix9rh7unTDQ.png,,,,https://anilist.co/character/126158,,,
vndb-c52517,vndb,8,8,,,那波 七海,Nanami Nanami,,女,B,,Galgame,Galgame,オトメ＊ドメイン,,2016,Galgame,,Minato’s homeroom teacher and math instructor at Whitebell Girls' Academy. Gets salty if you make jokes about her full name or age. Seems to have landed the unfortunate extra role of looking after Kazari.,1521,0,1521,0,,https://t.vndb.org/ch/24/64324.jpg,https://t.vndb.org/ch/24/64324.jpg,,#8f5f6b #c89892 #e5cdc7 #f0e8e4 #faf9f3,Brown Shoulder-length Straight Slim Pale Young-adult Pantyhose Lazy Driving Court Shoes,,,https://vndb.org/c52517,
vndb-c5094,vndb,8,8,,,アンジェリーナ・菜夏・シーウェル,Angelina Nanatsu Sewell,アンジェ / Ange,女,B,,Galgame,Galgame,ましろ色シンフォニー,,2009,Galgame,"[{""t"":""ましろ色シンフォニー"",""cn"":"""",""ty"":""Galgame"",""y"":2009,""pop"":1399},{""t"":""ましろ色シンフォニー SANA EDITION"",""cn"":"""",""ty"":""Galgame"",""y"":2023,""pop"":771}]","Angelina, nicknamed Ange, is a second-year student of Yuihime Girls' Academy. Unlike other female students, she does not wear school uniform, but always wears a maid costume.",1399,0,1399,0,,https://t.vndb.org/ch/46/5146.jpg,https://t.vndb.org/ch/46/5146.jpg,,#413449 #7d7e88 #e6e7d4 #c2bbb6 #f5f3ed #ffffff,Shoulder-length Straight Green Teen Slim Pale Hard Worker Cooking Missionary Blowjob,,,https://vndb.org/c5094,
vndb-c4761,vndb,8,8,,,七瀬 留美,Nanase Rumi,,女,,,Galgame,Galgame,ONE ～輝く季節へ～,,1998,Galgame,"[{""t"":""ONE ～輝く季節へ～"",""cn"":"""",""ty"":""Galgame"",""y"":1998,""pop"":1310},{""t"":""ばらえてぃたくちくす！"",""cn"":"""",""ty"":""Galgame"",""y"":2000,""pop"":1}]",Rumi is a girl who transferred into Kouhei's school. She used to be in the kendo club but had to quit after hip complications.,1310,0,1310,0,,https://t.vndb.org/ch/14/188814.jpg,https://t.vndb.org/ch/14/188814.jpg,,#524970 #c5a38f #e8d39f #f2e9cc #f1f0f0 #ffffff,Blue Ponytail Twin Tails Long Waist Length+ Straight Teen Slim Pale School Uniform,,,https://vndb.org/c4761,
vndb-c17115,vndb,8,8,,,ティアラ・フィロ・サーペッタン,Tiara Firo Serpettane,,女,,,Galgame,Galgame,ぜったい最胸☆おっぱい戦争!! ～巨乳王国vs貧乳王国～,,2012,Galgame,,"Iris’s mother and queen of Serpettane. She gives off a cool aura and is a stickler for the rules, but normally she’s a kind and gentle person. Her husband, the king, has already passed away, and she’s managing the kingdom all by herself.",1299,0,1299,0,,https://t.vndb.org/ch/57/21657.jpg,https://t.vndb.org/ch/57/21657.jpg,,#eba999 #9c525b #687d97 #f7edd0 #d5c8d1 #fefefd,Blond Hard Worker Magician Fighting Blue Dress Gloves Pantyhose Planning Widow,,,https://vndb.org/c17115,
al83367,anilist,8,8,,,藍原柚子,Yuzu Aihara,Okogi Yuzu (小此木柚子) / Yuzupon (ゆずポン) / Yuzucchi (ゆずっち),女,O,16-18,动画|漫画,动画,citrus,,2018,动画,"[{""t"":""citrus"",""cn"":"""",""ty"":""动画"",""y"":2018,""pop"":144140},{""t"":""citrus"",""cn"":"""",""ty"":""漫画"",""y"":2012,""pop"":32513},{""t"":""citrus+"",""cn"":"""",""ty"":""漫画"",""y"":2018,""pop"":9995},{""t"":""citrus コミックアンソロジー"",""cn"":"""",""ty"":""漫画"",""y"":2018,""pop"":1257},{""t"":""citrus Special Anthology: LOVELY PARTY"",""cn"":"""",""ty"":""漫画"",""y"":2017,""pop"":747},{""t"":""citrus Wedding Invitation"",""cn"":"""",""ty"":""漫画"",""y"":2018,""pop"":602}]","159 cm The self-proclaimed Gyaru and only child, Yuzu transfers to an all-girls school after her mother is remarried. Yuzu is outspoken, daring, and shameless to some extent.",1260,1260,0,0,,https://s4.anilist.co/file/anilistcdn/character/large/b83367-qOJp0tfOZf7r.jpg,https://s4.anilist.co/file/anilistcdn/character/medium/b83367-qOJp0tfOZf7r.jpg,,,,https://anilist.co/character/83367,,,
vndb-c41738,vndb,8,8,,,蒼井 雛多,Aoi Hinata,Hina,女,AB,,Galgame,Galgame,銀色、遥か,,2016,Galgame,,"""Eternal Dreamer (永遠の夢追い人(エターナルドリーマー))"" Protagonist's one year younger junior who won't hesitate help anyone in trouble. There is absolutely no limit to how good she is at making friends, she sticks her head right in into any kinds of troub…",1218,0,1218,0,,https://t.vndb.org/ch/65/55865.jpg,https://t.vndb.org/ch/65/55865.jpg,,#db8358 #82a8de #5f4b60 #e7cfc6 #f3ece5 #ffffff,Twin Tails Long Wavy Teen Slim Pale School Uniform Proactive Hard Worker Cooking,,,https://vndb.org/c41738,
vndb-c137431,vndb,8,8,,,沢渡 ココ,Sawatari Coco,,女,,,Galgame,Galgame,魔法少女ノ魔女裁判,,2025,Galgame,,"A streamer girl, she earns a little on the side from 'Let's Play' streams and idle chatter. Strongly opinionated, she always held the center of attention in her class.",1206,0,1206,0,,https://t.vndb.org/ch/53/180853.jpg,https://t.vndb.org/ch/53/180853.jpg,,#24232c #7a6568 #b9b4bc #e8e2e4 #fdfdfb,Black Ahoge Curtained Shoulder-length Teen Slim Pale Orphan Amber Kemonomimi Headband,,,https://vndb.org/c137431,
al32110,anilist,8,8,,,霧隠・シュラ,Shura Kirigakure,Yamada,女,O,26,动画|漫画,动画,青の祓魔師,青之驱魔师,2011,动画,"[{""t"":""青の祓魔師"",""cn"":""青之驱魔师"",""ty"":""动画"",""y"":2011,""pop"":461313},{""t"":""青の祓魔師 京都不浄王篇"",""cn"":""青之驱魔师 京都不净王篇"",""ty"":""动画"",""y"":2017,""pop"":178752},{""t"":""青の祓魔師 島根啓明結社篇"",""cn"":"""",""ty"":""动画"",""y"":2024,""pop"":62482},{""t"":""青の祓魔師 -劇場版-"",""cn"":""青之驱魔师 剧场版"",""ty"":""动画"",""y"":2012,""pop"":54584},{""t"":""青の祓魔師"",""cn"":""青之驱魔师"",""ty"":""漫画"",""y"":2009,""pop"":42733},{""t"":""青の祓魔師 雪ノ果篇"",""cn"":"""",""ty"":""动画"",""y"":2024,""pop"":37590}]","Shura Kirigakure is a Knight and an Upper-First Class Exorcist. Having trained under the guidance of Shirou Fujimoto, she officially works as an inspector for the Vatican, but has infiltrated True Cross Academy, first as a student under the…",1203,1203,0,0,,https://s4.anilist.co/file/anilistcdn/character/large/b32110-Ats6VvSZy300.png,https://s4.anilist.co/file/anilistcdn/character/medium/b32110-Ats6VvSZy300.png,,,,https://anilist.co/character/32110,,,
vndb-c9486,vndb,8,8,,,山吹 八千代,Yamabuki Yachiyo,やっちゃん / Yacchan,女,,,Galgame,Galgame,月に寄りそう乙女の作法,,2012,Galgame,"[{""t"":""月に寄りそう乙女の作法"",""cn"":"""",""ty"":""Galgame"",""y"":2012,""pop"":1114},{""t"":""乙女理論とその周辺 -Ecole de Paris-"",""cn"":"""",""ty"":""Galgame"",""y"":2013,""pop"":627},{""t"":""乙女理論とその後の周辺 -Belle Epoque-"",""cn"":"""",""ty"":""Galgame"",""y"":2016,""pop"":290}]","Luna's head maid and Yuusei's senpai, also working as a teacher in Jean-Pierre's new school.",1114,0,1114,0,,https://t.vndb.org/ch/99/10999.jpg,https://t.vndb.org/ch/99/10999.jpg,,#ac7c84 #59475c #ccbfc2 #e7e3e3 #f7f5f1 #ffffff,Red Bun Teen Slim Pale Hard Worker Green Suit Friend Maid,,,https://vndb.org/c9486,
vndb-c892,vndb,8,8,,,早乙女 すぐり,Saotome Suguri,Sue-chan / すーちゃん / Suu-chan,女,A,,Galgame,Galgame,"Hello,good-bye",,2010,Galgame,,"Suguri is a second-year student at Tenshudo Academy. She and May have been best friends since their first year. In general, she has a very busybody nature, so the more helpless a person is the more tempted she'll be to meddle.",1055,0,1055,0,,https://t.vndb.org/ch/35/83435.jpg,https://t.vndb.org/ch/35/83435.jpg,,#896d9b #4e4456 #aab3e3 #e1d1d0 #f4f1ed #ffffff,Blue Ahoge Shoulder-length Straight Teen Slim Pale Cooking Missionary Virgin Sex,,,https://vndb.org/c892,
vndb-c54082,vndb,8,8,,,赤城 鈴奈,Akagi Suzuna,Suzunangel / 鈴天,女,O,,Galgame,Galgame,神頼みしすぎて俺の未来がヤバい。,,2017,Galgame,"[{""t"":""神頼みしすぎて俺の未来がヤバい。"",""cn"":"""",""ty"":""Galgame"",""y"":2017,""pop"":920},{""t"":""僕の未来は、恋と課金と。～Charge To The Future～"",""cn"":"""",""ty"":""Galgame"",""y"":2019,""pop"":154}]",A top-ranking entertainment personality A third year at the protagonist's school who works as an idol. Her specialties include cooking and making people forget their inhibitions.,920,0,920,0,,https://t.vndb.org/ch/66/73866.jpg,https://t.vndb.org/ch/66/73866.jpg,,#33405c #dfa990 #977a77 #d7cdca #f5efe5 #ffffff,Ahoge Wavy Teen Slim Pale School Uniform Cooking Cowgirl Sixty-nine Virgin Sex,,,https://vndb.org/c54082,
vndb-c2311,vndb,8,8,,,秋山 凜子,Akiyama Rinko,,女,A,,Galgame,Galgame,対魔忍ユキカゼ,,2011,Galgame,"[{""t"":""対魔忍ユキカゼ"",""cn"":"""",""ty"":""Galgame"",""y"":2011,""pop"":915},{""t"":""対魔忍ユキカゼ2"",""cn"":"""",""ty"":""Galgame"",""y"":2015,""pop"":528}]",Sub heroine of Taimanin Yukikaze. Protagonist Akiyama Tatsuro's elder sister. Fights with a katana.,915,0,915,0,1,https://t.vndb.org/ch/98/39798.jpg,https://t.vndb.org/ch/98/39798.jpg,,#7d61ab #4b3a66 #b99ecb #e8d9d9 #ffffff,Violet Ponytail Waist Length+ Straight Pale School Uniform Missionary Doggy Style Cowgirl Standing Sex,,,https://vndb.org/c2311,
al132796,anilist,8,8,,,優木せつ菜,Setsuna Yuki,Nana Nakagawa (中川菜々),女,O,,动画,动画,ラブライブ！虹ヶ咲学園スクールアイドル同好会,,2020,动画,"[{""t"":""ラブライブ！虹ヶ咲学園スクールアイドル同好会"",""cn"":"""",""ty"":""动画"",""y"":2020,""pop"":32814},{""t"":""ラブライブ！虹ヶ咲学園スクールアイドル同好会 2"",""cn"":"""",""ty"":""动画"",""y"":2022,""pop"":17379},{""t"":""ラブライブ！虹ヶ咲学園スクールアイドル同好会 NEXT SKY"",""cn"":"""",""ty"":""动画"",""y"":2023,""pop"":6351},{""t"":""にじよん あにめーしょん"",""cn"":"""",""ty"":""动画"",""y"":2023,""pop"":5920},{""t"":""ラブライブ！虹ヶ咲学園スクールアイドル同好会 完結編 第1章"",""cn"":"""",""ty"":""动画"",""y"":2024,""pop"":5027},{""t"":""にじよん あにめーしょん2"",""cn"":"""",""ty"":""动画"",""y"":2024,""pop"":3198}]","154 cm (5'0"") Setsuna Yuki is one of thirteen members of the Nijigasaki High School Idol Club. She was the leader and founder of the original group and is a member of A・ZU・NA, a subunit under Nijigaku.",855,855,0,0,,https://s4.anilist.co/file/anilistcdn/character/large/b132796-awCtbFB69vjx.png,https://s4.anilist.co/file/anilistcdn/character/medium/b132796-awCtbFB69vjx.png,,,,https://anilist.co/character/132796,,,
al88574,anilist,8,8,,,フェルト,Felt,Feruto,女,,14-,动画,动画,Re:ゼロから始める異世界生活,Re：从零开始的异世界生活,2016,动画,"[{""t"":""Re:ゼロから始める異世界生活"",""cn"":""Re：从零开始的异世界生活"",""ty"":""动画"",""y"":2016,""pop"":621774},{""t"":""Re:ゼロから始める異世界生活 2nd Season"",""cn"":""Re：从零开始的异世界生活 第二季"",""ty"":""动画"",""y"":2020,""pop"":379615},{""t"":""Re:ゼロから始める異世界生活 3rd season"",""cn"":"""",""ty"":""动画"",""y"":2024,""pop"":195668},{""t"":""Re:ゼロから始める異世界生活 4th season"",""cn"":"""",""ty"":""动画"",""y"":2026,""pop"":139798},{""t"":""Re:ゼロから始める異世界生活 OVAs"",""cn"":"""",""ty"":""动画"",""y"":2018,""pop"":112258},{""t"":""異世界かるてっと"",""cn"":""异世界四重奏"",""ty"":""动画"",""y"":2019,""pop"":108323}]","**** 150 cm (4'11"") A thief that lives in the slums. Felt stole [Emilia's](//anilist.co/character/88572/Emilia) insignia, hoping for quick, easy cash.",853,853,0,0,,https://s4.anilist.co/file/anilistcdn/character/large/b88574-Hau8t0GlMvhp.jpg,https://s4.anilist.co/file/anilistcdn/character/medium/b88574-Hau8t0GlMvhp.jpg,,,,https://anilist.co/character/88574,,,
al137281,anilist,8,8,,,홍유빈,Yu-Bin Hong,Vinny Hong / Mad Dog Vinny / Uchiha,男,,,漫画,漫画,윈드브레이커,,2013,漫画,,~!Vinny Hong is a student at Gunn High and the current leader of the Sabbath Crew. He was previously a member of the Zephyrus Crew along with [Minu](//anilist.co/character/140298/Yun-Min-U) and [June](//anilist.co/character/233793/Lee-Jun-S…,793,793,0,0,,https://s4.anilist.co/file/anilistcdn/character/large/b137281-IMQXieFJ5KBr.png,https://s4.anilist.co/file/anilistcdn/character/medium/b137281-IMQXieFJ5KBr.png,,,,https://anilist.co/character/137281,,,
vndb-c89816,vndb,8,8,,,小日向 響,Kohinata Hibiki,,女,O,,Galgame,Galgame,かけぬけ★青春スパーキング！,,2020,Galgame,,"Skateboarding and exciting things. Favorite Apples and pancakes. ""As of now, you're amid happiness, pushing toward a happy road."" She is a 2nd year at Kazami Academy and a part of the Active Club. She is Yuu's childhood friend.",765,0,765,0,,https://t.vndb.org/ch/29/110729.jpg,https://t.vndb.org/ch/29/110729.jpg,,#c14458 #f0c6b5 #b59dac #e5e7e0 #f9f7ee #ffffff,Red Bun Waist Length+ Wavy Teen Slim Pale Proactive Cowgirl Standing Sex,,,https://vndb.org/c89816,
vndb-c74518,vndb,8,8,,,ヒムカ,Himuka,Undertaker,男,,,Galgame,Galgame,オランピアソワレ,,2020,Galgame,"[{""t"":""オランピアソワレ"",""cn"":"""",""ty"":""Galgame"",""y"":2020,""pop"":762},{""t"":""オランピアソワレ Catharsis"",""cn"":"""",""ty"":""Galgame"",""y"":2025,""pop"":24}]","A boy known as the Undertaker. He has an extremely strong power of Batsu and silently transforms the souls of the people of Yomi into Shou every day. As he never talks about himself, few people know anything about him.",762,0,762,0,,https://t.vndb.org/ch/30/198530.jpg,https://t.vndb.org/ch/30/198530.jpg,,#beb1aa #dcd4c7 #f1ebdf #3a3335 #828085 #fdfdfb,Waist Length+ Straight Slim Pale Grey Hood Secretive Necklace Cloak Arm Warmers,,,https://vndb.org/c74518,
al51341,anilist,8,8,,,ロスヴァイセ,Rossweisse,100-Yen Shop Valkyrie / Drunken Valkyrie / Vomiting Valkyrie / Valkyrie who has never had a boyfriend,女,,,动画|轻小说,动画,ハイスクールD×D BorN,恶魔高校 D×D BorN,2015,动画,"[{""t"":""ハイスクールD×D BorN"",""cn"":""恶魔高校 D×D BorN"",""ty"":""动画"",""y"":2015,""pop"":177430},{""t"":""ハイスクールD×D HERO"",""cn"":"""",""ty"":""动画"",""y"":2018,""pop"":137783},{""t"":""ハイスクールD×D BorN 蘇らない不死鳥"",""cn"":"""",""ty"":""动画"",""y"":2015,""pop"":35454},{""t"":""ハイスクールD×D BorN: 石踏一榮完全監修！妄想爆揺解除オリジナルビデオ"",""cn"":"""",""ty"":""动画"",""y"":2015,""pop"":26465},{""t"":""ハイスクールD×D"",""cn"":""恶魔高校 D×D"",""ty"":""轻小说"",""y"":2008,""pop"":10412},{""t"":""真ハイスクールＤ×Ｄ"",""cn"":"""",""ty"":""轻小说"",""y"":2018,""pop"":1691}]","Low-class Rook Reincarnated Devil (Former Valkyrie) Norse Magic Originally Odin's bodyguard. After the battle with Loki and Fenrir, Odin leaves her in Issei's town. She then gets persuaded by Rias to become her servant.",685,685,0,0,,https://s4.anilist.co/file/anilistcdn/character/large/b51341-HCHqmcrlZ8M8.png,https://s4.anilist.co/file/anilistcdn/character/medium/b51341-HCHqmcrlZ8M8.png,,,,https://anilist.co/character/51341,,,
vndb-c4173,vndb,8,8,,,里中 唯,Satonaka Yui,,女,O,,Galgame,Galgame,ブラス・レストレイション,,2004,Galgame,,,650,0,650,0,,https://t.vndb.org/ch/10/4210.jpg,https://t.vndb.org/ch/10/4210.jpg,,#d0744c #647677 #2d3d38 #c9d3da #a2abaf #ecece9,Short Pale School Uniform Red Scarf Gloves Friend Singing Schoolmate High School Student,,,https://vndb.org/c4173,
al754,anilist,8,8,,,桐生七実,Nanami Kiryuu,,女,B,13,动画|漫画,动画,少女革命ウテナ,少女革命,1997,动画,"[{""t"":""少女革命ウテナ"",""cn"":""少女革命"",""ty"":""动画"",""y"":1997,""pop"":80931},{""t"":""少女革命ウテナ アドゥレセンス黙示録"",""cn"":""少女革命 思春期默示录"",""ty"":""动画"",""y"":1999,""pop"":22156},{""t"":""少女革命ウテナ"",""cn"":""少女革命"",""ty"":""漫画"",""y"":1996,""pop"":5277}]","Yellow [Touga Kiryuu](//anilist.co/character/753/Kiryuu-Touga) Scimitar (main) and Dagger (as main-gauche) Her big brother's honor, her own self-worth, and validation of her relationship with Touga (Anime) Touga's little sister, the prototy…",624,624,0,0,,https://s4.anilist.co/file/anilistcdn/character/large/b754-Xyxy1EN3sg8o.jpg,https://s4.anilist.co/file/anilistcdn/character/medium/b754-Xyxy1EN3sg8o.jpg,,,,https://anilist.co/character/754,,,
al74033,anilist,8,8,,,夜久衛輔,Morisuke Yaku,Yakkun,,,17,动画,动画,ハイキュー!!,排球少年!!,2014,动画,"[{""t"":""ハイキュー!!"",""cn"":""排球少年!!"",""ty"":""动画"",""y"":2014,""pop"":583268},{""t"":""ハイキュー!! セカンドシーズン"",""cn"":""排球少年 第二季"",""ty"":""动画"",""y"":2015,""pop"":398770},{""t"":""ハイキュー!! 烏野高校 VS 白鳥沢学園高校"",""cn"":""排球少年 乌野高校 VS 白鸟泽学园高校"",""ty"":""动画"",""y"":2016,""pop"":362356},{""t"":""ハイキュー!! TO THE TOP"",""cn"":""排球少年 TO THE TOP"",""ty"":""动画"",""y"":2020,""pop"":293887},{""t"":""ハイキュー!! TO THE TOP 2"",""cn"":"""",""ty"":""动画"",""y"":2020,""pop"":255078},{""t"":""ハイキュー!! 陸 VS 空"",""cn"":"""",""ty"":""动画"",""y"":2020,""pop"":126303}]","Nekoma High School 165.2 cm 3rd Year, class 5 3 Libero Currently playing libero of the Nekoma High School volleyball club.",605,605,0,0,,https://s4.anilist.co/file/anilistcdn/character/large/b74033-pevzERaxK8hB.png,https://s4.anilist.co/file/anilistcdn/character/medium/b74033-pevzERaxK8hB.png,,,,https://anilist.co/character/74033,,,
vndb-c43340,vndb,8,8,,,オルソン,Orson,,男,,,Galgame,Galgame,マブラヴ オルタネイティヴ トータル・イクリプス,Muv-Luv Alternative Total Eclipse,2013,Galgame,,,597,0,597,0,,https://t.vndb.org/ch/26/52026.jpg,https://t.vndb.org/ch/26/52026.jpg,,#b19b80 #364453 #c9b9a5 #748690 #ede5da,Blond Short Pale Soldier Sunglasses,,,https://vndb.org/c43340,
al21105,anilist,8,8,,,エリオット・ナイトレイ,Elliot Nightray,,男,,16,动画|漫画|轻小说,动画,パンドラハーツ,,2009,动画,"[{""t"":""パンドラハーツ"",""cn"":"""",""ty"":""动画"",""y"":2009,""pop"":75259},{""t"":""パンドラハーツ"",""cn"":"""",""ty"":""漫画"",""y"":2006,""pop"":57281},{""t"":""パンドラハーツ スペシャル"",""cn"":"""",""ty"":""动画"",""y"":2009,""pop"":7239},{""t"":""PandoraHearts ～Caucus race～"",""cn"":"""",""ty"":""轻小说"",""y"":2011,""pop"":1233}]",Elliot is the step-brother​ of [Gilbert Nightray](//anilist.co/character/16211/Nightray-Gilbert) and [Vincent Nightray](//anilist.co/character/17888/Nightray-Vincent).,589,589,0,0,,https://s4.anilist.co/file/anilistcdn/character/large/b21105-EwOpuz9cnqj2.png,https://s4.anilist.co/file/anilistcdn/character/medium/b21105-EwOpuz9cnqj2.png,,,,https://anilist.co/character/21105,,,
vndb-c3129,vndb,8,8,,,名無しの少女,Nameless Girl,Nanashi no Shoujo / Ojou / お嬢,女,,,Galgame,Galgame,水夏~SUIKA~,,2001,Galgame,"[{""t"":""水夏~SUIKA~"",""cn"":"""",""ty"":""Galgame"",""y"":2001,""pop"":584},{""t"":""C.D.C.D.2 ～シーディーシーディー2～"",""cn"":"""",""ty"":""Galgame"",""y"":2008,""pop"":23},{""t"":""CircusLand I ～ドキ！ヒロインいっぱい初音島★コスプレミスコン祭り♪ よりどりみどりで♪好きな子選んで着せ替え育成デートだょ 兄さん♪～"",""cn"":"""",""ty"":""Galgame"",""y"":2007,""pop"":8},{""t"":""うたう絵本1・2・3 ハイ！！"",""cn"":"""",""ty"":""Galgame"",""y"":2002,""pop"":4}]","She is a very eccentric-looking girl. Her name, age and nationality are all unknown. However, she seems to be looking for something so she prowls around the village. Contrary to her appearance, she acts very maturely.",584,0,584,0,,https://t.vndb.org/ch/99/15599.jpg,https://t.vndb.org/ch/99/15599.jpg,,#7e7873 #bbb0ac #2e2b2b #e5d9d1 #f5efeb #ffffff,Long Straight Slim Pale Amnesia Missionary Blowjob Virgin Sex Kid Dress,,,https://vndb.org/c3129,
al7035,anilist,8,8,,,レッド,Red,Rouge / Sacha / Rot / Ash,男,O,11-20,动画|漫画,动画,ポケットモンスター THE ORIGIN,,2013,动画,"[{""t"":""ポケットモンスター THE ORIGIN"",""cn"":"""",""ty"":""动画"",""y"":2013,""pop"":54139},{""t"":""ポケモンジェネレーションズ"",""cn"":"""",""ty"":""动画"",""y"":2016,""pop"":20997},{""t"":""ポケットモンスターSPECIAL"",""cn"":"""",""ty"":""漫画"",""y"":1997,""pop"":16614},{""t"":""GOTCHA!"",""cn"":"""",""ty"":""动画"",""y"":2020,""pop"":11621},{""t"":""ポケットモンスターSPECIAL 赤・緑・青"",""cn"":"""",""ty"":""漫画"",""y"":1997,""pop"":4237},{""t"":""ポケットモンスターSPECIAL イエロー"",""cn"":"""",""ty"":""漫画"",""y"":1998,""pop"":3448}]","Red is very much the quintessential hero; brave, kind, and outgoing. He is capable of feats of agility, and is always willing to help others, with or without the help of his Pokémon.",556,556,0,0,,https://s4.anilist.co/file/anilistcdn/character/large/b7035-UOomO6GYxALT.png,https://s4.anilist.co/file/anilistcdn/character/medium/b7035-UOomO6GYxALT.png,,,,https://anilist.co/character/7035,,,
vndb-c83405,vndb,8,8,,,イグニス・カリブンクルス,Ignis Carbunculus,,男,,,Galgame,Galgame,幻奏喫茶アンシャンテ,,2019,Galgame,,"A magic beast from the Beast World 'Bestia'. He's made his name as the strongest there, he's a werewolf that can control fire.",542,0,542,0,,https://t.vndb.org/ch/94/106294.jpg,https://t.vndb.org/ch/94/106294.jpg,,#5744a5 #a16952 #d6b78e #443941 #f2dec6 #ffffff,Red Short Amnesia Amber Young-adult Muscular Tattoo Scar Headband T-shirt,,,https://vndb.org/c83405,
al129755,anilist,8,8,,,豊満太志郎,Taishirou Toyomitsu,BMI Hero / Fat Gum (ファットガム),男,O,29,动画|漫画,动画,僕のヒーローアカデミア４,,2019,动画,"[{""t"":""僕のヒーローアカデミア４"",""cn"":"""",""ty"":""动画"",""y"":2019,""pop"":532336},{""t"":""僕のヒーローアカデミア６"",""cn"":"""",""ty"":""动画"",""y"":2022,""pop"":269963},{""t"":""僕のヒーローアカデミア 7"",""cn"":"""",""ty"":""动画"",""y"":2024,""pop"":184749},{""t"":""僕のヒーローアカデミア"",""cn"":""我的英雄学院"",""ty"":""漫画"",""y"":2014,""pop"":178045},{""t"":""僕のヒーローアカデミア FINAL SEASON"",""cn"":""我的英雄学院 最终季"",""ty"":""动画"",""y"":2025,""pop"":133359},{""t"":""僕のヒーローアカデミア THE MOVIE ワールド ヒーローズ ミッション"",""cn"":""我的英雄学院 World Heros' Mission"",""ty"":""动画"",""y"":2021,""pop"":103254}]","250 cm (8'2"") (Fat form) Fat Absorption In his fat form, Taishiro is a big round man, easily towering over other adults. In this form, his mouth is big, and his nose is smaller, which alongside his odd body proportions, give him an odd look…",534,534,0,0,,https://s4.anilist.co/file/anilistcdn/character/large/b129755-SWhEgTR2pwXv.jpg,https://s4.anilist.co/file/anilistcdn/character/medium/b129755-SWhEgTR2pwXv.jpg,,,,https://anilist.co/character/129755,,,
al122399,anilist,8,8,,,大柴康介,Kousuke Ooshiba,,男,O,27-,动画|漫画,动画,ひとりじめマイヒーロー,,2017,动画,"[{""t"":""ひとりじめマイヒーロー"",""cn"":"""",""ty"":""动画"",""y"":2017,""pop"":46809},{""t"":""ひとりじめマイヒーロー"",""cn"":"""",""ty"":""漫画"",""y"":2012,""pop"":5496},{""t"":""ひとりじめボーイフレンド"",""cn"":"""",""ty"":""漫画"",""y"":2010,""pop"":3434}]",,508,508,0,0,,https://s4.anilist.co/file/anilistcdn/character/large/122399-bhvWwfbkxqNb.jpg,https://s4.anilist.co/file/anilistcdn/character/medium/122399-bhvWwfbkxqNb.jpg,,,,https://anilist.co/character/122399,,,
al127272,anilist,8,8,,,弦巻こころ,Kokoro Tsurumaki,Kokoron,女,,,动画,动画,BanG Dream!（バンドリ！）,,2017,动画,"[{""t"":""BanG Dream!（バンドリ！）"",""cn"":"""",""ty"":""动画"",""y"":2017,""pop"":40167},{""t"":""BanG Dream! 2nd Season"",""cn"":"""",""ty"":""动画"",""y"":2019,""pop"":20664},{""t"":""BanG Dream! 3rd Season"",""cn"":"""",""ty"":""动画"",""y"":2020,""pop"":16631},{""t"":""BanG Dream! ガルパ☆ピコ"",""cn"":"""",""ty"":""动画"",""y"":2018,""pop"":10333},{""t"":""BanG Dream! ぽっぴん'どりーむ!"",""cn"":"""",""ty"":""动画"",""y"":2022,""pop"":6863},{""t"":""BanG Dream! FILM LIVE"",""cn"":"""",""ty"":""动画"",""y"":2019,""pop"":6393}]","155 cm (5'1"") A happy-go-lucky student at Hanasakigawa Girls' High School and the leader and vocalist of Hello, Happy World!. Her family is ridiculously rich and lives in one of the biggest houses in the area.",471,471,0,0,,https://s4.anilist.co/file/anilistcdn/character/large/b127272-GBoA1GSo0bmY.jpg,https://s4.anilist.co/file/anilistcdn/character/medium/b127272-GBoA1GSo0bmY.jpg,,,,https://anilist.co/character/127272,,,
al17363,anilist,8,8,,,ナナ・アスタ・デビルーク,Nana Deviluke,,女,,14,动画,动画,To LOVEる -とらぶる- ダークネス,,2012,动画,"[{""t"":""To LOVEる -とらぶる- ダークネス"",""cn"":"""",""ty"":""动画"",""y"":2012,""pop"":78560},{""t"":""もっと To LOVEる -とらぶる-"",""cn"":"""",""ty"":""动画"",""y"":2010,""pop"":70190},{""t"":""To LOVEる -とらぶる- ダークネス2nd"",""cn"":"""",""ty"":""动画"",""y"":2015,""pop"":59464},{""t"":""To LOVEる -とらぶる-"",""cn"":"""",""ty"":""动画"",""y"":2009,""pop"":41179},{""t"":""To LOVEる -とらぶる- ダークネス"",""cn"":"""",""ty"":""动画"",""y"":2012,""pop"":30045},{""t"":""To LOVEる -とらぶる- ダークネス2nd"",""cn"":"""",""ty"":""动画"",""y"":2015,""pop"":26258}]","150 cm One of Lala's younger sisters, she is also the elder twin sister of Momo. Nana only appears to be more the mischievous of the two. She has an affinity for fauna.",469,469,0,0,,https://s4.anilist.co/file/anilistcdn/character/large/b17363-ztrfvpda0H8P.jpg,https://s4.anilist.co/file/anilistcdn/character/medium/b17363-ztrfvpda0H8P.jpg,,,,https://anilist.co/character/17363,,,
al182764,anilist,8,8,,,常闇トワ,Towa Tokoyami,,女,,17,动画,动画,魔王2099,,2024,动画,"[{""t"":""魔王2099"",""cn"":"""",""ty"":""动画"",""y"":2024,""pop"":60858},{""t"":""ホロのぐらふぃてぃ"",""cn"":"""",""ty"":""动画"",""y"":2019,""pop"":14672},{""t"":""『ホロライブ・オルタナティブ』 ティザーPVs"",""cn"":"""",""ty"":""动画"",""y"":2021,""pop"":5655},{""t"":""Palette"",""cn"":"""",""ty"":""动画"",""y"":2021,""pop"":1621},{""t"":""HOLOGRAM CIRCUS"",""cn"":"""",""ty"":""动画"",""y"":2020,""pop"":1008},{""t"":""おでホロ"",""cn"":"""",""ty"":""动画"",""y"":"""",""pop"":645}]","January 3, 2020 150 cm Kin of Tokoyami [rurudo](//anilist.co/staff/148792) 4th Gen (holoForce) Tokoyami Towa is a female Japanese Virtual YouTuber associated with hololive.",410,410,0,0,,https://s4.anilist.co/file/anilistcdn/character/large/b182764-BPSdeoqhRUp9.png,https://s4.anilist.co/file/anilistcdn/character/medium/b182764-BPSdeoqhRUp9.png,,,,https://anilist.co/character/182764,,,
vndb-c46556,vndb,8,8,,,マジド,Majd,,男,O,,Galgame,Galgame,絶対服従命令,,2005,Galgame,,"Kia's client. Ali's uncle. He is second in line for the throne. His nephew, who is third in line, is becoming very bothersome for him. He is planning to set up Ali to look like a homosexual, then reveal it to the mass media.",399,0,399,0,,https://t.vndb.org/ch/71/57771.jpg,https://t.vndb.org/ch/71/57771.jpg,,#b9a189 #705c56 #d2cabb #eae3d6 #f4f4f0 #ffffff,Black Short Moustache Black Adult Dark Idiot Spoiled Planning Uncle,,,https://vndb.org/c46556,
vndb-c26252,vndb,8,8,,,平 健太,Taira Kenta,,男,A,,Galgame,Galgame,ときめきメモリアル Girl's Side 3rd Story,,2010,Galgame,,The background character... literally.,395,0,395,0,,https://t.vndb.org/ch/67/53567.jpg,https://t.vndb.org/ch/67/53567.jpg,,#2e2f4d #dccdbe #877a78 #f9f9fa,Black Short Teen School Uniform Black Low Self-esteem Classmate High School Student,,,https://vndb.org/c26252,
vndb-c98659,vndb,8,8,,,市場前,Shijoumae,,男,O,,Galgame,Galgame,大穢,,2025,Galgame,,Your gateway. Head of the surgery department at a hospital affiliated with the medical department of the Imperial University of Tokyo. He is considered the supreme authority on burns treatment in the country due to his skills.,389,0,389,0,,https://t.vndb.org/ch/35/156135.jpg,https://t.vndb.org/ch/35/156135.jpg,,#3a302b #897a79 #c4b9b5 #e9e0dd #ffffff,Black Short Beard Moustache Pale Assault Red Adult Scar Suit,,,https://vndb.org/c98659,
vndb-c7157,vndb,8,8,,,米良川 ゆず,Merakawa Yuzu,,女,O,,Galgame,Galgame,へんし～ん!!! ～パンツになってクンクンペロペロ～,,2011,Galgame,,"She is a very popular idol who can also play the guitar. Her catch phrase is ""Citrus, refreshing girl."". She is very cheerful, bright and refreshing impression is exactly the first-class idol.",342,0,342,0,,https://t.vndb.org/ch/92/9592.jpg,https://t.vndb.org/ch/92/9592.jpg,,#db9d88 #92c0dc #77729c #e9d8cc #f2f3ee #ffffff,Blond Ponytail Waist Length+ Slim Pale Green Young-adult Mini-dress Earrings Necktie,,,https://vndb.org/c7157,
vndb-c29146,vndb,8,8,,,ゼン,Zen,Kamakari Zen,男,B,,Galgame,Galgame,Re:BIRTHDAY SONG ～恋を唄う死神～,,2015,Galgame,"[{""t"":""Re:BIRTHDAY SONG ～恋を唄う死神～"",""cn"":"""",""ty"":""Galgame"",""y"":2015,""pop"":341},{""t"":""Un:BIRTHDAY SONG ～愛を唄う死神～"",""cn"":"""",""ty"":""Galgame"",""y"":2015,""pop"":134}]","A self-conceited and self-centered young man. Possessing a pompous temperament, Zen has an unshakeable confidence in himself. He seriously believes that there is no shinigami better than him.",341,0,341,0,,https://t.vndb.org/ch/25/35225.jpg,https://t.vndb.org/ch/25/35225.jpg,,#110b0d #604346 #b28d8a #e9cabd #faf0e6 #ffffff,Black Short Slim Pale School Uniform Trousers Green Young-adult Earrings Shirt,,,https://vndb.org/c29146,
vndb-c87236,vndb,8,8,,,,Kieran Moreno,,男,A,,Galgame,Galgame,Camp Buddy,,2018,Galgame,,Kieran is a camper who used to attend Camp Buddy. He seems burdened by the past. and wants to make up for it as best as he can!,336,0,336,0,,https://t.vndb.org/ch/11/105711.jpg,https://t.vndb.org/ch/11/105711.jpg,,#8f6e53 #b8a48d #2c3028 #ffffff,Black Short Slim Trousers Amber Muscular Dark Earrings Jacket Scarf,,,https://vndb.org/c87236,
vndb-c21322,vndb,8,8,,,轟木 鋼,Todoroki Hagane,自称・進化する天才,男,,,Galgame,Galgame,fortissimo EXS//Akkord:nächsten Phase,,2012,Galgame,"[{""t"":""fortissimo EXS//Akkord:nächsten Phase"",""cn"":"""",""ty"":""Galgame"",""y"":2012,""pop"":303},{""t"":""fortissimo//Akkord:Bsusvier"",""cn"":"""",""ty"":""Galgame"",""y"":2010,""pop"":146},{""t"":""Kadenz fermata//Akkord:fortissimo"",""cn"":"""",""ty"":""Galgame"",""y"":2014,""pop"":74}]","Todoroki only knows only one rule in life, and that is - the bigger things are, the better. For him, strength is everything, strength comes from size, thus size equates to the only factor in a fight.",303,0,303,0,,https://t.vndb.org/ch/02/39002.jpg,https://t.vndb.org/ch/02/39002.jpg,,#d09d81 #f8e0be #dacfc5 #3a3838 #ffffff,Ponytail Long Hotblooded Young-adult Muscular Olive Axe Hoodie Unarmed Fighting Thick Eyebrows,,,https://vndb.org/c21322,
vndb-c226,vndb,8,8,,,犬神 歩笑,Inugami Poemu,ねーたん / Nee-tan,女,A,,Galgame,Galgame,つよきす,娇蛮之吻,2005,Galgame,"[{""t"":""つよきす"",""cn"":""娇蛮之吻"",""ty"":""Galgame"",""y"":2005,""pop"":284},{""t"":""みにきす　～つよきすファンディスク～"",""cn"":"""",""ty"":""Galgame"",""y"":2006,""pop"":37},{""t"":""姉、ちゃんとしようよっ！2"",""cn"":"""",""ty"":""Galgame"",""y"":2004,""pop"":36}]",,284,0,284,0,,https://t.vndb.org/ch/95/13695.jpg,https://t.vndb.org/ch/95/13695.jpg,,#423748 #7c6c87 #c1abb8 #ecd6d4 #ffffff,Violet Long Curtained Straight Slim Pale Dress Shoes Hard Worker Cooking Blowjob,,,https://vndb.org/c226,
vndb-c470,vndb,8,8,,,明日宿 傘,Asuku San,One-sama / San-nee / おねさま / 傘姉,女,,,Galgame,Galgame,いつか、届く、あの空に。,,2007,Galgame,,"The mysterious oneesan who possess a even more mysterious umbrella (rumour has it that it connects to the fourth dimension). Kind, caring and smart, San’s presence sweeps away worries and bad atmospheres alike.",254,0,254,0,,https://t.vndb.org/ch/65/83365.jpg,https://t.vndb.org/ch/65/83365.jpg,,#c2737e #723f47 #d8b0b3 #eed9d4 #fbf1ec #fefffe,Pink White Ponytail Waist Length+ Straight Teen Slim Pale Fighting Missionary,,,https://vndb.org/c470,
al131572,anilist,8,8,,,モンスピート,Monspeet,,男,O,415,动画|漫画,动画,七つの大罪 戒めの復活,七大罪 戒律的复活,2018,动画,"[{""t"":""七つの大罪 戒めの復活"",""cn"":""七大罪 戒律的复活"",""ty"":""动画"",""y"":2018,""pop"":286406},{""t"":""七つの大罪 神々の逆鱗"",""cn"":""七大罪 诸神的逆鳞"",""ty"":""动画"",""y"":2019,""pop"":202771},{""t"":""七つの大罪 憤怒の審判"",""cn"":""七大罪 愤怒的审判"",""ty"":""动画"",""y"":2021,""pop"":139330},{""t"":""七つの大罪"",""cn"":""七大罪"",""ty"":""漫画"",""y"":2012,""pop"":55078},{""t"":""ホークのお悩み相談室"",""cn"":"""",""ty"":""动画"",""y"":2019,""pop"":1012}]","182 cm (5'11"") Monspeet is a demon who is a member of the Ten Commandments, a group of elite warriors of the Demon Clan handpicked by the Demon King himself.",240,240,0,0,,https://s4.anilist.co/file/anilistcdn/character/large/n131572-WUWdiWoYR3eX.jpg,https://s4.anilist.co/file/anilistcdn/character/medium/n131572-WUWdiWoYR3eX.jpg,,,,https://anilist.co/character/131572,,,
vndb-c137441,vndb,8,8,,,佐伯 ルリコ,Saeki Ruriko,,女,B,,Galgame,Galgame,オトメ世界の歩き方,,2024,Galgame,,"A Villainess, Somehow Hard to Detest Leo A classmate at Acacia Academy, who is in a different squad from Yui and the others.",222,0,222,0,,https://t.vndb.org/ch/62/161762.jpg,https://t.vndb.org/ch/62/161762.jpg,,#3b495b #dfc0a8 #928883 #efdecf #f4f1ea #ffffff,Blond Waist Length+ Teen Slim Pale Blue Hair Ribbon Daughter Arrogant Classmate,,,https://vndb.org/c137441,
al148552,anilist,8,8,,,アンドロ・Ｍ・ジャズ,Jazz Andro,,男,,16 (looks like),动画|漫画,动画,魔入りました！入間くん,入间同学入魔了,2019,动画,"[{""t"":""魔入りました！入間くん"",""cn"":""入间同学入魔了"",""ty"":""动画"",""y"":2019,""pop"":168432},{""t"":""魔入りました！入間くん 第2シリーズ"",""cn"":""入间同学入魔了 第二季"",""ty"":""动画"",""y"":2021,""pop"":106270},{""t"":""魔入りました！入間くん 第3シリーズ"",""cn"":""入间同学入魔了 第三季"",""ty"":""动画"",""y"":2022,""pop"":73866},{""t"":""魔入りました！入間くん 第4シリーズ"",""cn"":""入间同学入魔了 第四季"",""ty"":""动画"",""y"":2026,""pop"":41289},{""t"":""魔入りました！入間くん"",""cn"":""入间同学入魔了"",""ty"":""漫画"",""y"":2017,""pop"":37598},{""t"":""魔入りました！入間くん if Episode of 魔フィア"",""cn"":"""",""ty"":""漫画"",""y"":2023,""pop"":3813}]",Pit (Furtive Glance) Split Wolf 174 cm Jazz is a Gimel Rank and has the pickpocketing ability. ~!He is promoted to rank Daleth after the music festival.!~,197,197,0,0,,https://s4.anilist.co/file/anilistcdn/character/large/b148552-OiAj34MmpcZl.png,https://s4.anilist.co/file/anilistcdn/character/medium/b148552-OiAj34MmpcZl.png,,,,https://anilist.co/character/148552,,,
al89650,anilist,8,8,,,綾辻絢瀬,Ayase Ayatsuji,,女,,17,动画|轻小说,动画,落第騎士の英雄譚（キャバルリィ）,,2015,动画,"[{""t"":""落第騎士の英雄譚（キャバルリィ）"",""cn"":"""",""ty"":""动画"",""y"":2015,""pop"":245540},{""t"":""落第騎士の英雄譚"",""cn"":"""",""ty"":""轻小说"",""y"":2013,""pop"":6653}]",Ayase Ayatsuji is a third year student from Hagun Academy. She is a D-Rank Blazer who uses the katana-style Device Hizume.,176,176,0,0,,https://s4.anilist.co/file/anilistcdn/character/large/b89650-NJENPU6U0Izf.png,https://s4.anilist.co/file/anilistcdn/character/medium/b89650-NJENPU6U0Izf.png,,,,https://anilist.co/character/89650,,,
al126005,anilist,8,8,,,伊口秀一,Shuuichi Iguchi,Spinner (スピナー),男,,20-,动画|漫画,动画,僕のヒーローアカデミア３,,2018,动画,"[{""t"":""僕のヒーローアカデミア３"",""cn"":"""",""ty"":""动画"",""y"":2018,""pop"":600666},{""t"":""僕のヒーローアカデミア４"",""cn"":"""",""ty"":""动画"",""y"":2019,""pop"":532336},{""t"":""僕のヒーローアカデミア５"",""cn"":"""",""ty"":""动画"",""y"":2021,""pop"":414683},{""t"":""僕のヒーローアカデミア６"",""cn"":"""",""ty"":""动画"",""y"":2022,""pop"":269963},{""t"":""僕のヒーローアカデミア 7"",""cn"":"""",""ty"":""动画"",""y"":2024,""pop"":184749},{""t"":""僕のヒーローアカデミア"",""cn"":""我的英雄学院"",""ty"":""漫画"",""y"":2014,""pop"":178045}]","174 cm Villain League of Villains (formerly), Paranormal Liberation Front (Lieutenant of Brown Regiment) Gecko Shuuichi is a villain affiliated with the League of Villains and part of its Vanguard Action Squad.",103,103,0,0,,https://s4.anilist.co/file/anilistcdn/character/large/126005-4MLIKsaBXnhu.png,https://s4.anilist.co/file/anilistcdn/character/medium/126005-4MLIKsaBXnhu.png,,,,https://anilist.co/character/126005,,,
al121006,anilist,8,8,,,早瀬千夏,Chinatsu Hayase,,女,,14,动画|漫画|轻小说,动画,政宗くんのリベンジ,,2017,动画,"[{""t"":""政宗くんのリベンジ"",""cn"":"""",""ty"":""动画"",""y"":2017,""pop"":243828},{""t"":""政宗くんのリベンジR"",""cn"":"""",""ty"":""动画"",""y"":2023,""pop"":86436},{""t"":""政宗くんのリベンジ OVA"",""cn"":"""",""ty"":""动画"",""y"":2018,""pop"":37546},{""t"":""政宗くんのリベンジ"",""cn"":"""",""ty"":""漫画"",""y"":2012,""pop"":33158},{""t"":""政宗くんのリベンジafter school"",""cn"":"""",""ty"":""漫画"",""y"":2018,""pop"":5680},{""t"":""政宗くんのリベンジ"",""cn"":"""",""ty"":""轻小说"",""y"":2013,""pop"":1506}]",She is the younger sister of [Masamune Makabe](//anilist.co/character/81967/Makabe-Masamune) and currently attends middle school as a second year.,53,53,0,0,,https://s4.anilist.co/file/anilistcdn/character/large/b121006-xVhr9m7OtkJV.png,https://s4.anilist.co/file/anilistcdn/character/medium/b121006-xVhr9m7OtkJV.png,,,,https://anilist.co/character/121006,,,
al89467,anilist,8,8,,,逞生,Takumi,,男,,17,动画|轻小说,动画,甲鉄城のカバネリ,,2016,动画,"[{""t"":""甲鉄城のカバネリ"",""cn"":"""",""ty"":""动画"",""y"":2016,""pop"":197082},{""t"":""甲鉄城のカバネリ 〜海門決戦〜"",""cn"":"""",""ty"":""动画"",""y"":2019,""pop"":50086},{""t"":""甲鉄城のカバネリ 総集編｛後編｝燃える命"",""cn"":"""",""ty"":""动画"",""y"":2017,""pop"":16254},{""t"":""甲鉄城のカバネリ 総集編｛前編｝集う光"",""cn"":"""",""ty"":""动画"",""y"":2016,""pop"":14789},{""t"":""小説 甲鉄城のカバネリ"",""cn"":"""",""ty"":""轻小说"",""y"":2016,""pop"":343}]","Ikoma's friend and fellow steam smith. Though he's shocked by Ikoma's rashness, he admires how Ikoma isn't afraid of anyone.",48,48,0,0,,https://s4.anilist.co/file/anilistcdn/character/large/b89467-AXQ0GCcTiI5z.png,https://s4.anilist.co/file/anilistcdn/character/medium/b89467-AXQ0GCcTiI5z.png,,,,https://anilist.co/character/89467,,,
al43815,anilist,8,9,,白,ハク,Hak Son,Thunder Beast / Dark Dragon / Darkness Dragon / Black Dragon,男,,18,动画|漫画|轻小说,动画,暁のヨナ,晨曦公主,2014,动画,"[{""t"":""暁のヨナ"",""cn"":""晨曦公主"",""ty"":""动画"",""y"":2014,""pop"":217635},{""t"":""暁のヨナ"",""cn"":""晨曦公主"",""ty"":""漫画"",""y"":2009,""pop"":54140},{""t"":""暁のヨナ OVA"",""cn"":"""",""ty"":""动画"",""y"":2015,""pop"":40854},{""t"":""暁のヨナ 同じ月の下で"",""cn"":"""",""ty"":""轻小说"",""y"":2015,""pop"":2516}]",本身原形为龙并可变化外表成十二岁左右的少年，因所掌管的河流在人类兴建大楼时遭填平，在无所归处情况下来到油屋成为汤婆婆的弟子，并改名为“白”，担任油屋的管理人员。 曾与年幼的千寻接触过，因此在遇到误闯神灵世界的千寻便立刻知道是对方。千寻待在油屋过程中私下给予很多帮助。最终在千寻的提醒下回想起自己本名，并在千寻从油屋获得自由后，决定与汤婆婆商量不再做她的弟子。,5868,5868,0,86,,https://s4.anilist.co/file/anilistcdn/character/large/b43815-WRbln8jA1mPk.jpg,https://s4.anilist.co/file/anilistcdn/character/medium/b43815-WRbln8jA1mPk.jpg,https://lain.bgm.tv/r/400/pic/crt/l/71/59/8258_crt_4N4V0.jpg,,,https://anilist.co/character/43815,https://bgm.tv/character/8258,,8258
vndb-c83610,vndb,8,9,,,バーガーバーグ Q太郎,Burgerberg Q-tarou,Muscle Gorilla / Mr. Q-taro / Cubetaro Hamburger / Pro-wrestler old timer,男,,,Galgame,Galgame,キミガシネ　―多数決デスゲーム―,,2021,Galgame,,Q-taro is a second string baseball player and very proud of his strength. He grew up in an orphanage and got his very mixed dialect from there.,1482,0,1482,0,,https://t.vndb.org/ch/53/101653.jpg,https://t.vndb.org/ch/53/101653.jpg,,#a1660f #77717a #afaea2 #dbd7d4 #f7f4f1 #ffffff,Red Wavy Shoulder-length Beard Orphan Red Muscular Jeans Ore Pretending,,,https://vndb.org/c83610,
al67215,anilist,8,9,,,凸守早苗,Sanae Dekomori,Deko-chan,女,,14,动画,动画,中二病でも恋がしたい!,中二病也要谈恋爱!,2012,动画,"[{""t"":""中二病でも恋がしたい!"",""cn"":""中二病也要谈恋爱!"",""ty"":""动画"",""y"":2012,""pop"":353258},{""t"":""中二病でも恋がしたい！戀"",""cn"":""中二病也要谈恋爱！恋"",""ty"":""动画"",""y"":2014,""pop"":183593},{""t"":""映画 中二病でも恋がしたい！ -Take On Me-"",""cn"":"""",""ty"":""动画"",""y"":2018,""pop"":86548},{""t"":""中二病でも恋がしたい! 煌めきの... 聖爆誕祭（スラップステック・ノエル）"",""cn"":"""",""ty"":""动画"",""y"":2013,""pop"":79582},{""t"":""中二病でも恋がしたい！戀 再生の･･･邪王真眼黙示録"",""cn"":"""",""ty"":""动画"",""y"":2014,""pop"":43993},{""t"":""中二病でも恋がしたい！Lite"",""cn"":""中二病也要谈恋爱！Lite"",""ty"":""动画"",""y"":2012,""pop"":38094}]","Sanae is an underclassman to the rest of the club members. She, like [Rikka](//anilist.co/character/65865/Takanashi-Rikka), is a Chuunibyou. She claims that she is Rikka's servant and wants to take her master's place.",1366,1366,0,0,,https://s4.anilist.co/file/anilistcdn/character/large/b67215-J87mEugyhVRO.png,https://s4.anilist.co/file/anilistcdn/character/medium/b67215-J87mEugyhVRO.png,,,,https://anilist.co/character/67215,,,
vndb-c74513,vndb,8,9,,,朱砂 (アカザ),Akaza,Iron Mask,男,,,Galgame,Galgame,オランピアソワレ,,2020,Galgame,"[{""t"":""オランピアソワレ"",""cn"":"""",""ty"":""Galgame"",""y"":2020,""pop"":762},{""t"":""オランピアソワレ Catharsis"",""cn"":"""",""ty"":""Galgame"",""y"":2025,""pop"":24}]","Young director of the neutral organization Kotowari. He is calm, collected and never brings his own personal feelings into things, so he is called ""Iron Mask"", but he is good at taking care of people and helps the protagonist in all ways.",762,0,762,0,,https://t.vndb.org/ch/25/198525.jpg,https://t.vndb.org/ch/25/198525.jpg,,#795756 #a6958e #d6c8c1 #3c3a3b #eee6e0 #fffffe,Red Short Pale Hard Worker Hero Cooking Red Young-adult Kimono Glasses,,,https://vndb.org/c74513,
vndb-c62576,vndb,8,9,,,藍原 しおん,Aihara Shion,,女,O,,Galgame,Galgame,絆きらめく恋いろは,,2017,Galgame,"[{""t"":""絆きらめく恋いろは"",""cn"":"""",""ty"":""Galgame"",""y"":2017,""pop"":555},{""t"":""絆きらめく恋いろは －椿恋歌－"",""cn"":"""",""ty"":""Galgame"",""y"":2019,""pop"":297},{""t"":""しおんとワンルーム -絆きらめく恋いろはSS-"",""cn"":"""",""ty"":""Galgame"",""y"":2020,""pop"":83}]",Meddlesome person (世話焼き),555,0,555,0,,https://t.vndb.org/ch/50/77250.jpg,https://t.vndb.org/ch/50/77250.jpg,,#d37a96 #516492 #e5bfc8 #f3e3e2 #faf6f0 #ffffff,Pink Twin Tails Waist Length+ Straight Teen Slim Pale School Uniform Swordsmanship Missionary,,,https://vndb.org/c62576,
vndb-c95308,vndb,8,9,,,ミサ,Misa,,女,O,,Galgame,Galgame,妖獣戦記 －Ａ．Ｄ．２０４８－,,1993,Galgame,"[{""t"":""妖獣戦記 －Ａ．Ｄ．２０４８－"",""cn"":"""",""ty"":""Galgame"",""y"":1993,""pop"":394},{""t"":""妖獣戦記２ -黎明の戦士たち-"",""cn"":"""",""ty"":""Galgame"",""y"":1995,""pop"":8},{""t"":""続妖獣戦記 －砂塵の黙示録－"",""cn"":"""",""ty"":""Galgame"",""y"":1993,""pop"":8}]",Born in 2031.,394,0,394,0,,https://t.vndb.org/ch/36/155936.jpg,https://t.vndb.org/ch/36/155936.jpg,,#750c09 #b6452d #010001 #440707 #eebba9 #1e0505,Brown Ponytail Long Waist Length+ Straight Brown Teen Slim Pale Fighting,,,https://vndb.org/c95308,
vndb-c9816,vndb,8,9,,,木ノ本 実咲,Kinomoto Misaki,,女,O,,Galgame,Galgame,恋愛0キロメートル,,2011,Galgame,,"The third daughter of the family, Sakuya's younger twin sister and Kyouichi's classmate. A kind girl who is always ready to stand up for others.",354,0,354,0,,https://t.vndb.org/ch/35/10735.jpg,https://t.vndb.org/ch/35/10735.jpg,,#b16946 #daba8e #47252a #dad7d1 #f2f1ec #feffff,Twin Tails Waist Length+ School Uniform Cooking Cowgirl Sixty-nine Virgin Sex Thigh-high Stockings Deredere Reserved,,,https://vndb.org/c9816,
vndb-c9815,vndb,8,9,,,木ノ本 咲耶,Kinomoto Sakuya,,女,O,,Galgame,Galgame,恋愛0キロメートル,,2011,Galgame,,"The second daughter of the family, Misaki's older twin sister and Kyouichi's classmate. She has always liked Kyouichi, but can't confess her feelings to him.",354,0,354,0,,https://t.vndb.org/ch/34/10734.jpg,https://t.vndb.org/ch/34/10734.jpg,,#b8533a #52252e #d3a988 #dbcbcb #f3ece7 #feffff,Ponytail Waist Length+ Brown Teen Slim Pale School Uniform Cooking Missionary Cowgirl,,,https://vndb.org/c9815,
vndb-c1565,vndb,8,9,,,河合 アメリ,Kawai Ameri,,女,B,,Galgame,Galgame,タユタマ -kiss on my deity-,,2008,Galgame,"[{""t"":""タユタマ -kiss on my deity-"",""cn"":"""",""ty"":""Galgame"",""y"":2008,""pop"":330},{""t"":""タユタマ -It's happy days-"",""cn"":"""",""ty"":""Galgame"",""y"":2009,""pop"":142}]",Yuuri' childhood friend. She’s really active and fun but probably the character with the most mood swings in the story. Obvious that she holds a thing or two for Yuuri. Her family is also pretty rich.,330,0,330,0,,https://t.vndb.org/ch/75/83375.jpg,https://t.vndb.org/ch/75/83375.jpg,,#515282 #908dba #d4c8d7 #eae5f2 #f9f7f7,Blue Twin Tails Long Straight Teen Slim Pale School Uniform Missionary Doggy Style,,,https://vndb.org/c1565,
al302091,anilist,8,9,,,椎名立希,Taki Shiina,Rikki,女,,,动画|漫画,动画,BanG Dream! It's MyGO!!!!!,,2023,动画,"[{""t"":""BanG Dream! It's MyGO!!!!!"",""cn"":"""",""ty"":""动画"",""y"":2023,""pop"":22181},{""t"":""BanG Dream! Ave Mujica"",""cn"":"""",""ty"":""动画"",""y"":2025,""pop"":20511},{""t"":""BanG Dream! It's MyGO!!!!! 春の陽だまり、迷い猫"",""cn"":"""",""ty"":""动画"",""y"":2024,""pop"":2486},{""t"":""元祖！バンドリちゃん"",""cn"":"""",""ty"":""动画"",""y"":2025,""pop"":2413},{""t"":""BanG Dream! It's MyGO!!!!! うたう、僕らになれるうた & FILM LIVE"",""cn"":"""",""ty"":""动画"",""y"":2024,""pop"":1162},{""t"":""BanG Dream! It's MyGO!!!!! 雨にそよいで晴れを請う"",""cn"":"""",""ty"":""漫画"",""y"":2024,""pop"":804}]",**** 156 cm Taki Shiina is a first-year student at Hanasakigawa Girls' High School and the drummer and composer of **[MyGO!!!!!](//anilist.co/staff/292754/MyGO)**. Taki is a loner who enjoys being all alone.,298,298,0,0,,https://s4.anilist.co/file/anilistcdn/character/large/b302091-8MGXgLOAXbwt.png,https://s4.anilist.co/file/anilistcdn/character/medium/b302091-8MGXgLOAXbwt.png,,,,https://anilist.co/character/302091,,,
vndb-c83854,vndb,8,9,,,鳴瀬 かなえ,Naruse Kanae,黒瀬 姫騎 / Kurose Himeki,女,AB,,Galgame,Galgame,ウチはもう、延期できない。,,2021,Galgame,"[{""t"":""ウチはもう、延期できない。"",""cn"":"""",""ty"":""Galgame"",""y"":2021,""pop"":260},{""t"":""響野さん家はエロゲ屋さん！"",""cn"":"""",""ty"":""Galgame"",""y"":2020,""pop"":167},{""t"":""同じクラスのアイドルさん。Around me is full by a celebrity."",""cn"":"""",""ty"":""Galgame"",""y"":2019,""pop"":85}]",,260,0,260,0,,https://t.vndb.org/ch/64/102264.jpg,https://t.vndb.org/ch/64/102264.jpg,,#4c3944 #957a80 #d2b5b3 #f1dfd5 #ffffff,School Uniform Virgin Sex Glasses Daughter Cousin Friend Voice Actor Braid Schoolmate Classmate,,,https://vndb.org/c83854,
vndb-c5393,vndb,8,9,,,桜川 鷹士,Sakuragawa Takashi,,男,O,,Galgame,Galgame,乙女的恋革命★ラブレボ!!,,2006,Galgame,,"The main character's brother. He supports the main character through her diet and also makes monthly charts that show how ""in love"" the various candidates are with her.",260,0,260,0,,https://t.vndb.org/ch/26/39426.jpg,https://t.vndb.org/ch/26/39426.jpg,,#9b8d95 #f5e9c9 #c4cec2 #ebebe5 #fbfcf9,Short Pale Hotblooded Red Young-adult Full Brother Possessive Intake Loyal Hosome,,,https://vndb.org/c5393,
vndb-c22754,vndb,8,9,,,七瀬 千奈,Nanase Sena,Natalie / かあますとら / ナタリー / 夏天すとら,女,A,,Galgame,Galgame,恋する彼女の不器用な舞台,,2014,Galgame,"[{""t"":""恋する彼女の不器用な舞台"",""cn"":"""",""ty"":""Galgame"",""y"":2014,""pop"":229},{""t"":""僕の未来は、恋と課金と。～Charge To The Future～"",""cn"":"""",""ty"":""Galgame"",""y"":2019,""pop"":154}]","Ichigo's underclassman who is professional novelist. Ever since she was young, she has studied how to write novels from all kinds of books. She is very hardworking and confident of her own work.",229,0,229,0,,https://t.vndb.org/ch/95/28095.jpg,https://t.vndb.org/ch/95/28095.jpg,,#4c484f #81787e #c2b1b1 #e9dfd5 #f7f3eb #ffffff,Black Waist Length+ Straight Teen Slim Pale School Uniform Hard Worker Missionary Cowgirl,,,https://vndb.org/c22754,
vndb-c79209,vndb,8,9,,,霧咲 凜,Kirisaki Rin,,女,A,,Galgame,Galgame,彼女は友達ですか？　恋人ですか？　それともトメフレですか？,,2019,Galgame,"[{""t"":""彼女は友達ですか？　恋人ですか？　それともトメフレですか？"",""cn"":"""",""ty"":""Galgame"",""y"":2019,""pop"":216},{""t"":""彼女は友達ですか？　恋人ですか？　それともトメフレですか？　Ｗ"",""cn"":"""",""ty"":""Galgame"",""y"":2024,""pop"":34}]",,216,0,216,0,,https://t.vndb.org/ch/66/95966.jpg,https://t.vndb.org/ch/66/95966.jpg,,#4d394d #827589 #d1bdc0 #f5e4d9 #faf4f0 #ffffff,Black Ponytail Waist Length+ Straight Teen Slim Pale School Uniform Missionary Doggy Style,,,https://vndb.org/c79209,
al84677,anilist,8,10,,夜斗,夜ト,Yato,Yatty / Amagiri no Mikoto / Jersey / Drippy,男,,,动画|漫画,动画,ノラガミ,野良神,2014,动画,"[{""t"":""ノラガミ"",""cn"":""野良神"",""ty"":""动画"",""y"":2014,""pop"":539059},{""t"":""ノラガミ ARAGOTO"",""cn"":""野良神 ARAGOTO"",""ty"":""动画"",""y"":2015,""pop"":311142},{""t"":""ノラガミ OAD"",""cn"":""野良神 OAD"",""ty"":""动画"",""y"":2014,""pop"":76788},{""t"":""ノラガミ"",""cn"":""野良神"",""ty"":""漫画"",""y"":2010,""pop"":62518},{""t"":""ノラガミ ARAGOTO OAD"",""cn"":""野良神 ARAGOTO OAD"",""ty"":""动画"",""y"":2015,""pop"":43437},{""t"":""ノラネコ"",""cn"":"""",""ty"":""动画"",""y"":2014,""pop"":3939}]",祀られる社もないマイナーで無名な神。自称「デリバリーゴッド」。武神だが、八百万の神の中でも末端の末端の存在。あらゆるものを斬る能力を持つ。かつては人斬りも行っており、禍事を好む卑しい禍津神として知られていた。神器の名前には「音」の一文字を入れる。,14088,14088,0,229,,https://s4.anilist.co/file/anilistcdn/character/large/b84677-PFmohzIXD1ud.png,https://s4.anilist.co/file/anilistcdn/character/medium/b84677-PFmohzIXD1ud.png,https://lain.bgm.tv/r/400/pic/crt/l/5b/73/22789_crt_YV6yA.jpg,,,https://anilist.co/character/84677,https://bgm.tv/character/22789,,22789
vndb-c111,vndb,8,10,,神宫司麻理茉,神宮司 まりも,Jinguuji Marimo,Mad Dog / 狂犬 / Kyouken / Mad Dog,女,,,Galgame,Galgame,マブラヴ,Muv-Luv,2003,Galgame,"[{""t"":""マブラヴ"",""cn"":""Muv-Luv"",""ty"":""Galgame"",""y"":2003,""pop"":11564},{""t"":""マブラヴ　オルタネイティヴ"",""cn"":""Muv-Luv Alternative"",""ty"":""Galgame"",""y"":2006,""pop"":11333},{""t"":""マブラヴ ALTERED FABLE"",""cn"":""Muv-Luv ALTERED FABLE"",""ty"":""Galgame"",""y"":2007,""pop"":874},{""t"":""マブラヴ アンリミテッド ザ・デイアフター"",""cn"":"""",""ty"":""Galgame"",""y"":2010,""pop"":690},{""t"":""マブラヴ サプリメント"",""cn"":""Muv-Luv supplement"",""ty"":""Galgame"",""y"":2004,""pop"":521},{""t"":""マブラヴ オルタネイティヴ クロニクルズ 贖罪"",""cn"":"""",""ty"":""Galgame"",""y"":2006,""pop"":435}]",３年Ｂ組的担任教師。担当教科是英語。 横滨基地卫士训练学校的教官，军阶为中士。国連軍20700。 A-01部队的卫士们全是她的学生。 和夕呼是自横滨基地由联合国军接管前，还是日本帝国军白陵基地时就认识的朋友。 日本帝国陆军出身。深受所有学生的敬爱。,11564,0,11564,116,,https://t.vndb.org/ch/42/142.jpg,https://t.vndb.org/ch/42/142.jpg,https://lain.bgm.tv/r/400/pic/crt/l/9e/a7/16875_crt_iaoqi.jpg?r=1638376531,#603e32 #7e6a5e #c9a478 #e7e1d4 #afb0b3 #929294,Brown Waist Length+ Wavy Slim Pale Cowgirl Blowjob Amber Young-adult Kemonomimi Headband,,https://bgm.tv/character/16875,https://vndb.org/c111,16875
vndb-c7659,vndb,8,10,,,芙蓉 幹夫,Fuyou Mikio,,男,,,Galgame,Galgame,SHUFFLE!,,2004,Galgame,"[{""t"":""SHUFFLE!"",""cn"":"""",""ty"":""Galgame"",""y"":2004,""pop"":4051},{""t"":""Really? Really!"",""cn"":"""",""ty"":""Galgame"",""y"":2006,""pop"":443}]",Mikio is Kaede's father and the husband of Momiji Fuyou. His only appearance in the visual novels is as a secondary character in Really? Really!. From Wikipedia,4051,0,4051,0,,https://t.vndb.org/ch/00/23500.jpg,https://t.vndb.org/ch/00/23500.jpg,,#886a56 #cdb098 #ebdacb #f1ebe6 #faf8f7,Brown Short Straight Brown Pale Trousers Adult Friendly Husband Widower,,,https://vndb.org/c7659,
al2948,anilist,8,10,,高杉晋助,高杉晋助,Shinsuke Takasugi,Hikusugi-kun,男,,,动画,动画,銀魂,银魂,2006,动画,"[{""t"":""銀魂"",""cn"":""银魂"",""ty"":""动画"",""y"":2006,""pop"":296063},{""t"":""銀魂゜"",""cn"":"""",""ty"":""动画"",""y"":2015,""pop"":119621},{""t"":""銀魂’"",""cn"":"""",""ty"":""动画"",""y"":2011,""pop"":110096},{""t"":""銀魂’延長戦"",""cn"":"""",""ty"":""动画"",""y"":2012,""pop"":84431},{""t"":""銀魂。"",""cn"":""银魂"",""ty"":""动画"",""y"":2017,""pop"":82894},{""t"":""銀魂. 銀ノ魂篇"",""cn"":"""",""ty"":""动画"",""y"":2018,""pop"":60568}]",日本动漫作品《银魂》（作者：空知英秋）中的人物。标志形象是长枪烟斗、左眼绷带和绣着金蝶的紫色和服。被称为“攘夷浪士中最过激、最危险的男人”。,2998,2998,0,145,,https://s4.anilist.co/file/anilistcdn/character/large/b2948-Er1xnL05k1oU.png,https://s4.anilist.co/file/anilistcdn/character/medium/b2948-Er1xnL05k1oU.png,https://lain.bgm.tv/r/400/pic/crt/l/d0/c0/3059_crt_864zB.jpg,,,https://anilist.co/character/2948,https://bgm.tv/character/3059,,3059
vndb-c59814,vndb,8,10,,雨宫明良,雨宮 明良,Amamiya Akira,,男,,,Galgame,Galgame,ef - a fairy tale of the two.,,2006,Galgame,"[{""t"":""ef - a fairy tale of the two."",""cn"":"""",""ty"":""Galgame"",""y"":2006,""pop"":2878},{""t"":""ef - a fairy tale of the two."",""cn"":"""",""ty"":""Galgame"",""y"":2006,""pop"":2878},{""t"":""ef - a fairy tale of the two."",""cn"":"""",""ty"":""Galgame"",""y"":2006,""pop"":2878},{""t"":""ef - a fairy tale of the two."",""cn"":"""",""ty"":""Galgame"",""y"":2006,""pop"":2878},{""t"":""天使の日曜日 “ef - a fairy tale of the two.” Pleasurable Box."",""cn"":"""",""ty"":""Galgame"",""y"":2010,""pop"":107}]",优子的继兄，音羽学园的美术老师。在音羽的地震当中失去了妹妹，于是收养了优子并将其视为妹妹的替代品。因为优子在the first tale.中的人气非常高，所以当玩家在the latter tale. 中得知优子的身世之后在愤怒中给雨宫明良冠上了“人渣良”的称号。,2878,0,2878,2,,https://t.vndb.org/ch/68/71168.jpg,https://t.vndb.org/ch/68/71168.jpg,https://lain.bgm.tv/r/400/pic/crt/l/07/83/616_crt_4O7aU.jpg,#b1a4a4 #85868b #5c615c #cfc5c4 #e4e6e1 #f5f7f6,Brown Wavy Curtained Short Slim Pale Violet Young-adult Suit Necktie,,https://bgm.tv/character/616,https://vndb.org/c59814,616
vndb-c36547,vndb,8,10,,,大徳 淳和,Daitoku Junna,DAITOKU＿JUNJUN / Karate-senpai / Klutzy,女,O,,Galgame,Galgame,ROBOTICS;NOTES,机器人笔记,2012,Galgame,"[{""t"":""ROBOTICS;NOTES"",""cn"":""机器人笔记"",""ty"":""Galgame"",""y"":2012,""pop"":1864},{""t"":""ROBOTICS;NOTES DaSH"",""cn"":"""",""ty"":""Galgame"",""y"":2019,""pop"":773}]","One of the members of the Robotics Club and a member of the school's karate club. Because of a traumatizing event in her past, she is reluctant to interact with robots. [From Wikipedia]",1864,0,1864,0,,https://t.vndb.org/ch/31/44131.jpg,https://t.vndb.org/ch/31/44131.jpg,,#b6a29a #494351 #d4cdc9 #fdfbf4 #ebeae6,Black Bob Cut Short Teen Slim School Uniform Black Dark Keikogi Gloves,,,https://vndb.org/c36547,
vndb-c39790,vndb,8,10,,,早瀬 ふかみ,Hayase Fukami,,女,,,Galgame,Galgame,まいてつ,,2016,Galgame,"[{""t"":""まいてつ"",""cn"":"""",""ty"":""Galgame"",""y"":2016,""pop"":1818},{""t"":""まいてつ Last Run!!"",""cn"":"""",""ty"":""Galgame"",""y"":2020,""pop"":384}]",,1818,0,1818,0,,https://t.vndb.org/ch/41/54741.jpg,https://t.vndb.org/ch/41/54741.jpg,,#7a948b #424452 #d2beb3 #f7ead5 #f4f3ed #ffffff,Black Twin Tails Waist Length+ Straight Slim Pale Uniform Missionary Doggy Style Cowgirl,,,https://vndb.org/c39790,
vndb-c112133,vndb,8,10,,,暮主 水晶,Kuranushi Mizuki,Bibi / Big Big Sis / Big Sis / Masked Woman,女,,,Galgame,Galgame,AI: ソムニウムファイル ニルヴァーナイニシアチブ,AI：梦境档案 涅槃肇始,2022,Galgame,,,1753,0,1753,0,,https://t.vndb.org/ch/49/135649.jpg,https://t.vndb.org/ch/49/135649.jpg,,#413535 #777e7e #a6afb0 #e0dcd5 #c3c9c9 #f3f2ee,Ponytail Twin Tails Waist Length+ Pale Fighting Assault Amber Blue Grey Young-adult,,,https://vndb.org/c112133,
al289969,anilist,8,10,1997,,諏訪零,Rei Suwa,,男,,25,动画,动画,Buddy Daddies,,2023,动画,,Rei is a man of few words who doesn't mind that [Kazuki](//anilist.co/character/289968/Kurusu-Kazuki) has already moved into his house.,1359,1359,0,0,,https://s4.anilist.co/file/anilistcdn/character/large/b289969-u5TaqUPu78Ka.png,https://s4.anilist.co/file/anilistcdn/character/medium/b289969-u5TaqUPu78Ka.png,,,,https://anilist.co/character/289969,,,
vndb-c17620,vndb,8,10,,,加賀美 ヘキル,Kagami Hekiru,Hekki,女,,,Galgame,Galgame,Clover Day's,,2014,Galgame,,"""Yuu. Can we have sex?"" A childhood friend of Yuuto's , younger by one year, and also Hikaru's older identical twin sister. Hekiru has beautiful, sapphire eyes, and is a gifted artist.",1296,0,1296,0,,https://t.vndb.org/ch/51/22251.jpg,https://t.vndb.org/ch/51/22251.jpg,,#4e415d #a795a4 #d6c7c2 #ede7e1 #f6f4f1 #ffffff,White Twin Tails Long Wavy Teen Slim Pale School Uniform Cooking Missionary,,,https://vndb.org/c17620,
vndb-c17621,vndb,8,10,,,加賀美 ヒカル,Kagami Hikaru,Hikki,女,,,Galgame,Galgame,Clover Day's,,2014,Galgame,,"""Any guy can get lost. Hekiru belongs to me and no one else!"" A childhood friend of Yuuto's , younger by one year, and also Hekiru's younger identical twin sister.",1296,0,1296,0,,https://t.vndb.org/ch/52/22252.jpg,https://t.vndb.org/ch/52/22252.jpg,,#4c3d5b #a693a5 #d8c8c2 #eee7e3 #f7f5f3 #ffffff,White Bun Long Wavy Teen Slim Pale School Uniform Cooking Missionary,,,https://vndb.org/c17621,
vndb-c38344,vndb,8,10,,,アラン 新巻,Alan Aramaki,Alan the Brawler / Daisuke Aramaki,男,,,Galgame,Galgame,ローズガンズデイズ,,2012,Galgame,,A lively guy who works for Primavera and will eagerly take part in any brawl. Both he and Keith fought in Siberia − where they had to work in a prisoners' camp − during the war and only work with each other.,1103,0,1103,0,,https://t.vndb.org/ch/76/46976.jpg,https://t.vndb.org/ch/76/46976.jpg,,#bfb337 #54454d #8a939c #e0d2bd #e8eae8 #ffffff,Blue Short Brown Necktie Stoic Outgoing Friendly Boyfriend Mafia Soldier,,,https://vndb.org/c38344,
al779,anilist,8,10,,,ラビ,Lavi,Bookman Junior / Baka Usagi,男,O,19,动画|漫画|轻小说,动画,ディー・グレイマン,,2006,动画,"[{""t"":""ディー・グレイマン"",""cn"":"""",""ty"":""动画"",""y"":2006,""pop"":117180},{""t"":""ディー・グレイマン"",""cn"":"""",""ty"":""漫画"",""y"":2004,""pop"":42535},{""t"":""ディー・グレイマン ハロー"",""cn"":"""",""ty"":""动画"",""y"":2016,""pop"":37297},{""t"":""D.Gray-man reverse"",""cn"":"""",""ty"":""轻小说"",""y"":2005,""pop"":997}]","177cm (5'9"") A cheerful Exorcist of mixed race, who aims to become a Bookman and is working along the Black Order just to be close to the events that must be seen.",965,965,0,0,,https://s4.anilist.co/file/anilistcdn/character/large/b779-kSxmhfuEP2UR.png,https://s4.anilist.co/file/anilistcdn/character/medium/b779-kSxmhfuEP2UR.png,,,,https://anilist.co/character/779,,,
al25275,anilist,8,10,,,川本モモ,Momo Kawamoto,,女,,3,动画|漫画,动画,３月のライオン,,2016,动画,"[{""t"":""３月のライオン"",""cn"":"""",""ty"":""动画"",""y"":2016,""pop"":214026},{""t"":""３月のライオン 第2シリーズ"",""cn"":"""",""ty"":""动画"",""y"":2017,""pop"":130084},{""t"":""3月のライオン"",""cn"":""3月的狮子"",""ty"":""漫画"",""y"":2007,""pop"":34400},{""t"":""I AM STANDING"",""cn"":"""",""ty"":""动画"",""y"":2019,""pop"":1262},{""t"":""うごく！ニャー将棋　二海堂センセイのもっちり将棋教室"",""cn"":"""",""ty"":""动画"",""y"":2017,""pop"":871}]","The youngest of the three sisters. A preschool student, she attends a daycare center. Pure and innocent, she has a bit of a selfish streak at times.",915,915,0,0,,https://s4.anilist.co/file/anilistcdn/character/large/b25275-LQUSZ2mqifx2.png,https://s4.anilist.co/file/anilistcdn/character/medium/b25275-LQUSZ2mqifx2.png,,,,https://anilist.co/character/25275,,,
vndb-c53941,vndb,8,10,,,獅子ヶ谷 桐花,Shishigaya Touka,Major Killjoy / Tohka / トーカ,女,A,,Galgame,Galgame,グリザイア ファントムトリガー Vol. 1,,2017,Galgame,"[{""t"":""グリザイア ファントムトリガー Vol. 1"",""cn"":"""",""ty"":""Galgame"",""y"":2017,""pop"":820},{""t"":""グリザイア ファントムトリガー Vol. 2"",""cn"":"""",""ty"":""Galgame"",""y"":2017,""pop"":594},{""t"":""グリザイア ファントムトリガー Vol. 3"",""cn"":"""",""ty"":""Galgame"",""y"":2017,""pop"":531},{""t"":""グリザイア ファントムトリガー Vol. 4"",""cn"":"""",""ty"":""Galgame"",""y"":2018,""pop"":480},{""t"":""グリザイア ファントムトリガー Vol. 5"",""cn"":"""",""ty"":""Galgame"",""y"":2018,""pop"":445},{""t"":""グリザイア ファントムトリガー Vol. 6"",""cn"":"""",""ty"":""Galgame"",""y"":2019,""pop"":369}]","A sniper. Her mother is German, her father American. Growing up, Tohka learned self-defense techniques and riflery from her father, a former soldier, and his comrades; she was the youngest ever winner of a shooting competition in her hometo…",820,0,820,0,,https://t.vndb.org/ch/15/65715.jpg,https://t.vndb.org/ch/15/65715.jpg,,#324a61 #858d9c #bcbec6 #e0dde2 #eff0f5 #ffffff,Twin Tails Waist Length+ Straight Teen Slim Pale School Uniform Fighting Amber Cloak,,,https://vndb.org/c53941,
vndb-c5829,vndb,8,10,,,レイン・ヘルマー,Rein Helmer,Helmer-san / Jii-san / Jiji / Rein-san,男,O,,Galgame,Galgame,カタハネ,,2006,Galgame,,"The greatest Doll engineer of the modern time owning the title of National treasure. Cero's caretaker and the creator of Belle who always calls him ""Father"".",804,0,804,0,,https://t.vndb.org/ch/00/61600.jpg,https://t.vndb.org/ch/00/61600.jpg,,#b27374 #c0b0ac #e3d5ca #eeede9 #f8f8f6,White Beard Moustache Brown Trousers Magician Old Overweight Suit Hat,,,https://vndb.org/c5829,
vndb-c71926,vndb,8,10,,,小鹿 日和,Kojika Hiwa,,女,O,,Galgame,Galgame,ろけらぶ - 同棲×後輩,,2018,Galgame,"[{""t"":""ろけらぶ - 同棲×後輩"",""cn"":"""",""ty"":""Galgame"",""y"":2018,""pop"":771},{""t"":""ろけらぶ 電車×同級生"",""cn"":"""",""ty"":""Galgame"",""y"":2019,""pop"":655},{""t"":""ろけらぶ 神社×先輩"",""cn"":"""",""ty"":""Galgame"",""y"":2020,""pop"":389}]","Hiwa is Ichitaro's junior at school, and works part-time at the same bakery, ""Fille et Lait"". Though she's still a newbie, she's extremely well-liked among the customers, always serving them with a bright and genuine smile, truly grateful f…",771,0,771,0,,https://t.vndb.org/ch/37/87037.jpg,https://t.vndb.org/ch/37/87037.jpg,,#c5869d #4d4068 #f0c5c4 #f9e7e0 #f8f6f3 #ffffff,Pink Twin Tails Waist Length+ Straight Teen Slim Pale School Uniform Cooking Missionary,,,https://vndb.org/c71926,
al82259,anilist,8,10,,,イッショウ,Isshou,Fujitora (藤虎) / Wisteria Tiger,男,S,54-,动画|漫画,动画,ONE PIECE,航海王,1999,动画,"[{""t"":""ONE PIECE"",""cn"":""航海王"",""ty"":""动画"",""y"":1999,""pop"":750384},{""t"":""ONE PIECE"",""cn"":""航海王"",""ty"":""漫画"",""y"":1997,""pop"":232766},{""t"":""ONE PIECE FILM RED"",""cn"":""航海王：红发歌姬"",""ty"":""动画"",""y"":2022,""pop"":78378},{""t"":""ONE PIECE STAMPEDE"",""cn"":""航海王：狂热行动"",""ty"":""动画"",""y"":2019,""pop"":62019},{""t"":""ONE PIECE エピソードオブサボ ~3兄弟の絆 奇跡の再会と受け継がれる意志~"",""cn"":"""",""ty"":""动画"",""y"":2015,""pop"":10559},{""t"":""東京ワンピースタワー トンガリ島の大秘宝"",""cn"":"""",""ty"":""动画"",""y"":2016,""pop"":2185}]","270 cm (8'10"") Marines Admiral Zushi Zushi no Mi Paramecia Isshou, better known by his alias Fujitora, is an admiral in the Marines.",723,723,0,0,,https://s4.anilist.co/file/anilistcdn/character/large/b82259-NFdvvcSHup7Z.jpg,https://s4.anilist.co/file/anilistcdn/character/medium/b82259-NFdvvcSHup7Z.jpg,,,,https://anilist.co/character/82259,,,
al87971,anilist,8,10,,,可児江西也,Seiya Kanie,Seiya Kodama,男,,,动画|漫画|轻小说,动画,甘城ブリリアントパーク,,2014,动画,"[{""t"":""甘城ブリリアントパーク"",""cn"":"""",""ty"":""动画"",""y"":2014,""pop"":165041},{""t"":""甘城ブリリアントパーク 「のんびりしている暇がない!」"",""cn"":"""",""ty"":""动画"",""y"":2015,""pop"":31403},{""t"":""甘城ブリリアントパーク「わくわくミニシアター らくがきバックステージ」"",""cn"":"""",""ty"":""动画"",""y"":2014,""pop"":13506},{""t"":""甘城ブリリアントパーク"",""cn"":"""",""ty"":""漫画"",""y"":2014,""pop"":2458},{""t"":""甘城ブリリアントパーク"",""cn"":"""",""ty"":""轻小说"",""y"":2013,""pop"":1881},{""t"":""甘城ブリリアントパーク？ふも"",""cn"":"""",""ty"":""漫画"",""y"":2014,""pop"":195}]","Seiya is a perfectionist high school student who is mentally sharp, intelligent, has excellent reflexes, and acts like a prince to the point of being a narcissist, much to the annoyance of others.",645,645,0,0,,https://s4.anilist.co/file/anilistcdn/character/large/87971-Os3Rm0dAZMVy.png,https://s4.anilist.co/file/anilistcdn/character/medium/87971-Os3Rm0dAZMVy.png,,,,https://anilist.co/character/87971,,,
vndb-c88521,vndb,8,10,,,,Baileys,,男,,,Galgame,Galgame,Coffee Talk,,2018,Galgame,,"Baileys is a freelance designer elf who fights a lot with his family because they want him to get a ""proper"" job like most doctor, lawyer, or worst come to worst ... a successful startup founder. He is currently dating Lua.",537,0,537,0,,https://t.vndb.org/ch/81/113581.jpg,https://t.vndb.org/ch/81/113581.jpg,,#8ab475 #736b3c #473d34 #312b23 #181a15,Brown Short Slim Pale Young-adult Scarf T-shirt Boyfriend Mobile Phone Elf,,,https://vndb.org/c88521,
al2006,anilist,8,10,,,ヤマト,Yamato,Tenzou (テンゾウ),男,A,26,动画|漫画,动画,NARUTO -ナルト- 疾風伝,火影忍者疾风传,2007,动画,"[{""t"":""NARUTO -ナルト- 疾風伝"",""cn"":""火影忍者疾风传"",""ty"":""动画"",""y"":2007,""pop"":610025},{""t"":""NARUTO -ナルト-"",""cn"":""火影忍者"",""ty"":""漫画"",""y"":1999,""pop"":99205},{""t"":""劇場版 NARUTO -ナルト- ブラッド・プリズン"",""cn"":"""",""ty"":""动画"",""y"":2011,""pop"":57984},{""t"":""劇場版 NARUTO -ナルト- 疾風伝 ザ・ロストタワー"",""cn"":""火影忍者疾风传 剧场版 失落之塔"",""ty"":""动画"",""y"":2010,""pop"":55506},{""t"":""劇場版 NARUTO -ナルト- 疾風伝 絆"",""cn"":""火影忍者疾风传 剧场版 羁绊"",""ty"":""动画"",""y"":2008,""pop"":51380},{""t"":""NARUTOナルトSD ロック・リーの青春フルパワー忍伝"",""cn"":"""",""ty"":""动画"",""y"":2012,""pop"":19983}]","178 cm Yamato is a member of Konoha's ANBU, and a younger peer of [Kakashi Hatake](//anilist.co/character/85/Hatake-Kakashi). He is also the temporary leader of Team Kakashi, and one of the main protagonists of the series.",527,527,0,0,,https://s4.anilist.co/file/anilistcdn/character/large/b2006-FTCz2Eu3cXsI.png,https://s4.anilist.co/file/anilistcdn/character/medium/b2006-FTCz2Eu3cXsI.png,,,,https://anilist.co/character/2006,,,
al130785,anilist,8,10,,,レオナルド・バーンズ,Leonard Burns,,男,,50,动画|漫画,动画,炎炎ノ消防隊,炎炎消防队,2019,动画,"[{""t"":""炎炎ノ消防隊"",""cn"":""炎炎消防队"",""ty"":""动画"",""y"":2019,""pop"":483496},{""t"":""炎炎ノ消防隊 弐ノ章"",""cn"":""炎炎消防队 二之章"",""ty"":""动画"",""y"":2020,""pop"":300881},{""t"":""炎炎ノ消防隊 参ノ章"",""cn"":""炎炎消防队 叁之章"",""ty"":""动画"",""y"":2025,""pop"":130164},{""t"":""炎炎ノ消防隊 参ノ章 第2クール"",""cn"":""炎炎消防队 叁之章 第2部分"",""ty"":""动画"",""y"":2026,""pop"":88814},{""t"":""炎炎ノ消防隊"",""cn"":""炎炎消防队"",""ty"":""漫画"",""y"":2015,""pop"":66020}]","He is a Third Generation pyrokinetic, and the Captain of Special Fire Force Company 1.",495,495,0,0,,https://s4.anilist.co/file/anilistcdn/character/large/b130785-zvGvLqecFUYX.png,https://s4.anilist.co/file/anilistcdn/character/medium/b130785-zvGvLqecFUYX.png,,,,https://anilist.co/character/130785,,,
vndb-c21843,vndb,8,10,,,ココロ ユーディット,Kokoro Judith,,女,,,Galgame,Galgame,あまたらすリドルスター,,2013,Galgame,,"The girl who emerged from the castle that the school was turned into after the meteor show. Kokoro is always accompanied by a maid named “Iru”, who can launch her head at anyone; this is done first at Takaya, but used often as a running gag…",486,0,486,0,,https://t.vndb.org/ch/88/27088.jpg,https://t.vndb.org/ch/88/27088.jpg,,#db8f92 #7d4b5b #e9c8bf #f2e4db #f9f6f2 #feffff,Pink Odango Twin Tails Waist Length+ Straight Slim Pale School Uniform Hard Worker Missionary,,,https://vndb.org/c21843,
al128729,anilist,8,10,,,滝川雅貴,Masaki Takigawa,,男,,23,动画,动画,ツルネ ―風舞高校弓道部―,,2018,动画,"[{""t"":""ツルネ ―風舞高校弓道部―"",""cn"":"""",""ty"":""动画"",""y"":2018,""pop"":60583},{""t"":""ツルネ －つながりの一射－"",""cn"":"""",""ty"":""动画"",""y"":2023,""pop"":19948},{""t"":""ツルネ ―風舞高校弓道部― 第十四話「矢場い」"",""cn"":"""",""ty"":""动画"",""y"":2019,""pop"":13165},{""t"":""劇場版ツルネ －はじまりの一射－"",""cn"":"""",""ty"":""动画"",""y"":2022,""pop"":8752}]",184 cm (6’1) Masaki Takigawa is a senior shrine priest at Yata Shrine and later becomes the coach for the Kazemai High School Kyudo Club. He holds a fifth dan rank in kyudo.,446,446,0,0,,https://s4.anilist.co/file/anilistcdn/character/large/b128729-93C82wnqJzmH.jpg,https://s4.anilist.co/file/anilistcdn/character/medium/b128729-93C82wnqJzmH.jpg,,,,https://anilist.co/character/128729,,,
al12669,anilist,8,10,,,鹿賀りん,Rin Kaga,,女,,6,动画|漫画,动画,うさぎドロップ,,2011,动画,"[{""t"":""うさぎドロップ"",""cn"":"""",""ty"":""动画"",""y"":2011,""pop"":101636},{""t"":""うさぎドロップ ミニストーリー"",""cn"":"""",""ty"":""动画"",""y"":2011,""pop"":16405},{""t"":""うさぎドロップ"",""cn"":"""",""ty"":""漫画"",""y"":2005,""pop"":12460}]",": 112 - 120 cm (3'6"" - 3'9"") Rin is a six-year-old girl and the the illegitimate daughter of Daikichi's grandfather, Souichi Kaga and and manga artist Masako Yoshii.",425,425,0,0,,https://s4.anilist.co/file/anilistcdn/character/large/b12669-txIOgp7as6ca.png,https://s4.anilist.co/file/anilistcdn/character/medium/b12669-txIOgp7as6ca.png,,,,https://anilist.co/character/12669,,,
vndb-c10898,vndb,8,10,,,エバ,Evan,,男,B,,Galgame,Galgame,冤罪,,2002,Galgame,,"Evan was once a journalist working for a newspaper, but is now one of the prisoners at the same penitentiary as Guys. He has a youthful energy about him, and isn't the type to forgive anything unjust.",421,0,421,0,,https://t.vndb.org/ch/92/12292.jpg,https://t.vndb.org/ch/92/12292.jpg,,#9c9681 #cec9b1 #514e41 #e2e0d7 #ffffff,Blond Short Trousers Hotblooded Amber Adult Olive Shirt Ore Pretending,,,https://vndb.org/c10898,
vndb-c53948,vndb,8,10,,,ショコラ・ネージュ,Chocolat Neige,,女,,,Galgame,Galgame,しゅがてん！-sugarfull tempering-,,2017,Galgame,,Kurou's cakes Studying Favorite Mille crêpes The daughter of the president of a large company who has come to take over Folkroll.,418,0,418,0,,https://t.vndb.org/ch/93/71293.jpg,https://t.vndb.org/ch/93/71293.jpg,,#ddb7b3 #916e87 #e8ded2 #f5eee7 #fcfbf5,Blond Twin Tails Waist Length+ Wavy Kemonomimi Teen Slim Pale Hard Worker Cooking,,,https://vndb.org/c53948,
al190866,anilist,8,10,,,安柏,Amber,Champion Glider / Outrider,女,,,漫画,漫画,原神PROJECT,,2018,漫画,"[{""t"":""原神PROJECT"",""cn"":"""",""ty"":""漫画"",""y"":2018,""pop"":8847},{""t"":""原神 電撃コミックアンソロジー"",""cn"":"""",""ty"":""漫画"",""y"":2021,""pop"":2975},{""t"":""原神 コミックアンソロジー"",""cn"":"""",""ty"":""漫画"",""y"":2021,""pop"":1857},{""t"":""《原神》四格漫画"",""cn"":"""",""ty"":""漫画"",""y"":2020,""pop"":1295}]","Mondstadt Lepus A perky, straightforward girl, who is also the only Outrider of the Knights of Favonius. Her amazing mastery of the glider has made her a three-time winner of the Gliding Champion in Mondstadt.",377,377,0,0,,https://s4.anilist.co/file/anilistcdn/character/large/b190866-PofZZ3L84A3B.png,https://s4.anilist.co/file/anilistcdn/character/medium/b190866-PofZZ3L84A3B.png,,,,https://anilist.co/character/190866,,,
vndb-c136806,vndb,8,10,,,スカーレット・斑鳩・ウィスタリア,Scarlet Ikaruga Wisteria,Scarlet Ikaruga Wistaria / イカちゃん / Ika-chan / レティ,女,B,,Galgame,Galgame,アマカノ３,,2025,Galgame,,"She is the protagonist's grandmother's adopted daughter and a senior student, one year older than him. She is an unparalleled beauty with striking blonde hair and blue eyes.",353,0,353,0,,https://t.vndb.org/ch/87/180287.jpg,https://t.vndb.org/ch/87/180287.jpg,,#475275 #ddb9b2 #a092a0 #f1e0d8 #faf5f0 #ffffff,Blond Bun Waist Length+ Wavy Teen Slim Pale School Uniform Orphan Cooking,,,https://vndb.org/c136806,
vndb-c95816,vndb,8,10,,,園池 桜子,Sonoike Sakurako,,女,,,Galgame,Galgame,ハジラブ -Making＊Lovers-,,2021,Galgame,"[{""t"":""ハジラブ -Making＊Lovers-"",""cn"":"""",""ty"":""Galgame"",""y"":2021,""pop"":353},{""t"":""ハジラブ -Making＊Lovers- ミニファンディスク Vol.01 桜子＆結衣編"",""cn"":"""",""ty"":""Galgame"",""y"":2022,""pop"":43}]",A childhood friend who has been close to the protagonist since kindergarten and knows him well. She honestly tells the protagonist what she wants and never forgets to stand up for him.,353,0,353,0,,https://t.vndb.org/ch/61/115561.jpg,https://t.vndb.org/ch/61/115561.jpg,,#c58099 #453754 #ecbac5 #f6dfde #f9f4ef #ffffff,Pink Waist Length+ Wavy Pale School Uniform Cooking Missionary Doggy Style Cowgirl Spoons,,,https://vndb.org/c95816,
vndb-c74824,vndb,8,10,,,朝比奈 栞,Asahina Kaori,,女,A,,Galgame,Galgame,1bitHeart,,2015,Galgame,,"The woman working the bookstore. Intellectual and calm. Hard to get her attention when she's focused. Thinking about marriage, but her standards are too high, so she's starting to get impatient.",316,0,316,0,,https://t.vndb.org/ch/75/90575.jpg,https://t.vndb.org/ch/75/90575.jpg,,#7b204c #ec4b5d #9f2957 #532d4d #9a6579 #d1b1be,Black Long Violet Glasses Friend Shopkeeper Smart Reading Marriage Proposal,,,https://vndb.org/c74824,
vndb-c74860,vndb,8,10,,,神代 焉,Kumashiro Enri,,男,O,,Galgame,Galgame,1bitHeart,,2015,Galgame,,"Akitaka's friend. Plays drums, and isn't good at string instruments. He has plenty of Larikkuma goods thanks to his friend, but he doesn't have much interest himself.",316,0,316,0,,https://t.vndb.org/ch/22/90622.jpg,https://t.vndb.org/ch/22/90622.jpg,,#892f55 #901b12 #ada56e #642b42 #42404d #5f5d5f,Green Red Friend Drummer Baseball Cap Band Member,,,https://vndb.org/c74860,
al169494,anilist,8,10,,,赤井はあと,Haato Akai,Haachama,女,,19,动画,动画,ホロのぐらふぃてぃ,,2019,动画,"[{""t"":""ホロのぐらふぃてぃ"",""cn"":"""",""ty"":""动画"",""y"":2019,""pop"":14672},{""t"":""『ホロライブ・オルタナティブ』 ティザーPVs"",""cn"":"""",""ty"":""动画"",""y"":2021,""pop"":5655},{""t"":""Shiny Smily Story"",""cn"":"""",""ty"":""动画"",""y"":2020,""pop"":1032},{""t"":""ホロライブ・サマー2022"",""cn"":"""",""ty"":""动画"",""y"":2022,""pop"":999},{""t"":""Shiny Smily Story"",""cn"":"""",""ty"":""动画"",""y"":2019,""pop"":824},{""t"":""flower rhapsody"",""cn"":"""",""ty"":""动画"",""y"":2024,""pop"":482}]","June 2, 2018 154 cm Haaton [HaruYuki]( //anilist.co/staff/169835/Haruyuki) 1st Gen Akai Haato is a female Japanese Virtual YouTuber associated with hololive.",308,308,0,0,,https://s4.anilist.co/file/anilistcdn/character/large/b169494-WG0EjL55WiCx.png,https://s4.anilist.co/file/anilistcdn/character/medium/b169494-WG0EjL55WiCx.png,,,,https://anilist.co/character/169494,,,
vndb-c65513,vndb,8,10,,,墨 小菊,Mo Xiaoju,,女,,,Galgame,Galgame,三色△绘恋 -Tricolour Lovestory-,,2017,Galgame,"[{""t"":""三色△绘恋 -Tricolour Lovestory-"",""cn"":"""",""ty"":""Galgame"",""y"":2017,""pop"":257},{""t"":""三色绘恋S -Sunnyrain Lovestory-"",""cn"":"""",""ty"":""Galgame"",""y"":2020,""pop"":42}]","One of the main characters, 17 and in her junior year. She always light up the room with her bright smile. But not always speaks her mind. She had lived in the same block with the young man, and had known him for 10 years.",257,0,257,0,,https://t.vndb.org/ch/65/78765.jpg,https://t.vndb.org/ch/65/78765.jpg,,#c17834 #d49554 #f0bb75 #a48673 #785b51 #f1dfca,Brown Twin Tails Amber Tsundere Childhood Friend High School Student,,,https://vndb.org/c65513,
al17312,anilist,8,10,,,テウチ,Teuchi,,男,O,43,动画|漫画,动画,NARUTO -ナルト-,火影忍者,2002,动画,"[{""t"":""NARUTO -ナルト-"",""cn"":""火影忍者"",""ty"":""动画"",""y"":2002,""pop"":725301},{""t"":""NARUTO -ナルト- 疾風伝"",""cn"":""火影忍者疾风传"",""ty"":""动画"",""y"":2007,""pop"":610025},{""t"":""THE LAST -NARUTO THE MOVIE-"",""cn"":""火影忍者 剧场版 终章"",""ty"":""动画"",""y"":2014,""pop"":142927},{""t"":""NARUTO -ナルト-"",""cn"":""火影忍者"",""ty"":""漫画"",""y"":1999,""pop"":99205},{""t"":""ROAD TO NINJA -NARUTO THE MOVIE-"",""cn"":""火影忍者 剧场版 忍者之路"",""ty"":""动画"",""y"":2012,""pop"":73423},{""t"":""劇場版 NARUTO -ナルト- 疾風伝 火の意志を継ぐ者"",""cn"":""火影忍者疾风传 剧场版 火之意志的继承者"",""ty"":""动画"",""y"":2009,""pop"":48348}]","170 cm Teuchi is the owner of the Ichiraku Ramen Bar. His daughter is [Ayame](//anilist.co/character/17310), and she works at his Ramen bar.",252,252,0,0,,https://s4.anilist.co/file/anilistcdn/character/large/17312.jpg,https://s4.anilist.co/file/anilistcdn/character/medium/17312.jpg,,,,https://anilist.co/character/17312,,,
vndb-c113577,vndb,8,10,,,保城 麗水,Hoshiro Remi,,女,B,,Galgame,Galgame,サメと生きる七日間,,2022,Galgame,,"""Hey, hey, in this situation, could it be...... We are, Papa and Mama!?"" Ice cream, swimming Kyouhei's childhood friend and classmate. She is a member of the school's swimming club and also serves as it's captain.",237,0,237,0,,https://t.vndb.org/ch/79/136379.jpg,https://t.vndb.org/ch/79/136379.jpg,,#e6b0b0 #918ba4 #f4decc #fcf3e6 #ffffff,Blond Short Straight Teen Slim Pale School Uniform Cooking Missionary Cowgirl,,,https://vndb.org/c113577,
vndb-c166814,vndb,8,10,,,하수창,Ha Su-chang,PlugHole,男,,,Galgame,Galgame,베리드 스타즈,,2020,Galgame,,,218,0,218,0,,https://t.vndb.org/ch/63/196663.jpg,https://t.vndb.org/ch/63/196663.jpg,,#caa384 #88665f #323a41 #e9ccb9 #ffffff,Short Coat Glasses Grey Older Brother Parted in Middle Pseudonym,,,https://vndb.org/c166814,
vndb-c83850,vndb,8,10,,,英 摩耶,Hanabusa Maya,The Sadistic President / ドS会長 / 氷の花,女,,,Galgame,Galgame,どっちのiが好きですか？,,2019,Galgame,,"The current student council president of the school the protagonist goes to. Due to her personality which doesn't allow for compromise when it comes to getting results, she is called a sadist by those around her.",217,0,217,0,,https://t.vndb.org/ch/56/102256.jpg,https://t.vndb.org/ch/56/102256.jpg,,#a98f80 #4c454f #dacbc5 #f3e7df #f8f6f1 #ffffff,Black Ponytail Teen Slim Pale Missionary Cowgirl Spoons Blowjob Virgin Sex,,,https://vndb.org/c83850,
vndb-c120959,vndb,8,10,,,帷,Tobari,,男,A,,Galgame,Galgame,泡沫のユークロニア,,2024,Galgame,"[{""t"":""泡沫のユークロニア"",""cn"":"""",""ty"":""Galgame"",""y"":2024,""pop"":187},{""t"":""泡沫のユークロニア -trail-"",""cn"":"""",""ty"":""Galgame"",""y"":2025,""pop"":27}]","""If I were mad enough to set the Great Taiju's realm on fire, do you think I would have any problem with killing a lone woman?"" Despite his young age, he is the current head of the entertainment district.",187,0,187,0,,https://t.vndb.org/ch/69/185469.jpg,https://t.vndb.org/ch/69/185469.jpg,,#373544 #ac998f #765f64 #d0c0b2 #f3e6d4 #fffffe,Brown Ahoge Long Pale Proactive Orphan Fighting Green Young-adult Earrings,,,https://vndb.org/c120959,
al1865,anilist,8,10,2003,,皇神楽耶,Kaguya Sumeragi,Goddess of Victory,女,,14-15,动画,动画,コードギアス 反逆のルルーシュ,Code Geass 反叛的鲁路修,2006,动画,"[{""t"":""コードギアス 反逆のルルーシュ"",""cn"":""Code Geass 反叛的鲁路修"",""ty"":""动画"",""y"":2006,""pop"":500273},{""t"":""コードギアス 反逆のルルーシュ R2"",""cn"":""Code Geass 反叛的鲁路修R2"",""ty"":""动画"",""y"":2008,""pop"":362942},{""t"":""コードギアス 復活のルルーシュ"",""cn"":""Code Geass 复活的鲁路修"",""ty"":""动画"",""y"":2019,""pop"":97127},{""t"":""コードギアス 奪還のロゼ"",""cn"":"""",""ty"":""动画"",""y"":2024,""pop"":34781},{""t"":""コードギアス 反逆のルルーシュⅡ 叛道"",""cn"":"""",""ty"":""动画"",""y"":2018,""pop"":26462},{""t"":""コードギアス｜ナナリーinワンダーランド"",""cn"":"""",""ty"":""动画"",""y"":2012,""pop"":17321}]","165 cm (5'5"") Kaguya Sumeragi is the young head mistress of the Kyōto House, and a supporter of the Black Knights. She is the representative of Sumeragi Concern, a large conglomerate founded by the Sumeragi House.",144,144,0,0,,https://s4.anilist.co/file/anilistcdn/character/large/1865-14xoLeBKilHb.jpg,https://s4.anilist.co/file/anilistcdn/character/medium/1865-14xoLeBKilHb.jpg,,,,https://anilist.co/character/1865,,,
vndb-c4782,vndb,8,11,,,ツボミ,Tsubomi,,女,,,Galgame,Galgame,SHUFFLE!,,2004,Galgame,"[{""t"":""SHUFFLE!"",""cn"":"""",""ty"":""Galgame"",""y"":2004,""pop"":4051},{""t"":""SHUFFLE!"",""cn"":"""",""ty"":""Galgame"",""y"":2004,""pop"":4051},{""t"":""SHUFFLE!"",""cn"":"""",""ty"":""Galgame"",""y"":2004,""pop"":4051},{""t"":""SHUFFLE!"",""cn"":"""",""ty"":""Galgame"",""y"":2004,""pop"":4051},{""t"":""SHUFFLE!"",""cn"":"""",""ty"":""Galgame"",""y"":2004,""pop"":4051},{""t"":""SHUFFLE!"",""cn"":"""",""ty"":""Galgame"",""y"":2004,""pop"":4051}]",４人の中では、最もおしとやか。 料理など家事全般が得意な、お世話屋さん。一同のまとめ役。 常に控えめで、自分の意見を押し通すことはせずみんなの希望を優先させる。,4051,0,4051,1,,https://t.vndb.org/ch/56/53056.jpg,https://t.vndb.org/ch/56/53056.jpg,https://lain.bgm.tv/r/400/pic/crt/l/39/8c/175261_crt_afF0P.jpg,#c7a26c #744b48 #dacbbc #f5ecd7 #f0f1f2 #ffffff,Blond Curtained Shoulder-length Straight Teen Slim Pale Missionary Blowjob Sixty-nine,,https://bgm.tv/character/175261,https://vndb.org/c4782,175261
al314801,anilist,8,11,,,六平千鉱,Chihiro Rokuhira,チヒロ / Samurai / Knight of Darkness,男,,"18 (Timeskip), 14 (Pre-timeskip)",动画|漫画,漫画,カグラバチ,,2023,漫画,"[{""t"":""カグラバチ"",""cn"":"""",""ty"":""漫画"",""y"":2023,""pop"":69984},{""t"":""カグラバチ"",""cn"":"""",""ty"":""动画"",""y"":2027,""pop"":28834}]","170-175 cm Son and apprentice of the master swordsmith [Kunishige Rokuhira](//anilist.co/character/314803). Wielder of the Enchanted Blade Enten, and a user of the Iai White Purity Style.",1126,1126,0,0,,https://s4.anilist.co/file/anilistcdn/character/large/b314801-MvuHiyPe5Dxu.png,https://s4.anilist.co/file/anilistcdn/character/medium/b314801-MvuHiyPe5Dxu.png,,,,https://anilist.co/character/314801,,,
al121529,anilist,8,11,,,岳山優,Yuu Takeyama,Mt. Lady (Mt.レディ) / Lady / Mineyama Hero: Mt. Lady,女,B,22-,动画,动画,僕のヒーローアカデミア,我的英雄学院,2016,动画,"[{""t"":""僕のヒーローアカデミア"",""cn"":""我的英雄学院"",""ty"":""动画"",""y"":2016,""pop"":873712},{""t"":""僕のヒーローアカデミア２"",""cn"":"""",""ty"":""动画"",""y"":2017,""pop"":655237},{""t"":""僕のヒーローアカデミア３"",""cn"":"""",""ty"":""动画"",""y"":2018,""pop"":600666},{""t"":""僕のヒーローアカデミア４"",""cn"":"""",""ty"":""动画"",""y"":2019,""pop"":532336},{""t"":""僕のヒーローアカデミア５"",""cn"":"""",""ty"":""动画"",""y"":2021,""pop"":414683},{""t"":""僕のヒーローアカデミア６"",""cn"":"""",""ty"":""动画"",""y"":2022,""pop"":269963}]","162 cm (5'4"") (Normal form); 2062cm (67'8"") (Transformed) Gigantification Pro Hero Pro Hero. Her Quirk allows her to grow to a gigantic size.",1124,1124,0,0,,https://s4.anilist.co/file/anilistcdn/character/large/b121529-Uu4aQdOP4G98.png,https://s4.anilist.co/file/anilistcdn/character/medium/b121529-Uu4aQdOP4G98.png,,,,https://anilist.co/character/121529,,,
al456,anilist,8,11,,,クラウド・ストライフ,Cloud Strife,Ex-SOLDIER / Miss Cloud / Spiky / Spike ,男,AB,21-24,动画|漫画,动画,ファイナルファンタジーVII アドベントチルドレン,,2005,动画,"[{""t"":""ファイナルファンタジーVII アドベントチルドレン"",""cn"":"""",""ty"":""动画"",""y"":2005,""pop"":29010},{""t"":""ファイナルファンタジーVII アドベント チルドレン コンプリート"",""cn"":"""",""ty"":""动画"",""y"":2009,""pop"":18369},{""t"":""ラストオーダー -ファイナルファンタジーVII-"",""cn"":"""",""ty"":""动画"",""y"":2005,""pop"":9789},{""t"":""キングダムハーツ"",""cn"":"""",""ty"":""漫画"",""y"":2003,""pop"":4832},{""t"":""ファイナルファンタジーVII On the Way to a Smile デンゼル編"",""cn"":"""",""ty"":""动画"",""y"":2009,""pop"":4567},{""t"":""どんぎつねシーズン2"",""cn"":"""",""ty"":""动画"",""y"":2022,""pop"":507}]","Nibelheim 173 cm (5'7"") Main protagonist of _Final Fantasy VII_. He has blonde hair and vivid, blue eyes, and is a featured SOLDIER member. His shimmering blue eyes are a sign of having been exposed to mako energy from Shinra.",1074,1074,0,0,,https://s4.anilist.co/file/anilistcdn/character/large/b456-aqvvhzG5aUXV.png,https://s4.anilist.co/file/anilistcdn/character/medium/b456-aqvvhzG5aUXV.png,,,,https://anilist.co/character/456,,,
vndb-c104961,vndb,8,11,,,仁科 くるみ,Nishina Kurumi,,女,A,,Galgame,Galgame,同級生,,1999,Galgame,,"As the girlfriend of Kazuya—the protagonist’s buddy—Kurumi is on good terms with the protagonist, too. Raised by an overprotective father, she believes that her relationships should always be “pure,” which puts her on bad terms with Kazuya’…",949,0,949,0,,https://t.vndb.org/ch/71/116371.jpg,https://t.vndb.org/ch/71/116371.jpg,,#d07657 #f7e4cc #b5a0ab #dfe1e6 #f7f8f4 #ffffff,Long Brown Teen Slim Pale Dress Shoes Doggy Style Virgin Sex Young-adult Wife,,,https://vndb.org/c104961,
vndb-c84390,vndb,8,11,,,仙崎 龍司,Senzaki Ryuuji,,男,B,,Galgame,Galgame,創刻のアテリアル,,2012,Galgame,,,889,0,889,0,,https://t.vndb.org/ch/34/102734.jpg,https://t.vndb.org/ch/34/102734.jpg,,#784969 #d7bdaf #a9969a #e2e2e4 #f0f0f1 #ffffff,Black Short Scar Coat Necklace Katana Father Sunglasses Gang Member Not Sexually Involved,,,https://vndb.org/c84390,
vndb-c37392,vndb,8,11,,,鳴海 孝之,Narumi Takayuki,king of hetare,男,O,,Galgame,Galgame,君が望む永遠,你所期望的永远,2001,Galgame,"[{""t"":""君が望む永遠"",""cn"":""你所期望的永远"",""ty"":""Galgame"",""y"":2001,""pop"":680},{""t"":""君が望む真愛"",""cn"":"""",""ty"":""Galgame"",""y"":2017,""pop"":81},{""t"":""君が望む永遠 ～special FanDisk～"",""cn"":"""",""ty"":""Galgame"",""y"":2004,""pop"":78},{""t"":""君が望む永遠 another episode 悲しみは風のように"",""cn"":"""",""ty"":""Galgame"",""y"":2008,""pop"":46},{""t"":""君のぞデュエリスト"",""cn"":"""",""ty"":""Galgame"",""y"":2005,""pop"":11}]",,680,0,680,0,,https://t.vndb.org/ch/10/113810.jpg,https://t.vndb.org/ch/10/113810.jpg,,#5473bd #8aabd3 #b89c8a #e3d3c9 #56524d #f3f5f7,Black Short Brown Slim Pale School Uniform Cunnilingus Virgin Sex Necktie Ore,,,https://vndb.org/c37392,
al358012,anilist,8,11,,,신해인,Hae-In Sin,Shin Haein,女,,21,漫画,漫画,내 최애는 막차를 탄다,,2024,漫画,,A musician and self-proclaimed fan of Long Afternoon's.,471,471,0,0,,https://s4.anilist.co/file/anilistcdn/character/large/b358012-uW8gARTJn4KQ.png,https://s4.anilist.co/file/anilistcdn/character/medium/b358012-uW8gARTJn4KQ.png,,,,https://anilist.co/character/358012,,,
vndb-c97600,vndb,8,11,,,倉橋 海琴,Kurahashi Mikoto,,女,AB,,Galgame,Galgame,ツユチル・レター～海と栞に雨音を～,,2021,Galgame,,"Camellia, Second Year Club None One of the prettiest and most popular girls in school. She receives a lot of love letters, but dislikes how many people ask her out based on her looks alone.",361,0,361,0,,https://t.vndb.org/ch/14/118214.jpg,https://t.vndb.org/ch/14/118214.jpg,,#916e6b #272d3c #f0e0da #bdb0ba #f5f2f1 #ffffff,Brown Waist Length+ Teen Slim Pale Amber Blackmail Girlfriend Classmate Cold-hearted,,,https://vndb.org/c97600,
al9435,anilist,8,11,1991,,荒垣真次郎,Shinjiro Aragaki,Shinji,男,A,17-18,动画|漫画,动画,PERSONA3 THE MOVIE —#1 Spring of Birth—,,2013,动画,"[{""t"":""PERSONA3 THE MOVIE —#1 Spring of Birth—"",""cn"":"""",""ty"":""动画"",""y"":2013,""pop"":36431},{""t"":""PERSONA3 THE MOVIE —#2 Midsummer Knight's Dream—"",""cn"":"""",""ty"":""动画"",""y"":2014,""pop"":26496},{""t"":""PERSONA3 THE MOVIE —#3 Falling Down—"",""cn"":"""",""ty"":""动画"",""y"":2015,""pop"":24005},{""t"":""PERSONA3 THE MOVIE — #4 Winter of Rebirth —"",""cn"":"""",""ty"":""动画"",""y"":2016,""pop"":23595},{""t"":""ペルソナ3"",""cn"":"""",""ty"":""漫画"",""y"":2007,""pop"":4374},{""t"":""PERSONA Q SHADOW OF THE LABYRINTH Side:P4"",""cn"":"""",""ty"":""漫画"",""y"":2015,""pop"":549}]","177 cm (5'10"") Castor Shinjiro is Akihiko&rsquo;s good friend, as well as a Senior in Gekkoukan High School. In battle, Shinjiro wields a hefty axe and relies on his brute strength. His Persona uses physical attacks.",336,336,0,0,,https://s4.anilist.co/file/anilistcdn/character/large/b9435-ieqUZRRtI4rU.png,https://s4.anilist.co/file/anilistcdn/character/medium/b9435-ieqUZRRtI4rU.png,,,,https://anilist.co/character/9435,,,
al305774,anilist,8,11,,,兎里健,Ken Usato,Usato (ウサト),男,,,动画|漫画|轻小说,动画,治癒魔法の間違った使い方,,2024,动画,"[{""t"":""治癒魔法の間違った使い方"",""cn"":"""",""ty"":""动画"",""y"":2024,""pop"":128011},{""t"":""治癒魔法の間違った使い方 第2期"",""cn"":"""",""ty"":""动画"",""y"":"""",""pop"":22659},{""t"":""治癒魔法の間違った使い方 ~戦場を駆ける回復要員~"",""cn"":"""",""ty"":""漫画"",""y"":2017,""pop"":17533},{""t"":""治癒魔法の間違った使い方"",""cn"":"""",""ty"":""轻小说"",""y"":2016,""pop"":1194},{""t"":""治癒魔法の間違った使い方 ～誘いの街・レストバレー～"",""cn"":"""",""ty"":""漫画"",""y"":2023,""pop"":97}]","An ordinary high school student who just dreams of something special. While he was on his way home from school with Suzune and Kazuki, he was involved in the summoning to the Ringle Kingdom.",312,312,0,0,,https://s4.anilist.co/file/anilistcdn/character/large/b305774-XRZfB8KQ22te.png,https://s4.anilist.co/file/anilistcdn/character/medium/b305774-XRZfB8KQ22te.png,,,,https://anilist.co/character/305774,,,
vndb-c151930,vndb,8,11,,,魏通,Wei Tong,Stom,男,O,,Galgame,Galgame,高考恋爱一百天,,2014,Galgame,,"A prominent figure at Huayi High School. Known as ""Wei Tong the Stomach Aches"" due to his frequent stomach aches. He's obsessed with basketball and video games, and is highly skilled in League of Legends.",264,0,264,0,,https://t.vndb.org/ch/86/178686.jpg,https://t.vndb.org/ch/86/178686.jpg,,#42495c #ab9d93 #dacfc3 #f0ebe1 #f4f4f5 #ffffff,Brown Curtained Teen Pale School Uniform Trousers Friend Classmate High School Student Gamer,,,https://vndb.org/c151930,
vndb-c123759,vndb,8,11,,,星乃 一歌,Hoshino Ichika,いっちゃん / Icchan / いっちー / Icchi,女,,,Galgame,Galgame,プロジェクトセカイ カラフルステージ！ feat. 初音ミク,,2020,Galgame,,"Though she looks cool and stoic on the outside, Ichika is a kind girl who is always thinking about her friends. She is childhood friends with Saki, Honami, and Shiho, but her relationships with Honami and Shiho have become strained due to a…",212,0,212,0,,https://t.vndb.org/ch/81/154081.jpg,https://t.vndb.org/ch/81/154081.jpg,,#534b61 #a7a8b2 #f0e9e5 #cfc9ce #ffffff,Blue Waist Length+ Teen Pale Blue Shirt Vest Skirt Boots Knee-high Socks,,,https://vndb.org/c123759,
vndb-c4800,vndb,8,11,,,陽日 直獅,Haruki Naoshi,,男,O,,Galgame,Galgame,Starry☆Sky ~in Autumn~,,2009,Galgame,"[{""t"":""Starry☆Sky ~in Autumn~"",""cn"":"""",""ty"":""Galgame"",""y"":2009,""pop"":189},{""t"":""Starry☆Sky ~After Autumn~"",""cn"":"""",""ty"":""Galgame"",""y"":2011,""pop"":56}]","Naoshi represents the Leo. He is Tsukiko's homeroom teacher and the advisor for the archery club. He is energetic and enjoys the ""youth"" part of high school since he spent high school mostly studying, and because of that, a lot of students…",189,0,189,0,,https://t.vndb.org/ch/50/4850.jpg,https://t.vndb.org/ch/50/4850.jpg,,#efc106 #d06d54 #daa068 #e8d39e #565b5f #f2f3eb,Short Hotblooded Amber Ore Father Teacher Energetic Psychological Trauma Orange Wedding,,,https://vndb.org/c4800,
al41899,anilist,8,11,,,安中榛名,Haruna Annaka,Eh-chan,,,,动画|漫画,动画,日常,,2011,动画,"[{""t"":""日常"",""cn"":"""",""ty"":""动画"",""y"":2011,""pop"":240795},{""t"":""日常"",""cn"":"""",""ty"":""漫画"",""y"":2006,""pop"":16981}]","Yuuko and Mio's classmate. She always wears a big red ribbon. Her common reaction to something that surprises/shocks her consists in expressing herself by making the sound ""ehhhhh""",88,88,0,0,,https://s4.anilist.co/file/anilistcdn/character/large/b41899-6pY3S7qVMLkI.png,https://s4.anilist.co/file/anilistcdn/character/medium/b41899-6pY3S7qVMLkI.png,,,,https://anilist.co/character/41899,,,
al298960,anilist,8,11,,,デルモン・ゲイツ,Delmon Gates,,男,,45,动画|漫画,动画,ガチアクタ,GACHIAKUTA咔嗒咔嗒,2025,动画,"[{""t"":""ガチアクタ"",""cn"":""GACHIAKUTA咔嗒咔嗒"",""ty"":""动画"",""y"":2025,""pop"":256032},{""t"":""ガチアクタ"",""cn"":""GACHIAKUTA咔嗒咔嗒"",""ty"":""漫画"",""y"":2022,""pop"":66558}]","Cleaners ""Thirst Quencher"" Delmon is a loud and passionate man, always shouting at the top of his lungs. In his past, Delmon worked as a farmer. He knew a woman whos dream it was to see a flower bloom, even in the dead Abyss.",20,20,0,0,,https://s4.anilist.co/file/anilistcdn/character/large/b298960-Vahr3stH631y.jpg,https://s4.anilist.co/file/anilistcdn/character/medium/b298960-Vahr3stH631y.jpg,,,,https://anilist.co/character/298960,,,
al13580,anilist,8,12,,亚修·林克斯,アッシュ・リンクス,Ash Lynx,Aslan Jade Callenreese,男,O,17-18,动画|漫画,动画,BANANA FISH,战栗杀机,2018,动画,"[{""t"":""BANANA FISH"",""cn"":""战栗杀机"",""ty"":""动画"",""y"":2018,""pop"":309297},{""t"":""BANANA FISH"",""cn"":""战栗杀机"",""ty"":""漫画"",""y"":1985,""pop"":30493},{""t"":""Private Opinion: Banana Fish Another Story"",""cn"":"""",""ty"":""漫画"",""y"":1995,""pop"":2063}]",纽约街头黑帮的头领。 有着金发碧绿眼眸的俊美容姿与IQ180的高智商，同时也有着卓越的战斗能力的少年。,10692,10692,0,76,,https://s4.anilist.co/file/anilistcdn/character/large/b13580-1J7PwIB8kTpu.png,https://s4.anilist.co/file/anilistcdn/character/medium/b13580-1J7PwIB8kTpu.png,https://lain.bgm.tv/r/400/pic/crt/l/55/e7/58761_crt_FkNV2.jpg?r=1519300859,,,https://anilist.co/character/13580,https://bgm.tv/character/58761,,58761
vndb-c47556,vndb,8,12,,佐久间恒,佐久間 恒,Sakuma Wataru,,男,,,Galgame,Galgame,CHAOS;CHILD,混沌子,2014,Galgame,"[{""t"":""CHAOS;CHILD"",""cn"":""混沌子"",""ty"":""Galgame"",""y"":2014,""pop"":5122},{""t"":""カオスチャイルド らぶchu☆chu!!"",""cn"":"""",""ty"":""Galgame"",""y"":2017,""pop"":133}]",青叶医院的院长，同时是自涩谷地震后乃乃、拓留入住的青叶寮的设施长。 等同于是乃乃、拓留的父亲的人物。,5122,0,5122,1,,https://t.vndb.org/ch/83/206583.jpg,https://t.vndb.org/ch/83/206583.jpg,https://lain.bgm.tv/r/400/pic/crt/l/ce/cb/45846_crt_4BIZB.jpg?r=1476824333,#553a3b #b49089 #d5b2a2 #eadac3 #ffffff,Brown Short Brown Pale Trousers Sword Villain Fighting Adult Overweight,,https://bgm.tv/character/45846,https://vndb.org/c47556,45846
al89425,anilist,8,12,,,海崎新太,Arata Kaizaki,Test Subject No. 002,男,O,27,动画|漫画,动画,ReLIFE,ReLIFE 重返17岁,2016,动画,"[{""t"":""ReLIFE"",""cn"":""ReLIFE 重返17岁"",""ty"":""动画"",""y"":2016,""pop"":259471},{""t"":""ReLIFE 完結編"",""cn"":""ReLIFE 完结篇"",""ty"":""动画"",""y"":2018,""pop"":110154},{""t"":""リライフ"",""cn"":""ReLIFE 重返17岁"",""ty"":""漫画"",""y"":2013,""pop"":55138},{""t"":""社外秘 リライフ研究所 サポート課"",""cn"":"""",""ty"":""动画"",""y"":2018,""pop"":11118},{""t"":""ブルー・ハーツ"",""cn"":"""",""ty"":""漫画"",""y"":2018,""pop"":4831}]",A 27-year old man who seems to fail at every job interview he partakes in. He accepts an offer to be part of the ReLIFE experiment in order to receive a recommendation to a company.,1561,1561,0,0,,https://s4.anilist.co/file/anilistcdn/character/large/b89425-vLPRybM1gNa7.png,https://s4.anilist.co/file/anilistcdn/character/medium/b89425-vLPRybM1gNa7.png,,,,https://anilist.co/character/89425,,,
al673,anilist,8,12,,,志村新八,Shinpachi Shimura,Shin-chan / Shin / Pattsuan / Megane,男,,16-18,动画,动画,銀魂,银魂,2006,动画,"[{""t"":""銀魂"",""cn"":""银魂"",""ty"":""动画"",""y"":2006,""pop"":296063},{""t"":""斉木楠雄のΨ難 2"",""cn"":"""",""ty"":""动画"",""y"":2018,""pop"":189627},{""t"":""銀魂゜"",""cn"":"""",""ty"":""动画"",""y"":2015,""pop"":119621},{""t"":""銀魂’"",""cn"":"""",""ty"":""动画"",""y"":2011,""pop"":110096},{""t"":""銀魂’延長戦"",""cn"":"""",""ty"":""动画"",""y"":2012,""pop"":84431},{""t"":""銀魂。"",""cn"":""银魂"",""ty"":""动画"",""y"":2017,""pop"":82894}]",166 cm Shinpachi Shimura works under [Gintoki](//anilist.co/character/672/Sakata-Gintoki) to learn the ways of the samurai. He used to stay at his family's dōjo.,1390,1390,0,0,,https://s4.anilist.co/file/anilistcdn/character/large/b673-nScArSMt85kd.jpg,https://s4.anilist.co/file/anilistcdn/character/medium/b673-nScArSMt85kd.jpg,,,,https://anilist.co/character/673,,,
al169394,anilist,8,12,,,御影玲王,Reo Mikage,,男,B,,动画|漫画,动画,ブルーロック,蓝色监狱,2022,动画,"[{""t"":""ブルーロック"",""cn"":""蓝色监狱"",""ty"":""动画"",""y"":2022,""pop"":325210},{""t"":""ブルーロック VS. U-20 JAPAN"",""cn"":""蓝色监狱 VS. U-20 日本代表队"",""ty"":""动画"",""y"":2024,""pop"":142268},{""t"":""ブルーロック"",""cn"":""蓝色监狱"",""ty"":""漫画"",""y"":2018,""pop"":124054},{""t"":""ブルーロック -EPISODE 凪-"",""cn"":"""",""ty"":""动画"",""y"":2024,""pop"":50833},{""t"":""ブルーロック-EPISODE 凪-"",""cn"":"""",""ty"":""漫画"",""y"":2022,""pop"":9604},{""t"":""ブルーロック -EPISODE 凪- あでぃしょなる・たいむ！"",""cn"":"""",""ty"":""动画"",""y"":2024,""pop"":5754}]","**** 185 cm Reo Mikage is the heir of the Mikage Corporation. Prior to entering Blue Lock, he was a student at an elite high school, the same school as [Seishiro Nagi](//anilist.co/character/162969/Nagi-Seishirou).",1301,1301,0,0,,https://s4.anilist.co/file/anilistcdn/character/large/b169394-8KDqHUN1VyGC.png,https://s4.anilist.co/file/anilistcdn/character/medium/b169394-8KDqHUN1VyGC.png,,,,https://anilist.co/character/169394,,,
al123080,anilist,8,12,,,日向夏帆,Kaho Hinata,,女,,17,动画|漫画,动画,ブレンド・S,,2017,动画,"[{""t"":""ブレンド・S"",""cn"":"""",""ty"":""动画"",""y"":2017,""pop"":181246},{""t"":""ブレンド・S"",""cn"":"""",""ty"":""漫画"",""y"":2013,""pop"":4616}]","165 cm (5'4"") Tsundere A popular blond, twin-tailed high school shop clerk who is so obsessed with games that sometimes leads her to spend too much money on it.",950,950,0,0,,https://s4.anilist.co/file/anilistcdn/character/large/b123080-Gd7kKqIvnwog.png,https://s4.anilist.co/file/anilistcdn/character/medium/b123080-Gd7kKqIvnwog.png,,,,https://anilist.co/character/123080,,,
vndb-c54646,vndb,8,12,,,石川 五右衛門,Ishikawa Goemon,Gorou,男,,,Galgame,Galgame,百花百狼 戦国忍法帖,,2016,Galgame,,"A notorious thief in the capital of Kyo. He steals from the rich to give to the poor and is popular among the townspeople. During the day he uses the persona of ""Gorou the Libertine"".",901,0,901,0,,https://t.vndb.org/ch/76/81576.jpg,https://t.vndb.org/ch/76/81576.jpg,,#997266 #6c443d #482925 #25170e #d6b5b1 #000000,Brown Ponytail Long Fighting Young-adult Scar Kimono Mask Gloves Katana,,,https://vndb.org/c54646,
vndb-c24353,vndb,8,12,,,綺堂 渚,Kidou Nagisa,,女,A,,Galgame,Galgame,キラークイーン,,2006,Galgame,,A person who is forced to participate in the game. She is an airhead who's personality and appearance makes her stand out.,815,0,815,0,,https://t.vndb.org/ch/49/76349.jpg,https://t.vndb.org/ch/49/76349.jpg,,#343343 #78708d #b9aec1 #ddd6df #f4f3ef #ffffff,Violet Long Straight Teen Slim Pale Cooking Violet Dress Secretive,,,https://vndb.org/c24353,
vndb-c55456,vndb,8,12,,,コジマ・ロルバッハ,Cosima Lorbach,Cosie / コジ,女,,,Galgame,Galgame,真剣で私に恋しなさい！A-5,,2016,Galgame,"[{""t"":""真剣で私に恋しなさい！A-5"",""cn"":"""",""ty"":""Galgame"",""y"":2016,""pop"":791},{""t"":""真剣で私に恋しなさい！Ａ プラスディスク"",""cn"":"""",""ty"":""Galgame"",""y"":2016,""pop"":286},{""t"":""真剣で私に恋しなさい! A 猟犬ルートアフター"",""cn"":"""",""ty"":""Galgame"",""y"":2019,""pop"":253},{""t"":""みなとカーニバルＦＤ"",""cn"":"""",""ty"":""Galgame"",""y"":2017,""pop"":80}]",One of the Hound Unit officers under the command of Margit Eberbach.,791,0,791,0,,https://t.vndb.org/ch/21/66121.jpg,https://t.vndb.org/ch/21/66121.jpg,,#cf7666 #eba78e #442629 #f7d1ae #f7e9e6 #fffefe,Blond Ahoge Waist Length+ Straight Teen Slim Pale Fighting Doggy Style Virgin Sex,,,https://vndb.org/c55456,
al121824,anilist,8,12,,,天道花憐,Karen Tendou,Tendo,女,,17-18,动画|漫画|轻小说,动画,ゲーマーズ!,,2017,动画,"[{""t"":""ゲーマーズ!"",""cn"":"""",""ty"":""动画"",""y"":2017,""pop"":174962},{""t"":""ゲーマーズ！"",""cn"":"""",""ty"":""漫画"",""y"":2016,""pop"":3225},{""t"":""ゲーマーズ!"",""cn"":"""",""ty"":""轻小说"",""y"":2015,""pop"":2247},{""t"":""ゲーマーズ! DLC"",""cn"":"""",""ty"":""轻小说"",""y"":2017,""pop"":54}]","**** 165 cm (5'5) She is the most popular girl of the school, but also a huge video game nerd. She's the club president of the Game Club, she invites [Keita](//anilist.co/character/121826/Amano-Keita) to join but he rejects the invitation e…",670,670,0,0,,https://s4.anilist.co/file/anilistcdn/character/large/b121824-FEznGfEK9oFd.png,https://s4.anilist.co/file/anilistcdn/character/medium/b121824-FEznGfEK9oFd.png,,,,https://anilist.co/character/121824,,,
vndb-c14688,vndb,8,12,,,八重野 蛍,Yaeno Kei,Hotaru-chan,男,A,,Galgame,Galgame,Flyable Heart,,2009,Galgame,"[{""t"":""Flyable Heart"",""cn"":"""",""ty"":""Galgame"",""y"":2009,""pop"":661},{""t"":""君の名残は静かに揺れて"",""cn"":"""",""ty"":""Galgame"",""y"":2010,""pop"":322},{""t"":""Flyable CandyHeart"",""cn"":"""",""ty"":""Galgame"",""y"":2011,""pop"":160}]",Kei is a member of Ryourankai and Yaeno Nadeshiko's older brother. He is often seen with Souryuu.,661,0,661,0,,https://t.vndb.org/ch/23/18623.jpg,https://t.vndb.org/ch/23/18623.jpg,,#7d7d9f #53536a #d6c0b4 #dcdce4 #ffffff,Short Green Pale School Uniform Proactive Student Green Young-adult Necktie Ore,,,https://vndb.org/c14688,
vndb-c43337,vndb,8,12,,,キール・エフレーモフ,Kiel Efremov,,男,,,Galgame,Galgame,マブラヴ オルタネイティヴ トータル・イクリプス,Muv-Luv Alternative Total Eclipse,2013,Galgame,,,597,0,597,0,,https://t.vndb.org/ch/23/52023.jpg,https://t.vndb.org/ch/23/52023.jpg,,#905c32 #5a381f #0e0b07 #978a7d #494a44 #2f2a2a,Brown Short Brown Teen Slim Pale Bullying Death Military Uniform Mecha Pilot,,,https://vndb.org/c43337,
vndb-c26472,vndb,8,12,,,上坂 昭彦,Kousaka Akihiko,,男,,,Galgame,Galgame,夏空カナタ,,2008,Galgame,,Chihaya's father. He makes a living managing assets.,298,0,298,0,,https://t.vndb.org/ch/53/56853.jpg,https://t.vndb.org/ch/53/56853.jpg,,#585da8 #a09bb4 #f5dfbb #c5c9e2 #ebecf3 #ffffff,Short Slim Pale Trousers Adult Widower Father Relaxed Kind Watch,,,https://vndb.org/c26472,
vndb-c18075,vndb,8,12,,,,Castiel,,男,O,,Galgame,Galgame,Amour Sucré: High School Life,,2014,Galgame,,"Castiel is one of the students attending Sweet Amoris High. He is a member of the basketball club and a rock band, along with his best friend, Lysander and his rival, Nathaniel.",279,0,279,0,,https://t.vndb.org/ch/29/70329.jpg,https://t.vndb.org/ch/29/70329.jpg,,#894140 #271a1a #d1a9a0 #f2f1f1,Black Red Shoulder-length Grey Jacket Tsundere Musician Guitarist High School Student Chain Jewellery,,,https://vndb.org/c18075,
al125665,anilist,8,12,,,コルト・グライス,Colt Grice,,男,,,动画|漫画,动画,進撃の巨人 The Final Season,进击的巨人 最终季,2020,动画,"[{""t"":""進撃の巨人 The Final Season"",""cn"":""进击的巨人 最终季"",""ty"":""动画"",""y"":2020,""pop"":642537},{""t"":""進撃の巨人 The Final Season Part 2"",""cn"":""进击的巨人 最终季 Part.2"",""ty"":""动画"",""y"":2022,""pop"":440419},{""t"":""進撃の巨人"",""cn"":""进击的巨人"",""ty"":""漫画"",""y"":2009,""pop"":226814},{""t"":""進撃!巨人高校 ~青春! となりのマーレ学園~"",""cn"":"""",""ty"":""漫画"",""y"":2018,""pop"":1077}]",: 180 cm : Warrior Candidate Colt Grice is an Eldian living in Marley and the older brother of [Falco Grice](//anilist.co/character/125660). ~!He is a Warrior candidate who is selected to be the next wielder of the Beast Titan power.!~,183,183,0,0,,https://s4.anilist.co/file/anilistcdn/character/large/b125665-TicVG3OEhTqc.jpg,https://s4.anilist.co/file/anilistcdn/character/medium/b125665-TicVG3OEhTqc.jpg,,,,https://anilist.co/character/125665,,,
al244256,anilist,8,12,,,大村佳之,Yoshiyuki Oomura,,男,,15,动画,动画,Charlotte(シャーロット),夏洛特,2015,动画,,Yoshiyuki Oomura is the president of the Student Council in Hinomori High School.,1,1,0,0,,https://s4.anilist.co/file/anilistcdn/character/large/b244256-ZxpAXW6zDkvC.png,https://s4.anilist.co/file/anilistcdn/character/medium/b244256-ZxpAXW6zDkvC.png,,,,https://anilist.co/character/244256,,,
vndb-c27169,vndb,8,13,,绫崎楼子,綾崎 楼子,Ayasaki Takako,,女,AB,,Galgame,Galgame,カルタグラ～ツキ狂イノ病～,恋狱～月狂病～,2005,Galgame,"[{""t"":""カルタグラ～ツキ狂イノ病～"",""cn"":""恋狱～月狂病～"",""ty"":""Galgame"",""y"":2005,""pop"":3324},{""t"":""カルタグラ～ツキ狂イノ病～"",""cn"":""恋狱～月狂病～"",""ty"":""Galgame"",""y"":2005,""pop"":3324},{""t"":""和み匣 Innocent Greyファンディスク"",""cn"":"""",""ty"":""Galgame"",""y"":2007,""pop"":206}]",就读于私立华阳学园的少女。七七的同级生。 因为曾祖母是白人的关系，头发带了点金黄色。 在秋五警察时代的某个事件中结识，对其一见钟情，至今仍然对他一往情深。 慢性子的天然呆少女。没啥常识，不会在意他人的眼光和意见。,3324,0,3324,33,,https://t.vndb.org/ch/86/148786.jpg,https://t.vndb.org/ch/86/148786.jpg,https://lain.bgm.tv/r/400/pic/crt/l/d3/b6/11351_crt_Yux2Y.jpg,#7b6b64 #b7a69c #e1d6ce #323032 #f7f2ee #ffffff,Blond Long Waist Length+ Wavy Brown Teen Slim Pale School Uniform Doggy Style,,https://bgm.tv/character/11351,https://vndb.org/c27169,11351
vndb-c214,vndb,8,13,,,馬超 孟起,Bachou Mouki,Ma Chao - Mengqi / Sui / 翠,女,,,Galgame,Galgame,恋姫†無双～ドキッ★乙女だらけの三国志演義～,,2007,Galgame,"[{""t"":""恋姫†無双～ドキッ★乙女だらけの三国志演義～"",""cn"":"""",""ty"":""Galgame"",""y"":2007,""pop"":2376},{""t"":""真・恋姫†無双～乙女繚乱☆三国志演義～"",""cn"":"""",""ty"":""Galgame"",""y"":2008,""pop"":363},{""t"":""戦国†恋姫～乙女絢爛☆戦国絵巻～"",""cn"":"""",""ty"":""Galgame"",""y"":2013,""pop"":327},{""t"":""真・恋姫†夢想-革命- 蒼天の覇王"",""cn"":"""",""ty"":""Galgame"",""y"":2017,""pop"":191},{""t"":""真・恋姫†無双～萌将伝～"",""cn"":"""",""ty"":""Galgame"",""y"":2010,""pop"":175},{""t"":""真・恋姫†夢想-革命- 孫呉の血脈"",""cn"":"""",""ty"":""Galgame"",""y"":2018,""pop"":156}]","She joins Kazuto's army to get revenge on Sousou. She joins during the war against Enshou. She also becomes extremely embarrassed when alone with a man, especially Kazuto because of his tendency to tease, making her relationship with Kazuto…",2376,0,2376,0,,https://t.vndb.org/ch/46/101946.jpg,https://t.vndb.org/ch/46/101946.jpg,,#c18f84 #6f525c #d5c2c3 #eae7e6 #f6f6f6 #ffffff,Brown Ahoge Ponytail Curtained Straight Slim Pale Warrior Fighting Missionary,,,https://vndb.org/c214,
al76816,anilist,8,13,,,牛島若利,Wakatoshi Ushijima,Ushiwaka / Super Ace / The Lefty / Japan,男,,18,动画|漫画,动画,ハイキュー!!,排球少年!!,2014,动画,"[{""t"":""ハイキュー!!"",""cn"":""排球少年!!"",""ty"":""动画"",""y"":2014,""pop"":583268},{""t"":""ハイキュー!! セカンドシーズン"",""cn"":""排球少年 第二季"",""ty"":""动画"",""y"":2015,""pop"":398770},{""t"":""ハイキュー!! 烏野高校 VS 白鳥沢学園高校"",""cn"":""排球少年 乌野高校 VS 白鸟泽学园高校"",""ty"":""动画"",""y"":2016,""pop"":362356},{""t"":""ハイキュー!! TO THE TOP"",""cn"":""排球少年 TO THE TOP"",""ty"":""动画"",""y"":2020,""pop"":293887},{""t"":""ハイキュー!! TO THE TOP 2"",""cn"":"""",""ty"":""动画"",""y"":2020,""pop"":255078},{""t"":""ハイキュー！！"",""cn"":""排球少年!!"",""ty"":""漫画"",""y"":2012,""pop"":101913}]","189.5 cm (6' 2.6"") Shiratorizawa Academy 1 Wing Spiker Wakatoshi Ushijima is a third year at Shiratorizawa Academy and the captain and ace of the school's boys' volleyball team.",1901,1901,0,0,,https://s4.anilist.co/file/anilistcdn/character/large/b76816-sS6LcPRxisQ9.png,https://s4.anilist.co/file/anilistcdn/character/medium/b76816-sS6LcPRxisQ9.png,,,,https://anilist.co/character/76816,,,
al64597,anilist,8,13,,,周防尊,Mikoto Suoh,Red King,男,B,24,动画,动画,K,,2012,动画,"[{""t"":""K"",""cn"":"""",""ty"":""动画"",""y"":2012,""pop"":173618},{""t"":""K RETURN OF KINGS"",""cn"":"""",""ty"":""动画"",""y"":2015,""pop"":65697},{""t"":""K MISSING KINGS"",""cn"":"""",""ty"":""动画"",""y"":2014,""pop"":54450},{""t"":""K SEVEN STORIES「R:B ～BLAZE～」"",""cn"":"""",""ty"":""动画"",""y"":2018,""pop"":13536},{""t"":""K SEVEN STORIES「メモリー・オブ・レッド ～BURN～」"",""cn"":"""",""ty"":""动画"",""y"":2018,""pop"":6526},{""t"":""K SEVEN STORIES「Lost Small World ～檻の向こうに～」"",""cn"":"""",""ty"":""动画"",""y"":2018,""pop"":6305}]","185 cm Third King, known as the Red King. Has an ability to control fire. Feared by people as the leader of the Red Clan, HOMRA. Mikoto is a quiet man who says very little, even to his own subordinates.",1478,1478,0,0,,https://s4.anilist.co/file/anilistcdn/character/large/b64597-ca6IDjwKbOkZ.png,https://s4.anilist.co/file/anilistcdn/character/medium/b64597-ca6IDjwKbOkZ.png,,,,https://anilist.co/character/64597,,,
vndb-c91335,vndb,8,13,,,小町 乃々香,Komachi Nonoka,Brocon / ファッションメンヘラ / Fashion Menhera,女,,,Galgame,Galgame,恋愛×ロワイアル,,2020,Galgame,"[{""t"":""恋愛×ロワイアル"",""cn"":"""",""ty"":""Galgame"",""y"":2020,""pop"":1422},{""t"":""恋愛×ロワイアル 乃々香＆蓮菜＆由奈 ミニアフターストーリー"",""cn"":"""",""ty"":""Galgame"",""y"":2021,""pop"":146},{""t"":""恋愛×ロワイアル まり＆汐音＆蒼 ミニアフターストーリー"",""cn"":"""",""ty"":""Galgame"",""y"":2021,""pop"":130}]","The protagonist's younger sister. Once she considers someone to be an enemy, she'll use her indifferent tone of voice and won't go easy on them. She loves her brother but even if she says it directly, it tends to not get through to him.",1422,0,1422,0,,https://t.vndb.org/ch/22/110122.jpg,https://t.vndb.org/ch/22/110122.jpg,,#dbbf9b #f3e1b0 #6d6462 #f7e8df #ffffff,Blond Waist Length+ Teen Slim Pale Cooking Missionary Doggy Style Cowgirl Blowjob,,,https://vndb.org/c91335,
al77417,anilist,8,13,,,青根高伸,Takanobu Aone,No-Eyebrows,男,,16,动画|漫画,动画,ハイキュー!!,排球少年!!,2014,动画,"[{""t"":""ハイキュー!!"",""cn"":""排球少年!!"",""ty"":""动画"",""y"":2014,""pop"":583268},{""t"":""ハイキュー!! セカンドシーズン"",""cn"":""排球少年 第二季"",""ty"":""动画"",""y"":2015,""pop"":398770},{""t"":""ハイキュー!! TO THE TOP"",""cn"":""排球少年 TO THE TOP"",""ty"":""动画"",""y"":2020,""pop"":293887},{""t"":""ハイキュー!! TO THE TOP 2"",""cn"":"""",""ty"":""动画"",""y"":2020,""pop"":255078},{""t"":""ハイキュー！！"",""cn"":""排球少年!!"",""ty"":""漫画"",""y"":2012,""pop"":101913},{""t"":""ハイキュー!! 勝者と敗者"",""cn"":"""",""ty"":""动画"",""y"":2015,""pop"":25205}]","Datekougyou High School 191.8 cm 2nd Year, class A 7 Middle Blocker Main pillar of Datekou. Even though Aone never smiles and seems serious and scary, he actually has a very kind heart.",560,560,0,0,,https://s4.anilist.co/file/anilistcdn/character/large/b77417-XxLvn0PHaPGG.jpg,https://s4.anilist.co/file/anilistcdn/character/medium/b77417-XxLvn0PHaPGG.jpg,,,,https://anilist.co/character/77417,,,
vndb-c9814,vndb,8,13,,,木ノ本 マヨ,Kinomoto Mayo,,女,O,,Galgame,Galgame,恋愛0キロメートル,,2011,Galgame,,The eldest daughter. Mayo is bad at cooking and housework and was the first person to oppose the swap.,354,0,354,0,,https://t.vndb.org/ch/33/10733.jpg,https://t.vndb.org/ch/33/10733.jpg,,#b67b45 #406ca7 #8ccfeb #d3bc93 #342634 #fcfcfa,Blue Twin Tails Waist Length+ Slim Pale School Uniform Proactive Cooking Cowgirl Blowjob,,,https://vndb.org/c9814,
al137881,anilist,8,13,,,レオポルド・ヴァーミリオン,Leopold Vermillion,,男,O,16,动画|漫画,动画,ブラッククローバー,黑色五叶草,2017,动画,"[{""t"":""ブラッククローバー"",""cn"":""黑色五叶草"",""ty"":""动画"",""y"":2017,""pop"":583263},{""t"":""ブラッククローバー"",""cn"":""黑色五叶草"",""ty"":""漫画"",""y"":2015,""pop"":107258},{""t"":""ブラッククローバー 魔法帝の剣"",""cn"":"""",""ty"":""动画"",""y"":2023,""pop"":99687}]","164 cm A nobleman and the second son of the Clover Kingdom's House Vermillion, one of its royal families. He is a member of the Crimson Lion squad of the Magic Knights.",322,322,0,0,,https://s4.anilist.co/file/anilistcdn/character/large/b137881-fQLQZce8CTsY.png,https://s4.anilist.co/file/anilistcdn/character/medium/b137881-fQLQZce8CTsY.png,,,,https://anilist.co/character/137881,,,
al207214,anilist,8,13,,,天翔優利,Yuuri Amagake,,女,,,动画|漫画,动画,出会って5秒でバトル,,2021,动画,"[{""t"":""出会って5秒でバトル"",""cn"":"""",""ty"":""动画"",""y"":2021,""pop"":74073},{""t"":""出会って5秒でバトル"",""cn"":"""",""ty"":""漫画"",""y"":2015,""pop"":9205}]",: Quintuple her physical abilities She is a second year high school student.,319,319,0,0,,https://s4.anilist.co/file/anilistcdn/character/large/b207214-Rnxa68uaux4X.png,https://s4.anilist.co/file/anilistcdn/character/medium/b207214-Rnxa68uaux4X.png,,,,https://anilist.co/character/207214,,,
al3606,anilist,8,13,,,メイユール・ショコラ,Chocolat Meilleure,Chocolat Kato (加藤ショコラ),女,,10,动画|漫画,动画,シュガシュガルーン,,2005,动画,"[{""t"":""シュガシュガルーン"",""cn"":"""",""ty"":""动画"",""y"":2005,""pop"":13651},{""t"":""シュガシュガルーン"",""cn"":"""",""ty"":""漫画"",""y"":2003,""pop"":4909},{""t"":""SUGAR SUGAR RUNE: Les deux sorcières"",""cn"":"""",""ty"":""动画"",""y"":2025,""pop"":1267}]",An outgoing and daring girl with a forceful personality and the show's main protagonist. She is best friends with [Vanilla](//anilist.co/character/5659/Mieux-Vanilla) and the daughter of the late witch [Cinnamon](//anilist.co/character/2660…,263,263,0,0,,https://s4.anilist.co/file/anilistcdn/character/large/b3606-CwJAyAUgjwkT.png,https://s4.anilist.co/file/anilistcdn/character/medium/b3606-CwJAyAUgjwkT.png,,,,https://anilist.co/character/3606,,,
vndb-c12022,vndb,8,13,,,園原 碧里,Sonohara Aori,,女,A,,Galgame,Galgame,ひとつ飛ばし恋愛,,2013,Galgame,,"Kazuki's underclassman and a member of the swimming club. She is also Kurenai's best friend and classmate, and Banri's older sister.",241,0,241,0,,https://t.vndb.org/ch/35/14135.jpg,https://t.vndb.org/ch/35/14135.jpg,,#3b6b96 #7ebcd7 #dba658 #c0cfd2 #ecebde #fefefe,Blue Twin Tails Waist Length+ Curtained Teen Slim Pale School Uniform Proactive Cooking,,,https://vndb.org/c12022,
vndb-c84878,vndb,8,13,,,田丸 火凛,Tamaru Karin,,女,O,,Galgame,Galgame,幻想牢獄のカレイドスコープ,,2020,Galgame,,The Kamen Kendo series Homework,185,0,185,0,,https://t.vndb.org/ch/52/103152.jpg,https://t.vndb.org/ch/52/103152.jpg,,#d85c79 #6c3c67 #c4a3b1 #e3d5d6 #f8f4e9 #feffff,Pink Twin Tails Waist Length+ Straight Teen Slim Pale School Uniform Hotblooded Green,,,https://vndb.org/c84878,
al137526,anilist,8,13,,,セクメト,Sekhmet,Witch of Sloth,,,,动画|漫画|轻小说,动画,Re:ゼロから始める異世界生活 2nd Season,Re：从零开始的异世界生活 第二季,2020,动画,"[{""t"":""Re:ゼロから始める異世界生活 2nd Season"",""cn"":""Re：从零开始的异世界生活 第二季"",""ty"":""动画"",""y"":2020,""pop"":379615},{""t"":""Re:ゼロから始める異世界生活"",""cn"":""Re：从零开始的异世界生活"",""ty"":""轻小说"",""y"":2014,""pop"":30155},{""t"":""Re:ゼロから始める休憩時間(ブレイクタイム) 2nd Season Part 2"",""cn"":"""",""ty"":""动画"",""y"":2021,""pop"":5839},{""t"":""Re:ゼロから始める異世界生活 第四章 聖域と強欲の魔女"",""cn"":"""",""ty"":""漫画"",""y"":2019,""pop"":3337}]","Sekhmet is one of the Witches of Sin, being the Witch of Sloth. As her position suggests, she can be summed up to being extremely lazy, enough that she finds breathing to be a pain. ~! Sekhmet's main ability is ""Authority of Sloth"".",131,131,0,0,,https://s4.anilist.co/file/anilistcdn/character/large/b137526-Pa3YPDbheK0Z.jpg,https://s4.anilist.co/file/anilistcdn/character/medium/b137526-Pa3YPDbheK0Z.jpg,,,,https://anilist.co/character/137526,,,
al2,anilist,8,14,1994,,フェイ・バレンタイン,Faye Valentine,Poker Alice / Queen of Hearts / Romani,女,,"23 (Physical), 77 (Actual)",动画|漫画,动画,カウボーイビバップ,星际牛仔,1998,动画,"[{""t"":""カウボーイビバップ"",""cn"":""星际牛仔"",""ty"":""动画"",""y"":1998,""pop"":467538},{""t"":""カウボーイビバップ天国の扉"",""cn"":""星际牛仔 天国之扉"",""ty"":""动画"",""y"":2001,""pop"":84465},{""t"":""カウボーイビバップ よせあつめブルース"",""cn"":"""",""ty"":""动画"",""y"":1998,""pop"":13320},{""t"":""カウボーイビバップ"",""cn"":""星际牛仔"",""ty"":""漫画"",""y"":1999,""pop"":5160},{""t"":""シューティングスタービバップ カウボーイビバップ"",""cn"":"""",""ty"":""漫画"",""y"":1998,""pop"":1650}]","One of the members of the bounty hunting crew in the anime series Cowboy Bebop. Although appearing to be no more than her 23 years alive suggests, Faye is actually upwards of 74-years-old, having been put into cryogenic freeze after a space…",7125,7125,0,0,,https://s4.anilist.co/file/anilistcdn/character/large/b2-0Iszg6Izgt4p.png,https://s4.anilist.co/file/anilistcdn/character/medium/b2-0Iszg6Izgt4p.png,,,,https://anilist.co/character/2,,,
vndb-c9945,vndb,8,14,,宇喜多秀美,宇喜多 秀美,Ukita Hidemi,,女,B,,Galgame,Galgame,真剣で私に恋しなさい！S,认真和我恋爱！S,2012,Galgame,"[{""t"":""真剣で私に恋しなさい！S"",""cn"":""认真和我恋爱！S"",""ty"":""Galgame"",""y"":2012,""pop"":5025},{""t"":""真剣で私に恋しなさい！A-1"",""cn"":"""",""ty"":""Galgame"",""y"":2013,""pop"":2470},{""t"":""真剣で私に恋しなさい！A-4"",""cn"":"""",""ty"":""Galgame"",""y"":2014,""pop"":1023},{""t"":""真剣で私に恋しなさい！A-5"",""cn"":"""",""ty"":""Galgame"",""y"":2016,""pop"":791},{""t"":""みなとカーニバルＦＤ"",""cn"":"""",""ty"":""Galgame"",""y"":2017,""pop"":80}]",お金大好きな、エセ関西弁を操るハンマー女。 強いが金次第で意見を変えるため、あまり信用されてない。 周囲からは 「良くも悪くもこういうヤツ」 で認識されている。 頭もかなりキレるので、またタチが悪い。 「世の中ゼニや！ それがワールド・ルールや！」,5025,0,5025,1,,https://t.vndb.org/ch/83/85883.jpg,https://t.vndb.org/ch/83/85883.jpg,https://lain.bgm.tv/r/400/pic/crt/l/02/f9/30105_crt_GeF6E.jpg,#40221f #a37b6f #d8bab3 #f1e5dd #f0f0f5 #ffffff,Brown Ponytail Wavy Curtained Shoulder-length Brown Teen Pale Fighting Overweight,,https://bgm.tv/character/30105,https://vndb.org/c9945,30105
vndb-c4056,vndb,8,14,,,板橋 渉,Itabashi Wataru,,男,,,Galgame,Galgame,D.C.II ～ダ・カーポII～,,2006,Galgame,"[{""t"":""D.C.II ～ダ・カーポII～"",""cn"":"""",""ty"":""Galgame"",""y"":2006,""pop"":1927},{""t"":""D.C.II Spring Celebration ～ダ・カーポII～ スプリング セレブレイション"",""cn"":"""",""ty"":""Galgame"",""y"":2007,""pop"":88},{""t"":""D.C.II To You ～ダ・カーポII～トゥーユー サイドエピソード"",""cn"":"""",""ty"":""Galgame"",""y"":2009,""pop"":78},{""t"":""D.C.II Fall in Love ～ダ・カーポII～フォーリンラブ"",""cn"":"""",""ty"":""Galgame"",""y"":2009,""pop"":74},{""t"":""D.C.Dream X’mas～ダ・カーポ～ドリームクリスマス"",""cn"":"""",""ty"":""Galgame"",""y"":2010,""pop"":61},{""t"":""D.C.P.K.～ダ・カーポーカー～"",""cn"":"""",""ty"":""Galgame"",""y"":2008,""pop"":37}]","An idiot, a pervert, and a hopelessly frivolous guy who sometimes participates in Suginami's pranks. At the same time, he is a good friend and classmate of Yoshiyuki.",1927,0,1927,0,,https://t.vndb.org/ch/95/6095.jpg,https://t.vndb.org/ch/95/6095.jpg,,#ae6e5e #544354 #c2aaa2 #e8e1d8 #f9f5e9 #ffffff,Brown Short Brown Teen Pale Earrings Cross Necklace T-shirt Ore Airhead,,,https://vndb.org/c4056,
al89564,anilist,8,14,,,高城千鳥,Chidori Takashiro,,女,,,动画|漫画|轻小说,动画,キズナイーバー,,2016,动画,"[{""t"":""キズナイーバー"",""cn"":"""",""ty"":""动画"",""y"":2016,""pop"":202677},{""t"":""キズナイーバー"",""cn"":"""",""ty"":""漫画"",""y"":2016,""pop"":1761},{""t"":""小説　キズナイーバー　－あの日のキズ、これからのキズナ－"",""cn"":"""",""ty"":""轻小说"",""y"":2016,""pop"":293}]","Chidori resembles the sin of Envy. Her updated sin is ""Goody-Two-Shoes."" Her identification when she experiences pain is D-5. Chidori was first portrayed as clumsy, emotional, and seemingly nosy at times.",1335,1335,0,0,,https://s4.anilist.co/file/anilistcdn/character/large/b89564-RUaACrDSgya7.png,https://s4.anilist.co/file/anilistcdn/character/medium/b89564-RUaACrDSgya7.png,,,,https://anilist.co/character/89564,,,
al1095,anilist,8,14,,,檜佐木修兵,Shuuhei Hisagi,,男,,,动画|漫画,动画,BLEACH,死神,2004,动画,"[{""t"":""BLEACH"",""cn"":""死神"",""ty"":""动画"",""y"":2004,""pop"":521026},{""t"":""BLEACH 千年血戦篇"",""cn"":""死神 千年血战篇"",""ty"":""动画"",""y"":2022,""pop"":207081},{""t"":""BLEACH 千年血戦篇-訣別譚-"",""cn"":""死神 千年血战篇-诀别谭-"",""ty"":""动画"",""y"":2023,""pop"":143301},{""t"":""BLEACH"",""cn"":""死神"",""ty"":""漫画"",""y"":2001,""pop"":121044},{""t"":""BLEACH 千年血戦篇-相剋譚-"",""cn"":""死神 千年血战篇-相克谭-"",""ty"":""动画"",""y"":2024,""pop"":117708},{""t"":""BLEACH MEMORIES OF NOBODY"",""cn"":"""",""ty"":""动画"",""y"":2006,""pop"":48314}]","181 cm (5'11"") Co-Lieutenant of the 9th Division Kazeshini (Death Wind) Kare, Kazeshini (Reap, Kazeshini) Shuuhei is an extremely mature and calm individual, a state that is slightly at odds with his somewhat punk-like appearance.",982,982,0,0,,https://s4.anilist.co/file/anilistcdn/character/large/b1095-0vUC9qW8qXey.png,https://s4.anilist.co/file/anilistcdn/character/medium/b1095-0vUC9qW8qXey.png,,,,https://anilist.co/character/1095,,,
vndb-c77386,vndb,8,14,,,来宮 なのか,Kinomiya Nanoka,Iincho / Nanorin,女,A,,Galgame,Galgame,スタディ§ステディ,,2019,Galgame,"[{""t"":""スタディ§ステディ"",""cn"":"""",""ty"":""Galgame"",""y"":2019,""pop"":953},{""t"":""スタディ§ステディ2"",""cn"":"""",""ty"":""Galgame"",""y"":2022,""pop"":160}]","Her desk in class is next to yours. Bright, positive, and inexhaustibly smiley, she's popular. But passionate, too—she has a dream that pushes her to cram school after class.",953,0,953,0,,https://t.vndb.org/ch/08/93808.jpg,https://t.vndb.org/ch/08/93808.jpg,,#988985 #e7e1d9 #57555a #bdbcb8 #f3f4ed #ffffff,Brown Twin Tails Waist Length+ Wavy Straight Teen Slim Pale Hard Worker Cooking,,,https://vndb.org/c77386,
vndb-c50717,vndb,8,14,,,迦具土 ヒノ,Kagutsuchi Hino,,男,B,,Galgame,Galgame,7'scarlet,,2016,Galgame,,"""When something happens, let me know."" ""Don't be so considerate in front of me."" A childhood friend who attends the same college. He’s always optimistic and hates to lose. He has outstanding reflexes and leads the college’s futsal club.",653,0,653,0,,https://t.vndb.org/ch/90/60890.jpg,https://t.vndb.org/ch/90/60890.jpg,,#403259 #957986 #dec4c2 #f2e2df #fcf8fc,Brown Short Pale Trousers Proactive Red Young-adult Muscular T-shirt Wristband,,,https://vndb.org/c50717,
vndb-c8534,vndb,8,14,,,玉泉 日和子,Tamaizumi Hiyoko,細川 玉木 / Hosokawa Tamaki,女,,,Galgame,Galgame,俺たちに翼はない,,2009,Galgame,"[{""t"":""俺たちに翼はない"",""cn"":"""",""ty"":""Galgame"",""y"":2009,""pop"":632},{""t"":""俺たちに翼はない ～Prelude～"",""cn"":"""",""ty"":""Galgame"",""y"":2008,""pop"":220},{""t"":""俺たちに翼はない AfterStory"",""cn"":"""",""ty"":""Galgame"",""y"":2010,""pop"":200},{""t"":""ネブ＊プラス"",""cn"":"""",""ty"":""Galgame"",""y"":2012,""pop"":28}]",Chitose Shuusuke's heroine. Second year at Misora academy class 2 and also the class representative. She is a writer under pseudonym Hosokawa Tamaki. She is also a worker at Alexander to help with her income.,632,0,632,0,,https://t.vndb.org/ch/00/149500.jpg,https://t.vndb.org/ch/00/149500.jpg,,#66585b #9c97a3 #ede4dc #c7c2c9 #f6f4f3 #ffffff,Brown Shoulder-length Brown Hard Worker Blowjob Virgin Sex Glasses Girlfriend Class President Classic Tsundere,,,https://vndb.org/c8534,
al40851,anilist,8,14,1942,,鏑木・Ｔ・虎徹,Kotetsu Kaburagi,Wild Tiger (ワイルドタイガー),男,,,动画|漫画,动画,TIGER & BUNNY,,2011,动画,"[{""t"":""TIGER & BUNNY"",""cn"":"""",""ty"":""动画"",""y"":2011,""pop"":49923},{""t"":""劇場版 TIGER & BUNNY -The Rising-"",""cn"":"""",""ty"":""动画"",""y"":2014,""pop"":8431},{""t"":""TIGER & BUNNY 2"",""cn"":"""",""ty"":""动画"",""y"":2022,""pop"":8241},{""t"":""劇場版 TIGER & BUNNY -The Beginning-"",""cn"":"""",""ty"":""动画"",""y"":2012,""pop"":6025},{""t"":""TIGER & BUNNY 2 パート2"",""cn"":"""",""ty"":""动画"",""y"":2022,""pop"":4334},{""t"":""タイガー・アンド・バニー"",""cn"":"""",""ty"":""漫画"",""y"":2011,""pop"":818}]","Wild Tiger can increase his physical strength 100-fold for 5 minutes. Kotetsu is a veteran of the hero world. Jaded with the formality and red tape that sponsors bring to his beloved job, he doesn't always listen to Hero T.V.",562,562,0,0,,https://s4.anilist.co/file/anilistcdn/character/large/b40851-BChYgBB31gyx.png,https://s4.anilist.co/file/anilistcdn/character/medium/b40851-BChYgBB31gyx.png,,,,https://anilist.co/character/40851,,,
vndb-c91359,vndb,8,14,,,ノワール,Noir,,女,AB,,Galgame,Galgame,星空鉄道とシロの旅,,2020,Galgame,,A girl that the protagonist met by chance on the Milky Way Railroad. She has cat ears and a tail but doesn't seem to care. She doesn't have any memory and is always spacing out.,483,0,483,0,,https://t.vndb.org/ch/34/110134.jpg,https://t.vndb.org/ch/34/110134.jpg,,#423f51 #7c7680 #cabbba #e9e4e0 #f9f8f1 #ffffff,Black Waist Length+ Kid Cross Necklace Gloves Shy Daughter Granddaughter Timid Illness,,,https://vndb.org/c91359,
vndb-c116296,vndb,8,14,,,夜羽 真白,Yohane Mashiro,,女,AB,,Galgame,Galgame,星空鉄道とシロの旅,,2020,Galgame,,,483,0,483,0,,https://t.vndb.org/ch/20/138820.jpg,https://t.vndb.org/ch/20/138820.jpg,,#2b2d44 #22233a #454a67 #bab8ca #7e798a #eae9ef,White Waist Length+ Red Kid Cross Necklace Gloves Pantyhose Illness Shapeshifting Hospitalization,,,https://vndb.org/c116296,
vndb-c37190,vndb,8,14,,,伊隅 あきら,Isumi Akira,,女,,,Galgame,Galgame,マブラヴ オルタネイティヴ クロニクルズ 継承,,2006,Galgame,"[{""t"":""マブラヴ オルタネイティヴ クロニクルズ 継承"",""cn"":"""",""ty"":""Galgame"",""y"":2006,""pop"":397},{""t"":""アユマユ オルタネイティヴ"",""cn"":""亚由真由 Aternative"",""ty"":""Galgame"",""y"":2008,""pop"":41}]",,397,0,397,0,,https://t.vndb.org/ch/27/139727.jpg,https://t.vndb.org/ch/27/139727.jpg,,#9a7461 #dbac8b #212d29 #ecd9c4 #e8f2fa #4a4d49,Blond Short Pale Fighting Amber Boku Soldier Military Uniform Mecha Pilot Pressure Suit,,,https://vndb.org/c37190,
al88939,anilist,8,14,,,雪村透,Tooru Yukimura,,男,AB,,动画|漫画,动画,青春×機関銃,,2015,动画,"[{""t"":""青春×機関銃"",""cn"":"""",""ty"":""动画"",""y"":2015,""pop"":43912},{""t"":""青春×機関銃"",""cn"":"""",""ty"":""漫画"",""y"":2013,""pop"":4179},{""t"":""青春×機関銃"",""cn"":"""",""ty"":""漫画"",""y"":2011,""pop"":830}]","Tooru is a manga artist who specializes in erotic comics. He is Masamune's childhood friend, both of them having shared the same dream of pursuing soccer as a career when they were young.",342,342,0,0,,https://s4.anilist.co/file/anilistcdn/character/large/b88939-A9hezY3fW3lF.png,https://s4.anilist.co/file/anilistcdn/character/medium/b88939-A9hezY3fW3lF.png,,,,https://anilist.co/character/88939,,,
vndb-c672,vndb,8,14,,,工藤 日奈乃,Kudou Hinano,ヒナちゃん / Hina-chan,女,AB,,Galgame,Galgame,未来ノスタルジア,,2011,Galgame,,"Hinano is a 1st year high school student. She is the oldest of the Kudou twins, and Youichi's little sister. Hinano and Nono are Youichi's stepsisters by marriage, their mother was the wife of Youichi's father, as such they are not related…",201,0,201,0,,https://t.vndb.org/ch/42/30842.jpg,https://t.vndb.org/ch/42/30842.jpg,,#463639 #876b84 #c1b2c3 #efded7 #f0ecf2 #ffffff,Blue Ponytail Shoulder-length Teen Slim Pale School Uniform Proactive Hard Worker Cooking,,,https://vndb.org/c672,
vndb-c671,vndb,8,14,,,工藤 野乃,Kudou Nono,のんちゃん / Non-chan,女,AB,,Galgame,Galgame,未来ノスタルジア,,2011,Galgame,,"Nono is a 1st year high school student. She is the youngest of the Kudou twins, and Youichi's little sister. Hinano and Nono are Youichi's stepsisters by marriage, their mother was the wife of Youichi's father, as such they are not related…",201,0,201,0,,https://t.vndb.org/ch/41/30841.jpg,https://t.vndb.org/ch/41/30841.jpg,,#886f89 #47353a #c9b3c5 #f0e0dd #f8edf1 #ffffff,Blue Twin Tails Shoulder-length Teen Slim Pale School Uniform Soccer Violet Pajamas,,,https://vndb.org/c671,
vndb-c89,vndb,8,15,,弓塚五月,弓塚 さつき,Yumizuka Satsuki,Sacchin / Sacchin,女,A,,Galgame,Galgame,月姫,月姬,2000,Galgame,"[{""t"":""月姫"",""cn"":""月姬"",""ty"":""Galgame"",""y"":2000,""pop"":11533},{""t"":""歌月十夜"",""cn"":""歌月十夜"",""ty"":""Galgame"",""y"":2001,""pop"":3522},{""t"":""月姫 -A piece of blue glass moon-"",""cn"":""月姬 -A piece of blue glass moon-"",""ty"":""Galgame"",""y"":2021,""pop"":2952},{""t"":""月姫 PLUS-DISC"",""cn"":""月姬 PLUS-DISC"",""ty"":""Galgame"",""y"":2001,""pop"":2459},{""t"":""MELTY BLOOD"",""cn"":""月姬格斗"",""ty"":""Galgame"",""y"":2002,""pop"":1869},{""t"":""月姫 -The other side of red garden-"",""cn"":"""",""ty"":""Galgame"",""y"":"""",""pop"":0}]",志贵的同学，国中被志贵救了之后，从此对主角存有好感，据称原本应该有专属路线，但被删成为最悲情的路人。因意外成为吸血鬼，一脚踏进了非人的世界，最后被主角刺中死点死亡。 有成为吸血鬼的资质，百年难得一见的人才，一般人花数十年才能成为吸血鬼，她一夜即可达成，能够挑战27祖实力的有力候选人之一。拥有固有结界“枯竭庭园”，但实际使用上无法确定。,11533,0,11533,95,,https://t.vndb.org/ch/20/120.jpg,https://t.vndb.org/ch/20/120.jpg,https://lain.bgm.tv/r/400/pic/crt/l/98/ac/860_crt_Vx1Yx.jpg?r=1421292210,#173a58 #e29d42 #4d768f #793c13 #96aec2 #f0ecec,Brown Twin Tails Long Curtained Straight Brown Teen Slim Pale School Uniform,,https://bgm.tv/character/860,https://vndb.org/c89,860
vndb-c53209,vndb,8,15,,白银纺,白銀 つむぎ,Shirogane Tsumugi,New Ultimate Despair / Ultimate Cosplayer / ニュー超高校級の「絶望」 / New Super High School Level Despair,女,A,,Galgame,Galgame,ニューダンガンロンパV3 みんなのコロシアイ新学期,新弹丸论破V3 大家的自相残杀新学期,2017,Galgame,,超高校级的Cosplayer,8847,0,8847,12,,https://t.vndb.org/ch/81/65581.jpg,https://t.vndb.org/ch/81/65581.jpg,https://lain.bgm.tv/r/400/pic/crt/l/ad/45/47205_crt_hXr65.jpg?r=1543755215,#181e23 #505964 #d9d2cd #999798 #ffffff,Blue Waist Length+ Wavy Teen Slim Pale Hard Worker Villain Cooking Amnesia,,https://bgm.tv/character/47205,https://vndb.org/c53209,47205
al4875,anilist,8,15,,,ベンサム,Bentham,Mr. 2 / Bon Clay (ボンクーレイ) / Bon-chan,男,,30-,动画|漫画,动画,ONE PIECE,航海王,1999,动画,"[{""t"":""ONE PIECE"",""cn"":""航海王"",""ty"":""动画"",""y"":1999,""pop"":750384},{""t"":""ONE PIECE"",""cn"":""航海王"",""ty"":""漫画"",""y"":1997,""pop"":232766},{""t"":""ONE PIECE FILM RED"",""cn"":""航海王：红发歌姬"",""ty"":""动画"",""y"":2022,""pop"":78378},{""t"":""ONE PIECE エピソードオブアラバスタ 砂漠の王女と海賊たち"",""cn"":"""",""ty"":""动画"",""y"":2007,""pop"":17709},{""t"":""ONE PIECE 夢のサッカー王!"",""cn"":"""",""ty"":""动画"",""y"":2002,""pop"":12449},{""t"":""ONE PIECE めざせ! 海賊野球王"",""cn"":"""",""ty"":""动画"",""y"":2004,""pop"":8781}]","Mr. 2 Bon Clay is an ""okama"", a Japanese slang term for effeminate biological males. He has a flamboyant attitude, and is prone to singing and dancing. His martial art style is called ""Okama Kenpo"" in the Japanese manga.",2294,2294,0,0,,https://s4.anilist.co/file/anilistcdn/character/large/n4875-Ga2TVjP70R6r.png,https://s4.anilist.co/file/anilistcdn/character/medium/n4875-Ga2TVjP70R6r.png,,,,https://anilist.co/character/4875,,,
vndb-c1652,vndb,8,15,,,四宮 夜子,Shinomiya Yoruko,,女,A,,Galgame,Galgame,コミュ - 黒い竜と優しい王国 -,,2009,Galgame,,"Knight She is the brave knight who fought alone against a gigantic Kyojin. She ended up injured and unconscious so Akihito, who happens to witness the encounter, helped her.",2159,0,2159,0,,https://t.vndb.org/ch/22/20222.jpg,https://t.vndb.org/ch/22/20222.jpg,,#493d49 #9a8990 #c6c2c7 #e8e6e4 #f7f6f2 #ffffff,Violet Curtained Short Slim Pale Sword Orphan Fighting Virgin Sex Hotblooded,,,https://vndb.org/c1652,
al120939,anilist,8,15,,,胡桃沢・サタニキア・マクドウェル,Satanichia Kurumizawa McDowell,Satania (サターニャ),女,,,动画|漫画,动画,ガヴリールドロップアウト,,2017,动画,"[{""t"":""ガヴリールドロップアウト"",""cn"":"""",""ty"":""动画"",""y"":2017,""pop"":130198},{""t"":""ガヴリールドロップアウト OVA"",""cn"":"""",""ty"":""动画"",""y"":2017,""pop"":22744},{""t"":""ガヴリールドロップアウト"",""cn"":"""",""ty"":""漫画"",""y"":2013,""pop"":7809},{""t"":""ヴィネットドロップアウト"",""cn"":"""",""ty"":""漫画"",""y"":2019,""pop"":407}]","157 cm The self proclaimed ""Future Queen of Hell"". Satanichia is a dimwitted demon who often thinks of petty ways to cause mischief which usually end in failure.",2055,2055,0,0,,https://s4.anilist.co/file/anilistcdn/character/large/b120939-Xl4FXBKS9kpE.png,https://s4.anilist.co/file/anilistcdn/character/medium/b120939-Xl4FXBKS9kpE.png,,,,https://anilist.co/character/120939,,,
al728,anilist,8,15,,,桃地再不斬,Zabuza Momochi,Kirigakure no Kijin (霧隠れの鬼人) / Demon of the Hidden Mist,男,,,动画|漫画,动画,NARUTO -ナルト-,火影忍者,2002,动画,"[{""t"":""NARUTO -ナルト-"",""cn"":""火影忍者"",""ty"":""动画"",""y"":2002,""pop"":725301},{""t"":""NARUTO -ナルト- 疾風伝"",""cn"":""火影忍者疾风传"",""ty"":""动画"",""y"":2007,""pop"":610025},{""t"":""NARUTO -ナルト-"",""cn"":""火影忍者"",""ty"":""漫画"",""y"":1999,""pop"":99205},{""t"":""ROAD OF NARUTO"",""cn"":"""",""ty"":""动画"",""y"":2022,""pop"":20865},{""t"":""木ノ葉の里と大うん動会"",""cn"":"""",""ty"":""动画"",""y"":2004,""pop"":11751}]","Zabuza was born in Kirigakure. During one of Kirigakure's annual events of pitting graduating ninja against each other, Zabuza singlehandedly killed all of his peers, bringing an end to the ritual and causing him to be called the ""Demon of…",1990,1990,0,0,,https://s4.anilist.co/file/anilistcdn/character/large/b728-zHw77BzLzQKT.jpg,https://s4.anilist.co/file/anilistcdn/character/medium/b728-zHw77BzLzQKT.jpg,,,,https://anilist.co/character/728,,,
al73881,anilist,8,15,,,烏間惟臣,Tadaomi Karasuma,Da Densest,男,,28,动画|漫画,动画,暗殺教室,暗杀教室,2015,动画,"[{""t"":""暗殺教室"",""cn"":""暗杀教室"",""ty"":""动画"",""y"":2015,""pop"":628250},{""t"":""暗殺教室 第２期"",""cn"":"""",""ty"":""动画"",""y"":2016,""pop"":369666},{""t"":""暗殺教室"",""cn"":""暗杀教室"",""ty"":""漫画"",""y"":2012,""pop"":54655},{""t"":""劇場版 暗殺教室 365日の時間"",""cn"":"""",""ty"":""动画"",""y"":2016,""pop"":39977},{""t"":""暗殺教室 episode:0 出会いの時間"",""cn"":""暗杀教室 Episode:0 相遇的时间"",""ty"":""动画"",""y"":2014,""pop"":31282},{""t"":""暗殺教室"",""cn"":""暗杀教室"",""ty"":""动画"",""y"":2013,""pop"":20024}]",He is a government worker associated with the Ministry of Defense. He first appeared announcing Korosensei's deal with the government and their mission to assassinate him before the end of the year.,1938,1938,0,0,,https://s4.anilist.co/file/anilistcdn/character/large/73881-Ukr6cBzK8dsi.png,https://s4.anilist.co/file/anilistcdn/character/medium/73881-Ukr6cBzK8dsi.png,,,,https://anilist.co/character/73881,,,
vndb-c28303,vndb,8,15,,,かぐや,Kaguya,,男,,,Galgame,Galgame,大正×対称アリス,,2015,Galgame,"[{""t"":""大正×対称アリス"",""cn"":"""",""ty"":""Galgame"",""y"":2015,""pop"":794},{""t"":""大正×対称アリス"",""cn"":"""",""ty"":""Galgame"",""y"":2015,""pop"":794},{""t"":""大正×対称アリス"",""cn"":"""",""ty"":""Galgame"",""y"":2015,""pop"":794},{""t"":""大正×対称アリス"",""cn"":"""",""ty"":""Galgame"",""y"":2015,""pop"":794},{""t"":""大正×対称アリス HEADS&TAILS"",""cn"":"""",""ty"":""Galgame"",""y"":2017,""pop"":172}]","He is gentle and courteous to everyone, no matter who -- his smile never fades. Since he has a way with women, he has many relationships with them.",794,0,794,0,,https://t.vndb.org/ch/79/101679.jpg,https://t.vndb.org/ch/79/101679.jpg,,#533c49 #977a77 #c4b2ae #e3dbd3 #f2efeb #ffffff,Brown Short Brown Slim Pale Orphan Cooking Amnesia Young-adult Scar,,,https://vndb.org/c28303,
vndb-c91569,vndb,8,15,,,聖 莉々子,Hijiri Ririko,,女,,,Galgame,Galgame,ハミダシクリエイティブ,,2020,Galgame,"[{""t"":""ハミダシクリエイティブ"",""cn"":"""",""ty"":""Galgame"",""y"":2020,""pop"":723},{""t"":""ハミダシクリエイティブ凸"",""cn"":"""",""ty"":""Galgame"",""y"":2022,""pop"":320},{""t"":""ハミダシクリエイティブRe:Re:call"",""cn"":"""",""ty"":""Galgame"",""y"":2025,""pop"":147}]","The student council president at Yurigamine Academy, the most prestigious girls' school in Chidama. Owing to that polite and slightly condescending tone in tandem with her high status, she's thought of as a demon of conformity as she always…",723,0,723,0,,https://t.vndb.org/ch/71/131571.jpg,https://t.vndb.org/ch/71/131571.jpg,,#6b5863 #b19dac #d5c7ce #e9e2e4 #f7f4ed #ffffff,Twin Tails Long School Uniform Missionary Doggy Style Cowgirl Standing Sex Blowjob Violet Knee-high Socks,,,https://vndb.org/c91569,
vndb-c978,vndb,8,15,,,稲葉 徹,Inaba Tooru,Inaba Tohru,男,A,,Galgame,Galgame,さくらさくら,,2009,Galgame,"[{""t"":""さくらさくら"",""cn"":"""",""ty"":""Galgame"",""y"":2009,""pop"":603},{""t"":""さくらさくら FESTIVAL！"",""cn"":"""",""ty"":""Galgame"",""y"":2013,""pop"":28}]","A student that has just transferred to the Rintoku Academy, Tooru is a boy that yearns for nothing more than to meet girls and eventually get himself a girlfriend.",603,0,603,0,,https://t.vndb.org/ch/10/70110.jpg,https://t.vndb.org/ch/10/70110.jpg,,#b2987e #5e5646 #e1cfb7 #ede5dd #f7f4f1 #ffffff,Short Green Teen School Uniform Trousers Hard Worker Virgin Sex Green Airhead Pervert,,,https://vndb.org/c978,
vndb-c55763,vndb,8,15,,,如月 紅,Kisaragi Kurenai,Kou,女,,,Galgame,Galgame,月影のシミュラクル,,2016,Galgame,,"The ""living doll"" of the Kisaragi Family, handed down in it through past generations. In the story, she appears on the night when the ceremony is being held, and deludes Seiichi with her words.",556,0,556,0,,https://t.vndb.org/ch/17/72717.jpg,https://t.vndb.org/ch/17/72717.jpg,,#741b1c #605a5b #b2a29f #e9ded4 #f3f1ee #ffffff,Black Brown Waist Length+ Teen Slim Pale Cowgirl Blowjob Red Arm Warmers,,,https://vndb.org/c55763,
vndb-c135944,vndb,8,15,,,バアさん,Baa-san,,女,,,Galgame,Galgame,セレクトオブリージュ,,2024,Galgame,,"The orphanage matron who raised Nagi and Touri. Tight-lipped about her past, but her skills and connections suggest there's more than meets the eye. Her age? Just another secret. [Translated and edited from the official website]",515,0,515,0,,https://t.vndb.org/ch/42/159942.jpg,https://t.vndb.org/ch/42/159942.jpg,,#443e3f #917f87 #ceb9c4 #ecdfe3 #fbf5f0 #ffffff,White Waist Length+ Straight Slim Pale Amber Young-adult Secretive Court Shoes Habit,,,https://vndb.org/c135944,
al126734,anilist,8,15,,,現見ケミィ,Camie Utsushimi,,女,,16,动画|漫画,动画,僕のヒーローアカデミア３,,2018,动画,"[{""t"":""僕のヒーローアカデミア３"",""cn"":"""",""ty"":""动画"",""y"":2018,""pop"":600666},{""t"":""僕のヒーローアカデミア４"",""cn"":"""",""ty"":""动画"",""y"":2019,""pop"":532336},{""t"":""僕のヒーローアカデミア 7"",""cn"":"""",""ty"":""动画"",""y"":2024,""pop"":184749},{""t"":""僕のヒーローアカデミア"",""cn"":""我的英雄学院"",""ty"":""漫画"",""y"":2014,""pop"":178045},{""t"":""僕のヒーローアカデミア FINAL SEASON"",""cn"":""我的英雄学院 最终季"",""ty"":""动画"",""y"":2025,""pop"":133359},{""t"":""僕のヒーローアカデミア No. 170+1 「More」"",""cn"":"""",""ty"":""动画"",""y"":2026,""pop"":39002}]","161 cm (5'3"") Shiketsu High School (Second-Year Student) Glamour Camie seems to be very talkative, especially when learning more about people who pique her interest.",470,470,0,0,,https://s4.anilist.co/file/anilistcdn/character/large/b126734-UzWlE0sz46uH.png,https://s4.anilist.co/file/anilistcdn/character/medium/b126734-UzWlE0sz46uH.png,,,,https://anilist.co/character/126734,,,
vndb-c8530,vndb,8,15,,,南戸 朱音,Minato Akane,,女,,,Galgame,Galgame,黄昏のシンセミア,,2010,Galgame,"[{""t"":""黄昏のシンセミア"",""cn"":"""",""ty"":""Galgame"",""y"":2010,""pop"":463},{""t"":""黄昏の先にのぼる明日 -あっぷりけFanDisc-"",""cn"":"""",""ty"":""Galgame"",""y"":2012,""pop"":58}]","A miko of the Minagami Shrine. She has worked there longer than Iroha, and she owns a license for paperwork. Akane is the only character in the story who doesn't live in Minagami Village.",463,0,463,0,,https://t.vndb.org/ch/55/15955.jpg,https://t.vndb.org/ch/55/15955.jpg,,#473f50 #9c8d80 #d0cdbb #edeadd #f8f8f1 #ffffff,Brown Long Slim Pale Standing Sex Virgin Sex Young-adult Headband Shirt Skirt,,,https://vndb.org/c8530,
al5923,anilist,8,15,,,一輝,Ikki,鳳凰星座の一輝 / Phoenix / Ikki of Phoenix / Ikki de Fênix,男,,15,动画|漫画,动画,聖闘士星矢,,1986,动画,"[{""t"":""聖闘士星矢"",""cn"":"""",""ty"":""动画"",""y"":1986,""pop"":38760},{""t"":""聖闘士星矢 冥王ハーデス十二宮編"",""cn"":"""",""ty"":""动画"",""y"":2002,""pop"":12086},{""t"":""聖闘士星矢 冥王ハーデス冥界編"",""cn"":"""",""ty"":""动画"",""y"":2005,""pop"":10598},{""t"":""聖闘士星矢Ω"",""cn"":"""",""ty"":""动画"",""y"":2012,""pop"":10328},{""t"":""聖闘士星矢 冥王ハーデス エリシオン編"",""cn"":"""",""ty"":""动画"",""y"":2008,""pop"":9241},{""t"":""聖闘士星矢"",""cn"":"""",""ty"":""漫画"",""y"":1985,""pop"":6865}]","While Ikki is officially recognized as a bronze saint, his base power easily places him well above most silver saints, and his reputation as a powerhouse is common knowledge among his peers and fellow Bronze saints.",397,397,0,0,,https://s4.anilist.co/file/anilistcdn/character/large/5923.jpg,https://s4.anilist.co/file/anilistcdn/character/medium/5923.jpg,,,,https://anilist.co/character/5923,,,
vndb-c28571,vndb,8,15,,,星河 舞輝,Hoshikawa Maiki,,女,B,,Galgame,Galgame,君を仰ぎ乙女は姫に,,2011,Galgame,,"The girl Satoshi danced with at a party. Since she was raised as a true lady, she can come off a bit naive and full of herself.",395,0,395,0,,https://t.vndb.org/ch/28/34628.jpg,https://t.vndb.org/ch/28/34628.jpg,,#861d4d #c48d94 #eac1aa #f3e3cc #f3eceb #fefefe,Blond Twin Tails Doggy Style Blowjob Virgin Sex Dress Miniskirt Thigh-high Stockings Ignorant Selfish,,,https://vndb.org/c28571,
vndb-c4742,vndb,8,15,,,日向 伊吹,Hinata Ibuki,,女,,,Galgame,Galgame,星空へ架かる橋,,2010,Galgame,"[{""t"":""星空へ架かる橋"",""cn"":"""",""ty"":""Galgame"",""y"":2010,""pop"":384},{""t"":""星空へ架かる橋AA"",""cn"":"""",""ty"":""Galgame"",""y"":2012,""pop"":164}]","Ibuki Hinata is a fellow second-year student, her class representative, and Ui's closest if not best friend. Besides her academic excellence and status on the student council, she is also an active member of the archery club, having practic…",384,0,384,0,,https://t.vndb.org/ch/98/4798.jpg,https://t.vndb.org/ch/98/4798.jpg,,#b495a5 #57404d #d5c4c8 #f4eee0 #f4f4f5 #ffffff,White Shoulder-length Straight Teen Slim Pale School Uniform Missionary Doggy Style Blowjob,,,https://vndb.org/c4742,
al187524,anilist,8,15,,,烏旅人,Tabito Karasu,Assassin / Hitman / Analyst,男,A,18-,动画|漫画,动画,ブルーロック,蓝色监狱,2022,动画,"[{""t"":""ブルーロック"",""cn"":""蓝色监狱"",""ty"":""动画"",""y"":2022,""pop"":325210},{""t"":""ブルーロック VS. U-20 JAPAN"",""cn"":""蓝色监狱 VS. U-20 日本代表队"",""ty"":""动画"",""y"":2024,""pop"":142268},{""t"":""ブルーロック"",""cn"":""蓝色监狱"",""ty"":""漫画"",""y"":2018,""pop"":124054},{""t"":""ブルーロック -EPISODE 凪-"",""cn"":"""",""ty"":""动画"",""y"":2024,""pop"":50833},{""t"":""ブルーロック -EPISODE 凪- あでぃしょなる・たいむ！"",""cn"":"""",""ty"":""动画"",""y"":2024,""pop"":5754}]","Osaka 183 cm (6'0"") Tabito Karasu is a contender in the Blue Lock Project. ~!He played as a central midfielder for France’s Paris X Gen during the Neo Egoist League.",317,317,0,0,,https://s4.anilist.co/file/anilistcdn/character/large/b187524-HlZ4yDd2eGcT.png,https://s4.anilist.co/file/anilistcdn/character/medium/b187524-HlZ4yDd2eGcT.png,,,,https://anilist.co/character/187524,,,
vndb-c75642,vndb,8,15,,,木暮 人,Kogure Hitohito,Heat,男,A,,Galgame,Galgame,1bitHeart,,2015,Galgame,,"A young man working at a pet cafe. Talks so quickly and energetically, it's hard to tell what he's saying sometimes. Animals are fond of him, which he also enjoys. He seems to be a pro at catching runaway animals.",316,0,316,0,,https://t.vndb.org/ch/19/114719.jpg,https://t.vndb.org/ch/19/114719.jpg,,#c8c168 #6f694b #d3b8ac #f5d3cd #ffffff,Blue Short Pale Hazel Wristband Shorts Friend Hoodie Sandals Nature Lover,,,https://vndb.org/c75642,
vndb-c55695,vndb,8,15,,,上川 紗矢,Kamikawa Saya,Nishina Saya (仁科 紗矢) / saya_spring,女,A,,Galgame,Galgame,桜ひとひら恋もよう,,2017,Galgame,,"Watching films and romance dramas Memories of Haruta, creamy confectioneries Insects, parsley Houjou Gakuen's student council president and Wakana's younger sister who is kind and friendly to everyone around her, except Haruta, whom she tre…",287,0,287,0,,https://t.vndb.org/ch/14/72214.jpg,https://t.vndb.org/ch/14/72214.jpg,,#3f3b50 #777089 #aba7b6 #d9d7e1 #f4f1f2 #fffffe,Blue Antenna Waist Length+ Teen Slim Pale School Uniform Hard Worker Missionary Doggy Style,,,https://vndb.org/c55695,
vndb-c64279,vndb,8,15,,,仁科 春太,Nishina Haruta,Haru-chan / Nishina-sama,男,A,,Galgame,Galgame,桜ひとひら恋もよう,,2017,Galgame,,"Haruta is the protagonist of the game. Having spent his youth with his mother in Indonesia where she worked as an Indonesian-Japanese translator, he re-moved to Japan some time after the death of his mother or he was adopted by the Kamikawa…",287,0,287,0,,https://t.vndb.org/ch/26/94126.jpg,https://t.vndb.org/ch/26/94126.jpg,,#122072 #43478e #8b77a0 #98addc #cfe0ef #c9aebd,Black Short Straight Teen Slim Pale Trousers Cunnilingus Sixty-nine Anilingus,,,https://vndb.org/c64279,
al4330,anilist,8,15,,,サラサ,Sarasa,Tatara,女,O,15,动画|漫画,漫画,BASARA,,1990,漫画,"[{""t"":""BASARA"",""cn"":"""",""ty"":""漫画"",""y"":1990,""pop"":11309},{""t"":""レジェンド オブ バサラ"",""cn"":"""",""ty"":""动画"",""y"":1998,""pop"":3783}]","The protagonist of this series. She takes the name of her murdered twin bother Tatara, who was known as the child of fate. As Tatara, she wields the sword of Byakko and leads the survivors of Byakko Village.",262,262,0,0,,https://s4.anilist.co/file/anilistcdn/character/large/b4330-o5ReQqOVQfBG.jpg,https://s4.anilist.co/file/anilistcdn/character/medium/b4330-o5ReQqOVQfBG.jpg,,,,https://anilist.co/character/4330,,,
al3178,anilist,8,15,,,角都,Kakuzu,,男,A,91,动画|漫画|轻小说,动画,NARUTO -ナルト- 疾風伝,火影忍者疾风传,2007,动画,"[{""t"":""NARUTO -ナルト- 疾風伝"",""cn"":""火影忍者疾风传"",""ty"":""动画"",""y"":2007,""pop"":610025},{""t"":""NARUTO -ナルト-"",""cn"":""火影忍者"",""ty"":""漫画"",""y"":1999,""pop"":99205},{""t"":""ROAD TO NINJA -NARUTO THE MOVIE-"",""cn"":""火影忍者 剧场版 忍者之路"",""ty"":""动画"",""y"":2012,""pop"":73423},{""t"":""NARUTOナルトSD ロック・リーの青春フルパワー忍伝"",""cn"":"""",""ty"":""动画"",""y"":2012,""pop"":19983},{""t"":""NARUTO秘伝シリーズ"",""cn"":"""",""ty"":""轻小说"",""y"":2015,""pop"":2513},{""t"":""ロック・リーの青春フルパワー忍伝"",""cn"":"""",""ty"":""漫画"",""y"":2010,""pop"":1478}]","A missing-nin from Takigakure and Hidan's partner. Kakuzu is a greedy individual, prioritizing things in terms of how much they are worth and finding money to be the only thing that he can depend on.",257,257,0,0,,https://s4.anilist.co/file/anilistcdn/character/large/b3178-fCqs5wyV0dlJ.jpg,https://s4.anilist.co/file/anilistcdn/character/medium/b3178-fCqs5wyV0dlJ.jpg,,,,https://anilist.co/character/3178,,,
al4817,anilist,8,15,2024,,熱気バサラ,Basara Nekki,,男,,21,动画|漫画,动画,マクロス７,,1994,动画,"[{""t"":""マクロス７"",""cn"":"""",""ty"":""动画"",""y"":1994,""pop"":11343},{""t"":""マクロスダイナマイト7"",""cn"":"""",""ty"":""动画"",""y"":1997,""pop"":5229},{""t"":""マクロス7 -銀河がオレを呼んでいる!-"",""cn"":"""",""ty"":""动画"",""y"":1995,""pop"":3416},{""t"":""マクロス7アンコール"",""cn"":"""",""ty"":""动画"",""y"":1995,""pop"":3308},{""t"":""マクロス7ぷらす"",""cn"":"""",""ty"":""动画"",""y"":1995,""pop"":2873},{""t"":""マクロス7トラッシュ"",""cn"":"""",""ty"":""漫画"",""y"":1994,""pop"":336}]","184 cm Basara is known for his quick temper, as well as his penchant for saying exactly what he thinks, which most of the time is not complimentary.",241,241,0,0,,https://s4.anilist.co/file/anilistcdn/character/large/b4817-lES5VblznXqr.jpg,https://s4.anilist.co/file/anilistcdn/character/medium/b4817-lES5VblznXqr.jpg,,,,https://anilist.co/character/4817,,,
al78477,anilist,8,15,,,ゾンビナー,Zombina,,女,,21,动画|漫画|轻小说,动画,モンスター娘のいる日常,,2015,动画,"[{""t"":""モンスター娘のいる日常"",""cn"":"""",""ty"":""动画"",""y"":2015,""pop"":170923},{""t"":""モンスター娘のいる日常SP"",""cn"":"""",""ty"":""动画"",""y"":2016,""pop"":30063},{""t"":""モンスター娘のいる日常"",""cn"":"""",""ty"":""漫画"",""y"":2012,""pop"":21336},{""t"":""モンスター娘のいる日常 ほぼ毎日○○！生っぽい動画"",""cn"":"""",""ty"":""动画"",""y"":2015,""pop"":16791},{""t"":""モンスター娘のいる日常 もんすたーがーる・はろーわーく"",""cn"":"""",""ty"":""轻小说"",""y"":2020,""pop"":322}]","Zombie (formerly Human) A undead Commander and apart of special task force made up of extraspecies girls, known as MON (Monster of a Neuro).",234,234,0,0,,https://s4.anilist.co/file/anilistcdn/character/large/b78477-gS0BvV3vzNFb.png,https://s4.anilist.co/file/anilistcdn/character/medium/b78477-gS0BvV3vzNFb.png,,,,https://anilist.co/character/78477,,,
vndb-c133874,vndb,8,15,,,片桐 ユイ,Katagiri Yui,片桐 結 / Katagiri Yui,男,A,,Galgame,Galgame,オトメ世界の歩き方,,2024,Galgame,,"A Former Soldier and a Cross-Dressing Boy Libra The protagonist of the story. Due to certain circumstances, he has to hide his true identity and live in an area full of women.",222,0,222,0,,https://t.vndb.org/ch/41/157441.jpg,https://t.vndb.org/ch/41/157441.jpg,,#3b495b #95858e #cbbabd #e8d9d8 #f2eeed #ffffff,White Shoulder-length Trap Teen Slim Pale Proactive Fighting Violet Thigh-high Stockings,,,https://vndb.org/c133874,
vndb-c12659,vndb,8,15,,,七瀬 しずる,Nanase Shizuru,,男,O,,Galgame,Galgame,MinDeaD BlooD ～支配者の為の狂死曲～,,2004,Galgame,"[{""t"":""MinDeaD BlooD ～支配者の為の狂死曲～"",""cn"":"""",""ty"":""Galgame"",""y"":2004,""pop"":216},{""t"":""MinDeaD BlooD ～麻由と麻奈の輸血箱～"",""cn"":"""",""ty"":""Galgame"",""y"":2004,""pop"":92}]","Reborn into undeath as an incredible vampire with phenomenal fighting prowess, Shizuru suffers from amnesia due to the trauma of his unnatural rebirth.",216,0,216,0,,https://t.vndb.org/ch/48/15148.jpg,https://t.vndb.org/ch/48/15148.jpg,,#60404f #9d8898 #c4b5c0 #e6dce2 #f5f1f3 #ffffff,Brown Blue White Shoulder-length Slim Pale Proactive Fighting Amnesia Cunnilingus,,,https://vndb.org/c12659,
vndb-c99980,vndb,8,15,,,,Miho,,女,,,Galgame,Galgame,Please Be Happy,,2022,Galgame,,"Sugar Rainy days Miho's earliest memories are of her time as a fox, and the kind human she met back then. Now more than just a fox, she's spent her life searching for that person.",190,0,190,0,,https://t.vndb.org/ch/46/142246.jpg,https://t.vndb.org/ch/46/142246.jpg,,#434249 #756e6c #bfb0aa #f3dfd2 #ffffff,Black Shoulder-length Slim Pale Amber Young-adult Jacket Necklace Skirt Boots,,,https://vndb.org/c99980,
al90107,anilist,8,16,,齐木楠雄,斉木楠雄,Kusuo Saiki,Kuu / Kusuko / Kuriko / Cyborg Sodaman Mark II,男,,15-,动画|漫画,动画,暗殺教室 第２期,,2016,动画,"[{""t"":""暗殺教室 第２期"",""cn"":"""",""ty"":""动画"",""y"":2016,""pop"":369666},{""t"":""斉木楠雄のΨ難"",""cn"":""齐木楠雄的灾难"",""ty"":""动画"",""y"":2016,""pop"":358529},{""t"":""斉木楠雄のΨ難 2"",""cn"":"""",""ty"":""动画"",""y"":2018,""pop"":189627},{""t"":""斉木楠雄のΨ難 Ψ始動編"",""cn"":"""",""ty"":""动画"",""y"":2019,""pop"":98277},{""t"":""斉木楠雄のΨ難 完結編"",""cn"":""齐木楠雄的灾难 完结篇"",""ty"":""动画"",""y"":2018,""pop"":91668},{""t"":""暗殺教室"",""cn"":""暗杀教室"",""ty"":""漫画"",""y"":2012,""pop"":54655}]",髪はピンク色で頭部に不思議な装置をつけ、緑色のレンズのメガネという特徴的な容姿の高校生。テレパシー、サイコキネシス、透視、予知、瞬間移動、千里眼などなど…様々な超能力を操ることができる。幼少期の経験から人前で超能力を使うことを避けるようになり、それを人に知られないように周囲から適度な距離をおきながら暮らしている。スイーツが好物で、特にコーヒーゼリーに目がない。また虫が嫌い。,15978,15978,0,261,,https://s4.anilist.co/file/anilistcdn/character/large/b90107-ZULW5HlPX1uU.png,https://s4.anilist.co/file/anilistcdn/character/medium/b90107-ZULW5HlPX1uU.png,https://lain.bgm.tv/r/400/pic/crt/l/66/b6/27115_crt_0zrIB.jpg?r=1473606934,,,https://anilist.co/character/90107,https://bgm.tv/character/27115,,27115
al90010,anilist,8,16,,九头龙冬彦,九頭龍冬彦,Fuyuhiko Kuzuryuu,Ultimate Yakuza / Super High School Level Gangster (超高校級の極道) / Ultimate Yakuza / 超高校級の「極道」,男,AB,,动画|漫画|Galgame,动画,ダンガンロンパ3 -The End of 希望ヶ峰学園-　絶望編,弹丸论破3 -The End of 希望之峰学园- 绝望篇,2016,动画,"[{""t"":""ダンガンロンパ3 -The End of 希望ヶ峰学園-　絶望編"",""cn"":""弹丸论破3 -The End of 希望之峰学园- 绝望篇"",""ty"":""动画"",""y"":2016,""pop"":89210},{""t"":""ダンガンロンパ３-The End of 希望ヶ峰学園-希望編"",""cn"":"""",""ty"":""动画"",""y"":2016,""pop"":56357},{""t"":""スーパーダンガンロンパ2.5 狛枝凪斗と世界の破壊者"",""cn"":""超级弹丸论破2.5 狛枝凪斗与世界的破坏者"",""ty"":""动画"",""y"":2017,""pop"":34341},{""t"":""スーパーダンガンロンパ2 さよなら絶望学園"",""cn"":""超级弹丸论破2 再见了绝望学园"",""ty"":""Galgame"",""y"":2012,""pop"":13178},{""t"":""ニューダンガンロンパV3 みんなのコロシアイ新学期"",""cn"":""新弹丸论破V3 大家的自相残杀新学期"",""ty"":""Galgame"",""y"":2017,""pop"":8847},{""t"":""スーパーダンガンロンパ2 超高校級の幸運と希望と絶望"",""cn"":""超级弹丸论破2 超高校级的幸运与希望与绝望"",""ty"":""漫画"",""y"":2012,""pop"":2009}]",超高校級の「極道」。 30000人以上の構成員を抱える、国内最大の指定暴力団「九頭龍会」の跡取り候補。ソニアや十神と並び、世界を動かす勢力に連なる一人。 群れることや慣れ合うことを極端に嫌い、言動も粗野で暴力的だが、その刺々しい態度は周囲から侮られないようにとあえてそうしている節もある。古風で保守的な考えの持ち主でもあり、根の性格は意外なほど冷静かつしっかり者で、仁義を重んじる一面がある。家業を嫌っているわけではないが、家の力に頼ることは好んでいない。,13178,673,13178,29,,https://s4.anilist.co/file/anilistcdn/character/large/b90010-aLmjt1jy7XKN.png,https://s4.anilist.co/file/anilistcdn/character/medium/b90010-aLmjt1jy7XKN.png,https://t.vndb.org/ch/70/70670.jpg|https://lain.bgm.tv/r/400/pic/crt/l/cf/7f/18044_crt_40hy7.jpg?r=1534933738,,Blond Short Teen Slim Pale Dress Shoes Proactive Fedora Disaster Amnesia,https://anilist.co/character/90010,https://bgm.tv/character/18044,https://vndb.org/c6617,18044
al68315,anilist,8,16,2084,狡啮慎也,狡噛慎也,Shinya Kougami,Kou / Hound 3 / Kogami / Kou,男,B,28,动画|Galgame,动画,PSYCHO-PASS サイコパス,心理测量者,2012,动画,"[{""t"":""PSYCHO-PASS サイコパス"",""cn"":""心理测量者"",""ty"":""动画"",""y"":2012,""pop"":356404},{""t"":""PSYCHO-PASS サイコパス2"",""cn"":""心理测量者2"",""ty"":""动画"",""y"":2014,""pop"":139043},{""t"":""PSYCHO-PASS サイコパス3"",""cn"":"""",""ty"":""动画"",""y"":2019,""pop"":73593},{""t"":""劇場版 PSYCHO-PASS サイコパス"",""cn"":""剧场版 心理测量者"",""ty"":""动画"",""y"":2015,""pop"":66996},{""t"":""PSYCHO-PASS サイコパス Sinners of the System Case.2 - First Guardian"",""cn"":"""",""ty"":""动画"",""y"":2019,""pop"":32783},{""t"":""PSYCHO-PASS サイコパス 3 FIRST INSPECTOR"",""cn"":"""",""ty"":""动画"",""y"":2020,""pop"":32782}]","Shinya Kougami is an enforcement officer who is tasked with managing crime. Shinya has a high criminal mentality, but because of his skills as a detective, he was released under the condition that he becomes an Enforcer for the Public Safet…",4401,4401,259,342,,https://s4.anilist.co/file/anilistcdn/character/large/b68315-f9RBjyJCoj95.jpg,https://s4.anilist.co/file/anilistcdn/character/medium/b68315-f9RBjyJCoj95.jpg,https://t.vndb.org/ch/65/79665.jpg|https://lain.bgm.tv/r/400/pic/crt/l/4a/83/16891_crt_5wglE.jpg?r=1411138115,,Black Short Pale Hotblooded Black Young-adult Suit Martial Arts Police Honorable,https://anilist.co/character/68315,https://bgm.tv/character/16891,https://vndb.org/c66250,16891
vndb-c20518,vndb,8,16,,门仓永二,門倉 永二,Kadokura Eiji,Colonel / Oyaji,男,O,,Galgame,Galgame,"BALDR SKY Dive1 ""Lost Memory""",,2009,Galgame,"[{""t"":""BALDR SKY Dive1 \""Lost Memory\"""",""cn"":"""",""ty"":""Galgame"",""y"":2009,""pop"":3163},{""t"":""BALDR SKY Dive2 \""RECORDARE\"""",""cn"":"""",""ty"":""Galgame"",""y"":2009,""pop"":2714},{""t"":""BALDR SKY DiveX \""DREAM WORLD\"""",""cn"":"""",""ty"":""Galgame"",""y"":2010,""pop"":231}]",魔狼佣兵团的领袖，军衔上校。甲的父亲。 乐天派，认为「船到桥头自然直」的人。 年轻时就开始从事佣兵行业，经常不回家。 在甲眼里是个不顾家、视钱如命的废材老爹，对他的印象不怎么好。 战斗用电子体战斗能力极强，连自负不会输给任何人的甲都产生动摇。,3163,0,3163,5,,https://t.vndb.org/ch/60/44960.jpg,https://t.vndb.org/ch/60/44960.jpg,https://lain.bgm.tv/r/400/pic/crt/l/1f/f6/27129_crt_TggA3.jpg,#586a7b #2b3037 #afa699 #e7d3bc #ffffff,Brown Short Pale Trousers Fighting Blue Adult Secretive Jacket Ore,,https://bgm.tv/character/27129,https://vndb.org/c20518,27129
vndb-c531,vndb,8,16,,莉西娅·德·诺瓦斯·尤利,リシア・ド・ノーヴァス・ユーリィ,Licia de novus Yurii,,女,AB,,Galgame,Galgame,穢翼のユースティア,秽翼的尤斯蒂娅,2011,Galgame,,王家第一皇女，亦即皇位第一继承人。 因为现任王卧床不起，目前由她作为代理执掌政务。 虽然贵族中也有人讽刺还没继位的她为「无冠的女王」，但她本人并不以为意。 为人干脆直爽，向来活力充沛，但似乎是因为教养过严，也有着亦步亦趋的一面。 由于王家的人向来对庶民事项多加关心，要是被仆人抢了洗衣做饭等杂事，她就会一脸不悦。,3089,0,3089,204,,https://t.vndb.org/ch/36/149536.jpg,https://t.vndb.org/ch/36/149536.jpg,https://lain.bgm.tv/r/400/pic/crt/l/0f/00/11359_crt_h92MX.jpg,#aa8672 #403444 #d3bfaa #f4e1c2 #faf0e8 #ffffff,Blond Twin Tails Waist Length+ Curtained Straight Slim Pale Orphan Cooking Fighting,,https://bgm.tv/character/11359,https://vndb.org/c531,11359
vndb-c5400,vndb,8,16,,,腰越 マキ,Koshigoe Maki,Gokurakuin Maki / Makiemon / Massacre Maki / まーちん,女,B,,Galgame,Galgame,辻堂さんの純愛ロード,,2012,Galgame,"[{""t"":""辻堂さんの純愛ロード"",""cn"":"""",""ty"":""Galgame"",""y"":2012,""pop"":2008},{""t"":""辻堂さんのバージンロード"",""cn"":"""",""ty"":""Galgame"",""y"":2013,""pop"":352},{""t"":""みなとカーニバルＦＤ"",""cn"":"""",""ty"":""Galgame"",""y"":2017,""pop"":80}]","Ai's rival and a food-loving deliquent who goes by the name ""Massacre Maki"", she's said to be the evilest, worst existence in Shounan.",2008,0,2008,0,1,https://t.vndb.org/ch/87/85787.jpg,https://t.vndb.org/ch/87/85787.jpg,,#9483a8 #3e2a46 #e2bfaa #f8f0ea #e2d9dd #ffffff,Blue Violet Short Teen Slim Pale School Uniform Fighting Missionary Doggy Style,,,https://vndb.org/c5400,
vndb-c12758,vndb,8,16,,,透花,Touka,,女,A,,Galgame,Galgame,Quartett!,,2004,Galgame,"[{""t"":""Quartett!"",""cn"":"""",""ty"":""Galgame"",""y"":2004,""pop"":1094},{""t"":""白詰草話 -EPISODE OF THE CLOVERS-"",""cn"":"""",""ty"":""Galgame"",""y"":2002,""pop"":68},{""t"":""白詰草話番外編 『津名川さん家のクリスマス』"",""cn"":"""",""ty"":""Galgame"",""y"":2002,""pop"":21},{""t"":""リトルウィッチファンディスク～ちいさな魔女の贈りもの～"",""cn"":"""",""ty"":""Galgame"",""y"":2006,""pop"":16}]",,1094,0,1094,0,,https://t.vndb.org/ch/20/15320.jpg,https://t.vndb.org/ch/20/15320.jpg,,#f5dac7 #6b767a #bac6c7 #ececec #fafafa,Wavy Shoulder-length Slim Pale Green Kid Dress Mini-dress Cross Necklace Stoic,,,https://vndb.org/c12758,
vndb-c28258,vndb,8,16,,,カラミア,Caramia,,男,,,Galgame,Galgame,OZMAFIA!!,,2013,Galgame,"[{""t"":""OZMAFIA!!"",""cn"":"""",""ty"":""Galgame"",""y"":2013,""pop"":830},{""t"":""OZMAFIA!! -RefleXion-"",""cn"":"""",""ty"":""Galgame"",""y"":"""",""pop"":3}]","The Courageous Lion The don of famiglia Oz. Kind and magnanimous, he's beloved by the townspeople. He invites our hapless protagonist to live at the Oz estate.",830,0,830,0,,https://t.vndb.org/ch/04/34304.jpg,https://t.vndb.org/ch/04/34304.jpg,,#4a1d29 #aa847f #dcb9ac #eedcd4 #f7f2ec #ffffff,Ahoge Curtained Shoulder-length Short Slim Pale Dress Shoes Swordsmanship Cooking Fighting,,,https://vndb.org/c28258,
al128075,anilist,8,16,,,月白瞳美,Hitomi Tsukishiro,,女,,17,动画,动画,色づく世界の明日から,,2018,动画,,Hitomi is a reserved girl who hesitates to interact with people. She cannot see the colours around her and sees everything in monochrome.,602,602,0,0,,https://s4.anilist.co/file/anilistcdn/character/large/n128075-4D2r9WUV5Mo2.png,https://s4.anilist.co/file/anilistcdn/character/medium/n128075-4D2r9WUV5Mo2.png,,,,https://anilist.co/character/128075,,,
al126250,anilist,8,16,,,八乙女楽,Gaku Yaotome,,男,,22,动画,动画,アイドリッシュセブン,,2018,动画,"[{""t"":""アイドリッシュセブン"",""cn"":"""",""ty"":""动画"",""y"":2018,""pop"":25729},{""t"":""アイドリッシュセブン Second BEAT!"",""cn"":"""",""ty"":""动画"",""y"":2020,""pop"":11544},{""t"":""アイドリッシュセブン Third BEAT!"",""cn"":"""",""ty"":""动画"",""y"":2021,""pop"":7988},{""t"":""アイドリッシュセブン Third BEAT! 第2クール"",""cn"":"""",""ty"":""动画"",""y"":2022,""pop"":5415},{""t"":""アイドリッシュセブンVibrato"",""cn"":"""",""ty"":""动画"",""y"":2018,""pop"":5333},{""t"":""アイドリッシュセブン LIVE 4bit BEYOND THE PERiOD DAY 1"",""cn"":"""",""ty"":""动画"",""y"":2023,""pop"":1667}]","183 cm Gaku Yaotome is rough-spoken and has a fairly intimidating aura about him, so there are a lot of rumors swirling around about how nasty the president of Yaotome Pro’s son must be.",385,385,0,0,,https://s4.anilist.co/file/anilistcdn/character/large/b126250-c0JKhjXD7x1D.png,https://s4.anilist.co/file/anilistcdn/character/medium/b126250-c0JKhjXD7x1D.png,,,,https://anilist.co/character/126250,,,
al10236,anilist,8,16,,,十六夜アキ,Aki Izayoi,Akiza Izinski / Black Rose Witch / Queen of Queens / Daddy's little rose,女,,16-18,动画|漫画,动画,遊☆戯☆王5D's（ファイブディーズ）,,2008,动画,"[{""t"":""遊☆戯☆王5D's（ファイブディーズ）"",""cn"":"""",""ty"":""动画"",""y"":2008,""pop"":31931},{""t"":""劇場版 遊☆戯☆王 ～超融合! 時空を越えた絆～"",""cn"":"""",""ty"":""动画"",""y"":2010,""pop"":15421},{""t"":""遊☆戯☆王5D's 進化する決闘! スターダストVSレッド・デーモンズ"",""cn"":"""",""ty"":""动画"",""y"":2008,""pop"":3045},{""t"":""遊☆戯☆王ファイブディーズ"",""cn"":"""",""ty"":""漫画"",""y"":2009,""pop"":1655}]","Aki is a Psycho Duelist who has extraordinary powers, which she blames the 'wretched mark', her Signer birthmark, for. She has the ability of making the effects of cards very real and her opponents take real physical damage.",364,364,0,0,,https://s4.anilist.co/file/anilistcdn/character/large/10236.jpg,https://s4.anilist.co/file/anilistcdn/character/medium/10236.jpg,,,,https://anilist.co/character/10236,,,
vndb-c79,vndb,8,16,,,大江山 祈,Ooeyama Inori,,女,AB,,Galgame,Galgame,つよきす,娇蛮之吻,2005,Galgame,"[{""t"":""つよきす"",""cn"":""娇蛮之吻"",""ty"":""Galgame"",""y"":2005,""pop"":284},{""t"":""つよきす３学期"",""cn"":"""",""ty"":""Galgame"",""y"":2011,""pop"":108},{""t"":""つよきす2学期"",""cn"":"""",""ty"":""Galgame"",""y"":2008,""pop"":99},{""t"":""みにきす　～つよきすファンディスク～"",""cn"":"""",""ty"":""Galgame"",""y"":2006,""pop"":37}]","Inori is Leo's homeroom teacher to his class of 2-C, and an adviser of student council. She seems to be absent minded, and is often late for school despite being the teacher. [From Wikipedia]",284,0,284,0,1,https://t.vndb.org/ch/64/161564.jpg,https://t.vndb.org/ch/64/161564.jpg,,#b58070 #39283e #616168 #8d9798 #c9c6bb #f0eee7,Violet Long Curtained Straight Pale Magician Doggy Style Blowjob Anilingus Violet,,,https://vndb.org/c79,
vndb-c23162,vndb,8,16,,,大塚 はつみ,Ootsuka Hatsumi,,女,A,,Galgame,Galgame,白衣性恋愛症候群,,2011,Galgame,,,268,0,268,0,,https://t.vndb.org/ch/57/31057.jpg,https://t.vndb.org/ch/57/31057.jpg,,#c08e87 #d4c8cc #e2dee3 #f3efeb #faf9f9,Brown Ponytail Short Hard Worker Blue Young-adult Suit Glasses Nurse Kind,,,https://vndb.org/c23162,
al22687,anilist,8,16,,,サカズキ,Sakazuki,Akainu / Admiral / The Red Dog,男,F,,动画|漫画,动画,ONE PIECE,航海王,1999,动画,"[{""t"":""ONE PIECE"",""cn"":""航海王"",""ty"":""动画"",""y"":1999,""pop"":750384},{""t"":""ONE PIECE"",""cn"":""航海王"",""ty"":""漫画"",""y"":1997,""pop"":232766},{""t"":""ONE PIECE FILM RED"",""cn"":""航海王：红发歌姬"",""ty"":""动画"",""y"":2022,""pop"":78378},{""t"":""ONE PIECE FILM Z"",""cn"":""航海王：Z"",""ty"":""动画"",""y"":2012,""pop"":64412},{""t"":""ONE PIECE STAMPEDE"",""cn"":""航海王：狂热行动"",""ty"":""动画"",""y"":2019,""pop"":62019},{""t"":""ONE PIECE FAN LETTER"",""cn"":"""",""ty"":""动画"",""y"":2024,""pop"":58152}]","53 306 cm (10'0½"") Marines (Admiral) Magu Magu no Mi (Magma-Magma Fruit) Logia Sakazuki - Admiral Akainu, formerly known as Vice Admiral Sakazuki, is an Admiral in the world of One Piece, one of only three to hold such a position and subord…",268,268,0,0,,https://s4.anilist.co/file/anilistcdn/character/large/b22687-tCQVpj6wZhRk.jpg,https://s4.anilist.co/file/anilistcdn/character/medium/b22687-tCQVpj6wZhRk.jpg,,,,https://anilist.co/character/22687,,,
vndb-c18374,vndb,8,16,,,館林 開,Tatebayashi Kai,,男,A,,Galgame,Galgame,大正メビウスライン,,2012,Galgame,"[{""t"":""大正メビウスライン"",""cn"":"""",""ty"":""Galgame"",""y"":2012,""pop"":219},{""t"":""大正メビウスライン 帝都備忘録"",""cn"":"""",""ty"":""Galgame"",""y"":2015,""pop"":75}]",A military man who commands a reserve unit of the Imperial Japanese Army and possesses supernatural abilities such as summoning the dead.,219,0,219,0,,https://t.vndb.org/ch/30/23030.jpg,https://t.vndb.org/ch/30/23030.jpg,,#2e343f #b8aea9 #7f797f #f5f3ea #d7d7d7 #ffffff,Blond Short Straight Pale Trousers Sword Donkan Magician Swordsmanship Blue,,,https://vndb.org/c18374,
al132945,anilist,8,16,,,ビル,Bill,,男,,17,动画|漫画,动画,BEASTARS,动物狂想曲,2019,动画,"[{""t"":""BEASTARS"",""cn"":""动物狂想曲"",""ty"":""动画"",""y"":2019,""pop"":258427},{""t"":""BEASTARS 第2期"",""cn"":""动物狂想曲 第二季"",""ty"":""动画"",""y"":2021,""pop"":140408},{""t"":""BEASTARS"",""cn"":""动物狂想曲"",""ty"":""漫画"",""y"":2016,""pop"":48902},{""t"":""BEASTARS FINAL SEASON Part 1"",""cn"":""动物狂想曲 最终季 第一部分"",""ty"":""动画"",""y"":2024,""pop"":42167},{""t"":""BEASTARS FINAL SEASON Part 2"",""cn"":""动物狂想曲 最终季 第二部分"",""ty"":""动画"",""y"":2026,""pop"":19747}]",Bengal Tiger who is a student and member of the Drama Club at Cherryton Academy.,77,77,0,0,,https://s4.anilist.co/file/anilistcdn/character/large/n132945-G5NJQ9JMtF0X.jpg,https://s4.anilist.co/file/anilistcdn/character/medium/n132945-G5NJQ9JMtF0X.jpg,,,,https://anilist.co/character/132945,,,
al325844,anilist,8,16,,,丸山毅,Takeshi Maruyama,,男,,,动画|漫画|轻小说,动画,時々ボソッとロシア語でデレる隣のアーリャさん,不时轻声地以俄语遮羞的邻座艾莉同学,2024,动画,"[{""t"":""時々ボソッとロシア語でデレる隣のアーリャさん"",""cn"":""不时轻声地以俄语遮羞的邻座艾莉同学"",""ty"":""动画"",""y"":2024,""pop"":204637},{""t"":""時々ボソッとロシア語でデレる隣のアーリャさん"",""cn"":""不时轻声地以俄语遮羞的邻座艾莉同学"",""ty"":""漫画"",""y"":2022,""pop"":22641},{""t"":""時々ボソッとロシア語でデレる隣のアーリャさん"",""cn"":""不时轻声地以俄语遮羞的邻座艾莉同学"",""ty"":""轻小说"",""y"":2021,""pop"":9197}]","From Masachika’s view, he was his friend since middle school.",2,2,0,0,,https://s4.anilist.co/file/anilistcdn/character/large/b325844-x2IJrshGcRQs.png,https://s4.anilist.co/file/anilistcdn/character/medium/b325844-x2IJrshGcRQs.png,,,,https://anilist.co/character/325844,,,
vndb-c200,vndb,8,17,,右代宫金蔵,右代宮 金蔵,Ushiromiya Kinzou,Goldsmith,男,O,,Galgame,Galgame,うみねこのなく頃に,海猫鸣泣之时,2007,Galgame,"[{""t"":""うみねこのなく頃に"",""cn"":""海猫鸣泣之时"",""ty"":""Galgame"",""y"":2007,""pop"":13833},{""t"":""うみねこのなく頃に散"",""cn"":""海猫鸣泣之时散"",""ty"":""Galgame"",""y"":2009,""pop"":10973},{""t"":""うみねこのなく頃に散"",""cn"":""海猫鸣泣之时散"",""ty"":""Galgame"",""y"":2009,""pop"":10973}]",右代宫家（USIROMIYAKE）的老家主。 虽被告知命不久矣，照样意气轩昂。 家财万贯，却对继承的问题啥也不说，让几个兄妹们急的不得了。 超迷西洋的东西，对于神怪魔幻这些更是个狂热者。 书房里堆满了各种怪异的魔术书。,13833,0,13833,7,,https://t.vndb.org/ch/13/32113.jpg,https://t.vndb.org/ch/13/32113.jpg,https://lain.bgm.tv/r/400/pic/crt/l/c6/08/924_crt_3Lq2c.jpg?r=1677396228,#a66746 #2d292a #b0a6a5 #dbd4d0 #e5e8ee #ffffff,White Short Beard Moustache Pale Trousers Dress Shoes Hard Worker Master Magician,,https://bgm.tv/character/924,https://vndb.org/c200,924
vndb-c112125,vndb,8,17,,,土居 亜麻芽,Doi Amame,Mame / マーメイド / Mermaid / 麻芽ちゃん,女,,,Galgame,Galgame,AI：ソムニウム ファイル,AI：梦境档案,2019,Galgame,"[{""t"":""AI：ソムニウム ファイル"",""cn"":""AI：梦境档案"",""ty"":""Galgame"",""y"":2019,""pop"":4117},{""t"":""AI: ソムニウムファイル ニルヴァーナイニシアチブ"",""cn"":""AI：梦境档案 涅槃肇始"",""ty"":""Galgame"",""y"":2022,""pop"":1753},{""t"":""伊達鍵は眠らない – From AI：ソムニウムファイル"",""cn"":""无法成眠的伊达键 - From AI：梦境档案"",""ty"":""Galgame"",""y"":2025,""pop"":276}]","Amame Doi Female 18 (falsely listed as 20 in AI) August 17 Sekiba High Senior, Maid Cafe Maid Ratatat, bang bang, and slappy slap (in AI); Quizzes, The Occult, Dance, Music, Voices, Right (Side) (in AINI) Sea Kings who stay for an hour afte…",4117,0,4117,6,,https://t.vndb.org/ch/27/189627.jpg,https://t.vndb.org/ch/27/189627.jpg,https://lain.bgm.tv/r/400/pic/crt/l/93/1e/112351_crt_C9mJi.jpg,#d1ac54 #808894 #cdbeba #685f5e #ab9fa1 #d4d9ea,Blue Pink Twin Tails Waist Length+ Wavy Teen Slim Pale School Uniform Hard Worker,,https://bgm.tv/character/112351,https://vndb.org/c86548,112351
vndb-c41126,vndb,8,17,,刻命春奈,刻命 春奈,Kizami Haruna,,女,A,,Galgame,Galgame,コープスパーティー ブラッドカバー,尸体派对 血色笼罩,2006,Galgame,"[{""t"":""コープスパーティー ブラッドカバー"",""cn"":""尸体派对 血色笼罩"",""ty"":""Galgame"",""y"":2006,""pop"":3556},{""t"":""コープスパーティー ブックオブシャドウズ"",""cn"":"""",""ty"":""Galgame"",""y"":2011,""pop"":1540}]",刻命裕也的姐姐，在刻命回想自己的小学时代里登场（当时16岁）。刻命家的长女，成绩优秀才色兼备，是男女共同憧憬的存在。虽然严于律己，但不宽以待人，对他人总是过分要求，因此在班内发展成大争吵。对待家里的兄弟也是如此，不许他们做不合道理的事，特别是对弟扭曲的生命观把心都操碎了,3556,0,3556,0,,https://t.vndb.org/ch/27/49427.jpg,https://t.vndb.org/ch/27/49427.jpg,https://lain.bgm.tv/r/400/pic/crt/l/25/68/91203_crt_OPMXA.jpg,#5d697a #b6afaf #d0cfd1 #ffffff,Hime Cut Long Curtained Straight Teen Slim Pale School Uniform Hotblooded Full Sister,,https://bgm.tv/character/91203,https://vndb.org/c41126,91203
al8306,anilist,8,17,,,秋瀬或,Aru Akise,Akki,男,,14,动画|漫画,动画,未来日記,未来日记,2011,动画,"[{""t"":""未来日記"",""cn"":""未来日记"",""ty"":""动画"",""y"":2011,""pop"":431155},{""t"":""未来日記リダイヤル"",""cn"":""未来日记Redial"",""ty"":""动画"",""y"":2013,""pop"":88428},{""t"":""未来日記"",""cn"":""未来日记"",""ty"":""漫画"",""y"":2006,""pop"":23106},{""t"":""未来日記・パラドックス"",""cn"":"""",""ty"":""漫画"",""y"":2010,""pop"":3600},{""t"":""未来日記: Mosaic"",""cn"":"""",""ty"":""漫画"",""y"":2008,""pop"":3399},{""t"":""未来日記リダイヤル"",""cn"":""未来日记Redial"",""ty"":""漫画"",""y"":2013,""pop"":3008}]","163 cm (5'4"") A classmate in Yukiteru's school, Aru Akise dreams of one day becoming the world's greatest detective. The student detective is able to correctly deduce the culprit behind the serial dog murders even before the police.",1491,1491,0,0,,https://s4.anilist.co/file/anilistcdn/character/large/b8306-1plj927kFBCf.jpg,https://s4.anilist.co/file/anilistcdn/character/medium/b8306-1plj927kFBCf.jpg,,,,https://anilist.co/character/8306,,,
vndb-c12760,vndb,8,17,,,沙友,Sayu,,女,O,,Galgame,Galgame,Quartett!,,2004,Galgame,"[{""t"":""Quartett!"",""cn"":"""",""ty"":""Galgame"",""y"":2004,""pop"":1094},{""t"":""白詰草話 -EPISODE OF THE CLOVERS-"",""cn"":"""",""ty"":""Galgame"",""y"":2002,""pop"":68},{""t"":""白詰草話番外編 『津名川さん家のクリスマス』"",""cn"":"""",""ty"":""Galgame"",""y"":2002,""pop"":21},{""t"":""リトルウィッチファンディスク～ちいさな魔女の贈りもの～"",""cn"":"""",""ty"":""Galgame"",""y"":2006,""pop"":16}]",,1094,0,1094,0,,https://t.vndb.org/ch/28/15328.jpg,https://t.vndb.org/ch/28/15328.jpg,,#a49e8b #ebd5c4 #e9e8e6 #fdfbfc,Brown Twin Tails Long Wavy Brown Slim Pale Kid Dress Mini-dress,,,https://vndb.org/c12760,
vndb-c5933,vndb,8,17,,,鷺ノ宮 紗綾,Saginomiya Saya,,女,O,,Galgame,Galgame,Canvas2～茜色のパレット～,,2004,Galgame,"[{""t"":""Canvas2～茜色のパレット～"",""cn"":"""",""ty"":""Galgame"",""y"":2004,""pop"":1067},{""t"":""INNOCENT COLORS～Canvas2 Fan Disc～"",""cn"":"""",""ty"":""Galgame"",""y"":2004,""pop"":6}]",She is the acting superintendent at Nadeshiko Academy. This tall and purple-haired beauty has a well-meaning and caring personality but is surprisingly disliked by the rest of the administration at Nadeshiko Academy.,1067,0,1067,0,,https://t.vndb.org/ch/07/11807.jpg,https://t.vndb.org/ch/07/11807.jpg,,#9f617b #bd90b0 #d9c7d7 #ece6ec #f9f7f7,Violet Ponytail Waist Length+ Curtained Slim Pale Doggy Style Virgin Sex Violet Young-adult,,,https://vndb.org/c5933,
vndb-c12460,vndb,8,17,,,リリア・シェルベリ,Lilia Kjellberg,,女,,,Galgame,Galgame,マブラヴ アンリミテッド ザ・デイアフター,,2010,Galgame,,2nd lieutenant of the VMF-536 Bloody Nightmare squad in the US Marine Corps. Rescued by Wilbert Collins after a shipwreck and incorporated into the VMF-318 Black Knives squad afterwards.,690,0,690,0,,https://t.vndb.org/ch/40/115040.jpg,https://t.vndb.org/ch/40/115040.jpg,,#dda67a #ae7755 #3e70af #18427d #f3ddb8 #aec5da,Blond Odango Waist Length+ Wavy Teen Slim Pale Trousers Fighting Gloves,,,https://vndb.org/c12460,
al122210,anilist,8,17,,,アーサー・ペンドラゴン,Arthur Pendragon,,男,A,,动画|漫画,动画,七つの大罪,七大罪,2014,动画,"[{""t"":""七つの大罪"",""cn"":""七大罪"",""ty"":""动画"",""y"":2014,""pop"":529134},{""t"":""七つの大罪 戒めの復活"",""cn"":""七大罪 戒律的复活"",""ty"":""动画"",""y"":2018,""pop"":286406},{""t"":""七つの大罪 神々の逆鱗"",""cn"":""七大罪 诸神的逆鳞"",""ty"":""动画"",""y"":2019,""pop"":202771},{""t"":""七つの大罪 憤怒の審判"",""cn"":""七大罪 愤怒的审判"",""ty"":""动画"",""y"":2021,""pop"":139330},{""t"":""七つの大罪"",""cn"":""七大罪"",""ty"":""漫画"",""y"":2012,""pop"":55078},{""t"":""七つの大罪 光に呪われし者たち"",""cn"":"""",""ty"":""动画"",""y"":2021,""pop"":38939}]","Named the king of Camelot after pulling a sword from the stone that hundreds of holy knights could not. Arthur is a polite, young man who is still adjusting to his role as king.",650,650,0,0,,https://s4.anilist.co/file/anilistcdn/character/large/b122210-l6g1EMCf5NdE.png,https://s4.anilist.co/file/anilistcdn/character/medium/b122210-l6g1EMCf5NdE.png,,,,https://anilist.co/character/122210,,,
vndb-c4002,vndb,8,17,,,小早川 凛子,Kobayakawa Rinko,,女,B,,Galgame,Galgame,ラブプラス,,2009,Galgame,"[{""t"":""ラブプラス"",""cn"":"""",""ty"":""Galgame"",""y"":2009,""pop"":566},{""t"":""NEWラブプラス"",""cn"":"""",""ty"":""Galgame"",""y"":2012,""pop"":93}]",A first year high school student who the protagonist meets after being forced to join the library committee. She constantly wears earphones and has an attitude that keeps people away from her.,566,0,566,0,,https://t.vndb.org/ch/36/4036.jpg,https://t.vndb.org/ch/36/4036.jpg,,#5b5263 #efd1b9 #b6a097 #f5ebe3 #cbcfd8 #ffffff,Black Short Straight Brown Teen Slim Pale Miniskirt Knee-high Socks Tsundere,,,https://vndb.org/c4002,
al169405,anilist,8,17,,,帝襟アンリ,Anri Teieri,,女,B,22-,动画|漫画,动画,ブルーロック,蓝色监狱,2022,动画,"[{""t"":""ブルーロック"",""cn"":""蓝色监狱"",""ty"":""动画"",""y"":2022,""pop"":325210},{""t"":""ブルーロック VS. U-20 JAPAN"",""cn"":""蓝色监狱 VS. U-20 日本代表队"",""ty"":""动画"",""y"":2024,""pop"":142268},{""t"":""ブルーロック"",""cn"":""蓝色监狱"",""ty"":""漫画"",""y"":2018,""pop"":124054},{""t"":""ブルーロック -EPISODE 凪-"",""cn"":"""",""ty"":""动画"",""y"":2024,""pop"":50833},{""t"":""ブルーロック-EPISODE 凪-"",""cn"":"""",""ty"":""漫画"",""y"":2022,""pop"":9604}]","157cm (5'2"") Anri is a new member of the Japan Football Association. Sometime after the defeat of the Japanese National Team in the 2018 World Cup, Anri proposes the Blue Lock plan to the executives of the Japan Football Union to help Japan…",462,462,0,0,,https://s4.anilist.co/file/anilistcdn/character/large/b169405-RFVC95ooQp13.png,https://s4.anilist.co/file/anilistcdn/character/medium/b169405-RFVC95ooQp13.png,,,,https://anilist.co/character/169405,,,
al4163,anilist,8,17,1998,,九重りん,Rin Kokonoe,,女,AB,10,动画|漫画,动画,こどものじかん,,2007,动画,"[{""t"":""こどものじかん"",""cn"":"""",""ty"":""动画"",""y"":2007,""pop"":24813},{""t"":""こどものじかん 2学期"",""cn"":"""",""ty"":""动画"",""y"":2009,""pop"":7611},{""t"":""こどものじかん OVA"",""cn"":"""",""ty"":""动画"",""y"":2007,""pop"":6954},{""t"":""こどものじかん"",""cn"":"""",""ty"":""漫画"",""y"":2005,""pop"":5940},{""t"":""こどものじかん"",""cn"":"""",""ty"":""漫画"",""y"":2004,""pop"":142},{""t"":""こどものじかん オフィシャルパロディ 卒業記念文集"",""cn"":"""",""ty"":""漫画"",""y"":2012,""pop"":122}]",142 cm Rin is a young girl in third grade who has an intense crush on her teacher [Daisuke](//anilist.co/character/5757/Aoki-Daisuke).,305,305,0,0,,https://s4.anilist.co/file/anilistcdn/character/large/4163.jpg,https://s4.anilist.co/file/anilistcdn/character/medium/4163.jpg,,,,https://anilist.co/character/4163,,,
al191859,anilist,8,17,,,天川薫子,Kaoruko Tenkawa,Magia Sulfur (マジアサルファ),女,,14,动画|漫画,动画,魔法少女にあこがれて,,2024,动画,"[{""t"":""魔法少女にあこがれて"",""cn"":"""",""ty"":""动画"",""y"":2024,""pop"":78103},{""t"":""ちょっとだけ愛が重いダークエルフが異世界から追いかけてきた"",""cn"":"""",""ty"":""动画"",""y"":2025,""pop"":28955},{""t"":""魔法少女にあこがれて"",""cn"":"""",""ty"":""漫画"",""y"":2019,""pop"":17546}]","146 cm Kaoroku puts on a calm and cool mask for the public, but in reality she is a crude, foulmouthed, and short-tempered girl. She is also the most intelligent and cunning member of Tres Magia.",300,300,0,0,,https://s4.anilist.co/file/anilistcdn/character/large/b191859-tmn24DMDFPIc.png,https://s4.anilist.co/file/anilistcdn/character/medium/b191859-tmn24DMDFPIc.png,,,,https://anilist.co/character/191859,,,
al89631,anilist,8,17,,,ココナ・ココミネ,Cocona Cocomine,Pure Blade,女,,,动画,动画,フリップフラッパーズ,,2016,动画,,"A second-year middle school student who lives with her grandmother. She's an honor student who serves as the class representative. Because of her cautious personality, she's unable to step foot into new opportunities.",271,271,0,0,,https://s4.anilist.co/file/anilistcdn/character/large/b89631-tbDsKS5a7Li9.jpg,https://s4.anilist.co/file/anilistcdn/character/medium/b89631-tbDsKS5a7Li9.jpg,,,,https://anilist.co/character/89631,,,
vndb-c11628,vndb,8,17,,,飛世 巴,Tobise Tomoe,,女,O,,Galgame,Galgame,メモリーズオフ セカンド,,2001,Galgame,"[{""t"":""メモリーズオフ セカンド"",""cn"":"""",""ty"":""Galgame"",""y"":2001,""pop"":222},{""t"":""メモリーズオフ After Rain"",""cn"":"""",""ty"":""Galgame"",""y"":2005,""pop"":56},{""t"":""メモリーズオフ ゆびきりの記憶 ふたりの風流庵"",""cn"":"""",""ty"":""Galgame"",""y"":2011,""pop"":33},{""t"":""メモオフみっくす"",""cn"":"""",""ty"":""Galgame"",""y"":2003,""pop"":4}]","Hotaru's best friend, Tomoe is also in her third year at Hamasaki High School. She works part-time at a local restaurant and is a member of the theatre club. She has an open-hearted and cheerful personality.",222,0,222,0,,https://t.vndb.org/ch/37/13537.jpg,https://t.vndb.org/ch/37/13537.jpg,,#b5918c #453b4b #e7cec4 #d6ddea #f0f4fa #ffffff,Brown Short Brown Teen Slim Pale School Uniform Dress Shoes Necktie Miniskirt,,,https://vndb.org/c11628,
vndb-c39136,vndb,8,17,,,桜庭 遊乃,Sakuraba Yuuno,Yuu-chan,女,AB,,Galgame,Galgame,りりくる Rainbow Stage!!!,,2016,Galgame,,"""Tama-chan, you should always look at me more! Don't you think so too, Sae-chan?"" Tall Healthy, in-shape Sparkly, eye catching Favorite Standing out, being pampered Hobby / Playing the drums, rhythm games, crane games from arcades Yuuno is…",210,0,210,0,,https://t.vndb.org/ch/12/49612.jpg,https://t.vndb.org/ch/12/49612.jpg,,#c4534b #eeb47b #7fa1ca #e1c4bc #e1e7eb #fefefe,Red Ahoge Long Wavy Teen Slim Pale Sweater Dress Shoes Necktie,,,https://vndb.org/c39136,
vndb-c128250,vndb,8,17,,,橘守生,Tachibana Morio,,男,,,Galgame,Galgame,Starry☆Sky ~in Autumn~,,2009,Galgame,"[{""t"":""Starry☆Sky ~in Autumn~"",""cn"":"""",""ty"":""Galgame"",""y"":2009,""pop"":189},{""t"":""Starry☆Sky ~After Autumn~"",""cn"":"""",""ty"":""Galgame"",""y"":2011,""pop"":56}]",,189,0,189,0,,https://t.vndb.org/ch/05/151005.jpg,https://t.vndb.org/ch/05/151005.jpg,,#59948a #3b3138 #c0ad9b #e6dbcb #fdf7f3,Student,,,https://vndb.org/c128250,
al80517,anilist,8,17,,,成田一仁,Kazuhito Narita,,男,,16,动画|漫画,动画,ハイキュー!!,排球少年!!,2014,动画,"[{""t"":""ハイキュー!!"",""cn"":""排球少年!!"",""ty"":""动画"",""y"":2014,""pop"":583268},{""t"":""ハイキュー!! セカンドシーズン"",""cn"":""排球少年 第二季"",""ty"":""动画"",""y"":2015,""pop"":398770},{""t"":""ハイキュー!! 烏野高校 VS 白鳥沢学園高校"",""cn"":""排球少年 乌野高校 VS 白鸟泽学园高校"",""ty"":""动画"",""y"":2016,""pop"":362356},{""t"":""ハイキュー!! TO THE TOP"",""cn"":""排球少年 TO THE TOP"",""ty"":""动画"",""y"":2020,""pop"":293887},{""t"":""ハイキュー!! TO THE TOP 2"",""cn"":"""",""ty"":""动画"",""y"":2020,""pop"":255078},{""t"":""ハイキュー！！"",""cn"":""排球少年!!"",""ty"":""漫画"",""y"":2012,""pop"":101913}]","Karasuno High 180.2 cm 2nd Year, class 4 Narita, [Ennoshita](//anilist.co/character/67331/Ennoshita-Chikara) and [Kinoshita](//anilist.co/character/80515/Kinoshita-Hisashi) are 2nd years who couldn't keep up with the training when old [Ukai…",64,64,0,0,,https://s4.anilist.co/file/anilistcdn/character/large/80517-NOTmRuD0WECQ.jpg,https://s4.anilist.co/file/anilistcdn/character/medium/80517-NOTmRuD0WECQ.jpg,,,,https://anilist.co/character/80517,,,
al678,anilist,8,18,,,ブルマ,Bulma,Buruma / Bloomers / Lena / Blooma,女,,,动画,动画,ドラゴンボールZ,龙珠Z,1989,动画,"[{""t"":""ドラゴンボールZ"",""cn"":""龙珠Z"",""ty"":""动画"",""y"":1989,""pop"":259124},{""t"":""ドラゴンボール"",""cn"":""龙珠"",""ty"":""动画"",""y"":1986,""pop"":234217},{""t"":""ドラゴンボール超"",""cn"":"""",""ty"":""动画"",""y"":2015,""pop"":217980},{""t"":""ドラゴンボールGT"",""cn"":""龙珠GT"",""ty"":""动画"",""y"":1996,""pop"":129414},{""t"":""ドラゴンボール超 ブロリー"",""cn"":"""",""ty"":""动画"",""y"":2018,""pop"":123744},{""t"":""ドラゴンボール改"",""cn"":""龙珠改"",""ty"":""动画"",""y"":2009,""pop"":97863}]","733 Age 165 cm (5'5"") Earthling Bulma is originally a secondary main character, but her role is quickly downplayed as the series continues, even though she does remain an important support character for most of the series.",1618,1618,0,0,,https://s4.anilist.co/file/anilistcdn/character/large/b678-2YCe13F0tFos.jpg,https://s4.anilist.co/file/anilistcdn/character/medium/b678-2YCe13F0tFos.jpg,,,,https://anilist.co/character/678,,,
vndb-c65605,vndb,8,18,,,世計 絢花,Yohakari Ayaka,,女,,,Galgame,Galgame,かりぐらし恋愛,,2018,Galgame,,"Honor student and childhood friend of the protagonist. Despite being a year younger than him, she is very reliable. She comes from a family of five, including her two parents and two younger siblings, but their behavior is far from that of…",663,0,663,0,,https://t.vndb.org/ch/73/78873.jpg,https://t.vndb.org/ch/73/78873.jpg,,#b05e78 #ef9f9a #aac6db #eacbcc #f9f0e7 #ffffff,Pink Waist Length+ Straight Teen Slim Pale School Uniform Cowgirl Standing Sex Blowjob,,,https://vndb.org/c65605,
vndb-c1331,vndb,8,18,,,蒼樹 千晴,Aoki Chiharu,,男,A,,Galgame,Galgame,ときめきメモリアル Girl's Side,,2002,Galgame,"[{""t"":""ときめきメモリアル Girl's Side"",""cn"":"""",""ty"":""Galgame"",""y"":2002,""pop"":452},{""t"":""ときめきメモリアル Girl’s Side 2nd Kiss"",""cn"":"""",""ty"":""Galgame"",""y"":2006,""pop"":366}]",Chiharu is an American-born exchange student and at first he cannot speak Japanese. After he sends the main character an e-mail by mistake they start corresponding. His Japanese improves gradually through his e-mails.,452,0,452,0,,https://t.vndb.org/ch/74/1374.jpg,https://t.vndb.org/ch/74/1374.jpg,,#393442 #ceb6a8 #7c737f #ffffff,Blue Short Teen Trousers Blue Shy Student Club Member Foreigner High School Student Kind,,,https://vndb.org/c1331,
vndb-c104900,vndb,8,18,,,ソーマ・ジェイス,Souma Jace,,男,,,Galgame,Galgame,ジュエリー・ハーツ・アカデミア -We will wing wonder world-,,2022,Galgame,,"""After all, I think this class probably should be abolished for everyone's sake."" - Pegasus Class - August 18 - 168cm - Oysters - Herbs - Will/He is ordered by his boss, ""The Master"", to never use his will, so he basically pretends to be in…",402,0,402,0,,https://t.vndb.org/ch/66/126366.jpg,https://t.vndb.org/ch/66/126366.jpg,,#434360 #aca3b2 #dcd5dc #f1eeef #faf9f8,Blue Short Teen Slim Pale School Uniform Disaster Cunnilingus Sixty-nine Blue,,,https://vndb.org/c104900,
vndb-c3673,vndb,8,18,,,アシュラフ・アリー・イブラーヒーム,Ashraf Ali Ibrahim,Ali,男,O,,Galgame,Galgame,絶対服従命令,,2005,Galgame,,"Kia's target. Ashraf is Arabian royalty. He has come to Germany on his European visit. He is third in line to inherit the throne, so many people have attempted to assassinate him or ruin him. [From in-game profile]",399,0,399,0,,https://t.vndb.org/ch/79/25279.jpg,https://t.vndb.org/ch/79/25279.jpg,,#cd867b #943f57 #f0be8a #ecd7b2 #f5f0e1 #ffffff,Blond Short Assault Doggy Style Blowjob Amber Young-adult Olive Robe Tsundere,,,https://vndb.org/c3673,
al142948,anilist,8,18,,,布洛妮娅·扎伊切克,Bronya Zaychik,Armored Bunny 19c / Metal Gear Bronya / AlloyBron,女,,14-,动画|漫画,动画,戦乙女の食卓,,2019,动画,"[{""t"":""戦乙女の食卓"",""cn"":"""",""ty"":""动画"",""y"":2019,""pop"":7618},{""t"":""戦乙女の食卓Ⅱ"",""cn"":"""",""ty"":""动画"",""y"":2020,""pop"":4001},{""t"":""崩坏3"",""cn"":"""",""ty"":""漫画"",""y"":2016,""pop"":1884},{""t"":""女武神的餐桌 新春SP"",""cn"":"""",""ty"":""动画"",""y"":2021,""pop"":1443},{""t"":""人偶学园"",""cn"":"""",""ty"":""动画"",""y"":2021,""pop"":1118},{""t"":""崩坏3 冬之记忆"",""cn"":"""",""ty"":""动画"",""y"":2022,""pop"":945}]","147 cm (4'10"") Bronya is a high-performance cyborg without emotions, who was raised to be a deadly assassin and led to her being the infamous cold-blooded sniper, the Silver Wolf until she got knocked out by Cocolia and met [Seele Vollerei]…",338,338,0,0,,https://s4.anilist.co/file/anilistcdn/character/large/b142948-zL7OwNQIffj8.jpg,https://s4.anilist.co/file/anilistcdn/character/medium/b142948-zL7OwNQIffj8.jpg,,,,https://anilist.co/character/142948,,,
al77679,anilist,8,18,1995,,吉崎マリ,Mari Yoshizaki,,女,,,漫画,漫画,ぼくは麻理のなか,,2012,漫画,,"An ""angel-like"" beautiful high school girl with a certain secret she has been hiding from everyone.",304,304,0,0,,https://s4.anilist.co/file/anilistcdn/character/large/b77679-oV2cydVywwPV.jpg,https://s4.anilist.co/file/anilistcdn/character/medium/b77679-oV2cydVywwPV.jpg,,,,https://anilist.co/character/77679,,,
al84305,anilist,8,18,,,キース・シャーディス,Keith Shadis,,男,,,动画|漫画,动画,進撃の巨人,进击的巨人,2013,动画,"[{""t"":""進撃の巨人"",""cn"":""进击的巨人"",""ty"":""动画"",""y"":2013,""pop"":1053882},{""t"":""進撃の巨人 Season３"",""cn"":"""",""ty"":""动画"",""y"":2018,""pop"":686190},{""t"":""進撃の巨人 The Final Season"",""cn"":""进击的巨人 最终季"",""ty"":""动画"",""y"":2020,""pop"":642537},{""t"":""進撃の巨人 The Final Season Part 2"",""cn"":""进击的巨人 最终季 Part.2"",""ty"":""动画"",""y"":2022,""pop"":440419},{""t"":""進撃の巨人 The Final Season完結編 前編"",""cn"":""进击的巨人 最终季 完结篇 前篇"",""ty"":""动画"",""y"":2023,""pop"":249964},{""t"":""進撃の巨人"",""cn"":""进击的巨人"",""ty"":""漫画"",""y"":2009,""pop"":226814}]",Keith Shadis was the head instructor of the 104th Trainees Squad. He seemed to be a friend or have some sort of relationship with [Dr.,284,284,0,0,,https://s4.anilist.co/file/anilistcdn/character/large/n84305-15nngV5nTUp6.png,https://s4.anilist.co/file/anilistcdn/character/medium/n84305-15nngV5nTUp6.png,,,,https://anilist.co/character/84305,,,
al135073,anilist,8,18,,,南健次郎,Kenjirou Minami,,男,,17,动画|漫画,动画,ユーリ!!! on ICE,冰上的尤里,2016,动画,"[{""t"":""ユーリ!!! on ICE"",""cn"":""冰上的尤里"",""ty"":""动画"",""y"":2016,""pop"":231691},{""t"":""ユーリ!!! on ICE 番外編 Welcome to The Madness"",""cn"":"""",""ty"":""漫画"",""y"":2017,""pop"":830}]","Kenjirou has a bright and innocent (if not naïve at times) personality. He is very supportive of Yuuri and his opponents during their FS program performances and is shown to be wanting to try new things, such as wanting to try performing a…",263,263,0,0,,https://s4.anilist.co/file/anilistcdn/character/large/b135073-a8YsxxyptL4n.png,https://s4.anilist.co/file/anilistcdn/character/medium/b135073-a8YsxxyptL4n.png,,,,https://anilist.co/character/135073,,,
vndb-c39540,vndb,8,18,,,アスカ,Asuka,飛鳥 維織 / Asuka Iori,女,O,,Galgame,Galgame,働くオトナの恋愛事情,,2016,Galgame,"[{""t"":""働くオトナの恋愛事情"",""cn"":"""",""ty"":""Galgame"",""y"":2016,""pop"":230},{""t"":""働くオトナの恋愛事情２"",""cn"":"""",""ty"":""Galgame"",""y"":2018,""pop"":91}]",A girl the protagonist encountered in a snowy park.,230,0,230,0,,https://t.vndb.org/ch/70/47670.jpg,https://t.vndb.org/ch/70/47670.jpg,,#886c68 #413642 #bea096 #e6d9ce #ffffff,Brown Shoulder-length Brown Slim Pale School Uniform Missionary Cowgirl Spoons Blowjob,,,https://vndb.org/c39540,
vndb-c25996,vndb,8,18,,,三原 藍夏,Mihara Aika,,其他,O,,Galgame,Galgame,P/A ~Potential Ability~,,2014,Galgame,,"She is the homeroom teacher for the “special"" classroom at Jougasaki academy. Just like the protagonist, she does not have a working ability. She originally possessed the ability ""mentalism,"" that affects the way people view themselves.",208,0,208,0,,https://t.vndb.org/ch/60/39760.jpg,https://t.vndb.org/ch/60/39760.jpg,,#404770 #bd939e #e6cccd #f5e8e7 #fdfdfd,Brown Shoulder-length Straight Brown Slim Pale Cooking Missionary Doggy Style Cowgirl,,,https://vndb.org/c25996,
al89468,anilist,8,18,,,鰍,Kajika,カジカ,女,,15,动画|轻小说,动画,甲鉄城のカバネリ,,2016,动画,"[{""t"":""甲鉄城のカバネリ"",""cn"":"""",""ty"":""动画"",""y"":2016,""pop"":197082},{""t"":""甲鉄城のカバネリ 〜海門決戦〜"",""cn"":"""",""ty"":""动画"",""y"":2019,""pop"":50086},{""t"":""甲鉄城のカバネリ 総集編｛後編｝燃える命"",""cn"":"""",""ty"":""动画"",""y"":2017,""pop"":16254},{""t"":""甲鉄城のカバネリ 総集編｛前編｝集う光"",""cn"":"""",""ty"":""动画"",""y"":2016,""pop"":14789},{""t"":""甲鉄城のカバネリ 無名爛漫"",""cn"":"""",""ty"":""动画"",""y"":2026,""pop"":1570},{""t"":""小説 甲鉄城のカバネリ"",""cn"":"""",""ty"":""轻小说"",""y"":2016,""pop"":343}]",Ikoma and Takumi's friend and fellow steam smith. She has a familial personality.,55,55,0,0,,https://s4.anilist.co/file/anilistcdn/character/large/b89468-JUOLxuQZgZ4G.jpg,https://s4.anilist.co/file/anilistcdn/character/medium/b89468-JUOLxuQZgZ4G.jpg,,,,https://anilist.co/character/89468,,,
vndb-c64650,vndb,8,19,,野吕濑玄一,野呂瀬 玄一,Norose Gen'ichi,,男,,,Galgame,Galgame,CHAOS;HEAD,混沌头,2008,Galgame,"[{""t"":""CHAOS;HEAD"",""cn"":""混沌头"",""ty"":""Galgame"",""y"":2008,""pop"":6530},{""t"":""CHAOS;HEAD NOAH"",""cn"":""混沌之脑：诺亚"",""ty"":""Galgame"",""y"":2009,""pop"":4138}]",政府の重要人物で、自身が強大なギガロマニアックスでもある希テクノロジーの社長。倉持、猪鼻と供にノアIIを用いて暗躍する。ノアIIによる世界の改革を企てようとした男。,6530,0,6530,0,,https://t.vndb.org/ch/57/121457.jpg,https://t.vndb.org/ch/57/121457.jpg,https://lain.bgm.tv/r/400/pic/crt/l/30/19/50928_crt_cEppJ.jpg,#372c36 #928179 #c3b6aa #e7e1d2 #f8f5e8 #ffffff,Blond Curtained Short Straight Slim Pale Sword Fighting Violet Adult,,https://bgm.tv/character/50928,https://vndb.org/c64650,50928
al18344,anilist,8,19,,巴卫,巴衛,Tomoe,,男,O,,动画|漫画,动画,神様はじめました,元气少女缘结神,2012,动画,"[{""t"":""神様はじめました"",""cn"":""元气少女缘结神"",""ty"":""动画"",""y"":2012,""pop"":170315},{""t"":""神様はじめました◎"",""cn"":""元气少女缘结神◎"",""ty"":""动画"",""y"":2015,""pop"":93502},{""t"":""神様はじめました ～過去編～"",""cn"":""元气少女缘结神 过去篇"",""ty"":""动画"",""y"":2015,""pop"":38032},{""t"":""神様はじめました"",""cn"":""元气少女缘结神"",""ty"":""动画"",""y"":2013,""pop"":25154},{""t"":""神様はじめました"",""cn"":""元气少女缘结神"",""ty"":""漫画"",""y"":2008,""pop"":24065},{""t"":""神様はじめました「神様、幸せになる」"",""cn"":""元气少女缘结神 新婚篇"",""ty"":""动画"",""y"":2016,""pop"":17009}]",土地神になった奈々生に仕える妖怪。もともとは野狐（やこ）で、犬が嫌いな神・ミカゲに、狛犬代用としてスカウトされ、彼に仕えていた。ミカゲが「家出」してからは、彼の留守を預かっていた。天邪鬼でその上つっけんどん。口も悪く喧嘩腰のときも多いが、奈々生の神使となった際に、荒れていた寝所を彼女が寝ている間に整えたりするなどさりげない優しさも持ち合わせている。奈々生が黄泉の国に落ち、神使から野狐に戻るが、奈々生の事をずっと考えている事に気付き奈々生の事が好きなのを自覚した。笹餅が好物。,6083,6083,0,92,,https://s4.anilist.co/file/anilistcdn/character/large/b18344-2d8Ao1wHDZ7U.png,https://s4.anilist.co/file/anilistcdn/character/medium/b18344-2d8Ao1wHDZ7U.png,https://lain.bgm.tv/r/400/pic/crt/l/24/30/17264_crt_MXIQM.jpg,,,https://anilist.co/character/18344,https://bgm.tv/character/17264,,17264
vndb-c69155,vndb,8,19,,,,Beatrice Albert,Betty,女,,,Galgame,Galgame,VA-11 HALL-A,,2014,Galgame,,"Betty is a veterinarian who works at Seifar Toy Company, Deal's best friend, and a regular patron at VA-11 Hall-A. She is a lesbian and has had numerous short-lived relationships with other women,",5080,0,5080,0,,https://t.vndb.org/ch/83/83383.jpg,https://t.vndb.org/ch/83/83383.jpg,,#13081b #774e62 #c4a0a2 #f8ddcf #ffffff,Black Ponytail Long Brown Pale Boots Friend Coworker Short-tempered Lab Coat,,,https://vndb.org/c69155,
vndb-c10435,vndb,8,19,,红雀,紅雀,Koujaku,,男,A,,Galgame,Galgame,DRAMAtical Murder,戏剧性谋杀,2012,Galgame,"[{""t"":""DRAMAtical Murder"",""cn"":""戏剧性谋杀"",""ty"":""Galgame"",""y"":2012,""pop"":2914},{""t"":""DRAMAtical Murder re:connect"",""cn"":"""",""ty"":""Galgame"",""y"":2013,""pop"":1104}]",大胆微笑著的和服男子 随意穿著和服的美人。大量并覆盖住半张脸的前发， 风雅的和服装扮，再加上彷佛可以听到轻笑声的大胆微笑， 到处都散发著并不是闲杂人等的气氛。,2914,0,2914,21,,https://t.vndb.org/ch/89/21089.jpg,https://t.vndb.org/ch/89/21089.jpg,https://lain.bgm.tv/r/400/pic/crt/l/1a/29/15221_crt_vRLn8.jpg,#732125 #8b7e72 #cdbea4 #e8dfca #ffffff,Blue Red Ponytail Long Curtained Straight Sword Fighting Blowjob Hotblooded,,https://bgm.tv/character/15221,https://vndb.org/c10435,15221
al43778,anilist,8,19,,东方定助,東方定助,Jousuke Higashikata,Josuke Higashikata / Johsuke / Hat Josuke / Gappy,男,,19,漫画,漫画,ジョジョの奇妙な冒険 ジョジョリオン,,2011,漫画,,Part8的主人公。大地震发生约半年后，在「壁之眼」附近发现了神秘青年。全裸被埋在地下时被广濑康穗所救。陷入了失忆的状况，想知道自己是什么人。在之后，将拯救吉良荷莉作为自己的目的。推测为为19岁。 起初身份不明，也没有名字，后来被东方宪助收养，并获得住所和「东方定助」这个名字。名字「定助」是宪助听说他很像以前康穗所饲养的狗而命名的。 由于失忆，所以完全没有与自己相关的记忆，但大致具有高中生程度的知识和一般的教养。另外，拥有用目视精密测量物体的全长和距离的特技。,2818,2818,0,17,,https://s4.anilist.co/file/anilistcdn/character/large/b43778-A9Ixc5ZeCsD6.png,https://s4.anilist.co/file/anilistcdn/character/medium/b43778-A9Ixc5ZeCsD6.png,https://lain.bgm.tv/r/400/pic/crt/l/c3/09/18575_crt_lrOhR.jpg,,,https://anilist.co/character/43778,https://bgm.tv/character/18575,,18575
vndb-c80818,vndb,8,19,,,瀬川 絵未,Segawa Emi,セミちゃん / Semi-chan,女,,,Galgame,Galgame,恋愛、借りちゃいました,,2019,Galgame,"[{""t"":""恋愛、借りちゃいました"",""cn"":"""",""ty"":""Galgame"",""y"":2019,""pop"":2411},{""t"":""恋愛、借りちゃいました 絵未＆八純 ミニアフターストーリー"",""cn"":"""",""ty"":""Galgame"",""y"":2020,""pop"":300},{""t"":""恋愛、借りちゃいました 椿＆ちなつ＆こなつ ミニアフターストーリー"",""cn"":"""",""ty"":""Galgame"",""y"":2019,""pop"":248}]",The protagonist's classmate in Class 3-C of Seirin Academy. Provided his first rental request. She's part of a group of popular girls and often sits on his desk when chatting with friends.,2411,0,2411,0,,https://t.vndb.org/ch/17/98917.jpg,https://t.vndb.org/ch/17/98917.jpg,,#d19989 #5f508f #f3daa2 #eee5d7 #f7f5f0 #ffffff,Blond Ahoge Waist Length+ Straight Teen Slim Pale School Uniform Hard Worker Missionary,,,https://vndb.org/c80818,
vndb-c150761,vndb,8,19,,,厄師寺 猛丸,Yakushiji Takemaru,Gangster With a Heart of Gold / 壹 (One),男,,,Galgame,Galgame,HUNDRED LINE -最終防衛学園-,,2025,Galgame,,"Zodiac Leo Radio Exercises Subtlety Specialist Special Rampage ""You wanna die, bitch?! I don't hit girls or kids or old people, but I'll fuckin' kill you!"" An old-school delinquent who lives to ride and rides to live.",1126,0,1126,0,,https://t.vndb.org/ch/03/177403.jpg,https://t.vndb.org/ch/03/177403.jpg,,#757263 #33312c #aca5a4 #d5d5d6 #ffffff,Mullet Short Brown Proactive Cooking Fighting Hotblooded Amber Young-adult Muscular,,,https://vndb.org/c150761,
vndb-c12759,vndb,8,19,,艾玛,エマ,Ema,,女,B,,Galgame,Galgame,Quartett!,,2004,Galgame,"[{""t"":""Quartett!"",""cn"":"""",""ty"":""Galgame"",""y"":2004,""pop"":1094},{""t"":""白詰草話 -EPISODE OF THE CLOVERS-"",""cn"":"""",""ty"":""Galgame"",""y"":2002,""pop"":68},{""t"":""白詰草話番外編 『津名川さん家のクリスマス』"",""cn"":"""",""ty"":""Galgame"",""y"":2002,""pop"":21},{""t"":""リトルウィッチファンディスク～ちいさな魔女の贈りもの～"",""cn"":"""",""ty"":""Galgame"",""y"":2006,""pop"":16}]",孤儿院最年长铁三角之一，生于2034年，11岁的女孩，身高145cm，脖子上的编号为63194。是个有着一头橘色头发的活泼女孩，秉性乐观而天真，喜欢妈妈和孤儿院的一切，将孤儿院的大伙视为自己的家人。考试分数为300分级别，拥有力压诺曼的体能与卓越的反射神经。,1094,0,1094,76,,https://t.vndb.org/ch/22/15322.jpg,https://t.vndb.org/ch/22/15322.jpg,https://lain.bgm.tv/r/400/pic/crt/l/b4/8c/57376_crt_g8Mmm.jpg?r=1503813993,#1c252a #dbc8ab #f1e2c6 #88857c #ffffff,Blond Twin Tails Hime Cut Long Slim Pale Group Sex Kid Mini-dress Necktie,,https://bgm.tv/character/57376,https://vndb.org/c12759,57376
vndb-c15397,vndb,8,19,,,神崎 大和,Kanzaki Yamato,Blondie,男,O,,Galgame,Galgame,"NO,THANK YOU!!!",,2013,Galgame,,"Kanzaki is member of a criminal organization with an office near sótano. He’s an underling who’s caught Tojo’s eye and acts as his driver. He a rude and aggressive man, who won’t hesitate to use violence.",697,0,697,0,,https://t.vndb.org/ch/67/34367.jpg,https://t.vndb.org/ch/67/34367.jpg,,#e8c9a9 #b69b83 #4f4947 #ffffff,Blond Short Brown Young-adult Muscular Headband Necklace Jeans Boots Ore,,,https://vndb.org/c15397,
vndb-c3034,vndb,8,19,,,蓬莱泉 瑠奈,Houraisen Runa,,女,,,Galgame,Galgame,その花びらにくちづけを　あまくてほしくてとろけるちゅう,,2009,Galgame,"[{""t"":""その花びらにくちづけを　あまくてほしくてとろけるちゅう"",""cn"":"""",""ty"":""Galgame"",""y"":2009,""pop"":669},{""t"":""その花びらにくちづけを　ミカエルの乙女たち"",""cn"":"""",""ty"":""Galgame"",""y"":2012,""pop"":454},{""t"":""その花びらにくちづけを あまくておとなのとろけるちゅう"",""cn"":"""",""ty"":""Galgame"",""y"":2010,""pop"":418},{""t"":""その花びらにくちづけを 白雪の騎士"",""cn"":"""",""ty"":""Galgame"",""y"":2013,""pop"":149},{""t"":""その花びらにくちづけを　あなたに誓う愛"",""cn"":"""",""ty"":""Galgame"",""y"":2014,""pop"":119}]","A fifth/sixth grade primary school student and recent transfer at St. Michael's. Smart, mature and highly charismatic for her age, Runa has won many fans in her class but she is very interested with her teacher Takako and declares she belon…",669,0,669,0,,https://t.vndb.org/ch/99/8699.jpg,https://t.vndb.org/ch/99/8699.jpg,,#b55959 #d6b39f #a49c92 #f2e7d3 #4f403f #79746e,Blond Ahoge Twin Tails Waist Length+ Slim Pale Student Sixty-nine Blue Kid,,,https://vndb.org/c3034,
vndb-c31866,vndb,8,19,,,葉月 葵,Hazuki Aoi,,女,,,Galgame,Galgame,Tokyo School Life,,2015,Galgame,,"Curious and quick to make friends, Aoi always sticks her nose into other people's business and has a tendency to get stuck with the short stick. She is the granddaughter of Hazuki Sougen, the master of the karate dojo Seibukan.",509,0,509,0,,https://t.vndb.org/ch/26/38126.jpg,https://t.vndb.org/ch/26/38126.jpg,,#fcdd93 #a37770 #f7e1b1 #3d313e #faedd2 #fbfaf8,Brown Ahoge Short Brown Teen Slim Pale School Uniform Cooking Keikogi,,,https://vndb.org/c31866,
al139554,anilist,8,19,,,ローラン・フォルティス,Roland Fortis,,男,,,动画|漫画,动画,ヴァニタスの手記,瓦尼塔斯的手记,2021,动画,"[{""t"":""ヴァニタスの手記"",""cn"":""瓦尼塔斯的手记"",""ty"":""动画"",""y"":2021,""pop"":210158},{""t"":""ヴァニタスの手記 2クール"",""cn"":"""",""ty"":""动画"",""y"":2022,""pop"":102113},{""t"":""ヴァニタスの手記"",""cn"":""瓦尼塔斯的手记"",""ty"":""漫画"",""y"":2015,""pop"":35849}]","Human Captain of The Chasseurs He is a human and known as the Sixth Paladin, and honored with the green gem of Jasper for his service as a Chasseur.",458,458,0,0,,https://s4.anilist.co/file/anilistcdn/character/large/b139554-kD2aBERnYQPA.png,https://s4.anilist.co/file/anilistcdn/character/medium/b139554-kD2aBERnYQPA.png,,,,https://anilist.co/character/139554,,,
al329047,anilist,8,19,,,桐生三輝,Mitsuki Kiryuu,,男,A,,动画|漫画,动画,WIND BREAKER,,2024,动画,"[{""t"":""WIND BREAKER"",""cn"":"""",""ty"":""动画"",""y"":2024,""pop"":190806},{""t"":""WIND BREAKER Season 2"",""cn"":"""",""ty"":""动画"",""y"":2025,""pop"":100348},{""t"":""WIND BREAKER"",""cn"":"""",""ty"":""漫画"",""y"":2021,""pop"":21753}]","165cm A first-year student at Furin High School in Class 1. Toshiyuki’s gentle-mannered personality and thoughtfulness make him popular with the ladies, but he’s no pushover — his fighting abilities are the real deal.",411,411,0,0,,https://s4.anilist.co/file/anilistcdn/character/large/b329047-oaJEv034sHox.png,https://s4.anilist.co/file/anilistcdn/character/medium/b329047-oaJEv034sHox.png,,,,https://anilist.co/character/329047,,,
al121449,anilist,8,19,,,天羽斬々,Kirukiru Amou,Empress,女,,,动画|漫画,动画,武装少女マキャヴェリズム,,2017,动画,"[{""t"":""武装少女マキャヴェリズム"",""cn"":"""",""ty"":""动画"",""y"":2017,""pop"":99021},{""t"":""武装少女マキャヴェリズム OVA"",""cn"":"""",""ty"":""动画"",""y"":2017,""pop"":16349},{""t"":""武装少女マキャヴェリズム"",""cn"":"""",""ty"":""漫画"",""y"":2014,""pop"":5774}]","A deranged psychopath carrying an unhealthy obsession with [Fudou Nomura](//anilist.co/character/121446/Nomura-Fudou), seemingly stemming from a twisted sense of love where she demands his total submission before her and is willing to kill…",369,369,0,0,,https://s4.anilist.co/file/anilistcdn/character/large/b121449-zePNc0SySKvR.png,https://s4.anilist.co/file/anilistcdn/character/medium/b121449-zePNc0SySKvR.png,,,,https://anilist.co/character/121449,,,
vndb-c42277,vndb,8,19,,,アネット・ホーゼンフェルト,Anett Hosenfeld,Gendai no Elizabeth Bathory / Ryōkiteki Eishi / Schwarz 06,女,,,Galgame,Galgame,シュヴァルツェスマーケン,,2015,Galgame,,"Anett is a member of the 666th TSF Squadron and one of the few melee halberd users in the NVA, giving her a reputation as an abnormal pilot wherever she fights.",299,0,299,0,,https://t.vndb.org/ch/82/50782.jpg,https://t.vndb.org/ch/82/50782.jpg,,#bc8f80 #4d433d #f6d0d9 #ffe7ed #fff6f8,Short Teen Pale Fighting Green Soldier Confinement Military Uniform Mecha Pilot Tomboy,,,https://vndb.org/c42277,
vndb-c22318,vndb,8,19,,,高峰 美結,Takamine Miyu,,女,,,Galgame,Galgame,牝教師4 ～穢された教壇～,,2014,Galgame,,"Math teacher at Seishuu Academy. Saya's younger sister. She acts arrogantly but she's actually quite clumsy, and easy to fluster.",281,0,281,0,,https://t.vndb.org/ch/48/39448.jpg,https://t.vndb.org/ch/48/39448.jpg,,#c76e70 #3a84a7 #3b354c #0f121d #e1cec9 #000000,Blue Twin Tails Waist Length+ Straight Pale Doggy Style Cowgirl Standing Sex Spoons Blowjob,,,https://vndb.org/c22318,
vndb-c34184,vndb,8,19,,,シャーロック・ホームズ,Sherlock Holmes,Papa Holmes / ホームズ 父,男,AB,,Galgame,Galgame,英国探偵ミステリア,,2013,Galgame,,A rare great detective. Age unknown. Violin Favorite Ale,245,0,245,0,,https://t.vndb.org/ch/12/198512.jpg,https://t.vndb.org/ch/12/198512.jpg,,#4d4043 #817477 #b7a8a3 #dfd5cf #ffffff,Short Pale Trousers Green Adult Coat Necktie Vest Gloves Walking Stick,,,https://vndb.org/c34184,
al130307,anilist,8,19,,,国見佑真,Yuuma Kunimi,,男,,16-17,动画|轻小说,动画,青春ブタ野郎はバニーガール先輩の夢を見ない,青春笨蛋少年不做兔女郎学姐的梦,2018,动画,"[{""t"":""青春ブタ野郎はバニーガール先輩の夢を見ない"",""cn"":""青春笨蛋少年不做兔女郎学姐的梦"",""ty"":""动画"",""y"":2018,""pop"":579547},{""t"":""青春ブタ野郎はゆめみる少女の夢を見ない"",""cn"":""青春猪头少年不会梦到怀梦美少女"",""ty"":""动画"",""y"":2019,""pop"":260441},{""t"":""青春ブタ野郎はサンタクロースの夢を見ない"",""cn"":""青春猪头少年不会梦到圣诞服女郎"",""ty"":""动画"",""y"":2025,""pop"":89276},{""t"":""青春ブタ野郎はおでかけシスターの夢を見ない"",""cn"":""青春猪头少年不会梦到娇怜外出妹"",""ty"":""动画"",""y"":2023,""pop"":88480},{""t"":""青春ブタ野郎はランドセルガールの夢を見ない"",""cn"":""青春猪头少年不会梦到红书包女孩"",""ty"":""动画"",""y"":2023,""pop"":85401},{""t"":""青春ブタ野郎はバニーガール先輩の夢を見ない"",""cn"":""青春笨蛋少年不做兔女郎学姐的梦"",""ty"":""轻小说"",""y"":2014,""pop"":12470}]","A good friend of [Sakuta Azusagawa](//anilist.co/character/127221/Sakuta-Azusagawa) and [Rio Futaba](//anilist.co/character/127633/Rio-Futaba), as well as the boyfriend of [Saki Kamisato](//anilist.co/character/130304).",202,202,0,0,,https://s4.anilist.co/file/anilistcdn/character/large/b130307-QbUIGjAiQbP9.png,https://s4.anilist.co/file/anilistcdn/character/medium/b130307-QbUIGjAiQbP9.png,,,,https://anilist.co/character/130307,,,
vndb-c23383,vndb,8,19,,,ユリフィーナ・ソル・エレアノルト,Yurifina Sol Eleanord,Yurina / ユリナ,女,AB,,Galgame,Galgame,ユニオリズム・カルテット,,2014,Galgame,"[{""t"":""ユニオリズム・カルテット"",""cn"":"""",""ty"":""Galgame"",""y"":2014,""pop"":191},{""t"":""ユニオリズム・カルテット A3-DAYS"",""cn"":"""",""ty"":""Galgame"",""y"":2016,""pop"":92},{""t"":""ユニオリズム・カルテット A3-DAYS お返しコンテンツ"",""cn"":"""",""ty"":""Galgame"",""y"":2016,""pop"":12},{""t"":""ユニオリズム・カルテット B2-STYLE"",""cn"":"""",""ty"":""Galgame"",""y"":2026,""pop"":10}]",,191,0,191,0,,https://t.vndb.org/ch/46/53446.jpg,https://t.vndb.org/ch/46/53446.jpg,,#ebba7e #939be1 #414982 #f2deb9 #d5cde9 #fcfaf9,Blond Waist Length+ Teen Slim Pale School Uniform Sword Master Swordsmanship Fighting,,,https://vndb.org/c23383,
al85811,anilist,8,19,,,吉田大成,Taisei Yoshida,Home Plate / Black Noodles,男,O,,动画|漫画,动画,暗殺教室,暗杀教室,2015,动画,"[{""t"":""暗殺教室"",""cn"":""暗杀教室"",""ty"":""动画"",""y"":2015,""pop"":628250},{""t"":""暗殺教室 第２期"",""cn"":"""",""ty"":""动画"",""y"":2016,""pop"":369666},{""t"":""暗殺教室"",""cn"":""暗杀教室"",""ty"":""漫画"",""y"":2012,""pop"":54655},{""t"":""殺せんせーQ[クエスト]! (ONA)"",""cn"":"""",""ty"":""动画"",""y"":2016,""pop"":15568},{""t"":""暗殺教室 みんなの時間"",""cn"":"""",""ty"":""动画"",""y"":2026,""pop"":14771}]","He is a student of Kunugigaoka Junior High School. He is assigned to Class 3-E, where he trains to become a professional assassin, with his teacher as the target.",22,22,0,0,,https://s4.anilist.co/file/anilistcdn/character/large/b85811-PJFYD208WqEK.png,https://s4.anilist.co/file/anilistcdn/character/medium/b85811-PJFYD208WqEK.png,,,,https://anilist.co/character/85811,,,
al16032,anilist,8,19,,,ソラウ・ヌァザレ・ソフィアリ,Sola-Ui Nuada-Re Sophia-Ri,,女,O,,动画|轻小说,动画,Fate/Zero,Fate/Zero,2011,动画,"[{""t"":""Fate/Zero"",""cn"":""Fate/Zero"",""ty"":""动画"",""y"":2011,""pop"":348087},{""t"":""Fate/Zero 2ndシーズン"",""cn"":"""",""ty"":""动画"",""y"":2012,""pop"":242356},{""t"":""ロード・エルメロイⅡ世の事件簿 {魔眼蒐集列車} Grace note"",""cn"":"""",""ty"":""动画"",""y"":2019,""pop"":54344},{""t"":""ロード・エルメロイⅡ世の事件簿 -魔眼蒐集列車 Grace note- 特別編"",""cn"":"""",""ty"":""动画"",""y"":2021,""pop"":14474},{""t"":""Fate/Zero"",""cn"":""Fate/Zero"",""ty"":""轻小说"",""y"":2006,""pop"":7719},{""t"":""Fate/ゼロカフェ"",""cn"":"""",""ty"":""动画"",""y"":2013,""pop"":6052}]",165 cm The daughter of the head of the spiritual evocation division of the Clock Tower of the Magus Association. She is engaged to [Kayneth Archibald El-Melloi](//anilist.co/character/16028/Archibald-El-Melloi-Kayneth) as a result of a stra…,17,17,0,0,,https://s4.anilist.co/file/anilistcdn/character/large/b16032-lgeTalPU2c0u.png,https://s4.anilist.co/file/anilistcdn/character/medium/b16032-lgeTalPU2c0u.png,,,,https://anilist.co/character/16032,,,
al145341,anilist,8,20,1990,佐野万次郎,佐野万次郎,Manjirou Sano,Mikey (マイキー) / Invincible Mikey / Shrimp / Michael,男,O,15-,动画|漫画,动画,東京リベンジャーズ,东京复仇者,2021,动画,"[{""t"":""東京リベンジャーズ"",""cn"":""东京复仇者"",""ty"":""动画"",""y"":2021,""pop"":445622},{""t"":""東京リベンジャーズ 聖夜決戦編"",""cn"":""东京复仇者 圣夜决战篇"",""ty"":""动画"",""y"":2023,""pop"":143018},{""t"":""東京卍リベンジャーズ"",""cn"":""东京卍复仇者"",""ty"":""漫画"",""y"":2017,""pop"":117730},{""t"":""しかのこのこのここしたんたん"",""cn"":"""",""ty"":""动画"",""y"":2024,""pop"":107592},{""t"":""東京リベンジャーズ 天竺編"",""cn"":"""",""ty"":""动画"",""y"":2023,""pop"":85576},{""t"":""東京リベンジャーズ 三天戦争編"",""cn"":"""",""ty"":""动画"",""y"":2026,""pop"":22716}]",“东京卍会”总长。通称Mikey。 东卍创立者之一，格斗天分极高，人称“无敌的Mikey”。与大哥真一郎，异母妹妹艾玛一起由爷爷照顾长大，崇拜以前是不良少年的大哥。为了替被黑龙找碴的朋友讨回公道，组织东京卍会击垮了斑目领导的黑龙。,10669,10669,0,15,,https://s4.anilist.co/file/anilistcdn/character/large/b145341-CuPldCLZMvvf.png,https://s4.anilist.co/file/anilistcdn/character/medium/b145341-CuPldCLZMvvf.png,https://lain.bgm.tv/r/400/pic/crt/l/ff/e5/86045_crt_H1ZFf.jpg?r=1616763938,,,https://anilist.co/character/145341,https://bgm.tv/character/86045,,86045
vndb-c6963,vndb,8,20,,,月島 叶,Tsukishima Kyou,,女,,,Galgame,Galgame,初恋１／１,,2012,Galgame,,"Junior student at Hoshioka Gakuen and Yuuma's classmate. Kyou was the ace of the basketball club, but because she was busy helping out at home, her club activities have been put on hold.",1893,0,1893,0,,https://t.vndb.org/ch/83/26583.jpg,https://t.vndb.org/ch/83/26583.jpg,,#a93940 #ca9e8b #f6eabb #ddd0d7 #f8f3ec #ffffff,Red Ahoge Shoulder-length Straight Teen Slim Pale Cooking Doggy Style Cowgirl,,,https://vndb.org/c6963,
al3442,anilist,8,20,,,遠藤健児,Kenji Endou,Bob Lennon,男,,,动画|漫画,漫画,20世紀少年,,1999,漫画,"[{""t"":""20世紀少年"",""cn"":"""",""ty"":""漫画"",""y"":1999,""pop"":107493},{""t"":""21世紀少年"",""cn"":"""",""ty"":""漫画"",""y"":2006,""pop"":37586},{""t"":""Boy"",""cn"":"""",""ty"":""动画"",""y"":2021,""pop"":950}]","Endo Kenji grew up in late-1960s/early-1970s Japan, at a time when American phenomena, notably the space race and the era of Woodstock, were resounding around the world.",1770,1770,0,0,,https://s4.anilist.co/file/anilistcdn/character/large/b3442-QdMHJOKv2Xos.jpg,https://s4.anilist.co/file/anilistcdn/character/medium/b3442-QdMHJOKv2Xos.jpg,,,,https://anilist.co/character/3442,,,
vndb-c35175,vndb,8,20,,,箒星 ひかり,Houkiboshi Hikari,ぴかりん / Pikarin,女,O,,Galgame,Galgame,見上げてごらん、夜空の星を,,2015,Galgame,"[{""t"":""見上げてごらん、夜空の星を"",""cn"":"""",""ty"":""Galgame"",""y"":2015,""pop"":1628},{""t"":""見上げてごらん、夜空の星を FINE DAYS"",""cn"":"""",""ty"":""Galgame"",""y"":2016,""pop"":541},{""t"":""見上げてごらん、夜空の星を Interstellar Focus"",""cn"":"""",""ty"":""Galgame"",""y"":2018,""pop"":221}]","Akito's childhood friend who suddenly appeared back in his life like a comet sweeping back on its orbit. Hikari, Akito, and Saya always used to stargaze together at the secret observatory.",1628,0,1628,0,,https://t.vndb.org/ch/55/53755.jpg,https://t.vndb.org/ch/55/53755.jpg,,#c4535a #462736 #c7b5bc #e5dcd9 #f4f3f3 #ffffff,Red Twin Tails Waist Length+ Straight Teen Slim Pale School Uniform Sweater Doggy Style,,,https://vndb.org/c35175,
al88972,anilist,8,20,,,黒木場リョウ,Ryou Kurokiba,Mad Dog,男,,15,动画,动画,食戟のソーマ,食戟之灵,2015,动画,"[{""t"":""食戟のソーマ"",""cn"":""食戟之灵"",""ty"":""动画"",""y"":2015,""pop"":403190},{""t"":""食戟のソーマ 弍ノ皿"",""cn"":""食戟之灵 贰之皿"",""ty"":""动画"",""y"":2016,""pop"":260416},{""t"":""食戟のソーマ 餐ノ皿"",""cn"":""食戟之灵 餐之皿"",""ty"":""动画"",""y"":2017,""pop"":227810},{""t"":""食戟のソーマ 神ノ皿"",""cn"":""食戟之灵  神之皿"",""ty"":""动画"",""y"":2019,""pop"":176469},{""t"":""『食戟のソーマ 餐ノ皿』 遠月列車篇"",""cn"":"""",""ty"":""动画"",""y"":2018,""pop"":172425},{""t"":""食戟のソーマ 豪ノ皿"",""cn"":"""",""ty"":""动画"",""y"":2020,""pop"":149392}]","Ryou Kurokiba is a 92nd Toutsuki Generation Student and Alice Nakiri's aide. Generally lazy and gloomy, Ryou's personality drastically shifts once he puts on his bandana, becoming aggressive, short-tempered, and brash.",1181,1181,0,0,,https://s4.anilist.co/file/anilistcdn/character/large/b88972-GW5lYeUkHjlm.png,https://s4.anilist.co/file/anilistcdn/character/medium/b88972-GW5lYeUkHjlm.png,,,,https://anilist.co/character/88972,,,
vndb-c8475,vndb,8,20,,,神村 千夏,Kamimura Chika,,女,A,,Galgame,Galgame,SISTERS ～夏の最後の日～,,2011,Galgame,,,965,0,965,0,,https://t.vndb.org/ch/60/53060.jpg,https://t.vndb.org/ch/60/53060.jpg,,#dca986 #806050 #edd5b5 #eee7d7 #ffffff,Blond Shoulder-length Teen Missionary Doggy Style Cowgirl Standing Sex Blowjob Virgin Sex Green,,,https://vndb.org/c8475,
al30429,anilist,8,20,,,勝呂竜士,Ryuuji Suguro,Bon / Ryu-chan,男,B,15-,动画|漫画,动画,青の祓魔師,青之驱魔师,2011,动画,"[{""t"":""青の祓魔師"",""cn"":""青之驱魔师"",""ty"":""动画"",""y"":2011,""pop"":461313},{""t"":""青の祓魔師 京都不浄王篇"",""cn"":""青之驱魔师 京都不净王篇"",""ty"":""动画"",""y"":2017,""pop"":178752},{""t"":""青の祓魔師 島根啓明結社篇"",""cn"":"""",""ty"":""动画"",""y"":2024,""pop"":62482},{""t"":""青の祓魔師 -劇場版-"",""cn"":""青之驱魔师 剧场版"",""ty"":""动画"",""y"":2012,""pop"":54584},{""t"":""青の祓魔師"",""cn"":""青之驱魔师"",""ty"":""漫画"",""y"":2009,""pop"":42733},{""t"":""青の祓魔師 雪ノ果篇"",""cn"":"""",""ty"":""动画"",""y"":2024,""pop"":37590}]",181 cm He is [Rin's](//anilist.co/character/24482/Okumura-Rin) rival and the prodigy in the class. He was the child of the Cursed Temple which was destroyed by [Satan](//anilist.co/character/48449/Satan) 16 years ago.,577,577,0,0,,https://s4.anilist.co/file/anilistcdn/character/large/b30429-NmVCBSzm3GNY.png,https://s4.anilist.co/file/anilistcdn/character/medium/b30429-NmVCBSzm3GNY.png,,,,https://anilist.co/character/30429,,,
al175658,anilist,8,20,,,桔梗セリ,Seri Kikyou,,女,,,动画|漫画,动画,よふかしのうた,彻夜之歌,2022,动画,"[{""t"":""よふかしのうた"",""cn"":""彻夜之歌"",""ty"":""动画"",""y"":2022,""pop"":282343},{""t"":""よふかしのうた Season 2"",""cn"":""彻夜之歌 第二季"",""ty"":""动画"",""y"":2025,""pop"":102882},{""t"":""よふかしのうた"",""cn"":""彻夜之歌"",""ty"":""漫画"",""y"":2019,""pop"":65613},{""t"":""よふかしのうた ミニ"",""cn"":"""",""ty"":""动画"",""y"":2022,""pop"":3148}]",Seri Kikyou is a vampire and a gyaru that seeks enjoyment in life and finds it increasingly challenging to have fun.,556,556,0,0,,https://s4.anilist.co/file/anilistcdn/character/large/b175658-orkKzYl8kMtW.png,https://s4.anilist.co/file/anilistcdn/character/medium/b175658-orkKzYl8kMtW.png,,,,https://anilist.co/character/175658,,,
al129136,anilist,8,20,,,アラン・ステイア一 ト,Alan Stuart,Prince Alan,男,,,动画|漫画|轻小说,动画,乙女ゲームの破滅フラグしかない悪役令嬢に転生してしまった…,,2020,动画,"[{""t"":""乙女ゲームの破滅フラグしかない悪役令嬢に転生してしまった…"",""cn"":"""",""ty"":""动画"",""y"":2020,""pop"":147719},{""t"":""乙女ゲームの破滅フラグしかない悪役令嬢に転生してしまった…Ｘ"",""cn"":"""",""ty"":""动画"",""y"":2021,""pop"":78692},{""t"":""映画 乙女ゲームの破滅フラグしかない悪役令嬢に転生してしまった…"",""cn"":"""",""ty"":""动画"",""y"":2023,""pop"":21480},{""t"":""乙女ゲームの破滅フラグしかない悪役令嬢に転生してしまった…"",""cn"":"""",""ty"":""漫画"",""y"":2017,""pop"":13499},{""t"":""乙女ゲームの破滅フラグしかない悪役令嬢に転生してしまった…Ｘ 運命の人に出会ってしまった..."",""cn"":"""",""ty"":""动画"",""y"":2021,""pop"":11825},{""t"":""乙女ゲームの破滅フラグしかない悪役令嬢に転生してしまった…"",""cn"":"""",""ty"":""轻小说"",""y"":2015,""pop"":4115}]","Water Alan is the fourth prince of this country, and is Gerald’s younger twin brother as well as a capture target. He’s a beautiful prince with a wild streak, with silver hair and blue eyes, and he’s always being compared to Gerald, so he’s…",464,464,0,0,,https://s4.anilist.co/file/anilistcdn/character/large/b129136-TD43peyVWvON.jpg,https://s4.anilist.co/file/anilistcdn/character/medium/b129136-TD43peyVWvON.jpg,,,,https://anilist.co/character/129136,,,
al121623,anilist,8,20,,,桐嶋夏也,Natsuya Kirishima,,男,,,动画,动画,Free!-Dive to the Future-,,2018,动画,"[{""t"":""Free!-Dive to the Future-"",""cn"":"""",""ty"":""动画"",""y"":2018,""pop"":56184},{""t"":""映画ハイ☆スピード！ -Free! Starting Days-"",""cn"":"""",""ty"":""动画"",""y"":2015,""pop"":27560},{""t"":""特別版 Free!-Take Your Marks-"",""cn"":"""",""ty"":""动画"",""y"":2017,""pop"":26074},{""t"":""劇場版 Free!–the Final Stroke– 前編"",""cn"":"""",""ty"":""动画"",""y"":2021,""pop"":24568},{""t"":""劇場版 Free!–the Final Stroke– 後編"",""cn"":"""",""ty"":""动画"",""y"":2022,""pop"":12676},{""t"":""Free!-Road to the World-夢"",""cn"":"""",""ty"":""动画"",""y"":2019,""pop"":12160}]",,453,453,0,0,,https://s4.anilist.co/file/anilistcdn/character/large/b121623-wTyjPUVmhUU6.jpg,https://s4.anilist.co/file/anilistcdn/character/medium/b121623-wTyjPUVmhUU6.jpg,,,,https://anilist.co/character/121623,,,
vndb-c14750,vndb,8,20,,,成海 杏,Narumi An,,女,B,,Galgame,Galgame,カルマルカ＊サークル,,2013,Galgame,,,346,0,346,0,,https://t.vndb.org/ch/48/100948.jpg,https://t.vndb.org/ch/48/100948.jpg,,#8a6c7d #dfc9be #acabbe #ecebe3 #f0f4f8 #ffffff,Brown Waist Length+ Teen Slim Pale School Uniform Dress Necktie Thigh-high Stockings Childhood Friend,,,https://vndb.org/c14750,
vndb-c14825,vndb,8,20,,,成海 大吾,Narumi Daigo,,男,,,Galgame,Galgame,カルマルカ＊サークル,,2013,Galgame,,,346,0,346,0,,https://t.vndb.org/ch/49/100949.jpg,https://t.vndb.org/ch/49/100949.jpg,,#f9e0c2 #58545e #a4abb1 #c8d6dc #edf1f2 #ffffff,Brown Short Brown Teen Slim Pale School Uniform Trousers Necktie Shirt,,,https://vndb.org/c14825,
al129134,anilist,8,20,,,ジオルド・スティアート,Gerald Stuart,Jerald Stuart / Prince Geordo,男,,,动画|漫画|轻小说,动画,乙女ゲームの破滅フラグしかない悪役令嬢に転生してしまった…,,2020,动画,"[{""t"":""乙女ゲームの破滅フラグしかない悪役令嬢に転生してしまった…"",""cn"":"""",""ty"":""动画"",""y"":2020,""pop"":147719},{""t"":""乙女ゲームの破滅フラグしかない悪役令嬢に転生してしまった…Ｘ"",""cn"":"""",""ty"":""动画"",""y"":2021,""pop"":78692},{""t"":""映画 乙女ゲームの破滅フラグしかない悪役令嬢に転生してしまった…"",""cn"":"""",""ty"":""动画"",""y"":2023,""pop"":21480},{""t"":""乙女ゲームの破滅フラグしかない悪役令嬢に転生してしまった…"",""cn"":"""",""ty"":""漫画"",""y"":2017,""pop"":13499},{""t"":""乙女ゲームの破滅フラグしかない悪役令嬢に転生してしまった…Ｘ 運命の人に出会ってしまった..."",""cn"":"""",""ty"":""动画"",""y"":2021,""pop"":11825},{""t"":""乙女ゲームの破滅フラグしかない悪役令嬢に転生してしまった…"",""cn"":"""",""ty"":""轻小说"",""y"":2015,""pop"":4115}]","Fire Gerald is the third prince of the country, and the capture target that is Katarina's fiance. Even though he looks like an orthodox blonde-haired, blue-eyed prince, Katarina thought otherwise that on the inside he’s actually an evil sad…",312,312,0,0,,https://s4.anilist.co/file/anilistcdn/character/large/b129134-k5VKLftg6lk1.jpg,https://s4.anilist.co/file/anilistcdn/character/medium/b129134-k5VKLftg6lk1.jpg,,,,https://anilist.co/character/129134,,,
al169490,anilist,8,20,,,大神ミオ,Mio Ookami,Mio-mama,女,,,动画|漫画,动画,ホロのぐらふぃてぃ,,2019,动画,"[{""t"":""ホロのぐらふぃてぃ"",""cn"":"""",""ty"":""动画"",""y"":2019,""pop"":14672},{""t"":""『ホロライブ・オルタナティブ』 ティザーPVs"",""cn"":"""",""ty"":""动画"",""y"":2021,""pop"":5655},{""t"":""ギリギリわるくないわため"",""cn"":"""",""ty"":""动画"",""y"":2022,""pop"":1289},{""t"":""Holoearth Chronicles Side:E ヤマト神想怪異譚"",""cn"":"""",""ty"":""漫画"",""y"":2021,""pop"":1139},{""t"":""Shiny Smily Story"",""cn"":"""",""ty"":""动画"",""y"":2020,""pop"":1032},{""t"":""Howling"",""cn"":"""",""ty"":""动画"",""y"":2021,""pop"":928}]","December 7, 2018 160 cm Mio-fa [Sai Izumi](//anilist.co/staff/125532) GAMERS Ookami Mio is a female Japanese Virtual YouTuber associated with hololive.",247,247,0,0,,https://s4.anilist.co/file/anilistcdn/character/large/b169490-FRuTZlnQU3gu.jpg,https://s4.anilist.co/file/anilistcdn/character/medium/b169490-FRuTZlnQU3gu.jpg,,,,https://anilist.co/character/169490,,,
al88389,anilist,8,20,,,カナミ,Kanami,,女,,,动画|轻小说,动画,ログ・ホライズン,,2013,动画,"[{""t"":""ログ・ホライズン"",""cn"":"""",""ty"":""动画"",""y"":2013,""pop"":237775},{""t"":""ログ・ホライズン 2"",""cn"":"""",""ty"":""动画"",""y"":2014,""pop"":130788},{""t"":""ログ・ホライズン　円卓崩壊"",""cn"":"""",""ty"":""动画"",""y"":2021,""pop"":71499},{""t"":""ログ・ホライズン"",""cn"":"""",""ty"":""轻小说"",""y"":2010,""pop"":4413}]",Kanami was the former leader of the now-disbanded Debauchery Tea Party before she moved to Europe and started a new account on the European servers.,76,76,0,0,,https://s4.anilist.co/file/anilistcdn/character/large/88389.jpg,https://s4.anilist.co/file/anilistcdn/character/medium/88389.jpg,,,,https://anilist.co/character/88389,,,
al121166,anilist,8,20,,,ハワード・フィリップス・ラヴクラフト,Howard Lovecraft,,男,,28 (?),动画|漫画,动画,文豪ストレイドッグス 第2シーズン,文豪野犬 第二季,2016,动画,"[{""t"":""文豪ストレイドッグス 第2シーズン"",""cn"":""文豪野犬 第二季"",""ty"":""动画"",""y"":2016,""pop"":238857},{""t"":""文豪ストレイドッグス"",""cn"":""文豪野犬"",""ty"":""漫画"",""y"":2012,""pop"":46466}]","**** 190 cm **** The Great Old Ones A member of The Guild. His name is a reference to H. P. Lovecraft, the American author who achieved posthumous fame through his influential works of horror fiction.",75,75,0,0,,https://s4.anilist.co/file/anilistcdn/character/large/b121166-eMARUE9BOcC8.png,https://s4.anilist.co/file/anilistcdn/character/medium/b121166-eMARUE9BOcC8.png,,,,https://anilist.co/character/121166,,,
al284964,anilist,8,20,,,鰐間淳壱,Junichi Wanima,The Twin Pillars of Rakoste Vocational High School,男,A,18-,动画|漫画,动画,ブルーロック,蓝色监狱,2022,动画,"[{""t"":""ブルーロック"",""cn"":""蓝色监狱"",""ty"":""动画"",""y"":2022,""pop"":325210},{""t"":""ブルーロック VS. U-20 JAPAN"",""cn"":""蓝色监狱 VS. U-20 日本代表队"",""ty"":""动画"",""y"":2024,""pop"":142268},{""t"":""ブルーロック"",""cn"":""蓝色监狱"",""ty"":""漫画"",""y"":2018,""pop"":124054},{""t"":""ブルーロック -EPISODE 凪-"",""cn"":"""",""ty"":""动画"",""y"":2024,""pop"":50833},{""t"":""ブルーロック-EPISODE 凪-"",""cn"":"""",""ty"":""漫画"",""y"":2022,""pop"":9604}]","Kagoshima Prefecture 182 cm (6'0"") Junichi Wanima is a contender in the Blue Lock Project and the older twin brother of [Keisuke Wanima](//anilist.co/character/284965).",13,13,0,0,,https://s4.anilist.co/file/anilistcdn/character/large/b284964-uVJVSIAr2cB3.jpg,https://s4.anilist.co/file/anilistcdn/character/medium/b284964-uVJVSIAr2cB3.jpg,,,,https://anilist.co/character/284964,,,
al284965,anilist,8,20,,,鰐間計助,Keisuke Wanima,わにまけいすけ,男,,18,动画|漫画,动画,ブルーロック,蓝色监狱,2022,动画,"[{""t"":""ブルーロック"",""cn"":""蓝色监狱"",""ty"":""动画"",""y"":2022,""pop"":325210},{""t"":""ブルーロック"",""cn"":""蓝色监狱"",""ty"":""漫画"",""y"":2018,""pop"":124054},{""t"":""ブルーロック -EPISODE 凪-"",""cn"":"""",""ty"":""动画"",""y"":2024,""pop"":50833},{""t"":""ブルーロック-EPISODE 凪-"",""cn"":"""",""ty"":""漫画"",""y"":2022,""pop"":9604}]",Younger twin brother of [Junichi Wanima](//anilist.co/character/284964).,8,8,0,0,,https://s4.anilist.co/file/anilistcdn/character/large/b284965-93igj5yBKpDO.jpg,https://s4.anilist.co/file/anilistcdn/character/medium/b284965-93igj5yBKpDO.jpg,,,,https://anilist.co/character/284965,,,
vndb-c3558,vndb,8,21,,,ベルンカステル,Bernkastel,Bern / The Witch of Miracles,女,,,Galgame,Galgame,うみねこのなく頃に,海猫鸣泣之时,2007,Galgame,"[{""t"":""うみねこのなく頃に"",""cn"":""海猫鸣泣之时"",""ty"":""Galgame"",""y"":2007,""pop"":13833},{""t"":""うみねこのなく頃に散"",""cn"":""海猫鸣泣之时散"",""ty"":""Galgame"",""y"":2009,""pop"":10973}]","Bernkastel is a witch known as the Witch of Miracles, and greatly resembles Furude Rika from Higurashi no Naku Koro ni. Her vast power is capable of creating all kinds of miracles, but her heart has broken a bit as a result.",13833,0,13833,0,,https://t.vndb.org/ch/75/86175.jpg,https://t.vndb.org/ch/75/86175.jpg,,#6162a3 #2d2b4b #a7a8c2 #dcdbe3 #ffffff,Blue Waist Length+ Straight Teen Slim Pale Magician Villain Violet Dress,,,https://vndb.org/c3558,
al1534,anilist,8,21,1971,古手梨花,古手梨花,Rika Furude,梨花ちゃま / Rika-chama,女,A,6-16,动画|Galgame,动画,ひぐらしのなく頃に,寒蝉鸣泣之时,2006,动画,"[{""t"":""ひぐらしのなく頃に"",""cn"":""寒蝉鸣泣之时"",""ty"":""动画"",""y"":2006,""pop"":177687},{""t"":""ひぐらしのなく頃に解"",""cn"":""寒蝉鸣泣之时 解"",""ty"":""动画"",""y"":2007,""pop"":90255},{""t"":""ひぐらしのなく頃に業"",""cn"":""寒蝉鸣泣之时 业"",""ty"":""动画"",""y"":2020,""pop"":82599},{""t"":""ひぐらしのなく頃に礼"",""cn"":""寒蝉鸣泣之时 礼"",""ty"":""动画"",""y"":2009,""pop"":44929},{""t"":""うみねこのなく頃に"",""cn"":""海猫鸣泣之时"",""ty"":""动画"",""y"":2009,""pop"":43174},{""t"":""ひぐらしのなく頃に卒"",""cn"":""寒蝉鸣泣之时 卒"",""ty"":""动画"",""y"":2021,""pop"":38674}]",梨花是古手神社的独生女，同时是雏见泽御三家“古手家”的最后一人（亲人都已去世），也是御神社大人转世。担任每年六月“绵流祭”的巫女，据说是御社神转生。就像小猫一样可爱，和周围的人总是很和睦。和同年的沙都子住在一起，经常在一起。但有时兼备和年龄不符的冷静和神秘，给人不可思议地感觉。(2007 年日本萌战优胜获得萌王称号）,11241,3270,11241,813,,https://s4.anilist.co/file/anilistcdn/character/large/b1534-CtOvaSPOMZne.png,https://s4.anilist.co/file/anilistcdn/character/medium/b1534-CtOvaSPOMZne.png,https://t.vndb.org/ch/85/113085.jpg|https://lain.bgm.tv/r/400/pic/crt/l/43/cb/3187_crt_STt12.jpg?r=1604318697,,Blue Hime Cut Long Straight Slim Pale Hard Worker Student Magician Orphan,https://anilist.co/character/1534,https://bgm.tv/character/3187,https://vndb.org/c3790,3187
al88708,anilist,8,21,,黄前久美子,黄前久美子,Kumiko Oumae,,女,A,15-18,动画,动画,響け！ユーフォニアム,吹响吧！上低音号,2015,动画,"[{""t"":""響け！ユーフォニアム"",""cn"":""吹响吧！上低音号"",""ty"":""动画"",""y"":2015,""pop"":151819},{""t"":""響け！ユーフォニアム 2"",""cn"":""吹响吧！上低音号 第二季"",""ty"":""动画"",""y"":2016,""pop"":77697},{""t"":""リズと青い鳥"",""cn"":"""",""ty"":""动画"",""y"":2018,""pop"":72540},{""t"":""響け！ユーフォニアム３"",""cn"":"""",""ty"":""动画"",""y"":2024,""pop"":36376},{""t"":""劇場版 響け！ユーフォニアム～誓いのフィナーレ～"",""cn"":"""",""ty"":""动画"",""y"":2019,""pop"":35634},{""t"":""響け！ユーフォニアム 番外編 かけだすモナカ"",""cn"":"""",""ty"":""动画"",""y"":2015,""pop"":25370}]",一年级生，使用的乐器是上低音号。 因为憧憬水手服和希望人际关系有新的开始，选择进入北宇治高中就读。 初中时曾是管乐团的成员，进入高中后本不愿加入管乐团，在周围人怂恿下终于还是选择加入。 较为没有主见，有着想说什么就说什么的习惯。 ♪好きな色 白、黄 ♪趣味 音楽を聞くこと、家でダラダラすること ♪特技 缶に入ったコーンスープを飲むときに、ひと粒も残さず飲むことができる ♪好きなもの 卵料理、洋菓子。大好物はオムライスとショートケーキ ♪嫌いなもの 虫！ とくにトビケラ！,5272,5272,0,1981,,https://s4.anilist.co/file/anilistcdn/character/large/b88708-ZiVPl8LjIjaK.jpg,https://s4.anilist.co/file/anilistcdn/character/medium/b88708-ZiVPl8LjIjaK.jpg,https://lain.bgm.tv/r/400/pic/crt/l/48/cc/29282_crt_VJ77t.jpg?r=1754658149,,,https://anilist.co/character/88708,https://bgm.tv/character/29282,,29282
al55147,anilist,8,21,2009,诗乃／朝田诗乃,朝田詩乃,Shino Asada,Sinon (シノン) / Hecate,女,,16-17,动画,动画,ソードアート・オンライン II,刀剑神域 第二季,2014,动画,"[{""t"":""ソードアート・オンライン II"",""cn"":""刀剑神域 第二季"",""ty"":""动画"",""y"":2014,""pop"":451752},{""t"":""ソードアート・オンライン アリシゼーション"",""cn"":""刀剑神域 爱丽丝篇"",""ty"":""动画"",""y"":2018,""pop"":289066},{""t"":""ソードアート・オンライン アリシゼーション War of Underworld"",""cn"":""刀剑神域 爱丽丝篇 异界战争"",""ty"":""动画"",""y"":2019,""pop"":221449},{""t"":""ソードアート・オンライン アリシゼーション War of Underworld 最終章 (2nd Season)"",""cn"":"""",""ty"":""动画"",""y"":2020,""pop"":196851},{""t"":""ソードアート・オンライン -オーディナル・スケール-"",""cn"":"""",""ty"":""动画"",""y"":2017,""pop"":195319},{""t"":""そーどあーと・おふらいん つー"",""cn"":"""",""ty"":""动画"",""y"":2014,""pop"":15989}]",幽灵子弹篇的女主角。 在Gun Gale Online（GGO）中使用自己昵称为“黑卡蒂II”的狙击步枪“PGM Ultima Ratio HecateII（动画版第二话开头用FR-F2狙击步枪）”及“HK MP7冲锋枪（动画版改为Glock18C手枪）”的15岁少女，2009年出生。,5176,5176,0,489,,https://s4.anilist.co/file/anilistcdn/character/large/b55147-1fCU8lONEuZQ.png,https://s4.anilist.co/file/anilistcdn/character/medium/b55147-1fCU8lONEuZQ.png,https://lain.bgm.tv/r/400/pic/crt/l/92/16/25240_crt_5QNP1.jpg,,,https://anilist.co/character/55147,https://bgm.tv/character/25240,,25240
al19567,anilist,8,21,,田井中律,田井中律,Ritsu Tainaka,リつ / Ricchan / President Ritsu / Prez,女,,15-19,动画,动画,けいおん!,轻音少女,2009,动画,"[{""t"":""けいおん!"",""cn"":""轻音少女"",""ty"":""动画"",""y"":2009,""pop"":279027},{""t"":""けいおん!!"",""cn"":""轻音少女"",""ty"":""动画"",""y"":2010,""pop"":167313},{""t"":""映画けいおん！"",""cn"":"""",""ty"":""动画"",""y"":2011,""pop"":89791},{""t"":""けいおん!「ライブハウス！」"",""cn"":"""",""ty"":""动画"",""y"":2010,""pop"":49460},{""t"":""けいおん!! 計画!"",""cn"":"""",""ty"":""动画"",""y"":2011,""pop"":40655},{""t"":""うらおん!"",""cn"":"""",""ty"":""动画"",""y"":2009,""pop"":16501}]",轻音部的部长及鼓手。有着茶色的头发，且用发箍把额前的浏海箍起，露出额头。冬季制服为解开外套的衣钮，且不把袖衫的末端放进裙筒内。夏季时也是一样。 使用乐器 鼓组：Yamaha Hipgig HG6T46RMMY 铙钹/踏钹组：Zildjian 音乐方面 是首个决定加入轻音部的角色，也是轻音部的社长。律本人因为觉得“吉他或键盘等要手指不停的按来按去而感到难以应付，而打鼓则不需且很帅”，而决定当鼓手。 动画中憧憬的鼓手为“The Who”的Keith Moon。,3909,3909,0,715,,https://s4.anilist.co/file/anilistcdn/character/large/b19567-ztMNJBxTNqmZ.png,https://s4.anilist.co/file/anilistcdn/character/medium/b19567-ztMNJBxTNqmZ.png,https://lain.bgm.tv/r/400/pic/crt/l/76/86/468_crt_qRE66.jpg?r=1733754960,,,https://anilist.co/character/19567,https://bgm.tv/character/468,,468
vndb-c81732,vndb,8,21,,舒伯特,中村 シュウ,Nakamura Shuu,シューベルト / Schubert,男,A,,Galgame,Galgame,抜きゲーみたいな島に住んでる貧乳はどうすりゃいいですか？,,2018,Galgame,"[{""t"":""抜きゲーみたいな島に住んでる貧乳はどうすりゃいいですか？"",""cn"":"""",""ty"":""Galgame"",""y"":2018,""pop"":3074},{""t"":""抜きゲーみたいな島に住んでる貧乳はどうすりゃいいですか？ 2"",""cn"":"""",""ty"":""Galgame"",""y"":2019,""pop"":1604}]",NO Date 「くっ、なんてことだ……！？ 僕がデータにないぞ――！？」 本名は「中村 シュウ（なかむら しゅう）」。風紀委員でありSS二番隊隊員。眼鏡をかけている。情報処理が得意だと語るが持っている情報量は少なく、「僕のデータにないぞ」が口癖になっている。前作にも立ち絵無しのサブキャラとして登場していた。,3074,0,3074,10,,https://t.vndb.org/ch/06/99206.jpg,https://t.vndb.org/ch/06/99206.jpg,https://lain.bgm.tv/r/400/pic/crt/l/b2/09/106311_crt_WpEed.jpg,#365650 #b09f97 #d9d0d1 #e9ebf1 #f7f7f9,Curtained Short Straight Green Teen Slim Pale School Uniform Trousers Dress Shoes,,https://bgm.tv/character/106311,https://vndb.org/c81732,106311
al272241,anilist,8,21,,,夏沢朔,Saku Natsusawa,,男,A,16,动画|漫画,动画,薫る花は凛と咲く,薰香花朵凛然绽放,2025,动画,"[{""t"":""薫る花は凛と咲く"",""cn"":""薰香花朵凛然绽放"",""ty"":""动画"",""y"":2025,""pop"":209340},{""t"":""薫る花は凛と咲く"",""cn"":""薰香花朵凛然绽放"",""ty"":""漫画"",""y"":2021,""pop"":79074}]","A student at Chidori High and a close friend of [Rintarou's](//anilist.co/character/268677/Rintarou-Tsumugi), alongside [Shouhei](//anilist.co/character/272240/Shohei-Usami) and [Ayato](//anilist.co/character/272243/Ayato-Yorita).",1635,1635,0,0,,https://s4.anilist.co/file/anilistcdn/character/large/b272241-6NHTwQDIUXQk.png,https://s4.anilist.co/file/anilistcdn/character/medium/b272241-6NHTwQDIUXQk.png,,,,https://anilist.co/character/272241,,,
al11840,anilist,8,21,,,フレデリカ・ベルンカステル,Frederica Bernkastel,The Witch of Miracles / Bern / Cat / Witch of the Senate,女,,1000+,动画|漫画,动画,ひぐらしのなく頃に解,寒蝉鸣泣之时 解,2007,动画,"[{""t"":""ひぐらしのなく頃に解"",""cn"":""寒蝉鸣泣之时 解"",""ty"":""动画"",""y"":2007,""pop"":90255},{""t"":""うみねこのなく頃に"",""cn"":""海猫鸣泣之时"",""ty"":""动画"",""y"":2009,""pop"":43174},{""t"":""うみねこのなく頃に - Episode 1: Legend of the Golden Witch"",""cn"":"""",""ty"":""漫画"",""y"":2007,""pop"":17153},{""t"":""うみねこのなく頃に散 - Episode 8: Twilight of the Golden Witch"",""cn"":"""",""ty"":""漫画"",""y"":2012,""pop"":11850},{""t"":""うみねこのなく頃に - Episode 2: Turn of the Golden Witch"",""cn"":"""",""ty"":""漫画"",""y"":2009,""pop"":9491},{""t"":""うみねこのなく頃に - Episode 3: Banquet of the Golden Witch"",""cn"":"""",""ty"":""漫画"",""y"":2009,""pop"":8715}]","A mysterious witch who appears to [Battler](//anilist.co/character/14040/Ushiromiya-Battler) following the first game, providing advice and telling him she will support him in his endeavors to solve the mystery of the witch [Beatrice](//ani…",1290,1290,0,0,,https://s4.anilist.co/file/anilistcdn/character/large/n11840-VWgfpuaeRXvh.png,https://s4.anilist.co/file/anilistcdn/character/medium/n11840-VWgfpuaeRXvh.png,,,,https://anilist.co/character/11840,,,
vndb-c72001,vndb,8,21,,,木坂 愛鈴,Kisaka Marin,,女,O,,Galgame,Galgame,ケモノ娘の育て方,,2018,Galgame,,"'School nurse/teacher' The nurse at Shuuji's school, she rules the infirmary with an iron fist in a velvet glove. She tends to take advantage of Shuuji's helpfulness, often using him as a gofer.",837,0,837,0,,https://t.vndb.org/ch/53/88953.jpg,https://t.vndb.org/ch/53/88953.jpg,,#715e6e #b6a6af #e0cfce #f4ebe2 #f8f6f4 #ffffff,Violet Long Curtained Slim Pale Violet Young-adult Miniskirt Pantyhose Scientist,,,https://vndb.org/c72001,
al13824,anilist,8,21,,,北野堅,Ken Kitano,Boss,男,,18,漫画,漫画,サンケンロック,,2006,漫画,"[{""t"":""サンケンロック"",""cn"":"""",""ty"":""漫画"",""y"":2006,""pop"":42683},{""t"":""オリジン"",""cn"":"""",""ty"":""漫画"",""y"":2016,""pop"":15920},{""t"":""Wallman-ウォールマン-"",""cn"":"""",""ty"":""漫画"",""y"":2013,""pop"":3818},{""t"":""ユミンにご飯を食べさせたい"",""cn"":"""",""ty"":""漫画"",""y"":2011,""pop"":500}]","A high-school delinquent and the primary protagonist who drops out of school and leaves Japan in pursuit of his love, [Yumin](//anilist.co/character/31889/Yoshizawa-Yumi).",667,667,0,0,,https://s4.anilist.co/file/anilistcdn/character/large/b13824-uuJRztM3RJ1n.png,https://s4.anilist.co/file/anilistcdn/character/medium/b13824-uuJRztM3RJ1n.png,,,,https://anilist.co/character/13824,,,
al120972,anilist,8,21,,,才川リコ,Riko Saikawa,,女,,9,动画,动画,小林さんちのメイドラゴン,,2017,动画,"[{""t"":""小林さんちのメイドラゴン"",""cn"":"""",""ty"":""动画"",""y"":2017,""pop"":329847},{""t"":""小林さんちのメイドラゴンＳ"",""cn"":"""",""ty"":""动画"",""y"":2021,""pop"":165957},{""t"":""小林さんちのメイドラゴン バレンタイン, そして温泉! (あまり期待しないでください)"",""cn"":"""",""ty"":""动画"",""y"":2017,""pop"":77245},{""t"":""小林さんちのメイドラゴンＳ ニッポンのおもてなし（アテンドはドラゴンです）"",""cn"":"""",""ty"":""动画"",""y"":2022,""pop"":32914},{""t"":""小林さんちのメイドラゴンＳミニドラ"",""cn"":"""",""ty"":""动画"",""y"":2021,""pop"":27614},{""t"":""小林さんちのメイドラゴン さみしがりやの竜"",""cn"":"""",""ty"":""动画"",""y"":2025,""pop"":26626}]",**Relatives**: [Georgie Saikawa](//anilist.co/character/120978/Georgie-Saikawa) (older sister) Riko Saikawa is [Kanna's](//anilist.co/character/120974/Kanna-Kamui) friend and classmate in elementary school.,465,465,0,0,,https://s4.anilist.co/file/anilistcdn/character/large/b120972-fEzG6QIFQnXp.png,https://s4.anilist.co/file/anilistcdn/character/medium/b120972-fEzG6QIFQnXp.png,,,,https://anilist.co/character/120972,,,
al192785,anilist,8,21,,,上運天美羅,Mira Kamiunten,,女,B,,动画|漫画,漫画,魔都精兵のスレイブ,,2019,漫画,"[{""t"":""魔都精兵のスレイブ"",""cn"":"""",""ty"":""漫画"",""y"":2019,""pop"":54850},{""t"":""魔都精兵のスレイブ2"",""cn"":"""",""ty"":""动画"",""y"":2026,""pop"":51922}]",170 cm,349,349,0,0,,https://s4.anilist.co/file/anilistcdn/character/large/b192785-MNEeXEtdmfRq.png,https://s4.anilist.co/file/anilistcdn/character/medium/b192785-MNEeXEtdmfRq.png,,,,https://anilist.co/character/192785,,,
vndb-c22455,vndb,8,21,,,関谷 秋人,Sekiya Akito,,男,,,Galgame,Galgame,キミのとなりで恋してる！,,2014,Galgame,"[{""t"":""キミのとなりで恋してる！"",""cn"":"""",""ty"":""Galgame"",""y"":2014,""pop"":249},{""t"":""キミのとなりで恋してる！ 〜 The Respective Happiness 〜"",""cn"":"""",""ty"":""Galgame"",""y"":2015,""pop"":116}]",,249,0,249,0,,https://t.vndb.org/ch/34/143534.jpg,https://t.vndb.org/ch/34/143534.jpg,,#71d5fa #535d88 #9bf7fc #838caf #c2b5c2 #efecec,Brown Short Teen Pale School Uniform Amber Jacket Necktie Idiot Childhood Friend,,,https://vndb.org/c22455,
al212302,anilist,8,21,,,坂本葵,Aoi Sakamoto,,女,,26,动画|漫画,动画,SAKAMOTO DAYS,,2025,动画,"[{""t"":""SAKAMOTO DAYS"",""cn"":"""",""ty"":""动画"",""y"":2025,""pop"":220460},{""t"":""SAKAMOTO DAYS 第２クール"",""cn"":"""",""ty"":""动画"",""y"":2025,""pop"":102983},{""t"":""SAKAMOTO DAYS"",""cn"":"""",""ty"":""漫画"",""y"":2020,""pop"":88751},{""t"":""SAKAMOTO DAYS 第2期"",""cn"":"""",""ty"":""动画"",""y"":2027,""pop"":22322},{""t"":""SAKAMOTO HOLIDAYS"",""cn"":"""",""ty"":""漫画"",""y"":2024,""pop"":1383},{""t"":""SAKAMOTO-サカモト-"",""cn"":"""",""ty"":""漫画"",""y"":2019,""pop"":1314}]",Aoi is the wife of [Tarou Sakamoto](//anilist.co/character/196522/Sakamoto-Tarou) and mother of [Hana Sakamoto](//anilist.co/character/272877/Sakamoto-Hana). She met Tarou at a convenience store where he fell in love with Aoi.,217,217,0,0,,https://s4.anilist.co/file/anilistcdn/character/large/b212302-OG58WeogzshB.png,https://s4.anilist.co/file/anilistcdn/character/medium/b212302-OG58WeogzshB.png,,,,https://anilist.co/character/212302,,,
vndb-c118017,vndb,8,21,,,片桐 沙希,Katagiri Saki,,女,O,,Galgame,Galgame,MinDeaD BlooD ～支配者の為の狂死曲～,,2004,Galgame,"[{""t"":""MinDeaD BlooD ～支配者の為の狂死曲～"",""cn"":"""",""ty"":""Galgame"",""y"":2004,""pop"":216},{""t"":""MinDeaD BlooD ～麻由と麻奈の輸血箱～"",""cn"":"""",""ty"":""Galgame"",""y"":2004,""pop"":92}]",A hunter who seems to have some connection with Shizuru's past. Any details about her are shrouded in mystery. [translated from official website.],216,0,216,0,,https://t.vndb.org/ch/49/140349.jpg,https://t.vndb.org/ch/49/140349.jpg,,#4c151c #721a1e #a3363a #300c12 #8787a6 #dedde5,Blue Shoulder-length Straight Slim Pale Trousers Doggy Style Cowgirl Standing Sex Virgin Sex,,,https://vndb.org/c118017,
vndb-c87849,vndb,8,21,,,酒呑,Shuten,,男,,,Galgame,Galgame,DAIROKU：AYAKASHIMORI,,2020,Galgame,,He loves amusing things and is easy to anger. The annoyance of 'Makatsuhi' #1.,212,0,212,0,,https://t.vndb.org/ch/50/106650.jpg,https://t.vndb.org/ch/50/106650.jpg,,#53211f #875b50 #bfa296 #d9c7bd #f0e4dd #fefefe,Red Waist Length+ Amber Young-adult Kimono Earrings Necklace Younger Appearance Nail Polish Horns,,,https://vndb.org/c87849,
al123819,anilist,8,21,,,茜ヶ久保もも,Momo Akanegakubo,,女,,,动画|漫画,动画,食戟のソーマ 餐ノ皿,食戟之灵 餐之皿,2017,动画,"[{""t"":""食戟のソーマ 餐ノ皿"",""cn"":""食戟之灵 餐之皿"",""ty"":""动画"",""y"":2017,""pop"":227810},{""t"":""食戟のソーマ 神ノ皿"",""cn"":""食戟之灵  神之皿"",""ty"":""动画"",""y"":2019,""pop"":176469},{""t"":""『食戟のソーマ 餐ノ皿』 遠月列車篇"",""cn"":"""",""ty"":""动画"",""y"":2018,""pop"":172425},{""t"":""食戟のソーマ 豪ノ皿"",""cn"":"""",""ty"":""动画"",""y"":2020,""pop"":149392},{""t"":""食戟のソーマ 弍ノ皿 OVA"",""cn"":"""",""ty"":""动画"",""y"":2017,""pop"":54334},{""t"":""食戟のソーマ"",""cn"":""食戟之灵"",""ty"":""漫画"",""y"":2012,""pop"":47857}]",90th Generation student of Tōtsuki Culinary Academy and ~!the current 3rd seat of the Elite Ten Council after being promoted from the 4th seat during the Azami Administration.!~,162,162,0,0,,https://s4.anilist.co/file/anilistcdn/character/large/123819-8uRBuGwlvcu1.jpg,https://s4.anilist.co/file/anilistcdn/character/medium/123819-8uRBuGwlvcu1.jpg,,,,https://anilist.co/character/123819,,,
al209535,anilist,8,21,,,ラクス・ウェルト,Lacus Welt,,男,AB,,动画|漫画,动画,終わりのセラフ,终结的炽天使,2015,动画,"[{""t"":""終わりのセラフ"",""cn"":""终结的炽天使"",""ty"":""动画"",""y"":2015,""pop"":328717},{""t"":""終わりのセラフ"",""cn"":""终结的炽天使"",""ty"":""漫画"",""y"":2012,""pop"":44335}]","175cm A vampire belonging to the City Defense Unit and a colleague of Mikaela Hyakuya and René Simm. The person responsible for killing Yoichi Saotome's older sister. Although not a noble, he boasts high combat capabilities.",64,64,0,0,,https://s4.anilist.co/file/anilistcdn/character/large/b209535-x0d8c4DoQjaX.png,https://s4.anilist.co/file/anilistcdn/character/medium/b209535-x0d8c4DoQjaX.png,,,,https://anilist.co/character/209535,,,
al136233,anilist,8,21,,,王美雨,Mei-Yu Wang,Mii-chan,女,,16,动画|轻小说,动画,ようこそ実力至上主義の教室へ,欢迎来到实力至上主义的教室,2017,动画,"[{""t"":""ようこそ実力至上主義の教室へ"",""cn"":""欢迎来到实力至上主义的教室"",""ty"":""动画"",""y"":2017,""pop"":447470},{""t"":""ようこそ実力至上主義の教室へ 2nd Season"",""cn"":""欢迎来到实力至上主义的教室 第二季"",""ty"":""动画"",""y"":2022,""pop"":261649},{""t"":""ようこそ実力至上主義の教室へ 3rd Season"",""cn"":""欢迎来到实力至上主义的教室 第三季"",""ty"":""动画"",""y"":2024,""pop"":188938},{""t"":""ようこそ実力至上主義の教室へ 4th Season 2年生編1学期"",""cn"":"""",""ty"":""动画"",""y"":2026,""pop"":117800},{""t"":""ようこそ実力至上主義の教室へ"",""cn"":""欢迎来到实力至上主义的教室"",""ty"":""轻小说"",""y"":2015,""pop"":41723},{""t"":""ようこそ実力至上主義の教室へ　２年生編"",""cn"":"""",""ty"":""轻小说"",""y"":2020,""pop"":16585}]",Mei-Yu is of Chinese descent and is shown to be one of the academically gifted students. She has a visible crush on Hirata Yosuke.,64,64,0,0,,https://s4.anilist.co/file/anilistcdn/character/large/b136233-wmiulsKzTMND.png,https://s4.anilist.co/file/anilistcdn/character/medium/b136233-wmiulsKzTMND.png,,,,https://anilist.co/character/136233,,,
vndb-c1873,vndb,8,22,,西园美鱼,西園 美魚,Nishizono Mio,,女,B,,Galgame,Galgame,リトルバスターズ！,Little Busters!,2007,Galgame,"[{""t"":""リトルバスターズ！"",""cn"":""Little Busters!"",""ty"":""Galgame"",""y"":2007,""pop"":9276},{""t"":""リトルバスターズ！ＳＳ"",""cn"":"""",""ty"":""Galgame"",""y"":2012,""pop"":91},{""t"":""西園美魚密室殺人事件？"",""cn"":"""",""ty"":""Galgame"",""y"":2014,""pop"":80}]",CV：柚木かなめ 撑着阳伞的文静天然系 休息时间中一个人读书，有着文雅印象的女孩 本性努力、用功，一旦下定决心却容易跑向奇怪的方向 外出时总是打着一把阳伞,9276,0,9276,191,,https://t.vndb.org/ch/39/37039.jpg,https://t.vndb.org/ch/39/37039.jpg,https://lain.bgm.tv/r/400/pic/crt/l/99/3f/363_crt_vwwLR.jpg,#766784 #3b3037 #beb7c3 #e0d9db #efeded #ffffff,Blue Short Straight Teen Slim Pale School Uniform Hard Worker Cooking Fighting,,https://bgm.tv/character/363,https://vndb.org/c1873,363
vndb-c56558,vndb,8,22,,宗方京助,宗方 京助,Munakata Kyousuke,Former Ultimate Student Council President / Ultimate Student Council President / 元・超高校級の「生徒会長」 / Former Super High School Level Student Council President,男,A,,Galgame,Galgame,ニューダンガンロンパV3 みんなのコロシアイ新学期,新弹丸论破V3 大家的自相残杀新学期,2017,Galgame,,【未来篇】 原·超高校级的学生会长 未来机关副会长·第二支部支部长。 希望之峰学园第74期生。原超高校级的学生会长。 冷徹淡然地执行自己的职务。充满了人格魅力(Charisma)，握有未来机关的实权。比谁都对「超高校级的绝望」抱有愤怒与仇恨。 【绝望篇】 毕业后因希望之峰学园海外分校的建设而留学。为了引导学园向正确的方向发展，对着权力的掌握虎视眈眈。,8847,0,8847,5,,https://t.vndb.org/ch/35/67435.jpg,https://t.vndb.org/ch/35/67435.jpg,https://lain.bgm.tv/r/400/pic/crt/l/ce/60/40670_crt_5nn86.jpg?r=1461656178,#676d6f #ced1d3 #aeb1b2 #e5e1e1 #ffffff,Pale Proactive Blue Young-adult Suit Stoic Cynic Reserved Coworker Cautious,,https://bgm.tv/character/40670,https://vndb.org/c56558,40670
al121725,anilist,8,22,2034,艾玛,エマ,Emma,Antenna,女,,11-15,动画|漫画|轻小说,动画,約束のネバーランド,约定的梦幻岛,2019,动画,"[{""t"":""約束のネバーランド"",""cn"":""约定的梦幻岛"",""ty"":""动画"",""y"":2019,""pop"":633103},{""t"":""約束のネバーランド2"",""cn"":"""",""ty"":""动画"",""y"":2021,""pop"":321707},{""t"":""約束のネバーランド"",""cn"":""约定的梦幻岛"",""ty"":""漫画"",""y"":2016,""pop"":133608},{""t"":""約束のネバーランド～ノーマンからの手紙～"",""cn"":"""",""ty"":""轻小说"",""y"":2018,""pop"":1913},{""t"":""約束のネバーランド～戦友たちのレコード～"",""cn"":"""",""ty"":""轻小说"",""y"":2020,""pop"":1295},{""t"":""白井カイウ×出水ぽすか短編集"",""cn"":"""",""ty"":""漫画"",""y"":2021,""pop"":1294}]",孤儿院最年长铁三角之一，生于2034年，11岁的女孩，身高145cm，脖子上的编号为63194。是个有着一头橘色头发的活泼女孩，秉性乐观而天真，喜欢妈妈和孤儿院的一切，将孤儿院的大伙视为自己的家人。考试分数为300分级别，拥有力压诺曼的体能与卓越的反射神经。,6502,6502,0,76,,https://s4.anilist.co/file/anilistcdn/character/large/b121725-LQciVJOjnMVh.png,https://s4.anilist.co/file/anilistcdn/character/medium/b121725-LQciVJOjnMVh.png,https://lain.bgm.tv/r/400/pic/crt/l/b4/8c/57376_crt_g8Mmm.jpg?r=1503813993,,,https://anilist.co/character/121725,https://bgm.tv/character/57376,,57376
vndb-c22374,vndb,8,22,,岛田快,島田 快,Shimada Kai,,男,A,,Galgame,Galgame,コープスパーティー ブラッドカバー,尸体派对 血色笼罩,2006,Galgame,"[{""t"":""コープスパーティー ブラッドカバー"",""cn"":""尸体派对 血色笼罩"",""ty"":""Galgame"",""y"":2006,""pop"":3556},{""t"":""コープスパーティー ブックオブシャドウズ"",""cn"":"""",""ty"":""Galgame"",""y"":2011,""pop"":1540},{""t"":""コープスパーティー BLOOD DRIVE"",""cn"":""尸体派对 驭血"",""ty"":""Galgame"",""y"":2014,""pop"":682},{""t"":""コープスパーティー -THE ANTHOLOGY- サチコの恋愛遊戯♥Hysteric Birthday 2U"",""cn"":""尸体派对 文选集 幸子的恋爱游戏 竭斯底里生日2U"",""ty"":""Galgame"",""y"":2012,""pop"":303}]",17岁，白檀高等学校二年四组的男学生。,3556,0,3556,0,,https://t.vndb.org/ch/69/27669.jpg,https://t.vndb.org/ch/69/27669.jpg,https://lain.bgm.tv/r/400/pic/crt/l/75/47/91198_crt_UCuYS.jpg,#684756 #a77a75 #bfb2ab #eaded4 #ffffff,Red Short Teen Slim Pale School Uniform Fighting Green Earrings Necklace,,https://bgm.tv/character/91198,https://vndb.org/c22374,91198
al266438,anilist,8,22,,恩吉,エンジン,Enjin,Engine,男,,28,动画|漫画,动画,ガチアクタ,GACHIAKUTA咔嗒咔嗒,2025,动画,"[{""t"":""ガチアクタ"",""cn"":""GACHIAKUTA咔嗒咔嗒"",""ty"":""动画"",""y"":2025,""pop"":255821},{""t"":""ガチアクタ"",""cn"":""GACHIAKUTA咔嗒咔嗒"",""ty"":""漫画"",""y"":2022,""pop"":66558},{""t"":""ガチアクタ 第2期"",""cn"":"""",""ty"":""动画"",""y"":"""",""pop"":26608}]",人器：傘／掃除屋“アクタ”所属 奈落に落とされたルドを発見し、人通者（ギバー）の素質を見抜く。ゴミから生まれた怪物“斑獣”を倒す“掃除屋”に、ルドをスカウトする。,2471,2471,0,4,,https://s4.anilist.co/file/anilistcdn/character/large/b266438-3Veykti1lXgg.png,https://s4.anilist.co/file/anilistcdn/character/medium/b266438-3Veykti1lXgg.png,https://lain.bgm.tv/r/400/pic/crt/l/bb/c2/172823_crt_4ywlg.jpg?r=1749173112,,,https://anilist.co/character/266438,https://bgm.tv/character/172823,,172823
al89222,anilist,8,22,,,飯田天哉,Tenya Iida,Tenya Ida / Turbo Hero: Ingenium (ターボヒーロー・インゲニウム),男,A,15-,动画,动画,僕のヒーローアカデミア,我的英雄学院,2016,动画,"[{""t"":""僕のヒーローアカデミア"",""cn"":""我的英雄学院"",""ty"":""动画"",""y"":2016,""pop"":873712},{""t"":""僕のヒーローアカデミア２"",""cn"":"""",""ty"":""动画"",""y"":2017,""pop"":655237},{""t"":""僕のヒーローアカデミア３"",""cn"":"""",""ty"":""动画"",""y"":2018,""pop"":600666},{""t"":""僕のヒーローアカデミア４"",""cn"":"""",""ty"":""动画"",""y"":2019,""pop"":532336},{""t"":""僕のヒーローアカデミア５"",""cn"":"""",""ty"":""动画"",""y"":2021,""pop"":414683},{""t"":""僕のヒーローアカデミア６"",""cn"":"""",""ty"":""动画"",""y"":2022,""pop"":269963}]","179 cm (5'10"") Engine Class representative of Class 1-A at U.A. High School Tenya may look severe, but he's actually just a very serious person, who takes everything, even the most insignificant thing, seriously.",2269,2269,0,0,,https://s4.anilist.co/file/anilistcdn/character/large/b89222-TL8MQM3wJgEB.png,https://s4.anilist.co/file/anilistcdn/character/medium/b89222-TL8MQM3wJgEB.png,,,,https://anilist.co/character/89222,,,
al139710,anilist,8,22,,,天野陽菜,Hina Amano,100% Sunshine Girl,女,,14-17,动画|漫画,动画,天気の子,天气之子,2019,动画,"[{""t"":""天気の子"",""cn"":""天气之子"",""ty"":""动画"",""y"":2019,""pop"":356022},{""t"":""天気の子"",""cn"":""天气之子"",""ty"":""漫画"",""y"":2019,""pop"":5252}]",> 160 cm Hina is a young and cheerful girl with long black-blue hair tied into twin ponytails and large blue eyes. She wears a blue stone necklace and often wears a grey hoodie over a sleeveless dress.,1794,1794,0,0,,https://s4.anilist.co/file/anilistcdn/character/large/b139710-EnN2wXd5YeDb.png,https://s4.anilist.co/file/anilistcdn/character/medium/b139710-EnN2wXd5YeDb.png,,,,https://anilist.co/character/139710,,,
vndb-c78336,vndb,8,22,,,陸奥 葵,Mutsu Aoi,Mad Student,女,,,Galgame,Galgame,私が好きなら「好き」って言って！,,2015,Galgame,,"The President of the Gardening Club who teases Souta a lot, is called the 'Mad Student' by other students due to her reputation and personality.",1397,0,1397,0,,https://t.vndb.org/ch/71/95271.jpg,https://t.vndb.org/ch/71/95271.jpg,,#804655 #ecc7bd #a9928e #f8e4df #fdf6f1 #ffffff,Black Long Straight Teen Slim Pale Blue Glasses Vest Miniskirt,,,https://vndb.org/c78336,
vndb-c50270,vndb,8,22,,,チカ,Chika,,男,A,,Galgame,Galgame,BUSTAFELLOWS,,2019,Galgame,"[{""t"":""BUSTAFELLOWS"",""cn"":"""",""ty"":""Galgame"",""y"":2019,""pop"":908},{""t"":""Side Kicks!"",""cn"":"""",""ty"":""Galgame"",""y"":2017,""pop"":64}]","Special Martial Arts, Shooting The detective apprentice who is overflowing with justice.",908,0,908,0,,https://t.vndb.org/ch/12/169312.jpg,https://t.vndb.org/ch/12/169312.jpg,,#711f26 #9e796d #e1cdbb #f6e6d1 #ffffff,Black Red Short Orphan Assault Amnesia Red Young-adult Tattoo Earrings,,,https://vndb.org/c50270,
al16412,anilist,8,22,,,円堂守,Mamoru Endou,Captain / Goal Keeper / Mark Evans / Mamoru Endo,男,,,动画,动画,イナズマイレブン,,2008,动画,"[{""t"":""イナズマイレブン"",""cn"":"""",""ty"":""动画"",""y"":2008,""pop"":61982},{""t"":""イナズマイレブン GO"",""cn"":"""",""ty"":""动画"",""y"":2011,""pop"":25171},{""t"":""イナズマイレブンGO クロノ・ストーン"",""cn"":"""",""ty"":""动画"",""y"":2012,""pop"":17704},{""t"":""イナズマイレブンＧＯ ギャラクシー"",""cn"":"""",""ty"":""动画"",""y"":2013,""pop"":15498},{""t"":""イナズマイレブン アレスの天秤"",""cn"":"""",""ty"":""动画"",""y"":2018,""pop"":13591},{""t"":""イナズマイレブン オリオンの刻印"",""cn"":"""",""ty"":""动画"",""y"":2018,""pop"":10691}]",Endou Mamoru is the captain of Raimon jr. High's Soccer team. He starts out as a goalie but also plays as libero later on. He is the type of person who never gives up and his teammates benefit from his mental strength and encouragement.,885,885,0,0,,https://s4.anilist.co/file/anilistcdn/character/large/b16412-ZsvITu2WWg6Q.jpg,https://s4.anilist.co/file/anilistcdn/character/medium/b16412-ZsvITu2WWg6Q.jpg,,,,https://anilist.co/character/16412,,,
al135226,anilist,8,22,,,児嶋加奈,Kana Kojima,Kojima the Demon,女,,23,动画|漫画,动画,なんでここに先生が!?,,2019,动画,"[{""t"":""なんでここに先生が!?"",""cn"":"""",""ty"":""动画"",""y"":2019,""pop"":110390},{""t"":""なんでここに先生が!?"",""cn"":"""",""ty"":""动画"",""y"":2019,""pop"":26168},{""t"":""なんでここに先生が!?"",""cn"":"""",""ty"":""漫画"",""y"":2015,""pop"":14616}]",159 cm A Japanese-language teacher.,705,705,0,0,,https://s4.anilist.co/file/anilistcdn/character/large/b135226-vGaXVzrd9TOe.jpg,https://s4.anilist.co/file/anilistcdn/character/medium/b135226-vGaXVzrd9TOe.jpg,,,,https://anilist.co/character/135226,,,
vndb-c152,vndb,8,22,,,ヴィンセント・ローウェル,Vincent Lowell,,男,,,Galgame,Galgame,マブラヴ オルタネイティヴ トータル・イクリプス,Muv-Luv Alternative Total Eclipse,2013,Galgame,,"A mechanic sent to Yukon Base alongside Yuuya. Despite his young age, he was chosen as the chief mechanic of the XFJ project. Highly trusted by his unit due to his wide range of knowledge and skill with a wrench.",597,0,597,0,,https://t.vndb.org/ch/83/134883.jpg,https://t.vndb.org/ch/83/134883.jpg,,#3f4660 #cdcbc1 #e4e5dc #9fa39f #f7f6ed #ffffff,Blond Wavy Curtained Shoulder-length Pale Trousers Blue Young-adult Jacket Ore,,,https://vndb.org/c152,
vndb-c91365,vndb,8,22,,,鐘城 暁,Kaneshiro Akatsuki,,男,,,Galgame,Galgame,星空鉄道とシロの旅,,2020,Galgame,,,483,0,483,0,,https://t.vndb.org/ch/28/110128.jpg,https://t.vndb.org/ch/28/110128.jpg,,#3f3f4f #d4cbc3 #f0e3d9 #8d8988 #fbf9f0 #ffffff,Short Pale Trousers Donkan Young-adult T-shirt Ore Drinking Hikikomori Painting,,,https://vndb.org/c91365,
al137534,anilist,8,22,1996,,五色工,Tsutomu Goshiki,Lil' Bowl Cut / Bowl-Cut Brat / Laser-beam Line Shot Guy,男,,,动画|漫画,动画,ハイキュー!! 烏野高校 VS 白鳥沢学園高校,排球少年 乌野高校 VS 白鸟泽学园高校,2016,动画,"[{""t"":""ハイキュー!! 烏野高校 VS 白鳥沢学園高校"",""cn"":""排球少年 乌野高校 VS 白鸟泽学园高校"",""ty"":""动画"",""y"":2016,""pop"":362356},{""t"":""ハイキュー!! TO THE TOP"",""cn"":""排球少年 TO THE TOP"",""ty"":""动画"",""y"":2020,""pop"":293887},{""t"":""ハイキュー!! TO THE TOP 2"",""cn"":"""",""ty"":""动画"",""y"":2020,""pop"":255078},{""t"":""ハイキュー！！"",""cn"":""排球少年!!"",""ty"":""漫画"",""y"":2012,""pop"":101913},{""t"":""ハイキュー!! ゴミ捨て場の決戦"",""cn"":"""",""ty"":""动画"",""y"":2024,""pop"":97944},{""t"":""ハイキュー！！特別番外編 祭り再び"",""cn"":"""",""ty"":""漫画"",""y"":2022,""pop"":3904}]","181 cm (5'11"") Miyagi Prefecture Tsutomu Goshiki is a first year wing spiker in Shiratorizawa Academy. Goshiki appears to have been a capable volleyball player even before entering Shiratorizawa Academy.",478,478,0,0,,https://s4.anilist.co/file/anilistcdn/character/large/b137534-5xZ2PLMFH76M.png,https://s4.anilist.co/file/anilistcdn/character/medium/b137534-5xZ2PLMFH76M.png,,,,https://anilist.co/character/137534,,,
vndb-c9817,vndb,8,22,,,木ノ本 乃来亜,Kinomoto Nokia,,女,O,,Galgame,Galgame,恋愛0キロメートル,,2011,Galgame,,The fourth daughter. She is the mood maker of the family and is always in high spirits. Likes fun and interesting things and excels in the ability to make her surroundings happy.,354,0,354,0,,https://t.vndb.org/ch/36/10736.jpg,https://t.vndb.org/ch/36/10736.jpg,,#b35566 #5b252e #d69da4 #e9cece #f6f1eb #ffffff,Pink Ahoge Waist Length+ Wavy Pale School Uniform Soccer Cooking Missionary Doggy Style,,,https://vndb.org/c9817,
vndb-c48031,vndb,8,22,,,ディメント,Demento,Karasuba Minato,男,A,,Galgame,Galgame,ピリオドキューブ ～鳥籠のアマデウス～,,2016,Galgame,,"None Fallen Assassin Convenience store clerk Watching the clock Darts Favorite Pomegranates Team games ""Hehehe... Great. If it hurts, it's proof that you're alive."" He finds sheer joy in taking lives, Angels’ or Demons’.",326,0,326,0,,https://t.vndb.org/ch/77/57577.jpg,https://t.vndb.org/ch/77/57577.jpg,,#270e24 #0b0519 #7a262f #372b46 #e5c3b2 #6b5e6e,Red Ponytail Amber Tattoo Mayadere Murder Hoodie Kidnapping Pendant Necklace Shop Clerk,,,https://vndb.org/c48031,
vndb-c16250,vndb,8,22,,,猫杜 美華,Nekomori Mike,,女,O,,Galgame,Galgame,にゃんカフェマキアート ～猫がいるカフェのえっち事情～,,2013,Galgame,,"Favorite crepes and omurice cooking, doing chores, exercising, punishing evil A sociable, caring girl who’s the most popular in her class. Much like the protagonist, it’s relatively easy to goad her into doing whatever you want.",298,0,298,0,,https://t.vndb.org/ch/90/20690.jpg,https://t.vndb.org/ch/90/20690.jpg,,#8d607b #c2999c #e3c6be #eee2dd #faf6eb #ffffff,Blond Ahoge Twin Tails Waist Length+ Straight Teen Slim Pale Cooking Missionary,,,https://vndb.org/c16250,
al151326,anilist,8,22,,,環いろは,Iroha Tamaki,,女,,15,动画|漫画,动画,マギアレコード 魔法少女まどか☆マギカ外伝,魔法纪录 魔法少女小圆外传,2020,动画,"[{""t"":""マギアレコード 魔法少女まどか☆マギカ外伝"",""cn"":""魔法纪录 魔法少女小圆外传"",""ty"":""动画"",""y"":2020,""pop"":56909},{""t"":""マギアレコード 魔法少女まどか☆マギカ外伝 2nd SEASON -覚醒前夜-"",""cn"":"""",""ty"":""动画"",""y"":2021,""pop"":24615},{""t"":""マギアレコード 魔法少女まどか☆マギカ外伝 Final SEASON ‐浅き夢の暁‐"",""cn"":"""",""ty"":""动画"",""y"":2022,""pop"":16052},{""t"":""マギアレコード魔法少女まどか☆マギカ外伝"",""cn"":""魔法纪录 魔法少女小圆外传"",""ty"":""漫画"",""y"":2018,""pop"":1313},{""t"":""マギア☆レポート"",""cn"":"""",""ty"":""漫画"",""y"":2017,""pop"":234},{""t"":""マギア☆エトセトラ"",""cn"":"""",""ty"":""漫画"",""y"":2024,""pop"":27}]","Iroha came to Kamihama to investigate strange dreams she was having. Kind-hearted, she tends to worry too much about others. She's not up on the latest trends and isn't good with her phone.",278,278,0,0,,https://s4.anilist.co/file/anilistcdn/character/large/b151326-8QHFe36L9IOI.png,https://s4.anilist.co/file/anilistcdn/character/medium/b151326-8QHFe36L9IOI.png,,,,https://anilist.co/character/151326,,,
vndb-c96725,vndb,8,22,,,ヴィリオ,Vilio,,男,,,Galgame,Galgame,ラディアンテイル,,2022,Galgame,"[{""t"":""ラディアンテイル"",""cn"":"""",""ty"":""Galgame"",""y"":2022,""pop"":266},{""t"":""ラディアンテイル ～ファンファーレ！～"",""cn"":"""",""ty"":""Galgame"",""y"":2023,""pop"":103}]","The Dragon You Can Meet “Show me your best smiles, everyone!”",266,0,266,0,,https://t.vndb.org/ch/77/126177.jpg,https://t.vndb.org/ch/77/126177.jpg,,#c34c67 #6b2634 #d69994 #efd4c2 #f3ecea #ffffff,Black Red Waist Length+ Straight Slim Pale Trousers Hard Worker Violet Young-adult,,,https://vndb.org/c96725,
vndb-c87341,vndb,8,22,,,バルバトス,Barbatos,Diavolo's Butler / Greatest Pastry Chef / Housekeeper,男,,,Galgame,Galgame,Obey Me!,,2019,Galgame,"[{""t"":""Obey Me!"",""cn"":"""",""ty"":""Galgame"",""y"":2019,""pop"":246},{""t"":""Obey Me! Sinner's Choice: Lucifer"",""cn"":"""",""ty"":""Galgame"",""y"":2026,""pop"":0}]","""The impeccable butler who follows Diavolo around as if he were his shadow. His ability is to see both the past and the future.""",246,0,246,0,,https://t.vndb.org/ch/74/114674.jpg,https://t.vndb.org/ch/74/114674.jpg,,#b56f4b #c79d74 #893a28 #434e4a #e6d6be #211f1f,Short Straight Green Pale Trousers Cooking Green Young-adult Suit Necktie,,,https://vndb.org/c87341,
al2950,anilist,8,22,,,服部全蔵,Zenzou Hattori,,男,,,动画,动画,銀魂,银魂,2006,动画,"[{""t"":""銀魂"",""cn"":""银魂"",""ty"":""动画"",""y"":2006,""pop"":296063},{""t"":""銀魂゜"",""cn"":"""",""ty"":""动画"",""y"":2015,""pop"":119621},{""t"":""銀魂’"",""cn"":"""",""ty"":""动画"",""y"":2011,""pop"":110096},{""t"":""銀魂. 銀ノ魂篇"",""cn"":"""",""ty"":""动画"",""y"":2018,""pop"":60568},{""t"":""銀魂. 銀ノ魂篇2"",""cn"":"""",""ty"":""动画"",""y"":2018,""pop"":56193},{""t"":""銀魂 THE FINAL"",""cn"":"""",""ty"":""动画"",""y"":2021,""pop"":55581}]",175 cm A highly skilled ninja who sports a light-brown/dark-blonde mop-top and a goatee. He is first introduced in episode 37 when he and [Gintoki](//anilist.co/character/672/Sakata-Gintoki) attempt to fight to the death over the last remai…,237,237,0,0,,https://s4.anilist.co/file/anilistcdn/character/large/b2950-MPIhNKfyJE2r.jpg,https://s4.anilist.co/file/anilistcdn/character/medium/b2950-MPIhNKfyJE2r.jpg,,,,https://anilist.co/character/2950,,,
vndb-c33131,vndb,8,22,,,反逆者,Hangyakusha,Rebel / Traitor,男,A,,Galgame,Galgame,CLOCK ZERO 〜終焉の一秒〜,,2010,Galgame,,"""That lady belongs to me. ....I won't hand her over to those guys."" A mysterious man that Nadeshiko meets in the ""Dream World"".",188,0,188,0,,https://t.vndb.org/ch/59/39659.jpg,https://t.vndb.org/ch/59/39659.jpg,,#b09c8e #7f5859 #c8b8a7 #e8ddd4 #f7f3ec #ffffff,Red Ponytail Short Proactive Fighting Hotblooded Amber Blue Young-adult Yandere,,,https://vndb.org/c33131,
vndb-c33122,vndb,8,22,,,西園寺 寅之助,Saionji Toranosuke,Tora / トラ,男,A,,Galgame,Galgame,CLOCK ZERO 〜終焉の一秒〜,,2010,Galgame,,"""...With that, could it be you're asking for a fight? Is it okay if I give you one?"" A 6th grade elementary school student.",188,0,188,0,,https://t.vndb.org/ch/53/39653.jpg,https://t.vndb.org/ch/53/39653.jpg,,#967371 #48483c #c0aea5 #e4d8d2 #f7f2ec #ffffff,Red Short Slim Pale Cooking Amber Blue Kid Yandere Ore,,,https://vndb.org/c33122,
al28086,anilist,8,22,,,エリカ,Erika,,女,O,19,动画|漫画,动画,会長はメイド様!,会长是女仆大人！,2010,动画,"[{""t"":""会長はメイド様!"",""cn"":""会长是女仆大人！"",""ty"":""动画"",""y"":2010,""pop"":288287},{""t"":""会長はメイド様！"",""cn"":""会长是女仆大人！"",""ty"":""漫画"",""y"":2005,""pop"":36966}]","**** 162 cm A college student working at Caf&eacute; Latte. She notes that [Misaki](//anilist.co/character/14941/Ayuzawa-Misaki) is strong and picks up work quickly, and claims that it doesn't feel like Misaki is younger than her.",96,96,0,0,,https://s4.anilist.co/file/anilistcdn/character/large/b28086-r4nswddAqlAU.jpg,https://s4.anilist.co/file/anilistcdn/character/medium/b28086-r4nswddAqlAU.jpg,,,,https://anilist.co/character/28086,,,
al145095,anilist,8,22,,,マグマ,Magma,,男,B,,动画,动画,Dr.STONE,石纪元,2019,动画,"[{""t"":""Dr.STONE"",""cn"":""石纪元"",""ty"":""动画"",""y"":2019,""pop"":554680},{""t"":""Dr.STONE STONE WARS"",""cn"":""石纪元 石之战争"",""ty"":""动画"",""y"":2021,""pop"":335280},{""t"":""Dr.STONE NEW WORLD"",""cn"":""石纪元 新世界"",""ty"":""动画"",""y"":2023,""pop"":201922},{""t"":""Dr.STONE NEW WORLD 第2クール"",""cn"":""石纪元 新世界 第2部分"",""ty"":""动画"",""y"":2023,""pop"":138943},{""t"":""Dr.STONE 龍水"",""cn"":""石纪元 龙水"",""ty"":""动画"",""y"":2022,""pop"":123272},{""t"":""Dr.STONE SCIENCE FUTURE"",""cn"":""石纪元 科学与未来"",""ty"":""动画"",""y"":2025,""pop"":115924}]",Magma is a villager from the Ishigami village. Magma is known for being the strongest of all the Villagers in terms of strength.,77,77,0,0,,https://s4.anilist.co/file/anilistcdn/character/large/b145095-5kvEF2XUhNui.png,https://s4.anilist.co/file/anilistcdn/character/medium/b145095-5kvEF2XUhNui.png,,,,https://anilist.co/character/145095,,,
al212395,anilist,8,22,,,エドワルド・セルフェンス,Edward Serfence,Darkviper Mage,男,,26,动画|漫画,动画,杖と剣のウィストリア,,2024,动画,"[{""t"":""杖と剣のウィストリア"",""cn"":"""",""ty"":""动画"",""y"":2024,""pop"":175856},{""t"":""杖と剣のウィストリア Season2"",""cn"":"""",""ty"":""动画"",""y"":2026,""pop"":118642},{""t"":""杖と剣のウィストリア"",""cn"":"""",""ty"":""漫画"",""y"":2020,""pop"":18855}]","177 cm (5'9"") An ascendant who made it to the top of the Tower, earning the qualification to become Magia Vander, before being defeated by another candidate.",46,46,0,0,,https://s4.anilist.co/file/anilistcdn/character/large/b212395-1ZVzwf2rA1u1.png,https://s4.anilist.co/file/anilistcdn/character/medium/b212395-1ZVzwf2rA1u1.png,,,,https://anilist.co/character/212395,,,
al68367,anilist,8,22,,,綾小路昌弘,Masahiro Ayanokouji,Mabo (マーボ),男,B,16,动画|漫画,动画,となりの怪物くん,,2012,动画,"[{""t"":""となりの怪物くん"",""cn"":"""",""ty"":""动画"",""y"":2012,""pop"":261710},{""t"":""となりの怪物くん"",""cn"":"""",""ty"":""漫画"",""y"":2008,""pop"":31258}]",164 cm (5'5),16,16,0,0,,https://s4.anilist.co/file/anilistcdn/character/large/b68367-qXucdwAj2ydt.jpg,https://s4.anilist.co/file/anilistcdn/character/medium/b68367-qXucdwAj2ydt.jpg,,,,https://anilist.co/character/68367,,,
al126105,anilist,8,23,1976,亚历克西斯·莱斯基宁,アレクシス・レスキネン,Alexis Leskinen,,男,B,34,动画|漫画|Galgame,动画,シュタインズ・ゲート ゼロ,命运石之门 0,2018,动画,"[{""t"":""シュタインズ・ゲート ゼロ"",""cn"":""命运石之门 0"",""ty"":""动画"",""y"":2018,""pop"":222572},{""t"":""シュタインズ・ゲート ゼロ 結晶多形のバレンタイン"",""cn"":"""",""ty"":""动画"",""y"":2018,""pop"":38492},{""t"":""STEINS;GATE 0"",""cn"":""命运石之门 0"",""ty"":""Galgame"",""y"":2015,""pop"":7650},{""t"":""Steins;Gate 閉時曲線のエピグラフ"",""cn"":""命运石之门 闭时曲线的碑文"",""ty"":""漫画"",""y"":2013,""pop"":805}]",ヴィクトル・コンドリア大学の大脳科学研究所の主任研究員の一人で、真帆や紅莉栖の上司・師匠でもある。初登場はSTEINS;GATE外伝小説シリーズで、紅莉栖の死後、講演のために真帆を伴って来日する。年齢は34歳。「0」にも登場する。,7650,66,7650,15,,https://s4.anilist.co/file/anilistcdn/character/large/b126105-rQd5KLcYgtvi.png,https://s4.anilist.co/file/anilistcdn/character/medium/b126105-rQd5KLcYgtvi.png,https://t.vndb.org/ch/70/97270.jpg|https://lain.bgm.tv/r/400/pic/crt/l/94/6a/42677_crt_9v328.jpg?r=1500896781,,Blond Curtained Short Straight Slim Trousers Dress Shoes Green Adult Coat,https://anilist.co/character/126105,https://bgm.tv/character/42677,https://vndb.org/c43790,42677
vndb-c25666,vndb,8,23,,有岛一磨,有島 一磨,Arishima Kazuma,Narahashi Kazuma,男,A,,Galgame,Galgame,カルタグラ～ツキ狂イノ病～,恋狱～月狂病～,2005,Galgame,,警視庁の刑事（階級は警部）。秋五の元上司。 秋五の能力を高く買っており、退職後もたびたび仕事の世話をしてくれている。 周囲からの人望も厚く、部下から尊敬されている。 今回の事件は、彼が秋五に依頼を持ってきたことから、すべての幕が開く。,3324,0,3324,2,,https://t.vndb.org/ch/85/148785.jpg,https://t.vndb.org/ch/85/148785.jpg,https://lain.bgm.tv/r/400/pic/crt/l/eb/48/52616_crt_YqEtu.jpg,#a49386 #d6cbbe #222324 #545353 #ffffff,Black Short Pale Villain Black Adult Trench Coat Kimono Hat Secretive,,https://bgm.tv/character/52616,https://vndb.org/c25666,52616
vndb-c59819,vndb,8,23,,羽山水姬,羽山 水姫,Hayama Mizuki,,女,,,Galgame,Galgame,ef - a fairy tale of the two.,,2006,Galgame,"[{""t"":""ef - a fairy tale of the two."",""cn"":"""",""ty"":""Galgame"",""y"":2006,""pop"":2878},{""t"":""ef - a fairy tale of the two."",""cn"":"""",""ty"":""Galgame"",""y"":2006,""pop"":2878},{""t"":""ef - a fairy tale of the two."",""cn"":"""",""ty"":""Galgame"",""y"":2006,""pop"":2878},{""t"":""ef - a fairy tale of the two."",""cn"":"""",""ty"":""Galgame"",""y"":2006,""pop"":2878},{""t"":""天使の日曜日 “ef - a fairy tale of the two.” Pleasurable Box."",""cn"":"""",""ty"":""Galgame"",""y"":2010,""pop"":107},{""t"":""天使の日曜日「続・プリンセスサマー」Angel's Holiday - another story, for BugBug."",""cn"":"""",""ty"":""Galgame"",""y"":2011,""pop"":20}]",Another水姬路线的女主角。 音羽学园付属3年级学生，麻生蓮治的表妹。 小时候玩海水浴溺水时被蓮治所救，将他认定为自己命中注定的白马王子――虽说在那之前已经喜欢得不知该如何是好了。 本身性格弱气，但因为傲娇的性格与看到蓮治无奈的表情就会心跳不已的毛病的关系，一见面就会使出一副气势汹汹想干架的语气。,2878,0,2878,35,,https://t.vndb.org/ch/73/71173.jpg,https://t.vndb.org/ch/73/71173.jpg,https://lain.bgm.tv/r/400/pic/crt/l/4c/f3/10725_crt_iIzj7.jpg,#4b3939 #877475 #b5abad #ded6d6 #f5f1ee #ffffff,Brown Bun Teen Slim Pale Blowjob Virgin Sex Violet Dress Necklace,,https://bgm.tv/character/10725,https://vndb.org/c59819,10725
vndb-c1591,vndb,8,23,,,阿弥谷 縁,Ayaya Enishi,Aaya / Aya / Ayaeni / Ayayachin,女,AB,,Galgame,Galgame,コミュ - 黒い竜と優しい王国 -,,2009,Galgame,,"Troublemaker Talk about a friendly, cheerful, noisy, and large breasts, that would be Ayaya. She seems to hope for something romantic from Akihito, her senpai. She also respects her other senpai, Kagome due to dubious reasons.",2159,0,2159,0,,https://t.vndb.org/ch/99/20199.jpg,https://t.vndb.org/ch/99/20199.jpg,,#7e573d #d1af90 #f7eaaf #e9e2d9 #f9f7ed #ffffff,Brown Ahoge Short Teen Slim Pale School Uniform Dress Shoes Cooking Missionary,,,https://vndb.org/c1591,
al2174,anilist,8,23,,,テマリ,Temari,,女,O,15-19,动画|漫画,动画,NARUTO -ナルト-,火影忍者,2002,动画,"[{""t"":""NARUTO -ナルト-"",""cn"":""火影忍者"",""ty"":""动画"",""y"":2002,""pop"":725301},{""t"":""NARUTO -ナルト- 疾風伝"",""cn"":""火影忍者疾风传"",""ty"":""动画"",""y"":2007,""pop"":610025},{""t"":""BORUTO-ボルト- NARUTO NEXT GENERATIONS"",""cn"":""博人传-火影次世代-"",""ty"":""动画"",""y"":2017,""pop"":225171},{""t"":""NARUTO -ナルト-"",""cn"":""火影忍者"",""ty"":""漫画"",""y"":1999,""pop"":99205},{""t"":""劇場版 NARUTO -ナルト- 疾風伝"",""cn"":""火影忍者疾风传 剧场版 鸣人之死"",""ty"":""动画"",""y"":2007,""pop"":58792},{""t"":""劇場版 NARUTO -ナルト- 疾風伝 火の意志を継ぐ者"",""cn"":""火影忍者疾风传 剧场版 火之意志的继承者"",""ty"":""动画"",""y"":2009,""pop"":48348}]","165 cm Genin (I); Jonin (II) Temari is the oldest child of the [Fourth Kazekage](//anilist.co/character/22920/Rasa), making her the older sister of [Gaara](//anilist.co/character/1662/Gaara) and [Kankuro](//anilist.co/character/4694/Kankuro…",1975,1975,0,0,,https://s4.anilist.co/file/anilistcdn/character/large/b2174-XTX0TtzkZCnO.png,https://s4.anilist.co/file/anilistcdn/character/medium/b2174-XTX0TtzkZCnO.png,,,,https://anilist.co/character/2174,,,
al137778,anilist,8,23,,,悲鳴嶼行冥,Gyoumei Himejima,Rock Hashira / Rock Pillar,男,,27,动画|漫画,动画,鬼滅の刃,鬼灭之刃,2019,动画,"[{""t"":""鬼滅の刃"",""cn"":""鬼灭之刃"",""ty"":""动画"",""y"":2019,""pop"":993748},{""t"":""鬼滅の刃 無限列車編"",""cn"":""鬼灭之刃 无限列车篇"",""ty"":""动画"",""y"":2020,""pop"":508224},{""t"":""鬼滅の刃 遊郭編"",""cn"":""鬼灭之刃 游郭篇"",""ty"":""动画"",""y"":2021,""pop"":483878},{""t"":""鬼滅の刃 無限列車編 (TV)"",""cn"":"""",""ty"":""动画"",""y"":2021,""pop"":360836},{""t"":""鬼滅の刃 柱稽古編"",""cn"":""鬼灭之刃 柱训练篇"",""ty"":""动画"",""y"":2024,""pop"":276674},{""t"":""鬼滅の刃"",""cn"":""鬼灭之刃"",""ty"":""漫画"",""y"":2016,""pop"":210045}]","220 cm (7'2½"") He is a Demon Slayer and the Stone Hashira of the Demon Slayer Corps. Gyomei also serves as the mentor of [Genya Shinazugawa](//anilist.co/character/137776/Shinazugawa-Genya).",1754,1754,0,0,,https://s4.anilist.co/file/anilistcdn/character/large/b137778-H4Uzb9cSCvZ6.jpg,https://s4.anilist.co/file/anilistcdn/character/medium/b137778-H4Uzb9cSCvZ6.jpg,,,,https://anilist.co/character/137778,,,
vndb-c124597,vndb,8,23,,,福永 葉子,Fukunaga Youko,,女,B,,Galgame,Galgame,PARANORMASIGHT FILE23 本所七不思議,,2023,Galgame,,"Female Housekeeper Curse After obtaining a junior college degree, Yoko started working as a housekeeper. Due to her ability to see things others cannot, she has received strange looks from a young age.",1115,0,1115,0,,https://t.vndb.org/ch/58/146758.jpg,https://t.vndb.org/ch/58/146758.jpg,,#938876 #c5bdb2 #34302c #dddbd5 #ffffff,Black Curtained Pixie Cut Short Straight Brown Pale Villain Young-adult Cardigan,,,https://vndb.org/c124597,
al163009,anilist,8,23,,,運び屋,Hakobiya,Courier,男,,27,动画|漫画,动画,アクダマドライブ,,2020,动画,"[{""t"":""アクダマドライブ"",""cn"":"""",""ty"":""动画"",""y"":2020,""pop"":164303},{""t"":""アクダマドライブ"",""cn"":"""",""ty"":""漫画"",""y"":2020,""pop"":1681}]","185 cm (6'1"") 745 years Courier grew up being forced to transport things by adults. He has confidence in his work and is somewhat of a workaholic. He doesn't speak often, but when he does, he has the right words for the situation.",973,973,0,0,,https://s4.anilist.co/file/anilistcdn/character/large/b163009-6DeeZUuMozcZ.jpg,https://s4.anilist.co/file/anilistcdn/character/medium/b163009-6DeeZUuMozcZ.jpg,,,,https://anilist.co/character/163009,,,
vndb-c98083,vndb,8,23,,,凪間 ゆめみ,Nagima Yumemi,GoldenLord / ローちゃん,女,O,,Galgame,Galgame,創作彼女の恋愛公式,,2021,Galgame,,"Playing social video games Works with taboo or problematic relationships (such as love between siblings, a mother and a son, a teacher and a student), Japanese sweets, blonde heroines Exercising, rules and regulations, reality Toshiki's cou…",738,0,738,0,,https://t.vndb.org/ch/36/118836.jpg,https://t.vndb.org/ch/36/118836.jpg,,#d0858b #e8b7a9 #f7d5cc #f4ecdc #f8f5f1 #feffff,Blond Twin Tails Shoulder-length Teen Slim Pale School Uniform Standing Sex Blowjob Virgin Sex,,,https://vndb.org/c98083,
vndb-c64678,vndb,8,23,,,高田 ノブチカ,Takada Nobuchika,,女,AB,,Galgame,Galgame,ノラと皇女と野良猫ハート2,,2017,Galgame,,"Nobuchina's older sister. She left home when she began university and became a lawyer. When she gets angry, she slips back into talking like those in the house she grew up in and this often scares people. “Yes.",653,0,653,0,,https://t.vndb.org/ch/95/77795.jpg,https://t.vndb.org/ch/95/77795.jpg,,#d43549 #bc9186 #372e30 #e6ceb7 #fcf5da #eeefe9,Red Short Amber Glasses Necklace Lawyer Watch Older Sister Not Sexually Involved Spiky Bangs,,,https://vndb.org/c64678,
vndb-c9818,vndb,8,23,,,木ノ本 華,Kinomoto Hana,,女,O,,Galgame,Galgame,恋愛0キロメートル,,2011,Galgame,,"The fifth daughter of the family and a first year high school student. She hates loud people and places and often gets into arguments with Nokia because of this. Despite this, she respects her sisters and loves her family.",354,0,354,0,,https://t.vndb.org/ch/37/10737.jpg,https://t.vndb.org/ch/37/10737.jpg,,#50363f #8a96ac #dbc3b3 #f7f7f2 #e0e2e2 #ffffff,Blue Odango Long Teen Slim Pale School Uniform Sweater Soccer Cooking,,,https://vndb.org/c9818,
al87951,anilist,8,23,,,藍羽浅葱,Asagi Aiba,Cyber Empress,女,,,动画,动画,ストライク・ザ・ブラッド,,2013,动画,"[{""t"":""ストライク・ザ・ブラッド"",""cn"":"""",""ty"":""动画"",""y"":2013,""pop"":127947},{""t"":""ストライク・ザ・ブラッド II"",""cn"":"""",""ty"":""动画"",""y"":2016,""pop"":49634},{""t"":""「ストライク・ザ・ブラッド」OVA3"",""cn"":"""",""ty"":""动画"",""y"":2018,""pop"":36024},{""t"":""ストライク・ザ・ブラッド IV"",""cn"":"""",""ty"":""动画"",""y"":2020,""pop"":28492},{""t"":""ストライク・ザ・ブラッド ヴァルキュリアの王国編"",""cn"":"""",""ty"":""动画"",""y"":2015,""pop"":21825},{""t"":""ストライク・ザ・ブラッドFINAL"",""cn"":"""",""ty"":""动画"",""y"":2022,""pop"":15128}]","She is one of Kojou's classmates who works as a part-time computer programmer at the Security Department of ""Itogami Island Management Corporation"" in Level B.",333,333,0,0,,https://s4.anilist.co/file/anilistcdn/character/large/b87951-htdY5B0u4g3T.jpg,https://s4.anilist.co/file/anilistcdn/character/medium/b87951-htdY5B0u4g3T.jpg,,,,https://anilist.co/character/87951,,,
vndb-c64270,vndb,8,23,,,伊集院 レイ,Ijuuin Rei,,其他,AB,,Galgame,Galgame,ときめきメモリアル,,1994,Galgame,"[{""t"":""ときめきメモリアル"",""cn"":"""",""ty"":""Galgame"",""y"":1994,""pop"":311},{""t"":""ときめきメモリアルドラマシリーズ Vol.1 虹色の青春"",""cn"":"""",""ty"":""Galgame"",""y"":1997,""pop"":6},{""t"":""ときめきメモリアルドラマシリーズ Vol.3 旅立ちの詩"",""cn"":"""",""ty"":""Galgame"",""y"":1999,""pop"":4},{""t"":""ときめきメモリアルドラマシリーズ Vol.2 彩のラブソング"",""cn"":"""",""ty"":""Galgame"",""y"":1998,""pop"":3}]",A popular boy at Kirameki High. His upper class background and attention from the female students because of his good looks makes him have an vain and snobby disposition.,311,0,311,0,,https://t.vndb.org/ch/98/171798.jpg,https://t.vndb.org/ch/98/171798.jpg,,#946245 #daac4d #ddcbae #e7e1e2 #f3f3f2 #ffffff,Blond Ponytail Waist Length+ Cross-dressing Reverse-trap Pretending Narcissist Arrogant Wealthy Kidnapping,,,https://vndb.org/c64270,
al151771,anilist,8,23,,,結,Yui,画眉丸の妻,女,,16-17,动画|漫画,动画,地獄楽,地狱乐,2023,动画,"[{""t"":""地獄楽"",""cn"":""地狱乐"",""ty"":""动画"",""y"":2023,""pop"":361565},{""t"":""地獄楽 第二期"",""cn"":""地狱乐 第二季"",""ty"":""动画"",""y"":2026,""pop"":172967},{""t"":""地獄楽"",""cn"":""地狱乐"",""ty"":""漫画"",""y"":2018,""pop"":97961},{""t"":""地獄楽 番外編2"",""cn"":"""",""ty"":""漫画"",""y"":2019,""pop"":2266}]","Human House Wife Iwagakure Yui is the daughter of the [Iwagakure chief](//anilist.co/character/301607/Osa) and the wife of [Gabimaru](//anilist.co/character/137260/Gabimaru). Yui is very kind, caring and gentle.",287,287,0,0,,https://s4.anilist.co/file/anilistcdn/character/large/b151771-obZQxZPwjiud.png,https://s4.anilist.co/file/anilistcdn/character/medium/b151771-obZQxZPwjiud.png,,,,https://anilist.co/character/151771,,,
al85299,anilist,8,23,,,杉野友人,Tomohito Sugino,Justice / Baseball Geek,男,O,,动画|漫画,动画,暗殺教室,暗杀教室,2015,动画,"[{""t"":""暗殺教室"",""cn"":""暗杀教室"",""ty"":""动画"",""y"":2015,""pop"":628250},{""t"":""暗殺教室 第２期"",""cn"":"""",""ty"":""动画"",""y"":2016,""pop"":369666},{""t"":""暗殺教室"",""cn"":""暗杀教室"",""ty"":""漫画"",""y"":2012,""pop"":54655},{""t"":""暗殺教室"",""cn"":""暗杀教室"",""ty"":""动画"",""y"":2013,""pop"":20024},{""t"":""殺せんせーQ[クエスト]! (ONA)"",""cn"":"""",""ty"":""动画"",""y"":2016,""pop"":15568},{""t"":""暗殺教室 みんなの時間"",""cn"":"""",""ty"":""动画"",""y"":2026,""pop"":14771}]","He is one of the students and Nagisa's close friends. He used to be a basketball player in their school's basketball club until he was assigned into class 3-E, making him kicked out from the club.",251,251,0,0,,https://s4.anilist.co/file/anilistcdn/character/large/b85299-2dScCDdb30uf.jpg,https://s4.anilist.co/file/anilistcdn/character/medium/b85299-2dScCDdb30uf.jpg,,,,https://anilist.co/character/85299,,,
al306823,anilist,8,23,,,仙台葉月,Hazuki Sendai,,女,,,漫画|轻小说,漫画,週に一度クラスメイトを買う話 ～ふたりの時間、言い訳の五千円～,,2024,漫画,"[{""t"":""週に一度クラスメイトを買う話 ～ふたりの時間、言い訳の五千円～"",""cn"":"""",""ty"":""漫画"",""y"":2024,""pop"":5104},{""t"":""週に一度クラスメイトを買う話 ～ふたりの時間、言い訳の五千円～"",""cn"":"""",""ty"":""轻小说"",""y"":2023,""pop"":3382}]","**** 163 cm (5'4"") A bright, worldly high school girl. She is at the bottom of the highest school caste and stands out in class since she is popular.",239,239,0,0,,https://s4.anilist.co/file/anilistcdn/character/large/b306823-MyxFScl6HFRm.jpg,https://s4.anilist.co/file/anilistcdn/character/medium/b306823-MyxFScl6HFRm.jpg,,,,https://anilist.co/character/306823,,,
al48163,anilist,8,23,,,ダリル・ヤン,Daryl Yan,Kill 'Em All Daryl,男,,17,动画,动画,ギルティクラウン,,2011,动画,,"A 2nd Lieutenant Juvenile officer and son of a General of the GHQ. He is a cruel and sadistic man who enjoys causing pain to others and due to having mysophobia, he hates being touched by others believing they are infected.",29,29,0,0,,https://s4.anilist.co/file/anilistcdn/character/large/b48163-0EzBZfoUJNn9.jpg,https://s4.anilist.co/file/anilistcdn/character/medium/b48163-0EzBZfoUJNn9.jpg,,,,https://anilist.co/character/48163,,,
vndb-c173,vndb,8,24,,珠濑玄丞斋,珠瀬 玄丞斎,Tamase Genjousai,,男,,,Galgame,Galgame,マブラヴ,Muv-Luv,2003,Galgame,"[{""t"":""マブラヴ"",""cn"":""Muv-Luv"",""ty"":""Galgame"",""y"":2003,""pop"":11564},{""t"":""マブラヴ　オルタネイティヴ"",""cn"":""Muv-Luv Alternative"",""ty"":""Galgame"",""y"":2006,""pop"":11333}]",壬姫的父亲，十分宠溺她。同时还是联合国副秘书长，也是Alternative4支持派在联合国的代表，对美国使用G弹的焦土战略持反对态度。,11564,0,11564,0,,https://t.vndb.org/ch/08/208.jpg,https://t.vndb.org/ch/08/208.jpg,https://lain.bgm.tv/r/400/pic/crt/l/b8/6e/92581_crt_EFxGg.jpg,#443f55 #272335 #ae9a85 #848590 #6f6462 #cdbca7,Short Straight Moustache Brown Slim Pale Trousers Dress Shoes Adult Suit,,https://bgm.tv/character/92581,https://vndb.org/c173,92581
vndb-c303,vndb,8,24,,凤千早,鳳 ちはや,Ootori Chihaya,Cherry / Chi / Chi-chan / Chi-chan-senpai,女,,,Galgame,Galgame,Rewrite,,2011,Galgame,"[{""t"":""Rewrite"",""cn"":"""",""ty"":""Galgame"",""y"":2011,""pop"":8428},{""t"":""Rewrite Harvest festa!"",""cn"":"""",""ty"":""Galgame"",""y"":2012,""pop"":707},{""t"":""Rewrite: Cradles Tale"",""cn"":"""",""ty"":""Galgame"",""y"":2017,""pop"":278},{""t"":""Rewrite オカ研活動記録外伝"",""cn"":"""",""ty"":""Galgame"",""y"":2016,""pop"":193}]",突然转学到瑚太朗所在学校的少女。 不知人间险恶的深闺大小姐、精力过剩的存在。 由于其过分天然呆的属性一直受到瑚太朗的帮助、但由于其别扭的性格总是和瑚太朗争论不休。 从周围人看来是又在意瑚太朗又很讨厌他的样子。,8428,0,8428,136,,https://t.vndb.org/ch/27/12927.jpg,https://t.vndb.org/ch/27/12927.jpg,https://lain.bgm.tv/r/400/pic/crt/l/cb/32/12065_crt_wFLhM.jpg,#bf6b66 #624853 #dfb1a0 #e8ded6 #f4f4f3 #ffffff,Ahoge Twin Tails Waist Length+ Straight Teen Slim Pale School Uniform Hard Worker Master,,https://bgm.tv/character/12065,https://vndb.org/c303,12065
al464,anilist,8,24,1991,尼亚,ネイト・リバー,Nate River,Near (ニア) / N,男,B,17-18,动画|漫画,动画,DEATH NOTE,死亡笔记,2006,动画,"[{""t"":""DEATH NOTE"",""cn"":""死亡笔记"",""ty"":""动画"",""y"":2006,""pop"":961191},{""t"":""DEATH NOTE"",""cn"":""死亡笔记"",""ty"":""漫画"",""y"":2003,""pop"":99722},{""t"":""DEATH NOTE リライト"",""cn"":"""",""ty"":""动画"",""y"":2007,""pop"":44227},{""t"":""DEATH NOTE 特別読切"",""cn"":"""",""ty"":""漫画"",""y"":2020,""pop"":31437},{""t"":""DEATH NOTE Cキラ編"",""cn"":"""",""ty"":""漫画"",""y"":2007,""pop"":10002}]",L的继承者。喜欢玩拼图模型，一边游戏玩具一边分解玩具，特征是衣服与头发统一的白色。单脚放在椅子上卷自己的头发等等，与L相似。,2826,2826,0,33,,https://s4.anilist.co/file/anilistcdn/character/large/n464-6KeJpU6g7Hwj.jpg,https://s4.anilist.co/file/anilistcdn/character/medium/n464-6KeJpU6g7Hwj.jpg,https://lain.bgm.tv/r/400/pic/crt/l/3a/84/25862_crt_ZBVBD.jpg,,,https://anilist.co/character/464,https://bgm.tv/character/25862,,25862
al122693,anilist,8,24,,桃喰绮罗莉,桃喰綺羅莉,Kirari Momobami,,女,,,动画|漫画,动画,賭ケグルイ,狂赌之渊,2017,动画,"[{""t"":""賭ケグルイ"",""cn"":""狂赌之渊"",""ty"":""动画"",""y"":2017,""pop"":456195},{""t"":""賭ケグルイ××"",""cn"":""狂赌之渊××"",""ty"":""动画"",""y"":2019,""pop"":237641},{""t"":""賭ケグルイ双"",""cn"":""狂赌之渊 双"",""ty"":""动画"",""y"":2022,""pop"":50450},{""t"":""賭ケグルイ"",""cn"":""狂赌之渊"",""ty"":""漫画"",""y"":2014,""pop"":24921},{""t"":""賭ケグルイ"",""cn"":""狂赌之渊"",""ty"":""动画"",""y"":2017,""pop"":20594},{""t"":""賭ケグルイ双"",""cn"":""狂赌之渊 双"",""ty"":""漫画"",""y"":2015,""pop"":5185}]",百花王学园第一百零五代学生会长。 缴纳金以及家畜制度等，制定了现行的阶级制度的始作俑者。不知底细的的学园绝对支配者。,2723,2723,0,122,,https://s4.anilist.co/file/anilistcdn/character/large/b122693-qg2NIaq5h1VD.png,https://s4.anilist.co/file/anilistcdn/character/medium/b122693-qg2NIaq5h1VD.png,https://lain.bgm.tv/r/400/pic/crt/l/a7/69/27648_crt_tUypB.jpg?r=1555673072,,,https://anilist.co/character/122693,https://bgm.tv/character/27648,,27648
vndb-c40662,vndb,8,24,,,伽藍堂 紗羅,Garandou Sara,,女,,,Galgame,Galgame,ISLAND,,2016,Galgame,,"She is Urajima Shrine's sole miko. She has a great fascination with curses and supernatural powers, and has never really stopped believing in unscientific powers. She claims to have a connection with another time traveler from the future.",2117,0,2117,0,,https://t.vndb.org/ch/84/48884.jpg,https://t.vndb.org/ch/84/48884.jpg,,#3d3956 #b66678 #d4c3d4 #ede3e4 #f9f7f8,Black Shoulder-length Slim Pale Orphan Violet Kid Pajamas Miko Non-blood-related Sister,,,https://vndb.org/c40662,
al5103,anilist,8,24,1854,,キング・ブラッドレイ,King Bradley,,男,,59-60,动画|漫画,动画,鋼の錬金術師 FULLMETAL ALCHEMIST,钢之炼金术师 FULLMETAL ALCHEMIST,2009,动画,"[{""t"":""鋼の錬金術師 FULLMETAL ALCHEMIST"",""cn"":""钢之炼金术师 FULLMETAL ALCHEMIST"",""ty"":""动画"",""y"":2009,""pop"":728500},{""t"":""鋼の錬金術師"",""cn"":""钢之炼金术师"",""ty"":""动画"",""y"":2003,""pop"":266242},{""t"":""鋼の錬金術師"",""cn"":""钢之炼金术师"",""ty"":""漫画"",""y"":2001,""pop"":80173},{""t"":""鋼の錬金術師 PREMIUM COLLECTION"",""cn"":"""",""ty"":""动画"",""y"":2006,""pop"":13282},{""t"":""鋼の錬金術師 FULLMETAL ALCHEMIST 荒川弘 描き下ろし4コマ劇場"",""cn"":"""",""ty"":""动画"",""y"":2009,""pop"":12007},{""t"":""鋼の錬金術師 20th ANNIVERSARY BOOK"",""cn"":"""",""ty"":""漫画"",""y"":2021,""pop"":309}]",King Bradley is the Führer of the Amestris state military and has all state alchemist under his direct command. King Bradley almost always maintains a kind and calm demeanor even when issuing orders to engage in battle.,1726,1726,0,0,,https://s4.anilist.co/file/anilistcdn/character/large/b5103-jnflrjKevO3z.png,https://s4.anilist.co/file/anilistcdn/character/medium/b5103-jnflrjKevO3z.png,,,,https://anilist.co/character/5103,,,
al88798,anilist,8,24,,,中村莉桜,Rio Nakamura,English Lass,女,B,,动画|漫画,动画,暗殺教室,暗杀教室,2015,动画,"[{""t"":""暗殺教室"",""cn"":""暗杀教室"",""ty"":""动画"",""y"":2015,""pop"":628250},{""t"":""暗殺教室 第２期"",""cn"":"""",""ty"":""动画"",""y"":2016,""pop"":369666},{""t"":""暗殺教室"",""cn"":""暗杀教室"",""ty"":""漫画"",""y"":2012,""pop"":54655},{""t"":""殺せんせーQ[クエスト]! (ONA)"",""cn"":"""",""ty"":""动画"",""y"":2016,""pop"":15568},{""t"":""暗殺教室 みんなの時間"",""cn"":"""",""ty"":""动画"",""y"":2026,""pop"":14771}]",She is a student in Korosensei's Class 3-E of Kunugigaoka Junior High School. She was a former elementary school genius but felt lonely and longed to be normal.,843,843,0,0,,https://s4.anilist.co/file/anilistcdn/character/large/b88798-Ku8MvtmkRWiL.png,https://s4.anilist.co/file/anilistcdn/character/medium/b88798-Ku8MvtmkRWiL.png,,,,https://anilist.co/character/88798,,,
vndb-c21325,vndb,8,24,,,黎明 夏帆,Reimei Kaho,,女,,,Galgame,Galgame,あの晴れわたる空より高く,,2014,Galgame,,"Kaho is considerate of others and rarely shows much emotion, but she’s also gentle and honest. She doesn’t talk much, but any topic related to rockets can loosen her tongue.",755,0,755,0,,https://t.vndb.org/ch/33/26433.jpg,https://t.vndb.org/ch/33/26433.jpg,,#607abf #b6adbb #e2d3d2 #f1eeec #f8f8f9,White Twin Tails Shoulder-length Straight Teen Slim Pale School Uniform Doggy Style Blowjob,,,https://vndb.org/c21325,
vndb-c8533,vndb,8,24,,,渡来 明日香,Watarai Asuka,,女,,,Galgame,Galgame,俺たちに翼はない,,2009,Galgame,"[{""t"":""俺たちに翼はない"",""cn"":"""",""ty"":""Galgame"",""y"":2009,""pop"":632},{""t"":""俺たちに翼はない ～Prelude～"",""cn"":"""",""ty"":""Galgame"",""y"":2008,""pop"":220},{""t"":""俺たちに翼はない AfterStory"",""cn"":"""",""ty"":""Galgame"",""y"":2010,""pop"":200},{""t"":""ネブ＊プラス"",""cn"":"""",""ty"":""Galgame"",""y"":2012,""pop"":28}]","Takashi's classmate, part of the school vignette. She asked him to be her fake boyfriend because she was tired of rejecting all the guys who asked her out.",632,0,632,0,,https://t.vndb.org/ch/01/149501.jpg,https://t.vndb.org/ch/01/149501.jpg,,#58424a #9b8083 #caadb2 #e1d1d3 #f4efea #ffffff,Brown Twin Tails Long Brown Cooking Cowgirl Blowjob Virgin Sex Friendly Domestic Partner,,,https://vndb.org/c8533,
vndb-c17041,vndb,8,24,,,夕凪 一夏,Yuunagi Ichika,,女,B,,Galgame,Galgame,アストラエアの白き永遠,,2014,Galgame,"[{""t"":""アストラエアの白き永遠"",""cn"":"""",""ty"":""Galgame"",""y"":2014,""pop"":508},{""t"":""アストラエアの白き永遠 Finale -白き星の夢-"",""cn"":"""",""ty"":""Galgame"",""y"":2017,""pop"":223}]",Running (moving her body) Staying on the same spot for a long time A friend and classmate of Ochiba at Tsukikou. She’s an overly energetic and sociable person.,508,0,508,0,,https://t.vndb.org/ch/86/21586.jpg,https://t.vndb.org/ch/86/21586.jpg,,#db666f #952b49 #efaba4 #efd8d1 #f4eeee #feffff,Pink Twin Tails Waist Length+ Teen Slim Pale School Uniform Hard Worker Cooking Doggy Style,,,https://vndb.org/c17041,
al167216,anilist,8,24,,,슈리 폰 노이반슈타인,Shuri von Neuschwanstein,Shuli / 슈리 폰 이그회퍼 / Shuri von Ighöfer,女,,16-19,漫画,漫画,어떤 계모님의 메르헨,,2019,漫画,,"**** 159cm (5'2"") - 164cm (5'4"") The Marchioness of the Neuschwanstein family. Originally from a minor noble house with nothing to its name, and a toxic family, Shuri's hand in marriage was bought by the Marquess of the highly affluential N…",499,499,0,0,,https://s4.anilist.co/file/anilistcdn/character/large/b167216-aOFKIBbRqvvm.png,https://s4.anilist.co/file/anilistcdn/character/medium/b167216-aOFKIBbRqvvm.png,,,,https://anilist.co/character/167216,,,
al20181,anilist,8,24,,,木下秀吉,Hideyoshi Kinoshita,,男,,16,动画,动画,バカとテストと召喚獣,,2010,动画,"[{""t"":""バカとテストと召喚獣"",""cn"":"""",""ty"":""动画"",""y"":2010,""pop"":118746},{""t"":""バカとテストと召喚獣 にっ！"",""cn"":"""",""ty"":""动画"",""y"":2011,""pop"":65391},{""t"":""バカとテストと召喚獣 ～祭～"",""cn"":"""",""ty"":""动画"",""y"":2011,""pop"":28156},{""t"":""未公開映像 (制作: ムッツリ商会)"",""cn"":"""",""ty"":""动画"",""y"":2010,""pop"":10405},{""t"":""バカとテストと召喚獣 問題 クリスマスについて答えなさい"",""cn"":"""",""ty"":""动画"",""y"":2009,""pop"":8669},{""t"":""バカとテストと召喚獣SPINOUT! それが僕らの日常。遠征中"",""cn"":"""",""ty"":""动画"",""y"":2011,""pop"":8084}]",Hideyoshi Kinoshita is a class 2-F student in Fumizuki Academy. A classmate of [Akihisa](//anilist.co/character/27362/Yoshii-Akihisa) since 1st grade.,442,442,0,0,,https://s4.anilist.co/file/anilistcdn/character/large/b20181-fevqFB7qOiK9.jpg,https://s4.anilist.co/file/anilistcdn/character/medium/b20181-fevqFB7qOiK9.jpg,,,,https://anilist.co/character/20181,,,
al195308,anilist,8,24,,,リドル・ローズハート,Riddle Rosehearts,Roi des Roses / Goldfish,男,,17,动画|漫画|轻小说,动画,ディズニー ツイステッドワンダーランド ザ アニメーション シーズン1「エピソード オブ ハーツラビュル」,,2025,动画,"[{""t"":""ディズニー ツイステッドワンダーランド ザ アニメーション シーズン1「エピソード オブ ハーツラビュル」"",""cn"":"""",""ty"":""动画"",""y"":2025,""pop"":23543},{""t"":""DISNEY TWISTED-WONDERLAND THE COMIC～EPISODE of HEARTSLABYUL～"",""cn"":"""",""ty"":""漫画"",""y"":2021,""pop"":2429},{""t"":""ディズニー ツイステッドワンダーランドアンソロジーコミック"",""cn"":"""",""ty"":""漫画"",""y"":2020,""pop"":1466},{""t"":""DISNEY TWISTED-WONDERLAND THE COMIC～EPISODE of SAVANACLAW～"",""cn"":"""",""ty"":""漫画"",""y"":2022,""pop"":1002},{""t"":""ディズニーツイステッドワンダーランド ザコミックエピソードオブスカラビア"",""cn"":"""",""ty"":""漫画"",""y"":2024,""pop"":367},{""t"":""ディズニー ツイステッドワンダーランド THE NOVEL"",""cn"":"""",""ty"":""轻小说"",""y"":2022,""pop"":271}]",160cm 2nd Year Housewarden of Heartslabyul He has a strict personality and prioritizes rules and regulations above all else.,334,334,0,0,,https://s4.anilist.co/file/anilistcdn/character/large/b195308-RKExprQVbXhK.png,https://s4.anilist.co/file/anilistcdn/character/medium/b195308-RKExprQVbXhK.png,,,,https://anilist.co/character/195308,,,
al16735,anilist,8,24,,,アグニ,Agni,Arshad Satyendra Iyer / Curry no Kami,男,,31,动画|漫画,动画,黒執事,黑执事,2008,动画,"[{""t"":""黒執事"",""cn"":""黑执事"",""ty"":""动画"",""y"":2008,""pop"":260903},{""t"":""黒執事II"",""cn"":"""",""ty"":""动画"",""y"":2010,""pop"":103011},{""t"":""黒執事 Book of Circus"",""cn"":""黑执事 马戏团篇"",""ty"":""动画"",""y"":2014,""pop"":81411},{""t"":""黒執事 Book of Murder"",""cn"":""黑执事 幽鬼城杀人事件篇"",""ty"":""动画"",""y"":2014,""pop"":47831},{""t"":""黒執事"",""cn"":""黑执事"",""ty"":""漫画"",""y"":2006,""pop"":38715},{""t"":""黒執事 寄宿学校編"",""cn"":"""",""ty"":""动画"",""y"":2024,""pop"":32687}]","Soma's highly-dedicated butler, Agni comes with his master to England in search of Meena. Agni is a master at Indian cooking, and has even shown some skill in landscaping (turning the bushes in the Phantomhive Manor's garden into topiary el…",300,300,0,0,,https://s4.anilist.co/file/anilistcdn/character/large/b16735-chd0v1o0IBky.jpg,https://s4.anilist.co/file/anilistcdn/character/medium/b16735-chd0v1o0IBky.jpg,,,,https://anilist.co/character/16735,,,
vndb-c87155,vndb,8,24,,,花山院 要,Kasanoin Kaname,,男,O,,Galgame,Galgame,俺の姿が、透明に!? 不可視の薬と数奇な運命,,2020,Galgame,,Haruki's best (male) friend. He is from a wealthy family and seems to admire Haruki deeply.,299,0,299,0,,https://t.vndb.org/ch/94/105594.jpg,https://t.vndb.org/ch/94/105594.jpg,,#555776 #8995b9 #faf0d9 #c3bdbd #eaeaed #ffffff,Black Ahoge Short Violet Jacket Reserved Classmate Wealthy High School Student Intake,,,https://vndb.org/c87155,
vndb-c78356,vndb,8,24,,,九段 朔夜,Kudan Sakuya,,女,,,Galgame,Galgame,クダンノフォークロア,,2019,Galgame,,"A second-year student of Physical Education at Kudan Women's Academy. Sakuya is a scholarship student and star of the kendo club. Add to that stunning looks and a charming disposition, and you have yourself the most popular girl in school.",254,0,254,0,,https://t.vndb.org/ch/31/113531.jpg,https://t.vndb.org/ch/31/113531.jpg,,#504d5f #cdaeb0 #8c8290 #e8d6d8 #e3e8f2 #ffffff,Black Ponytail Waist Length+ Wavy Short Brown Teen Slim Pale School Uniform,,,https://vndb.org/c78356,
vndb-c12198,vndb,8,24,,,田中 夢子,Tanaka Yumeko,Janet / ジャネット,女,A,,Galgame,Galgame,Magical Charming!,,2013,Galgame,"[{""t"":""Magical Charming!"",""cn"":"""",""ty"":""Galgame"",""y"":2013,""pop"":212},{""t"":""学☆王 -THE ROYAL SEVEN STARS-"",""cn"":"""",""ty"":""Galgame"",""y"":2012,""pop"":110}]","Secret♥ Three Secret♥ Favorite Sake, beer. Disliked Coctails (sweet alcohol). The subject she Foreign languages.",212,0,212,0,,https://t.vndb.org/ch/76/14376.jpg,https://t.vndb.org/ch/76/14376.jpg,,#bd8a83 #ecc6ad #5c515e #f8eadb #fbf5ee #ffffff,Blond Slim Pale Magician Young-adult Hat Jacket Evening Gloves Skirt Drinking,,,https://vndb.org/c12198,
vndb-c47095,vndb,8,24,,,,Jougasaki Amu,,女,,,Galgame,Galgame,The Language of Love,,2019,Galgame,"[{""t"":""The Language of Love"",""cn"":"""",""ty"":""Galgame"",""y"":2019,""pop"":188},{""t"":""The Way We All Go"",""cn"":"""",""ty"":""Galgame"",""y"":2014,""pop"":177},{""t"":""All the Words She Wrote"",""cn"":"""",""ty"":""Galgame"",""y"":2022,""pop"":53}]","A loud and boistrous girl who gives everything her all. She smiles all the time, so everybody assumes she's perpetually cheerful - but she is far more critical of herself than people realize.",188,0,188,0,,https://t.vndb.org/ch/66/56566.jpg,https://t.vndb.org/ch/66/56566.jpg,,#4147cc #6c70f1 #0669d7 #e79cc2 #4a131d #97a3f3,Pink Long Pale Sweater Green Dress Skirt Friendly Childhood Friend Waitstaff,,,https://vndb.org/c47095,
al72457,anilist,8,24,,,溝内大樹,Daiki Mizouchi,Taiki,男,,,动画|漫画,动画,ホリミヤ,堀与宫村,2021,动画,"[{""t"":""ホリミヤ"",""cn"":""堀与宫村"",""ty"":""动画"",""y"":2021,""pop"":541084},{""t"":""ホリミヤ -piece-"",""cn"":""堀与宫村 -piece-"",""ty"":""动画"",""y"":2023,""pop"":164326},{""t"":""ホリミヤ"",""cn"":""堀与宫村"",""ty"":""漫画"",""y"":2011,""pop"":122820},{""t"":""堀さんと宮村くん"",""cn"":""堀桑与宫村君"",""ty"":""漫画"",""y"":2008,""pop"":5154}]","176 cm He is one of Hori and Miyamura's classmates. He attends the same school and is enrolled in the same class, 3-1.",15,15,0,0,,https://s4.anilist.co/file/anilistcdn/character/large/b72457-urLH3qxflfRj.png,https://s4.anilist.co/file/anilistcdn/character/medium/b72457-urLH3qxflfRj.png,,,,https://anilist.co/character/72457,,,
vndb-c197,vndb,8,25,,右代宫朱志香,右代宮 朱志香,Ushiromiya Jessica,Ushiromiya Jeshika,女,O,,Galgame,Galgame,うみねこのなく頃に,海猫鸣泣之时,2007,Galgame,"[{""t"":""うみねこのなく頃に"",""cn"":""海猫鸣泣之时"",""ty"":""Galgame"",""y"":2007,""pop"":13833},{""t"":""うみねこのなく頃に散"",""cn"":""海猫鸣泣之时散"",""ty"":""Galgame"",""y"":2009,""pop"":10973},{""t"":""うみねこのなく頃に散"",""cn"":""海猫鸣泣之时散"",""ty"":""Galgame"",""y"":2009,""pop"":10973},{""t"":""うみねこのなく頃に羽"",""cn"":"""",""ty"":""Galgame"",""y"":2011,""pop"":734},{""t"":""うみねこのなく頃に翼"",""cn"":"""",""ty"":""Galgame"",""y"":2010,""pop"":678}]",藏臼和夏妃的女儿。 按顺序来说，最终会成为右代宫家的继承者（严谨的来说是她的丈夫）。 但是她本人对此并没什么兴趣。 生下来的时候就支气管很衰弱，曾发生过突发性的哮喘发病。,13833,0,13833,43,,https://t.vndb.org/ch/12/32112.jpg,https://t.vndb.org/ch/12/32112.jpg,https://lain.bgm.tv/r/400/pic/crt/l/81/2c/927_crt_BujUj.jpg?r=1677396318,#ac6e54 #51303b #ccab91 #e7d9cc #ffffff,Blond Ponytail Wavy Shoulder-length Slim Pale Fighting Blue Young-adult Jacket,,https://bgm.tv/character/927,https://vndb.org/c197,927
vndb-c7921,vndb,8,25,,夏目蓝,夏目 藍,Natsume Ai,,女,,,Galgame,Galgame,サクラノ詩－櫻の森の上を舞う－,,2015,Galgame,"[{""t"":""サクラノ詩－櫻の森の上を舞う－"",""cn"":"""",""ty"":""Galgame"",""y"":2015,""pop"":2546},{""t"":""サクラノ刻－櫻の森の下を歩む－"",""cn"":"""",""ty"":""Galgame"",""y"":2023,""pop"":1087}]",夏目家の現在の長女。 主人公らが通う学園の現国教師で、美術部顧問。 彼女が両親不在である夏目家を守ることに固執して見える理由は、物語が進むにつれて明らかになっていく。 原画：籠目,2546,0,2546,821,,https://t.vndb.org/ch/33/65633.jpg,https://t.vndb.org/ch/33/65633.jpg,https://lain.bgm.tv/r/400/pic/crt/l/14/57/23611_crt_54K2k.jpg?r=1678108626,#918784 #4a4647 #bebab5 #e0dedb #f5f5f2 #ffffff,Black Waist Length+ Straight Teen Slim Pale Cooking Blowjob Virgin Sex Green,,https://bgm.tv/character/23611,https://vndb.org/c7921,23611
vndb-c13735,vndb,8,25,,,保健の先生,Hoken no Sensei,School Nurse,女,AB,,Galgame,Galgame,彼岸花の咲く夜に 第一夜,,2011,Galgame,"[{""t"":""彼岸花の咲く夜に 第一夜"",""cn"":"""",""ty"":""Galgame"",""y"":2011,""pop"":1682},{""t"":""彼岸花の咲く夜に 第二夜"",""cn"":"""",""ty"":""Galgame"",""y"":2011,""pop"":1235}]","Her tacky attire can almost be counted as one of the Seven Mysteries. Her favourite saying is ""there are no encounters and there are no good men."" She even grumbles this to the students.",1682,0,1682,0,,https://t.vndb.org/ch/80/18480.jpg,https://t.vndb.org/ch/80/18480.jpg,,#70487a #4c3833 #281b1c #e4d8c7 #100b0b #000000,Blond Long Straight Brown Pale Young-adult Glasses Miniskirt Boots Friendly,,,https://vndb.org/c13735,
vndb-c4310,vndb,8,25,,,ローズ 灰原,Rose Haibara,Madam Rose / 灰原 美咲 / Haibara Misaki,女,A,,Galgame,Galgame,ローズガンズデイズ,,2012,Galgame,,"She's the real founding Madame of Primavera, Rose. However, at some point in 47, she was forced into the role of peacemaker for the Women of the Night. She's kind and fair to everyone.",1103,0,1103,0,,https://t.vndb.org/ch/46/6446.jpg,https://t.vndb.org/ch/46/6446.jpg,,#93606f #ca979c #d8b0b9 #f4e5d0 #efe8e7 #ffffff,Brown Long Fighting Green Dress Handgun Wife Grandmother Mafia Altruistic,,,https://vndb.org/c4310,
vndb-c5459,vndb,8,25,,,仙崎 美來,Senzaki Mirai,,女,AB,,Galgame,Galgame,創刻のアテリアル,,2012,Galgame,,"Shuuya's younger sister. She has a strong bond with her older brother because he took the place of their parents because of their lack of presence. Unlike her brother, openly demonstrates her heavy brother-complex.",889,0,889,0,,https://t.vndb.org/ch/21/102721.jpg,https://t.vndb.org/ch/21/102721.jpg,,#3d3941 #766c7a #b9acad #e5dddd #f8f4f1 #ffffff,Black Ponytail Long Teen Slim Pale School Uniform Fighting Missionary Cowgirl,,,https://vndb.org/c5459,
al174872,anilist,8,25,,,ライデン・シュガ,Raiden Shuga,Wehrwolf,男,,15-18,动画|漫画|轻小说,动画,86－エイティシックス－,,2021,动画,"[{""t"":""86－エイティシックス－"",""cn"":"""",""ty"":""动画"",""y"":2021,""pop"":323703},{""t"":""86－エイティシックス－ 第2クール"",""cn"":"""",""ty"":""动画"",""y"":2021,""pop"":196703},{""t"":""86―エイティシックス―"",""cn"":""86―不存在的战区―"",""ty"":""轻小说"",""y"":2017,""pop"":21990},{""t"":""８６―エイティシックス― オペレーション・ハイスクール"",""cn"":"""",""ty"":""漫画"",""y"":2020,""pop"":2149},{""t"":""86―エイティシックス― 魔法少女レジーナ☆レーナ ～戦え! 銀河航行戦艦サンマグノリア～"",""cn"":"""",""ty"":""漫画"",""y"":2023,""pop"":520},{""t"":""８６―エイティシックス― 公式デフォルメマンガ"",""cn"":"""",""ty"":""漫画"",""y"":2021,""pop"":185}]","185 cm Raiden Shuga is the vice captain of Spearhead Squadron. As a First Lieutenant, he holds the position of operations commander of the Eighty-Sixth Strike Package and its 1st Armored Division should [Shin](//anilist.co/character/141060/…",867,867,0,0,,https://s4.anilist.co/file/anilistcdn/character/large/b174872-HrQxhw9BbfyI.jpg,https://s4.anilist.co/file/anilistcdn/character/medium/b174872-HrQxhw9BbfyI.jpg,,,,https://anilist.co/character/174872,,,
vndb-c91573,vndb,8,25,,,真霧 影虎,Makiri Kagetora,,男,,,Galgame,Galgame,さくらの雲＊スカアレットの恋,,2020,Galgame,,,552,0,552,0,,https://t.vndb.org/ch/75/110375.jpg,https://t.vndb.org/ch/75/110375.jpg,,#5e667d #9196a7 #f3e8db #d2c6c6 #f5f5f4 #ffffff,Violet Long Pale Violet Adult Kimono Smoking Mentor Smoking Pipe Painting,,,https://vndb.org/c91573,
al128147,anilist,8,25,,,今井リサ,Lisa Imai,Lisachi / Lisa-nee,女,,,动画,动画,BanG Dream!（バンドリ！）,,2017,动画,"[{""t"":""BanG Dream!（バンドリ！）"",""cn"":"""",""ty"":""动画"",""y"":2017,""pop"":40167},{""t"":""BanG Dream! 2nd Season"",""cn"":"""",""ty"":""动画"",""y"":2019,""pop"":20664},{""t"":""BanG Dream! 3rd Season"",""cn"":"""",""ty"":""动画"",""y"":2020,""pop"":16631},{""t"":""BanG Dream! ガルパ☆ピコ"",""cn"":"""",""ty"":""动画"",""y"":2018,""pop"":10333},{""t"":""BanG Dream! 遊んじゃった！"",""cn"":"""",""ty"":""动画"",""y"":2017,""pop"":7084},{""t"":""BanG Dream! ぽっぴん'どりーむ!"",""cn"":"""",""ty"":""动画"",""y"":2022,""pop"":6863}]","158 cm (5'2"") ESP BTL Roselia Lisa Bass A student at Haneoka Girls' High School and Roselia's bassist. She follows gyaru fashion, but keeps her interest in amigurumi secret, since it does not match her image.",509,509,0,0,,https://s4.anilist.co/file/anilistcdn/character/large/b128147-J7ZMX3qPOA0K.png,https://s4.anilist.co/file/anilistcdn/character/medium/b128147-J7ZMX3qPOA0K.png,,,,https://anilist.co/character/128147,,,
vndb-c4606,vndb,8,25,,,斯波 純一,Shiba Jun'ichi,,男,O,,Galgame,Galgame,蝶の毒 華の鎖,,2011,Galgame,"[{""t"":""蝶の毒 華の鎖"",""cn"":"""",""ty"":""Galgame"",""y"":2011,""pop"":467},{""t"":""蝶の毒 華の鎖 ～幻想夜話～"",""cn"":"""",""ty"":""Galgame"",""y"":2012,""pop"":105},{""t"":""シバ+"",""cn"":"""",""ty"":""Galgame"",""y"":2012,""pop"":2},{""t"":""シバ+ クリスマス"",""cn"":"""",""ty"":""Galgame"",""y"":2012,""pop"":1}]",,467,0,467,0,,https://t.vndb.org/ch/13/85913.jpg,https://t.vndb.org/ch/13/85913.jpg,,#94868b #c5b4b4 #e7dad3 #585556 #f8f4ed #ffffff,Short Pale Hard Worker Orphan Cunnilingus Red Young-adult Suit Hat Vest,,,https://vndb.org/c4606,
vndb-c85642,vndb,8,25,,,神無月 愛彩梨,Kannazuki Airi,Kamina Airi / 神無 愛莉,女,,,Galgame,Galgame,神様のような君へ,,2020,Galgame,,,317,0,317,0,,https://t.vndb.org/ch/84/105584.jpg,https://t.vndb.org/ch/84/105584.jpg,,#aa7781 #d3afb0 #e2d9d2 #f2edea #f9f9f9,Pink Twin Tails Shoulder-length Straight Teen Slim Pale Virgin Sex Blue Apron,,,https://vndb.org/c85642,
vndb-c74818,vndb,8,25,,,蘇芳 夏,Suou Natsukage,,男,B,,Galgame,Galgame,1bitHeart,,2015,Galgame,,"A boy who plays Sky-Sea-Run. Used to change clothes but he practices daily, and it's a pain to do, so he stopped doing so. This means he's always sopping wet. His favorite ice cream flavor is choco-banana.",316,0,316,0,,https://t.vndb.org/ch/69/90569.jpg,https://t.vndb.org/ch/69/90569.jpg,,#f38064 #ef654f #4a2957 #5a4c88 #956c90 #b3a2c9,Pink Violet Friend Sports Swimming Multicolored,,,https://vndb.org/c74818,
al87627,anilist,8,25,,,新堂愛,Ai Shindou,,女,,16,动画,动画,境界の彼方,境界的彼方,2013,动画,"[{""t"":""境界の彼方"",""cn"":""境界的彼方"",""ty"":""动画"",""y"":2013,""pop"":279933},{""t"":""劇場版 境界の彼方 I'LL BE HERE 未来篇"",""cn"":"""",""ty"":""动画"",""y"":2015,""pop"":69022},{""t"":""劇場版 境界の彼方 I'LL BE HERE 過去篇"",""cn"":"""",""ty"":""动画"",""y"":2015,""pop"":41102},{""t"":""境界の彼方 ミニ劇場"",""cn"":"""",""ty"":""动画"",""y"":2014,""pop"":14333},{""t"":""きょうかいのかなた アイドル裁判！～迷いながらも君を裁く民～"",""cn"":""境界的彼方 偶像裁判 ～即使迷茫也要制裁之民～"",""ty"":""动画"",""y"":2013,""pop"":9141},{""t"":""劇場版 境界の彼方 -I'LL BE HERE- 過去篇『約束の絆』ダンスMV"",""cn"":"""",""ty"":""动画"",""y"":2015,""pop"":7895}]","146 cm [Ayaka's](//anilist.co/character/87628/Shindou-Ayaka) sister who manages the appraising shop when Ayaka is unavailable. She is a cat-like youmu, with the ability to shape-shift into human form.",260,260,0,0,,https://s4.anilist.co/file/anilistcdn/character/large/b87627-S3ZtpKf7OGWS.png,https://s4.anilist.co/file/anilistcdn/character/medium/b87627-S3ZtpKf7OGWS.png,,,,https://anilist.co/character/87627,,,
vndb-c22667,vndb,8,25,,,松浦宏明,Matsuura Hiroaki,,男,A,,Galgame,Galgame,鬼畜眼鏡,,2007,Galgame,"[{""t"":""鬼畜眼鏡"",""cn"":"""",""ty"":""Galgame"",""y"":2007,""pop"":213},{""t"":""鬼畜眼鏡R 鬼畜眼鏡ファンディス"",""cn"":"""",""ty"":""Galgame"",""y"":2009,""pop"":77}]",,213,0,213,0,,https://t.vndb.org/ch/91/27991.jpg,https://t.vndb.org/ch/91/27991.jpg,,#b6aa96 #7d7975 #d6cebd #3f3e3d #e8e7e2 #f5f6f7,Black Short Pale Grey Young-adult Suit Necktie Shirt Vest Bandages,,,https://vndb.org/c22667,
vndb-c16136,vndb,8,25,,,逢沢 桃夏,Aizawa Momoka,,女,,,Galgame,Galgame,炎の孕ませ乳ドルマイ★スター学園Z,,2014,Galgame,,"Gravure model Swimming Favorite Sweets, the protagonist’s cooking Sports, dieting Special Overwhelming “breast hug” Other General housework Boasting the largest breasts at school, Momoka is an up and coming gravure model.",203,0,203,0,1,https://t.vndb.org/ch/54/21054.jpg,https://t.vndb.org/ch/54/21054.jpg,,#6f2e32 #b283a1 #d9b7c8 #f7e4d8 #e7e2f3 #feffff,Pink Waist Length+ Straight Brown Teen Slim Pale School Uniform Missionary Cowgirl,,,https://vndb.org/c16136,
vndb-c79441,vndb,8,25,,,支倉 涼子,Hasekura Ryouko,,女,A,,Galgame,Galgame,ああっママになるっ！ ～アナタを想って溢れるおっぱい～,,2019,Galgame,,,185,0,185,0,,https://t.vndb.org/ch/27/96227.jpg,https://t.vndb.org/ch/27/96227.jpg,,#383345 #817895 #c0b8c9 #ece2d8 #e7f0f6 #ffffff,Violet Long Straight Slim Pale Missionary Cowgirl Blowjob Virgin Sex Green,,,https://vndb.org/c79441,
al85805,anilist,8,25,,,村松卓也,Takuya Muramatsu,Loofah,男,A,,动画|漫画,动画,暗殺教室,暗杀教室,2015,动画,"[{""t"":""暗殺教室"",""cn"":""暗杀教室"",""ty"":""动画"",""y"":2015,""pop"":628250},{""t"":""暗殺教室 第２期"",""cn"":"""",""ty"":""动画"",""y"":2016,""pop"":369666},{""t"":""暗殺教室"",""cn"":""暗杀教室"",""ty"":""漫画"",""y"":2012,""pop"":54655},{""t"":""殺せんせーQ[クエスト]! (ONA)"",""cn"":"""",""ty"":""动画"",""y"":2016,""pop"":15568},{""t"":""暗殺教室 みんなの時間"",""cn"":"""",""ty"":""动画"",""y"":2026,""pop"":14771}]","Takuya Muramatsu is a student of Kunugigaoka Junior High School. He is assigned to Class 3-E, where he trains to become a professional assassin, with his teacher as the target.",40,40,0,0,,https://s4.anilist.co/file/anilistcdn/character/large/b85805-tFGjVCo8ob3w.jpg,https://s4.anilist.co/file/anilistcdn/character/medium/b85805-tFGjVCo8ob3w.jpg,,,,https://anilist.co/character/85805,,,
al134327,anilist,8,25,,,田沼翼,Tsubasa Tanuma ,Kashiwagi's Boyfriend,男,A,,动画|漫画,动画,かぐや様は告らせたい～天才たちの恋愛頭脳戦～,辉夜大小姐想让我告白 ~天才们的恋爱头脑战~,2019,动画,"[{""t"":""かぐや様は告らせたい～天才たちの恋愛頭脳戦～"",""cn"":""辉夜大小姐想让我告白 ~天才们的恋爱头脑战~"",""ty"":""动画"",""y"":2019,""pop"":558713},{""t"":""かぐや様は告らせたい？～天才たちの恋愛頭脳戦～"",""cn"":""辉夜大小姐想让我告白 ~天才们的恋爱头脑战~"",""ty"":""动画"",""y"":2020,""pop"":434528},{""t"":""かぐや様は告らせたい-ウルトラロマンティック-"",""cn"":""辉夜大小姐想让我告白-超级浪漫-"",""ty"":""动画"",""y"":2022,""pop"":292244},{""t"":""かぐや様は告らせたい -ファーストキッスは終わらない-"",""cn"":"""",""ty"":""动画"",""y"":2023,""pop"":147967},{""t"":""かぐや様は告らせたい～天才たちの恋愛頭脳戦～"",""cn"":""辉夜大小姐想让我告白 ~天才们的恋爱头脑战~"",""ty"":""漫画"",""y"":2015,""pop"":119314},{""t"":""かぐや様は告らせたい～天才たちの恋愛頭脳戦～OVA"",""cn"":""辉夜大小姐想让我告白？～天才们的恋爱头脑战～ OVA"",""ty"":""动画"",""y"":2021,""pop"":91890}]",He is a student in Shuchi'in highschool and always asks [Miyuki Shirogane](//anilist.co/character/121101) for advice about love. [Kashiwagi](//anilist.co/character/134330)'s boyfriend.,40,40,0,0,,https://s4.anilist.co/file/anilistcdn/character/large/b134327-5tqYKvBaqRe2.png,https://s4.anilist.co/file/anilistcdn/character/medium/b134327-5tqYKvBaqRe2.png,,,,https://anilist.co/character/134327,,,
vndb-c154,vndb,8,26,,伊露玛·塔斯雷夫,イルマ・テスレフ,Irma Thesleff,,女,,,Galgame,Galgame,マブラヴ　オルタネイティヴ,Muv-Luv Alternative,2006,Galgame,"[{""t"":""マブラヴ　オルタネイティヴ"",""cn"":""Muv-Luv Alternative"",""ty"":""Galgame"",""y"":2006,""pop"":11333},{""t"":""マブラヴ ALTERED FABLE"",""cn"":""Muv-Luv ALTERED FABLE"",""ty"":""Galgame"",""y"":2007,""pop"":874}]",米国軍所属のフィンランド人。 米軍対日派遣部隊の衛士。 階級は少尉。 人当たりが良く家族想い。,11333,0,11333,3,,https://t.vndb.org/ch/86/186.jpg,https://t.vndb.org/ch/86/186.jpg,https://lain.bgm.tv/r/400/pic/crt/l/81/d5/29015_crt_S1ikM.jpg?r=1421162363,#3c454c #576267 #22292e #121519 #050607 #bcc7b7,Blond Wavy Short Pale Fighting Blue Young-adult Muscular Friendly Hypnotism,,https://bgm.tv/character/29015,https://vndb.org/c154,29015
al147005,anilist,8,26,,更科瑠夏,更科瑠夏,Ruka Sarashina,るか / sara_gatangoton,女,,17-,动画|漫画,动画,彼女、お借りします,出租女友,2020,动画,"[{""t"":""彼女、お借りします"",""cn"":""出租女友"",""ty"":""动画"",""y"":2020,""pop"":308742},{""t"":""彼女、お借りします 第2期"",""cn"":""租借女友 第二季"",""ty"":""动画"",""y"":2022,""pop"":137043},{""t"":""彼女、お借りします 第3期"",""cn"":""租借女友 第三季"",""ty"":""动画"",""y"":2023,""pop"":73842},{""t"":""彼女、お借りします"",""cn"":""出租女友"",""ty"":""漫画"",""y"":2017,""pop"":62174},{""t"":""彼女、お借りします 第4期"",""cn"":""租借女友 第四季"",""ty"":""动画"",""y"":2025,""pop"":37715},{""t"":""彼女、お借りします 第5期"",""cn"":"""",""ty"":""动画"",""y"":2026,""pop"":22311}]",从事租借女友工作。知道和也与水原的“租借关系”。通过强迫，成为了和也的（假）女朋友。,3474,3474,0,240,,https://s4.anilist.co/file/anilistcdn/character/large/b147005-5vLFz3lTsssh.png,https://s4.anilist.co/file/anilistcdn/character/medium/b147005-5vLFz3lTsssh.png,https://lain.bgm.tv/r/400/pic/crt/l/e6/36/73837_crt_8mMHz.jpg,,,https://anilist.co/character/147005,https://bgm.tv/character/73837,,73837
al191241,anilist,8,26,,,鹿野千夏,Chinatsu Kano,Chii / Natsu,女,A,16-,动画|漫画|轻小说,动画,アオのハコ,青之箱,2024,动画,"[{""t"":""アオのハコ"",""cn"":""青之箱"",""ty"":""动画"",""y"":2024,""pop"":148490},{""t"":""アオのハコ"",""cn"":""青之箱"",""ty"":""漫画"",""y"":2021,""pop"":55201},{""t"":""アオのハコ Season２"",""cn"":"""",""ty"":""动画"",""y"":2026,""pop"":32835},{""t"":""ウィッチウォッチ"",""cn"":"""",""ty"":""漫画"",""y"":2021,""pop"":17558},{""t"":""アオのハコ"",""cn"":""青之箱"",""ty"":""漫画"",""y"":2020,""pop"":8503},{""t"":""アオのハコ Interlude"",""cn"":"""",""ty"":""轻小说"",""y"":2025,""pop"":574}]",Basketball Eimei Junior and Senior High High School Second-Year / Third-Year A first-year high school student and the rising star of Elmei Junior and Senior High's girls' basketball team.,2287,2287,0,0,,https://s4.anilist.co/file/anilistcdn/character/large/b191241-FaDEXRL1CgJr.png,https://s4.anilist.co/file/anilistcdn/character/medium/b191241-FaDEXRL1CgJr.png,,,,https://anilist.co/character/191241,,,
al124438,anilist,8,26,,,ミモザ・ヴァーミリオン,Mimosa Vermillion,,女,O,15,动画|漫画|轻小说,动画,ブラッククローバー,黑色五叶草,2017,动画,"[{""t"":""ブラッククローバー"",""cn"":""黑色五叶草"",""ty"":""动画"",""y"":2017,""pop"":583263},{""t"":""ブラッククローバー"",""cn"":""黑色五叶草"",""ty"":""漫画"",""y"":2015,""pop"":107258},{""t"":""ブラッククローバー 魔法帝の剣"",""cn"":"""",""ty"":""动画"",""y"":2023,""pop"":99687},{""t"":""プチット・クローバー アドバンス"",""cn"":"""",""ty"":""动画"",""y"":2018,""pop"":3303},{""t"":""ブラッククローバー ユノの書"",""cn"":"""",""ty"":""轻小说"",""y"":2019,""pop"":448}]",158 cm Mimosa is a noblewoman of Clover Kingdom's House Vermillion and a member of the Golden Dawn squad of the Magic Knights.,1580,1580,0,0,,https://s4.anilist.co/file/anilistcdn/character/large/b124438-nTvKfJaMD4d5.jpg,https://s4.anilist.co/file/anilistcdn/character/medium/b124438-nTvKfJaMD4d5.jpg,,,,https://anilist.co/character/124438,,,
vndb-c20323,vndb,8,26,,,ヴィクター・フランケンシュタイン,Victor Frankenstein,Fran,男,AB,,Galgame,Galgame,Code:Realize ～創世の姫君～,,2014,Galgame,"[{""t"":""Code:Realize ～創世の姫君～"",""cn"":"""",""ty"":""Galgame"",""y"":2014,""pop"":1243},{""t"":""Code:Realize ~祝福の未来~"",""cn"":"""",""ty"":""Galgame"",""y"":2016,""pop"":446},{""t"":""Code:Realize ～白銀の奇跡～"",""cn"":"""",""ty"":""Galgame"",""y"":2017,""pop"":272}]","""Despite being almost petrified by fear, I managed to escape... I'm the worst person you'll ever meet."" A researcher who once had ties to the British Government.",1243,0,1243,0,,https://t.vndb.org/ch/75/46175.jpg,https://t.vndb.org/ch/75/46175.jpg,,#a68e61 #513f2f #d2c19a #eadfc9 #f5f0e7 #ffffff,Brown Short Slim Sweater Fighting Green Young-adult Glasses Necktie Vest,,,https://vndb.org/c20323,
vndb-c10797,vndb,8,26,,,周防院 奏,Suouin Kana,白菊の君 / Shiragiku no Kimi,女,O,,Galgame,Galgame,処女はお姉さまに恋してる,,2005,Galgame,,"Kana is another one of the girls who lives in the same dormitory building as Mizuho, who becomes her onee-sama (お姉さま, meaning ""Older sister""). Kana is more than happy to serve Mizuho any way she can, since she admires him immensely.",923,0,923,0,,https://t.vndb.org/ch/62/12162.jpg,https://t.vndb.org/ch/62/12162.jpg,,#553a4b #ae8784 #dbc2b9 #efe2e0 #f9f8f7,Blond Ponytail Short Brown Slim Pale School Uniform Orphan Virgin Sex Amber,,,https://vndb.org/c10797,
vndb-c89758,vndb,8,26,,,築川 宇佐美,Tsukikawa Usami,エンジェルリムーバー / Angel Remover,女,AB,,Galgame,Galgame,終ノ空,,1999,Galgame,,"A student from another school who contacts Zakuro, saying they are among the chosen few who can prevent the end of the world.",882,0,882,0,,https://t.vndb.org/ch/52/200552.jpg,https://t.vndb.org/ch/52/200552.jpg,,#799c81 #533952 #e8dbce #b8bcba #efeff1 #ffffff,Twin Tails Long Green Teen Slim Pale Red Suicide Comrade Mahou Shoujo,,,https://vndb.org/c89758,
vndb-c24347,vndb,8,26,,,姫萩 咲実,Himehagi Sakumi,,女,A,,Galgame,Galgame,キラークイーン,,2006,Galgame,,A person who is forced to participate in the game. She is the first person Souichi meets. Sakumi is an emotional girl and she is prone to panic attacks.,815,0,815,0,,https://t.vndb.org/ch/47/76347.jpg,https://t.vndb.org/ch/47/76347.jpg,,#434255 #b2b7d9 #998886 #e8d8b7 #f0f0f0 #ffffff,Black Ahoge Waist Length+ Straight Teen Slim Pale School Uniform Student Cooking,,,https://vndb.org/c24347,
al74285,anilist,8,26,,,ギルサンダー,Gilthunder,Gil / Diamond Knight,男,A,21-,动画|漫画,动画,七つの大罪,七大罪,2014,动画,"[{""t"":""七つの大罪"",""cn"":""七大罪"",""ty"":""动画"",""y"":2014,""pop"":529134},{""t"":""七つの大罪 戒めの復活"",""cn"":""七大罪 戒律的复活"",""ty"":""动画"",""y"":2018,""pop"":286406},{""t"":""七つの大罪 神々の逆鱗"",""cn"":""七大罪 诸神的逆鳞"",""ty"":""动画"",""y"":2019,""pop"":202771},{""t"":""七つの大罪 聖戦の予兆"",""cn"":""七大罪 圣战的预兆"",""ty"":""动画"",""y"":2016,""pop"":171917},{""t"":""七つの大罪 憤怒の審判"",""cn"":""七大罪 愤怒的审判"",""ty"":""动画"",""y"":2021,""pop"":139330},{""t"":""七つの大罪"",""cn"":""七大罪"",""ty"":""漫画"",""y"":2012,""pop"":55078}]","185 cm (6'1"") One of the holy knights of the Britannia kingdom. He is a Diamond-ranked Holy Knight.",677,677,0,0,,https://s4.anilist.co/file/anilistcdn/character/large/b74285-qGwNsXKYRPcC.png,https://s4.anilist.co/file/anilistcdn/character/medium/b74285-qGwNsXKYRPcC.png,,,,https://anilist.co/character/74285,,,
al7581,anilist,8,26,,,清水恵,Megumi Shimizu,,女,,15,动画|漫画,动画,屍鬼,,2010,动画,"[{""t"":""屍鬼"",""cn"":"""",""ty"":""动画"",""y"":2010,""pop"":130789},{""t"":""屍鬼"",""cn"":"""",""ty"":""漫画"",""y"":2007,""pop"":6780}]","A girl attending the same school as [Natsuno](//anilist.co/character/7582/Yuuki-Natsuno), Megumi hates living in the village and longs for city life. She has a one-sided crush on Natsuno and often daydreams of a relationship with him.",257,257,0,0,,https://s4.anilist.co/file/anilistcdn/character/large/b7581-nekt7w5vgYGK.png,https://s4.anilist.co/file/anilistcdn/character/medium/b7581-nekt7w5vgYGK.png,,,,https://anilist.co/character/7581,,,
vndb-c56453,vndb,8,26,,,神楽坂 杏子,Kagurazaka Anzu,ママ / Mama,女,B,,Galgame,Galgame,EXTRAVAGANZA ～蟲愛でる少女～,,2006,Galgame,,,252,0,252,0,,https://t.vndb.org/ch/08/67308.jpg,https://t.vndb.org/ch/08/67308.jpg,,#a78585 #d2b5ae #413c3d #e6deda #f8f6ea #ffffff,Ponytail Long Slim Pale Hazel Young-adult Suit Headband Gang Rape Mother,,,https://vndb.org/c56453,
al212387,anilist,8,26,,,凝光,Ningguang,Eclipsing Star / Gyoukou,女,,,漫画,漫画,原神 電撃コミックアンソロジー,,2021,漫画,,: Liyue : Opus Aequilibrium A professional businesswoman who has accumulated her wealth through hard work and perseverance while maintaining law and order in Liyue as the Tianquan.,241,241,0,0,,https://s4.anilist.co/file/anilistcdn/character/large/b212387-MSebAGZKxHEx.jpg,https://s4.anilist.co/file/anilistcdn/character/medium/b212387-MSebAGZKxHEx.jpg,,,,https://anilist.co/character/212387,,,
vndb-c22633,vndb,8,27,,幸村俊夫,幸村 俊夫,Koumura Toshio,Grandpop,男,O,,Galgame,Galgame,CLANNAD,,2004,Galgame,"[{""t"":""CLANNAD"",""cn"":"""",""ty"":""Galgame"",""y"":2004,""pop"":11405},{""t"":""CLANNAD -クラナド- 光見守る坂道で"",""cn"":"""",""ty"":""Galgame"",""y"":2008,""pop"":698}]",古文老师，在来到光阪高等学校任教之前，曾是个擅于驯服不良学生的热血教师，现在则是个非常和蔼的老教师，差不多快退休了。退休前最挂心的是朋也和春原，也因为有幸村老师在，两人才能结识并免于退学，得以完成高中三年的学业毕业。伊吹公子也是他的学生之一。,11405,0,11405,19,,https://t.vndb.org/ch/43/27943.jpg,https://t.vndb.org/ch/43/27943.jpg,https://lain.bgm.tv/r/400/pic/crt/l/c5/4e/1023_crt_2XD82.jpg,#606e5b #b7a297 #d7c8bb #f1e2d2 #efedea #ffffff,White Short Straight Moustache Slim Pale Sweater Trousers Old Secretive,,https://bgm.tv/character/1023,https://vndb.org/c22633,1023
vndb-c145,vndb,8,27,,速濑水月,速瀬 水月,Hayase Mitsuki,鳴海 水月 / Narumi Mitsuki,女,A,,Galgame,Galgame,マブラヴ　オルタネイティヴ,Muv-Luv Alternative,2006,Galgame,"[{""t"":""マブラヴ　オルタネイティヴ"",""cn"":""Muv-Luv Alternative"",""ty"":""Galgame"",""y"":2006,""pop"":11333},{""t"":""マブラヴ ALTERED FABLE"",""cn"":""Muv-Luv ALTERED FABLE"",""ty"":""Galgame"",""y"":2007,""pop"":874},{""t"":""君が望む永遠"",""cn"":""你所期望的永远"",""ty"":""Galgame"",""y"":2001,""pop"":680},{""t"":""マブラヴ オルタネイティヴ クロニクルズ 告白"",""cn"":"""",""ty"":""Galgame"",""y"":2011,""pop"":430},{""t"":""ハルコマニアックス"",""cn"":"""",""ty"":""Galgame"",""y"":2010,""pop"":334},{""t"":""マブラヴ オルタネイティヴ クロニクルズ 再誕"",""cn"":"""",""ty"":""Galgame"",""y"":2012,""pop"":300}]","メインヒロインの一人。遙の親友で孝之・平慎二のクラスメイト。さっぱりした性格。「…3, 2, 1, はい」「ぶっとばすわよ」などとよく言う。 水泳部に所属し、実業団から声がかかるほどの実力の持ち主。遙のために孝之に近づいたが自分も孝之を好きになってしまい、その想いを隠しながら遙を孝之に紹介する。そして、誕生日に孝之に指輪を買ってもらって気持ちに区切りをつけようとしたが、その日に遙が交通事故に巻き込まれてしまう。 第二章の開始時点では就職してOLとなっている。",11333,0,11333,157,,https://t.vndb.org/ch/77/177.jpg,https://t.vndb.org/ch/77/177.jpg,https://lain.bgm.tv/r/400/pic/crt/l/78/58/19282_crt_Aovzk.jpg,#bcb6ab #a7a09a #3c3b41 #716f77 #f2efe6 #d3d0cf,Blue Ahoge Ponytail Long Straight Slim Pale Trousers Hard Worker Fighting,,https://bgm.tv/character/19282,https://vndb.org/c145,19282
vndb-c9801,vndb,8,27,,板垣龙兵,板垣 竜兵,Itagaki Ryuuhei,リュウ / Ryuu,男,,,Galgame,Galgame,真剣で私に恋しなさい！,认真和我恋爱！！,2009,Galgame,"[{""t"":""真剣で私に恋しなさい！"",""cn"":""认真和我恋爱！！"",""ty"":""Galgame"",""y"":2009,""pop"":9401},{""t"":""真剣で私に恋しなさい！S"",""cn"":""认真和我恋爱！S"",""ty"":""Galgame"",""y"":2012,""pop"":5025},{""t"":""真剣で私に恋しなさい！A-1"",""cn"":"""",""ty"":""Galgame"",""y"":2013,""pop"":2470},{""t"":""真剣で私に恋しなさい！A-2"",""cn"":"""",""ty"":""Galgame"",""y"":2013,""pop"":2188},{""t"":""真剣で私に恋しなさい！A-3"",""cn"":"""",""ty"":""Galgame"",""y"":2014,""pop"":1374},{""t"":""真剣で私に恋しなさい！A-4"",""cn"":"""",""ty"":""Galgame"",""y"":2014,""pop"":1023}]",在川神的欢乐街上聚集流氓的强力男人。 只要能跟强者打架就什么都无所谓。拥有像这样没有善恶的价值观存在的野兽般的想法，但是却不会违背姐姐们的意愿。 似乎有什么目的……但这依旧是个謎。,9401,0,9401,1,,https://t.vndb.org/ch/64/85864.jpg,https://t.vndb.org/ch/64/85864.jpg,https://lain.bgm.tv/r/400/pic/crt/l/8c/0c/11762_crt_eCCQh.jpg,#1c1414 #c2aea5 #736664 #eddfd6 #f6efe9 #ffffff,Brown Long Curtained Straight Pale Trousers Dress Shoes Hotblooded Green Young-adult,,https://bgm.tv/character/11762,https://vndb.org/c9801,11762
vndb-c9799,vndb,8,27,,板垣辰子,板垣 辰子,Itagaki Tatsuko,タツ姉 / Tatsu-nee / 辰 / Tatsu,女,,,Galgame,Galgame,真剣で私に恋しなさい！,认真和我恋爱！！,2009,Galgame,"[{""t"":""真剣で私に恋しなさい！"",""cn"":""认真和我恋爱！！"",""ty"":""Galgame"",""y"":2009,""pop"":9401},{""t"":""真剣で私に恋しなさい！S"",""cn"":""认真和我恋爱！S"",""ty"":""Galgame"",""y"":2012,""pop"":5025},{""t"":""真剣で私に恋しなさい！A-1"",""cn"":"""",""ty"":""Galgame"",""y"":2013,""pop"":2470},{""t"":""真剣で私に恋しなさい！A-2"",""cn"":"""",""ty"":""Galgame"",""y"":2013,""pop"":2188},{""t"":""真剣で私に恋しなさい！A-3"",""cn"":"""",""ty"":""Galgame"",""y"":2014,""pop"":1374},{""t"":""みなとカーニバルＦＤ"",""cn"":"""",""ty"":""Galgame"",""y"":2017,""pop"":80}]",经常发呆，经常在河边草地上睡觉的温厚的姐姐。 站着都能睡觉的多谜的人。与竜兵是双胞胎。 在姐妹之中是被戏弄的角色，即使承担了所有的家务也毫无怨言，并认为是理所当然的事情。 很喜欢姐姐与妹妹。,9401,0,9401,28,,https://t.vndb.org/ch/79/85879.jpg,https://t.vndb.org/ch/79/85879.jpg,https://lain.bgm.tv/r/400/pic/crt/l/7b/38/11760_crt_0OZz6.jpg,#71789d #212337 #bcb9ca #ecddda #f7f2ef #ffffff,Blue Ahoge Waist Length+ Straight Slim Pale School Uniform Trousers Dress Shoes Cooking,,https://bgm.tv/character/11760,https://vndb.org/c9799,11760
al31273,anilist,8,27,,,琴石なる,Naru Kotoishi,,女,,6-7,动画|漫画,动画,ばらかもん,,2014,动画,"[{""t"":""ばらかもん"",""cn"":"""",""ty"":""动画"",""y"":2014,""pop"":153214},{""t"":""ばらかもん"",""cn"":"""",""ty"":""漫画"",""y"":2008,""pop"":16284},{""t"":""みじかもん"",""cn"":"""",""ty"":""动画"",""y"":2014,""pop"":8069}]",She is an energetic and cheerful kid who likes to play around. She keeps coming to Seishuu's house and doesn't seem to understand personal space. She also has a lot of friends.,1261,1261,0,0,,https://s4.anilist.co/file/anilistcdn/character/large/b31273-bDTUQtlrjFGs.png,https://s4.anilist.co/file/anilistcdn/character/medium/b31273-bDTUQtlrjFGs.png,,,,https://anilist.co/character/31273,,,
al89207,anilist,8,27,,,宮沢賢治,Kenji Miyazawa,Ken-chan,男,O,14,动画,动画,文豪ストレイドッグス,文豪野犬,2016,动画,"[{""t"":""文豪ストレイドッグス"",""cn"":""文豪野犬"",""ty"":""动画"",""y"":2016,""pop"":420991},{""t"":""文豪ストレイドッグス 第2シーズン"",""cn"":""文豪野犬 第二季"",""ty"":""动画"",""y"":2016,""pop"":238857},{""t"":""文豪ストレイドッグス 第3シーズン"",""cn"":""文豪野犬 第三季"",""ty"":""动画"",""y"":2019,""pop"":198150},{""t"":""文豪ストレイドッグス 第4シーズン"",""cn"":"""",""ty"":""动画"",""y"":2023,""pop"":109686},{""t"":""文豪ストレイドッグス DEAD APPLE"",""cn"":""文豪野犬 DEAD APPLE"",""ty"":""动画"",""y"":2018,""pop"":89174},{""t"":""文豪ストレイドッグス 第5シーズン"",""cn"":"""",""ty"":""动画"",""y"":2023,""pop"":80927}]","158 cm (5'2"") Undefeated by the Rain A member of the Armed Detective Agency. Before he was scouted, he lived in a rural area without electricity.",1027,1027,0,0,,https://s4.anilist.co/file/anilistcdn/character/large/b89207-i7pw9zNQqXpZ.png,https://s4.anilist.co/file/anilistcdn/character/medium/b89207-i7pw9zNQqXpZ.png,,,,https://anilist.co/character/89207,,,
al262907,anilist,8,27,,,暁山瑞希,Mizuki Akiyama,Amia / Amia,,,,动画|漫画|Galgame,动画,プロジェクトセカイ 壊れたセカイと歌えないミク,,2025,动画,"[{""t"":""プロジェクトセカイ 壊れたセカイと歌えないミク"",""cn"":"""",""ty"":""动画"",""y"":2025,""pop"":22263},{""t"":""ぷちセカ"",""cn"":"""",""ty"":""动画"",""y"":2022,""pop"":3877},{""t"":""Journey to Bloom"",""cn"":"""",""ty"":""动画"",""y"":2023,""pop"":2736},{""t"":""群青讃歌 (2022)"",""cn"":"""",""ty"":""动画"",""y"":2022,""pop"":1240},{""t"":""プロジェクトセカイ カラフルステージ！ feat.初音ミク　コミックアンソロジー"",""cn"":"""",""ty"":""漫画"",""y"":2021,""pop"":1073},{""t"":""Journey"",""cn"":"""",""ty"":""动画"",""y"":2022,""pop"":958}]","163 cm (5'4"") Mizuki is the video editor of the online music circle Nightcord at 25:00, going by the alias ""Amia."" Mizuki was captivated by Kanade's music upon listening to it and created a music video for the song.",974,974,212,0,,https://s4.anilist.co/file/anilistcdn/character/large/b262907-4ObjDVLbOgT2.png,https://s4.anilist.co/file/anilistcdn/character/medium/b262907-4ObjDVLbOgT2.png,https://t.vndb.org/ch/76/154076.jpg,,Pink Long Transgender Teen Slim Pale School Uniform Secretive Cardigan Skirt,https://anilist.co/character/262907,,https://vndb.org/c128188,
vndb-c79468,vndb,8,27,,,小伯 紅,Kohaku Kou,お紅さん / Okou-san / Coco,女,A,,Galgame,Galgame,タマユラミライ,,2019,Galgame,,,535,0,535,0,,https://t.vndb.org/ch/86/98486.jpg,https://t.vndb.org/ch/86/98486.jpg,,#de7c8d #754a71 #dac8c7 #f3eae2 #fbf9f3,Red Ponytail Long Straight Teen Slim Pale Blue Knee-high Socks Grandmother,,,https://vndb.org/c79468,
al4110,anilist,8,27,1973,,宮田一郎,Ichirou Miyata,The Prince of Counters / The Lightning God,男,,16-,动画|漫画,动画,はじめの一歩 THE FIGHTING!,,2000,动画,"[{""t"":""はじめの一歩 THE FIGHTING!"",""cn"":"""",""ty"":""动画"",""y"":2000,""pop"":144509},{""t"":""はじめの一歩 New Challenger"",""cn"":""第一神拳 New Challenger"",""ty"":""动画"",""y"":2009,""pop"":61444},{""t"":""はじめの一歩 Rising"",""cn"":""第一神拳 Rising"",""ty"":""动画"",""y"":2013,""pop"":60072},{""t"":""はじめの一歩"",""cn"":""第一神拳"",""ty"":""漫画"",""y"":1989,""pop"":35518},{""t"":""はじめの一歩 -Champion Road-"",""cn"":""第一神拳 冠军之路"",""ty"":""动画"",""y"":2003,""pop"":34147},{""t"":""はじめの一歩 間柴vs木村 死刑執行"",""cn"":""第一神拳 间柴vs木村 死刑执行"",""ty"":""动画"",""y"":2003,""pop"":29740}]","Ever since he was little, Miyata has always wanted to be like his dad. His dad, Suzuki Miyata, used to be a boxer, until a career-ending jaw bone injury forced him to retire.",437,437,0,0,,https://s4.anilist.co/file/anilistcdn/character/large/b4110-DpRhFgHxH3YQ.png,https://s4.anilist.co/file/anilistcdn/character/medium/b4110-DpRhFgHxH3YQ.png,,,,https://anilist.co/character/4110,,,
vndb-c16942,vndb,8,27,,,美汐 瑛莉,Mishio Eiri,,女,B,,Galgame,Galgame,ひこうき雲の向こう側,,2014,Galgame,,,220,0,220,0,,https://t.vndb.org/ch/66/60966.jpg,https://t.vndb.org/ch/66/60966.jpg,,#b73966 #e97b8a #f1c5c3 #f9e5dd #fcf7f0 #ffffff,Red Ponytail Waist Length+ Teen Slim Pale School Uniform Blowjob Virgin Sex Red,,,https://vndb.org/c16942,
vndb-c133920,vndb,8,27,,,降旗 直人,Furuhata Naoto,,男,O,,Galgame,Galgame,12の月のイヴ,,2014,Galgame,,,189,0,189,0,,https://t.vndb.org/ch/73/157473.jpg,https://t.vndb.org/ch/73/157473.jpg,,#755c5e #bca5a4 #d9cfc7 #efece4 #fffefe,Brown Short Straight Teen Slim Pale Sweater Trousers Dress Shoes Cunnilingus,,,https://vndb.org/c133920,
al1124,anilist,8,27,2000,,ニーナ・アインシュタイン,Nina Einstein,,女,A,17-18,动画,动画,コードギアス 反逆のルルーシュ,Code Geass 反叛的鲁路修,2006,动画,"[{""t"":""コードギアス 反逆のルルーシュ"",""cn"":""Code Geass 反叛的鲁路修"",""ty"":""动画"",""y"":2006,""pop"":500273},{""t"":""コードギアス 反逆のルルーシュ R2"",""cn"":""Code Geass 反叛的鲁路修R2"",""ty"":""动画"",""y"":2008,""pop"":362942},{""t"":""コードギアス 復活のルルーシュ"",""cn"":""Code Geass 复活的鲁路修"",""ty"":""动画"",""y"":2019,""pop"":97127},{""t"":""コードギアス 奪還のロゼ"",""cn"":"""",""ty"":""动画"",""y"":2024,""pop"":34781},{""t"":""コードギアス 反逆のルルーシュⅠ 興道"",""cn"":"""",""ty"":""动画"",""y"":2017,""pop"":33081},{""t"":""コードギアス 反逆のルルーシュⅡ 叛道"",""cn"":"""",""ty"":""动画"",""y"":2018,""pop"":26462}]","**** 165 cm (5'5"") Nina Einstein is introduced as a bookish member of the student council at Ashford Academy. Nina demonstrates an acute xenophobic reaction to Elevens and is initially intimidated by Suzaku when he arrives in the school.",55,55,0,0,,https://s4.anilist.co/file/anilistcdn/character/large/b1124-TSD6Z8Vjy7Kn.png,https://s4.anilist.co/file/anilistcdn/character/medium/b1124-TSD6Z8Vjy7Kn.png,,,,https://anilist.co/character/1124,,,
vndb-c45463,vndb,8,28,,玻琳,ポーリーン,Pauline,,女,O,,Galgame,Galgame,ファタモルガーナの館,海市蜃楼之馆,2012,Galgame,"[{""t"":""ファタモルガーナの館"",""cn"":""海市蜃楼之馆"",""ty"":""Galgame"",""y"":2012,""pop"":7595},{""t"":""ファタモルガーナの館 -Another Episodes-"",""cn"":""海市蜃楼之馆 -A Requiem for Innocence-"",""ty"":""Galgame"",""y"":2015,""pop"":2656},{""t"":""紡がれることもなく、脚光も浴びず、ただ滅びゆく物語に"",""cn"":"""",""ty"":""Galgame"",""y"":2013,""pop"":273},{""t"":""キャロットケーキ 人格シャッフル事件"",""cn"":"""",""ty"":""Galgame"",""y"":2015,""pop"":138},{""t"":""ファタモルガーナの館 - 人気投票"",""cn"":"""",""ty"":""Galgame"",""y"":2013,""pop"":39},{""t"":""おやばけ!2"",""cn"":""Oyabake! 2"",""ty"":""Galgame"",""y"":2014,""pop"":34}]","From 1707 The daughter of a trader who, predictably, fell in love with a foreign merchant. She and her beloved are lucky to see each other more than once a year, but the bonds between them are unbreakable.",7595,0,7595,0,,https://t.vndb.org/ch/67/54767.jpg,https://t.vndb.org/ch/67/54767.jpg,https://lain.bgm.tv/r/400/pic/crt/l/65/ca/181108_crt_gG3VS.jpg?r=1754305116,#16181e #5a6469 #d7cbbf #9b9b98 #ffffff,Black Ponytail Waist Length+ Pale Orphan Black Young-adult Cross Necklace Skirt Daughter,,https://bgm.tv/character/181108,https://vndb.org/c45463,181108
al198283,anilist,8,28,,亚托莉,アトリ,Atri,Henchman / Atricchi / Toaster,女,,,动画|漫画|Galgame,动画,ATRI -My Dear Moments-,亚托莉 -我挚爱的时光-,2024,动画,"[{""t"":""ATRI -My Dear Moments-"",""cn"":""亚托莉 -我挚爱的时光-"",""ty"":""动画"",""y"":2024,""pop"":32915},{""t"":""ATRI -My Dear Moments-"",""cn"":""亚托莉 -我挚爱的时光-"",""ty"":""Galgame"",""y"":2020,""pop"":3617},{""t"":""ATRI -My Dear Moments- スペシャルアニメーションPV"",""cn"":"""",""ty"":""动画"",""y"":2020,""pop"":861},{""t"":""ATRI -My Dear Moments-"",""cn"":""亚托莉 -我挚爱的时光-"",""ty"":""漫画"",""y"":2022,""pop"":718},{""t"":""アトリのほん"",""cn"":"""",""ty"":""漫画"",""y"":2024,""pop"":56}]",夏生が海底からサルベージしたロボットの少女。 人間と見分けが付かないほど精巧で表情豊か。 祖母の助手だったようだが、 長い間海底で眠っていたため記憶を一部失っている。 「マスターからもらった最後の命令を果たしたい」 そう夏生に願い、欠落したメモリーを探す。 好奇心旺盛。口癖は「高性能ですから！」。,3617,369,3617,670,,https://s4.anilist.co/file/anilistcdn/character/large/b198283-zPt3Ec85k4d3.png,https://s4.anilist.co/file/anilistcdn/character/medium/b198283-zPt3Ec85k4d3.png,https://t.vndb.org/ch/54/106254.jpg|https://lain.bgm.tv/r/400/pic/crt/l/bf/05/74255_crt_UBbIQ.jpg?r=1590778533,,Blond Ahoge Twin Tails Waist Length+ Straight Slim Pale Cooking Fighting Assault,https://anilist.co/character/198283,https://bgm.tv/character/74255,https://vndb.org/c87815,74255
al88993,anilist,8,28,1996,一濑红莲,一瀬グレン,Guren Ichinose,Baka-Guren,男,O,15-,动画|漫画,动画,終わりのセラフ,终结的炽天使,2015,动画,"[{""t"":""終わりのセラフ"",""cn"":""终结的炽天使"",""ty"":""动画"",""y"":2015,""pop"":328717},{""t"":""終わりのセラフ　名古屋決戦編"",""cn"":""终结的炽天使 名古屋决战篇"",""ty"":""动画"",""y"":2015,""pop"":197864},{""t"":""終わりのセラフ"",""cn"":""终结的炽天使"",""ty"":""漫画"",""y"":2012,""pop"":44335},{""t"":""終わりのセラフ「終わらないセラフ」"",""cn"":"""",""ty"":""动画"",""y"":2015,""pop"":43018},{""t"":""終わりのセラフ 吸血鬼シャハル"",""cn"":"""",""ty"":""动画"",""y"":2016,""pop"":38929},{""t"":""終わりのセラフ 名古屋決戦編 「終わらないセラフ名古屋決戦編」"",""cn"":"""",""ty"":""动画"",""y"":2015,""pop"":19222}]",前传小说的男主 日本帝鬼军吸血鬼歼灭部队“月鬼组”的中佐。保护了逃出的优一郎并向其发出邀请。 带领的五人小队成员有：花依小百合少尉、十条美十大佐、雪见时雨少尉、五士典人大佐。,3449,3449,0,25,,https://s4.anilist.co/file/anilistcdn/character/large/b88993-YNw36YYleasn.png,https://s4.anilist.co/file/anilistcdn/character/medium/b88993-YNw36YYleasn.png,https://lain.bgm.tv/r/400/pic/crt/l/64/61/28625_crt_pLxZl.jpg?r=1420139381,,,https://anilist.co/character/88993,https://bgm.tv/character/28625,,28625
al122191,anilist,8,28,,小柳花子,小柳花子,Hanako Koyanagi,Hana,女,AB,27,动画|漫画,动画,ヲタクに恋は難しい,宅男腐女恋爱真难,2018,动画,"[{""t"":""ヲタクに恋は難しい"",""cn"":""宅男腐女恋爱真难"",""ty"":""动画"",""y"":2018,""pop"":328194},{""t"":""ヲタクに恋は難しい OVA"",""cn"":"""",""ty"":""动画"",""y"":2019,""pop"":72019},{""t"":""ヲタクに恋は難しい"",""cn"":""宅男腐女恋爱真难"",""ty"":""漫画"",""y"":2014,""pop"":64772},{""t"":""ヲタクに恋は難しい コミックアンソロジー"",""cn"":"""",""ty"":""漫画"",""y"":2020,""pop"":1326}]",成海的同事，27岁巨乳OL。职场上是精明能干的女强人，私底下则是喜爱扮成男性角色的Cosplayer。 酒量不好，是只喝一口啤酒就会脸红的程度。 和桦仓是学生时代就交往的欢喜冤家。,3319,3319,0,30,,https://s4.anilist.co/file/anilistcdn/character/large/b122191-sigwgpeam2U1.png,https://s4.anilist.co/file/anilistcdn/character/medium/b122191-sigwgpeam2U1.png,https://lain.bgm.tv/r/400/pic/crt/l/16/8e/53305_crt_Du1k0.jpg,,,https://anilist.co/character/122191,https://bgm.tv/character/53305,,53305
al168866,anilist,8,28,2002,,夜守コウ,Kou Yamori,,男,,14,动画|漫画,动画,よふかしのうた,彻夜之歌,2022,动画,"[{""t"":""よふかしのうた"",""cn"":""彻夜之歌"",""ty"":""动画"",""y"":2022,""pop"":282343},{""t"":""よふかしのうた Season 2"",""cn"":""彻夜之歌 第二季"",""ty"":""动画"",""y"":2025,""pop"":102882},{""t"":""よふかしのうた"",""cn"":""彻夜之歌"",""ty"":""漫画"",""y"":2019,""pop"":65613},{""t"":""よふかしのうた -楽園編-"",""cn"":""彻夜之歌 乐园篇"",""ty"":""漫画"",""y"":2025,""pop"":4437},{""t"":""よふかしのうた ミニ"",""cn"":"""",""ty"":""动画"",""y"":2022,""pop"":3148}]","157 cm (5'1"") A second-year junior high school boy, who slowly finds himself restless because of his boring life. To reinvigorate himself, he slips out at night to walk the streets. He wants to become a vampire.",1769,1769,0,0,,https://s4.anilist.co/file/anilistcdn/character/large/b168866-zf5bb7rmZpxX.png,https://s4.anilist.co/file/anilistcdn/character/medium/b168866-zf5bb7rmZpxX.png,,,,https://anilist.co/character/168866,,,
al30432,anilist,8,28,,,メフィスト・フェレス,Mephisto Pheles,Johann Faust V / Samael,男,,,动画|漫画,动画,青の祓魔師,青之驱魔师,2011,动画,"[{""t"":""青の祓魔師"",""cn"":""青之驱魔师"",""ty"":""动画"",""y"":2011,""pop"":461313},{""t"":""青の祓魔師 京都不浄王篇"",""cn"":""青之驱魔师 京都不净王篇"",""ty"":""动画"",""y"":2017,""pop"":178752},{""t"":""青の祓魔師 島根啓明結社篇"",""cn"":"""",""ty"":""动画"",""y"":2024,""pop"":62482},{""t"":""青の祓魔師 -劇場版-"",""cn"":""青之驱魔师 剧场版"",""ty"":""动画"",""y"":2012,""pop"":54584},{""t"":""青の祓魔師"",""cn"":""青之驱魔师"",""ty"":""漫画"",""y"":2009,""pop"":42733},{""t"":""青の祓魔師 雪ノ果篇"",""cn"":"""",""ty"":""动画"",""y"":2024,""pop"":37590}]","195 cm (6'5"") Pheles is the Chairman of True Cross Academy and also an Exorcist. After Fujimoto's death Pheles was ordered to kill Rin, however he accepted Rin's proposal in becoming an Exorcist and entered him into True Cross Academy.",1146,1146,0,0,,https://s4.anilist.co/file/anilistcdn/character/large/b30432-I4KwsegOrzfq.png,https://s4.anilist.co/file/anilistcdn/character/medium/b30432-I4KwsegOrzfq.png,,,,https://anilist.co/character/30432,,,
vndb-c85397,vndb,8,28,,,ヴァレリー,Valerie,,女,B,,Galgame,Galgame,BUSTAFELLOWS,,2019,Galgame,"[{""t"":""BUSTAFELLOWS"",""cn"":"""",""ty"":""Galgame"",""y"":2019,""pop"":908},{""t"":""BUSTAFELLOWS シーズン2"",""cn"":"""",""ty"":""Galgame"",""y"":2023,""pop"":126}]","""Tell me... Either my teachings were poor or you're just completely stupid. Which one is it?"" Limbo's older sister and the assistant district attorney of New Sieg. A lively person who stirs her surroundings into a tizzy.",908,0,908,0,,https://t.vndb.org/ch/07/103807.jpg,https://t.vndb.org/ch/07/103807.jpg,,#661135 #833657 #4c063e #422737 #b6928c #f4e2d2,Brown Long Curtained Slim Pale Proactive Blue Young-adult Necktie Necklace,,,https://vndb.org/c85397,
al349528,anilist,8,28,,,默杀,Mo Sha,Mokusatsu (黙殺) / Ghostblade,男,,,动画,动画,凸变英雄X,,2025,动画,,"180 cm A cool-headed hero who completes his mission without uttering a single word. He is loved by his many fans for the silence with which he completes his work and for the chiseled, handsome face behind the mask. (Official Site)",570,570,0,0,,https://s4.anilist.co/file/anilistcdn/character/large/b349528-grA5fC1dS0g1.png,https://s4.anilist.co/file/anilistcdn/character/medium/b349528-grA5fC1dS0g1.png,,,,https://anilist.co/character/349528,,,
vndb-c90690,vndb,8,28,,,不知出 遠子,Shiraide Tooko,,女,,,Galgame,Galgame,さくらの雲＊スカアレットの恋,,2020,Galgame,,"Koto, Ikebana Wandering around Ginza Zoo Her lessons A sole daughter of an old-established family, Shiraide. A young lady who lacks of worldly sense.",552,0,552,0,,https://t.vndb.org/ch/10/109310.jpg,https://t.vndb.org/ch/10/109310.jpg,,#4e4f6f #7e7da4 #b8b4d1 #f2dfd4 #f0f2f0 #fffffe,Blue Twin Tails Long Curtained Straight Teen Slim Pale Proactive Missionary,,,https://vndb.org/c90690,
al170335,anilist,8,28,,,東日万凛,Himari Azuma,,女,A,,动画|漫画|轻小说,动画,魔都精兵のスレイブ,,2024,动画,"[{""t"":""魔都精兵のスレイブ"",""cn"":"""",""ty"":""动画"",""y"":2024,""pop"":114516},{""t"":""魔都精兵のスレイブ"",""cn"":"""",""ty"":""漫画"",""y"":2019,""pop"":54850},{""t"":""魔都精兵のスレイブ2"",""cn"":"""",""ty"":""动画"",""y"":2026,""pop"":51922},{""t"":""魔都精兵のスレイブ"",""cn"":"""",""ty"":""动画"",""y"":"""",""pop"":5666},{""t"":""魔都精兵のスレイブ 番外編"",""cn"":"""",""ty"":""漫画"",""y"":2019,""pop"":511},{""t"":""魔都精兵のスレイブ 魔防隊日誌"",""cn"":"""",""ty"":""轻小说"",""y"":2024,""pop"":366}]","Human 159 cm (5'3"") Noble Aspirations, ""Learning"" Anti-Demon Corps (7th Unit Vice-Chief) [Tobera Azuma](//anilist.co/character/266761/Tobera-Azuma) (grandmother), [Fubuki Azuma](//anilist.co/character/192784/Fubuki-Azuma) (mother), [Yachiho…",529,529,0,0,,https://s4.anilist.co/file/anilistcdn/character/large/b170335-THTEXHKfMQwW.png,https://s4.anilist.co/file/anilistcdn/character/medium/b170335-THTEXHKfMQwW.png,,,,https://anilist.co/character/170335,,,
vndb-c8531,vndb,8,28,,,稲垣 美里,Inagaki Misato,,女,,,Galgame,Galgame,黄昏のシンセミア,,2010,Galgame,"[{""t"":""黄昏のシンセミア"",""cn"":"""",""ty"":""Galgame"",""y"":2010,""pop"":463},{""t"":""黄昏の先にのぼる明日 -あっぷりけFanDisc-"",""cn"":"""",""ty"":""Galgame"",""y"":2012,""pop"":58}]",Teacher of Shouko and Sachiko.,463,0,463,0,,https://t.vndb.org/ch/35/15635.jpg,https://t.vndb.org/ch/35/15635.jpg,,#e39398 #825e7c #e1c6c2 #f7efe1 #ffffff,Violet Long Short Slim Pale Cowgirl Blowjob Virgin Sex Amber Young-adult,,,https://vndb.org/c8531,
vndb-c2202,vndb,8,28,,,ギャラハー・モーロック,Gallacher Morlock,,男,O,,Galgame,Galgame,絶対服従命令,,2005,Galgame,,"The servant and bodyguard of Kia and Louise, he's proud of his carefully chosen macho style. He believes that nothing is more important than a promise made between men.",399,0,399,0,,https://t.vndb.org/ch/77/25277.jpg,https://t.vndb.org/ch/77/25277.jpg,,#916863 #d2ae82 #322222 #d7cec1 #ffffff,Bald Moustache Trousers Muscular Dark Necktie Half-naked Servant Bodyguard Belt,,,https://vndb.org/c2202,
vndb-c88428,vndb,8,28,,,,No.19,,女,,,Galgame,Galgame,まいてつ Last Run!!,,2020,Galgame,,,384,0,384,0,,https://t.vndb.org/ch/21/135421.jpg,https://t.vndb.org/ch/21/135421.jpg,,#756d66 #a7a19a #312f2f #cdc6c2 #e5dfda #fefefd,Artificial Intelligence Anthropomorphized Inanimate Object,,,https://vndb.org/c88428,
al72311,anilist,8,28,,,千葉エリカ,Erika Chiba,,女,,,动画,动画,魔法科高校の劣等生,魔法科高中的劣等生,2014,动画,"[{""t"":""魔法科高校の劣等生"",""cn"":""魔法科高中的劣等生"",""ty"":""动画"",""y"":2014,""pop"":259588},{""t"":""魔法科高校の劣等生 来訪者編"",""cn"":"""",""ty"":""动画"",""y"":2020,""pop"":114901},{""t"":""魔法科高校の劣等生 第3シーズン"",""cn"":"""",""ty"":""动画"",""y"":2024,""pop"":56185},{""t"":""劇場版 魔法科高校の劣等生 星を呼ぶ少女"",""cn"":""剧场版 魔法科高校的劣等生 呼唤星辰的少女"",""ty"":""动画"",""y"":2017,""pop"":53198},{""t"":""魔法科高校の優等生"",""cn"":"""",""ty"":""动画"",""y"":2021,""pop"":37459},{""t"":""劇場版 魔法科高校の劣等生 四葉継承編"",""cn"":"""",""ty"":""动画"",""y"":2026,""pop"":17688}]","A First year 2nd course student in E class with [Tatsuya](//anilist.co/character/55743/), [Mikihiko](//anilist.co/character/88201/), [Leo](//anilist.co/character/88195/), and [Mizuki](//anilist.co/character/88197/).",383,383,0,0,,https://s4.anilist.co/file/anilistcdn/character/large/b72311-dfnWHh76AnU9.png,https://s4.anilist.co/file/anilistcdn/character/medium/b72311-dfnWHh76AnU9.png,,,,https://anilist.co/character/72311,,,
vndb-c39805,vndb,8,28,,,,Butterscotch,,女,,,Galgame,Galgame,Syrup and the Ultimate Sweet,,2015,Galgame,"[{""t"":""Syrup and the Ultimate Sweet"",""cn"":"""",""ty"":""Galgame"",""y"":2015,""pop"":273},{""t"":""Syrup 2: Candy Alchemy RPG"",""cn"":"""",""ty"":""Galgame"",""y"":2025,""pop"":3}]",,273,0,273,0,,https://t.vndb.org/ch/99/47999.jpg,https://t.vndb.org/ch/99/47999.jpg,,#df8c38 #3f2743 #908885 #f7ece6 #ffffff,Long Wavy Slim Pale Magician Amber Overweight Coat Dress Secretive,,,https://vndb.org/c39805,
al168968,anilist,8,28,,,ニュー,Nu,Nyuu,女,,15-,动画|漫画|轻小说,动画,陰の実力者になりたくて！,想要成为影之实力者！,2022,动画,"[{""t"":""陰の実力者になりたくて！"",""cn"":""想要成为影之实力者！"",""ty"":""动画"",""y"":2022,""pop"":314005},{""t"":""陰の実力者になりたくて！ 2nd season"",""cn"":""想要成为影之实力者！ 第二季"",""ty"":""动画"",""y"":2023,""pop"":195202},{""t"":""陰の実力者になりたくて！"",""cn"":""想要成为影之实力者！"",""ty"":""漫画"",""y"":2018,""pop"":47389},{""t"":""陰の実力者になりたくて！"",""cn"":""想要成为影之实力者！"",""ty"":""轻小说"",""y"":2018,""pop"":10826},{""t"":""かげじつ！"",""cn"":""影实！"",""ty"":""动画"",""y"":2022,""pop"":8365},{""t"":""陰の実力者になりたくて！ しゃどーがいでん"",""cn"":""想要成为影之实力者—沙雕小剧场"",""ty"":""漫画"",""y"":2019,""pop"":1775}]",Human Nu is the thirteenth member of Shadow Garden and an employee of Mitsugoshi Company.,241,241,0,0,,https://s4.anilist.co/file/anilistcdn/character/large/b168968-aXcvuihuWhqE.png,https://s4.anilist.co/file/anilistcdn/character/medium/b168968-aXcvuihuWhqE.png,,,,https://anilist.co/character/168968,,,
vndb-c4084,vndb,8,29,,鱼住夹三,魚住 夾三,Uozumi Kyouzou,,男,,,Galgame,Galgame,殻ノ少女,壳之少女,2008,Galgame,"[{""t"":""殻ノ少女"",""cn"":""壳之少女"",""ty"":""Galgame"",""y"":2008,""pop"":7899},{""t"":""天ノ少女"",""cn"":""天之少女"",""ty"":""Galgame"",""y"":2020,""pop"":1601}]",現職の刑事で時坂や秋五とは同じ上司の下で働いていた｡大柄かつ強面なため下手な犯罪者よりよほど迫力がある｡ 見た目通りの肉体派｡頭脳労働は苦手と割り切り､自らは足を使った捜査と荒事担当として先陣を走る｡ 時坂とは学生時代からの付き合いがあり､現在も捜査協力を依頼するなど腐れ縁は切れていない｡ 互いに軽口を叩き合ってはいるが頭脳派と肉体派で相性はいいようだ｡ ｢ご挨拶だな､ﾃﾒｪに頼まれたﾌﾞﾂを持ってきたんだろうが｣,7899,0,7899,7,,https://t.vndb.org/ch/63/149363.jpg,https://t.vndb.org/ch/63/149363.jpg,https://lain.bgm.tv/r/400/pic/crt/l/ac/c5/52634_crt_bb7V6.jpg,#9b9281 #e5d7c6 #bbb6ad #515352 #e5ebea #ffffff,Black Short Beard Pale Black Young-adult Muscular Scar Coat Suit,,https://bgm.tv/character/52634,https://vndb.org/c4084,52634
vndb-c110381,vndb,8,29,,,古衛 迅,Furuei Jin,,男,,,Galgame,Galgame,AI: ソムニウムファイル ニルヴァーナイニシアチブ,AI：梦境档案 涅槃肇始,2022,Galgame,,"Jin Furue Male 29 Aug 29 Businessman, Writer Unknown Unknown Unknown Unknown CEO of Music Food Co., Ltd. He held high positions at various other enterprises. He was also a writer and had released some of his essays to the media.",1753,0,1753,0,,https://t.vndb.org/ch/35/135635.jpg,https://t.vndb.org/ch/35/135635.jpg,,#c4b19c #dfd2c5 #b8c1c1 #61635f #373836 #909491,Black Blond Grey Suit Son Writer Illness Secret Identity Famous Executive,,,https://vndb.org/c110381,
vndb-c11254,vndb,8,29,,,大上 さやか,Ooue Sayaka,,女,A,,Galgame,Galgame,コープスパーティー ブックオブシャドウズ,,2011,Galgame,"[{""t"":""コープスパーティー ブックオブシャドウズ"",""cn"":"""",""ty"":""Galgame"",""y"":2011,""pop"":1540},{""t"":""コープスパーティー BLOOD DRIVE"",""cn"":""尸体派对 驭血"",""ty"":""Galgame"",""y"":2014,""pop"":682},{""t"":""コープスパーティー -THE ANTHOLOGY- サチコの恋愛遊戯♥Hysteric Birthday 2U"",""cn"":""尸体派对 文选集 幸子的恋爱游戏 竭斯底里生日2U"",""ty"":""Galgame"",""y"":2012,""pop"":303}]","Bugs, frogs and bears Raisins Cooking A student of Paulownia Academy class 2-1, and Naho's best friend. Sayaka is a sweet and caring girl who leads a busy life as a student working a part time job at a studio.",1540,0,1540,0,,https://t.vndb.org/ch/32/18232.jpg,https://t.vndb.org/ch/32/18232.jpg,,#896871 #443440 #baa4a1 #eaded6 #ffffff,Brown Pink Long Wavy Curtained Teen Slim Pale School Uniform Blue,,,https://vndb.org/c11254,
vndb-c10527,vndb,8,29,,,杉本 亜弥,Sugimoto Aya,,女,,,Galgame,Galgame,Soul Link,,2004,Galgame,"[{""t"":""Soul Link"",""cn"":"""",""ty"":""Galgame"",""y"":2004,""pop"":935},{""t"":""Soul Link"",""cn"":"""",""ty"":""Galgame"",""y"":2004,""pop"":935}]",,935,0,935,0,,https://t.vndb.org/ch/08/11708.jpg,https://t.vndb.org/ch/08/11708.jpg,,#696670 #aba193 #d7cdcb #f7f7f3 #e8e6e6 #ffffff,Brown Shoulder-length Straight Brown Thigh-high Stockings Kind Spiky Bangs,,,https://vndb.org/c10527,
al79549,anilist,8,29,,,逆巻レイジ,Reiji Sakamaki,Tableware otaku,男,O,18,动画|漫画|Galgame,动画,DIABOLIK LOVERS,,2013,动画,"[{""t"":""DIABOLIK LOVERS"",""cn"":"""",""ty"":""动画"",""y"":2013,""pop"":71758},{""t"":""DIABOLIK LOVERS MORE,BLOOD"",""cn"":"""",""ty"":""动画"",""y"":2015,""pop"":31399},{""t"":""DIABOLIK LOVERS  OAD"",""cn"":"""",""ty"":""动画"",""y"":2015,""pop"":9200},{""t"":""DIABOLIK LOVERS アンソロジー"",""cn"":"""",""ty"":""漫画"",""y"":2012,""pop"":1120},{""t"":""DIABOLIK LOVERS Prequel"",""cn"":"""",""ty"":""漫画"",""y"":2013,""pop"":838},{""t"":""DIABOLIK LOVERS"",""cn"":"""",""ty"":""Galgame"",""y"":2012,""pop"":652}]","Vampire 183 cm Reiji is the 2nd son in the family. He is a very strict type. Reiji is the one who takes care of the household and of all his younger brothers while Shuu, who is the one supposed to be doing this, slack off.",652,286,652,0,,https://s4.anilist.co/file/anilistcdn/character/large/b79549-Jioc7rtP0gMx.png,https://s4.anilist.co/file/anilistcdn/character/medium/b79549-Jioc7rtP0gMx.png,https://t.vndb.org/ch/27/85927.jpg,,Black Short Teen Pale Red Glasses Necktie Vest Gloves Selfish,https://anilist.co/character/79549,,https://vndb.org/c14700,
vndb-c5915,vndb,8,29,,,月島 瑠璃子,Tsukishima Ruriko,,女,,,Galgame,Galgame,雫,,1996,Galgame,"[{""t"":""雫"",""cn"":"""",""ty"":""Galgame"",""y"":1996,""pop"":540},{""t"":""アルルゥとあそぼ！！"",""cn"":"""",""ty"":""Galgame"",""y"":2004,""pop"":19}]","School idol until about one year before, when she suddenly became very strange and aloof. Seems to have some interest in Yuusuke.",540,0,540,0,,https://t.vndb.org/ch/47/6047.jpg,https://t.vndb.org/ch/47/6047.jpg,,#010001 #edcba8 #865059 #a08aa4 #37424e,Blue Short Straight Teen Slim Pale School Uniform Orphan Missionary Doggy Style,,,https://vndb.org/c5915,
al129760,anilist,8,29,,,飛田弾柔郎,Danjuurou Tobita,Gentle Criminal (ジェントル・クリミナル) / Gentle,男,A,32,动画|漫画,动画,僕のヒーローアカデミア４,,2019,动画,"[{""t"":""僕のヒーローアカデミア４"",""cn"":"""",""ty"":""动画"",""y"":2019,""pop"":532336},{""t"":""僕のヒーローアカデミア 7"",""cn"":"""",""ty"":""动画"",""y"":2024,""pop"":184749},{""t"":""僕のヒーローアカデミア"",""cn"":""我的英雄学院"",""ty"":""漫画"",""y"":2014,""pop"":178045},{""t"":""僕のヒーローアカデミア FINAL SEASON"",""cn"":""我的英雄学院 最终季"",""ty"":""动画"",""y"":2025,""pop"":133359}]","181cm (5'11"") Elasticity Danjuro is a man with a refined appearance. He has a slicked back hairdo with a curl at the front. He sports a handlebar mustache along with a well-kept, medium-sized beard.",521,521,0,0,,https://s4.anilist.co/file/anilistcdn/character/large/b129760-rIgYYYwWUvWm.png,https://s4.anilist.co/file/anilistcdn/character/medium/b129760-rIgYYYwWUvWm.png,,,,https://anilist.co/character/129760,,,
al63489,anilist,8,29,,,舞子集,Shuu Maiko,That Thing / Glasses Buddy,男,,15-18,动画|漫画,动画,ニセコイ,伪恋,2014,动画,"[{""t"":""ニセコイ"",""cn"":""伪恋"",""ty"":""动画"",""y"":2014,""pop"":268300},{""t"":""ニセコイ："",""cn"":""伪恋"",""ty"":""动画"",""y"":2015,""pop"":165810},{""t"":""ニセコイ"",""cn"":""伪恋"",""ty"":""漫画"",""y"":2011,""pop"":56560},{""t"":""ニセコイ OVA"",""cn"":"""",""ty"":""动画"",""y"":2014,""pop"":41784},{""t"":""ニセコイ: OAD"",""cn"":""伪恋 OAD"",""ty"":""动画"",""y"":2016,""pop"":21558},{""t"":""ニセコイ番外編 チケット"",""cn"":"""",""ty"":""漫画"",""y"":2018,""pop"":659}]","**** 174 cm Although Shuu appears to be playful, he is actually very sensitive. He was the first one who realized that [Chitoge](//anilist.co/character/48391/Chitoge-Kirisaki) and [Raku](//anilist.co/character/48393/Raku-Ichijou) were not a…",350,350,0,0,,https://s4.anilist.co/file/anilistcdn/character/large/b63489-sWngkrUrniHK.png,https://s4.anilist.co/file/anilistcdn/character/medium/b63489-sWngkrUrniHK.png,,,,https://anilist.co/character/63489,,,
vndb-c74815,vndb,8,29,,,亜沙木 遊,Asagi Yukinaga,,男,B,,Galgame,Galgame,1bitHeart,,2015,Galgame,,"A self-declared alien boy who plays Sea-Sky-Run. His speed is said to be world-class, but he doesn't really care and just does it for fun. Not particularly bright, it seems.",316,0,316,0,,https://t.vndb.org/ch/66/90566.jpg,https://t.vndb.org/ch/66/90566.jpg,,#ad4663 #5e93ba #76a7c2 #583c51 #ad7b62 #b5bac3,Black Hotblooded Green Idiot Mind Control Friend Sports Younger Appearance Swimming,,,https://vndb.org/c74815,
al3987,anilist,8,29,,,菊地真,Makoto Kikuchi,Makochin,女,O,17,动画,动画,アイドルマスター,,2011,动画,"[{""t"":""アイドルマスター"",""cn"":"""",""ty"":""动画"",""y"":2011,""pop"":43875},{""t"":""THE IDOLM@STER MOVIE 輝きの向こう側へ！"",""cn"":"""",""ty"":""动画"",""y"":2014,""pop"":9742},{""t"":""アイドルマスター 765プロという物語"",""cn"":"""",""ty"":""动画"",""y"":2012,""pop"":8788},{""t"":""アイドルマスター シャイニーフェスタ"",""cn"":"""",""ty"":""动画"",""y"":2012,""pop"":7422},{""t"":""アイドルマスター ゼノグラシア"",""cn"":"""",""ty"":""动画"",""y"":2007,""pop"":6795},{""t"":""アイドルマスター ミリオンライブ！"",""cn"":"""",""ty"":""动画"",""y"":2023,""pop"":5823}]","**** Shizuoka **** 159 cm Makoto is popularized as the ""pretty-boy idol"" within 765 Production, and has accumulated more female than male fans because of this.",299,299,0,0,,https://s4.anilist.co/file/anilistcdn/character/large/b3987-gOEmGE4gDp7E.png,https://s4.anilist.co/file/anilistcdn/character/medium/b3987-gOEmGE4gDp7E.png,,,,https://anilist.co/character/3987,,,
vndb-c46912,vndb,8,29,,,更衣 桂次,Kisaragi Keiji,,男,,,Galgame,Galgame,ALIA's CARNIVAL!,,2014,Galgame,"[{""t"":""ALIA's CARNIVAL!"",""cn"":"""",""ty"":""Galgame"",""y"":2014,""pop"":269},{""t"":""ALIA's CARNIVAL! Flowering Sky"",""cn"":"""",""ty"":""Galgame"",""y"":2015,""pop"":123}]",Club Asu-ken Shirayuki Sakurako's cousin and Saijou Ren's non-blood-related cousin.,269,0,269,0,,https://t.vndb.org/ch/54/56354.jpg,https://t.vndb.org/ch/54/56354.jpg,,#686979 #aa9fa8 #ddccd3 #f4ebe2 #f8f5f6 #ffffff,Short Teen Slim Pale Fighting Blue Coat Ore Outgoing Cousin,,,https://vndb.org/c46912,
vndb-c151931,vndb,8,29,,,曲琪,Qu Qi,Cookie,女,AB,,Galgame,Galgame,高考恋爱一百天,,2014,Galgame,,,264,0,264,0,,https://t.vndb.org/ch/87/178687.jpg,https://t.vndb.org/ch/87/178687.jpg,,#5b5876 #a6999f #cbc7c6 #e6e2e1 #f7f5f2 #ffffff,,,,https://vndb.org/c151931,
al281521,anilist,8,29,,,魚臣慧,Kei Uomi,うおみけい / Oicazzo (オイカッツォ) / Modor Katzo (モドルカッツォ) / Katzo Tataki (カッツォタタキ),男,,,动画|漫画,动画,シャングリラ・フロンティア,,2023,动画,"[{""t"":""シャングリラ・フロンティア"",""cn"":"""",""ty"":""动画"",""y"":2023,""pop"":188183},{""t"":""シャングリラ・フロンティア 2nd season"",""cn"":"""",""ty"":""动画"",""y"":2024,""pop"":113159},{""t"":""シャングリラ・フロンティア 3rd season"",""cn"":"""",""ty"":""动画"",""y"":2027,""pop"":32614},{""t"":""シャングリラ・フロンティア〜クソゲーハンター, 神ゲーに挑まんとす〜"",""cn"":"""",""ty"":""漫画"",""y"":2020,""pop"":22507},{""t"":""シャングリラ・フロンティア ミニアニメ"",""cn"":"""",""ty"":""动画"",""y"":2023,""pop"":1999}]","A gaming companion [Sanraku](//anilist.co/character/271367/Rakurou-Hizutome) met through a ""kusoge"" (crappy game), and one of Japan's top-tier professional fighting game players, currently affiliated with a pro gaming team under the handle…",258,258,0,0,,https://s4.anilist.co/file/anilistcdn/character/large/b281521-3ozszEEc9Y8s.png,https://s4.anilist.co/file/anilistcdn/character/medium/b281521-3ozszEEc9Y8s.png,,,,https://anilist.co/character/281521,,,
vndb-c77133,vndb,8,29,,,鳳城 詩名,Houjou Shiina,しいしい先輩 / Shiishii-senpai,女,,,Galgame,Galgame,D.C.4 ～ダ・カーポ4～,,2019,Galgame,"[{""t"":""D.C.4 ～ダ・カーポ4～"",""cn"":"""",""ty"":""Galgame"",""y"":2019,""pop"":215},{""t"":""D.C.4 ～ダ・カーポ4～ フォーチュネイトデパーチャーズ"",""cn"":"""",""ty"":""Galgame"",""y"":2021,""pop"":102},{""t"":""D.C.5 to 4 ～ダ・カーポ5トゥ4～ ルミナスメモリーズ"",""cn"":"""",""ty"":""Galgame"",""y"":2026,""pop"":0}]",,215,0,215,0,,https://t.vndb.org/ch/45/103245.jpg,https://t.vndb.org/ch/45/103245.jpg,,#9786a8 #d9e5ee #fcf4dc #c9bec9 #f1f3f5 #ffffff,Blue Bun Waist Length+ Curtained Straight Teen Slim Pale School Uniform Orphan,,,https://vndb.org/c77133,
vndb-c6095,vndb,8,29,,,猪狩 澪,Ikari Mio,,男,AB,,Galgame,Galgame,STORM LOVER,,2010,Galgame,"[{""t"":""STORM LOVER"",""cn"":"""",""ty"":""Galgame"",""y"":2010,""pop"":210},{""t"":""STORM LOVER 夏恋!!"",""cn"":"""",""ty"":""Galgame"",""y"":2011,""pop"":20},{""t"":""STORM LOVER 2nd"",""cn"":"""",""ty"":""Galgame"",""y"":2013,""pop"":18}]","3rd Year Beloved Coenzyme Q10 Favorite Living Kesaran Pasaran Foods that he isn’t good Spicy things Favorite Fly, Pegasus! A morbid person who seems to rise problems.",210,0,210,0,,https://t.vndb.org/ch/50/18750.jpg,https://t.vndb.org/ch/50/18750.jpg,,#b68aa2 #58485b #dcc8c4 #f2ece1 #faf8f3 #ffffff,Violet Short Slim Pale School Uniform Trousers Young-adult Necktie T-shirt Boyfriend,,,https://vndb.org/c6095,
al82543,anilist,8,29,1994,,戸部翔,Kakeru Tobe,Tobecchi,男,,16-17,动画|漫画|轻小说,动画,やはり俺の青春ラブコメはまちがっている。,我的青春恋爱物语果然有问题,2013,动画,"[{""t"":""やはり俺の青春ラブコメはまちがっている。"",""cn"":""我的青春恋爱物语果然有问题"",""ty"":""动画"",""y"":2013,""pop"":381716},{""t"":""やはり俺の青春ラブコメはまちがっている。続"",""cn"":""我的青春恋爱物语果然有问题 续"",""ty"":""动画"",""y"":2015,""pop"":276649},{""t"":""やはり俺の青春ラブコメはまちがっている。完"",""cn"":""我的青春恋爱物语果然有问题 完"",""ty"":""动画"",""y"":2020,""pop"":224555},{""t"":""やはり俺の青春ラブコメはまちがっている。"",""cn"":""我的青春恋爱物语果然有问题"",""ty"":""轻小说"",""y"":2011,""pop"":20719},{""t"":""やはり俺の青春ラブコメはまちがっている－妄言録－"",""cn"":"""",""ty"":""漫画"",""y"":2012,""pop"":5078},{""t"":""やはり俺の青春ラブコメはまちがっている。@comic"",""cn"":"""",""ty"":""漫画"",""y"":2012,""pop"":3733}]",Kakeru is one of [Hayato](//anilist.co/character/79591)'s friends. He is in the football club. He has feelings for [Hina](//anilist.co/character/79595) and is the only guy in class who often supports Hina's scripts.,9,9,0,0,,https://s4.anilist.co/file/anilistcdn/character/large/b82543-GJYCCg0vKbNr.png,https://s4.anilist.co/file/anilistcdn/character/medium/b82543-GJYCCg0vKbNr.png,,,,https://anilist.co/character/82543,,,
al30919,anilist,8,30,1993,漆原琉华,漆原るか,Luka Urushibara,Lukako / Ruka / Rukako / Ruka-meow,男,A,16,动画|Galgame,动画,シュタインズ・ゲート,命运石之门,2011,动画,"[{""t"":""シュタインズ・ゲート"",""cn"":""命运石之门"",""ty"":""动画"",""y"":2011,""pop"":594688},{""t"":""シュタインズ・ゲート ゼロ"",""cn"":""命运石之门 0"",""ty"":""动画"",""y"":2018,""pop"":222572},{""t"":""劇場版 シュタインズゲート 負荷領域のデジャヴ"",""cn"":"""",""ty"":""动画"",""y"":2013,""pop"":140137},{""t"":""シュタインズ・ゲート 横行跋扈のポリオマニア"",""cn"":"""",""ty"":""动画"",""y"":2012,""pop"":115940},{""t"":""シュタインズ・ゲート ゼロ 結晶多形のバレンタイン"",""cn"":"""",""ty"":""动画"",""y"":2018,""pop"":38492},{""t"":""Steins;Gate 聡明叡智のコグニティブ・コンピューティング"",""cn"":""命运石之门 聪明睿智的认知计算"",""ty"":""动画"",""y"":2014,""pop"":32625}]",私立花浅葱大学附属学园二年级。秋叶原的柳林神社当家的儿子。在家里的神社时穿着巫女服。 清秀端庄，一副正统美少女的性格——不过，是男性。 外表上怎么看都是美少女——不过，是男性。 (因为是男性，所以胸部是机场。) 不喜欢引人注目，也没有什么自己的主张，一遇到问题就会脸红。做事认真缺乏变通。一直被真由理拜托穿 Cosplay服，虽然毎次都以「害羞」为借口拒绝，但她(？)还能坚持多久呢。妖刀・ 五月雨作为柳林神社代代相传的退魔宝刀，其实是冈伦送给他的仿制刀(980 日元)。,16857,1509,16857,370,,https://s4.anilist.co/file/anilistcdn/character/large/b30919-5PjiA4ucfuuJ.png,https://s4.anilist.co/file/anilistcdn/character/medium/b30919-5PjiA4ucfuuJ.png,https://t.vndb.org/ch/44/28044.jpg|https://lain.bgm.tv/r/400/pic/crt/l/d4/26/12396_crt_1h61U.jpg,,Black Wavy Short Cross-dressing Trap Teen Slim Pale Sweater Trousers,https://anilist.co/character/30919,https://bgm.tv/character/12396,https://vndb.org/c6497,12396
vndb-c3793,vndb,8,30,,久远寺未有,久遠寺 未有,Kuonji Miyu,ミュー / Myuu / ミューたん / Myuu-tan,女,O,,Galgame,Galgame,真剣で私に恋しなさい！,认真和我恋爱！！,2009,Galgame,"[{""t"":""真剣で私に恋しなさい！"",""cn"":""认真和我恋爱！！"",""ty"":""Galgame"",""y"":2009,""pop"":9401},{""t"":""君が主で執事が俺で"",""cn"":""你是主人我是仆"",""ty"":""Galgame"",""y"":2007,""pop"":228},{""t"":""真剣で私に恋しなさい！！SPARK"",""cn"":"""",""ty"":""Galgame"",""y"":2016,""pop"":44}]",久远寺家的次女。虽然是次女，不过是三姐妹中体型最娇小的，但谁敢指出这一点的话，她可是马上就会发脾气的哦，因为她认为自己已经成长为一位完美的成熟女性了。 虽然给人感觉非常冷酷，却是那种一想到的事情就会直接说出来，表里不一，非常容易读懂的性格。,9401,0,9401,15,,https://t.vndb.org/ch/91/21291.jpg,https://t.vndb.org/ch/91/21291.jpg,https://lain.bgm.tv/r/400/pic/crt/l/8f/fc/48462_crt_A49a9.jpg,#b67b34 #e0b26e #e0c7ac #efe3d4 #f8f4ec #fffffe,Blond Twin Tails Waist Length+ Curtained Pale Orphan Cooking Doggy Style Blowjob Anilingus,,https://bgm.tv/character/48462,https://vndb.org/c3793,48462
vndb-c56790,vndb,8,30,,御手洗亮太,御手洗 亮太,Mitarai Ryouta,Former Ultimate Animator / Ultimate Animator / 元・超高校級の「アニメーター 」 / Former Super High School Level Animator,男,O,,Galgame,Galgame,ニューダンガンロンパV3 みんなのコロシアイ新学期,新弹丸论破V3 大家的自相残杀新学期,2017,Galgame,,【未来篇】 原·超高校级的动画人 第十支部支部长。希望之峰学园第77期生。 原超高校级的动画人。被天愿发掘、让其加入了未来机关。 虽然弱气但充满了正义感。盼望着世界中能够充满希望，同时因此而常常烦恼不已。 【绝望篇】 超高校级的动画人 作为神动画人而声名远扬，但总被交稿期限追赶着，故而一直蜗居在房间里工作着。 弱气且充满了正义感的认真少年，常被充满个性的同班同学们戏弄。,8847,0,8847,6,,https://t.vndb.org/ch/24/67724.jpg,https://t.vndb.org/ch/24/67724.jpg,https://lain.bgm.tv/r/400/pic/crt/l/25/06/40674_crt_anIIE.jpg?r=1461658315,#404241 #beb6b3 #807d7a #ffffff,Blond Short Teen Slim Pale Amber Suit Otaku Boku Shy,,https://bgm.tv/character/40674,https://vndb.org/c56790,40674
vndb-c6175,vndb,8,30,,木乃美芳助,木乃美 芳助,Kinomi Housuke,,男,,,Galgame,Galgame,魔法使いの夜,魔法使之夜,2012,Galgame,,草十郎的同班同学，也是打工的同伴。开朗且直爽的气氛带动者，但却是个由于不经思考行动而引人注目的笨蛋角色。,5483,0,5483,4,,https://t.vndb.org/ch/00/54500.jpg,https://t.vndb.org/ch/00/54500.jpg,https://lain.bgm.tv/r/400/pic/crt/l/d3/9f/24466_crt_Y0dT0.jpg,#866452 #ac978e #d8c6b3 #ffffff,Red Wavy Shoulder-length Brown Slim Pale Trousers Young-adult Vest Gloves,,https://bgm.tv/character/24466,https://vndb.org/c6175,24466
al89200,anilist,8,30,,,国木田独歩,Doppo Kunikida,Four-Eyes,男,A,22,动画,动画,文豪ストレイドッグス,文豪野犬,2016,动画,"[{""t"":""文豪ストレイドッグス"",""cn"":""文豪野犬"",""ty"":""动画"",""y"":2016,""pop"":420991},{""t"":""文豪ストレイドッグス 第2シーズン"",""cn"":""文豪野犬 第二季"",""ty"":""动画"",""y"":2016,""pop"":238857},{""t"":""文豪ストレイドッグス 第3シーズン"",""cn"":""文豪野犬 第三季"",""ty"":""动画"",""y"":2019,""pop"":198150},{""t"":""文豪ストレイドッグス 第4シーズン"",""cn"":"""",""ty"":""动画"",""y"":2023,""pop"":109686},{""t"":""文豪ストレイドッグス 第5シーズン"",""cn"":"""",""ty"":""动画"",""y"":2023,""pop"":80927},{""t"":""文豪ストレイドッグス 『独り歩む』;"",""cn"":"""",""ty"":""动画"",""y"":2017,""pop"":51153}]","189 cm (6'2"") The Matchless Poet A member of the Armed Detective Agency. He carries a notepad with the word ""Ideal"" written on the cover, and what is written inside are guides for life.",2029,2029,0,0,,https://s4.anilist.co/file/anilistcdn/character/large/b89200-mZJo7iEwJGzg.png,https://s4.anilist.co/file/anilistcdn/character/medium/b89200-mZJo7iEwJGzg.png,,,,https://anilist.co/character/89200,,,
vndb-c11259,vndb,8,30,,,御国 司,Mikuni Tsukasa,,男,A,,Galgame,Galgame,コープスパーティー ブックオブシャドウズ,,2011,Galgame,"[{""t"":""コープスパーティー ブックオブシャドウズ"",""cn"":"""",""ty"":""Galgame"",""y"":2011,""pop"":1540},{""t"":""コープスパーティー -THE ANTHOLOGY- サチコの恋愛遊戯♥Hysteric Birthday 2U"",""cn"":""尸体派对 文选集 幸子的恋爱游戏 竭斯底里生日2U"",""ty"":""Galgame"",""y"":2012,""pop"":303}]","A friend of Yui (and her first crush), and a graduate of Kisaragi Academy. He appears in chapter 3 of ""Book of Shadows"". He was implied to have feelings for Yui.",1540,0,1540,0,,https://t.vndb.org/ch/41/18241.jpg,https://t.vndb.org/ch/41/18241.jpg,,#a18873 #5c5b64 #beb5af #ebe0d7 #ffffff,Brown Curtained Short Teen Slim Pale School Uniform Trousers Violet Friendly,,,https://vndb.org/c11259,
al67753,anilist,8,30,,,ゼノ,Zeno,Yellow Dragon,男,,17,动画|漫画,动画,暁のヨナ,晨曦公主,2014,动画,"[{""t"":""暁のヨナ"",""cn"":""晨曦公主"",""ty"":""动画"",""y"":2014,""pop"":217635},{""t"":""暁のヨナ"",""cn"":""晨曦公主"",""ty"":""漫画"",""y"":2009,""pop"":54140},{""t"":""暁のヨナ OVA"",""cn"":"""",""ty"":""动画"",""y"":2015,""pop"":40854}]",166 cm Dragon He is the yellow dragon and has a really strong body. ~!He joins the group immediately after the Awa arc. Later on it's revealed that he was watching Yona ever since she was chased out of Hiryuu castle to see if she was fit to…,1313,1313,0,0,,https://s4.anilist.co/file/anilistcdn/character/large/b67753-QzWNHsalPyWu.jpg,https://s4.anilist.co/file/anilistcdn/character/medium/b67753-QzWNHsalPyWu.jpg,,,,https://anilist.co/character/67753,,,
vndb-c40233,vndb,8,30,,,妹口 さや,Seguchi Saya,,女,B,,Galgame,Galgame,お兄ちゃん、キッスの準備はまだですか？,,2016,Galgame,"[{""t"":""お兄ちゃん、キッスの準備はまだですか？"",""cn"":"""",""ty"":""Galgame"",""y"":2016,""pop"":1252},{""t"":""お兄ちゃん、キッスの準備はまだですか？  エッチの準備もまだですか？"",""cn"":"""",""ty"":""Galgame"",""y"":2017,""pop"":199}]",Youngest sister.,1252,0,1252,0,,https://t.vndb.org/ch/11/50211.jpg,https://t.vndb.org/ch/11/50211.jpg,,#c08f83 #e1beb0 #564952 #f1e3dd #faf5f0 #ffffff,Brown Shoulder-length Slim Pale School Uniform Missionary Doggy Style Cowgirl Spoons Blowjob,,,https://vndb.org/c40233,
al65871,anilist,8,30,,,丹生谷森夏,Shinka Nibutani,Mori Summer,女,,,动画,动画,中二病でも恋がしたい!,中二病也要谈恋爱!,2012,动画,"[{""t"":""中二病でも恋がしたい!"",""cn"":""中二病也要谈恋爱!"",""ty"":""动画"",""y"":2012,""pop"":353258},{""t"":""中二病でも恋がしたい！戀"",""cn"":""中二病也要谈恋爱！恋"",""ty"":""动画"",""y"":2014,""pop"":183593},{""t"":""映画 中二病でも恋がしたい！ -Take On Me-"",""cn"":"""",""ty"":""动画"",""y"":2018,""pop"":86548},{""t"":""中二病でも恋がしたい! 煌めきの... 聖爆誕祭（スラップステック・ノエル）"",""cn"":"""",""ty"":""动画"",""y"":2013,""pop"":79582},{""t"":""中二病でも恋がしたい！戀 再生の･･･邪王真眼黙示録"",""cn"":"""",""ty"":""动画"",""y"":2014,""pop"":43993},{""t"":""中二病でも恋がしたい！Lite"",""cn"":""中二病也要谈恋爱！Lite"",""ty"":""动画"",""y"":2012,""pop"":38094}]","A beautiful girl in [Yuuta](//anilist.co/character/65863/Togashi-Yuuta)'s class. Shinka is Yuuta's classmate and class representative, who is also a cheerleader.",1209,1209,0,0,,https://s4.anilist.co/file/anilistcdn/character/large/b65871-yuJ1aq2vynvC.png,https://s4.anilist.co/file/anilistcdn/character/medium/b65871-yuJ1aq2vynvC.png,,,,https://anilist.co/character/65871,,,
al170484,anilist,8,30,1987,,黒川イザナ,Izana Kurokawa,,男,,18 (Past),动画|漫画,动画,東京リベンジャーズ 聖夜決戦編,东京复仇者 圣夜决战篇,2023,动画,"[{""t"":""東京リベンジャーズ 聖夜決戦編"",""cn"":""东京复仇者 圣夜决战篇"",""ty"":""动画"",""y"":2023,""pop"":143018},{""t"":""東京卍リベンジャーズ"",""cn"":""东京卍复仇者"",""ty"":""漫画"",""y"":2017,""pop"":117730},{""t"":""東京リベンジャーズ 天竺編"",""cn"":"""",""ty"":""动画"",""y"":2023,""pop"":85576},{""t"":""東京リベンジャーズ　番外編"",""cn"":"""",""ty"":""漫画"",""y"":2021,""pop"":997},{""t"":""童話リベンジャーズ"",""cn"":"""",""ty"":""动画"",""y"":2024,""pop"":864}]","165 cm Due to his years alone, Izana became ruthless and cruel. Not only has he become mentally unstable but, he strives for absolute power.",918,918,0,0,,https://s4.anilist.co/file/anilistcdn/character/large/b170484-HZEUSM7UrtKN.jpg,https://s4.anilist.co/file/anilistcdn/character/medium/b170484-HZEUSM7UrtKN.jpg,,,,https://anilist.co/character/170484,,,
vndb-c85520,vndb,8,30,,,伊吹 洋行,Ibuki Youkou,,男,,,Galgame,Galgame,あの晴れわたる空より高く,,2014,Galgame,,,755,0,755,0,,https://t.vndb.org/ch/98/103898.jpg,https://t.vndb.org/ch/98/103898.jpg,,#403f47 #d5bea6 #f4e3c6 #998c92 #ffffff,Blond Short Moustache Pale Dress Shoes Green Adult Suit Necktie Vest,,,https://vndb.org/c85520,
vndb-c807,vndb,8,30,,,水無瀬 桜子,Minase Sakurako,,女,O,,Galgame,Galgame,Flyable Heart,,2009,Galgame,"[{""t"":""Flyable Heart"",""cn"":"""",""ty"":""Galgame"",""y"":2009,""pop"":661},{""t"":""君の名残は静かに揺れて"",""cn"":"""",""ty"":""Galgame"",""y"":2010,""pop"":322},{""t"":""Flyable CandyHeart"",""cn"":"""",""ty"":""Galgame"",""y"":2011,""pop"":160},{""t"":""プリズマティックプリンセス☆ユニゾンスターズ"",""cn"":"""",""ty"":""Galgame"",""y"":2012,""pop"":36}]","Sakurako is soft-spoken and has a gentle personality, but is also a natural airhead. She is considered to be one of the two school “idols” due to her beauty, she’s very good friends with Mayuri and is in a year above Shou.",661,0,661,0,,https://t.vndb.org/ch/94/18594.jpg,https://t.vndb.org/ch/94/18594.jpg,,#99446c #ce8fa7 #e3c4ca #f6ebd9 #f6f4f3 #ffffff,Blond Antenna Waist Length+ Wavy Teen Slim Pale School Uniform Dress Shoes Missionary,,,https://vndb.org/c807,
vndb-c43412,vndb,8,30,,,ヴァレンタイン,Valentine,Meryem Saner / メリエム・ザーナー,女,,,Galgame,Galgame,マブラヴ オルタネイティヴ トータル・イクリプス,Muv-Luv Alternative Total Eclipse,2013,Galgame,,,597,0,597,0,,https://t.vndb.org/ch/03/52103.jpg,https://t.vndb.org/ch/03/52103.jpg,,#635249 #bab99e #3d3330 #a19c84 #6b6378 #dfd1b5,Blond Wavy Fighting Amber Dark Headband Death Older Sister Terrorist,,,https://vndb.org/c43412,
vndb-c133474,vndb,8,30,,,夜刀 くくる,Yato Kukuru,,女,,,Galgame,Galgame,セレクトオブリージュ,,2024,Galgame,,"An Outstanding Engineer Boasting Overwhelming Wealth Kukuru may just be a first-year student, but she calls the shots as the General Head of all the cultural clubs in the school.",515,0,515,0,,https://t.vndb.org/ch/42/164542.jpg,https://t.vndb.org/ch/42/164542.jpg,,#39577a #cb839c #ecb8c5 #f0dee1 #f9f5f1 #ffffff,Pink Ahoge Twin Tails Long Straight Teen Slim Pale School Uniform Orphan,,,https://vndb.org/c133474,
vndb-c2175,vndb,8,30,,,白鞘 伊代,Shirasaya Iyo,,女,A,,Galgame,Galgame,るいは智を呼ぶ,,2008,Galgame,"[{""t"":""るいは智を呼ぶ"",""cn"":"""",""ty"":""Galgame"",""y"":2008,""pop"":367},{""t"":""るいは智を呼ぶファンディスク ―明日のむこうに視える風―"",""cn"":"""",""ty"":""Galgame"",""y"":2010,""pop"":207}]","Position of the On her back With those glasses and extra large boobs, she looks like the oldest among the cursed people even though she is actually not.",367,0,367,0,,https://t.vndb.org/ch/17/28317.jpg,https://t.vndb.org/ch/17/28317.jpg,,#9f856f #ccbdb3 #e5dcd5 #f5f1e9 #fafaf8,Blond Wavy Short Slim Pale School Uniform Cooking Blowjob Virgin Sex Green,,,https://vndb.org/c2175,
vndb-c74856,vndb,8,30,,,蓮舎 麓,Hasuya Moroku,,男,AB,,Galgame,Galgame,1bitHeart,,2015,Galgame,,"A young gardener. It's not that he can't talk, but he can't be bothered, so his avatar talks for him. Rumor has it he's a pro wreath-maker.",316,0,316,0,,https://t.vndb.org/ch/18/90618.jpg,https://t.vndb.org/ch/18/90618.jpg,,#b16c5b #7f4e66 #d38a60 #513555 #b58993 #e8bdc0,Violet Violet Friend Gardening Flower / Plant Muteness Flat Cap Loud,,,https://vndb.org/c74856,
al88641,anilist,8,30,,,乃木園子,Sonoko Nogi,Sonocchi (そのっち),女,O,12 (14 in YuYuYu),动画,动画,結城友奈は勇者である,,2014,动画,"[{""t"":""結城友奈は勇者である"",""cn"":"""",""ty"":""动画"",""y"":2014,""pop"":49669},{""t"":""結城友奈は勇者である -鷲尾須美の章-"",""cn"":"""",""ty"":""动画"",""y"":2017,""pop"":16004},{""t"":""結城友奈は勇者である -勇者の章-"",""cn"":"""",""ty"":""动画"",""y"":2017,""pop"":15769},{""t"":""結城友奈は勇者である-大満開の章-"",""cn"":"""",""ty"":""动画"",""y"":2021,""pop"":10600},{""t"":""結城友奈は勇者である -鷲尾須美の章- 第1章 「ともだち」"",""cn"":"""",""ty"":""动画"",""y"":2017,""pop"":6974},{""t"":""結城友奈は勇者である -鷲尾須美の章- 第3章 「やくそく」"",""cn"":"""",""ty"":""动画"",""y"":2017,""pop"":6426}]","156 cm Sonoko Nogi is one of the three main characters of the light novel Washio Sumi is a Hero. At the time of the story taking place, she's an elementary school 6th-year student chosen by Taisha to fight Vertexes as a Hero, along with Gin…",285,285,0,0,,https://s4.anilist.co/file/anilistcdn/character/large/b88641-ikpD1qwAjhmF.png,https://s4.anilist.co/file/anilistcdn/character/medium/b88641-ikpD1qwAjhmF.png,,,,https://anilist.co/character/88641,,,
al12778,anilist,8,30,,,ウォルフガング・ミッターマイヤー,Wolfgang Mittermeyer,Gale Wolf,男,,,动画,动画,銀河英雄伝説,,1988,动画,"[{""t"":""銀河英雄伝説"",""cn"":"""",""ty"":""动画"",""y"":1988,""pop"":85168},{""t"":""銀河英雄伝説 -Die Neue These- 邂逅"",""cn"":"""",""ty"":""动画"",""y"":2018,""pop"":27022},{""t"":""銀河英雄伝説: わが征くは星の大海"",""cn"":"""",""ty"":""动画"",""y"":1988,""pop"":15794},{""t"":""銀河英雄伝説外伝　新たなる戦いの序曲[オーヴァチュア]"",""cn"":"""",""ty"":""动画"",""y"":1993,""pop"":12998},{""t"":""銀河英雄伝説 Die Neue These 星乱"",""cn"":"""",""ty"":""动画"",""y"":2019,""pop"":11429},{""t"":""銀河英雄伝説 Die Neue These 激突"",""cn"":"""",""ty"":""动画"",""y"":2022,""pop"":8280}]","Wolfgang Mittermeyer is a rear admiral serving in Reinhard’s fleet and, along with Oskar von Reuenthal, Reinhard’s ablest field commander. Mittermeyer is a commoner, born to a middle-class family.",273,273,0,0,,https://s4.anilist.co/file/anilistcdn/character/large/b12778-JBkV46RACdf5.png,https://s4.anilist.co/file/anilistcdn/character/medium/b12778-JBkV46RACdf5.png,,,,https://anilist.co/character/12778,,,
vndb-c11654,vndb,8,30,,,綾小路 華恋,Ayanokouji Karen,,女,,,Galgame,Galgame,あかね色に染まる坂,,2007,Galgame,"[{""t"":""あかね色に染まる坂"",""cn"":"""",""ty"":""Galgame"",""y"":2007,""pop"":272},{""t"":""あかね色に染まる坂"",""cn"":"""",""ty"":""Galgame"",""y"":2007,""pop"":272},{""t"":""あかね色に染まる坂"",""cn"":"""",""ty"":""Galgame"",""y"":2007,""pop"":272},{""t"":""あかね色に染まる坂"",""cn"":"""",""ty"":""Galgame"",""y"":2007,""pop"":272},{""t"":""あかね色に染まる坂"",""cn"":"""",""ty"":""Galgame"",""y"":2007,""pop"":272}]",Karen is a second year student that is in the same class as Jun'ichi. She is an original character that was first introduced in Parallel. She comes from a very rich family like Yuuhi and prides herself on acting like a lady.,272,0,272,0,,https://t.vndb.org/ch/96/18096.jpg,https://t.vndb.org/ch/96/18096.jpg,,#ab8d70 #614e51 #d6c88e #eccace #f9e4df #fefefe,Blond Ahoge Waist Length+ Teen Slim Pale School Uniform Blue Thigh-high Stockings Classmate,,,https://vndb.org/c11654,
vndb-c12470,vndb,8,30,,,宇佐美 沙織,Usami Saori,Usapyon / うさぴょん,女,B,,Galgame,Galgame,カミカゼ☆エクスプローラー！,,2011,Galgame,,"<Umbla> (Summoning) Keiji's senpai. She is very strict, so strict that she spends most her time patrolling around the campus, upholding school's moral.",268,0,268,0,,https://t.vndb.org/ch/16/49216.jpg,https://t.vndb.org/ch/16/49216.jpg,,#2a2434 #67617a #b7a4b2 #e0d3de #f6f0ee #ffffff,Blue Waist Length+ Straight Teen Slim Pale Blowjob Virgin Sex Blue Glasses,,,https://vndb.org/c12470,
vndb-c163940,vndb,8,30,,,アルナーヴ・バーナム,Arnav Barnum,アヴィ / Avi,男,AB,,Galgame,Galgame,パラノマサイト FILE38 伊勢人魚物語,,2026,Galgame,,"Male Author/Occult Journalist 40 years old ""Avi."" A fantasy author and occult journalist whose books are published in both America and England (but they apparently don't sell well). Unmarried.",250,0,250,0,,https://t.vndb.org/ch/37/193937.jpg,https://t.vndb.org/ch/37/193937.jpg,,#2a485c #7b6c5f #ba9b8d #ffffff,Brown Short Beard Moustache Trousers Proactive Hotblooded Blue Adult Muscular,,,https://vndb.org/c163940,
vndb-c5898,vndb,8,30,,,柏木 梓,Kashiwagi Azusa,,女,A,,Galgame,Galgame,痕,,1996,Galgame,"[{""t"":""痕"",""cn"":"""",""ty"":""Galgame"",""y"":1996,""pop"":185},{""t"":""うたわれるもの ロストフラグ"",""cn"":"""",""ty"":""Galgame"",""y"":2019,""pop"":26},{""t"":""アルルゥとあそぼ！！"",""cn"":"""",""ty"":""Galgame"",""y"":2004,""pop"":19},{""t"":""初音のないしょ!!"",""cn"":"""",""ty"":""Galgame"",""y"":1997,""pop"":12}]","Second of the Kashiwagi sisters. Energetic and athletic, has a tomboy-ish personality but also a surprising housekeeping side, being very talented at cooking and cleaning. Member of the track and field club at her school.",185,0,185,0,,https://t.vndb.org/ch/93/147593.jpg,https://t.vndb.org/ch/93/147593.jpg,,#b98e84 #5e4550 #efd1c2 #f5e9da #f9f5f5 #ffffff,Brown Short Brown Teen Slim Pale School Uniform Orphan Cooking Missionary,,,https://vndb.org/c5898,
al129784,anilist,8,30,2038,托马,トーマ,Thoma,Pizza Topping,男,,7,动画|漫画,动画,約束のネバーランド,约定的梦幻岛,2019,动画,"[{""t"":""約束のネバーランド"",""cn"":""约定的梦幻岛"",""ty"":""动画"",""y"":2019,""pop"":633103},{""t"":""約束のネバーランド2"",""cn"":"""",""ty"":""动画"",""y"":2021,""pop"":321707},{""t"":""約束のネバーランド"",""cn"":""约定的梦幻岛"",""ty"":""漫画"",""y"":2016,""pop"":133608}]","123 cm 55294 (Grace Field House) Thoma is a resourceful and mischievous boy, who enjoys pulling pranks alongside his best friend [Lani](//anilist.co/character/129783). He is blunt, but can also be quite cowardly.",135,135,0,0,,https://s4.anilist.co/file/anilistcdn/character/large/b129784-fn5VoMYAqCsk.jpg,https://s4.anilist.co/file/anilistcdn/character/medium/b129784-fn5VoMYAqCsk.jpg,https://lain.bgm.tv/r/400/pic/crt/l/ee/3c/17358_crt_UT6Bz.jpg,,,https://anilist.co/character/129784,https://bgm.tv/character/17358,,17358
al64633,anilist,8,30,,,雪染菊理,Kukuri Yukizome,,女,,17,动画|漫画,动画,K,,2012,动画,"[{""t"":""K"",""cn"":"""",""ty"":""动画"",""y"":2012,""pop"":173618},{""t"":""K RETURN OF KINGS"",""cn"":"""",""ty"":""动画"",""y"":2015,""pop"":65697},{""t"":""K MISSING KINGS"",""cn"":"""",""ty"":""动画"",""y"":2014,""pop"":54450},{""t"":""K SEVEN STORIES「Circle Vision ～Nameless Song～」"",""cn"":"""",""ty"":""动画"",""y"":2018,""pop"":6085},{""t"":""K -THE FIRST-"",""cn"":"""",""ty"":""漫画"",""y"":2013,""pop"":1411},{""t"":""K -カウントダウン-"",""cn"":"""",""ty"":""漫画"",""y"":2014,""pop"":582}]","158 cm A member of the Ashinaka High School's Student Council. Kukuri is a friendly, kindhearted girl. She appears to have an interest in her classmate, Yashiro.",29,29,0,0,,https://s4.anilist.co/file/anilistcdn/character/large/b64633-ix4u7RdMmxHt.png,https://s4.anilist.co/file/anilistcdn/character/medium/b64633-ix4u7RdMmxHt.png,,,,https://anilist.co/character/64633,,,
al2565,anilist,8,30,,,橘ワタル,Wataru Tachibana,,男,,13,动画|漫画,动画,トニカクカワイイ,总之就是非常可爱,2020,动画,"[{""t"":""トニカクカワイイ"",""cn"":""总之就是非常可爱"",""ty"":""动画"",""y"":2020,""pop"":246470},{""t"":""ハヤテのごとく！"",""cn"":"""",""ty"":""动画"",""y"":2007,""pop"":41955},{""t"":""トニカクカワイイ"",""cn"":""总之就是非常可爱"",""ty"":""漫画"",""y"":2018,""pop"":41494},{""t"":""ハヤテのごとく！！"",""cn"":"""",""ty"":""动画"",""y"":2009,""pop"":21088},{""t"":""ハヤテのごとく! CAN'T TAKE MY EYES OFF YOU"",""cn"":"""",""ty"":""动画"",""y"":2012,""pop"":12055},{""t"":""ハヤテのごとく！ Cuties"",""cn"":"""",""ty"":""动画"",""y"":2013,""pop"":10296}]","Wataru is in love with Isumi although arranged to marry Nagi. Not as rich as the others, he runs a video store with the help of his maid Saki Kijima.",9,9,0,0,,https://s4.anilist.co/file/anilistcdn/character/large/b2565-kiUPwrwCDks0.jpg,https://s4.anilist.co/file/anilistcdn/character/medium/b2565-kiUPwrwCDks0.jpg,,,,https://anilist.co/character/2565,,,
al65543,anilist,8,31,,石丸清多夏,石丸清多夏,Kiyotaka Ishimaru,Taka / Tick Tock / Ultimate Moral Compass / Super High School Level Public Morals (超高校級の風紀委員),男,B,,动画|漫画|Galgame,动画,ダンガンロンパ 希望の学園と絶望の高校生 The Animation,弹丸论破 希望学园与绝望高中生,2013,动画,"[{""t"":""ダンガンロンパ 希望の学園と絶望の高校生 The Animation"",""cn"":""弹丸论破 希望学园与绝望高中生"",""ty"":""动画"",""y"":2013,""pop"":233260},{""t"":""ダンガンロンパ3 -The End of 希望ヶ峰学園-　絶望編"",""cn"":""弹丸论破3 -The End of 希望之峰学园- 绝望篇"",""ty"":""动画"",""y"":2016,""pop"":89210},{""t"":""ダンガンロンパ 希望の学園と絶望の高校生"",""cn"":""弹丸论破 希望的学园和绝望高中生"",""ty"":""Galgame"",""y"":2010,""pop"":15953},{""t"":""ニューダンガンロンパV3 みんなのコロシアイ新学期"",""cn"":""新弹丸论破V3 大家的自相残杀新学期"",""ty"":""Galgame"",""y"":2017,""pop"":8847},{""t"":""ダンガンロンパ 希望の学園と絶望の高校生 The Animation"",""cn"":""弹丸论破 希望学园与绝望高中生"",""ty"":""漫画"",""y"":2013,""pop"":5507},{""t"":""ダンガンロンパ 希望の学園と絶望の高校生"",""cn"":""弹丸论破 希望的学园和绝望高中生"",""ty"":""漫画"",""y"":2011,""pop"":1758}]",超高校級の「風紀委員」。何よりも規律を重んじる真面目で堅物な学生。 ごく普通の一般家庭出身だが、かつて進学校として有名な学校で、成績優秀な風紀委員を務めていた。風紀委員らしく、緊迫した状況下でも学園内のルールを決めたり会議の進行を取り行ったりする等、自らリーダー的な立場に出る。 熱血漢で、努力をしない、または努力を馬鹿にする者には大変厳しい。また友情には厚く、一度信じると決めた相手はとことん信じる純粋さを持つ。 「学生は勉強のプロであるべき！」が信条。,15953,436,15953,21,,https://s4.anilist.co/file/anilistcdn/character/large/b65543-eyfH7fv9FMw9.jpg,https://s4.anilist.co/file/anilistcdn/character/medium/b65543-eyfH7fv9FMw9.jpg,https://t.vndb.org/ch/59/72759.jpg|https://lain.bgm.tv/r/400/pic/crt/l/96/17/18032_crt_Cr1S1.jpg?r=1534940235,,Black White Short Teen Slim Pale Hard Worker Disaster Hotblooded Red,https://anilist.co/character/65543,https://bgm.tv/character/18032,https://vndb.org/c10190,18032
al39751,anilist,8,31,,川神百代,川神百代,Momoyo Kawakami,Momo / モモちゃん / Momo-chan / モモ先輩,女,O,,动画|漫画|Galgame,动画,真剣で私に恋しなさい！,认真和我恋爱！！,2011,动画,"[{""t"":""真剣で私に恋しなさい！"",""cn"":""认真和我恋爱！！"",""ty"":""动画"",""y"":2011,""pop"":63301},{""t"":""真剣で私に恋しなさい！"",""cn"":""认真和我恋爱！！"",""ty"":""Galgame"",""y"":2009,""pop"":9401},{""t"":""真剣で私に恋しなさい！S"",""cn"":""认真和我恋爱！S"",""ty"":""Galgame"",""y"":2012,""pop"":5025},{""t"":""真剣で私に恋しなさい！A-1"",""cn"":"""",""ty"":""Galgame"",""y"":2013,""pop"":2470},{""t"":""真剣で私に恋しなさい！"",""cn"":""认真和我恋爱！！"",""ty"":""漫画"",""y"":2010,""pop"":2274},{""t"":""真剣で私に恋しなさい！A-2"",""cn"":"""",""ty"":""Galgame"",""y"":2013,""pop"":2188}]",青梅竹马中唯一的高年级生。主人公不过是她其中的一个手下，她是他的大姐头。 从古时候开始就一直以武士的锻炼圣地扬名的关东三山之一、川神院的继承者。凭着压倒性的战斗力排在第一位的王者。 虽然是美人兼最高年级，不过因其强大而被男生们敬而远之，反过来因为倍受女生追捧，总是逗着女生玩。 对于社会的规矩有一点不以为然，但是绝不容许谎言的存在。 将主人公当成好使的家伙、有作弄价值的家伙，将他放在心里。,9401,275,9401,74,,https://s4.anilist.co/file/anilistcdn/character/large/b39751-yhOgfIVlNfia.jpg,https://s4.anilist.co/file/anilistcdn/character/medium/b39751-yhOgfIVlNfia.jpg,https://t.vndb.org/ch/80/85880.jpg|https://lain.bgm.tv/r/400/pic/crt/l/4f/63/11730_crt_zf227.jpg,,Black Ahoge Ponytail Long Waist Length+ Straight Slim Pale School Uniform Warrior,https://anilist.co/character/39751,https://bgm.tv/character/11730,https://vndb.org/c3507,11730
vndb-c55094,vndb,8,31,,䌷文德斯,紬 ヴェンダース,Tsumugi Wenders,Cotton Candy-san / ツムツム / Tsumu-Tsumu / ワタアメさん,女,,,Galgame,Galgame,Summer Pockets,夏日口袋,2018,Galgame,,自分探しの少女 身長：152cm 体重：38kg 3サイズ：B78 W56 H80 趣味：ぬいぐるみ集め 好物：わたあめ 座右の銘：私は私を探しています 原画：永山ゆうのん CV：岩井映美里 島の灯台の近くに現れる少女。 真面目で素直なドイツ系ハーフで、夏休みを利用して『やりたいこと探し』をしている。 海に流れ着いたゴミなどを掃除しては、まだ使える物を見つけ大事にする。 困ったことや、言葉に困ると「むぎゅ」と呻く。 異国の古い歌をよく口ずさんでいる。 「探し物です。,4738,0,4738,486,,https://t.vndb.org/ch/39/82439.jpg,https://t.vndb.org/ch/39/82439.jpg,https://lain.bgm.tv/r/400/pic/crt/l/c5/5c/59849_crt_OekBv.jpg?r=1726452140,#e6c2a3 #eadccd #f7f0e0 #5d5b63 #f8f8f7,Blond Twin Tails Long Straight Teen Slim Pale School Uniform Green Dress,,https://bgm.tv/character/59849,https://vndb.org/c55094,59849
al36820,anilist,8,31,,青峰大辉,青峰大輝,Daiki Aomine,Mine-chin / Aominecchi / Dai-chan / Ahomine,男,B,16,动画,动画,黒子のバスケ,黑子的篮球,2012,动画,"[{""t"":""黒子のバスケ"",""cn"":""黑子的篮球"",""ty"":""动画"",""y"":2012,""pop"":286383},{""t"":""黒子のバスケ 2nd SEASON"",""cn"":"""",""ty"":""动画"",""y"":2013,""pop"":182891},{""t"":""黒子のバスケ 3rd SEASON"",""cn"":"""",""ty"":""动画"",""y"":2015,""pop"":162720},{""t"":""劇場版 黒子のバスケ Last Game"",""cn"":""剧场版 黑子的篮球 终极一战"",""ty"":""动画"",""y"":2017,""pop"":88995},{""t"":""黒子のバスケ 第22.5Q 「Tip off」"",""cn"":"""",""ty"":""动画"",""y"":2013,""pop"":26415},{""t"":""黒子のバスケ ~最高のプレゼントです~"",""cn"":"""",""ty"":""动画"",""y"":2015,""pop"":20374}]",桐皇高校一年级。 “奇迹的世代”的王牌、从前和黑子是好拍挡。经常迟到。以前十分喜爱篮球，但他的实力实在太强，只要认真一点就能大比数击败对手，至此开始憎恨篮球。现在他经常说:“能打败我的人 只有我自己”。他反对黑子所说的团体篮球，认为一个人强劲就足以取胜。个人不受到制式的投篮方式束缚，以千变万化的“无定式射篮”而闻名。 在WC初回战时遇上诚凛时以自身的才能开启了“ZONE”，一度以强大的实力压制全场，但是最终决战遭遇也进入到“ZONE”领域的火神逆袭，以些微的差距落败。,4435,4435,0,109,,https://s4.anilist.co/file/anilistcdn/character/large/b36820-bW2c6TbIqgKO.jpg,https://s4.anilist.co/file/anilistcdn/character/medium/b36820-bW2c6TbIqgKO.jpg,https://lain.bgm.tv/r/400/pic/crt/l/3d/72/15804_crt_wLPCJ.jpg,,,https://anilist.co/character/36820,https://bgm.tv/character/15804,,15804
vndb-c86034,vndb,8,31,,真津下真弓,真津下 まゆみ,Matsushita Mayumi,,女,,,Galgame,Galgame,AI：ソムニウム ファイル,AI：梦境档案,2019,Galgame,,応太の母。今から30年以上前に、夫と二人で多額の借金をして、樺崎地区の近くに『真津下食堂』という定食屋を開いた。以来、この店の切り盛りをしている。最近もの忘れがひどい。,4117,0,4117,2,,https://t.vndb.org/ch/15/135615.jpg,https://t.vndb.org/ch/15/135615.jpg,https://lain.bgm.tv/r/400/pic/crt/l/41/0d/70977_crt_LIS2q.jpg?r=1563781945,#642930 #d6be9e #798c8f #ddd3d1 #f5f3ed #ffffff,Bob Cut Short Brown Pale Cooking Amnesia Adult Apron Glasses Scarf,,https://bgm.tv/character/70977,https://vndb.org/c86034,70977
al7156,anilist,8,31,,初音未来,初音ミク,Miku Hatsune,CV01 / Chūyīn Wèilái (初音未来),女,,16,动画|Galgame,动画,俗・さよなら絶望先生,俗・再见绝望先生,2008,动画,"[{""t"":""俗・さよなら絶望先生"",""cn"":""俗・再见绝望先生"",""ty"":""动画"",""y"":2008,""pop"":31523},{""t"":""プロジェクトセカイ 壊れたセカイと歌えないミク"",""cn"":"""",""ty"":""动画"",""y"":2025,""pop"":22263},{""t"":""邪神ちゃんドロップキックX"",""cn"":"""",""ty"":""动画"",""y"":2022,""pop"":15189},{""t"":""ぷちセカ"",""cn"":"""",""ty"":""动画"",""y"":2022,""pop"":3877},{""t"":""砂の惑星"",""cn"":"""",""ty"":""动画"",""y"":2017,""pop"":3671},{""t"":""Journey to Bloom"",""cn"":"""",""ty"":""动画"",""y"":2023,""pop"":2736}]","初音ミク是CRYPTON FUTURE MEDIA以Yamaha的VOCALOID 2语音合成引擎为基础，开发贩售的虚拟女性歌手软件，角色主唱系列的第一作、VSTi规格的电子乐器；或此软件的印象角色（这只是软件的象征，不会在实际使用时出现）。 2007年8月31日发售，开放价格，官方估计系列软件实际价格约15,750日圆。",3753,3753,399,2457,,https://s4.anilist.co/file/anilistcdn/character/large/b7156-DUwViOmpWw2B.jpg,https://s4.anilist.co/file/anilistcdn/character/medium/b7156-DUwViOmpWw2B.jpg,https://t.vndb.org/ch/42/64142.jpg|https://lain.bgm.tv/r/400/pic/crt/l/00/71/10452_crt_UusO7.jpg?r=1625248340,,Twin Tails Teen Slim Pale Gloves Miniskirt Thigh-high Boots Singing Headphones Cyan,https://anilist.co/character/7156,https://bgm.tv/character/10452,https://vndb.org/c53709,10452
vndb-c87425,vndb,8,31,,卷岛宽造,巻島 寛造,Makishima Kanzou,寛 / Kan,男,,,Galgame,Galgame,レイジングループ,人狼村之谜,2015,Galgame,,休水在住の猟師。61歳。 巻島春の祖父。 厳格で粗野な言動が目立つが、多大な決断力と発言力を有しており、 実質的な休水のリーダー。 余所者には厳しく、あまり良い顔をしない。,3618,0,3618,3,,https://t.vndb.org/ch/76/105876.jpg,https://t.vndb.org/ch/76/105876.jpg,https://lain.bgm.tv/r/400/pic/crt/l/2a/01/75440_crt_jfSZ8.jpg,#856d6b #bd9d8c #3f4049 #ffffff,Short Moustache Grey Adult Old Muscular Bandages Rifle Stoic Hunter,,https://bgm.tv/character/75440,https://vndb.org/c87425,75440
al906,anilist,8,31,,,阿散井恋次,Renji Abarai,Freeloader / Red Pineapple,男,,,动画|漫画,动画,BLEACH,死神,2004,动画,"[{""t"":""BLEACH"",""cn"":""死神"",""ty"":""动画"",""y"":2004,""pop"":521026},{""t"":""BLEACH 千年血戦篇"",""cn"":""死神 千年血战篇"",""ty"":""动画"",""y"":2022,""pop"":207081},{""t"":""BLEACH 千年血戦篇-訣別譚-"",""cn"":""死神 千年血战篇-诀别谭-"",""ty"":""动画"",""y"":2023,""pop"":143301},{""t"":""BLEACH"",""cn"":""死神"",""ty"":""漫画"",""y"":2001,""pop"":121044},{""t"":""BLEACH 千年血戦篇-相剋譚-"",""cn"":""死神 千年血战篇-相克谭-"",""ty"":""动画"",""y"":2024,""pop"":117708},{""t"":""BLEACH MEMORIES OF NOBODY"",""cn"":"""",""ty"":""动画"",""y"":2006,""pop"":48314}]","188 cm (6'2"") Shinigami Lieutenant of the 6th Division [Zabi](//anilist.co/character/24528/Zabimaru-Female)[maru](//anilist.co/character/29307/Zabimaru-Male) In terms of personality, Renji is same as any other Shinigami.",1942,1942,0,0,,https://s4.anilist.co/file/anilistcdn/character/large/b906-ImRjx5HFM8X6.png,https://s4.anilist.co/file/anilistcdn/character/medium/b906-ImRjx5HFM8X6.png,,,,https://anilist.co/character/906,,,
vndb-c38913,vndb,8,31,,,柴崎 凛,Shibasaki Rin,リィル / Lyr,女,B,,Galgame,Galgame,僕と恋するポンコツアクマ。,,2015,Galgame,"[{""t"":""僕と恋するポンコツアクマ。"",""cn"":"""",""ty"":""Galgame"",""y"":2015,""pop"":1892},{""t"":""僕と恋するポンコツアクマ。 すっごいえっち！"",""cn"":"""",""ty"":""Galgame"",""y"":2016,""pop"":719}]","Fishing, hard bar snacks, going to the sea to fish for food on her days off. A serious and straightforward kind of underclassman of the Tigerkin race, in first year. An athletic and super mega positive girl.",1892,0,1892,0,,https://t.vndb.org/ch/42/46942.jpg,https://t.vndb.org/ch/42/46942.jpg,,#cf847e #573658 #eac4b2 #f2dfde #f7f2f3 #ffffff,Blond Ahoge Bob Cut Shoulder-length Straight Teen Slim Pale School Uniform Proactive,,,https://vndb.org/c38913,
vndb-c74699,vndb,8,31,,,クラリス・ツァインブルグ,Claris Zeinburg,Rookie,女,A,,Galgame,Galgame,流星ワールドアクター,,2019,Galgame,"[{""t"":""流星ワールドアクター"",""cn"":"""",""ty"":""Galgame"",""y"":2019,""pop"":1799},{""t"":""流星ワールドアクター Badge & Dagger"",""cn"":"""",""ty"":""Galgame"",""y"":2021,""pop"":999},{""t"":""流星ワールドアクター Gaslight Bullet"",""cn"":"""",""ty"":""Galgame"",""y"":2026,""pop"":184}]","A naive and inexperienced, but very motivated, fresh-faced rookie elf assigned to the 13th Division. After a year on the job, she has begun to develop a hint of competence.",1799,0,1799,0,,https://t.vndb.org/ch/40/103140.jpg,https://t.vndb.org/ch/40/103140.jpg,,#364453 #a29287 #d0c6bc #f2e7d7 #fbf7ee #ffffff,Blond Ahoge Ponytail Waist Length+ Straight Teen Slim Pale Amnesia Doggy Style,,,https://vndb.org/c74699,
vndb-c17299,vndb,8,31,,,桂木 空子,Katsuragi Sorako,,女,,,Galgame,Galgame,ハロー・レディ！,,2014,Galgame,"[{""t"":""ハロー・レディ！"",""cn"":"""",""ty"":""Galgame"",""y"":2014,""pop"":1704},{""t"":""ハロー・レディ！ -New Division-"",""cn"":"""",""ty"":""Galgame"",""y"":2014,""pop"":705}]","Cooking (specializes in Western and Japanese cooking) Overhearing things even from a great distance Cute things, tea Nothing in particular 7th-year student who is the Crowns' prized treasurer.",1704,0,1704,0,,https://t.vndb.org/ch/57/28357.jpg,https://t.vndb.org/ch/57/28357.jpg,,#9e314d #b89a8b #e6d3ad #e9e4dc #f7f5f2 #ffffff,Blond Ahoge Short Straight Cross-dressing Reverse-trap Teen Slim Pale School Uniform,,,https://vndb.org/c17299,
vndb-c5317,vndb,8,31,,,十波 由真,Tonami Yuma,長瀬 由真 / Nagase Yuma,女,B,,Galgame,Galgame,ToHeart2,ToHeart2,2004,Galgame,"[{""t"":""ToHeart2"",""cn"":""ToHeart2"",""ty"":""Galgame"",""y"":2004,""pop"":1137},{""t"":""ToHeart2 AnotherDays"",""cn"":"""",""ty"":""Galgame"",""y"":2008,""pop"":133},{""t"":""ToHeart2 ダンジョントラベラーズ"",""cn"":""迷宮旅人：To Heart 2"",""ty"":""Galgame"",""y"":2009,""pop"":37}]","Yuma is in the same grade as the protagonist from a neighboring class and close friends with Manaka. She is very high-strung and aggressive who rides a bike, and for some reason always collides with Takaaki in many embarrassing situations.",1137,0,1137,0,,https://t.vndb.org/ch/44/19144.jpg,https://t.vndb.org/ch/44/19144.jpg,,#8a2e42 #b9899f #eebfad #efe6de #f7f6f5 #ffffff,Blue Short Straight Teen Slim Pale Doggy Style Sixty-nine Virgin Sex Glasses,,,https://vndb.org/c5317,
al1300,anilist,8,31,,,遊城十代,Judai Yuki,Aniki / Jaden / Dropout Boy / Slifer Slacker,男,,,动画|漫画,动画,遊☆戯☆王デュエルモンスターズＧＸ,,2004,动画,"[{""t"":""遊☆戯☆王デュエルモンスターズＧＸ"",""cn"":"""",""ty"":""动画"",""y"":2004,""pop"":47244},{""t"":""劇場版 遊☆戯☆王 ～超融合! 時空を越えた絆～"",""cn"":"""",""ty"":""动画"",""y"":2010,""pop"":15421},{""t"":""遊☆戯☆王GX"",""cn"":"""",""ty"":""漫画"",""y"":2005,""pop"":2996}]","Judai is your regular Duelist, who loves to play the game. He's a member of the Slifer Red dorm and is usually called a Slifer Slacker. He wants to become the next ""King Of Games"" and is willing to duel anyone for the Title.",919,919,0,0,,https://s4.anilist.co/file/anilistcdn/character/large/b1300-HlFgEd6toG2M.png,https://s4.anilist.co/file/anilistcdn/character/medium/b1300-HlFgEd6toG2M.png,,,,https://anilist.co/character/1300,,,
al20766,anilist,8,31,,,男鹿辰巳,Tatsumi Oga,Ogre / Child-Rearing Badass / Madason,男,,16,动画|漫画,动画,べるぜバブ,,2011,动画,"[{""t"":""べるぜバブ"",""cn"":"""",""ty"":""动画"",""y"":2011,""pop"":106715},{""t"":""べるぜバブ"",""cn"":"""",""ty"":""漫画"",""y"":2009,""pop"":24106},{""t"":""べるぜバブ 拾った赤ちゃんは大魔王!?"",""cn"":"""",""ty"":""动画"",""y"":2010,""pop"":7331},{""t"":""べるぜバブ魔王外伝: 田村隆平短編集"",""cn"":"""",""ty"":""漫画"",""y"":2008,""pop"":1159},{""t"":""べるぜバブ 番外編"",""cn"":"""",""ty"":""漫画"",""y"":2014,""pop"":570}]","**** 179 cm (5'11'') **** High school student, adolescent delinquent **** Ep. 1/Ch. 1 Tatsumi Oga is the main protagonist in the Beelzebub series, first introduced as a strong fighter, beating up some fellow class mates and then making them…",854,854,0,0,,https://s4.anilist.co/file/anilistcdn/character/large/b20766-cNWY0sMyC7fI.png,https://s4.anilist.co/file/anilistcdn/character/medium/b20766-cNWY0sMyC7fI.png,,,,https://anilist.co/character/20766,,,
vndb-c78794,vndb,8,31,,,広尾 まどか,Hiroo Madoka,,女,,,Galgame,Galgame,死印,,2017,Galgame,"[{""t"":""死印"",""cn"":"""",""ty"":""Galgame"",""y"":2017,""pop"":711},{""t"":""死噛 ～シビトマギレ～"",""cn"":"""",""ty"":""Galgame"",""y"":2022,""pop"":165}]","A major pharmaceutical company researcher. She believes in cool and collected logic, and violently rejects anything supernatural. She doesn't have an artistic bone in her body, possibly because of her lineage.",711,0,711,0,,https://t.vndb.org/ch/77/95477.jpg,https://t.vndb.org/ch/77/95477.jpg,,#a2b3a3 #626b62 #b9cec0 #080908 #ffffff,Black Ponytail Slim Pale Young-adult Glasses Short-tempered Lab Coat Avoidable Death (obsolete) Smart,,,https://vndb.org/c78794,
vndb-c97366,vndb,8,31,,,ダハト,Dahut,,男,,,Galgame,Galgame,終遠のヴィルシュ -ErroR:salvation-,,2021,Galgame,"[{""t"":""終遠のヴィルシュ -ErroR:salvation-"",""cn"":"""",""ty"":""Galgame"",""y"":2021,""pop"":674},{""t"":""終遠のヴィルシュ -EpiC:lycoris-"",""cn"":"""",""ty"":""Galgame"",""y"":2023,""pop"":170}]","""I'II leave the rest to the young ones and our not-so-young one! ★"" A boy who serves as deputy director of the National Research Institute, and is known to be a genius second only to Scien.",674,0,674,0,,https://t.vndb.org/ch/92/117892.jpg,https://t.vndb.org/ch/92/117892.jpg,,#40161f #a19e7d #807666 #513e3d #282425 #c9c7c1,Long Green Teen Pale Villain Assault Violet Tattoo Shirt Vest,,,https://vndb.org/c97366,
vndb-c3142,vndb,8,31,,,広崎 かなで,Hirosaki Kanade,,女,AB,,Galgame,Galgame,your diary,,2011,Galgame,"[{""t"":""your diary"",""cn"":"""",""ty"":""Galgame"",""y"":2011,""pop"":567},{""t"":""僕の未来は、恋と課金と。～Charge To The Future～"",""cn"":"""",""ty"":""Galgame"",""y"":2019,""pop"":154}]",Kanade is the little sister of Tomoki’s friend Hiroki and also another childhood friend of Tomoki. She is a year younger than Yuuhi and Tomoki though.,567,0,567,0,,https://t.vndb.org/ch/65/26365.jpg,https://t.vndb.org/ch/65/26365.jpg,,#a6938d #695456 #d5cbc4 #efebe6 #fbfaf3,Brown Twin Tails Shoulder-length Teen Slim Pale School Uniform Dress Shoes Cooking Missionary,,,https://vndb.org/c3142,
vndb-c69031,vndb,8,31,,,楠瀬 舞美,Kusunose Maimi,Mikes,女,,,Galgame,Galgame,ワールドエンド・シンドローム,,2018,Galgame,,"She lives in the mansion and attends Mihate High School. Maimi is strong-willed and doesn't like to give up. She gets high grades and is good at sports, being the top athlete in the tennis club after joining it two years ago.",547,0,547,0,,https://t.vndb.org/ch/01/83201.jpg,https://t.vndb.org/ch/01/83201.jpg,,#83504b #bc8d7f #eee7da #c9c7c4 #fbfaf9,Teen Slim Pale School Uniform Lazy Blackmail Daughter Cousin High School Student Smart,,,https://vndb.org/c69031,
al124578,anilist,8,31,,,大垣千明,Chiaki Oogaki,Aki,女,,,动画,动画,ゆるキャン△,摇曳露营△,2018,动画,"[{""t"":""ゆるキャン△"",""cn"":""摇曳露营△"",""ty"":""动画"",""y"":2018,""pop"":166354},{""t"":""ゆるキャン△ SEASON２"",""cn"":"""",""ty"":""动画"",""y"":2021,""pop"":78831},{""t"":""映画 ゆるキャン△"",""cn"":""电影 摇曳露营△"",""ty"":""动画"",""y"":2022,""pop"":39410},{""t"":""ゆるキャン△ SEASON３"",""cn"":"""",""ty"":""动画"",""y"":2024,""pop"":37224},{""t"":""へやキャン△"",""cn"":""房间露营△"",""ty"":""动画"",""y"":2020,""pop"":33750},{""t"":""mono"",""cn"":""mono女孩"",""ty"":""动画"",""y"":2025,""pop"":27132}]","A bright and active person, in charge of choosing the camping spots and gear. She’s lively and cheerful, but is also full of emotion and easily brought to tears.",536,536,0,0,,https://s4.anilist.co/file/anilistcdn/character/large/b124578-3n5ImKmsxsvg.png,https://s4.anilist.co/file/anilistcdn/character/medium/b124578-3n5ImKmsxsvg.png,,,,https://anilist.co/character/124578,,,
al209678,anilist,8,31,,,莫娜,Mona Megistus,モナ / Enigmatic Astrologer,女,,,漫画,漫画,原神 電撃コミックアンソロジー,,2021,漫画,"[{""t"":""原神 電撃コミックアンソロジー"",""cn"":"""",""ty"":""漫画"",""y"":2021,""pop"":2975},{""t"":""原神 コミックアンソロジー"",""cn"":"""",""ty"":""漫画"",""y"":2021,""pop"":1857}]","Hydro Astrolabos A mysterious young astrologer who proclaims herself to be ""Astrologist Mona Megistus,"" and who possesses abilities to match the title. Erudite, but prideful.",502,502,0,0,,https://s4.anilist.co/file/anilistcdn/character/large/b209678-KzITGKJd677y.png,https://s4.anilist.co/file/anilistcdn/character/medium/b209678-KzITGKJd677y.png,,,,https://anilist.co/character/209678,,,
al57489,anilist,8,31,,,山田竜,Ryuu Yamada,,男,,,动画|漫画,动画,山田くんと7人の魔女,,2015,动画,"[{""t"":""山田くんと7人の魔女"",""cn"":"""",""ty"":""动画"",""y"":2015,""pop"":189518},{""t"":""山田くんと7人の魔女"",""cn"":"""",""ty"":""漫画"",""y"":2012,""pop"":33949},{""t"":""山田くんと7人の魔女 OAD"",""cn"":"""",""ty"":""动画"",""y"":2014,""pop"":25949},{""t"":""山田くんと7人の魔女"",""cn"":"""",""ty"":""动画"",""y"":2013,""pop"":16411},{""t"":""ヤンキー君な山田くんとメガネちゃんと魔女"",""cn"":"""",""ty"":""动画"",""y"":2015,""pop"":10150},{""t"":""M.H.B!"",""cn"":"""",""ty"":""漫画"",""y"":2014,""pop"":469}]","2-B Supernatural Studies Club Copy Ryuu Yamada is a second year student at Suzaku High. He is always late for school, naps in class, and gets abysmal grades. His life is a dead bore.",493,493,0,0,,https://s4.anilist.co/file/anilistcdn/character/large/b57489-iZ6EILuI8HYZ.png,https://s4.anilist.co/file/anilistcdn/character/medium/b57489-iZ6EILuI8HYZ.png,,,,https://anilist.co/character/57489,,,
vndb-c98074,vndb,8,31,,,霧灯 ユキ,Mutou Yuki,,女,AB,,Galgame,Galgame,Monkeys!¡,,2021,Galgame,,One of the big three and main actor of drama club. She is very popular among girls because of her manly and cool demeanor.,468,0,468,0,,https://t.vndb.org/ch/26/118826.jpg,https://t.vndb.org/ch/26/118826.jpg,,#bab7b0 #817d7a #dad9d4 #fefef7 #f2f0eb,White Teen Slim Pale School Uniform Hard Worker Doggy Style Blowjob Virgin Sex Blue,,,https://vndb.org/c98074,
vndb-c67272,vndb,8,31,,,赤木 澪,Akagi Mio,,女,B,,Galgame,Galgame,ボクと彼女（ナース）の研修日誌,,2018,Galgame,"[{""t"":""ボクと彼女（ナース）の研修日誌"",""cn"":"""",""ty"":""Galgame"",""y"":2018,""pop"":361},{""t"":""ボクと彼女（女医）の診察日誌"",""cn"":"""",""ty"":""Galgame"",""y"":2019,""pop"":211},{""t"":""ボクと彼女たちの実習日誌"",""cn"":"""",""ty"":""Galgame"",""y"":2025,""pop"":18}]","Slightly reaching 160cm Secret (nurse is a hard worker, so she's quite muscular...) Three I will leave it to your imagination *grin* Secret (F cup—according a colleague nurse) Secret (Once boasted about being 60cm—according a colleague nurs…",361,0,361,0,,https://t.vndb.org/ch/15/81015.jpg,https://t.vndb.org/ch/15/81015.jpg,,#d8a9ac #926f6f #fadcdc #ffffff,Brown Brown Slim Pale Hard Worker Cowgirl Blowjob Virgin Sex Young-adult Necklace,,,https://vndb.org/c67272,
vndb-c89291,vndb,8,31,,,,Ami Arakawa,Strawberry Songstress,女,,,Galgame,Galgame,Lessons in Love,,2022,Galgame,,"Sensei's niece, who has lived with him for years after the untimely death of her parents in a car accident. She has a devoted and loving nature, and takes care of most domestic tasks from cooking to waking Sensei up in the morning.",342,0,342,0,,https://t.vndb.org/ch/14/107814.jpg,https://t.vndb.org/ch/14/107814.jpg,,#9a2f3a #c38487 #f7cbb8 #fae1da #ffffff,Red Twin Tails Short Teen Pale School Uniform Student Cooking Missionary Doggy Style,,,https://vndb.org/c89291,
vndb-c5947,vndb,8,31,,,瀬川 理香子,Segawa Rikako,Rika-chin,女,,,Galgame,Galgame,夏ノ雨,,2009,Galgame,"[{""t"":""夏ノ雨"",""cn"":"""",""ty"":""Galgame"",""y"":2009,""pop"":339},{""t"":""僕の未来は、恋と課金と。～Charge To The Future～"",""cn"":"""",""ty"":""Galgame"",""y"":2019,""pop"":154}]","Rikako is Sousuke’s elder half-sister who came to live with him after their father, whom she was living with died. On the surface, Rikako is the elder half-sister of Sousuke with a cold-hearted, stubborn, willful, and socially awkward chara…",339,0,339,0,,https://t.vndb.org/ch/57/46357.jpg,https://t.vndb.org/ch/57/46357.jpg,,#4b4756 #917e91 #d2bdc6 #f9f4ef #e4dee4 #ffffff,Black Waist Length+ Straight School Uniform Orphan Cooking Missionary Blowjob Virgin Sex Dress,,,https://vndb.org/c5947,
vndb-c77515,vndb,8,31,,,,William Clermont,,男,A,,Galgame,Galgame,Camp Buddy,,2018,Galgame,,William is Felix's father. He is a renowned writer and publicist. It seems like Goro is one of his long-time fans.,336,0,336,0,,https://t.vndb.org/ch/15/104215.jpg,https://t.vndb.org/ch/15/104215.jpg,,#929bae #bfccdb #eeccb8 #d2dde8 #f0f0f0 #ffffff,White Short Violet Suit Glasses Wealthy Not Sexually Involved No Bangs,,,https://vndb.org/c77515,
vndb-c12020,vndb,8,31,,,沢渡 透香,Sawatari Touka,,女,A,,Galgame,Galgame,夏空のペルセウス,,2012,Galgame,,"A same grade classmate. Suffers from a critical disease that would kill her within less than the year. Nobody would take care her, but...",326,0,326,0,,https://t.vndb.org/ch/33/14133.jpg,https://t.vndb.org/ch/33/14133.jpg,,#5a3352 #977182 #ada6c0 #d8c5cb #f1ece6 #fefefe,Brown Waist Length+ Teen Slim Pale School Uniform Blowjob Virgin Sex Green Hair Ribbon,,,https://vndb.org/c12020,
al196167,anilist,8,31,,,王塚真唯,Mai Ouzuka,MaiMai,女,AB,,动画|漫画|轻小说,动画,わたしが恋人になれるわけないじゃん、ムリムリ! (※ムリじゃなかった!?),,2025,动画,"[{""t"":""わたしが恋人になれるわけないじゃん、ムリムリ! (※ムリじゃなかった!?)"",""cn"":"""",""ty"":""动画"",""y"":2025,""pop"":55412},{""t"":""わたしが恋人になれるわけないじゃん、ムリムリ! (※ムリじゃなかった!?)〜ネクストシャイン！〜"",""cn"":"""",""ty"":""动画"",""y"":2026,""pop"":22945},{""t"":""わたしが恋人になれるわけないじゃん、ムリムリ！（※ムリじゃなかった!?）"",""cn"":"""",""ty"":""漫画"",""y"":2020,""pop"":11849},{""t"":""わたしが恋人になれるわけないじゃん、ムリムリ! (※ムリじゃなかった!?)"",""cn"":"""",""ty"":""轻小说"",""y"":2020,""pop"":3346},{""t"":""わたしたちがわたなれ同人誌作れるわけないじゃん、ムリムリ!!(※ムリじゃなかった!?)"",""cn"":"""",""ty"":""漫画"",""y"":2025,""pop"":316},{""t"":""わたしが恋人になれるわけないじゃん、ムリムリ!(※ムリじゃなかった!?) 短編集"",""cn"":"""",""ty"":""轻小说"",""y"":2025,""pop"":196}]","**** 167 cm (5'6"") Mai is gifted academically and athletically, and [Renako](//anilist.co/character/196166/Amaori-Renako) describes her as the pinnacle of beauty. Mai is arrogant and forthright, owing to her status as the school's Madonna.",300,300,0,0,,https://s4.anilist.co/file/anilistcdn/character/large/b196167-Q0C3XpQ3G6Xk.png,https://s4.anilist.co/file/anilistcdn/character/medium/b196167-Q0C3XpQ3G6Xk.png,,,,https://anilist.co/character/196167,,,
al253838,anilist,8,31,,,生田ヒロト,Hiroto Ikuta,,男,,29,动画|漫画,漫画,ひらやすみ,,2021,漫画,"[{""t"":""ひらやすみ"",""cn"":"""",""ty"":""漫画"",""y"":2021,""pop"":16319},{""t"":""ひらやすみ"",""cn"":"""",""ty"":""动画"",""y"":2027,""pop"":4439}]","A freeter. He works part-time at a fishing place. He has no girlfriend, but old ladies seem to really like him.",281,281,0,0,,https://s4.anilist.co/file/anilistcdn/character/large/b253838-9TrZkLezg9fu.jpg,https://s4.anilist.co/file/anilistcdn/character/medium/b253838-9TrZkLezg9fu.jpg,,,,https://anilist.co/character/253838,,,
vndb-c9838,vndb,8,31,,,内海 静奈,Utsumi Shizuna,,女,A,,Galgame,Galgame,恋色空模様,,2010,Galgame,"[{""t"":""恋色空模様"",""cn"":"""",""ty"":""Galgame"",""y"":2010,""pop"":273},{""t"":""恋色空模様 After Happiness and Extra Hearts"",""cn"":"""",""ty"":""Galgame"",""y"":2011,""pop"":113}]",,273,0,273,0,,https://t.vndb.org/ch/30/28530.jpg,https://t.vndb.org/ch/30/28530.jpg,,#695a68 #a29299 #e0d7d4 #beb6b7 #f3f0ea #fefefe,Twin Tails Waist Length+ Missionary Cowgirl Blowjob Violet Kimono Sport Bloomers Friendly Granddaughter,,,https://vndb.org/c9838,
vndb-c62611,vndb,8,31,,,午前 零時,Gozen Reiji,Number Zero / Part-timer / Reijicchi / バイトさん,男,A,,Galgame,Galgame,俺達の世界わ終っている。,,2017,Galgame,,"Real 御前 令二 Misaki Reiji cola, curry rice, persimmon seeds miscellaneous chores part-time director His real name is Misaki Reiji but Owari gave him pseudonym Gozen Reiji (meaning ""midnight"").",259,0,259,0,,https://t.vndb.org/ch/57/74957.jpg,https://t.vndb.org/ch/57/74957.jpg,,#3b3f57 #769481 #ceb8aa #eddacd #eaecee #ffffff,Antenna Short Cross-dressing Teen Slim Pale Sword Cooking Fighting Grey,,,https://vndb.org/c62611,
vndb-c56622,vndb,8,31,,,雪 亜凜沙,Yuki Arisa,,女,,,Galgame,Galgame,よつのは,,2006,Galgame,,"Makoto’s classmate. A “childhood friend” that yearned to become a real childhood friend. A quiet, delicate girl with pale skin like that of snow, and a well proportioned face like that of a doll.",248,0,248,0,,https://t.vndb.org/ch/09/67509.jpg,https://t.vndb.org/ch/09/67509.jpg,,#383e4f #7c7e94 #bfb8b8 #e9e2dc #f7f6f3 #ffffff,Black Waist Length+ Blowjob Virgin Sex Blue Reserved Classmate Swimsuit Masturbation Handjob,,,https://vndb.org/c56622,
vndb-c25998,vndb,8,31,,,五十崎 澪亜,Ikazaki Reia,,女,O,,Galgame,Galgame,P/A ~Potential Ability~,,2014,Galgame,,"She was scouted as a model after a friend sent her photo to a fashion magazine without her permission, and moved to Tokyo from a small town.",208,0,208,0,,https://t.vndb.org/ch/62/39762.jpg,https://t.vndb.org/ch/62/39762.jpg,,#6f465e #e9d4aa #a3959d #f1e8e7 #fdfcfc,Blue Waist Length+ Straight Slim Pale School Uniform Hard Worker Doggy Style Cowgirl Standing Sex,,,https://vndb.org/c25998,
al145063,anilist,8,31,,,花田仁姫,Nikki Hanada,,女,AB,,动画,动画,Dr.STONE,石纪元,2019,动画,"[{""t"":""Dr.STONE"",""cn"":""石纪元"",""ty"":""动画"",""y"":2019,""pop"":554680},{""t"":""Dr.STONE STONE WARS"",""cn"":""石纪元 石之战争"",""ty"":""动画"",""y"":2021,""pop"":335280},{""t"":""Dr.STONE NEW WORLD"",""cn"":""石纪元 新世界"",""ty"":""动画"",""y"":2023,""pop"":201922},{""t"":""Dr.STONE NEW WORLD 第2クール"",""cn"":""石纪元 新世界 第2部分"",""ty"":""动画"",""y"":2023,""pop"":138943},{""t"":""Dr.STONE 龍水"",""cn"":""石纪元 龙水"",""ty"":""动画"",""y"":2022,""pop"":123272},{""t"":""Dr.STONE SCIENCE FUTURE"",""cn"":""石纪元 科学与未来"",""ty"":""动画"",""y"":2025,""pop"":115924}]","180 cm (5'11"") Nikki is a survivor that was revived by [Tsukasa](//anilist.co/character/124144/Tsukasa-Shishiou), who assigned her to keep watch over [Taiju](//anilist.co/character/124146/Taiju-Ooki) and [Yuzuriha](//anilist.co/character/12…",185,185,0,0,,https://s4.anilist.co/file/anilistcdn/character/large/b145063-ALOeDMIyqCAE.jpg,https://s4.anilist.co/file/anilistcdn/character/medium/b145063-ALOeDMIyqCAE.jpg,,,,https://anilist.co/character/145063,,,
vndb-c47521,vndb,8,31,,,小泉 冬姫,Koizumi Fuyuki,,男,,,Galgame,Galgame,闇の声,,2001,Galgame,,,184,0,184,0,,https://t.vndb.org/ch/40/57040.jpg,https://t.vndb.org/ch/40/57040.jpg,,#aaadd9 #757397 #c1a692 #eadbd2 #ffffff,Brown Long Short Cross-dressing Trap Brown Teen Slim Pale Trousers,,,https://vndb.org/c47521,
al202423,anilist,8,31,,,ウォールバーグ・バイガン,Wahlberg Baigan,,男,A,118,动画|漫画,动画,マッシュル-MASHLE-,物理魔法使马修,2023,动画,"[{""t"":""マッシュル-MASHLE-"",""cn"":""物理魔法使马修"",""ty"":""动画"",""y"":2023,""pop"":288743},{""t"":""マッシュル-MASHLE- 神覚者候補選抜試験編"",""cn"":""物理魔法使马修 神觉者候补选拔试验篇"",""ty"":""动画"",""y"":2024,""pop"":182107},{""t"":""マッシュル-MASHLE-"",""cn"":""物理魔法使马修"",""ty"":""漫画"",""y"":2020,""pop"":59820}]",Wahlberg is the Headmaster of Easton Magic Academy.,112,112,0,0,,https://s4.anilist.co/file/anilistcdn/character/large/b202423-qQKbIoKxqWTI.jpg,https://s4.anilist.co/file/anilistcdn/character/medium/b202423-qQKbIoKxqWTI.jpg,,,,https://anilist.co/character/202423,,,
