id,src,month,day,year,name_cn,name_native,name_romaji,alt_names,gender,blood,age,types,ptype,work,work_cn,work_year,work_fmt,works,summary,heat,fav,votes,collects,nsfw,image,thumb,alts,palette,tags,url_al,url_bgm,url_vndb,bgm_id
vndb-c117324,vndb,12,1,,小此木铁郎,小此木 鉄郎,Okonogi Tetsurou,Ootori 1 / Phoenix 1,男,A,,Galgame,Galgame,うみねこのなく頃に,海猫鸣泣之时,2007,Galgame,"[{""t"":""うみねこのなく頃に"",""cn"":""海猫鸣泣之时"",""ty"":""Galgame"",""y"":2007,""pop"":13833},{""t"":""うみねこのなく頃に散"",""cn"":""海猫鸣泣之时散"",""ty"":""Galgame"",""y"":2009,""pop"":10973},{""t"":""ひぐらしのなく頃に解"",""cn"":""寒蝉鸣泣之时 解"",""ty"":""Galgame"",""y"":2004,""pop"":7963},{""t"":""キコニアのなく頃に"",""cn"":"""",""ty"":""Galgame"",""y"":2019,""pop"":1311},{""t"":""ひぐらしのなく頃に: Console Arcs"",""cn"":"""",""ty"":""Galgame"",""y"":2007,""pop"":408}]",「毎度～～、小此木造園でございますんね～～～。」 小此木造園の社長。 時折、雛見沢分校でも剪定を行っている姿が見られる。 ただの造園屋とは思えない、鋭い眼光の持ち主。 根は悪い人間ではなさそうだが、強面のため学校では良く低学年の子に泣かれるのが悩み。,13833,0,13833,6,,https://t.vndb.org/ch/41/32141.jpg,https://t.vndb.org/ch/41/32141.jpg,https://lain.bgm.tv/r/400/pic/crt/l/df/18/9881_crt_SJZUU.jpg,#5b2929 #a55d4f #cfb784 #ffffff,Ponytail Long Straight Brown Slim Trousers Dress Shoes Villain Adult Olive,,https://bgm.tv/character/9881,https://vndb.org/c16497,9881
al121514,anilist,12,1,,宫水三叶,宮水三葉,Mitsuha Miyamizu,,女,,17,动画|漫画|轻小说,动画,君の名は。,你的名字。,2016,动画,"[{""t"":""君の名は。"",""cn"":""你的名字。"",""ty"":""动画"",""y"":2016,""pop"":714090},{""t"":""天気の子"",""cn"":""天气之子"",""ty"":""动画"",""y"":2019,""pop"":356022},{""t"":""君の名は。"",""cn"":""你的名字。"",""ty"":""漫画"",""y"":2016,""pop"":20176},{""t"":""サントリー 南アルプスの天然水"",""cn"":"""",""ty"":""动画"",""y"":2016,""pop"":7349},{""t"":""君の名は。 Another Side：Earthbound"",""cn"":"""",""ty"":""漫画"",""y"":2017,""pop"":2550},{""t"":""君の名は。 Another Side：Earthbound"",""cn"":"""",""ty"":""轻小说"",""y"":2016,""pop"":1910}]",山深い田舎町に住む女子高校生。町長である父は家を出ており、小学生の妹、祖母と３人暮らし。性格は素直だが、家系の神社の風習や、父の選挙運動などに嫌気が差している。友人たちと小さく狭い町を嘆き、東京の華やかな生活に憧れを抱いている。 本作女主角。住在深山乡间小镇糸守町的岐阜县立糸守高等学校2年级生。儿时母亲二叶因病逝世，跟还是小学生的妹妹宫水四叶一起在家族世代经营的“宫水神社”担任巫女，与外祖母共同生活，身为町长的父亲则离家在外。生日为12月1日。,5048,5048,0,647,,https://s4.anilist.co/file/anilistcdn/character/large/b121514-MGI7JRluscpz.png,https://s4.anilist.co/file/anilistcdn/character/medium/b121514-MGI7JRluscpz.png,https://lain.bgm.tv/r/400/pic/crt/l/5c/26/37242_crt_mDi7D.jpg,,,https://anilist.co/character/121514,https://bgm.tv/character/37242,,37242
vndb-c5322,vndb,12,1,,九鬼纹白,九鬼 紋白,Kuki Monshiro,紋 / Mon / 紋様 / Mon-sama,女,B,,Galgame,Galgame,真剣で私に恋しなさい！S,认真和我恋爱！S,2012,Galgame,"[{""t"":""真剣で私に恋しなさい！S"",""cn"":""认真和我恋爱！S"",""ty"":""Galgame"",""y"":2012,""pop"":5025},{""t"":""真剣で私に恋しなさい！A-1"",""cn"":"""",""ty"":""Galgame"",""y"":2013,""pop"":2470},{""t"":""真剣で私に恋しなさい！A-2"",""cn"":"""",""ty"":""Galgame"",""y"":2013,""pop"":2188},{""t"":""真剣で私に恋しなさい！A-3"",""cn"":"""",""ty"":""Galgame"",""y"":2014,""pop"":1374},{""t"":""真剣で私に恋しなさい！A-4"",""cn"":"""",""ty"":""Galgame"",""y"":2014,""pop"":1023},{""t"":""真剣で私に恋しなさい！A-5"",""cn"":"""",""ty"":""Galgame"",""y"":2016,""pop"":791}]",飛び級で進学、川神学園 1－Sに編入された九鬼の末妹。 姉や兄と同じく豪快で尊大な性格で、常に上から目線。 やる事なす事が破天荒であり、瞬く間に川神学園 1年生を掌握した。 だが威張ると同時に愛する民として皆を慈しんでもいる。 人を見る目に長けていると自負しており、優秀な者は九鬼に入るべし、とスカウトを続けている。 黛由紀江、椎名京などは重役待遇で受け入れると登用に熱心。 妾腹であり、その分自分は九鬼に貢献せねばと、母に認められるために頑張っている。 「細かい事は言わん。,5025,0,5025,20,,https://t.vndb.org/ch/81/85881.jpg,https://t.vndb.org/ch/81/85881.jpg,https://lain.bgm.tv/r/400/pic/crt/l/7d/70/30071_crt_u0eZE.jpg,#89939b #25202a #c5c8cd #e6e4eb #fafafb,Bun Ponytail Waist Length+ Straight Slim Pale Cooking Missionary Doggy Style Blowjob,,https://bgm.tv/character/30071,https://vndb.org/c5322,30071
vndb-c51036,vndb,12,1,,结城希亚,結城 希亜,Yuuki Noa,Parfait Queen,女,AB,,Galgame,Galgame,9-nine-ここのつここのかここのいろ,,2017,Galgame,"[{""t"":""9-nine-ここのつここのかここのいろ"",""cn"":"""",""ty"":""Galgame"",""y"":2017,""pop"":5014},{""t"":""9-nine-そらいろそらうたそらのおと"",""cn"":"""",""ty"":""Galgame"",""y"":2018,""pop"":4376},{""t"":""9-nine-はるいろはるこいはるのかぜ"",""cn"":"""",""ty"":""Galgame"",""y"":2019,""pop"":3732},{""t"":""9-nine-ゆきいろゆきはなゆきのあと"",""cn"":"""",""ty"":""Galgame"",""y"":2020,""pop"":3613},{""t"":""9-nine- 新章"",""cn"":"""",""ty"":""Galgame"",""y"":2021,""pop"":1994}]",玖方女学院2年生。 謎の多い、ミステリアスな他校の女の子。パフェが大好き。,5014,0,5014,303,,https://t.vndb.org/ch/97/62197.jpg,https://t.vndb.org/ch/97/62197.jpg,https://lain.bgm.tv/r/400/pic/crt/l/43/f7/44311_crt_NY5zZ.jpg,#63626c #cdc7c5 #ebe1e2 #f9f5f2 #919090 #ffffff,Black Odango Twin Tails Shoulder-length Straight Teen Slim Pale School Uniform Assault,,https://bgm.tv/character/44311,https://vndb.org/c51036,44311
al1081,anilist,12,1,,乌尔奇奥拉·西法,ウルキオラ・シファ,Ulquiorra Cifer,Schiffer,男,,,动画|漫画|轻小说,动画,BLEACH,死神,2004,动画,"[{""t"":""BLEACH"",""cn"":""死神"",""ty"":""动画"",""y"":2004,""pop"":521026},{""t"":""BLEACH"",""cn"":""死神"",""ty"":""漫画"",""y"":2001,""pop"":121044},{""t"":""BLEACH 地獄篇"",""cn"":"""",""ty"":""动画"",""y"":2010,""pop"":44827},{""t"":""BLEACH 20th PV"",""cn"":"""",""ty"":""动画"",""y"":2024,""pop"":5871},{""t"":""not be, but be"",""cn"":"""",""ty"":""漫画"",""y"":2011,""pop"":2372},{""t"":""DON’T BLEACH MY FIST"",""cn"":"""",""ty"":""轻小说"",""y"":2026,""pop"":144}]","169 cm (5'7"") Ulquiorra is a male arrancar with a melancholic appearance. Ulquiora is the 4th ranked espada. Ulquiorra is also analytical; during his and Yammy's first visit to the human world, he makes several remarks on the humans who con…",4584,4584,0,57,,https://s4.anilist.co/file/anilistcdn/character/large/b1081-xLTqHfLL2I2W.png,https://s4.anilist.co/file/anilistcdn/character/medium/b1081-xLTqHfLL2I2W.png,https://lain.bgm.tv/r/400/pic/crt/l/cd/d1/4392_crt_gkUQ7.jpg,,,https://anilist.co/character/1081,https://bgm.tv/character/4392,,4392
al121516,anilist,12,1,,立花泷,立花瀧,Taki Tachibana,,男,,14-17,动画|漫画|轻小说,动画,君の名は。,你的名字。,2016,动画,"[{""t"":""君の名は。"",""cn"":""你的名字。"",""ty"":""动画"",""y"":2016,""pop"":714090},{""t"":""天気の子"",""cn"":""天气之子"",""ty"":""动画"",""y"":2019,""pop"":356022},{""t"":""君の名は。"",""cn"":""你的名字。"",""ty"":""漫画"",""y"":2016,""pop"":20176},{""t"":""サントリー 南アルプスの天然水"",""cn"":"""",""ty"":""动画"",""y"":2016,""pop"":7349},{""t"":""君の名は。 Another Side：Earthbound"",""cn"":"""",""ty"":""漫画"",""y"":2017,""pop"":2550},{""t"":""君の名は。 Another Side：Earthbound"",""cn"":"""",""ty"":""轻小说"",""y"":2016,""pop"":1910}]",本作男主角。2016年时17岁，生活在东京市中心的东京都立神宫高等学校2年级生。放学后在意大利餐馆打工，与同事暗恋店内奥寺前辈。私下擅长素描，对建筑和美术有兴趣，也擅长打篮球。生日为12月1日。 为人脾气冲动、有正义感，跟三叶交换身体的期间曾多次替她打抱不平。,3212,3212,0,136,,https://s4.anilist.co/file/anilistcdn/character/large/b121516-kuPVJLNsH5uE.png,https://s4.anilist.co/file/anilistcdn/character/medium/b121516-kuPVJLNsH5uE.png,https://lain.bgm.tv/r/400/pic/crt/l/31/96/37241_crt_NpuRA.jpg,,,https://anilist.co/character/121516,https://bgm.tv/character/37241,,37241
al130508,anilist,12,1,491,,ファリン・トーデン,Falin Thorden,Farin / Falyn / Farlyn / Falin Touden,女,,23,动画|漫画,动画,ダンジョン飯,迷宫饭,2024,动画,"[{""t"":""ダンジョン飯"",""cn"":""迷宫饭"",""ty"":""动画"",""y"":2024,""pop"":225501},{""t"":""ダンジョン飯"",""cn"":""迷宫饭"",""ty"":""漫画"",""y"":2014,""pop"":55660},{""t"":""ダンジョン飯 CM"",""cn"":"""",""ty"":""动画"",""y"":2019,""pop"":3353},{""t"":""ダンジョン飯 ワールドガイド 冒険者バイブル"",""cn"":"""",""ty"":""漫画"",""y"":2021,""pop"":2215},{""t"":""ダンジョン飯"",""cn"":""迷宫饭"",""ty"":""漫画"",""y"":2013,""pop"":461},{""t"":""九井諒子ラクガキ本 デイドリーム・アワー"",""cn"":"""",""ty"":""漫画"",""y"":2024,""pop"":260}]","170 cm (5'7"") Falin is [Laios](//anilist.co/character/126818/Thorden-Laios)'s younger sister and a mage specializing in support spells. She is a tall-man from the Northern Continent.",1766,1766,0,0,,https://s4.anilist.co/file/anilistcdn/character/large/b130508-ZaP30snJccry.png,https://s4.anilist.co/file/anilistcdn/character/medium/b130508-ZaP30snJccry.png,,,,https://anilist.co/character/130508,,,
al249404,anilist,12,1,,,モニカ・エヴァレット,Monica Everett,Silent Witch / Monica Norton,女,,16-,动画|漫画|轻小说,动画,サイレント・ウィッチ 沈黙の魔女の隠しごと,,2025,动画,"[{""t"":""サイレント・ウィッチ 沈黙の魔女の隠しごと"",""cn"":"""",""ty"":""动画"",""y"":2025,""pop"":94737},{""t"":""サイレント・ウィッチ　沈黙の魔女の隠しごと"",""cn"":"""",""ty"":""漫画"",""y"":2021,""pop"":4268},{""t"":""サイレント・ウィッチ　沈黙の魔女の隠しごと"",""cn"":"""",""ty"":""轻小说"",""y"":2021,""pop"":3049},{""t"":""サイレント・ウィッチ　沈黙の魔女の隠しごと -another-"",""cn"":"""",""ty"":""轻小说"",""y"":2023,""pop"":250}]","Monica Everett is famously known as the Silent Witch for being the only human capable of casting spells without chanting. Exceedingly shy, she had trouble conversing with others; and in the worst cases, faints when meeting strangers.",1622,1622,0,0,,https://s4.anilist.co/file/anilistcdn/character/large/b249404-uARpApyHxD9A.png,https://s4.anilist.co/file/anilistcdn/character/medium/b249404-uARpApyHxD9A.png,,,,https://anilist.co/character/249404,,,
al177,anilist,12,1,,,鳴海歩,Ayumu Narumi,,男,,16,动画|漫画,动画,スパイラル -推理の絆-,,2002,动画,"[{""t"":""スパイラル -推理の絆-"",""cn"":"""",""ty"":""动画"",""y"":2002,""pop"":8120},{""t"":""スパイラル～推理の絆～"",""cn"":"""",""ty"":""漫画"",""y"":2000,""pop"":2300}]","The protagonist of Spiral. Ayumu is very intelligent, but is very introverted and has a lot of self-doubt. He fears that he cannot surpass his own perfect older brother and doubts himself to the point where he no longer believes he can do a…",1497,1497,0,0,,https://s4.anilist.co/file/anilistcdn/character/large/b177-9r3ywr4aQjeY.png,https://s4.anilist.co/file/anilistcdn/character/medium/b177-9r3ywr4aQjeY.png,,,,https://anilist.co/character/177,,,
vndb-c1794,vndb,12,1,,,東峰 つかさ,Toumine Tsukasa,,女,O,,Galgame,Galgame,いろとりどりのセカイ,,2011,Galgame,"[{""t"":""いろとりどりのセカイ"",""cn"":"""",""ty"":""Galgame"",""y"":2011,""pop"":1422},{""t"":""いろとりどりのヒカリ"",""cn"":"""",""ty"":""Galgame"",""y"":2012,""pop"":632},{""t"":""紅い瞳に映るセカイ"",""cn"":"""",""ty"":""Galgame"",""y"":2015,""pop"":392}]","Fortune goods, manekineko, baths Diseases, painful things Favorite Fried shokupan Disliked Smoked food A cheerful girl who works hard to make money for a reason she refuses to explain.",1422,0,1422,0,,https://t.vndb.org/ch/19/38519.jpg,https://t.vndb.org/ch/19/38519.jpg,,#448289 #c79b8b #d8cbc8 #f5ede2 #f8f6f5 #ffffff,Ahoge Curtained Short Green Teen Slim Pale School Uniform Dress Shoes Hard Worker,,,https://vndb.org/c1794,
vndb-c4883,vndb,12,1,,,深山 雪見,Miyama Yukimi,,女,,,Galgame,Galgame,ONE ～輝く季節へ～,,1998,Galgame,,"Yukimi is Misaki's childhood friend and president of the theater club. She supports Misaki no matter what happens, but for a good reason she has been called an ""atrocious person"" by Misaki.",1310,0,1310,0,,https://t.vndb.org/ch/20/188820.jpg,https://t.vndb.org/ch/20/188820.jpg,,#c3918c #7f302b #e9c3b5 #f8f0e6 #fcf8f2,Pink Long Wavy Teen Slim Pale School Uniform Violet Friendly Childhood Friend,,,https://vndb.org/c4883,
vndb-c5319,vndb,12,1,,,笹森 花梨,Sasamori Karin,,女,AB,,Galgame,Galgame,ToHeart2,ToHeart2,2004,Galgame,"[{""t"":""ToHeart2"",""cn"":""ToHeart2"",""ty"":""Galgame"",""y"":2004,""pop"":1137},{""t"":""ToHeart2 AnotherDays"",""cn"":"""",""ty"":""Galgame"",""y"":2008,""pop"":133},{""t"":""ToHeart2 ダンジョントラベラーズ"",""cn"":""迷宮旅人：To Heart 2"",""ty"":""Galgame"",""y"":2009,""pop"":37}]","Karin is in the same grade as Takaaki and the founder and only member of the ""Mystery Club"" before she manages to blackmail Takaaki into joining.",1137,0,1137,0,,https://t.vndb.org/ch/42/19142.jpg,https://t.vndb.org/ch/42/19142.jpg,,#b4383d #df957b #ecc3b1 #f3e6dc #faf7f4 #ffffff,Blond Twin Tails Shoulder-length Teen Slim Pale Virgin Sex Blue Miniskirt Sports Shoes,,,https://vndb.org/c5319,
vndb-c38373,vndb,12,1,,,モーリス・物部,Maurice Monobe,Tetsurou Monobe,男,,,Galgame,Galgame,ローズガンズデイズ,,2012,Galgame,,"A former soldier who fought on the frontlines, and one of the most competent mafia bosses working for Caleb. [TV Tropes]",1103,0,1103,0,,https://t.vndb.org/ch/53/49453.jpg,https://t.vndb.org/ch/53/49453.jpg,,#4d454d #e1c7b4 #ada5a8 #ffffff,Ponytail Short Green Fighting Mafia Soldier Death Sunglasses Loyal Executive,,,https://vndb.org/c38373,
al199,anilist,12,1,,,播磨拳児,Kenji Harima,Hige / Harima Hario / Kappa / God,男,O,16,动画|漫画,动画,スクールランブル,,2004,动画,"[{""t"":""スクールランブル"",""cn"":"""",""ty"":""动画"",""y"":2004,""pop"":59498},{""t"":""スクールランブル 二学期"",""cn"":"""",""ty"":""动画"",""y"":2006,""pop"":24941},{""t"":""スクールランブル三学期"",""cn"":"""",""ty"":""动画"",""y"":2008,""pop"":11744},{""t"":""スクールランブル一学期補習"",""cn"":"""",""ty"":""动画"",""y"":2005,""pop"":10331},{""t"":""スクールランブル"",""cn"":"""",""ty"":""漫画"",""y"":2002,""pop"":6396},{""t"":""スクールランブル Z"",""cn"":"""",""ty"":""漫画"",""y"":2008,""pop"":1340}]","180 cm (5'11"") Kenji Harima is the male protagonist, an ex-delinquent who loves [Tenma](//anilist.co/character/198/Tsukamoto-Tenma).",734,734,0,0,,https://s4.anilist.co/file/anilistcdn/character/large/b199-Zufho3OjqyLE.jpg,https://s4.anilist.co/file/anilistcdn/character/medium/b199-Zufho3OjqyLE.jpg,,,,https://anilist.co/character/199,,,
vndb-c87839,vndb,12,1,,,錦 あすみ,Nishiki Asumi,すみぴっぴ,女,,,Galgame,Galgame,ハミダシクリエイティブ,,2020,Galgame,"[{""t"":""ハミダシクリエイティブ"",""cn"":"""",""ty"":""Galgame"",""y"":2020,""pop"":723},{""t"":""ハミダシクリエイティブ凸"",""cn"":"""",""ty"":""Galgame"",""y"":2022,""pop"":320},{""t"":""ハミダシクリエイティブRe:Re:call"",""cn"":"""",""ty"":""Galgame"",""y"":2025,""pop"":147}]","Creative Vtuber Special Massaging Favorite Steamed Meat Buns Singing Tomohiro's junior, she met him at a convenience store. You won't often find her at school.",723,0,723,0,,https://t.vndb.org/ch/22/109522.jpg,https://t.vndb.org/ch/22/109522.jpg,,#744f58 #aca2c0 #cdd5e7 #e4f3f8 #f3eae4 #ffffff,Shoulder-length Teen Slim Pale School Uniform Doggy Style Standing Sex Spoons Blowjob Virgin Sex,,,https://vndb.org/c87839,
al752,anilist,12,1,,,有栖川樹璃,Juri Arisugawa,,女,A,16,动画|漫画|轻小说,动画,少女革命ウテナ,少女革命,1997,动画,"[{""t"":""少女革命ウテナ"",""cn"":""少女革命"",""ty"":""动画"",""y"":1997,""pop"":80931},{""t"":""少女革命ウテナ アドゥレセンス黙示録"",""cn"":""少女革命 思春期默示录"",""ty"":""动画"",""y"":1999,""pop"":22156},{""t"":""少女革命ウテナ"",""cn"":""少女革命"",""ty"":""漫画"",""y"":1996,""pop"":5277},{""t"":""少女革命ウテナ After The Revolution"",""cn"":"""",""ty"":""漫画"",""y"":2017,""pop"":1623},{""t"":""少女革命ウテナ～アドゥレセンス黙示録"",""cn"":"""",""ty"":""漫画"",""y"":1999,""pop"":1254},{""t"":""少女革命ウテナ -蒼の双樹-"",""cn"":"""",""ty"":""轻小说"",""y"":1998,""pop"":504}]","Orange Ruka Tsuchiya Rapier To disprove the power of miracles The captain of the academy's fencing team, Juri is one of Ohtori's most highly respected students, and even the teachers appear to be in awe of her.",719,719,0,0,,https://s4.anilist.co/file/anilistcdn/character/large/b752-yiBtyANT48mG.png,https://s4.anilist.co/file/anilistcdn/character/medium/b752-yiBtyANT48mG.png,,,,https://anilist.co/character/752,,,
vndb-c94432,vndb,12,1,,,アドルフ,Adolphe,,男,AB,,Galgame,Galgame,終遠のヴィルシュ -ErroR:salvation-,,2021,Galgame,"[{""t"":""終遠のヴィルシュ -ErroR:salvation-"",""cn"":"""",""ty"":""Galgame"",""y"":2021,""pop"":674},{""t"":""終遠のヴィルシュ -EpiC:lycoris-"",""cn"":"""",""ty"":""Galgame"",""y"":2023,""pop"":170}]","""It's disappointing to see that the nature of humans hasn't changed."" Affirming his fate to pursue. The leader of the Corps who was raised alongside the heroine at the orphanage. He currently lives alone on the outskirts of town.",674,0,674,0,,https://t.vndb.org/ch/65/117065.jpg,https://t.vndb.org/ch/65/117065.jpg,,#3b171d #4c2529 #6b3d3f #947770 #191111 #dfc3b1,Brown Ponytail Long Curtained Short Pale Uniform Trousers Sword Proactive,,,https://vndb.org/c94432,
al50223,anilist,12,1,,,九条カレン,Karen Kujou,,女,,16,动画|漫画,动画,きんいろモザイク,,2013,动画,"[{""t"":""きんいろモザイク"",""cn"":"""",""ty"":""动画"",""y"":2013,""pop"":51277},{""t"":""ハロー!!きんいろモザイク"",""cn"":"""",""ty"":""动画"",""y"":2015,""pop"":23121},{""t"":""きんいろモザイク Pretty Days"",""cn"":"""",""ty"":""动画"",""y"":2016,""pop"":9707},{""t"":""きんいろモザイク Thank you!!"",""cn"":"""",""ty"":""动画"",""y"":2021,""pop"":6359},{""t"":""きんいろモザイク"",""cn"":"""",""ty"":""漫画"",""y"":2010,""pop"":1717},{""t"":""きららファンタジア"",""cn"":""闪耀幻想曲"",""ty"":""漫画"",""y"":2019,""pop"":465}]","**** 150 cm A half-British, half-Japanese girl who was Alice's friend back in England. She comes to Japan and enrols in Shinobu's school. Karen is generally a very energetic girl (even more so than Youko).",658,658,0,0,,https://s4.anilist.co/file/anilistcdn/character/large/b50223-FZcfUrbCqvRf.jpg,https://s4.anilist.co/file/anilistcdn/character/medium/b50223-FZcfUrbCqvRf.jpg,,,,https://anilist.co/character/50223,,,
vndb-c8535,vndb,12,1,,,鳳 鳴,Ootori Naru,,女,,,Galgame,Galgame,俺たちに翼はない,,2009,Galgame,"[{""t"":""俺たちに翼はない"",""cn"":"""",""ty"":""Galgame"",""y"":2009,""pop"":632},{""t"":""俺たちに翼はない ～Prelude～"",""cn"":"""",""ty"":""Galgame"",""y"":2008,""pop"":220},{""t"":""俺たちに翼はない AfterStory"",""cn"":"""",""ty"":""Galgame"",""y"":2010,""pop"":200}]","A young high school girl and Kakeru's younger sister, part of the street vignette. She is a cheerful airhead and, despite her appearance, quite acute. She asks Hayato, her romantic interest, to help her look for her lost bicycle.",632,0,632,0,,https://t.vndb.org/ch/99/149499.jpg,https://t.vndb.org/ch/99/149499.jpg,,#3f3a47 #87777a #beb2b4 #e2dad8 #f6f2ea #ffffff,Black Short Straight Teen Missionary Doggy Style Blowjob Virgin Sex Black Hair Ribbon,,,https://vndb.org/c8535,
al208524,anilist,12,1,,,鳳凰寺紅葉,Akane Hououji,,女,AB,19,动画|漫画,动画,女神のカフェテラス,,2023,动画,"[{""t"":""女神のカフェテラス"",""cn"":"""",""ty"":""动画"",""y"":2023,""pop"":58513},{""t"":""女神のカフェテラス 第2期"",""cn"":"""",""ty"":""动画"",""y"":2024,""pop"":29659},{""t"":""女神のカフェテラス"",""cn"":"""",""ty"":""漫画"",""y"":2021,""pop"":14017}]",Part-time worker for the café. Writes music for her band.,621,621,0,0,,https://s4.anilist.co/file/anilistcdn/character/large/b208524-gLJO4cNRVZ1M.jpg,https://s4.anilist.co/file/anilistcdn/character/medium/b208524-gLJO4cNRVZ1M.jpg,,,,https://anilist.co/character/208524,,,
al5801,anilist,12,1,,,月詠幾斗,Ikuto Tsukiyomi,Black Lynx / Mr. Black Cat / Death Rebel,男,AB,17,动画|漫画,动画,しゅごキャラ！,,2007,动画,"[{""t"":""しゅごキャラ！"",""cn"":"""",""ty"":""动画"",""y"":2007,""pop"":39698},{""t"":""しゅごキャラ！！どきっ"",""cn"":"""",""ty"":""动画"",""y"":2008,""pop"":17571},{""t"":""しゅごキャラ！パーティー！"",""cn"":"""",""ty"":""动画"",""y"":2009,""pop"":13146},{""t"":""しゅごキャラ!"",""cn"":"""",""ty"":""漫画"",""y"":2006,""pop"":8367},{""t"":""しゅごキャラ！ジュエルジョーカー"",""cn"":"""",""ty"":""漫画"",""y"":2024,""pop"":857},{""t"":""しゅごキャラちゃん!"",""cn"":"""",""ty"":""漫画"",""y"":2008,""pop"":584}]",A teenage boy contracted by Easter to find the Embryo.,618,618,0,0,,https://s4.anilist.co/file/anilistcdn/character/large/b5801-24TUw8J2Sj0d.png,https://s4.anilist.co/file/anilistcdn/character/medium/b5801-24TUw8J2Sj0d.png,,,,https://anilist.co/character/5801,,,
vndb-c43106,vndb,12,1,,,ヴァレリオ・ジアコーザ,Valerio Giacosa,VG,男,,,Galgame,Galgame,マブラヴ オルタネイティヴ トータル・イクリプス,Muv-Luv Alternative Total Eclipse,2013,Galgame,,"Valerio keeps spirits in Argus high with the chipper, upbeat personality typical of Italians. He has a habit of chasing after any girl he sees, but he’s also caring and works hard to reduce tensions within the unit. His nickname is VG.",597,0,597,0,,https://t.vndb.org/ch/82/134882.jpg,https://t.vndb.org/ch/82/134882.jpg,,#48515e #262c30 #7a839d #d8c4b6 #f2ede1 #ffffff,Wavy Curtained Shoulder-length Green Pale Trousers Fighting Green Young-adult Muscular,,,https://vndb.org/c43106,
vndb-c69497,vndb,12,1,,,女未 そら,Onami Sora,,女,O,,Galgame,Galgame,お兄ちゃん、朝までずっとギュッてして！,,2018,Galgame,"[{""t"":""お兄ちゃん、朝までずっとギュッてして！"",""cn"":"""",""ty"":""Galgame"",""y"":2018,""pop"":564},{""t"":""お兄ちゃん、朝までずっとギュッてして！ 夜までもっとエッチして！"",""cn"":"""",""ty"":""Galgame"",""y"":2019,""pop"":202}]",Your klutzy little sister and the eldest of the Onami girls. Sora is a motherly figure who can brighten any room with her radiant smile. She's a bit of an airhead and tends to relax a little too much around her family.,564,0,564,0,,https://t.vndb.org/ch/17/83817.jpg,https://t.vndb.org/ch/17/83817.jpg,,#60464a #9a8286 #c8b8bd #eadcd9 #f7f1ed #ffffff,Brown Waist Length+ Straight Teen Slim Pale School Uniform Hard Worker Cooking Missionary,,,https://vndb.org/c69497,
al47165,anilist,12,1,,,綿谷新,Arata Wataya,Megane,男,O,12-18,动画|漫画,动画,ちはやふる,,2011,动画,"[{""t"":""ちはやふる"",""cn"":"""",""ty"":""动画"",""y"":2011,""pop"":123287},{""t"":""ちはやふる 2"",""cn"":"""",""ty"":""动画"",""y"":2013,""pop"":57197},{""t"":""ちはやふる 3"",""cn"":"""",""ty"":""动画"",""y"":2019,""pop"":45191},{""t"":""ちはやふる"",""cn"":"""",""ty"":""漫画"",""y"":2007,""pop"":23299},{""t"":""ちはやふる２　わがみよにふるながめせしまに"",""cn"":"""",""ty"":""动画"",""y"":2013,""pop"":10904},{""t"":""ちはやふる 中学生編"",""cn"":"""",""ty"":""漫画"",""y"":2017,""pop"":840}]","173cm (5'8"") Fukui Prefecture East Hitsufujioka High School Fukui Nagumo Society - A Class Arata Wataya was a transfer student from Fukui that went to Chihaya's elementary school.",541,541,0,0,,https://s4.anilist.co/file/anilistcdn/character/large/b47165-722YcHeGJdUO.png,https://s4.anilist.co/file/anilistcdn/character/medium/b47165-722YcHeGJdUO.png,,,,https://anilist.co/character/47165,,,
al169497,anilist,12,1,,,湊あくあ,Aqua Minato,Dai Tenshi Aqua / Onion / Baqua / Aqu-tan,女,B,,动画,动画,ホロのぐらふぃてぃ,,2019,动画,"[{""t"":""ホロのぐらふぃてぃ"",""cn"":"""",""ty"":""动画"",""y"":2019,""pop"":14672},{""t"":""『ホロライブ・オルタナティブ』 ティザーPVs"",""cn"":"""",""ty"":""动画"",""y"":2021,""pop"":5655},{""t"":""マリン出航！！"",""cn"":"""",""ty"":""动画"",""y"":2022,""pop"":2643},{""t"":""UMISEA"",""cn"":"""",""ty"":""动画"",""y"":2021,""pop"":1664},{""t"":""#あくあ色ぱれっと"",""cn"":"""",""ty"":""动画"",""y"":2020,""pop"":1360},{""t"":""美少女無罪♡パイレーツ"",""cn"":"""",""ty"":""动画"",""y"":2023,""pop"":1298}]","August 8, 2018 August 28, 2024 148 cm Aqua Crew [Gaou](//anilist.co/staff/134099/) 2nd Gen Minato Aqua was a female Japanese Virtual YouTuber associated with hololive.",488,488,0,0,,https://s4.anilist.co/file/anilistcdn/character/large/b169497-w777keD7LP7l.png,https://s4.anilist.co/file/anilistcdn/character/medium/b169497-w777keD7LP7l.png,,,,https://anilist.co/character/169497,,,
vndb-c98076,vndb,12,1,,,メバチ,Mebachi,メバっちゃん / Mebacchan,女,AB,,Galgame,Galgame,Monkeys!¡,,2021,Galgame,,Evening student at Garasunomiya. Strange and energetic girl who always acts like comedic duo with her friend Guppy who is also evening student.,468,0,468,0,,https://t.vndb.org/ch/28/118828.jpg,https://t.vndb.org/ch/28/118828.jpg,,#736166 #b0a3a6 #d1cecf #f8f8f4 #e9e8e8 #ffffff,Red White Ahoge Waist Length+ Teen Slim Pale School Uniform Hard Worker Orphan,,,https://vndb.org/c98076,
vndb-c4725,vndb,12,1,,,尾崎 秀雄,Ozaki Hideo,,男,A,,Galgame,Galgame,蝶の毒 華の鎖,,2011,Galgame,"[{""t"":""蝶の毒 華の鎖"",""cn"":"""",""ty"":""Galgame"",""y"":2011,""pop"":467},{""t"":""蝶の毒 華の鎖 ～幻想夜話～"",""cn"":"""",""ty"":""Galgame"",""y"":2012,""pop"":105}]",,467,0,467,0,,https://t.vndb.org/ch/12/85912.jpg,https://t.vndb.org/ch/12/85912.jpg,,#c4b395 #947363 #dfd0b1 #eee6de #ffffff,Short Straight Pale Fighting Sixty-nine Virgin Sex Blue Young-adult Glasses Tsundere,,,https://vndb.org/c4725,
vndb-c38548,vndb,12,1,,,黒鉄 ナオト,Kurogane Naoto,,男,B,,Galgame,Galgame,BLAZBLUE CENTRALFICTION,,2016,Galgame,,Loving cats Rest Eye drops (they're so hard to use) Naoto Kurogane is the main protagonist of the Bloodedge Experience series. He is gifted with the Hunter's Eye and is the servant of Raquel Alucard.,356,0,356,0,,https://t.vndb.org/ch/60/46560.jpg,https://t.vndb.org/ch/60/46560.jpg,,#966256 #4d3334 #bca599 #dad0c9 #f0eeeb #ffffff,Brown Ahoge Short Teen Slim Pale School Uniform Trousers Amber Jacket,,,https://vndb.org/c38548,
al2285,anilist,12,1,,,星矢,Seiya,Pegasus / Seiya of Pegasus / Seiya de Pégaso,男,B,13,动画|漫画,动画,聖闘士星矢,,1986,动画,"[{""t"":""聖闘士星矢"",""cn"":"""",""ty"":""动画"",""y"":1986,""pop"":38760},{""t"":""聖闘士星矢 冥王ハーデス十二宮編"",""cn"":"""",""ty"":""动画"",""y"":2002,""pop"":12086},{""t"":""聖闘士星矢 冥王ハーデス冥界編"",""cn"":"""",""ty"":""动画"",""y"":2005,""pop"":10598},{""t"":""聖闘士星矢Ω"",""cn"":"""",""ty"":""动画"",""y"":2012,""pop"":10328},{""t"":""聖闘士星矢 冥王ハーデス エリシオン編"",""cn"":"""",""ty"":""动画"",""y"":2008,""pop"":9241},{""t"":""聖闘士星矢"",""cn"":"""",""ty"":""漫画"",""y"":1985,""pop"":6865}]","Seiya was trained to become a Saint of Athena, who is in charge of protecting the Earth from some of the other gods who would take it as part of their domain. Those gods include Hades, Artemis, and Poseidon.",339,339,0,0,,https://s4.anilist.co/file/anilistcdn/character/large/2285.jpg,https://s4.anilist.co/file/anilistcdn/character/medium/2285.jpg,,,,https://anilist.co/character/2285,,,
al130683,anilist,12,1,,,鈴木将,Shou Suzuki,,男,,13,动画|漫画,动画,モブサイコ100,灵能百分百,2016,动画,"[{""t"":""モブサイコ100"",""cn"":""灵能百分百"",""ty"":""动画"",""y"":2016,""pop"":626191},{""t"":""モブサイコ100 II"",""cn"":"""",""ty"":""动画"",""y"":2019,""pop"":449082},{""t"":""モブサイコ100 Ⅲ"",""cn"":""灵能百分百 第三季"",""ty"":""动画"",""y"":2022,""pop"":264437},{""t"":""モブサイコ100"",""cn"":""灵能百分百"",""ty"":""漫画"",""y"":2012,""pop"":49245}]",~!Sho Suzuki is the son of the leader of Claw. He led a direct resistance against his father's world domination plan.!~,319,319,0,0,,https://s4.anilist.co/file/anilistcdn/character/large/n130683-TxUJVPKmUxrf.jpg,https://s4.anilist.co/file/anilistcdn/character/medium/n130683-TxUJVPKmUxrf.jpg,,,,https://anilist.co/character/130683,,,
vndb-c74855,vndb,12,1,,,神威 天,Kamui Sora,,男,B,,Galgame,Galgame,1bitHeart,,2015,Galgame,,"A boy who lives at a planetarium. He was born without the use of his legs, and his parents live overseas. Doesn't seem great at talking to others, so his replies often come off as blunt.",316,0,316,0,,https://t.vndb.org/ch/17/90617.jpg,https://t.vndb.org/ch/17/90617.jpg,,#33133a #633551 #8c274b #905c72 #461d3c #d5a5af,Brown Ponytail Red Vest Friend Wheelchair Ribbon Tie Moody,,,https://vndb.org/c74855,
al131651,anilist,12,1,,,新崎九遠,Kuon Shinzaki,,女,,16,动画|漫画,动画,天空侵犯,天空侵犯,2021,动画,"[{""t"":""天空侵犯"",""cn"":""天空侵犯"",""ty"":""动画"",""y"":2021,""pop"":136416},{""t"":""天空侵犯"",""cn"":""天空侵犯"",""ty"":""漫画"",""y"":2013,""pop"":24357}]",Shinzaki Kuon is a God Candidate. She is sometimes referred to as the Railgun User.,306,306,0,0,,https://s4.anilist.co/file/anilistcdn/character/large/b131651-zNN2DXswtN1H.jpg,https://s4.anilist.co/file/anilistcdn/character/medium/b131651-zNN2DXswtN1H.jpg,,,,https://anilist.co/character/131651,,,
vndb-c50202,vndb,12,1,,,蒼井 遙,Aoi Haruka,Harucurry,女,AB,,Galgame,Galgame,桜ひとひら恋もよう,,2017,Galgame,"[{""t"":""桜ひとひら恋もよう"",""cn"":"""",""ty"":""Galgame"",""y"":2017,""pop"":287},{""t"":""彼女と俺の恋愛日常"",""cn"":"""",""ty"":""Galgame"",""y"":2017,""pop"":88}]",,287,0,287,0,,https://t.vndb.org/ch/78/60278.jpg,https://t.vndb.org/ch/78/60278.jpg,,#515183 #b59ba9 #e0c6c0 #e8e4ec #f8f5f5 #ffffff,Brown Short Straight Teen Slim Pale School Uniform Cooking Missionary Standing Sex,,,https://vndb.org/c50202,
vndb-c170,vndb,12,1,,,椰子 のどか,Yashi Nodoka,,女,A,,Galgame,Galgame,つよきす,娇蛮之吻,2005,Galgame,"[{""t"":""つよきす"",""cn"":""娇蛮之吻"",""ty"":""Galgame"",""y"":2005,""pop"":284},{""t"":""つよきす３学期"",""cn"":"""",""ty"":""Galgame"",""y"":2011,""pop"":108},{""t"":""つよきす2学期"",""cn"":"""",""ty"":""Galgame"",""y"":2008,""pop"":99}]",,284,0,284,0,,https://t.vndb.org/ch/92/38892.jpg,https://t.vndb.org/ch/92/38892.jpg,,#d55a72 #533857 #b69fab #eed4c6 #f9f2e6 #ffffff,Black Long Curtained Red Adult Skirt Airhead Mother Relaxed Kind,,,https://vndb.org/c170,
al89018,anilist,12,1,,,白神葉子,Youko Shiragami,,女,,,动画|漫画,动画,実は私は,,2015,动画,"[{""t"":""実は私は"",""cn"":"""",""ty"":""动画"",""y"":2015,""pop"":67259},{""t"":""実は私は"",""cn"":"""",""ty"":""漫画"",""y"":2013,""pop"":18769},{""t"":""今朝も揺られてます"",""cn"":"""",""ty"":""漫画"",""y"":2024,""pop"":12095}]","Youko is a classmate of [Asahi](//anilist.co/character/89084/Kuromine-Asahi) and the daughter of a human and a vampire. Though she has long canine teeth, many other typical vampyric characteristics are downplayed, such as only getting tanne…",275,275,0,0,,https://s4.anilist.co/file/anilistcdn/character/large/b89018-4BnXuxnNZFOp.jpg,https://s4.anilist.co/file/anilistcdn/character/medium/b89018-4BnXuxnNZFOp.jpg,,,,https://anilist.co/character/89018,,,
vndb-c12468,vndb,12,1,,,速瀬 まなみ,Hayase Manami,Mana / まな,女,B,,Galgame,Galgame,カミカゼ☆エクスプローラー！,,2011,Galgame,,"<Penetrator> (Fortification on pencil) Hayase Keiji's younger sister. She harbors romantic feeling toward Keiji. After Keiji got transfered to Suminoe Gakuen, she works hard to wake up her own Metis so she can get to the same school as him,…",268,0,268,0,,https://t.vndb.org/ch/18/49218.jpg,https://t.vndb.org/ch/18/49218.jpg,,#bf5d74 #eaa1ae #332228 #e7d2dd #f7f0f0 #ffffff,Pink Ahoge Twin Tails Shoulder-length Straight Teen Slim Pale Hard Worker Doggy Style,,,https://vndb.org/c12468,
vndb-c23211,vndb,12,1,,,小松 聡海,Komatsu Satomi,,其他,A,,Galgame,Galgame,ドM男探偵がイク 勝手にイッたらオシオキよ！,,2012,Galgame,"[{""t"":""ドM男探偵がイク 勝手にイッたらオシオキよ！"",""cn"":"""",""ty"":""Galgame"",""y"":2012,""pop"":267},{""t"":""ドM男探偵がイク2 私のシモベになりなさいっ！"",""cn"":"""",""ty"":""Galgame"",""y"":2013,""pop"":142},{""t"":""ドM男探偵がイク3 アナタの××、剥いてあげる♪"",""cn"":"""",""ty"":""Galgame"",""y"":2014,""pop"":43}]","An honor student whose looks are matched only by her brains. Though much pursued by many around her, she maintains a friendly personality and bright outlook on life.",267,0,267,0,,https://t.vndb.org/ch/20/68720.jpg,https://t.vndb.org/ch/20/68720.jpg,,#cd9a68 #8b623e #d7c0aa #ede2d2 #faf9ee #ffffff,Brown Ponytail Waist Length+ Brown Teen Slim Pale Sweater Missionary Blowjob,,,https://vndb.org/c23211,
vndb-c78358,vndb,12,1,,,春夏冬 小兎,Akinashi Koto,,女,,,Galgame,Galgame,クダンノフォークロア,,2019,Galgame,,"A first-year General Studies student at Kudan Women's Academy. Going by her fashionable style, you wouldn't expect her to be into ghosts and urban legends, but Koto is a huge occult nerd and president of the Academy's Occult Studies Club.",254,0,254,0,,https://t.vndb.org/ch/30/113530.jpg,https://t.vndb.org/ch/30/113530.jpg,,#8796b8 #d6a796 #b9c2d9 #f5dbcb #f0efef #ffffff,Blond Shoulder-length Short Straight Teen Slim Pale School Uniform Proactive Blue,,,https://vndb.org/c78358,
vndb-c101145,vndb,12,1,,,,Jade Harley,gardenGnostic / Witch of Space,女,,,Galgame,Galgame,Homestuck,,2016,Galgame,,"Jade Harley is one of the main characters in Homestuck. She is the fourth kid to be introduced. She has long black hair, round glasses, and a bucktoothed grin.",245,0,245,0,,https://t.vndb.org/ch/90/159990.jpg,https://t.vndb.org/ch/90/159990.jpg,,#1d64d2 #0c2656 #373d4d #080507 #757d77 #dddedd,Black Long Glasses Rifle Full Sister Granddaughter Musician Death Belt Precog,,,https://vndb.org/c101145,
vndb-c138293,vndb,12,1,,,,Jake English,golgothasTerror / Page of Hope,男,,,Galgame,Galgame,Homestuck,,2016,Galgame,,"Jake English is one of the four Alpha kids. He loves adventure and brawling, and speaks in a very peculiar, old-timey fashion. He has an affinity for movies, tomb-raiding, firearms, and superhero comics.",245,0,245,0,,https://t.vndb.org/ch/90/162690.jpg,https://t.vndb.org/ch/90/162690.jpg,,#012201 #000100 #236727 #929392 #f8f8f8,Black Glasses Handgun Ignorant Selfish Outgoing Naive Confident Immature Optimist,,,https://vndb.org/c138293,
vndb-c22441,vndb,12,1,,,綺堂 雫,Kidou Shizuku,,女,A,,Galgame,Galgame,箱庭ロジック,,2014,Galgame,,"Tsurubane Academy 2-F, student council president Shopping English Red tea, beautiful tailors",245,0,245,0,,https://t.vndb.org/ch/35/27735.jpg,https://t.vndb.org/ch/35/27735.jpg,,#59486a #90829b #c2b5bd #e3d9da #f5f2ef #ffffff,Black Waist Length+ Straight Teen Slim Pale School Uniform Cowgirl Virgin Sex Amber,,,https://vndb.org/c22441,
vndb-c36078,vndb,12,1,,,犬甲斐 しのの,Inukai Shinono,,女,B,,Galgame,Galgame,わんにゃん☆アラモード！ ～どっちにするの？わんにゃんHなカフェ事情！～,,2015,Galgame,,"Kenta's paternal cousin. Shinono currently lives in Paris and is a pâtissière-in-training at PochiTama's France branch. She returns to Japan after being selected to participate in the exam, but becomes aloof when she learns that Kenta has f…",242,0,242,0,,https://t.vndb.org/ch/69/46269.jpg,https://t.vndb.org/ch/69/46269.jpg,,#7f7093 #dcb2aa #f5e6d9 #f8f5f2 #d2d2d1 #ffffff,Blond Twin Tails Waist Length+ Teen Slim Pale Doggy Style Cowgirl Blowjob Virgin Sex,,,https://vndb.org/c36078,
vndb-c12024,vndb,12,1,,,蒼木 夏芽,Aoki Natsume,,女,AB,,Galgame,Galgame,ひとつ飛ばし恋愛,,2013,Galgame,,Captain of the swimming club who easily gets embarrassed. She is also Megu's best friend who loves teasing her.,241,0,241,0,,https://t.vndb.org/ch/37/14137.jpg,https://t.vndb.org/ch/37/14137.jpg,,#897d6d #cfbf9c #f5f2e6 #d5d7de #2e2e2e #ffffff,Black Ahoge Waist Length+ Teen Slim School Uniform Missionary Cowgirl Blowjob Sixty-nine,,,https://vndb.org/c12024,
vndb-c12984,vndb,12,1,,,別当・和泉 しずか・スカーレット,Bettou Izumi Shizuka Scarlett,,女,,,Galgame,Galgame,"BALDR SKY DiveX ""DREAM WORLD""",,2010,Galgame,"[{""t"":""BALDR SKY DiveX \""DREAM WORLD\"""",""cn"":"""",""ty"":""Galgame"",""y"":2010,""pop"":231},{""t"":""Scarlett～スカーレット～"",""cn"":"""",""ty"":""Galgame"",""y"":2006,""pop"":121},{""t"":""White ~Blanche Comme la Lune~"",""cn"":"""",""ty"":""Galgame"",""y"":2011,""pop"":25},{""t"":""ねこねこファンディスク3"",""cn"":"""",""ty"":""Galgame"",""y"":2010,""pop"":8},{""t"":""ぷちファンディスクみたいなの"",""cn"":"""",""ty"":""Galgame"",""y"":2006,""pop"":6}]",A half-American girl who belongs to a spy family. Shizuka is Kurou’s younger sister and Akito’s love interest. She has a somewhat devilish attitude at times but is generally a cheerful person.,231,0,231,0,,https://t.vndb.org/ch/29/15929.jpg,https://t.vndb.org/ch/29/15929.jpg,,#e6ad74 #85665d #e8d0bd #f7ebdd #f8f6f5 #ffffff,Blond Ahoge Twin Tails Shoulder-length Teen Slim Pale School Uniform Blue Jacket,,,https://vndb.org/c12984,
vndb-c127878,vndb,12,1,,,哈克特·芒斯得,Hackett Munster,,男,,,Galgame,Galgame,火山的女儿,,2023,Galgame,,A knight in Volcano Kingdom who possesses outstanding skills. He grew up on the lakeside of Wild Horse Lake and helped with farm work every and then. He always has a bountiful harvest because of his love for nature and animals.,213,0,213,0,,https://t.vndb.org/ch/55/150555.jpg,https://t.vndb.org/ch/55/150555.jpg,,#3e2927 #857470 #bdb2ae #e0d4ce #ffffff,Red Ponytail Long Brown Teen Slim Pale Trousers Orphan Fighting,,,https://vndb.org/c127878,
al34758,anilist,12,1,,,アーサー・オーギュスト・エンジェル,Arthur Auguste Angel,Baldy,男,,30,动画|漫画,动画,青の祓魔師,青之驱魔师,2011,动画,"[{""t"":""青の祓魔師"",""cn"":""青之驱魔师"",""ty"":""动画"",""y"":2011,""pop"":461313},{""t"":""青の祓魔師 島根啓明結社篇"",""cn"":"""",""ty"":""动画"",""y"":2024,""pop"":62482},{""t"":""青の祓魔師 -劇場版-"",""cn"":""青之驱魔师 剧场版"",""ty"":""动画"",""y"":2012,""pop"":54584},{""t"":""青の祓魔師"",""cn"":""青之驱魔师"",""ty"":""漫画"",""y"":2009,""pop"":42733},{""t"":""青の祓魔師 雪ノ果篇"",""cn"":"""",""ty"":""动画"",""y"":2024,""pop"":37618},{""t"":""青の祓魔師 終夜篇"",""cn"":"""",""ty"":""动画"",""y"":2025,""pop"":28680}]",The newly appointed Paladin. He was ordered by the Grigori to to interrogate Mephisto and captured Rin as evidence. According to Shura he's a saint on the outside and a devil inside. Uses the demon sword Caliburn.,47,47,0,0,,https://s4.anilist.co/file/anilistcdn/character/large/b34758-XzvetamkXXVQ.png,https://s4.anilist.co/file/anilistcdn/character/medium/b34758-XzvetamkXXVQ.png,,,,https://anilist.co/character/34758,,,
al125952,anilist,12,1,,,デヴィット・シールド,David Shield,Dave,男,,,动画|漫画|轻小说,动画,僕のヒーローアカデミア THE MOVIE 〜2人の英雄〜,,2018,动画,"[{""t"":""僕のヒーローアカデミア THE MOVIE 〜2人の英雄〜"",""cn"":"""",""ty"":""动画"",""y"":2018,""pop"":222268},{""t"":""きっと誰もが誰かのヒーロー"",""cn"":"""",""ty"":""漫画"",""y"":2018,""pop"":999},{""t"":""僕のヒーローアカデミアTHE MOVIE ～２人の英雄 ～"",""cn"":"""",""ty"":""轻小说"",""y"":2018,""pop"":981}]","David is a scientist who creates support items for heroes, and an old friend of All Might. He is the father of Melissa Shield.",36,36,0,0,,https://s4.anilist.co/file/anilistcdn/character/large/b125952-2Ky9KQJ3q3p7.png,https://s4.anilist.co/file/anilistcdn/character/medium/b125952-2Ky9KQJ3q3p7.png,,,,https://anilist.co/character/125952,,,
al337472,anilist,12,1,,,アロン・マステリアス・オールドキング,Aaron Masterias Oldking,Aron Mastelius Ohldking,男,,,动画|漫画,动画,杖と剣のウィストリア,,2024,动画,"[{""t"":""杖と剣のウィストリア"",""cn"":"""",""ty"":""动画"",""y"":2024,""pop"":175856},{""t"":""杖と剣のウィストリア Season2"",""cn"":"""",""ty"":""动画"",""y"":2026,""pop"":118642},{""t"":""杖と剣のウィストリア"",""cn"":"""",""ty"":""漫画"",""y"":2020,""pop"":18855}]",King of the Magia Wende.,10,10,0,0,,https://s4.anilist.co/file/anilistcdn/character/large/b337472-AmUtLMmifGdx.png,https://s4.anilist.co/file/anilistcdn/character/medium/b337472-AmUtLMmifGdx.png,,,,https://anilist.co/character/337472,,,
al127222,anilist,12,2,,樱岛麻衣,桜島麻衣,Mai Sakurajima,,女,,17-18,动画,动画,青春ブタ野郎はバニーガール先輩の夢を見ない,青春笨蛋少年不做兔女郎学姐的梦,2018,动画,"[{""t"":""青春ブタ野郎はバニーガール先輩の夢を見ない"",""cn"":""青春笨蛋少年不做兔女郎学姐的梦"",""ty"":""动画"",""y"":2018,""pop"":579547},{""t"":""青春ブタ野郎はゆめみる少女の夢を見ない"",""cn"":""青春猪头少年不会梦到怀梦美少女"",""ty"":""动画"",""y"":2019,""pop"":260441},{""t"":""青春ブタ野郎はサンタクロースの夢を見ない"",""cn"":""青春猪头少年不会梦到圣诞服女郎"",""ty"":""动画"",""y"":2025,""pop"":89276},{""t"":""青春ブタ野郎はおでかけシスターの夢を見ない"",""cn"":""青春猪头少年不会梦到娇怜外出妹"",""ty"":""动画"",""y"":2023,""pop"":88480},{""t"":""青春ブタ野郎はランドセルガールの夢を見ない"",""cn"":""青春猪头少年不会梦到红书包女孩"",""ty"":""动画"",""y"":2023,""pop"":85401},{""t"":""青春ブタ野郎はディアフレンドの夢を見ない"",""cn"":""青春猪头少年不会梦到亲爱好朋友"",""ty"":""动画"",""y"":2026,""pop"":28448}]",ちょっぴりSなバニーガール先輩 峰ヶ原高校に通う3年生。 国民的な人気タレントだったが、現在は芸能活動を休止している。 芸能活動を中心とした生活を送ってきたため学校では孤立している。 真面目で礼儀正しいが、気が強い。,22664,22664,0,1266,,https://s4.anilist.co/file/anilistcdn/character/large/b127222-Jh5hhP7vZ7s1.png,https://s4.anilist.co/file/anilistcdn/character/medium/b127222-Jh5hhP7vZ7s1.png,https://lain.bgm.tv/r/400/pic/crt/l/7d/1c/35980_crt_UaMTM.jpg?r=1753912182,,,https://anilist.co/character/127222,https://bgm.tv/character/35980,,35980
vndb-c987,vndb,12,2,,,山吹 れんげ,Yamabuki Renge,,女,AB,,Galgame,Galgame,グリザイアの果実 -LE FRUIT DE LA GRISAIA-,灰色的果实,2011,Galgame,"[{""t"":""グリザイアの果実 -LE FRUIT DE LA GRISAIA-"",""cn"":""灰色的果实"",""ty"":""Galgame"",""y"":2011,""pop"":12894},{""t"":""ほしうた"",""cn"":""星歌"",""ty"":""Galgame"",""y"":2008,""pop"":95},{""t"":""ほしうた～Starlight Serenade～"",""cn"":"""",""ty"":""Galgame"",""y"":2009,""pop"":57}]",在崖边的洋馆里和上了年纪的佣人独自生活在一起的谜之少女。 总是说谎捉弄主人公和镇上的人们，巧妙而狡猾，让人捉不到她的狐狸尾巴。 在和彦与捉弄对象以外的人面前外表上是个好孩子，镇上大多数人都被骗过。 似乎也没有上学。,12894,0,12894,11,,https://t.vndb.org/ch/40/1040.jpg,https://t.vndb.org/ch/40/1040.jpg,https://lain.bgm.tv/r/400/pic/crt/l/0c/c3/12035_crt_OVOUL.jpg,#636ebe #5c8171 #375550 #aeb8d1 #859995 #f2eef0,Blue Waist Length+ Wavy Teen Slim Pale School Uniform Missionary Doggy Style Blowjob,,https://bgm.tv/character/12035,https://vndb.org/c987,12035
vndb-c3882,vndb,12,2,,小河坂洋,小河坂 洋,Kogasaka You,Junkie Kogasaka-san / Kogayou / You-chan / Youkan,男,AB,,Galgame,Galgame,星空のメモリア-Wish upon a shooting star-,星空的记忆 -Wish upon a shooting star,2009,Galgame,"[{""t"":""星空のメモリア-Wish upon a shooting star-"",""cn"":""星空的记忆 -Wish upon a shooting star"",""ty"":""Galgame"",""y"":2009,""pop"":5718},{""t"":""星空のメモリア Eternal Heart"",""cn"":""星空的记忆 Eternal Heart"",""ty"":""Galgame"",""y"":2010,""pop"":824}]",主人公。雲雀ヶ崎学園（简称：ヒバリ校）的2年生。 现在正跟妹妹千波、叔母詩乃三个人一起住。 童年时从雲雀ヶ崎搬到了大城市，数年过后又搬回来了。 因为妹妹经常惹麻烦，所以性格是个爱照顾人的好哥哥。,5718,0,5718,9,,https://t.vndb.org/ch/65/74865.jpg,https://t.vndb.org/ch/65/74865.jpg,https://lain.bgm.tv/r/400/pic/crt/l/de/58/11001_crt_Sne8A.jpg,#a19598 #dbdac8 #515157 #eaeeec #fffdfe,Black Curtained Short Straight Brown Teen Slim Pale School Uniform Trousers,,https://bgm.tv/character/11001,https://vndb.org/c3882,11001
vndb-c68285,vndb,12,2,,鸣濑小鸠,鳴瀬 小鳩,Naruse Kobato,,男,,,Galgame,Galgame,Summer Pockets,夏日口袋,2018,Galgame,,鳥白島の頑強たる翁 身長：185cm 体重：96kg 趣味：鳥白流古武術 好物：チャーハン 原画：Na-Ga CV：白石稔 しろはの祖父。しろはの両親である娘と娘婿亡き後、男手ひとつで孫を育てている。島内で孤立して「ぼっち」でいるしろはを何かと気にかけており、しろはに近づくやからには容赦しない。鳥白島に伝わる「水中格闘技」の熟練者であり、しろはを巡り羽依里と対峙する。強面でロ数こそ少ないけれど、しろはに対する愛情は深い。,4738,0,4738,6,,https://t.vndb.org/ch/70/82270.jpg,https://t.vndb.org/ch/70/82270.jpg,https://lain.bgm.tv/r/400/pic/crt/l/e0/a5/61458_crt_iEp96.jpg,#b07e60 #e2bb98 #35363b #ded3cb #f2f0ef #ffffff,White Short Beard Trousers Grey Old Muscular Scar Widower Grandfather,,https://bgm.tv/character/61458,https://vndb.org/c68285,61458
vndb-c95405,vndb,12,2,,乙羽,乙羽,Otoha,Nakajima Ikuyo,女,A,,Galgame,Galgame,カルタグラ～ツキ狂イノ病～,恋狱～月狂病～,2005,Galgame,,遊郭『雪白』で働く女性。凛とは同年代で仲が良い。 仕事に厳しい面もあり、初音など下の者に辛くあたることもある。,3324,0,3324,3,,https://t.vndb.org/ch/89/148789.jpg,https://t.vndb.org/ch/89/148789.jpg,https://lain.bgm.tv/r/400/pic/crt/l/49/d6/52631_crt_7Hj6q.jpg,#502227 #947273 #c9b4b2 #eee1dc #fbf5ef #ffffff,Brown Bob Cut Short Pale Standing Sex Grey Young-adult Tattoo Friend Prostitute,,https://bgm.tv/character/52631,https://vndb.org/c95405,52631
vndb-c25665,vndb,12,2,,凛,凛,Rin,,女,B,,Galgame,Galgame,カルタグラ～ツキ狂イノ病～,恋狱～月狂病～,2005,Galgame,"[{""t"":""カルタグラ～ツキ狂イノ病～"",""cn"":""恋狱～月狂病～"",""ty"":""Galgame"",""y"":2005,""pop"":3324},{""t"":""カルタグラ～ツキ狂イノ病～"",""cn"":""恋狱～月狂病～"",""ty"":""Galgame"",""y"":2005,""pop"":3324},{""t"":""和み匣 Innocent Greyファンディスク"",""cn"":"""",""ty"":""Galgame"",""y"":2007,""pop"":206}]",在妓院『雪白』工作的女性。 性格开朗无忧无虑，让人完全感觉不到妓女这个身份，和秋五的关系特别好。,3324,0,3324,87,,https://t.vndb.org/ch/90/148790.jpg,https://t.vndb.org/ch/90/148790.jpg,https://lain.bgm.tv/r/400/pic/crt/l/69/eb/11350_crt_OYTit.jpg,#273239 #bdacaa #ecd9d1 #656365 #f8f3ef #ffffff,Black Bob Cut Long Shoulder-length Straight Slim Pale Proactive Missionary Doggy Style,,https://bgm.tv/character/11350,https://vndb.org/c25665,11350
al88414,anilist,12,2,,,ウタ,Uta,No Face,男,B,,动画|漫画,动画,東京喰種 トーキョーグール,东京喰种,2014,动画,"[{""t"":""東京喰種 トーキョーグール"",""cn"":""东京喰种"",""ty"":""动画"",""y"":2014,""pop"":739775},{""t"":""東京喰種[トーキョーグール]√A"",""cn"":""东京喰种√A"",""ty"":""动画"",""y"":2015,""pop"":406723},{""t"":""東京喰種-トーキョーグール-:re"",""cn"":""东京喰种:re"",""ty"":""动画"",""y"":2018,""pop"":307841},{""t"":""東京喰種-トーキョーグール-:re 2"",""cn"":"""",""ty"":""动画"",""y"":2018,""pop"":237376},{""t"":""東京喰種 トーキョーグール"",""cn"":""东京喰种"",""ty"":""漫画"",""y"":2011,""pop"":196324},{""t"":""東京喰種-トーキョーグール-:re"",""cn"":""东京喰种:re"",""ty"":""漫画"",""y"":2014,""pop"":104047}]","177 cm A ghoul that has his own art studio where he makes masks for other ghouls. He has a lot of piercings and tattoos on his body, making him look pretty intimidating, even as a normal-looking human.",2285,2285,0,0,,https://s4.anilist.co/file/anilistcdn/character/large/b88414-r2Xd7jJeMrvR.jpg,https://s4.anilist.co/file/anilistcdn/character/medium/b88414-r2Xd7jJeMrvR.jpg,,,,https://anilist.co/character/88414,,,
vndb-c56412,vndb,12,2,,,シェイラ・コロンボ,Sheila Colombo,Poisonous Spider,女,,,Galgame,Galgame,真剣で私に恋しなさい！A-3,,2014,Galgame,"[{""t"":""真剣で私に恋しなさい！A-3"",""cn"":"""",""ty"":""Galgame"",""y"":2014,""pop"":1374},{""t"":""真剣で私に恋しなさい！A-5"",""cn"":"""",""ty"":""Galgame"",""y"":2016,""pop"":791},{""t"":""みなとカーニバルＦＤ"",""cn"":"""",""ty"":""Galgame"",""y"":2017,""pop"":80}]","Sheila is a maid of the Kuki family and a former mercenary called ""Poisonous Spider"". Being an idol and famous singer she has confidence in her looks.",1374,0,1374,0,,https://t.vndb.org/ch/67/85867.jpg,https://t.vndb.org/ch/67/85867.jpg,,#893148 #cf7a89 #d2b7c1 #ebdfe2 #f9f4f2 #ffffff,Pink Waist Length+ Wavy Kemonomimi Slim Pale Fighting Cowgirl Blowjob Virgin Sex,,,https://vndb.org/c56412,
al13534,anilist,12,2,,,真田龍,Ryuu Sanada,,男,B,,动画|漫画,动画,君に届け,好想告诉你,2009,动画,"[{""t"":""君に届け"",""cn"":""好想告诉你"",""ty"":""动画"",""y"":2009,""pop"":250904},{""t"":""君に届け 2ND SEASON"",""cn"":""好想告诉你 第二季"",""ty"":""动画"",""y"":2011,""pop"":120902},{""t"":""君に届け 3RD SEASON"",""cn"":""好想告诉你 第三季"",""ty"":""动画"",""y"":2024,""pop"":48768},{""t"":""君に届け"",""cn"":""好想告诉你"",""ty"":""漫画"",""y"":2006,""pop"":37683},{""t"":""君に届け ミニトド劇場"",""cn"":"""",""ty"":""动画"",""y"":2011,""pop"":13826}]","179 cm Sanada Ryuu is also one of Sawako's new group. He is quiet most of the time, but can still communicate well with Sawako (as they both don't talk much anyways). He is a close childhood friend with Chizuru.",1264,1264,0,0,,https://s4.anilist.co/file/anilistcdn/character/large/b13534-P70pfoclgBHM.jpg,https://s4.anilist.co/file/anilistcdn/character/medium/b13534-P70pfoclgBHM.jpg,,,,https://anilist.co/character/13534,,,
vndb-c35644,vndb,12,2,,,広沢 ひかり,Hirosawa Hikari,,女,,,Galgame,Galgame,ひとつ屋根の、ツバサの下で,,2018,Galgame,,"Planes Flying planes, yakiniku A6M5 Type 0 Model 52 A second year who lives in Room #3 of Tsubasa Dorm, and the poster girl for the plane parts shop. She is a really open and cheerful girl who doesn't hold back on sexual jokes.",1166,0,1166,0,,https://t.vndb.org/ch/10/82310.jpg,https://t.vndb.org/ch/10/82310.jpg,,#bf8481 #e6b2ae #35354f #f7dacd #faf0e3 #ffffff,Pink Waist Length+ Straight Teen Slim Pale Hard Worker Cooking Cowgirl Blowjob,,,https://vndb.org/c35644,
al233410,anilist,12,2,,,甘雨,Ganyu,,女,,,动画|漫画,漫画,原神 コミックアンソロジー,,2021,漫画,"[{""t"":""原神 コミックアンソロジー"",""cn"":"""",""ty"":""漫画"",""y"":2021,""pop"":1857},{""t"":""原神展～たびごころの赴くままに～ 記念アニメ"",""cn"":"""",""ty"":""动画"",""y"":2024,""pop"":413},{""t"":""原神 元夜灯火"",""cn"":"""",""ty"":""动画"",""y"":2025,""pop"":204}]",A half-adeptus emissary and secretary for the Liyue Qixing. Ganyu has a Cryo vision and wields a bow.,894,894,0,0,,https://s4.anilist.co/file/anilistcdn/character/large/b233410-ighPdb5x8tQK.png,https://s4.anilist.co/file/anilistcdn/character/medium/b233410-ighPdb5x8tQK.png,,,,https://anilist.co/character/233410,,,
vndb-c39726,vndb,12,2,,,鉤翅,Kagiha,,男,,,Galgame,Galgame,黒蝶のサイケデリカ,,2015,Galgame,,"Kagiha is what you'd call the 'big brother' figure of the group. He has a soft-spoken and gentle personality, so despite his tall stature he's a pacifist and prefers not to fight if he doesn't have to.",833,0,833,0,,https://t.vndb.org/ch/01/47901.jpg,https://t.vndb.org/ch/01/47901.jpg,,#7a8170 #5a5e53 #343c35 #a6aa95 #070909 #dcdbce,Short Slim Pale Trousers Orphan Amnesia Green Coat Necktie Vest,,,https://vndb.org/c39726,
al171920,anilist,12,2,1991,,千堂敦,Atsushi Sendou,アッくん / Akkun,男,,,动画|漫画,动画,東京リベンジャーズ,东京复仇者,2021,动画,"[{""t"":""東京リベンジャーズ"",""cn"":""东京复仇者"",""ty"":""动画"",""y"":2021,""pop"":445622},{""t"":""東京リベンジャーズ 聖夜決戦編"",""cn"":""东京复仇者 圣夜决战篇"",""ty"":""动画"",""y"":2023,""pop"":143018},{""t"":""東京卍リベンジャーズ"",""cn"":""东京卍复仇者"",""ty"":""漫画"",""y"":2017,""pop"":117730},{""t"":""東京リベンジャーズ 天竺編"",""cn"":"""",""ty"":""动画"",""y"":2023,""pop"":85576},{""t"":""東京リベンジャーズ 三天戦争編"",""cn"":"""",""ty"":""动画"",""y"":2026,""pop"":22716},{""t"":""ちびりべ"",""cn"":"""",""ty"":""动画"",""y"":2021,""pop"":8313}]",One of Takemichi's best friends in middle school. ~! It's revealed that he is the person who pushed Takemichi in front of the train at the start of the story.!~,617,617,0,0,,https://s4.anilist.co/file/anilistcdn/character/large/b171920-wHxBvF8giJC4.png,https://s4.anilist.co/file/anilistcdn/character/medium/b171920-wHxBvF8giJC4.png,,,,https://anilist.co/character/171920,,,
vndb-c91574,vndb,12,2,,,櫻井 雪葉,Sakurai Yukiha,,女,,,Galgame,Galgame,さくらの雲＊スカアレットの恋,,2020,Galgame,,,552,0,552,0,,https://t.vndb.org/ch/76/110376.jpg,https://t.vndb.org/ch/76/110376.jpg,,#595a78 #c88c95 #e2c1c1 #f5e5df #f8f5f3 #ffffff,Pink Shoulder-length Pale Uniform Sword Amber Young-adult Hat Necktie Gloves,,,https://vndb.org/c91574,
al332988,anilist,12,2,,,佐狐浩太,Kouta Sako,,男,,,动画|漫画,动画,WIND BREAKER,,2024,动画,"[{""t"":""WIND BREAKER"",""cn"":"""",""ty"":""动画"",""y"":2024,""pop"":190806},{""t"":""WIND BREAKER"",""cn"":"""",""ty"":""漫画"",""y"":2021,""pop"":21753}]","A member of Shishitoren. He doesn't say much, so it's hard to figure out what he's thinking. Kota's not the type of person to suggest a one-on-one fight, but it seems he has some unknown beef in the past with Hiragi, so he picks a fight wit…",21,21,0,0,,https://s4.anilist.co/file/anilistcdn/character/large/b332988-OWizEp9m4QIc.png,https://s4.anilist.co/file/anilistcdn/character/medium/b332988-OWizEp9m4QIc.png,,,,https://anilist.co/character/332988,,,
al262138,anilist,12,2,,,クロード・ルッチ,Claude Lucci,,男,,,动画|漫画,动画,マッシュル-MASHLE-,物理魔法使马修,2023,动画,"[{""t"":""マッシュル-MASHLE-"",""cn"":""物理魔法使马修"",""ty"":""动画"",""y"":2023,""pop"":288743},{""t"":""マッシュル-MASHLE-"",""cn"":""物理魔法使马修"",""ty"":""漫画"",""y"":2020,""pop"":59820}]","Claude Lucci is a Professor at Easton Magic Academy, he is tasked with guiding the next generation of mages.",3,3,0,0,,https://s4.anilist.co/file/anilistcdn/character/large/b262138-lwMvuQDqkCfu.jpg,https://s4.anilist.co/file/anilistcdn/character/medium/b262138-lwMvuQDqkCfu.jpg,,,,https://anilist.co/character/262138,,,
al7445,anilist,12,3,,入江京介,入江京介,Kyousuke Irie,Manager / Coach / Manager / イリー,男,A,,动画|Galgame,动画,ひぐらしのなく頃に,寒蝉鸣泣之时,2006,动画,"[{""t"":""ひぐらしのなく頃に"",""cn"":""寒蝉鸣泣之时"",""ty"":""动画"",""y"":2006,""pop"":177687},{""t"":""ひぐらしのなく頃に解"",""cn"":""寒蝉鸣泣之时 解"",""ty"":""动画"",""y"":2007,""pop"":90255},{""t"":""ひぐらしのなく頃に業"",""cn"":""寒蝉鸣泣之时 业"",""ty"":""动画"",""y"":2020,""pop"":82599},{""t"":""ひぐらしのなく頃に礼"",""cn"":""寒蝉鸣泣之时 礼"",""ty"":""动画"",""y"":2009,""pop"":44929},{""t"":""ひぐらしのなく頃に卒"",""cn"":""寒蝉鸣泣之时 卒"",""ty"":""动画"",""y"":2021,""pop"":38674},{""t"":""ひぐらしのなく頃に煌"",""cn"":""寒蝉鸣泣之时 煌"",""ty"":""动画"",""y"":2011,""pop"":21590}]",村子里唯一一所诊所的医师。 给人一种冷静的大人的印象，但实际上却意外地喜欢女仆。,11241,67,11241,16,,https://s4.anilist.co/file/anilistcdn/character/large/b7445-X8OacDAXCwqK.png,https://s4.anilist.co/file/anilistcdn/character/medium/b7445-X8OacDAXCwqK.png,https://t.vndb.org/ch/97/113097.jpg|https://lain.bgm.tv/r/400/pic/crt/l/56/3c/3194_crt_anidb.jpg,,Brown Curtained Short Straight Slim Pale Trousers Dress Shoes Green Young-adult,https://anilist.co/character/7445,https://bgm.tv/character/3194,https://vndb.org/c3828,3194
vndb-c1871,vndb,12,3,,笹濑川佐佐美,笹瀬川 佐々美,Sasasegawa Sasami,さーちゃん / Sa-chan,女,AB,,Galgame,Galgame,リトルバスターズ！,Little Busters!,2007,Galgame,"[{""t"":""リトルバスターズ！"",""cn"":""Little Busters!"",""ty"":""Galgame"",""y"":2007,""pop"":9276},{""t"":""リトルバスターズ！"",""cn"":""Little Busters!"",""ty"":""Galgame"",""y"":2007,""pop"":9276},{""t"":""リトルバスターズ！"",""cn"":""Little Busters!"",""ty"":""Galgame"",""y"":2007,""pop"":9276},{""t"":""リトルバスターズ！"",""cn"":""Little Busters!"",""ty"":""Galgame"",""y"":2007,""pop"":9276}]",CV：民安ともえ 唯我独尊的女王猫 垒球部的瞩目人物，总是前呼后拥地行动、派头十足的女孩 不知为何视铃为竞争对手 绕口令般的名字在发音时很容易被咬到 在全年龄版中为次要角色，EX中升格为主要角色,9276,0,9276,83,,https://t.vndb.org/ch/38/37038.jpg,https://t.vndb.org/ch/38/37038.jpg,https://lain.bgm.tv/r/400/pic/crt/l/09/59/368_crt_9Nc9D.jpg,#816786 #413643 #b7a1b3 #ded4d4 #f4f0ea #ffffff,Violet Twin Tails Waist Length+ Curtained Straight Teen Slim Pale School Uniform Cooking,,https://bgm.tv/character/368,https://vndb.org/c1871,368
vndb-c53113,vndb,12,3,,梦野秘密子,夢野 秘密子,Yumeno Himiko,Ultimate Mage / Ultimate Magician / 超高校級の「マジシャン」 / Super High School Level Magician,女,O,,Galgame,Galgame,ニューダンガンロンパV3 みんなのコロシアイ新学期,新弹丸论破V3 大家的自相残杀新学期,2017,Galgame,,超高校级的魔术师,8847,0,8847,24,,https://t.vndb.org/ch/91/65991.jpg,https://t.vndb.org/ch/91/65991.jpg,https://lain.bgm.tv/r/400/pic/crt/l/0c/1a/47212_crt_PG4P0.jpg?r=1543753235,#181f1f #6b5253 #aaa09f #d9d2d2 #f3efed #ffffff,Red Bob Cut Short Brown Teen Slim Pale School Uniform Magician Amnesia,,https://bgm.tv/character/47212,https://vndb.org/c53113,47212
vndb-c4078,vndb,12,3,,时坂玲人,時坂 玲人,Tokisaka Reiji,,男,O,,Galgame,Galgame,殻ノ少女,壳之少女,2008,Galgame,"[{""t"":""殻ノ少女"",""cn"":""壳之少女"",""ty"":""Galgame"",""y"":2008,""pop"":7899},{""t"":""虚ノ少女"",""cn"":""虚之少女"",""ty"":""Galgame"",""y"":2013,""pop"":3773},{""t"":""天ノ少女"",""cn"":""天之少女"",""ty"":""Galgame"",""y"":2020,""pop"":1601}]",本作的主人公，曾任警察。在某事件中失去了恋人，辞去工作。 现在在新宿经营侦探事务所，主要接受对杀人事件等凶恶犯罪的调查。 家住杉并区，和妹妹紫一起生活，由于工作优先而不怎么回家。 由于那生来的学者气质，在不工作的时候就是搜寻历史书的世界史狂热者。由于已故的双亲曾是学者，家中书库里有大量的藏书。 应樱羽女学院的教导主任所托，作为世界史特别讲师而潜入学院，调查女学生下落不明的事件。,7899,0,7899,76,,https://t.vndb.org/ch/56/149356.jpg,https://t.vndb.org/ch/56/149356.jpg,https://lain.bgm.tv/r/400/pic/crt/l/5a/16/11537_crt_264Qu.jpg,#88827b #c0b9b0 #e9dfd1 #3f433f #ffffff,Brown Wavy Curtained Short Slim Pale Trousers Dress Shoes Proactive Sixty-nine,,https://bgm.tv/character/11537,https://vndb.org/c4078,11537
al13084,anilist,12,3,1982,葛德·米斯达,グイード・ミスタ,Guido Mista,,男,B,18,动画|漫画|轻小说,动画,ジョジョの奇妙な冒険 黄金の風,JOJO的奇妙冒险 黄金之风,2018,动画,"[{""t"":""ジョジョの奇妙な冒険 黄金の風"",""cn"":""JOJO的奇妙冒险 黄金之风"",""ty"":""动画"",""y"":2018,""pop"":300006},{""t"":""ジョジョの奇妙な冒険 黄金の風"",""cn"":""JOJO的奇妙冒险 黄金之风"",""ty"":""漫画"",""y"":1995,""pop"":39602},{""t"":""恥知らずのパープルヘイズ―ジョジョの奇妙な冒険より―"",""cn"":"""",""ty"":""轻小说"",""y"":2011,""pop"":6376},{""t"":""JORGE JOESTAR"",""cn"":"""",""ty"":""轻小说"",""y"":2012,""pop"":2987},{""t"":""ジョジョの奇妙な冒険II ゴールデンハート／ゴールデンリング"",""cn"":"""",""ty"":""轻小说"",""y"":2001,""pop"":1848}]",好きな映画/『プリティ・ウーマン』『マディソン郡の橋』。好きな音楽/「カーペンターズ」。好きな食べ物/トスカーナ地方の白豆、トリッパ、ピザ。嫌いなもの/4という数字、寝てる時ギターの練習をする隣人の学生。ヒーロー/ロベルト・バッジオ、モニカ・ベルッチ。 ブチャラティの部下でチームのムードメーカー。女性を暴行していたチンピラと対峙し、相手全員を射殺してしまう。行為そのものは正当防衛であったものの、裁判で禁固15年 - 30年を言い渡される。,4815,4815,0,58,,https://s4.anilist.co/file/anilistcdn/character/large/b13084-DMCv7SP1uRBq.png,https://s4.anilist.co/file/anilistcdn/character/medium/b13084-DMCv7SP1uRBq.png,https://lain.bgm.tv/r/400/pic/crt/l/7b/a2/18568_crt_W4VS4.jpg,,,https://anilist.co/character/13084,https://bgm.tv/character/18568,,18568
vndb-c16600,vndb,12,3,,,瀬良垣 タエ,Seragaki Tae,,女,A,,Galgame,Galgame,DRAMAtical Murder,戏剧性谋杀,2012,Galgame,"[{""t"":""DRAMAtical Murder"",""cn"":""戏剧性谋杀"",""ty"":""Galgame"",""y"":2012,""pop"":2914},{""t"":""DRAMAtical Murder re:connect"",""cn"":"""",""ty"":""Galgame"",""y"":2013,""pop"":1104}]","""If you wanna fight, take it outside. I'm tired of listening to your bickering."" Aoba's grandmother, a strict but kind old lady who’s looked after him all his life.",2914,0,2914,0,,https://t.vndb.org/ch/12/120712.jpg,https://t.vndb.org/ch/12/120712.jpg,https://lain.bgm.tv/r/400/pic/crt/l/16/b7/101516_crt_f7cf8.jpg,#a18672 #fae7ab #dabba6 #efe8d9 #f8f9f4 #ffffff,Pink Bun Pale Cooking Blue Old Dress Grandmother Injury Strict,,https://bgm.tv/character/101516,https://vndb.org/c16600,101516
vndb-c34928,vndb,12,3,,鸣海兔亚,鳴海 兎亜,Narumi Toa,,女,O,,Galgame,Galgame,ワガママハイスペック,任性HighSpec,2016,Galgame,"[{""t"":""ワガママハイスペック"",""cn"":""任性HighSpec"",""ty"":""Galgame"",""y"":2016,""pop"":2807},{""t"":""ワガママハイスペック OC"",""cn"":""任性HighSpec OC"",""ty"":""Galgame"",""y"":2017,""pop"":433}]",幸樹の実妹で桜翠学園の1年生。幸樹の漫画家活動のことを知っている。かなり面倒がりな性格で家にこもってネットやゲームをしていることが多い。コンピュータプログラムの専門知識を持ち、スマホアプリの開発によって多額の収入を得ている。幸樹と同様に生徒会に加入し、会計を担当する。,2807,0,2807,91,,https://t.vndb.org/ch/70/45570.jpg,https://t.vndb.org/ch/70/45570.jpg,https://lain.bgm.tv/r/400/pic/crt/l/02/58/35576_crt_78tyG.jpg?r=1459068641,#501c2a #8f7888 #bbbbc5 #dcdee5 #f2f4f2 #ffffff,White Waist Length+ Straight Teen Slim Pale School Uniform Cooking Doggy Style Cowgirl,,https://bgm.tv/character/35576,https://vndb.org/c34928,35576
al54151,anilist,12,3,,宫内莲华,宮内れんげ,Renge Miyauchi,Ren-chon,女,,6-7,动画,动画,のんのんびより,悠哉日常大王,2013,动画,"[{""t"":""のんのんびより"",""cn"":""悠哉日常大王"",""ty"":""动画"",""y"":2013,""pop"":120391},{""t"":""のんのんびより りぴーと"",""cn"":""悠哉日常大王 Repeat"",""ty"":""动画"",""y"":2015,""pop"":55541},{""t"":""のんのんびより のんすとっぷ"",""cn"":"""",""ty"":""动画"",""y"":2021,""pop"":40898},{""t"":""劇場版 のんのんびより ばけーしょん"",""cn"":"""",""ty"":""动画"",""y"":2018,""pop"":27651},{""t"":""のんのんびより 沖縄へ行くことになった"",""cn"":""悠哉日常大王 OAD"",""ty"":""动画"",""y"":2014,""pop"":21509},{""t"":""のんのんびより りぴーと 蛍が楽しんだ"",""cn"":"""",""ty"":""动画"",""y"":2016,""pop"":16418}]",旭丘分校最小的学生，目前在读小学一年级。宫内家三姐妹中的老幺，也是老师宫内一穗的妹妹。 12月3日出生。说话时习惯在句尾加上“~のん”。拥有独特的感性，不断创造出各种名言。 绰号是莲酱。会用“喵帕斯~”这种独特的方式打招呼。饲养了一只狸猫作为宠物，名字叫“具”。 『のんのんびより』の作中で旭丘分校に通う小学1年生。 宮内家の三女で教師の宮内一穂の妹。 周囲からのあだ名は「れんちょん」。,2535,2535,0,728,,https://s4.anilist.co/file/anilistcdn/character/large/b54151-V8Qh2l2gTxvH.jpg,https://s4.anilist.co/file/anilistcdn/character/medium/b54151-V8Qh2l2gTxvH.jpg,https://lain.bgm.tv/r/400/pic/crt/l/ce/64/21368_crt_oKN2k.jpg?r=1436302815,,,https://anilist.co/character/54151,https://bgm.tv/character/21368,,21368
al3,anilist,12,3,2035,,ジェット・ブラック,Jet Black,Running Rock / Black Dog / Jet Jet,男,,36,动画|漫画,动画,カウボーイビバップ,星际牛仔,1998,动画,"[{""t"":""カウボーイビバップ"",""cn"":""星际牛仔"",""ty"":""动画"",""y"":1998,""pop"":467538},{""t"":""カウボーイビバップ天国の扉"",""cn"":""星际牛仔 天国之扉"",""ty"":""动画"",""y"":2001,""pop"":84465},{""t"":""カウボーイビバップ よせあつめブルース"",""cn"":"""",""ty"":""动画"",""y"":1998,""pop"":13320},{""t"":""カウボーイビバップ"",""cn"":""星际牛仔"",""ty"":""漫画"",""y"":1999,""pop"":5160},{""t"":""シューティングスタービバップ カウボーイビバップ"",""cn"":"""",""ty"":""漫画"",""y"":1998,""pop"":1650}]","Jet, known on his home satellite as the ""Black Dog"" for his tenacity, is a 36-year-old former cop from Ganymede (a Jovian satellite) and acts as [Spike](//anilist.co/character/1/Spiegel-Spike)'s foil during the series.",2062,2062,0,0,,https://s4.anilist.co/file/anilistcdn/character/large/b3-JjH9Si9UM1NZ.png,https://s4.anilist.co/file/anilistcdn/character/medium/b3-JjH9Si9UM1NZ.png,,,,https://anilist.co/character/3,,,
al89180,anilist,12,3,,,マーリン,Merlin,Boar's Sin of Gluttony / Brittania's Greatest Sorcerer,女,AB,,动画,动画,七つの大罪,七大罪,2014,动画,"[{""t"":""七つの大罪"",""cn"":""七大罪"",""ty"":""动画"",""y"":2014,""pop"":529134},{""t"":""七つの大罪 戒めの復活"",""cn"":""七大罪 戒律的复活"",""ty"":""动画"",""y"":2018,""pop"":286406},{""t"":""七つの大罪 神々の逆鱗"",""cn"":""七大罪 诸神的逆鳞"",""ty"":""动画"",""y"":2019,""pop"":202771},{""t"":""七つの大罪 聖戦の予兆"",""cn"":""七大罪 圣战的预兆"",""ty"":""动画"",""y"":2016,""pop"":171917},{""t"":""七つの大罪 憤怒の審判"",""cn"":""七大罪 愤怒的审判"",""ty"":""动画"",""y"":2021,""pop"":139330},{""t"":""劇場版 七つの大罪 天空の囚われ人"",""cn"":""剧场版 七大罪 天空的囚人"",""ty"":""动画"",""y"":2018,""pop"":89979}]",She is a member of the Seven Deadly Sins. She has the mark of the boars sin of gluttony. She was regarded as the greatest mage in Britannia and is the master of [Vivian](//anilist.co/character/131564) as well as a teacher of [King Arthur of…,1991,1991,0,0,,https://s4.anilist.co/file/anilistcdn/character/large/b89180-rN6OVPki8h3V.png,https://s4.anilist.co/file/anilistcdn/character/medium/b89180-rN6OVPki8h3V.png,,,,https://anilist.co/character/89180,,,
vndb-c10259,vndb,12,3,,,華原 涼太,Kawara Ryouta,,男,,,Galgame,Galgame,はーとふる彼氏〜希望の学園と白い翼〜,,2011,Galgame,"[{""t"":""はーとふる彼氏〜希望の学園と白い翼〜"",""cn"":"""",""ty"":""Galgame"",""y"":2011,""pop"":1869},{""t"":""はーとふる彼氏 HolidayStar"",""cn"":"""",""ty"":""Galgame"",""y"":2011,""pop"":486}]","Hiyoko's childhood friend, Ryouta is a kind and considerate Rock Dove. Although he suffers from a weak stomach (and poor health in general), because his mother is ill, Ryouta is always busy with his part-time jobs to support their household…",1869,0,1869,0,,https://t.vndb.org/ch/46/11346.jpg,https://t.vndb.org/ch/46/11346.jpg,,#576068 #282c30 #fccbf3 #f7e1f2 #9ea6a3 #fdfafd,Cross-dressing Hard Worker Cooking Red Boku Childhood Friend Manslaughter Classmate Illness Kind,,,https://vndb.org/c10259,
al143632,anilist,12,3,,,아타나시아 데이 앨제어 오벨리아,Athanasia de Alger Obelia,Athy / Lady Angel / 希娅 / アタナシア・デイ・エルジェア・オベリア,女,,,动画|漫画,漫画,어느 날 공주가 되어버렸다,,2017,漫画,"[{""t"":""어느 날 공주가 되어버렸다"",""cn"":"""",""ty"":""漫画"",""y"":2017,""pop"":40016},{""t"":""魔法公主的小烦恼"",""cn"":"""",""ty"":""动画"",""y"":2025,""pop"":27562}]","Athanasia de Alger Obelia is the main protagonist of the manhwa ""Who Made Me a Princess"" as well as the first princess and only heir to the Obelian Empire.",1221,1221,0,0,,https://s4.anilist.co/file/anilistcdn/character/large/b143632-3JXSQ2OelHv4.png,https://s4.anilist.co/file/anilistcdn/character/medium/b143632-3JXSQ2OelHv4.png,,,,https://anilist.co/character/143632,,,
vndb-c91049,vndb,12,3,,,ソフィア,Sofia,,女,A,,Galgame,Galgame,ピオフィオーレの晩鐘,,2018,Galgame,"[{""t"":""ピオフィオーレの晩鐘"",""cn"":"""",""ty"":""Galgame"",""y"":2018,""pop"":865},{""t"":""ピオフィオーレの晩鐘 -Episodio1926-"",""cn"":"""",""ty"":""Galgame"",""y"":2020,""pop"":287}]",A sister at the Burlone church. She raised the protagonist and kindly watches over her.,865,0,865,0,,https://t.vndb.org/ch/69/109769.jpg,https://t.vndb.org/ch/69/109769.jpg,,#d8cac1 #f4e9d8 #fef9eb #aca3a2 #626263 #ffffff,Grey Old Friendly Kind Habit Religion Religious Prayer Beads Christian Nun,,,https://vndb.org/c91049,
vndb-c24956,vndb,12,3,,,漆山 権造,Urushiyama Gonzou,,男,O,,Galgame,Galgame,キラークイーン,,2006,Galgame,,A person who is forced to participate in the game. He is a pedophile and is generally found unlikeable by the rest of the participants.,815,0,815,0,,https://t.vndb.org/ch/54/76354.jpg,https://t.vndb.org/ch/54/76354.jpg,,#846755 #af9d92 #decebd #f2eade #faf9f6,Trousers Villain Grey Adult Overweight Coat Shirt Idiot Pervert Selfish,,,https://vndb.org/c24956,
vndb-c89818,vndb,12,3,,,柊 栞里,Hiiragi Shiori,,女,B,,Galgame,Galgame,かけぬけ★青春スパーキング！,,2020,Galgame,,"Watching YuoTube. Favorite Candies and marshmallows. ""I didn't mean it like that. But every time I noticed, I ended up being alone."" She is a 1st year at Kazami Academy and a part of the Active Club.",765,0,765,0,,https://t.vndb.org/ch/26/110726.jpg,https://t.vndb.org/ch/26/110726.jpg,,#8eadd1 #74597b #ebaab2 #c2dbeb #f8f2e2 #feffff,Blue Odango Short Straight Teen Slim Pale Cowgirl Standing Sex Blowjob,,,https://vndb.org/c89818,
vndb-c11374,vndb,12,3,,,溝口 豊治,Mizoguchi Toyoharu,,男,O,,Galgame,Galgame,裸執事,,2011,Galgame,"[{""t"":""裸執事"",""cn"":"""",""ty"":""Galgame"",""y"":2011,""pop"":632},{""t"":""裸執事ファンディスク～やらしつじ＆やさしつじ～"",""cn"":"""",""ty"":""Galgame"",""y"":2013,""pop"":59}]","Sagittarius Head accountant to the mansion and main assistant to the master. He always has the same expression, seemingly serene and calm. He likes fishing, baseball and sumo.",632,0,632,0,,https://t.vndb.org/ch/38/24338.jpg,https://t.vndb.org/ch/38/24338.jpg,,#313e4f #606f79 #f6dbbe #b9aca4 #d2d6d5 #ffffff,Wavy Short Pale Dress Shoes Group Sex Sex with Others Grey Old Muscular Suit,,,https://vndb.org/c11374,
al69055,anilist,12,3,2088,,縢秀星,Shuusei Kagari,Shuu / Hound 4 / ハウンド4,男,B,22,动画|漫画|轻小说|Galgame,动画,PSYCHO-PASS サイコパス,心理测量者,2012,动画,"[{""t"":""PSYCHO-PASS サイコパス"",""cn"":""心理测量者"",""ty"":""动画"",""y"":2012,""pop"":356404},{""t"":""PSYCHO-PASS サイコパス Sinners of the System Case.2 - First Guardian"",""cn"":"""",""ty"":""动画"",""y"":2019,""pop"":32783},{""t"":""監視官 常守朱"",""cn"":"""",""ty"":""漫画"",""y"":2012,""pop"":4045},{""t"":""PSYCHO-PASS サイコパス Sinners of the System"",""cn"":"""",""ty"":""漫画"",""y"":2019,""pop"":436},{""t"":""PSYCHO-PASS サイコパス 選択なき幸福"",""cn"":""心理测量者：无从选择的幸福"",""ty"":""Galgame"",""y"":2015,""pop"":259},{""t"":""PSYCHO-PASS LEGEND 追跡者 縢秀星"",""cn"":"""",""ty"":""轻小说"",""y"":2014,""pop"":195}]","Shuusei is the jokester of the group and likes to make fun of people on a regular basis. He enjoys portable video games and spends most of his free time playing them. However, he is more serious when he's on the job.",602,602,259,0,,https://s4.anilist.co/file/anilistcdn/character/large/n69055-tmF7uIwloFHc.jpg,https://s4.anilist.co/file/anilistcdn/character/medium/n69055-tmF7uIwloFHc.jpg,https://t.vndb.org/ch/69/79669.jpg,,Curtained Short Brown Pale Hotblooded Young-adult Suit Necktie Police Teasing,https://anilist.co/character/69055,,https://vndb.org/c66254,
al120724,anilist,12,3,,,傘木希美,Nozomi Kasaki,,女,,16-17,动画,动画,響け！ユーフォニアム,吹响吧！上低音号,2015,动画,"[{""t"":""響け！ユーフォニアム"",""cn"":""吹响吧！上低音号"",""ty"":""动画"",""y"":2015,""pop"":151819},{""t"":""響け！ユーフォニアム 2"",""cn"":""吹响吧！上低音号 第二季"",""ty"":""动画"",""y"":2016,""pop"":77697},{""t"":""リズと青い鳥"",""cn"":"""",""ty"":""动画"",""y"":2018,""pop"":72540},{""t"":""響け！ユーフォニアム３"",""cn"":"""",""ty"":""动画"",""y"":2024,""pop"":36376},{""t"":""劇場版 響け！ユーフォニアム～誓いのフィナーレ～"",""cn"":"""",""ty"":""动画"",""y"":2019,""pop"":35634},{""t"":""特別編 響け！ユーフォニアム～アンサンブルコンテスト～"",""cn"":"""",""ty"":""动画"",""y"":2023,""pop"":19498}]",Flute Nozomi is a second-year student who used to play flute for the Kitauji High School's Bass Band Club in her first year.,578,578,0,0,,https://s4.anilist.co/file/anilistcdn/character/large/b120724-RpJC4wcv8mWc.jpg,https://s4.anilist.co/file/anilistcdn/character/medium/b120724-RpJC4wcv8mWc.jpg,,,,https://anilist.co/character/120724,,,
vndb-c10746,vndb,12,3,,,天ヶ瀬 優希,Amagase Yuuki,,女,,,Galgame,Galgame,LOVELY×CATION,,2011,Galgame,,"The protagonist's classmate who is very popular, has good grades and is good at sports.",565,0,565,0,,https://t.vndb.org/ch/87/12087.jpg,https://t.vndb.org/ch/87/12087.jpg,,#da7399 #804b79 #d1c0cf #f0e7e3 #f6f5f7 #ffffff,Pink Curtained Teen Slim Pale School Uniform Cowgirl Blowjob Sixty-nine Virgin Sex,,,https://vndb.org/c10746,
vndb-c8456,vndb,12,3,,,カイラ・キルステン,Kaira Kirsten,,女,B,,Galgame,Galgame,BALDR FORCE,,2002,Galgame,,"Used to be in a group similar to Steppen Wolf, but joined FLAK after being caught. [From AniDB]",490,0,490,0,,https://t.vndb.org/ch/13/8913.jpg,https://t.vndb.org/ch/13/8913.jpg,,#9c7052 #d1ab80 #222641 #8193be #4a4962 #eee6dc,Blond Long Wavy Curtained Slim Pale Fighting Young-adult Jacket Miniskirt,,,https://vndb.org/c8456,
vndb-c68011,vndb,12,3,,,リサ,Lisa,,女,AB,,Galgame,Galgame,Tropical Liquor,,2018,Galgame,,"""This is something we at the Royal Kai Hotel are famous for."" The owner of the hotel you stay at, the Royal Kai. Wealthy and elegant, her very gait is a sight to behold. Her model-like proportions are one of her points of pride.",456,0,456,0,,https://t.vndb.org/ch/25/81925.jpg,https://t.vndb.org/ch/25/81925.jpg,,#dd6581 #efb8b1 #663a54 #91c3d8 #f9e1d3 #fefbfa,Blond Waist Length+ Wavy Slim Pale Hard Worker Doggy Style Virgin Sex Blue Young-adult,,,https://vndb.org/c68011,
vndb-c51096,vndb,12,3,,,石動 大我,Isurugi Taiga,,男,B,,Galgame,Galgame,VARIABLE BARRICADE,,2019,Galgame,,"""Just shut up and fall for me"" Challenge A free spirit who hates to be stereotyped. 'People are people, I'm me.' But he's the type that clearly marks his belongings.",429,0,429,0,,https://t.vndb.org/ch/70/81570.jpg,https://t.vndb.org/ch/70/81570.jpg,,#8b6974 #e795be #2c2225 #e8dad3 #f9f8f3,Short Pale Orphan Amber Young-adult Suit Earrings Shirt Tsundere Ore,,,https://vndb.org/c51096,
al198884,anilist,12,3,,,カガリ・ミミ,Mimi Kagari,,女,,14,动画|漫画,动画,きみが死ぬまで恋をしたい,,2026,动画,"[{""t"":""きみが死ぬまで恋をしたい"",""cn"":"""",""ty"":""动画"",""y"":2026,""pop"":54604},{""t"":""きみが死ぬまで恋をしたい"",""cn"":"""",""ty"":""漫画"",""y"":2018,""pop"":15527},{""t"":""きみが死ぬまで恋をしたい side stories"",""cn"":"""",""ty"":""漫画"",""y"":2026,""pop"":565}]",143 cm A mysterious girl who came to [Sheena](//anilist.co/character/198883/Totsuki-Sheena). She is said to be the school's immortal secret weapon.,394,394,0,0,,https://s4.anilist.co/file/anilistcdn/character/large/b198884-C9BQITbcTuOB.jpg,https://s4.anilist.co/file/anilistcdn/character/medium/b198884-C9BQITbcTuOB.jpg,,,,https://anilist.co/character/198884,,,
al148755,anilist,12,3,,,メイ,Mei,,女,,,动画|漫画,动画,地獄楽,地狱乐,2023,动画,"[{""t"":""地獄楽"",""cn"":""地狱乐"",""ty"":""动画"",""y"":2023,""pop"":361565},{""t"":""地獄楽 第二期"",""cn"":""地狱乐 第二季"",""ty"":""动画"",""y"":2026,""pop"":172967},{""t"":""地獄楽"",""cn"":""地狱乐"",""ty"":""漫画"",""y"":2018,""pop"":97961},{""t"":""じごくらく 〜最強の抜け忍 がまんの画眉丸〜"",""cn"":"""",""ty"":""漫画"",""y"":2020,""pop"":359}]",Water An islander from Kotaku. Mei is a shy and quiet girl. She is innocent and can easily be frightened when harm comes to her.,359,359,0,0,,https://s4.anilist.co/file/anilistcdn/character/large/b148755-KybQKJ8BPh1Q.jpg,https://s4.anilist.co/file/anilistcdn/character/medium/b148755-KybQKJ8BPh1Q.jpg,,,,https://anilist.co/character/148755,,,
al22306,anilist,12,3,,,小阪ちひろ,Chihiro Kosaka,,女,O,17,动画|漫画,动画,神のみぞ知るセカイ,,2010,动画,"[{""t"":""神のみぞ知るセカイ"",""cn"":"""",""ty"":""动画"",""y"":2010,""pop"":135145},{""t"":""神のみぞ知るセカイⅡ"",""cn"":"""",""ty"":""动画"",""y"":2011,""pop"":77834},{""t"":""神のみぞ知るセカイ 女神篇"",""cn"":"""",""ty"":""动画"",""y"":2013,""pop"":68277},{""t"":""神のみぞ知るセカイ　４人とアイドル"",""cn"":"""",""ty"":""动画"",""y"":2011,""pop"":27140},{""t"":""神のみぞ知るセカイ"",""cn"":"""",""ty"":""漫画"",""y"":2008,""pop"":25589}]",2-B 158 cm A friend of [Ayumi Takahara](//anilist.co/character/15636/Takahara-Ayumi). Chihiro is a girl who tries to confess to a boy immediately after she thinks that he is handsome and attractive.,347,347,0,0,,https://s4.anilist.co/file/anilistcdn/character/large/n22306-P4lmKWVMvMHa.jpg,https://s4.anilist.co/file/anilistcdn/character/medium/n22306-P4lmKWVMvMHa.jpg,,,,https://anilist.co/character/22306,,,
vndb-c77353,vndb,12,3,,,椎野 ことね,Shiino Kotone,,女,A,,Galgame,Galgame,アオナツライン,,2019,Galgame,,,340,0,340,0,,https://t.vndb.org/ch/92/93892.jpg,https://t.vndb.org/ch/92/93892.jpg,,#6c5e69 #bba9a9 #d9d3e0 #f1eaeb #f9f9fa,Brown Bob Cut Short Teen Slim Pale School Uniform Doggy Style Cowgirl Blowjob,,,https://vndb.org/c77353,
al124385,anilist,12,3,,,ゾロメ,Zorome,Code:666 / Zorome the Great,男,O Rh+,,动画|漫画,动画,ダーリン・イン・ザ・フランキス,DARLING in the FRANXX,2018,动画,"[{""t"":""ダーリン・イン・ザ・フランキス"",""cn"":""DARLING in the FRANXX"",""ty"":""动画"",""y"":2018,""pop"":500181},{""t"":""ダーリン・イン・ザ・フランキス"",""cn"":""DARLING in the FRANXX"",""ty"":""漫画"",""y"":2018,""pop"":21127},{""t"":""だーりん・いん・ざ・ふらんきす！"",""cn"":"""",""ty"":""漫画"",""y"":2018,""pop"":2648}]","161cm Zorome is a former Parasite with the codename ""666"" of the Thirteenth Plantation, where he is partnered in a boy-girl pair with [Miku](//anilist.co/character/124384/Miku) to pilot a FRANXX called Argentea.",324,324,0,0,,https://s4.anilist.co/file/anilistcdn/character/large/b124385-wnvor7z83ZPt.jpg,https://s4.anilist.co/file/anilistcdn/character/medium/b124385-wnvor7z83ZPt.jpg,,,,https://anilist.co/character/124385,,,
vndb-c2119,vndb,12,3,,,清川 望,Kiyokawa Nozomi,,女,A,,Galgame,Galgame,ときめきメモリアル,,1994,Galgame,"[{""t"":""ときめきメモリアル"",""cn"":"""",""ty"":""Galgame"",""y"":1994,""pop"":311},{""t"":""ときめきメモリアルドラマシリーズ Vol.3 旅立ちの詩"",""cn"":"""",""ty"":""Galgame"",""y"":1999,""pop"":4}]","A tomboyish girl who loves swimming, as well as flowers.",311,0,311,0,,https://t.vndb.org/ch/92/171792.jpg,https://t.vndb.org/ch/92/171792.jpg,,#d39d89 #3a595e #e7c4b2 #dbd3d4 #f3eeee #ffffff,Green School Uniform Green Shy High School Student Clumsy One Piece Swimsuit Tomboy Swimming Nature Lover,,,https://vndb.org/c2119,
al4890,anilist,12,3,,,ベルメール,Bellemere,,女,S,30,动画|漫画,动画,ONE PIECE,航海王,1999,动画,"[{""t"":""ONE PIECE"",""cn"":""航海王"",""ty"":""动画"",""y"":1999,""pop"":750384},{""t"":""ONE PIECE"",""cn"":""航海王"",""ty"":""漫画"",""y"":1997,""pop"":232766},{""t"":""ONE PIECE FILM STRONG WORLD EPISODE:0"",""cn"":"""",""ty"":""动画"",""y"":2010,""pop"":18755},{""t"":""ONE PIECE エピソードオブナミ 〜航海士の涙と仲間の絆〜"",""cn"":"""",""ty"":""动画"",""y"":2012,""pop"":17533},{""t"":""ONE PIECE エピソードオブ東の海〜ルフィと4人の仲間の大冒険!!〜"",""cn"":"""",""ty"":""动画"",""y"":2017,""pop"":14831},{""t"":""ONE PIECE STRONG WORLD"",""cn"":"""",""ty"":""漫画"",""y"":2009,""pop"":3853}]","Bellemere was Nami and Nojiko's adoptive mother, seen in a flashback during the Arlong arc. One Piece Wikia A former Marine, Bellemere came across Nojiko and Nami in the ruins of a town in the aftermath of a great battle.",261,261,0,0,,https://s4.anilist.co/file/anilistcdn/character/large/4890.jpg,https://s4.anilist.co/file/anilistcdn/character/medium/4890.jpg,,,,https://anilist.co/character/4890,,,
vndb-c99977,vndb,12,3,,,,Dave Strider,Akwete Purrmusk / turntechGodhead / Knight of Time,男,,,Galgame,Galgame,Homestuck,,2016,Galgame,,"Dave Strider is one of the main characters in Homestuck. He is obsessed with being cool, which manifests itself in his unceasing pursuit of new ironic depths. [From MSPA Wiki]",245,0,245,0,,https://t.vndb.org/ch/89/159989.jpg,https://t.vndb.org/ch/89/159989.jpg,,#f71811 #620e0c #333136 #a2a1b4 #fafafb #131313,Short Swordsmanship Jeans Katana Musician Mobile Phone Sunglasses Deity Time Travel Comic Artist,,,https://vndb.org/c99977,
vndb-c136145,vndb,12,3,,,,Dirk Strider,Di-Stri / timaeusTestified / Prince of Heart,男,,,Galgame,Galgame,Homestuck,,2016,Galgame,,"Dirk Strider is one of the four Alpha kids. He tends to brag when it comes to his achievements, especially involving robots. He seems to be a fan of horses, judging by his room being filled with horse and pony themed posters.",245,0,245,0,,https://t.vndb.org/ch/28/160128.jpg,https://t.vndb.org/ch/28/160128.jpg,,#5d5954 #fbfbfb #dcdcdc #030303 #b6b6b6,Swordsmanship Tattoo Stoic Reserved Low Self-esteem Suicide Mechanic Sunglasses Deity Self-sacrifice,,,https://vndb.org/c136145,
al43089,anilist,12,3,,,小湊亜耶,Aya Kominato,,男,A,17,动画|漫画,动画,アオハライド,青春之旅,2014,动画,"[{""t"":""アオハライド"",""cn"":""青春之旅"",""ty"":""动画"",""y"":2014,""pop"":244855},{""t"":""アオハライド"",""cn"":""青春之旅"",""ty"":""漫画"",""y"":2011,""pop"":61275},{""t"":""アオハライド PAGE.13"",""cn"":"""",""ty"":""动画"",""y"":2014,""pop"":18160},{""t"":""俺ライド!!"",""cn"":"""",""ty"":""漫画"",""y"":2013,""pop"":1956}]","178cm (5'10"") Outgoing and spontaneous, Aya seems to be the only character without social problems. He is very open, caring, and sometimes even dense. He has an unrequited crush on Shuuko.",204,204,0,0,,https://s4.anilist.co/file/anilistcdn/character/large/b43089-eiN8YhEhVFYQ.png,https://s4.anilist.co/file/anilistcdn/character/medium/b43089-eiN8YhEhVFYQ.png,,,,https://anilist.co/character/43089,,,
vndb-c12971,vndb,12,3,,,朝日奈 右京,Asahina Ukyou,,男,AB,,Galgame,Galgame,Brothers Conflict,,2012,Galgame,"[{""t"":""Brothers Conflict"",""cn"":"""",""ty"":""Galgame"",""y"":2012,""pop"":203},{""t"":""Brothers Conflict"",""cn"":"""",""ty"":""Galgame"",""y"":2012,""pop"":203}]","Birth December 3rd, 1981. Ukyou is the 2nd son of the Asahina family. He is a successful lawyer and acts as the ""mother figure"" to the household. He cooks, cleans and helps the others study for school.",203,0,203,0,,https://t.vndb.org/ch/29/24129.jpg,https://t.vndb.org/ch/29/24129.jpg,,#645250 #c4ac9b #ecd8c5 #1e1d1d #ffffff,Blond Curtained Short Slim Pale Proactive Cooking Blue Young-adult Suit,,,https://vndb.org/c12971,
vndb-c88389,vndb,12,3,,,二川 晴,Futagawa Haru,,女,B,,Galgame,Galgame,Re CATION ~Melty Healing~,,2020,Galgame,,"Haru is a college sophomore working multiple part-time jobs. Due to her busy schedule, Haru sometimes feels down at the thought that she is not getting the full college experience.",189,0,189,0,,https://t.vndb.org/ch/39/106939.jpg,https://t.vndb.org/ch/39/106939.jpg,,#8394a1 #5c4847 #e7e0d5 #c7c2bc #f6f2ef #ffffff,Brown Ponytail Brown Uniform Sweater Hard Worker Missionary Doggy Style Cowgirl Blowjob,,,https://vndb.org/c88389,
al2078,anilist,12,3,,,三千院ナギ,Nagi Sanzenin,Ojou-sama / Mask the Money,,AB,13,动画|漫画,动画,トニカクカワイイ,总之就是非常可爱,2020,动画,"[{""t"":""トニカクカワイイ"",""cn"":""总之就是非常可爱"",""ty"":""动画"",""y"":2020,""pop"":246470},{""t"":""ハヤテのごとく！"",""cn"":"""",""ty"":""动画"",""y"":2007,""pop"":41955},{""t"":""トニカクカワイイ"",""cn"":""总之就是非常可爱"",""ty"":""漫画"",""y"":2018,""pop"":41494},{""t"":""ハヤテのごとく！！"",""cn"":"""",""ty"":""动画"",""y"":2009,""pop"":21088},{""t"":""ハヤテのごとく! CAN'T TAKE MY EYES OFF YOU"",""cn"":"""",""ty"":""动画"",""y"":2012,""pop"":12055},{""t"":""絶対可憐チルドレン"",""cn"":"""",""ty"":""动画"",""y"":2008,""pop"":10977}]","138 cm Nagi is the only heir to the Sanzenin fortune. She isn't just your average ""rich girl"". Calling her ""rich"" would be selling her short.",133,133,0,0,,https://s4.anilist.co/file/anilistcdn/character/large/2078.jpg,https://s4.anilist.co/file/anilistcdn/character/medium/2078.jpg,,,,https://anilist.co/character/2078,,,
al22252,anilist,12,3,,,水戸部凛之助,Rinnosuke Mitobe,,男,A,17,动画|漫画,动画,黒子のバスケ,黑子的篮球,2012,动画,"[{""t"":""黒子のバスケ"",""cn"":""黑子的篮球"",""ty"":""动画"",""y"":2012,""pop"":286383},{""t"":""黒子のバスケ 2nd SEASON"",""cn"":"""",""ty"":""动画"",""y"":2013,""pop"":182891},{""t"":""黒子のバスケ 3rd SEASON"",""cn"":"""",""ty"":""动画"",""y"":2015,""pop"":162720},{""t"":""黒子のバスケ"",""cn"":""黑子的篮球"",""ty"":""漫画"",""y"":2008,""pop"":17353},{""t"":""黒子のバスケ2 NG集"",""cn"":"""",""ty"":""动画"",""y"":2014,""pop"":9662},{""t"":""黒子のバスケ ウインターカップ総集編　～影と光～"",""cn"":"""",""ty"":""动画"",""y"":2016,""pop"":9077}]","A hard working player who has never spoken in front of his team members. For some reason, Koganei can understand what's on his mind and then speaks for him.",104,104,0,0,,https://s4.anilist.co/file/anilistcdn/character/large/b22252-zUc554bESbKn.png,https://s4.anilist.co/file/anilistcdn/character/medium/b22252-zUc554bESbKn.png,,,,https://anilist.co/character/22252,,,
al84915,anilist,12,3,,,彩風涼,Suzu Ayakaji,Fuu / 風,女,,15-16,动画|漫画,动画,ニセコイ：,伪恋,2015,动画,"[{""t"":""ニセコイ："",""cn"":""伪恋"",""ty"":""动画"",""y"":2015,""pop"":165810},{""t"":""ニセコイ"",""cn"":""伪恋"",""ty"":""漫画"",""y"":2011,""pop"":56560}]",**** 155 cm She is the best friend and classmate of [Haru Onodera](//anilist.co/character/84911/Haru-Onodera) and one of the classmates of [Paula McCoy](//anilist.co/character/84917/Paula-McCoy).,15,15,0,0,,https://s4.anilist.co/file/anilistcdn/character/large/b84915-nmg5y9DeYxFJ.png,https://s4.anilist.co/file/anilistcdn/character/medium/b84915-nmg5y9DeYxFJ.png,,,,https://anilist.co/character/84915,,,
al89361,anilist,12,4,,惠惠,めぐみん,Megumin,Crazy Explosion Girl / Psycho Girl,女,,13-17,动画,动画,この素晴らしい世界に祝福を！,为美好的世界献上祝福！,2016,动画,"[{""t"":""この素晴らしい世界に祝福を！"",""cn"":""为美好的世界献上祝福！"",""ty"":""动画"",""y"":2016,""pop"":518169},{""t"":""この素晴らしい世界に祝福を！2"",""cn"":""为美好的世界献上祝福！ 第二季"",""ty"":""动画"",""y"":2017,""pop"":376691},{""t"":""この素晴らしい世界に祝福を！紅伝説"",""cn"":"""",""ty"":""动画"",""y"":2019,""pop"":242609},{""t"":""この素晴らしい世界に祝福を！３"",""cn"":"""",""ty"":""动画"",""y"":2024,""pop"":179684},{""t"":""この素晴らしい世界に祝福を！ この素晴らしいチョーカーに祝福を!"",""cn"":"""",""ty"":""动画"",""y"":2016,""pop"":127677},{""t"":""この素晴らしい世界に爆焔を！"",""cn"":""为美好的世界献上爆炎！"",""ty"":""动画"",""y"":2023,""pop"":123438}]",自称红魔族当中首屈一指的天才魔法师，黑发红眼，年龄14岁，职业是大魔法师。深受名为“爆裂魔法”的最强魔法之魅力所吸引，所以只会用这招，也只肯用这招。是个有严重的中二病的萝莉，最喜欢的东西、专长、兴趣都是爆裂魔法，不过因为本人自身魔力不够高的关系，一天的魔力只够用一发爆裂魔法，用完就会不支倒地。因为家庭的经济关系而外出找工作，并以此为契机加入和真的小队。,17576,17576,0,1660,,https://s4.anilist.co/file/anilistcdn/character/large/b89361-tq8PQQ4MmF0M.png,https://s4.anilist.co/file/anilistcdn/character/medium/b89361-tq8PQQ4MmF0M.png,https://lain.bgm.tv/r/400/pic/crt/l/2e/ba/35681_crt_8rGq5.jpg?r=1715442740,,,https://anilist.co/character/89361,https://bgm.tv/character/35681,,35681
al94,anilist,12,4,2001,惣流·明日香·兰格雷,惣流・アスカ・ラングレー,Asuka Langley Souryuu,Second Child / Asuka Langley Shikinami / Princess,女,A,14,动画|Galgame,动画,新世紀エヴァンゲリオン,新世纪福音战士,1995,动画,"[{""t"":""新世紀エヴァンゲリオン"",""cn"":""新世纪福音战士"",""ty"":""动画"",""y"":1995,""pop"":494637},{""t"":""新世紀エヴァンゲリオン劇場版 Air/まごころを、君に"",""cn"":""新世纪福音战士剧场版 Air/真心为你"",""ty"":""动画"",""y"":1997,""pop"":253351},{""t"":""ヱヴァンゲリヲン新劇場版:破"",""cn"":""福音战士新剧场版：破"",""ty"":""动画"",""y"":2009,""pop"":134199},{""t"":""ヱヴァンゲリヲン新劇場版:Q"",""cn"":"""",""ty"":""动画"",""y"":2012,""pop"":123242},{""t"":""シン・エヴァンゲリオン劇場版:||"",""cn"":"""",""ty"":""动画"",""y"":2021,""pop"":117586},{""t"":""新世紀エヴァンゲリオン劇場版 シト新生"",""cn"":""新世纪福音战士剧场版 死与新生"",""ty"":""动画"",""y"":1997,""pop"":61824}]",简称为明日香，作为第二适格者驾驶EVA贰号机。角色名［明日香］来源于和田慎二的漫画的主角，姓氏［惣流］和［兰格雷 (Langley)］分别来自于第二次世界大战时的日本航空母舰苍龙号（日语同音Sōryū）和美国航空母舰兰利号（Langley）。 明日香出生于德国12月4日，14岁，四分之一日本血统和四分之三德国血统的混血儿，美国国籍。设定为金发，实际情况多有变化。相貌端庄秀丽，活泼开朗，好胜，自尊心强，自傲于驾驶EVA的能力，经常把头部界面装置当作发箍配戴。,15292,15292,436,2521,,https://s4.anilist.co/file/anilistcdn/character/large/b94-d631a3Z2KPvd.png,https://s4.anilist.co/file/anilistcdn/character/medium/b94-d631a3Z2KPvd.png,https://t.vndb.org/ch/25/183725.jpg|https://lain.bgm.tv/r/400/pic/crt/l/d5/f7/304_crt_9b9fj.jpg?r=1774181539,,Twin Tails School Uniform Blue Tsundere Selfish Childhood Friend Arrogant Classmate Mecha Pilot Possessive,https://anilist.co/character/94,https://bgm.tv/character/304,https://vndb.org/c126165,304
vndb-c162,vndb,12,4,,风间祷子,風間 祷子,Kazama Touko,,女,,,Galgame,Galgame,マブラヴ　オルタネイティヴ,Muv-Luv Alternative,2006,Galgame,"[{""t"":""マブラヴ　オルタネイティヴ"",""cn"":""Muv-Luv Alternative"",""ty"":""Galgame"",""y"":2006,""pop"":11333},{""t"":""マブラヴ ALTERED FABLE"",""cn"":""Muv-Luv ALTERED FABLE"",""ty"":""Galgame"",""y"":2007,""pop"":874},{""t"":""マブラヴ オルタネイティヴ クロニクルズ 告白"",""cn"":"""",""ty"":""Galgame"",""y"":2011,""pop"":430},{""t"":""ハルコマニアックス"",""cn"":"""",""ty"":""Galgame"",""y"":2010,""pop"":334},{""t"":""マブラヴ オルタネイティヴ クロニクルズ 再誕"",""cn"":"""",""ty"":""Galgame"",""y"":2012,""pop"":300}]",特殊任務部隊Ａ－０１の先任少尉。 ポジションは制圧支援（ブラスト・ガード）。 物腰もやわらかく、清楚でお淑やか。でも早飯食い。広い視野を持ち、戦場でも後方でも、部隊の者達に気を配っている。 また速瀬水月、宗像美冴という個性の強い前衛と後衛の間を取り持つ役割を果たしている。,11333,0,11333,7,,https://t.vndb.org/ch/96/196.jpg,https://t.vndb.org/ch/96/196.jpg,https://lain.bgm.tv/r/400/pic/crt/l/55/b0/28730_crt_aJMjN.jpg,#8d84dd #a6a294 #cdcabd #f1efe2 #666864 #363838,Waist Length+ Straight Green Slim Pale Trousers Fighting Blue Young-adult Jacket,,https://bgm.tv/character/28730,https://vndb.org/c163,28730
vndb-c86032,vndb,12,4,,滩海硝子,灘海 硝子,Nadami Shouko,Rohan Kumakura (misnomer) / Shoko Okiura (formerly) / 沖浦 硝子 / Okiura Shouko (formerly),女,,,Galgame,Galgame,AI：ソムニウム ファイル,AI：梦境档案,2019,Galgame,"[{""t"":""AI：ソムニウム ファイル"",""cn"":""AI：梦境档案"",""ty"":""Galgame"",""y"":2019,""pop"":4117},{""t"":""AI: ソムニウムファイル ニルヴァーナイニシアチブ"",""cn"":""AI：梦境档案 涅槃肇始"",""ty"":""Galgame"",""y"":2022,""pop"":1753}]",11月のとある金曜日の夜、廃墟と化した遊園地『ブルームパーク』のメリーゴーランドにて、遺体となって発見された。 遺体からは左目がくりぬかれていた。,4117,0,4117,6,,https://t.vndb.org/ch/10/135610.jpg,https://t.vndb.org/ch/10/135610.jpg,https://lain.bgm.tv/r/400/pic/crt/l/af/e7/70976_crt_I6H1P.jpg?r=1563781588,#252f49 #6d818d #a2b7bb #ffffff,Bob Cut Pale Blue Young-adult Coat Gloves Pantyhose Ignorant Suicide Divorcee,,https://bgm.tv/character/70976,https://vndb.org/c86032,70976
vndb-c87415,vndb,12,4,,山胁多惠,山脇 多恵,Yamawaki Tae,多恵バア / Tae-baa,女,,,Galgame,Galgame,レイジングループ,人狼村之谜,2015,Galgame,,藤良村の名代で、最年長者の女性。73歳 室匠と同じく農業を営んでいる。 信心深い老婆で、休水の歴史や昔話にも詳しい。 また、価値観の違う若者や余所者には狭量な態度をとることが多い。,3618,0,3618,2,,https://t.vndb.org/ch/75/105875.jpg,https://t.vndb.org/ch/75/105875.jpg,https://lain.bgm.tv/r/400/pic/crt/l/25/83/75442_crt_jzZQw.jpg,#58405c #856984 #c7b5aa #ffffff,White Ponytail Pale Grey Old Apron Kimono Mask Boots Poor,,https://bgm.tv/character/75442,https://vndb.org/c87415,75442
vndb-c10506,vndb,12,4,,,藤島 直,Fujishima Nao,,女,,,Galgame,Galgame,恋剣乙女,,2012,Galgame,"[{""t"":""恋剣乙女"",""cn"":"""",""ty"":""Galgame"",""y"":2012,""pop"":1764},{""t"":""恋剣乙女～再燃～"",""cn"":"""",""ty"":""Galgame"",""y"":2014,""pop"":178}]",,1764,0,1764,0,,https://t.vndb.org/ch/88/11688.jpg,https://t.vndb.org/ch/88/11688.jpg,,#957f65 #504050 #beb29f #e9dfd4 #f7f5ea #ffffff,Brown Ponytail Waist Length+ Slim Pale Amber Teacher Strict Unarmed Fighting Tomboy,,,https://vndb.org/c10506,
vndb-c88348,vndb,12,4,,,斑目 圭,Madarame Kei,,男,O,,Galgame,Galgame,スロウ・ダメージ,,2021,Galgame,,"""I'd rather waste my time fucking you. Come here."" A mysterious man with ties to the Takasato-gumi. Widely believed to be dead, Madarame laid low for many years until returning to Shinkoumi in search of Towa.",1458,0,1458,0,,https://t.vndb.org/ch/96/110296.jpg,https://t.vndb.org/ch/96/110296.jpg,,#beaea7 #766f6e #2d2e2c #dbdada #f4f4f4 #ffffff,Brown Mullet Short Straight Fighting Amber Adult Olive Tattoo Trench Coat,,,https://vndb.org/c88348,
al298929,anilist,12,4,,,アモ・エンプール,Amo Empool,The Lady of Penta,女,,,动画|漫画,动画,ガチアクタ,GACHIAKUTA咔嗒咔嗒,2025,动画,"[{""t"":""ガチアクタ"",""cn"":""GACHIAKUTA咔嗒咔嗒"",""ty"":""动画"",""y"":2025,""pop"":255821},{""t"":""ガチアクタ"",""cn"":""GACHIAKUTA咔嗒咔嗒"",""ty"":""漫画"",""y"":2022,""pop"":66558},{""t"":""ガチアクタ 第2期"",""cn"":"""",""ty"":""动画"",""y"":"""",""pop"":26608}]","158 cm (5'2"") Amo is a teenage girl who lives in the Forbidden Zone Penta. She is able to breath in the Abyss and has seen someone who can go up to Heaven.",1358,1358,0,0,,https://s4.anilist.co/file/anilistcdn/character/large/b298929-FPGX8O3DHcoL.png,https://s4.anilist.co/file/anilistcdn/character/medium/b298929-FPGX8O3DHcoL.png,,,,https://anilist.co/character/298929,,,
al88032,anilist,12,4,,,香風智乃,Chino Kafuu,Cappuccino,女,AB,13,动画|漫画,动画,ご注文はうさぎですか？,,2014,动画,"[{""t"":""ご注文はうさぎですか？"",""cn"":"""",""ty"":""动画"",""y"":2014,""pop"":69463},{""t"":""ご注文はうさぎですか？？"",""cn"":"""",""ty"":""动画"",""y"":2015,""pop"":37790},{""t"":""ご注文はうさぎですか？ BLOOM"",""cn"":"""",""ty"":""动画"",""y"":2020,""pop"":22563},{""t"":""ご注文はうさぎですか?? ~Dear My Sister~"",""cn"":"""",""ty"":""动画"",""y"":2017,""pop"":15887},{""t"":""ご注文はうさぎですか？？ ~Sing For You~"",""cn"":"""",""ty"":""动画"",""y"":2019,""pop"":10516},{""t"":""ご注文はうさぎですか？"",""cn"":"""",""ty"":""漫画"",""y"":2011,""pop"":3429}]","144 cm Chino is a girl whose dream job is to become an amazing barista of Rabbit House. Chino, being reserved and quiet, found it difficult at first to open up to [Cocoa](//anilist.co/character/84491/Cocoa-Hoto) when she first moved over to…",1054,1054,0,0,,https://s4.anilist.co/file/anilistcdn/character/large/b88032-YQOBGYKIpgnN.png,https://s4.anilist.co/file/anilistcdn/character/medium/b88032-YQOBGYKIpgnN.png,,,,https://anilist.co/character/88032,,,
vndb-c1327,vndb,12,4,,,鈴鹿 和馬,Suzuka Kazuma,,男,B,,Galgame,Galgame,ときめきメモリアル Girl's Side,,2002,Galgame,"[{""t"":""ときめきメモリアル Girl's Side"",""cn"":"""",""ty"":""Galgame"",""y"":2002,""pop"":452},{""t"":""ときめきメモリアル Girl’s Side 2nd Kiss"",""cn"":"""",""ty"":""Galgame"",""y"":2006,""pop"":366}]","Suzuka is a typical jock. From the beginning of the first year he's a regular at the basketball club and his dream is to go to America on a basketball scholarship. He is very talented, but has a hard time playing as part of a team.",452,0,452,0,,https://t.vndb.org/ch/70/1370.jpg,https://t.vndb.org/ch/70/1370.jpg,,#4c485f #a2988e #d9c4b1 #ffffff,Blue Short Brown Teen School Uniform Trousers Hotblooded Necktie Tsundere Ore,,,https://vndb.org/c1327,
al120232,anilist,12,4,,,花園たえ,Tae Hanazono,O-Tae / Hana-chan,女,,,动画,动画,BanG Dream!（バンドリ！）,,2017,动画,"[{""t"":""BanG Dream!（バンドリ！）"",""cn"":"""",""ty"":""动画"",""y"":2017,""pop"":40167},{""t"":""BanG Dream! It's MyGO!!!!!"",""cn"":"""",""ty"":""动画"",""y"":2023,""pop"":22181},{""t"":""BanG Dream! 2nd Season"",""cn"":"""",""ty"":""动画"",""y"":2019,""pop"":20664},{""t"":""BanG Dream! 3rd Season"",""cn"":"""",""ty"":""动画"",""y"":2020,""pop"":16631},{""t"":""BanG Dream! ガルパ☆ピコ"",""cn"":"""",""ty"":""动画"",""y"":2018,""pop"":10333},{""t"":""BanG Dream! 遊んじゃった！"",""cn"":"""",""ty"":""动画"",""y"":2017,""pop"":7084}]","164 cm (5'5"") ESP Snapper Guitar A student at Hanasakigawa Girls' High School and the lead guitarist of Poppin'Party. The other members call her O-Tae. Tae lives with her parents and 20 rabbits.",412,412,0,0,,https://s4.anilist.co/file/anilistcdn/character/large/b120232-AcXdfy7CwQnZ.png,https://s4.anilist.co/file/anilistcdn/character/medium/b120232-AcXdfy7CwQnZ.png,,,,https://anilist.co/character/120232,,,
vndb-c88420,vndb,12,4,,,宗方 甚六,Munakata Jinroku,,男,,,Galgame,Galgame,まいてつ Last Run!!,,2020,Galgame,,A veteran engineer who is taciturn and stoic. Olivi and Locomotive No.9's driver.,384,0,384,0,,https://t.vndb.org/ch/25/135425.jpg,https://t.vndb.org/ch/25/135425.jpg,,#576686 #f0e0d0 #d6cfc8 #a49c9e #ffffff,Black Short Uniform Stoic Father Mechanic Non-blood-related Father Taciturn Grief Train Driver,,,https://vndb.org/c88420,
vndb-c99974,vndb,12,4,,,,Rose Lalonde,tentacleTherapist / Seer of Light,女,,,Galgame,Galgame,Homestuck,,2016,Galgame,,Rose Lalonde is one of the main characters in Homestuck. She uses the chumhandle tentacleTherapist when chatting on Pesterchum. Her text color is purple (#B536DA). Her web browser of choice is Cetus.,245,0,245,0,,https://t.vndb.org/ch/85/162685.jpg,https://t.vndb.org/ch/85/162685.jpg,,#51d5f9 #f775ee #daf52e #9cc2be #060608 #f2f1f4,Short Teen Fighting Headband Skirt Daughter Writer Sarcasm Refined Deity,,,https://vndb.org/c99974,
vndb-c138295,vndb,12,4,,,,Roxy Lalonde,tipsyGnostalgic / Rogue of Void,女,,,Galgame,Galgame,Homestuck,,2016,Galgame,,"Roxy Lalonde is one of the four Alpha kids. She is casual, fun-loving, and sociable. She does not shy away from cursing, and use sexual terms often. She has a particular interest in wizards, video games, and cats.",245,0,245,0,,https://t.vndb.org/ch/91/162691.jpg,https://t.vndb.org/ch/91/162691.jpg,,#6a086e #2a7380 #351216 #cb0c11 #020505 #eae2ec,Blond Bob Cut Rifle Carefree Friendly Drinking Alcohol Abuse Hacker Thief Relaxed,,,https://vndb.org/c138295,
vndb-c10392,vndb,12,4,,,御堂金 光,Midoukane Hikaru,,女,,,Galgame,Galgame,マテリアルブレイブ,,2012,Galgame,"[{""t"":""マテリアルブレイブ"",""cn"":"""",""ty"":""Galgame"",""y"":2012,""pop"":184},{""t"":""マテリアルブレイブ イグニッション"",""cn"":"""",""ty"":""Galgame"",""y"":2013,""pop"":77}]","High school 1st year student Hihiirokane (allows Hikaru to control heavy metal objects with ease)Precise 169.1 cm Hikaru is very old-fashioned, samurai-like girl who wields a sword.",184,0,184,0,,https://t.vndb.org/ch/37/31737.jpg,https://t.vndb.org/ch/37/31737.jpg,,#8f757d #4c3f4a #cbb6b9 #ecdbd2 #f5f2eb #ffffff,Brown Ponytail Twin Tails Waist Length+ Straight Brown Slim Pale School Uniform Sword,,,https://vndb.org/c10392,
al73497,anilist,12,4,,,佐藤隆哉,Takaya Satou,2D-kun / Mr. Two Dimensions / Satoutaka,男,,18-19,动画|漫画|轻小说,动画,ゴールデンタイム,,2013,动画,"[{""t"":""ゴールデンタイム"",""cn"":"""",""ty"":""动画"",""y"":2013,""pop"":265951},{""t"":""ゴールデンタイム"",""cn"":"""",""ty"":""漫画"",""y"":2011,""pop"":4142},{""t"":""ゴールデンタイム"",""cn"":"""",""ty"":""轻小说"",""y"":2010,""pop"":1897},{""t"":""ゴールデンタイム外伝 二次元くんスペシャル"",""cn"":"""",""ty"":""轻小说"",""y"":2010,""pop"":178}]","162cm (5'3"") First year law student. Totally fascinated by two-dimensional girls, he is awkward around three-dimensional (aka real) girls.",141,141,0,0,,https://s4.anilist.co/file/anilistcdn/character/large/73497.jpg,https://s4.anilist.co/file/anilistcdn/character/medium/73497.jpg,,,,https://anilist.co/character/73497,,,
al295293,anilist,12,4,,,オメガ,Omega,Number 24,女,,24,动画|轻小说,动画,陰の実力者になりたくて！,想要成为影之实力者！,2022,动画,"[{""t"":""陰の実力者になりたくて！"",""cn"":""想要成为影之实力者！"",""ty"":""动画"",""y"":2022,""pop"":314005},{""t"":""陰の実力者になりたくて！ 2nd season"",""cn"":""想要成为影之实力者！ 第二季"",""ty"":""动画"",""y"":2023,""pop"":195202},{""t"":""陰の実力者になりたくて！"",""cn"":""想要成为影之实力者！"",""ty"":""轻小说"",""y"":2018,""pop"":10826},{""t"":""かげじつ！せかんど"",""cn"":""影实！第二季"",""ty"":""动画"",""y"":2023,""pop"":5037}]","Member of Shadow Garden, and one of the Numbers (No. 24). She is a subordinate of [Epsilon](//anilist.co/character/162249). Omega is usually calm and collected but is troubled by her tendency to laugh at silly jokes.",90,90,0,0,,https://s4.anilist.co/file/anilistcdn/character/large/b295293-w4DP3ifIZHu2.png,https://s4.anilist.co/file/anilistcdn/character/medium/b295293-w4DP3ifIZHu2.png,,,,https://anilist.co/character/295293,,,
al77489,anilist,12,4,,,大御堂ふみ緒,Fumio Daimidou,,女,,,动画|漫画,动画,食戟のソーマ,食戟之灵,2015,动画,"[{""t"":""食戟のソーマ"",""cn"":""食戟之灵"",""ty"":""动画"",""y"":2015,""pop"":403190},{""t"":""食戟のソーマ 弍ノ皿"",""cn"":""食戟之灵 贰之皿"",""ty"":""动画"",""y"":2016,""pop"":260416},{""t"":""食戟のソーマ 餐ノ皿"",""cn"":""食戟之灵 餐之皿"",""ty"":""动画"",""y"":2017,""pop"":227810},{""t"":""『食戟のソーマ 餐ノ皿』 遠月列車篇"",""cn"":"""",""ty"":""动画"",""y"":2018,""pop"":172425},{""t"":""食戟のソーマ"",""cn"":""食戟之灵"",""ty"":""漫画"",""y"":2012,""pop"":47857},{""t"":""食戟のソーマ OVA"",""cn"":"""",""ty"":""动画"",""y"":2016,""pop"":34962}]",She is the warden and guardian of Polar Star Dormitory.,38,38,0,0,,https://s4.anilist.co/file/anilistcdn/character/large/b77489-sUUtK1ddnDdN.jpg,https://s4.anilist.co/file/anilistcdn/character/medium/b77489-sUUtK1ddnDdN.jpg,,,,https://anilist.co/character/77489,,,
al417,anilist,12,5,2000,鲁路修·兰佩路基,ルルーシュ・ランペルージ,Lelouch Lamperouge,Lulu / Zero / King of Elevens / The Demon,男,,17-18,动画,动画,コードギアス 反逆のルルーシュ,Code Geass 反叛的鲁路修,2006,动画,"[{""t"":""コードギアス 反逆のルルーシュ"",""cn"":""Code Geass 反叛的鲁路修"",""ty"":""动画"",""y"":2006,""pop"":500273},{""t"":""コードギアス 反逆のルルーシュ R2"",""cn"":""Code Geass 反叛的鲁路修R2"",""ty"":""动画"",""y"":2008,""pop"":362942},{""t"":""コードギアス 復活のルルーシュ"",""cn"":""Code Geass 复活的鲁路修"",""ty"":""动画"",""y"":2019,""pop"":97127},{""t"":""コードギアス 奪還のロゼ"",""cn"":"""",""ty"":""动画"",""y"":2024,""pop"":34781},{""t"":""コードギアス 反逆のルルーシュⅠ 興道"",""cn"":"""",""ty"":""动画"",""y"":2017,""pop"":33081},{""t"":""コードギアス 反逆のルルーシュⅢ 皇道"",""cn"":"""",""ty"":""动画"",""y"":2018,""pop"":29621}]",鲁路修·兰佩洛基是日本动画《Code Geass 反叛的鲁路修》中的主角。 一年前的东京攻略战中，黑色骑士团因为首领Zero的离开而最终战败。之后一年间，鲁路修的Geass能力被人封印而平静的生活在阿什弗德学园，在第二季开头，鲁路修重新与C.C相遇之后，Geass封印被解开，鲁路修也恢复了记忆。 一年前最后的神根岛之战，鲁路修被朱雀制服，并被押到其父不列颠皇帝面前，被皇帝施以Geass封印一切记忆。,29202,29202,0,1255,,https://s4.anilist.co/file/anilistcdn/character/large/b417-gVLmIJu9phcK.png,https://s4.anilist.co/file/anilistcdn/character/medium/b417-gVLmIJu9phcK.png,https://lain.bgm.tv/r/400/pic/crt/l/7b/3a/1_crt_FEkJM.jpg,,,https://anilist.co/character/417,https://bgm.tv/character/1,,1
vndb-c15852,vndb,12,5,,芳野佑介,芳野 祐介,Yoshino Yuusuke,,男,O,,Galgame,Galgame,CLANNAD,,2004,Galgame,"[{""t"":""CLANNAD"",""cn"":"""",""ty"":""Galgame"",""y"":2004,""pop"":11405},{""t"":""CLANNAD -クラナド- 光見守る坂道で"",""cn"":"""",""ty"":""Galgame"",""y"":2008,""pop"":698}]",从广受欢迎的音乐人摇身一变成为了一个电工的青年。不过，当时的摇滚之心依然未曾消亡，有时会平静地说出一些像是情歌歌词般的陈词滥调。朋也高中毕业后，和他在同一公司任职，作为朋也可以信赖的前辈，他以严格而温和的态度照料着朋也。与相乐美佐枝是高中同学。,11405,0,11405,55,,https://t.vndb.org/ch/35/27935.jpg,https://t.vndb.org/ch/35/27935.jpg,https://lain.bgm.tv/r/400/pic/crt/l/a3/66/1021_crt_e5sB3.jpg,#7b8eb1 #435474 #bcb6bb #e3e2dc #ffffff,Black Short Straight Slim Pale Hard Worker Orphan Blue Young-adult Jacket,,https://bgm.tv/character/1021,https://vndb.org/c15852,1021
al88938,anilist,12,5,,赤苇京治,赤葦京治,Keiji Akaashi, Fukuroudani's Setter,男,,,动画|漫画,动画,ハイキュー!! セカンドシーズン,排球少年 第二季,2015,动画,"[{""t"":""ハイキュー!! セカンドシーズン"",""cn"":""排球少年 第二季"",""ty"":""动画"",""y"":2015,""pop"":398770},{""t"":""ハイキュー!! 烏野高校 VS 白鳥沢学園高校"",""cn"":""排球少年 乌野高校 VS 白鸟泽学园高校"",""ty"":""动画"",""y"":2016,""pop"":362356},{""t"":""ハイキュー!! TO THE TOP"",""cn"":""排球少年 TO THE TOP"",""ty"":""动画"",""y"":2020,""pop"":293887},{""t"":""ハイキュー!! TO THE TOP 2"",""cn"":"""",""ty"":""动画"",""y"":2020,""pop"":255078},{""t"":""ハイキュー!! 陸 VS 空"",""cn"":"""",""ty"":""动画"",""y"":2020,""pop"":126303},{""t"":""ハイキュー！！"",""cn"":""排球少年!!"",""ty"":""漫画"",""y"":2012,""pop"":101913}]",梟谷バレーボール部副主将。冷静沈着な性格で、試合の流れを的確に読む梟谷の司令塔。チーム内では、暴走しがちの木兎のツッコミ役でもある。,3830,3830,0,26,,https://s4.anilist.co/file/anilistcdn/character/large/b88938-MQdQoMzEigo1.png,https://s4.anilist.co/file/anilistcdn/character/medium/b88938-MQdQoMzEigo1.png,https://lain.bgm.tv/r/400/pic/crt/l/a7/ca/35986_crt_gnQ2N.jpg,,,https://anilist.co/character/88938,https://bgm.tv/character/35986,,35986
al127585,anilist,12,5,,宝多六花,宝多六花,Rikka Takarada,,女,,15,动画|漫画,动画,SSSS.GRIDMAN,SSSS.古立特,2018,动画,"[{""t"":""SSSS.GRIDMAN"",""cn"":""SSSS.古立特"",""ty"":""动画"",""y"":2018,""pop"":104986},{""t"":""グリッドマン ユニバース"",""cn"":""古立特宇宙"",""ty"":""动画"",""y"":2023,""pop"":19971},{""t"":""SSSS.GRIDMAN Movie"",""cn"":"""",""ty"":""动画"",""y"":2023,""pop"":3288},{""t"":""アズールレーン アニメPVs"",""cn"":"""",""ty"":""动画"",""y"":2020,""pop"":1795},{""t"":""SSSS.GRIDMAN"",""cn"":""SSSS.古立特"",""ty"":""漫画"",""y"":2019,""pop"":495},{""t"":""SSSS.GRIDMAN 新世紀中学生日記"",""cn"":"""",""ty"":""漫画"",""y"":2019,""pop"":422}]",裕太的同班同学。家中经营着旧货商店“绚JUNK SHOP”。 典型的“时下女子高中生”，有着略显慵懒的说话语气。打字速度很快。,2541,2541,0,1136,,https://s4.anilist.co/file/anilistcdn/character/large/b127585-3lGc9BytiXjZ.png,https://s4.anilist.co/file/anilistcdn/character/medium/b127585-3lGc9BytiXjZ.png,https://lain.bgm.tv/r/400/pic/crt/l/dd/be/64640_crt_R6tf5.jpg?r=1539171620,,,https://anilist.co/character/127585,https://bgm.tv/character/64640,,64640
vndb-c4734,vndb,12,5,,,さいたま 闇子,Saitama Yamiko,夢川 姫子 / Yumekawa Himeko,女,B,,Galgame,Galgame,ゴア・スクリーミング・ショウ,,2006,Galgame,"[{""t"":""ゴア・スクリーミング・ショウ"",""cn"":"""",""ty"":""Galgame"",""y"":2006,""pop"":1771},{""t"":""夏の孤島の闇の声"",""cn"":"""",""ty"":""Galgame"",""y"":2006,""pop"":44}]","Yamiko is the cousin of Kyouji's mother, serving as a legal guardian in place of his parents. She is an accomplished though somewhat obscure occultist, and works as a leading editor of an underground magazine devoted to revealing legitimate…",1771,0,1771,0,,https://t.vndb.org/ch/27/131127.jpg,https://t.vndb.org/ch/27/131127.jpg,,#ac7f63 #6a4f46 #e0c2a3 #f3e3cd #f9f3f0 #ffffff,Brown Wavy Short Reverse-trap Brown Slim Pale Sweater Orphan Missionary,,,https://vndb.org/c4734,
al2825,anilist,12,5,,,木野まこと,Makoto Kino,Mako / Sailor Jupiter / Lita,女,O,14-16,动画,动画,美少女戦士セーラームーン,美少女战士,1992,动画,"[{""t"":""美少女戦士セーラームーン"",""cn"":""美少女战士"",""ty"":""动画"",""y"":1992,""pop"":105243},{""t"":""美少女戦士セーラームーン R"",""cn"":""美少女战士R"",""ty"":""动画"",""y"":1993,""pop"":35482},{""t"":""美少女戦士セーラームーンCrystal"",""cn"":"""",""ty"":""动画"",""y"":2014,""pop"":34388},{""t"":""美少女戦士セーラームーン S"",""cn"":""美少女战士S"",""ty"":""动画"",""y"":1994,""pop"":32547},{""t"":""美少女戦士セーラームーン Super S"",""cn"":""美少女战士SuperS"",""ty"":""动画"",""y"":1995,""pop"":25509},{""t"":""美少女戦士セーラームーン セーラースターズ"",""cn"":""美少女战士Sailor Stars"",""ty"":""动画"",""y"":1996,""pop"":24221}]","Makoto is the third member of the Sailor Team to be discovered by [Sailor Moon](//anilist.co/character/2030/Tsukino-Usagi), and serves as the ""muscles"" of the group.",1272,1272,0,0,,https://s4.anilist.co/file/anilistcdn/character/large/b2825-d7HrsHjJgixD.png,https://s4.anilist.co/file/anilistcdn/character/medium/b2825-d7HrsHjJgixD.png,,,,https://anilist.co/character/2825,,,
vndb-c38346,vndb,12,5,,,リチャード 舞扇,Richard Maiougi,Consigliere / Toshizou Maiougi,男,,,Galgame,Galgame,ローズガンズデイズ,,2012,Galgame,,"Brother of Stella and the treasury guardian for the Primavera officials. As Rose is the Club's emotional leader, Richard would be its practical leader. [TV tropes]",1103,0,1103,0,,https://t.vndb.org/ch/40/46340.jpg,https://t.vndb.org/ch/40/46340.jpg,,#a59176 #504f77 #d5bbae #ffffff,Blue Shoulder-length Villain Red Kimono Suit Stoic Cynic Uncle Legal Guardian,,,https://vndb.org/c38346,
vndb-c43338,vndb,12,5,,,ヤーコフ・ニジンスキー,Yakov Nijinsky,,男,,,Galgame,Galgame,マブラヴ オルタネイティヴ トータル・イクリプス,Muv-Luv Alternative Total Eclipse,2013,Galgame,,,597,0,597,0,,https://t.vndb.org/ch/24/52024.jpg,https://t.vndb.org/ch/24/52024.jpg,,#1e120a #0d0804 #4b4d45 #7b7873 #302e30,Brown Wavy Short Teen Slim Pale Blue Bullying Death Military Uniform,,,https://vndb.org/c43338,
vndb-c49573,vndb,12,5,,,イネス・ハインリヒ・ハイネ,Ines Heinrich Heine,,男,,,Galgame,Galgame,スチームプリズン,,2016,Galgame,"[{""t"":""スチームプリズン"",""cn"":"""",""ty"":""Galgame"",""y"":2016,""pop"":596},{""t"":""スチームプリズン -Beyond the Steam-"",""cn"":"""",""ty"":""Galgame"",""y"":2024,""pop"":41}]","Character Fortitude The sub-leader of HOUNDS. Though he is popular, he is also rather earnest and serious, causing him to stand out in HOUNDS, which is filled with rough people. Has connections with Adage.",596,0,596,0,,https://t.vndb.org/ch/34/59334.jpg,https://t.vndb.org/ch/34/59334.jpg,,#c59060 #8f5747 #210b0d #540f0c #dec5af #322a3a,Blond Short Straight Pale Uniform Trousers Hard Worker Cooking Amber Young-adult,,,https://vndb.org/c49573,
al90238,anilist,12,5,,,クローリー・ユースフォード,Crowley Eusford,,男,,,动画|漫画,动画,終わりのセラフ,终结的炽天使,2015,动画,"[{""t"":""終わりのセラフ"",""cn"":""终结的炽天使"",""ty"":""动画"",""y"":2015,""pop"":328717},{""t"":""終わりのセラフ　名古屋決戦編"",""cn"":""终结的炽天使 名古屋决战篇"",""ty"":""动画"",""y"":2015,""pop"":197864},{""t"":""終わりのセラフ"",""cn"":""终结的炽天使"",""ty"":""漫画"",""y"":2012,""pop"":44335},{""t"":""終わりのセラフ 吸血鬼シャハル"",""cn"":"""",""ty"":""动画"",""y"":2016,""pop"":38929}]","Crowley is a Thirteenth Progenitor among vampires and a member of Seventh Progenitor Ferid Bathory's faction. However, he hides his strength under Ferid's orders and is actually equal in strength to a Seventh Progenitor.",553,553,0,0,,https://s4.anilist.co/file/anilistcdn/character/large/b90238-30bYmZ1vqDzs.png,https://s4.anilist.co/file/anilistcdn/character/medium/b90238-30bYmZ1vqDzs.png,,,,https://anilist.co/character/90238,,,
vndb-c7547,vndb,12,5,,,安倍 飛鳥,Abe Asuka,,女,,,Galgame,Galgame,子作り妖怪H変化～乙女を犯す憑依合体～,,2011,Galgame,,"Childhood friend of the main character, born from a long line of exorcists. She has been an exorcist along with the main character from a very young age.",539,0,539,0,,https://t.vndb.org/ch/90/7790.jpg,https://t.vndb.org/ch/90/7790.jpg,,#7b4547 #d8c0ba #a79ca5 #eae3de #f8f6ef #ffffff,Black Ahoge Waist Length+ Teen Pale School Uniform Virgin Sex Blue Mini-dress Thigh-high Stockings,,,https://vndb.org/c7547,
vndb-c91418,vndb,12,5,,,サリー,Sally,Sally-san,女,,,Galgame,Galgame,ウウウルトラC,,2020,Galgame,,,513,0,513,0,,https://t.vndb.org/ch/87/110187.jpg,https://t.vndb.org/ch/87/110187.jpg,,#525773 #a4997e #e9ded9 #c2bcb7 #ffffff,Black Short Slim Pale Black Young-adult Shirt Shy Friend Foreigner,,,https://vndb.org/c91418,
al122978,anilist,12,5,,,奥村春,Haru Okumura,Noir / Beauty Thief / Bishojo Kaito,女,A,17-18,动画|漫画,动画,PERSONA5 the Animation,,2018,动画,"[{""t"":""PERSONA5 the Animation"",""cn"":"""",""ty"":""动画"",""y"":2018,""pop"":78651},{""t"":""PERSONA5 the Animation: Dark Sun…"",""cn"":"""",""ty"":""动画"",""y"":2018,""pop"":13973},{""t"":""PERSONA5 the Animation: \""Stars and Ours\"""",""cn"":"""",""ty"":""动画"",""y"":2019,""pop"":7736},{""t"":""ペルソナ5"",""cn"":"""",""ty"":""漫画"",""y"":2016,""pop"":4808},{""t"":""PERSONA5 the Animation: A Magical Valentine's Day"",""cn"":"""",""ty"":""动画"",""y"":2019,""pop"":3340},{""t"":""ペルソナ5 メメントスミッション"",""cn"":"""",""ty"":""漫画"",""y"":2018,""pop"":1908}]",158 cm Empress Milady Artarte Lucy Haru has good communication and observational skills. She grew up with all the elegance and splendor.,511,511,0,0,,https://s4.anilist.co/file/anilistcdn/character/large/b122978-OtZ7OEaRmK2i.png,https://s4.anilist.co/file/anilistcdn/character/medium/b122978-OtZ7OEaRmK2i.png,,,,https://anilist.co/character/122978,,,
al286245,anilist,12,5,,,紬杏子,Kyouko Tsumugi,Rintaro's Mother,女,A,45,动画|漫画,动画,薫る花は凛と咲く,薰香花朵凛然绽放,2025,动画,"[{""t"":""薫る花は凛と咲く"",""cn"":""薰香花朵凛然绽放"",""ty"":""动画"",""y"":2025,""pop"":209540},{""t"":""薫る花は凛と咲く"",""cn"":""薰香花朵凛然绽放"",""ty"":""漫画"",""y"":2021,""pop"":79074}]",[Rintaro](//anilist.co/character/268677/Rintarou-Tsumugi)'s mother. She runs the Tsumugi Family Bakery alongside her husband [Keichiro](//anilist.co/character/299398/Keichiro-Tsumugi).,502,502,0,0,,https://s4.anilist.co/file/anilistcdn/character/large/b286245-iZhNiS29Mw2B.jpg,https://s4.anilist.co/file/anilistcdn/character/medium/b286245-iZhNiS29Mw2B.jpg,,,,https://anilist.co/character/286245,,,
al253737,anilist,12,5,2006,,宮尾音夢,Nemu Miyao,,女,,15-,动画|漫画,动画,ウィッチウォッチ,,2025,动画,"[{""t"":""ウィッチウォッチ"",""cn"":"""",""ty"":""动画"",""y"":2025,""pop"":99838},{""t"":""ウィッチウォッチ"",""cn"":"""",""ty"":""漫画"",""y"":2021,""pop"":17558},{""t"":""ウィッチウォッチ(第2期)"",""cn"":"""",""ty"":""动画"",""y"":"""",""pop"":10200}]","152 cm (5'0"") A witch from a venerable household who specializes in shape-shifting magic and can turn into a cat. Falling asleep turns her back. She wants to make [Morihito](//anilist.co/character/207344/) her familiar.",384,384,0,0,,https://s4.anilist.co/file/anilistcdn/character/large/b253737-WsHYPntyvdFf.png,https://s4.anilist.co/file/anilistcdn/character/medium/b253737-WsHYPntyvdFf.png,,,,https://anilist.co/character/253737,,,
vndb-c33524,vndb,12,5,,,夏目 陽菜,Natsume Hina,Hinacchi,女,O,,Galgame,Galgame,きみはね 彼女と彼女の恋する１ヶ月,,2015,Galgame,"[{""t"":""きみはね 彼女と彼女の恋する１ヶ月"",""cn"":"""",""ty"":""Galgame"",""y"":2015,""pop"":362},{""t"":""きみはねCouples ～彼女と彼女の恋する二ヶ月ちょっと～"",""cn"":"""",""ty"":""Galgame"",""y"":2019,""pop"":199}]","""I won’t allow any deviancy in this room as long as I live!"" A pure-hearted, uncomplicated girl. Though she can be childish, she tends to take charge and enjoys caring for others.",362,0,362,0,,https://t.vndb.org/ch/11/96311.jpg,https://t.vndb.org/ch/11/96311.jpg,,#907161 #494451 #cebbb3 #ede3dc #f6f5f3 #ffffff,Brown Short Straight Brown Teen Slim Pale Sweater Cunnilingus Sixty-nine,,,https://vndb.org/c33524,
al5013,anilist,12,5,,,クローム・髑髏,Chrome Dokuro,Nagi,,,13,动画|漫画,动画,家庭教師ヒットマンREBORN!,,2006,动画,"[{""t"":""家庭教師ヒットマンREBORN!"",""cn"":"""",""ty"":""动画"",""y"":2006,""pop"":96810},{""t"":""家庭教師ヒットマンREBORN!"",""cn"":"""",""ty"":""漫画"",""y"":2004,""pop"":27848}]","152 cm Trident, Daemon Spade's Devil Lens Mist Vongola Mist Owl Chrome Dokuro is a 13-year-old girl who was first introduced as Tsuna's mysterious Mist Guardian and one of Mukuro's subordinates.",268,268,0,0,,https://s4.anilist.co/file/anilistcdn/character/large/b5013-MyM8dCLA5jXn.png,https://s4.anilist.co/file/anilistcdn/character/medium/b5013-MyM8dCLA5jXn.png,,,,https://anilist.co/character/5013,,,
vndb-c79484,vndb,12,5,,,醍醐 ほのか,Daigo Honoka,,女,,,Galgame,Galgame,夢現Re:Master,,2019,Galgame,"[{""t"":""夢現Re:Master"",""cn"":"""",""ty"":""Galgame"",""y"":2019,""pop"":263},{""t"":""夢現Re:After"",""cn"":"""",""ty"":""Galgame"",""y"":2020,""pop"":125},{""t"":""夢現Re:Idol"",""cn"":"""",""ty"":""Galgame"",""y"":2020,""pop"":16}]","President and Programmer and Marketing A gentle boss who is like an older sister to her staff. When she starts drinking, however, she gets a little out of hand.",263,0,263,0,,https://t.vndb.org/ch/68/96268.jpg,https://t.vndb.org/ch/68/96268.jpg,,#c3413b #332533 #d9ab9e #f7ddd1 #fbf3ec #ffffff,Black Ponytail Long Pale Red Young-adult Skirt Drinking Sandals Kind,,,https://vndb.org/c79484,
vndb-c8347,vndb,12,5,,,久千房 夜霧,Kuchifusa Yogiri,,女,A,,Galgame,Galgame,ピュアガール,,2012,Galgame,,"Satoru's classmate. She is usually well-spoken and composed, but has a habit of laughing at silly joined words. She is a closet AV connoisseur and has a masturbation addiction.",234,0,234,0,,https://t.vndb.org/ch/76/8776.jpg,https://t.vndb.org/ch/76/8776.jpg,,#40373b #8d787d #c5b4c6 #e9dee1 #fbf9f2,Black Brown Hime Cut Waist Length+ Straight Teen Slim Pale School Uniform Dress Shoes,,,https://vndb.org/c8347,
vndb-c104707,vndb,12,5,,,五月女 光基,Saotome Mitsuki,,男,AB,,Galgame,Galgame,SympathyKiss,,2022,Galgame,,"A young man who is in charge of planning and development. He’s a young genius who always comes up with interesting ideas, but is often ignorant of life.",221,0,221,0,,https://t.vndb.org/ch/64/126164.jpg,https://t.vndb.org/ch/64/126164.jpg,,#a24655 #9c7485 #d7999e #7ecfea #d7d1d3 #faf8f6,Pink Short Green Earrings Outgoing Hairpin Genius Pendant Necklace Eccentric Off-screen Sex Only,,,https://vndb.org/c104707,
vndb-c87847,vndb,12,5,,,瀬見 季尭,Semi Tokitaka,,男,,,Galgame,Galgame,DAIROKU：AYAKASHIMORI,,2020,Galgame,,Semi's younger brother. The ace of the First Special Task Force.,212,0,212,0,,https://t.vndb.org/ch/46/106646.jpg,https://t.vndb.org/ch/46/106646.jpg,,#8b8883 #333331 #c5c2bd #e7e5e1 #f8f6f2 #ffffff,Black Wavy Short Blue Young-adult Mole Younger Brother V Bangs,,,https://vndb.org/c87847,
vndb-c85348,vndb,12,5,,,木下 卯月,Kinoshita Uzuki,夜空 / Yozora,女,,,Galgame,Galgame,アイコトバ,,2019,Galgame,,"The protagonist, Takumi Mizukami's, imouto who adores her onii-chan. After losing both their parents in a disaster, due to adult circumstances, they were separated half-way through their upbringing. She lives in Sendai.",210,0,210,0,,https://t.vndb.org/ch/14/103914.jpg,https://t.vndb.org/ch/14/103914.jpg,,#5a2c35 #a95458 #ad999b #e6cfcb #f7ede3 #ffffff,Black Waist Length+ Straight Teen Slim Pale Sweater Orphan Cooking Missionary,,,https://vndb.org/c85348,
al120993,anilist,12,5,,,鐘井鳴海,Narumi Kanai,,男,,24,动画|漫画,动画,クズの本懐,,2017,动画,"[{""t"":""クズの本懐"",""cn"":"""",""ty"":""动画"",""y"":2017,""pop"":182233},{""t"":""クズの本懐"",""cn"":"""",""ty"":""漫画"",""y"":2012,""pop"":25107},{""t"":""クズの本懐 décor"",""cn"":"""",""ty"":""漫画"",""y"":2017,""pop"":5218}]","Narumi Kanai is amicable and benign. He is also a teacher at Hanabi's school, who he cares deeply about but never views her relationship wise, more like a precious little sister.",31,31,0,0,,https://s4.anilist.co/file/anilistcdn/character/large/120993-zPMGWqpkD7JC.jpg,https://s4.anilist.co/file/anilistcdn/character/medium/120993-zPMGWqpkD7JC.jpg,,,,https://anilist.co/character/120993,,,
al207022,anilist,12,5,,,神崎隆二,Ryuuji Kanzaki,,男,,16,动画|轻小说,动画,ようこそ実力至上主義の教室へ,欢迎来到实力至上主义的教室,2017,动画,"[{""t"":""ようこそ実力至上主義の教室へ"",""cn"":""欢迎来到实力至上主义的教室"",""ty"":""动画"",""y"":2017,""pop"":447470},{""t"":""ようこそ実力至上主義の教室へ 2nd Season"",""cn"":""欢迎来到实力至上主义的教室 第二季"",""ty"":""动画"",""y"":2022,""pop"":261649},{""t"":""ようこそ実力至上主義の教室へ 3rd Season"",""cn"":""欢迎来到实力至上主义的教室 第三季"",""ty"":""动画"",""y"":2024,""pop"":188938},{""t"":""ようこそ実力至上主義の教室へ 4th Season 2年生編1学期"",""cn"":"""",""ty"":""动画"",""y"":2026,""pop"":117800},{""t"":""ようこそ実力至上主義の教室へ"",""cn"":""欢迎来到实力至上主义的教室"",""ty"":""轻小说"",""y"":2015,""pop"":41723},{""t"":""ようこそ実力至上主義の教室へ　２年生編"",""cn"":"""",""ty"":""轻小说"",""y"":2020,""pop"":16585}]","174 cm (5'8½"") Apart of Class 1-B and Honami Ichinose's right hand man. Not much is known about Ryūji, but he appears to be a diligent student who behaves seriously and he is a very helpful person as shown when he aided Honami Ichinose in t…",19,19,0,0,,https://s4.anilist.co/file/anilistcdn/character/large/b207022-dfXyWDXyBVKC.png,https://s4.anilist.co/file/anilistcdn/character/medium/b207022-dfXyWDXyBVKC.png,,,,https://anilist.co/character/207022,,,
al124455,anilist,12,5,,,ゲルドル・ポイゾット,Gueldre Poizot,,,B,28,动画|漫画,动画,ブラッククローバー,黑色五叶草,2017,动画,"[{""t"":""ブラッククローバー"",""cn"":""黑色五叶草"",""ty"":""动画"",""y"":2017,""pop"":583263},{""t"":""ブラッククローバー"",""cn"":""黑色五叶草"",""ty"":""漫画"",""y"":2015,""pop"":107258}]",194 cm He is the former captain of Clover Kingdom's Violet Orca squad of the Magic Knights.,9,9,0,0,,https://s4.anilist.co/file/anilistcdn/character/large/b124455-cRPjIIy7C6b7.png,https://s4.anilist.co/file/anilistcdn/character/medium/b124455-cRPjIIy7C6b7.png,,,,https://anilist.co/character/124455,,,
vndb-c124100,vndb,12,6,,,高原 萌香,Takahara Moeka,,女,,,Galgame,Galgame,マブラヴ,Muv-Luv,2003,Galgame,,An outfielder on Akane's lacrosse team.,11564,0,11564,1,,https://t.vndb.org/ch/38/146038.jpg,https://t.vndb.org/ch/38/146038.jpg,https://lain.bgm.tv/r/400/pic/crt/l/47/98/123385_crt_nyQY5.jpg,#464652 #c9beb4 #8f958b #e6e2d9 #f6f5ee #ffffff,Ponytail Green Amber Lacrosse Twelfth Grader Same Year Student,,https://bgm.tv/character/123385,https://vndb.org/c124100,123385
vndb-c4667,vndb,12,6,,诹访护,諏訪 護,Suwa Mamoru,,男,B,,Galgame,Galgame,CHAOS;HEAD,混沌头,2008,Galgame,"[{""t"":""CHAOS;HEAD"",""cn"":""混沌头"",""ty"":""Galgame"",""y"":2008,""pop"":6530},{""t"":""CHAOS;HEAD NOAH"",""cn"":""混沌之脑：诺亚"",""ty"":""Galgame"",""y"":2009,""pop"":4138}]",警視庁刑事部捜査一課に所属する巡査部長。「-ッス」と若者らしい口調で話す。真面目で真摯な性格の新人刑事。,6530,0,6530,1,,https://t.vndb.org/ch/24/4724.jpg,https://t.vndb.org/ch/24/4724.jpg,https://lain.bgm.tv/r/400/pic/crt/l/99/0a/34672_crt_P8I6v.jpg?r=1438625775,#343753 #e8e3d6 #807c7f #b3b0b0 #f8f8f8,Brown Short Straight Brown Slim Pale Trousers Dress Shoes Fighting Young-adult,,https://bgm.tv/character/34672,https://vndb.org/c4667,34672
vndb-c81753,vndb,12,6,,马莉欧,,Mario,,男,,,Galgame,Galgame,VA-11 HALL-A,,2014,Galgame,,古着＆セレクトショップ「マリオットランチマーケット」の店主。本名は不明。可久士は毎朝、職場へ向かう前の着替え場所として、この店を使っている。品揃えは「ぶっ飛んだセンス」らしい。,5080,0,5080,0,,https://t.vndb.org/ch/27/99227.jpg,https://t.vndb.org/ch/27/99227.jpg,https://lain.bgm.tv/r/400/pic/crt/l/3b/c7/76244_crt_zY977.jpg?r=1584435466,#6e0e38 #d98b75 #a79aa6 #ebddd6 #ffffff,Brown Short Brown Earrings Jacket Shirt Pretending Friendly Low Self-esteem Driver,,https://bgm.tv/character/76244,https://vndb.org/c81753,76244
vndb-c2940,vndb,12,6,,天野美汐,天野 美汐,Amano Mishio,,女,A,,Galgame,Galgame,Kanon,,1999,Galgame,,祐一的学妹，性格沉默寡言，有些忧郁，唯一知道泽渡真琴真实身份的人。因为过去悲痛的经验而封闭自己的心，过著孤独的学校生活。,4394,0,4394,29,,https://t.vndb.org/ch/02/36002.jpg,https://t.vndb.org/ch/02/36002.jpg,https://lain.bgm.tv/r/400/pic/crt/l/47/29/1005_crt_GYSnw.jpg?r=1523160105,#61434a #957b86 #ecddda #c0b8c3 #f3f3f5 #ffffff,Red Wavy Short Teen Slim Pale School Uniform Violet Boots Thigh-high Stockings,,https://bgm.tv/character/1005,https://vndb.org/c2940,1005
al195602,anilist,12,6,,椎名真昼,椎名真昼,Mahiru Shiina,Angel / Mahirun,女,A,15-16,动画|漫画|轻小说,动画,お隣の天使様にいつの間にか駄目人間にされていた件,关于我在无意间被隔壁的天使变成废柴这件事,2023,动画,"[{""t"":""お隣の天使様にいつの間にか駄目人間にされていた件"",""cn"":""关于我在无意间被隔壁的天使变成废柴这件事"",""ty"":""动画"",""y"":2023,""pop"":173231},{""t"":""お隣の天使様にいつの間にか駄目人間にされていた件 第2期"",""cn"":"""",""ty"":""动画"",""y"":2026,""pop"":78201},{""t"":""お隣の天使様にいつの間にか駄目人間にされていた件"",""cn"":""关于我在无意间被隔壁的天使变成废柴这件事"",""ty"":""漫画"",""y"":2022,""pop"":14917},{""t"":""お隣の天使様にいつの間にか駄目人間にされていた件"",""cn"":""关于我在无意间被隔壁的天使变成废柴这件事"",""ty"":""轻小说"",""y"":2019,""pop"":9905},{""t"":""お隣の天使様にいつの間にか駄目人間にされていた件　after the rain"",""cn"":"""",""ty"":""漫画"",""y"":2023,""pop"":2726}]",学习与运动全能的美少女。拥有着不符合女子高中生身份程度的家务能力。被学校里的人称为天使大人。因与家人有矛盾而选择一人独居，在与周相遇后逐渐找回了家的感觉喜欢甜食和可爱的物品。,3412,3412,0,402,,https://s4.anilist.co/file/anilistcdn/character/large/b195602-Cc0vrUDl7r15.png,https://s4.anilist.co/file/anilistcdn/character/medium/b195602-Cc0vrUDl7r15.png,https://lain.bgm.tv/r/400/pic/crt/l/f2/15/76270_crt_PPV8N.jpg?r=1675514638,,,https://anilist.co/character/195602,https://bgm.tv/character/76270,,76270
al24312,anilist,12,6,,川本日向,川本ひなた,Hinata Kawamoto,Hina,女,,13-,动画|漫画,动画,３月のライオン,,2016,动画,"[{""t"":""３月のライオン"",""cn"":"""",""ty"":""动画"",""y"":2016,""pop"":214026},{""t"":""３月のライオン 第2シリーズ"",""cn"":"""",""ty"":""动画"",""y"":2017,""pop"":130084},{""t"":""3月のライオン"",""cn"":""3月的狮子"",""ty"":""漫画"",""y"":2007,""pop"":34400},{""t"":""3月のライオン meets BUMP OF CHICKEN"",""cn"":"""",""ty"":""动画"",""y"":2014,""pop"":5690},{""t"":""I AM STANDING"",""cn"":"""",""ty"":""动画"",""y"":2019,""pop"":1262},{""t"":""うごく！ニャー将棋　二海堂センセイのもっちり将棋教室"",""cn"":"""",""ty"":""动画"",""y"":2017,""pop"":871}]",三姊妹之次女，中学三年级（第5卷以后）。一直都很开朗又有朝气，但也有非常纤细的一面。,3140,3140,0,438,,https://s4.anilist.co/file/anilistcdn/character/large/b24312-A39sjFFj3Zrg.png,https://s4.anilist.co/file/anilistcdn/character/medium/b24312-A39sjFFj3Zrg.png,https://lain.bgm.tv/r/400/pic/crt/l/7a/d9/35650_crt_NK2ZZ.jpg?r=1520788862,,,https://anilist.co/character/24312,https://bgm.tv/character/35650,,35650
vndb-c4058,vndb,12,6,,,アイシア,Aisia,,女,O,,Galgame,Galgame,D.C.II ～ダ・カーポII～,,2006,Galgame,"[{""t"":""D.C.II ～ダ・カーポII～"",""cn"":"""",""ty"":""Galgame"",""y"":2006,""pop"":1927},{""t"":""D.C.II ～ダ・カーポII～"",""cn"":"""",""ty"":""Galgame"",""y"":2006,""pop"":1927},{""t"":""D.C.II ～ダ・カーポII～"",""cn"":"""",""ty"":""Galgame"",""y"":2006,""pop"":1927},{""t"":""D.C.5 ～ダ・カーポ5～"",""cn"":"""",""ty"":""Galgame"",""y"":2023,""pop"":152},{""t"":""D.C.II Fall in Love ～ダ・カーポII～フォーリンラブ"",""cn"":"""",""ty"":""Galgame"",""y"":2009,""pop"":74},{""t"":""D.C. ～ダ・カーポ～ シーズンズ"",""cn"":"""",""ty"":""Galgame"",""y"":2002,""pop"":71}]","Her grandma, Santa Claus Staying still, difficult stuff According to the anime series, Aisia had once visited the Hatsune Island about fifty years ago. At that time she gave a lot of trouble to her friends.",1927,0,1927,0,,https://t.vndb.org/ch/14/6114.jpg,https://t.vndb.org/ch/14/6114.jpg,,#801015 #536e65 #dad3cc #a7a29f #f0ede9 #ffffff,Wavy Shoulder-length Teen Slim Pale Magician Missionary Doggy Style Cowgirl Virgin Sex,,,https://vndb.org/c4058,
al124138,anilist,12,6,,,엔도르시자하드,Endorsi Jahad,エンドロシ・ザハード / Androssi Zahard,女,,300~,动画|漫画,动画,神之塔 -Tower of God-,神之塔,2020,动画,"[{""t"":""神之塔 -Tower of God-"",""cn"":""神之塔"",""ty"":""动画"",""y"":2020,""pop"":335626},{""t"":""神之塔 -Tower of God- 第2期"",""cn"":"""",""ty"":""动画"",""y"":2024,""pop"":122847},{""t"":""신의 탑"",""cn"":""神之塔"",""ty"":""漫画"",""y"":2010,""pop"":99905}]","167 cm Endorsi Jahad is a Regular and one of Jahad's Princesses, currently climbing the Tower. Among Regulars, Endorsi is unmatched in terms of physical ability. Among the Jahad's Princesses, she is fairly warm and more human.",1748,1748,0,0,,https://s4.anilist.co/file/anilistcdn/character/large/b124138-2WCq8CD8FEsv.png,https://s4.anilist.co/file/anilistcdn/character/medium/b124138-2WCq8CD8FEsv.png,,,,https://anilist.co/character/124138,,,
vndb-c78152,vndb,12,6,,,芹川 絵里,Serikawa Eri,,女,,,Galgame,Galgame,私が好きなら「好き」って言って！,,2015,Galgame,,Yuuki's friend and Souta's classmate.,1397,0,1397,0,,https://t.vndb.org/ch/94/94794.jpg,https://t.vndb.org/ch/94/94794.jpg,,#efcebf #6b6b74 #9ba89c #fdf3e8 #dadfed #ffffff,Curtained Shoulder-length Straight Green Teen Slim Pale Green Headband Shy,,,https://vndb.org/c78152,
vndb-c17113,vndb,12,6,,,ニコ,Nico,Nico-tan,女,,,Galgame,Galgame,ぜったい最胸☆おっぱい戦争!! ～巨乳王国vs貧乳王国～,,2012,Galgame,,A girl who was abandoned in the forest and raised by a giant white wolf-fox. She calls the creature ”Mama” and they live happily together.,1299,0,1299,0,1,https://t.vndb.org/ch/55/21655.jpg,https://t.vndb.org/ch/55/21655.jpg,,#b9a0ac #544962 #dacbcc #f2eae4 #faf8f6,White Pale Doggy Style Blowjob Virgin Sex Violet Shy Wife Betrothed Daughter,,,https://vndb.org/c17113,
vndb-c68472,vndb,12,6,,,如月 真綾,Kisaragi Maaya,,女,,,Galgame,Galgame,如月真綾の誘惑,,2018,Galgame,,Maaya is the older sister of Yuu. She attends the same school as her brother and is his senpai. She is very famous and loved by all in the academy.,966,0,966,0,,https://t.vndb.org/ch/29/82529.jpg,https://t.vndb.org/ch/29/82529.jpg,,#544551 #9890a1 #e2d3d1 #f2eae6 #f9f9f9,Black Long Straight Teen Slim Pale School Uniform Missionary Doggy Style Cowgirl,,,https://vndb.org/c68472,
al185726,anilist,12,6,,,早乙女道,Tao Saotome,Sister Tao / タオ,女,,25,漫画,漫画,極楽街,,2022,漫画,"[{""t"":""極楽街"",""cn"":"""",""ty"":""漫画"",""y"":2022,""pop"":44012},{""t"":""極楽街三番通の件"",""cn"":"""",""ty"":""漫画"",""y"":2020,""pop"":14233}]","Tao is one of the main protagonists in Gokurakugai manga series. On the surface, she works as a Troubleshooter, where they are paid by clients who need any type of job done, making her and [Alma's](//anilist.co/character/185725) other profe…",882,882,0,0,,https://s4.anilist.co/file/anilistcdn/character/large/b185726-jTZwAKJEZf1Z.png,https://s4.anilist.co/file/anilistcdn/character/medium/b185726-jTZwAKJEZf1Z.png,,,,https://anilist.co/character/185726,,,
al62501,anilist,12,6,,,ペトラ・ラル,Petra Ral,Petra Rall,女,,,动画|漫画,动画,進撃の巨人,进击的巨人,2013,动画,"[{""t"":""進撃の巨人"",""cn"":""进击的巨人"",""ty"":""动画"",""y"":2013,""pop"":1053882},{""t"":""進撃の巨人 The Final Season Part 2"",""cn"":""进击的巨人 最终季 Part.2"",""ty"":""动画"",""y"":2022,""pop"":440419},{""t"":""進撃の巨人"",""cn"":""进击的巨人"",""ty"":""漫画"",""y"":2009,""pop"":226814},{""t"":""進撃の巨人 OVA"",""cn"":"""",""ty"":""动画"",""y"":2013,""pop"":131300},{""t"":""進撃！巨人中学校"",""cn"":""进击！巨人中学校"",""ty"":""动画"",""y"":2015,""pop"":70408},{""t"":""劇場版「進撃の巨人」後編～自由の翼～"",""cn"":"""",""ty"":""动画"",""y"":2015,""pop"":31738}]","158 cm (5'2"") Survey Corps; Soldier, Special Operations Squad. [Father](//anilist.co/character/131987/Petra-no-Chichi) Petra Ral is a soldier of the Survey Corps hand-picked by [Captain Levi](//anilist.co/character/45627/Levi) to join the S…",692,692,0,0,,https://s4.anilist.co/file/anilistcdn/character/large/n62501-CfTtAAgs64nE.jpg,https://s4.anilist.co/file/anilistcdn/character/medium/n62501-CfTtAAgs64nE.jpg,,,,https://anilist.co/character/62501,,,
al143378,anilist,12,6,,,フレデリカ・バウマン,Frederica Baumann,Frederica Tinsel ,女,,,动画|轻小说,动画,Re:ゼロから始める異世界生活,Re：从零开始的异世界生活,2016,动画,"[{""t"":""Re:ゼロから始める異世界生活"",""cn"":""Re：从零开始的异世界生活"",""ty"":""动画"",""y"":2016,""pop"":621774},{""t"":""Re:ゼロから始める異世界生活 2nd Season"",""cn"":""Re：从零开始的异世界生活 第二季"",""ty"":""动画"",""y"":2020,""pop"":379615},{""t"":""Re:ゼロから始める異世界生活 2nd Season Part 2"",""cn"":"""",""ty"":""动画"",""y"":2021,""pop"":307396},{""t"":""Re:ゼロから始める異世界生活 3rd season"",""cn"":"""",""ty"":""动画"",""y"":2024,""pop"":195668},{""t"":""Re:ゼロから始める異世界生活 4th season"",""cn"":"""",""ty"":""动画"",""y"":2026,""pop"":139798},{""t"":""Re:ゼロから始める異世界生活"",""cn"":""Re：从零开始的异世界生活"",""ty"":""轻小说"",""y"":2014,""pop"":30155}]",Frederica Baumann is a maid working for [Roswaal L. Mathers](//anilist.co/character/90182/Mathers-Roswaal) and a member of the Emilia Camp.,673,673,0,0,,https://s4.anilist.co/file/anilistcdn/character/large/b143378-1pXqjZho4dhz.png,https://s4.anilist.co/file/anilistcdn/character/medium/b143378-1pXqjZho4dhz.png,,,,https://anilist.co/character/143378,,,
vndb-c7197,vndb,12,6,,,粢 エリス,Shitogi Eris,,女,,,Galgame,Galgame,その花びらにくちづけを 天使の花びら染め,,2010,Galgame,"[{""t"":""その花びらにくちづけを 天使の花びら染め"",""cn"":"""",""ty"":""Galgame"",""y"":2010,""pop"":636},{""t"":""その花びらにくちづけを　ミカエルの乙女たち"",""cn"":"""",""ty"":""Galgame"",""y"":2012,""pop"":454},{""t"":""その花びらにくちづけを　リリ・プラチナム"",""cn"":"""",""ty"":""Galgame"",""y"":2011,""pop"":369},{""t"":""その花びらにくちづけを 白雪の騎士"",""cn"":"""",""ty"":""Galgame"",""y"":2013,""pop"":149},{""t"":""その花びらにくちづけを　あなたに誓う愛"",""cn"":"""",""ty"":""Galgame"",""y"":2014,""pop"":119}]","A half-Japanese and half-European third year high school student. She has come to Japan to learn Japanese culture at St. Michael's, where she has attracted many girls due to her looks, including Shizuku. [From Wikipedia]",636,0,636,0,,https://t.vndb.org/ch/01/8701.jpg,https://t.vndb.org/ch/01/8701.jpg,,#a56060 #3a654f #7e4952 #e9ceae #9c9a84 #faf3e7,Blond Ponytail Waist Length+ Wavy Teen Slim Pale Cunnilingus Sixty-nine Blue,,,https://vndb.org/c7197,
vndb-c85639,vndb,12,6,,,ソフィア・リデル=ハート,Sophia Liddell-Hart,,女,,,Galgame,Galgame,神様のような君へ,,2020,Galgame,,,317,0,317,0,,https://t.vndb.org/ch/86/105586.jpg,https://t.vndb.org/ch/86/105586.jpg,,#717e9b #cbb99a #eadec8 #f8ede0 #f8f6f5 #ffffff,Blond Waist Length+ Wavy Slim Pale Doggy Style Cowgirl Blowjob Virgin Sex Violet,,,https://vndb.org/c85639,
al88797,anilist,12,6,,,前原陽斗,Hiroto Maehara,Lanky Artist / Womanizer,男,B,,动画|漫画,动画,暗殺教室,暗杀教室,2015,动画,"[{""t"":""暗殺教室"",""cn"":""暗杀教室"",""ty"":""动画"",""y"":2015,""pop"":628250},{""t"":""暗殺教室 第２期"",""cn"":"""",""ty"":""动画"",""y"":2016,""pop"":369666},{""t"":""暗殺教室"",""cn"":""暗杀教室"",""ty"":""漫画"",""y"":2012,""pop"":54655},{""t"":""暗殺教室 2 課外授業編"",""cn"":"""",""ty"":""动画"",""y"":2016,""pop"":17556},{""t"":""殺せんせーQ[クエスト]! (ONA)"",""cn"":"""",""ty"":""动画"",""y"":2016,""pop"":15568},{""t"":""暗殺教室 みんなの時間"",""cn"":"""",""ty"":""动画"",""y"":2026,""pop"":14771}]","He is a student in Korosensei's Class 3-E. Maehara is a nice guy and in every sense of the word, a playboy. He has a ""live the moment"" attitude about life in general.",314,314,0,0,,https://s4.anilist.co/file/anilistcdn/character/large/88797-2VttDgoBtz0X.png,https://s4.anilist.co/file/anilistcdn/character/medium/88797-2VttDgoBtz0X.png,,,,https://anilist.co/character/88797,,,
al89646,anilist,12,6,,,飯島ゆん,Yun Iijima,Iizima,女,A,,动画|漫画,动画,NEW GAME!,,2016,动画,"[{""t"":""NEW GAME!"",""cn"":"""",""ty"":""动画"",""y"":2016,""pop"":120969},{""t"":""NEW GAME!!"",""cn"":"""",""ty"":""动画"",""y"":2017,""pop"":74219},{""t"":""NEW GAME! 私、社員旅行って初めてなので…"",""cn"":"""",""ty"":""动画"",""y"":2017,""pop"":25825},{""t"":""NEW GAME!"",""cn"":"""",""ty"":""漫画"",""y"":2013,""pop"":11230},{""t"":""NEW GAME! アンソロジーコミック"",""cn"":"""",""ty"":""漫画"",""y"":2016,""pop"":463}]","Mie Prefecture, Japan 151 cm A character designer who designs monsters and often dresses in gothic clothing. She has two younger siblings.",286,286,0,0,,https://s4.anilist.co/file/anilistcdn/character/large/b89646-JxXhzDeNJzwH.png,https://s4.anilist.co/file/anilistcdn/character/medium/b89646-JxXhzDeNJzwH.png,,,,https://anilist.co/character/89646,,,
al265476,anilist,12,6,,,紫雲寺清葉,Seiha Shiunji,,女,,17,动画|漫画,动画,紫雲寺家の子供たち,,2025,动画,"[{""t"":""紫雲寺家の子供たち"",""cn"":"""",""ty"":""动画"",""y"":2025,""pop"":55597},{""t"":""紫雲寺家の子供たち"",""cn"":"""",""ty"":""漫画"",""y"":2022,""pop"":9262}]","She is the second oldest Shiunji sibling, second only to her older sister [Banri Shiunji](//anilist.co/character/265474/Banri-Shiunji).",285,285,0,0,,https://s4.anilist.co/file/anilistcdn/character/large/b265476-lnpa14dVeTYw.jpg,https://s4.anilist.co/file/anilistcdn/character/medium/b265476-lnpa14dVeTYw.jpg,,,,https://anilist.co/character/265476,,,
al86665,anilist,12,6,,,ギーラ,Guila,Geera,女,A,,动画|漫画,动画,七つの大罪,七大罪,2014,动画,"[{""t"":""七つの大罪"",""cn"":""七大罪"",""ty"":""动画"",""y"":2014,""pop"":529134},{""t"":""七つの大罪 戒めの復活"",""cn"":""七大罪 戒律的复活"",""ty"":""动画"",""y"":2018,""pop"":286406},{""t"":""七つの大罪 神々の逆鱗"",""cn"":""七大罪 诸神的逆鳞"",""ty"":""动画"",""y"":2019,""pop"":202771},{""t"":""七つの大罪 聖戦の予兆"",""cn"":""七大罪 圣战的预兆"",""ty"":""动画"",""y"":2016,""pop"":171917},{""t"":""七つの大罪 憤怒の審判"",""cn"":""七大罪 愤怒的审判"",""ty"":""动画"",""y"":2021,""pop"":139330},{""t"":""七つの大罪"",""cn"":""七大罪"",""ty"":""漫画"",""y"":2012,""pop"":55078}]",Geera is a Holy Knight who left herself in a near-death state to have access to the Capital of the Dead and kill the Deadly Sins who had gone there. She is a young female with a slim build.,250,250,0,0,,https://s4.anilist.co/file/anilistcdn/character/large/n86665-ZbYVIjmbyfl9.jpg,https://s4.anilist.co/file/anilistcdn/character/medium/n86665-ZbYVIjmbyfl9.jpg,,,,https://anilist.co/character/86665,,,
al89568,anilist,12,6,,,牧穂乃香,Honoka Maki,,女,,,动画|漫画|轻小说,动画,キズナイーバー,,2016,动画,"[{""t"":""キズナイーバー"",""cn"":"""",""ty"":""动画"",""y"":2016,""pop"":202677},{""t"":""キズナイーバー"",""cn"":"""",""ty"":""漫画"",""y"":2016,""pop"":1761},{""t"":""小説　キズナイーバー　－あの日のキズ、これからのキズナ－"",""cn"":"""",""ty"":""轻小说"",""y"":2016,""pop"":293}]",Maki is first introduced along with the other main cast after [Noriko Sonozaki](//anilist.co/character/89295/Noriko-Sonozaki) confronts [Katsuhira Agata](//anilist.co/character/89294/Katsuhira-Agata) about the Kizna Project.,243,243,0,0,,https://s4.anilist.co/file/anilistcdn/character/large/b89568-fDvp8O6rPHcw.png,https://s4.anilist.co/file/anilistcdn/character/medium/b89568-fDvp8O6rPHcw.png,,,,https://anilist.co/character/89568,,,
vndb-c138177,vndb,12,6,,,,Kindra Kapuletti,"DJ KinK, K.K, Kinder Kindra",女,,,Galgame,Galgame,Leap of Faith,,2022,Galgame,"[{""t"":""Leap of Faith"",""cn"":"""",""ty"":""Galgame"",""y"":2022,""pop"":231},{""t"":""Artemis"",""cn"":"""",""ty"":""Galgame"",""y"":2023,""pop"":104}]",Childhood friend of Aiden. Higly skilled in IT and robotics. DJ KinK is her Alter-ego. Heir to Kapuletti Industries. Her parents built Artemis. Gets temperamental when made fun of.,231,0,231,0,,https://t.vndb.org/ch/21/177121.jpg,https://t.vndb.org/ch/21/177121.jpg,,#937165 #be9d8d #64524c #131111 #292525 #434041,Black Shoulder-length Missionary Standing Sex Blowjob Deredere Childhood Friend Wealthy Kind Genius,,,https://vndb.org/c138177,
vndb-c16595,vndb,12,6,,,サジータ・ワインバーグ,Sagiitta Weinberg,Cheiron Archer,女,B,,Galgame,Galgame,サクラ大戦V ～さらば愛しき人よ～,,2005,Galgame,,"An accomplished African-American lawyer from Harlem, who is also the leader of a local biker gang. Sagiitta is hot-tempered and initially obsessed with the supremacy of the law.",231,0,231,0,,https://t.vndb.org/ch/80/21080.jpg,https://t.vndb.org/ch/80/21080.jpg,,#a8744c #765737 #b79d6f #2e2a27 #42423e #dcd7c2,Black Waist Length+ Slim Cooking Fighting Hotblooded Black Young-adult Dark Girlfriend,,,https://vndb.org/c16595,
vndb-c128194,vndb,12,6,,,日野森 雫,Hinomori Shizuku,,女,,,Galgame,Galgame,プロジェクトセカイ カラフルステージ！ feat. 初音ミク,,2020,Galgame,,"Shizuku is a former member of the idol group Cheerful✽Days. Her fans are left in awe of her mysterious and adult-like appearance. However, this makes the other members of her group jealous of her.",212,0,212,0,,https://t.vndb.org/ch/80/154080.jpg,https://t.vndb.org/ch/80/154080.jpg,,#847088 #abb8c2 #fcf3e9 #d7dadf #eff2f6 #ffffff,Blue Long Teen Pale Blue Shirt Vest Skirt Airhead Pretending,,,https://vndb.org/c128194,
vndb-c10107,vndb,12,6,,,羽多野 莉々子,Hatano Ririko,,女,O,,Galgame,Galgame,ウィッチズガーデン,,2012,Galgame,,Yosuke's older-sister like childhood friend who is 2 years older. She is originally from England.,209,0,209,0,,https://t.vndb.org/ch/80/11080.jpg,https://t.vndb.org/ch/80/11080.jpg,,#8a393c #c69084 #e6c3ae #eee3df #f9f6f1 #ffffff,Long Curtained Teen Slim School Uniform Fighting Cowgirl Virgin Sex Knee-high Socks Longsword,,,https://vndb.org/c10107,
vndb-c63448,vndb,12,6,,,笠倉 乃々花,Kasakura Nonoka,,女,,,Galgame,Galgame,春音アリス＊グラム,,2017,Galgame,"[{""t"":""春音アリス＊グラム"",""cn"":"""",""ty"":""Galgame"",""y"":2017,""pop"":187},{""t"":""白恋サクラ＊グラム"",""cn"":"""",""ty"":""Galgame"",""y"":2019,""pop"":74},{""t"":""白恋サクラ＊グラムＬＦ"",""cn"":"""",""ty"":""Galgame"",""y"":2023,""pop"":16}]",,187,0,187,0,,https://t.vndb.org/ch/00/76300.jpg,https://t.vndb.org/ch/00/76300.jpg,,#672736 #9c868a #d1b9b8 #eeddd9 #faf3ed #ffffff,Shoulder-length Teen Slim Pale School Uniform Violet Miniskirt Knee-high Socks High School Student Funny,,,https://vndb.org/c63448,
al68369,anilist,12,6,,,富岡竜二,Ryuuji Tomioka,Tomio (トミオ),男,A,16,动画|漫画,动画,となりの怪物くん,,2012,动画,"[{""t"":""となりの怪物くん"",""cn"":"""",""ty"":""动画"",""y"":2012,""pop"":261710},{""t"":""となりの怪物くん"",""cn"":"""",""ty"":""漫画"",""y"":2008,""pop"":31258}]",178 cm (5'10),8,8,0,0,,https://s4.anilist.co/file/anilistcdn/character/large/b68369-9HcKbvz1Iny2.jpg,https://s4.anilist.co/file/anilistcdn/character/medium/b68369-9HcKbvz1Iny2.jpg,,,,https://anilist.co/character/68369,,,
al127691,anilist,12,7,1989,五条悟,五条悟,Satoru Gojou,Satoru Gojo,男,,28,动画|漫画,动画,呪術廻戦,咒术回战,2020,动画,"[{""t"":""呪術廻戦"",""cn"":""咒术回战"",""ty"":""动画"",""y"":2020,""pop"":971898},{""t"":""呪術廻戦 第2期"",""cn"":"""",""ty"":""动画"",""y"":2023,""pop"":491128},{""t"":""呪術廻戦 0"",""cn"":"""",""ty"":""动画"",""y"":2021,""pop"":436263},{""t"":""呪術廻戦 死滅回游 前編"",""cn"":""咒术回战 死灭回游 前篇"",""ty"":""动画"",""y"":2026,""pop"":258346},{""t"":""呪術廻戦"",""cn"":""咒术回战"",""ty"":""漫画"",""y"":2018,""pop"":252773},{""t"":""呪術廻戦 0 東京都立呪術高等専門学校"",""cn"":""咒术回战 0 东京都立咒术高等专门学校"",""ty"":""漫画"",""y"":2017,""pop"":71894}]",东京咒术高专一年级男班主任，28岁，身高超过190cm。个性轻浮，是个什么都会的人，所以就什么都不做，本人称之“培养新人”，大多时间为刺猬头(抓出来的)，并以黑布遮盖住眼睛作为眼罩用的造型示人，偶尔会将头发放下，原本并不喜欢甜食，但因需要动脑想很多事情，所以吃甜点来帮助脑部有效率地运转，久而久之变成了甜食控。,41833,41833,0,230,,https://s4.anilist.co/file/anilistcdn/character/large/b127691-9zqh1xpIubn7.png,https://s4.anilist.co/file/anilistcdn/character/medium/b127691-9zqh1xpIubn7.png,https://lain.bgm.tv/r/400/pic/crt/l/12/12/74243_crt_c5h9t.jpg?r=1646562964,,,https://anilist.co/character/127691,https://bgm.tv/character/74243,,74243
vndb-c167,vndb,12,7,,鲍尔·拉达比诺德,パウル・ラダビノッド,Paul Radhabinod,,男,,,Galgame,Galgame,マブラヴ,Muv-Luv,2003,Galgame,"[{""t"":""マブラヴ"",""cn"":""Muv-Luv"",""ty"":""Galgame"",""y"":2003,""pop"":11564},{""t"":""マブラヴ　オルタネイティヴ"",""cn"":""Muv-Luv Alternative"",""ty"":""Galgame"",""y"":2006,""pop"":11333},{""t"":""マブラヴ ALTERED FABLE"",""cn"":""Muv-Luv ALTERED FABLE"",""ty"":""Galgame"",""y"":2007,""pop"":874},{""t"":""ハルコマニアックス"",""cn"":"""",""ty"":""Galgame"",""y"":2010,""pop"":334}]",国連軍横浜基地の司令官。「オルタネイティヴ4」の終了、「オルタネイティヴ5」の発動を伝えに来る。 インドの出身で、階級は准将。かつてインド亜大陸の激戦を潜り抜けた猛将でもある。 『桜花作戦』開始直前に実施した演説では「諸君ら若者を過酷な戦場に送り出さなければならない、戦う術しか教えられなかった我々を許すな」と語った。,11564,0,11564,6,,https://t.vndb.org/ch/01/201.jpg,https://t.vndb.org/ch/01/201.jpg,https://lain.bgm.tv/r/400/pic/crt/l/48/9c/56787_crt_33391.jpg,#a87766 #b89386 #e1c5a1 #665d63 #e7dac5 #2a292a,Short Straight Moustache Slim Trousers Dress Shoes Red Adult Olive Suit,,https://bgm.tv/character/56787,https://vndb.org/c168,56787
vndb-c1597,vndb,12,7,,西园寺世界,西園寺 世界,Saionji Sekai,,女,B,,Galgame,Galgame,School Days,日在校园,2005,Galgame,"[{""t"":""School Days"",""cn"":""日在校园"",""ty"":""Galgame"",""y"":2005,""pop"":4687},{""t"":""Shiny Days"",""cn"":""日了就闪"",""ty"":""Galgame"",""y"":2012,""pop"":1048},{""t"":""Summer Days"",""cn"":""日在盛夏"",""ty"":""Galgame"",""y"":2006,""pop"":229},{""t"":""Cross Days"",""cn"":""日在交叉"",""ty"":""Galgame"",""y"":2010,""pop"":179},{""t"":""ストリップバトルデイズ2"",""cn"":"""",""ty"":""Galgame"",""y"":2016,""pop"":74},{""t"":""Island Days"",""cn"":"""",""ty"":""Galgame"",""y"":2014,""pop"":27}]",与母亲同住在家庭公寓。和刹那则是青梅竹马且是异母姐妹。是主要女主角之一。因其明亮的性格所以是气氛制造者。在男性之间拥有极高人气，但拒绝所有人的告白，且十分直截了当。对诚有秘密的感情，为了得到接近诚的借口而和他人调位坐在诚的旁边（原本是刹那的座位）。 在诚与言叶交往之前，与诚已亲近到可以直接称呼对方的名字，但诚这时没有把她当作为“一个女孩”。其后自称随意地看到诚手机的待机图片并觉得抱歉，其后安排言叶和诚之间的约会。但是，其原因是为了自己能接近诚，而诚在没有慎重考虑后轻易答应。,4687,0,4687,185,,https://t.vndb.org/ch/83/7883.jpg,https://t.vndb.org/ch/83/7883.jpg,https://lain.bgm.tv/r/400/pic/crt/l/68/e9/423_crt_mAz0p.jpg?r=1459666783,#a49493 #322e2c #cbc1cf #ebe6e1 #f9f4ee #ffffff,Black Ahoge Shoulder-length Straight Teen Slim Pale School Uniform Missionary Doggy Style,,https://bgm.tv/character/423,https://vndb.org/c1597,423
vndb-c71195,vndb,12,7,,冬马曜子,冬馬 曜子,Touma Youko,,女,,,Galgame,Galgame,WHITE ALBUM2,白色相簿2,2010,Galgame,"[{""t"":""WHITE ALBUM2"",""cn"":""白色相簿2"",""ty"":""Galgame"",""y"":2010,""pop"":4537},{""t"":""WHITE ALBUM2 ミニアフターストーリー"",""cn"":""白色相簿2 mini After Story"",""ty"":""Galgame"",""y"":2012,""pop"":1027}]",かずさの母親。 世界的に有名なピアニストで、現在パリ在住のため娘とは別居中。 若い頃から奔放な私生活で芸能人並みにマスコミを賑わせていた。二度の離婚歴があるが、かずさの父親が誰なのかは定かではない。,4537,0,4537,40,,https://t.vndb.org/ch/12/150612.jpg,https://t.vndb.org/ch/12/150612.jpg,https://lain.bgm.tv/r/400/pic/crt/l/fd/1c/21938_crt_5AxoR.jpg,#391526 #7b6a7c #b9aab9 #edd9d7 #fbf9eb #ffffff,Black Shoulder-length Straight Slim Pale Blue Young-adult Coat Earrings Outgoing,,https://bgm.tv/character/21938,https://vndb.org/c71195,21938
vndb-c86035,vndb,12,7,,世岛综,世島 綜,Sejima Sou,Congressman Sejima / Iris Sagan (misnomer),男,,,Galgame,Galgame,AI：ソムニウム ファイル,AI：梦境档案,2019,Galgame,"[{""t"":""AI：ソムニウム ファイル"",""cn"":""AI：梦境档案"",""ty"":""Galgame"",""y"":2019,""pop"":4117},{""t"":""AI: ソムニウムファイル ニルヴァーナイニシアチブ"",""cn"":""AI：梦境档案 涅槃肇始"",""ty"":""Galgame"",""y"":2022,""pop"":1753}]",貧困層から一代でのし上がったたたき上げの代議士。 そのため上流階級に対して強力なコンプレックスをいだいており、これが彼の欲望の源泉となっている。,4117,0,4117,2,,https://t.vndb.org/ch/12/135612.jpg,https://t.vndb.org/ch/12/135612.jpg,https://lain.bgm.tv/r/400/pic/crt/l/ec/0b/70978_crt_lLlZl.jpg?r=1563782107,#46445d #867f7b #ffffff,Short Grey Old Kimono Handgun Smoking Blackmail Widower Father Death,,https://bgm.tv/character/70978,https://vndb.org/c86035,70978
al89208,anilist,12,7,,与谢野晶子,与謝野晶子,Akiko Yosano,The Doctor / Angel of Death,女,O,25,动画,动画,文豪ストレイドッグス,文豪野犬,2016,动画,"[{""t"":""文豪ストレイドッグス"",""cn"":""文豪野犬"",""ty"":""动画"",""y"":2016,""pop"":420991},{""t"":""文豪ストレイドッグス 第2シーズン"",""cn"":""文豪野犬 第二季"",""ty"":""动画"",""y"":2016,""pop"":238857},{""t"":""文豪ストレイドッグス 第3シーズン"",""cn"":""文豪野犬 第三季"",""ty"":""动画"",""y"":2019,""pop"":198150},{""t"":""文豪ストレイドッグス 第4シーズン"",""cn"":"""",""ty"":""动画"",""y"":2023,""pop"":109686},{""t"":""文豪ストレイドッグス DEAD APPLE"",""cn"":""文豪野犬 DEAD APPLE"",""ty"":""动画"",""y"":2018,""pop"":89174},{""t"":""文豪ストレイドッグス 第5シーズン"",""cn"":"""",""ty"":""动画"",""y"":2023,""pop"":80927}]",武装异能侦探社的医生，非常讨厌不尊重生命的人。 能力：“君死给勿”，能够将重伤濒死的人恢复完好如初，但是也因为能力发动条件是对象要“重伤濒死”，因此如果治疗对象并非重伤，还要先把对方打到半死不活才能使用。 典故：出自同名女性诗人、作家与谢野晶子(よさの あきこ)于明治37年在《明星》文艺志上发表的《君死にたまふことなかれ》诗作。“君、死に给ふこと勿れ”的意思是“你不要死”，是与谢野晶子写给其弟的作品，作品中表达了反战与关注生命的想法。,2575,2575,0,52,,https://s4.anilist.co/file/anilistcdn/character/large/b89208-Zjsz22lCmrIE.png,https://s4.anilist.co/file/anilistcdn/character/medium/b89208-Zjsz22lCmrIE.png,https://lain.bgm.tv/r/400/pic/crt/l/f9/c3/35242_crt_ttyEi.jpg?r=1450266998,,,https://anilist.co/character/89208,https://bgm.tv/character/35242,,35242
al67077,anilist,12,7,1985,,平塚静,Shizuka Hiratsuka,,女,A,25-30,动画|漫画|轻小说,动画,やはり俺の青春ラブコメはまちがっている。,我的青春恋爱物语果然有问题,2013,动画,"[{""t"":""やはり俺の青春ラブコメはまちがっている。"",""cn"":""我的青春恋爱物语果然有问题"",""ty"":""动画"",""y"":2013,""pop"":381716},{""t"":""やはり俺の青春ラブコメはまちがっている。続"",""cn"":""我的青春恋爱物语果然有问题 续"",""ty"":""动画"",""y"":2015,""pop"":276649},{""t"":""やはり俺の青春ラブコメはまちがっている。完"",""cn"":""我的青春恋爱物语果然有问题 完"",""ty"":""动画"",""y"":2020,""pop"":224555},{""t"":""やはり俺の青春ラブコメはまちがっている。「こちらとしても彼ら彼女らの行く末に幸多からんことを願わざるを得ない。」"",""cn"":"""",""ty"":""动画"",""y"":2013,""pop"":77190},{""t"":""やはり俺の青春ラブコメはまちがっている。"",""cn"":""我的青春恋爱物语果然有问题"",""ty"":""轻小说"",""y"":2011,""pop"":20719},{""t"":""やはり俺の青春ラブコメはまちがっている－妄言録－"",""cn"":"""",""ty"":""漫画"",""y"":2012,""pop"":5078}]","Shizuka is [Hachiman](//anilist.co/character/67065)'s teacher, a language teacher who serves as his futures advisor/counselor.",2141,2141,0,0,,https://s4.anilist.co/file/anilistcdn/character/large/b67077-NaBvItxCYPon.png,https://s4.anilist.co/file/anilistcdn/character/medium/b67077-NaBvItxCYPon.png,,,,https://anilist.co/character/67077,,,
vndb-c41534,vndb,12,7,,,西園寺 風莉,Saionji Kazari,,女,A,,Galgame,Galgame,オトメ＊ドメイン,,2016,Galgame,"[{""t"":""オトメ＊ドメイン"",""cn"":"""",""ty"":""Galgame"",""y"":2016,""pop"":1521},{""t"":""僕と恋するポンコツアクマ。 すっごいえっち！"",""cn"":"""",""ty"":""Galgame"",""y"":2016,""pop"":719}]","The daughter of wealthy business tycoons, she was actually raised by Minato’s late grandmother, who was her maid at the time.",1521,0,1521,0,,https://t.vndb.org/ch/28/54428.jpg,https://t.vndb.org/ch/28/54428.jpg,,#5e4f6e #b391a7 #e5beba #f4e2dc #fbf7ef #ffffff,White Twin Tails Waist Length+ Straight Teen Slim Pale School Uniform Cowgirl Standing Sex,,,https://vndb.org/c41534,
al77495,anilist,12,7,,,幸平城一郎,Jouichirou Yukihira,Jouichirou Saiba / Asura,男,,38,动画,动画,食戟のソーマ,食戟之灵,2015,动画,"[{""t"":""食戟のソーマ"",""cn"":""食戟之灵"",""ty"":""动画"",""y"":2015,""pop"":403190},{""t"":""食戟のソーマ 弍ノ皿"",""cn"":""食戟之灵 贰之皿"",""ty"":""动画"",""y"":2016,""pop"":260416},{""t"":""食戟のソーマ 餐ノ皿"",""cn"":""食戟之灵 餐之皿"",""ty"":""动画"",""y"":2017,""pop"":227810},{""t"":""食戟のソーマ 神ノ皿"",""cn"":""食戟之灵  神之皿"",""ty"":""动画"",""y"":2019,""pop"":176469},{""t"":""『食戟のソーマ 餐ノ皿』 遠月列車篇"",""cn"":"""",""ty"":""动画"",""y"":2018,""pop"":172425},{""t"":""食戟のソーマ 豪ノ皿"",""cn"":"""",""ty"":""动画"",""y"":2020,""pop"":149392}]","The father of Sōma Yukihira, and owner of the diner Yukihira in the Sumire Shopping District. His passion for cooking knows no bounds and his skill is world-class.",1106,1106,0,0,,https://s4.anilist.co/file/anilistcdn/character/large/77495-81D8lngS6l3G.png,https://s4.anilist.co/file/anilistcdn/character/medium/77495-81D8lngS6l3G.png,,,,https://anilist.co/character/77495,,,
al8129,anilist,12,7,,,白雪みぞれ,Mizore Shirayuki,Yuki Onna / Stalker Onna,女,,,动画|漫画,动画,ロザリオとバンパイア,,2008,动画,"[{""t"":""ロザリオとバンパイア"",""cn"":"""",""ty"":""动画"",""y"":2008,""pop"":125598},{""t"":""ロザリオとバンパイア Capu2"",""cn"":"""",""ty"":""动画"",""y"":2008,""pop"":70160},{""t"":""ロザリオとバンパイア"",""cn"":"""",""ty"":""漫画"",""y"":2004,""pop"":22918},{""t"":""ロザリオとバンパイア SeasonⅡ"",""cn"":"""",""ty"":""漫画"",""y"":2007,""pop"":14874}]",156 cm Mizore Shirayuki is a yuki-onna who is in the same homeroom class as [Tsukune](//anilist.co/character/3862/Aono-Tsukune) and [Moka](//anilist.co/character/3861/Akashiya-Moka).,847,847,0,0,,https://s4.anilist.co/file/anilistcdn/character/large/8129.jpg,https://s4.anilist.co/file/anilistcdn/character/medium/8129.jpg,,,,https://anilist.co/character/8129,,,
al142947,anilist,12,7,,,琪亚娜·卡斯兰娜,Kiana Kaslana,Knight Errand,女,,16-,动画|漫画,动画,戦乙女の食卓,,2019,动画,"[{""t"":""戦乙女の食卓"",""cn"":"""",""ty"":""动画"",""y"":2019,""pop"":7618},{""t"":""戦乙女の食卓Ⅱ"",""cn"":"""",""ty"":""动画"",""y"":2020,""pop"":4001},{""t"":""崩坏3"",""cn"":"""",""ty"":""漫画"",""y"":2016,""pop"":1884},{""t"":""女武神的餐桌 新春SP"",""cn"":"""",""ty"":""动画"",""y"":2021,""pop"":1443},{""t"":""崩坏3 Reburn"",""cn"":"""",""ty"":""动画"",""y"":2017,""pop"":1263},{""t"":""人偶学园"",""cn"":"""",""ty"":""动画"",""y"":2021,""pop"":1118}]","163 cm (5'4"") A Schicksal Valkyrie and a student at St. Freya's Academy. She is the 69th successor of the Kaslana family and daughter to Siegfried Kaslana and Cecilia Schariac.",664,664,0,0,,https://s4.anilist.co/file/anilistcdn/character/large/b142947-Bj3EH4qI2OgE.png,https://s4.anilist.co/file/anilistcdn/character/medium/b142947-Bj3EH4qI2OgE.png,,,,https://anilist.co/character/142947,,,
al121473,anilist,12,7,,,山田エルフ,Elf Yamada,,女,A,14,动画|漫画|轻小说,动画,エロマンガ先生,,2017,动画,"[{""t"":""エロマンガ先生"",""cn"":"""",""ty"":""动画"",""y"":2017,""pop"":186667},{""t"":""エロマンガ先生 OVA"",""cn"":"""",""ty"":""动画"",""y"":2019,""pop"":37107},{""t"":""エロマンガ先生"",""cn"":"""",""ty"":""漫画"",""y"":2014,""pop"":6147},{""t"":""エロマンガ先生"",""cn"":"""",""ty"":""轻小说"",""y"":2013,""pop"":2689},{""t"":""エロマンガ先生 山田エルフ大先生の恋する純真ごはん"",""cn"":"""",""ty"":""漫画"",""y"":2018,""pop"":759}]","Yamada Elf is [Izumi Masamune](//anilist.co/character/121470)'s fellow author and neighbor. ~!Her actual first name is Emily, as she confesses to Masamune during a stroll through the forest that served as the model for the Elven Forest in E…",657,657,0,0,,https://s4.anilist.co/file/anilistcdn/character/large/b121473-6PlTb6U0RLFb.jpg,https://s4.anilist.co/file/anilistcdn/character/medium/b121473-6PlTb6U0RLFb.jpg,,,,https://anilist.co/character/121473,,,
vndb-c61062,vndb,12,7,,,一条 忍,Ichijou Shinobu,,男,,,Galgame,Galgame,月影のシミュラクル,,2016,Galgame,,"Childhood friend to Seiichi, tall, short-spoken and serious. He lives close to Seiichi's grandfather's workshop. Forming a four people group after meeting Miyu. Seemingly relaxed, he only cuts his hair when it's too long.",556,0,556,0,,https://t.vndb.org/ch/22/72722.jpg,https://t.vndb.org/ch/22/72722.jpg,,#ad9b87 #6c7e6f #efdac0 #ffffff,Brown Brown Slim Shirt Ore Stoic Son Childhood Friend Sandals Half-orphan,,,https://vndb.org/c61062,
vndb-c15097,vndb,12,7,,,世永 青葉,Yonaga Aoba,,女,,,Galgame,Galgame,妹のおかげでモテすぎてヤバい。,,2013,Galgame,,,324,0,324,0,,https://t.vndb.org/ch/95/19195.jpg,https://t.vndb.org/ch/95/19195.jpg,,#a17f92 #d8b1b7 #f2d7d9 #424045 #f8f3ea #ffffff,Pink Wavy Shoulder-length Teen Slim Pale Cooking Doggy Style Cowgirl Standing Sex,,,https://vndb.org/c15097,
vndb-c43684,vndb,12,7,,,ヴィヴィ・シュバインシュタイガー,Vivi Schweinsteiger,,女,,,Galgame,Galgame,シュヴァルツェスマーケン,,2015,Galgame,,,299,0,299,0,,https://t.vndb.org/ch/34/52434.jpg,https://t.vndb.org/ch/34/52434.jpg,,#97725a #634a3c #322c20 #1f1f13 #0f1007 #f0dfc9,Brown Twin Tails Teen Pale Fighting Violet Soldier Death German Freckles,,,https://vndb.org/c43684,
vndb-c163967,vndb,12,7,,,キルケ・ルナ―ライト,Circe Lunarlight,,女,A,,Galgame,Galgame,パラノマサイト FILE38 伊勢人魚物語,,2026,Galgame,,"Female Exchange Student; Exorcist 15 years old A young exorcist from England, currently on exchange in Japan. Possessed of a bold and willful nature, she harbors an ardent interest in Japanese folklore and occult stories.",250,0,250,0,,https://t.vndb.org/ch/38/193938.jpg,https://t.vndb.org/ch/38/193938.jpg,,#b9b2a4 #ebdfcf #777071 #353434 #ffffff,Blond Long Wavy Teen Slim Pale Headband Daughter Guide Handbag,,,https://vndb.org/c163967,
vndb-c118024,vndb,12,7,,,田上 信吾,Tanoue Shingo,,男,A,,Galgame,Galgame,MinDeaD BlooD ～支配者の為の狂死曲～,,2004,Galgame,"[{""t"":""MinDeaD BlooD ～支配者の為の狂死曲～"",""cn"":"""",""ty"":""Galgame"",""y"":2004,""pop"":216},{""t"":""MinDeaD BlooD ～麻由と麻奈の輸血箱～"",""cn"":"""",""ty"":""Galgame"",""y"":2004,""pop"":92}]","Basking in the sun on holidays Peace Violent incidents A man who works at the police station on Chuo street in Chisakura town. He is a pacifist and has a calm personality, he does not like any kind of conflicts.",216,0,216,0,,https://t.vndb.org/ch/57/140357.jpg,https://t.vndb.org/ch/57/140357.jpg,,#5f1a20 #390f13 #506371 #8d2c2e #324551 #d0c2bd,Brown Short Brown Slim Pale Young-adult Mask Necktie Handgun Boku,,,https://vndb.org/c118024,
vndb-c7878,vndb,12,7,,,桧月 彩花,Hizuki Ayaka,,女,AB,,Galgame,Galgame,メモリーズオフ,,1999,Galgame,"[{""t"":""メモリーズオフ"",""cn"":"""",""ty"":""Galgame"",""y"":1999,""pop"":215},{""t"":""メモリーズオフ～ピュア～"",""cn"":"""",""ty"":""Galgame"",""y"":2000,""pop"":64},{""t"":""メモリーズオフ After Rain"",""cn"":"""",""ty"":""Galgame"",""y"":2005,""pop"":56},{""t"":""メモリーズオフ -フェスタ-"",""cn"":"""",""ty"":""Galgame"",""y"":2001,""pop"":12},{""t"":""KIDミックスセクション キャラクターコレクション"",""cn"":"""",""ty"":""Galgame"",""y"":2001,""pop"":8},{""t"":""メモオフみっくす"",""cn"":"""",""ty"":""Galgame"",""y"":2003,""pop"":4}]","Ayaka is Tomoya and Yue's childhood friend and is Minamo's cousin. She maintains a kind and well-mannered, but timid personality. She dies in a car accident before the events of the first game.",215,0,215,0,,https://t.vndb.org/ch/94/173194.jpg,https://t.vndb.org/ch/94/173194.jpg,,#665147 #a3897c #d0c5b9 #eee5d8 #f7f5f0 #ffffff,Brown Long Teen Slim Pale Amber Dress Headband Miniskirt Knee-high Socks,,,https://vndb.org/c7878,
al65869,anilist,12,7,,,一色誠,Makoto Isshiki,,男,,,动画,动画,中二病でも恋がしたい!,中二病也要谈恋爱!,2012,动画,"[{""t"":""中二病でも恋がしたい!"",""cn"":""中二病也要谈恋爱!"",""ty"":""动画"",""y"":2012,""pop"":353258},{""t"":""中二病でも恋がしたい！戀"",""cn"":""中二病也要谈恋爱！恋"",""ty"":""动画"",""y"":2014,""pop"":183593},{""t"":""映画 中二病でも恋がしたい！ -Take On Me-"",""cn"":"""",""ty"":""动画"",""y"":2018,""pop"":86548},{""t"":""中二病でも恋がしたい! 煌めきの... 聖爆誕祭（スラップステック・ノエル）"",""cn"":"""",""ty"":""动画"",""y"":2013,""pop"":79582},{""t"":""中二病でも恋がしたい！戀 再生の･･･邪王真眼黙示録"",""cn"":"""",""ty"":""动画"",""y"":2014,""pop"":43993},{""t"":""小鳥遊六花・改 ~劇場版 中二病でも恋がしたい!~"",""cn"":"""",""ty"":""动画"",""y"":2013,""pop"":33806}]","Yuuta's classmate and friend. He created a ""cutie poll"" which ranked all the girls in class in terms of cuteness. However, because of this, his head was shaved into a crew cut. Later on he joins Rikka's club and develops a crush on Kumin.",195,195,0,0,,https://s4.anilist.co/file/anilistcdn/character/large/b65869-lwMeglnCIm0F.png,https://s4.anilist.co/file/anilistcdn/character/medium/b65869-lwMeglnCIm0F.png,,,,https://anilist.co/character/65869,,,
al318248,anilist,12,7,,,柊登馬,Touma Hiragi,,男,,,动画|漫画,动画,WIND BREAKER,,2024,动画,"[{""t"":""WIND BREAKER"",""cn"":"""",""ty"":""动画"",""y"":2024,""pop"":190806},{""t"":""WIND BREAKER Season 2"",""cn"":"""",""ty"":""动画"",""y"":2025,""pop"":100412},{""t"":""WIND BREAKER"",""cn"":"""",""ty"":""漫画"",""y"":2021,""pop"":21753}]","A third-year student at Furin High School in Class 1. One of the Four Kings of Bofurin, Hiragi is the leader of the Tamon Team.",166,166,0,0,,https://s4.anilist.co/file/anilistcdn/character/large/b318248-88xhG9Tel1dv.png,https://s4.anilist.co/file/anilistcdn/character/medium/b318248-88xhG9Tel1dv.png,,,,https://anilist.co/character/318248,,,
al1259,anilist,12,8,1986,葛城美里,葛城ミサト,Misato Katsuragi,,女,A,29,动画|Galgame,动画,新世紀エヴァンゲリオン,新世纪福音战士,1995,动画,"[{""t"":""新世紀エヴァンゲリオン"",""cn"":""新世纪福音战士"",""ty"":""动画"",""y"":1995,""pop"":494637},{""t"":""新世紀エヴァンゲリオン劇場版 Air/まごころを、君に"",""cn"":""新世纪福音战士剧场版 Air/真心为你"",""ty"":""动画"",""y"":1997,""pop"":253351},{""t"":""ヱヴァンゲリヲン新劇場版:序"",""cn"":""福音战士新剧场版：序"",""ty"":""动画"",""y"":2007,""pop"":144872},{""t"":""ヱヴァンゲリヲン新劇場版:破"",""cn"":""福音战士新剧场版：破"",""ty"":""动画"",""y"":2009,""pop"":134199},{""t"":""ヱヴァンゲリヲン新劇場版:Q"",""cn"":"""",""ty"":""动画"",""y"":2012,""pop"":123242},{""t"":""シン・エヴァンゲリオン劇場版:||"",""cn"":"""",""ty"":""动画"",""y"":2021,""pop"":117586}]",葛城美里（日语：葛城 ミサト、英语：Katsuragi Misato）是日本动画《新世纪福音战士》当中人物。她是NERV的指挥官，军衔最初为大尉，TV动画第12话时晋升为少佐，在新剧场版中则为中佐。她在NERV的任务包括指挥及监视EVA驾驶员、构思及发布攻击策略，与赤木律子协调EVA技术支援及测试也是她的工作，她同时也是碇真嗣与惣流·明日香·兰格雷的监护人。 在故事一开始时，美里将真嗣带入NERV，并说服他担任初号机的驾驶员。,11597,11597,436,722,,https://s4.anilist.co/file/anilistcdn/character/large/b1259-afTQkZ5SVMOn.png,https://s4.anilist.co/file/anilistcdn/character/medium/b1259-afTQkZ5SVMOn.png,https://t.vndb.org/ch/26/183726.jpg|https://lain.bgm.tv/r/400/pic/crt/l/04/fc/5088_crt_anidb.jpg,,Major,https://anilist.co/character/1259,https://bgm.tv/character/5088,https://vndb.org/c126168,5088
vndb-c4059,vndb,12,8,,,桜内 義之,Sakurai Yoshiyuki,Otouto-kun / Otouto-kun,男,,,Galgame,Galgame,D.C.II ～ダ・カーポII～,,2006,Galgame,"[{""t"":""D.C.II ～ダ・カーポII～"",""cn"":"""",""ty"":""Galgame"",""y"":2006,""pop"":1927},{""t"":""D.C.III ～ダ・カーポIII～"",""cn"":"""",""ty"":""Galgame"",""y"":2012,""pop"":1134},{""t"":""D.C.II Spring Celebration ～ダ・カーポII～ スプリング セレブレイション"",""cn"":"""",""ty"":""Galgame"",""y"":2007,""pop"":88},{""t"":""D.C.II Dearest Marriage ～ダ・カーポII～ ディアレストマリッジ"",""cn"":"""",""ty"":""Galgame"",""y"":2015,""pop"":86},{""t"":""D.C.II To You ～ダ・カーポII～トゥーユー サイドエピソード"",""cn"":"""",""ty"":""Galgame"",""y"":2009,""pop"":78},{""t"":""D.C.II Fall in Love ～ダ・カーポII～フォーリンラブ"",""cn"":"""",""ty"":""Galgame"",""y"":2009,""pop"":74}]","Sakurai is a kind, responsive and gentle guy, who without knowing it, is popular among the girls. He grew up as a foster child in the Asakura family house, along with Otome, Yume and old man Jun'ichi.",1927,0,1927,0,,https://t.vndb.org/ch/86/6086.jpg,https://t.vndb.org/ch/86/6086.jpg,,#404a57 #acabb6 #eeebe7 #d0ced3 #f7f7f9,Black Short Straight Teen Pale School Uniform Trousers Donkan Magician Orphan,,,https://vndb.org/c4059,
vndb-c93414,vndb,12,8,,,匂宮 めぐり,Niounomiya Meguri,,女,,,Galgame,Galgame,冥契のルペルカリア,,2021,Galgame,,"Lampyris Troupe's star and main attraction. She's earnest when it comes to acting, and is a bit of a little devil who likes teasing others.",818,0,818,0,,https://t.vndb.org/ch/15/112515.jpg,https://t.vndb.org/ch/15/112515.jpg,,#51435c #c9a7a4 #edd4c2 #f9f3e1 #ffffff,Blond Long Cross-dressing Slim Pale Missionary Cowgirl Blowjob Virgin Sex Red,,,https://vndb.org/c93414,
vndb-c74096,vndb,12,8,,,小伯 白,Kohaku Shiro,,女,A,,Galgame,Galgame,タマユラミライ,,2019,Galgame,,"A very playful, older sister type... who's really, really small. She's a dyed-in-the-wool country girl with an accent to match. However, she thinks she has no accent. She can't see spirits and doesn’t understand magic in the slightest.",535,0,535,0,,https://t.vndb.org/ch/86/89886.jpg,https://t.vndb.org/ch/86/89886.jpg,,#4b6494 #baa6ae #dfcfce #efe5e5 #f9f5f2 #ffffff,White Waist Length+ Straight Teen Slim Pale Missionary Cowgirl Standing Sex Blowjob,,,https://vndb.org/c74096,
al16128,anilist,12,8,1994,,天城雪子,Yukiko Amagi,Yuki / Drama Queen / The Unconquerable Snow Black / Yuki-chan,女,O,16-17,动画|漫画|Galgame,动画,ペルソナ4アニメーション,,2011,动画,"[{""t"":""ペルソナ4アニメーション"",""cn"":"""",""ty"":""动画"",""y"":2011,""pop"":58536},{""t"":""ペルソナ4 ザ・ゴールデンアニメーション"",""cn"":"""",""ty"":""动画"",""y"":2014,""pop"":25458},{""t"":""ペルソナ4アニメーション"",""cn"":"""",""ty"":""动画"",""y"":2012,""pop"":13380},{""t"":""ペルソナ4 the Animation -the Factor of Hope-"",""cn"":"""",""ty"":""动画"",""y"":2012,""pop"":5257},{""t"":""ペルソナ4 ザ・ゴールデンアニメーション Thank you Mr. Accomplice"",""cn"":"""",""ty"":""动画"",""y"":2014,""pop"":4635},{""t"":""ペルソナ4"",""cn"":"""",""ty"":""漫画"",""y"":2008,""pop"":3321}]",": 164 cm (5'5"") : Konohana Sakuya : Amaterasu : Fan An elegant, introverted girl with long groomed black hair and a red hairband.",532,532,399,0,,https://s4.anilist.co/file/anilistcdn/character/large/b16128-4vevfve6UDuw.jpg,https://s4.anilist.co/file/anilistcdn/character/medium/b16128-4vevfve6UDuw.jpg,https://t.vndb.org/ch/12/194312.jpg,,Black Hime Cut Waist Length+ Straight Teen Slim Pale School Uniform Sweater Cooking,https://anilist.co/character/16128,,https://vndb.org/c46798,
vndb-c1286,vndb,12,8,,,赤城 一雪,Akagi Kazuyuki,,男,B,,Galgame,Galgame,ときめきメモリアル Girl's Side 3rd Story,,2010,Galgame,"[{""t"":""ときめきメモリアル Girl's Side 3rd Story"",""cn"":"""",""ty"":""Galgame"",""y"":2010,""pop"":395},{""t"":""ときめきメモリアル Girl’s Side 2nd Kiss"",""cn"":"""",""ty"":""Galgame"",""y"":2006,""pop"":366}]","Akagi is a student from Habataki High. Due to his role as Habataki Student Council President, he sometimes visits Hanegasaki High and works together with Hikami. [From Wikipedia]",395,0,395,0,,https://t.vndb.org/ch/30/1330.jpg,https://t.vndb.org/ch/30/1330.jpg,,#a1b5ea #4d4a64 #b59a8d #f5f2ec #ffffff,Brown Short Brown Teen School Uniform Trousers Necktie Student Council President Blazer,,,https://vndb.org/c1286,
al64627,anilist,12,8,,,櫛名アンナ,Anna Kushina,,女,O,11,动画,动画,K,,2012,动画,"[{""t"":""K"",""cn"":"""",""ty"":""动画"",""y"":2012,""pop"":173618},{""t"":""K RETURN OF KINGS"",""cn"":"""",""ty"":""动画"",""y"":2015,""pop"":65697},{""t"":""K MISSING KINGS"",""cn"":"""",""ty"":""动画"",""y"":2014,""pop"":54450},{""t"":""K SEVEN STORIES「R:B ～BLAZE～」"",""cn"":"""",""ty"":""动画"",""y"":2018,""pop"":13536},{""t"":""K SEVEN STORIES「メモリー・オブ・レッド ～BURN～」"",""cn"":"""",""ty"":""动画"",""y"":2018,""pop"":6526},{""t"":""K SEVEN STORIES「Circle Vision ～Nameless Song～」"",""cn"":"""",""ty"":""动画"",""y"":2018,""pop"":6085}]","140 cm A quiet, doll-like girl who serves as HOMRA's unofficial mascot. Anna is very quiet and shy compared to her louder, more eccentric HOMRA members.",391,391,0,0,,https://s4.anilist.co/file/anilistcdn/character/large/64627.jpg,https://s4.anilist.co/file/anilistcdn/character/medium/64627.jpg,,,,https://anilist.co/character/64627,,,
vndb-c77733,vndb,12,8,,爱丽丝,アリス,Alice,,女,,,Galgame,Galgame,D.C.4 ～ダ・カーポ4～,,2019,Galgame,"[{""t"":""D.C.4 ～ダ・カーポ4～"",""cn"":"""",""ty"":""Galgame"",""y"":2019,""pop"":215},{""t"":""D.C.4 ～ダ・カーポ4～ フォーチュネイトデパーチャーズ"",""cn"":"""",""ty"":""Galgame"",""y"":2021,""pop"":102},{""t"":""D.C.5 to 4 ～ダ・カーポ5トゥ4～ ルミナスメモリーズ"",""cn"":"""",""ty"":""Galgame"",""y"":2026,""pop"":0}]",本名紫苑寺有子。自称尼特侦探的茧居族，年龄不详，看起来只有12、13岁的样子。身高130厘米不到。有着长及双腿的黑发，容颜可爱到让人想抱住的地步。但嘴巴相当犀利，说话也毫不留情，经常喋喋不休。 平时总是穿着睡衣。利用网络解开事件之谜。侦探事务所就在“花丸拉面店”楼上，因此她经常叫外送（可是很挑食，普通的餐点几乎都不吃），但很喜欢吃老板做的冰激凌。患有“开放场所恐惧症”，在室外会感到不舒服。 非常喜欢喝“Dr Pepper”，冰箱里几乎都是这个饮料。有很多布娃娃。,369,0,215,369,,https://t.vndb.org/ch/53/103253.jpg,https://t.vndb.org/ch/53/103253.jpg,https://lain.bgm.tv/r/400/pic/crt/l/8e/88/11926_crt_IUq31.jpg?r=1571579644,#a992a4 #715b77 #e8ddd2 #cfc2c1 #f8f4e8 #ffffff,Brown Waist Length+ Straight Teen Slim Pale Blue Mini-dress Thigh-high Stockings Airhead,,https://bgm.tv/character/11926,https://vndb.org/c77733,11926
vndb-c10471,vndb,12,8,,,日和川 旭,Hiyorigawa Asahi,,女,O,,Galgame,Galgame,SNOW,,2003,Galgame,"[{""t"":""SNOW"",""cn"":"""",""ty"":""Galgame"",""y"":2003,""pop"":354},{""t"":""暗黒SNOW"",""cn"":"""",""ty"":""Galgame"",""y"":2004,""pop"":17}]","A young girl that suddenly appeared before Kanata, saying that she will ""repulse the evil"" from him. She loves boneless ham and sometimes says ""Humi"" catchphrase. (from Wikipedia)",354,0,354,0,,https://t.vndb.org/ch/03/11603.jpg,https://t.vndb.org/ch/03/11603.jpg,,#778461 #d7b097 #3c4c3b #a0a5a4 #d5d1d0 #f2eeec,Ahoge Long Green Slim Pale Cooking Doggy Style Blowjob Virgin Sex Red,,,https://vndb.org/c10471,
vndb-c21833,vndb,12,8,,,伊藤 あやめ,Itou Ayame,,女,O,,Galgame,Galgame,コープスパーティー 2 DEAD PATIENT,尸体派对2 死亡病患,2013,Galgame,,"Ayame is the main protagonist of Corpse Party 2: Dead Patient and a student at Minazuki Academy High School's class 1-5. Having lost her memories, Ayame does not know her own name nor the faces of her friends.",245,0,245,0,,https://t.vndb.org/ch/08/27408.jpg,https://t.vndb.org/ch/08/27408.jpg,,#545864 #f1e6dc #9a9c9e #c5c6c5 #f1f2f2 #ffffff,White Short Slim Pale School Uniform Amnesia Blue Knee-high Socks Reserved Childhood Friend,,,https://vndb.org/c21833,
vndb-c93625,vndb,12,8,,,鷺澤 有里咲,Sagisawa Arisa,,女,,,Galgame,Galgame,D.C.4 ～ダ・カーポ4～,,2019,Galgame,"[{""t"":""D.C.4 ～ダ・カーポ4～"",""cn"":"""",""ty"":""Galgame"",""y"":2019,""pop"":215},{""t"":""D.C.4 ～ダ・カーポ4～"",""cn"":"""",""ty"":""Galgame"",""y"":2019,""pop"":215},{""t"":""D.C.4 ～ダ・カーポ4～"",""cn"":"""",""ty"":""Galgame"",""y"":2019,""pop"":215},{""t"":""D.C.4 ～ダ・カーポ4～"",""cn"":"""",""ty"":""Galgame"",""y"":2019,""pop"":215},{""t"":""D.C.4 ～ダ・カーポ4～"",""cn"":"""",""ty"":""Galgame"",""y"":2019,""pop"":215},{""t"":""D.C.5 ～ダ・カーポ5～"",""cn"":"""",""ty"":""Galgame"",""y"":2023,""pop"":152}]",,215,0,215,0,,https://t.vndb.org/ch/20/112820.jpg,https://t.vndb.org/ch/20/112820.jpg,,#7b6e8d #ae9dad #d9ceca #fcf5de #e0e7ef #fefefe,Waist Length+ Straight Teen Slim Pale School Uniform Magician Missionary Doggy Style Blowjob,,,https://vndb.org/c93625,
vndb-c77134,vndb,12,8,,,鷺澤 有里栖,Sagisawa Arisu,,女,,,Galgame,Galgame,D.C.4 ～ダ・カーポ4～,,2019,Galgame,"[{""t"":""D.C.4 ～ダ・カーポ4～"",""cn"":"""",""ty"":""Galgame"",""y"":2019,""pop"":215},{""t"":""D.C.4 ～ダ・カーポ4～ フォーチュネイトデパーチャーズ"",""cn"":"""",""ty"":""Galgame"",""y"":2021,""pop"":102},{""t"":""D.C.5 to 4 ～ダ・カーポ5トゥ4～ ルミナスメモリーズ"",""cn"":"""",""ty"":""Galgame"",""y"":2026,""pop"":0}]",,215,0,215,0,,https://t.vndb.org/ch/41/103241.jpg,https://t.vndb.org/ch/41/103241.jpg,,#7e6f8f #dfcec1 #b0a2ae #f5eddb #e3e8ef #fffffe,Ahoge Odango Ponytail Twin Tails Waist Length+ Straight Teen Slim Pale School Uniform,,,https://vndb.org/c77134,
vndb-c37651,vndb,12,8,,,日高 照美,Hidaka Terumi,,女,,,Galgame,Galgame,あねよめカルテット,,2014,Galgame,,,197,0,197,0,,https://t.vndb.org/ch/38/45438.jpg,https://t.vndb.org/ch/38/45438.jpg,,#516672 #f2d1b4 #94a49d #f2d6db #fbf4e6 #ffffff,Wavy Green Blue Wife Mother Side Tail Tareme Not Sexually Involved Parted in Middle,,,https://vndb.org/c37651,
vndb-c79016,vndb,12,9,,,君島 コウ,Kimijima Kou,,男,AB,,Galgame,Galgame,ROBOTICS;NOTES,机器人笔记,2012,Galgame,"[{""t"":""ROBOTICS;NOTES"",""cn"":""机器人笔记"",""ty"":""Galgame"",""y"":2012,""pop"":1864},{""t"":""ROBOTICS;NOTES DaSH"",""cn"":"""",""ty"":""Galgame"",""y"":2019,""pop"":773}]","The author of the Kimijima Reports, who died several years ago. It turns out that he works for the Committee of 300 and caused the Anemone-gou incident which was in fact an experiment that would have killed all the test subjects; This was s…",1864,0,1864,0,,https://t.vndb.org/ch/47/95747.jpg,https://t.vndb.org/ch/47/95747.jpg,,#59758f #2d3134 #bdbebb #e5e4e1 #f8faf7,White Shoulder-length Blue Shirt Boku Pretending Planning Hacker Teasing Death,,,https://vndb.org/c79016,
al306616,anilist,12,9,,,河原木桃香,Momoka Kawaragi,,女,O,20,动画|漫画,动画,ガールズバンドクライ,,2024,动画,"[{""t"":""ガールズバンドクライ"",""cn"":"""",""ty"":""动画"",""y"":2024,""pop"":66855},{""t"":""ガールズバンドクライ 青春狂走曲"",""cn"":"""",""ty"":""动画"",""y"":2025,""pop"":4854},{""t"":""ガールズバンドクライ なぁ、未来。"",""cn"":"""",""ty"":""动画"",""y"":2025,""pop"":2612},{""t"":""ガールズバンドクライ"",""cn"":"""",""ty"":""漫画"",""y"":2026,""pop"":1007},{""t"":""걸즈 밴드 크라이 ~Secret Live~"",""cn"":"""",""ty"":""漫画"",""y"":2026,""pop"":215}]","164 cm A young street musician. She is easy-going and firm. She does not like to dress typically feminine and chooses to keep her hair down, and keep her clothes plain.",946,946,0,0,,https://s4.anilist.co/file/anilistcdn/character/large/b306616-nw5AIrGklnrX.jpg,https://s4.anilist.co/file/anilistcdn/character/medium/b306616-nw5AIrGklnrX.jpg,,,,https://anilist.co/character/306616,,,
vndb-c38200,vndb,12,9,,,幸塚 美智,Kouzuka Michi,ビッチさん / Slut-san,女,A,,Galgame,Galgame,PRIMAL×HEARTS2,,2015,Galgame,,Daichi's older sister and a graduate of Ainoshima Academy. She is also the one that reformed Daichi from being a recluse and recommended him to transfer to Ainoshima Academy.,882,0,882,0,,https://t.vndb.org/ch/53/46553.jpg,https://t.vndb.org/ch/53/46553.jpg,,#a38178 #d9b7a2 #4a4446 #ebded0 #f7f6ee #ffffff,Brown Ahoge Long Wavy Slim Pale Amber Young-adult Cross Necklace Lazy,,,https://vndb.org/c38200,
vndb-c10901,vndb,12,9,,,ジョゼ,Jose,,男,O,,Galgame,Galgame,冤罪,,2002,Galgame,,"A callous and cold prisoner at the same jail as Guys. Like Guys, Jose is a juvenile delinquent. However, Jose is far more malicious and aggressive than Guys. He was imprisoned for raping a woman when he was drinking.",421,0,421,0,,https://t.vndb.org/ch/95/12295.jpg,https://t.vndb.org/ch/95/12295.jpg,,#f6f0e2 #444148 #a29d9b #d2cfca #f6f6f4 #ffffff,White Curtained Short Pale Trousers Grey Young-adult Tattoo Earrings Tsundere,,,https://vndb.org/c10901,
al137,anilist,12,9,,,平賀才人,Saito Hiraga,Gandálfr / Lífþrasir / Dog / Baka Inu,男,,17,动画,动画,ゼロの使い魔,,2006,动画,"[{""t"":""ゼロの使い魔"",""cn"":"""",""ty"":""动画"",""y"":2006,""pop"":156325},{""t"":""ゼロの使い魔 ～双月の騎士～"",""cn"":"""",""ty"":""动画"",""y"":2007,""pop"":88199},{""t"":""ゼロの使い魔F"",""cn"":"""",""ty"":""动画"",""y"":2012,""pop"":77401},{""t"":""ゼロの使い魔 ～三美姫（プリンセッセ）の輪舞（ロンド）～"",""cn"":"""",""ty"":""动画"",""y"":2008,""pop"":77292},{""t"":""ゼロの使い魔 ～三美姫（プリンセッセ）の輪舞（ロンド）～ 誘惑の砂浜"",""cn"":"""",""ty"":""动画"",""y"":2008,""pop"":18653},{""t"":""ゼロの使い魔～三美姫の輪舞～ ピクチャードラマ"",""cn"":"""",""ty"":""动画"",""y"":2008,""pop"":9947}]","172 cm (5'8"") Saito is a student from Tokyo, Japan. One day, his laptop got broken and he decided to repair it; however, learning of the expensive fee for repair, he does not continue the repair, thinking of applying for a part-time job.",395,395,0,0,,https://s4.anilist.co/file/anilistcdn/character/large/137.jpg,https://s4.anilist.co/file/anilistcdn/character/medium/137.jpg,,,,https://anilist.co/character/137,,,
vndb-c4747,vndb,12,9,,,藤堂 つむぎ,Toudou Tsumugi,,女,,,Galgame,Galgame,星空へ架かる橋,,2010,Galgame,"[{""t"":""星空へ架かる橋"",""cn"":"""",""ty"":""Galgame"",""y"":2010,""pop"":384},{""t"":""星空へ架かる橋AA"",""cn"":"""",""ty"":""Galgame"",""y"":2012,""pop"":164}]","Prim and quaint, Tsumugi is a third-year student and one of the most respectable cast members. A gentle, down-home country girl, Tsumugi is courteous, knowledgeable and acts as a sort of mediator for those around her.",384,0,384,0,,https://t.vndb.org/ch/03/4803.jpg,https://t.vndb.org/ch/03/4803.jpg,,#783c46 #ba8a81 #e2c1a1 #e9dbd2 #f7f3ea #ffffff,Blond Waist Length+ Wavy Brown Teen Slim Pale Cooking Missionary Doggy Style,,,https://vndb.org/c4747,
vndb-c89288,vndb,12,9,,,,Makoto Miyamura,Class prez,女,,,Galgame,Galgame,Lessons in Love,,2022,Galgame,,"Student council president, Sensei's classroom assistant, and top student in her year. Makoto looks up to Sensei tremendously, wanting to be a teacher herself one day, and drinks in recognition and appreciation for her hard work.",342,0,342,0,,https://t.vndb.org/ch/21/118121.jpg,https://t.vndb.org/ch/21/118121.jpg,,#132f4d #586579 #efd3cd #b3a5ac #fbece3 #ffffff,Black Teen School Uniform Sweater Student Doggy Style Blowjob Virgin Sex Pajamas Glasses,,,https://vndb.org/c89288,
vndb-c87339,vndb,12,9,,,ソロモン,Solomon,The Greatest Sorcerer / King Solomon the Wise / Solomon the Sorcerer / MonSolo,男,,,Galgame,Galgame,Obey Me!,,2019,Galgame,,"""An exchange student from the human world. Known as the wise one, he is the most powerful sorcerer who can command 72 demons.""",246,0,246,0,,https://t.vndb.org/ch/14/114314.jpg,https://t.vndb.org/ch/14/114314.jpg,,#8c8382 #413b3d #cfcad9 #b6b2be #252424 #e9e4ea,White Short Straight Brown Pale School Uniform Trousers Student Magician Blue,,,https://vndb.org/c87339,
vndb-c294,vndb,12,10,,乡田俊朗,郷田 俊朗,Gouda Toshirou,,男,B,,Galgame,Galgame,うみねこのなく頃に,海猫鸣泣之时,2007,Galgame,"[{""t"":""うみねこのなく頃に"",""cn"":""海猫鸣泣之时"",""ty"":""Galgame"",""y"":2007,""pop"":13833},{""t"":""うみねこのなく頃に散"",""cn"":""海猫鸣泣之时散"",""ty"":""Galgame"",""y"":2009,""pop"":10973}]",身高超过180cm的高个子佣人，2年前开始在右代宫家工作，此次亲族会议第一次和战人见面。曾经是宾馆的高级厨师，辞职后来到六轩岛当厨师，烹饪水平高超，没有片翼之鹫。由夏妃招入右代宫家，对夏妃相对忠诚。,13833,0,13833,1,,https://t.vndb.org/ch/01/32101.jpg,https://t.vndb.org/ch/01/32101.jpg,https://lain.bgm.tv/r/400/pic/crt/l/9d/8a/941_crt_zYeYh.jpg?r=1677396778,#d8bb9f #887a6d #2d2829 #e3d8ca #ffffff,Black Short Straight Pale Trousers Dress Shoes Proactive Hard Worker Cooking Black,,https://bgm.tv/character/941,https://vndb.org/c294,941
vndb-c129252,vndb,12,10,,,防人,Sakimori,防人老人,男,,,Galgame,Galgame,抜きゲーみたいな島に住んでる貧乳はどうすりゃいいですか？,,2018,Galgame,"[{""t"":""抜きゲーみたいな島に住んでる貧乳はどうすりゃいいですか？"",""cn"":"""",""ty"":""Galgame"",""y"":2018,""pop"":3074},{""t"":""抜きゲーみたいな島に住んでる貧乳はどうすりゃいいですか？ 2"",""cn"":"""",""ty"":""Galgame"",""y"":2019,""pop"":1604}]",真实姓名不详但因受到风音召唤穂积诸尚的返魂术波及而回到现世的灵魂。防人为平安时代防守疆土的官名，因为在防人的任期即将结束前死亡而无法回乡，因此对于回家成为其执念。因为被高龙神指点寻找能送他回家的昌浩而被异化的百鬼夜行所盯上，且附身在昌浩的身上。最后靠着昌浩的送魂术终于能与家人重逢并得到净化。,3074,0,3074,0,,https://t.vndb.org/ch/54/153354.jpg,https://t.vndb.org/ch/54/153354.jpg,https://lain.bgm.tv/r/400/pic/crt/l/e7/8f/105018_crt_mIAIq.jpg,#59393f #ba8c76 #e0baad #d5d2d4 #ebebec #ffffff,White Short Moustache Pale Villain Amber Old Kimono Grandfather Torture,,https://bgm.tv/character/105018,https://vndb.org/c129252,105018
vndb-c19054,vndb,12,10,,雪村透子,雪村 透子,Yukimura Touko,Tou,女,AB,,Galgame,Galgame,星織ユメミライ,,2014,Galgame,,主人公と近い時期にやってきた、転校生の女の子。 一人だけ学園指定のものとは違う制服を着ており、その整った容姿と相まってとても目立っている。 掴み所のない性格も手伝ってどこか浮いた存在で、あまり周囲とは打ち解けていないが、本人はまったく気にしていない様子。 何故か閉鎖されている旧館の鍵を所持しており、「この居心地のいい場所を、私が守る」 という名目で独占している。 「んー…気が向いたらね。 考えておくよ、適当に」,2735,0,2735,14,1,https://t.vndb.org/ch/42/25242.jpg,https://t.vndb.org/ch/42/25242.jpg,https://lain.bgm.tv/r/400/pic/crt/l/e6/60/25687_crt_2ESZP.jpg,#933749 #af8d85 #d7c1bc #f2e7de #f7f5f3 #ffffff,Red Ponytail Long Curtained Straight Teen Slim Pale Hard Worker Cooking,,https://bgm.tv/character/25687,https://vndb.org/c19054,25687
vndb-c48063,vndb,12,10,,,鳴滝 真帆,Narutaki Maho,Big-peen / Lady Maho / Maho-peen,女,,,Galgame,Galgame,スキとスキとでサンカク恋愛,青春×好奇相伴的三角恋爱,2016,Galgame,,幼稚園の頃からずっと主人公のそばにいた幼なじみ。 とても面倒見が良く、気さくな性格。 男勝りな負けん気の強さを持っている。 過去に主人公から告白されたことがあるが、その際は誤解が重なり断ってしまった。 今では主人公にとって、一番仲の良い女友達。 「あははは！ いいなぁ、青春だなぁ、宗介！」,2545,0,2545,23,,https://t.vndb.org/ch/29/57629.jpg,https://t.vndb.org/ch/29/57629.jpg,https://lain.bgm.tv/r/400/pic/crt/l/ee/b1/45042_crt_L4tTx.jpg,#b44a5c #b78d9e #faeddc #dacbcd #f2f0f1 #ffffff,Red Ponytail Waist Length+ Straight Teen Slim Pale Cooking Cowgirl Blowjob,,https://bgm.tv/character/45042,https://vndb.org/c48063,45042
vndb-c1656,vndb,12,10,,,柴 天文,Chai Chien'uen,Chái Tiānwén / Owner-san,男,B,,Galgame,Galgame,コミュ - 黒い竜と優しい王国 -,,2009,Galgame,,"Boss He is the owner of the bar where Akihito works. He seizes every opportunity to perform his homosexual antics. Behind his bright and playful nature, he actually have various underground connections and influence.",2159,0,2159,0,,https://t.vndb.org/ch/18/20218.jpg,https://t.vndb.org/ch/18/20218.jpg,,#573646 #9a8a84 #d3bbad #efe3d0 #ffffff,Black Ponytail Waist Length+ Curtained Straight Slim Pale Trousers Violet Young-adult,,,https://vndb.org/c1656,
al89576,anilist,12,10,,,和泉紗霧,Sagiri Izumi,Eromanga-sensei (エロマンガ先生),女,,12,动画|漫画|轻小说,动画,エロマンガ先生,,2017,动画,"[{""t"":""エロマンガ先生"",""cn"":"""",""ty"":""动画"",""y"":2017,""pop"":186667},{""t"":""エロマンガ先生 OVA"",""cn"":"""",""ty"":""动画"",""y"":2019,""pop"":37107},{""t"":""エロマンガ先生"",""cn"":"""",""ty"":""漫画"",""y"":2014,""pop"":6147},{""t"":""エロマンガ先生"",""cn"":"""",""ty"":""轻小说"",""y"":2013,""pop"":2689}]","**** 148 cm (4'10 ft) Sagiri was taught to draw by her mother at a young age, and by the time she was around the age of nine, she became [Masamune](//anilist.co/character/121470)'s illustrator.",1701,1701,0,0,,https://s4.anilist.co/file/anilistcdn/character/large/b89576-lw430mWycPAg.png,https://s4.anilist.co/file/anilistcdn/character/medium/b89576-lw430mWycPAg.png,,,,https://anilist.co/character/89576,,,
vndb-c876,vndb,12,10,,,永瀬 沙佳,Nagase Sayaka,,女,,,Galgame,Galgame,Soul Link,,2004,Galgame,,"Sayaka is enrolled in the third year program of Central Military Academy's preparatory division. She is an active, outgoing girl who clearly displays her feelings.",935,0,935,0,,https://t.vndb.org/ch/02/11702.jpg,https://t.vndb.org/ch/02/11702.jpg,,#4e5463 #7f8b8f #b0c2bb #d3dfd5 #f0efea #ffffff,Black Waist Length+ Straight Teen Slim Pale Virgin Sex Group Sex Blue Miniskirt,,,https://vndb.org/c876,
vndb-c28273,vndb,12,10,,,ロビン フッド,Robin Hood,,男,,,Galgame,Galgame,OZMAFIA!!,,2013,Galgame,,"The Masked Doctor He's the town's only doctor, running Sherwood Clinic for the benefit of the people. Contrary to his mysterious appearance, he's a rather simple man.",830,0,830,0,,https://t.vndb.org/ch/19/34319.jpg,https://t.vndb.org/ch/19/34319.jpg,,#42355a #725f7f #aaa2ab #ffffff,Blond Slim Pale Fighting Blue Hidden Young-adult Robe Hood Mask,,,https://vndb.org/c28273,
vndb-c5675,vndb,12,10,,,クリスティナ・ドルン,Christina Dorn,,女,,,Galgame,Galgame,カタハネ,,2006,Galgame,,Last princess of the White Kingdom and master doll engineer.,804,0,804,0,,https://t.vndb.org/ch/11/61611.jpg,https://t.vndb.org/ch/11/61611.jpg,,#5a4d6b #958d96 #bec6d1 #e1e5e7 #f7f8f3 #ffffff,Brown Slim Dress Shoes Young-adult Dress Princess Engineer Lesbian Sex Death Refined,,,https://vndb.org/c5675,
vndb-c82362,vndb,12,10,,,バンシー 伊東,Banshee Itou,,男,,,Galgame,Galgame,死印,,2017,Galgame,,"A kooky old man living in the underground shelter. He's read through nearly all the notable documents left there and is extremely knowledgeable about them. He claims to have spiritual powers, and truly does seem to see spiritual things.",711,0,711,0,,https://t.vndb.org/ch/36/100036.jpg,https://t.vndb.org/ch/36/100036.jpg,,#484a44 #040403 #81847c #10100f #252726,Beard Sweater Old Coat Scarf Food Lover Mole Homeless Grey Beanie,,,https://vndb.org/c82362,
al124548,anilist,12,10,,,白石結月,Yuzuki Shiraishi,Yuzu / @si_yuzuuu,女,A,15,动画|漫画,动画,宇宙よりも遠い場所,比宇宙更远的地方,2018,动画,"[{""t"":""宇宙よりも遠い場所"",""cn"":""比宇宙更远的地方"",""ty"":""动画"",""y"":2018,""pop"":166665},{""t"":""宇宙よりも遠い場所"",""cn"":""比宇宙更远的地方"",""ty"":""漫画"",""y"":2017,""pop"":2062}]",152 cm (5'0) A girl who is one grade lower than [Kimari](//anilist.co/character/124545/Tamaki-Mari) and the others. She lives in Hokkaido.,647,647,0,0,,https://s4.anilist.co/file/anilistcdn/character/large/b124548-ukuGnwrtMPoT.png,https://s4.anilist.co/file/anilistcdn/character/medium/b124548-ukuGnwrtMPoT.png,,,,https://anilist.co/character/124548,,,
al57569,anilist,12,10,,,渡辺早季,Saki Watanabe,,女,,,动画|漫画,动画,新世界より,,2012,动画,"[{""t"":""新世界より"",""cn"":"""",""ty"":""动画"",""y"":2012,""pop"":178318},{""t"":""新世界より"",""cn"":"""",""ty"":""漫画"",""y"":2012,""pop"":3855}]","Saki is the main character and narrator of the story. Saki is a new student at the magic school, “Saint Academy”. Once she joins Saint Academy, she hangs out with [Satoru](//anilist.co/character/57571/Asahina-Satoru), [Maria](//anilist.co/c…",613,613,0,0,,https://s4.anilist.co/file/anilistcdn/character/large/b57569-nrl0laLbZVFM.png,https://s4.anilist.co/file/anilistcdn/character/medium/b57569-nrl0laLbZVFM.png,,,,https://anilist.co/character/57569,,,
vndb-c161678,vndb,12,10,,,ハリスン・ヴォーン,Harrison Vaughan,,男,O,,Galgame,Galgame,even if TEMPEST 宵闇にかく語りき魔女,,2022,Galgame,"[{""t"":""even if TEMPEST 宵闇にかく語りき魔女"",""cn"":"""",""ty"":""Galgame"",""y"":2022,""pop"":608},{""t"":""even if TEMPEST 連なるときの暁"",""cn"":"""",""ty"":""Galgame"",""y"":2023,""pop"":195}]","""...Frankly, I'm a lot more terrified of Inquisitor Lister than I am of the royal family."" The Runaway Quill A reporter for the gossip mag, The Hideout News.",608,0,608,0,,,,,,Brown Trousers Adult Jacket Shirt Boots Journalist Investigation Bag Backpack,,,https://vndb.org/c161678,
vndb-c46117,vndb,12,10,,,,Misaki Kazehaya,Miki,女,,,Galgame,Galgame,Lucid9,,2016,Galgame,,,598,0,598,0,,https://t.vndb.org/ch/49/159149.jpg,https://t.vndb.org/ch/49/159149.jpg,,#9d737c #584a52 #ccb6b5 #eadcd7 #f8f4f0 #ffffff,Black Ponytail Waist Length+ Straight Teen Slim Pale School Uniform Blue Necktie,,,https://vndb.org/c46117,
vndb-c62574,vndb,12,10,,,朱雀院 椿,Suzakuin Tsubaki,,女,A,,Galgame,Galgame,絆きらめく恋いろは,,2017,Galgame,"[{""t"":""絆きらめく恋いろは"",""cn"":"""",""ty"":""Galgame"",""y"":2017,""pop"":555},{""t"":""絆きらめく恋いろは －椿恋歌－"",""cn"":"""",""ty"":""Galgame"",""y"":2019,""pop"":297},{""t"":""紅月ゆれる恋あかり"",""cn"":"""",""ty"":""Galgame"",""y"":2020,""pop"":283},{""t"":""椿とワンルーム -絆きらめく恋いろはSS-"",""cn"":"""",""ty"":""Galgame"",""y"":2020,""pop"":122},{""t"":""朱雀四重奏 -\""最強\""ノ刀姫-"",""cn"":"""",""ty"":""Galgame"",""y"":2025,""pop"":38}]",An older wife (年上女房),555,0,555,0,,https://t.vndb.org/ch/49/77249.jpg,https://t.vndb.org/ch/49/77249.jpg,,#657da6 #322c40 #c3c2cc #eae3e3 #f7f7f4 #ffffff,White Waist Length+ Teen Slim Pale School Uniform Hard Worker Swordsmanship Cooking Missionary,,,https://vndb.org/c62574,
vndb-c20959,vndb,12,10,,,モニカ・ティーメ,Monica Thieme,,女,A,,Galgame,Galgame,絶対服従命令,,2005,Galgame,,"Louise's client. Nicknamed ''The Young Master's Royal Guard'', she is one of five maids who want to find an attractive lover for their beloved master.",399,0,399,0,,https://t.vndb.org/ch/86/57786.jpg,https://t.vndb.org/ch/86/57786.jpg,,#d67f96 #8e3648 #edc3bd #c2bfe1 #f7f0e0 #feffff,Blond Long Slim Pale Amber Young-adult Apron Dress Carefree Employee,,,https://vndb.org/c20959,
al27880,anilist,12,10,1958,,黒沢,Kurosawa,,男,,44,动画|漫画,动画,逆境無頼カイジ 破戒録篇,,2011,动画,"[{""t"":""逆境無頼カイジ 破戒録篇"",""cn"":"""",""ty"":""动画"",""y"":2011,""pop"":54061},{""t"":""最強伝説黒沢"",""cn"":"""",""ty"":""漫画"",""y"":2003,""pop"":12228},{""t"":""新黒沢 最強伝説"",""cn"":"""",""ty"":""漫画"",""y"":2013,""pop"":1501},{""t"":""福本ALLSTARS"",""cn"":"""",""ty"":""漫画"",""y"":2014,""pop"":261}]","A run-of-the-mill guy stuck at his dead-end job. At the very least, he wants people to look up to him. Has pride in his physical strength from his long years doing manual labor.",388,388,0,0,,https://s4.anilist.co/file/anilistcdn/character/large/b27880-abg84nz1c9uN.png,https://s4.anilist.co/file/anilistcdn/character/medium/b27880-abg84nz1c9uN.png,,,,https://anilist.co/character/27880,,,
al2553,anilist,12,10,,,黒崎一心,Isshin Kurosaki,,男,,,动画|漫画,动画,BLEACH,死神,2004,动画,"[{""t"":""BLEACH"",""cn"":""死神"",""ty"":""动画"",""y"":2004,""pop"":521026},{""t"":""BLEACH 千年血戦篇"",""cn"":""死神 千年血战篇"",""ty"":""动画"",""y"":2022,""pop"":207081},{""t"":""BLEACH"",""cn"":""死神"",""ty"":""漫画"",""y"":2001,""pop"":121044},{""t"":""BLEACH 千年血戦篇-相剋譚-"",""cn"":""死神 千年血战篇-相克谭-"",""ty"":""动画"",""y"":2024,""pop"":117708},{""t"":""BLEACH MEMORIES OF NOBODY"",""cn"":"""",""ty"":""动画"",""y"":2006,""pop"":48314},{""t"":""BLEACH 地獄篇"",""cn"":"""",""ty"":""动画"",""y"":2010,""pop"":44827}]","186 cm (6'1"") In the beginning of the series, Isshin is portrayed as a silly, fight-loving father who takes a keen interest in what his children are doing, but does it either offensively or with an all-too-happy tone, which elicits comical…",385,385,0,0,,https://s4.anilist.co/file/anilistcdn/character/large/b2553-tDUlab4F0lFJ.png,https://s4.anilist.co/file/anilistcdn/character/medium/b2553-tDUlab4F0lFJ.png,,,,https://anilist.co/character/2553,,,
al89054,anilist,12,10,,,直樹美紀,Miki Naoki,Mii-kun,女,,16-19,动画|漫画,动画,がっこうぐらし!,,2015,动画,"[{""t"":""がっこうぐらし!"",""cn"":"""",""ty"":""动画"",""y"":2015,""pop"":124525},{""t"":""がっこうぐらし!"",""cn"":"""",""ty"":""漫画"",""y"":2012,""pop"":21391},{""t"":""がっこうぐらし! 〜おたより〜"",""cn"":"""",""ty"":""漫画"",""y"":2020,""pop"":3229},{""t"":""がっこうぐらし！アンソロジーコミック 壊"",""cn"":"""",""ty"":""漫画"",""y"":2015,""pop"":704},{""t"":""がっこうぐらし！アンソロジーコミック 穏"",""cn"":"""",""ty"":""漫画"",""y"":2015,""pop"":591},{""t"":""がっこうぐらし！ アンソロジーコミック 極"",""cn"":"""",""ty"":""漫画"",""y"":2016,""pop"":294}]",Miki Naoki is one of the main characters of the Gakkou Gurashi! series. She is a second year student of Megurigaoka High School.,385,385,0,0,,https://s4.anilist.co/file/anilistcdn/character/large/b89054-q2NQTe28T9YW.jpg,https://s4.anilist.co/file/anilistcdn/character/medium/b89054-q2NQTe28T9YW.jpg,,,,https://anilist.co/character/89054,,,
vndb-c56451,vndb,12,10,,莲,レン,Ren,Len,男,AB,,Galgame,Galgame,EXTRAVAGANZA ～蟲愛でる少女～,,2006,Galgame,"[{""t"":""EXTRAVAGANZA ～蟲愛でる少女～"",""cn"":"""",""ty"":""Galgame"",""y"":2006,""pop"":252},{""t"":""AGEHA ~EXTRAVAGANZA~"",""cn"":"""",""ty"":""Galgame"",""y"":2009,""pop"":59},{""t"":""レンと蟲クンのいちにち"",""cn"":"""",""ty"":""Galgame"",""y"":2006,""pop"":15}]",夢に駆ける黒猫 キャラ特性 歌月十夜のゲストヒロイン トリック＆ガンナータイプ 得意／苦手キャラ 遠野志貴／アルクェイド 全キャラ中ちっこさＮｏ・１。リーチは短く、自身に優れた攻撃手段を持たない為、いまいち強さが曖昧な猫姫さん。 黒いスカートを翻し、くるくると戦うさまはワルツを踊っているようにも見える。 レン本人に攻撃手段はないものの、ランダムに白・茶とら・黒と猫たちを放つ「ミルクとカンとお昼の時間」は猫たちの軌道のデタラメさもあいまって中々に強力な飛び道具。,252,0,252,62,,https://t.vndb.org/ch/06/67306.jpg,https://t.vndb.org/ch/06/67306.jpg,https://lain.bgm.tv/r/400/pic/crt/l/e9/9f/11250_crt_XWjF8.jpg?r=1421330541,#6f6564 #3b373c #aaa7a7 #d3d4d8 #ffffff,Short Teen Slim Pale Fighting Black Muscular Coat Boku Rape,,https://bgm.tv/character/11250,https://vndb.org/c56451,11250
vndb-c79207,vndb,12,10,,,一ノ瀬 沙耶佳,Ichinose Sayaka,,女,B,,Galgame,Galgame,彼女は友達ですか？　恋人ですか？　それともトメフレですか？,,2019,Galgame,"[{""t"":""彼女は友達ですか？　恋人ですか？　それともトメフレですか？"",""cn"":"""",""ty"":""Galgame"",""y"":2019,""pop"":216},{""t"":""彼女は友達ですか？　恋人ですか？　それともトメフレですか？　Ｗ"",""cn"":"""",""ty"":""Galgame"",""y"":2024,""pop"":34}]",,216,0,216,0,,https://t.vndb.org/ch/64/95964.jpg,https://t.vndb.org/ch/64/95964.jpg,,#4f293a #eed1b5 #c1999a #f4e5d9 #faf5f2 #ffffff,Blond Twin Tails Waist Length+ Straight Teen Slim Pale School Uniform Missionary Doggy Style,,,https://vndb.org/c79207,
al57363,anilist,12,10,,,宮間ユウ,Yuu Miyama,,女,O,16,动画|漫画,动画,となりの怪物くん,,2012,动画,"[{""t"":""となりの怪物くん"",""cn"":"""",""ty"":""动画"",""y"":2012,""pop"":261710},{""t"":""となりの怪物くん"",""cn"":"""",""ty"":""漫画"",""y"":2008,""pop"":31258}]",146 cm (4'9) A close friend of Oshima since middle school. She is currently in a long distance relationship with a prior classmate of hers from middle school.,22,22,0,0,,https://s4.anilist.co/file/anilistcdn/character/large/b57363-ArarNYxZ2kRP.jpg,https://s4.anilist.co/file/anilistcdn/character/medium/b57363-ArarNYxZ2kRP.jpg,,,,https://anilist.co/character/57363,,,
vndb-c26322,vndb,12,11,,久野里澪,久野里 澪,Kunosato Mio,ケイ / Kei,女,,,Galgame,Galgame,CHAOS;CHILD,混沌子,2014,Galgame,"[{""t"":""CHAOS;CHILD"",""cn"":""混沌子"",""ty"":""Galgame"",""y"":2014,""pop"":5122},{""t"":""カオスチャイルド らぶchu☆chu!!"",""cn"":"""",""ty"":""Galgame"",""y"":2017,""pop"":133}]",17岁。和拓留同校的高三学生。近期才转入碧朋学园，几乎从未去过学校。 是个总在校服之上披着白褂的高挑女生。,5122,0,5122,79,,https://t.vndb.org/ch/05/48405.jpg,https://t.vndb.org/ch/05/48405.jpg,https://lain.bgm.tv/r/400/pic/crt/l/bc/ad/23335_crt_O0WQ2.jpg?r=1739760076,#37313c #928790 #d1c4c6 #ebe6e3 #f5f5f5 #ffffff,Black Ponytail Waist Length+ Straight Teen Slim Pale Sweater Sword Violet,,https://bgm.tv/character/23335,https://vndb.org/c26322,23335
vndb-c20529,vndb,12,11,,水无月真,水無月 真,Minazuki Makoto,まこちゃん / Mako-chan,女,A,,Galgame,Galgame,"BALDR SKY Dive1 ""Lost Memory""",,2009,Galgame,"[{""t"":""BALDR SKY Dive1 \""Lost Memory\"""",""cn"":"""",""ty"":""Galgame"",""y"":2009,""pop"":3163},{""t"":""BALDR SKY Dive2 \""RECORDARE\"""",""cn"":"""",""ty"":""Galgame"",""y"":2009,""pop"":2714},{""t"":""BALDR SKY DiveX \""DREAM WORLD\"""",""cn"":"""",""ty"":""Galgame"",""y"":2010,""pop"":231}]",比甲小一岁的学园同伴。空的妹妹。 有着名为电脑症的病症，抱有在假想空间读取他人的思考，自己的思考会泄露给周围的症状。 因此被同级生欺负时被甲所救，之后，与姐姐一起搬到了如月寮。 虽然在现实世界连说话都很苦手，但在假想内则会积极地表露自己的想法。 在麻烦制造者很多的如月寮内，不如说是善后角色。 特别会被身为姐姐的空的言行折腾。 在灰色的圣诞节之后，就完全失去了音讯。,3163,0,3163,67,,https://t.vndb.org/ch/62/44962.jpg,https://t.vndb.org/ch/62/44962.jpg,https://lain.bgm.tv/r/400/pic/crt/l/79/2a/11552_crt_12zCw.jpg,#463a52 #887d98 #d1bfc7 #faead7 #e7e7ee #ffffff,Violet Short Straight Slim Pale School Uniform Student Fighting Missionary Virgin Sex,,https://bgm.tv/character/11552,https://vndb.org/c20529,11552
vndb-c41340,vndb,12,11,,,乾 理央,Inui Rio,,男,AB,,Galgame,Galgame,ましろ色シンフォニー,,2009,Galgame,"[{""t"":""ましろ色シンフォニー"",""cn"":"""",""ty"":""Galgame"",""y"":2009,""pop"":1399},{""t"":""ましろ色シンフォニー SANA EDITION"",""cn"":"""",""ty"":""Galgame"",""y"":2023,""pop"":771}]","Sana's younger brother who's a bit talkative and rather bad-mouthed. Sometimes behaves quite selfishly and annoys Sana, but deep down he respects her.",1399,0,1399,0,,https://t.vndb.org/ch/13/49713.jpg,https://t.vndb.org/ch/13/49713.jpg,,#655178 #f2cca6 #9da1bf #dcdbe1 #f7f6f3 #ffffff,Blue Ahoge Short Straight Slim Pale Violet Kid Pajamas Boku,,,https://vndb.org/c41340,
al138849,anilist,12,11,,,村重結月,Yuzuki Murashige,,女,,,动画|漫画,动画,スキップとローファー,跃动青春,2023,动画,"[{""t"":""スキップとローファー"",""cn"":""跃动青春"",""ty"":""动画"",""y"":2023,""pop"":133024},{""t"":""スキップとローファー"",""cn"":""跃动青春"",""ty"":""漫画"",""y"":2018,""pop"":33129},{""t"":""スキップとローファー 2nd season"",""cn"":"""",""ty"":""动画"",""y"":2027,""pop"":20105}]",[Mitsumi](//anilist.co/character/138851/Iwakura-Mitsumi)'s classmate and her first friend in Tokyo. Her popularity among boys made her develop a complex about being shunned by other girls.,902,902,0,0,,https://s4.anilist.co/file/anilistcdn/character/large/b138849-NAyVfRTuUi1B.png,https://s4.anilist.co/file/anilistcdn/character/medium/b138849-NAyVfRTuUi1B.png,,,,https://anilist.co/character/138849,,,
vndb-c101347,vndb,12,11,,,エヴェリーナ・リンゼル,Evelina Lynzel,,女,AB,,Galgame,Galgame,even if TEMPEST 宵闇にかく語りき魔女,,2022,Galgame,"[{""t"":""even if TEMPEST 宵闇にかく語りき魔女"",""cn"":"""",""ty"":""Galgame"",""y"":2022,""pop"":608},{""t"":""even if TEMPEST 連なるときの暁"",""cn"":"""",""ty"":""Galgame"",""y"":2023,""pop"":195}]",“Repent that you continue to live today. Atone for the sin of living until tomorrow.” Puppeteer of Fragile Hearts The second wife of Marquess Lynzel and the king's younger sister.,608,0,608,0,,https://t.vndb.org/ch/71/122771.jpg,https://t.vndb.org/ch/71/122771.jpg,,#8f785d #bcac95 #2b2725 #191b21 #e7e0d6 #46403d,Blond Bun Long Wavy Grey Adult Dress Stoic Selfish Domestic Violence,,,https://vndb.org/c101347,
vndb-c74872,vndb,12,11,,,明星 鳴,Myoujou Meru,,女,O,,Galgame,Galgame,1bitHeart,,2015,Galgame,,"A woman working at an accessory shop. Always sleepy, even falling asleep on the job. She seems to need cat levels of sleep to function. She's slightly improved (?) lately.",316,0,316,0,,https://t.vndb.org/ch/35/90635.jpg,https://t.vndb.org/ch/35/90635.jpg,,#c35c92 #d898ad #50426b #716c8e #9b9fc6 #d2dde9,Black Waist Length+ Friend Maid's Dress Itome Part-time Worker Maid's Headdress Sleepyhead,,,https://vndb.org/c74872,
al132983,anilist,12,11,,,リズ,Riz,,男,,17-,动画|漫画,动画,BEASTARS,动物狂想曲,2019,动画,"[{""t"":""BEASTARS"",""cn"":""动物狂想曲"",""ty"":""动画"",""y"":2019,""pop"":258427},{""t"":""BEASTARS 第2期"",""cn"":""动物狂想曲 第二季"",""ty"":""动画"",""y"":2021,""pop"":140408},{""t"":""BEASTARS"",""cn"":""动物狂想曲"",""ty"":""漫画"",""y"":2016,""pop"":48902}]",Riz is a kindhearted and quiet Bear in the drama club who is loved and respected by his classmates. He prefers to draw little attention to himself by mostly standing in the background.,96,96,0,0,,https://s4.anilist.co/file/anilistcdn/character/large/b132983-hOgSO3VJ9Bmx.png,https://s4.anilist.co/file/anilistcdn/character/medium/b132983-hOgSO3VJ9Bmx.png,,,,https://anilist.co/character/132983,,,
al311260,anilist,12,11,,,徳田マサヒデ,Masahide Tokuda,Toku,男,,,动画|漫画,动画,怪獣８号,,2024,动画,"[{""t"":""怪獣８号"",""cn"":"""",""ty"":""动画"",""y"":2024,""pop"":282435},{""t"":""怪獣８号 第２期"",""cn"":"""",""ty"":""动画"",""y"":2025,""pop"":154598},{""t"":""怪獣８号"",""cn"":"""",""ty"":""漫画"",""y"":2020,""pop"":106282},{""t"":""怪獣8号 第1期総集編"",""cn"":""怪兽8号 第一季总集篇"",""ty"":""动画"",""y"":2025,""pop"":26176}]",188 cm Masahide Tokuda also known as Toku is a man working at Professional Kaiju Cleaning Company Monster Sweeper Inc.,1,1,0,0,,https://s4.anilist.co/file/anilistcdn/character/large/b311260-CqBG5LjlDCo3.png,https://s4.anilist.co/file/anilistcdn/character/medium/b311260-CqBG5LjlDCo3.png,,,,https://anilist.co/character/311260,,,
al142838,anilist,12,11,,,根津,Nezu,,男,,,动画|漫画,动画,AKIRA,,1988,动画,"[{""t"":""AKIRA"",""cn"":"""",""ty"":""动画"",""y"":1988,""pop"":231436},{""t"":""AKIRA"",""cn"":"""",""ty"":""漫画"",""y"":1982,""pop"":47199}]",Nezu was a parliament member who is also the leader of the terrorist resistance movement against the government.,0,0,0,0,,https://s4.anilist.co/file/anilistcdn/character/large/b142838-tD8WtmTBEZpv.png,https://s4.anilist.co/file/anilistcdn/character/medium/b142838-tD8WtmTBEZpv.png,,,,https://anilist.co/character/142838,,,
vndb-c3886,vndb,12,12,,风间翔一,風間 翔一,Kazama Shouichi,Bandana / Cap / Capt. / キャップ,男,AB,,Galgame,Galgame,真剣で私に恋しなさい！,认真和我恋爱！！,2009,Galgame,"[{""t"":""真剣で私に恋しなさい！"",""cn"":""认真和我恋爱！！"",""ty"":""Galgame"",""y"":2009,""pop"":9401},{""t"":""真剣で私に恋しなさい！S"",""cn"":""认真和我恋爱！S"",""ty"":""Galgame"",""y"":2012,""pop"":5025},{""t"":""真剣で私に恋しなさい！A-1"",""cn"":"""",""ty"":""Galgame"",""y"":2013,""pop"":2470},{""t"":""真剣で私に恋しなさい！A-2"",""cn"":"""",""ty"":""Galgame"",""y"":2013,""pop"":2188},{""t"":""真剣で私に恋しなさい！A-3"",""cn"":"""",""ty"":""Galgame"",""y"":2014,""pop"":1374},{""t"":""真剣で私に恋しなさい！A-4"",""cn"":"""",""ty"":""Galgame"",""y"":2014,""pop"":1023}]",主人公的团体、風間一家的老大。在宿舍里住在主人公隔壁的房间。 从小时候开始就万事全能，总是大家的英雄。喜欢特摄片，被别人称为队长也是受此影响。 “永远是小孩”的类型。随心所欲随感性发展的男人，脑袋单细胞。 其个性与脸颇受女性欢迎，但因为本人是个小孩，对异性一律没兴趣。 为了成为冒险家而一天到晚打工积累资金，但又喜欢用这些资金作为筹码，从而享受其中的刺激感。像风一样自由的男人。,9401,0,9401,9,,https://t.vndb.org/ch/55/34155.jpg,https://t.vndb.org/ch/55/34155.jpg,https://lain.bgm.tv/r/400/pic/crt/l/f1/55/11736_crt_JIh4A.jpg,#ac8b8d #4d3d45 #d2cbd1 #e7e7ec #f8f8fa,Brown Shoulder-length Straight Brown Teen Slim Pale School Uniform Trousers Proactive,,https://bgm.tv/character/11736,https://vndb.org/c3886,11736
vndb-c59,vndb,12,12,,铁乙女,鉄 乙女,Kurogane Otome,Kan Otome,女,A,,Galgame,Galgame,真剣で私に恋しなさい！,认真和我恋爱！！,2009,Galgame,"[{""t"":""真剣で私に恋しなさい！"",""cn"":""认真和我恋爱！！"",""ty"":""Galgame"",""y"":2009,""pop"":9401},{""t"":""つよきす"",""cn"":""娇蛮之吻"",""ty"":""Galgame"",""y"":2005,""pop"":284},{""t"":""つよきす３学期"",""cn"":"""",""ty"":""Galgame"",""y"":2011,""pop"":108},{""t"":""つよきす2学期"",""cn"":"""",""ty"":""Galgame"",""y"":2008,""pop"":99},{""t"":""みにきす　～つよきすファンディスク～"",""cn"":"""",""ty"":""Galgame"",""y"":2006,""pop"":37}]",主人公の親戚。鉄家の長女。 世話焼きのため、だらしない主人公を気にかけ更生させようとなにかと構ってくる。 侍のようなまっすぐな性格は嘘をつくことが苦手で、人の言うことを素直に信じてしまう。 だが、嘘がバレてしまった後には厳しい制裁が飛んでくる。 料理は出来ないがおにぎりは得意。,9401,0,9401,21,,https://t.vndb.org/ch/43/160443.jpg,https://t.vndb.org/ch/43/160443.jpg,https://lain.bgm.tv/r/400/pic/crt/l/05/38/5120_crt_hb1mh.jpg,#6c79b0 #aa8380 #2d3d50 #696d64 #c1b9bf #e9ecf0,Blue Bob Cut Short Straight Teen Slim Pale Cooking Fighting Missionary,,https://bgm.tv/character/5120,https://vndb.org/c59,5120
al82525,anilist,12,12,,白,白,Shiro,『　　』 / Blank,女,,11,动画|漫画|轻小说,动画,ノーゲーム・ノーライフ,游戏人生,2014,动画,"[{""t"":""ノーゲーム・ノーライフ"",""cn"":""游戏人生"",""ty"":""动画"",""y"":2014,""pop"":540995},{""t"":""ノーゲーム・ノーライフ ゼロ"",""cn"":""游戏人生 零"",""ty"":""动画"",""y"":2017,""pop"":230195},{""t"":""ノーゲーム・ノーライフ ミニOVAs"",""cn"":"""",""ty"":""动画"",""y"":2014,""pop"":48279},{""t"":""ノーゲーム・ノーライフ"",""cn"":""游戏人生"",""ty"":""轻小说"",""y"":2012,""pop"":17305},{""t"":""ノーゲーム・ノーライフ"",""cn"":""游戏人生"",""ty"":""漫画"",""y"":2013,""pop"":8576},{""t"":""ノーゲーム・ノーライフ・です!"",""cn"":"""",""ty"":""漫画"",""y"":2015,""pop"":2212}]",不登校、コミュ障、ヒキコモリ、ゲーム廃人。『』(くうはく)の一人で空の妹。真っ白な髪と赤い瞳が特徴的な美少女。生後1年で言葉を発し、3歳の頃には複数言語と高等数学を修学した天才で、計算による先読みは予知にさえ到達する。,6386,6386,0,611,,https://s4.anilist.co/file/anilistcdn/character/large/b82525-sKk2FGRKN4aK.png,https://s4.anilist.co/file/anilistcdn/character/medium/b82525-sKk2FGRKN4aK.png,https://lain.bgm.tv/r/400/pic/crt/l/2e/28/23425_crt_J8wDz.jpg,,,https://anilist.co/character/82525,https://bgm.tv/character/23425,,23425
al124136,anilist,12,12,,陈毛利,진모리,Mo-Ri Jin,,男,O,17,动画|漫画,动画,THE GOD OF HIGH SCHOOL ゴッド・オブ・ハイスクール,高校之神,2020,动画,"[{""t"":""THE GOD OF HIGH SCHOOL ゴッド・オブ・ハイスクール"",""cn"":""高校之神"",""ty"":""动画"",""y"":2020,""pop"":299072},{""t"":""갓 오브 하이스쿨"",""cn"":""高校之神"",""ty"":""漫画"",""y"":2011,""pop"":54842}]","G.O.H. Participant and Student [Jin Tae-Jin](//anilist.co/character/181867/TaeJin-Jin) (adoptive grandfather) Renewal Taekwondo, Jin Mori Original Jin Mori is introduced as a carefree and energetic student with an obsession for fighting.",3504,3504,0,4,,https://s4.anilist.co/file/anilistcdn/character/large/b124136-mdvrdRyKVn4R.png,https://s4.anilist.co/file/anilistcdn/character/medium/b124136-mdvrdRyKVn4R.png,https://lain.bgm.tv/r/400/pic/crt/l/5c/21/76973_crt_r10fu.jpg,,,https://anilist.co/character/124136,https://bgm.tv/character/76973,,76973
vndb-c1434,vndb,12,12,,夏目雫,夏目 雫,Natsume Shizuku,草薙 葛 / Kusanagi Kuzu,女,,,Galgame,Galgame,サクラノ詩－櫻の森の上を舞う－,,2015,Galgame,"[{""t"":""サクラノ詩－櫻の森の上を舞う－"",""cn"":"""",""ty"":""Galgame"",""y"":2015,""pop"":2546},{""t"":""サクラノ刻－櫻の森の下を歩む－"",""cn"":"""",""ty"":""Galgame"",""y"":2023,""pop"":1087}]",夏目家の次女。 性格は無口・無愛想で、人を寄せ付けない雰囲気を持つが、稟には子供のように懐いている。 直哉にも一定以上懐いている。 草薙葛佳の名前で女優として活躍している。 原画：狗神煌,2546,0,2546,281,,https://t.vndb.org/ch/32/65632.jpg,https://t.vndb.org/ch/32/65632.jpg,https://lain.bgm.tv/r/400/pic/crt/l/34/2d/31319_crt_93oZ0.jpg?r=1663908987,#4f4646 #af9a99 #d9c7c1 #f3e9df #f8f5f0 #ffffff,Blond Waist Length+ Shoulder-length Teen Slim Pale Dress Shoes Missionary Doggy Style Cowgirl,,https://bgm.tv/character/31319,https://vndb.org/c1434,31319
vndb-c33068,vndb,12,12,,,藤真 咲莉,Fujima Emiri,Emilia Ultimecia / エミリア＝アルティメシア,女,B,,Galgame,Galgame,僕と恋するポンコツアクマ。,,2015,Galgame,"[{""t"":""僕と恋するポンコツアクマ。"",""cn"":"""",""ty"":""Galgame"",""y"":2015,""pop"":1892},{""t"":""僕と恋するポンコツアクマ。 すっごいえっち！"",""cn"":"""",""ty"":""Galgame"",""y"":2016,""pop"":719}]","Skinship with brother, teasing her brother like a sadist. Ren's stepsister with an upbeat personality, and a fallen angel who clings onto her brother. Currently in her first year of school.",1892,0,1892,0,,https://t.vndb.org/ch/97/39597.jpg,https://t.vndb.org/ch/97/39597.jpg,,#d6a094 #f1d8b2 #5d4368 #efe1d9 #f8f4f2 #ffffff,Blond Ponytail Twin Tails Waist Length+ Straight Teen Slim Pale School Uniform Missionary,,,https://vndb.org/c33068,
vndb-c10265,vndb,12,12,,,岩峰 舟,Iwamine Shuu,,男,,,Galgame,Galgame,はーとふる彼氏〜希望の学園と白い翼〜,,2011,Galgame,"[{""t"":""はーとふる彼氏〜希望の学園と白い翼〜"",""cn"":"""",""ty"":""Galgame"",""y"":2011,""pop"":1869},{""t"":""はーとふる彼氏 HolidayStar"",""cn"":"""",""ty"":""Galgame"",""y"":2011,""pop"":486}]",The Chukar Patridge school doctor of St. Pigeonation. Generally considered creepy by most of the student body due to his ability to seemingly appear out of nowhere and tendency to calmly and coolly deliver subtle threats (usually of the gor…,1869,0,1869,0,,https://t.vndb.org/ch/52/11352.jpg,https://t.vndb.org/ch/52/11352.jpg,,#8b7662 #b6a38c #443831 #dbc8b4 #fac9f1 #fbf5f5,Brown Villain Assault Axe Yandere Stoic Insanity Medical Doctor Murder Cold-hearted,,,https://vndb.org/c10265,
vndb-c41551,vndb,12,12,,,日下部 武一,Kusakabe Takeichi,,男,,,Galgame,Galgame,見上げてごらん、夜空の星を,,2015,Galgame,"[{""t"":""見上げてごらん、夜空の星を"",""cn"":"""",""ty"":""Galgame"",""y"":2015,""pop"":1628},{""t"":""見上げてごらん、夜空の星を FINE DAYS"",""cn"":"""",""ty"":""Galgame"",""y"":2016,""pop"":541},{""t"":""見上げてごらん、夜空の星を Interstellar Focus"",""cn"":"""",""ty"":""Galgame"",""y"":2018,""pop"":221}]","Akito's childhood friend and also his best friend. In the past, he used to be a bully, but when he met with Akito and the others, he apologized for his deeds and became friends with them. Also a member of the basketball club.",1628,0,1628,0,,https://t.vndb.org/ch/09/53909.jpg,https://t.vndb.org/ch/09/53909.jpg,,#b1826d #604038 #d8bdab #f0e2d3 #f3f0ef #ffffff,Curtained Short Teen Slim Pale School Uniform Sweater Proactive Amber Necktie,,,https://vndb.org/c41551,
vndb-c51567,vndb,12,12,,,,Rumpel,,男,,,Galgame,Galgame,Cinderella Phenomenon,,2017,Galgame,"[{""t"":""Cinderella Phenomenon"",""cn"":"""",""ty"":""Galgame"",""y"":2017,""pop"":902},{""t"":""Cinderella Phenomenon: Evermore"",""cn"":"""",""ty"":""Galgame"",""y"":2020,""pop"":110}]","""To be romantic and loving...that is the epitome of goodness. Show someone affection and they will return it twofold."" A flirtatious man that is chivalrous to every single woman he meets.",902,0,902,0,,https://t.vndb.org/ch/45/61745.jpg,https://t.vndb.org/ch/45/61745.jpg,,#a77965 #564143 #ccad9a #e8d4c5 #ffffff,Blond Brown Shoulder-length Mullet Straight Slim Pale Trousers Hard Worker Amnesia,,,https://vndb.org/c51567,
vndb-c18260,vndb,12,12,,,時計坂 カノン,Tokeizaka Kanon,,女,,,Galgame,Galgame,魔女こいにっき,,2014,Galgame,,Rei’s twin sister and fellow principal. A shy girl with an odd inclination towards probability.,902,0,902,0,,https://t.vndb.org/ch/04/22904.jpg,https://t.vndb.org/ch/04/22904.jpg,,#7e4e62 #b88d93 #d9c4c1 #f4e8d6 #f4f2f0 #ffffff,Blond Twin Tails Waist Length+ Wavy Curtained Teen Slim Pale School Uniform Virgin Sex,,,https://vndb.org/c18260,
vndb-c18259,vndb,12,12,,,時計坂 零,Tokeizaka Rei,,女,,,Galgame,Galgame,魔女こいにっき,,2014,Galgame,,"The diligent principal of Hekihou Academy, as well as a second-year student, and eldest daughter of the Tokeizaka family.",902,0,902,0,,https://t.vndb.org/ch/03/22903.jpg,https://t.vndb.org/ch/03/22903.jpg,,#d0868b #674558 #dfbeb8 #f4ebd2 #f3f0eb #fefefe,Blond Ponytail Twin Tails Waist Length+ Curtained Straight Teen Slim Pale School Uniform,,,https://vndb.org/c18259,
vndb-c5462,vndb,12,12,,,風波 まどか,Kazanami Madoka,,女,B,,Galgame,Galgame,創刻のアテリアル,,2012,Galgame,,"Senior photographer who is the head of the ""News Flash with a Splash"" newspaper club at school.",889,0,889,0,,https://t.vndb.org/ch/17/102717.jpg,https://t.vndb.org/ch/17/102717.jpg,,#966960 #e9a48e #423134 #d7c8c3 #f7eee5 #ffffff,Twin Tails Shoulder-length Green Teen Slim Pale School Uniform Proactive Doggy Style Cowgirl,,,https://vndb.org/c5462,
vndb-c64022,vndb,12,12,,,楊,Yang,ヤン,男,B,,Galgame,Galgame,ピオフィオーレの晩鐘,,2018,Galgame,"[{""t"":""ピオフィオーレの晩鐘"",""cn"":"""",""ty"":""Galgame"",""y"":2018,""pop"":865},{""t"":""ピオフィオーレの晩鐘 -Episodio1926-"",""cn"":"""",""ty"":""Galgame"",""y"":2020,""pop"":287}]","""You've already become a prey that's being hunted, nothing more than bait that can be consumed at any time"" The leader of ""Lao-Shu"" an organization of Chinese people.",865,0,865,0,,https://t.vndb.org/ch/22/85322.jpg,https://t.vndb.org/ch/22/85322.jpg,,#965763 #444355 #c7aaa8 #f3e3d0 #ffffff,Ahoge Long Amber Young-adult Tattoo Mayadere Ore Carefree Murder Braid,,,https://vndb.org/c64022,
al177453,anilist,12,12,,,橘美花莉,Mikari Tachibana,Mikarin,女,,,动画|漫画,动画,2.5次元の誘惑,,2024,动画,"[{""t"":""2.5次元の誘惑"",""cn"":"""",""ty"":""动画"",""y"":2024,""pop"":68025},{""t"":""2.5次元の誘惑"",""cn"":"""",""ty"":""漫画"",""y"":2019,""pop"":18305},{""t"":""2.5次元の誘惑 第2期"",""cn"":"""",""ty"":""动画"",""y"":"""",""pop"":9623},{""t"":""2.5次元の誘惑 番外編5"",""cn"":"""",""ty"":""漫画"",""y"":2021,""pop"":144}]",Mikari is a first-year student who is [Okumura](//anilist.co/character/169256/Masamune-Okumura)'s childhood friend and [Ririsa](//anilist.co/character/169257/Ririsa-Amano)'s classmate.,694,694,0,0,,https://s4.anilist.co/file/anilistcdn/character/large/b177453-G3SP0Q1Ajfzl.png,https://s4.anilist.co/file/anilistcdn/character/medium/b177453-G3SP0Q1Ajfzl.png,,,,https://anilist.co/character/177453,,,
vndb-c1355,vndb,12,12,,,朝霧 達哉,Asagiri Tatsuya,Tatsu,男,A,,Galgame,Galgame,夜明け前より瑠璃色な,,2005,Galgame,"[{""t"":""夜明け前より瑠璃色な"",""cn"":"""",""ty"":""Galgame"",""y"":2005,""pop"":642},{""t"":""夜明け前より瑠璃色な -Moonlight Cradle-"",""cn"":"""",""ty"":""Galgame"",""y"":2009,""pop"":167}]","Main character of the story. Student in the Catherina Academy, after the disappearance of his father and soon after the death of his mother his house consists of his cousin Sayaka and little sister Mai.",642,0,642,0,,https://t.vndb.org/ch/95/15395.jpg,https://t.vndb.org/ch/95/15395.jpg,,#3d3246 #d8c1b2 #927c7e #f5eae1 #d0e5f5 #fcfcfb,Brown Short Brown Teen Slim Pale Trousers Hard Worker Kid Young-adult,,,https://vndb.org/c1355,
al306048,anilist,12,12,,,瀬名紫陽花,Ajisai Sena,,女,O,15-,动画|漫画|轻小说,动画,わたしが恋人になれるわけないじゃん、ムリムリ! (※ムリじゃなかった!?),,2025,动画,"[{""t"":""わたしが恋人になれるわけないじゃん、ムリムリ! (※ムリじゃなかった!?)"",""cn"":"""",""ty"":""动画"",""y"":2025,""pop"":55412},{""t"":""わたしが恋人になれるわけないじゃん、ムリムリ! (※ムリじゃなかった!?)〜ネクストシャイン！〜"",""cn"":"""",""ty"":""动画"",""y"":2026,""pop"":22945},{""t"":""わたしが恋人になれるわけないじゃん、ムリムリ！（※ムリじゃなかった!?）"",""cn"":"""",""ty"":""漫画"",""y"":2020,""pop"":11849},{""t"":""わたしが恋人になれるわけないじゃん、ムリムリ! (※ムリじゃなかった!?)"",""cn"":"""",""ty"":""轻小说"",""y"":2020,""pop"":3346},{""t"":""わたしたちがわたなれ同人誌作れるわけないじゃん、ムリムリ!!(※ムリじゃなかった!?)"",""cn"":"""",""ty"":""漫画"",""y"":2025,""pop"":316},{""t"":""わたしが恋人になれるわけないじゃん、ムリムリ!(※ムリじゃなかった!?) 短編集"",""cn"":"""",""ty"":""轻小说"",""y"":2025,""pop"":196}]","**** 158 cm (5'2"") She is sometimes referred to as an ""angel"" because of her easygoing personality. Sena's parents frequently leave her home to care for her two younger brothers, Kou-kun and Kii-kun.",627,627,0,0,,https://s4.anilist.co/file/anilistcdn/character/large/b306048-z2ODBoBZrZfH.png,https://s4.anilist.co/file/anilistcdn/character/medium/b306048-z2ODBoBZrZfH.png,,,,https://anilist.co/character/306048,,,
vndb-c91894,vndb,12,12,,,遠野 つかさ,Toono Tsukasa,,女,A,,Galgame,Galgame,Honey*Honey*Honey!,,2020,Galgame,,"""People who wish to date while at the academy have to apply for permission."" As president of the love audit club, Tsukasa has made it her personal mission to ensure all on-campus relationships are approved—or rejected!—in accordance with cu…",401,0,401,0,,https://t.vndb.org/ch/84/111084.jpg,https://t.vndb.org/ch/84/111084.jpg,,#513f4c #8d849c #c9c0c8 #e8e5e4 #f5f3f4 #ffffff,Black Waist Length+ Straight Teen Slim Pale Doggy Style Cowgirl Standing Sex Blowjob,,,https://vndb.org/c91894,
vndb-c98658,vndb,12,12,,,豊洲,Toyosu,,男,O,,Galgame,Galgame,大穢,,2025,Galgame,,"Your Sabbath. Priest at Nisshuji, a small temple in Ibaraki. Affiliated with the True Pure Land sect of Buddhism. He is soft-spoken and his gestures are delicate. There is always a gentle air about him.",389,0,389,0,,https://t.vndb.org/ch/32/156132.jpg,https://t.vndb.org/ch/32/156132.jpg,,#3c3229 #7f7170 #c0b7b4 #ebe2e0 #ffffff,Black Short Pale Red Adult Shirt Axe Knife Walking Stick Handgun,,,https://vndb.org/c98658,
vndb-c10314,vndb,12,12,,,星野 航,Hoshino Wataru,,男,AB,,Galgame,Galgame,この青空に約束を―,,2006,Galgame,,Wataru is a childhood friend of Umi Hayama. He cares about everybody who lives in Tsugumi Dormitory. He tries to help everybody who is depressed. He used to live with his grandparents.,356,0,356,0,,https://t.vndb.org/ch/93/78193.jpg,https://t.vndb.org/ch/93/78193.jpg,,#7a5237 #5d3918 #9188a5 #81748f #d6b5a7 #b68973,Brown Short Slim Pale School Uniform Young-adult Drinking Student Council Member Altruistic Classmate,,,https://vndb.org/c10314,
al2451,anilist,12,12,1977,,一ノ瀬巧,Takumi Ichinose,,男,,23,动画|漫画,动画,NANA-ナナ-,NANA ～世上的另一个我～,2006,动画,"[{""t"":""NANA-ナナ-"",""cn"":""NANA ～世上的另一个我～"",""ty"":""动画"",""y"":2006,""pop"":207770},{""t"":""NANA"",""cn"":"""",""ty"":""漫画"",""y"":2000,""pop"":58434}]","**Height**: 183 cm The leader and bassist of Trapnest. He is handsome and has a reputation of being a playboy. Despite his raw sexual charisma, Takumi can also be a cold and controlling workaholic.",354,354,0,0,,https://s4.anilist.co/file/anilistcdn/character/large/b2451-W6dBNWlhwQ3Y.jpg,https://s4.anilist.co/file/anilistcdn/character/medium/b2451-W6dBNWlhwQ3Y.jpg,,,,https://anilist.co/character/2451,,,
al130790,anilist,12,12,,,カリム・フラム,Karim Flam,,男,,22,动画|漫画,动画,炎炎ノ消防隊,炎炎消防队,2019,动画,"[{""t"":""炎炎ノ消防隊"",""cn"":""炎炎消防队"",""ty"":""动画"",""y"":2019,""pop"":483496},{""t"":""炎炎ノ消防隊 弐ノ章"",""cn"":""炎炎消防队 二之章"",""ty"":""动画"",""y"":2020,""pop"":300881},{""t"":""炎炎ノ消防隊 参ノ章"",""cn"":""炎炎消防队 叁之章"",""ty"":""动画"",""y"":2025,""pop"":130164},{""t"":""炎炎ノ消防隊 参ノ章 第2クール"",""cn"":""炎炎消防队 叁之章 第2部分"",""ty"":""动画"",""y"":2026,""pop"":88814},{""t"":""炎炎ノ消防隊"",""cn"":""炎炎消防队"",""ty"":""漫画"",""y"":2015,""pop"":66020}]","Karim is a second generation pyrotechnic, a Lieutenant of Special Fire Force Company 1, and priest of the Holy Sol Temple. He is a serious and cautious young man.",333,333,0,0,,https://s4.anilist.co/file/anilistcdn/character/large/n130790-98TypEQSKtHj.png,https://s4.anilist.co/file/anilistcdn/character/medium/n130790-98TypEQSKtHj.png,,,,https://anilist.co/character/130790,,,
vndb-c74826,vndb,12,12,,,凪梳 陽,Nasuki Haruya,,男,A,,Galgame,Galgame,1bitHeart,,2015,Galgame,,A boy who helps out at his parents' flower shop. A hard worker who's polite to everyone. His cheer and his smile never tire. He's lately been troubled by his inherited poor sense of direction.,316,0,316,0,,https://t.vndb.org/ch/77/90577.jpg,https://t.vndb.org/ch/77/90577.jpg,,#997c5f #421a3a #864554 #5b2e43 #d7b5ab #67404d,Brown Green Son Friend Hair Flower Part-time Worker Flat Cap Florist,,,https://vndb.org/c74826,
vndb-c139407,vndb,12,12,,,春夏冬 ハル,Akinashi Haru,,男,,,Galgame,Galgame,さいはて駅,,2024,Galgame,"[{""t"":""さいはて駅"",""cn"":"""",""ty"":""Galgame"",""y"":2024,""pop"":315},{""t"":""さいはて駅 [黄昏電鐵]"",""cn"":"""",""ty"":""Galgame"",""y"":2025,""pop"":33},{""t"":""春夏冬ハルバースデー会するぞ！"",""cn"":"""",""ty"":""Galgame"",""y"":2025,""pop"":1}]","He is a modest and unconfident office worker who struggles with socializing. He is not very smart, often being scolded by his boss.",315,0,315,0,,https://t.vndb.org/ch/56/206556.jpg,https://t.vndb.org/ch/56/206556.jpg,,#372e2d #93807c #d0bcb7 #e0dad1 #ffffff,Black Ahoge Short Teen Slim Pale Trousers Dress Shoes Cooking Amnesia,,,https://vndb.org/c139407,
vndb-c13784,vndb,12,12,,,黒羽 紗雪,Kurobane Sayuki,Bakaneko / Guardian Goddess of Tsukuyomi Island / Yuki / 白黒を司る,女,,,Galgame,Galgame,fortissimo EXS//Akkord:nächsten Phase,,2012,Galgame,"[{""t"":""fortissimo EXS//Akkord:nächsten Phase"",""cn"":"""",""ty"":""Galgame"",""y"":2012,""pop"":303},{""t"":""fortissimo//Akkord:Bsusvier"",""cn"":"""",""ty"":""Galgame"",""y"":2010,""pop"":146},{""t"":""Kadenz fermata//Akkord:fortissimo"",""cn"":"""",""ty"":""Galgame"",""y"":2014,""pop"":74}]","fortissimo//nächsten Phase Description Reiji's younger adopted sister, who comes off as a kuudere. She likes cats, and usually plays with them on her free time. She is very athletic as she is good at every sport in school.",303,0,303,0,,https://t.vndb.org/ch/11/38811.jpg,https://t.vndb.org/ch/11/38811.jpg,,#6e5161 #c9b5c4 #fbf4e4 #e3d8e1 #f7f4f8 #ffffff,White Antenna Shoulder-length Straight Teen Slim Pale School Uniform Hard Worker Cooking,,,https://vndb.org/c13784,
vndb-c34180,vndb,12,12,,,小林 誠司,Kobayashi Seiji,,男,A,,Galgame,Galgame,英国探偵ミステリア,,2013,Galgame,,"Reading (Detective Fiction) Monaka A government-sponsored exchange student and assistant to Akechi. Kobayashi's a doer before he is a thinker, though this does not mean he is lacking academically.",245,0,245,0,,https://t.vndb.org/ch/07/198507.jpg,https://t.vndb.org/ch/07/198507.jpg,,#322b36 #6b6d75 #e0d2ce #aaa8a5 #f4ece8 #ffffff,Brown Long Wavy Short Cross-dressing Brown Teen Slim Pale School Uniform,,,https://vndb.org/c34180,
vndb-c16943,vndb,12,12,,,羽川原 いろは,Ugawara Iroha,,女,AB,,Galgame,Galgame,ひこうき雲の向こう側,,2014,Galgame,,,220,0,220,0,,https://t.vndb.org/ch/64/60964.jpg,https://t.vndb.org/ch/64/60964.jpg,,#ab6294 #b9a8e2 #f7cfc7 #f5e8e6 #fcf8f4,Violet Long Wavy Teen Slim Pale School Uniform Missionary Doggy Style Sixty-nine,,,https://vndb.org/c16943,
al79593,anilist,12,12,1994,,三浦優美子,Yumiko Miura,,女,B,16-17,动画|漫画|轻小说,动画,やはり俺の青春ラブコメはまちがっている。,我的青春恋爱物语果然有问题,2013,动画,"[{""t"":""やはり俺の青春ラブコメはまちがっている。"",""cn"":""我的青春恋爱物语果然有问题"",""ty"":""动画"",""y"":2013,""pop"":381716},{""t"":""やはり俺の青春ラブコメはまちがっている。続"",""cn"":""我的青春恋爱物语果然有问题 续"",""ty"":""动画"",""y"":2015,""pop"":276649},{""t"":""やはり俺の青春ラブコメはまちがっている。完"",""cn"":""我的青春恋爱物语果然有问题 完"",""ty"":""动画"",""y"":2020,""pop"":224555},{""t"":""やはり俺の青春ラブコメはまちがっている。「こちらとしても彼ら彼女らの行く末に幸多からんことを願わざるを得ない。」"",""cn"":"""",""ty"":""动画"",""y"":2013,""pop"":77190},{""t"":""やはり俺の青春ラブコメはまちがっている。"",""cn"":""我的青春恋爱物语果然有问题"",""ty"":""轻小说"",""y"":2011,""pop"":20719},{""t"":""やはり俺の青春ラブコメはまちがっている－妄言録－"",""cn"":"""",""ty"":""漫画"",""y"":2012,""pop"":5078}]","She is [Hikki](//anilist.co/character/67065) and [Yui](//anilist.co/character/67069)'s classmate who is very popular in Class 2-F, as well as the main female figure in [Hayato Hayama](//anilist.co/character/79591/Hayato-Hayama)'s clique.",128,128,0,0,,https://s4.anilist.co/file/anilistcdn/character/large/b79593-NtT4mjIRdiri.png,https://s4.anilist.co/file/anilistcdn/character/medium/b79593-NtT4mjIRdiri.png,,,,https://anilist.co/character/79593,,,
vndb-c9946,vndb,12,13,,,大村 ヨシツグ,Oomura Yoshitsugu,ヨッシー / Yosshi,男,AB,,Galgame,Galgame,真剣で私に恋しなさい！S,认真和我恋爱！S,2012,Galgame,"[{""t"":""真剣で私に恋しなさい！S"",""cn"":""认真和我恋爱！S"",""ty"":""Galgame"",""y"":2012,""pop"":5025},{""t"":""真剣で私に恋しなさい！A-2"",""cn"":"""",""ty"":""Galgame"",""y"":2013,""pop"":2188},{""t"":""真剣で私に恋しなさい！A-4"",""cn"":"""",""ty"":""Galgame"",""y"":2014,""pop"":1023},{""t"":""釈迦堂さんの純愛ロード"",""cn"":"""",""ty"":""Galgame"",""y"":2013,""pop"":199}]",病弱な十勇士のサイバー担当。西では有名なオタクである。 十勇士一の情報通で、常にパソコンをいじっている。 病弱と自称しておりマスクを愛用しているが、病名など定かではない。 「俺の意見は、ゲホッ ゴホッ」,5025,0,5025,1,,https://t.vndb.org/ch/76/10876.jpg,https://t.vndb.org/ch/76/10876.jpg,https://lain.bgm.tv/r/400/pic/crt/l/6e/40/30106_crt_21Xv1.jpg,#303134 #a1a0a5 #c5c2c9 #e1e1e6 #f4f4f4 #ffffff,Black Ponytail Long Straight Slim Pale School Uniform Trousers Dress Shoes Amber,,https://bgm.tv/character/30106,https://vndb.org/c9946,30106
vndb-c28994,vndb,12,13,,埃莱奥诺雷·冯·维滕堡,エレオノーレ・フォン・ヴィッテンブルグ,Eleonore von Wittenburg,Einherjar Rubedo / Samiel Zentaur / 魔操砲兵,女,A,,Galgame,Galgame,Dies irae ~Acta est Fabula~,,2009,Galgame,"[{""t"":""Dies irae ~Acta est Fabula~"",""cn"":"""",""ty"":""Galgame"",""y"":2009,""pop"":3862},{""t"":""Dies irae ~Interview with Kaziklu Bey~"",""cn"":"""",""ty"":""Galgame"",""y"":2016,""pop"":895},{""t"":""神咒神威神楽"",""cn"":"""",""ty"":""Galgame"",""y"":2011,""pop"":399}]",武装亲卫队第二师团的大队长。军人贵族出身的精英，为骑士团首领相关的魔道而着迷。 随着他的暗杀事件一起隐藏在暗处，为建立骑士团而尽力。 严格而苛烈的性格源于其正统派军人的身份，思想与行动都与玩乐无缘。 因此只要她有所行动，最后的结果都不会半吊子。 现状是在柏林沦陷时失踪。 称号：魔操砲兵 黒円卓：九位 ルーン：勝利 大アルカナ：節制 占星術：人馬宮 形態：武装具現型,3862,0,3862,10,,https://t.vndb.org/ch/48/75248.jpg,https://t.vndb.org/ch/48/75248.jpg,https://lain.bgm.tv/r/400/pic/crt/l/63/91/43388_crt_ToL6X.jpg,#7b5b69 #352f3d #b4a4ac #e1dbdd #fafafa,Ponytail Waist Length+ Curtained Straight Slim Pale Villain Fighting Violet Young-adult,,https://bgm.tv/character/43388,https://vndb.org/c28994,43388
al463,anilist,12,13,1989,梅洛,ミハエル・ケール,Mihael Keehl,Mello,男,A,13-15 (Pre-timeskip); 19-20 (Post-timeskip),动画|漫画|轻小说,动画,DEATH NOTE,死亡笔记,2006,动画,"[{""t"":""DEATH NOTE"",""cn"":""死亡笔记"",""ty"":""动画"",""y"":2006,""pop"":961191},{""t"":""DEATH NOTE"",""cn"":""死亡笔记"",""ty"":""漫画"",""y"":2003,""pop"":99722},{""t"":""DEATH NOTE リライト"",""cn"":"""",""ty"":""动画"",""y"":2007,""pop"":44227},{""t"":""DEATH NOTE アナザーノート ロサンゼルスBB連続殺人事件"",""cn"":""ANOTHER NOTE 洛杉矶BB连续杀人事件"",""ty"":""轻小说"",""y"":2006,""pop"":8091}]",1989年（アニメ版では1992年）12月13日生（20歳→21歳） 身長171cm 体重52kg 血液型 A型 好きなもの「チョコ」嫌いなもの「自分より優れたもの」 本名はミハエル・ケール（Mihael Keehl）。 第二部のメインキャラの一人。ワタリが建てた、Lの後継者を育てるイギリスのウィンチェスターにある孤児院ワイミーズハウスで育った少年。ニアと同じくLの後継者候補の一人で、No.2の位置にいた。ニアには劣るが優秀な頭脳と卓越した行動力を持つ。 活動的で大胆な性格。,2862,2862,0,29,,https://s4.anilist.co/file/anilistcdn/character/large/b463-QBLeLf6XxVg6.png,https://s4.anilist.co/file/anilistcdn/character/medium/b463-QBLeLf6XxVg6.png,https://lain.bgm.tv/r/400/pic/crt/l/09/d2/2219_crt_Ntq8M.jpg,,,https://anilist.co/character/463,https://bgm.tv/character/2219,,2219
vndb-c97648,vndb,12,13,,,メリム・ツェール,Merim Tser,,女,,,Galgame,Galgame,ランス・クエスト,兰斯8,2011,Galgame,"[{""t"":""ランス・クエスト"",""cn"":""兰斯8"",""ty"":""Galgame"",""y"":2011,""pop"":1656},{""t"":""ランス IV　－教団の遺産－"",""cn"":"""",""ty"":""Galgame"",""y"":1993,""pop"":1370},{""t"":""Rance Ⅹ -決戦-"",""cn"":"""",""ty"":""Galgame"",""y"":2018,""pop"":1204}]","Merim Tser is the younger daughter of the Tser family and the long-lost little sister of Captain Ruberan. Born into a poor household in the economically unstable Helman Empire, her parents were unable to sustain the entire family and Merim…",1656,0,1656,0,,https://t.vndb.org/ch/28/119128.jpg,https://t.vndb.org/ch/28/119128.jpg,,#807160 #b6a992 #473f40 #f2dcc3 #ffffff,Brown Long Teen Slim Pale Doggy Style Violet Mini-dress Glasses Hat,,,https://vndb.org/c97648,
vndb-c25952,vndb,12,13,,,トリニティ＝グラスフィール,Platinum the Trinity,Luna (ルナ) / Sena (セナ) / Trinity Glassfille,女,AB,,Galgame,Galgame,BLAZBLUE CONTINUUM SHIFT,,2009,Galgame,"[{""t"":""BLAZBLUE CONTINUUM SHIFT"",""cn"":"""",""ty"":""Galgame"",""y"":2009,""pop"":730},{""t"":""BLAZBLUE CHRONOPHANTASMA"",""cn"":"""",""ty"":""Galgame"",""y"":2013,""pop"":423},{""t"":""BLAZBLUE CENTRALFICTION"",""cn"":"""",""ty"":""Galgame"",""y"":2016,""pop"":356}]","Othello Beast-like samurai Snakes, that guy who always hangs around beast-like samurai Platinum the Trinity is a girl who has three souls. She became a playable character starting with Continuum Shift II.",730,0,730,0,,https://t.vndb.org/ch/32/49632.jpg,https://t.vndb.org/ch/32/49632.jpg,,#ee8d81 #f3d0a3 #74b4b8 #8b534d #dbded4 #fefefd,Blond Ponytail Twin Tails Slim Pale Magician Warrior Orphan Fighting Green,,,https://vndb.org/c25952,
vndb-c43104,vndb,12,13,,,イブラヒム・ドーゥル,Ibrahim Dogulu,İbrahim Doğulu,男,,,Galgame,Galgame,マブラヴ オルタネイティヴ トータル・イクリプス,Muv-Luv Alternative Total Eclipse,2013,Galgame,,"Commander of Argus. He was squad leader before Yuuya arrived, and piloted a TSF, but he’s passed on that role to Yuuya. Now he serves as commander, providing a pillar of psychological support to Argus’s members.",597,0,597,0,,https://t.vndb.org/ch/75/134875.jpg,https://t.vndb.org/ch/75/134875.jpg,,#8a705f #42474b #ffffff,Brown Short Moustache Brown Adult Muscular Dark Strict Military Uniform Serious,,,https://vndb.org/c43104,
al169491,anilist,12,13,,,百鬼あやめ,Ayame Nakiri,Ojou / Kijin Hyakki,女,,1500+,动画|漫画,动画,ホロのぐらふぃてぃ,,2019,动画,"[{""t"":""ホロのぐらふぃてぃ"",""cn"":"""",""ty"":""动画"",""y"":2019,""pop"":14672},{""t"":""『ホロライブ・オルタナティブ』 ティザーPVs"",""cn"":"""",""ty"":""动画"",""y"":2021,""pop"":5655},{""t"":""Holoearth Chronicles Side:E ヤマト神想怪異譚"",""cn"":"""",""ty"":""漫画"",""y"":2021,""pop"":1139},{""t"":""Shiny Smily Story"",""cn"":"""",""ty"":""动画"",""y"":2020,""pop"":1032},{""t"":""ホロライブ・サマー2022"",""cn"":"""",""ty"":""动画"",""y"":2022,""pop"":999},{""t"":""海想列車"",""cn"":"""",""ty"":""动画"",""y"":2021,""pop"":949}]","September 13, 2018 152 cm Nakiri-gumi [Kagura Nana](//anilist.co/staff/143642/) 2nd Gen Nakiri Ayame is a female Japanese Virtual YouTuber associated with hololive.",491,491,0,0,,https://s4.anilist.co/file/anilistcdn/character/large/b169491-ia2uxfeNMDt7.png,https://s4.anilist.co/file/anilistcdn/character/medium/b169491-ia2uxfeNMDt7.png,,,,https://anilist.co/character/169491,,,
vndb-c10104,vndb,12,13,,,倉野 絵麻,Kurano Ema,,女,,,Galgame,Galgame,倉野くんちのふたご事情,,2012,Galgame,"[{""t"":""倉野くんちのふたご事情"",""cn"":"""",""ty"":""Galgame"",""y"":2012,""pop"":275},{""t"":""僕の未来は、恋と課金と。～Charge To The Future～"",""cn"":"""",""ty"":""Galgame"",""y"":2019,""pop"":154}]",Kazuya's younger sister she's the twin sister of Yae. The most demure of Kazuya's sisters she relies on him more than any of the others. She's a first-year student in high school.,275,0,275,0,,https://t.vndb.org/ch/77/11077.jpg,https://t.vndb.org/ch/77/11077.jpg,,#4e577f #8797b8 #b9c9dc #ebd1c9 #eaf0f0 #ffffff,Blue Twin Tails Waist Length+ Teen Slim Pale School Uniform Cooking Doggy Style Cowgirl,,,https://vndb.org/c10104,
vndb-c10103,vndb,12,13,,,倉野 弥恵,Kurano Yae,,女,,,Galgame,Galgame,倉野くんちのふたご事情,,2012,Galgame,"[{""t"":""倉野くんちのふたご事情"",""cn"":"""",""ty"":""Galgame"",""y"":2012,""pop"":275},{""t"":""僕の未来は、恋と課金と。～Charge To The Future～"",""cn"":"""",""ty"":""Galgame"",""y"":2019,""pop"":154}]",Kazuya's younger sister and the twin sister of Ema. She's a first year student in high school. She acts very shy but is comfortable around her siblings.,275,0,275,0,,https://t.vndb.org/ch/76/11076.jpg,https://t.vndb.org/ch/76/11076.jpg,,#424055 #8c8b99 #eee0d8 #c9c7cc #f9f7ef #ffffff,Black Shoulder-length Teen Slim Pale School Uniform Cooking Missionary Doggy Style Blowjob,,,https://vndb.org/c10103,
vndb-c164716,vndb,12,13,,,山科 嘉篤,Yamashina Yoshiatsu,雲客殿 / Unkakudono,男,A,,Galgame,Galgame,パラノマサイト FILE38 伊勢人魚物語,,2026,Galgame,,"A wealthy tycoon who owns multiple companies and swathes of land, particularly in the Tsu and Ise areas. Born in the Taisho period. Unmarried.",250,0,250,0,,https://t.vndb.org/ch/41/195141.jpg,https://t.vndb.org/ch/41/195141.jpg,,#2b2d34 #707174 #d9d5cf #aeacaa #ffffff,White Old Hakama Father Wealthy Money Lover Homicide Not Sexually Involved Washi Dishonest,,,https://vndb.org/c164716,
vndb-c12039,vndb,12,13,,,オリエッタ・クロノ・イスタリカ・ジナスティール,Orietta Chrono Istarica Ginasteele,,女,,,Galgame,Galgame,Magical Charming!,,2013,Galgame,,"Netsurfing and collecting Usamune goodies. Special Magic. Favourite Soy milk, karaage, and sasami. Least favourite Cabbage and manjyu. Very selfish and childish, Orietta is a mischievous girl and the princess of Istarica.",212,0,212,0,,https://t.vndb.org/ch/76/14176.jpg,https://t.vndb.org/ch/76/14176.jpg,,#bd8498 #f0b6b9 #6e5765 #f6eee2 #dacdd9 #fefefe,Pink Ahoge Odango Ponytail Twin Tails Straight Slim Pale School Uniform Dress Shoes,,,https://vndb.org/c12039,
vndb-c39147,vndb,12,13,,,宇崎 羽佳,Uzaki Waka,,女,AB,,Galgame,Galgame,りりくる Rainbow Stage!!!,,2016,Galgame,,"""Ayumi-senpa~i! I love you so muchhh! Ayuumi-senpa~~~i!!!"" Short TBD Kerfuffle Favorite Ayumi, meat, and cute, small things Ayumi gives her (despite dropping them often) A simplistic dork of a girl whom people find loving yet irritating at…",210,0,210,0,,https://t.vndb.org/ch/23/49623.jpg,https://t.vndb.org/ch/23/49623.jpg,,#e38a88 #e4bfb7 #706377 #f3e1d9 #faf5f0 #ffffff,Pink Ahoge Twin Tails Waist Length+ Straight Teen Slim Pale School Uniform Green,,,https://vndb.org/c39147,
al35252,anilist,12,14,1991,冈部伦太郎,岡部倫太郎,Rintarou Okabe,Rintaro / Hououin Kyouma (鳳凰院凶真) / Okarin (オカリン) / Mad Scientist,男,A,18,动画|Galgame,动画,シュタインズ・ゲート,命运石之门,2011,动画,"[{""t"":""シュタインズ・ゲート"",""cn"":""命运石之门"",""ty"":""动画"",""y"":2011,""pop"":594688},{""t"":""シュタインズ・ゲート ゼロ"",""cn"":""命运石之门 0"",""ty"":""动画"",""y"":2018,""pop"":222572},{""t"":""劇場版 シュタインズゲート 負荷領域のデジャヴ"",""cn"":"""",""ty"":""动画"",""y"":2013,""pop"":140137},{""t"":""シュタインズ・ゲート 横行跋扈のポリオマニア"",""cn"":"""",""ty"":""动画"",""y"":2012,""pop"":115940},{""t"":""シュタインズ・ゲート 境界面上のミッシングリンク -Divide By Zero-"",""cn"":"""",""ty"":""动画"",""y"":2015,""pop"":83839},{""t"":""シュタインズ・ゲート ゼロ 結晶多形のバレンタイン"",""cn"":"""",""ty"":""动画"",""y"":2018,""pop"":38492}]",主人公，东京电机大学一年级，“未来道具研究所”研究员No.001。 虽然清瘦的外表看上去很帅，但交谈时会突然掏出手机，然后开始莫名其妙的自言自语，并在结束的时候附上“这是 Steins;Gate 的选择”和不明所以的“エル・プサイ・コングルゥ”的句尾，不禁使人退避三舍，是个严重厨二病患者。 自称是狂乱的疯狂科学家，而为了将这个自我设定扮演好，平时的行动也总是装出一副恶役般的造型。 以改革世界的支配构造为最终目标进行活动。,22007,22007,16857,1072,,https://s4.anilist.co/file/anilistcdn/character/large/b35252-DY9TW6pusqeh.png,https://s4.anilist.co/file/anilistcdn/character/medium/b35252-DY9TW6pusqeh.png,https://t.vndb.org/ch/29/10729.jpg|https://lain.bgm.tv/r/400/pic/crt/l/af/40/12392_crt_X8YKA.jpg,,Black Short Slim Pale Trousers Hazel Young-adult T-shirt Ore Pretending,https://anilist.co/character/35252,https://bgm.tv/character/12392,https://vndb.org/c6498,12392
al73213,anilist,12,14,,田中眼蛇梦,田中眼蛇夢,Gundham Tanaka,The Supreme Overlord of Ice / Tanaka the Forbidden One / 封印されし田中 / Super High School Level Animal Breeder (超高校級の飼育委員),男,B,,动画|漫画|轻小说|Galgame,动画,ダンガンロンパ3 -The End of 希望ヶ峰学園-　絶望編,弹丸论破3 -The End of 希望之峰学园- 绝望篇,2016,动画,"[{""t"":""ダンガンロンパ3 -The End of 希望ヶ峰学園-　絶望編"",""cn"":""弹丸论破3 -The End of 希望之峰学园- 绝望篇"",""ty"":""动画"",""y"":2016,""pop"":89210},{""t"":""ダンガンロンパ３-The End of 希望ヶ峰学園-希望編"",""cn"":"""",""ty"":""动画"",""y"":2016,""pop"":56357},{""t"":""スーパーダンガンロンパ2.5 狛枝凪斗と世界の破壊者"",""cn"":""超级弹丸论破2.5 狛枝凪斗与世界的破坏者"",""ty"":""动画"",""y"":2017,""pop"":34341},{""t"":""スーパーダンガンロンパ2 さよなら絶望学園"",""cn"":""超级弹丸论破2 再见了绝望学园"",""ty"":""Galgame"",""y"":2012,""pop"":13178},{""t"":""ニューダンガンロンパV3 みんなのコロシアイ新学期"",""cn"":""新弹丸论破V3 大家的自相残杀新学期"",""ty"":""Galgame"",""y"":2017,""pop"":8847},{""t"":""スーパーダンガンロンパ2 超高校級の幸運と希望と絶望"",""cn"":""超级弹丸论破2 超高校级的幸运与希望与绝望"",""ty"":""漫画"",""y"":2012,""pop"":2009}]",超高校級の「飼育委員」。 自他共に認める動物マニア。ブリーダーでもあり、多くの弟子がいるらしい。どんな動物でも手懐けることができ、動物と会話が出来ると言われるほど。絶滅危惧種の繁殖にも成功した実績がある。 忍者のような格好をしており、ことあるごとに不敵な笑みを浮かべる。マフラーには彼が率いる破壊神暗黒四天王（四匹のハムスター）が潜んでいる。このハムスターは人間並の知能レベルを有し、田中の命令を完璧に遂行する。,13178,1074,13178,44,,https://s4.anilist.co/file/anilistcdn/character/large/b73213-hVhvcl4Q6oCn.jpg,https://s4.anilist.co/file/anilistcdn/character/medium/b73213-hVhvcl4Q6oCn.jpg,https://t.vndb.org/ch/79/70679.jpg|https://lain.bgm.tv/r/400/pic/crt/l/16/1d/18053_crt_xFNEz.jpg?r=1534933634,,Black White Short Teen Slim Pale Disaster Amnesia Grey Red,https://anilist.co/character/73213,https://bgm.tv/character/18053,https://vndb.org/c6613,18053
vndb-c71191,vndb,12,14,,早坂亲志,早坂 親志,Hayasaka Chikashi,,男,,,Galgame,Galgame,WHITE ALBUM2,白色相簿2,2010,Galgame,,峰城大学付属学園三年Ｅ組。 春希のクラスメイトにして、にわか親友。 学園祭成功のため、身を粉にして頑張る…… ふりをして春希に頼りきりなお調子者。 それでも昔に比べると随分と丸くなったとかなんとか。,4537,0,4537,1,,https://t.vndb.org/ch/98/150598.jpg,https://t.vndb.org/ch/98/150598.jpg,https://lain.bgm.tv/r/400/pic/crt/l/85/f6/21675_crt_0zdno.jpg,#262834 #687088 #f6e6cb #b6b3b6 #ffffff,Black Short Teen Slim Pale Trousers Black Necktie Sports Shoes Ore,,https://bgm.tv/character/21675,https://vndb.org/c71191,21675
al12531,anilist,12,14,1875,夏尔·凡多姆海威,シエル・ファントムハイヴ,Ciel Phantomhive,Smile / Young Master / Bocchan / The Queen's Watchdog,男,Sirius,12-13,动画|漫画,动画,黒執事,黑执事,2008,动画,"[{""t"":""黒執事"",""cn"":""黑执事"",""ty"":""动画"",""y"":2008,""pop"":260903},{""t"":""黒執事II"",""cn"":"""",""ty"":""动画"",""y"":2010,""pop"":103011},{""t"":""黒執事 Book of Circus"",""cn"":""黑执事 马戏团篇"",""ty"":""动画"",""y"":2014,""pop"":81411},{""t"":""黒執事 Book of the Atlantic"",""cn"":"""",""ty"":""动画"",""y"":2017,""pop"":52482},{""t"":""黒執事 Book of Murder"",""cn"":""黑执事 幽鬼城杀人事件篇"",""ty"":""动画"",""y"":2014,""pop"":47831},{""t"":""黒執事"",""cn"":""黑执事"",""ty"":""漫画"",""y"":2006,""pop"":38715}]",ファントムハイヴ家当主。 13歳ながら英国一の玩具・菓子メーカー｢ファントム社｣を経営する一方で、英国裏社会の秩序を乱す悪を制裁する“女王の番犬”の顔を持つ。,4077,4077,0,194,,https://s4.anilist.co/file/anilistcdn/character/large/b12531-joBTjTP3fonc.png,https://s4.anilist.co/file/anilistcdn/character/medium/b12531-joBTjTP3fonc.png,https://lain.bgm.tv/r/400/pic/crt/l/b8/68/1229_crt_ii44s.jpg?r=1422632634,,,https://anilist.co/character/12531,https://bgm.tv/character/1229,,1229
vndb-c4679,vndb,12,14,,,紅薔薇 撫子,Benibara Nadeshiko,Ms. Beni / Nacchan,女,,,Galgame,Galgame,SHUFFLE!,,2004,Galgame,"[{""t"":""SHUFFLE!"",""cn"":"""",""ty"":""Galgame"",""y"":2004,""pop"":4051},{""t"":""SHUFFLE!"",""cn"":"""",""ty"":""Galgame"",""y"":2004,""pop"":4051},{""t"":""Really? Really!"",""cn"":"""",""ty"":""Galgame"",""y"":2006,""pop"":443},{""t"":""SHUFFLE! Love Rainbow"",""cn"":"""",""ty"":""Galgame"",""y"":2011,""pop"":72},{""t"":""シャッフル！エッセンス・プラス 特典ディスク"",""cn"":"""",""ty"":""Galgame"",""y"":2009,""pop"":45}]","The homeroom teacher of Rin's class in charge of worlds history (the worlds here refer to the ""human world,"" the ""divine world,"" and the ""demon world"").",4051,0,4051,0,,https://t.vndb.org/ch/36/4736.jpg,https://t.vndb.org/ch/36/4736.jpg,,#504959 #918097 #e0c2ae #f7eadc #fefefe,Black Ponytail Waist Length+ Curtained Straight Slim Pale School Uniform Missionary Doggy Style,,,https://vndb.org/c4679,
vndb-c6500,vndb,12,14,,中岛直美,中嶋 直美,Nakashima Naomi,,女,A,,Galgame,Galgame,コープスパーティー ブラッドカバー,尸体派对 血色笼罩,2006,Galgame,"[{""t"":""コープスパーティー ブラッドカバー"",""cn"":""尸体派对 血色笼罩"",""ty"":""Galgame"",""y"":2006,""pop"":3556},{""t"":""コープスパーティー ブックオブシャドウズ"",""cn"":"""",""ty"":""Galgame"",""y"":2011,""pop"":1540},{""t"":""コープスパーティー BLOOD DRIVE"",""cn"":""尸体派对 驭血"",""ty"":""Galgame"",""y"":2014,""pop"":682},{""t"":""コープスパーティー -THE ANTHOLOGY- サチコの恋愛遊戯♥Hysteric Birthday 2U"",""cn"":""尸体派对 文选集 幸子的恋爱游戏 竭斯底里生日2U"",""ty"":""Galgame"",""y"":2012,""pop"":303}]",自中等部以来，一直都是持田哲志的同学，二人总是以[その颜、うんざりだよ]的方式来打招呼、并互相操心对方的事。看似有着胜于男子的一面，实际上也有擅长料理、钢琴女性的一面。八年前父亲去世，现与母亲中嶋夏海相依为命，快活地过着日子。将来的梦想是女性保育士，为了进专门短期大学，正在努力中。,3556,0,3556,13,,https://t.vndb.org/ch/31/18231.jpg,https://t.vndb.org/ch/31/18231.jpg,https://lain.bgm.tv/r/400/pic/crt/l/37/63/20826_crt_xIQhu.jpg?r=1375628853,#4b4861 #9a8589 #d2bfaa #f1e6d9 #fbfaf5,Brown Short Straight Brown Teen Slim Pale Cooking Disaster Pajamas,,https://bgm.tv/character/20826,https://vndb.org/c6500,20826
al1906,anilist,12,14,1978,,松田桃太,Touta Matsuda,Tota Matsuda / Taro Matsui (松井太郎) / Taichiro Yamashita (山下太一郎),男,B,,动画|漫画,动画,DEATH NOTE,死亡笔记,2006,动画,"[{""t"":""DEATH NOTE"",""cn"":""死亡笔记"",""ty"":""动画"",""y"":2006,""pop"":961191},{""t"":""DEATH NOTE"",""cn"":""死亡笔记"",""ty"":""漫画"",""y"":2003,""pop"":99722},{""t"":""DEATH NOTE リライト"",""cn"":"""",""ty"":""动画"",""y"":2007,""pop"":44227},{""t"":""DEATH NOTE 特別読切"",""cn"":"""",""ty"":""漫画"",""y"":2020,""pop"":31437},{""t"":""DEATH NOTE Cキラ編"",""cn"":"""",""ty"":""漫画"",""y"":2007,""pop"":10002}]","174 cm (5'8"") Recognized as the most outspoken member of the investigation team, Matsuda possesses an enthusiastic yet impulsive and naïve personality, often lacking the seriousness required for his work.",1396,1396,0,0,,https://s4.anilist.co/file/anilistcdn/character/large/n1906-JCWKEGGook3Z.png,https://s4.anilist.co/file/anilistcdn/character/medium/n1906-JCWKEGGook3Z.png,,,,https://anilist.co/character/1906,,,
vndb-c18933,vndb,12,14,,,水上 行人,Minakami Yukito,,男,O,,Galgame,Galgame,終ノ空,,1999,Galgame,,Protagonist of First View.,882,0,882,0,,https://t.vndb.org/ch/34/23634.jpg,https://t.vndb.org/ch/34/23634.jpg,,#6c3b1c #aa9693 #c9c5ca #dee1e6 #f4f5f6 #ffffff,Brown Short Straight Teen Slim Pale School Uniform Fighting Cunnilingus Sixty-nine,,,https://vndb.org/c18933,
al83025,anilist,12,14,,,竜ヶ崎怜,Rei Ryuugazaki,,男,,15-17,动画,动画,Free!,,2013,动画,"[{""t"":""Free!"",""cn"":"""",""ty"":""动画"",""y"":2013,""pop"":183363},{""t"":""Free!-Eternal Summer-"",""cn"":"""",""ty"":""动画"",""y"":2014,""pop"":87637},{""t"":""Free!-Dive to the Future-"",""cn"":"""",""ty"":""动画"",""y"":2018,""pop"":56184},{""t"":""映画ハイ☆スピード！ -Free! Starting Days-"",""cn"":"""",""ty"":""动画"",""y"":2015,""pop"":27560},{""t"":""特別版 Free!-Take Your Marks-"",""cn"":"""",""ty"":""动画"",""y"":2017,""pop"":26074},{""t"":""劇場版 Free!–the Final Stroke– 前編"",""cn"":"""",""ty"":""动画"",""y"":2021,""pop"":24568}]","177 cm (5'10"") Butterfly stroke A freshman who joins the Iwatobi High School swim team. Rei Ryuugazaki is a classmate of [Nagisa](//anilist.co/character/83021/Hazuki-Nagisa)'s in 10th grade.",866,866,0,0,,https://s4.anilist.co/file/anilistcdn/character/large/b83025-fRuvGmLSj3Iy.png,https://s4.anilist.co/file/anilistcdn/character/medium/b83025-fRuvGmLSj3Iy.png,,,,https://anilist.co/character/83025,,,
vndb-c79909,vndb,12,14,,,橘 純一,Tachibana Jun'ichi,Nii-ni,男,,,Galgame,Galgame,アマガミ,,2009,Galgame,"[{""t"":""アマガミ"",""cn"":"""",""ty"":""Galgame"",""y"":2009,""pop"":775},{""t"":""アマガミ ちょっとおまけ劇場"",""cn"":"""",""ty"":""Galgame"",""y"":2010,""pop"":38}]",,775,0,775,0,,https://t.vndb.org/ch/73/165173.jpg,https://t.vndb.org/ch/73/165173.jpg,,#233f5f #d3c3b9 #5a6677 #252628 #929196 #404040,Black Short Teen Slim Pale School Uniform Trousers Donkan Necktie Shirt,,,https://vndb.org/c79909,
vndb-c37397,vndb,12,14,,,大空寺 あゆ,Daikuuji Ayu,,女,B,,Galgame,Galgame,君が望む永遠,你所期望的永远,2001,Galgame,"[{""t"":""君が望む永遠"",""cn"":""你所期望的永远"",""ty"":""Galgame"",""y"":2001,""pop"":680},{""t"":""君が望む永遠 ～special FanDisk～"",""cn"":"""",""ty"":""Galgame"",""y"":2004,""pop"":78}]",,680,0,680,0,,https://t.vndb.org/ch/11/113811.jpg,https://t.vndb.org/ch/11/113811.jpg,,#d99a57 #ab6439 #f6d788 #63261b #b9c2c3 #f4f2ed,Blond Twin Tails Slim Pale Doggy Style Virgin Sex Blue Tsundere Daughter Waitstaff,,,https://vndb.org/c37397,
vndb-c5913,vndb,12,14,,,新城 沙織,Shinjou Saori,,女,O,,Galgame,Galgame,雫,,1996,Galgame,"[{""t"":""雫"",""cn"":"""",""ty"":""Galgame"",""y"":1996,""pop"":540},{""t"":""アルルゥとあそぼ！！"",""cn"":"""",""ty"":""Galgame"",""y"":2004,""pop"":19},{""t"":""さおりんといっしょ！！"",""cn"":"""",""ty"":""Galgame"",""y"":1996,""pop"":12}]","Member of the volleyball club, saw a mysterious group at night.",540,0,540,0,,https://t.vndb.org/ch/45/6045.jpg,https://t.vndb.org/ch/45/6045.jpg,,#cb5456 #ecc69c #8f1729 #415a5f #2c1a19 #000000,Red Long Teen Slim Pale School Uniform Doggy Style Virgin Sex Red Sport Bloomers,,,https://vndb.org/c5913,
al88886,anilist,12,14,,,六月透,Tooru Mutsuki,Eyepatch,男,AB,19,动画|漫画|轻小说,动画,東京喰種-トーキョーグール-:re,东京喰种:re,2018,动画,"[{""t"":""東京喰種-トーキョーグール-:re"",""cn"":""东京喰种:re"",""ty"":""动画"",""y"":2018,""pop"":307841},{""t"":""東京喰種-トーキョーグール-:re 2"",""cn"":"""",""ty"":""动画"",""y"":2018,""pop"":237376},{""t"":""東京喰種-トーキョーグール-:re"",""cn"":""东京喰种:re"",""ty"":""漫画"",""y"":2014,""pop"":104047},{""t"":""東京喰種：ｒｅ［ｑｕｅｓｔ］"",""cn"":"""",""ty"":""轻小说"",""y"":2016,""pop"":1367}]","165 cm (5'4"") Tooru Mutsuki is a Rank 3 Ghoul Investigator, a Quinx and a member of the Quinx Squad. Tooru is kind with a gentle heart and seems to be shy with little self-confidence.",461,461,0,0,,https://s4.anilist.co/file/anilistcdn/character/large/n88886-bGodL2ANji2m.jpg,https://s4.anilist.co/file/anilistcdn/character/medium/n88886-bGodL2ANji2m.jpg,,,,https://anilist.co/character/88886,,,
vndb-c64496,vndb,12,14,,,新堂 和美,Shindou Kazumi,Kate Gibson / ケイト・ギブソン,女,O,,Galgame,Galgame,放課後恋愛クラブ ～恋のエチュード～,,1996,Galgame,"[{""t"":""放課後恋愛クラブ ～恋のエチュード～"",""cn"":"""",""ty"":""Galgame"",""y"":1996,""pop"":301},{""t"":""放課後マニア倶楽部 ～濃いの欲しいの～"",""cn"":"""",""ty"":""Galgame"",""y"":1997,""pop"":5}]","2nd-year Moriyoh Gakuen freewheeling Your best feminine friend and she teases you occasionally. She's full of spirit, beautiful, and bright but she only regards you as a friend, maybe you can develop that relationship further.",301,0,301,0,1,https://t.vndb.org/ch/89/78489.jpg,https://t.vndb.org/ch/89/78489.jpg,,#e7d1a3 #a9a37a #a5d5f6 #fbeee0 #e7fafc #676b66,Violet Bob Cut Short School Uniform Missionary Doggy Style Standing Sex Blowjob Sixty-nine Violet,,,https://vndb.org/c64496,
vndb-c11556,vndb,12,14,,,空小路 織衣,Karakouji Orie,,女,,,Galgame,Galgame,LOVESICK PUPPIES -僕らは恋するために生まれてきた-,,2013,Galgame,,,251,0,251,0,,https://t.vndb.org/ch/86/14286.jpg,https://t.vndb.org/ch/86/14286.jpg,,#392e42 #866a82 #c1b6c8 #e9dce1 #f5f2f3 #ffffff,Black Hime Cut Waist Length+ Straight Brown Teen Slim Pale Sweater Hard Worker,,,https://vndb.org/c11556,
vndb-c38288,vndb,12,14,,,猫玉 瑠偉,Nekotama Rui,,女,O,,Galgame,Galgame,わんにゃん☆アラモード！ ～どっちにするの？わんにゃんHなカフェ事情！～,,2015,Galgame,,"The ""good-for-nothing"" principal of the school. Both her and Fumiko are the same age and graduated together from Pochitama.",242,0,242,0,,https://t.vndb.org/ch/74/46274.jpg,https://t.vndb.org/ch/74/46274.jpg,,#cb7d6a #e9aca6 #efd5cd #f5eae6 #fbf8f5,Ahoge Twin Tails Long Straight Teen Slim Pale Trousers Cowgirl Virgin Sex,,,https://vndb.org/c38288,
al6225,anilist,12,14,,,結野クリステル,Christel Ketsuno,Ketsuno Ana,女,,,动画|漫画,动画,銀魂,银魂,2006,动画,"[{""t"":""銀魂"",""cn"":""银魂"",""ty"":""动画"",""y"":2006,""pop"":296063},{""t"":""銀魂゜"",""cn"":"""",""ty"":""动画"",""y"":2015,""pop"":119621},{""t"":""銀魂’"",""cn"":"""",""ty"":""动画"",""y"":2011,""pop"":110096},{""t"":""銀魂. 銀ノ魂篇"",""cn"":"""",""ty"":""动画"",""y"":2018,""pop"":60568},{""t"":""銀魂"",""cn"":""银魂"",""ty"":""漫画"",""y"":2003,""pop"":31772},{""t"":""3年Z組銀八先生"",""cn"":"""",""ty"":""动画"",""y"":2025,""pop"":14970}]",": Human : 163cm Ketsuno Christel, more commonly known as Ketsuno Ana, is a popular weather girl and reporter from the Oedo news on whom Sakata Gintoki of the Yorozuya has a major crush.",27,27,0,0,,https://s4.anilist.co/file/anilistcdn/character/large/n6225-LgPlEHrUqCZ5.jpg,https://s4.anilist.co/file/anilistcdn/character/medium/n6225-LgPlEHrUqCZ5.jpg,,,,https://anilist.co/character/6225,,,
vndb-c35648,vndb,12,15,,来水美树,来水 美樹,Kurusu Miki,Demon King / Demon King Little Princess,女,O,,Galgame,Galgame,戦国ランス,战国兰斯,2006,Galgame,"[{""t"":""戦国ランス"",""cn"":""战国兰斯"",""ty"":""Galgame"",""y"":2006,""pop"":6007},{""t"":""ランス01 光をもとめて"",""cn"":"""",""ty"":""Galgame"",""y"":2013,""pop"":3435},{""t"":""Rance Ⅹ -決戦-"",""cn"":"""",""ty"":""Galgame"",""y"":2018,""pop"":1204},{""t"":""Rance -光をもとめて-"",""cn"":"""",""ty"":""Galgame"",""y"":1989,""pop"":1162},{""t"":""鬼畜王ランス"",""cn"":""鬼畜王兰斯"",""ty"":""Galgame"",""y"":1996,""pop"":1094},{""t"":""リトルプリンセス"",""cn"":"""",""ty"":""Galgame"",""y"":1986,""pop"":302}]",被从异世界抓来成为新魔王的女孩 但她继承下魔王盖伊的血液后，却拒绝觉醒并逃之夭夭 虽然尚未觉醒，但她强韧的肉体和迸发而出的魔力 可以一瞥魔王之力的恐怖,6007,0,6007,56,,https://t.vndb.org/ch/54/143254.jpg,https://t.vndb.org/ch/54/143254.jpg,https://lain.bgm.tv/r/400/pic/crt/l/9f/0e/36458_crt_Tbn46.jpg?r=1686799986,#a9423c #ec92be #b2879e #dec8ca #f6e6e1 #ffffff,Pink Waist Length+ Straight Teen Slim Pale Virgin Sex Blue Red Dress,,https://bgm.tv/character/36458,https://vndb.org/c35648,36458
vndb-c1101,vndb,12,15,,足利勇气,足利 勇気,Ashikaga Yuuki,ゆうちゃん / Yuu-chan,男,B,,Galgame,Galgame,School Days,日在校园,2005,Galgame,"[{""t"":""School Days"",""cn"":""日在校园"",""ty"":""Galgame"",""y"":2005,""pop"":4687},{""t"":""Shiny Days"",""cn"":""日了就闪"",""ty"":""Galgame"",""y"":2012,""pop"":1048},{""t"":""Cross Days"",""cn"":""日在交叉"",""ty"":""Galgame"",""y"":2010,""pop"":179}]",誕生日 - 12月15日（いて座） 姓の由来 - 足利氏。 『Cross Days』の主人公。榊野学園1年1組で、図書委員。小柄で眼鏡を掛けた童顔（周囲いわく、普通の女の子より可愛い容姿）なのがコンプレックスとなっており、親しい者以外に触れられることを嫌う。葵学園の卒業生で、『MISS EACH OTHER』の主人公・柴 瑤二（しば ようじ）やヒロイン・森 みさおとは、同学年の知人である。 本とMMORPGが好きで、先輩の恭一とは仲が良い。,4687,0,4687,13,,https://t.vndb.org/ch/50/1150.jpg,https://t.vndb.org/ch/50/1150.jpg,https://lain.bgm.tv/r/400/pic/crt/l/80/fc/38286_crt_28r28.jpg,#836f6b #484246 #e3d9d0 #b7afad #ffffff,Brown Long Short Straight Cross-dressing Trap Brown Teen Slim Pale,,https://bgm.tv/character/38286,https://vndb.org/c1101,38286
vndb-c3524,vndb,12,15,,Saber,セイバー,Saber,Saber Extra / ネロ・クラウディウス・カエサル・アウグストゥス・ゲルマニクス / Nero Claudius Caesar Augustus Germanicus / バビロンの妖婦士,女,,,Galgame,Galgame,フェイト/エクストラ,Fate/EXTRA,2010,Galgame,"[{""t"":""フェイト/エクストラ"",""cn"":""Fate/EXTRA"",""ty"":""Galgame"",""y"":2010,""pop"":2508},{""t"":""Fate/EXTELLA"",""cn"":"""",""ty"":""Galgame"",""y"":2016,""pop"":896},{""t"":""Fate/EXTRA CCC"",""cn"":""Fate/EXTRA CCC"",""ty"":""Galgame"",""y"":2013,""pop"":789},{""t"":""Fate/EXTELLA LINK"",""cn"":"""",""ty"":""Galgame"",""y"":2018,""pop"":479}]",特殊作戦群隊員。,2508,0,2508,0,,https://t.vndb.org/ch/77/3577.jpg,https://t.vndb.org/ch/77/3577.jpg,https://lain.bgm.tv/r/400/pic/crt/l/20/e8/179271_crt_zQhW4.jpg?r=1752135380,#c22a11 #b6785a #d4c39f #f0e7c7 #f7f3ea #ffffff,Blond Ahoge Slim Pale Sword Swordsmanship Fighting Green Young-adult Dress,,https://bgm.tv/character/179271,https://vndb.org/c3524,179271
al51523,anilist,12,15,,,ネロ・クラウディウス,Nero Claudius,Nero Claudius Caesar Augustus Germanicus (ネロ・クラウディウス・カエサル・アウグストゥス・ゲルマニクス) / Aka Saber (赤セイバー) / Red Saber / Bara no Koutei (薔薇の皇帝),女,,,动画,动画,Fate/Grand Order -絶対魔獣戦線バビロニア-,,2019,动画,"[{""t"":""Fate/Grand Order -絶対魔獣戦線バビロニア-"",""cn"":"""",""ty"":""动画"",""y"":2019,""pop"":83875},{""t"":""Fate/Grand Order -First Order-"",""cn"":"""",""ty"":""动画"",""y"":2016,""pop"":71448},{""t"":""Fate/EXTRA Last Encore"",""cn"":""Fate/EXTRA Last Encore"",""ty"":""动画"",""y"":2018,""pop"":62538},{""t"":""カーニバル・ファンタズム"",""cn"":""幻想嘉年华"",""ty"":""动画"",""y"":2011,""pop"":59282},{""t"":""Fate/Grand Order -終局特異点 冠位時間神殿ソロモン-"",""cn"":"""",""ty"":""动画"",""y"":2021,""pop"":31067},{""t"":""Fate/Grand Order -絶対魔獣戦線バビロニア- Initium Iter"",""cn"":"""",""ty"":""动画"",""y"":2019,""pop"":28302}]","Nero Claudius Caesar Augustus Germanicus, the Fifth Roman Emperor, had the reputation of a notorious tyrant whose rule was made up of schemes and poison as she oppressed all religious forces, especially Christians, and the Roman Senate duri…",1543,1543,0,0,,https://s4.anilist.co/file/anilistcdn/character/large/b51523-OhQqE1WMw6qW.jpg,https://s4.anilist.co/file/anilistcdn/character/medium/b51523-OhQqE1WMw6qW.jpg,,,,https://anilist.co/character/51523,,,
vndb-c24597,vndb,12,15,,,花咲 ののか,Hanasaki Nonoka,,女,A,,Galgame,Galgame,花咲ワークスプリング！,,2015,Galgame,,"Cooking, Housework Yuuma's non-blood-related younger sister. She is very popular within the academy, and is often considered ""wife material"" due to her kind nature and proficiency in household abilities.",559,0,559,0,,https://t.vndb.org/ch/15/30215.jpg,https://t.vndb.org/ch/15/30215.jpg,,#a58885 #654847 #d7b8a9 #e5ded6 #f6f3ed #ffffff,Brown Bun Ponytail Long Wavy Straight Teen Slim Pale School Uniform,,,https://vndb.org/c24597,
vndb-c4106,vndb,12,15,,,才野原 惠,Sainohara Megumu,,其他,AB,,Galgame,Galgame,るいは智を呼ぶ,,2008,Galgame,"[{""t"":""るいは智を呼ぶ"",""cn"":"""",""ty"":""Galgame"",""y"":2008,""pop"":367},{""t"":""るいは智を呼ぶファンディスク ―明日のむこうに視える風―"",""cn"":"""",""ty"":""Galgame"",""y"":2010,""pop"":207}]",Position of the On the stomach,367,0,367,0,,https://t.vndb.org/ch/40/4140.jpg,https://t.vndb.org/ch/40/4140.jpg,,#69627a #9fa7b4 #ced2d6 #efece5 #ffffff,Violet Short Cross-dressing Reverse-trap Slim Pale School Uniform Trousers Orphan Fighting,,,https://vndb.org/c4106,
al7582,anilist,12,15,,,結城夏野,Natsuno Yuuki,Koide,男,,15,动画|漫画,动画,屍鬼,,2010,动画,"[{""t"":""屍鬼"",""cn"":"""",""ty"":""动画"",""y"":2010,""pop"":130789},{""t"":""屍鬼"",""cn"":"""",""ty"":""漫画"",""y"":2007,""pop"":6780}]","Natsuno lives and attends school in Sotoba. He hates living in the village and prefers to be in the city. Originally a city dweller, Natsuno reluctantly moves to Sotoba with his parents when they wanted a change of environment.",360,360,0,0,,https://s4.anilist.co/file/anilistcdn/character/large/b7582-Oq4BTcZZjKI1.png,https://s4.anilist.co/file/anilistcdn/character/medium/b7582-Oq4BTcZZjKI1.png,,,,https://anilist.co/character/7582,,,
vndb-c9839,vndb,12,15,,,伊東 美琴,Itou Mikoto,Imouto-chan / Miko-chan,女,A,,Galgame,Galgame,恋色空模様,,2010,Galgame,"[{""t"":""恋色空模様"",""cn"":"""",""ty"":""Galgame"",""y"":2010,""pop"":273},{""t"":""恋色空模様 After Happiness and Extra Hearts"",""cn"":"""",""ty"":""Galgame"",""y"":2011,""pop"":113}]",,273,0,273,0,,https://t.vndb.org/ch/31/28531.jpg,https://t.vndb.org/ch/31/28531.jpg,,#756371 #ad9ca6 #dbcfcc #f2ede5 #f6f7f7 #ffffff,Ponytail Short Slim Pale Cowgirl Blowjob Virgin Sex Violet Modern Tsundere Daughter,,,https://vndb.org/c9839,
al261093,anilist,12,15,,,蒼井咲,Saki Aoi,,女,,,动画|漫画,动画,先輩はおとこのこ,,2024,动画,"[{""t"":""先輩はおとこのこ"",""cn"":"""",""ty"":""动画"",""y"":2024,""pop"":36828},{""t"":""先輩はおとこのこ"",""cn"":"""",""ty"":""漫画"",""y"":2019,""pop"":9334},{""t"":""先輩はおとこのこ あめのち晴れ"",""cn"":"""",""ty"":""动画"",""y"":2025,""pop"":8777}]","A first year student at the same school as [Makoto](//anilist.co/character/261092/Makoto-Hanaoka) and [Ryuuji.](//anilist.co/character/261090/Ryuuji-Taiga) She is cheerful and naive, initially mistaking Makoto for a girl when she confesses…",269,269,0,0,,https://s4.anilist.co/file/anilistcdn/character/large/b261093-QMzpGhMrTG9F.png,https://s4.anilist.co/file/anilistcdn/character/medium/b261093-QMzpGhMrTG9F.png,,,,https://anilist.co/character/261093,,,
vndb-c79483,vndb,12,15,,,マリー・マーラー,Marie Mahler,,女,,,Galgame,Galgame,夢現Re:Master,,2019,Galgame,"[{""t"":""夢現Re:Master"",""cn"":"""",""ty"":""Galgame"",""y"":2019,""pop"":263},{""t"":""夢現Re:After"",""cn"":"""",""ty"":""Galgame"",""y"":2020,""pop"":125},{""t"":""夢現Re:Idol"",""cn"":"""",""ty"":""Galgame"",""y"":2020,""pop"":16}]",Illustrator/Keyframe Artist A Greek illustrator who ended up working at Eureka Software. A straightforward person with unwavering conviction. She has the wits to quickly grasp the true essence of any matter.,263,0,263,0,,https://t.vndb.org/ch/67/96267.jpg,https://t.vndb.org/ch/67/96267.jpg,,#82848f #4d4b54 #b1aeb4 #ded6da #f7f3f2 #ffffff,Short Teen Pale Violet Coat Hat Shirt Jeans Painter Military Uniform,,,https://vndb.org/c79483,
al303043,anilist,12,15,,,ロイド・キャベル,Lloyd Cavill,,男,,,动画|漫画,动画,マッシュル-MASHLE-,物理魔法使马修,2023,动画,"[{""t"":""マッシュル-MASHLE-"",""cn"":""物理魔法使马修"",""ty"":""动画"",""y"":2023,""pop"":288743},{""t"":""マッシュル-MASHLE-"",""cn"":""物理魔法使马修"",""ty"":""漫画"",""y"":2020,""pop"":59820}]",First-year student at Easton Magic Academy.,2,2,0,0,,https://s4.anilist.co/file/anilistcdn/character/large/b303043-uH0JDBYdDs9u.jpg,https://s4.anilist.co/file/anilistcdn/character/medium/b303043-uH0JDBYdDs9u.jpg,,,,https://anilist.co/character/303043,,,
al31933,anilist,12,16,,御剑冥夜,御剣冥夜,Meiya Mitsurugi,Valkyrie 11 / Princess Mitsurugi / Sword Dancer / Eurydice,女,AB,17-18 (Muv-Luv),动画|漫画|Galgame,动画,マブラヴ オルタネイティヴ,Muv-Luv Alternative,2021,动画,"[{""t"":""マブラヴ オルタネイティヴ"",""cn"":""Muv-Luv Alternative"",""ty"":""动画"",""y"":2021,""pop"":16289},{""t"":""マブラヴ"",""cn"":""Muv-Luv"",""ty"":""Galgame"",""y"":2003,""pop"":11564},{""t"":""マブラヴ　オルタネイティヴ"",""cn"":""Muv-Luv Alternative"",""ty"":""Galgame"",""y"":2006,""pop"":11333},{""t"":""マブラヴ オルタネイティヴ 第二期"",""cn"":"""",""ty"":""动画"",""y"":2022,""pop"":6545},{""t"":""アカネマニアックス"",""cn"":""小茜的狂热追求者"",""ty"":""动画"",""y"":2004,""pop"":4169},{""t"":""あゆまゆ劇場"",""cn"":"""",""ty"":""动画"",""y"":2006,""pop"":1811}]",和武一样身为联合国太平洋军第11军・横浜基地卫士训练学校・第207卫士训练部队所属训练兵（军校毕业后任职少尉），也是日本帝国政威大将军煌武院悠阳（こうぶいん ゆうひ）的双胞胎妹妹。 接近战的王者，持有名刀皆琉神威的剑术高手。气质高雅，沉着冷静。 在搬运冥夜专用的战术机武御雷，帝国近卫军所属的月咏中尉等人对她的守护等事情里，都可以看出她身份的重要性。,11564,426,11564,216,,https://s4.anilist.co/file/anilistcdn/character/large/b31933-lGhcO8YJOedr.jpg,https://s4.anilist.co/file/anilistcdn/character/medium/b31933-lGhcO8YJOedr.jpg,https://t.vndb.org/ch/35/135.jpg|https://lain.bgm.tv/r/400/pic/crt/l/e5/58/16869_crt_1S0V1.jpg?r=1638376092,,Blue Ponytail Waist Length+ Straight Teen Slim Pale Hard Worker Master Swordsmanship,https://anilist.co/character/31933,https://bgm.tv/character/16869,https://vndb.org/c104,16869
al31932,anilist,12,16,,白银武,白銀武,Takeru Shirogane,Love Nucleus / Romeo / Pilgrim / White Flash,男,,,动画|漫画|Galgame,动画,マブラヴ オルタネイティヴ,Muv-Luv Alternative,2021,动画,"[{""t"":""マブラヴ オルタネイティヴ"",""cn"":""Muv-Luv Alternative"",""ty"":""动画"",""y"":2021,""pop"":16289},{""t"":""マブラヴ"",""cn"":""Muv-Luv"",""ty"":""Galgame"",""y"":2003,""pop"":11564},{""t"":""マブラヴ　オルタネイティヴ"",""cn"":""Muv-Luv Alternative"",""ty"":""Galgame"",""y"":2006,""pop"":11333},{""t"":""マブラヴ オルタネイティヴ 第二期"",""cn"":"""",""ty"":""动画"",""y"":2022,""pop"":6545},{""t"":""アカネマニアックス"",""cn"":""小茜的狂热追求者"",""ty"":""动画"",""y"":2004,""pop"":4169},{""t"":""あゆまゆ劇場"",""cn"":"""",""ty"":""动画"",""y"":2006,""pop"":1811}]",男主角。隶属于联合国太平洋方面第11军横滨基地卫士训练学校第207卫士训练部队的训练兵（军校毕业后任职少尉）。 EXTRA篇为主人公白银武和青梅竹马的鉴纯夏、突然转入的御剣冥夜以及同班同学们之间的学园剧。 UNLIMITED篇中，白银武某日醒来后发现自己进入了一个平行世界，在这个平行世界里，地球人数十年来都与带有敌意的外星生命体“BETA”苦战着。自己被卷入这场战争中。 ALTERNATIVE篇，武发现自己经过时间跳跃又一次来到了充满战乱的平行世界。,11564,321,11564,89,,https://s4.anilist.co/file/anilistcdn/character/large/b31932-5OxcwZ1kpNhJ.png,https://s4.anilist.co/file/anilistcdn/character/medium/b31932-5OxcwZ1kpNhJ.png,https://t.vndb.org/ch/27/127.jpg|https://lain.bgm.tv/r/400/pic/crt/l/d6/be/16867_crt_3NJI2.jpg?r=1638377309,,Brown Short Straight Brown Teen Slim Pale Trousers Dress Shoes Donkan,https://anilist.co/character/31932,https://bgm.tv/character/16867,https://vndb.org/c96,16867
vndb-c145151,vndb,12,16,,煌武院悠阳,煌武院 悠陽,Koubuin Yuuhi,御剣 冥夜 / Mitsurugi Meiya,女,AB,,Galgame,Galgame,マブラヴ　オルタネイティヴ,Muv-Luv Alternative,2006,Galgame,"[{""t"":""マブラヴ　オルタネイティヴ"",""cn"":""Muv-Luv Alternative"",""ty"":""Galgame"",""y"":2006,""pop"":11333},{""t"":""マブラヴ アンリミテッド ザ・デイアフター"",""cn"":"""",""ty"":""Galgame"",""y"":2010,""pop"":690},{""t"":""ハルコマニアックス"",""cn"":"""",""ty"":""Galgame"",""y"":2010,""pop"":334},{""t"":""マブラヴ オルタネイティヴ トータル・イクリプス 帝都燃ゆ"",""cn"":"""",""ty"":""Galgame"",""y"":2014,""pop"":272}]",日本帝国现任政威大将军。冥夜的双胞胎姊姊。由于煌武院家认为双胞胎代表不吉，而将身为妹妹的冥夜交由远亲的御剑家扶养。外貌和气质与冥夜极为相似而曾为武所误认。,11333,0,11333,27,,https://t.vndb.org/ch/10/210.jpg,https://t.vndb.org/ch/10/210.jpg,https://lain.bgm.tv/r/400/pic/crt/l/69/88/28733_crt_N9699.jpg?r=1638435444,#846184 #565662 #444750 #131617 #2c2e33 #e2d7e2,Violet Bun Ponytail Waist Length+ Straight Teen Slim Pale Blue Kimono,,https://bgm.tv/character/28733,https://vndb.org/c175,28733
vndb-c176,vndb,12,16,,煌武院悠阳,御剣 悠陽,Mitsurugi Yuuhi,,女,,,Galgame,Galgame,マブラヴ　オルタネイティヴ,Muv-Luv Alternative,2006,Galgame,"[{""t"":""マブラヴ　オルタネイティヴ"",""cn"":""Muv-Luv Alternative"",""ty"":""Galgame"",""y"":2006,""pop"":11333},{""t"":""マブラヴ ALTERED FABLE"",""cn"":""Muv-Luv ALTERED FABLE"",""ty"":""Galgame"",""y"":2007,""pop"":874}]",日本帝国现任政威大将军。冥夜的双胞胎姊姊。由于煌武院家认为双胞胎代表不吉，而将身为妹妹的冥夜交由远亲的御剑家扶养。外貌和气质与冥夜极为相似而曾为武所误认。,11333,0,11333,27,,https://t.vndb.org/ch/11/211.jpg,https://t.vndb.org/ch/11/211.jpg,https://lain.bgm.tv/r/400/pic/crt/l/69/88/28733_crt_N9699.jpg?r=1638435444,#5091bc #a8a478 #384f3e #dfd2bc #acb7b7 #f4f1e2,Violet Bun Ponytail Waist Length+ Straight Teen Slim Pale Trousers Cooking,,https://bgm.tv/character/28733,https://vndb.org/c176,28733
al137263,anilist,12,16,,山田浅卫门佐切,佐切,Sagiri,Yamada Asaemon Sagiri (山田浅ェ門佐切),女,,16-17,动画|漫画,动画,地獄楽,地狱乐,2023,动画,"[{""t"":""地獄楽"",""cn"":""地狱乐"",""ty"":""动画"",""y"":2023,""pop"":361565},{""t"":""地獄楽 第二期"",""cn"":""地狱乐 第二季"",""ty"":""动画"",""y"":2026,""pop"":172967},{""t"":""地獄楽"",""cn"":""地狱乐"",""ty"":""漫画"",""y"":2018,""pop"":97961},{""t"":""道産子ギャルはなまらめんこい"",""cn"":"""",""ty"":""漫画"",""y"":2019,""pop"":25328},{""t"":""姫様“拷問”の時間です"",""cn"":"""",""ty"":""漫画"",""y"":2019,""pop"":7811},{""t"":""地獄楽 読切「勿怪の森」"",""cn"":"""",""ty"":""漫画"",""y"":2023,""pop"":3353}]",斬首刑などの処刑執行を務める浪人・山田家の娘。女性ながら剣技に優れるが、殺す事の業に囚われ悩む。試一刀流十二位。,3347,3347,0,197,,https://s4.anilist.co/file/anilistcdn/character/large/b137263-I2krXFEFOHjL.png,https://s4.anilist.co/file/anilistcdn/character/medium/b137263-I2krXFEFOHjL.png,https://lain.bgm.tv/r/400/pic/crt/l/ff/ab/86630_crt_p79IX.jpg?r=1681629455,,,https://anilist.co/character/137263,https://bgm.tv/character/86630,,86630
vndb-c4051,vndb,12,16,,,天枷 美夏,Amakase Minatsu,HM-A06,女,,,Galgame,Galgame,D.C.II ～ダ・カーポII～,,2006,Galgame,"[{""t"":""D.C.II ～ダ・カーポII～"",""cn"":"""",""ty"":""Galgame"",""y"":2006,""pop"":1927},{""t"":""D.C.II Spring Celebration ～ダ・カーポII～ スプリング セレブレイション"",""cn"":"""",""ty"":""Galgame"",""y"":2007,""pop"":88},{""t"":""D.C.II Fall in Love ～ダ・カーポII～フォーリンラブ"",""cn"":"""",""ty"":""Galgame"",""y"":2009,""pop"":74},{""t"":""D.C.Dream X’mas～ダ・カーポ～ドリームクリスマス"",""cn"":"""",""ty"":""Galgame"",""y"":2010,""pop"":61},{""t"":""D.C.P.K.～ダ・カーポーカー～"",""cn"":"""",""ty"":""Galgame"",""y"":2008,""pop"":37},{""t"":""D.C.II ～ダ・カーポII～ 春風のアルティメットバトル!"",""cn"":"""",""ty"":""Galgame"",""y"":2006,""pop"":24}]","Animals, electronic devices Bananas, humans Minatsu is an android developed by Professor Amakase. In Japanese ""mi+natsu"" means ""beautiful summer"".",1927,0,1927,0,,https://t.vndb.org/ch/88/6088.jpg,https://t.vndb.org/ch/88/6088.jpg,,#5f3145 #8288a5 #b7bdce #e7e4e0 #f3f4f6 #ffffff,Blue Short Straight Teen Slim Pale Missionary Cowgirl Blowjob Virgin Sex,,,https://vndb.org/c4051,
al268458,anilist,12,16,,,クルミ,Kurumi,,女,AB,,动画|漫画|轻小说,动画,リコリス・リコイル,莉可丽丝,2022,动画,"[{""t"":""リコリス・リコイル"",""cn"":""莉可丽丝"",""ty"":""动画"",""y"":2022,""pop"":211080},{""t"":""リコリス・リコイル Friends are thieves of time."",""cn"":""莉可丽丝：友谊是时间的窃贼"",""ty"":""动画"",""y"":2025,""pop"":28891},{""t"":""リコリス・リコイル リコレクト"",""cn"":"""",""ty"":""漫画"",""y"":2022,""pop"":2762},{""t"":""リコリス・リコイル 公式コミックアンソロジー リロード"",""cn"":"""",""ty"":""漫画"",""y"":2022,""pop"":1404},{""t"":""リコリス･リコイル Ordinary days"",""cn"":"""",""ty"":""轻小说"",""y"":2022,""pop"":1292},{""t"":""リコリス・リコイル 公式コミックアンソロジー リピート"",""cn"":"""",""ty"":""漫画"",""y"":2022,""pop"":1186}]",A young runaway girl of unknown origins who loves all kinds of games. She’s a terrible employee who reluctantly works in exchange for lodging. She only looks forward to gaming parties with the café’s regulars come closing time.,778,778,0,0,,https://s4.anilist.co/file/anilistcdn/character/large/b268458-OlcSEyl1KFRS.jpg,https://s4.anilist.co/file/anilistcdn/character/medium/b268458-OlcSEyl1KFRS.jpg,,,,https://anilist.co/character/268458,,,
vndb-c23306,vndb,12,16,,,上林 聖,Kanbayashi Mizuki,,女,B,,Galgame,Galgame,アマカノ２,,2020,Galgame,"[{""t"":""アマカノ２"",""cn"":"""",""ty"":""Galgame"",""y"":2020,""pop"":698},{""t"":""アマカノ"",""cn"":"""",""ty"":""Galgame"",""y"":2014,""pop"":492},{""t"":""アマカノ２＋"",""cn"":"""",""ty"":""Galgame"",""y"":2023,""pop"":396},{""t"":""アマカノ～Second Season～"",""cn"":"""",""ty"":""Galgame"",""y"":2015,""pop"":329},{""t"":""アマカノ+"",""cn"":"""",""ty"":""Galgame"",""y"":2016,""pop"":213},{""t"":""アマカノ～Second Season～＋"",""cn"":"""",""ty"":""Galgame"",""y"":2017,""pop"":178}]",In Amakano+: Bust-Waist-87-55-86cm Cup E,698,0,698,0,,https://t.vndb.org/ch/29/130929.jpg,https://t.vndb.org/ch/29/130929.jpg,,#545563 #cdbdb0 #ebe2db #979490 #f8eff1 #ffffff,Brown Long Teen Slim Pale Doggy Style Cowgirl Standing Sex Blowjob Sixty-nine,,,https://vndb.org/c23306,
al132801,anilist,12,16,,,近江彼方,Kanata Konoe,,女,O,,动画,动画,ラブライブ！虹ヶ咲学園スクールアイドル同好会,,2020,动画,"[{""t"":""ラブライブ！虹ヶ咲学園スクールアイドル同好会"",""cn"":"""",""ty"":""动画"",""y"":2020,""pop"":32814},{""t"":""ラブライブ！虹ヶ咲学園スクールアイドル同好会 2"",""cn"":"""",""ty"":""动画"",""y"":2022,""pop"":17379},{""t"":""ラブライブ！虹ヶ咲学園スクールアイドル同好会 NEXT SKY"",""cn"":"""",""ty"":""动画"",""y"":2023,""pop"":6351},{""t"":""にじよん あにめーしょん"",""cn"":"""",""ty"":""动画"",""y"":2023,""pop"":5920},{""t"":""ラブライブ！虹ヶ咲学園スクールアイドル同好会 完結編 第1章"",""cn"":"""",""ty"":""动画"",""y"":2024,""pop"":5027},{""t"":""にじよん あにめーしょん2"",""cn"":"""",""ty"":""动画"",""y"":2024,""pop"":3198}]","158 cm (5'2"") Kanata Konoe is one of thirteen members of the Nijigasaki High School Idol Club. She was a member of the original group and is a member of QU4RTZ, a unit under Nijigaku.",452,452,0,0,,https://s4.anilist.co/file/anilistcdn/character/large/b132801-Eq8JToBrw9PR.png,https://s4.anilist.co/file/anilistcdn/character/medium/b132801-Eq8JToBrw9PR.png,,,,https://anilist.co/character/132801,,,
vndb-c85638,vndb,12,16,,,朝倉 霧香,Asakura Kirika,Sakuragi Akari / 桜木 アカリ,女,,,Galgame,Galgame,神様のような君へ,,2020,Galgame,,,317,0,317,0,,https://t.vndb.org/ch/80/105580.jpg,https://t.vndb.org/ch/80/105580.jpg,,#a57a6d #d4b8a1 #efdbc4 #f3ebe4 #f8f7f7,Long Wavy Teen Slim Pale Doggy Style Spoons Virgin Sex Amber Apron,,,https://vndb.org/c85638,
al172654,anilist,12,16,,,ミーア・ルーナ・ティアムーン,Mia Tearmoon,Selfish Princess / The Empire's Wisdom / Great Sage of the Empire / Meer,女,,11-,动画|漫画|轻小说,动画,ティアムーン帝国物語～断頭台から始まる、姫の転生逆転ストーリー～,,2023,动画,"[{""t"":""ティアムーン帝国物語～断頭台から始まる、姫の転生逆転ストーリー～"",""cn"":"""",""ty"":""动画"",""y"":2023,""pop"":35825},{""t"":""ティアムーン帝国物語～断頭台から始まる、姫の転生逆転ストーリー～@COMIC"",""cn"":"""",""ty"":""漫画"",""y"":2019,""pop"":5412},{""t"":""ティアムーン帝国物語 ～断頭台から始まる、姫の転生逆転ストーリー～"",""cn"":"""",""ty"":""轻小说"",""y"":2019,""pop"":2129},{""t"":""僕は今すぐ前世の記憶を捨てたい。～憧れの田舎は人外魔境でした～@COMIC"",""cn"":"""",""ty"":""漫画"",""y"":2022,""pop"":561},{""t"":""ティアムーン帝国物語～従者たちのお茶会～"",""cn"":"""",""ty"":""漫画"",""y"":2023,""pop"":510},{""t"":""ティアムーン帝国物語短編集@COMIC"",""cn"":"""",""ty"":""漫画"",""y"":2024,""pop"":108}]","Tearmoon Empire / Lunatear (Imperial Capital) / Whitemoon Palace The Tearmoon Empire's one and only Princess. Lazy, selfish, and a complete coward. She doesn't have a specific goal and only care about herself.",295,295,0,0,,https://s4.anilist.co/file/anilistcdn/character/large/b172654-Khtu5KqgNWMM.png,https://s4.anilist.co/file/anilistcdn/character/medium/b172654-Khtu5KqgNWMM.png,,,,https://anilist.co/character/172654,,,
vndb-c74788,vndb,12,16,,,遠山 六介,Tooyama Rokusuke,,男,B,,Galgame,Galgame,はぴねす！2 Sakura Celebration,,2019,Galgame,"[{""t"":""はぴねす！2 Sakura Celebration"",""cn"":"""",""ty"":""Galgame"",""y"":2019,""pop"":203},{""t"":""はぴねす！2 りらっくす"",""cn"":"""",""ty"":""Galgame"",""y"":2020,""pop"":35}]",,203,0,203,0,,https://t.vndb.org/ch/40/90540.jpg,https://t.vndb.org/ch/40/90540.jpg,,#a85666 #83afe3 #cda9b1 #e9dbdf #f9f4f3 #ffffff,Red Short Straight Brown Teen Slim Pale School Uniform Trousers Necktie,,,https://vndb.org/c74788,
al73677,anilist,12,16,,,芝山優生,Yuuki Shibayama,,,,15,动画,动画,ハイキュー!!,排球少年!!,2014,动画,"[{""t"":""ハイキュー!!"",""cn"":""排球少年!!"",""ty"":""动画"",""y"":2014,""pop"":583268},{""t"":""ハイキュー!! セカンドシーズン"",""cn"":""排球少年 第二季"",""ty"":""动画"",""y"":2015,""pop"":398770},{""t"":""ハイキュー!! 烏野高校 VS 白鳥沢学園高校"",""cn"":""排球少年 乌野高校 VS 白鸟泽学园高校"",""ty"":""动画"",""y"":2016,""pop"":362356},{""t"":""ハイキュー!! TO THE TOP"",""cn"":""排球少年 TO THE TOP"",""ty"":""动画"",""y"":2020,""pop"":293887},{""t"":""ハイキュー!! TO THE TOP 2"",""cn"":"""",""ty"":""动画"",""y"":2020,""pop"":255078},{""t"":""ハイキュー!! 陸 VS 空"",""cn"":"""",""ty"":""动画"",""y"":2020,""pop"":126303}]","Nekoma High School 162.5 cm 53.3 kg 1st Year, class 4 12 Libero One of the libero of the Nekoma High School volleyball club.",37,37,0,0,,https://s4.anilist.co/file/anilistcdn/character/large/b73677-Q6cR5bzHez9T.jpg,https://s4.anilist.co/file/anilistcdn/character/medium/b73677-Q6cR5bzHez9T.jpg,,,,https://anilist.co/character/73677,,,
vndb-c9806,vndb,12,17,,店长,店長,Manager,Tenchou,男,B,,Galgame,Galgame,真剣で私に恋しなさい！,认真和我恋爱！！,2009,Galgame,"[{""t"":""真剣で私に恋しなさい！"",""cn"":""认真和我恋爱！！"",""ty"":""Galgame"",""y"":2009,""pop"":9401},{""t"":""真剣で私に恋しなさい！S"",""cn"":""认真和我恋爱！S"",""ty"":""Galgame"",""y"":2012,""pop"":5025},{""t"":""真剣で私に恋しなさい！A-1"",""cn"":"""",""ty"":""Galgame"",""y"":2013,""pop"":2470},{""t"":""真剣で私に恋しなさい！A-2"",""cn"":"""",""ty"":""Galgame"",""y"":2013,""pop"":2188},{""t"":""真剣で私に恋しなさい！A-3"",""cn"":"""",""ty"":""Galgame"",""y"":2014,""pop"":1374},{""t"":""真剣で私に恋しなさい！A-5"",""cn"":"""",""ty"":""Galgame"",""y"":2016,""pop"":791}]",Bookstore manager.,9401,0,9401,1,,https://t.vndb.org/ch/24/10724.jpg,https://t.vndb.org/ch/24/10724.jpg,https://lain.bgm.tv/r/400/pic/crt/l/64/19/10192_crt_j9zLL.jpg,#d0d3be #a19b8d #eee5d6 #ffffff,Brown Short Slim Pale Trousers Adult T-shirt Ore Stubborn Bandanna,,https://bgm.tv/character/10192,https://vndb.org/c9806,10192
vndb-c27,vndb,12,17,,八神可可,八神 ココ,Yagami Koko,,女,B,,Galgame,Galgame,Ever17 -the out of infinity-,时空轮回,2002,Galgame,"[{""t"":""Ever17 -the out of infinity-"",""cn"":""时空轮回"",""ty"":""Galgame"",""y"":2002,""pop"":8747},{""t"":""Ever17"",""cn"":"""",""ty"":""Galgame"",""y"":2011,""pop"":257}]",天真可爱，不管什么时候都是那么幸福的可可。她好象能够放射出一种信号，她的言行会使听的人与见的人脑子里产生动摇……但是对可可来说这些都没什么意思，毫无意义 地将一个小勺子弄弯才是她唯一值得自豪的地方。但是也正是因为如此，大家才会这么地喜欢她，毫无憎恨，喜欢撒娇的少女。可可最大的优点大概也就是这个地方了。 「成功啦～成功啦～真的成功啦～～」 「真是一点办法也没有……」,8747,0,8747,90,,https://t.vndb.org/ch/93/119993.jpg,https://t.vndb.org/ch/93/119993.jpg,https://lain.bgm.tv/r/400/pic/crt/l/f6/b8/11723_crt_ENEIz.jpg,#faab24 #c77072 #f2d5ad #f7f5fa,Pink Odango Wavy Shoulder-length Teen Slim Pale Sweater Disaster Red,,https://bgm.tv/character/11723,https://vndb.org/c27,11723
al3195,anilist,12,17,,,フェイタン,Feitan Portor,Fei,男,,,动画|漫画,动画,HUNTER×HUNTER (2011),,2011,动画,"[{""t"":""HUNTER×HUNTER (2011)"",""cn"":"""",""ty"":""动画"",""y"":2011,""pop"":840476},{""t"":""HUNTER×HUNTER"",""cn"":""猎人"",""ty"":""动画"",""y"":1999,""pop"":134584},{""t"":""HUNTER×HUNTER"",""cn"":""猎人"",""ty"":""漫画"",""y"":1998,""pop"":109206},{""t"":""劇場版 HUNTER×HUNTER 緋色の幻影（ファントム・ルージュ）"",""cn"":"""",""ty"":""动画"",""y"":2013,""pop"":64831},{""t"":""HUNTER×HUNTER: Greed Island"",""cn"":"""",""ty"":""动画"",""y"":2003,""pop"":34034},{""t"":""HUNTER×HUNTER OVA"",""cn"":"""",""ty"":""动画"",""y"":2002,""pop"":30538}]","A mysterious member of the Phantom Troupe, Feitan is attired in what one would expect from a bandit - dark clothes with a skullhead scarf that covers his mouth. Feitan seldom speaks, but when he does, there's usually a word missing.",5285,5285,0,0,,https://s4.anilist.co/file/anilistcdn/character/large/3195.jpg,https://s4.anilist.co/file/anilistcdn/character/medium/3195.jpg,,,,https://anilist.co/character/3195,,,
vndb-c18194,vndb,12,17,,佐和田奈绪,佐和田 奈緒,Sawada Nao,,女,B,,Galgame,Galgame,恋がさくころ桜どき,恋花绽放樱飞时,2014,Galgame,,"Nao is the school nurse of Mihaya Academy. She doesn't have much motivation and hates trouble. Born in the same year as Aoi, she was the student of Yuma and Konami's father.",2672,0,2672,1,,https://t.vndb.org/ch/82/23482.jpg,https://t.vndb.org/ch/82/23482.jpg,https://lain.bgm.tv/r/400/pic/crt/l/d0/07/133401_crt_KC202.jpg,#4e3753 #997aa5 #bcbcdd #e9bdaf #ece9e8 #fdfefe,Violet Long Straight Slim Pale Amber Young-adult Miniskirt Lazy Friend,,https://bgm.tv/character/133401,https://vndb.org/c18194,133401
vndb-c6809,vndb,12,17,,,井河 アサギ,Igawa Asagi,,女,A,,Galgame,Galgame,対魔忍アサギ,,2005,Galgame,"[{""t"":""対魔忍アサギ"",""cn"":"""",""ty"":""Galgame"",""y"":2005,""pop"":1051},{""t"":""対魔忍ユキカゼ"",""cn"":"""",""ty"":""Galgame"",""y"":2011,""pop"":915},{""t"":""対魔忍アサギ２"",""cn"":"""",""ty"":""Galgame"",""y"":2006,""pop"":691},{""t"":""対魔忍アサギ3"",""cn"":"""",""ty"":""Galgame"",""y"":2012,""pop"":535},{""t"":""対魔忍アサギ外伝～カオス・アリーナ編～"",""cn"":"""",""ty"":""Galgame"",""y"":2005,""pop"":472},{""t"":""対魔忍ムラサキ～くノ一傀儡奴隷に堕つ～"",""cn"":"""",""ty"":""Galgame"",""y"":2008,""pop"":468}]",,1051,0,1051,0,1,https://t.vndb.org/ch/64/40464.jpg,https://t.vndb.org/ch/64/40464.jpg,,#8e6885 #593e59 #c0b1b2 #e0d9d8 #f3f2f1 #ffffff,Black Blue Ponytail Waist Length+ Slim Pale Proactive Swordsmanship Fighting Missionary,,,https://vndb.org/c6809,
al252687,anilist,12,17,,,眞霜平助,Heisuke Mashimo,Legendary Sniper Dragoon,男,,21,动画|漫画,动画,SAKAMOTO DAYS,,2025,动画,"[{""t"":""SAKAMOTO DAYS"",""cn"":"""",""ty"":""动画"",""y"":2025,""pop"":220325},{""t"":""SAKAMOTO DAYS 第２クール"",""cn"":"""",""ty"":""动画"",""y"":2025,""pop"":102983},{""t"":""SAKAMOTO DAYS"",""cn"":"""",""ty"":""漫画"",""y"":2020,""pop"":88751},{""t"":""SAKAMOTO DAYS 第2期"",""cn"":"""",""ty"":""动画"",""y"":2027,""pop"":22322},{""t"":""SAKAMOTO HOLIDAYS"",""cn"":"""",""ty"":""漫画"",""y"":2024,""pop"":1383}]","180 cm Heisuke Mashimo is a low-ranking assassin whose main skill is sharpshooting. Heisuke ended up losing his job, causing him to seek out [Tarou Sakamoto](//anilist.co/character/196522/Tarou-Sakamoto)'s bounty in order to turn his luck a…",585,585,0,0,,https://s4.anilist.co/file/anilistcdn/character/large/b252687-nLmp7FlEkm5d.jpg,https://s4.anilist.co/file/anilistcdn/character/medium/b252687-nLmp7FlEkm5d.jpg,,,,https://anilist.co/character/252687,,,
al7895,anilist,12,17,,,泉野明,Noa Izumi,,女,,,动画,动画,機動警察パトレイバー,,1988,动画,"[{""t"":""機動警察パトレイバー"",""cn"":"""",""ty"":""动画"",""y"":1988,""pop"":20946},{""t"":""機動警察パトレイバー 劇場版"",""cn"":"""",""ty"":""动画"",""y"":1989,""pop"":19226},{""t"":""機動警察パトレイバー2 the Movie"",""cn"":"""",""ty"":""动画"",""y"":1993,""pop"":15788},{""t"":""機動警察パトレイバー ON TELEVISION"",""cn"":"""",""ty"":""动画"",""y"":1989,""pop"":14392},{""t"":""WXIII 機動警察パトレイバー"",""cn"":"""",""ty"":""动画"",""y"":2002,""pop"":6179},{""t"":""機動警察パトレイバー NEW OVA"",""cn"":"""",""ty"":""动画"",""y"":1990,""pop"":5674}]","Section 2, Division 2, Team 1: The bubbly, perky, red-headed labor otaku from Hokkaidō. The main character of the show, Noa is usually the one at the center of the action.",388,388,0,0,,https://s4.anilist.co/file/anilistcdn/character/large/b7895-oT4XfNP2HdzQ.png,https://s4.anilist.co/file/anilistcdn/character/medium/b7895-oT4XfNP2HdzQ.png,,,,https://anilist.co/character/7895,,,
vndb-c21442,vndb,12,17,,,小原 あんず,Obara Anzu,,女,B,,Galgame,Galgame,晴のちきっと菜の花びより,,2014,Galgame,,,327,0,327,0,,https://t.vndb.org/ch/73/26573.jpg,https://t.vndb.org/ch/73/26573.jpg,,#ca7987 #daa3a8 #ecd5cc #f6f0e6 #fafbf9,Red Short Kid Illness Hospitalization Garnet Younger Sister,,,https://vndb.org/c21442,
vndb-c64476,vndb,12,17,,,双巳 リョウイチ,Futami Ryouichi,,男,O,,Galgame,Galgame,Charade Maniacs,,2018,Galgame,,"""Either way, the people running this thing seem to be willing to grant wishes. So, it's different now that we know at least that."" A student in vocational school studying art. He's very good with his hands and loves to do silver crafting.",294,0,294,0,,https://t.vndb.org/ch/32/81032.jpg,https://t.vndb.org/ch/32/81032.jpg,,#798989 #e7c5ba #f5efe6 #b3afa9 #fefefe,Curtained Short Amber Young-adult Yandere Yangire Friendly Blackmail Relaxed University Student,,,https://vndb.org/c64476,
vndb-c22453,vndb,12,17,,,知花 涼香,Chibana Ryouka,,女,AB,,Galgame,Galgame,キミのとなりで恋してる！,,2014,Galgame,"[{""t"":""キミのとなりで恋してる！"",""cn"":"""",""ty"":""Galgame"",""y"":2014,""pop"":249},{""t"":""キミのとなりで恋してる！ 〜 The Respective Happiness 〜"",""cn"":"""",""ty"":""Galgame"",""y"":2015,""pop"":116}]","A renowned ace when it comes to long distance races, she transferred to Keisen Academy from a school noted for its track and field club. She appears to know and have some kind of interest in Sekiya Akito.",249,0,249,0,,https://t.vndb.org/ch/49/27749.jpg,https://t.vndb.org/ch/49/27749.jpg,,#c28c96 #efc2aa #44394d #ebe2cd #f4f1e9 #feffff,Blond Twin Tails Waist Length+ Teen Slim Pale School Uniform Doggy Style Cowgirl Blowjob,,,https://vndb.org/c22453,
vndb-c83410,vndb,12,17,,,悪虂王,Akuroou,,男,,,Galgame,Galgame,DAIROKU：AYAKASHIMORI,,2020,Galgame,,The troubled oni with a shadow. He's always courteous to his friends and respects discipline. He's like a father and mother to the 'Makatsuhi'. Recent Failing to live up to his name.,212,0,212,0,,https://t.vndb.org/ch/35/106635.jpg,https://t.vndb.org/ch/35/106635.jpg,,#8b7c74 #402728 #b5aba4 #d7d3ce #edece9 #ffffff,Waist Length+ Curtained Straight Fighting Amber Red Young-adult Olive Tattoo Kimono,,,https://vndb.org/c83410,
al299827,anilist,12,17,,,ミュラー,Muller,Muller Choukan (ミュラー長官) / Secretary Muller,男,,,动画|漫画,动画,進撃の巨人 The Final Season完結編 前編,进击的巨人 最终季 完结篇 前篇,2023,动画,"[{""t"":""進撃の巨人 The Final Season完結編 前編"",""cn"":""进击的巨人 最终季 完结篇 前篇"",""ty"":""动画"",""y"":2023,""pop"":249964},{""t"":""進撃の巨人"",""cn"":""进击的巨人"",""ty"":""漫画"",""y"":2009,""pop"":226814},{""t"":""進撃の巨人 The Final Season完結編 後編"",""cn"":""进击的巨人 最终季 完结篇 后篇"",""ty"":""动画"",""y"":2023,""pop"":167073}]",Secretary in the Marlyean military.,3,3,0,0,,https://s4.anilist.co/file/anilistcdn/character/large/b299827-fNz0IBb3BEoQ.png,https://s4.anilist.co/file/anilistcdn/character/medium/b299827-fNz0IBb3BEoQ.png,,,,https://anilist.co/character/299827,,,
vndb-c4688,vndb,12,18,,鼠尾草,セージ,Sage,,女,A,,Galgame,Galgame,SHUFFLE!,,2004,Galgame,"[{""t"":""SHUFFLE!"",""cn"":"""",""ty"":""Galgame"",""y"":2004,""pop"":4051},{""t"":""SHUFFLE!"",""cn"":"""",""ty"":""Galgame"",""y"":2004,""pop"":4051},{""t"":""SHUFFLE!"",""cn"":"""",""ty"":""Galgame"",""y"":2004,""pop"":4051},{""t"":""Tick! Tack!"",""cn"":"""",""ty"":""Galgame"",""y"":2005,""pop"":604},{""t"":""Really? Really!"",""cn"":"""",""ty"":""Galgame"",""y"":2006,""pop"":443},{""t"":""シャッフル！エッセンス・プラス 特典ディスク"",""cn"":"""",""ty"":""Galgame"",""y"":2009,""pop"":45}]",品种：孟加拉猫 心地善良、身体强壮的大哥猫郎 鼠尾草不善言辞、少言寡语，但他会像一个大哥一样默默守护着大家。他心胸宽广，为人不拘小节。需要他出力的时候他从不推辞，非常有男子气概。,4051,0,4051,0,,https://t.vndb.org/ch/45/4745.jpg,https://t.vndb.org/ch/45/4745.jpg,https://lain.bgm.tv/r/400/pic/crt/l/0f/24/98434_crt_Fhqxy.jpg?r=1626405029,#dcccbd #53525a #a29995 #f3e9dd #f8f6f1 #ffffff,Black Shoulder-length Straight Slim Pale Missionary Doggy Style Blowjob Virgin Sex Sex with Others,,https://bgm.tv/character/98434,https://vndb.org/c4688,98434
vndb-c39201,vndb,12,18,,,雛衣 ポーレット,Hinai Paulette,,女,,,Galgame,Galgame,まいてつ,,2016,Galgame,"[{""t"":""まいてつ"",""cn"":"""",""ty"":""Galgame"",""y"":2016,""pop"":1818},{""t"":""まいてつ Last Run!!"",""cn"":"""",""ty"":""Galgame"",""y"":2020,""pop"":384}]","“My birthday? 12/18… Yes, that’s it! It’s that red brick building! My birthday is the same as the Imperial Station; the pride of Japan!” Succeeding her late father’s will, this young Ohitoyo mayor and president of the Ohitoyo Railway leads…",1818,0,1818,0,,https://t.vndb.org/ch/36/54736.jpg,https://t.vndb.org/ch/36/54736.jpg,,#907777 #d1bbb4 #eee1d1 #f7f2e7 #ffffff,Blond Shoulder-length Straight Teen Slim Pale Uniform Proactive Hard Worker Doggy Style,,,https://vndb.org/c39201,
vndb-c56670,vndb,12,18,,,朝霞 汐,Asaka Ushio,,女,A,,Galgame,Galgame,お家に帰るまでがましまろです,,2017,Galgame,,"Favorite Millefeuille Kamiogi Academy third-year and Marshmallow Tree's manager-slash-pastry chef. Easily underestimated because of her small stature, she's actually a sensible ""big sister"" type, at times even bordering on maternalistic.",1097,0,1097,0,,https://t.vndb.org/ch/35/68735.jpg,https://t.vndb.org/ch/35/68735.jpg,,#464b58 #c7b9ac #ebdfcf #82838a #f4f2ed #ffffff,Brown Waist Length+ Straight Slim Pale School Uniform Hard Worker Cooking Missionary Doggy Style,,,https://vndb.org/c56670,
vndb-c30373,vndb,12,18,,,乙丸 平士,Otomaru Heishi,,男,B,,Galgame,Galgame,NORN9 ~ノルン+ノネット~,,2013,Galgame,"[{""t"":""NORN9 ~ノルン+ノネット~"",""cn"":"""",""ty"":""Galgame"",""y"":2013,""pop"":714},{""t"":""Norn9 ~Norn + Nonette~ Last Era"",""cn"":"""",""ty"":""Galgame"",""y"":2015,""pop"":109},{""t"":""ノルン＋ノネット アクト チューン"",""cn"":"""",""ty"":""Galgame"",""y"":2016,""pop"":21}]","A young man who's energetic, lively and loves the company of others. The leader of the Norn members of his age group, Heishi isn't double--faced and is the life of the group. He can quickly move on from the bad things that happen to him.",714,0,714,0,,https://t.vndb.org/ch/08/36508.jpg,https://t.vndb.org/ch/08/36508.jpg,,#9a8486 #c8adae #e7ddd7 #56575b #f7f5f0 #ffffff,Pink Short Brown Teen Slim Pale Uniform Trousers Amnesia Coat,,,https://vndb.org/c30373,
al233970,anilist,12,18,,,市村琥珀,Kohaku Ichimura,Prince,男,AB,,动画|漫画,动画,うるわしの宵の月,,2026,动画,"[{""t"":""うるわしの宵の月"",""cn"":"""",""ty"":""动画"",""y"":2026,""pop"":40033},{""t"":""うるわしの宵の月"",""cn"":"""",""ty"":""漫画"",""y"":2020,""pop"":22251}]",183 cm Yoi Takiguchi's senpai. The male prince of the school.,496,496,0,0,,https://s4.anilist.co/file/anilistcdn/character/large/b233970-M5EHmCXPON4z.png,https://s4.anilist.co/file/anilistcdn/character/medium/b233970-M5EHmCXPON4z.png,,,,https://anilist.co/character/233970,,,
vndb-c1337,vndb,12,18,,,藤井 奈津実,Fujii Natsumi,,女,AB,,Galgame,Galgame,ときめきメモリアル Girl's Side,,2002,Galgame,,Natsumi is an energetic and spontaneous girl. She's the type of person who acts before she thinks. She's Himuro's natural enemy and is constantly trying to play pranks on him.,452,0,452,0,,https://t.vndb.org/ch/80/1380.jpg,https://t.vndb.org/ch/80/1380.jpg,,#ab9077 #4d4257 #ebcaae #ece2d5 #ffffff,Short Brown Teen Friend Rival Student Club Member Cheerleader Coworker High School Student Hairpin,,,https://vndb.org/c1337,
vndb-c33495,vndb,12,18,,,カトリーン,Katrijn,,女,,,Galgame,Galgame,紫影のソナーニル　～What a beautiful memories～,,2010,Galgame,,,421,0,421,0,,https://t.vndb.org/ch/29/40129.jpg,https://t.vndb.org/ch/29/40129.jpg,,#b29d82 #e0abb2 #575448 #f0e4db #fbfbf8,Blond Bun Slim Pale Disaster Amnesia Amber Kid Headband Skirt,,,https://vndb.org/c33495,
vndb-c62057,vndb,12,18,,,天城 冴子,Amagi Saeko,,女,B,,Galgame,Galgame,妖獣戦記 －Ａ．Ｄ．２０４８－,,1993,Galgame,"[{""t"":""妖獣戦記 －Ａ．Ｄ．２０４８－"",""cn"":"""",""ty"":""Galgame"",""y"":1993,""pop"":394},{""t"":""妖獣戦記２ -黎明の戦士たち-"",""cn"":"""",""ty"":""Galgame"",""y"":1995,""pop"":8},{""t"":""続妖獣戦記 －砂塵の黙示録－"",""cn"":"""",""ty"":""Galgame"",""y"":1993,""pop"":8}]",Born in 2030.,394,0,394,0,,https://t.vndb.org/ch/29/155929.jpg,https://t.vndb.org/ch/29/155929.jpg,,#ad726c #693e42 #f1c6b6 #341e24 #160d0f #000000,Black Waist Length+ Curtained Teen Slim Pale Fighting Black Headband Gloves,,,https://vndb.org/c62057,
al88752,anilist,12,18,,,氷堂 美智留,Michiru Hyoudou,Mittchan / Micchi ,女,,16,动画|漫画|轻小说,动画,冴えない彼女の育てかた,路人女主的养成方法,2015,动画,"[{""t"":""冴えない彼女の育てかた"",""cn"":""路人女主的养成方法"",""ty"":""动画"",""y"":2015,""pop"":178748},{""t"":""冴えない彼女の育てかた ♭"",""cn"":"""",""ty"":""动画"",""y"":2017,""pop"":104510},{""t"":""冴えない彼女の育てかた Fine"",""cn"":"""",""ty"":""动画"",""y"":2019,""pop"":59152},{""t"":""冴えない彼女の育てかた"",""cn"":""路人女主的养成方法"",""ty"":""轻小说"",""y"":2012,""pop"":3047},{""t"":""冴えない彼女の育てかた Girls Side"",""cn"":"""",""ty"":""漫画"",""y"":2016,""pop"":473},{""t"":""冴えない彼女の育てかた Girls Side"",""cn"":"""",""ty"":""轻小说"",""y"":2015,""pop"":352}]","174cm (5'8"") Michiru Hyodo is [Tomoya Aki](//anilist.co/character/88747/Tomoya-Aki)'s cousin/childhood friend (and by far his longest standing friend). She is a student in class 3, in the second year of Tsubaki Girls' Senior High School.",372,372,0,0,,https://s4.anilist.co/file/anilistcdn/character/large/b88752-u8siTVn4S3eG.png,https://s4.anilist.co/file/anilistcdn/character/medium/b88752-u8siTVn4S3eG.png,,,,https://anilist.co/character/88752,,,
al88747,anilist,12,18,,,安芸倫也,Tomoya Aki,Tomo / Akki / Mr. Ethical / Morals,男,,16,动画|漫画|轻小说,动画,冴えない彼女の育てかた,路人女主的养成方法,2015,动画,"[{""t"":""冴えない彼女の育てかた"",""cn"":""路人女主的养成方法"",""ty"":""动画"",""y"":2015,""pop"":178748},{""t"":""冴えない彼女の育てかた ♭"",""cn"":"""",""ty"":""动画"",""y"":2017,""pop"":104510},{""t"":""冴えない彼女の育てかた Fine"",""cn"":"""",""ty"":""动画"",""y"":2019,""pop"":59152},{""t"":""冴えない彼女の育てかた 恋するメトロノーム"",""cn"":""路人女主的养成方法 恋爱节拍器"",""ty"":""漫画"",""y"":2013,""pop"":4078},{""t"":""冴えない彼女の育てかた"",""cn"":""路人女主的养成方法"",""ty"":""漫画"",""y"":2013,""pop"":3464},{""t"":""冴えない彼女の育てかた"",""cn"":""路人女主的养成方法"",""ty"":""轻小说"",""y"":2012,""pop"":3047}]","Student / Executive producer / Director / Scenario writer / Manager Tomoya is described as a 'hardcore geek'. However, he is one of the three most notable students at Toyogasaki Academy, along with [Utaha Kasumigaoka](//anilist.co/character…",273,273,0,0,,https://s4.anilist.co/file/anilistcdn/character/large/b88747-QKs2TbCGlZr0.png,https://s4.anilist.co/file/anilistcdn/character/medium/b88747-QKs2TbCGlZr0.png,,,,https://anilist.co/character/88747,,,
al199057,anilist,12,18,,,イデア・シュラウド,Idia Shroud, Radish sproud / Firefly squid / Roi de Ta Chambre,男,,18,动画|漫画,动画,ディズニー ツイステッドワンダーランド ザ アニメーション シーズン1「エピソード オブ ハーツラビュル」,,2025,动画,"[{""t"":""ディズニー ツイステッドワンダーランド ザ アニメーション シーズン1「エピソード オブ ハーツラビュル」"",""cn"":"""",""ty"":""动画"",""y"":2025,""pop"":23543},{""t"":""ディズニー ツイステッドワンダーランドアンソロジーコミック"",""cn"":"""",""ty"":""漫画"",""y"":2020,""pop"":1466},{""t"":""ツイステ4コマ"",""cn"":"""",""ty"":""漫画"",""y"":2024,""pop"":173}]","183cm 3rd Year Housewarden of Ignihyde. The older of the Shroud brothers, a duo considered one of NRC's ""Seven Mysteries."" A genius, a shut-in, an ""arrogant"" otaku, and an unintentionally handsome guy from a prestigious family who harbors a…",266,266,0,0,,https://s4.anilist.co/file/anilistcdn/character/large/b199057-foaKEsSgbSdC.png,https://s4.anilist.co/file/anilistcdn/character/medium/b199057-foaKEsSgbSdC.png,,,,https://anilist.co/character/199057,,,
vndb-c127937,vndb,12,18,,,巴斯鲁,Basilou,,男,,,Galgame,Galgame,火山的女儿,,2023,Galgame,,"When he was younger he lived in the nearby village and moved to Wild Horse Lake because his parents operate a mill. He used to admire a girl and had always watched her from afar, but gradually lost interest in love as he grew older.",213,0,213,0,,https://t.vndb.org/ch/30/150630.jpg,https://t.vndb.org/ch/30/150630.jpg,,#9e8970 #404347 #b9afa0 #ffffff,Brown Beard Trousers Adult Muscular Olive Shirt Belt Kind Itome,,,https://vndb.org/c127937,
al145344,anilist,12,19,1991,松野千冬,松野千冬,Chifuyu Matsuno,,男,O,"14 (past), 26 (future)",动画|漫画,动画,東京リベンジャーズ,东京复仇者,2021,动画,"[{""t"":""東京リベンジャーズ"",""cn"":""东京复仇者"",""ty"":""动画"",""y"":2021,""pop"":445622},{""t"":""東京リベンジャーズ 聖夜決戦編"",""cn"":""东京复仇者 圣夜决战篇"",""ty"":""动画"",""y"":2023,""pop"":143018},{""t"":""東京卍リベンジャーズ"",""cn"":""东京卍复仇者"",""ty"":""漫画"",""y"":2017,""pop"":117730},{""t"":""東京リベンジャーズ 天竺編"",""cn"":"""",""ty"":""动画"",""y"":2023,""pop"":85576},{""t"":""東京リベンジャーズ 三天戦争編"",""cn"":"""",""ty"":""动画"",""y"":2026,""pop"":22716},{""t"":""東京卍リベンジャーズ　～場地圭介からの手紙～"",""cn"":"""",""ty"":""漫画"",""y"":2022,""pop"":2664}]",壹番队副队长。 原是一名嚣张的少年，中学开学时听说同级有留级生，认为是不良少年想先发制人，看到是打扮如书呆子的场地便折返，后来指正场地写的错字。在放学时遭“男打罗”帮众围攻，得场地出手帮助，自此便开始跟随他。,7383,7383,0,15,,https://s4.anilist.co/file/anilistcdn/character/large/b145344-q4BqRljEBYNc.png,https://s4.anilist.co/file/anilistcdn/character/medium/b145344-q4BqRljEBYNc.png,https://lain.bgm.tv/r/400/pic/crt/l/fe/20/86052_crt_DCv00.jpg?r=1629381919,,,https://anilist.co/character/145344,https://bgm.tv/character/86052,,86052
vndb-c15112,vndb,12,19,,饭冢武也,飯塚 武也,Iizuka Takeya,,男,,,Galgame,Galgame,WHITE ALBUM2,白色相簿2,2010,Galgame,"[{""t"":""WHITE ALBUM2"",""cn"":""白色相簿2"",""ty"":""Galgame"",""y"":2010,""pop"":4537},{""t"":""WHITE ALBUM2 ミニアフターストーリー"",""cn"":""白色相簿2 mini After Story"",""ty"":""Galgame"",""y"":2012,""pop"":1027}]",峰城大付属３年Ｇ組。 軽音楽同好会部長。ギター担当。 １年の時に主人公と同じクラスになったのが運の尽き（主人公的に）で、それ以来、一番の親友を自称して厄介ごとを押しつけてきたり、自分が別れた女を押しつけてきたりと酷いような最低なような微妙な関係。 垢抜けた容姿と後腐れのなさそうな言動で女子にもそのお手軽さが人気。 各クラスに一人ずつ彼女がいるらしいが男友達は自称親友一人のみ。 昔は真面目な奴だったらしいが、その真相を知っているのは一人だけ…,4537,0,4537,99,,https://t.vndb.org/ch/99/150599.jpg,https://t.vndb.org/ch/99/150599.jpg,https://lain.bgm.tv/r/400/pic/crt/l/b8/d3/20317_crt_dbp08.jpg,#836b5a #27272f #b5adaa #ded9d2 #f7f4ec #ffffff,Brown Ahoge Short Straight Brown Teen Slim Pale Trousers Young-adult,,https://bgm.tv/character/20317,https://vndb.org/c15112,20317
al76026,anilist,12,19,,,田所恵,Megumi Tadokoro,Dunce / Légumes Koro-pok-guru / Légumes Zashiki-warashi / Légumes Yuki-ko,女,O,15,动画,动画,食戟のソーマ,食戟之灵,2015,动画,"[{""t"":""食戟のソーマ"",""cn"":""食戟之灵"",""ty"":""动画"",""y"":2015,""pop"":403190},{""t"":""食戟のソーマ 弍ノ皿"",""cn"":""食戟之灵 贰之皿"",""ty"":""动画"",""y"":2016,""pop"":260416},{""t"":""食戟のソーマ 餐ノ皿"",""cn"":""食戟之灵 餐之皿"",""ty"":""动画"",""y"":2017,""pop"":227810},{""t"":""食戟のソーマ 神ノ皿"",""cn"":""食戟之灵  神之皿"",""ty"":""动画"",""y"":2019,""pop"":176469},{""t"":""『食戟のソーマ 餐ノ皿』 遠月列車篇"",""cn"":"""",""ty"":""动画"",""y"":2018,""pop"":172425},{""t"":""食戟のソーマ 豪ノ皿"",""cn"":"""",""ty"":""动画"",""y"":2020,""pop"":149392}]",154 cm Hospitality Megumi is from a cold harbor town in the Tōhoku region and enrolled into Tōtosuki's junior high program hoping to be able to help her family's bed-and-breakfast the Shokei'en Inn.,2370,2370,0,0,,https://s4.anilist.co/file/anilistcdn/character/large/b76026-cQAQTlZFfG2e.png,https://s4.anilist.co/file/anilistcdn/character/medium/b76026-cQAQTlZFfG2e.png,,,,https://anilist.co/character/76026,,,
al124459,anilist,12,19,,,ゾラ・イデアーレ,Zora Ideale,Xerx Lugner,男,A,25,动画|漫画,动画,ブラッククローバー,黑色五叶草,2017,动画,"[{""t"":""ブラッククローバー"",""cn"":""黑色五叶草"",""ty"":""动画"",""y"":2017,""pop"":583263},{""t"":""ブラッククローバー"",""cn"":""黑色五叶草"",""ty"":""漫画"",""y"":2015,""pop"":107258},{""t"":""ブラッククローバー 魔法帝の剣"",""cn"":"""",""ty"":""动画"",""y"":2023,""pop"":99687}]","~!Zora is the son of Zara Ideale, the first commoner Magic Knight, and is a rogue member of Clover Kingdom's Black Bull squad. He assumes the identity of Xerx Lugner during the Royal Knights Selection Exam.",1895,1895,0,0,,https://s4.anilist.co/file/anilistcdn/character/large/b124459-UggsjRUfNtko.png,https://s4.anilist.co/file/anilistcdn/character/medium/b124459-UggsjRUfNtko.png,,,,https://anilist.co/character/124459,,,
al47007,anilist,12,19,,,御狐神双熾,Soushi Miketsukami,Sou / Inu,男,,22,动画|漫画,动画,妖狐×僕SS,,2012,动画,"[{""t"":""妖狐×僕SS"",""cn"":"""",""ty"":""动画"",""y"":2012,""pop"":94890},{""t"":""妖狐×僕SS"",""cn"":"""",""ty"":""动画"",""y"":2012,""pop"":19196},{""t"":""妖狐×僕SS"",""cn"":"""",""ty"":""漫画"",""y"":2009,""pop"":7732}]",": 187 cm A nine tailed spirit fox, Soushi is also a mixed blood (youkai and human) like the other members of SS, but it is the most powerful one.",662,662,0,0,,https://s4.anilist.co/file/anilistcdn/character/large/b47007-DV4uXhHz2wGE.jpg,https://s4.anilist.co/file/anilistcdn/character/medium/b47007-DV4uXhHz2wGE.jpg,,,,https://anilist.co/character/47007,,,
vndb-c3134,vndb,12,19,,,京谷 透子,Kyouya Touko,,女,,,Galgame,Galgame,水夏~SUIKA~,,2001,Galgame,"[{""t"":""水夏~SUIKA~"",""cn"":"""",""ty"":""Galgame"",""y"":2001,""pop"":584},{""t"":""CircusLand I ～ドキ！ヒロインいっぱい初音島★コスプレミスコン祭り♪ よりどりみどりで♪好きな子選んで着せ替え育成デートだょ 兄さん♪～"",""cn"":"""",""ty"":""Galgame"",""y"":2007,""pop"":8}]","""You are the only one for me, but you are..."" The object of her desire - Masaki Yoshikazu. A feeling of relief. A feeling of conviction. The relief and conviction of knowing that she is loved. She is constantly seeking these things.",584,0,584,0,,https://t.vndb.org/ch/97/15597.jpg,https://t.vndb.org/ch/97/15597.jpg,,#261c1b #ccbfb4 #877f77 #ebdfd5 #f6f2ee #ffffff,Brown Waist Length+ Curtained Straight Slim Pale Cooking Blowjob Hazel Young-adult,,,https://vndb.org/c3134,
vndb-c92784,vndb,12,19,,,,Shiroya Mirana,Tanya,女,,,Galgame,Galgame,The Sekimeiya: Spun Glass,,2021,Galgame,,"Atsuki's childhood friend who is also struggling with trauma. She hopes that visiting the tower will allow them to heal, but they soon find their relationship challenged.",445,0,445,0,,https://t.vndb.org/ch/79/115279.jpg,https://t.vndb.org/ch/79/115279.jpg,,#6d7c96 #9db6ce #33343b #e6ccbb #ffffff,Blue Waist Length+ Pale Cooking Violet Young-adult Earrings Jacket Reserved Planning,,,https://vndb.org/c92784,
vndb-c1276,vndb,12,19,,,針谷 幸之進,Hariya Kounoshin,Harry,男,O,,Galgame,Galgame,ときめきメモリアル Girl’s Side 2nd Kiss,,2006,Galgame,,"Hariya is the kind of guy that's really fashion-conscious and ""in-style"". He nicknamed himself ""Harry"". A part of a rock band. His design is strongly based on today's Japanese youth.",366,0,366,0,,https://t.vndb.org/ch/20/1320.jpg,https://t.vndb.org/ch/20/1320.jpg,,#a37063 #744744 #cba290 #e4cdbc #eeece8 #fdfcfa,Brown Short Teen Earrings Outgoing High School Student Guitar Confident Singer Stylish,,,https://vndb.org/c1276,
vndb-c136802,vndb,12,19,,,柳木 叶夢,Yanagi Kanon,,女,O,,Galgame,Galgame,アマカノ３,,2025,Galgame,,"A junior student, one year younger than the protagonist. She's not good at studying but has a quick mind, is good at communicating, and is good at socialising.",353,0,353,0,,https://t.vndb.org/ch/90/180290.jpg,https://t.vndb.org/ch/90/180290.jpg,,#c09490 #7a585d #e4bcb2 #f1e0d9 #faf4ef #ffffff,Brown Violet Waist Length+ Teen Slim Pale School Uniform Cooking Standing Sex Blowjob,,,https://vndb.org/c136802,
vndb-c18380,vndb,12,19,,,ニール・ローウェル,Neil Lowell,ベリアル / Belial,男,,,Galgame,Galgame,神学校-Noli me tangere-,,2011,Galgame,"[{""t"":""神学校-Noli me tangere-"",""cn"":"""",""ty"":""Galgame"",""y"":2011,""pop"":346},{""t"":""神学校 The Gift"",""cn"":"""",""ty"":""Galgame"",""y"":2012,""pop"":105},{""t"":""神学番長"",""cn"":"""",""ty"":""Galgame"",""y"":2011,""pop"":58}]","""Well as they say, what they don’t know can’t hurt ‘em. Number one motto of the Lowell family."" A 6th year student and notorious playboy and delinquent.",346,0,346,0,,https://t.vndb.org/ch/36/23036.jpg,https://t.vndb.org/ch/36/23036.jpg,,#354561 #b29796 #ddcac5 #eee3de #f6f1ef #ffffff,Red Short School Uniform Magician Orphan Standing Sex Blowjob Anilingus Young-adult Secretive,,,https://vndb.org/c18380,
vndb-c36926,vndb,12,19,,,赤城 奈緒,Akagi Nao,,女,,,Galgame,Galgame,ハルコマニアックス,,2010,Galgame,,,334,0,334,0,,https://t.vndb.org/ch/72/44572.jpg,https://t.vndb.org/ch/72/44572.jpg,,#825d4a #8c71ba #4f3389 #452f21 #b8b6bd #eceae5,Brown Shoulder-length Short Straight Teen Slim Pale School Uniform Amber Girlfriend,,,https://vndb.org/c36926,
vndb-c69695,vndb,12,19,,,狩野 みなと,Kanou Minato,,女,O,,Galgame,Galgame,ラズベリーキューブ,,2018,Galgame,,,292,0,292,0,,https://t.vndb.org/ch/68/91668.jpg,https://t.vndb.org/ch/68/91668.jpg,,#d24f7e #63274a #d5a8b7 #f5e8dd #f6f2f3 #ffffff,Pink Ahoge Shoulder-length Straight Kemonomimi Teen Slim Pale School Uniform Cooking,,,https://vndb.org/c69695,
vndb-c39806,vndb,12,19,,,,Gumdrop,Candy Girl / Candy Weirdo,其他,,,Galgame,Galgame,Syrup and the Ultimate Sweet,,2015,Galgame,"[{""t"":""Syrup and the Ultimate Sweet"",""cn"":"""",""ty"":""Galgame"",""y"":2015,""pop"":273},{""t"":""Starry Flowers"",""cn"":"""",""ty"":""Galgame"",""y"":2021,""pop"":102},{""t"":""Syrup 2: Candy Alchemy RPG"",""cn"":"""",""ty"":""Galgame"",""y"":2025,""pop"":3}]",Magical candy golem who mysteriously appears in Syrup's laboratory.,273,0,273,0,,https://t.vndb.org/ch/00/48000.jpg,https://t.vndb.org/ch/00/48000.jpg,,#bb6f8c #5a3945 #efa6c3 #fad0de #ffffff,Pink Long Short Slim Uniform Hard Worker Unnatural Skin Tone Apron Dress Secretive,,,https://vndb.org/c39806,
vndb-c164613,vndb,12,19,,,秋吉 亜未,Akiyoshi Ami,,女,A,,Galgame,Galgame,働くオトナの恋愛事情,,2016,Galgame,,A university student whom the protagonist meets during running.,230,0,230,0,,,,,,Standing Sex University Student Athletics Not a Virgin Handjob Sex in Public Places Bukkake Outdoor Sex Promiscuous One-night Stand,,,https://vndb.org/c164613,
al87275,anilist,12,20,,金木研,金木研,Ken Kaneki,Eyepatch / Kane-yan / Kanekichi,男,AB,18-29,动画|漫画,动画,東京喰種 トーキョーグール,东京喰种,2014,动画,"[{""t"":""東京喰種 トーキョーグール"",""cn"":""东京喰种"",""ty"":""动画"",""y"":2014,""pop"":739775},{""t"":""東京喰種[トーキョーグール]√A"",""cn"":""东京喰种√A"",""ty"":""动画"",""y"":2015,""pop"":406723},{""t"":""東京喰種-トーキョーグール-:re"",""cn"":""东京喰种:re"",""ty"":""动画"",""y"":2018,""pop"":307841},{""t"":""東京喰種-トーキョーグール-:re 2"",""cn"":"""",""ty"":""动画"",""y"":2018,""pop"":237376},{""t"":""東京喰種 トーキョーグール"",""cn"":""东京喰种"",""ty"":""漫画"",""y"":2011,""pop"":196324},{""t"":""東京喰種-トーキョーグール-:re"",""cn"":""东京喰种:re"",""ty"":""漫画"",""y"":2014,""pop"":104047}]",本作第一部の主人公である青年。12月20日生まれのいて座。血液型AB型。愛称は「カネキ」。上井大学文学部国文科一年生で、20区内のマンションで一人暮らしをしていた。喰種のリゼに捕食されかけ瀕死になるものの、リゼの頭上より鉄骨が落下してきたことにより九死に一生を得る。搬送された病院でリゼの臓器を移植されて生き延びるが、その代償で半喰種となり、喰種の世界に関わることになる。,28133,28133,0,188,,https://s4.anilist.co/file/anilistcdn/character/large/b87275-mb13EWZBdbh3.png,https://s4.anilist.co/file/anilistcdn/character/medium/b87275-mb13EWZBdbh3.png,https://lain.bgm.tv/r/400/pic/crt/l/25/14/23732_crt_etEvL.jpg?r=1694415849,,,https://anilist.co/character/87275,https://bgm.tv/character/23732,,23732
vndb-c22770,vndb,12,20,,市之濑莉佳,市ノ瀬 莉佳,Ichinose Rika,,女,,,Galgame,Galgame,蒼の彼方のフォーリズム,苍之彼方的四重奏,2014,Galgame,"[{""t"":""蒼の彼方のフォーリズム"",""cn"":""苍之彼方的四重奏"",""ty"":""Galgame"",""y"":2014,""pop"":6594},{""t"":""蒼の彼方のフォーリズム EXTRA1"",""cn"":""苍之彼方的四重奏 EXTRA1"",""ty"":""Galgame"",""y"":2017,""pop"":2082},{""t"":""蒼の彼方のフォーリズム EXTRA2"",""cn"":""苍之彼方的四重奏 EXTRA2"",""ty"":""Galgame"",""y"":2022,""pop"":1885}]",本土から四島列島にある久奈島に引っ越してきた女の子。主人公達と違い「フライングサーカス」が盛んな 福富島のマンモス校に通う。本土では比較的盛んに「フライングサーカス」が行われていた学校に通っていた 事もあり、彼女はその経験者である。 自分の気持ちに素直になれない意地っ張りな性格で、よく他人に強く当たっている。常に凛としてふるまうしっかり者だが、大好きな可愛いものを前にするとつい気がゆるんでしまう。新ビジュアルにおいてはかなり凛々しい。,6594,0,6594,139,,https://t.vndb.org/ch/15/28115.jpg,https://t.vndb.org/ch/15/28115.jpg,https://lain.bgm.tv/r/400/pic/crt/l/6a/28/22882_crt_8a6YS.jpg,#b88898 #664755 #e9c2b7 #f7ebd5 #f8f3f0 #ffffff,Violet Ahoge Shoulder-length Straight Teen Slim Pale Hard Worker Cooking Missionary,,https://bgm.tv/character/22882,https://vndb.org/c22770,22882
vndb-c6178,vndb,12,20,,周濑律架,周瀬 律架,Suse Ritsuka,,女,,,Galgame,Galgame,魔法使いの夜,魔法使之夜,2012,Galgame,,在合田教会工作的双胞胎姐姐，与身为修女的妹妹不同，性格爽朗外向，深受有珠和草十郎仰慕，但不知为何却被青子犹如杀亲仇人般憎恨着。,5483,0,5483,33,,https://t.vndb.org/ch/97/54497.jpg,https://t.vndb.org/ch/97/54497.jpg,https://lain.bgm.tv/r/400/pic/crt/l/ee/32/24469_crt_hkqnk.jpg,#d46c57 #563a41 #c9ada0 #f3e2ce #ffffff,Brown Long Wavy Cross-dressing Brown Slim Pale Sweater Trousers Young-adult,,https://bgm.tv/character/24469,https://vndb.org/c6178,24469
al245,anilist,12,20,,日番谷冬狮郎,日番谷冬獅郎,Toushirou Hitsugaya,Shiro-chan (シロちゃん) / Lil' Shiro,男,,,动画|漫画,动画,BLEACH,死神,2004,动画,"[{""t"":""BLEACH"",""cn"":""死神"",""ty"":""动画"",""y"":2004,""pop"":521026},{""t"":""BLEACH 千年血戦篇"",""cn"":""死神 千年血战篇"",""ty"":""动画"",""y"":2022,""pop"":207081},{""t"":""BLEACH 千年血戦篇-訣別譚-"",""cn"":""死神 千年血战篇-诀别谭-"",""ty"":""动画"",""y"":2023,""pop"":143301},{""t"":""BLEACH"",""cn"":""死神"",""ty"":""漫画"",""y"":2001,""pop"":121044},{""t"":""BLEACH 千年血戦篇-相剋譚-"",""cn"":""死神 千年血战篇-相克谭-"",""ty"":""动画"",""y"":2024,""pop"":117708},{""t"":""BLEACH 千年血戦篇-禍進譚-"",""cn"":""死神 千年血战篇-祸进谭-"",""ty"":""动画"",""y"":2026,""pop"":86495}]",史上最年少で十番隊隊長にまで上りつめた神童。 戦闘は勿論、事務仕事もそつなくこなす。 幼い外見に反して鋭い洞察力を持ち、 冷静に行動する一方、激情を露わにすることも。 副隊長の松本乱菊とは性格が正反対だが関係は良好。 雛森桃とは幼馴染。,3824,3824,0,69,,https://s4.anilist.co/file/anilistcdn/character/large/b245-buy3Cfn6IFSB.jpg,https://s4.anilist.co/file/anilistcdn/character/medium/b245-buy3Cfn6IFSB.jpg,https://lain.bgm.tv/r/400/pic/crt/l/79/ee/7182_crt_2iuaU.jpg?r=1779274979,,,https://anilist.co/character/245,https://bgm.tv/character/7182,,7182
al42038,anilist,12,20,,,赤司征十郎,Seijuurou Akashi,Seijuro Akashi / Akashicchi / Aka-chin / Sei-chan,男,AB,16,动画,动画,黒子のバスケ,黑子的篮球,2012,动画,"[{""t"":""黒子のバスケ"",""cn"":""黑子的篮球"",""ty"":""动画"",""y"":2012,""pop"":286383},{""t"":""黒子のバスケ 2nd SEASON"",""cn"":"""",""ty"":""动画"",""y"":2013,""pop"":182891},{""t"":""黒子のバスケ 3rd SEASON"",""cn"":"""",""ty"":""动画"",""y"":2015,""pop"":162720},{""t"":""劇場版 黒子のバスケ Last Game"",""cn"":""剧场版 黑子的篮球 终极一战"",""ty"":""动画"",""y"":2017,""pop"":88995},{""t"":""黒子のバスケ 第22.5Q 「Tip off」"",""cn"":"""",""ty"":""动画"",""y"":2013,""pop"":26415},{""t"":""黒子のバスケ ~最高のプレゼントです~"",""cn"":"""",""ty"":""动画"",""y"":2015,""pop"":20374}]",洛山高校一年级。“奇迹的世代”的队长。 他认为胜利就是一切，自己在任何事情上从来没有输过，自己的一切都是正确，违背他意愿的人都要死。发掘到黑子潜力的人。 身高／173cm。位置／控球后卫 背号／？（帝光时为4号）,2915,2915,0,107,,https://s4.anilist.co/file/anilistcdn/character/large/b42038-3xNprwetDcl1.jpg,https://s4.anilist.co/file/anilistcdn/character/medium/b42038-3xNprwetDcl1.jpg,https://lain.bgm.tv/r/400/pic/crt/l/57/5f/15801_crt_bvlXY.jpg,,,https://anilist.co/character/42038,https://bgm.tv/character/15801,,15801
vndb-c71436,vndb,12,20,,伊梅恩,イメオン,Imeon,Noémi Castagnier,其他,B,,Galgame,Galgame,ファタモルガーナの館 -Another Episodes-,海市蜃楼之馆 -A Requiem for Innocence-,2015,Galgame,"[{""t"":""ファタモルガーナの館 -Another Episodes-"",""cn"":""海市蜃楼之馆 -A Requiem for Innocence-"",""ty"":""Galgame"",""y"":2015,""pop"":2656},{""t"":""ファタモルガーナの館 - 人気投票2"",""cn"":"""",""ty"":""Galgame"",""y"":2016,""pop"":32}]",[mask]别名：ノエミ・カスタニエ 简体中文名：诺埃米·卡斯塔尼尔 英文名：Noémi Castagnier 性别：女[/mask] 病気で迫害された青年。ある事情でミシェルの館に辿りついた。,2656,0,2656,4,,https://t.vndb.org/ch/49/86349.jpg,https://t.vndb.org/ch/49/86349.jpg,https://lain.bgm.tv/r/400/pic/crt/l/a6/32/86791_crt_115n5.jpg?r=1604469459,#7a6153 #9e8677 #533d35 #734228 #32211b #c8c1be,Red Short Cross-dressing Reverse-trap Green Hood Mask Bandages Pretending Cynic,,https://bgm.tv/character/86791,https://vndb.org/c71436,86791
al88946,anilist,12,20,,有马贵将,有馬貴将,Kishou Arima,CCG's Reaper / White Reaper,男,,29,动画|漫画,动画,東京喰種 トーキョーグール,东京喰种,2014,动画,"[{""t"":""東京喰種 トーキョーグール"",""cn"":""东京喰种"",""ty"":""动画"",""y"":2014,""pop"":739775},{""t"":""東京喰種[トーキョーグール]√A"",""cn"":""东京喰种√A"",""ty"":""动画"",""y"":2015,""pop"":406723},{""t"":""東京喰種-トーキョーグール-:re"",""cn"":""东京喰种:re"",""ty"":""动画"",""y"":2018,""pop"":307841},{""t"":""東京喰種-トーキョーグール-:re 2"",""cn"":"""",""ty"":""动画"",""y"":2018,""pop"":237376},{""t"":""東京喰種 トーキョーグール"",""cn"":""东京喰种"",""ty"":""漫画"",""y"":2011,""pop"":196324},{""t"":""東京喰種-トーキョーグール-:re"",""cn"":""东京喰种:re"",""ty"":""漫画"",""y"":2014,""pop"":104047}]",在新人时期因击退枭而成为局内的风云人物，能够将昆克运用自如的天才，曾经将四方莲示姊姊杀害，在漫画139话时将金木研打至濒死 有CCG的死神、不败的喰种搜查官之称。 昆克：“JACK”─甲赫：幸村。 准特等至今使用的昆克：甲赫“IXA”、羽赫“鸣神”。,2463,2463,0,44,,https://s4.anilist.co/file/anilistcdn/character/large/b88946-YbTQAGJAdpoH.jpg,https://s4.anilist.co/file/anilistcdn/character/medium/b88946-YbTQAGJAdpoH.jpg,https://lain.bgm.tv/r/400/pic/crt/l/6e/2c/27053_crt_3F4un.jpg?r=1421816008,,,https://anilist.co/character/88946,https://bgm.tv/character/27053,,27053
vndb-c124620,vndb,12,20,,,新石 英樹,Araishi Hideki,,男,AB,,Galgame,Galgame,PARANORMASIGHT FILE23 本所七不思議,,2023,Galgame,,Male Local History Researcher Curse Hideki is a historian who works part-time as a curator at the local folk museum and as a teacher at Komagata High School.,1115,0,1115,0,,https://t.vndb.org/ch/14/152714.jpg,https://t.vndb.org/ch/14/152714.jpg,,#aea08d #8d8680 #36322e #cdbdb5 #ffffff,Black Short Pale Trousers Grey Adult Suit Vest Genre Savvy Selfish,,,https://vndb.org/c124620,
al200291,anilist,12,20,,,綾瀬沙季,Saki Ayase,,女,,17,动画|漫画|轻小说,动画,義妹生活,,2024,动画,"[{""t"":""義妹生活"",""cn"":"""",""ty"":""动画"",""y"":2024,""pop"":81769},{""t"":""義妹生活"",""cn"":"""",""ty"":""漫画"",""y"":2021,""pop"":9130},{""t"":""義妹生活"",""cn"":"""",""ty"":""轻小说"",""y"":2021,""pop"":5940}]",[Yuuta](//anilist.co/character/200292/Yuuta-Asamura)'s step-sister and a second-year high school student. She became Yuuta's step-sister after her parents remarried.,973,973,0,0,,https://s4.anilist.co/file/anilistcdn/character/large/b200291-TfYUpLZVbYUd.jpg,https://s4.anilist.co/file/anilistcdn/character/medium/b200291-TfYUpLZVbYUd.jpg,,,,https://anilist.co/character/200291,,,
al48393,anilist,12,20,,,一条楽,Raku Ichijou,Beansprout / Darling / Big Bro / Young Master,男,A,15-17,动画|漫画,动画,ニセコイ,伪恋,2014,动画,"[{""t"":""ニセコイ"",""cn"":""伪恋"",""ty"":""动画"",""y"":2014,""pop"":268300},{""t"":""ニセコイ："",""cn"":""伪恋"",""ty"":""动画"",""y"":2015,""pop"":165810},{""t"":""ニセコイ"",""cn"":""伪恋"",""ty"":""漫画"",""y"":2011,""pop"":56560},{""t"":""ニセコイ OVA"",""cn"":"""",""ty"":""动画"",""y"":2014,""pop"":41784},{""t"":""ニセコイ: OAD"",""cn"":""伪恋 OAD"",""ty"":""动画"",""y"":2016,""pop"":21558},{""t"":""ニセコイモノガタリ"",""cn"":"""",""ty"":""动画"",""y"":2015,""pop"":12790}]","**** 168 cm Son of a Yakuza family. He's intelligent but not an adept fighter. He likes sweet things, wants to marry a Yamato Nadeshiko and says he's the kind of person who has to do it absolutely correctly when he puts his mind into someth…",779,779,0,0,,https://s4.anilist.co/file/anilistcdn/character/large/b48393-XwciXYkyzTMY.png,https://s4.anilist.co/file/anilistcdn/character/medium/b48393-XwciXYkyzTMY.png,,,,https://anilist.co/character/48393,,,
vndb-c31436,vndb,12,20,,,フェーナ,Fena,The Devoted Maid,女,,,Galgame,Galgame,ヴィーナスブラッド－フロンティア－,,2012,Galgame,,"A talented maid who serves Loki. While she is his maid, she is also like a mentor to Loki, and teaches him studies, etiquette, as well as basic magic and general education. She is the only one who sometimes calls him 「Young Master」.",646,0,646,0,,https://t.vndb.org/ch/58/106458.jpg,https://t.vndb.org/ch/58/106458.jpg,,#a05a71 #30233b #c09fb5 #ded3db #f7f3f4 #ffffff,Pink Waist Length+ Teen Pale Cowgirl Blowjob Red Twin Sister Maid Based on a Fictional Character,,,https://vndb.org/c31436,
vndb-c31437,vndb,12,20,,,メニア,Menia,The Demon Emperor's Secretary,女,,,Galgame,Galgame,ヴィーナスブラッド－フロンティア－,,2012,Galgame,,The Demon Emperor Surtr's assistant who supports him in dealing with internal affairs. A cool-headed secretary who carries out the Demon Emperor's orders with efficiency.,646,0,646,0,1,https://t.vndb.org/ch/68/106468.jpg,https://t.vndb.org/ch/68/106468.jpg,,#540f31 #9e5162 #be99a4 #e6cfce #f7f1ef #ffffff,Waist Length+ Teen Pale Orphan Blowjob Red Hat Evening Gloves Miniskirt Thigh-high Stockings,,,https://vndb.org/c31437,
al184458,anilist,12,20,,,シャウラ,Shaula,Stars-Keeper of the Watchtower,女,,,动画|轻小说,动画,Re:ゼロから始める異世界生活 4th season,,2026,动画,"[{""t"":""Re:ゼロから始める異世界生活 4th season"",""cn"":"""",""ty"":""动画"",""y"":2026,""pop"":139798},{""t"":""Re:ゼロから始める異世界生活"",""cn"":""Re：从零开始的异世界生活"",""ty"":""轻小说"",""y"":2014,""pop"":30155}]","Shaula is the overseer of the Pleiades Watchtower created by Flugel. She is tall, has dark green eyes and long brown blackish hair. Her outfit has a similar color scheme to that of Subaru.",644,644,0,0,,https://s4.anilist.co/file/anilistcdn/character/large/b184458-wchLacBSRg3L.png,https://s4.anilist.co/file/anilistcdn/character/medium/b184458-wchLacBSRg3L.png,,,,https://anilist.co/character/184458,,,
al5267,anilist,12,20,1979,,黒桐幹也,Mikiya Kokutou,Cocteau,男,,,动画,动画,空の境界 俯瞰風景,,2007,动画,"[{""t"":""空の境界 俯瞰風景"",""cn"":"""",""ty"":""动画"",""y"":2007,""pop"":111027},{""t"":""空の境界 殺人考察(前)"",""cn"":"""",""ty"":""动画"",""y"":2007,""pop"":65055},{""t"":""空の境界 痛覚残留"",""cn"":"""",""ty"":""动画"",""y"":2008,""pop"":61372},{""t"":""空の境界 矛盾螺旋"",""cn"":"""",""ty"":""动画"",""y"":2008,""pop"":61140},{""t"":""カーニバル・ファンタズム"",""cn"":""幻想嘉年华"",""ty"":""动画"",""y"":2011,""pop"":59282},{""t"":""空の境界 伽藍の洞"",""cn"":"""",""ty"":""动画"",""y"":2008,""pop"":57683}]","173 cm [Shiki](//anilist.co/character/3105/Ryougi-Shiki)'s friend who, two years ago, made a promise with Shiki to attend college.",567,567,0,0,,https://s4.anilist.co/file/anilistcdn/character/large/b5267-aBSt3ADW1fvW.png,https://s4.anilist.co/file/anilistcdn/character/medium/b5267-aBSt3ADW1fvW.png,,,,https://anilist.co/character/5267,,,
vndb-c133476,vndb,12,20,,,蓼科 イウヴァリー マクブライド,Tateshina Euvely Mcbride,Eve / イヴ,女,,,Galgame,Galgame,セレクトオブリージュ,,2024,Galgame,,"The Aikido Police Agency's Secret Trickster This second-year powerhouse serves as the Athletic Director, commanding all sports clubs on campus. Though she's clinched national championships in Aikido, Eve stays remarkably grounded.",515,0,515,0,,https://t.vndb.org/ch/38/164538.jpg,https://t.vndb.org/ch/38/164538.jpg,,#305179 #f0d2ab #c5968e #eee3da #f9f5f1 #ffffff,Blond Long Wavy Teen Slim Pale School Uniform Hard Worker Doggy Style Cowgirl,,,https://vndb.org/c133476,
al154079,anilist,12,20,,,アロー,Arrow,Sniper (狙撃手),女,A,24,动画|漫画,动画,炎炎ノ消防隊,炎炎消防队,2019,动画,"[{""t"":""炎炎ノ消防隊"",""cn"":""炎炎消防队"",""ty"":""动画"",""y"":2019,""pop"":483496},{""t"":""炎炎ノ消防隊 弐ノ章"",""cn"":""炎炎消防队 二之章"",""ty"":""动画"",""y"":2020,""pop"":300881},{""t"":""炎炎ノ消防隊 参ノ章"",""cn"":""炎炎消防队 叁之章"",""ty"":""动画"",""y"":2025,""pop"":130164},{""t"":""炎炎ノ消防隊 参ノ章 第2クール"",""cn"":""炎炎消防队 叁之章 第2部分"",""ty"":""动画"",""y"":2026,""pop"":88814},{""t"":""炎炎ノ消防隊"",""cn"":""炎炎消防队"",""ty"":""漫画"",""y"":2015,""pop"":66020}]",Arrow is the Primary Vice-Commander of the Knights of the Ashen Flame and serves as the Third Pillar's bodyguard.,496,496,0,0,,https://s4.anilist.co/file/anilistcdn/character/large/b154079-GpsGmipLzbB2.png,https://s4.anilist.co/file/anilistcdn/character/medium/b154079-GpsGmipLzbB2.png,,,,https://anilist.co/character/154079,,,
vndb-c21842,vndb,12,20,,,有栖 結愛,Arisu Yua,,女,,,Galgame,Galgame,あまたらすリドルスター,,2013,Galgame,,Yua is the childhood friend of Takaya. It’s pretty obvious that this girl is already infatuated to the protagonist from the very beginning of the title; shown by her constant approaches despite the fact Takaya seems to find it annoying.,486,0,486,0,,https://t.vndb.org/ch/87/27087.jpg,https://t.vndb.org/ch/87/27087.jpg,,#3f4059 #838299 #b9b9c7 #f6f5f0 #e1dede #fffffe,Black Ahoge Waist Length+ Straight Teen Slim Pale School Uniform Cooking Missionary,,,https://vndb.org/c21842,
al215421,anilist,12,20,,,연하늘,Ha-Neul Yeon,Skylar Yeon,男,,18,漫画,漫画,클라우드,,2020,漫画,,": 173 cm (5' 8.5"") Has been part of the photography club since his first year in high school. His hobby is taking pictures of his crush, Chan-Il.",421,421,0,0,,https://s4.anilist.co/file/anilistcdn/character/large/b215421-PYN5E9eoPSML.png,https://s4.anilist.co/file/anilistcdn/character/medium/b215421-PYN5E9eoPSML.png,,,,https://anilist.co/character/215421,,,
vndb-c4753,vndb,12,20,,,万 千歌,Yorozu Senka,,女,,,Galgame,Galgame,星空へ架かる橋,,2010,Galgame,"[{""t"":""星空へ架かる橋"",""cn"":"""",""ty"":""Galgame"",""y"":2010,""pop"":384},{""t"":""星空へ架かる橋AA"",""cn"":"""",""ty"":""Galgame"",""y"":2012,""pop"":164}]","Senka Yorozu is the titular owner of the Yorozuyo Inn. A friendly and hospitable woman, Senka, a friend of Kazuma and Ayumu's father, warmly welcomes the boys to live with her when they travel to Yamabiko.",384,0,384,0,,https://t.vndb.org/ch/09/4809.jpg,https://t.vndb.org/ch/09/4809.jpg,,#594b4f #847b7f #c7afaf #e3d7d2 #f8f4e9 #ffffff,Black Bun Long Slim Pale School Uniform Hard Worker Missionary Doggy Style Cowgirl,,,https://vndb.org/c4753,
vndb-c91643,vndb,12,20,,,신승연,Shin Seungyeon,,女,B,,Galgame,Galgame,베리드 스타즈,,2020,Galgame,,Star producer who made her previously produced program a big hit. Chosen as the general producer for the new season of Buried Stars with high expectations coming from the management. Her controversial directing style attracts attention.,218,0,218,0,,https://t.vndb.org/ch/64/196664.jpg,https://t.vndb.org/ch/64/196664.jpg,,#373c43 #c5b4b3 #e6dbd7 #747478 #ffffff,Black Shoulder-length Pale Hard Worker Grey Young-adult Glasses Narcissist Blackmail Death,,,https://vndb.org/c91643,
vndb-c4798,vndb,12,20,,,木ノ瀬 梓,Kinose Azusa,,男,AB,,Galgame,Galgame,Starry☆Sky ~in Summer~,,2009,Galgame,"[{""t"":""Starry☆Sky ~in Summer~"",""cn"":"""",""ty"":""Galgame"",""y"":2009,""pop"":197},{""t"":""Starry☆Sky ~After Summer~"",""cn"":"""",""ty"":""Galgame"",""y"":2011,""pop"":68},{""t"":""Starry☆Sky ~After Winter~"",""cn"":"""",""ty"":""Galgame"",""y"":2012,""pop"":42}]","Azusa represents the Sagittarius. Although he is a newcomer to the archery club, he has met Tsukiko before and inspired her to become better at it. He is cocky, confident of himself and he declares himself as a natural genius.",197,0,197,0,,https://t.vndb.org/ch/48/4848.jpg,https://t.vndb.org/ch/48/4848.jpg,,#3ded03 #67ee3c #b4c7a6 #576869 #f3f4f2,Black Short Straight Teen Slim Pale School Uniform Violet Hakama Boku,,,https://vndb.org/c4798,
al298962,anilist,12,20,,,エイシア・スティルザ,Eishia Stilza,,女,,17,动画|漫画,动画,ガチアクタ,GACHIAKUTA咔嗒咔嗒,2025,动画,"[{""t"":""ガチアクタ"",""cn"":""GACHIAKUTA咔嗒咔嗒"",""ty"":""动画"",""y"":2025,""pop"":256032},{""t"":""ガチアクタ"",""cn"":""GACHIAKUTA咔嗒咔嗒"",""ty"":""漫画"",""y"":2022,""pop"":66558}]","Cleaners 153 cm Eishia is a rather small young woman with blonde hair and pink eyes. She is incredibly shy, not being one to take credit for things she's done.",167,167,0,0,,https://s4.anilist.co/file/anilistcdn/character/large/b298962-lOEicLlWzNax.png,https://s4.anilist.co/file/anilistcdn/character/medium/b298962-lOEicLlWzNax.png,,,,https://anilist.co/character/298962,,,
vndb-c3798,vndb,12,21,,大佐,大佐,Colonel,Taijiri Yasushi / 田尻 耕,男,A,,Galgame,Galgame,真剣で私に恋しなさい！S,认真和我恋爱！S,2012,Galgame,"[{""t"":""真剣で私に恋しなさい！S"",""cn"":""认真和我恋爱！S"",""ty"":""Galgame"",""y"":2012,""pop"":5025},{""t"":""真剣で私に恋しなさい！A-1"",""cn"":"""",""ty"":""Galgame"",""y"":2013,""pop"":2470},{""t"":""真剣で私に恋しなさい！A-2"",""cn"":"""",""ty"":""Galgame"",""y"":2013,""pop"":2188},{""t"":""真剣で私に恋しなさい！A-3"",""cn"":"""",""ty"":""Galgame"",""y"":2014,""pop"":1374},{""t"":""真剣で私に恋しなさい！A-4"",""cn"":"""",""ty"":""Galgame"",""y"":2014,""pop"":1023},{""t"":""真剣で私に恋しなさい！A-5"",""cn"":"""",""ty"":""Galgame"",""y"":2016,""pop"":791}]",#12登场,5025,0,5025,1,,https://t.vndb.org/ch/22/21322.jpg,https://t.vndb.org/ch/22/21322.jpg,https://lain.bgm.tv/r/400/pic/crt/l/85/a1/38429_crt_bAoc1.jpg?r=1453711417,#bdac9b #35363b #e3d3c2 #676568 #ffffff,Short Moustache Violet Adult Muscular Olive Suit Necktie Shirt Narcissist,,https://bgm.tv/character/38429,https://vndb.org/c3798,38429
vndb-c85775,vndb,12,21,,Boss,ボス,Boss,Shizue Kuranushi / 暮主 静枝 / Kuranushi Shizue,女,,,Galgame,Galgame,AI：ソムニウム ファイル,AI：梦境档案,2019,Galgame,"[{""t"":""AI：ソムニウム ファイル"",""cn"":""AI：梦境档案"",""ty"":""Galgame"",""y"":2019,""pop"":4117},{""t"":""AI: ソムニウムファイル ニルヴァーナイニシアチブ"",""cn"":""AI：梦境档案 涅槃肇始"",""ty"":""Galgame"",""y"":2022,""pop"":1753},{""t"":""伊達鍵は眠らない – From AI：ソムニウムファイル"",""cn"":""无法成眠的伊达键 - From AI：梦境档案"",""ty"":""Galgame"",""y"":2025,""pop"":276}]",日本に混乱をもたらさんと結成された秘密結社「アポカリプス」の女ボス。本名不明。20歳（自称）。 秘密結社の規模自体はかなり大きく、日本中の企業にスパイを潜り込ませ重要インフラを破壊することができるほどである。しかし妹のマユたんを溺愛しており、その行動原理は基本的に妹に相手にされないことへの八つ当たりか、妹に喜んでもらうための行動である。そのため同じく妹関連で暴走するお兄ちゃんとは気が合うことがあり、二人揃って姫苺の策に乗せられたことがある。,4117,0,4117,1,,https://t.vndb.org/ch/05/135605.jpg,https://t.vndb.org/ch/05/135605.jpg,https://lain.bgm.tv/r/400/pic/crt/l/e9/bc/29737_crt_iEhtu.jpg,#86403d #311c1d #bcafa9 #e0d3c8 #ffffff,Brown Ponytail Long Wavy Brown Slim Pale Hard Worker Adult Mini-dress,,https://bgm.tv/character/29737,https://vndb.org/c85775,29737
al126093,anilist,12,21,,,壊理,Eri,エリ,女,,6-,动画|漫画,动画,僕のヒーローアカデミア４,,2019,动画,"[{""t"":""僕のヒーローアカデミア４"",""cn"":"""",""ty"":""动画"",""y"":2019,""pop"":532336},{""t"":""僕のヒーローアカデミア５"",""cn"":"""",""ty"":""动画"",""y"":2021,""pop"":414683},{""t"":""僕のヒーローアカデミア６"",""cn"":"""",""ty"":""动画"",""y"":2022,""pop"":269963},{""t"":""僕のヒーローアカデミア 7"",""cn"":"""",""ty"":""动画"",""y"":2024,""pop"":184749},{""t"":""僕のヒーローアカデミア"",""cn"":""我的英雄学院"",""ty"":""漫画"",""y"":2014,""pop"":178045},{""t"":""僕のヒーローアカデミア FINAL SEASON"",""cn"":""我的英雄学院 最终季"",""ty"":""动画"",""y"":2025,""pop"":133359}]","110 cm Rewind Eri is a child with bandages all over her body. She wears a white short sleeve dress and has a small horn on the right side of her forehead and has white, long, choppy, unkempt hair. She also has red eyes.",2332,2332,0,0,,https://s4.anilist.co/file/anilistcdn/character/large/126093-1SuOurVJnRla.jpg,https://s4.anilist.co/file/anilistcdn/character/medium/126093-1SuOurVJnRla.jpg,,,,https://anilist.co/character/126093,,,
al148145,anilist,12,21,,,表田裏道,Uramichi Omota,Big Brother / Baikinder / God of Shiso / Bonjour Man,男,AB,31,动画|漫画,动画,うらみちお兄さん,,2021,动画,"[{""t"":""うらみちお兄さん"",""cn"":"""",""ty"":""动画"",""y"":2021,""pop"":87073},{""t"":""うらみちお兄さん"",""cn"":"""",""ty"":""漫画"",""y"":2017,""pop"":8586}]","**** 175 cm (5'9) He works as an exercise instructor (or gymnastics teacher) for the educational TV program ""Together with Mama"". The characters of his name implies that he is two-faced.",1431,1431,0,0,,https://s4.anilist.co/file/anilistcdn/character/large/b148145-Nv7IxFkYbarn.jpg,https://s4.anilist.co/file/anilistcdn/character/medium/b148145-Nv7IxFkYbarn.jpg,,,,https://anilist.co/character/148145,,,
vndb-c81176,vndb,12,21,,,テウタ,Teuta Bridges,,女,AB,,Galgame,Galgame,BUSTAFELLOWS,,2019,Galgame,"[{""t"":""BUSTAFELLOWS"",""cn"":"""",""ty"":""Galgame"",""y"":2019,""pop"":908},{""t"":""BUSTAFELLOWS シーズン2"",""cn"":"""",""ty"":""Galgame"",""y"":2023,""pop"":126}]","A 21-year-old freelance journalist working in New Sieg. As a child, she witnessed the murder of her brother, so decided to take up a life of journalism to maintain order and justice.",908,0,908,0,,https://t.vndb.org/ch/87/98487.jpg,https://t.vndb.org/ch/87/98487.jpg,,#a51f24 #60111b #a67264 #86171d #550b14 #e2c5ae,Blond Red Shoulder-length Straight Sweater Proactive Cooking Green Coat Shorts,,,https://vndb.org/c81176,
vndb-c141168,vndb,12,21,,,蒔原 美佳,Makihara Mika,,女,O,,Galgame,Galgame,アマガミ,,2009,Galgame,"[{""t"":""アマガミ"",""cn"":"""",""ty"":""Galgame"",""y"":2009,""pop"":775},{""t"":""アマガミGS"",""cn"":"""",""ty"":""Galgame"",""y"":2012,""pop"":26}]",,775,0,775,0,,https://t.vndb.org/ch/03/165903.jpg,https://t.vndb.org/ch/03/165903.jpg,,#324a5d #907c75 #ccb2a5 #eedbcc #ffffff,Brown Shoulder-length Teen Slim Pale School Uniform High School Student Tareme Parted in Middle Watashi,,,https://vndb.org/c141168,
vndb-c98134,vndb,12,21,,,羽衣石 姫子,Uishi Himeko,Hime-chan / Little Pincess / リトルプリンセス / 姫ちゃん,女,O,,Galgame,Galgame,創作彼女の恋愛公式,,2021,Galgame,,"Playing mahjong Ramen (not the instant kind), smoking, gothic lolita fashion, hopeful young creators with dreams Negative humans, formal situations (such as company meetings or gatherings), payment due dates Toshiki's class's teacher.",738,0,738,0,,https://t.vndb.org/ch/89/118889.jpg,https://t.vndb.org/ch/89/118889.jpg,,#363345 #5e5a73 #e9dfdb #b3abb2 #faf3ed #ffffff,Violet Waist Length+ Slim Pale Grey Young-adult Drinking Smoking Teacher Younger Appearance,,,https://vndb.org/c98134,
vndb-c102034,vndb,12,21,,,,The Fairy Queen,,女,,,Galgame,Galgame,Heart of the Woods,,2019,Galgame,,"Queen of the fairies, and an important part of the forest. However, it's been decades since she was last seen.",672,0,672,0,1,https://t.vndb.org/ch/24/123824.jpg,https://t.vndb.org/ch/24/123824.jpg,,#7d90ac #424769 #b2c7d3 #d8e1e5 #f4ece8 #fefefe,White Blue Fairy,,,https://vndb.org/c102034,
al2682,anilist,12,21,,,浮竹十四郎,Juushirou Ukitake,Shirou-chan,男,,,动画|漫画,动画,BLEACH,死神,2004,动画,"[{""t"":""BLEACH"",""cn"":""死神"",""ty"":""动画"",""y"":2004,""pop"":521026},{""t"":""BLEACH 千年血戦篇"",""cn"":""死神 千年血战篇"",""ty"":""动画"",""y"":2022,""pop"":207081},{""t"":""BLEACH 千年血戦篇-訣別譚-"",""cn"":""死神 千年血战篇-诀别谭-"",""ty"":""动画"",""y"":2023,""pop"":143301},{""t"":""BLEACH"",""cn"":""死神"",""ty"":""漫画"",""y"":2001,""pop"":121044},{""t"":""BLEACH 千年血戦篇-相剋譚-"",""cn"":""死神 千年血战篇-相克谭-"",""ty"":""动画"",""y"":2024,""pop"":117708},{""t"":""BLEACH MEMORIES OF NOBODY"",""cn"":"""",""ty"":""动画"",""y"":2006,""pop"":48314}]","6'1"" (187 cm) Captain of 13th Division [Sougyo no Kotowari](//anilist.co/character/31391/Sougyo-no-Kotowari) Ukitake is the captain of the 13 Division in the Gotei 13.",607,607,0,0,,https://s4.anilist.co/file/anilistcdn/character/large/b2682-4BB6qdB296iG.png,https://s4.anilist.co/file/anilistcdn/character/medium/b2682-4BB6qdB296iG.png,,,,https://anilist.co/character/2682,,,
al5268,anilist,12,21,,,黒桐鮮花,Azaka Kokutou,,女,B,,动画,动画,空の境界 俯瞰風景,,2007,动画,"[{""t"":""空の境界 俯瞰風景"",""cn"":"""",""ty"":""动画"",""y"":2007,""pop"":111027},{""t"":""空の境界 痛覚残留"",""cn"":"""",""ty"":""动画"",""y"":2008,""pop"":61372},{""t"":""空の境界 矛盾螺旋"",""cn"":"""",""ty"":""动画"",""y"":2008,""pop"":61140},{""t"":""カーニバル・ファンタズム"",""cn"":""幻想嘉年华"",""ty"":""动画"",""y"":2011,""pop"":59282},{""t"":""空の境界 殺人考察(後)"",""cn"":"""",""ty"":""动画"",""y"":2009,""pop"":53626},{""t"":""空の境界 忘却録音"",""cn"":"""",""ty"":""动画"",""y"":2008,""pop"":52895}]","**** 160 cm Mikiya's younger sister, who she is in love with. She becomes an apprentice of Touko due to her rivalry with Shiki and is talented in the magic of ignition.",588,588,0,0,,https://s4.anilist.co/file/anilistcdn/character/large/b5268-9v9bSOTESyH0.png,https://s4.anilist.co/file/anilistcdn/character/medium/b5268-9v9bSOTESyH0.png,,,,https://anilist.co/character/5268,,,
vndb-c130410,vndb,12,21,,,エイフェックス＝ローガン,Aphex Logan,,男,AB,,Galgame,Galgame,超探偵事件簿 レインコード,,2023,Galgame,,"Born to lawyer parents, he lost them at an early age and lived a rough life in the slums from then on. Due to these circumstances, he tends to be rude and tries to solve problems with violence.",574,0,574,0,,https://t.vndb.org/ch/68/153868.jpg,https://t.vndb.org/ch/68/153868.jpg,,#27201b #62574f #9f9591 #d1cbca #ffffff,Blond Hard Worker Grey Ore Short-tempered Detective Rude Chain Jewellery Homicide Violent,,,https://vndb.org/c130410,
vndb-c92783,vndb,12,21,,,,Atsuki Hakutoki,,男,,,Galgame,Galgame,The Sekimeiya: Spun Glass,,2021,Galgame,,"A visitor who is drawn to the tower not because of the event, but for his own personal reasons. Despite struggling with recent trauma, he finds himself actively engaged in the mysteries surrounding him.",445,0,445,0,,https://t.vndb.org/ch/71/115271.jpg,https://t.vndb.org/ch/71/115271.jpg,,#7c655b #c6ad98 #282d2d #edd6c0 #ffffff,Brown Short Brown Teen Pale Proactive Secretive Jacket Genre Savvy Reserved,,,https://vndb.org/c92783,
al944,anilist,12,21,,,小早川瀬那,Sena Kobayakawa,Eyeshield 21,,A,,动画|漫画,动画,アイシールド21,,2005,动画,"[{""t"":""アイシールド21"",""cn"":"""",""ty"":""动画"",""y"":2005,""pop"":34136},{""t"":""アイシールド21"",""cn"":"""",""ty"":""漫画"",""y"":2002,""pop"":22604},{""t"":""ジャンプスーパースターズ"",""cn"":"""",""ty"":""漫画"",""y"":2005,""pop"":1540},{""t"":""【アイシールド21 】21st ANNIVERSARY PV"",""cn"":"""",""ty"":""动画"",""y"":2024,""pop"":472}]","155 cm (5' 1"") The main character of Eyeshield 21. Initially a bullied gopher, his speed was discovered by Hiruma as he was literally forced into joining the football team at Deimon.",421,421,0,0,,https://s4.anilist.co/file/anilistcdn/character/large/n944-deXgyvNgXp50.png,https://s4.anilist.co/file/anilistcdn/character/medium/n944-deXgyvNgXp50.png,,,,https://anilist.co/character/944,,,
vndb-c98854,vndb,12,21,,,兎月 白雪,Uzuki Shirayuki,,女,,,Galgame,Galgame,けもの道☆ガーリッシュスクエア,,2021,Galgame,"[{""t"":""けもの道☆ガーリッシュスクエア"",""cn"":"""",""ty"":""Galgame"",""y"":2021,""pop"":194},{""t"":""けもの道☆ガーリッシュスクエア LOVE+PLUS"",""cn"":"""",""ty"":""Galgame"",""y"":2022,""pop"":85},{""t"":""けもの道☆ガーリッシュスクエア２"",""cn"":"""",""ty"":""Galgame"",""y"":2023,""pop"":84}]","""Fufu ♪ I'm still unreliable, but please keep an eye on me."" She is a calm and sweet young lady. She is in charge of (mock) cuteness in the group. Even the other members don't know about her private life.",194,0,194,0,1,https://t.vndb.org/ch/26/119726.jpg,https://t.vndb.org/ch/26/119726.jpg,,#bf8dac #e8c3d1 #f2dee6 #f9f2f2 #ffffff,Blue Waist Length+ Teen Slim Pale Wristband Reserved Mahou Shoujo Idol Refined,,,https://vndb.org/c98854,
vndb-c23389,vndb,12,21,,,柳生 十兵衛,Yagyuu Juubee,,女,B,,Galgame,Galgame,ユニオリズム・カルテット,,2014,Galgame,"[{""t"":""ユニオリズム・カルテット"",""cn"":"""",""ty"":""Galgame"",""y"":2014,""pop"":191},{""t"":""ユニオリズム・カルテット A3-DAYS"",""cn"":"""",""ty"":""Galgame"",""y"":2016,""pop"":92}]",,191,0,191,0,,https://t.vndb.org/ch/94/50594.jpg,https://t.vndb.org/ch/94/50594.jpg,,#c43d51 #c48e9a #3c2b30 #d6c6d9 #efe9ef #ffffff,Red Waist Length+ Teen Slim Pale School Uniform Sword Swordsmanship Cowgirl Spoons,,,https://vndb.org/c23389,
vndb-c47520,vndb,12,21,,,佐原 喜美江,Sahara Kimie,,女,,,Galgame,Galgame,闇の声,,2001,Galgame,"[{""t"":""闇の声"",""cn"":"""",""ty"":""Galgame"",""y"":2001,""pop"":184},{""t"":""闇の声異聞録"",""cn"":"""",""ty"":""Galgame"",""y"":2005,""pop"":33}]",,184,0,184,0,,https://t.vndb.org/ch/39/57039.jpg,https://t.vndb.org/ch/39/57039.jpg,,#4c5c86 #868fb2 #bac1d6 #f2f4f7 #e1e0e3 #ffffff,Blue Curtained Shoulder-length Slim Pale Cowgirl Standing Sex Blowjob Cunnilingus Blue,,,https://vndb.org/c47520,
al50685,anilist,12,21,,,雪路,Yukiji,,女,,,动画|漫画,动画,神様はじめました,元气少女缘结神,2012,动画,"[{""t"":""神様はじめました"",""cn"":""元气少女缘结神"",""ty"":""动画"",""y"":2012,""pop"":170315},{""t"":""神様はじめました ～過去編～"",""cn"":""元气少女缘结神 过去篇"",""ty"":""动画"",""y"":2015,""pop"":38032},{""t"":""神様はじめました"",""cn"":""元气少女缘结神"",""ty"":""漫画"",""y"":2008,""pop"":24065}]","~! A very beautiful and elegant girl, Yukiji was Tomoe's former lover that died young. He wanted to be human to be able to grow old at her side or to find a way to make her immortal.",18,18,0,0,,https://s4.anilist.co/file/anilistcdn/character/large/b50685-We6jG7gxZbwo.png,https://s4.anilist.co/file/anilistcdn/character/medium/b50685-We6jG7gxZbwo.png,,,,https://anilist.co/character/50685,,,
al126635,anilist,12,22,2002,伏黑惠,伏黒恵,Megumi Fushiguro,Sea Urchin Head,男,,15,动画|漫画,动画,呪術廻戦,咒术回战,2020,动画,"[{""t"":""呪術廻戦"",""cn"":""咒术回战"",""ty"":""动画"",""y"":2020,""pop"":971898},{""t"":""呪術廻戦 第2期"",""cn"":"""",""ty"":""动画"",""y"":2023,""pop"":491128},{""t"":""呪術廻戦 死滅回游 前編"",""cn"":""咒术回战 死灭回游 前篇"",""ty"":""动画"",""y"":2026,""pop"":258346},{""t"":""呪術廻戦"",""cn"":""咒术回战"",""ty"":""漫画"",""y"":2018,""pop"":252773},{""t"":""呪術廻戦 懐玉・玉折"",""cn"":"""",""ty"":""动画"",""y"":2025,""pop"":28638},{""t"":""呪術廻戦 死滅回游 後編"",""cn"":"""",""ty"":""动画"",""y"":"""",""pop"":23798}]",东京咒术高专一年级男学生，入学第一年就被冠以二级咒术师称号的天才少年，有禅院家的血脉，被加茂评价道论天赋比宗家还优秀。擅长使用以影子作为媒介的动物式神。,18823,18823,0,72,,https://s4.anilist.co/file/anilistcdn/character/large/b126635-L0y3I92JSUkN.png,https://s4.anilist.co/file/anilistcdn/character/medium/b126635-L0y3I92JSUkN.png,https://lain.bgm.tv/r/400/pic/crt/l/8a/c3/73337_crt_DlZDY.jpg?r=1608837008,,,https://anilist.co/character/126635,https://bgm.tv/character/73337,,73337
al64771,anilist,12,22,1996,影山飞雄,影山飛雄,Tobio Kageyama,King of the Court / Kageyama the Kalm / Bakageyama / Bateyama-kun,男,,15-,动画|漫画,动画,ハイキュー!!,排球少年!!,2014,动画,"[{""t"":""ハイキュー!!"",""cn"":""排球少年!!"",""ty"":""动画"",""y"":2014,""pop"":583268},{""t"":""ハイキュー!! セカンドシーズン"",""cn"":""排球少年 第二季"",""ty"":""动画"",""y"":2015,""pop"":398770},{""t"":""ハイキュー!! 烏野高校 VS 白鳥沢学園高校"",""cn"":""排球少年 乌野高校 VS 白鸟泽学园高校"",""ty"":""动画"",""y"":2016,""pop"":362356},{""t"":""ハイキュー!! TO THE TOP"",""cn"":""排球少年 TO THE TOP"",""ty"":""动画"",""y"":2020,""pop"":293887},{""t"":""ハイキュー!! TO THE TOP 2"",""cn"":"""",""ty"":""动画"",""y"":2020,""pop"":255078},{""t"":""ハイキュー！！"",""cn"":""排球少年!!"",""ty"":""漫画"",""y"":2012,""pop"":101913}]",圧倒的センスでコートを支配する、人呼んで“コート上の王様”。 中学時代はその厳しい姿勢からチーム内で孤立していた。,14501,14501,0,123,,https://s4.anilist.co/file/anilistcdn/character/large/b64771-BuCVs7B8bBdh.png,https://s4.anilist.co/file/anilistcdn/character/medium/b64771-BuCVs7B8bBdh.png,https://lain.bgm.tv/r/400/pic/crt/l/05/0a/24323_crt_z77p4.jpg?r=1411356359,,,https://anilist.co/character/64771,https://bgm.tv/character/24323,,24323
vndb-c6506,vndb,12,22,,篠原世以子,篠原 世以子,Shinohara Seiko,,女,B,,Galgame,Galgame,コープスパーティー ブラッドカバー,尸体派对 血色笼罩,2006,Galgame,"[{""t"":""コープスパーティー ブラッドカバー"",""cn"":""尸体派对 血色笼罩"",""ty"":""Galgame"",""y"":2006,""pop"":3556},{""t"":""コープスパーティー ブックオブシャドウズ"",""cn"":"""",""ty"":""Galgame"",""y"":2011,""pop"":1540},{""t"":""コープスパーティー BLOOD DRIVE"",""cn"":""尸体派对 驭血"",""ty"":""Galgame"",""y"":2014,""pop"":682},{""t"":""コープスパーティー -THE ANTHOLOGY- サチコの恋愛遊戯♥Hysteric Birthday 2U"",""cn"":""尸体派对 文选集 幸子的恋爱游戏 竭斯底里生日2U"",""ty"":""Galgame"",""y"":2012,""pop"":303}]",中嶋直美的亲友，离中嶋直美的家很近，和中嶋直美一起上学。开朗奔放的性格，因此朋友很多，偶尔会说出让周围惊动的发言，但总是会得到原谅。母亲2年前突然失踪，父亲工作十分繁忙，将近深夜回家，作为长女的世以子担当起照顾弟妹的重任。境遇和中嶋直美一样和中嶋直美很合得来经常聊将来的话题。 系列中初次登场于游戏《尸体派对：血色笼罩》。,3556,0,3556,17,,https://t.vndb.org/ch/97/18197.jpg,https://t.vndb.org/ch/97/18197.jpg,https://lain.bgm.tv/r/400/pic/crt/l/5c/6d/20832_crt_SNZ62.jpg?r=1375629033,#4e4e6c #a88d80 #d3c5b0 #f2e9db #fbfcf5,Brown Shoulder-length Teen Slim Pale Cooking Fedora Amber Miniskirt Sport Bloomers,,https://bgm.tv/character/20832,https://vndb.org/c6506,20832
vndb-c9993,vndb,12,22,,远野美凪,遠野 美凪,Toono Minagi,,女,A,,Galgame,Galgame,AIR,,2000,Galgame,,国崎往人在旧车站遇到的第三位女孩。她与观铃是同班同学。身高1.69M，总是和好友小满在一起很文静的女孩子，经常为小满做便当。外表看不出是什么性格，看上去有点天然呆，说话也是慢吞吞，不过十分擅长料理及裁缝，学习成绩拔尖，还是学校天文部的部长，不过天文部其实只有她一人而已，她说那叫“少数精英”。还有一个特别的地方，美凪对米饭特别喜欢，经常随身携带很多的米券。,2928,0,2928,151,,https://t.vndb.org/ch/53/195053.jpg,https://t.vndb.org/ch/53/195053.jpg,https://lain.bgm.tv/r/400/pic/crt/l/16/4f/58_crt_N4uSv.jpg?r=1488788969,#978484 #cbbaad #54464d #ecdece #faf4eb #fffffe,Long Straight Teen Slim Pale School Uniform Standing Sex Virgin Sex Necktie Skirt,,https://bgm.tv/character/58,https://vndb.org/c9993,58
vndb-c8626,vndb,12,22,,羽山瑞希,羽山 ミズキ,Hayama Mizuki,未来 / Miki,女,AB,,Galgame,Galgame,ef - a fairy tale of the two.,,2006,Galgame,"[{""t"":""ef - a fairy tale of the two."",""cn"":"""",""ty"":""Galgame"",""y"":2006,""pop"":2878},{""t"":""ef - a fairy tale of the two."",""cn"":"""",""ty"":""Galgame"",""y"":2006,""pop"":2878},{""t"":""ef - a fairy tale of the two."",""cn"":"""",""ty"":""Galgame"",""y"":2006,""pop"":2878},{""t"":""ef - a fairy tale of the two."",""cn"":"""",""ty"":""Galgame"",""y"":2006,""pop"":2878},{""t"":""天使の日曜日 “ef - a fairy tale of the two.” Pleasurable Box."",""cn"":"""",""ty"":""Galgame"",""y"":2010,""pop"":107},{""t"":""ef - First Fan Disc"",""cn"":"""",""ty"":""Galgame"",""y"":2006,""pop"":70}]",就读音羽的附属中学，新藤景的学妹，非常仰慕新藤景，也很喜欢少女漫画。好像认识雨宫优子。第四章的女主角。,2878,0,2878,127,,https://t.vndb.org/ch/47/73347.jpg,https://t.vndb.org/ch/47/73347.jpg,https://lain.bgm.tv/r/400/pic/crt/l/41/b4/607_crt_atMbD.jpg,#4f3932 #92786e #beafac #e6d9d3 #f7f1ec #ffffff,Brown Twin Tails Waist Length+ Wavy Curtained Teen Slim Pale Proactive Orphan,,https://bgm.tv/character/607,https://vndb.org/c8626,607
vndb-c92328,vndb,12,22,,梅蒂可,メディコ,Medico,,女,A,,Galgame,Galgame,ドーナドーナ いっしょにわるいことをしよう,多娜多娜 一起干坏事吧,2020,Galgame,,行方不明の父を捜して『外』からやってきた看護学生。 平凡な一般人で、街にナユタに振り回され続ける。 平凡な一般人。,2663,0,2663,49,,https://t.vndb.org/ch/17/111217.jpg,https://t.vndb.org/ch/17/111217.jpg,https://lain.bgm.tv/r/400/pic/crt/l/4e/1a/74467_crt_O9rQA.jpg,#526b7a #a4af9c #d9c2c5 #f7dede #f4f5f4 #ffffff,Odango Ponytail Twin Tails Long Straight Teen Slim Pale Fighting Missionary,,https://bgm.tv/character/74467,https://vndb.org/c92328,74467
vndb-c80819,vndb,12,22,,,天満 八純,Tenma Hasumi,スミ / Sumi,女,,,Galgame,Galgame,恋愛、借りちゃいました,,2019,Galgame,"[{""t"":""恋愛、借りちゃいました"",""cn"":"""",""ty"":""Galgame"",""y"":2019,""pop"":2411},{""t"":""恋愛、借りちゃいました 絵未＆八純 ミニアフターストーリー"",""cn"":"""",""ty"":""Galgame"",""y"":2020,""pop"":300},{""t"":""恋愛、借りちゃいました 椿＆ちなつ＆こなつ ミニアフターストーリー"",""cn"":"""",""ty"":""Galgame"",""y"":2019,""pop"":248}]","She has the looks and personality of a friendly honor student and is quite popular as a result. Due to her curiosity, lack of fear, and perhaps her somewhat spoiled upbringing, her tastes are a little different than most girls her age.",2411,0,2411,0,,https://t.vndb.org/ch/18/98918.jpg,https://t.vndb.org/ch/18/98918.jpg,,#d46b75 #524c90 #d3b2b5 #f4e8db #f5f3f4 #ffffff,Red Twin Tails Waist Length+ Wavy Teen Slim Pale School Uniform Cooking Missionary,,,https://vndb.org/c80819,
al129563,anilist,12,22,,,オーロラ・栖夜・リース・カイミーン,Aurora Suya Rhys Kaymin,Syalis-hime (スヤリス姫) / Princess Syalis / Miracle Sya (ミラクル・スヤ) / Suya-Suya,女,,,动画|漫画,动画,魔王城でおやすみ,,2020,动画,"[{""t"":""魔王城でおやすみ"",""cn"":"""",""ty"":""动画"",""y"":2020,""pop"":79460},{""t"":""魔王城でおやすみ"",""cn"":"""",""ty"":""漫画"",""y"":2016,""pop"":11373},{""t"":""古見さんちでおやすみ"",""cn"":"""",""ty"":""漫画"",""y"":2017,""pop"":1074},{""t"":""トニカクカワイイ x 魔王城でおやすみ"",""cn"":"""",""ty"":""漫画"",""y"":2020,""pop"":381}]","The princess of the human kingdom. Kidnapped by the [Demon King](//anilist.co/character/181143/Maou-Tasogare), she spends her days waiting for the heroes to rescue her. At least, that's how it was supposed to be...",1867,1867,0,0,,https://s4.anilist.co/file/anilistcdn/character/large/b129563-jHUu5LCMVMtp.png,https://s4.anilist.co/file/anilistcdn/character/medium/b129563-jHUu5LCMVMtp.png,,,,https://anilist.co/character/129563,,,
vndb-c150822,vndb,12,22,,,丸子 楽,Maruko Gaku,Self-Centered Mood Maker / 陸 (Six),男,,,Galgame,Galgame,HUNDRED LINE -最終防衛学園-,,2025,Galgame,,"Zodiac Capricorn Cooking Poverty, Working for Free Specialist Special Vibes ""Who cares about you guys? We've never even met before, I'm sure as heck not gonna waste time worrying about you!"" A guy who's true to his personal desires (to put…",1126,0,1126,0,,https://t.vndb.org/ch/86/177486.jpg,https://t.vndb.org/ch/86/177486.jpg,,#273148 #697c8a #b2afb3 #e1dfe0 #f3f2f2 #ffffff,Black Teen Slim Pale Trousers Orphan Cooking Fighting Red Tattoo,,,https://vndb.org/c150822,
al26939,anilist,12,22,,,吹雪士郎,Shirou Fubuki,Shawn Froste / Snowfield prince,男,,,动画,动画,イナズマイレブン,,2008,动画,"[{""t"":""イナズマイレブン"",""cn"":"""",""ty"":""动画"",""y"":2008,""pop"":61982},{""t"":""イナズマイレブン GO"",""cn"":"""",""ty"":""动画"",""y"":2011,""pop"":25171},{""t"":""イナズマイレブン アレスの天秤"",""cn"":"""",""ty"":""动画"",""y"":2018,""pop"":13591},{""t"":""イナズマイレブン オリオンの刻印"",""cn"":"""",""ty"":""动画"",""y"":2018,""pop"":10691},{""t"":""劇場版イナズマイレブン 最強軍団オーガ襲来"",""cn"":"""",""ty"":""动画"",""y"":2010,""pop"":10553},{""t"":""劇場版イナズマイレブンGO 究極の絆 グリフォン"",""cn"":"""",""ty"":""动画"",""y"":2011,""pop"":6799}]",Fubuki Shirou is the captain of Hakuren Junior High School's Soccer club in Hokkaido. He is both an excellent defender as well as the team's ace striker. He joins the Raimon Eleven from episode 33.,1112,1112,0,0,,https://s4.anilist.co/file/anilistcdn/character/large/b26939-mVxxr0JrtdGf.jpg,https://s4.anilist.co/file/anilistcdn/character/medium/b26939-mVxxr0JrtdGf.jpg,,,,https://anilist.co/character/26939,,,
vndb-c1160,vndb,12,22,,,宮田 浩介,Miyata Kousuke,Eques / エクエス,男,B,,Galgame,Galgame,I/O,,2006,Galgame,,"Kousuke is Criminal's only male member and often the butt monkey of other members' jokes. He is the only member without a brain chip and as such tends to handle ""brute forcing"" and other tasks which require less finesse.",941,0,941,0,,https://t.vndb.org/ch/05/16405.jpg,https://t.vndb.org/ch/05/16405.jpg,,#494a54 #85828c #afabb3 #d9d4d8 #f3efee #ffffff,Black Short Brown Teen Slim Pale School Uniform Trousers Cooking Hotblooded,,,https://vndb.org/c1160,
vndb-c85390,vndb,12,22,,,ルカ,Luka,,女,A,,Galgame,Galgame,BUSTAFELLOWS,,2019,Galgame,"[{""t"":""BUSTAFELLOWS"",""cn"":"""",""ty"":""Galgame"",""y"":2019,""pop"":908},{""t"":""BUSTAFELLOWS シーズン2"",""cn"":"""",""ty"":""Galgame"",""y"":2023,""pop"":126}]","""As long as you're here, this town's not bad too."" Teuta's best friend and a detective in the homicide department of New Sieg's police force. Though boyish and rough around the edges, she's a good-natured older sister-like person.",908,0,908,0,,https://t.vndb.org/ch/01/103801.jpg,https://t.vndb.org/ch/01/103801.jpg,,#6f437d #43212b #57464b #ecd4c4 #b09893,Brown Short Brown Slim Pale Proactive Young-adult Earrings Jacket Shirt,,,https://vndb.org/c85390,
vndb-c91568,vndb,12,22,,,新川 広夢,Shinkawa Hiromu,,男,,,Galgame,Galgame,ハミダシクリエイティブ,,2020,Galgame,"[{""t"":""ハミダシクリエイティブ"",""cn"":"""",""ty"":""Galgame"",""y"":2020,""pop"":723},{""t"":""ハミダシクリエイティブ凸"",""cn"":"""",""ty"":""Galgame"",""y"":2022,""pop"":320},{""t"":""ハミダシクリエイティブRe:Re:call"",""cn"":"""",""ty"":""Galgame"",""y"":2025,""pop"":147}]","The boy who sits behind Tomohiro in class. He's strangely proactive about interacting with our protagonist. That cute face is androgynous, and in fact some would say it's girly.",723,0,723,0,,https://t.vndb.org/ch/74/131574.jpg,https://t.vndb.org/ch/74/131574.jpg,,#53475b #ddbac1 #8f838a #eee5e3 #f9f5f2 #ffffff,Black Shoulder-length Cross-dressing Trap School Uniform Blue Jacket Boku Friend Classmate,,,https://vndb.org/c91568,
al132982,anilist,12,22,,,ジャック,Jack,,男,,17-19,动画|漫画,动画,BEASTARS,动物狂想曲,2019,动画,"[{""t"":""BEASTARS"",""cn"":""动物狂想曲"",""ty"":""动画"",""y"":2019,""pop"":258427},{""t"":""BEASTARS 第2期"",""cn"":""动物狂想曲 第二季"",""ty"":""动画"",""y"":2021,""pop"":140408},{""t"":""BEASTARS"",""cn"":""动物狂想曲"",""ty"":""漫画"",""y"":2016,""pop"":48902},{""t"":""BEASTARS FINAL SEASON Part 1"",""cn"":""动物狂想曲 最终季 第一部分"",""ty"":""动画"",""y"":2024,""pop"":42167},{""t"":""BEASTARS FINAL SEASON Part 2"",""cn"":""动物狂想曲 最终季 第二部分"",""ty"":""动画"",""y"":2026,""pop"":19747}]","Labrador Retriever Both one of [Legoshi](//anilist.co/character/125168/Legoshi)'s roommates and his best friend for many years, Jack is a rather average guy.",662,662,0,0,,https://s4.anilist.co/file/anilistcdn/character/large/b132982-hy5W6uQCvVYW.png,https://s4.anilist.co/file/anilistcdn/character/medium/b132982-hy5W6uQCvVYW.png,,,,https://anilist.co/character/132982,,,
vndb-c1359,vndb,12,22,,,ミア・クレメンティス,Mia Clementis,,女,A,,Galgame,Galgame,夜明け前より瑠璃色な,,2005,Galgame,"[{""t"":""夜明け前より瑠璃色な"",""cn"":"""",""ty"":""Galgame"",""y"":2005,""pop"":642},{""t"":""夜明け前より瑠璃色な -Moonlight Cradle-"",""cn"":"""",""ty"":""Galgame"",""y"":2009,""pop"":167}]","Mia is Feena's only escort from the Kingdom of Sphere and always tries to look out for the princess. Daughter of Feena's nursing mother, works as Feena's maid. Greatly respects Feena.",642,0,642,0,,https://t.vndb.org/ch/92/73892.jpg,https://t.vndb.org/ch/92/73892.jpg,,#584251 #a28a8d #d1c3bc #eae3e0 #f5f4f3 #ffffff,Blue Short Teen Pale Hard Worker Student Cooking Missionary Doggy Style Cowgirl,,,https://vndb.org/c1359,
al9207,anilist,12,22,,,山岸風花,Fuuka Yamagishi,Fuu-chan / Lucia,女,O,16-17,动画|漫画|Galgame,动画,PERSONA3 THE MOVIE —#1 Spring of Birth—,,2013,动画,"[{""t"":""PERSONA3 THE MOVIE —#1 Spring of Birth—"",""cn"":"""",""ty"":""动画"",""y"":2013,""pop"":36431},{""t"":""PERSONA3 THE MOVIE —#2 Midsummer Knight's Dream—"",""cn"":"""",""ty"":""动画"",""y"":2014,""pop"":26496},{""t"":""PERSONA3 THE MOVIE —#3 Falling Down—"",""cn"":"""",""ty"":""动画"",""y"":2015,""pop"":24005},{""t"":""PERSONA3 THE MOVIE — #4 Winter of Rebirth —"",""cn"":"""",""ty"":""动画"",""y"":2016,""pop"":23595},{""t"":""ペルソナ3"",""cn"":"""",""ty"":""漫画"",""y"":2007,""pop"":4374},{""t"":""ペルソナ4 ジ・アルティマックス ウルトラスープレックスホールド"",""cn"":"""",""ty"":""漫画"",""y"":2015,""pop"":729}]","(P3), 19 (P4A) December 22, 1992 (Capricorn) 152cm / 5'0"" Lucia Juno Fuuka is a shy junior who is known for being sickly. Unlike the other members of SEES, she does not have any fighting abilities, nor do her Personas.",347,347,317,0,,https://s4.anilist.co/file/anilistcdn/character/large/b9207-0Y3gdB6UDUOM.png,https://s4.anilist.co/file/anilistcdn/character/medium/b9207-0Y3gdB6UDUOM.png,https://t.vndb.org/ch/30/62130.jpg,,Long Teen Slim Pale Hard Worker Necklace Boots Outgoing Friendly Friend,https://anilist.co/character/9207,,https://vndb.org/c51883,
al121848,anilist,12,22,2001,,仁坂悠介,Yuusuke Nisaka,Yuu-chan,男,,15-16,动画|漫画,动画,恋と嘘,,2017,动画,"[{""t"":""恋と嘘"",""cn"":"""",""ty"":""动画"",""y"":2017,""pop"":115185},{""t"":""恋と嘘"",""cn"":"""",""ty"":""漫画"",""y"":2014,""pop"":18374},{""t"":""恋と嘘 一生の恋 / 恋の気持ち"",""cn"":"""",""ty"":""动画"",""y"":2018,""pop"":12736}]","171 cm (5'7"") Close friend of [Yukari Nejima](//anilist.co/character/121846). Yuusuke first met Yukari when an angry guy confronted Yuusuke for ""stealing his girlfriend"". Yuusuke is portrayed as a cool and handsome young man.",279,279,0,0,,https://s4.anilist.co/file/anilistcdn/character/large/b121848-VGF8msIIWc10.jpg,https://s4.anilist.co/file/anilistcdn/character/medium/b121848-VGF8msIIWc10.jpg,,,,https://anilist.co/character/121848,,,
al135024,anilist,12,22,,,サブノック・サブロ,Sabro Sabnock,The Golden Lion,男,,17 (looks like),动画|漫画,动画,魔入りました！入間くん,入间同学入魔了,2019,动画,"[{""t"":""魔入りました！入間くん"",""cn"":""入间同学入魔了"",""ty"":""动画"",""y"":2019,""pop"":168432},{""t"":""魔入りました！入間くん 第2シリーズ"",""cn"":""入间同学入魔了 第二季"",""ty"":""动画"",""y"":2021,""pop"":106270},{""t"":""魔入りました！入間くん 第3シリーズ"",""cn"":""入间同学入魔了 第三季"",""ty"":""动画"",""y"":2022,""pop"":73866},{""t"":""魔入りました！入間くん 第4シリーズ"",""cn"":""入间同学入魔了 第四季"",""ty"":""动画"",""y"":2026,""pop"":41289},{""t"":""魔入りました！入間くん"",""cn"":""入间同学入魔了"",""ty"":""漫画"",""y"":2017,""pop"":37598},{""t"":""魔入りました！入間くん if Episode of 魔フィア"",""cn"":"""",""ty"":""漫画"",""y"":2023,""pop"":3813}]","_Bet_ (Anime), _Daleth_ (Manga) Weapon Creation Demon King Battler 220 cm Sabro is the second son of a prestigious family. He dreams of becoming the next Demon King and sees Iruma as a rival after the Rank placement exams.",225,225,0,0,,https://s4.anilist.co/file/anilistcdn/character/large/b135024-oDOvdoswjoPj.jpg,https://s4.anilist.co/file/anilistcdn/character/medium/b135024-oDOvdoswjoPj.jpg,,,,https://anilist.co/character/135024,,,
vndb-c302,vndb,12,23,,此花露西娅,此花 ルチア,Konohana Lucia,Class Rep / Key / アサヒ・ハルカ / Asahi Haruka,女,,,Galgame,Galgame,Rewrite,,2011,Galgame,"[{""t"":""Rewrite"",""cn"":"""",""ty"":""Galgame"",""y"":2011,""pop"":8428},{""t"":""Rewrite Harvest festa!"",""cn"":"""",""ty"":""Galgame"",""y"":2012,""pop"":707},{""t"":""Rewrite オカ研活動記録外伝"",""cn"":"""",""ty"":""Galgame"",""y"":2016,""pop"":193}]",作为富有（人格）魅力的班长，在临近的班级也颇有名气。似乎有洁癖，极不擅长和男孩子打交道。 每每被卷进与太郎搞出的乱子，在最后给予铁拳制裁。 气质凛然，喜欢吃辣（学校食堂存在只有她能吃下去的超辣菜单），和同学关系不错，不过本人并不喜欢出风头。,8428,0,8428,144,,https://t.vndb.org/ch/13/12913.jpg,https://t.vndb.org/ch/13/12913.jpg,https://lain.bgm.tv/r/400/pic/crt/l/f0/5c/12082_crt_rX86J.jpg,#a16c7c #4b3241 #d6babd #efe2e1 #f9f5f3 #ffffff,Black Violet Ponytail Waist Length+ Straight Teen Slim Pale School Uniform Swordsmanship,,https://bgm.tv/character/12082,https://vndb.org/c302,12082
al14928,anilist,12,23,,葛西辰由,葛西辰由,Tatsuyoshi Kasai,Shotgun Tatsu,男,O,,动画|漫画|Galgame,动画,ひぐらしのなく頃に,寒蝉鸣泣之时,2006,动画,"[{""t"":""ひぐらしのなく頃に"",""cn"":""寒蝉鸣泣之时"",""ty"":""动画"",""y"":2006,""pop"":177687},{""t"":""ひぐらしのなく頃に解"",""cn"":""寒蝉鸣泣之时 解"",""ty"":""动画"",""y"":2007,""pop"":90255},{""t"":""ひぐらしのなく頃に卒"",""cn"":""寒蝉鸣泣之时 卒"",""ty"":""动画"",""y"":2021,""pop"":38674},{""t"":""ひぐらしのなく頃に解"",""cn"":""寒蝉鸣泣之时 解"",""ty"":""Galgame"",""y"":2004,""pop"":7963},{""t"":""ひぐらしのなく頃に 綿流し編"",""cn"":"""",""ty"":""漫画"",""y"":2005,""pop"":5714},{""t"":""ひぐらしのなく頃に 祟殺し編"",""cn"":"""",""ty"":""漫画"",""y"":2005,""pop"":4821}]",園崎組の幹部。 お目付け役として詩音と行動することが多い。 温厚そうに見えるが、噂によると若い頃に数々の武勇伝を持っているらしい。 甘党で大酒豪。,7963,35,7963,5,,https://s4.anilist.co/file/anilistcdn/character/large/b14928-DIdiJ3r5dsHH.jpg,https://s4.anilist.co/file/anilistcdn/character/medium/b14928-DIdiJ3r5dsHH.jpg,https://t.vndb.org/ch/08/113108.jpg|https://lain.bgm.tv/r/400/pic/crt/l/6c/4b/3196_crt_anidb.jpg,,Brown Short Straight Moustache Pale Trousers Dress Shoes Proactive Fighting Hidden,https://anilist.co/character/14928,https://bgm.tv/character/3196,https://vndb.org/c3838,3196
vndb-c2928,vndb,12,23,,水濑名雪,水瀬 名雪,Minase Nayuki,なゆちゃん / Nayu-chan,女,B,,Galgame,Galgame,Kanon,,1999,Galgame,,祐一的表妹，水濑秋子的女儿。由母亲一手带大。虽然个性从容大方悠闲自适，不过也有坚毅刚强的一面。说话常在语尾加上“だよ（表强调语气之语助词）”。早上很会赖床，用了几十个闹钟还是没办法自己起床。擅长做菜，以前曾经尝试带自己作的便当上学，但是早上实在起不来而不得不放弃。最喜欢妈妈作的手工草莓果酱和商店街的百花屋的草莓圣代。虽然很喜欢猫，却对猫重度过敏。另外还喜欢青蛙，十分爱惜青蛙花样的睡衣和取名为“けろぴー（Keropī）”的布偶。,4394,0,4394,283,,https://t.vndb.org/ch/25/38225.jpg,https://t.vndb.org/ch/25/38225.jpg,https://lain.bgm.tv/r/400/pic/crt/l/e4/3f/998_crt_ZMdx0.jpg?r=1523159672,#8f2a2d #564d84 #9c8ba7 #d5cdd0 #eeeded #ffffff,Blue Long Straight Teen Slim Pale School Uniform Cooking Doggy Style Virgin Sex,,https://bgm.tv/character/998,https://vndb.org/c2928,998
al167444,anilist,12,23,,千切豹马,千切豹馬,Hyouma Chigiri,Hyoma Chigiri / Princess / Red Panther,男,A,17,动画|漫画,动画,ブルーロック,蓝色监狱,2022,动画,"[{""t"":""ブルーロック"",""cn"":""蓝色监狱"",""ty"":""动画"",""y"":2022,""pop"":325210},{""t"":""ブルーロック VS. U-20 JAPAN"",""cn"":""蓝色监狱 VS. U-20 日本代表队"",""ty"":""动画"",""y"":2024,""pop"":142268},{""t"":""ブルーロック"",""cn"":""蓝色监狱"",""ty"":""漫画"",""y"":2018,""pop"":124054},{""t"":""ブルーロック -EPISODE 凪-"",""cn"":"""",""ty"":""动画"",""y"":2024,""pop"":50833},{""t"":""ブルーロック-EPISODE 凪-"",""cn"":"""",""ty"":""漫画"",""y"":2022,""pop"":9604}]",中性的な顔立ちの美少年。 “とある理由”により自分の武器をチームメイトにも秘密にしている。そのルックスと、クールでマイペースな振る舞いから、周囲からは「ワガママお嬢」と呼ばれることも。,2731,2731,0,16,,https://s4.anilist.co/file/anilistcdn/character/large/b167444-JTHkkJAX4E3q.png,https://s4.anilist.co/file/anilistcdn/character/medium/b167444-JTHkkJAX4E3q.png,https://lain.bgm.tv/r/400/pic/crt/l/ad/78/99544_crt_Nleyn.jpg,,,https://anilist.co/character/167444,https://bgm.tv/character/99544,,99544
vndb-c557,vndb,12,23,,,乃木坂 初佳,Nogisaka Motoka,,女,O,,Galgame,Galgame,ヨスガノソラ,缘之空,2008,Galgame,"[{""t"":""ヨスガノソラ"",""cn"":""缘之空"",""ty"":""Galgame"",""y"":2008,""pop"":2424},{""t"":""ハルカナソラ"",""cn"":""悠之空"",""ty"":""Galgame"",""y"":2009,""pop"":569},{""t"":""僕の未来は、恋と課金と。～Charge To The Future～"",""cn"":"""",""ty"":""Galgame"",""y"":2019,""pop"":154}]","Motoka is a college student struggling to make ends meet, working as a maid in the Migiwa Household to pay the expenses of tuition.",2424,0,2424,0,,https://t.vndb.org/ch/83/70583.jpg,https://t.vndb.org/ch/83/70583.jpg,,#a9978b #d6c3b3 #eae6de #363737 #f7f5f2 #ffffff,Brown Wavy Shoulder-length Brown Slim Pale Hard Worker Cooking Doggy Style Standing Sex,,,https://vndb.org/c557,
vndb-c3858,vndb,12,23,,,朝倉 香織,Asakura Kaori,,女,,,Galgame,Galgame,この世の果てで恋を唄う少女YU-NO,,1996,Galgame,,"A local TV news presenter and investigative journalist, who uses her beauty and charm to get her scoops. Lately she has been reporting strange citings and seems overly interested in their nature.",2242,0,2242,0,1,https://t.vndb.org/ch/48/4348.jpg,https://t.vndb.org/ch/48/4348.jpg,,#886581 #bdcffe #aea3b2 #f9e9e3 #d8c7da #323334,Shoulder-length Straight Green Proactive Blue Secretive Shirt Outgoing Journalist Spy,,,https://vndb.org/c3858,
vndb-c6964,vndb,12,23,,,藤川 瑠奈,Fujikawa Runa,,女,,,Galgame,Galgame,初恋１／１,,2012,Galgame,,"Freshman student at Hoshioka Gakuen. An acquaintance of Yuuma and Yukino from their childhood, she holds Yuuma in high regard due to the fact he was very kind to her then.",1893,0,1893,0,,https://t.vndb.org/ch/82/26582.jpg,https://t.vndb.org/ch/82/26582.jpg,,#dcaa95 #7e4c68 #f8f3ab #ece0d9 #f8f6f4 #ffffff,Pink Ahoge Shoulder-length Straight Teen Slim Pale Missionary Cowgirl Standing Sex,,,https://vndb.org/c6964,
vndb-c38345,vndb,12,23,,,ウェイン 上寺,Wayne Uedera,Kouta Uedera / Mad Dog Wayne,男,,,Galgame,Galgame,ローズガンズデイズ,,2012,Galgame,,"A bodyguard working for Primavera. He was taken in by Rose after apparently losing all of his relatives and starving in the streets. Because of it, he is very protective of her, to the point of going against all reason. [TV tropes]",1103,0,1103,0,,https://t.vndb.org/ch/39/46339.jpg,https://t.vndb.org/ch/39/46339.jpg,,#9e946c #dec987 #494246 #ddcbbd #ffffff,Brown Short Green Handgun Mafia Bodyguard Short-tempered Unarmed Fighting Loyal Executive,,,https://vndb.org/c38345,
vndb-c4038,vndb,12,23,,,フィル・ユンハース,Phill Junhers,,男,O,,Galgame,Galgame,Quartett!,,2004,Galgame,"[{""t"":""Quartett!"",""cn"":"""",""ty"":""Galgame"",""y"":2004,""pop"":1094},{""t"":""リトルウィッチファンディスク～ちいさな魔女の贈りもの～"",""cn"":"""",""ty"":""Galgame"",""y"":2006,""pop"":16}]","The player character and second violin of the string quartet. Despite lacking formal training and practical knowledge of classical music, Phill is incredibly gifted in playing the violin.",1094,0,1094,0,,https://t.vndb.org/ch/59/18659.jpg,https://t.vndb.org/ch/59/18659.jpg,,#c3653b #383024 #e9bca8 #dfe2d6 #f2fbf3 #fefffe,Short Slim Pale School Uniform Trousers Dress Shoes Hazel Young-adult Coat Suit,,,https://vndb.org/c4038,
vndb-c22373,vndb,12,23,,,,Arianna Belle-Essai,,女,,,Galgame,Galgame,"don't take it personally, babe, it just ain't your story",,2011,Galgame,,,916,0,916,0,,https://t.vndb.org/ch/68/27668.jpg,https://t.vndb.org/ch/68/27668.jpg,,#61809f #7fa8c3 #c6a987 #262429 #e7e3d9 #656464,Black Bob Cut Short Brown Teen Slim Pale School Uniform Scarf Shirt,,,https://vndb.org/c22373,
al161230,anilist,12,23,,,曲伊咲,Isaki Magari,,女,,15-18,动画|漫画,动画,君は放課後インソムニア,,2023,动画,"[{""t"":""君は放課後インソムニア"",""cn"":"""",""ty"":""动画"",""y"":2023,""pop"":109756},{""t"":""君は放課後インソムニア"",""cn"":"""",""ty"":""漫画"",""y"":2019,""pop"":32122},{""t"":""君は放課後インソムニア　スペシャルアニメーションPV"",""cn"":"""",""ty"":""动画"",""y"":2021,""pop"":1949}]","A cheerful high school girl who also suffers from insomnia like Ganta. She first discovered the abandoned observatory and made it her sleeping haven, until Ganta came along.",902,902,0,0,,https://s4.anilist.co/file/anilistcdn/character/large/b161230-KUMSejEwkCoD.png,https://s4.anilist.co/file/anilistcdn/character/medium/b161230-KUMSejEwkCoD.png,,,,https://anilist.co/character/161230,,,
al123079,anilist,12,23,,,星川麻冬,Mafuyu Hoshikawa,,,,20,动画|漫画,动画,ブレンド・S,,2017,动画,"[{""t"":""ブレンド・S"",""cn"":"""",""ty"":""动画"",""y"":2017,""pop"":181246},{""t"":""ブレンド・S"",""cn"":"""",""ty"":""漫画"",""y"":2013,""pop"":4616}]","135 cm (4'9"") Little Sister She looks young but she is actually a college student. She's usually quite calm but when she starts work she becomes a sparkling ""little sister"" character. She loves children's anime.",603,603,0,0,,https://s4.anilist.co/file/anilistcdn/character/large/b123079-yIi9ZmtZrlS1.png,https://s4.anilist.co/file/anilistcdn/character/medium/b123079-yIi9ZmtZrlS1.png,,,,https://anilist.co/character/123079,,,
al174801,anilist,12,23,1083,,阿米娅,Amiya,アーミヤ / 아미야,女,,,动画,动画,アークナイツ 黎明前奏,,2022,动画,"[{""t"":""アークナイツ 黎明前奏"",""cn"":"""",""ty"":""动画"",""y"":2022,""pop"":45703},{""t"":""アークナイツ 冬隠帰路"",""cn"":"""",""ty"":""动画"",""y"":2023,""pop"":22741},{""t"":""アークナイツ 焔燼曙明"",""cn"":"""",""ty"":""动画"",""y"":2025,""pop"":15502},{""t"":""Holy Knight Light"",""cn"":"""",""ty"":""动画"",""y"":2020,""pop"":3023},{""t"":""アークナイツ アニメPVs"",""cn"":"""",""ty"":""动画"",""y"":2020,""pop"":2671},{""t"":""明日方舟 2024特别纪念动画"",""cn"":"""",""ty"":""动画"",""y"":2024,""pop"":1507}]","Rim Billiton Cautus/Chimera 142 cm The public face of Rhodes Island and its top executive. Although Amiya appears to be a young and inexperienced girl, she is universally trusted and highly qualified for her position.",479,479,0,0,,https://s4.anilist.co/file/anilistcdn/character/large/b174801-TMQak4mRHb1p.jpg,https://s4.anilist.co/file/anilistcdn/character/medium/b174801-TMQak4mRHb1p.jpg,,,,https://anilist.co/character/174801,,,
vndb-c92786,vndb,12,23,,,,Isla Majutsu,,女,,,Galgame,Galgame,The Sekimeiya: Spun Glass,,2021,Galgame,,"An excitable and bubbly girl. Despite being in an emergency with inexplicable events, she is unusually calm - much calmer than the adults. Even her own mother seems unsettled by her strange behavior.",445,0,445,0,,https://t.vndb.org/ch/75/115275.jpg,https://t.vndb.org/ch/75/115275.jpg,,#9b6e76 #473438 #bcaab2 #dbdce0 #ededed #ffffff,Brown Long Pale Kid Kemonomimi Headband Scarf Gloves Airhead Bullying Daughter,,,https://vndb.org/c92786,
al128971,anilist,12,23,,,鯉登音之進,Otonoshin Koito,コイトオトノシン,男,,,动画|漫画,动画,ゴールデンカムイ 第二期,,2018,动画,"[{""t"":""ゴールデンカムイ 第二期"",""cn"":"""",""ty"":""动画"",""y"":2018,""pop"":65228},{""t"":""ゴールデンカムイ 第三期"",""cn"":"""",""ty"":""动画"",""y"":2020,""pop"":53982},{""t"":""ゴールデンカムイ"",""cn"":""黄金神威"",""ty"":""漫画"",""y"":2014,""pop"":51312},{""t"":""ゴールデンカムイ 第四期"",""cn"":"""",""ty"":""动画"",""y"":2022,""pop"":36654},{""t"":""ゴールデンカムイ 最終章"",""cn"":"""",""ty"":""动画"",""y"":2026,""pop"":21687},{""t"":""ゴールデンカムイ 札幌ビール工場編"",""cn"":"""",""ty"":""动画"",""y"":2025,""pop"":3241}]","Koito Otonoshin is a Second Lieutenant of the 7th Division. Koito is a tall, dark-skinned man with dark hair. He has his side part slicked down to the left.",411,411,0,0,,https://s4.anilist.co/file/anilistcdn/character/large/b128971-Q0eIaHh0QffS.png,https://s4.anilist.co/file/anilistcdn/character/medium/b128971-Q0eIaHh0QffS.png,,,,https://anilist.co/character/128971,,,
vndb-c10827,vndb,12,23,,,イヴァン・フィオーレ,Ivan Fiore,,男,B,,Galgame,Galgame,ラッキードッグ１,,2009,Galgame,"[{""t"":""ラッキードッグ１"",""cn"":"""",""ty"":""Galgame"",""y"":2009,""pop"":346},{""t"":""ラッキードッグ１+bad egg"",""cn"":"""",""ty"":""Galgame"",""y"":2018,""pop"":69},{""t"":""Gian･carlo'S LUCKY HAPPY LIFE"",""cn"":"""",""ty"":""Galgame"",""y"":2011,""pop"":38}]","Accomplished for his young age, Ivan is the newest addition to the CR-5 that is aiming to become its leader. As a result, he is completely against Gian possibly becoming the next leader.",346,0,346,0,,https://t.vndb.org/ch/04/12204.jpg,https://t.vndb.org/ch/04/12204.jpg,,#e7cea7 #a1988a #f1ecd1 #34302f #f4f4f1 #ffffff,Blue Short Proactive Assault Blue Young-adult Tattoo Suit Earrings Necklace,,,https://vndb.org/c10827,
vndb-c34469,vndb,12,23,,,高宮 菜々華,Takamiya Nanaka,,女,O,,Galgame,Galgame,嫁探しが捗りすぎてヤバい。,,2015,Galgame,,A third-year student who is very carefree and always happens to be in thought. She has a habit of staring at people and has a unique view of the world.,277,0,277,0,,https://t.vndb.org/ch/50/90150.jpg,https://t.vndb.org/ch/50/90150.jpg,,#695b61 #ebd3c0 #b9a5a0 #f6f0e2 #faf8f4,Brown Antenna Bob Cut Shoulder-length Teen Slim Pale School Uniform Cooking Doggy Style,,,https://vndb.org/c34469,
al5287,anilist,12,23,,,マリク・イシュタール,Marik Ishtar,Namu / Malik,,,,动画|漫画,动画,遊☆戯☆王　デュエルモンスターズ,,2000,动画,"[{""t"":""遊☆戯☆王　デュエルモンスターズ"",""cn"":"""",""ty"":""动画"",""y"":2000,""pop"":85938},{""t"":""遊☆戯☆王"",""cn"":"""",""ty"":""漫画"",""y"":1996,""pop"":15025}]","The holder of the Millennium Rod. Marik's family has guarded the tomb of the pharaoh for generations. He attempts to obtain the three God Cards through his secret organization, GHOULS, and become Pharaoh himself.",255,255,0,0,,https://s4.anilist.co/file/anilistcdn/character/large/5287.jpg,https://s4.anilist.co/file/anilistcdn/character/medium/5287.jpg,,,,https://anilist.co/character/5287,,,
al65523,anilist,12,24,,江之岛盾子,江ノ島盾子,Junko Enoshima,Super High School Level Gyaru (超高校級のギャル) / Super High School Level Gal / Ultimate Fashionista / Despair Sisters,女,AB,,动画|漫画|轻小说|Galgame,动画,ダンガンロンパ 希望の学園と絶望の高校生 The Animation,弹丸论破 希望学园与绝望高中生,2013,动画,"[{""t"":""ダンガンロンパ 希望の学園と絶望の高校生 The Animation"",""cn"":""弹丸论破 希望学园与绝望高中生"",""ty"":""动画"",""y"":2013,""pop"":233260},{""t"":""ダンガンロンパ３ –The End of 希望ヶ峰学園– 未来編"",""cn"":"""",""ty"":""动画"",""y"":2016,""pop"":90791},{""t"":""ダンガンロンパ3 -The End of 希望ヶ峰学園-　絶望編"",""cn"":""弹丸论破3 -The End of 希望之峰学园- 绝望篇"",""ty"":""动画"",""y"":2016,""pop"":89210},{""t"":""ダンガンロンパ 希望の学園と絶望の高校生"",""cn"":""弹丸论破 希望的学园和绝望高中生"",""ty"":""Galgame"",""y"":2010,""pop"":15953},{""t"":""スーパーダンガンロンパ2 さよなら絶望学園"",""cn"":""超级弹丸论破2 再见了绝望学园"",""ty"":""Galgame"",""y"":2012,""pop"":13178},{""t"":""ニューダンガンロンパV3 みんなのコロシアイ新学期"",""cn"":""新弹丸论破V3 大家的自相残杀新学期"",""ty"":""Galgame"",""y"":2017,""pop"":8847}]",超高校級の「ギャル」。女性向けファッション雑誌のカリスマ読者モデルとして、全国の女子高生のファッションを牽引している。 いかにも「イマドキの女子高生」といった印象を与える軟派な言動が特徴だが、性格は直情的で、モノクマにも食ってかかる。 ボリュームのあるツインテールにウサギのヘアピンを付け、胸の露出をした制服を着こなす。手には赤い付け爪をしている。 一方でホームレス生活をしたことがあるなど、すさんだ過去を持っている。,15953,2438,15953,145,,https://s4.anilist.co/file/anilistcdn/character/large/b65523-OztiX9PhydrG.png,https://s4.anilist.co/file/anilistcdn/character/medium/b65523-OztiX9PhydrG.png,https://t.vndb.org/ch/20/72620.jpg|https://lain.bgm.tv/r/400/pic/crt/l/a4/76/18038_crt_TM9ca.jpg?r=1535009572,,Blond Pink Twin Tails Long Slim Pale Proactive Villain Disaster Blue,https://anilist.co/character/65523,https://bgm.tv/character/18038,https://vndb.org/c10202,18038
al78137,anilist,12,24,,战刃骸,戦刃むくろ,Mukuro Ikusaba,Ultimate Soldier / Super High School Level Soldier (超高校級の軍人) / Despair Sisters / Junko Enoshima,女,A,,动画|漫画|轻小说|Galgame,动画,ダンガンロンパ 希望の学園と絶望の高校生 The Animation,弹丸论破 希望学园与绝望高中生,2013,动画,"[{""t"":""ダンガンロンパ 希望の学園と絶望の高校生 The Animation"",""cn"":""弹丸论破 希望学园与绝望高中生"",""ty"":""动画"",""y"":2013,""pop"":233260},{""t"":""ダンガンロンパ3 -The End of 希望ヶ峰学園-　絶望編"",""cn"":""弹丸论破3 -The End of 希望之峰学园- 绝望篇"",""ty"":""动画"",""y"":2016,""pop"":89210},{""t"":""スーパーダンガンロンパ2.5 狛枝凪斗と世界の破壊者"",""cn"":""超级弹丸论破2.5 狛枝凪斗与世界的破坏者"",""ty"":""动画"",""y"":2017,""pop"":34341},{""t"":""ダンガンロンパ 希望の学園と絶望の高校生"",""cn"":""弹丸论破 希望的学园和绝望高中生"",""ty"":""Galgame"",""y"":2010,""pop"":15953},{""t"":""ニューダンガンロンパV3 みんなのコロシアイ新学期"",""cn"":""新弹丸论破V3 大家的自相残杀新学期"",""ty"":""Galgame"",""y"":2017,""pop"":8847},{""t"":""ダンガンロンパ 希望の学園と絶望の高校生 The Animation"",""cn"":""弹丸论破 希望学园与绝望高中生"",""ty"":""漫画"",""y"":2013,""pop"":5507}]",超高校級の「軍人」。コロシアイ学園生活の“16番目の高校生”である謎の人物。 プロの傭兵集団“フェンリル”に所属していた過去を持ち、非常に高い戦闘能力を有するとされる。,15953,435,15953,25,,https://s4.anilist.co/file/anilistcdn/character/large/b78137-UfsRPvPOdMAk.jpg,https://s4.anilist.co/file/anilistcdn/character/medium/b78137-UfsRPvPOdMAk.jpg,https://t.vndb.org/ch/94/15494.jpg|https://lain.bgm.tv/r/400/pic/crt/l/4e/53/18236_crt_EDz5s.jpg?r=1534940414,,Black Short Slim Pale Grey Tattoo Gloves Miniskirt Knee-high Socks Kevlar Armor,https://anilist.co/character/78137,https://bgm.tv/character/18236,https://vndb.org/c12346,18236
al4604,anilist,12,24,1984,古河渚,古河渚,Nagisa Furukawa,岡崎 渚 / Okazaki Nagisa,女,A,18-19,动画|Galgame,动画,ＣＬＡＮＮＡＤ -クラナド-,,2007,动画,"[{""t"":""ＣＬＡＮＮＡＤ -クラナド-"",""cn"":"""",""ty"":""动画"",""y"":2007,""pop"":300168},{""t"":""ＣＬＡＮＮＡＤ ~After Story~ クラナド アフターストーリー"",""cn"":"""",""ty"":""动画"",""y"":2008,""pop"":223532},{""t"":""劇場版 クラナド"",""cn"":"""",""ty"":""动画"",""y"":2007,""pop"":32052},{""t"":""獄・さよなら絶望先生"",""cn"":""狱・再见绝望先生"",""ty"":""动画"",""y"":2008,""pop"":16524},{""t"":""CLANNAD"",""cn"":"""",""ty"":""Galgame"",""y"":2004,""pop"":11405},{""t"":""かぎなど"",""cn"":""键等"",""ty"":""动画"",""y"":2021,""pop"":10419}]",就读某高中的3年B班，比朋也大一岁，因为久病重读一年，对于将面对新的环境而在往校门前的坡道上不敢前行，也因此和朋也相遇并熟识。 家里开面包店，有个直爽的父亲和温柔的母亲。 个性认真温柔，缺乏自信，不过有时却意外的顽固。 十分喜欢演戏，可是却完全没有演戏剧的经验，目标是再建立戏剧社。 对以前流行的“团子大家族”特别喜爱，时常哼著团子大家族的歌，也常抱着团子大家族的布偶入睡。,11405,3739,11405,1608,,https://s4.anilist.co/file/anilistcdn/character/large/b4604-YFJiWeuGSIYf.png,https://s4.anilist.co/file/anilistcdn/character/medium/b4604-YFJiWeuGSIYf.png,https://t.vndb.org/ch/28/27928.jpg|https://lain.bgm.tv/r/400/pic/crt/l/e9/cf/4_crt_ZeUZW.jpg?r=1692105566,,Brown Antenna Shoulder-length Straight Brown Teen Slim Pale Hard Worker Cooking,https://anilist.co/character/4604,https://bgm.tv/character/4,https://vndb.org/c478,4
al309,anilist,12,24,,托尼托尼·乔巴,トニートニー・チョッパー,Chopper Tony Tony,Tanuki / Chopperman / Cotton Candy Lover / Racoon Dog,男,X,15-,动画|漫画,动画,ONE PIECE,航海王,1999,动画,"[{""t"":""ONE PIECE"",""cn"":""航海王"",""ty"":""动画"",""y"":1999,""pop"":750384},{""t"":""ONE PIECE"",""cn"":""航海王"",""ty"":""漫画"",""y"":1997,""pop"":232766},{""t"":""ONE PIECE FILM RED"",""cn"":""航海王：红发歌姬"",""ty"":""动画"",""y"":2022,""pop"":78378},{""t"":""ONE PIECE FILM Z"",""cn"":""航海王：Z"",""ty"":""动画"",""y"":2012,""pop"":64412},{""t"":""ONE PIECE STAMPEDE"",""cn"":""航海王：狂热行动"",""ty"":""动画"",""y"":2019,""pop"":62019},{""t"":""ONE PIECE FAN LETTER"",""cn"":"""",""ty"":""动画"",""y"":2024,""pop"":58152}]",〝万能薬〟を目指す青っ鼻のトナカイ!! ヒトヒトの実を食べて人間の能力を得た青っ鼻のトナカイ。トナカイ人間になって化け物扱いされた自分を救った恩人、Dr．ヒルルクの遺志を継ぎ医者を志す。夢は何でも直せる医者になって自分が〝万能薬〟になること。 高い知識と技術を持つ一味の優秀な船医だが、みんなを助けられる強い男になるために、悪魔の実の能力を駆使して戦闘でも大奮闘！ 元トナカイだけに鼻がきいたり、他の動物と会話することも可能だ。,8839,8839,0,107,,https://s4.anilist.co/file/anilistcdn/character/large/b309-H64NhbJ2ywIQ.jpg,https://s4.anilist.co/file/anilistcdn/character/medium/b309-H64NhbJ2ywIQ.jpg,https://lain.bgm.tv/r/400/pic/crt/l/51/d7/2371_crt_ELSjx.jpg,,,https://anilist.co/character/309,https://bgm.tv/character/2371,,2371
al53901,anilist,12,24,,宇智波斑,うちはマダラ,Madara Uchiha,,男,,,动画|漫画|轻小说,动画,NARUTO -ナルト- 疾風伝,火影忍者疾风传,2007,动画,"[{""t"":""NARUTO -ナルト- 疾風伝"",""cn"":""火影忍者疾风传"",""ty"":""动画"",""y"":2007,""pop"":610025},{""t"":""NARUTO -ナルト-"",""cn"":""火影忍者"",""ty"":""漫画"",""y"":1999,""pop"":99205},{""t"":""ROAD OF NARUTO"",""cn"":"""",""ty"":""动画"",""y"":2022,""pop"":20865},{""t"":""NARUTO秘伝シリーズ"",""cn"":"""",""ty"":""轻小说"",""y"":2015,""pop"":2513},{""t"":""うちはサスケの写輪眼伝"",""cn"":"""",""ty"":""漫画"",""y"":2014,""pop"":1256},{""t"":""ROAD TO NINJA NARUTO THE MOVIE"",""cn"":""火影忍者 剧场版 忍者之路"",""ty"":""轻小说"",""y"":2012,""pop"":521}]","Missing-nin Co-founder of Konohagakure, Leader of the Uchiha clan Uchiha clan Madara Uchiha is a legendary ninja who led the Uchiha clan prior to and after the formation of Konohagakure.",4997,4997,0,36,,https://s4.anilist.co/file/anilistcdn/character/large/b53901-HnRKSoHMG5Vg.png,https://s4.anilist.co/file/anilistcdn/character/medium/b53901-HnRKSoHMG5Vg.png,https://lain.bgm.tv/r/400/pic/crt/l/38/95/7371_crt_gmgeM.jpg,,,https://anilist.co/character/53901,https://bgm.tv/character/7371,,7371
vndb-c3555,vndb,12,24,,,バーサーカー,Berserker,アルクェイド・ブリュンスタッド / Arcueid Brunestud / 白いバーサーカー / White Berserker,女,,,Galgame,Galgame,フェイト/エクストラ,Fate/EXTRA,2010,Galgame,,One of the two Berserkers that appear in the game; the servant of Gatou Monji. Her true identity is Arcueid Brunestud from Tsukihime.,2508,0,2508,0,,https://t.vndb.org/ch/09/3609.jpg,https://t.vndb.org/ch/09/3609.jpg,,#906944 #b3997e #c8b9a9 #ded5cf #eeedea #fffffe,Blond Ahoge Wavy Shoulder-length Straight Slim Pale Sweater Fighting Violet,,,https://vndb.org/c3555,
vndb-c3532,vndb,12,24,,莱昂纳多·贝斯特里欧·哈维,レオナルド・ビスタリオ・ハーウェイ,Leonardo Bistario Harway,Leo Harway,男,A,,Galgame,Galgame,フェイト/エクストラ,Fate/EXTRA,2010,Galgame,"[{""t"":""フェイト/エクストラ"",""cn"":""Fate/EXTRA"",""ty"":""Galgame"",""y"":2010,""pop"":2508},{""t"":""Fate/EXTRA CCC"",""cn"":""Fate/EXTRA CCC"",""ty"":""Galgame"",""y"":2013,""pop"":789}]",西欧财阀—哈维财阀的下任盟主。自以为是天命之子的天才少年。,2508,0,2508,9,,https://t.vndb.org/ch/85/3585.jpg,https://t.vndb.org/ch/85/3585.jpg,https://lain.bgm.tv/r/400/pic/crt/l/e3/f2/15086_crt_IosHs.jpg,#99260e #bdb096 #53525b #e1dac6 #f6f5ec #ffffff,Blond Short Straight Teen Slim Pale School Uniform Trousers Master Green,,https://bgm.tv/character/15086,https://vndb.org/c3532,15086
al76364,anilist,12,24,,,安達垣愛姫,Aki Adagaki,Cruel Princess (残虐姫‚ Zangyaku Hime),女,AB,16-19,动画|漫画,动画,政宗くんのリベンジ,,2017,动画,"[{""t"":""政宗くんのリベンジ"",""cn"":"""",""ty"":""动画"",""y"":2017,""pop"":243828},{""t"":""政宗くんのリベンジR"",""cn"":"""",""ty"":""动画"",""y"":2023,""pop"":86436},{""t"":""政宗くんのリベンジ OVA"",""cn"":"""",""ty"":""动画"",""y"":2018,""pop"":37546},{""t"":""政宗くんのリベンジ"",""cn"":"""",""ty"":""漫画"",""y"":2012,""pop"":33158},{""t"":""政宗くんのリベンジafter school"",""cn"":"""",""ty"":""漫画"",""y"":2018,""pop"":5680},{""t"":""政宗くんのリベンジ -engagement-"",""cn"":"""",""ty"":""漫画"",""y"":2023,""pop"":2342}]","162 cm Aki comes from a well off family and is known for her brutal treatment of men. As a result, she has gained the nickname ""Cruel Princess"" from her classmates.",2375,2375,0,0,,https://s4.anilist.co/file/anilistcdn/character/large/b76364-ATlG8j4fx3vg.png,https://s4.anilist.co/file/anilistcdn/character/medium/b76364-ATlG8j4fx3vg.png,,,,https://anilist.co/character/76364,,,
al74653,anilist,12,24,,,ディアンヌ,Diane,Serpent's Sin of Envy ,女,,,动画,动画,七つの大罪,七大罪,2014,动画,"[{""t"":""七つの大罪"",""cn"":""七大罪"",""ty"":""动画"",""y"":2014,""pop"":529134},{""t"":""七つの大罪 戒めの復活"",""cn"":""七大罪 戒律的复活"",""ty"":""动画"",""y"":2018,""pop"":286406},{""t"":""七つの大罪 神々の逆鱗"",""cn"":""七大罪 诸神的逆鳞"",""ty"":""动画"",""y"":2019,""pop"":202771},{""t"":""七つの大罪 聖戦の予兆"",""cn"":""七大罪 圣战的预兆"",""ty"":""动画"",""y"":2016,""pop"":171917},{""t"":""七つの大罪 憤怒の審判"",""cn"":""七大罪 愤怒的审判"",""ty"":""动画"",""y"":2021,""pop"":139330},{""t"":""劇場版 七つの大罪 天空の囚われ人"",""cn"":""剧场版 七大罪 天空的囚人"",""ty"":""动画"",""y"":2018,""pop"":89979}]",Diane is a member of the Seven Deadly Sins and is The Sin of Envy with the symbol of the Serpent. She is also a member of the Giant's Clan.,2268,2268,0,0,,https://s4.anilist.co/file/anilistcdn/character/large/b74653-XpMcsLVZBnkZ.jpg,https://s4.anilist.co/file/anilistcdn/character/medium/b74653-XpMcsLVZBnkZ.jpg,,,,https://anilist.co/character/74653,,,
vndb-c52840,vndb,12,24,,,レイファ・パドマ・クライン,Reifa Padoma Kurain,,女,,,Galgame,Galgame,逆転裁判6,,2016,Galgame,,"Rayfa Padma Khura'in is the mystic princess of Khura'in. She is a priestess who can use a ""Pool of Souls"" to reveal what a victim saw and felt before their demise. [From Ace Attorney Wiki]",1901,0,1901,0,,https://t.vndb.org/ch/74/95674.jpg,https://t.vndb.org/ch/74/95674.jpg,,#563648 #937364 #e4a5be #c29b94 #e2dad6 #fefefe,Black Twin Tails Long Teen Green Tattoo Robe Hair Ribbon Miniskirt Shy,,,https://vndb.org/c52840,
vndb-c36548,vndb,12,24,,,愛理,Airi,GEZI-SISTER / Ghost-chan,女,,,Galgame,Galgame,ROBOTICS;NOTES,机器人笔记,2012,Galgame,"[{""t"":""ROBOTICS;NOTES"",""cn"":""机器人笔记"",""ty"":""Galgame"",""y"":2012,""pop"":1864},{""t"":""ROBOTICS;NOTES DaSH"",""cn"":"""",""ty"":""Galgame"",""y"":2019,""pop"":773}]","An AI existing within Iru-O created by Kimijima, with another personality (Geji-nee) that is used by him to collect information. [From MyAnimeList]",1864,0,1864,0,,https://t.vndb.org/ch/32/44132.jpg,https://t.vndb.org/ch/32/44132.jpg,,#1e313c #eadfd8 #737477 #b3aead #f7f0ea #ffffff,Curtained Teen Slim Pale Blue Dress Kuudere Stoic Friendly Split Personality,,,https://vndb.org/c36548,
al5513,anilist,12,24,,,金色の闇,Konjiki no Yami,Yami / Golden Darkness,女,,,动画,动画,To LOVEる -とらぶる-,,2008,动画,"[{""t"":""To LOVEる -とらぶる-"",""cn"":"""",""ty"":""动画"",""y"":2008,""pop"":141288},{""t"":""To LOVEる -とらぶる- ダークネス"",""cn"":"""",""ty"":""动画"",""y"":2012,""pop"":78560},{""t"":""もっと To LOVEる -とらぶる-"",""cn"":"""",""ty"":""动画"",""y"":2010,""pop"":70190},{""t"":""To LOVEる -とらぶる- ダークネス2nd"",""cn"":"""",""ty"":""动画"",""y"":2015,""pop"":59464},{""t"":""To LOVEる -とらぶる-"",""cn"":"""",""ty"":""动画"",""y"":2009,""pop"":41179},{""t"":""To LOVEる -とらぶる- ダークネス"",""cn"":"""",""ty"":""动画"",""y"":2012,""pop"":30045}]","153 cm A dispassionate, withdrawn assassin, Golden Darkness is hired by one of [Lala](//anilist.co/character/5511)'s arranged suitors, [Lacospo](//anilist.co/character/71391) to kill [Rito](//anilist.co/character/5510), until she breaks the…",1728,1728,0,0,,https://s4.anilist.co/file/anilistcdn/character/large/b5513-n2VPdIYXaqbh.png,https://s4.anilist.co/file/anilistcdn/character/medium/b5513-n2VPdIYXaqbh.png,,,,https://anilist.co/character/5513,,,
vndb-c39734,vndb,12,24,,,白石 景之,Shiraishi Kageyuki,,男,,,Galgame,Galgame,Collar x Malice,,2016,Galgame,"[{""t"":""Collar x Malice"",""cn"":"""",""ty"":""Galgame"",""y"":2016,""pop"":1496},{""t"":""Collar x Malice -Unlimited-"",""cn"":"""",""ty"":""Galgame"",""y"":2018,""pop"":511}]",Kageyuki Shiraishi is an active duty cop who works in the Crime Lab as a profiler. He's the Director of the Field Ops department set up to solve the X-Day Incidents.,1496,0,1496,0,,https://t.vndb.org/ch/63/112363.jpg,https://t.vndb.org/ch/63/112363.jpg,,#c8a77f #7f533d #e4cfb7 #f1e6df #fcfaf6,Blond Ponytail Waist Length+ Straight Pale Sweater Trousers Dress Shoes Orphan Cooking,,,https://vndb.org/c39734,
al57491,anilist,12,24,,,白石うらら,Urara Shiraishi,Sunshine,女,A,,动画|漫画,动画,山田くんと7人の魔女,,2015,动画,"[{""t"":""山田くんと7人の魔女"",""cn"":"""",""ty"":""动画"",""y"":2015,""pop"":189518},{""t"":""山田くんと7人の魔女"",""cn"":"""",""ty"":""漫画"",""y"":2012,""pop"":33949},{""t"":""山田くんと7人の魔女 OAD"",""cn"":"""",""ty"":""动画"",""y"":2014,""pop"":25949},{""t"":""山田くんと7人の魔女"",""cn"":"""",""ty"":""动画"",""y"":2013,""pop"":16411},{""t"":""ヤンキー君な山田くんとメガネちゃんと魔女"",""cn"":"""",""ty"":""动画"",""y"":2015,""pop"":10150},{""t"":""M.H.B!"",""cn"":"""",""ty"":""漫画"",""y"":2014,""pop"":469}]",2-B Supernatural Studies Club President of the Supernatural Studies Club A beautiful girl who is Suzaku High's brightest student. She is one of the seven (original) witches. ~!Urara's ability as a witch is Body Swapping.,1423,1423,0,0,,https://s4.anilist.co/file/anilistcdn/character/large/b57491-4vnzg6Zahvyi.jpg,https://s4.anilist.co/file/anilistcdn/character/medium/b57491-4vnzg6Zahvyi.jpg,,,,https://anilist.co/character/57491,,,
vndb-c1792,vndb,12,24,,,鹿野上 悠馬,Kanoue Yuuma,,男,AB,,Galgame,Galgame,いろとりどりのセカイ,,2011,Galgame,"[{""t"":""いろとりどりのセカイ"",""cn"":"""",""ty"":""Galgame"",""y"":2011,""pop"":1422},{""t"":""いろとりどりのヒカリ"",""cn"":"""",""ty"":""Galgame"",""y"":2012,""pop"":632},{""t"":""紅い瞳に映るセカイ"",""cn"":"""",""ty"":""Galgame"",""y"":2015,""pop"":392}]","Food, sleeping Writing in his diary Favorite Anything Disliked None A young man who instinctively comes to the aid of others whenever he is asked for help.",1422,0,1422,0,,https://t.vndb.org/ch/36/1836.jpg,https://t.vndb.org/ch/36/1836.jpg,,#aea09b #433d3e #dbccd5 #f5efe6 #f9f8f9,Black Ahoge Teen Slim Pale School Uniform Trousers Dress Shoes Hard Worker Magician,,,https://vndb.org/c1792,
al121639,anilist,12,24,,,システィーナ フィーベル,Sistine Fibel,Sisti / White Cat,女,,,动画|漫画|轻小说,动画,ロクでなし魔術講師と禁忌教典(アカシックレコード),,2017,动画,"[{""t"":""ロクでなし魔術講師と禁忌教典(アカシックレコード)"",""cn"":"""",""ty"":""动画"",""y"":2017,""pop"":200317},{""t"":""ロクでなし魔術講師と禁忌教典"",""cn"":"""",""ty"":""漫画"",""y"":2015,""pop"":7100},{""t"":""ロクでなし魔術講師と禁忌教典"",""cn"":"""",""ty"":""轻小说"",""y"":2014,""pop"":2863},{""t"":""ロクでなし魔術講師と追想日誌"",""cn"":"""",""ty"":""轻小说"",""y"":2016,""pop"":298}]","Sistine admires magic greatly and wishes to discover the secret of the Flying Castle, which no one knows. She maintains a strict, no-nonsense demeanor throughout, and often scolds [Glenn](//anilist.co/character/121638/Radars-Glenn) for his…",1390,1390,0,0,,https://s4.anilist.co/file/anilistcdn/character/large/121639-ptCs3mEtYCoL.jpg,https://s4.anilist.co/file/anilistcdn/character/medium/121639-ptCs3mEtYCoL.jpg,,,,https://anilist.co/character/121639,,,
al289054,anilist,12,24,,,伊地知星歌,Seika Ijichi,,女,,29-,动画|漫画,动画,ぼっち・ざ・ろっく！,孤独摇滚！,2022,动画,"[{""t"":""ぼっち・ざ・ろっく！"",""cn"":""孤独摇滚！"",""ty"":""动画"",""y"":2022,""pop"":265557},{""t"":""ぼっち・ざ・ろっく！Re:"",""cn"":"""",""ty"":""动画"",""y"":2024,""pop"":25825},{""t"":""ぼっち・ざ・ろっく！"",""cn"":""孤独摇滚！"",""ty"":""漫画"",""y"":2018,""pop"":20185},{""t"":""ぼっち・ざ・ろっく！ Re:Re:"",""cn"":"""",""ty"":""动画"",""y"":2024,""pop"":13716},{""t"":""ぼっち・ざ・ろっく！外伝　廣井きくりの深酒日記"",""cn"":""孤独摇滚！外传 广井菊理的狂饮日记"",""ty"":""漫画"",""y"":2023,""pop"":4314},{""t"":""ぼっち・ざ・ろっく！アンソロジーコミック"",""cn"":"""",""ty"":""漫画"",""y"":2022,""pop"":1265}]","Nijika's older sister and manager of the live house ""STARRY"".",1195,1195,0,0,,https://s4.anilist.co/file/anilistcdn/character/large/b289054-UnScwd5RkqBk.png,https://s4.anilist.co/file/anilistcdn/character/medium/b289054-UnScwd5RkqBk.png,,,,https://anilist.co/character/289054,,,
al291294,anilist,12,24,,,マリヤ・ミハイロヴナ・九条,Mariya Kujou,Мария Михайловна Куджо / Masha (マーシャ) / Maa-chan / Madonna,女,,16-17,动画|漫画|轻小说,动画,時々ボソッとロシア語でデレる隣のアーリャさん,不时轻声地以俄语遮羞的邻座艾莉同学,2024,动画,"[{""t"":""時々ボソッとロシア語でデレる隣のアーリャさん"",""cn"":""不时轻声地以俄语遮羞的邻座艾莉同学"",""ty"":""动画"",""y"":2024,""pop"":204637},{""t"":""時々ボソッとロシア語でデレる隣のアーリャさん Season 2"",""cn"":""不时轻声地以俄语遮羞的邻座艾莉同学 第二季"",""ty"":""动画"",""y"":2027,""pop"":48213},{""t"":""時々ボソッとロシア語でデレる隣のアーリャさん"",""cn"":""不时轻声地以俄语遮羞的邻座艾莉同学"",""ty"":""漫画"",""y"":2022,""pop"":22641},{""t"":""時々ボソッとロシア語でデレる隣のアーリャさん"",""cn"":""不时轻声地以俄语遮羞的邻座艾莉同学"",""ty"":""轻小说"",""y"":2021,""pop"":9197},{""t"":""時々ボソッとロシア語でデレる隣のアーリャさん 裏話"",""cn"":"""",""ty"":""轻小说"",""y"":2024,""pop"":225},{""t"":""時々ボソッとロシア語でデレる勇者のアーリャさん"",""cn"":"""",""ty"":""漫画"",""y"":2026,""pop"":107}]",Mariya Mikhailovna Kujou is a second-year student and the student council secretary. Her nickname is Masha and she is the older biological sister of [Alisa Mikhailovna Kujou](//anilist.co/character/217334/Kujou-Mikhailovna-Alisa).,1107,1107,0,0,,https://s4.anilist.co/file/anilistcdn/character/large/b291294-dlnliQB6b8YS.jpg,https://s4.anilist.co/file/anilistcdn/character/medium/b291294-dlnliQB6b8YS.jpg,,,,https://anilist.co/character/291294,,,
vndb-c5938,vndb,12,24,,,竹内 麻巳,Takeuchi Mami,,女,A,,Galgame,Galgame,Canvas2～茜色のパレット～,,2004,Galgame,"[{""t"":""Canvas2～茜色のパレット～"",""cn"":"""",""ty"":""Galgame"",""y"":2004,""pop"":1067},{""t"":""Canvas2～茜色のパレット～"",""cn"":"""",""ty"":""Galgame"",""y"":2004,""pop"":1067},{""t"":""Canvas2～茜色のパレット～"",""cn"":"""",""ty"":""Galgame"",""y"":2004,""pop"":1067},{""t"":""Canvas2～茜色のパレット～"",""cn"":"""",""ty"":""Galgame"",""y"":2004,""pop"":1067}]","The president of the art club at Nadeshiko Academy. Although she sees Elis as a rival, she is there to help her when she is in need of advice. She encourages Elis to try to use the color red.",1067,0,1067,0,,https://t.vndb.org/ch/09/11809.jpg,https://t.vndb.org/ch/09/11809.jpg,,#ddadae #967781 #dcccc8 #f0eae4 #f9f6f4 #ffffff,Ponytail Shoulder-length Green Teen Slim Pale School Uniform Proactive Hard Worker Virgin Sex,,,https://vndb.org/c5938,
vndb-c895,vndb,12,24,,,柊 コハル,Hiiragi Koharu,,女,AB,,Galgame,Galgame,"Hello,good-bye",,2010,Galgame,,"Koharu claims to be Kaito's little sister, and is a first-year student at Tenshudo Academy. A certain incident ten years ago left her orphaned, and she's called Tenshudo academy her home ever since, living under its care and protection.",1055,0,1055,0,,https://t.vndb.org/ch/33/83433.jpg,https://t.vndb.org/ch/33/83433.jpg,,#4a4255 #ae90af #dfc5c3 #eee4e2 #f9f6f2 #ffffff,Black White Twin Tails Waist Length+ Straight Slim Pale Orphan Cooking Doggy Style,,,https://vndb.org/c895,
al326398,anilist,12,24,,,エルファリア・アルヴィス・セルフォルト,Elfaria Serfort,Elfaria Alvis Serholt / Elfie,女,,16-,动画|漫画|轻小说,动画,杖と剣のウィストリア,,2024,动画,"[{""t"":""杖と剣のウィストリア"",""cn"":"""",""ty"":""动画"",""y"":2024,""pop"":175733},{""t"":""杖と剣のウィストリア Season2"",""cn"":"""",""ty"":""动画"",""y"":2026,""pop"":118642},{""t"":""杖と剣のウィストリア"",""cn"":"""",""ty"":""漫画"",""y"":2020,""pop"":18855},{""t"":""杖と剣のウィストリア　グリモアクタ　―始まりの涙―"",""cn"":"""",""ty"":""轻小说"",""y"":2024,""pop"":460}]","163 cm (5'4"") Lyzance A true prodigy and the youngest Magia Vander in history, she watches over a certain young man from her windowsill in the Tower. Those close to her say she is an easygoing Magia Vander who likes to play the saint.",1017,1017,0,0,,https://s4.anilist.co/file/anilistcdn/character/large/b326398-wuRiW6ZhqdAL.png,https://s4.anilist.co/file/anilistcdn/character/medium/b326398-wuRiW6ZhqdAL.png,,,,https://anilist.co/character/326398,,,
al212394,anilist,12,24,,,ウィル・セルフォルト,Will Serfort,Will Serholt,男,,16-,动画|漫画|轻小说,动画,杖と剣のウィストリア,,2024,动画,"[{""t"":""杖と剣のウィストリア"",""cn"":"""",""ty"":""动画"",""y"":2024,""pop"":175733},{""t"":""杖と剣のウィストリア Season2"",""cn"":"""",""ty"":""动画"",""y"":2026,""pop"":118642},{""t"":""杖と剣のウィストリア Season3"",""cn"":"""",""ty"":""动画"",""y"":"""",""pop"":20971},{""t"":""杖と剣のウィストリア"",""cn"":"""",""ty"":""漫画"",""y"":2020,""pop"":18855},{""t"":""杖と剣のウィストリア　グリモアクタ　―始まりの涙―"",""cn"":"""",""ty"":""轻小说"",""y"":2024,""pop"":460}]","168 cm (5'6"") Lyzance Will Serfort is a sixth year student at the Regarden Magical Academy shunned by most students and faculty due to his lack of magical aptitude.",1011,1011,0,0,,https://s4.anilist.co/file/anilistcdn/character/large/b212394-LBHoN071nIuu.png,https://s4.anilist.co/file/anilistcdn/character/medium/b212394-LBHoN071nIuu.png,,,,https://anilist.co/character/212394,,,
vndb-c69275,vndb,12,24,,,ナナ,Nana,,女,AB,,Galgame,Galgame,"さくら、もゆ。-as the Night's, Reincarnation-",,2019,Galgame,,"""Being held tight is embarrassing... Being roughed up and messed with is... just too much. It makes me want to cry."" A certain someone who dwells in the night of Sanzenchou, the town where Taiga and the others live.",870,0,870,0,,https://t.vndb.org/ch/05/100905.jpg,https://t.vndb.org/ch/05/100905.jpg,,#b68c45 #524f55 #9fadb9 #d2d8da #f1f3ed #ffffff,Blue Straight Slim Pale Kid Necktie Shirt Miniskirt Thigh-high Stockings Stoic,,,https://vndb.org/c69275,
vndb-c14651,vndb,12,24,,,森川 由綺,Morikawa Yuki,,女,A,,Galgame,Galgame,WHITE ALBUM,,1998,Galgame,,The main heroine - a popular up-and-coming singer who made her debut one year ago. She goes to the same University as the protagonist and has been dating him since high school. Her popularity started becoming a problem for the protagonist.,857,0,857,0,,https://t.vndb.org/ch/20/101120.jpg,https://t.vndb.org/ch/20/101120.jpg,,#6d2834 #856e71 #efe7d9 #f5f4ed #bababa #ffffff,Brown Long Straight Brown Teen Slim Pale School Uniform Hard Worker Virgin Sex,,,https://vndb.org/c14651,
vndb-c3730,vndb,12,24,,,ベル,Belle,Fa / Fa-chan,女,,,Galgame,Galgame,カタハネ,,2006,Galgame,,"A doll from Silberg created by the famous doll engineer Rein. Belle looks like a human girl, except for the white wing in her back. She likes singing but she cannot sing in public.",804,0,804,0,,https://t.vndb.org/ch/64/3764.jpg,https://t.vndb.org/ch/64/3764.jpg,,#b1a49c #d7d2c1 #fdfbeb #ebebe1 #ffffff,Blond Wavy Short Teen Slim Pale Cunnilingus Green Dress Mini-dress,,,https://vndb.org/c3730,
vndb-c33050,vndb,12,24,,,四條 凛香,Shijou Rinka,,女,O,,Galgame,Galgame,恋×シンアイ彼女,,2015,Galgame,,"The student council president, who first meets the protagonist when she informs him that he would need to find other members to avoid being kicked out of the room that he uses as the club.",780,0,780,0,,https://t.vndb.org/ch/79/39579.jpg,https://t.vndb.org/ch/79/39579.jpg,,#555784 #322c4a #9681a6 #c2bbc3 #ece3e1 #fefefd,Black Ponytail Waist Length+ Teen Slim Pale School Uniform Hard Worker Virgin Sex Green,,,https://vndb.org/c33050,
vndb-c64339,vndb,12,24,,,羽島 壱花,Hashima Ichika,いっちゃん / Icchan,女,AB,,Galgame,Galgame,ももいろクローゼット,,2018,Galgame,,"The anime-loving, chuuni little sister. Reiji's precocious little sister. Determined to appear like a regular girl at school, she keeps her love for anime a secret from her friends.",767,0,767,0,,https://t.vndb.org/ch/00/77400.jpg,https://t.vndb.org/ch/00/77400.jpg,,#2e2a41 #66596d #b6a7a1 #e3d8d1 #f5f0e9 #ffffff,Blue Twin Tails Waist Length+ Teen Slim Pale Blue Mini-dress Otaku Daughter,,,https://vndb.org/c64339,
al272,anilist,12,24,1984,,千鳥かなめ,Kaname Chidori,Kana,女,B,16,动画|漫画,动画,フルメタル・パニック！,,2002,动画,"[{""t"":""フルメタル・パニック！"",""cn"":"""",""ty"":""动画"",""y"":2002,""pop"":97112},{""t"":""フルメタル・パニック? ふもっふ"",""cn"":"""",""ty"":""动画"",""y"":2003,""pop"":45853},{""t"":""フルメタル パニック！The Second Raid"",""cn"":"""",""ty"":""动画"",""y"":2005,""pop"":41872},{""t"":""フルメタル・パニック！Invisible Victory"",""cn"":"""",""ty"":""动画"",""y"":2018,""pop"":26025},{""t"":""フルメタル・パニック！"",""cn"":"""",""ty"":""漫画"",""y"":2000,""pop"":4014},{""t"":""フルメタル・パニック！ボーイ・ミーツ・ガール"",""cn"":"""",""ty"":""动画"",""y"":2017,""pop"":2969}]",": 166 cm : Japan Kaname is the female protagonist of the series. She is often described as, 'The kind of girl everyone looks up to, but not even a boy wants as their girlfriend', as a male, fellow student put it.",664,664,0,0,,https://s4.anilist.co/file/anilistcdn/character/large/b272-PAyS6eeHE4v9.png,https://s4.anilist.co/file/anilistcdn/character/medium/b272-PAyS6eeHE4v9.png,,,,https://anilist.co/character/272,,,
vndb-c62417,vndb,12,24,,,アイリス・ディセンバー・アンクライ,Iris December Uncry,,女,,,Galgame,Galgame,ノラと皇女と野良猫ハート2,,2017,Galgame,,"The princess of the Kingdom of Uncry, the forgotten kingdom of winter. She has come to the surface to get people to remember her home kingdom.",653,0,653,0,1,https://t.vndb.org/ch/66/74566.jpg,https://t.vndb.org/ch/66/74566.jpg,,#1d1b4a #6e6794 #d7b29f #ecdbc6 #f6f1e6 #fffffe,Blond Waist Length+ Curtained Teen Pale School Uniform Fighting Doggy Style Standing Sex Virgin Sex,,,https://vndb.org/c62417,
vndb-c50728,vndb,12,24,,,建比良 ソウスケ,Tatehira Sousuke,,男,A,,Galgame,Galgame,7'scarlet,,2016,Galgame,,"""I guess that was a bit complicated for you."" ""Just forget about what I said"" A tall med student first encountered at the bookstore in Okunezato.",653,0,653,0,,https://t.vndb.org/ch/93/60893.jpg,https://t.vndb.org/ch/93/60893.jpg,,#283846 #998b97 #cebec7 #eadddc #f8f4f8,Black Short Slim Pale Assault Blue Young-adult Glasses Shirt Vest,,,https://vndb.org/c50728,
al161678,anilist,12,24,,,セリア・クレール,Celia Claire,,女,,,动画|漫画|轻小说,动画,精霊幻想記,,2021,动画,"[{""t"":""精霊幻想記"",""cn"":"""",""ty"":""动画"",""y"":2021,""pop"":139789},{""t"":""精霊幻想記2"",""cn"":"""",""ty"":""动画"",""y"":2024,""pop"":74199},{""t"":""精霊幻想記"",""cn"":"""",""ty"":""漫画"",""y"":2017,""pop"":8607},{""t"":""精霊幻想記"",""cn"":"""",""ty"":""轻小说"",""y"":2015,""pop"":3355},{""t"":""セリア先生のわくわくまじかる教室"",""cn"":"""",""ty"":""动画"",""y"":2021,""pop"":2189},{""t"":""精霊幻想記"",""cn"":"""",""ty"":""漫画"",""y"":2016,""pop"":939}]",A teacher who finds Rio in the slums.,646,646,0,0,,https://s4.anilist.co/file/anilistcdn/character/large/b161678-E8wQlmBbWuAa.png,https://s4.anilist.co/file/anilistcdn/character/medium/b161678-E8wQlmBbWuAa.png,,,,https://anilist.co/character/161678,,,
vndb-c8536,vndb,12,24,,,羽田 小鳩,Haneda Kobato,プリンセス・ダヴ / Princess Dabu,女,,,Galgame,Galgame,俺たちに翼はない,,2009,Galgame,"[{""t"":""俺たちに翼はない"",""cn"":"""",""ty"":""Galgame"",""y"":2009,""pop"":632},{""t"":""俺たちに翼はない ～Prelude～"",""cn"":"""",""ty"":""Galgame"",""y"":2008,""pop"":220},{""t"":""俺たちに翼はない AfterStory"",""cn"":"""",""ty"":""Galgame"",""y"":2010,""pop"":200}]",,632,0,632,0,,https://t.vndb.org/ch/96/149496.jpg,https://t.vndb.org/ch/96/149496.jpg,,#9c737a #4a3c48 #eed4bf #f7ecdc #fbf7f0 #ffffff,Black Ahoge Short Straight Slim Pale Blowjob Virgin Sex Blue Cousin,,,https://vndb.org/c8536,
vndb-c12431,vndb,12,24,,,ブリュエット・ニコレット・プランケット,Bluette Nicolette Planquette,Ette,女,,,Galgame,Galgame,乙女理論とその周辺 -Ecole de Paris-,,2013,Galgame,"[{""t"":""乙女理論とその周辺 -Ecole de Paris-"",""cn"":"""",""ty"":""Galgame"",""y"":2013,""pop"":627},{""t"":""乙女理論とその後の周辺 -Belle Epoque-"",""cn"":"""",""ty"":""Galgame"",""y"":2016,""pop"":290}]","Marseille, France Pretending, acting",627,0,627,0,,https://t.vndb.org/ch/82/14782.jpg,https://t.vndb.org/ch/82/14782.jpg,,#dca998 #966e71 #e7d6c8 #f5f0e6 #fdfbf5,Ahoge Long Straight Teen Slim Pale School Uniform Blowjob Virgin Sex Blue,,,https://vndb.org/c12431,
vndb-c151,vndb,12,24,,,クリスカ・ビャーチェノワ,Cryska Barchenowa,Scarlet Twin,女,,,Galgame,Galgame,マブラヴ オルタネイティヴ トータル・イクリプス,Muv-Luv Alternative Total Eclipse,2013,Galgame,,"A TSF pilot in the Soviet Military’s Idol test unit. She pilots a multi-seater Su-37B, and her skills as a pilot far exceed anyone else’s. She and her fellow pilot, Inia, are known as the “Scarlet Twins”.",597,0,597,0,,https://t.vndb.org/ch/78/134878.jpg,https://t.vndb.org/ch/78/134878.jpg,,#596196 #323740 #b7aac0 #e2d9e0 #f7f1ef #ffffff,Violet White Shoulder-length Straight Teen Slim Pale Trousers Fighting Violet,,,https://vndb.org/c151,
al37513,anilist,12,24,,,三日月夜空,Yozora Mikazuki,,女,,17,动画|漫画|轻小说,动画,僕は友達が少ない,,2011,动画,"[{""t"":""僕は友達が少ない"",""cn"":"""",""ty"":""动画"",""y"":2011,""pop"":166020},{""t"":""僕は友達が少ない NEXT"",""cn"":"""",""ty"":""动画"",""y"":2013,""pop"":104651},{""t"":""僕は友達が少ない 第0語 闇鍋は美少女が残念な臭い(;´∀`)"",""cn"":"""",""ty"":""动画"",""y"":2011,""pop"":30045},{""t"":""僕は友達が少ない リレー小説は結末が半端ないL(゜□゜)」"",""cn"":"""",""ty"":""动画"",""y"":2012,""pop"":28740},{""t"":""僕は友達が少ない"",""cn"":"""",""ty"":""漫画"",""y"":2010,""pop"":6996},{""t"":""僕は友達が少ない"",""cn"":"""",""ty"":""轻小说"",""y"":2009,""pop"":3230}]","162 cm (5'4"") Yozora Mikazuki is the founder, first member, and club president of the Neighbor's Club. Prideful and easily provoked by nature, Yozora detests ""normals"" and that is the reason why Yozora doesn't have any friends along with th…",582,582,0,0,,https://s4.anilist.co/file/anilistcdn/character/large/b37513-dUhPmRiXPsrg.png,https://s4.anilist.co/file/anilistcdn/character/medium/b37513-dUhPmRiXPsrg.png,,,,https://anilist.co/character/37513,,,
vndb-c90691,vndb,12,24,,,メリッサ,Melissa,,女,,,Galgame,Galgame,さくらの雲＊スカアレットの恋,,2020,Galgame,,Brewing black tea None in particular Toys Ghost A maid employed in Tooko's mansion. She claims to be an orthodox Victorian maid and is a top-notch house keeper.,552,0,552,0,,https://t.vndb.org/ch/11/109311.jpg,https://t.vndb.org/ch/11/109311.jpg,,#cca1b9 #745f71 #edc2cf #f5e5e5 #fbf4f0 #ffffff,Pink Twin Tails Shoulder-length Teen Pale Cooking Doggy Style Cowgirl Blowjob Virgin Sex,,,https://vndb.org/c90691,
vndb-c46826,vndb,12,24,,,白羽 幸,Shiraha Yuki,,女,AB,,Galgame,Galgame,アストラエアの白き永遠,,2014,Galgame,"[{""t"":""アストラエアの白き永遠"",""cn"":"""",""ty"":""Galgame"",""y"":2014,""pop"":508},{""t"":""アストラエアの白き永遠 Finale -白き星の夢-"",""cn"":"""",""ty"":""Galgame"",""y"":2017,""pop"":223}]",Her family Living a life where others have to take care of her Professor Shiraha's daughter and Riku's older sister. She has been bedridden for the majority of her life due to an illness.,508,0,508,0,,https://t.vndb.org/ch/39/59239.jpg,https://t.vndb.org/ch/39/59239.jpg,,#7e425b #ae99a6 #e3d4d8 #f7f2e6 #f9f8f7,White Ahoge Waist Length+ Straight Teen Slim Pale School Uniform Missionary Cowgirl,,,https://vndb.org/c46826,
vndb-c16435,vndb,12,24,,,雪々,Yuuki,Fairy of Winter / Yuki-chan / Yuki-Yuki,女,,,Galgame,Galgame,アストラエアの白き永遠,,2014,Galgame,"[{""t"":""アストラエアの白き永遠"",""cn"":"""",""ty"":""Galgame"",""y"":2014,""pop"":508},{""t"":""アストラエアの白き永遠 Finale -白き星の夢-"",""cn"":"""",""ty"":""Galgame"",""y"":2017,""pop"":223}]","Things she can num num on Things she can't num num on The cheerful girl whom Riku often played with as a child. When they meet again after Riku returns to Tsukigasaki, he’s surprised to see that her appearance hasn’t changed at all.",508,0,508,0,,https://t.vndb.org/ch/86/20886.jpg,https://t.vndb.org/ch/86/20886.jpg,,#bc6f9a #d3b8ce #e6d8dc #f5f3ec #ffffff,White Ahoge Waist Length+ Straight Slim Pale Missionary Standing Sex Blowjob Virgin Sex,,,https://vndb.org/c16435,
al124441,anilist,12,24,,,ウィリアム・ヴァンジャンス,William Vangeance,,男,O,26,动画|漫画|轻小说,动画,ブラッククローバー,黑色五叶草,2017,动画,"[{""t"":""ブラッククローバー"",""cn"":""黑色五叶草"",""ty"":""动画"",""y"":2017,""pop"":583263},{""t"":""ブラッククローバー"",""cn"":""黑色五叶草"",""ty"":""漫画"",""y"":2015,""pop"":107258},{""t"":""ブラッククローバー 魔法帝の剣"",""cn"":"""",""ty"":""动画"",""y"":2023,""pop"":99687},{""t"":""ブラッククローバー オール魔法騎士感謝祭"",""cn"":"""",""ty"":""动画"",""y"":2018,""pop"":10874},{""t"":""プチット・クローバー アドバンス"",""cn"":"""",""ty"":""动画"",""y"":2018,""pop"":3303},{""t"":""ブラッククローバー ユノの書"",""cn"":"""",""ty"":""轻小说"",""y"":2019,""pop"":448}]",172 cm William Vangeance is the captain of Clover Kingdom's Golden Dawn squad of the Magic Knights. He is currently the closest person to becoming the next Wizard King.,500,500,0,0,,https://s4.anilist.co/file/anilistcdn/character/large/b124441-nggzgZExhb1w.png,https://s4.anilist.co/file/anilistcdn/character/medium/b124441-nggzgZExhb1w.png,,,,https://anilist.co/character/124441,,,
al324,anilist,12,24,,,越前リョーマ,Ryoma Echizen,Ochibi / Koshimae / Prince / Chibisuke,男,O,,动画|漫画,动画,テニスの王子様,,2001,动画,"[{""t"":""テニスの王子様"",""cn"":"""",""ty"":""动画"",""y"":2001,""pop"":36265},{""t"":""新テニスの王子様"",""cn"":"""",""ty"":""动画"",""y"":2012,""pop"":12271},{""t"":""テニスの王子様 全国大会篇"",""cn"":"""",""ty"":""动画"",""y"":2006,""pop"":7955},{""t"":""テニスの王子様 全国大会篇 Semifinal"",""cn"":"""",""ty"":""动画"",""y"":2007,""pop"":7071},{""t"":""テニスの王子様 全国大会篇 Final"",""cn"":"""",""ty"":""动画"",""y"":2008,""pop"":6928},{""t"":""テニスの王子様"",""cn"":"""",""ty"":""漫画"",""y"":1999,""pop"":6528}]",151 cm All-rounder Ryoma Echizen is the protagonist of the Prince of Tennis series. He is the son of [Echizen Nanjirou](//anilist.co/character/11823/Nanjiro-Echizen) and Takeuchi-Echizen Rinko.,474,474,0,0,,https://s4.anilist.co/file/anilistcdn/character/large/b324-PEf2pMfTqx96.png,https://s4.anilist.co/file/anilistcdn/character/medium/b324-PEf2pMfTqx96.png,,,,https://anilist.co/character/324,,,
vndb-c79018,vndb,12,24,,,大黄,Dahuang,Spottie,男,,,Galgame,Galgame,WILL：美好世界,,2017,Galgame,,,447,0,447,0,,https://t.vndb.org/ch/21/170021.jpg,https://t.vndb.org/ch/21/170021.jpg,,#6e5647 #b8b0b3 #e4e2e2 #faf9f8 #f1f0f0,Fighting Bandages Cat Homeless Korean Band-aid Pet Observant,,,https://vndb.org/c79018,
al89021,anilist,12,24,,,橘・シルフィンフォード,Sylphynford Tachibana,Sylphyn / Sylphy / Sylph / TSF,女,,,动画|漫画,动画,干物妹！うまるちゃん,,2015,动画,"[{""t"":""干物妹！うまるちゃん"",""cn"":"""",""ty"":""动画"",""y"":2015,""pop"":172737},{""t"":""干物妹! うまるちゃん R"",""cn"":"""",""ty"":""动画"",""y"":2017,""pop"":67456},{""t"":""ひもうと! うまるちゃんS"",""cn"":"""",""ty"":""动画"",""y"":2015,""pop"":22868},{""t"":""干物妹！うまるちゃん OVA"",""cn"":"""",""ty"":""动画"",""y"":2015,""pop"":21239},{""t"":""干物妹（ひもうと）！うまるちゃん"",""cn"":"""",""ty"":""漫画"",""y"":2013,""pop"":7093},{""t"":""干物妹！うまるちゃんG"",""cn"":"""",""ty"":""漫画"",""y"":2017,""pop"":1018}]","[Umaru](//anilist.co/character/89019/Doma-Umaru)'s classmate. She sees Umaru as her rival. Though she acts like a young lady from a good family, she is also a bit of an airhead.",442,442,0,0,,https://s4.anilist.co/file/anilistcdn/character/large/b89021-6npKQUgfnep6.png,https://s4.anilist.co/file/anilistcdn/character/medium/b89021-6npKQUgfnep6.png,,,,https://anilist.co/character/89021,,,
al273,anilist,12,24,,,テレサ・テスタロッサ,Teletha Testarossa,Tessa,女,,16,动画|漫画,动画,フルメタル・パニック！,,2002,动画,"[{""t"":""フルメタル・パニック！"",""cn"":"""",""ty"":""动画"",""y"":2002,""pop"":97112},{""t"":""フルメタル・パニック? ふもっふ"",""cn"":"""",""ty"":""动画"",""y"":2003,""pop"":45853},{""t"":""フルメタル パニック！The Second Raid"",""cn"":"""",""ty"":""动画"",""y"":2005,""pop"":41872},{""t"":""フルメタル・パニック！Invisible Victory"",""cn"":"""",""ty"":""动画"",""y"":2018,""pop"":26025},{""t"":""わりとヒマな戦隊長の一日"",""cn"":"""",""ty"":""动画"",""y"":2006,""pop"":12109},{""t"":""フルメタル・パニック！"",""cn"":"""",""ty"":""漫画"",""y"":2000,""pop"":4014}]","Teletha ""Tessa"" Testarossa is the clumsy but charming Captain of the revered TDD-1 'Tuatha de Danaan' submarine of the anti-terrorist organization 'Mithril'.",425,425,0,0,,https://s4.anilist.co/file/anilistcdn/character/large/b273-fCyaRnsggzeY.png,https://s4.anilist.co/file/anilistcdn/character/medium/b273-fCyaRnsggzeY.png,,,,https://anilist.co/character/273,,,
vndb-c53947,vndb,12,24,,,古倉 める,Furukura Meru,,女,,,Galgame,Galgame,しゅがてん！-sugarfull tempering-,,2017,Galgame,,"Sweet foods, kotatsu Bitter foods Favorite Any cake Meru is the granddaughter of the Folkroll store's manager. She tries her best to keep Folkroll going while her grandfather is in the hospital.",418,0,418,0,,https://t.vndb.org/ch/94/71294.jpg,https://t.vndb.org/ch/94/71294.jpg,,#8f5470 #c79ea7 #f2e8e4 #d6d5d9 #fbf9f2,Brown Twin Tails Long Wavy Teen Slim Pale School Uniform Cooking Missionary,,,https://vndb.org/c53947,
al128987,anilist,12,24,,,本庄アル,Aru Honshou,Mieru Honshou,女,,,动画|漫画,动画,ひとりぼっちの○○生活,,2019,动画,"[{""t"":""ひとりぼっちの○○生活"",""cn"":"""",""ty"":""动画"",""y"":2019,""pop"":74008},{""t"":""ひとりぼっちの○○生活"",""cn"":"""",""ty"":""漫画"",""y"":2013,""pop"":11009},{""t"":""三ツ星カラーズ"",""cn"":"""",""ty"":""漫画"",""y"":2014,""pop"":3360}]","The vice representative in [Bocchi](//anilist.co/character/128986)'s class. She often puts on an appearance to hide the fact that she is actually somewhat of a loser. Her name is derived from honshou aru (本性ある, ""having a true nature"").",416,416,0,0,,https://s4.anilist.co/file/anilistcdn/character/large/b128987-2oXYRTdPLZYQ.png,https://s4.anilist.co/file/anilistcdn/character/medium/b128987-2oXYRTdPLZYQ.png,,,,https://anilist.co/character/128987,,,
vndb-c93370,vndb,12,24,,,江戸川,Edogawa,,男,,,Galgame,Galgame,MYTH,,2008,Galgame,,,412,0,412,0,,,,,,Husband Father Uncle Police Classmate Investigation Popular Younger Brother,,,https://vndb.org/c93370,
vndb-c95519,vndb,12,24,,,中西 りお,Nakanishi Rio,,女,O,,Galgame,Galgame,"恋する乙女と守護の楯 The Code Name is ""SHIELD 9""",,2007,Galgame,"[{""t"":""恋する乙女と守護の楯 The Code Name is \""SHIELD 9\"""",""cn"":"""",""ty"":""Galgame"",""y"":2007,""pop"":407},{""t"":""恋する乙女と守護の楯 The Code Name is \""SHIELD 9\"""",""cn"":"""",""ty"":""Galgame"",""y"":2007,""pop"":407},{""t"":""恋する乙女と守護の楯 The Code Name is \""SHIELD 9\"""",""cn"":"""",""ty"":""Galgame"",""y"":2007,""pop"":407},{""t"":""恋する乙女と守護の楯 The Code Name is \""SHIELD 9\"""",""cn"":"""",""ty"":""Galgame"",""y"":2007,""pop"":407},{""t"":""恋する乙女と守護の楯 The Code Name is \""SHIELD 9\"""",""cn"":"""",""ty"":""Galgame"",""y"":2007,""pop"":407}]",PS2/PSP exclusive heroine.,407,0,407,0,,https://t.vndb.org/ch/19/115219.jpg,https://t.vndb.org/ch/19/115219.jpg,,#a95f6f #42242c #d3a9b1 #ecdcdd #f9f7f7,Pink Twin Tails Slim Pale School Uniform Green Thigh-high Stockings Ribbon Hair Accessory,,,https://vndb.org/c95519,
vndb-c104916,vndb,12,24,,,カーラ・S・クィンバーン,Carla Sylvia Quinburn,,女,,,Galgame,Galgame,ジュエリー・ハーツ・アカデミア -We will wing wonder world-,,2022,Galgame,,"""The restroom crickets who have fallen behind are yelping and peevishly screaming about something, and it's not pretty. Oh-ho-ho!"" - Diamond Class - December 24th - 161 cm - Three B85(C)/W63/H89 - Baccarat - Unfriendly things She is the cla…",402,0,402,0,,https://t.vndb.org/ch/77/126377.jpg,https://t.vndb.org/ch/77/126377.jpg,,#a26a8f #d6b0c4 #ecd2de #f4eded #fcfbf8,Pink Waist Length+ Teen Slim Pale School Uniform Necklace Knee-high Socks Vampire Pink,,,https://vndb.org/c104916,
vndb-c2204,vndb,12,24,,,ルイーズ・ハルトヴィック,Louise Hardwich,,男,AB,,Galgame,Galgame,絶対服従命令,,2005,Galgame,,"Louise is confident and popular. He looks cool and calm, but he has a sharp tongue. Although he doesn't mind using flattery to get what he wants, he refuses to do anything that will make him look bad. [From in-game profile]",399,0,399,0,,https://t.vndb.org/ch/81/25281.jpg,https://t.vndb.org/ch/81/25281.jpg,,#634a4b #a9948a #060505 #e0cab7 #eee9e2 #ffffff,Blond Waist Length+ Pale Master Cowgirl Blowjob Anilingus Amber Blue Young-adult,,,https://vndb.org/c2204,
vndb-c123169,vndb,12,24,,,柚木永 聖夜,Yukinaga Seiya,Hentai Menhera / 聖ヤ / Seiya,男,,,Galgame,Galgame,9 R.I.P.,,2023,Galgame,"[{""t"":""9 R.I.P."",""cn"":"""",""ty"":""Galgame"",""y"":2023,""pop"":388},{""t"":""9 R.I.P. sequel"",""cn"":"""",""ty"":""Galgame"",""y"":2025,""pop"":29}]","Even though Seiya acts politely and gentlemanly, he is an extremely romantic man. He is a deceased person who currently works at HO as Head Warder. He is trying to help the protagonist. He dislikes Minami. Hell Commonly known as HO.",388,0,388,0,,https://t.vndb.org/ch/41/197941.jpg,https://t.vndb.org/ch/41/197941.jpg,,#2f365a #787c92 #afb1bd #d6d5d9 #eeedee #ffffff,White Short Pale Uniform Hard Worker Blue Young-adult Tattoo Robe Gloves,,,https://vndb.org/c123169,
vndb-c77626,vndb,12,24,,,鷹岡 聖夜子,Takaoka Miyako,,女,AB,,Galgame,Galgame,きみはね 彼女と彼女の恋する１ヶ月,,2015,Galgame,"[{""t"":""きみはね 彼女と彼女の恋する１ヶ月"",""cn"":"""",""ty"":""Galgame"",""y"":2015,""pop"":362},{""t"":""きみはねCouples ～彼女と彼女の恋する二ヶ月ちょっと～"",""cn"":"""",""ty"":""Galgame"",""y"":2019,""pop"":199}]","A beautiful, mysterious girl who joins the three as their new roommate. She's pure-hearted and easily moved, demure yet forward. A snooze-monster who sleeps a ton. [From MangaGamer]",362,0,362,0,,https://t.vndb.org/ch/13/96313.jpg,https://t.vndb.org/ch/13/96313.jpg,,#434457 #dad0c5 #b2aaa4 #f0e8dd #f6f5f2 #ffffff,White Wavy Shoulder-length Teen Slim Pale Sweater Cunnilingus Coat Scarf,,,https://vndb.org/c77626,
al122011,anilist,12,24,,,リヒト・ジキルランド・轟,Licht Todoroki,Angel-chan / Tenshi-chan,男,,18,动画|漫画,动画,SERVAMP,,2016,动画,"[{""t"":""SERVAMP"",""cn"":"""",""ty"":""动画"",""y"":2016,""pop"":69566},{""t"":""SERVAMP -サーヴァンプ-: Alice in the Garden"",""cn"":"""",""ty"":""动画"",""y"":2018,""pop"":7731},{""t"":""SERVAMP -サーヴァンプ-"",""cn"":"""",""ty"":""漫画"",""y"":2011,""pop"":5944}]","175 cm Pianist Licht Jekylland Todoroki, also refered to as Licht Todoroki, is a famous pianist from Austria who thinks he's an angel. He is the Eve of ""[Lawless](//anilist.co/character/122010/Lawless)"", the Servamp of Greed.",360,360,0,0,,https://s4.anilist.co/file/anilistcdn/character/large/122011-LnPMBvfBlT30.jpg,https://s4.anilist.co/file/anilistcdn/character/medium/122011-LnPMBvfBlT30.jpg,,,,https://anilist.co/character/122011,,,
vndb-c10942,vndb,12,24,,,バクシー・クリステンセン,Bakshi Christensen,,男,AB,,Galgame,Galgame,ラッキードッグ１,,2009,Galgame,"[{""t"":""ラッキードッグ１"",""cn"":"""",""ty"":""Galgame"",""y"":2009,""pop"":346},{""t"":""ラッキードッグ１+bad egg"",""cn"":"""",""ty"":""Galgame"",""y"":2018,""pop"":69},{""t"":""Gian･carlo'S LUCKY HAPPY LIFE"",""cn"":"""",""ty"":""Galgame"",""y"":2011,""pop"":38}]","Even at a young age, Bakshi is ranked fairly high in the CR:5's rival gang, the Grave Diggers. With his unabashed bloodlust, Bakshi relishes in tormenting and violence, making him feared by both his enemies and his allies.",346,0,346,0,1,https://t.vndb.org/ch/77/12377.jpg,https://t.vndb.org/ch/77/12377.jpg,,#cc23b6 #441e37 #b09f8f #e7d5b0 #f1edde #ffffff,Short Straight Pale Trousers Proactive Cooking Fighting Blowjob Grey Young-adult,,,https://vndb.org/c10942,
al67651,anilist,12,24,,,九ノ瀬遥 ,Haruka Kokonose,Konoha,男,,,动画|漫画|轻小说,动画,メカクシティアクターズ,,2014,动画,"[{""t"":""メカクシティアクターズ"",""cn"":"""",""ty"":""动画"",""y"":2014,""pop"":99229},{""t"":""カゲロウデイズ"",""cn"":"""",""ty"":""漫画"",""y"":2012,""pop"":11039},{""t"":""カゲロウデイズ"",""cn"":"""",""ty"":""轻小说"",""y"":2012,""pop"":4151},{""t"":""メカクシティデイズ"",""cn"":"""",""ty"":""动画"",""y"":2012,""pop"":3899},{""t"":""メカクシティレコーズ"",""cn"":"""",""ty"":""动画"",""y"":2013,""pop"":2748},{""t"":""Mekakucity V's"",""cn"":"""",""ty"":""动画"",""y"":2014,""pop"":2072}]","A mysterious albino with supposed amnesia that appeared at Hiyori's relative's house one day during the summer. He was once a human called Haruka Kokonose but somewhere before the current timeline, he was turned into a cyber-being.",344,344,0,0,,https://s4.anilist.co/file/anilistcdn/character/large/b67651-RrIIJkXq2DtQ.png,https://s4.anilist.co/file/anilistcdn/character/medium/b67651-RrIIJkXq2DtQ.png,,,,https://anilist.co/character/67651,,,
vndb-c74874,vndb,12,24,,,濟呀 雷,Nasuga Izuchi,,男,B,,Galgame,Galgame,1bitHeart,,2015,Galgame,,"A young man, self-described genius. He is actually fairly intelligent, so he tends to look down on others. That really seeps into his personality.",316,0,316,0,,https://t.vndb.org/ch/37/90637.jpg,https://t.vndb.org/ch/37/90637.jpg,,#bb6763 #643d4d #c07e9b #d0a6ea #d69bd2 #deccc1,Brown White White Young-adult Grandiose Friend Smart Multicolored,,,https://vndb.org/c74874,
al58281,anilist,12,24,,,宮本るり,Ruri Miyamoto,Glasses Buddy,女,,16-18,动画|漫画,动画,ニセコイ,伪恋,2014,动画,"[{""t"":""ニセコイ"",""cn"":""伪恋"",""ty"":""动画"",""y"":2014,""pop"":268300},{""t"":""ニセコイ："",""cn"":""伪恋"",""ty"":""动画"",""y"":2015,""pop"":165810},{""t"":""ニセコイ"",""cn"":""伪恋"",""ty"":""漫画"",""y"":2011,""pop"":56560},{""t"":""ニセコイ OVA"",""cn"":"""",""ty"":""动画"",""y"":2014,""pop"":41784},{""t"":""ニセコイ: OAD"",""cn"":""伪恋 OAD"",""ty"":""动画"",""y"":2016,""pop"":21558},{""t"":""ニセコイ番外編 チケット"",""cn"":"""",""ty"":""漫画"",""y"":2018,""pop"":659}]","145 cm She is [Kosaki](//anilist.co/character/52723/Kosaki-Onodera)'s friend. She supports Kosaki's love for [Raku](//anilist.co/character/48393/Raku-Ichijou), often giving her a push from behind to take the next step forward.",310,310,0,0,,https://s4.anilist.co/file/anilistcdn/character/large/b58281-8xcROGltvLfg.png,https://s4.anilist.co/file/anilistcdn/character/medium/b58281-8xcROGltvLfg.png,,,,https://anilist.co/character/58281,,,
vndb-c223,vndb,12,24,,,柊 要芽,Hiiragi Kaname,,女,A,,Galgame,Galgame,つよきす,娇蛮之吻,2005,Galgame,"[{""t"":""つよきす"",""cn"":""娇蛮之吻"",""ty"":""Galgame"",""y"":2005,""pop"":284},{""t"":""姉、ちゃんとしようよっ！"",""cn"":"""",""ty"":""Galgame"",""y"":2003,""pop"":50},{""t"":""みにきす　～つよきすファンディスク～"",""cn"":"""",""ty"":""Galgame"",""y"":2006,""pop"":37},{""t"":""姉、ちゃんとしようよっ！2"",""cn"":"""",""ty"":""Galgame"",""y"":2004,""pop"":36}]",2nd eldest.,284,0,284,0,,https://t.vndb.org/ch/87/13687.jpg,https://t.vndb.org/ch/87/13687.jpg,,#373750 #ccada8 #7c717d #f0dcd4 #ffffff,Black Long Straight Slim Pale School Uniform Missionary Doggy Style Cowgirl Blowjob,,,https://vndb.org/c223,
al143808,anilist,12,24,,,折笠千斗,Yukito Orikasa,Yuki,男,,26,动画,动画,アイドリッシュセブン,,2018,动画,"[{""t"":""アイドリッシュセブン"",""cn"":"""",""ty"":""动画"",""y"":2018,""pop"":25729},{""t"":""アイドリッシュセブン Second BEAT!"",""cn"":"""",""ty"":""动画"",""y"":2020,""pop"":11544},{""t"":""アイドリッシュセブン Third BEAT!"",""cn"":"""",""ty"":""动画"",""y"":2021,""pop"":7988},{""t"":""アイドリッシュセブン Third BEAT! 第2クール"",""cn"":"""",""ty"":""动画"",""y"":2022,""pop"":5415},{""t"":""アイドリッシュセブンVibrato"",""cn"":"""",""ty"":""动画"",""y"":2018,""pop"":5333},{""t"":""アイドリッシュセブン LIVE 4bit BEYOND THE PERiOD DAY 1"",""cn"":"""",""ty"":""动画"",""y"":2023,""pop"":1667}]","Yukito Orikasa or mostly known by his stage name Yuki, is the cool and collected member of the duo, Re:vale! Yuki is always apologizing for Momo’s antics.",273,273,0,0,,https://s4.anilist.co/file/anilistcdn/character/large/b143808-Q3kmz4Y93V4a.jpg,https://s4.anilist.co/file/anilistcdn/character/medium/b143808-Q3kmz4Y93V4a.jpg,,,,https://anilist.co/character/143808,,,
vndb-c80972,vndb,12,24,,,美森 まもり,Mimori Mamori,,女,AB,,Galgame,Galgame,俺達の世界わ終っている。,,2017,Galgame,"[{""t"":""俺達の世界わ終っている。"",""cn"":"""",""ty"":""Galgame"",""y"":2017,""pop"":259},{""t"":""俺達の世界わ終っている。"",""cn"":"""",""ty"":""Galgame"",""y"":2017,""pop"":259}]","Gozen Reiji, Misaki Reiji, Ree-kun blogging Gozen Reiji's stalker A university student who attends the same Toushou University as Reiji.",259,0,259,0,,https://t.vndb.org/ch/89/98189.jpg,https://t.vndb.org/ch/89/98189.jpg,,#6f9cb1 #57544f #b4c1be #e1dcd7 #eeeff1 #ffffff,Brown Long Straight Brown Teen Slim Pale Dress Headband Gloves,,,https://vndb.org/c80972,
al383,anilist,12,24,,,アテナ・グローリィ,Athena Glory,Siren / Seiren,女,AB,21,动画|漫画,动画,ARIA The ANIMATION,,2005,动画,"[{""t"":""ARIA The ANIMATION"",""cn"":"""",""ty"":""动画"",""y"":2005,""pop"":56358},{""t"":""ARIA The ORIGINATION"",""cn"":"""",""ty"":""动画"",""y"":2008,""pop"":36741},{""t"":""ARIA The NATURAL"",""cn"":"""",""ty"":""动画"",""y"":2006,""pop"":24710},{""t"":""ARIA"",""cn"":"""",""ty"":""漫画"",""y"":2002,""pop"":18234},{""t"":""ARIA The OVA ~ARIETTA~"",""cn"":"""",""ty"":""动画"",""y"":2007,""pop"":13326},{""t"":""ARIA The AVVENIRE"",""cn"":"""",""ty"":""动画"",""y"":2015,""pop"":12032}]","Prima Aqua 170 cm The third ""Water Fairy"", who works for Orange Planet and acts as Alice's mentor. She tends to be a total airhead who does not really pay attention to anything (in the anime, she once rowed under a bridge and forgot to duck…",258,258,0,0,,https://s4.anilist.co/file/anilistcdn/character/large/b383-flKt5cF0kBxN.png,https://s4.anilist.co/file/anilistcdn/character/medium/b383-flKt5cF0kBxN.png,,,,https://anilist.co/character/383,,,
al145160,anilist,12,24,,,ジゼル・ジュエル,Giselle Gewelle ,Jizeru Jueru,,,,动画|漫画|轻小说,动画,BLEACH 千年血戦篇-訣別譚-,死神 千年血战篇-诀别谭-,2023,动画,"[{""t"":""BLEACH 千年血戦篇-訣別譚-"",""cn"":""死神 千年血战篇-诀别谭-"",""ty"":""动画"",""y"":2023,""pop"":143301},{""t"":""BLEACH"",""cn"":""死神"",""ty"":""漫画"",""y"":2001,""pop"":121044},{""t"":""BLEACH 千年血戦篇-相剋譚-"",""cn"":""死神 千年血战篇-相克谭-"",""ty"":""动画"",""y"":2024,""pop"":117708},{""t"":""BLEACH Can't Fear Your Own World"",""cn"":"""",""ty"":""轻小说"",""y"":2017,""pop"":3765}]","160 cm (5'3"") Giselle Gewelle is a Quincy and a member of the Wandenreich's Sternritter with the designation ""Z"" - ""The Zombie."" Even in dangerous situations, she almost always has a happy or goofy expression on her face.",255,255,0,0,,https://s4.anilist.co/file/anilistcdn/character/large/b145160-VrXSlTGufX0s.jpg,https://s4.anilist.co/file/anilistcdn/character/medium/b145160-VrXSlTGufX0s.jpg,,,,https://anilist.co/character/145160,,,
al36111,anilist,12,24,,,セシリア・オルコット,Cecilia Alcott,,女,,,动画,动画,IS〈インフィニット・ストラトス〉,,2011,动画,"[{""t"":""IS〈インフィニット・ストラトス〉"",""cn"":"""",""ty"":""动画"",""y"":2011,""pop"":133222},{""t"":""IS〈インフィニット・ストラトス〉2"",""cn"":"""",""ty"":""动画"",""y"":2013,""pop"":81974},{""t"":""IS ＜インフィニット・ストラトス＞ アンコール『恋に焦がれる六重奏』"",""cn"":"""",""ty"":""动画"",""y"":2011,""pop"":29933},{""t"":""IS〈インフィニット・ストラトス〉2 ワールド・パージ編"",""cn"":"""",""ty"":""动画"",""y"":2014,""pop"":20567},{""t"":""IS＜インフィニット・ストラトス＞2  ロングバケーション 一夏（ひとなつ）の想いで"",""cn"":"""",""ty"":""动画"",""y"":2013,""pop"":14738},{""t"":""IS〈インフィニット・ストラトス〉2 インフィニット・ウエディング"",""cn"":"""",""ty"":""动画"",""y"":2016,""pop"":10075}]","Cecilia is a first year student at the IS academy and is the IS cadet representative from England, as part of the British Aristrocracy.",254,254,0,0,,https://s4.anilist.co/file/anilistcdn/character/large/36111.jpg,https://s4.anilist.co/file/anilistcdn/character/medium/36111.jpg,,,,https://anilist.co/character/36111,,,
al146058,anilist,12,24,,,リチャード・ラナシンハ・ドヴルピアン,Richard Ranashinha de Vulpian,Richard Claremont / Edward Baxter / Ricky,男,,28-,动画|漫画|轻小说,动画,宝石商リチャード氏の謎鑑定,,2020,动画,"[{""t"":""宝石商リチャード氏の謎鑑定"",""cn"":"""",""ty"":""动画"",""y"":2020,""pop"":22026},{""t"":""宝石商リチャード氏の謎鑑定"",""cn"":"""",""ty"":""漫画"",""y"":2019,""pop"":1345},{""t"":""宝石商リチャード氏の謎鑑定"",""cn"":"""",""ty"":""轻小说"",""y"":2015,""pop"":1027}]","179 cm (5'8"") A skilled jeweler who speaks fluent Japanese, despite being both Japanese and British with Sri Lankan heritage. His age is unknown and he has a level of unrivalled beauty that dumbfounds people, regardless of their gender.",248,248,0,0,,https://s4.anilist.co/file/anilistcdn/character/large/b146058-4TFeH0cAbmFc.png,https://s4.anilist.co/file/anilistcdn/character/medium/b146058-4TFeH0cAbmFc.png,,,,https://anilist.co/character/146058,,,
al30050,anilist,12,24,,,高野政宗,Masamune Takano,Masamune Saga,,,,动画,动画,世界一初恋 TV,,2011,动画,"[{""t"":""世界一初恋 TV"",""cn"":"""",""ty"":""动画"",""y"":2011,""pop"":34262},{""t"":""世界一初恋 2"",""cn"":"""",""ty"":""动画"",""y"":2011,""pop"":22135},{""t"":""劇場版 世界一初恋 横澤隆史の場合"",""cn"":"""",""ty"":""动画"",""y"":2014,""pop"":11024},{""t"":""世界一初恋 OVA"",""cn"":"""",""ty"":""动画"",""y"":2011,""pop"":9258},{""t"":""世界一初恋～バレンタイン編～"",""cn"":"""",""ty"":""动画"",""y"":2014,""pop"":7076},{""t"":""世界一初恋~プロポーズ編~"",""cn"":"""",""ty"":""动画"",""y"":2020,""pop"":7007}]","Formerly known as Saga Masamune, before his parents divorced in high school. He is the editor-in-chief of the Emerald department at Marukawa, and is sometimes referred to as ""the Capable"".",241,241,0,0,,https://s4.anilist.co/file/anilistcdn/character/large/30050.jpg,https://s4.anilist.co/file/anilistcdn/character/medium/30050.jpg,,,,https://anilist.co/character/30050,,,
vndb-c164616,vndb,12,24,,,和倉 千聡,Wakura Chisato,,女,AB,,Galgame,Galgame,働くオトナの恋愛事情,,2016,Galgame,,Formerly a senior coworker to Oga Itsuki at Koudentou; now a fortune teller.,230,0,230,0,,,,,,Earrings Pantyhose Senpai Sitting Sex Ring Nail Polish Bracelet Pendant Earrings Feet Licking Sex in a Vehicle,,,https://vndb.org/c164616,
vndb-c34835,vndb,12,24,,,千和,Chiyori,Chii / Chiyo,女,,,Galgame,Galgame,はじめてのおかあさん,,2009,Galgame,,"The protagonist's young daughter. She's just started school. Having been sad and lonely since her mother died, she begs her father to put a baby in her so she can be the new mama.",220,0,220,0,,https://t.vndb.org/ch/72/77472.jpg,https://t.vndb.org/ch/72/77472.jpg,,#ce9088 #815e5a #dabac1 #f1e6e1 #f7f5f7 #ffffff,Brown Twin Tails Short Slim School Uniform Cooking Missionary Doggy Style Cowgirl Standing Sex,,,https://vndb.org/c34835,
vndb-c6096,vndb,12,24,,,酉水 司,Sugai Tsukasa,,男,A,,Galgame,Galgame,STORM LOVER,,2010,Galgame,"[{""t"":""STORM LOVER"",""cn"":"""",""ty"":""Galgame"",""y"":2010,""pop"":210},{""t"":""STORM LOVER 夏恋!!"",""cn"":"""",""ty"":""Galgame"",""y"":2011,""pop"":20},{""t"":""STORM LOVER 2nd"",""cn"":"""",""ty"":""Galgame"",""y"":2013,""pop"":18}]","Mathematics teacher Shamisen Not good at: Driving Foods that he isn’t good Greasy food Favorite Adversity builds character. The heroine’s homeroom teacher, in charge of the subject math.",210,0,210,0,,https://t.vndb.org/ch/68/18768.jpg,https://t.vndb.org/ch/68/18768.jpg,,#7e728b #433f50 #d1a2a1 #e2d3d1 #f2f0ec #ffffff,Black Ponytail Shoulder-length Mullet Brown Pale Sweater Trousers Young-adult Suit,,,https://vndb.org/c6096,
vndb-c25997,vndb,12,24,,,大雲寺 エル,Daiunji Eru,,女,AB,,Galgame,Galgame,P/A ~Potential Ability~,,2014,Galgame,,"She is the daughter of the “Daiunji Zaibatsu” who built up a large conglomerate in the bio-industry. She has never had a problem with money, so she believes that everything that happens in the world can be solved with money.",208,0,208,0,,https://t.vndb.org/ch/61/39761.jpg,https://t.vndb.org/ch/61/39761.jpg,,#c8a287 #854147 #eed8ac #f0e5e3 #fdfcfc,Blond Waist Length+ Pale School Uniform Cowgirl Blowjob Virgin Sex Blue Young-adult Necklace,,,https://vndb.org/c25997,
vndb-c16643,vndb,12,24,,,宇奈原 由紀,Unahara Yuki,,女,O,,Galgame,Galgame,12の月のイヴ,,2014,Galgame,,An energetic transfer student.,189,0,189,0,,https://t.vndb.org/ch/52/21152.jpg,https://t.vndb.org/ch/52/21152.jpg,,#865468 #bc9293 #dbc8b8 #efe4ce #f4f2ed #ffffff,Blond Ahoge Waist Length+ Straight Teen Slim Pale School Uniform Cowgirl Standing Sex,,,https://vndb.org/c16643,
al29739,anilist,12,24,,,更科郁斗,Ikuto Sarashina,Ikkun,,A,16,动画|漫画,动画,会長はメイド様!,会长是女仆大人！,2010,动画,"[{""t"":""会長はメイド様!"",""cn"":""会长是女仆大人！"",""ty"":""动画"",""y"":2010,""pop"":288287},{""t"":""会長はメイド様！"",""cn"":""会长是女仆大人！"",""ty"":""漫画"",""y"":2005,""pop"":36966},{""t"":""会長はメイド様！おまけだよ！"",""cn"":"""",""ty"":""动画"",""y"":2011,""pop"":30415},{""t"":""会長はメイド様! ご主人様と遊んじゃお♥"",""cn"":"""",""ty"":""动画"",""y"":2010,""pop"":21776}]","178 cm The second of the ""idiot trio"", which includes [Shirakawa Naoya](//anilist.co/character/28197/Naoya-Shirakawa) and [Ryuunosuke Kurosaki](//anilist.co/character/29387/Ryuunosuke-Kurosaki).",119,119,0,0,,https://s4.anilist.co/file/anilistcdn/character/large/b29739-m7xN5oiD434e.jpg,https://s4.anilist.co/file/anilistcdn/character/medium/b29739-m7xN5oiD434e.jpg,,,,https://anilist.co/character/29739,,,
al183054,anilist,12,24,,,橘アレックス,Alex Tachibana,,男,,,动画|漫画,动画,干物妹！うまるちゃん,,2015,动画,"[{""t"":""干物妹！うまるちゃん"",""cn"":"""",""ty"":""动画"",""y"":2015,""pop"":172737},{""t"":""干物妹! うまるちゃん R"",""cn"":"""",""ty"":""动画"",""y"":2017,""pop"":67456},{""t"":""干物妹（ひもうと）！うまるちゃん"",""cn"":"""",""ty"":""漫画"",""y"":2013,""pop"":7093}]","Alex is Taihei's co-worker and Sylphynford's older brother. He enjoys playing video games. He also loves anime, just like Umaru, but secretly he seems to know the connection between Komaru and Umaru. He loves his sister Sylphynford.",11,11,0,0,,https://s4.anilist.co/file/anilistcdn/character/large/b183054-SSo3ghjhDiHa.jpg,https://s4.anilist.co/file/anilistcdn/character/medium/b183054-SSo3ghjhDiHa.jpg,,,,https://anilist.co/character/183054,,,
al45627,anilist,12,25,,利威尔,リヴァイ,Levi,Levi Heichou (リヴァイ兵長) / Captain Levi / Jinrui Saikyou no Heishi (人類最強の兵士) / Humanity's Strongest Soldier,男,A,,动画,动画,進撃の巨人,进击的巨人,2013,动画,"[{""t"":""進撃の巨人"",""cn"":""进击的巨人"",""ty"":""动画"",""y"":2013,""pop"":1053882},{""t"":""進撃の巨人 Season２"",""cn"":"""",""ty"":""动画"",""y"":2017,""pop"":733402},{""t"":""進撃の巨人 Season３"",""cn"":"""",""ty"":""动画"",""y"":2018,""pop"":686190},{""t"":""進撃の巨人 The Final Season"",""cn"":""进击的巨人 最终季"",""ty"":""动画"",""y"":2020,""pop"":642537},{""t"":""進撃の巨人 Season３ Part.2"",""cn"":"""",""ty"":""动画"",""y"":2019,""pop"":610781},{""t"":""進撃の巨人 The Final Season Part 2"",""cn"":""进击的巨人 最终季 Part.2"",""ty"":""动画"",""y"":2022,""pop"":440419}]","160 cm (5'3"") Squad Captain of the Special Operations Squad (known as Squad Levi) within the Survey Corps. He is known as humanity's strongest soldier. Levi is abrasive, blunt, and has a strong respect for structure and discipline.",43226,43226,0,772,,https://s4.anilist.co/file/anilistcdn/character/large/b45627-CR68RyZmddGG.png,https://s4.anilist.co/file/anilistcdn/character/medium/b45627-CR68RyZmddGG.png,https://lain.bgm.tv/r/400/pic/crt/l/e5/b3/19546_crt_UP2v0.jpg?r=1611927735,,,https://anilist.co/character/45627,https://bgm.tv/character/19546,,19546
al80897,anilist,12,25,,松岛满,松嶋みちる,Michiru Matsushima,Chiruchiru / Diedrich / Mitcher / Psuedo-Tsundere,女,O,16,动画|漫画|Galgame,动画,グリザイアの果実,灰色的果实,2014,动画,"[{""t"":""グリザイアの果実"",""cn"":""灰色的果实"",""ty"":""动画"",""y"":2014,""pop"":145676},{""t"":""グリザイアの楽園"",""cn"":""灰色的乐园"",""ty"":""动画"",""y"":2015,""pop"":90200},{""t"":""グリザイアの迷宮"",""cn"":""灰色的迷宫"",""ty"":""动画"",""y"":2015,""pop"":62745},{""t"":""グリザイアの果実 グリザイアの特典"",""cn"":"""",""ty"":""动画"",""y"":2014,""pop"":22803},{""t"":""グリザイアの楽園 グリザイアの特典"",""cn"":"""",""ty"":""动画"",""y"":2015,""pop"":17486},{""t"":""グリザイアの果実 -LE FRUIT DE LA GRISAIA-"",""cn"":""灰色的果实"",""ty"":""Galgame"",""y"":2011,""pop"":12894}]",特征是金发双马尾与乖僻言行的女孩子。 很明显有意识着“傲娇”，她的发型与言行是借助High Bleach与平日里的训练而成立，堪称是伪傲娇“UT”。 虽然学习差劲到了可怜的程度，不过开朗活泼之处正是她的个性所在，也是类似班集体开心果般的存在。 本人貌似在意着自己运气不好一事，在商店街的抽签活动中，也曾留下抽中除了中奖签以外的全部空签的遗憾的传说。 明明好像讨厌酸的东西，却勉强自己过量摄取维他命C的理由是一个谜,12894,673,12894,179,,https://s4.anilist.co/file/anilistcdn/character/large/n80897-psxA0eW0jAsb.jpg,https://s4.anilist.co/file/anilistcdn/character/medium/n80897-psxA0eW0jAsb.jpg,https://t.vndb.org/ch/65/76365.jpg|https://lain.bgm.tv/r/400/pic/crt/l/81/3a/10971_crt_X16hh.jpg,,Black Blond Ahoge Twin Tails Long Wavy Teen Slim Pale School Uniform,https://anilist.co/character/80897,https://bgm.tv/character/10971,https://vndb.org/c571,10971
al71933,anilist,12,25,,赤羽业,赤羽業,Karma Akabane,赤羽カルマ / Cool 'n' Aloof / Reddie Redhead / Mr. Humiliated Failure in The First Semester,男,AB,,动画|漫画,动画,暗殺教室,暗杀教室,2015,动画,"[{""t"":""暗殺教室"",""cn"":""暗杀教室"",""ty"":""动画"",""y"":2015,""pop"":628250},{""t"":""暗殺教室 第２期"",""cn"":"""",""ty"":""动画"",""y"":2016,""pop"":369666},{""t"":""暗殺教室"",""cn"":""暗杀教室"",""ty"":""漫画"",""y"":2012,""pop"":54655},{""t"":""劇場版 暗殺教室 365日の時間"",""cn"":"""",""ty"":""动画"",""y"":2016,""pop"":39977},{""t"":""暗殺教室"",""cn"":""暗杀教室"",""ty"":""动画"",""y"":2013,""pop"":20024},{""t"":""暗殺教室 2 課外授業編"",""cn"":"""",""ty"":""动画"",""y"":2016,""pop"":17556}]",代号为“中二半”。 喜欢的科目：数学，讨厌的科目：国语。 兴趣&特技：擅长用恶作剧和故意捣乱的方式向对方挑衅。挑衅别人的技能也是一级。 射击成绩：男生排行第3名。 比琪老师的吻技：第3名。相当纯熟所以没有可以矫正的地方，让比琪作为教师感到很无趣。,11994,11994,0,109,,https://s4.anilist.co/file/anilistcdn/character/large/b71933-HQ1TSjlrJ8Hv.jpg,https://s4.anilist.co/file/anilistcdn/character/medium/b71933-HQ1TSjlrJ8Hv.jpg,https://lain.bgm.tv/r/400/pic/crt/l/a8/45/20014_crt_hZXK9.jpg?r=1450119671,,,https://anilist.co/character/71933,https://bgm.tv/character/20014,,20014
al2213,anilist,12,25,,爱尔奎特·布伦史坦德,アルクェイド・ブリュンスタッド,Arcueid Brunestud,Princess of the True Ancestors / White Princess / White Berserker / Warcueid,女,,800+,动画|漫画|Galgame,动画,カーニバル・ファンタズム,幻想嘉年华,2011,动画,"[{""t"":""カーニバル・ファンタズム"",""cn"":""幻想嘉年华"",""ty"":""动画"",""y"":2011,""pop"":59282},{""t"":""真月譚 月姫"",""cn"":""真月谭月姬"",""ty"":""动画"",""y"":2003,""pop"":35465},{""t"":""真月譚 月姫"",""cn"":""真月谭月姬"",""ty"":""漫画"",""y"":2003,""pop"":14958},{""t"":""カーニバル・ファンタズム　EX Season"",""cn"":""幻想嘉年华 EX Season"",""ty"":""动画"",""y"":2011,""pop"":14670},{""t"":""カーニバル・ファンタズム ひびちかスペシャル"",""cn"":"""",""ty"":""动画"",""y"":2012,""pop"":11929},{""t"":""月姫"",""cn"":""月姬"",""ty"":""Galgame"",""y"":2000,""pop"":11533}]",生存了八百年以上的吸血鬼，真祖的公主。 《月姬》的故事开始时，Arcueid 来到远野志贵所住的城市，目的是消灭数百年来她不断追杀的一名吸血鬼。她在寻找目标时，偶然遇到了志贵；受退魔一族本能支配的志贵跟踪她回住处，以苏醒的杀人技巧和直死之魔眼瞬间将她分割成十七块。身为真祖的她虽然没死，却身受重创；本来想杀死志贵报仇，但在四周都是敌人及身体衰弱的情况下决定迫使志贵协助她。,11533,1972,11533,609,,https://s4.anilist.co/file/anilistcdn/character/large/b2213-xqqwnMLn1Nqc.png,https://s4.anilist.co/file/anilistcdn/character/medium/b2213-xqqwnMLn1Nqc.png,https://t.vndb.org/ch/02/102.jpg|https://lain.bgm.tv/r/400/pic/crt/l/da/c9/855_crt_Oyzoy.jpg?r=1630265513,,Blond Waist Length+ Short Straight Slim Pale Missionary Doggy Style Blowjob Virgin Sex,https://anilist.co/character/2213,https://bgm.tv/character/855,https://vndb.org/c74,855
vndb-c9793,vndb,12,25,,葵冬马,葵 冬馬,Aoi Touma,Young Master / 若,男,A,,Galgame,Galgame,真剣で私に恋しなさい！,认真和我恋爱！！,2009,Galgame,"[{""t"":""真剣で私に恋しなさい！"",""cn"":""认真和我恋爱！！"",""ty"":""Galgame"",""y"":2009,""pop"":9401},{""t"":""真剣で私に恋しなさい！S"",""cn"":""认真和我恋爱！S"",""ty"":""Galgame"",""y"":2012,""pop"":5025},{""t"":""真剣で私に恋しなさい！A-1"",""cn"":"""",""ty"":""Galgame"",""y"":2013,""pop"":2470},{""t"":""真剣で私に恋しなさい！A-2"",""cn"":"""",""ty"":""Galgame"",""y"":2013,""pop"":2188},{""t"":""真剣で私に恋しなさい！A-3"",""cn"":"""",""ty"":""Galgame"",""y"":2014,""pop"":1374},{""t"":""真剣で私に恋しなさい！A-4"",""cn"":"""",""ty"":""Galgame"",""y"":2014,""pop"":1023}]",学年成绩第一的优秀学生，川神市第一大医院、葵紋病院的独生子。 日本人跟外国人的混血儿，脸蛋又好，传说是女生中校内人气最高的人。 凭借着理性的氛围及绅士的礼貌去哄女孩子。 九鬼英雄唯一一个认为是朋友的人。反过来，也是唯一一个能够阻止九鬼随心所欲的人。 对人的心理变化很敏感，擅长心理战的策士。2-S的军师般的存在，与2-F军师般的存在的大和是对手。,9401,0,9401,3,,https://t.vndb.org/ch/11/10711.jpg,https://t.vndb.org/ch/11/10711.jpg,https://lain.bgm.tv/r/400/pic/crt/l/49/88/11749_crt_88FFl.jpg,#42373c #ab9a95 #cbc9d7 #e7e6eb #f6f6f7 #ffffff,Brown Wavy Curtained Short Brown Teen Slim School Uniform Trousers Villain,,https://bgm.tv/character/11749,https://vndb.org/c9793,11749
al121956,anilist,12,25,,古见硝子,古見硝子,Shouko Komi,Comi / Shoko / show.komi-1224 / Goddess,女,A,15-,动画|漫画,动画,古見さんは、コミュ症です。,古见同学有交流障碍症,2021,动画,"[{""t"":""古見さんは、コミュ症です。"",""cn"":""古见同学有交流障碍症"",""ty"":""动画"",""y"":2021,""pop"":320892},{""t"":""古見さんは、コミュ症です。2"",""cn"":"""",""ty"":""动画"",""y"":2022,""pop"":167785},{""t"":""古見さんは、コミュ症です。"",""cn"":""古见同学有交流障碍症"",""ty"":""漫画"",""y"":2016,""pop"":106886},{""t"":""古見さんはコミュ症です。"",""cn"":""古见同学有交流障碍症"",""ty"":""漫画"",""y"":2015,""pop"":9708},{""t"":""古見さんちでおやすみ"",""cn"":"""",""ty"":""漫画"",""y"":2017,""pop"":1074}]",私立伊旦高校1年1班，超级美少女，但因有交流障碍症而不敢与人说话，第一次与只野仁人沟通是写在黑板上，之后与人沟通都是写在纸上，但是可以透过移动电话跟人说话。,8318,8318,0,215,,https://s4.anilist.co/file/anilistcdn/character/large/b121956-5FbIbcd6gAZW.png,https://s4.anilist.co/file/anilistcdn/character/medium/b121956-5FbIbcd6gAZW.png,https://lain.bgm.tv/r/400/pic/crt/l/a9/12/62966_crt_eoESE.jpg?r=1755408975,,,https://anilist.co/character/121956,https://bgm.tv/character/62966,,62966
al835,anilist,12,25,1984,弥海砂,弥海砂,Misa Amane,,女,AB,,动画|漫画,动画,DEATH NOTE,死亡笔记,2006,动画,"[{""t"":""DEATH NOTE"",""cn"":""死亡笔记"",""ty"":""动画"",""y"":2006,""pop"":961191},{""t"":""DEATH NOTE"",""cn"":""死亡笔记"",""ty"":""漫画"",""y"":2003,""pop"":99722},{""t"":""DEATH NOTE リライト"",""cn"":"""",""ty"":""动画"",""y"":2007,""pop"":44227},{""t"":""DEATH NOTEにラクガキ4コマ"",""cn"":"""",""ty"":""漫画"",""y"":2004,""pop"":1347}]",《死亡笔记》中的女主角。 艺人，是青少年杂志的模特儿。拥有死神之眼。,7773,7773,0,310,,https://s4.anilist.co/file/anilistcdn/character/large/b835-CiZa8y2z2gCz.png,https://s4.anilist.co/file/anilistcdn/character/medium/b835-CiZa8y2z2gCz.png,https://lain.bgm.tv/r/400/pic/crt/l/40/ea/15993_crt_n0B4G.jpg?r=1720107996,,,https://anilist.co/character/835,https://bgm.tv/character/15993,,15993
al83017,anilist,12,25,2005,柊筱娅,柊シノア,Shinoa Hiiragi,,女,AB,,动画|漫画,动画,終わりのセラフ,终结的炽天使,2015,动画,"[{""t"":""終わりのセラフ"",""cn"":""终结的炽天使"",""ty"":""动画"",""y"":2015,""pop"":328717},{""t"":""終わりのセラフ　名古屋決戦編"",""cn"":""终结的炽天使 名古屋决战篇"",""ty"":""动画"",""y"":2015,""pop"":197864},{""t"":""終わりのセラフ"",""cn"":""终结的炽天使"",""ty"":""漫画"",""y"":2012,""pop"":44335},{""t"":""終わりのセラフ「終わらないセラフ」"",""cn"":"""",""ty"":""动画"",""y"":2015,""pop"":43018},{""t"":""終わりのセラフ 吸血鬼シャハル"",""cn"":"""",""ty"":""动画"",""y"":2016,""pop"":38929},{""t"":""終わりのセラフ 名古屋決戦編 「終わらないセラフ名古屋決戦編」"",""cn"":"""",""ty"":""动画"",""y"":2015,""pop"":19222}]",军队派来监视优一郎高中生活的监视官。月鬼组一员一濑红莲的部下。拥有与自己签定契约的鬼“四镰童子”小西。现为包括优一郎在内的五人小队队长。,5573,5573,0,278,,https://s4.anilist.co/file/anilistcdn/character/large/b83017-XXdnbunnBdTd.png,https://s4.anilist.co/file/anilistcdn/character/medium/b83017-XXdnbunnBdTd.png,https://lain.bgm.tv/r/400/pic/crt/l/c8/2c/28626_crt_W74Wm.jpg?r=1420139729,,,https://anilist.co/character/83017,https://bgm.tv/character/28626,,28626
vndb-c124274,vndb,12,25,,,,Stella Hoshii,,女,,,Galgame,Galgame,VA-11 HALL-A,,2014,Galgame,,Stella Hoshii is the daughter of wealthy parents and a regular customer at VA-11 Hall-A. She is also a Cat Boomer and a long time friend of Sei Asagiri.,5080,0,5080,15,,https://t.vndb.org/ch/40/146340.jpg,https://t.vndb.org/ch/40/146340.jpg,https://lain.bgm.tv/r/400/pic/crt/l/9d/c8/48628_crt_hpgeg.jpg,#b01e4b #330937 #987783 #f9e1af #e8e9e8,Red Long Pale Red Cross Necklace Wristband Evening Gloves Thigh-high Stockings Friend Altruistic,,https://bgm.tv/character/48628,https://vndb.org/c124274,48628
al90225,anilist,12,25,,维克多·尼基弗洛夫,ヴィクトル・ニキフォロフ,Victor Nikiforov,Виктор Никифоров,男,,27,动画|漫画,动画,ユーリ!!! on ICE,冰上的尤里,2016,动画,"[{""t"":""ユーリ!!! on ICE"",""cn"":""冰上的尤里"",""ty"":""动画"",""y"":2016,""pop"":231691},{""t"":""ユーリ!!! on ICE 番外編 Welcome to The Madness"",""cn"":"""",""ty"":""漫画"",""y"":2017,""pop"":830}]","沐浴于世界的注目之下的「活着的传奇」，世界选手权五连霸，花滑选手中的最高峰。 27岁，勇利自少年组(Junior)时代以来的憧憬，并一直追随着他的背影。以""给人们带来惊喜""作为座右铭，每一季都将历史改写的最前线的选手。 有着宛若摇滚明星般的魅力，老若男女间都充满了人气。 出于某件意外的小事开始对勇利有了兴趣…。",4514,4514,0,56,,https://s4.anilist.co/file/anilistcdn/character/large/b90225-5NweNvd4YiDr.png,https://s4.anilist.co/file/anilistcdn/character/medium/b90225-5NweNvd4YiDr.png,https://lain.bgm.tv/r/400/pic/crt/l/8f/c7/39820_crt_oE38U.jpg,,,https://anilist.co/character/90225,https://bgm.tv/character/39820,,39820
vndb-c28652,vndb,12,25,,冰室玲爱,氷室 玲愛,Himuro Rea,Theresia,女,A,,Galgame,Galgame,Dies irae ~Acta est Fabula~,,2009,Galgame,"[{""t"":""Dies irae ~Acta est Fabula~"",""cn"":"""",""ty"":""Galgame"",""y"":2009,""pop"":3862},{""t"":""神咒神威神楽"",""cn"":"""",""ty"":""Galgame"",""y"":2011,""pop"":399}]",与香纯二分学园人气的前辈。但相对于正统派的香纯，她的人气是很极端的，与周围人保持距离这点与莲相近。 德系四分之一混血儿的端正容貌缺乏表情，举止也冷酷超然。 虽说如此，性格并不冷淡。 还不如说是天然，属于怪人的一类。顺带一提，家里是教会。,3862,0,3862,45,,https://t.vndb.org/ch/42/75242.jpg,https://t.vndb.org/ch/42/75242.jpg,https://lain.bgm.tv/r/400/pic/crt/l/05/e5/27799_crt_2e279.jpg,#57576b #a599a0 #fbf9f3 #eceae7 #cbc9ca,White Shoulder-length Straight Teen Slim Pale Missionary Virgin Sex Violet Robe,,https://bgm.tv/character/27799,https://vndb.org/c28652,27799
vndb-c87426,vndb,12,25,,咩子,めー子,Meeko,Meko,女,,,Galgame,Galgame,レイジングループ,人狼村之谜,2015,Galgame,,陽明が事故にあう少し前に、休水の近くの川で保護された少女。 推定４歳。 「めぇめぇ」が口癖で、名前も住所も分からないことから「めー子」と呼ばれている。 藤良村では不吉とされる場所から来たため、住民からは不審に思われている。 現在は回末李花子の元で世話を受けている。,3618,0,3618,23,,https://t.vndb.org/ch/77/105877.jpg,https://t.vndb.org/ch/77/105877.jpg,https://lain.bgm.tv/r/400/pic/crt/l/9e/ab/75443_crt_7JEd1.jpg,#5b3e4d #948d9c #d1c4c2 #ebf2f8 #dbdee2 #ffffff,Brown Short Amber Kid Dress Based on a Fictional Character Manslaughter Sandals Confinement Word Repetition,,https://bgm.tv/character/75443,https://vndb.org/c87426,75443
vndb-c11270,vndb,12,25,,袋井雅人,袋井 雅人,Fukuroi Masato,,男,A,,Galgame,Galgame,コープスパーティー ブラッドカバー,尸体派对 血色笼罩,2006,Galgame,"[{""t"":""コープスパーティー ブラッドカバー"",""cn"":""尸体派对 血色笼罩"",""ty"":""Galgame"",""y"":2006,""pop"":3556},{""t"":""コープスパーティー ブックオブシャドウズ"",""cn"":"""",""ty"":""Galgame"",""y"":2011,""pop"":1540},{""t"":""コープスパーティー -THE ANTHOLOGY- サチコの恋愛遊戯♥Hysteric Birthday 2U"",""cn"":""尸体派对 文选集 幸子的恋爱游戏 竭斯底里生日2U"",""ty"":""Galgame"",""y"":2012,""pop"":303}]",17岁，白檀高等学校二年四组的男学生，性格认真的学生会会长。 喜欢巨乳。,3556,0,3556,0,,https://t.vndb.org/ch/36/18236.jpg,https://t.vndb.org/ch/36/18236.jpg,https://lain.bgm.tv/r/400/pic/crt/l/ee/df/91197_crt_sh14Y.jpg,#6a495d #a08e88 #ccbfb2 #efe2d7 #ffffff,Brown Curtained Teen Slim Pale School Uniform Trousers Amber Glasses Necktie,,https://bgm.tv/character/91197,https://vndb.org/c11270,91197
al191672,anilist,12,25,,渡边星,渡辺星,Akari Watanabe,,女,,,动画|漫画,动画,夫婦以上、恋人未満。,夫妇以上，恋人未满,2022,动画,"[{""t"":""夫婦以上、恋人未満。"",""cn"":""夫妇以上，恋人未满"",""ty"":""动画"",""y"":2022,""pop"":165651},{""t"":""夫婦以上、恋人未満。"",""cn"":""夫妇以上，恋人未满"",""ty"":""漫画"",""y"":2018,""pop"":36678}]",高校3年生。クラスカースト上位の美少女ギャル。クラスメイトの次郎と夫婦実習ペアとなるが、想いを寄せる岬波とペアになるべく、好成績目指して次郎と仮面夫婦を演じることに。意外にも色恋の経験は少ない様子。,3070,3070,0,122,,https://s4.anilist.co/file/anilistcdn/character/large/b191672-MozVAnqyv9oZ.png,https://s4.anilist.co/file/anilistcdn/character/medium/b191672-MozVAnqyv9oZ.png,https://lain.bgm.tv/r/400/pic/crt/l/45/9a/114317_crt_5SkSE.jpg?r=1659403591,,,https://anilist.co/character/191672,https://bgm.tv/character/114317,,114317
vndb-c138392,vndb,12,25,,,ノエル,Noel,Noel Aizome / Noel Aizome,女,B,,Galgame,Galgame,月姫 -A piece of blue glass moon-,月姬 -A piece of blue glass moon-,2021,Galgame,,,2952,0,2952,2,,https://t.vndb.org/ch/21/119721.jpg,https://t.vndb.org/ch/21/119721.jpg,https://lain.bgm.tv/r/400/pic/crt/l/08/b6/10376_crt_V1qcH.jpg,#434589 #8e656b #c1b3b4 #ebe0d9 #ffffff,Brown Ponytail Brown Slim Pale Fighting Young-adult Pantyhose Pretending Teacher,,https://bgm.tv/character/10376,https://vndb.org/c96395,10376
al89426,anilist,12,25,,日代千鹤,日代千鶴,Chizuru Hishiro,Hishiron,女,B,17,动画|漫画,动画,ReLIFE,ReLIFE 重返17岁,2016,动画,"[{""t"":""ReLIFE"",""cn"":""ReLIFE 重返17岁"",""ty"":""动画"",""y"":2016,""pop"":259471},{""t"":""ReLIFE 完結編"",""cn"":""ReLIFE 完结篇"",""ty"":""动画"",""y"":2018,""pop"":110154},{""t"":""リライフ"",""cn"":""ReLIFE 重返17岁"",""ty"":""漫画"",""y"":2013,""pop"":55138}]",青叶高中3年3班34号，12月25日生，B型，身高162cm。 成绩优秀，学年第一的天才，每年开学试中均获得班级第一而成为班长。但社交能力很差，因此经常单独一人并没有朋友，虽然如此，但也勇于改变自己的积极派。与新太沟通过后成为朋友。有遇到不解的问题立即上网搜索的癖好。,2536,2536,0,422,,https://s4.anilist.co/file/anilistcdn/character/large/b89426-9VS3dWDKDs4v.jpg,https://s4.anilist.co/file/anilistcdn/character/medium/b89426-9VS3dWDKDs4v.jpg,https://lain.bgm.tv/r/400/pic/crt/l/8f/88/35834_crt_1soMU.jpg?r=1524130019,,,https://anilist.co/character/89426,https://bgm.tv/character/35834,,35834
al88915,anilist,12,25,,,田中あすか,Asuka Tanaka,,女,AB,17,动画,动画,響け！ユーフォニアム,吹响吧！上低音号,2015,动画,"[{""t"":""響け！ユーフォニアム"",""cn"":""吹响吧！上低音号"",""ty"":""动画"",""y"":2015,""pop"":151819},{""t"":""響け！ユーフォニアム 2"",""cn"":""吹响吧！上低音号 第二季"",""ty"":""动画"",""y"":2016,""pop"":77697},{""t"":""響け！ユーフォニアム３"",""cn"":"""",""ty"":""动画"",""y"":2024,""pop"":36376},{""t"":""劇場版 響け！ユーフォニアム～誓いのフィナーレ～"",""cn"":"""",""ty"":""动画"",""y"":2019,""pop"":35634},{""t"":""響け！ユーフォニアム 番外編 かけだすモナカ"",""cn"":"""",""ty"":""动画"",""y"":2015,""pop"":25370},{""t"":""響け！ユーフォニアム 吹奏楽部の日常"",""cn"":"""",""ty"":""动画"",""y"":2015,""pop"":13968}]","171 cm Euphonium A third-year high school student. She is the vice president of the brass band club, and also leads the bass section. Like Kumiko, she plays the euphonium. Her standoffish nature has brushed people off time and again.",2376,2376,0,0,,https://s4.anilist.co/file/anilistcdn/character/large/b88915-t3WXoIoc6sAz.png,https://s4.anilist.co/file/anilistcdn/character/medium/b88915-t3WXoIoc6sAz.png,,,,https://anilist.co/character/88915,,,
vndb-c9361,vndb,12,25,,,高峰 一景,Takamine Ikkei,,男,A,,Galgame,Galgame,大図書館の羊飼い,,2013,Galgame,"[{""t"":""大図書館の羊飼い"",""cn"":"""",""ty"":""Galgame"",""y"":2013,""pop"":2275},{""t"":""大図書館の羊飼い -Dreaming Sheep-"",""cn"":"""",""ty"":""Galgame"",""y"":2014,""pop"":383}]","Kakei's classmate and friend, he is usually always together with him. He doesn't think about complex stuff, his motto is ""being happy is the highest priority"", and acts according his thoughts.",2275,0,2275,0,,https://t.vndb.org/ch/37/10237.jpg,https://t.vndb.org/ch/37/10237.jpg,,#7e6170 #b9a5a9 #ddd1d4 #f2ecec #faf9f8,Brown Short Teen Slim Pale Trousers Blue Suit Jacket T-shirt,,,https://vndb.org/c9361,
vndb-c5402,vndb,12,25,,,長谷 冴子,Hase Saeko,Sae-nee-chan / 冴ねーちゃん,女,,,Galgame,Galgame,辻堂さんの純愛ロード,,2012,Galgame,"[{""t"":""辻堂さんの純愛ロード"",""cn"":"""",""ty"":""Galgame"",""y"":2012,""pop"":2008},{""t"":""辻堂さんのバージンロード"",""cn"":"""",""ty"":""Galgame"",""y"":2013,""pop"":352},{""t"":""みなとカーニバルＦＤ"",""cn"":"""",""ty"":""Galgame"",""y"":2017,""pop"":80}]","Hiroshi's older sister and a teacher at the Inamura Academy. In the professional capacity she acts like a serious and responsible person, but she's actually a spoiled sister who always relies on her brother.",2008,0,2008,0,,https://t.vndb.org/ch/83/85783.jpg,https://t.vndb.org/ch/83/85783.jpg,,#87574b #d4aea0 #f4eae1 #d3d5dc #f4f6f7 #ffffff,Brown Ahoge Ponytail Long Shoulder-length Slim Pale Cooking Blowjob Virgin Sex,,,https://vndb.org/c5402,
vndb-c39265,vndb,12,25,,,暴走 アルクェイド,Red Arcueid,Berserk Arcueid / Bousou Arcueid / Warcueid / ワルクェイド,女,,,Galgame,Galgame,MELTY BLOOD,月姬格斗,2002,Galgame,,"Red Arcueid is an illusion created by Wallachia from Arcueid's fear of surrendering to her bloodlust, going insane and killing people just for fun. So, that's exactly what Red Arc likes to do.",1869,0,1869,0,,https://t.vndb.org/ch/17/47317.jpg,https://t.vndb.org/ch/17/47317.jpg,,#b4422f #651811 #d88372 #885661 #402544 #e5cbcc,Blond Short Straight Slim Pale Amber Young-adult Skirt Insanity Princess,,,https://vndb.org/c39265,
vndb-c18367,vndb,12,25,,,翁長 善弥,Okinaga Zen'ya,,男,,,Galgame,Galgame,sweet pool,,2008,Galgame,,A strange young man Youji meets when he's playing around on the gates.,1763,0,1763,0,,https://t.vndb.org/ch/82/121382.jpg,https://t.vndb.org/ch/82/121382.jpg,,#337b51 #8c8f79 #c4beac #e6e1dd #ffffff,Blond Shoulder-length Straight Pale Trousers Master Green Young-adult Cross Necklace Shirt,,,https://vndb.org/c18367,
al1700,anilist,12,25,1755,,オスカル・フランソワ・ド・ジャルジェ,Oscar François de Jarjayes,Lady Oscar,女,,,动画|漫画,动画,ベルサイユのばら,,1979,动画,"[{""t"":""ベルサイユのばら"",""cn"":"""",""ty"":""动画"",""y"":1979,""pop"":34435},{""t"":""新・ルパン三世"",""cn"":"""",""ty"":""动画"",""y"":1977,""pop"":11804},{""t"":""劇場版 ベルサイユのばら"",""cn"":"""",""ty"":""动画"",""y"":2025,""pop"":11583},{""t"":""ベルサイユのばら"",""cn"":"""",""ty"":""漫画"",""y"":1972,""pop"":11027},{""t"":""ベルサイユのばら 生命あるかぎり愛して"",""cn"":"""",""ty"":""动画"",""y"":1987,""pop"":1285},{""t"":""ベルサイユのばら"",""cn"":"""",""ty"":""动画"",""y"":"""",""pop"":1131}]","Born the last of five daughters to the Commander of the Royal Guards, [General François Augustin Regnier de Jarjayes](//anilist.co/character/8150/de-Jarjeyes-Regnier), she is raised by her father as if she were a boy in order to take his pl…",1730,1730,0,0,,https://s4.anilist.co/file/anilistcdn/character/large/b1700-VL3pDPCzeMzN.png,https://s4.anilist.co/file/anilistcdn/character/medium/b1700-VL3pDPCzeMzN.png,,,,https://anilist.co/character/1700,,,
vndb-c30133,vndb,12,25,,,御門 瑠璃,Mikado Ruri,,女,,,Galgame,Galgame,ハロー・レディ！,,2014,Galgame,,Ruri is Narita Shinri's little sister who was killed 7 years before the events of the VN starts.,1704,0,1704,0,,https://t.vndb.org/ch/78/144878.jpg,https://t.vndb.org/ch/78/144878.jpg,,#85879c #454a49 #c3c3ce #e4e4eb #faf9f5,Hime Cut Waist Length+ Straight Green Teen Slim Pale Violet Dress Mind Control,,,https://vndb.org/c30133,
al20170,anilist,12,25,,,ヴィクトリカ・ド・ブロワ,Victorique de Blois,The Golden Fairy / Gray Wolf / Monstre Charmant,女,,,动画|漫画|轻小说,动画,GOSICK,,2011,动画,"[{""t"":""GOSICK"",""cn"":"""",""ty"":""动画"",""y"":2011,""pop"":125428},{""t"":""GOSICK -ゴシック-"",""cn"":"""",""ty"":""轻小说"",""y"":2003,""pop"":2181},{""t"":""ゴシック"",""cn"":"""",""ty"":""漫画"",""y"":2007,""pop"":2039},{""t"":""GOSICK W"",""cn"":"""",""ty"":""漫画"",""y"":2011,""pop"":321},{""t"":""GOSICKs -ゴシックエス-"",""cn"":"""",""ty"":""轻小说"",""y"":2003,""pop"":296}]","140 cm The heroine of the story. Victorique has the appearance of a small, almost doll-like, girl with long golden hair and emerald eyes and a voice that sounds exactly like that of an older woman.",1612,1612,0,0,,https://s4.anilist.co/file/anilistcdn/character/large/b20170-EjvXXZpGG98Y.png,https://s4.anilist.co/file/anilistcdn/character/medium/b20170-EjvXXZpGG98Y.png,,,,https://anilist.co/character/20170,,,
al122188,anilist,12,25,,,知花実央,Mio Chibana,,男,,20,动画|漫画,动画,海辺のエトランゼ,,2020,动画,"[{""t"":""海辺のエトランゼ"",""cn"":"""",""ty"":""动画"",""y"":2020,""pop"":81048},{""t"":""海辺のエトランゼ"",""cn"":"""",""ty"":""漫画"",""y"":2013,""pop"":20538},{""t"":""春風のエトランゼ"",""cn"":"""",""ty"":""漫画"",""y"":2014,""pop"":12688}]","Mio is a 20-year-old freeter. After his mother's death, he briefly moves to Okinawa, where he meets Shun. Initially offended at Shun's attitude, he soon falls in love and pursues him romantically when he returns to Okinawa.",1540,1540,0,0,,https://s4.anilist.co/file/anilistcdn/character/large/b122188-6hwbkiFbSrQi.png,https://s4.anilist.co/file/anilistcdn/character/medium/b122188-6hwbkiFbSrQi.png,,,,https://anilist.co/character/122188,,,
vndb-c91337,vndb,12,25,,,花丸 まり,Hanamaru Mari,ピンク / Pink / モドキ,女,,,Galgame,Galgame,恋愛×ロワイアル,,2020,Galgame,"[{""t"":""恋愛×ロワイアル"",""cn"":"""",""ty"":""Galgame"",""y"":2020,""pop"":1422},{""t"":""恋愛×ロワイアル 乃々香＆蓮菜＆由奈 ミニアフターストーリー"",""cn"":"""",""ty"":""Galgame"",""y"":2021,""pop"":146},{""t"":""恋愛×ロワイアル まり＆汐音＆蒼 ミニアフターストーリー"",""cn"":"""",""ty"":""Galgame"",""y"":2021,""pop"":130}]","An innocent simpleton who suddenly transfers to the school. During her introduction on her first day, she unexpectedly confesses to the protagonist.",1422,0,1422,0,,https://t.vndb.org/ch/20/110120.jpg,https://t.vndb.org/ch/20/110120.jpg,,#ebb4b2 #5f4e4f #a08d91 #f1deda #f6f2f1 #ffffff,Pink Long Teen Slim Pale School Uniform Proactive Cooking Missionary Doggy Style,,,https://vndb.org/c91337,
al80891,anilist,12,25,,,風見雄二,Yuuji Kazami,Agent I-9029 / Boomerang / ET-01 / Genie,男,,17,动画,动画,グリザイアの果実,灰色的果实,2014,动画,"[{""t"":""グリザイアの果実"",""cn"":""灰色的果实"",""ty"":""动画"",""y"":2014,""pop"":145676},{""t"":""グリザイアの楽園"",""cn"":""灰色的乐园"",""ty"":""动画"",""y"":2015,""pop"":90200},{""t"":""グリザイアの迷宮"",""cn"":""灰色的迷宫"",""ty"":""动画"",""y"":2015,""pop"":62745},{""t"":""グリザイアの果実 グリザイアの特典"",""cn"":"""",""ty"":""动画"",""y"":2014,""pop"":22803},{""t"":""グリザイアの楽園 グリザイアの特典"",""cn"":"""",""ty"":""动画"",""y"":2015,""pop"":17486},{""t"":""グリザイアの迷宮 滝園バスケ部の生クリームパーティ！"",""cn"":"""",""ty"":""动画"",""y"":2015,""pop"":15629}]","178 cm The protagonist of Grisaia. Ace number 9029, Yuuji is the “janitor” for the underworld. Tired of the life, he wanted to live a normal school life. Cool, philosophical, and minimalist, Yuuji is a realist…but also tsundere.",1408,1408,0,0,,https://s4.anilist.co/file/anilistcdn/character/large/n80891-WesKQmQEVJ5n.jpg,https://s4.anilist.co/file/anilistcdn/character/medium/n80891-WesKQmQEVJ5n.jpg,,,,https://anilist.co/character/80891,,,
al268963,anilist,12,25,,,ミヒャエル カイザー,Michael Kaiser,Mihyaeru Kaizā / Emperor of the Blue Rose,男,A,19-,动画|漫画,动画,ブルーロック VS. U-20 JAPAN,蓝色监狱 VS. U-20 日本代表队,2024,动画,"[{""t"":""ブルーロック VS. U-20 JAPAN"",""cn"":""蓝色监狱 VS. U-20 日本代表队"",""ty"":""动画"",""y"":2024,""pop"":142268},{""t"":""ブルーロック"",""cn"":""蓝色监狱"",""ty"":""漫画"",""y"":2018,""pop"":124054},{""t"":""ブルーロック ネオ・エゴイストリーグ"",""cn"":"""",""ty"":""动画"",""y"":"""",""pop"":15432}]","Berlin, Germany 186 cm (6'1"") Michael Kaiser is a prodigy U-20 forward from Germany who plays for Bastard München during the Neo Egoist League as the team's ace and main striker. ~!He is a member of the New Generation World XI.!~",1309,1309,0,0,,https://s4.anilist.co/file/anilistcdn/character/large/b268963-0i8SgRcs6ibf.png,https://s4.anilist.co/file/anilistcdn/character/medium/b268963-0i8SgRcs6ibf.png,,,,https://anilist.co/character/268963,,,
al125442,anilist,12,25,1866,,鶴見篤四郎,Tokushirou Tsurumi,Grim Reaper / Tsurumi-chuui / Lieutenant Tsurumi (鶴見中尉),男,,41,动画|漫画,动画,ゴールデンカムイ,黄金神威,2018,动画,"[{""t"":""ゴールデンカムイ"",""cn"":""黄金神威"",""ty"":""动画"",""y"":2018,""pop"":139263},{""t"":""ゴールデンカムイ 第二期"",""cn"":"""",""ty"":""动画"",""y"":2018,""pop"":65228},{""t"":""ゴールデンカムイ 第三期"",""cn"":"""",""ty"":""动画"",""y"":2020,""pop"":53982},{""t"":""ゴールデンカムイ"",""cn"":""黄金神威"",""ty"":""漫画"",""y"":2014,""pop"":51312},{""t"":""ゴールデンカムイ 第四期"",""cn"":"""",""ty"":""动画"",""y"":2022,""pop"":36654},{""t"":""ゴールデンカムイ 最終章"",""cn"":"""",""ty"":""动画"",""y"":2026,""pop"":21687}]","Leader of the 7th Division and one of the antagonists of the series. Tsurumi has an unpredictable, mildly histrionic and erratic behaviour.",1301,1301,0,0,,https://s4.anilist.co/file/anilistcdn/character/large/b125442-m8IVnzFOZOTS.png,https://s4.anilist.co/file/anilistcdn/character/medium/b125442-m8IVnzFOZOTS.png,,,,https://anilist.co/character/125442,,,
al136777,anilist,12,25,,,루카스,Lucas,The Young Warlock / The Lone Black Wolf / Genius Wizard / 卢卡斯,男,,,动画|漫画,漫画,어느 날 공주가 되어버렸다,,2017,漫画,"[{""t"":""어느 날 공주가 되어버렸다"",""cn"":"""",""ty"":""漫画"",""y"":2017,""pop"":40016},{""t"":""魔法公主的小烦恼"",""cn"":"""",""ty"":""动画"",""y"":2025,""pop"":27562}]",A royal magician working at the black tower and Athanasia de Alger Obelia's chosen playmate.,1211,1211,0,0,,https://s4.anilist.co/file/anilistcdn/character/large/b136777-8ZGIYEBxjjkX.png,https://s4.anilist.co/file/anilistcdn/character/medium/b136777-8ZGIYEBxjjkX.png,,,,https://anilist.co/character/136777,,,
vndb-c137432,vndb,12,25,,,氷上 メルル,Hikami Meruru,Merucchi / メルっち,女,,,Galgame,Galgame,魔法少女ノ魔女裁判,,2025,Galgame,,"A bundle of anxiety who always worries for others. She has a stalker-like disposition, obsessively following those who have caught her attention.",1206,0,1206,0,,https://t.vndb.org/ch/48/180848.jpg,https://t.vndb.org/ch/48/180848.jpg,,#969aad #414757 #c5c3ce #e4e2e7 #fcfcfb,Pink White Waist Length+ Wavy Teen Slim Pale Magician Villain Cooking,,,https://vndb.org/c137432,
vndb-c12824,vndb,12,25,,,シャルル・マロース,Charles Maroth,,女,A,,Galgame,Galgame,D.C.III ～ダ・カーポIII～,,2012,Galgame,"[{""t"":""D.C.III ～ダ・カーポIII～"",""cn"":"""",""ty"":""Galgame"",""y"":2012,""pop"":1134},{""t"":""D.C.5 ～ダ・カーポ5～"",""cn"":"""",""ty"":""Galgame"",""y"":2023,""pop"":152},{""t"":""D.C.III With You ～ダ・カーポIII～ ウィズユー"",""cn"":"""",""ty"":""Galgame"",""y"":2016,""pop"":78}]","A character from the London chapter. Handicraft, gifts Favorite She likes any food. Hated None. Student council president, Regular Class 1-B. She and Ricca are like a kind of rivals.",1134,0,1134,0,,https://t.vndb.org/ch/42/15542.jpg,https://t.vndb.org/ch/42/15542.jpg,,#5b5579 #a8a9b4 #d7d0cd #f4e6e8 #fbf6f3 #ffffff,White Twin Tails Waist Length+ Teen Slim Pale School Uniform Magician Cooking Red,,,https://vndb.org/c12824,
vndb-c5311,vndb,12,25,,,芳乃 シャルル,Yoshino Charles,るる姉 / Ruru-nee,女,A,,Galgame,Galgame,D.C.III ～ダ・カーポIII～,,2012,Galgame,"[{""t"":""D.C.III ～ダ・カーポIII～"",""cn"":"""",""ty"":""Galgame"",""y"":2012,""pop"":1134},{""t"":""D.C.III P.P. ～ダ・カーポIII プラチナパートナー～"",""cn"":"""",""ty"":""Galgame"",""y"":2014,""pop"":106},{""t"":""D.C.III With You ～ダ・カーポIII～ ウィズユー"",""cn"":"""",""ty"":""Galgame"",""y"":2016,""pop"":78},{""t"":""D.C.Ⅲ DreamDays～ダ・カーポⅢ～ドリームデイズ"",""cn"":"""",""ty"":""Galgame"",""y"":2017,""pop"":58}]","Knitting Favorite She likes any food Hated None Kazami affiliated junior high class 3-2, the newspaper club. Charles is a student in the same class as Ricca. She is Kiyotaka's cousin and is older by one year.",1134,0,1134,0,,https://t.vndb.org/ch/93/58493.jpg,https://t.vndb.org/ch/93/58493.jpg,,#687a90 #f5f4e6 #dfded8 #c1c0be #ffffff,White Twin Tails Waist Length+ Wavy Teen Slim Pale School Uniform Magician Missionary,,,https://vndb.org/c5311,
al150194,anilist,12,25,,,象日下部,Shou Kusakabe,,男,O,14,动画|漫画,动画,炎炎ノ消防隊,炎炎消防队,2019,动画,"[{""t"":""炎炎ノ消防隊"",""cn"":""炎炎消防队"",""ty"":""动画"",""y"":2019,""pop"":483496},{""t"":""炎炎ノ消防隊 弐ノ章"",""cn"":""炎炎消防队 二之章"",""ty"":""动画"",""y"":2020,""pop"":300881},{""t"":""炎炎ノ消防隊 参ノ章"",""cn"":""炎炎消防队 叁之章"",""ty"":""动画"",""y"":2025,""pop"":130164},{""t"":""炎炎ノ消防隊 参ノ章 第2クール"",""cn"":""炎炎消防队 叁之章 第2部分"",""ty"":""动画"",""y"":2026,""pop"":88814},{""t"":""炎炎ノ消防隊"",""cn"":""炎炎消防队"",""ty"":""漫画"",""y"":2015,""pop"":66020}]","A Third Generation pyrokinetic, the Commander of the Knights of the Ashen Flame, and the younger brother of [Shinra Kusakabe](//anilist.co/character/120462/Kusakabe-Shinra).",1026,1026,0,0,,https://s4.anilist.co/file/anilistcdn/character/large/b150194-2OLsrSRrq9cS.jpg,https://s4.anilist.co/file/anilistcdn/character/medium/b150194-2OLsrSRrq9cS.jpg,,,,https://anilist.co/character/150194,,,
al4158,anilist,12,25,,,最上キョーコ,Kyouko Mogami,京子 / Gong Xi,女,B,16-,动画|漫画,动画,スキップ・ビート！,,2008,动画,"[{""t"":""スキップ・ビート！"",""cn"":"""",""ty"":""动画"",""y"":2008,""pop"":45076},{""t"":""スキップ・ビート！"",""cn"":"""",""ty"":""漫画"",""y"":2002,""pop"":16189}]",": 163 cm : LME : Dark Moon, Box ""R"", Lotus in the Mud Kyouko's life has always known only one aim-- to please others. Be it her mother who didn't care much for her, or Sho's family, who took her in after she was abandoned.",1020,1020,0,0,,https://s4.anilist.co/file/anilistcdn/character/large/b4158-8nlDsJyfFTA1.png,https://s4.anilist.co/file/anilistcdn/character/medium/b4158-8nlDsJyfFTA1.png,,,,https://anilist.co/character/4158,,,
vndb-c25637,vndb,12,25,,,ノエル゠ヴァーミリオン,Noel Vermillion,"Calamity Trigger, Lacking Lady / Eye of the Azure / Successor of the Azure",女,A,,Galgame,Galgame,BLAZBLUE CALAMITY TRIGGER,,2008,Galgame,"[{""t"":""BLAZBLUE CALAMITY TRIGGER"",""cn"":"""",""ty"":""Galgame"",""y"":2008,""pop"":969},{""t"":""BLAZBLUE CONTINUUM SHIFT"",""cn"":"""",""ty"":""Galgame"",""y"":2009,""pop"":730},{""t"":""BLAZBLUE CHRONOPHANTASMA"",""cn"":"""",""ty"":""Galgame"",""y"":2013,""pop"":423},{""t"":""BLAZBLUE CENTRALFICTION"",""cn"":"""",""ty"":""Galgame"",""y"":2016,""pop"":356}]","Shopping via the internet, writing poems Parents Cute things Insects, especially ones with lots of legs Noel Vermillion is a lieutenant of the Novus Orbis Librarium who is assigned to return the AWOL Jin Kisaragi to his post, and his secret…",969,0,969,0,,https://t.vndb.org/ch/31/49631.jpg,https://t.vndb.org/ch/31/49631.jpg,,#b87a42 #50393e #e5d1af #9e95a3 #edebe9 #ffffff,Blond Long Straight Teen Slim Pale School Uniform Hard Worker Student Cooking,,,https://vndb.org/c25637,
al3077,anilist,12,25,,,月城雪兎,Yukito Tsukishiro,Yuki / Yuki-usagi,男,AB,15-19,动画|漫画,动画,カードキャプターさくら,,1998,动画,"[{""t"":""カードキャプターさくら"",""cn"":"""",""ty"":""动画"",""y"":1998,""pop"":103089},{""t"":""ツバサ・クロニクル"",""cn"":"""",""ty"":""动画"",""y"":2005,""pop"":37867},{""t"":""カードキャプターさくら クリアカード編"",""cn"":"""",""ty"":""动画"",""y"":2018,""pop"":33146},{""t"":""劇場版 カードキャプターさくら 封印されたカード"",""cn"":"""",""ty"":""动画"",""y"":2000,""pop"":25280},{""t"":""劇場版 カードキャプターさくら"",""cn"":"""",""ty"":""动画"",""y"":1999,""pop"":21807},{""t"":""カードキャプターさくら"",""cn"":"""",""ty"":""漫画"",""y"":1996,""pop"":19417}]","From the moment Yukito is introduced, it is clear that [Sakura](//anilist.co/character/2671/Kinomoto-Sakura) has an enormous crush on him.",961,961,0,0,,https://s4.anilist.co/file/anilistcdn/character/large/3077.jpg,https://s4.anilist.co/file/anilistcdn/character/medium/3077.jpg,,,,https://anilist.co/character/3077,,,
vndb-c20646,vndb,12,25,,,丹生 真黄,Nibu Maki,,女,AB,,Galgame,Galgame,創刻のアテリアル,,2012,Galgame,,,889,0,889,0,,https://t.vndb.org/ch/30/102730.jpg,https://t.vndb.org/ch/30/102730.jpg,,#a57e68 #d9b78e #4d4651 #efdcc9 #f5eee7 #fffffe,Long Green Slim Pale Sex with Others Amber Young-adult Twin Sister Priest Hair Flower,,,https://vndb.org/c20646,
vndb-c20279,vndb,12,25,,,丹生 真朱,Nibu Masoho,,女,AB,,Galgame,Galgame,創刻のアテリアル,,2012,Galgame,,,889,0,889,0,,https://t.vndb.org/ch/31/102731.jpg,https://t.vndb.org/ch/31/102731.jpg,,#3e4759 #858e8e #bcbecc #e1eff6 #f9e9e1 #ffffff,Long Green Slim Pale Amber Young-adult Necktie Miniskirt Twin Sister Scientist,,,https://vndb.org/c20279,
al142801,anilist,12,25,,,冬木美波,Minami Fuyuki,,女,,16,动画|漫画,动画,道産子ギャルはなまらめんこい,,2024,动画,"[{""t"":""道産子ギャルはなまらめんこい"",""cn"":"""",""ty"":""动画"",""y"":2024,""pop"":90900},{""t"":""道産子ギャルはなまらめんこい"",""cn"":"""",""ty"":""漫画"",""y"":2019,""pop"":25328},{""t"":""道産子ギャルはなまらめんこい"",""cn"":"""",""ty"":""漫画"",""y"":2019,""pop"":3503},{""t"":""道産子ギャルはなまらめんこい 番外編"",""cn"":"""",""ty"":""漫画"",""y"":2020,""pop"":208}]","160 cm (5'3'') [Tsubasa](//anilist.co/character/142802/Shiki-Tsubasa)'s 16-year-old classmate at Kitami Hokuryo High School, who is popular and talkative.",869,869,0,0,,https://s4.anilist.co/file/anilistcdn/character/large/b142801-OqKiluEFDfJp.png,https://s4.anilist.co/file/anilistcdn/character/medium/b142801-OqKiluEFDfJp.png,,,,https://anilist.co/character/142801,,,
al21150,anilist,12,25,,,イカロス,Ikaros,Alpha,,,,动画|漫画,动画,そらのおとしもの,,2009,动画,"[{""t"":""そらのおとしもの"",""cn"":"""",""ty"":""动画"",""y"":2009,""pop"":94392},{""t"":""そらのおとしものf（フォルテ）"",""cn"":"""",""ty"":""动画"",""y"":2010,""pop"":52035},{""t"":""劇場版 そらのおとしもの 時計じかけの哀女神（エンジェロイド）"",""cn"":"""",""ty"":""动画"",""y"":2011,""pop"":27829},{""t"":""そらのおとしもの"",""cn"":"""",""ty"":""动画"",""y"":2010,""pop"":21764},{""t"":""そらのおとしものＦｉｎａｌ永遠の私の鳥籠［エターナルマイマスター］"",""cn"":"""",""ty"":""动画"",""y"":2014,""pop"":20660},{""t"":""そらのおとしもの"",""cn"":"""",""ty"":""漫画"",""y"":2007,""pop"":10924}]","162 cm Angeloid She introduces herself as _Pet-Class (Translated ""Entertainment-Purpose"" in the manga) Angeloid type _ ""Ikaros"".",852,852,0,0,,https://s4.anilist.co/file/anilistcdn/character/large/b21150-VDqnMYaHeSg4.png,https://s4.anilist.co/file/anilistcdn/character/medium/b21150-VDqnMYaHeSg4.png,,,,https://anilist.co/character/21150,,,
vndb-c28305,vndb,12,25,,,白雪,Shirayuki,Snow White,男,,,Galgame,Galgame,大正×対称アリス,,2015,Galgame,"[{""t"":""大正×対称アリス"",""cn"":"""",""ty"":""Galgame"",""y"":2015,""pop"":794},{""t"":""大正×対称アリス"",""cn"":"""",""ty"":""Galgame"",""y"":2015,""pop"":794},{""t"":""大正×対称アリス"",""cn"":"""",""ty"":""Galgame"",""y"":2015,""pop"":794},{""t"":""大正×対称アリス"",""cn"":"""",""ty"":""Galgame"",""y"":2015,""pop"":794},{""t"":""大正×対称アリス HEADS&TAILS"",""cn"":"""",""ty"":""Galgame"",""y"":2017,""pop"":172}]","A pretty boy who believes he is the most hideous thing in the entire world. He comes off as cold since he doesn't show emotion or speak much, but he's very observant of others and shows consideration indirectly.",794,0,794,0,,https://t.vndb.org/ch/75/101675.jpg,https://t.vndb.org/ch/75/101675.jpg,,#b09790 #c9bfc7 #dfd9e1 #f0ebef #faf9f6,White Short Straight Teen Slim Pale Trousers Blue Violet Gloves,,,https://vndb.org/c28305,
al778,anilist,12,25,,,ティキ・ミック,Tyki Mikk,Noah of Pleasure / Tykipon / Joyd / Joido,男,,26-,动画|漫画,动画,ディー・グレイマン,,2006,动画,"[{""t"":""ディー・グレイマン"",""cn"":"""",""ty"":""动画"",""y"":2006,""pop"":117180},{""t"":""ディー・グレイマン"",""cn"":"""",""ty"":""漫画"",""y"":2004,""pop"":42535},{""t"":""ディー・グレイマン ハロー"",""cn"":"""",""ty"":""动画"",""y"":2016,""pop"":37297}]","188 cm (6'2"") Tyki lives a double his ""white side"" that is a carefree and goofy man of Portuguese descent who travels with humans that love to play poker, and his sadistic ""dark side"" that has a lust for blood and takes up his role as Noah'…",788,788,0,0,,https://s4.anilist.co/file/anilistcdn/character/large/b778-6iR5U4r75jHc.jpg,https://s4.anilist.co/file/anilistcdn/character/medium/b778-6iR5U4r75jHc.jpg,,,,https://anilist.co/character/778,,,
al120658,anilist,12,25,,,エリス,Eris,,女,,,动画,动画,この素晴らしい世界に祝福を！,为美好的世界献上祝福！,2016,动画,"[{""t"":""この素晴らしい世界に祝福を！"",""cn"":""为美好的世界献上祝福！"",""ty"":""动画"",""y"":2016,""pop"":518169},{""t"":""この素晴らしい世界に祝福を！2"",""cn"":""为美好的世界献上祝福！ 第二季"",""ty"":""动画"",""y"":2017,""pop"":376691},{""t"":""この素晴らしい世界に祝福を！紅伝説"",""cn"":"""",""ty"":""动画"",""y"":2019,""pop"":242609},{""t"":""この素晴らしい世界に祝福を！３"",""cn"":"""",""ty"":""动画"",""y"":2024,""pop"":179684},{""t"":""この素晴らしい世界に祝福を！ この素晴らしいチョーカーに祝福を!"",""cn"":"""",""ty"":""动画"",""y"":2016,""pop"":127677},{""t"":""この素晴らしい世界に爆焔を！"",""cn"":""为美好的世界献上爆炎！"",""ty"":""动画"",""y"":2023,""pop"":123438}]",Eris is the Goddess of Fortune and [Aqua's](//anilist.co/character/89362) junior. Eris is a very kind and gentle girl who treats others with kindness and respect. She is also very caring and she always interest her adherents.,777,777,0,0,,https://s4.anilist.co/file/anilistcdn/character/large/b120658-SJ9YrXEluqaX.jpg,https://s4.anilist.co/file/anilistcdn/character/medium/b120658-SJ9YrXEluqaX.jpg,,,,https://anilist.co/character/120658,,,
vndb-c141165,vndb,12,25,,,樹里 路美雄,Kisato Romeo,,男,O,,Galgame,Galgame,アマガミ,,2009,Galgame,"[{""t"":""アマガミ"",""cn"":"""",""ty"":""Galgame"",""y"":2009,""pop"":775},{""t"":""アマガミGS"",""cn"":"""",""ty"":""Galgame"",""y"":2012,""pop"":26}]",,775,0,775,0,,https://t.vndb.org/ch/01/165901.jpg,https://t.vndb.org/ch/01/165901.jpg,,#e2c1a7 #8c847e #454443 #ffffff,Black Short Teen Slim Pale School Uniform Grey Necktie Boku Shy,,,https://vndb.org/c141165,
al31973,anilist,12,25,2194,,ノエル・ヴァーミリオン ,Noel Vermillion,Eye of the Azure / Lacking Lady,女,AO,,动画|漫画,动画,ブレイブルー オルターメモリー,,2013,动画,"[{""t"":""ブレイブルー オルターメモリー"",""cn"":"""",""ty"":""动画"",""y"":2013,""pop"":18210},{""t"":""ブレイブルー リミックスハート"",""cn"":"""",""ty"":""漫画"",""y"":2012,""pop"":945},{""t"":""ＢＬＡＺＢＬＵＥ　ＣＨＩＭＥＬＩＣＡＬ　ＣＯＭＰＬＥＸ"",""cn"":"""",""ty"":""漫画"",""y"":2010,""pop"":287},{""t"":""BLAZBLUE オフィシャルコミックス"",""cn"":"""",""ty"":""漫画"",""y"":2009,""pop"":169}]","Artificial Human 157 cm This young girl was found amidst the burning fields of Ikaruga where she was rescued, and then adopted by the family of Vermillion.",762,762,0,0,,https://s4.anilist.co/file/anilistcdn/character/large/b31973-bPn7FNlcTjEL.png,https://s4.anilist.co/file/anilistcdn/character/medium/b31973-bPn7FNlcTjEL.png,,,,https://anilist.co/character/31973,,,
vndb-c31737,vndb,12,25,,,美澄 湯花,Misumi Yuka,,女,O,,Galgame,Galgame,ゆきこいめると,,2015,Galgame,,"Chilling, entertainment The protagonist's homeroon teacher. She is desperately trying to find a husband before she hits 30.",722,0,722,0,1,https://t.vndb.org/ch/82/37982.jpg,https://t.vndb.org/ch/82/37982.jpg,,#414e5f #f5e8d3 #cacdc1 #9c9da0 #faf6ec #ffffff,Blond Twin Tails Curtained Shoulder-length Straight Slim Pale Blue Young-adult Coat,,,https://vndb.org/c31737,
al24201,anilist,12,25,,,橘めい,Mei Tachibana,,女,,,动画|漫画,动画,好きっていいなよ。,,2012,动画,"[{""t"":""好きっていいなよ。"",""cn"":"""",""ty"":""动画"",""y"":2012,""pop"":154901},{""t"":""好きっていいなよ。"",""cn"":"""",""ty"":""漫画"",""y"":2008,""pop"":15997},{""t"":""好きっていいなよ。誰かが"",""cn"":"""",""ty"":""动画"",""y"":2013,""pop"":15093},{""t"":""好きっていいなよ。"",""cn"":"""",""ty"":""动画"",""y"":2012,""pop"":10586}]","Mei was a social person before, but ever since her friends turned against her, she decided never to befriend anyone again. At first, she is described as ""freakishly gloomy"" and ""doesn't speak"".",653,653,0,0,,https://s4.anilist.co/file/anilistcdn/character/large/b24201-GcQdQ2k0xYUh.jpg,https://s4.anilist.co/file/anilistcdn/character/medium/b24201-GcQdQ2k0xYUh.jpg,,,,https://anilist.co/character/24201,,,
vndb-c27450,vndb,12,25,,,小日向 はやみ,Kohinata Hayami,,女,O,,Galgame,Galgame,H2O -FOOTPRINTS IN THE SAND-,,2006,Galgame,"[{""t"":""H2O -FOOTPRINTS IN THE SAND-"",""cn"":"""",""ty"":""Galgame"",""y"":2006,""pop"":639},{""t"":""√ after and another"",""cn"":"""",""ty"":""Galgame"",""y"":2007,""pop"":253}]","Hayami is a girl in Takuma's class who sits next to him. She has an unsociable personality and a sharp attitude towards others, not wanting to become friends with others, due to her accepting her own status as an outcast. [From Wikipedia]",639,0,639,0,,https://t.vndb.org/ch/51/44451.jpg,https://t.vndb.org/ch/51/44451.jpg,,#26222c #6b6a74 #c1afa3 #dcd7d3 #f7f6f0 #ffffff,Black Twin Tails Hime Cut Waist Length+ Straight Teen Slim Pale School Uniform Orphan,,,https://vndb.org/c27450,
vndb-c11369,vndb,12,25,,,佐久間 恭一,Sakuma Kyouichi,,男,A,,Galgame,Galgame,裸執事,,2011,Galgame,"[{""t"":""裸執事"",""cn"":"""",""ty"":""Galgame"",""y"":2011,""pop"":632},{""t"":""裸執事ファンディスク～やらしつじ＆やさしつじ～"",""cn"":"""",""ty"":""Galgame"",""y"":2013,""pop"":59}]","Capricorn The perfect butler, having trained in the UK. He is absolutely obedient to any instruction given by his master. However he can be too serious for his own good, his lack of humor doesn't help him either.",632,0,632,0,,https://t.vndb.org/ch/34/24334.jpg,https://t.vndb.org/ch/34/24334.jpg,,#344352 #fbe8c7 #c9bcb3 #82838c #e5e6e5 #ffffff,Black Curtained Short Straight Pale Sweater Dress Shoes Hard Worker Missionary Doggy Style,,,https://vndb.org/c11369,
vndb-c72807,vndb,12,25,,,ユネ,Yune,,女,,,Galgame,Galgame,アメイジング・グレイス -What color is your attribute?-,,2018,Galgame,,"Our protagonist Shuu’s classmate, destined to become one of his closest associates. She’s a vocal chameleon, skilled at mimicry and changing the tone of her voice. [From Steam]",574,0,574,0,,https://t.vndb.org/ch/30/89530.jpg,https://t.vndb.org/ch/30/89530.jpg,,#927ea1 #d5abba #cec8e0 #ece4eb #f7f5f6 #ffffff,Blue Twin Tails Waist Length+ Straight Teen Slim Pale School Uniform Missionary Cowgirl,,,https://vndb.org/c72807,
al85949,anilist,12,25,,,松岡江,Gou Matsuoka,Kou ,女,,16,动画,动画,Free!,,2013,动画,"[{""t"":""Free!"",""cn"":"""",""ty"":""动画"",""y"":2013,""pop"":183363},{""t"":""Free!-Eternal Summer-"",""cn"":"""",""ty"":""动画"",""y"":2014,""pop"":87637},{""t"":""Free!-Dive to the Future-"",""cn"":"""",""ty"":""动画"",""y"":2018,""pop"":56184},{""t"":""特別版 Free!-Take Your Marks-"",""cn"":"""",""ty"":""动画"",""y"":2017,""pop"":26074},{""t"":""劇場版 Free!–the Final Stroke– 前編"",""cn"":"""",""ty"":""动画"",""y"":2021,""pop"":24568},{""t"":""Free!-Eternal Summer- 禁断のオールハード！"",""cn"":"""",""ty"":""动画"",""y"":2015,""pop"":16864}]",[Rin Matsuoka](//anilist.co/character/83019/Matsuoka-Rin)’s little sister. She's [Hazuki](//anilist.co/character/83021/Hazuki-Nagisa)'s classmate and 1st-year in Iwatobi high school.,567,567,0,0,,https://s4.anilist.co/file/anilistcdn/character/large/b85949-Bq21gQmHapYc.png,https://s4.anilist.co/file/anilistcdn/character/medium/b85949-Bq21gQmHapYc.png,,,,https://anilist.co/character/85949,,,
al56861,anilist,12,25,,,川渕千太郎,Sentarou Kawabuchi,,男,,15,动画|漫画,动画,坂道のアポロン,,2012,动画,"[{""t"":""坂道のアポロン"",""cn"":"""",""ty"":""动画"",""y"":2012,""pop"":96542},{""t"":""坂道のアポロン"",""cn"":"""",""ty"":""漫画"",""y"":2007,""pop"":9925},{""t"":""坂道のアポロン BONUS TRACK"",""cn"":"""",""ty"":""漫画"",""y"":2012,""pop"":1844},{""t"":""坂道のアポロン Official Fan Book"",""cn"":"""",""ty"":""漫画"",""y"":2012,""pop"":125}]","1st Year Highschool Student 193 cm (6'3"") Sentaro is a wild 1st-year high school student who meets incoming student Kaoru at Higashi High School. Sentaro is mistakenly thought of as a thug by his peers, who fear him.",558,558,0,0,,https://s4.anilist.co/file/anilistcdn/character/large/b56861-SsUcdUrolppq.jpg,https://s4.anilist.co/file/anilistcdn/character/medium/b56861-SsUcdUrolppq.jpg,,,,https://anilist.co/character/56861,,,
al133661,anilist,12,25,,,キャロル・ステンリー,Carole Stanley,,女,,17,动画|漫画,动画,キャロル＆チューズデイ,,2019,动画,"[{""t"":""キャロル＆チューズデイ"",""cn"":"""",""ty"":""动画"",""y"":2019,""pop"":102595},{""t"":""きゃろる＆ちゅーずでい"",""cn"":"""",""ty"":""动画"",""y"":2019,""pop"":2664},{""t"":""キャロル＆チューズデイ"",""cn"":"""",""ty"":""漫画"",""y"":2019,""pop"":1669}]","[Nai Br.XX](//anilist.co/staff/139884/Nai-BrXX) An outgoing orphaned girl from Earth trying to survive in Alba City by working multiple (short-lived) part-time jobs, while pursuing her dream of becoming a musician.",554,554,0,0,,https://s4.anilist.co/file/anilistcdn/character/large/b133661-7btserM6DQy2.jpg,https://s4.anilist.co/file/anilistcdn/character/medium/b133661-7btserM6DQy2.jpg,,,,https://anilist.co/character/133661,,,
vndb-c77878,vndb,12,25,,,佐倉 雨音,Sakura Rein,,女,AB,,Galgame,Galgame,月の彼方で逢いましょう,,2019,Galgame,"[{""t"":""月の彼方で逢いましょう"",""cn"":"""",""ty"":""Galgame"",""y"":2019,""pop"":481},{""t"":""月の彼方で逢いましょう SweetSummerRainbow"",""cn"":"""",""ty"":""Galgame"",""y"":2020,""pop"":151}]","Liked Bagels Disliked Tomatoes, carrots, bell peppers A girl in the same year as the main character at his school. She’s a blonde girl who’s half-American from her father’s side.",481,0,481,0,,https://t.vndb.org/ch/35/98935.jpg,https://t.vndb.org/ch/35/98935.jpg,,#a7b3dd #eabbb7 #f0ded5 #f8f0e9 #fbfbf9,Blond Twin Tails Waist Length+ Straight Teen Slim Pale School Uniform Sweater Orphan,,,https://vndb.org/c77878,
vndb-c19163,vndb,12,25,,,真部 しずく,Manabe Shizuku,,女,O,,Galgame,Galgame,こいいろ Chu!Lips,,2006,Galgame,,Haruka's beautiful and kind 2nd year homeroom teacher. She is very popular with the boys in school and belongs to a rich family .,446,0,446,0,,https://t.vndb.org/ch/65/23865.jpg,https://t.vndb.org/ch/65/23865.jpg,,#603a49 #8b89a1 #fbf6ea #cbc2c7 #e1e5ee #ffffff,Long Slim Pale Cooking Missionary Blowjob Virgin Sex Violet Young-adult Glasses,,,https://vndb.org/c19163,
al230874,anilist,12,25,,,温水和彦,Kazuhiko Nukumizu,,男,,,动画|漫画|轻小说,动画,負けヒロインが多すぎる！,,2024,动画,"[{""t"":""負けヒロインが多すぎる！"",""cn"":"""",""ty"":""动画"",""y"":2024,""pop"":131622},{""t"":""負けヒロインが多すぎる！第2期"",""cn"":"""",""ty"":""动画"",""y"":"""",""pop"":22998},{""t"":""負けヒロインが多すぎる！@comic"",""cn"":"""",""ty"":""漫画"",""y"":2022,""pop"":6245},{""t"":""負けヒロインが多すぎる！"",""cn"":"""",""ty"":""轻小说"",""y"":2021,""pop"":4514},{""t"":""負けヒロインが多すぎる！　ＳＳＳ"",""cn"":"""",""ty"":""轻小说"",""y"":2024,""pop"":121}]",Kazuhiko is a student in Class 1-C at Tsuwabuki High School and the president of the Literature Club. He is fairly intelligent and quite experienced in handling girls' issues due to taking care of his little sister.,428,428,0,0,,https://s4.anilist.co/file/anilistcdn/character/large/b230874-fygp5vwmaW7K.png,https://s4.anilist.co/file/anilistcdn/character/medium/b230874-fygp5vwmaW7K.png,,,,https://anilist.co/character/230874,,,
al23496,anilist,12,25,,,ニンフ,Nymph,Beta / にんふ,女,,,动画|漫画,动画,そらのおとしもの,,2009,动画,"[{""t"":""そらのおとしもの"",""cn"":"""",""ty"":""动画"",""y"":2009,""pop"":94392},{""t"":""そらのおとしものf（フォルテ）"",""cn"":"""",""ty"":""动画"",""y"":2010,""pop"":52035},{""t"":""劇場版 そらのおとしもの 時計じかけの哀女神（エンジェロイド）"",""cn"":"""",""ty"":""动画"",""y"":2011,""pop"":27829},{""t"":""そらのおとしもの"",""cn"":"""",""ty"":""动画"",""y"":2010,""pop"":21764},{""t"":""そらのおとしものＦｉｎａｌ永遠の私の鳥籠［エターナルマイマスター］"",""cn"":"""",""ty"":""动画"",""y"":2014,""pop"":20660},{""t"":""そらのおとしもの"",""cn"":"""",""ty"":""漫画"",""y"":2007,""pop"":10924}]","139 cm Electronic Warfare Angeloid The second mysterious angel that descends from the sky who possesses transparent wings shining in seven different colors. She has a selfish personality, and at times, she has a tsundere nature.",408,408,0,0,,https://s4.anilist.co/file/anilistcdn/character/large/b23496-I31MUgD2E9Dq.png,https://s4.anilist.co/file/anilistcdn/character/medium/b23496-I31MUgD2E9Dq.png,,,,https://anilist.co/character/23496,,,
vndb-c88826,vndb,12,25,,,ムーラン・ロゼ,Mulan Rosé,,女,,,Galgame,Galgame,NG,,2018,Galgame,,"A magician, her real name, age, and career are unknown. She's interested in spirit cases and those involved, and often quietly shows up at the Black Rabbit unexpectedly.",399,0,399,0,,https://t.vndb.org/ch/87/107387.jpg,https://t.vndb.org/ch/87/107387.jpg,,#615048 #978881 #241f1d #efdad5 #b3aeac #cec8c7,Blond Brown Magician Black Red Young-adult Death Refined Wealthy Flirting,,,https://vndb.org/c88826,
vndb-c72526,vndb,12,25,,,柊 白亜,Hiiragi Hakua,,女,AB,,Galgame,Galgame,出会って5分は俺のもの！ 時間停止と不可避な運命,,2018,Galgame,,A third-year student who is classmates with Kanon. Hakua is the one who gives Yuuma the Atropos Watch at the beginning of the story.,389,0,389,0,,https://t.vndb.org/ch/08/87808.jpg,https://t.vndb.org/ch/08/87808.jpg,,#4b4b94 #aca4ad #d9cfce #f1ece5 #f7f6f6 #ffffff,White Ahoge Straight Teen Slim Pale Missionary Doggy Style Cowgirl Sixty-nine,,,https://vndb.org/c72526,
vndb-c45456,vndb,12,25,,,碧衣 愁,Aoi Suu,,女,A,,Galgame,Galgame,フローラル・フローラブ,,2016,Galgame,,Knitting,379,0,379,0,,https://t.vndb.org/ch/80/54780.jpg,https://t.vndb.org/ch/80/54780.jpg,,#6e4053 #c1858a #d8c2ba #ede3dc #f7f3ed #ffffff,Blond Long Wavy Curtained Slim Pale Blowjob Virgin Sex Blue Young-adult,,,https://vndb.org/c45456,
vndb-c33527,vndb,12,25,,,鷹岡 祥子,Takaoka Sachiko,,女,B,,Galgame,Galgame,きみはね 彼女と彼女の恋する１ヶ月,,2015,Galgame,"[{""t"":""きみはね 彼女と彼女の恋する１ヶ月"",""cn"":"""",""ty"":""Galgame"",""y"":2015,""pop"":362},{""t"":""きみはねCouples ～彼女と彼女の恋する二ヶ月ちょっと～"",""cn"":"""",""ty"":""Galgame"",""y"":2019,""pop"":199}]","""Wanna model for me? If you do it nude, I'll throw in another 10,000!"" A half-ass. Carefree, footloose, and uninhibited. She's in charge of the dorm, but doesn’t take the job too seriously, sending the students to buy her cigarettes and suc…",362,0,362,0,,https://t.vndb.org/ch/14/96314.jpg,https://t.vndb.org/ch/14/96314.jpg,,#a19688 #dac7bd #f2e7db #4b4b4f #f6f4f3 #ffffff,Ponytail Waist Length+ Straight Slim Pale Black Young-adult Jacket Jeans Sports Shoes,,,https://vndb.org/c33527,
vndb-c123613,vndb,12,25,,,高村 椿,Takamura Tsubaki,,女,B,,Galgame,Galgame,サクラ大戦,,1996,Galgame,"[{""t"":""サクラ大戦"",""cn"":"""",""ty"":""Galgame"",""y"":1996,""pop"":356},{""t"":""サクラ大戦２～君、死にたもうことなかれ～"",""cn"":"""",""ty"":""Galgame"",""y"":1998,""pop"":163},{""t"":""サクラ大戦4 ～恋せよ乙女～"",""cn"":"""",""ty"":""Galgame"",""y"":2002,""pop"":68}]",,356,0,356,0,,https://t.vndb.org/ch/64/145564.jpg,https://t.vndb.org/ch/64/145564.jpg,,#c04835 #812a28 #361b1f #a59a8b #e5dabd #605553,Brown Bob Cut Curtained Short Brown Teen Kimono Soldier Military Uniform Energetic,,,https://vndb.org/c123613,
vndb-c90539,vndb,12,25,,,,Kaori Kadowaki,Queen of Spiders / Mistress of the Dark / Goddess of Gluttony,女,,,Galgame,Galgame,Lessons in Love,,2022,Galgame,,A mysterious girl with a case of Chuunibyou who keeps showing up in random places.,342,0,342,0,,https://t.vndb.org/ch/93/109193.jpg,https://t.vndb.org/ch/93/109193.jpg,,#251425 #6a515d #bfa2a3 #ecd6d4 #f3eeef #fefeff,Black Twin Tails Long Pale Amnesia Cowgirl Amber Blue Tattoo Outgoing,,,https://vndb.org/c90539,
vndb-c37474,vndb,12,25,,,ヴィルフリート・フォン・アイヒベルガー,Wilfried von Eichberger,,男,,,Galgame,Galgame,マブラヴ オルタネイティヴ クロニクルズ 憧憬,,2011,Galgame,,,337,0,337,0,,https://t.vndb.org/ch/68/52968.jpg,https://t.vndb.org/ch/68/52968.jpg,,#3a3a3e #b1aba9 #726f70 #d4d3d5 #ececed #ffffff,White Shoulder-length Straight Hero Fighting Amber Young-adult Muscular Olive Necktie,,,https://vndb.org/c37474,
al295642,anilist,12,25,,,ノエル・シュトーレン,Noel Stollen,Snake / Demon / Rookie Giant-Killer,男,,,动画|漫画|轻小说,动画,最凶の支援職【話術士】である俺は世界最強クランを従える,,2024,动画,"[{""t"":""最凶の支援職【話術士】である俺は世界最強クランを従える"",""cn"":"""",""ty"":""动画"",""y"":2024,""pop"":56644},{""t"":""最凶の支援職【話術士】である俺は世界最強クランを従える"",""cn"":"""",""ty"":""漫画"",""y"":2020,""pop"":8648},{""t"":""最凶の支援職【話術士】である俺は世界最強クランを従える"",""cn"":"""",""ty"":""轻小说"",""y"":2020,""pop"":758}]","Talker The Blue Beyond ~! Tactician Wild Tempest!~ Following in the footsteps of his heroic grandfather, he aims to be the ""Strongest Seeker"". However, his job is ""Talker"" which is regarded as the weakest.",327,327,0,0,,https://s4.anilist.co/file/anilistcdn/character/large/b295642-av5p13ENw6wn.png,https://s4.anilist.co/file/anilistcdn/character/medium/b295642-av5p13ENw6wn.png,,,,https://anilist.co/character/295642,,,
al137262,anilist,12,25,,,ヌルガイ,Nurugai,,女,,12,动画|漫画,动画,地獄楽,地狱乐,2023,动画,"[{""t"":""地獄楽"",""cn"":""地狱乐"",""ty"":""动画"",""y"":2023,""pop"":361565},{""t"":""地獄楽 第二期"",""cn"":""地狱乐 第二季"",""ty"":""动画"",""y"":2026,""pop"":172967},{""t"":""地獄楽"",""cn"":""地狱乐"",""ty"":""漫画"",""y"":2018,""pop"":97961}]","138 cm Human Water Nurugai is the last remaining member of the Sanka and a wrongly convicted death-row criminal. Her assigned monitor is [Tenza](//anilist.co/character/137265/Tenza). Nurugai looks down on samurai, viewing them as stupid.",323,323,0,0,,https://s4.anilist.co/file/anilistcdn/character/large/b137262-frEjtAk5zYRV.png,https://s4.anilist.co/file/anilistcdn/character/medium/b137262-frEjtAk5zYRV.png,,,,https://anilist.co/character/137262,,,
vndb-c74851,vndb,12,25,,,濟呀 來,Nasuga Kirai,,男,B,,Galgame,Galgame,1bitHeart,,2015,Galgame,,"A pretty smart boy. Ex-hacker. Stopped going to grade school, finding no point in study. Terrifyingly knowledgeable about programming. Has an older brother, but dislikes him.",316,0,316,0,,https://t.vndb.org/ch/13/90613.jpg,https://t.vndb.org/ch/13/90613.jpg,,#b76d5d #d5856c #954f55 #783645 #401c3a #dec5cc,Black White White Kid Friend Hacker Smart Multicolored Younger Brother Antagonist,,,https://vndb.org/c74851,
vndb-c14190,vndb,12,25,,,水坂 美樹,Mizusaka Miki,Miki-rin,女,,,Galgame,Galgame,fortissimo EXS//Akkord:nächsten Phase,,2012,Galgame,"[{""t"":""fortissimo EXS//Akkord:nächsten Phase"",""cn"":"""",""ty"":""Galgame"",""y"":2012,""pop"":303},{""t"":""fortissimo//Akkord:Bsusvier"",""cn"":"""",""ty"":""Galgame"",""y"":2010,""pop"":146},{""t"":""Kadenz fermata//Akkord:fortissimo"",""cn"":"""",""ty"":""Galgame"",""y"":2014,""pop"":74}]",fortissimo//nächsten Phase Description A girl who was Reiji's childhood friend and his former classmate. [Translated from Getchu],303,0,303,0,,https://t.vndb.org/ch/56/40856.jpg,https://t.vndb.org/ch/56/40856.jpg,,#9089a9 #584357 #c2b8c5 #f6f4ef #e3dfdf #ffffff,Blue Waist Length+ Straight Teen Slim Pale School Uniform Cowgirl Blowjob Blue,,,https://vndb.org/c14190,
vndb-c88433,vndb,12,25,,,景 萧然,Jin Shouzen,Michael Jackson,男,,,Galgame,Galgame,Christmas Tina ‐泡沫冬景‐,,2019,Galgame,,He failed his university entrance exams in China and went to Japan. What surprises him the most during his time there is the cost of living. A day of part-time work in Japan earns more than a month of salaried work in China.,302,0,302,0,,https://t.vndb.org/ch/29/111929.jpg,https://t.vndb.org/ch/29/111929.jpg,,#686774 #ae9f9a #e8ddc9 #ffffff,Black Ahoge Short Uniform Hard Worker Black Young-adult Nephew Cousin Cook,,,https://vndb.org/c88433,
al157108,anilist,12,25,,,澪,Mio,Miocchi / Mio (ミオ),女,,30,动画|轻小说,动画,デート・ア・ライブIV,,2022,动画,"[{""t"":""デート・ア・ライブIV"",""cn"":"""",""ty"":""动画"",""y"":2022,""pop"":82341},{""t"":""デート・ア・ライブV"",""cn"":"""",""ty"":""动画"",""y"":2024,""pop"":48048},{""t"":""デート・ア・ライブ"",""cn"":""约会大作战"",""ty"":""轻小说"",""y"":2011,""pop"":7701},{""t"":""デート・ア・ライブF Last Date"",""cn"":"""",""ty"":""动画"",""y"":"""",""pop"":7003}]","~!The First Spirit was the first Spirit to ever make an appearance on Earth. 30 years before the beginning of the events in Date A Live, she was summoned into the world by Sir Isaac Ray Pelham Westcott, Ellen Mira Mathers, and Elliot Baldwi…",291,291,0,0,,https://s4.anilist.co/file/anilistcdn/character/large/b157108-di5sIuGgR8Tv.jpg,https://s4.anilist.co/file/anilistcdn/character/medium/b157108-di5sIuGgR8Tv.jpg,,,,https://anilist.co/character/157108,,,
al209019,anilist,12,25,,,鍵浦昭,Akira Kagiura,,男,AB,,动画|漫画,动画,佐々木と宮野,,2022,动画,"[{""t"":""佐々木と宮野"",""cn"":"""",""ty"":""动画"",""y"":2022,""pop"":81147},{""t"":""佐々木と宮野ー卒業編ー"",""cn"":"""",""ty"":""动画"",""y"":2023,""pop"":25721},{""t"":""佐々木と宮野"",""cn"":"""",""ty"":""漫画"",""y"":2016,""pop"":20478},{""t"":""佐々木と宮野 恋に気づく前のちょっとした話。"",""cn"":"""",""ty"":""动画"",""y"":2022,""pop"":14892},{""t"":""平野と鍵浦"",""cn"":"""",""ty"":""动画"",""y"":2023,""pop"":10687},{""t"":""平野と鍵浦"",""cn"":"""",""ty"":""漫画"",""y"":2019,""pop"":8108}]",He's [Hirano](//anilist.co/character/209018/Hirano-Taiga)'s roommate. He's part of the basketball team and is in love with Hirano.,283,283,0,0,,https://s4.anilist.co/file/anilistcdn/character/large/b209019-5vVZOPZKpHqy.jpg,https://s4.anilist.co/file/anilistcdn/character/medium/b209019-5vVZOPZKpHqy.jpg,,,,https://anilist.co/character/209019,,,
vndb-c11709,vndb,12,25,,,西野 冬彦,Nishino Fuyuhiko,冬っち / Fuyucchi,男,,,Galgame,Galgame,あかね色に染まる坂,,2007,Galgame,,"Nishino is Jun'ichi's best friend and is also a second year student in the same class as Jun'ichi. He is full of strange ideas that often put Jun'ichi into trouble, and is very close to Tsukasa being in very much the same line of thinking w…",272,0,272,0,,https://t.vndb.org/ch/97/18097.jpg,https://t.vndb.org/ch/97/18097.jpg,,#bc9084 #755958 #d5f8c7 #e8f5e3 #b9c2c8 #fdfefd,Blue White Short Teen Slim Pale Sweater Trousers Blue Coat,,,https://vndb.org/c11709,
vndb-c157593,vndb,12,25,,,御凪 直政,Minagi Naomasa,,男,A,,Galgame,Galgame,嘘から始まる恋の夏,,2023,Galgame,,,240,0,240,0,,https://t.vndb.org/ch/55/185355.jpg,https://t.vndb.org/ch/55/185355.jpg,,#424660 #858ba2 #c2b2ad #ebe2db #fdfdfe,Black Short Violet Domestic Violence Father Strict,,,https://vndb.org/c157593,
al47241,anilist,12,25,,,海棠零,Ren Kaidou,,男,,8-,动画|漫画,动画,スーパーラヴァーズ,,2016,动画,"[{""t"":""スーパーラヴァーズ"",""cn"":"""",""ty"":""动画"",""y"":2016,""pop"":29806},{""t"":""スーパーラヴァーズ 2"",""cn"":"""",""ty"":""动画"",""y"":2017,""pop"":18050},{""t"":""スーパーラヴァーズ OVA"",""cn"":"""",""ty"":""动画"",""y"":2017,""pop"":5942},{""t"":""SUPER LOVERS"",""cn"":"""",""ty"":""漫画"",""y"":2009,""pop"":3747}]","Ren is a hardworking, honest, straightforward and trustworthy child. He has an affinity for dogs and a strange obsession with rice. He is currently living with Haru and his brothers, twins Aki and Shima.",240,240,0,0,,https://s4.anilist.co/file/anilistcdn/character/large/b47241-D7YQRitJkn5n.jpg,https://s4.anilist.co/file/anilistcdn/character/medium/b47241-D7YQRitJkn5n.jpg,,,,https://anilist.co/character/47241,,,
vndb-c3405,vndb,12,25,,,ロロット・ローゼンクロイツ,Lolotte Rozenkrutz,,女,B,,Galgame,Galgame,ティンクル☆くるせいだーす,,2008,Galgame,"[{""t"":""ティンクル☆くるせいだーす"",""cn"":"""",""ty"":""Galgame"",""y"":2008,""pop"":214},{""t"":""ティンクル☆くるせいだーす -Passion Star Stream-"",""cn"":"""",""ty"":""Galgame"",""y"":2012,""pop"":106},{""t"":""ティンクル☆くるせいだーす ミラクルディスク"",""cn"":"""",""ty"":""Galgame"",""y"":2008,""pop"":32}]","Favorite Hamburger, curry, children's lunches (and the bonuses that come with them) Disliked Carrots, peppers (is training to be able to eat them!) Saving money, volunteer work Good handwriting 1st-year student and the student council's sec…",214,0,214,0,,https://t.vndb.org/ch/20/5420.jpg,https://t.vndb.org/ch/20/5420.jpg,,#b69092 #dbc0b9 #f1e6dc #fdfbe8 #ffffff,Blond Waist Length+ Straight Teen Slim Pale School Uniform Fighting Doggy Style Cowgirl,,,https://vndb.org/c3405,
vndb-c25999,vndb,12,25,,,楠川 鈴音,Kusukawa Suzune,,女,O,,Galgame,Galgame,P/A ~Potential Ability~,,2014,Galgame,,"She is incredibly curious, and her body has developed while her mind remains childlike. She is a girl who is still a kid at heart.",208,0,208,0,,https://t.vndb.org/ch/63/39763.jpg,https://t.vndb.org/ch/63/39763.jpg,,#883846 #cb8e90 #edd5b5 #f8e7e1 #fcfcfc,Pink Long Wavy Pale School Uniform Standing Sex Blowjob Sex with Others Young-adult Mini-dress,,,https://vndb.org/c25999,
vndb-c32848,vndb,12,25,,,市位 魔菜,Ichii Mana,,女,,,Galgame,Galgame,毎日しゃぶっていいですか？ ～1部屋-魔乳家族～,,2012,Galgame,,"The mother who supports the Ichii household. Or so she should be, but she rarely acts like a mother, leaving household chores to the protagonist and others.",200,0,200,0,1,https://t.vndb.org/ch/99/39299.jpg,https://t.vndb.org/ch/99/39299.jpg,,#473333 #8d7672 #cfbab7 #f2e3dd #f7f2ef #ffffff,Black Brown Doggy Style Cowgirl Adult Dark Arm Warmers Lazy Carefree Mother,,,https://vndb.org/c32848,
al122640,anilist,12,25,,,ララ,Lala,,女,,,动画|漫画,动画,モンスター娘のいる日常,,2015,动画,"[{""t"":""モンスター娘のいる日常"",""cn"":"""",""ty"":""动画"",""y"":2015,""pop"":170923},{""t"":""モンスター娘のいる日常SP"",""cn"":"""",""ty"":""动画"",""y"":2016,""pop"":30063},{""t"":""モンスター娘のいる日常"",""cn"":"""",""ty"":""漫画"",""y"":2012,""pop"":21336},{""t"":""モンスター娘のいる日常 ほぼ毎日○○！生っぽい動画"",""cn"":"""",""ty"":""动画"",""y"":2015,""pop"":16791}]","Dullahan Lala is the seventh resident of Kimihito's house. ~!She is the second ""D"", which she initially denied, telling everyone she's merely there to warn Kimihito Kurusu of his impending death.!~",195,195,0,0,,https://s4.anilist.co/file/anilistcdn/character/large/b122640-FXYf54Cq5Qgf.png,https://s4.anilist.co/file/anilistcdn/character/medium/b122640-FXYf54Cq5Qgf.png,,,,https://anilist.co/character/122640,,,
al336095,anilist,12,25,,,ワークナー・ノーグラム,Workner Norgram,Remedial Teacher from Hell / Four-Eyed Fiend / Magical Creature Nut / Immortal Workner,男,,25-,动画|漫画,动画,杖と剣のウィストリア,,2024,动画,"[{""t"":""杖と剣のウィストリア"",""cn"":"""",""ty"":""动画"",""y"":2024,""pop"":175856},{""t"":""杖と剣のウィストリア Season2"",""cn"":"""",""ty"":""动画"",""y"":2026,""pop"":118642},{""t"":""杖と剣のウィストリア"",""cn"":"""",""ty"":""漫画"",""y"":2020,""pop"":18855}]","178 cm (5'10) Professor of Magizoology. As one of the few people who understands Will, he always worries when Will pushes himself too hard.",80,80,0,0,,https://s4.anilist.co/file/anilistcdn/character/large/b336095-mYa5YNguKua6.png,https://s4.anilist.co/file/anilistcdn/character/medium/b336095-mYa5YNguKua6.png,,,,https://anilist.co/character/336095,,,
al10418,anilist,12,26,,,相生祐子,Yuuko Aioi,Yukko,女,A-,,动画|漫画,动画,日常,,2011,动画,"[{""t"":""日常"",""cn"":"""",""ty"":""动画"",""y"":2011,""pop"":240795},{""t"":""日常の0話"",""cn"":"""",""ty"":""动画"",""y"":2011,""pop"":28887},{""t"":""日常"",""cn"":"""",""ty"":""漫画"",""y"":2006,""pop"":16981},{""t"":""ヘルベチカスタンダード"",""cn"":"""",""ty"":""漫画"",""y"":2011,""pop"":2231},{""t"":""あらゐけいいち短編"",""cn"":"""",""ty"":""动画"",""y"":2020,""pop"":454}]",An energetic high school girl with short brown hair. One of her negative sides is that she is often too lazy to do her own homework and always copies from either [Mio](//anilist.co/character/40081) or [Mai](//anilist.co/character/10421).,1865,1865,0,0,,https://s4.anilist.co/file/anilistcdn/character/large/b10418-nDUxYpR4dpmA.png,https://s4.anilist.co/file/anilistcdn/character/medium/b10418-nDUxYpR4dpmA.png,,,,https://anilist.co/character/10418,,,
al13835,anilist,12,26,,,オズ・ベザリウス,Oz Vessalius,,男,O,15-25,动画|漫画|轻小说,动画,パンドラハーツ,,2009,动画,"[{""t"":""パンドラハーツ"",""cn"":"""",""ty"":""动画"",""y"":2009,""pop"":75259},{""t"":""パンドラハーツ"",""cn"":"""",""ty"":""漫画"",""y"":2006,""pop"":57281},{""t"":""パンドラハーツ スペシャル"",""cn"":"""",""ty"":""动画"",""y"":2009,""pop"":7239},{""t"":""PandoraHearts ～Caucus race～"",""cn"":"""",""ty"":""轻小说"",""y"":2011,""pop"":1233},{""t"":""Gilbert in Wonderland"",""cn"":"""",""ty"":""漫画"",""y"":2009,""pop"":839}]","164 cm (5'4"") ~! 25 (Legal Age)!~ A 15-year-old boy with blond hair and green eyes from the prestigious Vessalius family, whose father is the reigning lord.",1726,1726,0,0,,https://s4.anilist.co/file/anilistcdn/character/large/b13835-1H8HQb47woJH.png,https://s4.anilist.co/file/anilistcdn/character/medium/b13835-1H8HQb47woJH.png,,,,https://anilist.co/character/13835,,,
vndb-c94434,vndb,12,26,,,セレス,Ceres,Death / Maiden of Death / Princess / Reaper,女,A,,Galgame,Galgame,終遠のヴィルシュ -ErroR:salvation-,,2021,Galgame,"[{""t"":""終遠のヴィルシュ -ErroR:salvation-"",""cn"":"""",""ty"":""Galgame"",""y"":2021,""pop"":674},{""t"":""終遠のヴィルシュ -EpiC:lycoris-"",""cn"":"""",""ty"":""Galgame"",""y"":2023,""pop"":170}]","""Dear God... I... I have killed so many people..."" Parting from her fate to kill. The game's heroine. She has been an orphan for as long as she can remember.",674,0,674,0,,https://t.vndb.org/ch/60/117060.jpg,https://t.vndb.org/ch/60/117060.jpg,,#3d0f19 #b69a7b #48292b #73574a #e9dac4 #29201e,Blond Ponytail Bob Cut Long Straight Teen Slim Pale Proactive Hard Worker,,,https://vndb.org/c94434,
vndb-c46907,vndb,12,26,,,,Ashton Frey,Ash / Ash-hole / Ash Lee / Feathers,男,,,Galgame,Galgame,The Letter,,2017,Galgame,"[{""t"":""The Letter"",""cn"":"""",""ty"":""Galgame"",""y"":2017,""pop"":544},{""t"":""The Diary"",""cn"":"""",""ty"":""Galgame"",""y"":2016,""pop"":16}]","Cool and distant is how people would describe Ashton at first. But to those who know him, they would call him easy-going and reliable.",544,0,544,0,,https://t.vndb.org/ch/49/56349.jpg,https://t.vndb.org/ch/49/56349.jpg,,#703443 #200d0f #847e9b #332532 #060506 #d2cddb,Black Ponytail Shoulder-length Slim Pale Trousers Proactive Donkan Blue Young-adult,,,https://vndb.org/c46907,
al121167,anilist,12,26,,,影片みか,Mika Kagehira,Mikarin / Shu's favorite kid,男,,17-18,动画|轻小说,动画,あんさんぶるスターズ！,,2019,动画,"[{""t"":""あんさんぶるスターズ！"",""cn"":"""",""ty"":""动画"",""y"":2019,""pop"":20294},{""t"":""あんさんぶるスターズ！！ 5th Anniversary ANIMATION PV"",""cn"":"""",""ty"":""动画"",""y"":2021,""pop"":1221},{""t"":""あんさんぶるスターズ！"",""cn"":"""",""ty"":""轻小说"",""y"":2015,""pop"":189}]","Valkyrie Handicraft Club Pretty 5, Keito Lecture Mika admires Shu Itsuki's artwork, but is now in pursuit of his own personal art form.",514,514,0,0,,https://s4.anilist.co/file/anilistcdn/character/large/b121167-sKkSCMtXiioP.png,https://s4.anilist.co/file/anilistcdn/character/medium/b121167-sKkSCMtXiioP.png,,,,https://anilist.co/character/121167,,,
al42635,anilist,12,26,,,高尾部長,Takao,Takao-buchou,女,,,动画|漫画,动画,ディーふらぐ!,,2014,动画,"[{""t"":""ディーふらぐ!"",""cn"":"""",""ty"":""动画"",""y"":2014,""pop"":87931},{""t"":""ディーふらぐ!"",""cn"":"""",""ty"":""漫画"",""y"":2008,""pop"":9807}]","President of the ""real"" Game Creation Club with no known first name. Friends with Roka, even though she left and started her own Game Creation Club on negative terms.",462,462,0,0,,https://s4.anilist.co/file/anilistcdn/character/large/42635-fr0dFvY0H0Hd.png,https://s4.anilist.co/file/anilistcdn/character/medium/42635-fr0dFvY0H0Hd.png,,,,https://anilist.co/character/42635,,,
al67331,anilist,12,26,,,縁下力,Chikara Ennoshita,,男,,16,动画|漫画,动画,ハイキュー!!,排球少年!!,2014,动画,"[{""t"":""ハイキュー!!"",""cn"":""排球少年!!"",""ty"":""动画"",""y"":2014,""pop"":583268},{""t"":""ハイキュー!! セカンドシーズン"",""cn"":""排球少年 第二季"",""ty"":""动画"",""y"":2015,""pop"":398770},{""t"":""ハイキュー!! 烏野高校 VS 白鳥沢学園高校"",""cn"":""排球少年 乌野高校 VS 白鸟泽学园高校"",""ty"":""动画"",""y"":2016,""pop"":362356},{""t"":""ハイキュー!! TO THE TOP"",""cn"":""排球少年 TO THE TOP"",""ty"":""动画"",""y"":2020,""pop"":293887},{""t"":""ハイキュー!! TO THE TOP 2"",""cn"":"""",""ty"":""动画"",""y"":2020,""pop"":255078},{""t"":""ハイキュー！！"",""cn"":""排球少年!!"",""ty"":""漫画"",""y"":2012,""pop"":101913}]","Karasuno High 175.4 cm 2nd year, class 4 Wing Spiker Ennoshita seems quiet and reserved but can behave boldly towards the other 2nd years. He's smart and hasn't received a failing mark before. Similarly to Sugawara, he is always smiling.",451,451,0,0,,https://s4.anilist.co/file/anilistcdn/character/large/n67331-skTD3AJ7jrWr.png,https://s4.anilist.co/file/anilistcdn/character/medium/n67331-skTD3AJ7jrWr.png,,,,https://anilist.co/character/67331,,,
al191673,anilist,12,26,,,薬院次郎,Jirou Yakuin,Virgin-kun / Hunchback,男,,,动画|漫画,动画,夫婦以上、恋人未満。,夫妇以上，恋人未满,2022,动画,"[{""t"":""夫婦以上、恋人未満。"",""cn"":""夫妇以上，恋人未满"",""ty"":""动画"",""y"":2022,""pop"":165651},{""t"":""夫婦以上、恋人未満。"",""cn"":""夫妇以上，恋人未满"",""ty"":""漫画"",""y"":2018,""pop"":36678}]","Himari and Leo (Younger Cousins). Jirou Yakuin is the main protagonist, being an antisocial, pessimistic high school boy. He ends up forced to pair with [Akari Watanabe](//anilist.co/character/191672) in their school's ""Couple Practical"" co…",412,412,0,0,,https://s4.anilist.co/file/anilistcdn/character/large/b191673-eD8IFBOdAFv5.jpg,https://s4.anilist.co/file/anilistcdn/character/medium/b191673-eD8IFBOdAFv5.jpg,,,,https://anilist.co/character/191673,,,
al1262,anilist,12,26,2001,,鈴原トウジ,Touji Suzuhara,,男,,14,动画|漫画,动画,新世紀エヴァンゲリオン,新世纪福音战士,1995,动画,"[{""t"":""新世紀エヴァンゲリオン"",""cn"":""新世纪福音战士"",""ty"":""动画"",""y"":1995,""pop"":494637},{""t"":""ヱヴァンゲリヲン新劇場版:序"",""cn"":""福音战士新剧场版：序"",""ty"":""动画"",""y"":2007,""pop"":144872},{""t"":""ヱヴァンゲリヲン新劇場版:破"",""cn"":""福音战士新剧场版：破"",""ty"":""动画"",""y"":2009,""pop"":134199},{""t"":""シン・エヴァンゲリオン劇場版:||"",""cn"":"""",""ty"":""动画"",""y"":2021,""pop"":117586},{""t"":""新世紀エヴァンゲリオン劇場版 シト新生"",""cn"":""新世纪福音战士剧场版 死与新生"",""ty"":""动画"",""y"":1997,""pop"":61824},{""t"":""新世紀エヴァンゲリオン"",""cn"":""新世纪福音战士"",""ty"":""漫画"",""y"":1994,""pop"":38822}]","Toji is a tough boy, the stereotypical ""jock,"" and is in constant conflict with Asuka. His younger sister was injured in the battle between the third Angel, Sachiel, and Unit 01, and he beats Shinji up soon after for being indirectly respon…",308,308,0,0,,https://s4.anilist.co/file/anilistcdn/character/large/b1262-srj1373Rz8dI.png,https://s4.anilist.co/file/anilistcdn/character/medium/b1262-srj1373Rz8dI.png,,,,https://anilist.co/character/1262,,,
vndb-c42280,vndb,12,26,,,シルヴィア・クシャシンスカ,Sylwia Krzasińska,Schwarzesmarken 05 / Sylvia Kschessinska,女,,,Galgame,Galgame,シュヴァルツェスマーケン,,2015,Galgame,,Leutnant (2nd LT) Sylwia Krzasińska is a former Polish national. She has a cold attitude and is efficient in her piloting. Her Callsign is Schwarzesmarken 05. [From Muv-Luv Wiki],299,0,299,0,,https://t.vndb.org/ch/85/50785.jpg,https://t.vndb.org/ch/85/50785.jpg,,#49413c #fde3ea #e2ccd5 #a4979e #fef5f8,White Long Wavy Slim Pale Fighting Blue Young-adult Soldier Belt,,,https://vndb.org/c42280,
al15449,anilist,12,26,,,汐宮栞,Shiori Shiomiya,,女,B,17,动画|漫画,动画,神のみぞ知るセカイ,,2010,动画,"[{""t"":""神のみぞ知るセカイ"",""cn"":"""",""ty"":""动画"",""y"":2010,""pop"":135145},{""t"":""神のみぞ知るセカイⅡ"",""cn"":"""",""ty"":""动画"",""y"":2011,""pop"":77834},{""t"":""神のみぞ知るセカイ 女神篇"",""cn"":"""",""ty"":""动画"",""y"":2013,""pop"":68277},{""t"":""神のみぞ知るセカイ"",""cn"":"""",""ty"":""漫画"",""y"":2008,""pop"":25589}]",2-C 157 cm Shiori is a quiet girl who loves to read books. She is the librarian of the enormous collection of books in the school.,293,293,0,0,,https://s4.anilist.co/file/anilistcdn/character/large/b15449-50wNrBRPqVSM.png,https://s4.anilist.co/file/anilistcdn/character/medium/b15449-50wNrBRPqVSM.png,,,,https://anilist.co/character/15449,,,
al19570,anilist,12,26,,,真鍋和,Nodoka Manabe,,女,A,,动画,动画,けいおん!,轻音少女,2009,动画,"[{""t"":""けいおん!"",""cn"":""轻音少女"",""ty"":""动画"",""y"":2009,""pop"":279027},{""t"":""けいおん!!"",""cn"":""轻音少女"",""ty"":""动画"",""y"":2010,""pop"":167313},{""t"":""映画けいおん！"",""cn"":"""",""ty"":""动画"",""y"":2011,""pop"":89791},{""t"":""けいおん!「ライブハウス！」"",""cn"":"""",""ty"":""动画"",""y"":2010,""pop"":49460},{""t"":""けいおん!! 計画!"",""cn"":"""",""ty"":""动画"",""y"":2011,""pop"":40655},{""t"":""うらおん!!"",""cn"":"""",""ty"":""动画"",""y"":2010,""pop"":12228}]",**** 158 cm Nodoka is [Yui](//anilist.co/character/19565/Yui-Hirasawa)'s childhood friend and confidant who is a member of the school's student council.,277,277,0,0,,https://s4.anilist.co/file/anilistcdn/character/large/b19570-xHekFxY2MA29.png,https://s4.anilist.co/file/anilistcdn/character/medium/b19570-xHekFxY2MA29.png,,,,https://anilist.co/character/19570,,,
vndb-c79481,vndb,12,26,,,無間堂 さき,Mugendou Saki,,女,,,Galgame,Galgame,夢現Re:Master,,2019,Galgame,"[{""t"":""夢現Re:Master"",""cn"":"""",""ty"":""Galgame"",""y"":2019,""pop"":263},{""t"":""夢現Re:After"",""cn"":"""",""ty"":""Galgame"",""y"":2020,""pop"":125},{""t"":""夢現Re:Idol"",""cn"":"""",""ty"":""Galgame"",""y"":2020,""pop"":16}]","Narrative Writer Eureka Software's lead narrative writer. Always wearing headphones, Saki is a self-centered girl who doesn't listen when people talk to her and goes about things the way she feels like.",263,0,263,0,,https://t.vndb.org/ch/65/96265.jpg,https://t.vndb.org/ch/65/96265.jpg,,#863a54 #b48186 #d6b8ac #eddbce #f7f1ed #ffffff,Blond Waist Length+ Wavy Teen Pale Red Glasses Selfish Writer Swimsuit,,,https://vndb.org/c79481,
al24482,anilist,12,27,1995,奥村燐,奥村燐,Rin Okumura,Son of Satan,男,A,15-,动画|漫画,动画,青の祓魔師,青之驱魔师,2011,动画,"[{""t"":""青の祓魔師"",""cn"":""青之驱魔师"",""ty"":""动画"",""y"":2011,""pop"":461313},{""t"":""青の祓魔師 京都不浄王篇"",""cn"":""青之驱魔师 京都不净王篇"",""ty"":""动画"",""y"":2017,""pop"":178752},{""t"":""青の祓魔師 島根啓明結社篇"",""cn"":"""",""ty"":""动画"",""y"":2024,""pop"":62482},{""t"":""青の祓魔師 -劇場版-"",""cn"":""青之驱魔师 剧场版"",""ty"":""动画"",""y"":2012,""pop"":54584},{""t"":""青の祓魔師"",""cn"":""青之驱魔师"",""ty"":""漫画"",""y"":2009,""pop"":42733},{""t"":""青の祓魔師 雪ノ果篇"",""cn"":"""",""ty"":""动画"",""y"":2024,""pop"":37590}]",背负着魔神撒旦之血统的15岁少年，外表看似粗暴，实际性格温和开朗。 在受到恶魔袭击时因养父狮郎的牺牲而得救，为替养父报仇以及证明自身的存在价值而立志成为驱魔师。,6490,6490,0,184,,https://s4.anilist.co/file/anilistcdn/character/large/b24482-E6087V4uAVqL.jpg,https://s4.anilist.co/file/anilistcdn/character/medium/b24482-E6087V4uAVqL.jpg,https://lain.bgm.tv/r/400/pic/crt/l/b5/c9/10755_crt_YwoGa.jpg?r=1702557265,,,https://anilist.co/character/24482,https://bgm.tv/character/10755,,10755
al1555,anilist,12,27,,日向雏田,日向ヒナタ,Hinata Hyuuga,Byakugan Princess (白眼の姫) / Byakugan no Hime,女,A,13-16,动画|漫画,动画,NARUTO -ナルト-,火影忍者,2002,动画,"[{""t"":""NARUTO -ナルト-"",""cn"":""火影忍者"",""ty"":""动画"",""y"":2002,""pop"":725301},{""t"":""NARUTO -ナルト- 疾風伝"",""cn"":""火影忍者疾风传"",""ty"":""动画"",""y"":2007,""pop"":610025},{""t"":""BORUTO-ボルト- NARUTO NEXT GENERATIONS"",""cn"":""博人传-火影次世代-"",""ty"":""动画"",""y"":2017,""pop"":225171},{""t"":""THE LAST -NARUTO THE MOVIE-"",""cn"":""火影忍者 剧场版 终章"",""ty"":""动画"",""y"":2014,""pop"":142927},{""t"":""NARUTO -ナルト-"",""cn"":""火影忍者"",""ty"":""漫画"",""y"":1999,""pop"":99205},{""t"":""BORUTO -NARUTO THE MOVIE-"",""cn"":"""",""ty"":""动画"",""y"":2015,""pop"":98762}]",概要 第八班（紅班）の一員。 木ノ葉の名門日向一族のくノ一で、一族に伝わる血継限界『白眼』を持ち、その白眼を用いた一族秘伝の体術『柔拳』の使い手。 父親は日向ヒアシ、五歳年下の妹日向ハナビがいる。ガイ班のメンバーで分家の日向ネジは一つ年上のいとこである。母親についてはアニメにて回想でのみ登場しているが、詳細は不明。 人物 温和で控え目な優しい性格（父や従兄からは優しすぎる、忍に向かないと評される）で、気弱で引っ込み思案でもあり、よく両手の人差し指をツンツンさせる癖がある。,6439,6439,0,230,,https://s4.anilist.co/file/anilistcdn/character/large/b1555-Q41GLTV3FvYF.png,https://s4.anilist.co/file/anilistcdn/character/medium/b1555-Q41GLTV3FvYF.png,https://lain.bgm.tv/r/400/pic/crt/l/80/33/6540_crt_qNnM9.jpg,,,https://anilist.co/character/1555,https://bgm.tv/character/6540,,6540
al89221,anilist,12,27,,丽日御茶子,麗日お茶子,Ochako Uraraka,Ochaco Uraraka / Uravity (ウラビティ),女,B,15-,动画,动画,僕のヒーローアカデミア,我的英雄学院,2016,动画,"[{""t"":""僕のヒーローアカデミア"",""cn"":""我的英雄学院"",""ty"":""动画"",""y"":2016,""pop"":873712},{""t"":""僕のヒーローアカデミア２"",""cn"":"""",""ty"":""动画"",""y"":2017,""pop"":655237},{""t"":""僕のヒーローアカデミア３"",""cn"":"""",""ty"":""动画"",""y"":2018,""pop"":600666},{""t"":""僕のヒーローアカデミア４"",""cn"":"""",""ty"":""动画"",""y"":2019,""pop"":532336},{""t"":""僕のヒーローアカデミア５"",""cn"":"""",""ty"":""动画"",""y"":2021,""pop"":414683},{""t"":""僕のヒーローアカデミア６"",""cn"":"""",""ty"":""动画"",""y"":2022,""pop"":269963}]","本作的女主角。1-A班女学生,出席编号9。留着茶色波波头的女生，人如其名有着开朗明亮的性格但讲话毒舌，曾吐槽来找出久吃饭的欧鲁麦特是少女。讲话会混带一点关西腔。因为不想要再让父母辛苦工作而立志成为英雄。 入学考试以28分的杀敌分和45分的救助分名列全校第三。在入学考试开始前就对性格温柔的出久抱有好感，在入学考试中被出久所救，之后为报答救人的恩情主动要求将自己的杀敌分让给他，最后因救人的行为被给予45分的救助分。",6226,6226,0,93,,https://s4.anilist.co/file/anilistcdn/character/large/b89221-gSF2a4gPbG4m.png,https://s4.anilist.co/file/anilistcdn/character/medium/b89221-gSF2a4gPbG4m.png,https://lain.bgm.tv/r/400/pic/crt/l/c7/66/36544_crt_FX7R4.jpg?r=1469017890,,,https://anilist.co/character/89221,https://bgm.tv/character/36544,,36544
vndb-c94403,vndb,12,27,,,堀井 佐奈,Horii Sana,ホリー / Holly,女,,,Galgame,Galgame,LOOPERS,,2021,Galgame,,"An influencer who owns a channel with more than one million subscribers called ""Holly Night Channel."" She speaks in military style and does a lot of stupid challenges in her videos. Collecting hats, traveling alone around Shitamachi.",1384,0,1384,0,,https://t.vndb.org/ch/22/121322.jpg,https://t.vndb.org/ch/22/121322.jpg,,#242737 #7d7c76 #f9f3eb #e2dfdd #b8b8b6 #ffffff,Green Slim Pale Grey Young-adult Miniskirt Outgoing University Student Peaked Cap Time Loop,,,https://vndb.org/c94403,
al24734,anilist,12,27,1992,,奥村雪男,Yukio Okumura,Yuki-chan / Scaredy Four-Eyes,男,O,15-,动画|漫画,动画,青の祓魔師,青之驱魔师,2011,动画,"[{""t"":""青の祓魔師"",""cn"":""青之驱魔师"",""ty"":""动画"",""y"":2011,""pop"":461313},{""t"":""青の祓魔師 京都不浄王篇"",""cn"":""青之驱魔师 京都不净王篇"",""ty"":""动画"",""y"":2017,""pop"":178752},{""t"":""青の祓魔師 島根啓明結社篇"",""cn"":"""",""ty"":""动画"",""y"":2024,""pop"":62482},{""t"":""青の祓魔師 -劇場版-"",""cn"":""青之驱魔师 剧场版"",""ty"":""动画"",""y"":2012,""pop"":54584},{""t"":""青の祓魔師"",""cn"":""青之驱魔师"",""ty"":""漫画"",""y"":2009,""pop"":42733},{""t"":""青の祓魔師 雪ノ果篇"",""cn"":"""",""ty"":""动画"",""y"":2024,""pop"":37590}]","180 cm (5'11"") Yukio is Rin Okumura's twin and younger brother and Shiro Fujimoto's adopted son. He is a Middle First Class Exorcist who has started his training to become an Exorcist at seven by his father suggestion and, since then, gaine…",960,960,0,0,,https://s4.anilist.co/file/anilistcdn/character/large/b24734-GgVZoNAPnxoc.png,https://s4.anilist.co/file/anilistcdn/character/medium/b24734-GgVZoNAPnxoc.png,,,,https://anilist.co/character/24734,,,
vndb-c43415,vndb,12,27,,,ナタリー・デュクレール,Natalie Duclert,,女,,,Galgame,Galgame,マブラヴ オルタネイティヴ トータル・イクリプス,Muv-Luv Alternative Total Eclipse,2013,Galgame,,,597,0,597,0,,https://t.vndb.org/ch/06/52106.jpg,https://t.vndb.org/ch/06/52106.jpg,,#553526 #9c7764 #6d524b #2a1c1e #403643 #c0b5b0,Waist Length+ Slim Pale Green Waitstaff Death French Terrorist Betrayal Orange,,,https://vndb.org/c43415,
vndb-c3144,vndb,12,27,,,綾瀬 紗雪,Ayase Sayuki,,女,A,,Galgame,Galgame,your diary,,2011,Galgame,"[{""t"":""your diary"",""cn"":"""",""ty"":""Galgame"",""y"":2011,""pop"":567},{""t"":""僕の未来は、恋と課金と。～Charge To The Future～"",""cn"":"""",""ty"":""Galgame"",""y"":2019,""pop"":154}]","Sayuki is the oldest member of the group and is the head of the book club at school. She acts like a big sister to everyone else, especially Yua. She is well-known around the school.",567,0,567,0,,https://t.vndb.org/ch/62/26362.jpg,https://t.vndb.org/ch/62/26362.jpg,,#d9bfaa #988a84 #e7ddd2 #545154 #f8f7ed #ffffff,Black Hime Cut Waist Length+ Teen Slim Pale School Uniform Hard Worker Missionary Cowgirl,,,https://vndb.org/c3144,
al132947,anilist,12,27,,,ピナ,Pina,,男,B,16-18,动画|漫画,动画,BEASTARS 第2期,动物狂想曲 第二季,2021,动画,"[{""t"":""BEASTARS 第2期"",""cn"":""动物狂想曲 第二季"",""ty"":""动画"",""y"":2021,""pop"":140408},{""t"":""BEASTARS"",""cn"":""动物狂想曲"",""ty"":""漫画"",""y"":2016,""pop"":48902},{""t"":""BEASTARS FINAL SEASON Part 1"",""cn"":""动物狂想曲 最终季 第一部分"",""ty"":""动画"",""y"":2024,""pop"":42167},{""t"":""BEASTARS FINAL SEASON Part 2"",""cn"":""动物狂想曲 最终季 第二部分"",""ty"":""动画"",""y"":2026,""pop"":19747}]","174 cm (5'8"") Pina is a recurring character in Beastars. He appeared as a first-year student and a new actor in the drama club at Cherryton Academy.",419,419,0,0,,https://s4.anilist.co/file/anilistcdn/character/large/b132947-RYIRivJeF6vR.png,https://s4.anilist.co/file/anilistcdn/character/medium/b132947-RYIRivJeF6vR.png,,,,https://anilist.co/character/132947,,,
al128160,anilist,12,27,,,丸山彩,Aya Maruyama,,女,,,动画,动画,BanG Dream! 2nd Season,,2019,动画,"[{""t"":""BanG Dream! 2nd Season"",""cn"":"""",""ty"":""动画"",""y"":2019,""pop"":20664},{""t"":""BanG Dream! 3rd Season"",""cn"":"""",""ty"":""动画"",""y"":2020,""pop"":16631},{""t"":""BanG Dream! ガルパ☆ピコ"",""cn"":"""",""ty"":""动画"",""y"":2018,""pop"":10333},{""t"":""BanG Dream! ぽっぴん'どりーむ!"",""cn"":"""",""ty"":""动画"",""y"":2022,""pop"":6863},{""t"":""BanG Dream! FILM LIVE"",""cn"":"""",""ty"":""动画"",""y"":2019,""pop"":6393},{""t"":""BanG Dream! ガルパ☆ピコ~大盛り~"",""cn"":"""",""ty"":""动画"",""y"":2020,""pop"":5844}]","156 cm (5'1"") Aya is a second-year student at Hanasakigawa Girls' High School and the lead singer of Pastel*Palettes. She also works part-time at the fast food store with Kanon.",418,418,0,0,,https://s4.anilist.co/file/anilistcdn/character/large/b128160-Bfn3R7QoHCwy.png,https://s4.anilist.co/file/anilistcdn/character/medium/b128160-Bfn3R7QoHCwy.png,,,,https://anilist.co/character/128160,,,
al88953,anilist,12,27,,,西森柚咲,Yusa Kurobane,Yusa Nishimori / Yusarin,女,,,动画|漫画,动画,Charlotte(シャーロット),夏洛特,2015,动画,"[{""t"":""Charlotte(シャーロット)"",""cn"":""夏洛特"",""ty"":""动画"",""y"":2015,""pop"":433791},{""t"":""Charlotte 強い者たち"",""cn"":"""",""ty"":""动画"",""y"":2016,""pop"":62120},{""t"":""Charlotte（シャーロット）"",""cn"":""夏洛特"",""ty"":""漫画"",""y"":2015,""pop"":5281},{""t"":""Charlotte The 4コマ せーしゅんを駆け抜けろ!"",""cn"":"""",""ty"":""漫画"",""y"":2015,""pop"":539}]","Yusa is a first-year student and the vocalist for the band How-Low-Hello. She is able to speak to the dead. She uncontrollably channels her dead older sister Misa, who occasionally possesses her.",397,397,0,0,,https://s4.anilist.co/file/anilistcdn/character/large/b88953-wAWVk2jOGZqf.png,https://s4.anilist.co/file/anilistcdn/character/medium/b88953-wAWVk2jOGZqf.png,,,,https://anilist.co/character/88953,,,
vndb-c128213,vndb,12,27,,,鏡音 レン,Kagamine Len,,男,,,Galgame,Galgame,プロジェクトセカイ カラフルステージ！ feat. 初音ミク,,2020,Galgame,,"A young male virtual singer known for his tied-up blonde hair, and part of a vocalist pair with Kagamine Rin. With his powerful and impassioned singing voice, he's able to richly express a multitude of emotions through song.",212,0,212,0,,https://t.vndb.org/ch/82/154082.jpg,https://t.vndb.org/ch/82/154082.jpg,,#ead36a #d4ccbd #7d7d75 #f4eee5 #f9f8f7,Blond Ponytail Teen Slim Pale School Uniform Trousers Shirt Gloves Shorts,,,https://vndb.org/c128213,
vndb-c128214,vndb,12,27,,,鏡音 リン,Kagamine Rin,,女,,,Galgame,Galgame,プロジェクトセカイ カラフルステージ！ feat. 初音ミク,,2020,Galgame,,"A young female virtual singer known for the large bow that she wears in her blonde bob hair, and is part of a vocalist pair along with Kagamine Len. She sings with a charming voice befitting of her cute and energetic appearance.",212,0,212,0,,https://t.vndb.org/ch/83/154083.jpg,https://t.vndb.org/ch/83/154083.jpg,,#c3a959 #c5bba5 #e2dacf #f6f1eb #ffffff,Blond Bob Cut Short Teen Slim Pale Dress Shirt Shorts Singing,,,https://vndb.org/c128214,
al506,anilist,12,28,1967,言峰绮礼,言峰綺礼,Kirei Kotomine,,男,B,"28 (Fate/Zero), 38 (Fate/stay night)",动画|Galgame,动画,Fate/Zero,Fate/Zero,2011,动画,"[{""t"":""Fate/Zero"",""cn"":""Fate/Zero"",""ty"":""动画"",""y"":2011,""pop"":348087},{""t"":""Fate/stay night [Unlimited Blade Works]"",""cn"":""Fate/stay night UNLIMITED BLADE WORKS"",""ty"":""动画"",""y"":2014,""pop"":265317},{""t"":""Fate/Zero 2ndシーズン"",""cn"":"""",""ty"":""动画"",""y"":2012,""pop"":242356},{""t"":""Fate/stay night [Unlimited Blade Works] 2ndシーズン"",""cn"":""Fate/stay night [Unlimited Blade Works] 第二季"",""ty"":""动画"",""y"":2015,""pop"":204528},{""t"":""Fate/stay night"",""cn"":""Fate/stay night"",""ty"":""动画"",""y"":2006,""pop"":189194},{""t"":""Fate/stay night[Heaven's Feel] Ⅰ.presage flower"",""cn"":"""",""ty"":""动画"",""y"":2017,""pop"":145748}]",此次的圣杯战争担任监督的神父，也是教会的“代行者（Executer）”，有着言行复杂常人不能理解的地方。曾参加过上次（第四次）的圣杯战争。远坂凛的监护人及师兄，爱吃麻婆豆腐，虽是代行者，本作中并未使用过圣典（于HF线中绮礼曾提到若想与从者对战取得胜利，必须配备代行者专用武器-圣典，关于圣典使用者，可参照月姬中埋葬机关的代行者－希耶尔（Ciel（シエル））。 第四次圣杯战争中利用远坂时臣后将其杀害，最后与卫宫切嗣争夺圣杯。,19226,3594,19226,246,,https://s4.anilist.co/file/anilistcdn/character/large/b506-qeg0TqitdCMS.png,https://s4.anilist.co/file/anilistcdn/character/medium/b506-qeg0TqitdCMS.png,https://t.vndb.org/ch/44/44.jpg|https://lain.bgm.tv/r/400/pic/crt/l/d5/96/3220_crt_0bm1O.jpg?r=1514751314,,Brown Curtained Mullet Short Straight Brown Pale Trousers Dress Shoes Magician,https://anilist.co/character/506,https://bgm.tv/character/3220,https://vndb.org/c42,3220
al127518,anilist,12,28,,灶门祢豆子,竈門禰豆子,Nezuko Kamado,竈門禰?豆子 / 카마도 네즈코,女,,12-14,动画,动画,鬼滅の刃,鬼灭之刃,2019,动画,"[{""t"":""鬼滅の刃"",""cn"":""鬼灭之刃"",""ty"":""动画"",""y"":2019,""pop"":993748},{""t"":""鬼滅の刃 無限列車編"",""cn"":""鬼灭之刃 无限列车篇"",""ty"":""动画"",""y"":2020,""pop"":508224},{""t"":""鬼滅の刃 遊郭編"",""cn"":""鬼灭之刃 游郭篇"",""ty"":""动画"",""y"":2021,""pop"":483878},{""t"":""鬼滅の刃 刀鍛冶の里編"",""cn"":""鬼灭之刃 刀匠村篇"",""ty"":""动画"",""y"":2023,""pop"":372912},{""t"":""鬼滅の刃 無限列車編 (TV)"",""cn"":"""",""ty"":""动画"",""y"":2021,""pop"":360836},{""t"":""鬼滅の刃 柱稽古編"",""cn"":""鬼灭之刃 柱训练篇"",""ty"":""动画"",""y"":2024,""pop"":276674}]",炭治郎的妹妹。初登场12岁，现年14岁。 家人被鬼袭击后唯一的生还者，因鬼舞辻的血而变成了鬼。变成鬼后一度袭击哥哥炭治郎，被他唤醒了尚存的感情，压制吃人本能保护炭治郎，获得了富冈的认同。 在鬼中是特别的存在，沉睡2年，以睡眠取代吃人的饥饿感。以自力摆脱了鬼舞辻的咒缚。因鳞泷的暗示，把人类视作自己已经死去的家人，绝不加害。跟随成为剑士的炭治郎同行，一起战斗。 能自由操控身体变大变小。讨厌日光，白天都变小藏身箱子内。 在柱会议上证明了自己不会袭击人类，被当主认可作为鬼杀队的一员。,16468,16468,0,324,,https://s4.anilist.co/file/anilistcdn/character/large/b127518-NRlq1CQ1v1ro.png,https://s4.anilist.co/file/anilistcdn/character/medium/b127518-NRlq1CQ1v1ro.png,https://lain.bgm.tv/r/400/pic/crt/l/29/f6/57306_crt_EmNmM.jpg?r=1610926959,,,https://anilist.co/character/127518,https://bgm.tv/character/57306,,57306
al128299,anilist,12,28,,,鷹見啓悟,Keigo Takami,Hawks (ホークス),男,,"22 (first appearance), 23 (current)",动画|漫画,动画,僕のヒーローアカデミア４,,2019,动画,"[{""t"":""僕のヒーローアカデミア４"",""cn"":"""",""ty"":""动画"",""y"":2019,""pop"":532336},{""t"":""僕のヒーローアカデミア５"",""cn"":"""",""ty"":""动画"",""y"":2021,""pop"":414683},{""t"":""僕のヒーローアカデミア６"",""cn"":"""",""ty"":""动画"",""y"":2022,""pop"":269963},{""t"":""僕のヒーローアカデミア 7"",""cn"":"""",""ty"":""动画"",""y"":2024,""pop"":184749},{""t"":""僕のヒーローアカデミア"",""cn"":""我的英雄学院"",""ty"":""漫画"",""y"":2014,""pop"":178045},{""t"":""僕のヒーローアカデミア THE MOVIE ヒーローズ:ライジング"",""cn"":""我的英雄学院 英雄:崛起"",""ty"":""动画"",""y"":2019,""pop"":174763}]","172 cm (5' 7¾"") Pro Hero (No.3 - former, No.2 - current) Fierce Wings Hero Public Safety Commission, ~!Paranormal Liberation Front (as a spy)!~ Hawks is carefree, jovial, and dislikes formalities, often acting in a spontaneous and unpredict…",4519,4519,0,0,,https://s4.anilist.co/file/anilistcdn/character/large/b128299-eMEsWazNXE56.png,https://s4.anilist.co/file/anilistcdn/character/medium/b128299-eMEsWazNXE56.png,,,,https://anilist.co/character/128299,,,
vndb-c4020,vndb,12,28,,朝仓纯一,朝倉 純一,Asakura Jun'ichi,Junichi,男,A,,Galgame,Galgame,D.C.～ダ・カーポ～,,2002,Galgame,"[{""t"":""D.C.～ダ・カーポ～"",""cn"":"""",""ty"":""Galgame"",""y"":2002,""pop"":2562},{""t"":""D.C.II ～ダ・カーポII～"",""cn"":"""",""ty"":""Galgame"",""y"":2006,""pop"":1927},{""t"":""D.C.I.F.～ダ・カーポ～イノセントフィナーレ"",""cn"":"""",""ty"":""Galgame"",""y"":2009,""pop"":371},{""t"":""D.C.II To You ～ダ・カーポII～トゥーユー サイドエピソード"",""cn"":"""",""ty"":""Galgame"",""y"":2009,""pop"":78},{""t"":""D.C. ～ダ・カーポ～ シーズンズ"",""cn"":"""",""ty"":""Galgame"",""y"":2002,""pop"":71},{""t"":""D.C. Girl’s Symphony～ダ・カーポ～ガールズ シンフォニー"",""cn"":"""",""ty"":""Galgame"",""y"":2008,""pop"":65}]",ゲーム本編およびアニメ一作目（俗称ファーストシーズン）では風見学園付属の3年1組在籍（出席番号は常に1番）。両親は海外へ赴任中で、血の繋がらない妹（誕生日が同じなので表向きは似ていない双子で通している）朝倉音夢と共に初音島で暮らしている。,2562,0,2562,4,,https://t.vndb.org/ch/56/114956.jpg,https://t.vndb.org/ch/56/114956.jpg,https://lain.bgm.tv/r/400/pic/crt/l/f1/69/2500_crt_z3393.jpg,#5d6c7f #d6b8ee #9aa5af #ecdff0 #cacecb #faf8f8,Black Short Straight Teen Slim Pale School Uniform Magician Cunnilingus Sixty-nine,,https://bgm.tv/character/2500,https://vndb.org/c4020,2500
vndb-c4012,vndb,12,28,,朝仓音梦,朝倉 音夢,Asakura Nemu,,女,O,,Galgame,Galgame,D.C.～ダ・カーポ～,,2002,Galgame,"[{""t"":""D.C.～ダ・カーポ～"",""cn"":"""",""ty"":""Galgame"",""y"":2002,""pop"":2562},{""t"":""D.C.I.F.～ダ・カーポ～イノセントフィナーレ"",""cn"":"""",""ty"":""Galgame"",""y"":2009,""pop"":371},{""t"":""D.C. ～ダ・カーポ～ シーズンズ"",""cn"":"""",""ty"":""Galgame"",""y"":2002,""pop"":71},{""t"":""D.C.~ダ・カーポ~温泉編"",""cn"":"""",""ty"":""Galgame"",""y"":2003,""pop"":43},{""t"":""D.C.P.K.～ダ・カーポーカー～"",""cn"":"""",""ty"":""Galgame"",""y"":2008,""pop"":37},{""t"":""C.D.C.D.2 ～シーディーシーディー2～"",""cn"":"""",""ty"":""Galgame"",""y"":2008,""pop"":23}]",父母早年因车祸丧生，之后被朝仓家收养。 与纯一同一天出生，但称纯一为兄（「兄さん」）。因为身体虚弱，经常发热，所以纯一经常帮她检查体温。 在学校担任风纪委员，成绩优秀，性格活泼可爱，所以在学校很受欢迎。其料理水平实在不敢恭维，甚至连纯一也畏惧，因此多以便当与外卖解决，很少下厨。 非常在意纯一，对纯一抱有超越兄妹的感情，见到纯一跟其他女生一起会动用暴力镇压。也嫉妒纯一跟樱的关系，将樱在美国写给纯一的信全部丢掉。后前往护理学校实习。,2562,0,2562,92,,https://t.vndb.org/ch/47/7347.jpg,https://t.vndb.org/ch/47/7347.jpg,https://lain.bgm.tv/r/400/pic/crt/l/e1/d5/20250_crt_wYB98.jpg?r=1496766642,#745545 #d0a87d #afbbd6 #e2dbd9 #f3f1f2 #ffffff,Brown Ahoge Short Straight Teen Slim Pale School Uniform Proactive Hard Worker,,https://bgm.tv/character/20250,https://vndb.org/c4012,20250
al125600,anilist,12,28,,,桐須真冬,Mafuyu Kirisu,,女,,,动画|漫画|轻小说,动画,ぼくたちは勉強ができない,我们真的学不来,2019,动画,"[{""t"":""ぼくたちは勉強ができない"",""cn"":""我们真的学不来"",""ty"":""动画"",""y"":2019,""pop"":131215},{""t"":""ぼくたちは勉強ができない！"",""cn"":""我们真的学不来"",""ty"":""动画"",""y"":2019,""pop"":83663},{""t"":""ぼくたちは勉強ができない"",""cn"":""我们真的学不来"",""ty"":""漫画"",""y"":2017,""pop"":34376},{""t"":""ぼくたちは勉強ができない OVAs"",""cn"":"""",""ty"":""动画"",""y"":2019,""pop"":24036},{""t"":""ぼくたちは勉強ができない 特別編"",""cn"":"""",""ty"":""漫画"",""y"":2025,""pop"":543},{""t"":""ぼくたちは勉強ができない 非日常の例題集"",""cn"":"""",""ty"":""轻小说"",""y"":2019,""pop"":157}]",Student Counselor at [Yuiga](//anilist.co/character/121777)'s school and one of [Rizu](//anilist.co/character/121776) and [Fumino](//anilist.co/character/121775)'s ex-tutors. She is a pink-haired individual whose clumsiness (ie.,1692,1692,0,0,,https://s4.anilist.co/file/anilistcdn/character/large/b125600-IeguEoI3TgQC.png,https://s4.anilist.co/file/anilistcdn/character/medium/b125600-IeguEoI3TgQC.png,,,,https://anilist.co/character/125600,,,
vndb-c83608,vndb,12,28,,,木津池 神奈,Kizuchi Kanna,怯えた女 / バケツ女 / Frightened girl / Bucket girl,女,,,Galgame,Galgame,キミガシネ　―多数決デスゲーム―,,2021,Galgame,,A middle school student who just lost her sister to the first deadly trial of the game.,1482,0,1482,0,,https://t.vndb.org/ch/51/101651.jpg,https://t.vndb.org/ch/51/101651.jpg,,#205921 #838c62 #beb7b4 #fcf7f4 #dfdddb,Curtained Shoulder-length Green Teen Slim Pale School Uniform Orphan Low Self-esteem Planning,,,https://vndb.org/c83608,
vndb-c35140,vndb,12,28,,,강 제희,Kang Jaehee,,女,O,,Galgame,Galgame,수상한메신저,,2016,Galgame,,"Chief secretary Musicals, punctuality, coffee Black belt in judo. Fan of Zen. Often works overnight. Cautious and attentive. ""Love is just an illusion created by emotions with an expiration date.",1296,0,1296,0,,https://t.vndb.org/ch/81/63381.jpg,https://t.vndb.org/ch/81/63381.jpg,,#796b65 #3d3736 #bdb1ac #e9e1de #faf3f0 #ffffff,Brown Long Curtained Short Straight Brown Pale Hard Worker Orphan Young-adult,,,https://vndb.org/c35140,
vndb-c41743,vndb,12,28,,,ベスリー・ローズ・ディズリー,Bethly Rose Daisley,,女,A,,Galgame,Galgame,銀色、遥か,,2016,Galgame,,"""Transfer Student from the Northern Country (北の国からの転校生)"" A transfer student who has come from Canada. Her long blonde, straight hair and clear blue eyes leave a strong impression on people.",1218,0,1218,0,,https://t.vndb.org/ch/83/54783.jpg,https://t.vndb.org/ch/83/54783.jpg,,#b64e40 #3e3c65 #ebbe8a #eeddbc #f8f0e7 #ffffff,Blond Bun Waist Length+ Straight Teen Slim Pale Trousers Hard Worker Cooking,,,https://vndb.org/c41743,
al72453,anilist,12,28,,,柳明音,Akane Yanagi,,男,,18,动画|漫画,动画,ホリミヤ,堀与宫村,2021,动画,"[{""t"":""ホリミヤ"",""cn"":""堀与宫村"",""ty"":""动画"",""y"":2021,""pop"":541084},{""t"":""ホリミヤ -piece-"",""cn"":""堀与宫村 -piece-"",""ty"":""动画"",""y"":2023,""pop"":164326},{""t"":""ホリミヤ"",""cn"":""堀与宫村"",""ty"":""漫画"",""y"":2011,""pop"":122820},{""t"":""堀さんと宮村くん"",""cn"":""堀桑与宫村君"",""ty"":""漫画"",""y"":2008,""pop"":5154}]",168 cm He is a 3rd year at Katagiri High School​ and a member of Hori and Miyamura's regular group of friends. He is enrolled in class 3-6. He has very bad eyesight and cannot see properly without his glasses.,1165,1165,0,0,,https://s4.anilist.co/file/anilistcdn/character/large/b72453-f9gRbQBUjKo6.png,https://s4.anilist.co/file/anilistcdn/character/medium/b72453-f9gRbQBUjKo6.png,,,,https://anilist.co/character/72453,,,
al241577,anilist,12,28,,,鳴海弦,Gen Narumi,Japan's Strongest Anti-Kaiju Combatant,男,,,动画|漫画,动画,怪獣８号,,2024,动画,"[{""t"":""怪獣８号"",""cn"":"""",""ty"":""动画"",""y"":2024,""pop"":282435},{""t"":""怪獣８号 第２期"",""cn"":"""",""ty"":""动画"",""y"":2025,""pop"":154504},{""t"":""怪獣８号"",""cn"":"""",""ty"":""漫画"",""y"":2020,""pop"":106282},{""t"":""怪獣8号 保科の休日"",""cn"":""怪兽8号 保科的假期"",""ty"":""动画"",""y"":2025,""pop"":23498},{""t"":""怪獣８号 鳴海の平日"",""cn"":"""",""ty"":""动画"",""y"":2026,""pop"":4995},{""t"":""怪獣８号 side B"",""cn"":"""",""ty"":""漫画"",""y"":2024,""pop"":3440}]","Gen Narumi is the Captain of the First Division of the Defense Force. He is known to be Japan's strongest anti-kaiju combatant, hence his position.",1069,1069,0,0,,https://s4.anilist.co/file/anilistcdn/character/large/b241577-Sx4ZUByR8tE2.jpg,https://s4.anilist.co/file/anilistcdn/character/medium/b241577-Sx4ZUByR8tE2.jpg,,,,https://anilist.co/character/241577,,,
al55853,anilist,12,28,2026,,雪音クリス,Chris Yukine,Chrissie / Kurisu,女,A,16-18,动画,动画,戦姫絶唱シンフォギア,,2012,动画,"[{""t"":""戦姫絶唱シンフォギア"",""cn"":"""",""ty"":""动画"",""y"":2012,""pop"":47129},{""t"":""戦姫絶唱シンフォギアG"",""cn"":"""",""ty"":""动画"",""y"":2013,""pop"":23766},{""t"":""戦姫絶唱シンフォギアGX"",""cn"":"""",""ty"":""动画"",""y"":2015,""pop"":19959},{""t"":""戦姫絶唱シンフォギアXV"",""cn"":"""",""ty"":""动画"",""y"":2019,""pop"":18912},{""t"":""戦姫絶唱シンフォギア AXZ"",""cn"":"""",""ty"":""动画"",""y"":2017,""pop"":17176},{""t"":""戦姫絶唱シンフォギアG 戦姫絶唱しないシンフォギア"",""cn"":"""",""ty"":""动画"",""y"":2014,""pop"":5547}]","\- Nehushtan(lit. ""Serpent of Bronze"", holy standart of Moses) \- Ichaival (holy bow of Scandinavian god Ulr) As a result of her harsh life, Chris is hot-headed, antagonistic and aggressive, quick to distrust others, especially adults, who…",877,877,0,0,,https://s4.anilist.co/file/anilistcdn/character/large/b55853-gHcVACnRc1gp.jpg,https://s4.anilist.co/file/anilistcdn/character/medium/b55853-gHcVACnRc1gp.jpg,,,,https://anilist.co/character/55853,,,
vndb-c97054,vndb,12,28,,,幸咲 来瑠,Kousaki Kururu,,女,B,,Galgame,Galgame,俺の恋天使がポンコツすぎてコワ～い。,,2021,Galgame,,,801,0,801,0,,https://t.vndb.org/ch/69/118669.jpg,https://t.vndb.org/ch/69/118669.jpg,,#383348 #8d6c8b #c7b6bc #f9f4ea #e7e0dc #ffffff,White Shoulder-length Teen Slim Pale School Uniform Spoons Blowjob Virgin Sex Amber,,,https://vndb.org/c97054,
vndb-c28315,vndb,12,28,,,斉藤 夢歩,Saitou Yufumi,Chibi / Squirt,女,A,,Galgame,Galgame,"NO,THANK YOU!!!",,2013,Galgame,,An abandoned child.,697,0,697,0,,https://t.vndb.org/ch/71/34371.jpg,https://t.vndb.org/ch/71/34371.jpg,,#ab9592 #dfc9bd #f5ded7 #585557 #ffffff,Black Ahoge Twin Tails Shoulder-length Pale Blue Kid T-shirt Skirt Shy,,,https://vndb.org/c28315,
al278064,anilist,12,28,,,青木瑠璃,Ruri Aoki,Ruri (ルリ),女,O,15,动画|漫画,漫画,ルリドラゴン,,2022,漫画,"[{""t"":""ルリドラゴン"",""cn"":"""",""ty"":""漫画"",""y"":2022,""pop"":34330},{""t"":""ルリドラゴン"",""cn"":"""",""ty"":""动画"",""y"":"""",""pop"":12437},{""t"":""ルリドラゴン"",""cn"":"""",""ty"":""漫画"",""y"":2020,""pop"":5794},{""t"":""ルリドラゴンPV"",""cn"":"""",""ty"":""动画"",""y"":2025,""pop"":1715}]","154 cm (5'1"") [Umi Aoki](//anilist.co/character/328042/Umi-Aoki) (Mother), [Ruri no Chichi](//anilist.co/character/328049/Ruri-no-Chichi) (Father), [Ruri no Sobo](//anilist.co/character/328045/Ruri-no-Sobo) (Grandmother) A first-year in hig…",686,686,0,0,,https://s4.anilist.co/file/anilistcdn/character/large/b278064-DjTfB1Gytc8T.jpg,https://s4.anilist.co/file/anilistcdn/character/medium/b278064-DjTfB1Gytc8T.jpg,,,,https://anilist.co/character/278064,,,
al312404,anilist,12,28,,,アルノルト・ハイン,Arnold Hein,,男,,19-,动画|漫画|轻小说,动画,ループ7回目の悪役令嬢は、元敵国で自由気ままな花嫁生活を満喫する,,2024,动画,"[{""t"":""ループ7回目の悪役令嬢は、元敵国で自由気ままな花嫁生活を満喫する"",""cn"":"""",""ty"":""动画"",""y"":2024,""pop"":88742},{""t"":""ループ7回目の悪役令嬢は、元敵国で自由気ままな花嫁生活を満喫する"",""cn"":"""",""ty"":""漫画"",""y"":2020,""pop"":7756},{""t"":""ループ7回目の悪役令嬢は、元敵国で自由気ままな花嫁生活を満喫する"",""cn"":"""",""ty"":""轻小说"",""y"":2020,""pop"":2401},{""t"":""ループ7回目の悪役令嬢は、元敵国で自由気ままな花嫁生活を満喫する ミニアニメ"",""cn"":"""",""ty"":""动画"",""y"":2024,""pop"":372},{""t"":""ループ7回目の悪役令嬢は、元敵国で自由気ままな花嫁生活を満喫する　短編集"",""cn"":"""",""ty"":""轻小说"",""y"":2025,""pop"":108}]",The crown prince of Galkhein.,573,573,0,0,,https://s4.anilist.co/file/anilistcdn/character/large/b312404-yF6cWJwnqft9.png,https://s4.anilist.co/file/anilistcdn/character/medium/b312404-yF6cWJwnqft9.png,,,,https://anilist.co/character/312404,,,
vndb-c59698,vndb,12,28,,,桐島 零一,Kirishima Reiichi,Absolute Blade / 絶剣,男,,,Galgame,Galgame,景の海のアペイリア,,2017,Galgame,"[{""t"":""景の海のアペイリア"",""cn"":"""",""ty"":""Galgame"",""y"":2017,""pop"":536},{""t"":""景の海のアペイリア ～カサブランカの騎士～"",""cn"":"""",""ty"":""Galgame"",""y"":2017,""pop"":133}]","The protagonist. Has handsome looks, and as such he is popular among the girls. He's a boy who understands the feelings of people and always ready to help them. He's usually joking and playing with others, but has good science knowledge.",536,0,536,0,,https://t.vndb.org/ch/27/74627.jpg,https://t.vndb.org/ch/27/74627.jpg,,#bd984a #7e5734 #040305 #201613 #392e30 #f5e7d8,Short Green Teen Slim Pale School Uniform Proactive Amnesia Cunnilingus Sixty-nine,,,https://vndb.org/c59698,
vndb-c145249,vndb,12,28,,,,Himawari,???,女,,,Galgame,Galgame,Lessons in Love,,2022,Galgame,,"A mysterious girl with a distinctive daisy-shaped hairpin. It's okay if you don't know who she is, you probably wouldn't remember her even if you met her. Her distinguishing feature is her ability to mimic other characters.",342,0,342,0,,https://t.vndb.org/ch/69/170569.jpg,https://t.vndb.org/ch/69/170569.jpg,,#a26d51 #8a5841 #65412c #3c1e0e #eac2bb #6a5853,Brown Blue Employee Shapeshifting Time Travel Hair Flower Yukata Mysterious Sailor School Uniform Cat Cosplay,,,https://vndb.org/c145249,
al129135,anilist,12,28,,,キース・クラエス,Keith Claes,,男,,,动画|漫画|轻小说,动画,乙女ゲームの破滅フラグしかない悪役令嬢に転生してしまった…,,2020,动画,"[{""t"":""乙女ゲームの破滅フラグしかない悪役令嬢に転生してしまった…"",""cn"":"""",""ty"":""动画"",""y"":2020,""pop"":147719},{""t"":""乙女ゲームの破滅フラグしかない悪役令嬢に転生してしまった…Ｘ"",""cn"":"""",""ty"":""动画"",""y"":2021,""pop"":78692},{""t"":""映画 乙女ゲームの破滅フラグしかない悪役令嬢に転生してしまった…"",""cn"":"""",""ty"":""动画"",""y"":2023,""pop"":21480},{""t"":""乙女ゲームの破滅フラグしかない悪役令嬢に転生してしまった…"",""cn"":"""",""ty"":""漫画"",""y"":2017,""pop"":13499},{""t"":""乙女ゲームの破滅フラグしかない悪役令嬢に転生してしまった…Ｘ 運命の人に出会ってしまった..."",""cn"":"""",""ty"":""动画"",""y"":2021,""pop"":11825},{""t"":""乙女ゲームの破滅フラグしかない悪役令嬢に転生してしまった…"",""cn"":"""",""ty"":""轻小说"",""y"":2015,""pop"":4115}]","Earth Keith is the capture target that was adopted into the Claes family seven years ago for his powerful magic. He’s a handsome boy with flaxen hair and blue eyes, and since he was neglected by his stepmother and stepsister, had a lonely u…",328,328,0,0,,https://s4.anilist.co/file/anilistcdn/character/large/b129135-uqhFY8QlsNBe.png,https://s4.anilist.co/file/anilistcdn/character/medium/b129135-uqhFY8QlsNBe.png,,,,https://anilist.co/character/129135,,,
vndb-c113579,vndb,12,28,,,眼深 真瑠璃,Nemuribuka Maruri,,女,A,,Galgame,Galgame,サメと生きる七日間,,2022,Galgame,,"""......More, I want to get along. With you, I want to talk more and more."" Anime, manga, B movie (splatter film, etc.) Kyouhei's classmate, a gloomy girl, and a second-year student who doesn't belong to any club.",237,0,237,0,,https://t.vndb.org/ch/88/136388.jpg,https://t.vndb.org/ch/88/136388.jpg,,#ac93a1 #625763 #d5cbc8 #f8ece0 #ffffff,Violet Ahoge Short Brown Teen Slim Pale School Uniform Pajamas Cardigan,,,https://vndb.org/c113579,
vndb-c24581,vndb,12,28,,,宮国 一悟,Miyakuni Ichigo,,男,A,,Galgame,Galgame,恋する彼女の不器用な舞台,,2014,Galgame,,"Mayu's neighbor and childhood friend and also the president of the literary club. He is hardworking boy who rarely gives up and can also read the mood quite skillfully, but he isn't all that invested in finding a girlfriend.",229,0,229,0,,https://t.vndb.org/ch/38/73738.jpg,https://t.vndb.org/ch/38/73738.jpg,,#ae9b89 #ddccad #888179 #756b64 #f5e8d4 #514e4b,Brown Short Brown Teen Slim Pale School Uniform Hard Worker Cooking Sixty-nine,,,https://vndb.org/c24581,
al171926,anilist,12,28,1991,,鈴木マコト,Makoto Suzuki,,男,,26-27,动画|漫画,动画,東京リベンジャーズ,东京复仇者,2021,动画,"[{""t"":""東京リベンジャーズ"",""cn"":""东京复仇者"",""ty"":""动画"",""y"":2021,""pop"":445622},{""t"":""東京リベンジャーズ 聖夜決戦編"",""cn"":""东京复仇者 圣夜决战篇"",""ty"":""动画"",""y"":2023,""pop"":143018},{""t"":""東京卍リベンジャーズ"",""cn"":""东京卍复仇者"",""ty"":""漫画"",""y"":2017,""pop"":117730},{""t"":""東京リベンジャーズ 天竺編"",""cn"":"""",""ty"":""动画"",""y"":2023,""pop"":85576},{""t"":""東京リベンジャーズ 三天戦争編"",""cn"":"""",""ty"":""动画"",""y"":2026,""pop"":22817},{""t"":""ちびりべ"",""cn"":"""",""ty"":""动画"",""y"":2021,""pop"":8313}]",Takemichis friend and a member of the Mizo Middle Five,40,40,0,0,,https://s4.anilist.co/file/anilistcdn/character/large/b171926-i6THiD0O8B2W.jpg,https://s4.anilist.co/file/anilistcdn/character/medium/b171926-i6THiD0O8B2W.jpg,,,,https://anilist.co/character/171926,,,
vndb-c6504,vndb,12,29,,铃本茧,鈴本 繭,Suzumoto Mayu,Suzume / Suzume-chan / すずめちゃん,女,A,,Galgame,Galgame,コープスパーティー ブラッドカバー,尸体派对 血色笼罩,2006,Galgame,"[{""t"":""コープスパーティー ブラッドカバー"",""cn"":""尸体派对 血色笼罩"",""ty"":""Galgame"",""y"":2006,""pop"":3556},{""t"":""コープスパーティー ブックオブシャドウズ"",""cn"":"""",""ty"":""Galgame"",""y"":2011,""pop"":1540},{""t"":""コープスパーティー BLOOD DRIVE"",""cn"":""尸体派对 驭血"",""ty"":""Galgame"",""y"":2014,""pop"":682},{""t"":""コープスパーティー -THE ANTHOLOGY- サチコの恋愛遊戯♥Hysteric Birthday 2U"",""cn"":""尸体派对 文选集 幸子的恋爱游戏 竭斯底里生日2U"",""ty"":""Galgame"",""y"":2012,""pop"":303}]",和森繁朔太郎是同一演剧部的，并和森繁朔太郎建立了兄妹关系，称呼森繁朔太郎为[繁兄ぃ]表示对他的爱慕。和身体像发育不全般瘦小，性格天真烂漫、活泼开朗，不论对谁都能敞开心扉，真诚对待，在男女生中都很有人气，如月学校全校都有她的粉丝。名字[すずもとまゆ]可以变体为[すずめ]，被大家亲切的称作[すずめちゃん]，本人也称意地把这个作为自称。喜好占卜，由于家庭原因突然决定转学，受到了很大的打击。,3556,0,3556,8,,https://t.vndb.org/ch/95/18195.jpg,https://t.vndb.org/ch/95/18195.jpg,https://lain.bgm.tv/r/400/pic/crt/l/90/28/20831_crt_FD0DT.jpg?r=1375629013,#515474 #a18b87 #d5cac0 #f4eadc #fbfbf5,Brown Ponytail Shoulder-length Teen Slim Pale School Uniform Green Scar Miniskirt,,https://bgm.tv/character/20831,https://vndb.org/c6504,20831
al747,anilist,12,29,,天上欧蒂娜,天上ウテナ,Utena Tenjou,,女,B,14,动画|漫画|轻小说,动画,少女革命ウテナ,少女革命,1997,动画,"[{""t"":""少女革命ウテナ"",""cn"":""少女革命"",""ty"":""动画"",""y"":1997,""pop"":80931},{""t"":""少女革命ウテナ アドゥレセンス黙示録"",""cn"":""少女革命 思春期默示录"",""ty"":""动画"",""y"":1999,""pop"":22156},{""t"":""少女革命ウテナ"",""cn"":""少女革命"",""ty"":""漫画"",""y"":1996,""pop"":5277},{""t"":""少女革命ウテナ After The Revolution"",""cn"":"""",""ty"":""漫画"",""y"":2017,""pop"":1623},{""t"":""少女革命ウテナ～アドゥレセンス黙示録"",""cn"":"""",""ty"":""漫画"",""y"":1999,""pop"":1254},{""t"":""少女革命ウテナ -蒼の双樹-"",""cn"":"""",""ty"":""轻小说"",""y"":1998,""pop"":504}]",年齡：14 星座：摩羯座 薔薇：白色、粉色 小時候被王子（迪奧斯）所救，因而希望成為王子而以作男裝打扮的少女。 運動萬能、正義感強，在校園中等部中十分受女學生歡迎。因為好友若葉的愛意被西園寺用言詞殘踏，於是捲入了西園寺及其他決鬥者的決鬥遊戲中。決鬥時胸前的薔薇是白色的。 她己忘記小時候曾見過桐生冬芽和西園寺莢一的事。同樣地亦忘記了小時候見過姬宮安茜和迪奧斯（鳳曉生），正是這段回憶令她希望成為王子。,2780,2780,0,335,,https://s4.anilist.co/file/anilistcdn/character/large/b747-tnzOfpAZuIEo.jpg,https://s4.anilist.co/file/anilistcdn/character/medium/b747-tnzOfpAZuIEo.jpg,https://lain.bgm.tv/r/400/pic/crt/l/61/35/509_crt_5N90M.jpg?r=1599737323,,,https://anilist.co/character/747,https://bgm.tv/character/509,,509
al16060,anilist,12,29,,,煙,En,,男,,43,动画|漫画,动画,ドロヘドロ,异兽魔都,2020,动画,"[{""t"":""ドロヘドロ"",""cn"":""异兽魔都"",""ty"":""动画"",""y"":2020,""pop"":190420},{""t"":""ドロヘドロ"",""cn"":""异兽魔都"",""ty"":""漫画"",""y"":2000,""pop"":88381},{""t"":""ドロヘドロ Season 2"",""cn"":""异兽魔都 第二季"",""ty"":""动画"",""y"":2026,""pop"":44125},{""t"":""ドロヘドロ 魔のおまけ"",""cn"":"""",""ty"":""动画"",""y"":2020,""pop"":24566}]","183 cm (6'0"") Boss of the En family and is an elite Magic User. He is cousins with Noi and Kikurage's partner. He's also good friends with Chidaruma, who is the most powerful Devil.",1351,1351,0,0,,https://s4.anilist.co/file/anilistcdn/character/large/b16060-d7kczT3iuuWp.png,https://s4.anilist.co/file/anilistcdn/character/medium/b16060-d7kczT3iuuWp.png,,,,https://anilist.co/character/16060,,,
vndb-c27027,vndb,12,29,,,久賀 百合,Hisaka Yuri,,女,,,Galgame,Galgame,僕が天使になった理由,,2013,Galgame,,Tomoe's upperclassman who lives in a faculty with her little sister due to having lost her parents at a young age. Her daily routine consist of her going to pick up her sister from another school.,905,0,905,0,,https://t.vndb.org/ch/94/32994.jpg,https://t.vndb.org/ch/94/32994.jpg,,#81726d #3f383b #b8ada8 #eddfd0 #f7f4ea #ffffff,Hime Cut Waist Length+ Straight Teen Slim Pale School Uniform Sweater Orphan Cooking,,,https://vndb.org/c27027,
vndb-c54645,vndb,12,29,,,服部 半蔵,Hattori Hanzou,,男,,,Galgame,Galgame,百花百狼 戦国忍法帖,,2016,Galgame,,The Tokugawa Shinobi Group Leader who is known as the strongest ninja history has ever known. He is a former Iga Shinobi who had left the village at the age of 12 to serve the Tokugawa household.,901,0,901,0,,https://t.vndb.org/ch/75/81575.jpg,https://t.vndb.org/ch/75/81575.jpg,,#615659 #3c353b #b6a89f #221e23 #0f0d10 #000000,Brown Short Green Proactive Cooking Fighting Hotblooded Amber Young-adult Kimono,,,https://vndb.org/c54645,
vndb-c54160,vndb,12,29,,,来栖 祐果子,Kurusu Yukako,Archangel Yuchael / Kurushii / くるしー / 大天使ゆかえる,女,A,,Galgame,Galgame,人気声優のつくりかた,,2017,Galgame,"[{""t"":""人気声優のつくりかた"",""cn"":"""",""ty"":""Galgame"",""y"":2017,""pop"":699},{""t"":""僕の未来は、恋と課金と。～Charge To The Future～"",""cn"":"""",""ty"":""Galgame"",""y"":2019,""pop"":154}]","Yukako is the name on everybody’s lips. Known as Kurushii to her fans, her nickname comes from the fact that she's so beautiful, it's excruciating to be in her presence.",699,0,699,0,,https://t.vndb.org/ch/37/64637.jpg,https://t.vndb.org/ch/37/64637.jpg,,#afa093 #d7c8b5 #484856 #eee5d5 #f3f2f1 #ffffff,Blond Twin Tails Long Wavy Teen Slim Pale School Uniform Missionary Doggy Style,,,https://vndb.org/c54160,
vndb-c91576,vndb,12,29,,,成田 権造,Narita Gonzou,,男,,,Galgame,Galgame,さくらの雲＊スカアレットの恋,,2020,Galgame,,"Arithmetic Travel Sake, night life Vegetarian food",552,0,552,0,,https://t.vndb.org/ch/79/110379.jpg,https://t.vndb.org/ch/79/110379.jpg,,#776e64 #e1cec0 #b1a4a0 #faebd4 #ffffff,Short Moustache Pale Adult Suit Necktie Handgun Arrogant Wealthy Homicide,,,https://vndb.org/c91576,
al38535,anilist,12,29,,,相川歩,Ayumu Aikawa,,男,,,动画|漫画|轻小说,动画,これはゾンビですか?,,2011,动画,"[{""t"":""これはゾンビですか?"",""cn"":"""",""ty"":""动画"",""y"":2011,""pop"":115194},{""t"":""これはゾンビですか？オブ・ザ・デッド"",""cn"":"""",""ty"":""动画"",""y"":2012,""pop"":66953},{""t"":""これはゾンビですか? OVA"",""cn"":"""",""ty"":""动画"",""y"":2011,""pop"":27955},{""t"":""これはゾンビですか？オブ・ザ・デッ ド はい、身の丈に合ってます"",""cn"":"""",""ty"":""动画"",""y"":2012,""pop"":23012},{""t"":""これはゾンビですか?"",""cn"":"""",""ty"":""漫画"",""y"":2010,""pop"":1919},{""t"":""これはゾンビですか?"",""cn"":"""",""ty"":""轻小说"",""y"":2009,""pop"":1236}]",": 175 cm (5'8"") He was murdered by a serial killer and and brought back to life as a zombie by Eucliwood Hellscythe, a Necromancer of the underworld.",308,308,0,0,,https://s4.anilist.co/file/anilistcdn/character/large/38535.jpg,https://s4.anilist.co/file/anilistcdn/character/medium/38535.jpg,,,,https://anilist.co/character/38535,,,
vndb-c102387,vndb,12,29,,,東洲斎 写楽,Toushuusai Sharaku,Shiro / Iro Otoko,男,AB,,Galgame,Galgame,天獄ストラグル -strayside-,,2022,Galgame,,"Died at the age of 18. Known as an ukiyo-e artist in his past life. Sharaku is a spendthrift, as well as a homemaker obsessed with keeping things neat and tidy. [From Aksys Games]",285,0,285,0,,https://t.vndb.org/ch/32/162132.jpg,https://t.vndb.org/ch/32/162132.jpg,,#691a24 #7c5259 #b89c96 #dad3cd #ffffff,Long Straight Slim Pale Cooking Fighting Grey Young-adult Muscular Hat,,,https://vndb.org/c102387,
vndb-c43222,vndb,12,29,,,マイクロフト・A ・ホームズ,Mycroft A. Holmes,Mycroft Jr / マイクロフトJr,男,AB,,Galgame,Galgame,英国探偵ミステリア,,2013,Galgame,,Watching operas Black pudding Son of Mycroft Holmes. An upperclassman to Emily and her classmates in the academy and the student council's president.,245,0,245,0,,https://t.vndb.org/ch/21/52221.jpg,https://t.vndb.org/ch/21/52221.jpg,,#2f363c #5e6c74 #dcdad7 #b0afb1 #f1f3f2 #ffffff,Black Short Trousers Dress Shoes Black Young-adult Shirt Vest Walking Stick Student Council President,,,https://vndb.org/c43222,
al27667,anilist,12,29,,,叶爽太郎,Soutarou Kanou,,男,A,15,动画|漫画,动画,会長はメイド様!,会长是女仆大人！,2010,动画,"[{""t"":""会長はメイド様!"",""cn"":""会长是女仆大人！"",""ty"":""动画"",""y"":2010,""pop"":288287},{""t"":""会長はメイド様！"",""cn"":""会长是女仆大人！"",""ty"":""漫画"",""y"":2005,""pop"":36966}]",**** 182 cm A withdrawn male student who is initially against Misaki as the student council President because of her aspirations of increasing the female population of Seika High.,131,131,0,0,,https://s4.anilist.co/file/anilistcdn/character/large/b27667-mHj9LXkj4jyu.png,https://s4.anilist.co/file/anilistcdn/character/medium/b27667-mHj9LXkj4jyu.png,,,,https://anilist.co/character/27667,,,
al16029,anilist,12,29,,,言峰璃正,Risei Kotomine,,男,,,动画|漫画|轻小说,动画,Fate/Zero,Fate/Zero,2011,动画,"[{""t"":""Fate/Zero"",""cn"":""Fate/Zero"",""ty"":""动画"",""y"":2011,""pop"":348087},{""t"":""Fate/Zero 2ndシーズン"",""cn"":"""",""ty"":""动画"",""y"":2012,""pop"":242356},{""t"":""Fate/Zero"",""cn"":""Fate/Zero"",""ty"":""轻小说"",""y"":2006,""pop"":7719},{""t"":""Fate/stay night [Heaven's Feel]"",""cn"":"""",""ty"":""漫画"",""y"":2015,""pop"":3748},{""t"":""Fate/Zero"",""cn"":""Fate/Zero"",""ty"":""漫画"",""y"":2011,""pop"":3022}]","Kirei Kotomine's 80 year old father, Risei is a priest in the Church and the regulator of the third and fourth Holy Grail Wars.",7,7,0,0,,https://s4.anilist.co/file/anilistcdn/character/large/b16029-DluHAqHQZmo1.png,https://s4.anilist.co/file/anilistcdn/character/medium/b16029-DluHAqHQZmo1.png,,,,https://anilist.co/character/16029,,,
vndb-c26826,vndb,12,30,,葛城心,葛城 シン,Katsuragi Shin,Mamiya Shinji,男,,,Galgame,Galgame,殻ノ少女,壳之少女,2008,Galgame,,現在年頃の少女達の間で流行りつつある短編小説「ネアニスの卵」の著者。 淡々とした口調であまり口数は多くないが、決して非社交的というわけではない。,7899,0,7899,5,,https://t.vndb.org/ch/68/149368.jpg,https://t.vndb.org/ch/68/149368.jpg,https://lain.bgm.tv/r/400/pic/crt/l/8c/ec/52641_crt_jbi22.jpg,#3e383b #aca3a8 #d0c9cf #ece7e3 #f6f5f7 #ffffff,Brown Bob Cut Short Straight Pale Trousers Villain Violet Young-adult Trench Coat,,https://bgm.tv/character/52641,https://vndb.org/c26826,52641
vndb-c22377,vndb,12,30,,,,Isabella Hart,"Iz, Bella",女,,,Galgame,Galgame,"don't take it personally, babe, it just ain't your story",,2011,Galgame,,,916,0,916,0,,https://t.vndb.org/ch/72/27672.jpg,https://t.vndb.org/ch/72/27672.jpg,,#5b778d #7196b7 #855644 #51363c #bfa588 #c6dfe1,Brown Long Wavy Teen Slim Pale School Uniform Red Dress Jacket,,,https://vndb.org/c22377,
al46488,anilist,12,30,,,ベルトルト・フーバー,Bertolt Hoover,Bertholdt,男,,16-,动画,动画,進撃の巨人,进击的巨人,2013,动画,"[{""t"":""進撃の巨人"",""cn"":""进击的巨人"",""ty"":""动画"",""y"":2013,""pop"":1053882},{""t"":""進撃の巨人 Season２"",""cn"":"""",""ty"":""动画"",""y"":2017,""pop"":733402},{""t"":""進撃の巨人 Season３"",""cn"":"""",""ty"":""动画"",""y"":2018,""pop"":686190},{""t"":""進撃の巨人 The Final Season"",""cn"":""进击的巨人 最终季"",""ty"":""动画"",""y"":2020,""pop"":642537},{""t"":""進撃の巨人 Season３ Part.2"",""cn"":"""",""ty"":""动画"",""y"":2019,""pop"":610781},{""t"":""進撃の巨人 The Final Season Part 2"",""cn"":""进击的巨人 最终季 Part.2"",""ty"":""动画"",""y"":2022,""pop"":440419}]",": 192 cm (6'3"") : Survey Corps Member of the Survey Corps and former cadet of the 104th Training Corps. Bertoldt ranked 3rd in his training class upon graduation, finishing behind only [Mikasa](//anilist.co/character/40881) and his hometown…",914,914,0,0,,https://s4.anilist.co/file/anilistcdn/character/large/b46488-wm6HvkdkHoZu.jpg,https://s4.anilist.co/file/anilistcdn/character/medium/b46488-wm6HvkdkHoZu.jpg,,,,https://anilist.co/character/46488,,,
al1089,anilist,12,30,,,コン,Kon,Kaizou Konpaku / King of New York,男,,,动画|漫画,动画,BLEACH,死神,2004,动画,"[{""t"":""BLEACH"",""cn"":""死神"",""ty"":""动画"",""y"":2004,""pop"":521026},{""t"":""BLEACH 千年血戦篇"",""cn"":""死神 千年血战篇"",""ty"":""动画"",""y"":2022,""pop"":207081},{""t"":""BLEACH 千年血戦篇-訣別譚-"",""cn"":""死神 千年血战篇-诀别谭-"",""ty"":""动画"",""y"":2023,""pop"":143301},{""t"":""BLEACH"",""cn"":""死神"",""ty"":""漫画"",""y"":2001,""pop"":121044},{""t"":""BLEACH 千年血戦篇-相剋譚-"",""cn"":""死神 千年血战篇-相克谭-"",""ty"":""动画"",""y"":2024,""pop"":117708},{""t"":""BLEACH MEMORIES OF NOBODY"",""cn"":"""",""ty"":""动画"",""y"":2006,""pop"":48314}]","Kon primarily serves as a comedic foil in the series; when not inhabiting Ichigo's body, his normal plushie body is treated with little respect and much disdain.",785,785,0,0,,https://s4.anilist.co/file/anilistcdn/character/large/1089.jpg,https://s4.anilist.co/file/anilistcdn/character/medium/1089.jpg,,,,https://anilist.co/character/1089,,,
al124442,anilist,12,30,,,ノゼル・シルヴァ,Nozel Silva,Nozeru Shiruva,,B,29,动画|漫画|轻小说,动画,ブラッククローバー,黑色五叶草,2017,动画,"[{""t"":""ブラッククローバー"",""cn"":""黑色五叶草"",""ty"":""动画"",""y"":2017,""pop"":583263},{""t"":""ブラッククローバー"",""cn"":""黑色五叶草"",""ty"":""漫画"",""y"":2015,""pop"":107258},{""t"":""ブラッククローバー 魔法帝の剣"",""cn"":"""",""ty"":""动画"",""y"":2023,""pop"":99687},{""t"":""ブラッククローバー オール魔法騎士感謝祭"",""cn"":"""",""ty"":""动画"",""y"":2018,""pop"":10874},{""t"":""プチット・クローバー アドバンス"",""cn"":"""",""ty"":""动画"",""y"":2018,""pop"":3303},{""t"":""ブラッククローバー 騎士団の書"",""cn"":"""",""ty"":""轻小说"",""y"":2017,""pop"":399}]","177 cm Nozel is a nobleman and the oldest son of the Clover Kingdom's ruling family, House Silva. He is also the captain of the Silver Eagle squad of the Magic Knights.",703,703,0,0,,https://s4.anilist.co/file/anilistcdn/character/large/b124442-KpZhHmhjw2EG.png,https://s4.anilist.co/file/anilistcdn/character/medium/b124442-KpZhHmhjw2EG.png,,,,https://anilist.co/character/124442,,,
al3889,anilist,12,30,,,猿飛木ノ葉丸,Konohamaru Sarutobi,,男,,"8-9 (I), 11 (II)",动画|漫画,动画,NARUTO -ナルト-,火影忍者,2002,动画,"[{""t"":""NARUTO -ナルト-"",""cn"":""火影忍者"",""ty"":""动画"",""y"":2002,""pop"":725301},{""t"":""NARUTO -ナルト- 疾風伝"",""cn"":""火影忍者疾风传"",""ty"":""动画"",""y"":2007,""pop"":610025},{""t"":""BORUTO-ボルト- NARUTO NEXT GENERATIONS"",""cn"":""博人传-火影次世代-"",""ty"":""动画"",""y"":2017,""pop"":225171},{""t"":""THE LAST -NARUTO THE MOVIE-"",""cn"":""火影忍者 剧场版 终章"",""ty"":""动画"",""y"":2014,""pop"":142927},{""t"":""NARUTO -ナルト-"",""cn"":""火影忍者"",""ty"":""漫画"",""y"":1999,""pop"":99205},{""t"":""BORUTO -NARUTO THE MOVIE-"",""cn"":"""",""ty"":""动画"",""y"":2015,""pop"":98762}]","Konohamaru named after the village he lives in: Konoha, is the grandson of the Third Hokage and by extension the nephew of Asuma Sarutobi. Konohamaru usually hangs out with his two friends, Udon and Moegi.",445,445,0,0,,https://s4.anilist.co/file/anilistcdn/character/large/n3889-gCUewPsRY2kD.png,https://s4.anilist.co/file/anilistcdn/character/medium/n3889-gCUewPsRY2kD.png,,,,https://anilist.co/character/3889,,,
vndb-c12501,vndb,12,30,,,真壁 清十郎,Makabe Seijuurou,,男,,,Galgame,Galgame,マブラヴ オルタネイティヴ クロニクルズ 憧憬,,2011,Galgame,,,337,0,337,0,,https://t.vndb.org/ch/78/16378.jpg,https://t.vndb.org/ch/78/16378.jpg,,#5f5066 #e9ac88 #433241 #2a1c24 #120b0d #000000,Brown Short Straight Teen Slim Pale Ore Cadet Military Uniform Mecha Pilot,,,https://vndb.org/c12501,
al153900,anilist,12,30,,,松村,Matsumura,,男,,20,动画|漫画,动画,ドロヘドロ,异兽魔都,2020,动画,"[{""t"":""ドロヘドロ"",""cn"":""异兽魔都"",""ty"":""动画"",""y"":2020,""pop"":190420},{""t"":""ドロヘドロ"",""cn"":""异兽魔都"",""ty"":""漫画"",""y"":2000,""pop"":88381}]",,4,4,0,0,,https://s4.anilist.co/file/anilistcdn/character/large/b153900-xkxJEO91rdaV.jpg,https://s4.anilist.co/file/anilistcdn/character/medium/b153900-xkxJEO91rdaV.jpg,,,,https://anilist.co/character/153900,,,
al126824,anilist,12,31,,猫猫,猫猫,Maomao,Shaomao / Xiaomao / 小猫 / Miêu Miêu,女,B,17-,动画|漫画|轻小说,动画,薬屋のひとりごと,药屋少女的呢喃,2023,动画,"[{""t"":""薬屋のひとりごと"",""cn"":""药屋少女的呢喃"",""ty"":""动画"",""y"":2023,""pop"":324914},{""t"":""薬屋のひとりごと 第2期"",""cn"":""药屋少女的呢喃 第二季"",""ty"":""动画"",""y"":2025,""pop"":203742},{""t"":""薬屋のひとりごと 第3期"",""cn"":""药屋少女的呢喃 第三季"",""ty"":""动画"",""y"":2026,""pop"":68575},{""t"":""薬屋のひとりごと"",""cn"":""药屋少女的呢喃"",""ty"":""漫画"",""y"":2017,""pop"":46612},{""t"":""薬屋のひとりごと 亡妃の秘宝"",""cn"":"""",""ty"":""动画"",""y"":2026,""pop"":23598},{""t"":""薬屋のひとりごと"",""cn"":""药屋少女的呢喃"",""ty"":""轻小说"",""y"":2014,""pop"":13748}]",花街で薬師をやっていたが、現在は後宮で下働きをしている。 毒と薬に異常に執着を持つ。 元来の好奇心と正義感から、とある事件に関わったことで運命が一変する。,22404,22404,0,566,,https://s4.anilist.co/file/anilistcdn/character/large/b126824-MqsCncTO1qpv.png,https://s4.anilist.co/file/anilistcdn/character/medium/b126824-MqsCncTO1qpv.png,https://lain.bgm.tv/r/400/pic/crt/l/63/84/61330_crt_GRcpk.jpg?r=1738768905,,,https://anilist.co/character/126824,https://bgm.tv/character/61330,,61330
al65535,anilist,12,31,,山田一二三,山田一二三,Hifumi Yamada,Huffy / Super High School Level Doujin Author (超高校級の同人作家) / Ultimate Fanfic Creator / Ultimate Fanfic Creator,男,O,,动画|漫画|轻小说|Galgame,动画,ダンガンロンパ 希望の学園と絶望の高校生 The Animation,弹丸论破 希望学园与绝望高中生,2013,动画,"[{""t"":""ダンガンロンパ 希望の学園と絶望の高校生 The Animation"",""cn"":""弹丸论破 希望学园与绝望高中生"",""ty"":""动画"",""y"":2013,""pop"":233260},{""t"":""ダンガンロンパ3 -The End of 希望ヶ峰学園-　絶望編"",""cn"":""弹丸论破3 -The End of 希望之峰学园- 绝望篇"",""ty"":""动画"",""y"":2016,""pop"":89210},{""t"":""ダンガンロンパ 希望の学園と絶望の高校生"",""cn"":""弹丸论破 希望的学园和绝望高中生"",""ty"":""Galgame"",""y"":2010,""pop"":15953},{""t"":""ニューダンガンロンパV3 みんなのコロシアイ新学期"",""cn"":""新弹丸论破V3 大家的自相残杀新学期"",""ty"":""Galgame"",""y"":2017,""pop"":8847},{""t"":""ダンガンロンパ 希望の学園と絶望の高校生 The Animation"",""cn"":""弹丸论破 希望学园与绝望高中生"",""ty"":""漫画"",""y"":2013,""pop"":5507},{""t"":""ダンガンロンパ 希望の学園と絶望の高校生"",""cn"":""弹丸论破 希望的学园和绝望高中生"",""ty"":""漫画"",""y"":2011,""pop"":1758}]",超高校級の「同人作家」。頭部は栗のようになっており、丸々と太った下ぶくれ体型をしているが、足だけは妙に細い。いつも着用している丸眼鏡とリュックも特徴。 以前在籍していた学校の文化祭で、自作の同人誌1万部が完売したという偉業を達成した伝説を持つ。 興味・知識・言動・体型といった全てが極めてオタク臭くネタ発言も多いが、対人関係に壁を作ったりせず、周囲には溶け込んでいる。,15953,55,15953,5,,https://s4.anilist.co/file/anilistcdn/character/large/b65535-4ilWWg0b012I.png,https://s4.anilist.co/file/anilistcdn/character/medium/b65535-4ilWWg0b012I.png,https://t.vndb.org/ch/61/72761.jpg|https://lain.bgm.tv/r/400/pic/crt/l/a5/40/18036_crt_bPgII.jpg?r=1534940329,,Black Ahoge Short Pale Trousers Hotblooded Hidden Overweight Glasses Cardigan,https://anilist.co/character/65535,https://bgm.tv/character/18036,https://vndb.org/c10194,18036
al210,anilist,12,31,,浦原喜助,浦原喜助,Kisuke Urahara,Mr Hat-And-Clogs,男,,,动画|漫画,动画,BLEACH,死神,2004,动画,"[{""t"":""BLEACH"",""cn"":""死神"",""ty"":""动画"",""y"":2004,""pop"":521026},{""t"":""BLEACH 千年血戦篇"",""cn"":""死神 千年血战篇"",""ty"":""动画"",""y"":2022,""pop"":207081},{""t"":""BLEACH 千年血戦篇-訣別譚-"",""cn"":""死神 千年血战篇-诀别谭-"",""ty"":""动画"",""y"":2023,""pop"":143301},{""t"":""BLEACH"",""cn"":""死神"",""ty"":""漫画"",""y"":2001,""pop"":121044},{""t"":""BLEACH 千年血戦篇-相剋譚-"",""cn"":""死神 千年血战篇-相克谭-"",""ty"":""动画"",""y"":2024,""pop"":117708},{""t"":""BLEACH 千年血戦篇-禍進譚-"",""cn"":""死神 千年血战篇-祸进谭-"",""ty"":""动画"",""y"":2026,""pop"":86495}]",かつての十二番隊隊長であり、技術開発局の初代局長。 現在は現世で駄菓子屋「浦原商店」を営み、 死神に対しても様々な品物を提供。 死神として成長していく一護を様々な形でサポートしている。,8618,8618,0,82,,https://s4.anilist.co/file/anilistcdn/character/large/b210-mw01NrQfRjzT.png,https://s4.anilist.co/file/anilistcdn/character/medium/b210-mw01NrQfRjzT.png,https://lain.bgm.tv/r/400/pic/crt/l/87/df/6888_crt_K22x0.jpg?r=1779275018,,,https://anilist.co/character/210,https://bgm.tv/character/6888,,6888
al162722,anilist,12,31,,伏黑甚尔,伏黒甚爾,Touji Fushiguro,Sorcerer Killer / Toji Fushiguro / Touji Zenin,男,,,动画|漫画,动画,呪術廻戦 第2期,,2023,动画,"[{""t"":""呪術廻戦 第2期"",""cn"":"""",""ty"":""动画"",""y"":2023,""pop"":491128},{""t"":""呪術廻戦 死滅回游 前編"",""cn"":""咒术回战 死灭回游 前篇"",""ty"":""动画"",""y"":2026,""pop"":258346},{""t"":""呪術廻戦"",""cn"":""咒术回战"",""ty"":""漫画"",""y"":2018,""pop"":252773},{""t"":""呪術廻戦 懐玉・玉折"",""cn"":"""",""ty"":""动画"",""y"":2025,""pop"":28638},{""t"":""呪術廻戦≡"",""cn"":""咒术回战≡"",""ty"":""漫画"",""y"":2025,""pop"":23200},{""t"":""呪術廻戦『渋谷事変 特別編集版』×『死滅回游 先行上映』"",""cn"":"""",""ty"":""动画"",""y"":2025,""pop"":21145}]",伏黒恵の実父。右側の口元に傷がある。 婿入りし、「禪院甚爾」から「伏黒甚爾」に改姓した。 呪術界御三家の一つ・禪院家の出だが、生まれつき呪力が無く、呪力を媒介として発動する術式は一切使用できない。そのため、術式至上主義の禪院家での扱いは非常に悪かった。 禪院家での扱いによりグレ、実家を出奔。恵の実母と出逢ったことで一時期性格が丸くなるも、恵を生んだ後すぐに彼女が亡くなったことで再び荒れてしまった。,7818,7818,0,32,,https://s4.anilist.co/file/anilistcdn/character/large/b162722-btzdghBizxKS.jpg,https://s4.anilist.co/file/anilistcdn/character/medium/b162722-btzdghBizxKS.jpg,https://lain.bgm.tv/r/400/pic/crt/l/8e/7b/88003_crt_bfyy3.jpg,,,https://anilist.co/character/162722,https://bgm.tv/character/88003,,88003
al126065,anilist,12,31,,米歇尔·博林杰,ミシェル・ボランジェ,Michel Bollinger,Dark†Knight / Dark Knight,男,A,27,漫画|轻小说|Galgame,Galgame,ファタモルガーナの館,海市蜃楼之馆,2012,Galgame,"[{""t"":""ファタモルガーナの館"",""cn"":""海市蜃楼之馆"",""ty"":""Galgame"",""y"":2012,""pop"":7595},{""t"":""ファタモルガーナの館 ―The house in Fata morgana― あなたの原典に至る物語"",""cn"":"""",""ty"":""轻小说"",""y"":2014,""pop"":6644},{""t"":""ファタモルガーナの館 -Another Episodes-"",""cn"":""海市蜃楼之馆 -A Requiem for Innocence-"",""ty"":""Galgame"",""y"":2015,""pop"":2656},{""t"":""ファタモルガーナの館 あなたの瞳を閉ざす物語"",""cn"":"""",""ty"":""漫画"",""y"":2014,""pop"":2352},{""t"":""セブンスコート"",""cn"":""第七境"",""ty"":""Galgame"",""y"":2013,""pop"":367},{""t"":""紡がれることもなく、脚光も浴びず、ただ滅びゆく物語に"",""cn"":"""",""ty"":""Galgame"",""y"":2013,""pop"":273}]",ボランジェ家末子、二十七歳 いわくつきの館に住み続ける男 外界と接することを嫌っているのか、 全ての窓は鎧戸か木板で閉ざされている 感情表現に乏しく、滅多に笑わない しかしたった一人で時を過ごしてきた彼にとって、 それは普通のことなのだろう ある人物と接することで、彼は人間らしさを取り戻していくのだが……,7595,1237,7595,82,,https://s4.anilist.co/file/anilistcdn/character/large/b126065-WvefnJdpBpnH.png,https://s4.anilist.co/file/anilistcdn/character/medium/b126065-WvefnJdpBpnH.png,https://t.vndb.org/ch/62/54762.jpg|https://lain.bgm.tv/r/400/pic/crt/l/f2/35/64321_crt_M2v9w.jpg?r=1533631503,,White Ponytail Waist Length+ Straight Slim Pale Trousers Cooking Assault Amnesia,https://anilist.co/character/126065,https://bgm.tv/character/64321,https://vndb.org/c45458,64321
al6977,anilist,12,31,,黑沼爽子,黒沼爽子,Sawako Kuronuma,Sadako,女,O,15-18,动画|漫画,动画,君に届け,好想告诉你,2009,动画,"[{""t"":""君に届け"",""cn"":""好想告诉你"",""ty"":""动画"",""y"":2009,""pop"":250904},{""t"":""君に届け 2ND SEASON"",""cn"":""好想告诉你 第二季"",""ty"":""动画"",""y"":2011,""pop"":120902},{""t"":""君に届け 3RD SEASON"",""cn"":""好想告诉你 第三季"",""ty"":""动画"",""y"":2024,""pop"":48768},{""t"":""君に届け"",""cn"":""好想告诉你"",""ty"":""漫画"",""y"":2006,""pop"":37683},{""t"":""君に届け ミニトド劇場"",""cn"":"""",""ty"":""动画"",""y"":2011,""pop"":13826},{""t"":""君に届け 番外編～運命の人～"",""cn"":"""",""ty"":""漫画"",""y"":2018,""pop"":3246}]",阴气、超长黑发、在夏天也煞白的皮肤。和灵感少女以及令人恐惧的超阴气容貌正好相反。性格很开朗，即使是微笑的事情也会马上感动！（喜欢流泪）从风早那里得到勇气，开始一点点和班上的同学熟悉起来。 人物特点： - 能一瞬间让对方凝固的笑容问好是每天的必修课 - 绰号贞子，谣言很多 : - 具有很强的恐怖灵感 - 和她对视三秒以上会被诅咒 - 一天内和她对视三次就会有不幸降临 - 坐在她的位子上就会被作祟 - 见到她笑就会有好运降临 - 装扮起来是超可爱美女 - 学习、烹饪、手工艺都很棒,4833,4833,0,201,,https://s4.anilist.co/file/anilistcdn/character/large/b6977-rCtlFRoYgE07.png,https://s4.anilist.co/file/anilistcdn/character/medium/b6977-rCtlFRoYgE07.png,https://lain.bgm.tv/r/400/pic/crt/l/61/10/1677_crt_C5ZZ3.jpg?r=1704007219,,,https://anilist.co/character/6977,https://bgm.tv/character/1677,,1677
vndb-c71526,vndb,12,31,,橘淳之介,橘 淳之介,Tachibana Junnosuke,Six Million Glory Hole Man / 膣溶接マン,男,AB,,Galgame,Galgame,抜きゲーみたいな島に住んでる貧乳はどうすりゃいいですか？,,2018,Galgame,"[{""t"":""抜きゲーみたいな島に住んでる貧乳はどうすりゃいいですか？"",""cn"":"""",""ty"":""Galgame"",""y"":2018,""pop"":3074},{""t"":""抜きゲーみたいな島に住んでる貧乳はどうすりゃいいですか？ 2"",""cn"":"""",""ty"":""Galgame"",""y"":2019,""pop"":1604}]",本作の主人公。 愛のないセックスを真っ向から否定する処女厨で、 青藍島にありながらドスケベセックスを拒否している。 反交尾勢力「NLNS（No Love No Sex）」を立ち上げ、島の条例に反抗する。 「――俺が、ドスケベ条例をぶっ潰す」,3074,0,3074,57,,https://t.vndb.org/ch/04/86504.jpg,https://t.vndb.org/ch/04/86504.jpg,https://lain.bgm.tv/r/400/pic/crt/l/e7/89/106312_crt_tioDX.jpg,#c79b8d #4e3938 #e0cdcb #e8e9ef #f9f9f9,Brown Short Straight Teen Pale School Uniform Trousers Dress Shoes Proactive Hard Worker,,https://bgm.tv/character/106312,https://vndb.org/c71526,106312
al67323,anilist,12,31,1994,泽村大地,澤村大地,Daichi Sawamura,,男,,17-,动画|漫画,动画,ハイキュー!!,排球少年!!,2014,动画,"[{""t"":""ハイキュー!!"",""cn"":""排球少年!!"",""ty"":""动画"",""y"":2014,""pop"":583268},{""t"":""ハイキュー!! セカンドシーズン"",""cn"":""排球少年 第二季"",""ty"":""动画"",""y"":2015,""pop"":398770},{""t"":""ハイキュー!! 烏野高校 VS 白鳥沢学園高校"",""cn"":""排球少年 乌野高校 VS 白鸟泽学园高校"",""ty"":""动画"",""y"":2016,""pop"":362356},{""t"":""ハイキュー!! TO THE TOP"",""cn"":""排球少年 TO THE TOP"",""ty"":""动画"",""y"":2020,""pop"":293887},{""t"":""ハイキュー!! TO THE TOP 2"",""cn"":"""",""ty"":""动画"",""y"":2020,""pop"":255078},{""t"":""ハイキュー！！"",""cn"":""排球少年!!"",""ty"":""漫画"",""y"":2012,""pop"":101913}]",烏野高校主将にして、プレー面でも精神面でもチームの支柱となる不動の大黒柱。 スパイカーながら守備にも優れ、攻撃面に傾きがちなチームを支えている。 ただし怒ると本当に怖い。,2509,2509,0,40,,https://s4.anilist.co/file/anilistcdn/character/large/b67323-yFbLDAfJ5ysG.png,https://s4.anilist.co/file/anilistcdn/character/medium/b67323-yFbLDAfJ5ysG.png,https://lain.bgm.tv/r/400/pic/crt/l/e9/f5/24324_crt_8dKKR.jpg?r=1414390742,,,https://anilist.co/character/67323,https://bgm.tv/character/24324,,24324
vndb-c2842,vndb,12,31,,,小太刀 凪,Kodachi Nagi,KDC,女,A,,Galgame,Galgame,大図書館の羊飼い,,2013,Galgame,"[{""t"":""大図書館の羊飼い"",""cn"":"""",""ty"":""Galgame"",""y"":2013,""pop"":2275},{""t"":""大図書館の羊飼い -Dreaming Sheep-"",""cn"":"""",""ty"":""Galgame"",""y"":2014,""pop"":383}]",Kyoutarou's neighbor. She likes to eat snacks often and watching TV while making misleading actions that leaves Kyoutarou very confused.,2275,0,2275,0,,https://t.vndb.org/ch/19/10219.jpg,https://t.vndb.org/ch/19/10219.jpg,,#932e3b #c07c86 #dcbcc1 #f1e0e1 #f9f4f1 #ffffff,Red Ahoge Twin Tails Shoulder-length Straight Teen Slim Pale Magician Doggy Style,,,https://vndb.org/c2842,
al81699,anilist,12,31,,,スーシィ・マンババラン,Sucy Manbavaran,,女,,16,动画|漫画,动画,リトルウィッチアカデミア (TV),,2017,动画,"[{""t"":""リトルウィッチアカデミア (TV)"",""cn"":"""",""ty"":""动画"",""y"":2017,""pop"":167097},{""t"":""リトルウィッチアカデミア"",""cn"":""小魔女学园"",""ty"":""动画"",""y"":2013,""pop"":101186},{""t"":""リトルウィッチアカデミア 魔法仕掛けのパレード"",""cn"":""小魔女学园 魔法游行"",""ty"":""动画"",""y"":2015,""pop"":54917},{""t"":""宇宙パトロールルル子"",""cn"":""宇宙巡警露露子"",""ty"":""动画"",""y"":2016,""pop"":50797},{""t"":""リトルウィッチアカデミア"",""cn"":""小魔女学园"",""ty"":""漫画"",""y"":2016,""pop"":3744},{""t"":""リトルウィッチアカデミア"",""cn"":""小魔女学园"",""ty"":""漫画"",""y"":2013,""pop"":1534}]","163 cm Luna Nova Magical Academy Witch Student Sucy is an aloof, calm, sarcastic, and somewhat sadistic person. She also surprisingly remains indifferent in various situations and things that drive the other girls crazy, which shows that sh…",1540,1540,0,0,,https://s4.anilist.co/file/anilistcdn/character/large/81699-mAzqlNupKWOB.jpg,https://s4.anilist.co/file/anilistcdn/character/medium/81699-mAzqlNupKWOB.jpg,,,,https://anilist.co/character/81699,,,
al126754,anilist,12,31,,,松坂さとう,Satou Matsuzaka,Satou-mew / The Sugar Girl,女,,16,动画|漫画,动画,ハッピーシュガーライフ,,2018,动画,"[{""t"":""ハッピーシュガーライフ"",""cn"":"""",""ty"":""动画"",""y"":2018,""pop"":101757},{""t"":""ハッピーシュガーライフ"",""cn"":"""",""ty"":""漫画"",""y"":2015,""pop"":14554},{""t"":""ホワイトシュガーガーデン、ブラックソルトケージ"",""cn"":"""",""ty"":""漫画"",""y"":2014,""pop"":591}]",Satou Matsuzaka learns to love for the first time after meeting [Shio Koube](//anilist.co/character/126755) and lives with her in a shared apartment.,1535,1535,0,0,,https://s4.anilist.co/file/anilistcdn/character/large/b126754-8qXcvqW1gPNf.png,https://s4.anilist.co/file/anilistcdn/character/medium/b126754-8qXcvqW1gPNf.png,,,,https://anilist.co/character/126754,,,
al138897,anilist,12,31,,,三色院菫子,Sumireko Sanshokuin,Panji / Pansy / 三色華,女,O,16-17,动画|漫画|轻小说,动画,俺を好きなのはお前だけかよ,,2019,动画,"[{""t"":""俺を好きなのはお前だけかよ"",""cn"":"""",""ty"":""动画"",""y"":2019,""pop"":139869},{""t"":""俺を好きなのはお前だけかよ～俺たちのゲームセット～"",""cn"":"""",""ty"":""动画"",""y"":2020,""pop"":44017},{""t"":""俺を好きなのはお前だけかよ"",""cn"":"""",""ty"":""漫画"",""y"":2017,""pop"":7009},{""t"":""俺を好きなのはお前だけかよ"",""cn"":"""",""ty"":""轻小说"",""y"":2016,""pop"":1756}]","Sumireko Sanshokuin is one of the three initial heroines introduced in the series. Her nickname, Pansy, is a wordplay from her full name 三色院菫子.",1422,1422,0,0,,https://s4.anilist.co/file/anilistcdn/character/large/b138897-rhOv1iU3ttl4.jpg,https://s4.anilist.co/file/anilistcdn/character/medium/b138897-rhOv1iU3ttl4.jpg,,,,https://anilist.co/character/138897,,,
al4883,anilist,12,31,,,ゴールド・ロジャー,Roger Gold,Kaizoku Ou (海賊王) / King of the Pirates,男,S,53,动画|漫画,动画,ONE PIECE,航海王,1999,动画,"[{""t"":""ONE PIECE"",""cn"":""航海王"",""ty"":""动画"",""y"":1999,""pop"":750384},{""t"":""ONE PIECE"",""cn"":""航海王"",""ty"":""漫画"",""y"":1997,""pop"":232766},{""t"":""ONE PIECE STAMPEDE"",""cn"":""航海王：狂热行动"",""ty"":""动画"",""y"":2019,""pop"":62019},{""t"":""ONE PIECE FAN LETTER"",""cn"":"""",""ty"":""动画"",""y"":2024,""pop"":58152},{""t"":""THE ONE PIECE"",""cn"":"""",""ty"":""动画"",""y"":2027,""pop"":25854},{""t"":""ONE PIECE FILM STRONG WORLD EPISODE:0"",""cn"":"""",""ty"":""动画"",""y"":2010,""pop"":18755}]","274 cm (9'0"") ~!5,564,800,000!~ Gold Roger was the Pirate King, the strongest pirate alive, and owner of the legendary treasure known as One Piece.",1399,1399,0,0,,https://s4.anilist.co/file/anilistcdn/character/large/b4883-0t76xH00sehO.png,https://s4.anilist.co/file/anilistcdn/character/medium/b4883-0t76xH00sehO.png,,,,https://anilist.co/character/4883,,,
al74850,anilist,12,31,,,北白川たまこ,Tamako Kitashirakawa,Tama,女,O,15-17,动画|轻小说,动画,たまこまーけっと,,2013,动画,"[{""t"":""たまこまーけっと"",""cn"":"""",""ty"":""动画"",""y"":2013,""pop"":128837},{""t"":""たまこラブストーリー"",""cn"":"""",""ty"":""动画"",""y"":2014,""pop"":120506},{""t"":""たまこまーけっと ぺったんこアニメ"",""cn"":"""",""ty"":""动画"",""y"":2013,""pop"":10902},{""t"":""たまこまーけっと"",""cn"":"""",""ty"":""轻小说"",""y"":2013,""pop"":564},{""t"":""たまこラブストーリー"",""cn"":"""",""ty"":""轻小说"",""y"":2014,""pop"":416}]","156 cm (5'1"") Tamako is a first-year in high school whose family runs a mochi shop in their town's shopping district called Tama-ya. She enjoys her high school life and the baton club with her friends Kanna and Midori.",1356,1356,0,0,,https://s4.anilist.co/file/anilistcdn/character/large/b74850-D8ksLbb9p9cw.png,https://s4.anilist.co/file/anilistcdn/character/medium/b74850-D8ksLbb9p9cw.png,,,,https://anilist.co/character/74850,,,
vndb-c36024,vndb,12,31,,,天,Ame,,女,,,Galgame,Galgame,D.S. -Dal Segno-,,2016,Galgame,"[{""t"":""D.S. -Dal Segno-"",""cn"":"""",""ty"":""Galgame"",""y"":2016,""pop"":1255},{""t"":""D.S. i.F. -Dal Segno- in Future"",""cn"":"""",""ty"":""Galgame"",""y"":2017,""pop"":79}]",- (Caretaker of Paradise) Seeing people smile Has none Ame is a girl-type AI who greeted the protagonist upon his arrival on Kazana Island. She proclaims that it is her role to make everyone on the island happy.,1255,0,1255,0,,https://t.vndb.org/ch/99/48099.jpg,https://t.vndb.org/ch/99/48099.jpg,,#52638c #a1a4bd #f5d1a9 #c7dae9 #f3f3ea #ffffff,Blue Short Straight Teen Slim Pale Hard Worker Cowgirl Standing Sex Blue,,,https://vndb.org/c36024,
vndb-c40407,vndb,12,31,,,パトリシア・オブ・エンド,Patricia of End,Pato-nee / Patricia of the Netherworld,女,,,Galgame,Galgame,ノラと皇女と野良猫ハート,,2016,Galgame,"[{""t"":""ノラと皇女と野良猫ハート"",""cn"":"""",""ty"":""Galgame"",""y"":2016,""pop"":1255},{""t"":""ノラと皇女と野良猫ハート2"",""cn"":"""",""ty"":""Galgame"",""y"":2017,""pop"":653},{""t"":""BALDR HEART"",""cn"":"""",""ty"":""Galgame"",""y"":2016,""pop"":272},{""t"":""BALDR HEART"",""cn"":"""",""ty"":""Galgame"",""y"":2016,""pop"":272}]","The Princess of the Netherworld. She came to the surface to destroy it, but fell ill after experiencing the abundant life around her. Luckily Nora was there to save her.",1255,0,1255,0,,https://t.vndb.org/ch/86/74386.jpg,https://t.vndb.org/ch/86/74386.jpg,,#321b21 #b78179 #f1ca99 #efe4c6 #f6f1e7 #ffffff,Blond Twin Tails Shoulder-length Teen Slim Pale School Uniform Missionary Doggy Style Cowgirl,,,https://vndb.org/c40407,
al209686,anilist,12,31,,,钟离,Zhongli,,男,,,漫画,漫画,原神 電撃コミックアンソロジー,,2021,漫画,"[{""t"":""原神 電撃コミックアンソロジー"",""cn"":"""",""ty"":""漫画"",""y"":2021,""pop"":2975},{""t"":""原神 コミックアンソロジー"",""cn"":"""",""ty"":""漫画"",""y"":2021,""pop"":1857}]","Geo ~!Lapis Dei!~ ~!6000+!~ Wangsheng Funeral Parlor's mysterious consultant. Handsome, elegant, and surpassingly learned. Though no one knows where Zhongli is from, he is a master of courtesy and rules.",1026,1026,0,0,,https://s4.anilist.co/file/anilistcdn/character/large/b209686-GMeNj5q9gkkz.png,https://s4.anilist.co/file/anilistcdn/character/medium/b209686-GMeNj5q9gkkz.png,,,,https://anilist.co/character/209686,,,
al84811,anilist,12,31,,,クロ,Kuro,Sleepy Ash or Sloth,男,,18,动画|漫画,动画,SERVAMP,,2016,动画,"[{""t"":""SERVAMP"",""cn"":"""",""ty"":""动画"",""y"":2016,""pop"":69566},{""t"":""SERVAMP -サーヴァンプ-: Alice in the Garden"",""cn"":"""",""ty"":""动画"",""y"":2018,""pop"":7731},{""t"":""SERVAMP -サーヴァンプ-"",""cn"":"""",""ty"":""漫画"",""y"":2011,""pop"":5944}]","Kuro is a Servamp ( a vampire + servant). He was named Kuro, by his Eve, [Mahiru Shirota](//anilist.co/character/87273/Mahiru-Shirota), is the Servamp of Sloth. He is the oldest of the eight Servamps.",1014,1014,0,0,,https://s4.anilist.co/file/anilistcdn/character/large/b84811-RDyPkcFD3snW.png,https://s4.anilist.co/file/anilistcdn/character/medium/b84811-RDyPkcFD3snW.png,,,,https://anilist.co/character/84811,,,
vndb-c25742,vndb,12,31,,,ニューナンバーサーティーン,ν-No.13-,Flappy-flap / Nu-13,女,,,Galgame,Galgame,BLAZBLUE CALAMITY TRIGGER,,2008,Galgame,"[{""t"":""BLAZBLUE CALAMITY TRIGGER"",""cn"":"""",""ty"":""Galgame"",""y"":2008,""pop"":969},{""t"":""BLAZBLUE CONTINUUM SHIFT"",""cn"":"""",""ty"":""Galgame"",""y"":2009,""pop"":730},{""t"":""BLAZBLUE CHRONOPHANTASMA"",""cn"":"""",""ty"":""Galgame"",""y"":2013,""pop"":423},{""t"":""BLAZBLUE CENTRALFICTION"",""cn"":"""",""ty"":""Galgame"",""y"":2016,""pop"":356}]","Thinking about Ragna Ragna Ragna Everything else ν-No.13- is a Murakumo Unit who was sealed in the Sheol Gate. She is a playable character in Calamity Trigger, Chronophantasma and Central Fiction.",969,0,969,0,1,https://t.vndb.org/ch/79/56679.jpg,https://t.vndb.org/ch/79/56679.jpg,,#7895b3 #3b4669 #aacadd #d4ded9 #edeff0 #ffffff,Antenna Waist Length+ Curtained Teen Slim Pale Sword Fighting Amnesia Red,,,https://vndb.org/c25742,
vndb-c119,vndb,12,31,,,チャック・ザウバー,Chuck Sauber,Jack Bauer,男,,,Galgame,Galgame,マブラヴ ALTERED FABLE,Muv-Luv ALTERED FABLE,2007,Galgame,,A parody of Jack Bauer from the American television series 24. He is a mysterious and scary guy who causes all kinds of trouble for Takeru.,874,0,874,0,,https://t.vndb.org/ch/50/150.jpg,https://t.vndb.org/ch/50/150.jpg,,#262d3a #717e91 #97aaba #3e444c #565e68 #d2e6e8,Brown Short Straight Slim Pale Sweater Villain Fighting Green Adult,,,https://vndb.org/c119,
al72459,anilist,12,31,,,沢田ほのか,Honoka Sawada,,女,,,动画|漫画,动画,ホリミヤ,堀与宫村,2021,动画,"[{""t"":""ホリミヤ"",""cn"":""堀与宫村"",""ty"":""动画"",""y"":2021,""pop"":541084},{""t"":""ホリミヤ -piece-"",""cn"":""堀与宫村 -piece-"",""ty"":""动画"",""y"":2023,""pop"":164326},{""t"":""ホリミヤ"",""cn"":""堀与宫村"",""ty"":""漫画"",""y"":2011,""pop"":122820},{""t"":""堀さんと宮村くん"",""cn"":""堀桑与宫村君"",""ty"":""漫画"",""y"":2008,""pop"":5154}]","150 cm Sawada is a very clingy towards Kyouko Hori. Due to her attachment to Hori, she often gets angry when Hori is together with Izumi Miyamura, choosing to push him away.",763,763,0,0,,https://s4.anilist.co/file/anilistcdn/character/large/b72459-NbyXnBAjLxKT.png,https://s4.anilist.co/file/anilistcdn/character/medium/b72459-NbyXnBAjLxKT.png,,,,https://anilist.co/character/72459,,,
al89106,anilist,12,31,,,クラウス・V・ラインヘルツ,Klaus von Reinherz,,男,,28,动画|漫画,动画,血界戦線,,2015,动画,"[{""t"":""血界戦線"",""cn"":"""",""ty"":""动画"",""y"":2015,""pop"":229826},{""t"":""血界戦線 & BEYOND"",""cn"":"""",""ty"":""动画"",""y"":2017,""pop"":110317},{""t"":""血界戦線 王様のレストランの王様"",""cn"":"""",""ty"":""动画"",""y"":2016,""pop"":14203},{""t"":""血界戦線 & BEYOND OVA"",""cn"":"""",""ty"":""动画"",""y"":2018,""pop"":11668},{""t"":""血界戦線"",""cn"":"""",""ty"":""漫画"",""y"":2009,""pop"":7491},{""t"":""血界戦線 Back 2 Back"",""cn"":"""",""ty"":""漫画"",""y"":2015,""pop"":2368}]","The leader of Libra and young head of the noble Reinherz family. A large, very powerful man with a distinctive underbite, he is actually very well composed and gentlemanly and honest to a fault, with an unshakable will.",740,740,0,0,,https://s4.anilist.co/file/anilistcdn/character/large/b89106-nhuUmojcyv9w.png,https://s4.anilist.co/file/anilistcdn/character/medium/b89106-nhuUmojcyv9w.png,,,,https://anilist.co/character/89106,,,
vndb-c89449,vndb,12,31,,,螢彩院・F・琉輝,Keisaiin F Ryuki,Appearance Parasite / Glamor Parasite,男,AB,,Galgame,Galgame,キューピット・パラサイト,,2020,Galgame,"[{""t"":""キューピット・パラサイト"",""cn"":"""",""ty"":""Galgame"",""y"":2020,""pop"":728},{""t"":""キューピット・パラサイト -Sweet & Spicy Darling.-"",""cn"":"""",""ty"":""Galgame"",""y"":2023,""pop"":167}]",A famous fashion designer who was born into the Keisaiin family that runs a famous male clothing brand called “IN”. He also has launched a brand called “Ryuki” as a successful fashion designer.,728,0,728,0,,https://t.vndb.org/ch/91/107991.jpg,https://t.vndb.org/ch/91/107991.jpg,,#cdcc63 #403d59 #faf0e0 #a49698 #dbcdc4 #fdfcfb,Black Ahoge Short Green Teen Pale Violet Tsundere Boku Full Brother,,,https://vndb.org/c89449,
vndb-c80994,vndb,12,31,,,,Madison Raines,Mads / Maddie,女,,,Galgame,Galgame,Heart of the Woods,,2019,Galgame,"[{""t"":""Heart of the Woods"",""cn"":"""",""ty"":""Galgame"",""y"":2019,""pop"":672},{""t"":""TARANORMAL"",""cn"":"""",""ty"":""Galgame"",""y"":2018,""pop"":58}]","A part-time manager, part-time video editor, and full-time babysitter, Maddie has the thankless job of handling the absolute whirlwind that is her best friend Tara.",672,0,672,0,,https://t.vndb.org/ch/19/98219.jpg,https://t.vndb.org/ch/19/98219.jpg,,#e3d0aa #a28b80 #282222 #403839 #655c5b #100f0f,Blond Long Brown Slim Pale Magician Cunnilingus Young-adult Coat Dress,,,https://vndb.org/c80994,
vndb-c6899,vndb,12,31,,,沢渡 葵,Sawatari Aoi,,女,O,,Galgame,Galgame,ピリオド,,2007,Galgame,"[{""t"":""ピリオド"",""cn"":"""",""ty"":""Galgame"",""y"":2007,""pop"":635},{""t"":""ピリオド sweet drops"",""cn"":"""",""ty"":""Galgame"",""y"":2008,""pop"":22}]",Aoi is one of Mitsuki's classmates and a good friend of his. She is popular with both the boys and girls of the school thanks to her outgoing personality.,635,0,635,0,,https://t.vndb.org/ch/39/18739.jpg,https://t.vndb.org/ch/39/18739.jpg,,#302922 #b0bac7 #7b8083 #ecdcd4 #f9f4eb #ffffff,Brown Short Teen Slim Pale School Uniform Cooking Missionary Cowgirl Virgin Sex,,,https://vndb.org/c6899,
vndb-c981,vndb,12,31,,,桐島 さくら,Kirishima Sakura,,女,B,,Galgame,Galgame,さくらさくら,,2009,Galgame,"[{""t"":""さくらさくら"",""cn"":"""",""ty"":""Galgame"",""y"":2009,""pop"":603},{""t"":""さくらさくら FESTIVAL！"",""cn"":"""",""ty"":""Galgame"",""y"":2013,""pop"":28}]","The class representative and cool beauty in the next seat over. When the other Fine Arts Club members protested Tohru's entry into the club, all it took was for Sakura to say, “I will take responsibility,” to convert them into unanimously a…",603,0,603,0,,https://t.vndb.org/ch/11/70111.jpg,https://t.vndb.org/ch/11/70111.jpg,,#d4c2a7 #434751 #87878c #e7dfdd #faf7f3 #ffffff,Black Antenna Shoulder-length Teen Slim Pale School Uniform Hard Worker Cooking Doggy Style,,,https://vndb.org/c981,
al139895,anilist,12,31,,,立花夕月,Yuzuki Tachibana,Yuzu,女,,14,动画|漫画|轻小说,动画,大正オトメ御伽話,大正处女御伽话,2021,动画,"[{""t"":""大正オトメ御伽話"",""cn"":""大正处女御伽话"",""ty"":""动画"",""y"":2021,""pop"":54079},{""t"":""大正処女御伽話"",""cn"":""大正处女御伽话"",""ty"":""漫画"",""y"":2015,""pop"":11420},{""t"":""昭和オトメ御伽話"",""cn"":"""",""ty"":""漫画"",""y"":2018,""pop"":2200},{""t"":""大正処女御伽話-厭世家ノ食卓-"",""cn"":"""",""ty"":""漫画"",""y"":2021,""pop"":773},{""t"":""大正処女御伽話 共ニ歩ム春夏秋冬"",""cn"":"""",""ty"":""轻小说"",""y"":2021,""pop"":131}]","Tamahiko's bride. She was purchased for ¥200,000 by Tamahiko's father.",525,525,0,0,,https://s4.anilist.co/file/anilistcdn/character/large/b139895-sJXsDrmmcAIV.jpg,https://s4.anilist.co/file/anilistcdn/character/medium/b139895-sJXsDrmmcAIV.jpg,,,,https://anilist.co/character/139895,,,
al181339,anilist,12,31,,,無陀野無人,Naito Mudano,,男,,,动画|漫画,动画,桃源暗鬼,,2025,动画,"[{""t"":""桃源暗鬼"",""cn"":"""",""ty"":""动画"",""y"":2025,""pop"":76228},{""t"":""桃源暗鬼"",""cn"":"""",""ty"":""漫画"",""y"":2020,""pop"":22206},{""t"":""桃源暗鬼 日光・華厳の滝編"",""cn"":"""",""ty"":""动画"",""y"":2026,""pop"":9906},{""t"":""おにもももも"",""cn"":"""",""ty"":""动画"",""y"":2025,""pop"":534}]","The teacher of Shiki's class. A taciturn, strict man, he is a highly-skilled fighter respected as such by both the oni and the Momotarou. He often travels on roller skates instead of walking.",411,411,0,0,,https://s4.anilist.co/file/anilistcdn/character/large/b181339-wh2LH48Bw3tN.png,https://s4.anilist.co/file/anilistcdn/character/medium/b181339-wh2LH48Bw3tN.png,,,,https://anilist.co/character/181339,,,
vndb-c7171,vndb,12,31,,,掛川 優梨,Kakegawa Yuri,,女,AB,,Galgame,Galgame,へんし～ん!!! ～パンツになってクンクンペロペロ～,,2011,Galgame,,A married woman who lives in the room next to the main character's apartment. Her husband is on a single assignment. Her job is Merakawa Yuzu's manager. She comes home only occasionally.,342,0,342,0,,https://t.vndb.org/ch/17/9617.jpg,https://t.vndb.org/ch/17/9617.jpg,,#92777a #ccb4a3 #f6edba #eee3db #ffffff,Pink Bob Cut Curtained Short Slim Pale Violet Young-adult Suit Scarf,,,https://vndb.org/c7171,
al157117,anilist,12,31,,,森まる,Maru Mori,,女,,,动画|漫画,动画,ブルーピリオド,蓝色时期,2021,动画,"[{""t"":""ブルーピリオド"",""cn"":""蓝色时期"",""ty"":""动画"",""y"":2021,""pop"":154836},{""t"":""ブルーピリオド"",""cn"":""蓝色时期"",""ty"":""漫画"",""y"":2017,""pop"":77012}]",An upperclassman from the art club. Her painting of angels opened Yatora’s eyes to the world of art and inspired him to make art himself.,332,332,0,0,,https://s4.anilist.co/file/anilistcdn/character/large/b157117-pJhhwUaGaMxK.jpg,https://s4.anilist.co/file/anilistcdn/character/medium/b157117-pJhhwUaGaMxK.jpg,,,,https://anilist.co/character/157117,,,
al327415,anilist,12,31,,,ティノ・シェイド,Tino Shade,,女,,,动画|漫画|轻小说,动画,嘆きの亡霊は引退したい,,2024,动画,"[{""t"":""嘆きの亡霊は引退したい"",""cn"":"""",""ty"":""动画"",""y"":2024,""pop"":70435},{""t"":""嘆きの亡霊は引退したい 2"",""cn"":"""",""ty"":""动画"",""y"":2025,""pop"":33934},{""t"":""嘆きの亡霊は引退したい ～最弱ハンターによる最強パーティ育成術～"",""cn"":"""",""ty"":""漫画"",""y"":2019,""pop"":5792},{""t"":""嘆きの亡霊は引退したい~最弱ハンターによる最強パーティ育成術~"",""cn"":"""",""ty"":""轻小说"",""y"":2018,""pop"":721}]",,304,304,0,0,,https://s4.anilist.co/file/anilistcdn/character/large/b327415-rFJckmGfIZI7.png,https://s4.anilist.co/file/anilistcdn/character/medium/b327415-rFJckmGfIZI7.png,,,,https://anilist.co/character/327415,,,
vndb-c61,vndb,12,31,,,霧夜 エリカ,Kiriya Erika,Hime,女,A,,Galgame,Galgame,つよきす,娇蛮之吻,2005,Galgame,"[{""t"":""つよきす"",""cn"":""娇蛮之吻"",""ty"":""Galgame"",""y"":2005,""pop"":284},{""t"":""つよきす３学期"",""cn"":"""",""ty"":""Galgame"",""y"":2011,""pop"":108},{""t"":""つよきす2学期"",""cn"":"""",""ty"":""Galgame"",""y"":2008,""pop"":99},{""t"":""みにきす　～つよきすファンディスク～"",""cn"":"""",""ty"":""Galgame"",""y"":2006,""pop"":37}]","Erika is a second year student from class 2-C, Leo's classmate and the student council president who is sociable, an excellent scholar and athlete.",284,0,284,0,,https://t.vndb.org/ch/44/160444.jpg,https://t.vndb.org/ch/44/160444.jpg,,#926749 #c79f6c #374960 #73879f #e3cfb3 #edf4ef,Blond Ponytail Long Curtained Straight Teen Slim Pale Proactive Missionary,,,https://vndb.org/c61,
al129446,anilist,12,31,,,박하민,Ha-Min Park,,女,,,漫画,漫画,랜덤채팅의 그녀!,,2017,漫画,,Ha-Min usually an intimidating demeanor but shows empathy for those that are close to her. She is extremely intelligent and is the top-scoring student in the school due to the fact that she spends lots of time at cram school.,246,246,0,0,,https://s4.anilist.co/file/anilistcdn/character/large/b129446-X4IrhdoOWzfa.png,https://s4.anilist.co/file/anilistcdn/character/medium/b129446-X4IrhdoOWzfa.png,,,,https://anilist.co/character/129446,,,
vndb-c17695,vndb,12,31,,,佐伯 克哉,Saeki Katsuya,KATSUYA (NORMAL) / KATSUYA (MEGANE),男,AB,,Galgame,Galgame,鬼畜眼鏡,,2007,Galgame,"[{""t"":""鬼畜眼鏡"",""cn"":"""",""ty"":""Galgame"",""y"":2007,""pop"":213},{""t"":""鬼畜眼鏡R 鬼畜眼鏡ファンディス"",""cn"":"""",""ty"":""Galgame"",""y"":2009,""pop"":77}]","""Well then, shall we begin the entertainment?"" The other persona that appears when Katsuya puts on the glasses he received from Mr. R. When he wears the glasses, his abilities increase beyond normal, allowing him to excel at his work.",213,0,213,0,,https://t.vndb.org/ch/47/195247.jpg,https://t.vndb.org/ch/47/195247.jpg,,#414e51 #c6b9a9 #8d8a82 #e1dbd3 #ffffff,Blond Short Pale Missionary Doggy Style Blowjob Sixty-nine Blue Young-adult Suit,,,https://vndb.org/c17695,
vndb-c12972,vndb,12,31,,,朝日奈 梓,Asahina Azusa,,男,A,,Galgame,Galgame,Brothers Conflict,,2012,Galgame,"[{""t"":""Brothers Conflict"",""cn"":"""",""ty"":""Galgame"",""y"":2012,""pop"":203},{""t"":""Brothers Conflict"",""cn"":"""",""ty"":""Galgame"",""y"":2012,""pop"":203}]","Birth 1985/12/31 Azusa is the 6th son and one of the triplets. Like his identical triplet brother Tsubaki, he is also a voice actor. However, he is calmer and less tenacious than Tsubaki and is usually the one to keep Tsubaki in check.",203,0,203,0,,https://t.vndb.org/ch/18/24118.jpg,https://t.vndb.org/ch/18/24118.jpg,,#696f84 #a0a6b1 #e6d4c6 #201f21 #ffffff,Violet Ahoge Short Straight Slim Pale Trousers Violet Young-adult Suit,,,https://vndb.org/c12972,
vndb-c10558,vndb,12,31,,,朝日奈 椿,Asahina Tsubaki,,男,A,,Galgame,Galgame,Brothers Conflict,,2012,Galgame,"[{""t"":""Brothers Conflict"",""cn"":"""",""ty"":""Galgame"",""y"":2012,""pop"":203},{""t"":""Brothers Conflict"",""cn"":"""",""ty"":""Galgame"",""y"":2012,""pop"":203}]","Birth 1985/12/31 Tsubaki is the 5th son of the Asahina family. He’s a young seiyuu working as a set with his beloved twin Azusa. While he’s usually playful and easygoing, Tsubaki actually has a serious side as well.",203,0,203,0,,https://t.vndb.org/ch/28/24128.jpg,https://t.vndb.org/ch/28/24128.jpg,,#ab5f81 #ebd6c7 #c2aeb1 #232122 #edecea #ffffff,White Short Slim Pale Trousers Hard Worker Violet Young-adult Earrings Jacket,,,https://vndb.org/c10558,
al199112,anilist,12,31,2040,,イベット,Yvette,Shaggy,女,,5-,动画|漫画|轻小说,动画,約束のネバーランド2,,2021,动画,"[{""t"":""約束のネバーランド2"",""cn"":"""",""ty"":""动画"",""y"":2021,""pop"":321707},{""t"":""約束のネバーランド"",""cn"":""约定的梦幻岛"",""ty"":""漫画"",""y"":2016,""pop"":133608},{""t"":""約束のネバーランド～ノーマンからの手紙～"",""cn"":"""",""ty"":""轻小说"",""y"":2018,""pop"":1913}]","59294 110 - 133 cm Yvette is a smart and observant girl who is very artistic. She carries a pencil and a block with her. ~!Once they escape, she helps to collect food and draws maps when asked.!~",89,89,0,0,,https://s4.anilist.co/file/anilistcdn/character/large/b199112-xyVfJn8irWMX.png,https://s4.anilist.co/file/anilistcdn/character/medium/b199112-xyVfJn8irWMX.png,,,,https://anilist.co/character/199112,,,
al145100,anilist,12,31,,,獅子王未来,Mirai Shishiou,,女,O,,动画|漫画,动画,Dr.STONE STONE WARS,石纪元 石之战争,2021,动画,"[{""t"":""Dr.STONE STONE WARS"",""cn"":""石纪元 石之战争"",""ty"":""动画"",""y"":2021,""pop"":335280},{""t"":""Dr.STONE NEW WORLD"",""cn"":""石纪元 新世界"",""ty"":""动画"",""y"":2023,""pop"":201922},{""t"":""Dr.STONE NEW WORLD 第2クール"",""cn"":""石纪元 新世界 第2部分"",""ty"":""动画"",""y"":2023,""pop"":138943},{""t"":""Dr.STONE 龍水"",""cn"":""石纪元 龙水"",""ty"":""动画"",""y"":2022,""pop"":123272},{""t"":""Dr.STONE SCIENCE FUTURE"",""cn"":""石纪元 科学与未来"",""ty"":""动画"",""y"":2025,""pop"":115924},{""t"":""Dr.STONE"",""cn"":""石纪元"",""ty"":""漫画"",""y"":2017,""pop"":88854}]","6 12 : 139 cm (4'7"") Mirai is the beloved little sister of [Tsukasa](//anilist.co/character/124144/Tsukasa-Shishiou). Mirai was clinically brain dead prior to the Petrification, the doctors saying she'd never wake up.",70,70,0,0,,https://s4.anilist.co/file/anilistcdn/character/large/b145100-8n5wwBz7AclE.png,https://s4.anilist.co/file/anilistcdn/character/medium/b145100-8n5wwBz7AclE.png,,,,https://anilist.co/character/145100,,,
