id,src,month,day,year,name_cn,name_native,name_romaji,alt_names,gender,blood,age,types,ptype,work,work_cn,work_year,work_fmt,works,summary,heat,fav,votes,collects,nsfw,image,thumb,alts,palette,tags,url_al,url_bgm,url_vndb,bgm_id
bgm-bgm18047,vndb,2,22,,贰大猫丸,弐大 猫丸,Nidai Nekomaru,Mechamaru / Ultimate Team Manager / 超高校級の「マネージャー」 / Super High School Level Manager,男,A,,动画|漫画|Galgame,Galgame,スーパーダンガンロンパ2 さよなら絶望学園,超级弹丸论破2 再见了绝望学园,2012,Galgame,"[{""t"":""スーパーダンガンロンパ2 さよなら絶望学園"",""cn"":""超级弹丸论破2 再见了绝望学园"",""ty"":""Galgame"",""y"":2012,""pop"":13178},{""t"":""ニューダンガンロンパV3 みんなのコロシアイ新学期"",""cn"":""新弹丸论破V3 大家的自相残杀新学期"",""ty"":""Galgame"",""y"":2017,""pop"":8847},{""t"":""スーパーダンガンロンパ２×２ キョウキモード"",""cn"":"""",""ty"":""Galgame"",""y"":2027,""pop"":4},{""t"":""スーパーダンガンロンパ2 さよなら絶望学園"",""cn"":""超级弹丸论破2 再见了绝望学园"",""ty"":""Galgame"",""y"":2012,""pop"":0},{""t"":""ニュー ダンガンロンパV3 みんなのコロシアイ新学期"",""cn"":""新弹丸论破V3 大家的自相残杀新学期"",""ty"":""Galgame"",""y"":2017,""pop"":0},{""t"":""ダンガンロンパ1・2 Reload"",""cn"":""弹丸论破1・2 再装"",""ty"":""Galgame"",""y"":2013,""pop"":0}]",超高校級の「マネージャー」。 眉毛が稲光のようになっているのが特徴。身体だけでなく声もデカい。無名不良高のラグビー部や、廃部寸前の野球部を全国優勝まで導いた経歴を持つ。スイカ割りすらトレーニングとして捉えるマネージャー脳。ストレートに下品な発言をしてしまうなどデリカシーには欠ける面もあるが、外見も性格も頼りがいのある偉丈夫。だが外見に反して胃腸が弱くトイレにこもりがち。,13178,0,13178,7,,https://lain.bgm.tv/pic/crt/l/44/95/18047_crt_xpF1n.jpg?r=1534933183,https://lain.bgm.tv/r/400/pic/crt/l/44/95/18047_crt_xpF1n.jpg?r=1534933183,https://t.vndb.org/ch/80/70680.jpg,,Black Short Pale Trousers Hard Worker Disaster Hotblooded Amber Muscular Jacket,,https://bgm.tv/character/18047,https://vndb.org/c6616,18047
bgm-bgm11543,vndb,2,22,,高城夏目,高城 夏目,Takashiro Natsume,,女,,,动画|Galgame,Galgame,殻ノ少女,壳之少女,2008,Galgame,"[{""t"":""殻ノ少女"",""cn"":""壳之少女"",""ty"":""Galgame"",""y"":2008,""pop"":7899},{""t"":""虚ノ少女"",""cn"":""虚之少女"",""ty"":""Galgame"",""y"":2013,""pop"":3773},{""t"":""天ノ少女"",""cn"":""天之少女"",""ty"":""Galgame"",""y"":2020,""pop"":1601},{""t"":""天ノ少女"",""cn"":""天之少女"",""ty"":""Galgame"",""y"":2020,""pop"":0},{""t"":""殻ノ少女"",""cn"":""壳之少女"",""ty"":""Galgame"",""y"":2008,""pop"":0},{""t"":""虚ノ少女"",""cn"":""虚之少女"",""ty"":""Galgame"",""y"":2013,""pop"":0}]",高城家的长女，现役的法医。 在爱妹七七之上的怪人，包括外貌和性格等。 夏目女士。不允许这之外的称呼。 一开口尽是些奇怪的方言，外貌和性格都属于怪人之列。 但与那言行和性格正相反，作为协助警察的验尸官的技术是一流的。 从时坂当警察的时候起就和他认识了，提供搜查必要的情报和建议。夏目女士自己似乎也对时坂很中意。 但是，由于会对提供的情报提出交换条件，时坂没有碰到相当棘手的问题时是不会靠近夏目女士的。,7899,0,7899,28,,https://lain.bgm.tv/pic/crt/l/fb/04/11543_crt_esWUe.jpg,https://lain.bgm.tv/r/400/pic/crt/l/fb/04/11543_crt_esWUe.jpg,https://t.vndb.org/ch/82/149382.jpg,,Brown Waist Length+ Wavy Brown Pale Blowjob Young-adult Gloves Pantyhose Lazy,,https://bgm.tv/character/11543,https://vndb.org/c4088,11543
al130751,anilist,2,22,,环古达,環古達,Tamaki Kotatsu,,女,A,17,动画|漫画,动画,炎炎ノ消防隊,炎炎消防队,2019,动画,"[{""t"":""炎炎ノ消防隊"",""cn"":""炎炎消防队"",""ty"":""动画"",""y"":2019,""pop"":483496},{""t"":""炎炎ノ消防隊 弐ノ章"",""cn"":""炎炎消防队 二之章"",""ty"":""动画"",""y"":2020,""pop"":300881},{""t"":""炎炎ノ消防隊 参ノ章"",""cn"":""炎炎消防队 叁之章"",""ty"":""动画"",""y"":2025,""pop"":130164},{""t"":""炎炎ノ消防隊 参ノ章 第2クール"",""cn"":""炎炎消防队 叁之章 第2部分"",""ty"":""动画"",""y"":2026,""pop"":88814},{""t"":""炎炎ノ消防隊"",""cn"":""炎炎消防队"",""ty"":""漫画"",""y"":2015,""pop"":66020},{""t"":""炎炎ノ消防隊ミニアニメ"",""cn"":""炎炎消防队 迷你动画"",""ty"":""动画"",""y"":2021,""pop"":3778}]",二等消防官 第三世代能力者 能力是“猫又” 黑发双马尾美少女，拥有一种“意外被吃豆腐”的体质。 对森罗有好感。,3993,3993,0,105,,https://lain.bgm.tv/pic/crt/l/12/b1/68992_crt_88n8D.jpg?r=1551273287,https://lain.bgm.tv/r/400/pic/crt/l/12/b1/68992_crt_88n8D.jpg?r=1551273287,https://s4.anilist.co/file/anilistcdn/character/medium/b130751-J8rhd4d3TxF4.png|https://s4.anilist.co/file/anilistcdn/character/large/b130751-J8rhd4d3TxF4.png,,,https://anilist.co/character/130751,https://bgm.tv/character/68992,,68992
bgm-bgm57845,vndb,2,22,,卡米娜尔·路·普鲁提亚·索尔特雷吉·希斯雅,カミナル・ル・プルテア・ソルティレージュ・シスア,Caminal le Pultaia Sortilège Sisua,Cami-meow / カミにゃん / Kaminyan / ミナ,女,AB,,Galgame,Galgame,金色ラブリッチェ,金辉恋曲四重奏,2017,Galgame,"[{""t"":""金色ラブリッチェ"",""cn"":""金辉恋曲四重奏"",""ty"":""Galgame"",""y"":2017,""pop"":3826},{""t"":""金色ラブリッチェ-Golden Time-"",""cn"":""金辉恋曲四重奏 -Golden Time-"",""ty"":""Galgame"",""y"":2019,""pop"":1939},{""t"":""金色ラブリッチェ"",""cn"":""金辉恋曲四重奏"",""ty"":""Galgame"",""y"":2017,""pop"":0},{""t"":""金色ラブリッチェ -Golden Time-"",""cn"":""金辉恋曲四重奏 -Golden Time-"",""ty"":""Galgame"",""y"":2019,""pop"":0}]",本篇 「下郎、お姉さまに何かしたら、ただじゃおきませんわ」 シルヴィの妹で、ソルティレージュ第10王女。愛称は「ミナ」。 相手を庶民や貴族と言った身分で格付けはせず、 人間性で判断する眼力の持ち主。 が、だらしない央路は眼鏡にかなわなかったらしくあまり好かれてはいない。 姉のためにも彼のだらしなさをただすため、 色々と世話を焼いてくれることに。 ----- FD 「よろしくて下郎。,3826,0,3826,144,,https://lain.bgm.tv/pic/crt/l/f1/c2/57845_crt_tnh55.jpg,https://lain.bgm.tv/r/400/pic/crt/l/f1/c2/57845_crt_tnh55.jpg,https://t.vndb.org/ch/59/149559.jpg,,White Bun Twin Tails Waist Length+ Straight Slim Pale School Uniform Cooking Missionary,,https://bgm.tv/character/57845,https://vndb.org/c64308,57845
bgm-bgm75436,vndb,2,22,,织部义次,織部 義次,Oribe Yoshitsugu,義 / Yoshi / 義坊 / Yoshi-bo,男,,,Galgame,Galgame,レイジングループ,人狼村之谜,2015,Galgame,"[{""t"":""レイジングループ"",""cn"":""人狼村之谜"",""ty"":""Galgame"",""y"":2015,""pop"":3618},{""t"":""レイジングループ"",""cn"":""人狼村之谜"",""ty"":""Galgame"",""y"":2015,""pop"":0}]",織部家の次男で、泰永の弟。14歳の中学生。 閉鎖的な環境にグレており、誰かれ構わず攻撃的に接する不良。 しかし親思いであり、根はいいやつ。 兄である泰長にはとある理由により複雑な感情を抱いている。,3618,0,3618,2,,https://lain.bgm.tv/pic/crt/l/59/3f/75436_crt_3aD3P.jpg,https://lain.bgm.tv/r/400/pic/crt/l/59/3f/75436_crt_3aD3P.jpg,https://t.vndb.org/ch/74/105874.jpg,,Blond Short Brown Teen Pale Proactive Hotblooded Muscular Earrings Jacket,,https://bgm.tv/character/75436,https://vndb.org/c87411,75436
al195121,anilist,2,22,,MIYA／知念实也,知念実也,Miya Chinen,,男,,13,动画|漫画,动画,SK∞ エスケーエイト,无限滑板,2021,动画,"[{""t"":""SK∞ エスケーエイト"",""cn"":""无限滑板"",""ty"":""动画"",""y"":2021,""pop"":235285},{""t"":""SK∞ エスケーエイト EXTRA PART"",""cn"":"""",""ty"":""动画"",""y"":2025,""pop"":24217},{""t"":""SK∞ エスケーエイト"",""cn"":""无限滑板"",""ty"":""漫画"",""y"":2021,""pop"":5837},{""t"":""SK∞ エスケーエイト チルアウト！"",""cn"":"""",""ty"":""漫画"",""y"":2021,""pop"":1598},{""t"":""OVA SK∞ エスケーエイト EXTRA PART"",""cn"":""OVA 无限滑板 EXTRA PART"",""ty"":""动画"",""y"":2025,""pop"":0},{""t"":""SK∞ エスケーエイト"",""cn"":""无限滑板"",""ty"":""动画"",""y"":2021,""pop"":0}]",初一学生，却已经是滑板赛事的日本代表队队员候补。有着能够轻松做出高难易度花式动作的实力。性格有些小嚣张，喜欢电子游戏。,3248,3248,0,35,,https://lain.bgm.tv/pic/crt/l/b5/e0/87961_crt_gopI4.jpg?r=1614484274,https://lain.bgm.tv/r/400/pic/crt/l/b5/e0/87961_crt_gopI4.jpg?r=1614484274,https://s4.anilist.co/file/anilistcdn/character/medium/b195121-FehldtuXxYXh.png|https://s4.anilist.co/file/anilistcdn/character/large/b195121-FehldtuXxYXh.png,,,https://anilist.co/character/195121,https://bgm.tv/character/87961,,87961
bgm-bgm16899,vndb,2,22,,冬川心,冬川 こころ,Fuyukawa Kokoro,Fuyukawa Cocoro / Kokoron / 心,女,B,,Galgame,Galgame,Remember11 -the age of infinity-,Remember11：无限轮回的时光,2004,Galgame,"[{""t"":""Remember11 -the age of infinity-"",""cn"":""Remember11：无限轮回的时光"",""ty"":""Galgame"",""y"":2004,""pop"":3246},{""t"":""Remember11 -the age of infinity-"",""cn"":""Remember11：无限轮回的时光"",""ty"":""Galgame"",""y"":2004,""pop"":0},{""t"":""Remember11 プロフェシーコレクション Vol.1 冬川こころ(CV.森永理科)"",""cn"":"""",""ty"":""音乐"",""y"":2004,""pop"":0}]",女性视角的主角。 遭逢飞机失事，幸运生还，是意外事件中的一个生存者，但是被困在被冰雪包围、远离人际的山中。 她与其他一起生还的数名同伴现在连逃离这个隔绝空间的余力都没有。 另外，在意外以后，冬川心的身心都陷入异常。 精神常常会脱离肉体，进入身处异地的其他人（优希堂悟）的身体里。 她的记忆与意识在雪山与SPHIA之间来回交错。 「如果可以给出合理的证明我便相信， 如果无法证明的话…… 我就会选择浪漫的一方。」,3246,0,3246,99,,https://lain.bgm.tv/pic/crt/l/5d/5c/16899_crt_x9mi8.jpg?r=1369401780,https://lain.bgm.tv/r/400/pic/crt/l/5d/5c/16899_crt_x9mi8.jpg?r=1369401780,https://t.vndb.org/ch/03/6803.jpg,,Brown Bob Cut Brown Slim Pale Young-adult Coat Cardigan Skirt Boots,,https://bgm.tv/character/16899,https://vndb.org/c6642,16899
vndb-c6689,vndb,2,22,,,,Unnamed,,男,A,,Galgame,Galgame,Remember11 -the age of infinity-,Remember11：无限轮回的时光,2004,Galgame,,,3246,0,3246,0,,https://t.vndb.org/ch/36/6836.jpg,https://t.vndb.org/ch/36/6836.jpg,,#282322 #7b6363 #c0a9a0 #e6d9d0 #faf2e7 #ffffff,Black Short Brown Slim Pale Trousers Proactive Young-adult Suit Glasses,,,https://vndb.org/c6689,
bgm-bgm16900,vndb,2,22,,优希堂悟,優希堂 悟,Yuukidou Satoru,悟,男,A,,Galgame,Galgame,Remember11 -the age of infinity-,Remember11：无限轮回的时光,2004,Galgame,"[{""t"":""Remember11 -the age of infinity-"",""cn"":""Remember11：无限轮回的时光"",""ty"":""Galgame"",""y"":2004,""pop"":3246},{""t"":""Remember11 -the age of infinity-"",""cn"":""Remember11：无限轮回的时光"",""ty"":""Galgame"",""y"":2004,""pop"":0},{""t"":""Remember11 プロフェシーコレクション Vol.2 優希堂悟(CV.子安武人)"",""cn"":"""",""ty"":""音乐"",""y"":2004,""pop"":0}]",男性视角的主角。 某一天，因为从SPHIA的屋顶摔下来而失去意识。 记忆因此错乱，发生意外的原因跟发生意外之前的情况等记忆目前并不明朗。 醒来时……不知道为什么身处于冰雪封闭的山中。 而且身体还变成了一个未曾谋面的女性。 由于坠楼事件的影响，优希堂悟的身心都陷入异常。 精神常常会脱离肉体，进入身处异地的其他人（冬川心）的身体里。 他的记忆与意识在雪山与SPHIA之间来回交错。 「与人生一样，重要的在于过程而不是目的。」,3246,0,3246,107,,https://lain.bgm.tv/pic/crt/l/5c/9e/16900_crt_2lh6L.jpg?r=1369401801,https://lain.bgm.tv/r/400/pic/crt/l/5c/9e/16900_crt_2lh6L.jpg?r=1369401801,https://t.vndb.org/ch/05/6805.jpg,,Blond Curtained Short Straight Brown Slim Pale Sweater Trousers Proactive,,https://bgm.tv/character/16900,https://vndb.org/c6648,16900
bgm-bgm138098,vndb,2,22,,优希堂沙也香,優希堂 沙也香,Yuukidou Sayaka,Inubushi Keiko,女,AB,,漫画|Galgame,Galgame,Remember11 -the age of infinity-,Remember11：无限轮回的时光,2004,Galgame,"[{""t"":""Remember11 -the age of infinity-"",""cn"":""Remember11：无限轮回的时光"",""ty"":""Galgame"",""y"":2004,""pop"":3246},{""t"":""Remember11 -the age of infinity-"",""cn"":""Remember11：无限轮回的时光"",""ty"":""Galgame"",""y"":2004,""pop"":0},{""t"":""Remember11"",""cn"":""无限轮回的时光"",""ty"":""漫画"",""y"":2004,""pop"":0}]",[mask]优希堂悟最爱的妹妹。[/mask],3246,0,3246,6,,https://lain.bgm.tv/pic/crt/l/f9/a6/138098_crt_g0C9w.jpg,https://lain.bgm.tv/r/400/pic/crt/l/f9/a6/138098_crt_g0C9w.jpg,https://t.vndb.org/ch/18/6818.jpg,,Black Short Straight Black Kid Insanity Split Personality Full Sister Twin Sister Death,,https://bgm.tv/character/138098,https://vndb.org/c6662,138098
vndb-c37365,vndb,2,22,,,桜木・ルーフォレット・アーシェ,Sakuragi Roofolet Ashe,,女,B,,Galgame,Galgame,ワガママハイスペック,任性HighSpec,2016,Galgame,"[{""t"":""ワガママハイスペック"",""cn"":""任性HighSpec"",""ty"":""Galgame"",""y"":2016,""pop"":2807},{""t"":""ワガママハイスペック OC"",""cn"":""任性HighSpec OC"",""ty"":""Galgame"",""y"":2017,""pop"":433}]","Serious, hates losing, and aims to be a composer. She serves as Vice President and isn't honest with her feelings. A student on the same year as the protagonist and the Student Council Vice President.",2807,0,2807,0,,https://t.vndb.org/ch/68/45568.jpg,https://t.vndb.org/ch/68/45568.jpg,,#51212f #bb8374 #f1c78f #e8d8d4 #f8f3eb #ffffff,Blond Ahoge Twin Tails Long Waist Length+ Straight Teen Slim Pale School Uniform,,,https://vndb.org/c37365,
al89183,anilist,2,22,,群堂美铃,群堂みすず,Misuzu Gundou,,女,AB,15,动画|漫画,动画,トモちゃんは女の子！,智酱是女生！,2023,动画,"[{""t"":""トモちゃんは女の子！"",""cn"":""智酱是女生！"",""ty"":""动画"",""y"":2023,""pop"":176598},{""t"":""トモちゃんは女の子!"",""cn"":""智酱是女生！"",""ty"":""漫画"",""y"":2015,""pop"":46353},{""t"":""トモちゃんは女の子!"",""cn"":""智酱是女生！"",""ty"":""漫画"",""y"":2015,""pop"":0},{""t"":""トモちゃんは女の子!"",""cn"":""智酱是女生！"",""ty"":""动画"",""y"":2023,""pop"":0}]",智や淳一郎の幼馴染。 冷静沈着な性格の少女。だがかなりの毒舌家かつ俗物的。あまり外交的ではないため専ら交友関係は親友の智を中心とした狭いものとなっている。本人は時に気に留めている様子はないが、自分の欠点としては認識している。スタイルはスレンダーで、男勝りな智に胸囲で大敗していることには劣等感を感じている。学力は非常に高く、中学・高校と成績上位を維持している。 真反対の性格である智の一番の親友であり、学内では2人で一緒にいることも多い。,2786,2786,0,107,,https://lain.bgm.tv/pic/crt/l/aa/d3/58218_crt_1EKXN.jpg?r=1669547231,https://lain.bgm.tv/r/400/pic/crt/l/aa/d3/58218_crt_1EKXN.jpg?r=1669547231,https://s4.anilist.co/file/anilistcdn/character/medium/b89183-7rdNPxR2afjA.png|https://s4.anilist.co/file/anilistcdn/character/large/b89183-7rdNPxR2afjA.png,,,https://anilist.co/character/89183,https://bgm.tv/character/58218,,58218
bgm-bgm27982,vndb,2,22,,一之江金鱼,一之江 金魚,Ichinoe Kingyo,Legend-Senpai,女,AB,,漫画|Galgame,Galgame,大図書館の羊飼い,,2013,Galgame,"[{""t"":""大図書館の羊飼い"",""cn"":"""",""ty"":""Galgame"",""y"":2013,""pop"":2275},{""t"":""大図書館の羊飼い"",""cn"":"""",""ty"":""Galgame"",""y"":2013,""pop"":2275},{""t"":""大図書館の羊飼い"",""cn"":"""",""ty"":""Galgame"",""y"":2013,""pop"":2275},{""t"":""大図書館の羊飼い"",""cn"":"""",""ty"":""Galgame"",""y"":2013,""pop"":2275},{""t"":""大図書館の羊飼い -Library Party-"",""cn"":""大图书馆的牧羊人 -Library Party-"",""ty"":""Galgame"",""y"":2015,""pop"":0},{""t"":""Good Shepherd / Life, Like, Party!"",""cn"":"""",""ty"":""音乐"",""y"":2015,""pop"":0}]",《大图书馆的牧羊人》PSV版新增女主角。,2275,0,2275,18,,https://lain.bgm.tv/pic/crt/l/cc/89/27982_crt_p4v1W.jpg,https://lain.bgm.tv/r/400/pic/crt/l/cc/89/27982_crt_p4v1W.jpg,https://t.vndb.org/ch/59/50159.jpg,,Blond Ahoge Waist Length+ Wavy Teen Slim Pale Violet Thigh-high Stockings Friendly,,https://bgm.tv/character/27982,https://vndb.org/c41768,27982
al269308,anilist,2,22,,,로이드 프론테라,Lloyd Frontera,Kim Su-Ho (김수호) / 路伊德·佛朗特拉 / 金秀浩,男,B,25-,漫画,漫画,역대급 영지 설계사,,2021,漫画,,"181 cm A drunkard whose family is in a mountain of debt. Su-Ho Kim, a civil engineer, is transmigrated into his body.",2030,2030,0,0,,https://s4.anilist.co/file/anilistcdn/character/large/b269308-XTwR7eKuYRl2.png,https://s4.anilist.co/file/anilistcdn/character/medium/b269308-XTwR7eKuYRl2.png,,,,https://anilist.co/character/269308,,,
bgm-bgm17258,vndb,2,22,,日高昴,日高 昴,Hidaka Subaru,Mr. Pleiades / MR_PLEIADES,男,A,,动画|Galgame,Galgame,ROBOTICS;NOTES,机器人笔记,2012,Galgame,"[{""t"":""ROBOTICS;NOTES"",""cn"":""机器人笔记"",""ty"":""Galgame"",""y"":2012,""pop"":1864},{""t"":""ROBOTICS;NOTES DaSH"",""cn"":""机器人笔记 DaSH"",""ty"":""Galgame"",""y"":2019,""pop"":773},{""t"":""ROBOTICS;NOTES"",""cn"":""机器人笔记"",""ty"":""Galgame"",""y"":2012,""pop"":0},{""t"":""ROBOTICS;NOTES DaSH"",""cn"":""机器人笔记 DaSH"",""ty"":""Galgame"",""y"":2019,""pop"":0},{""t"":""ROBOTICS;NOTES"",""cn"":""机器人笔记"",""ty"":""动画"",""y"":2012,""pop"":0}]","中央種子島高校2年生。クールで強気。ロボット工学に詳しく、自信過剰なところがあるため、 年上の人間にも上から目線の言動が目立つ。イケメンでクールな雰囲気から女子のファンも多いが、 ストイックな性格が災いして、女子とのスキンシップには慣れていない。 『ガンヴァレル』を好む""あき穂""とは逆に、リアルなロボットを好むため、 ""あき穂""とはアニメの趣味やロボットの製作方針でたびたび衝突する。",1864,0,1864,7,,https://lain.bgm.tv/pic/crt/l/9d/12/17258_crt_D9Ld0.jpg,https://lain.bgm.tv/r/400/pic/crt/l/9d/12/17258_crt_D9Ld0.jpg,https://t.vndb.org/ch/29/44129.jpg,,Black Short Teen Pale School Uniform Assault Glasses Boku Ore Stoic,,https://bgm.tv/character/17258,https://vndb.org/c36545,17258
vndb-c39731,vndb,2,22,,冈崎契,岡崎 契,Okazaki Kei,,男,O,,Galgame,Galgame,Collar x Malice,,2016,Galgame,"[{""t"":""Collar x Malice"",""cn"":"""",""ty"":""Galgame"",""y"":2016,""pop"":1496},{""t"":""Collar x Malice -Unlimited-"",""cn"":"""",""ty"":""Galgame"",""y"":2018,""pop"":511}]",26歳。 愛時たちを警護する任務に就いている警備部警護課――SP。 要人ではない愛時たちをなぜ警護するのか理由は判明していない。 おっとりとした性格で、言動もマイペースかつ天然気味。 自然と人の懐に入ってしまうような独特な空気を持つ。 愛時たちからは警戒されているが、契は良い関係を築きたいと思っている。 特技はいつでもどこでも寝ること。,1496,0,1496,23,,https://lain.bgm.tv/pic/crt/l/66/54/39098_crt_tZqmW.jpg?r=1559458235,https://lain.bgm.tv/r/400/pic/crt/l/66/54/39098_crt_tZqmW.jpg?r=1559458235,https://t.vndb.org/ch/48/112348.jpg,,White Shoulder-length Pale Trousers Fedora Violet White Young-adult Muscular Scarf,,https://bgm.tv/character/39098,https://vndb.org/c39731,39098
bgm-bgm11811,vndb,2,22,,天羽美羽,天羽 みう,Amaha Miu,,女,O,,动画|Galgame,Galgame,ましろ色シンフォニー,,2009,Galgame,"[{""t"":""ましろ色シンフォニー"",""cn"":"""",""ty"":""Galgame"",""y"":2009,""pop"":1399},{""t"":""ましろ色シンフォニー SANA EDITION"",""cn"":"""",""ty"":""Galgame"",""y"":2023,""pop"":771},{""t"":""ましろ色シンフォニー SANA EDITION"",""cn"":""纯白交响曲 SANA EDITION"",""ty"":""Galgame"",""y"":2023,""pop"":0},{""t"":""ましろ色シンフォニー -Love is pure white- Remake for FHD"",""cn"":""纯白交响曲 Remake for FHD"",""ty"":""Galgame"",""y"":2023,""pop"":0},{""t"":""ましろ色シンフォニー -Love is Pure White-"",""cn"":""纯白交响曲"",""ty"":""Galgame"",""y"":2009,""pop"":0},{""t"":""ましろ色シンフォニー *mutsu-no-hana"",""cn"":""纯白交响曲 六出飞花"",""ty"":""Galgame"",""y"":2011,""pop"":0}]",结女学园三年级生，新吾等的学姐，可是个子很矮。 在结女学园附近的房子和母亲两人一起生活着。 个性温柔和善，爱好自然与动物，有天然呆倾向。 保护野生动物的课外活动小组「喵喵社」的社长。,1399,0,1399,236,,https://lain.bgm.tv/pic/crt/l/f1/7a/11811_crt_P0up9.jpg,https://lain.bgm.tv/r/400/pic/crt/l/f1/7a/11811_crt_P0up9.jpg,https://t.vndb.org/ch/48/5148.jpg,,Violet Long Wavy Teen Slim Pale School Uniform Hard Worker Cowgirl Blowjob,,https://bgm.tv/character/11811,https://vndb.org/c5096,11811
al164752,anilist,2,22,,宫野由美,宮野由美,Yoshikazu Miyano,Myaa-chan (みゃーちゃん),男,B,,动画|漫画,动画,佐々木と宮野,佐佐木与宫野,2022,动画,"[{""t"":""佐々木と宮野"",""cn"":""佐佐木与宫野"",""ty"":""动画"",""y"":2022,""pop"":81147},{""t"":""佐々木と宮野ー卒業編ー"",""cn"":"""",""ty"":""动画"",""y"":2023,""pop"":25721},{""t"":""佐々木と宮野"",""cn"":""佐佐木与宫野"",""ty"":""漫画"",""y"":2016,""pop"":20478},{""t"":""佐々木と宮野 恋に気づく前のちょっとした話。"",""cn"":"""",""ty"":""动画"",""y"":2022,""pop"":14892},{""t"":""平野と鍵浦"",""cn"":""平野与键浦"",""ty"":""动画"",""y"":2023,""pop"":10687},{""t"":""平野と鍵浦"",""cn"":""平野与键浦"",""ty"":""漫画"",""y"":2019,""pop"":8108}]",風紀委員→風紀副委員長。 腐男子で、女顔がコンプレックス。,1329,1329,0,11,,https://lain.bgm.tv/pic/crt/l/29/a7/86610_crt_fnC9G.jpg?r=1637959654,https://lain.bgm.tv/r/400/pic/crt/l/29/a7/86610_crt_fnC9G.jpg?r=1637959654,https://s4.anilist.co/file/anilistcdn/character/medium/b164752-M7GHzGQJGUpw.png|https://s4.anilist.co/file/anilistcdn/character/large/b164752-M7GHzGQJGUpw.png,,,https://anilist.co/character/164752,https://bgm.tv/character/86610,,86610
al149797,anilist,2,22,,光月御田,光月おでん,Oden Kouzuki,Idiot Lord / Kozuki Oden,男,,39 ,动画|漫画,动画,ONE PIECE,航海王,1999,动画,"[{""t"":""ONE PIECE"",""cn"":""航海王"",""ty"":""动画"",""y"":1999,""pop"":750384},{""t"":""ONE PIECE"",""cn"":""航海王"",""ty"":""漫画"",""y"":1997,""pop"":232766},{""t"":""記念撮影"",""cn"":"""",""ty"":""动画"",""y"":2019,""pop"":3700},{""t"":""ONE PIECE"",""cn"":""航海王"",""ty"":""漫画"",""y"":1997,""pop"":0},{""t"":""ONE PIECE"",""cn"":""航海王"",""ty"":""动画"",""y"":1999,""pop"":0}]",和之国九里大名，原和之国将军继承人，上任和之国将军光月寿喜烧的儿子。拥有聆听万物之声的能力。他亦是一名二刀流剑士，拥有武器“天羽羽斩”和“阎魔”。,1263,1263,0,1,,https://lain.bgm.tv/pic/crt/l/83/bb/105280_crt_sRf82.jpg,https://lain.bgm.tv/r/400/pic/crt/l/83/bb/105280_crt_sRf82.jpg,https://s4.anilist.co/file/anilistcdn/character/medium/b149797-UmdR7up3kgoK.png|https://s4.anilist.co/file/anilistcdn/character/large/b149797-UmdR7up3kgoK.png,,,https://anilist.co/character/149797,https://bgm.tv/character/105280,,105280
bgm-bgm110563,vndb,2,22,,加藤可怜,加藤 可憐,Katou Karen,,女,O,,动画|Galgame,Galgame,Shiny Days,日了就闪,2012,Galgame,"[{""t"":""Shiny Days"",""cn"":""日了就闪"",""ty"":""Galgame"",""y"":2012,""pop"":1048},{""t"":""Summer Days"",""cn"":""日在盛夏"",""ty"":""Galgame"",""y"":2006,""pop"":229},{""t"":""Cross Days"",""cn"":""日在交叉"",""ty"":""Galgame"",""y"":2010,""pop"":179},{""t"":""Island Days"",""cn"":"""",""ty"":""Galgame"",""y"":2014,""pop"":27},{""t"":""SHINY DAYS"",""cn"":""日了就闪"",""ty"":""Galgame"",""y"":2012,""pop"":0},{""t"":""Summer Days"",""cn"":""日在盛夏"",""ty"":""Galgame"",""y"":2006,""pop"":0}]",加藤乙女的妹妹，正在努力学习考上榊野学园。她贪玩又坚强。与她的姐姐不一样，可怜可以很好地与许多人相处。,1048,0,1048,8,,https://lain.bgm.tv/pic/crt/l/f8/59/110563_crt_da7u7.jpg,https://lain.bgm.tv/r/400/pic/crt/l/f8/59/110563_crt_da7u7.jpg,https://t.vndb.org/ch/90/7890.jpg,,Brown Twin Tails Straight Brown Teen Slim Pale Cunnilingus Virgin Sex Carefree,,https://bgm.tv/character/110563,https://vndb.org/c7635,110563
bgm-bgm63517,vndb,2,22,,桃卡卡,タオカカ,Taokaka,Tao / Tao-chan / 桃儿卡卡,女,O,,游戏|Galgame,Galgame,BLAZBLUE CALAMITY TRIGGER,苍翼默示录：厄运扳机,2008,Galgame,"[{""t"":""BLAZBLUE CALAMITY TRIGGER"",""cn"":""苍翼默示录：厄运扳机"",""ty"":""Galgame"",""y"":2008,""pop"":969},{""t"":""BLAZBLUE CONTINUUM SHIFT"",""cn"":""苍翼默示录：连续变幻"",""ty"":""Galgame"",""y"":2009,""pop"":730},{""t"":""BLAZBLUE CHRONOPHANTASMA"",""cn"":""苍翼默示录：刻之幻影"",""ty"":""Galgame"",""y"":2013,""pop"":423},{""t"":""BLAZBLUE CENTRALFICTION"",""cn"":""苍翼默示录：神观之梦"",""ty"":""Galgame"",""y"":2016,""pop"":356},{""t"":""BLAZBLUE CENTRALFICTION"",""cn"":""苍翼默示录：神观之梦"",""ty"":""Galgame"",""y"":2015,""pop"":0},{""t"":""BLAZBLUE CONTINUUM SHIFT EXTEND"",""cn"":""苍翼默示录：连续变幻 扩展版"",""ty"":""Galgame"",""y"":2011,""pop"":0}]","Taking naps, boiled rice (she loves steamed meat buns) Friends Steamed meat buns Squiggly Taokaka is a respected warrior of the Kaka clan, who is attempting to apprehend Ragna the Bloodedge and use the bounty to secure a new home-land for t…",969,0,969,6,1,https://lain.bgm.tv/pic/crt/l/1e/7c/63517_crt_WVvwN.jpg?r=1564367476,https://lain.bgm.tv/r/400/pic/crt/l/1e/7c/63517_crt_WVvwN.jpg?r=1564367476,https://t.vndb.org/ch/53/61553.jpg,,Blond Waist Length+ Slim Cooking Fighting Disaster Red Dark Coat Mask,,https://bgm.tv/character/63517,https://vndb.org/c25739,63517
al130849,anilist,2,22,,绯影,ヒカゲ,Hikage,,女,,10,动画|漫画|Galgame,动画,炎炎ノ消防隊,炎炎消防队,2019,动画,"[{""t"":""炎炎ノ消防隊"",""cn"":""炎炎消防队"",""ty"":""动画"",""y"":2019,""pop"":483496},{""t"":""炎炎ノ消防隊 弐ノ章"",""cn"":""炎炎消防队 二之章"",""ty"":""动画"",""y"":2020,""pop"":300881},{""t"":""炎炎ノ消防隊 参ノ章 第2クール"",""cn"":""炎炎消防队 叁之章 第2部分"",""ty"":""动画"",""y"":2026,""pop"":88878},{""t"":""炎炎ノ消防隊"",""cn"":""炎炎消防队"",""ty"":""漫画"",""y"":2015,""pop"":66020},{""t"":""黒蝶のサイケデリカ"",""cn"":""黑蝶幻境"",""ty"":""Galgame"",""y"":2015,""pop"":833}]",相手が気分を害しても気にしない嫌味な性格。 率直な物言いをするが本人に悪気はない。 状況整理の役を買って出ることが多い。,833,107,833,8,,https://lain.bgm.tv/pic/crt/l/35/c9/28720_crt_2fyZg.jpg?r=1420586082,https://lain.bgm.tv/r/400/pic/crt/l/35/c9/28720_crt_2fyZg.jpg?r=1420586082,https://s4.anilist.co/file/anilistcdn/character/medium/b130849-fXykXoZxDTZE.jpg|https://s4.anilist.co/file/anilistcdn/character/large/b130849-fXykXoZxDTZE.jpg|https://t.vndb.org/ch/98/47898.jpg,,Violet Short Teen Slim Pale Trousers Proactive Villain Amnesia Violet,https://anilist.co/character/130849,https://bgm.tv/character/28720,https://vndb.org/c39722,28720
bgm-bgm33217,vndb,2,22,,小鞠由依,小鞠 ゆい,Komari Yui,,女,O,,Galgame,Galgame,恋×シンアイ彼女,想要传达给你的爱恋,2015,Galgame,"[{""t"":""恋×シンアイ彼女"",""cn"":""想要传达给你的爱恋"",""ty"":""Galgame"",""y"":2015,""pop"":780},{""t"":""恋×シンアイ彼女"",""cn"":""想要传达给你的爱恋"",""ty"":""Galgame"",""y"":2015,""pop"":0}]",主人公が好きでたまらない彼女は ロリっ子ゆるふわ少女 海の近くにある御影浜学園に在籍する少女。 とある事がきっかけで洸太郎のことが好きになり、不器用なアプローチを繰り返している。 しかしマイペースな洸太郎は気にしない。 妹の菜子と仲良くしてくれよと頭を撫でている。 そしてさらに ゆいは暴走する。 「ふたりの愛を邪魔する者は消されてもういないということ……むぐっ！」,780,0,780,122,,https://lain.bgm.tv/pic/crt/l/3a/ba/33217_crt_cQo32.jpg,https://lain.bgm.tv/r/400/pic/crt/l/3a/ba/33217_crt_cQo32.jpg,https://t.vndb.org/ch/78/39578.jpg,,Blond Odango Twin Tails Waist Length+ Wavy Slim Pale Uniform School Uniform Hard Worker,,https://bgm.tv/character/33217,https://vndb.org/c33049,33217
bgm-bgm26662,vndb,2,22,,明里光,明里 光,Akari Hikaru,Brighty,女,,,Galgame,Galgame,あの晴れわたる空より高く,,2014,Galgame,"[{""t"":""あの晴れわたる空より高く"",""cn"":"""",""ty"":""Galgame"",""y"":2014,""pop"":755},{""t"":""あの晴れわたる空より高く"",""cn"":""冲破万里晴空之上"",""ty"":""Galgame"",""y"":2014,""pop"":0}]",ほのかの実家の町工場で働いている。 かつてロケット打ち上げの際に起きた事故をきっかけに、ロケット開発企業への内定が取り消された過去を持つ。 「ロケットはやめたから。 打ち上げももう見たくない」,755,0,755,3,,https://lain.bgm.tv/pic/crt/l/1b/5f/26662_crt_M0Ak3.jpg,https://lain.bgm.tv/r/400/pic/crt/l/1b/5f/26662_crt_M0Ak3.jpg,https://t.vndb.org/ch/40/26440.jpg,,Pink Curtained Shoulder-length Slim Pale Amber Young-adult Earrings Boots Friendly,,https://bgm.tv/character/26662,https://vndb.org/c21332,26662
bgm-bgm26660,vndb,2,22,,,曙 みのり,Akebono Minori,,女,,,Galgame,Galgame,あの晴れわたる空より高く,,2014,Galgame,"[{""t"":""あの晴れわたる空より高く"",""cn"":"""",""ty"":""Galgame"",""y"":2014,""pop"":755},{""t"":""あの晴れわたる空より高く"",""cn"":""冲破万里晴空之上"",""ty"":""Galgame"",""y"":2014,""pop"":0}]",宇宙研の部長。 家は超が付くほど貧乏。 金持ちになるためにロケットの勉強をしている。 無駄遣いをしようとすると、すっ飛んできて説教を始める。 クラスの委員長。 「僕は知っています。 愛が282万円もすることを」,755,0,755,3,,https://lain.bgm.tv/pic/crt/l/33/26/26660_crt_IIOhz.jpg,https://lain.bgm.tv/r/400/pic/crt/l/33/26/26660_crt_IIOhz.jpg,https://t.vndb.org/ch/38/26438.jpg,,Bob Cut Shoulder-length Straight Green Teen Slim Pale School Uniform Green Glasses,,https://bgm.tv/character/26660,https://vndb.org/c21330,26660
bgm-bgm71974,vndb,2,22,,雪村千绘莉,雪村 千絵莉,Yukimura Chieri,,女,A,,Galgame,Galgame,あまいろショコラータ,,2020,Galgame,"[{""t"":""あまいろショコラータ"",""cn"":"""",""ty"":""Galgame"",""y"":2020,""pop"":731},{""t"":""あまいろショコラータ２"",""cn"":"""",""ty"":""Galgame"",""y"":2021,""pop"":372},{""t"":""あまいろショコラータ 3"",""cn"":"""",""ty"":""Galgame"",""y"":2023,""pop"":207},{""t"":""あまいろショコラータ3"",""cn"":""巧克甜恋3"",""ty"":""Galgame"",""y"":2023,""pop"":0},{""t"":""あまいろショコラータ２"",""cn"":""巧克甜恋2"",""ty"":""Galgame"",""y"":2021,""pop"":0},{""t"":""あまいろショコラータ"",""cn"":""巧克甜恋"",""ty"":""Galgame"",""y"":2020,""pop"":0}]",アルバイトの先輩で、ロシアンブルーの獣人。 学年は主人公より１つ下だが、生真面目で責任感があり、早く立派な大人になりたくてアルバイトをしている。背が小さく愛らしい外見だが、子ども扱いされると不機嫌になる。自立心と真面目さゆえに、人の好意に対しても、つい「大丈夫です」と言ってしまいがち。,731,0,731,87,,https://lain.bgm.tv/pic/crt/l/bd/34/71974_crt_XNY2F.jpg,https://lain.bgm.tv/r/400/pic/crt/l/bd/34/71974_crt_XNY2F.jpg,https://t.vndb.org/ch/31/103931.jpg,,Twin Tails Waist Length+ Straight Teen Slim Pale Sweater Hard Worker Missionary Cowgirl,,https://bgm.tv/character/71974,https://vndb.org/c85518,71974
bgm-bgm17919,vndb,2,22,,市之濑千里,市ノ瀬 千里,Ichinose Senri,,男,B,,Galgame,Galgame,NORN9 ~ノルン+ノネット~,,2013,Galgame,"[{""t"":""NORN9 ~ノルン+ノネット~"",""cn"":"""",""ty"":""Galgame"",""y"":2013,""pop"":714},{""t"":""Norn9 ~Norn + Nonette~ Last Era"",""cn"":"""",""ty"":""Galgame"",""y"":2015,""pop"":109},{""t"":""ノルン＋ノネット アクト チューン"",""cn"":"""",""ty"":""Galgame"",""y"":2016,""pop"":21},{""t"":""ノルン+ノネット ラスト イーラ"",""cn"":""命运九重奏 LAST ERA"",""ty"":""Galgame"",""y"":2015,""pop"":0},{""t"":""NORN9 ノルン＋ノネット"",""cn"":""命运九重奏"",""ty"":""Galgame"",""y"":2013,""pop"":0},{""t"":""NORN9 ~ノルン+ノネット~ VAR COMMONS"",""cn"":""命运九重奏"",""ty"":""Galgame"",""y"":2014,""pop"":0}]",茶色短发配有蓝色眼瞳，脸上有刺青。 虽然是个长得英俊的美少年，思想却极为消极。 因为有被周遭的人欺凌的过去，所以不擅于跟不信任的人类相处。 即使共同乘船，也很少在公用地方出现。 能力是操作‘水’。但由于身体承受不了完整的能力，所以一部分能力被暁人夺走了。 恋愛テーマ：渇望,714,0,714,13,,https://lain.bgm.tv/pic/crt/l/38/ce/17919_crt_BfVBW.jpg,https://lain.bgm.tv/r/400/pic/crt/l/38/ce/17919_crt_BfVBW.jpg,https://t.vndb.org/ch/44/36244.jpg,,Shoulder-length Teen Slim Pale Uniform Trousers Amnesia Blue Tattoo Coat,,https://bgm.tv/character/17919,https://vndb.org/c30141,17919
al64595,anilist,2,22,,猫,ネコ,Neko,あめのみやび / Ameno Miyabi / 雨乃雅日,女,B,15,动画|漫画|Galgame,动画,K,,2012,动画,"[{""t"":""K"",""cn"":"""",""ty"":""动画"",""y"":2012,""pop"":173618},{""t"":""K RETURN OF KINGS"",""cn"":""K 诸王归来"",""ty"":""动画"",""y"":2015,""pop"":65697},{""t"":""K MISSING KINGS"",""cn"":"""",""ty"":""动画"",""y"":2014,""pop"":54450},{""t"":""K SEVEN STORIES「R:B ～BLAZE～」"",""cn"":"""",""ty"":""动画"",""y"":2018,""pop"":13536},{""t"":""K SEVEN STORIES「Circle Vision ～Nameless Song～」"",""cn"":"""",""ty"":""动画"",""y"":2018,""pop"":6085},{""t"":""K Seven Stories ザ・アイドルK"",""cn"":"""",""ty"":""动画"",""y"":2018,""pop"":2200}]",突然出现在伊佐那社面前的谜样美少女，以“吾辈（わがはい）”自称，讨厌穿衣服。非常淘气的性格，平时以猫咪的型态出现，非常依恋伊佐那社，竭尽全力保护他的安全。 权外者，能以自己为中心在特定范围内发挥能力，把其中的人的知觉认知进行一次干涉自由操作，令他们出现幻觉、幻听，甚至能在一定程度内改变记忆。 患有虹膜异色症（左绿右蓝）。亲生父母死于迦具都陨坑。 在第七话时被宗像礼司以王的力量强行使她从猫的型态变回人的型态，因此可以确认她是人类。 白银之王的第一名王族成员。,682,682,56,103,,https://lain.bgm.tv/pic/crt/l/77/4b/15934_crt_1RwF0.jpg?r=1445099815,https://lain.bgm.tv/r/400/pic/crt/l/77/4b/15934_crt_1RwF0.jpg?r=1445099815,https://s4.anilist.co/file/anilistcdn/character/medium/64595.jpg|https://s4.anilist.co/file/anilistcdn/character/large/64595.jpg|https://t.vndb.org/ch/01/47001.jpg,,White Teen Slim Pale School Uniform Amber Blue Earrings Deredere Student Club Member,https://anilist.co/character/64595,https://bgm.tv/character/15934,https://vndb.org/c38969,15934
al302624,anilist,2,22,,西奈津美,西奈津美,Natsumi Nishi,,女,AB,,动画|漫画|轻小说,动画,正反対な君と僕,相反的你和我,2026,动画,"[{""t"":""正反対な君と僕"",""cn"":""相反的你和我"",""ty"":""动画"",""y"":2026,""pop"":123340},{""t"":""正反対な君と僕 第2期"",""cn"":""相反的你和我 第二季"",""ty"":""动画"",""y"":2026,""pop"":59340},{""t"":""正反対な君と僕"",""cn"":""相反的你和我"",""ty"":""漫画"",""y"":2022,""pop"":21004},{""t"":""ラーメン赤猫"",""cn"":"""",""ty"":""漫画"",""y"":2022,""pop"":1288},{""t"":""正反対な君と僕 サニー&レイニー"",""cn"":"""",""ty"":""轻小说"",""y"":2023,""pop"":225},{""t"":""正反対な君と僕 第2期"",""cn"":""相反的你和我 第二季"",""ty"":""动画"",""y"":2026,""pop"":0}]",鈴木・谷とは隣のクラスで、物静かで控えめなのに実は笑い上戸な女子。極度の人見知りで、本田以外のクラスメイトとは緊張してうまく話せず、会話に入ろうとしてもワンテンポズレてしまうことに悩んでいる。,676,676,0,243,,https://lain.bgm.tv/pic/crt/l/ca/eb/187364_crt_ZGsop.jpg,https://lain.bgm.tv/r/400/pic/crt/l/ca/eb/187364_crt_ZGsop.jpg,https://s4.anilist.co/file/anilistcdn/character/medium/b302624-Uk2PVe27jAN6.jpg|https://s4.anilist.co/file/anilistcdn/character/large/b302624-Uk2PVe27jAN6.jpg,,,https://anilist.co/character/302624,https://bgm.tv/character/187364,,187364
vndb-c137620,vndb,2,22,,,豚妖,The Swine Demon,"His Highness, 王爷",男,,,Galgame,Galgame,饿殍：明末千里行,,2024,Galgame,,良的幕后雇主，据穗所说，真实身份是洛阳修行千年、常食女童的豚妖。,601,0,601,0,,https://lain.bgm.tv/pic/crt/l/cd/69/156338_crt_a7Zw4.jpg,https://lain.bgm.tv/r/400/pic/crt/l/cd/69/156338_crt_a7Zw4.jpg,https://t.vndb.org/ch/54/188554.jpg,,Villain Overweight Pervert Prince Based on a Real Person Cannibalism Homicide Cruel,,https://bgm.tv/character/156338,https://vndb.org/c137620,156338
al302092,anilist,2,22,,要乐奈,要楽奈,Raana Kaname,Noraneko,女,,,动画|漫画|Galgame,动画,BanG Dream! It's MyGO!!!!!,,2023,动画,"[{""t"":""BanG Dream! It's MyGO!!!!!"",""cn"":"""",""ty"":""动画"",""y"":2023,""pop"":22181},{""t"":""BanG Dream! Ave Mujica"",""cn"":"""",""ty"":""动画"",""y"":2025,""pop"":20511},{""t"":""BanG Dream! It's MyGO!!!!! 春の陽だまり、迷い猫"",""cn"":"""",""ty"":""动画"",""y"":2024,""pop"":2486},{""t"":""元祖！バンドリちゃん"",""cn"":"""",""ty"":""动画"",""y"":2025,""pop"":2413},{""t"":""BanG Dream! It's MyGO!!!!! うたう、僕らになれるうた & FILM LIVE"",""cn"":"""",""ty"":""动画"",""y"":2024,""pop"":1162},{""t"":""BanG Dream! It's MyGO!!!!! 雨にそよいで晴れを請う"",""cn"":"""",""ty"":""漫画"",""y"":2024,""pop"":804}]",花咲川女子学園の中学3年生。ライブハウス『RiNG』に神出鬼没に現れるエキセントリックガール。ギターの実力はかなりのもの。好きなものは好き、嫌いなものは嫌いとはっきりしている。抹茶が好き。 因为觉得很有趣所以就加入了乐队。 对猫很有兴趣。 乐器：ESP POTBELLY Rāna Custom (Distressed See Thru Wine Red) [mask]MyGO!!!!! Gt. 花咲川女子学園の中学3年生。MyGO!!!!!のギターを担当。,568,469,0,568,,https://lain.bgm.tv/pic/crt/l/c2/a9/127792_crt_NN1tz.jpg,https://lain.bgm.tv/r/400/pic/crt/l/c2/a9/127792_crt_NN1tz.jpg,https://s4.anilist.co/file/anilistcdn/character/medium/b302092-9VGnDmmA19Gx.png|https://s4.anilist.co/file/anilistcdn/character/large/b302092-9VGnDmmA19Gx.png,,,https://anilist.co/character/302092,https://bgm.tv/character/127792,,127792
al19571,anilist,2,22,,平泽忧,平沢憂,Ui Hirasawa,うい,女,O,,动画,动画,けいおん!,轻音少女,2009,动画,"[{""t"":""けいおん!"",""cn"":""轻音少女"",""ty"":""动画"",""y"":2009,""pop"":279027},{""t"":""けいおん!!"",""cn"":""轻音少女"",""ty"":""动画"",""y"":2010,""pop"":167313},{""t"":""映画けいおん！"",""cn"":""轻音少女 剧场版"",""ty"":""动画"",""y"":2011,""pop"":89791},{""t"":""けいおん!「ライブハウス！」"",""cn"":"""",""ty"":""动画"",""y"":2010,""pop"":49460},{""t"":""けいおん!! 計画!"",""cn"":"""",""ty"":""动画"",""y"":2011,""pop"":40655},{""t"":""うらおん!"",""cn"":"""",""ty"":""动画"",""y"":2009,""pop"":16501}]",唯的妹妹。与姐姐也是有着强烈对比的性格，认真、懂礼仪及常常为姐姐处理家头细务等事；但也有部分性格和姊姊完全一样。在漫画第2卷及动画第1季第8话进入了樱丘高中。 虽然不是轻音部的成员，但是也有支持着她们，如为轻音部全员制作了便当及点心等。 理解及领悟能力比唯强，数日的吉他练习已经比姐姐弹奏出更好的乐曲，且令轻音部等人吃惊。在棒球打击场，仅听了邻旁父亲指导儿子打棒球的一番话后，已经可以打出本垒打。成绩也优秀，比姐姐更认真的学习。好像也有弹奏钢琴的经验，曾与梓和纯合奏一曲。,552,552,0,380,,https://lain.bgm.tv/pic/crt/l/a8/90/472_crt_c3Wd8.jpg?r=1559158968,https://lain.bgm.tv/r/400/pic/crt/l/a8/90/472_crt_c3Wd8.jpg?r=1559158968,https://s4.anilist.co/file/anilistcdn/character/medium/b19571-fzllBaPLPsY3.png|https://s4.anilist.co/file/anilistcdn/character/large/b19571-fzllBaPLPsY3.png,,,https://anilist.co/character/19571,https://bgm.tv/character/472,,472
al126087,anilist,2,22,,灰回航一,灰廻航一,Kouichi Haimawari,The Crawler / The Hauler / The Cruller / Nice Guy,男,,"19 (First appearance), 23 (Current)",动画|漫画,漫画,僕のヒーローアカデミア,我的英雄学院,2014,漫画,"[{""t"":""僕のヒーローアカデミア"",""cn"":""我的英雄学院"",""ty"":""漫画"",""y"":2014,""pop"":178045},{""t"":""ヴィジランテ -僕のヒーローアカデミア ILLEGALS-"",""cn"":""正义使者 -我的英雄学院之非法英雄-"",""ty"":""动画"",""y"":2025,""pop"":73741},{""t"":""ヴィジランテ -僕のヒーローアカデミア ILLEGALS- 第2期"",""cn"":""正义使者 -我的英雄学院之非法英雄- 第二季"",""ty"":""动画"",""y"":2026,""pop"":39775},{""t"":""ヴィジランテ -僕のヒーローアカデミア ILLEGALS-"",""cn"":""正义使者 -我的英雄学院之非法英雄-"",""ty"":""漫画"",""y"":2016,""pop"":22011},{""t"":""ヴィジランテ-僕のヒーローアカデミア ILLEGALS-特別編"",""cn"":"""",""ty"":""漫画"",""y"":2025,""pop"":328},{""t"":""僕のヒーローアカデミア FINAL SEASON"",""cn"":""我的英雄学院 最终季"",""ty"":""动画"",""y"":2025,""pop"":0}]",バイトに明け暮れる平凡な大学一年生。ヒーローの夢を諦めきれず「親切マン」を名乗り、非合法にヒーロー活動まがいのボランティアを行う。ナックルダスターとの出会いによりヴィジランテ活動に巻き込まれていく。,544,544,0,2,,https://lain.bgm.tv/pic/crt/l/c2/3d/170073_crt_CnI5J.jpg?r=1737549434,https://lain.bgm.tv/r/400/pic/crt/l/c2/3d/170073_crt_CnI5J.jpg?r=1737549434,https://s4.anilist.co/file/anilistcdn/character/medium/b126087-Etax9gdag1rl.png|https://s4.anilist.co/file/anilistcdn/character/large/b126087-Etax9gdag1rl.png,,,https://anilist.co/character/126087,https://bgm.tv/character/170073,,170073
al169502,anilist,2,22,,猫又小粥,猫又おかゆ,Okayu Nekomata,Okayun / 阿汤哥,女,,16,动画|游戏|Galgame,动画,ホロのぐらふぃてぃ,holo的涂鸦,2019,动画,"[{""t"":""ホロのぐらふぃてぃ"",""cn"":""holo的涂鸦"",""ty"":""动画"",""y"":2019,""pop"":14672},{""t"":""『ホロライブ・オルタナティブ』 ティザーPVs"",""cn"":"""",""ty"":""动画"",""y"":2021,""pop"":5655},{""t"":""もぐもぐYUMMY！"",""cn"":"""",""ty"":""动画"",""y"":2021,""pop"":1586},{""t"":""ギリギリわるくないわため"",""cn"":"""",""ty"":""动画"",""y"":2022,""pop"":1289},{""t"":""Shiny Smily Story"",""cn"":"""",""ty"":""动画"",""y"":2020,""pop"":1032},{""t"":""ホロライブ・サマー2022"",""cn"":"""",""ty"":""动画"",""y"":2022,""pop"":999}]",おにぎり屋さんを経営してるおばあさんに飼われてる猫。おばあちゃんの部屋にあるPCから配信している。,521,521,0,19,,https://lain.bgm.tv/pic/crt/l/58/be/74546_crt_ehV6e.jpg,https://lain.bgm.tv/r/400/pic/crt/l/58/be/74546_crt_ehV6e.jpg,https://s4.anilist.co/file/anilistcdn/character/medium/b169502-txzgy0NraqDY.png|https://s4.anilist.co/file/anilistcdn/character/large/b169502-txzgy0NraqDY.png,,,https://anilist.co/character/169502,https://bgm.tv/character/74546,,74546
bgm-bgm68739,vndb,2,22,,,新谷 灯華,Araya Touka,,女,知らない,,Galgame,Galgame,月の彼方で逢いましょう,,2019,Galgame,"[{""t"":""月の彼方で逢いましょう"",""cn"":"""",""ty"":""Galgame"",""y"":2019,""pop"":481},{""t"":""月の彼方で逢いましょう"",""cn"":""在月之彼岸邂逅"",""ty"":""Galgame"",""y"":2019,""pop"":0}]",一年の終わりになってやってきた。 季節外れの転校生。 東京の学校で問題を起こしたため、 転校するハメになったともっぱらの噂。 遅刻早退は当たり前で、深夜徘徊で補導されることたびらび。 そのため、授業中は基本的眠っている。 クールな外見に見えるが、話してみると意外と感情豊か。 気まぐれで突拍子もない行動で、人を振り回す気分屋。 との距離感が異常なほど近く、それが誤解を生むこともしばしば。 秘密を抱えているとよく公言するが、 それがなんなのか、決して教えてくれない。,481,0,481,52,,https://lain.bgm.tv/pic/crt/l/86/d5/68739_crt_0yLsz.jpg,https://lain.bgm.tv/r/400/pic/crt/l/86/d5/68739_crt_0yLsz.jpg,https://t.vndb.org/ch/40/98940.jpg,,Brown Shoulder-length Straight Teen Slim Pale School Uniform Sweater Cowgirl Spoons,,https://bgm.tv/character/68739,https://vndb.org/c77876,68739
al264565,anilist,2,22,,泽塔,ゼータ,Zeta,Lilim / 洁塔,女,,15-,动画|漫画|轻小说,动画,陰の実力者になりたくて！,想要成为影之实力者！,2022,动画,"[{""t"":""陰の実力者になりたくて！"",""cn"":""想要成为影之实力者！"",""ty"":""动画"",""y"":2022,""pop"":314005},{""t"":""陰の実力者になりたくて！ 2nd season"",""cn"":""想要成为影之实力者！ 第二季"",""ty"":""动画"",""y"":2023,""pop"":195202},{""t"":""陰の実力者になりたくて！"",""cn"":""想要成为影之实力者！"",""ty"":""漫画"",""y"":2018,""pop"":47389},{""t"":""異世界かるてっと 3"",""cn"":"""",""ty"":""动画"",""y"":2025,""pop"":16737},{""t"":""陰の実力者になりたくて！"",""cn"":""想要成为影之实力者！"",""ty"":""轻小说"",""y"":2018,""pop"":10826},{""t"":""かげじつ！"",""cn"":""影实！"",""ty"":""动画"",""y"":2022,""pop"":8365}]",暗影庭园「七影」的第六席。负责隐秘活动的兽人。通常与其他成员分开行动，独自在世界各地东奔西走，进行谍报活动。,395,395,0,62,,https://lain.bgm.tv/pic/crt/l/83/c7/106385_crt_79vvP.jpg?r=1677071688,https://lain.bgm.tv/r/400/pic/crt/l/83/c7/106385_crt_79vvP.jpg?r=1677071688,https://s4.anilist.co/file/anilistcdn/character/medium/b264565-acUMiD3pz2ZU.png|https://s4.anilist.co/file/anilistcdn/character/large/b264565-acUMiD3pz2ZU.png,,,https://anilist.co/character/264565,https://bgm.tv/character/106385,,106385
al81373,anilist,2,22,,喵太,にゃん太,Nyanta,,男,,,动画|漫画|轻小说,动画,ログ・ホライズン,记录的地平线,2013,动画,"[{""t"":""ログ・ホライズン"",""cn"":""记录的地平线"",""ty"":""动画"",""y"":2013,""pop"":237775},{""t"":""ログ・ホライズン 2"",""cn"":"""",""ty"":""动画"",""y"":2014,""pop"":130788},{""t"":""ログ・ホライズン　円卓崩壊"",""cn"":""记录的地平线 圆桌崩坏"",""ty"":""动画"",""y"":2021,""pop"":71499},{""t"":""ログ・ホライズン"",""cn"":""记录的地平线"",""ty"":""轻小说"",""y"":2010,""pop"":4413},{""t"":""ログ・ホライズン"",""cn"":""记录的地平线"",""ty"":""漫画"",""y"":2012,""pop"":1880}]","猫人族，主职业为盗剑士，副职业为厨师。 个性温文儒雅是个绅士，但是发怒时魄力惊人 ""秋叶原革命""的关键人物，第一位发现规格外合成法的人。是活化秋叶原经济的幕后推手之一 ""浪荡者茶会""和""记录的地平线""众人的咨询对象，年龄为30后半左右的岁数 外号：""隐者""，""老师""，""熏银""，""班长""",390,390,0,25,,https://lain.bgm.tv/pic/crt/l/0f/de/21665_crt_v4Z46.jpg,https://lain.bgm.tv/r/400/pic/crt/l/0f/de/21665_crt_v4Z46.jpg,https://s4.anilist.co/file/anilistcdn/character/medium/81373-oG4Bngt03jKk.jpg|https://s4.anilist.co/file/anilistcdn/character/large/81373-oG4Bngt03jKk.jpg,,,https://anilist.co/character/81373,https://bgm.tv/character/21665,,21665
bgm-bgm17292,vndb,2,22,,,古森 拓,Komori Taku,,男,A,,Galgame,Galgame,ときめきメモリアル Girl’s Side 2nd Kiss,,2006,Galgame,"[{""t"":""ときめきメモリアル Girl’s Side 2nd Kiss"",""cn"":"""",""ty"":""Galgame"",""y"":2006,""pop"":366},{""t"":""ときめきメモリアル Girl's Side 2nd Kiss"",""cn"":""心跳回忆女生版2"",""ty"":""Galgame"",""y"":2006,""pop"":0}]",DS版のみに登場するキャラクター。主人公のクラスに2年の10月に転校してくる。以前は東北地方の港町で暮らしていた。内気で無口。何かに怯えているような様子も。登場時は学ラン着用で、東北弁で話す。再登校時には、はね学の制服着用で髪型も変わる。父親と二人暮らし。日本の野鳥に詳しく、100種類以上知っている。趣味は料理。好きなものは生き物（特にイルカ）本家2の八重花桜梨に通じる雰囲気を持った少年。GS史上最強のピュアキャラとされている。,366,0,366,3,,https://lain.bgm.tv/pic/crt/l/c5/67/17292_crt_4n35Q.jpg,https://lain.bgm.tv/r/400/pic/crt/l/c5/67/17292_crt_4n35Q.jpg,https://t.vndb.org/ch/24/1324.jpg,,Black Shoulder-length Short Teen Black Shy Gothic High School Student Transfer Student Hikikomori,,https://bgm.tv/character/17292,https://vndb.org/c1280,17292
bgm-bgm20334,vndb,2,22,,夏目历,夏目 暦,Natsume Koyomi,,女,AB,,Galgame,Galgame,カルマルカ＊サークル,,2013,Galgame,"[{""t"":""カルマルカ＊サークル"",""cn"":"""",""ty"":""Galgame"",""y"":2013,""pop"":346},{""t"":""カルマルカ*サークル"",""cn"":""卡卢玛卢卡＊同好会"",""ty"":""Galgame"",""y"":2013,""pop"":0}]",IQが高く、ペチャパイな生徒会長。 無表情で何を考えているのか分かりづらい。 各パーツはちっちゃくかわいいので、同好会のメンバーにはあれやこれやと もふもふされて、マスコットキャラ的に扱われる。 普段は効率よく最小限のことしか話さないが、自分の知識を披露したい時や間違いを正す時は、饒舌に話し出す。 本人は身長よりペチャパイを気にしており、そこを突っ込まれるとまだ発展途中だと言い張っている。 副会長の夕姫羽には心を許しており、今の髪型は夕姫羽にいつもしてもらっている。,346,0,346,73,,https://lain.bgm.tv/pic/crt/l/51/c3/20334_crt_1zR1c.jpg,https://lain.bgm.tv/r/400/pic/crt/l/51/c3/20334_crt_1zR1c.jpg,https://t.vndb.org/ch/46/100946.jpg,,Blue Twin Tails Waist Length+ Teen Slim Pale School Uniform Orphan Blowjob Sixty-nine,,https://bgm.tv/character/20334,https://vndb.org/c14746,20334
bgm-bgm505,bangumi,2,22,,椎名真冬,椎名真冬,Shiina Mafuyu,,其他,A,,动画|漫画,漫画,碧陽学園生徒会黙示録,碧阳学园学生会默示录,2008,漫画,"[{""t"":""碧陽学園生徒会黙示録"",""cn"":""碧阳学园学生会默示录"",""ty"":""漫画"",""y"":2008,""pop"":0},{""t"":""碧陽学園生徒会議事録"",""cn"":""碧阳学园学生会议事录"",""ty"":""漫画"",""y"":2008,""pop"":0},{""t"":""生徒会の一存"",""cn"":""学生会的一己之见"",""ty"":""动画"",""y"":2009,""pop"":0},{""t"":""Treasure"",""cn"":"""",""ty"":""音乐"",""y"":2009,""pop"":0},{""t"":""生徒会の一存 Lv.2"",""cn"":""学生会的一己之见 Lv.2"",""ty"":""动画"",""y"":2013,""pop"":0},{""t"":""『生徒会の一存 キャラクター・ファンディスク 椎名真冬』"",""cn"":"""",""ty"":""音乐"",""y"":2010,""pop"":0}]",学生会的会计，也是唯一一位一年级，是深夏的妹妹。 如幻般的外表而且有点不擅长和男性接触，用“真冬”自称自己。个性和姐姐刚好相反，柔弱而且温驯。但是她也有创作BL小说（键总是担任“受”的那方）的腐女子一面。,309,0,0,309,,https://lain.bgm.tv/pic/crt/l/d1/0e/1339_sjhGB.jpg,https://lain.bgm.tv/r/400/pic/crt/l/d1/0e/1339_sjhGB.jpg,,,,,https://bgm.tv/character/505,,505
al89401,anilist,2,22,,木幡真琴,木幡真琴,Makoto Kowata,Mako,女,O,15,动画|漫画,动画,ふらいんぐうぃっち,飞翔的魔女,2016,动画,"[{""t"":""ふらいんぐうぃっち"",""cn"":""飞翔的魔女"",""ty"":""动画"",""y"":2016,""pop"":74748},{""t"":""ふらいんぐうぃっち"",""cn"":""飞翔的魔女"",""ty"":""漫画"",""y"":2012,""pop"":10336},{""t"":""ふらいんぐうぃっち ぷち"",""cn"":""小飞翔魔女"",""ty"":""动画"",""y"":2016,""pop"":4786},{""t"":""ふらいんぐうぃっち ぷち BD&DVD Vol.1 発売記念編"",""cn"":"""",""ty"":""动画"",""y"":2016,""pop"":2677},{""t"":""ふらいんぐうぃっち"",""cn"":""飞翔的魔女"",""ty"":""动画"",""y"":2016,""pop"":0},{""t"":""ふらいんぐうぃっち"",""cn"":""飞翔的魔女"",""ty"":""漫画"",""y"":2013,""pop"":0}]",魔女，高中一年级，和阿圭同班。活泼、充满好奇心、有点天然，严重路痴，有时会在阿圭家中迷路。老家在横滨市，目前为魔女的传统而寄住在青森县远房亲戚家，并学习各种魔女的工作。喜欢吃美食，阿圭每次推荐一些没吃过的料理时会很兴奋。在原本为阿圭奶奶生前耕作的田种菜。灵力属性为“暗”。 魔女。マイペースでおっとりした性格。 極度の方向音痴ですぐに道に迷う。 一人前の魔女を目指すため、高校入学に合わせて青森に引っ越してきた。現在は、倉本家に居候中。,308,308,0,198,,https://lain.bgm.tv/pic/crt/l/3b/73/35388_crt_6TwkR.jpg?r=1455675174,https://lain.bgm.tv/r/400/pic/crt/l/3b/73/35388_crt_6TwkR.jpg?r=1455675174,https://storage.moegirl.org.cn/moegirl/commons/a/a6/Mako.png!/fw/480/watermark/url/L21vZWdpcmwvd2F0ZXJtYXJrLnBuZw==/align/southeast/margin/10x10/opacity/50?v=20200329085837|https://storage.moegirl.org.cn/moegirl/commons/a/a6/Mako.png|https://s4.anilist.co/file/anilistcdn/character/medium/b89401-iYZnshAgiD9s.png|https://s4.anilist.co/file/anilistcdn/character/large/b89401-iYZnshAgiD9s.png,,图源:moegirl,https://anilist.co/character/89401,https://bgm.tv/character/35388,,35388
bgm-bgm63559,vndb,2,22,,,海道 美琴,Kaidou Mikoto,,女,A,,Galgame,Galgame,ラズベリーキューブ,,2018,Galgame,"[{""t"":""ラズベリーキューブ"",""cn"":"""",""ty"":""Galgame"",""y"":2018,""pop"":292},{""t"":""ラズベリーキューブ"",""cn"":""树莓立方体"",""ty"":""Galgame"",""y"":2018,""pop"":0}]",血液型:A型 誕生日:2月22日(うお座) 趣味:ヴァイオリン、テレビ、倹約レシピの研究 特技:家事全般 好物:お米にあう料理ならなんでも 主人公とは遠い親戚。しっかり者で家事全般得意だが、少し天然なお姉さん。特に異性への警戒心は低く、平気でパジャマのまま主人公に話しかけたり、落ちている新聞を無造作に拾ったりと、色んな意味でハラハラさせられることも。,292,0,292,36,,https://lain.bgm.tv/pic/crt/l/f9/ec/63559_crt_6vEE6.jpg,https://lain.bgm.tv/r/400/pic/crt/l/f9/ec/63559_crt_6vEE6.jpg,https://t.vndb.org/ch/67/91667.jpg,,Black Waist Length+ Straight Teen Slim Pale School Uniform Doggy Style Cowgirl Blowjob,,https://bgm.tv/character/63559,https://vndb.org/c69693,63559
bgm-bgm35908,vndb,2,22,,村田洋平,村田 洋平,Murata Youhei,よーへー / 洋平ちゃん / よーへー / 洋平ちゃん,男,AB,,动画|Galgame,Galgame,つよきす,娇蛮之吻,2005,Galgame,"[{""t"":""つよきす"",""cn"":""娇蛮之吻"",""ty"":""Galgame"",""y"":2005,""pop"":284},{""t"":""つよきす３学期"",""cn"":"""",""ty"":""Galgame"",""y"":2011,""pop"":108},{""t"":""つよきすFESTIVAL"",""cn"":"""",""ty"":""Galgame"",""y"":2015,""pop"":102},{""t"":""つよきす2学期"",""cn"":"""",""ty"":""Galgame"",""y"":2008,""pop"":99},{""t"":""みにきす　～つよきすファンディスク～"",""cn"":"""",""ty"":""Galgame"",""y"":2006,""pop"":37},{""t"":""つよきす"",""cn"":""娇蛮之吻"",""ty"":""Galgame"",""y"":2005,""pop"":0}]",個性的な顔の12人の妹たちで有名な男。 成績優秀で面倒見のいい2年A組の学級委員長。 プライドが高く勝負事が好きな性格。 気性は荒くピリピリしていることがしばしば。 しかし、根は熱くていいヤツ。 乙女さん率いる拳法部に所属。 コツコツと積み上げる努力型で、かなりの実力者。 好みの女性は、霧夜エリカや鉄乙女のようなキリッとした女性。 日頃から妹たちの面倒をみているためか、同じクラスの西崎紀子に懐かれている。,284,0,284,2,,https://lain.bgm.tv/pic/crt/l/d4/f6/35908_crt_eT1T0.jpg,https://lain.bgm.tv/r/400/pic/crt/l/d4/f6/35908_crt_eT1T0.jpg,https://t.vndb.org/ch/12/160712.jpg|https://t.vndb.org/ch/18/100718.jpg,,White School Uniform Hotblooded Amber Full Brother Rival Relaxed Schoolmate Classmate High School Student,,https://bgm.tv/character/35908,https://vndb.org/c93,35908
bgm-bgm5124,vndb,2,22,,,西崎 紀子,Nishizaki Noriko,Murata Noriko / 村田 紀子,女,O,,动画|Galgame,Galgame,つよきす,娇蛮之吻,2005,Galgame,"[{""t"":""つよきす"",""cn"":""娇蛮之吻"",""ty"":""Galgame"",""y"":2005,""pop"":284},{""t"":""つよきす３学期"",""cn"":"""",""ty"":""Galgame"",""y"":2011,""pop"":108},{""t"":""つよきすFESTIVAL"",""cn"":"""",""ty"":""Galgame"",""y"":2015,""pop"":102},{""t"":""つよきす2学期"",""cn"":"""",""ty"":""Galgame"",""y"":2008,""pop"":99},{""t"":""みにきす　～つよきすファンディスク～"",""cn"":"""",""ty"":""Galgame"",""y"":2006,""pop"":37},{""t"":""つよきす"",""cn"":""娇蛮之吻"",""ty"":""Galgame"",""y"":2005,""pop"":0}]",虽然有非常不会说话这个弱点，但是性格开朗、努力，平常总是用自己最容易说的“ku”表达感情，2-A班的人只要这个就能明白她想说什么。兴趣是摄影，在广报委员会中活跃。因为是路痴，经常迷路，但却很擅长运动。,284,0,284,8,,https://lain.bgm.tv/pic/crt/l/af/4c/5124_crt_86uzH.jpg,https://lain.bgm.tv/r/400/pic/crt/l/af/4c/5124_crt_86uzH.jpg,https://t.vndb.org/ch/51/160451.jpg|https://t.vndb.org/ch/16/100716.jpg,,Green Teen Pale School Uniform Blue Shy Friend Schoolmate Classmate High School Student,,https://bgm.tv/character/5124,https://vndb.org/c94,5124
al305653,anilist,2,22,,白崎优清,白崎優清,Yuusei Shirosaki,Shirosaki Shunin (白崎主任),男,AB,33-,动画|漫画,动画,新しい上司はど天然,新上司是天然呆,2023,动画,"[{""t"":""新しい上司はど天然"",""cn"":""新上司是天然呆"",""ty"":""动画"",""y"":2023,""pop"":24563},{""t"":""新しい上司はど天然"",""cn"":""新上司是天然呆"",""ty"":""漫画"",""y"":2018,""pop"":1742},{""t"":""新しい上司はど天然"",""cn"":""新上司是天然呆"",""ty"":""动画"",""y"":2023,""pop"":0},{""t"":""新しい上司はど天然"",""cn"":""新上司是天然呆"",""ty"":""漫画"",""y"":2019,""pop"":0}]",桃瀬の直属の上司で主任。 優しく、仕事ができて優秀だが、 仕事以外のことは「ど」が付くほどの天然。,281,281,0,2,,https://lain.bgm.tv/pic/crt/l/3f/c1/129893_crt_c8Ci4.jpg?r=1694384621,https://lain.bgm.tv/r/400/pic/crt/l/3f/c1/129893_crt_c8Ci4.jpg?r=1694384621,https://s4.anilist.co/file/anilistcdn/character/medium/b305653-fmenHf6rPHZd.png|https://s4.anilist.co/file/anilistcdn/character/large/b305653-fmenHf6rPHZd.png,,,https://anilist.co/character/305653,https://bgm.tv/character/129893,,129893
bgm-bgm35379,vndb,2,22,,片桐稔,片桐稔,Katagiri Minoru,乙女片桐,男,O,,Galgame,Galgame,鬼畜眼鏡,,2007,Galgame,"[{""t"":""鬼畜眼鏡"",""cn"":"""",""ty"":""Galgame"",""y"":2007,""pop"":213},{""t"":""鬼畜眼鏡R 鬼畜眼鏡ファンディス"",""cn"":"""",""ty"":""Galgame"",""y"":2009,""pop"":77},{""t"":""鬼畜眼鏡"",""cn"":""鬼畜眼镜"",""ty"":""Galgame"",""y"":2007,""pop"":0},{""t"":""鬼畜眼鏡R"",""cn"":""鬼畜眼镜R"",""ty"":""Galgame"",""y"":2009,""pop"":0}]",身長176ｃｍ。43歳。 営業第8課の課長。 実際には窓際部署の万年課長。 昔、妻子がいたがすでに離婚していて、現在はひとり暮らし。ペットとして、つがいのオカメインコを飼っている。 インコの名前は、もんてん丸（♂）と静御前（♀）。 （CV:床魔乱夢崇矢）,213,0,213,2,,https://lain.bgm.tv/pic/crt/l/2a/4c/35379_crt_K9a89.jpg,https://lain.bgm.tv/r/400/pic/crt/l/2a/4c/35379_crt_K9a89.jpg,https://t.vndb.org/ch/44/195244.jpg,,Curtained Short Pale Trousers Cooking Missionary Doggy Style Standing Sex Blowjob Hazel,,https://bgm.tv/character/35379,https://vndb.org/c18142,35379
bgm-bgm20427,vndb,2,22,,朝日奈琉生,朝日奈 琉生,Asahina Louis,Rui,男,B,,动画|漫画|Galgame,Galgame,Brothers Conflict,,2012,Galgame,"[{""t"":""Brothers Conflict"",""cn"":"""",""ty"":""Galgame"",""y"":2012,""pop"":203},{""t"":""Brothers Conflict"",""cn"":"""",""ty"":""Galgame"",""y"":2012,""pop"":203},{""t"":""BROTHERS CONFLICT  Passion Pink"",""cn"":""兄弟战争 激情粉红"",""ty"":""Galgame"",""y"":2012,""pop"":0},{""t"":""BROTHERS CONFLICT Brilliant Blue"",""cn"":""兄弟战争 闪亮蔚蓝"",""ty"":""Galgame"",""y"":2013,""pop"":0},{""t"":""BROTHERS CONFLICT OVA"",""cn"":""兄弟战争OVA"",""ty"":""动画"",""y"":2014,""pop"":0},{""t"":""BROTHERS CONFLICT"",""cn"":""兄弟战争"",""ty"":""动画"",""y"":2013,""pop"":0}]",※不思议型美容师（←官方指定型款） 朝日奈家的八男，养子。 天然呆，有着自己的做法的美容师。 时常发呆，不知道他在想写些什么。 另一方面在职场做为技术高超的造型师活跃着。 是除了主人公以外，唯一可以和朱利对话的人。,203,0,203,13,,https://lain.bgm.tv/pic/crt/l/d6/5a/20427_crt_pg6lz.jpg?r=1702381898,https://lain.bgm.tv/r/400/pic/crt/l/d6/5a/20427_crt_pg6lz.jpg?r=1702381898,https://t.vndb.org/ch/22/24122.jpg,,Blond Wavy Shoulder-length Slim Pale Trousers Young-adult Jacket Full Brother Step Brother,,https://bgm.tv/character/20427,https://vndb.org/c12979,20427
vndb-c29786,vndb,2,22,,,常盤 成葉,Tokiwa Naruha,Kaichou / 会長,女,AB,,Galgame,Galgame,姉小路直子と銀色の死神,,2015,Galgame,"[{""t"":""姉小路直子と銀色の死神"",""cn"":"""",""ty"":""Galgame"",""y"":2015,""pop"":169},{""t"":""みなとカーニバルＦＤ"",""cn"":"""",""ty"":""Galgame"",""y"":2017,""pop"":80}]",,169,0,169,0,,https://t.vndb.org/ch/44/85844.jpg,https://t.vndb.org/ch/44/85844.jpg,,#e0ad5b #796c74 #ebd7ba #c1b0a7 #f7ece3 #ffffff,Blond Waist Length+ Straight Teen Slim Pale School Uniform Sweater Doggy Style Blowjob,,,https://vndb.org/c29786,
bgm-bgm40638,vndb,2,22,,久世鹟,久世 ヒタキ,Kuze Hitaki,,男,A,,动画|Galgame,Galgame,ニル・アドミラリの天秤 帝都幻惑綺譚,冷然之天秤 帝都幻惑绮谭,2016,Galgame,"[{""t"":""ニル・アドミラリの天秤 帝都幻惑綺譚"",""cn"":""冷然之天秤 帝都幻惑绮谭"",""ty"":""Galgame"",""y"":2016,""pop"":158},{""t"":""ニル・アドミラリの天秤 クロユリ炎陽譚"",""cn"":""冷然之天秤 黑百合炎阳谭"",""ty"":""Galgame"",""y"":2017,""pop"":58},{""t"":""ニル・アドミラリの天秤 クロユリ炎陽譚"",""cn"":""冷然之天秤 黑百合炎阳谭"",""ty"":""Galgame"",""y"":2017,""pop"":0},{""t"":""ニル・アドミラリの天秤 帝都幻惑綺譚"",""cn"":""冷然之天秤 帝都幻惑绮谭"",""ty"":""Galgame"",""y"":2016,""pop"":0},{""t"":""ニル・アドミラリの天秤"",""cn"":""冷然之天秤"",""ty"":""动画"",""y"":2018,""pop"":0}]",華族、久世家の長男で主人公の弟。 読書が趣味で、汀紫鶴の大ファン。 家庭の事情で両親が家にいることが少なく、姉である主人公が母親代わりで最も愛情を注いでくれる存在。,158,0,158,1,,https://lain.bgm.tv/pic/crt/l/4b/03/40638_crt_yxlRk.jpg?r=1527608121,https://lain.bgm.tv/r/400/pic/crt/l/4b/03/40638_crt_yxlRk.jpg?r=1527608121,https://t.vndb.org/ch/77/66077.jpg,,Brown Short Green Kid Suicide Possessive Younger Brother Sister Complex Reading,,https://bgm.tv/character/40638,https://vndb.org/c55400,40638
bgm-bgm29867,vndb,2,22,,,日下 穂積,Kusaka Hozumi,Hozumin,女,AB,,Galgame,Galgame,僕の未来は、恋と課金と。～Charge To The Future～,,2019,Galgame,"[{""t"":""僕の未来は、恋と課金と。～Charge To The Future～"",""cn"":"""",""ty"":""Galgame"",""y"":2019,""pop"":154},{""t"":""あま恋シロップス ～恥じらう恋心でシたくなる甘神様の恋祭り～"",""cn"":"""",""ty"":""Galgame"",""y"":2015,""pop"":91},{""t"":""あま恋シロップス ～恥じらう恋心でシたくなる甘神様の恋祭り～"",""cn"":""甘神大人的糖浆恋祭"",""ty"":""Galgame"",""y"":2015,""pop"":0}]",“星逢いの礼” で神判者を務めるために派遣された女性宮司。 母の教育方針により、俗世に関わらないように育てられた。 そのため相当な世間知らず。 慎ましくクールな雰囲気を醸し出そうとするが、実際の中身はツンデレで可愛いもの好きな年相応の女の子。 まんじゅう様の言葉が理解でき、お勤めを果たすため 『三十日庵』 に居候する。 祭事を成功させようと頑張るのだが、なにかと空回りしてしまう残念タイプ。,154,0,154,14,,https://lain.bgm.tv/pic/crt/l/d9/47/29867_crt_qSgzp.jpg,https://lain.bgm.tv/r/400/pic/crt/l/d9/47/29867_crt_qSgzp.jpg,https://t.vndb.org/ch/33/30233.jpg,,Black Twin Tails Waist Length+ Teen Slim Pale School Uniform Hard Worker Missionary Doggy Style,,https://bgm.tv/character/29867,https://vndb.org/c24615,29867
bgm-bgm107678,vndb,2,22,,野崎悠,野崎 悠,Nozaki Yuu,,女,,,动画|漫画|Galgame,Galgame,催眠性指導 -Secret Lesson-,,2024,Galgame,"[{""t"":""催眠性指導 -Secret Lesson-"",""cn"":"""",""ty"":""Galgame"",""y"":2024,""pop"":149},{""t"":""催眠性指導 -Secret Lesson-"",""cn"":""催眠性指导 -秘密课程-"",""ty"":""Galgame"",""y"":2024,""pop"":0},{""t"":""催眠性指導"",""cn"":""催眠性指导"",""ty"":""动画"",""y"":2019,""pop"":0},{""t"":""催眠性指導"",""cn"":""催眠性指导"",""ty"":""漫画"",""y"":"""",""pop"":0}]",3年C組所属の女子高生。文芸部所属だが幽霊部員。 生来の面倒くさがり屋で怠惰な女子。運動神経は皆無だが、大した勉強もしていないのに成績はそれなりに優秀。小学生並みの小柄な姿だが、子ども扱いされると機嫌を損ねる。 催眠によって認識を歪められたまま初体験を終えるが、生来の怠惰振りを発揮し田中を呼びつけて性行為のみを楽しむようになる。,149,0,149,24,1,https://lain.bgm.tv/pic/crt/l/7c/3a/107678_crt_k0k0P.jpg,https://lain.bgm.tv/r/400/pic/crt/l/7c/3a/107678_crt_k0k0P.jpg,https://t.vndb.org/ch/15/172015.jpg,,Long Wavy Doggy Style Lazy High School Student Pink Teal Sex in Front of an Audience School Swimsuit Sleepyhead,,https://bgm.tv/character/107678,https://vndb.org/c146584,107678
bgm-bgm35918,vndb,2,22,,,ビュッシュ,Bûche,,女,A,,Galgame,Galgame,つよきす NEXT,,2013,Galgame,"[{""t"":""つよきす NEXT"",""cn"":"""",""ty"":""Galgame"",""y"":2013,""pop"":148},{""t"":""つよきすFESTIVAL"",""cn"":"""",""ty"":""Galgame"",""y"":2015,""pop"":102},{""t"":""つよきすNEXT"",""cn"":"""",""ty"":""Galgame"",""y"":2013,""pop"":0}]",キリヤの会長直属従者、通称 “ブルーアイズ” に身を置く双子の姉弟。 ノエルは男だが、“お嬢様” の命令により女の子の格好で通学している。 共にブルーアイズ入りするだけあって、あらゆる面で極めて高い能力値を持っている。 ただし姉・ビュッシュは運動はできるがちょっとおバカ、弟・ノエルは頭は良いがどんくさいと、欠点もそれぞれ。 2-A、2-Cに別れたため、ことあるごとに競い合っている。,148,0,148,5,,https://lain.bgm.tv/pic/crt/l/20/cf/35918_crt_rNvh9.jpg,https://lain.bgm.tv/r/400/pic/crt/l/20/cf/35918_crt_rNvh9.jpg,https://t.vndb.org/ch/85/100985.jpg,,Brown Wavy Shoulder-length Teen Slim Pale Blowjob Virgin Sex Blue Apron,,https://bgm.tv/character/35918,https://vndb.org/c39108,35918
bgm-bgm42683,vndb,2,22,,,二見 聖治,Futami Seiji,,男,,,Galgame,Galgame,ちんくる★ツインクル フェスティバル！,,2015,Galgame,"[{""t"":""ちんくる★ツインクル フェスティバル！"",""cn"":"""",""ty"":""Galgame"",""y"":2015,""pop"":146},{""t"":""キュートリゾート ～しようよ♥エッチなアクティビティ～"",""cn"":"""",""ty"":""Galgame"",""y"":2018,""pop"":61},{""t"":""キュートリゾート ～しようよ♥エッチなアクティビティ～"",""cn"":"""",""ty"":""Galgame"",""y"":2018,""pop"":0},{""t"":""ちんくる★ツインクル フェスティバル！"",""cn"":"""",""ty"":""Galgame"",""y"":2015,""pop"":0}]",学年：2年生 都内の男子校・青幸学園に通う少年。 双子のナマイキな妹・聖奈がいる。 顔は妹に似たかわいい女顔で、髪型を同じにすると聖奈にそっくり。 モテそうなものだが、男子校という環境と悪ノリしすぎる性格が災いして彼女はいない。 成績も芳しくなく運動能力も人並みで、妹に才能の全てを吸い取られたかのよう。 そのため聖奈に対し、多少の劣等感を抱いている。 下半身はすこぶる巨根で、勃起時は 18cm はあろうかという代物。,146,0,146,7,,https://lain.bgm.tv/pic/crt/l/89/a8/42683_crt_cKrXB.jpg,https://lain.bgm.tv/r/400/pic/crt/l/89/a8/42683_crt_cKrXB.jpg,https://t.vndb.org/ch/27/42927.jpg,,Blond Waist Length+ Wavy Short Cross-dressing Trap Teen Slim Pale Missionary,,https://bgm.tv/character/42683,https://vndb.org/c35512,42683
bgm-bgm42686,vndb,2,22,,,二見 聖奈,Futami Sena,,女,,,Galgame,Galgame,ちんくる★ツインクル フェスティバル！,,2015,Galgame,"[{""t"":""ちんくる★ツインクル フェスティバル！"",""cn"":"""",""ty"":""Galgame"",""y"":2015,""pop"":146},{""t"":""キュートリゾート ～しようよ♥エッチなアクティビティ～"",""cn"":"""",""ty"":""Galgame"",""y"":2018,""pop"":61},{""t"":""キュートリゾート ～しようよ♥エッチなアクティビティ～"",""cn"":"""",""ty"":""Galgame"",""y"":2018,""pop"":0},{""t"":""ちんくる★ツインクル フェスティバル！"",""cn"":"""",""ty"":""Galgame"",""y"":2015,""pop"":0}]",主人公の双子の妹。 顔はそっくりだが八重歯は聖奈だけ。 頭脳明晰で運動神経も抜群。 負けず嫌いでプライドが高い自分大好きのナルシスト。 処女だが耳年増。 兄がいるため男性への免疫は多少ある。 成績が大変優秀だったため、鎮光祭の男神・ヴェルニスに任命されてしまう。 去年の鎮光祭には参加していたが、ヴェルニスを自分がやるとなると恥ずかしい。 ただ辞退するのは内申にも響くし、何より持ち前のプライドが邪魔をする。,146,0,146,11,,https://lain.bgm.tv/pic/crt/l/c4/0b/42686_crt_ZL31J.jpg,https://lain.bgm.tv/r/400/pic/crt/l/c4/0b/42686_crt_ZL31J.jpg,https://t.vndb.org/ch/74/39974.jpg,,Blond Waist Length+ Wavy Teen Slim Pale School Uniform Doggy Style Cowgirl Virgin Sex,,https://bgm.tv/character/42686,https://vndb.org/c33356,42686
bgm-bgm23033,vndb,2,22,,,白取 愛良,Shiratori Aira,,女,O,,Galgame,Galgame,世界と世界の真ん中で,,2014,Galgame,"[{""t"":""世界と世界の真ん中で"",""cn"":"""",""ty"":""Galgame"",""y"":2014,""pop"":146},{""t"":""世界と世界の真ん中で"",""cn"":""在世界与世界的正中央"",""ty"":""Galgame"",""y"":2014,""pop"":0}]",鍵ノ森学舎2年では美紀と並ぶ美人として有名。 外見を裏切らないクールな言動が、主に女子に人気。 ただ、本人的には人とのコミュニケーションが苦手で口数が少なくなっているだけだということは、寮のメンバー以外にはあまり知られていない。 連理とは1年の時から同じクラスであり、一緒に行動していることが多いため 「もしかして？」 と思われることも多いが、本人同士にそんな気持ちはまったく無い。 「あなたとつい一緒に居てしまうのは、私の気持ちが楽だから……」,146,0,146,49,,https://lain.bgm.tv/pic/crt/l/dd/88/23033_crt_V44a3.jpg,https://lain.bgm.tv/r/400/pic/crt/l/dd/88/23033_crt_V44a3.jpg,https://t.vndb.org/ch/43/19243.jpg,,Black Waist Length+ Straight Teen Slim Pale School Uniform Missionary Blowjob Blue,,https://bgm.tv/character/23033,https://vndb.org/c15126,23033
al143275,anilist,2,22,,艾基修特,紙原伸也,Shinya Kamihara,Edgeshot / Ninja Hero,男,A,33-,动画|漫画,动画,僕のヒーローアカデミア２,,2017,动画,"[{""t"":""僕のヒーローアカデミア２"",""cn"":"""",""ty"":""动画"",""y"":2017,""pop"":655237},{""t"":""僕のヒーローアカデミア３"",""cn"":"""",""ty"":""动画"",""y"":2018,""pop"":600666},{""t"":""僕のヒーローアカデミア４"",""cn"":"""",""ty"":""动画"",""y"":2019,""pop"":532336},{""t"":""僕のヒーローアカデミア６"",""cn"":"""",""ty"":""动画"",""y"":2022,""pop"":269963},{""t"":""僕のヒーローアカデミア 7"",""cn"":"""",""ty"":""动画"",""y"":2024,""pop"":184749},{""t"":""僕のヒーローアカデミア"",""cn"":""我的英雄学院"",""ty"":""漫画"",""y"":2014,""pop"":178045}]",私生活は謎に包まれており、活動以外では人前に姿を現さない,143,143,0,0,,https://lain.bgm.tv/pic/crt/l/9e/12/63753_crt_o5iCb.jpg?r=1715433016,https://lain.bgm.tv/r/400/pic/crt/l/9e/12/63753_crt_o5iCb.jpg?r=1715433016,https://s4.anilist.co/file/anilistcdn/character/medium/b143275-wu7zyF4tUtMC.png|https://s4.anilist.co/file/anilistcdn/character/large/b143275-wu7zyF4tUtMC.png,,,https://anilist.co/character/143275,https://bgm.tv/character/63753,,63753
vndb-c96750,vndb,2,22,,,渋谷探偵,Downtown Detective,The Shibuya Detective / Detective Gyaru / Inumi Sanae,女,,,Galgame,Galgame,探偵撲滅,侦探扑灭,2021,Galgame,,序列22位『渋谷探偵』 女子高生特有の情報ネットワークを持つ、うわさ話に造詣が深い女子高生探偵。 他者と雑談しながら推理を練り上げる『コミュニケーション推理』を得意とする。 派手な外見に似合わず面倒見がよく、頭の回転も速い。 無能探偵に対しては毒舌気味だが礼儀は重んじるため、年齢が上の無能探偵を「先輩」と呼び、色々と気を遣ってくれる。,130,0,130,0,,https://lain.bgm.tv/pic/crt/l/db/9e/91303_crt_26ROX.jpg,https://lain.bgm.tv/r/400/pic/crt/l/db/9e/91303_crt_26ROX.jpg,https://t.vndb.org/ch/96/116896.jpg,,Blond Long Brown Sweater Secretive Jacket Thigh-high Stockings Pretending Suicide Teasing,,https://bgm.tv/character/91303,https://vndb.org/c96750,91303
al130851,anilist,2,22,,日向,ヒナタ,Hinata,希納達,女,A,10,动画|漫画|游戏|Galgame,动画,炎炎ノ消防隊,炎炎消防队,2019,动画,"[{""t"":""炎炎ノ消防隊"",""cn"":""炎炎消防队"",""ty"":""动画"",""y"":2019,""pop"":483496},{""t"":""炎炎ノ消防隊 弐ノ章"",""cn"":""炎炎消防队 二之章"",""ty"":""动画"",""y"":2020,""pop"":300881},{""t"":""炎炎ノ消防隊 参ノ章 第2クール"",""cn"":""炎炎消防队 叁之章 第2部分"",""ty"":""动画"",""y"":2026,""pop"":88878},{""t"":""炎炎ノ消防隊"",""cn"":""炎炎消防队"",""ty"":""漫画"",""y"":2015,""pop"":66020},{""t"":""レムレスブルーの午前２時"",""cn"":"""",""ty"":""Galgame"",""y"":2014,""pop"":128},{""t"":""LEGEND SEVEN ～白雪姫と7人の英雄～"",""cn"":"""",""ty"":""Galgame"",""y"":2011,""pop"":41}]",人間との間に生まれたハーフエルフ。 無邪気で無鉄砲。 常に明るく騒がしく、ニコニコとお日様のように笑っているため、非常に脳天気に見える。 好奇心は非常に旺盛で、何にでも感心し何でもやってみたがる。 初めてのことは特に大好きなようで、目を輝かせて取り組むが、あまり器用ではない。 「うわぁ、ぼくニンゲンさんてはじめてみたよ！」,128,104,128,2,,https://lain.bgm.tv/pic/crt/l/ca/e1/22056_crt_wrGgv.jpg,https://lain.bgm.tv/r/400/pic/crt/l/ca/e1/22056_crt_wrGgv.jpg,https://lain.bgm.tv/r/400/pic/crt/l/0f/b1/86615_crt_6x6xP.jpg?r=1604312731|https://lain.bgm.tv/pic/crt/l/0f/b1/86615_crt_6x6xP.jpg?r=1604312731|https://lain.bgm.tv/r/400/pic/crt/l/77/84/52351_crt_NKn4d.jpg|https://lain.bgm.tv/pic/crt/l/77/84/52351_crt_NKn4d.jpg|https://lain.bgm.tv/r/400/pic/crt/l/98/36/85675_crt_mzgo5.jpg|https://lain.bgm.tv/pic/crt/l/98/36/85675_crt_mzgo5.jpg,,White Ahoge Short Teen Slim Pale School Uniform Trousers Proactive Cooking,https://anilist.co/character/130851,https://bgm.tv/character/22056,https://vndb.org/c86242,22056
al73673,anilist,2,22,,山本猛虎,山本猛虎,Taketora Yamamoto,Tora,男,,16,动画|漫画,动画,ハイキュー!!,排球少年!!,2014,动画,"[{""t"":""ハイキュー!!"",""cn"":""排球少年!!"",""ty"":""动画"",""y"":2014,""pop"":583268},{""t"":""ハイキュー!! セカンドシーズン"",""cn"":""排球少年 第二季"",""ty"":""动画"",""y"":2015,""pop"":398770},{""t"":""ハイキュー!! 烏野高校 VS 白鳥沢学園高校"",""cn"":""排球少年 乌野高校 VS 白鸟泽学园高校"",""ty"":""动画"",""y"":2016,""pop"":362356},{""t"":""ハイキュー!! TO THE TOP"",""cn"":""排球少年 TO THE TOP"",""ty"":""动画"",""y"":2020,""pop"":293887},{""t"":""ハイキュー!! TO THE TOP 2"",""cn"":"""",""ty"":""动画"",""y"":2020,""pop"":255078},{""t"":""ハイキュー!! 陸 VS 空"",""cn"":""排球少年 陆 VS 空"",""ty"":""动画"",""y"":2020,""pop"":126303}]",音駒高校2年1組。背番号4。ポジションはウイングスパイカー。,126,126,0,2,,https://lain.bgm.tv/pic/crt/l/a1/18/37021_crt_9jmb9.jpg?r=1731383921,https://lain.bgm.tv/r/400/pic/crt/l/a1/18/37021_crt_9jmb9.jpg?r=1731383921,https://s4.anilist.co/file/anilistcdn/character/medium/n73673-SbfcLzHol5y7.jpg|https://s4.anilist.co/file/anilistcdn/character/large/n73673-SbfcLzHol5y7.jpg,,,https://anilist.co/character/73673,https://bgm.tv/character/37021,,37021
bgm-bgm15268,vndb,2,22,,春日森明乃,春日森 明乃,Kasugamori Akeno,Akki,女,,,Galgame,Galgame,アステリズム -Astraythem-,,2012,Galgame,"[{""t"":""アステリズム -Astraythem-"",""cn"":"""",""ty"":""Galgame"",""y"":2012,""pop"":120},{""t"":""アステリズム -Astraythem-"",""cn"":""星宿恋曲"",""ty"":""Galgame"",""y"":2012,""pop"":0}]",ヒロインではないので攻略できない、残念。 七帯学園四年生。美々とは大の仲良し。 残念ながら保志の彼女。男子の間で人気が高かったため、彼女が保志とくっついた時は多くの男子諸君が膝から崩れおちたという。 不良に耐性があるらしく、主人公のことを怖がらない。 女子ラクロス部とSF研究部をかけもちしてる。,120,0,120,5,,https://lain.bgm.tv/pic/crt/l/9d/a8/15268_crt_A1M7c.jpg,https://lain.bgm.tv/r/400/pic/crt/l/9d/a8/15268_crt_A1M7c.jpg,https://t.vndb.org/ch/57/10957.jpg,,Twin Tails Long Teen Slim Pale School Uniform Miniskirt Thigh-high Stockings Tsundere Girlfriend,,https://bgm.tv/character/15268,https://vndb.org/c10015,15268
vndb-c69398,vndb,2,22,,物部总司,物部 総司,Mononobe Souji,,男,AB,,Galgame,Galgame,もののあはれは彩の頃。,真情流露于五彩之时,2017,Galgame,,,108,0,108,0,,https://lain.bgm.tv/pic/crt/l/20/39/72027_crt_x12hv.jpg,https://lain.bgm.tv/r/400/pic/crt/l/20/39/72027_crt_x12hv.jpg,https://t.vndb.org/ch/85/83685.jpg,,Black Antenna Short Brown Slim Pale Trousers Adult Suit Glasses,,https://bgm.tv/character/72027,https://vndb.org/c69398,72027
bgm-bgm164958,vndb,2,22,,,藍乃 絵馬,Aino Ema,Emma Aileen / Hero / エマ=アイリーン,女,,,Galgame,Galgame,転性魔王さまは勇者に勝てない！,,2024,Galgame,"[{""t"":""転性魔王さまは勇者に勝てない！"",""cn"":"""",""ty"":""Galgame"",""y"":2024,""pop"":103},{""t"":""転性魔王さまは勇者に勝てない！"",""cn"":""性转魔王敌不过勇者"",""ty"":""Galgame"",""y"":2024,""pop"":0}]",ここは違う世界で勇者をしていた。 レベル86。人間の中だと強い。 落ち着いた雰囲気の女の子。クールでかっこいい勇者。 ……かと思いきや、女の子になった魔王の見た目が好みすぎて、 過剰にスキンシップをとろうとする変態勇者。,103,0,103,8,1,https://lain.bgm.tv/pic/crt/l/b9/6b/164958_crt_u6Ufu.jpg,https://lain.bgm.tv/r/400/pic/crt/l/b9/6b/164958_crt_u6Ufu.jpg,https://t.vndb.org/ch/30/171330.jpg,,Blond Long Teen Slim Pale Sword Hero Cunnilingus Sixty-nine Blue,,https://bgm.tv/character/164958,https://vndb.org/c142589,164958
bgm-bgm28581,bangumi,2,22,,前川未来,前川みく,Maekawa Miku,,其他,B,,动画|游戏,动画,アイドルマスター シンデレラガールズ U149,偶像大师 灰姑娘女孩 U149,2023,动画,"[{""t"":""アイドルマスター シンデレラガールズ U149"",""cn"":""偶像大师 灰姑娘女孩 U149"",""ty"":""动画"",""y"":2023,""pop"":0},{""t"":""アイドルマスター シンデレラガールズ スターライトステージ"",""cn"":""偶像大师 灰姑娘女孩 星光舞台"",""ty"":""游戏"",""y"":2015,""pop"":0},{""t"":""THE IDOLM@STER CINDERELLA GIRLS ANIMATION PROJECT 01 Star!!"",""cn"":"""",""ty"":""音乐"",""y"":2015,""pop"":0},{""t"":""THE IDOLM@STER CINDERELLA GIRLS ANIMATION PROJECT 2nd Season 01 Shine!!"",""cn"":"""",""ty"":""音乐"",""y"":2015,""pop"":0},{""t"":""THE IDOLM@STER CINDERELLA GIRLS ANIMATION PROJECT ORIGINAL SOUNDTRACK"",""cn"":"""",""ty"":""音乐"",""y"":2016,""pop"":0},{""t"":""346Pro IDOL selection vol.5"",""cn"":"""",""ty"":""音乐"",""y"":2016,""pop"":0}]",游戏运营初作为「原宿」地区的BOSS登场。 女子高中生的猫娘偶像，粉丝爱称Miku喵（みくにゃん）。 虽然在大阪出身，但是（自称）不会说关西腔，也不会吐槽。 身材娇小，只有1米52的身高，但是却拥有可以与很多登场角色匹敌的F罩杯巨乳。 平常以短发示人，在演出时常常佩戴猫耳并梳单马尾。 生活中前川未来担任所在的女子学校学生会长一职，不从事偶像工作的她是个戴着眼镜的严肃女孩子，词尾也不会加上“喵”字，是个相当正经的学生。 校服有夏季与春秋季两种，先后在动画与原作游戏中出现。,97,0,0,97,,https://lain.bgm.tv/pic/crt/l/cd/40/28581_crt_j1awG.jpg,https://lain.bgm.tv/r/400/pic/crt/l/cd/40/28581_crt_j1awG.jpg,,,,,https://bgm.tv/character/28581,,28581
bgm-bgm157377,vndb,2,22,,柴郡猫,ロキ ジェネッタ,Loki Genetta,Cheshire Cat / 柴郡貓,男,O,,Galgame,Galgame,イケメン革命◆ アリスと恋の魔法,,2016,Galgame,"[{""t"":""イケメン革命◆ アリスと恋の魔法"",""cn"":"""",""ty"":""Galgame"",""y"":2016,""pop"":95},{""t"":""夢王国と眠れる100人の王子様"",""cn"":""梦王国与沉睡的100名王子"",""ty"":""Galgame"",""y"":2015,""pop"":0}]",不可思議之國・驚奇梅亞的不可思議王子。他把妳喚為『愛麗絲』，擅自帶著妳到處遊玩，不過那是一段與不可思議之國的祕密有關，稍微有些些悲傷的冒險。他好像常常捉弄在同一國裡，一隻帶著懷錶的兔子。,95,0,95,0,,https://lain.bgm.tv/pic/crt/l/d4/ee/157377_crt_7Z7Px.jpg,https://lain.bgm.tv/r/400/pic/crt/l/d4/ee/157377_crt_7Z7Px.jpg,https://t.vndb.org/ch/75/68675.jpg,,Pink Wavy Curtained Pale Amber Young-adult Scarf Yandere Ore Based on a Fictional Character,,https://bgm.tv/character/157377,https://vndb.org/c57691,157377
bgm-bgm186298,vndb,2,22,,,鞍馬 美夕,Kurama Miyuu,,女,,,Galgame,Galgame,クラス全員マヂでゆり？！ ～私達のレズおっぱいは貴女のモノ・女子全員潮吹き計画～,,2013,Galgame,"[{""t"":""クラス全員マヂでゆり？！ ～私達のレズおっぱいは貴女のモノ・女子全員潮吹き計画～"",""cn"":"""",""ty"":""Galgame"",""y"":2013,""pop"":94},{""t"":""クラス全員マヂでゆり?! ～私達のレズおっぱいは貴女のモノ・女子全員潮吹き計画～"",""cn"":"""",""ty"":""Galgame"",""y"":2013,""pop"":0}]",いつも人前では活発でテンションが高い。 リーダータイプで情に厚く、他人のピンチは放っておけない性格。 いろんな方面からトラブルの種を持ってくる困った人だけれど、本人に一切の悪気が無いので憎めない。 下ネタにはとっても弱く、話を聞いただけで耳まで真っ赤にしてしまうピュアな子。 エッチな話になるとそわそわして、その場からさりげなく居なくなったりも……。 最近はエッチな事に興味を持ちはじめているけど、恥ずかしくて人には話せない様子。,94,0,94,0,,https://lain.bgm.tv/pic/crt/l/b5/eb/186298_crt_0VR04.jpg,https://lain.bgm.tv/r/400/pic/crt/l/b5/eb/186298_crt_0VR04.jpg,https://t.vndb.org/ch/80/14180.jpg,,Blue Violet Ponytail Shoulder-length Teen Slim Pale School Uniform Sweater Violet,,https://bgm.tv/character/186298,https://vndb.org/c12043,186298
vndb-c62910,vndb,2,22,,,朧々崎 あられ,Oborogasaki Arare,,女,,,Galgame,Galgame,純情化憐フリークス！,,2017,Galgame,"[{""t"":""純情化憐フリークス！"",""cn"":"""",""ty"":""Galgame"",""y"":2017,""pop"":93},{""t"":""純情化憐フリークス！"",""cn"":"""",""ty"":""Galgame"",""y"":2017,""pop"":93}]",,93,0,93,0,,https://t.vndb.org/ch/21/75421.jpg,https://t.vndb.org/ch/21/75421.jpg,,#83809b #3e3e4a #c0b4bd #e4d7db #f5f0ef #ffffff,Waist Length+ Teen Cowgirl Violet Headband Student Council Member Strict Classmate Distrustful Short-tempered,,,https://vndb.org/c62910,
bgm-bgm25400,vndb,2,22,,速水玲儿,速水 玲児,Hayami Reiji,,男,A,,Galgame,Galgame,セミラミスの天秤,,2014,Galgame,"[{""t"":""セミラミスの天秤"",""cn"":"""",""ty"":""Galgame"",""y"":2014,""pop"":91},{""t"":""セミラミスの天秤 Fated Dolls"",""cn"":"""",""ty"":""Galgame"",""y"":2015,""pop"":9},{""t"":""セミラミスの天秤"",""cn"":"""",""ty"":""Galgame"",""y"":2014,""pop"":0},{""t"":""セミラミスの天秤 Fated Dolls"",""cn"":"""",""ty"":""Galgame"",""y"":2015,""pop"":0}]",本編の主人公。 頭を怪我したことによって、時折幻聴を聞く。 頻度は高くないのだが、自身がそのような不安定な状態であるせいで 「自分のせいなのではないか？」 と、愛生や映瑠の不可思議な能力に対する疑念に確信を持つことが出来ないでいる。 結果的に愛生（悪） と映瑠（善） の間を渡り歩く魔術士的な立ち位置で、様々なドラマを目撃することになる。 ちょっと冷め気味の性格だが、基本的には善人。,91,0,91,2,,https://lain.bgm.tv/pic/crt/l/ba/ed/25400_crt_fV744.jpg,https://lain.bgm.tv/r/400/pic/crt/l/ba/ed/25400_crt_fV744.jpg,https://t.vndb.org/ch/00/84000.jpg,,Brown Short Straight Teen Slim Pale Virgin Sex Green Necktie Axe,,https://bgm.tv/character/25400,https://vndb.org/c69659,25400
bgm-bgm71786,vndb,2,22,,,水奈月 瑠音,Minazuki Rune,,女,B,,Galgame,Galgame,あにまる☆ぱにっく,,2019,Galgame,"[{""t"":""あにまる☆ぱにっく"",""cn"":"""",""ty"":""Galgame"",""y"":2019,""pop"":91},{""t"":""あにまる☆ぱにっく"",""cn"":"""",""ty"":""Galgame"",""y"":2019,""pop"":0}]",理人の隣の席に座るクラスメイト。 学校ではほとんど誰とも話すことなく、 整った顔立ちと相まってミステリアスな雰囲気を漂わせている。 祈が丘学園に通う前は海外にいたらしい。 しかし実は気分屋で気紛れで、 思わせぶりなことを言って理人をからかう小悪魔な一面も。 変身するのはネコで、変身すると動きが俊敏になり、 足音や気配を消せるようになる。,91,0,91,19,,https://lain.bgm.tv/pic/crt/l/6b/db/71786_crt_nZF0N.jpg,https://lain.bgm.tv/r/400/pic/crt/l/6b/db/71786_crt_nZF0N.jpg,https://t.vndb.org/ch/78/104878.jpg,,Black Shoulder-length Teen Slim Pale School Uniform Missionary Doggy Style Cowgirl Spoons,,https://bgm.tv/character/71786,https://vndb.org/c85279,71786
vndb-c140840,vndb,2,22,,,キース・アルフォード,Keith Alford,,男,B,,Galgame,Galgame,王子様のプロポーズ,,2012,Galgame,,,88,0,88,0,,https://t.vndb.org/ch/30/165430.jpg,https://t.vndb.org/ch/30/165430.jpg,,#70363e #9fd8e4 #7e747a #b6aaa4 #f4e5f4 #dbd2e1,Crown Prince,,,https://vndb.org/c140840,
bgm-bgm51034,vndb,2,22,,高远丞,高遠 丞,Takatoo Tasuku,Taa-chan / Tax / Muscle head,男,A,,动画|Galgame,Galgame,A3!,,2017,Galgame,"[{""t"":""A3!"",""cn"":"""",""ty"":""Galgame"",""y"":2017,""pop"":87},{""t"":""A3！（エースリー）"",""cn"":""A3！满开剧团"",""ty"":""Galgame"",""y"":2017,""pop"":0},{""t"":""A3! SEASON AUTUMN ＆ WINTER"",""cn"":""A3！满开剧团 秋&冬"",""ty"":""动画"",""y"":2020,""pop"":0},{""t"":""A3! First WINTER EP"",""cn"":"""",""ty"":""音乐"",""y"":2017,""pop"":0},{""t"":""A3!  Blooming WINTER EP"",""cn"":"""",""ty"":""音乐"",""y"":2017,""pop"":0},{""t"":""A3! VIVID WINTER EP"",""cn"":"""",""ty"":""音乐"",""y"":2018,""pop"":0}]",GOD座のトップとして在籍していたが、ある時を境に退団しMANKAIカンパニーに入団する。とにかく芝居に対して真面目でストイック。男らしく、やや不器用で口ベタな一面も。紬とは幼馴染で、大学までは同じ演劇サークルで活躍していた。一度役者の道を諦めた紬に強い憤りを感じている。,87,0,87,3,,https://lain.bgm.tv/pic/crt/l/bd/f3/51034_crt_01qYQ.jpg?r=1486315963,https://lain.bgm.tv/r/400/pic/crt/l/bd/f3/51034_crt_01qYQ.jpg?r=1486315963,https://t.vndb.org/ch/18/108818.jpg,,Green Soccer Violet T-shirt Jeans Stoic Reserved Childhood Friend Sports Athletics,,https://bgm.tv/character/51034,https://vndb.org/c90183,51034
bgm-bgm17827,bangumi,2,22,,大连寺铃鹿,大連寺鈴鹿,,,其他,,,动画|漫画,动画,東京レイヴンズ,东京暗鸦,2013,动画,"[{""t"":""東京レイヴンズ"",""cn"":""东京暗鸦"",""ty"":""动画"",""y"":2013,""pop"":0},{""t"":""東京レイヴンズ"",""cn"":""东京暗鸦"",""ty"":""漫画"",""y"":2010,""pop"":0},{""t"":""東京レイヴンズ"",""cn"":""东京乌鸦"",""ty"":""漫画"",""y"":2010,""pop"":0}]",中学生左右，长相可爱的少女，为国家一级阴阳师「十二神将」之一。最年少的天才，故有「神童」之称，即便是传言为夜光转生的夏目也未能独力战胜她。与优秀的咒术才能相异，精神面还尚不成熟，因此引发了「泰山府君祭」事件。在复活亡故兄长仪式的最后一刻，被夏目与春虎联手阻止，随后被阴阳厅咒搜部逮捕。 作为惩罚，灵力被阴阳厅笔头仓桥源司封印，并被附上去阴阳塾上三年学的义务。春虎他们升上二年级时，成为阴阳塾一年级生。,86,0,0,86,,https://lain.bgm.tv/pic/crt/l/8b/32/17827_crt_yq0TW.jpg,https://lain.bgm.tv/r/400/pic/crt/l/8b/32/17827_crt_yq0TW.jpg,,,,,https://bgm.tv/character/17827,,17827
bgm-bgm4328,vndb,2,22,,冢本千纱,塚本 千紗,Tsukamoto Chisa,,女,A,,动画|Galgame,Galgame,こみっくパーティー,,1999,Galgame,"[{""t"":""こみっくパーティー"",""cn"":"""",""ty"":""Galgame"",""y"":1999,""pop"":84},{""t"":""猪名川でいこう!!"",""cn"":"""",""ty"":""Galgame"",""y"":2000,""pop"":6},{""t"":""こみっくパーティー"",""cn"":""漫画同人会"",""ty"":""Galgame"",""y"":1999,""pop"":0},{""t"":""こみっくパーティーRevolution"",""cn"":""漫画同人会 Revolution"",""ty"":""动画"",""y"":2005,""pop"":0},{""t"":""こみっくパーティー"",""cn"":""漫画同人会"",""ty"":""动画"",""y"":2001,""pop"":0}]",主人公がよく利用する印刷所の娘。 明るく元気なとてもいい子なのだが、あわてんぼでそそっかしくておっちょこちょい。したがって、やることなすことドジと失敗の連続。 しかし持ち前の元気と明るさで、そんな失敗や辛いことにも挫けず、つねに前向きである。,84,0,84,5,,https://lain.bgm.tv/pic/crt/l/95/63/4328_crt_yok4z.jpg,https://lain.bgm.tv/r/400/pic/crt/l/95/63/4328_crt_yok4z.jpg,https://t.vndb.org/ch/28/172228.jpg,,Blond Short Brown Teen Slim Pale Hard Worker Cowgirl Virgin Sex Apron,,https://bgm.tv/character/4328,https://vndb.org/c8642,4328
vndb-c89378,vndb,2,22,,,舟木 弘矢,Funaki Hiroya,,男,A,,Galgame,Galgame,シスターレッスン,,2020,Galgame,,"[I'm really bad at socializing! A complicated guy who doesn't eat at all] The main character of this work. He spent his childhood in Japan, but moved to Silicon Valley in the United States due to his parents' work.",83,0,83,0,,https://t.vndb.org/ch/79/178879.jpg,https://t.vndb.org/ch/79/178879.jpg,,#a28d89 #f8ccb1 #6d5f5c #c6b7b6 #eae2df #fbf9f8,Brown Short Straight School Uniform Trousers Cunnilingus Sixty-nine Virgin Sex Suit T-shirt,,,https://vndb.org/c89378,
bgm-bgm23508,vndb,2,22,,,珠璃,Shuri,,女,,,Galgame,Galgame,恋する少女と想いのキセキ～Poupee de souhaits～,,2014,Galgame,"[{""t"":""恋する少女と想いのキセキ～Poupee de souhaits～"",""cn"":"""",""ty"":""Galgame"",""y"":2014,""pop"":81},{""t"":""恋する少女と想いのキセキ"",""cn"":""恋爱少女与思念的奇迹"",""ty"":""Galgame"",""y"":2014,""pop"":0}]",駒久利の家に代々伝わるドール。 天音が幼い頃からずっと一緒に過ごしていて、早逝した母親に代わって面倒を見てきた。 そのため天音とは、母のような姉のような、奇妙な主従関係となっている。 猫の姿にも変われるという特殊性から、友紀が並々ならぬ関心を寄せている。 イタズラ好きで、エロいことには寛容。,81,0,81,10,,https://lain.bgm.tv/pic/crt/l/17/ee/23508_crt_0ddh4.jpg,https://lain.bgm.tv/r/400/pic/crt/l/17/ee/23508_crt_0ddh4.jpg,https://storage.moegirl.org.cn/moegirl/commons/c/ce/%E7%8F%A0%E7%92%83.png|https://t.vndb.org/ch/16/21816.jpg,,Long Green Slim Pale Cowgirl Blowjob Green Kid Boobjob Cat,,https://bgm.tv/character/23508,https://vndb.org/c17212,23508
bgm-bgm114406,vndb,2,22,,,時島 芹,Tokishima Seri,,男,B,,Galgame,Galgame,灰色のアルカディア,,2024,Galgame,"[{""t"":""灰色のアルカディア"",""cn"":"""",""ty"":""Galgame"",""y"":2024,""pop"":78},{""t"":""灰色のアルカディア"",""cn"":"""",""ty"":""Galgame"",""y"":2024,""pop"":0}]",cv.宮尾章 珠生のクラスメイト。 モデルのような美貌の持ち主。 いつもにっこり上機嫌でテンション高め。 自分の気分が最優先のマイペース派で、 周囲の空気を読むことは皆無。 それでいて誰にでも好かれる人気者。 ふわふわしてそうでいて、何でも要領良くそつなくこなし、 成績も上位をキープ。 スポーツも得意で、バスケが大好き。,78,0,78,1,,https://lain.bgm.tv/pic/crt/l/83/28/114406_crt_1HhB9.jpg,https://lain.bgm.tv/r/400/pic/crt/l/83/28/114406_crt_1HhB9.jpg,https://t.vndb.org/ch/99/135799.jpg,,Blond Wavy Short Teen Slim Pale Student Amnesia Blowjob Sixty-nine,,https://bgm.tv/character/114406,https://vndb.org/c113001,114406
vndb-c106890,vndb,2,22,,,,Melissa Orlandi,Lissa / Mel,女,,,Galgame,Galgame,Intertwined,,2026,Galgame,,Erynn is her daughter.,75,0,75,0,,https://t.vndb.org/ch/83/203583.jpg,https://t.vndb.org/ch/83/203583.jpg,,#a9ad16 #777d0f #b89a88 #34271b #80675d #e6e5ea,Blond Brown Ponytail Long Shoulder-length Pixie Cut Pale Blue Young-adult Tattoo,,,https://vndb.org/c106890,
bgm-bgm22474,vndb,2,22,,绪方明,緒方 明,Ogata Akira,,男,B,,游戏|Galgame,Galgame,みらくるのーとん,,2006,Galgame,"[{""t"":""みらくるのーとん"",""cn"":"""",""ty"":""Galgame"",""y"":2006,""pop"":73},{""t"":""みらくるのーとん 只今増量中!!"",""cn"":"""",""ty"":""Galgame"",""y"":2007,""pop"":47},{""t"":""みらくるのーとん 願いを打ちこんで！"",""cn"":"""",""ty"":""Galgame"",""y"":2008,""pop"":22},{""t"":""みらくるのーとん 只今増量中！！"",""cn"":""奇迹笔记本 只今增量中！"",""ty"":""Galgame"",""y"":2007,""pop"":0},{""t"":""みらくるのーとん"",""cn"":""奇迹笔记本"",""ty"":""Galgame"",""y"":2006,""pop"":0},{""t"":""みらくるのーとん 願いを打ちこんで！"",""cn"":"""",""ty"":""Galgame"",""y"":2008,""pop"":0}]",性格は切れやすいが、肝心なところで切れられない損な性格。勉強も、態度も悪いが、情に厚く騙されやすいという憎めないところも。,73,0,73,2,,https://lain.bgm.tv/pic/crt/l/42/a3/22474_crt_nm3Ja.jpg,https://lain.bgm.tv/r/400/pic/crt/l/42/a3/22474_crt_nm3Ja.jpg,https://t.vndb.org/ch/59/135659.jpg,,Brown Brown Teen Pale Trousers Missionary Doggy Style Sixty-nine Suit Necktie,,https://bgm.tv/character/22474,https://vndb.org/c4933,22474
bgm-bgm64982,vndb,2,22,,,深浜 祈莉,Mihama Inori,,女,,,Galgame,Galgame,その日の獣には、,,2019,Galgame,"[{""t"":""その日の獣には、"",""cn"":"""",""ty"":""Galgame"",""y"":2019,""pop"":71},{""t"":""その日の獣には、"",""cn"":""少女与野兽"",""ty"":""Galgame"",""y"":2019,""pop"":0}]",主人公が通う学園の演劇部に所属する1 年生で、 お金持ちの一人娘らしい。 幼少期より身体が弱かった為、 ちゃんと通学するのは今の学園が初めて。 主人公が声をかけるまで友人がいなかっただけでなく、 そうした関係をつくる事すら意識になかった。,71,0,71,46,,https://lain.bgm.tv/pic/crt/l/15/a0/64982_crt_fS5qs.jpg?r=1694160079,https://lain.bgm.tv/r/400/pic/crt/l/15/a0/64982_crt_fS5qs.jpg?r=1694160079,https://t.vndb.org/ch/91/92591.jpg,,White Ahoge Waist Length+ Straight Teen Slim Pale School Uniform Virgin Sex Miniskirt,,https://bgm.tv/character/64982,https://vndb.org/c73003,64982
bgm-bgm21994,vndb,2,22,,,桜森 紅紗,Sakuramori Akasha,,女,AB,,Galgame,Galgame,桜吹雪～千年の恋をしました～,,2009,Galgame,"[{""t"":""桜吹雪～千年の恋をしました～"",""cn"":"""",""ty"":""Galgame"",""y"":2009,""pop"":70},{""t"":""花鳥風月 ～恋ニヲチタル花園ノ姫～"",""cn"":"""",""ty"":""Galgame"",""y"":2009,""pop"":29},{""t"":""桜吹雪～千年の恋をしました～"",""cn"":""樱吹雪 ～千年之恋～"",""ty"":""Galgame"",""y"":2009,""pop"":0},{""t"":""花鳥風月 ～恋ニヲチタル花園ノ姫～"",""cn"":""花鸟风月 ～坠入爱河的花园之姬～"",""ty"":""Galgame"",""y"":2009,""pop"":0}]",主人公より2年も上級の3年生。主席。 身長138センチのミニサイズロリで、○学生にさえ間違われかねない。 桃園会会長よりもなるのが難しいとされる本年度の花仙祭実行委員長に就任した才女……には、とても見えないところがポイント。 リーダーは後ろで大きく構えているのが仕事だとうそぶき、“泰然自若”と “人間万事塞翁が馬” を辞世の句にしようと思っている暗黒少女。 「大丈夫、キミがなんとかする、たぶん……」,70,0,70,24,,https://lain.bgm.tv/pic/crt/l/b0/d3/21994_crt_99E55.jpg,https://lain.bgm.tv/r/400/pic/crt/l/b0/d3/21994_crt_99E55.jpg,https://t.vndb.org/ch/85/44985.jpg,,White Long Straight Slim Pale School Uniform Doggy Style Cowgirl Virgin Sex Amber,,https://bgm.tv/character/21994,https://vndb.org/c878,21994
bgm-bgm37895,vndb,2,22,,,乃神 凰佳,Nogami Ouka,アフェランドラ / Aphelandra / アフェランドラ,女,,,Galgame,Galgame,恋せよ!!妹番長,,2013,Galgame,"[{""t"":""恋せよ!!妹番長"",""cn"":"""",""ty"":""Galgame"",""y"":2013,""pop"":66},{""t"":""恋せよ!!妹番長"",""cn"":"""",""ty"":""Galgame"",""y"":2013,""pop"":0}]",三大欲求に忠実な肉食系女子。 ガサツでおバカなところがあり、人に迷惑をかけることもしばしば。 ただ仲間思いで、大事な人のためには身を張れる良いヤツでもある。 「アタシが本気になれば、勝てるヤツなんざいねぇ!!」,66,0,66,1,,https://lain.bgm.tv/pic/crt/l/a7/04/37895_crt_w16GU.jpg,https://lain.bgm.tv/r/400/pic/crt/l/a7/04/37895_crt_w16GU.jpg,https://t.vndb.org/ch/05/33405.jpg,,Blond Pink White Ponytail Teen Slim School Uniform Standing Sex Virgin Sex Violet,,https://bgm.tv/character/37895,https://vndb.org/c27409,37895
bgm-bgm98861,bangumi,2,22,,,珊瑚宫心海,Sangonomiya Kokomi,真珠之智,其他,,,游戏,游戏,原神,原神,2020,游戏,,看着软乎乎的少女。 虽然外表很柔美，实际上是珊瑚宫反抗势力的领袖。 足智多谋的军师，脸上总是带着一副很恬静的笑容。 谈笑间，把所有事务安排地井井有条的智将。,61,0,0,61,,https://lain.bgm.tv/pic/crt/l/02/c5/98861_crt_LIo44.jpg?r=1703249477,https://lain.bgm.tv/r/400/pic/crt/l/02/c5/98861_crt_LIo44.jpg?r=1703249477,,,,,https://bgm.tv/character/98861,,98861
al30441,anilist,2,22,,平和岛幽,平和島幽,Kasuka Heiwajima,Hanejima Yuuhei (羽島幽平),男,O,21,动画|Galgame,动画,デュラララ!!,无头骑士异闻录,2010,动画,"[{""t"":""デュラララ!!"",""cn"":""无头骑士异闻录"",""ty"":""动画"",""y"":2010,""pop"":294082},{""t"":""デュラララ!!×２ 承"",""cn"":"""",""ty"":""动画"",""y"":2015,""pop"":110655},{""t"":""デュラララ!!×２ 転"",""cn"":"""",""ty"":""动画"",""y"":2015,""pop"":88374},{""t"":""デュラララ!!"",""cn"":""无头骑士异闻录"",""ty"":""动画"",""y"":2010,""pop"":34133},{""t"":""デュラララ!!×２ 結 デュフフフ!!"",""cn"":"""",""ty"":""动画"",""y"":2016,""pop"":16539},{""t"":""デュラララ!!×２ 転 お惚気チャカポコ"",""cn"":"""",""ty"":""动画"",""y"":2015,""pop"":14498}]",好物は自家製カレーライス、プリン、乳製品など。捨てるタイミングがわからないためにガムを嫌っている。猫派。噂だけで人を決めつける人が嫌い。 静雄の弟。「羽島幽平（はねじま ゆうへい）」の芸名として活動する、大人気の俳優にしてアイドル。少女漫画から抜け出てきたような美男子だが、常に無口で無表情。感情らしい感情をほとんど表さない。しかし演技となるとまるで別人のように役になりきり、どんな役柄でもこなすことから実力派の男優として評価も高く、様々なドラマや映画の主役をもぎ取っている。,60,60,0,39,,https://lain.bgm.tv/pic/crt/l/f1/9e/11066_crt_y4ydq.jpg,https://lain.bgm.tv/r/400/pic/crt/l/f1/9e/11066_crt_y4ydq.jpg,https://s4.anilist.co/file/anilistcdn/character/medium/b30441-pMCkH7K4b93V.png|https://s4.anilist.co/file/anilistcdn/character/large/b30441-pMCkH7K4b93V.png,,,https://anilist.co/character/30441,https://bgm.tv/character/11066,,11066
bgm-bgm48337,bangumi,2,22,,桃乃今日子,桃乃今日子,Touno Kyouko,,其他,B,,动画,动画,セイレン,清恋,2017,动画,"[{""t"":""セイレン"",""cn"":""清恋"",""ty"":""动画"",""y"":2017,""pop"":0},{""t"":""TVアニメ「セイレン」エンディングテーマ3 恋のセオリー"",""cn"":"""",""ty"":""音乐"",""y"":2017,""pop"":0}]",女子中学生のような幼馴染。 主人公の幼稚園からの幼馴染で 丘の上公園でよく遊んでいた。 成績優秀の優等生。 その一方、少女漫画が好で 子供っぽい部分もあり、 そんな自分にコンプレックスを抱えている。,60,0,0,60,,https://lain.bgm.tv/pic/crt/l/07/1c/48337_crt_nlO0c.jpg?r=1705234634,https://lain.bgm.tv/r/400/pic/crt/l/07/1c/48337_crt_nlO0c.jpg?r=1705234634,,,,,https://bgm.tv/character/48337,,48337
bgm-bgm93869,vndb,2,22,,若井美咲,若井 みさき,Wakai Misaki,,女,AB,,动画|Galgame,Galgame,下級生2,,2004,Galgame,"[{""t"":""下級生2"",""cn"":"""",""ty"":""Galgame"",""y"":2004,""pop"":59},{""t"":""下級生2"",""cn"":""下级生2"",""ty"":""Galgame"",""y"":2004,""pop"":0},{""t"":""下級生2〜Sketchbook〜"",""cn"":""下级生2～Sketchbook～"",""ty"":""动画"",""y"":2007,""pop"":0}]",今年、頼津学園に赴任してきて美術部の顧問をしている新任美術教師。 専門は油彩。最近は現代アートに興味を持っている。 フレンドリーな性格で、 美術部を始め運動部や文化部の生徒達からも人気が高い。 学生時代はソフトボール部のエースで４番だったという噂も・・・。 そんな彼女が美術教師になったのは、『美人に歴史アリ』！？,59,0,59,12,,https://lain.bgm.tv/pic/crt/l/bf/65/93869_crt_K4Aaa.jpg,https://lain.bgm.tv/r/400/pic/crt/l/bf/65/93869_crt_K4Aaa.jpg,https://storage.moegirl.org.cn/moegirl/commons/e/e7/Kakyu2misaki001.png!/fw/480/watermark/url/L21vZWdpcmwvd2F0ZXJtYXJrLnBuZw==/align/southeast/margin/10x10/opacity/50?v=20131009012930|https://storage.moegirl.org.cn/moegirl/commons/e/e7/Kakyu2misaki001.png|https://t.vndb.org/ch/64/123764.jpg,,Red Wavy Curtained Short Brown Slim Pale Trousers Doggy Style Cowgirl,,https://bgm.tv/character/93869,https://vndb.org/c2526,93869
vndb-c50098,vndb,2,22,,,ミネット,Minette,,男,,,Galgame,Galgame,白と黒のアリス,,2017,Galgame,"[{""t"":""白と黒のアリス"",""cn"":"""",""ty"":""Galgame"",""y"":2017,""pop"":57},{""t"":""白と黒のアリス -Twilight line-"",""cn"":"""",""ty"":""Galgame"",""y"":2018,""pop"":22}]","""What cute face. Where did you come from? How old are you?"" A self-proclaimed magician. He has a pretty face, but he’s always wandering about, and no one can understand his intentions.",57,0,57,0,,https://t.vndb.org/ch/67/60167.jpg,https://t.vndb.org/ch/67/60167.jpg,,#b46193 #623a5a #d295b2 #e3c0cc #f6e8e3 #ffffff,Violet Ponytail Wavy Shoulder-length Trousers Magician Young-adult Tattoo Earrings Secretive,,,https://vndb.org/c50098,
vndb-c76668,vndb,2,22,,,明楽 くるみ,Akera Kurumi,,女,,,Galgame,Galgame,らぶこみゅ,,2019,Galgame,,,54,0,54,0,,https://t.vndb.org/ch/95/94195.jpg,https://t.vndb.org/ch/95/94195.jpg,,#bb6f69 #dda59d #dfd0d3 #f3eae9 #fbfaf9,Ahoge Short Straight Teen Slim Pale Amber Miniskirt Braid Intake,,,https://vndb.org/c76668,
vndb-c105699,vndb,2,22,,,,Simon Vilar,,男,,,Galgame,Galgame,Saint Spell's Love Guide to the Magical Student's Handbook,,2022,Galgame,,,50,0,50,0,,https://t.vndb.org/ch/79/127179.jpg,https://t.vndb.org/ch/79/127179.jpg,,#a16391 #673e6d #d1a3ae #fee9e4 #e3c8cc,Student Amber Adult Unnatural Skin Tone Friendly Criminal Death Demon Kind Resurrection,,,https://vndb.org/c105699,
bgm-bgm70029,vndb,2,22,,橘天音,橘 天音,Tachibana Amane,,女,AB,,动画|Galgame,Galgame,Canvas ～セピア色のモチーフ～,,2000,Galgame,"[{""t"":""Canvas ～セピア色のモチーフ～"",""cn"":"""",""ty"":""Galgame"",""y"":2000,""pop"":49},{""t"":""Naked Blue"",""cn"":"""",""ty"":""Galgame"",""y"":2001,""pop"":4},{""t"":""Canvas ～セピア色のモチーフ～"",""cn"":"""",""ty"":""Galgame"",""y"":2000,""pop"":0},{""t"":""NAKED BLUE Canvas Wallpaper Collection"",""cn"":"""",""ty"":""Galgame"",""y"":2001,""pop"":0},{""t"":""Canvas ～セピア色のモチーフ～"",""cn"":""藏爱油画 ～茶色的主题～"",""ty"":""动画"",""y"":2001,""pop"":0}]",Canvas的女主角，与主人公相识9年的青梅竹马，性格非常单纯同时也是个爱哭鬼。爱赖床，每天大辅的日课就是来叫她起床（青梅竹马+邻居）喜欢动物，特别是猫狗什么的。一直诺守着约定喜欢着大辅，无论何时何地都大辅身边行动以至学园的人公认是一对夫妻（悠说的）其实天音更像一种妹妹般存在的女孩。,49,0,49,6,,https://lain.bgm.tv/pic/crt/l/f0/d8/70029_crt_0Dn95.jpg,https://lain.bgm.tv/r/400/pic/crt/l/f0/d8/70029_crt_0Dn95.jpg,https://t.vndb.org/ch/28/11828.jpg,,Blond Shoulder-length Teen Slim Pale School Uniform Green Miniskirt Idiot Childhood Friend,,https://bgm.tv/character/70029,https://vndb.org/c705,70029
bgm-bgm62832,vndb,2,22,,,高岳 ちえり,Takaoka Chieri,,女,AB,,Galgame,Galgame,恋愛家庭教師ルルミ★Coordinate！,,2011,Galgame,"[{""t"":""恋愛家庭教師ルルミ★Coordinate！"",""cn"":"""",""ty"":""Galgame"",""y"":2011,""pop"":48},{""t"":""恋愛家庭教師ルルミ★Coordinate！"",""cn"":""恋爱家庭教师露露美★Coordinate！"",""ty"":""Galgame"",""y"":2011,""pop"":0}]",とあるきっかけで知り合うことになる、鮎久の大学同期生。 お嬢様ではあるが、誰にでも分け隔てなく接する優しい性格。 本人の与り知らぬところではアイドル的な存在になっていたりもするらしい。 ただ、周囲からのドジっ娘属性疑惑に対してはちょっとだけご立腹中。 「わたし達、一番の仲良しになれるといいですね」,48,0,48,3,,https://lain.bgm.tv/pic/crt/l/0d/e1/62832_crt_AMr4j.jpg,https://lain.bgm.tv/r/400/pic/crt/l/0d/e1/62832_crt_AMr4j.jpg,https://t.vndb.org/ch/49/10949.jpg,,Blue Shoulder-length Teen Slim Pale School Uniform Amber Dress Classmate Refined,,https://bgm.tv/character/62832,https://vndb.org/c10012,62832
bgm-bgm174361,vndb,2,22,,,我楽多 真魚,Garakuta Mana,,女,,,Galgame,Galgame,ギャルズフィクション,,2025,Galgame,"[{""t"":""ギャルズフィクション"",""cn"":"""",""ty"":""Galgame"",""y"":2025,""pop"":46},{""t"":""ギャルズフィクション"",""cn"":"""",""ty"":""Galgame"",""y"":2025,""pop"":0}]",「おっすおす！ 今帰り？ なら一緒に帰ろーよ♪」 部活大好き、勉強苦手な元気娘。明るく社交的で友人がすごい多い。 勉強は苦手だが、人の顔や名前を覚えるのが超得意。水泳部に所属していて、基本的にすぐ部活に行けるように水着を着て、その上にジャージを羽織っている。すずとは補修仲間であり、バイト仲間でもある。たまに一緒に出かけたり、家に遊びに行ったりととても仲が良く親友同士である。 実は母親が元コスプレイヤーだったりする。,46,0,46,1,1,https://lain.bgm.tv/pic/crt/l/ff/4e/174361_crt_q0cOt.jpg,https://lain.bgm.tv/r/400/pic/crt/l/ff/4e/174361_crt_q0cOt.jpg,https://t.vndb.org/ch/45/178245.jpg,,Teen Slim Boobjob Swimsuit School Swimming Club Member Tanned Big Breasts,,https://bgm.tv/character/174361,https://vndb.org/c151487,174361
bgm-bgm47666,vndb,2,22,,,美丘 アオイ,Yoshioka Aoi,,女,O,,Galgame,Galgame,恋は夢見る妄烈ガール！,,2016,Galgame,"[{""t"":""恋は夢見る妄烈ガール！"",""cn"":"""",""ty"":""Galgame"",""y"":2016,""pop"":40},{""t"":""恋は夢見る妄烈ガール！"",""cn"":"""",""ty"":""Galgame"",""y"":2016,""pop"":0}]",趣味：ひなたぼっこ 好きなもの：魚料理（野菜は苦手） 美丘学園2年生。 言動や行動に少し不思議なところがある天然少女。 その可愛さは、学園ナンバーワンとの呼び声も高い。 主人公との甘々でラブラブな、やっぱりエッチな妄想をよくしてしまう。,40,0,40,7,,https://lain.bgm.tv/pic/crt/l/a7/2e/47666_crt_N3a6U.jpg?r=1697566019,https://lain.bgm.tv/r/400/pic/crt/l/a7/2e/47666_crt_N3a6U.jpg?r=1697566019,https://t.vndb.org/ch/38/61338.jpg,,Blond Odango Shoulder-length Teen Slim Pale School Uniform Blue Miniskirt Thigh-high Stockings,,https://bgm.tv/character/47666,https://vndb.org/c51264,47666
vndb-c90364,vndb,2,22,,,미미르,Mimileu,ミミル / Mimiru,女,,,Galgame,Galgame,당신을 기다리는 여우,,2017,Galgame,"[{""t"":""당신을 기다리는 여우"",""cn"":"""",""ty"":""Galgame"",""y"":2017,""pop"":37},{""t"":""당신을 기다리는 여우 花"",""cn"":"""",""ty"":""Galgame"",""y"":2019,""pop"":12}]","The mountain deity that governs these parts. Complains about how things are annoying a lot, but she's actually the hardest worker around. An elite who quit being a reaper to take up being a mountain deity.",37,0,37,0,,https://t.vndb.org/ch/91/179391.jpg,https://t.vndb.org/ch/91/179391.jpg,,#98775b #c3b8a0 #e6e1c1 #fcf9ef #ebebe6 #ffffff,,,,https://vndb.org/c90364,
bgm-bgm46654,vndb,2,22,,,ラウミール＝フィオラ,Laumiru Fiora,,女,O,,Galgame,Galgame,プリンセスキッス！ ～少女1000年紀物語～,,2013,Galgame,"[{""t"":""プリンセスキッス！ ～少女1000年紀物語～"",""cn"":"""",""ty"":""Galgame"",""y"":2013,""pop"":35},{""t"":""プリンセスキッス！ ～少女1000年紀物語～"",""cn"":"""",""ty"":""Galgame"",""y"":2013,""pop"":0}]",おっとりした性格で町育ちのエルフ。 いつも大好きな本を持ち歩き、学園の研究室に出入りしている。 イヅナの助手として禍星家に引き取られた。 一応、イヅナがフィオラの義姉となる。 「ヒマリ様、ふー、はーってしましょうね？ 大丈夫ですよ？ 事故ですからね、これは事故」,35,0,35,1,,https://lain.bgm.tv/pic/crt/l/5d/d8/46654_crt_gfi55.jpg,https://lain.bgm.tv/r/400/pic/crt/l/5d/d8/46654_crt_gfi55.jpg,https://t.vndb.org/ch/63/67063.jpg,,Blond Teen Slim Pale School Uniform Missionary Doggy Style Blowjob Virgin Sex Green,,https://bgm.tv/character/46654,https://vndb.org/c56264,46654
bgm-bgm118597,vndb,2,22,,,渚 鯉介,Nagisa Koisuke,,男,O,,Galgame,Galgame,青春はじめました！,,2013,Galgame,"[{""t"":""青春はじめました！"",""cn"":"""",""ty"":""Galgame"",""y"":2013,""pop"":34},{""t"":""青春はじめました！"",""cn"":""青春的开端"",""ty"":""Galgame"",""y"":2013,""pop"":0}]",He owns a sukiyaki shop the club members often go to.,34,0,34,0,,https://lain.bgm.tv/pic/crt/l/f8/e2/118597_crt_ft8fu.jpg,https://lain.bgm.tv/r/400/pic/crt/l/f8/e2/118597_crt_ft8fu.jpg,https://t.vndb.org/ch/15/96415.jpg,,Short Green Young-adult Shopkeeper Orange,,https://bgm.tv/character/118597,https://vndb.org/c79594,118597
bgm-bgm15695,bangumi,2,22,,东方不败亚洲天王,東方不敗マスター・アジア,,,其他,AB,,动画|漫画,动画,機動武闘伝Gガンダム,机动武斗传G高达,1994,动画,"[{""t"":""機動武闘伝Gガンダム"",""cn"":""机动武斗传G高达"",""ty"":""动画"",""y"":1994,""pop"":0},{""t"":""機動武闘外伝ガンダムファイト7th"",""cn"":""机动武斗外传高达武斗会7th"",""ty"":""漫画"",""y"":1997,""pop"":0}]","前大会――第12回大会の優勝者。ドモンの格闘技の師匠であり、旧シャッフル同盟のひとりで""キング・オブ・ハート""の称号を持つ。正統派格闘技の流派""東方不敗""を編み出し、素手でモビルファイターを倒すほどの超人的な強さを持っている。普段は温厚で冷静沈着、詩歌などの芸術も好む。しかし闘いにおいては容赦ない非情さで相手を叩き潰す。",29,0,0,29,,https://lain.bgm.tv/pic/crt/l/f0/9c/15695_crt_eGDLd.jpg,https://lain.bgm.tv/r/400/pic/crt/l/f0/9c/15695_crt_eGDLd.jpg,,,,,https://bgm.tv/character/15695,,15695
vndb-c72083,vndb,2,22,,,シリル,Cyril,,男,A,,Galgame,Galgame,王子さまとイケない契約結婚,,2013,Galgame,,,28,0,28,0,,https://t.vndb.org/ch/75/87275.jpg,https://t.vndb.org/ch/75/87275.jpg,,#38335d #9b3f42 #d88587 #6b6878 #ecd4d0 #fdfbfb,,,,https://vndb.org/c72083,
bgm-bgm4748,vndb,2,22,,池田华菜,池田 華菜,Ikeda Kana,池田喵,女,,,动画|漫画|Galgame,Galgame,咲-Saki- Portable,,2010,Galgame,"[{""t"":""咲-Saki- Portable"",""cn"":"""",""ty"":""Galgame"",""y"":2010,""pop"":27},{""t"":""咲-Saki- 阿知賀編 episode of side-A Portable"",""cn"":"""",""ty"":""Galgame"",""y"":2013,""pop"":10},{""t"":""咲-Saki-全国編"",""cn"":"""",""ty"":""Galgame"",""y"":2015,""pop"":7},{""t"":""咲-Saki-"",""cn"":""天才麻将少女"",""ty"":""动画"",""y"":2009,""pop"":0},{""t"":""咲-Saki- 全国編"",""cn"":""天才麻将少女 全国篇"",""ty"":""动画"",""y"":2014,""pop"":0},{""t"":""咲-Saki- 阿知賀編 episode of side-A"",""cn"":""天才麻将少女 阿知贺篇"",""ty"":""动画"",""y"":2012,""pop"":0}]",风越女子高校二年级学生，担任团体战中的大将。 牌风是积极的进攻法，还有切换牌型的不屈能力。,27,0,27,24,,https://lain.bgm.tv/pic/crt/l/e1/98/4748_crt_xzWWv.jpg?r=1603944475,https://lain.bgm.tv/r/400/pic/crt/l/e1/98/4748_crt_xzWWv.jpg?r=1603944475,https://t.vndb.org/ch/83/42883.jpg,,Black Short Kemonomimi Teen Slim Pale Blue T-shirt Miniskirt Thigh-high Stockings,,https://bgm.tv/character/4748,https://vndb.org/c35501,4748
vndb-c126953,vndb,2,22,,,ケヴィン・アルフォード,Kevin Alford,,男,B,,Galgame,Galgame,王子様のプロポーズ シーズン2,,2014,Galgame,,,24,0,24,0,,https://t.vndb.org/ch/91/149191.jpg,https://t.vndb.org/ch/91/149191.jpg,,#9c1d23 #b6a383 #716161 #23242b #cac0c5 #eeeced,Brown Green Crown Prince,,,https://vndb.org/c126953,
bgm-bgm173050,bangumi,2,22,,笠丸葵,笠丸葵,Kasamaru Aoi,,其他,,,动画|漫画,动画,瑠璃の宝石,琉璃的宝石,2025,动画,"[{""t"":""瑠璃の宝石"",""cn"":""琉璃的宝石"",""ty"":""动画"",""y"":2025,""pop"":0},{""t"":""瑠璃の宝石"",""cn"":""瑠璃的宝石"",""ty"":""漫画"",""y"":2020,""pop"":0}]",瑠璃的同班同学。是瑠璃在学校常玩在一起的朋友之一。 [简介原文] ルリのクラスメイト。ルリとよく遊ぶ友達の一人。,17,0,0,17,,https://lain.bgm.tv/pic/crt/l/79/63/173050_crt_K9kzk.jpg,https://lain.bgm.tv/r/400/pic/crt/l/79/63/173050_crt_K9kzk.jpg,,,,,https://bgm.tv/character/173050,,173050
bgm-bgm178654,bangumi,2,22,,本宫美织,本宮美織,Miori Motomiya,,其他,,,动画|漫画,漫画,灰原くんの強くて青春ニューゲーム,灰原君的青春二周目（NEW GAME+）,2021,漫画,"[{""t"":""灰原くんの強くて青春ニューゲーム"",""cn"":""灰原君的青春二周目（NEW GAME+）"",""ty"":""漫画"",""y"":2021,""pop"":0},{""t"":""灰原くんの強くて青春ニューゲーム"",""cn"":""灰原同学重返过去，开启所向无敌的第二轮青春游戏"",""ty"":""动画"",""y"":2026,""pop"":0},{""t"":""灰原くんの強くて青春ニューゲーム"",""cn"":"""",""ty"":""漫画"",""y"":2025,""pop"":0}]",高校デビューした夏希をサポートする幼馴染 コミュ力が高く、運動神経も抜群な夏希の幼馴染み。やりなおし前の夏希とは中学入学以降疎遠になっていたが、やりなおし後は交流を取り戻し、的確な助言で虹色青春計画をサポートする。,17,0,0,17,,https://lain.bgm.tv/pic/crt/l/3e/2d/178654_crt_m8NH6.jpg,https://lain.bgm.tv/r/400/pic/crt/l/3e/2d/178654_crt_m8NH6.jpg,,,,,https://bgm.tv/character/178654,,178654
bgm-bgm63026,bangumi,2,22,,游佐,遊佐,,,其他,,,动画|漫画,动画,邪神ちゃんドロップキック’,邪神与厨二病少女’,2020,动画,"[{""t"":""邪神ちゃんドロップキック’"",""cn"":""邪神与厨二病少女’"",""ty"":""动画"",""y"":2020,""pop"":0},{""t"":""邪神ちゃんドロップキック"",""cn"":""邪神与厨二病少女"",""ty"":""动画"",""y"":2018,""pop"":0},{""t"":""邪神ちゃんドロップキック"",""cn"":""邪神与厨二病少女"",""ty"":""漫画"",""y"":2014,""pop"":0},{""t"":""邪神ちゃんドロップキック X"",""cn"":""邪神与厨二病少女 X"",""ty"":""动画"",""y"":2022,""pop"":0}]",雪女のような姿をした氷族の一員である上級悪魔。魔界で自身の氷の力を生かした商売を行っており、魔界の閑散期には人間界で出稼ぎにも来ている。部屋の中で吹雪を起こしたり、息を吹きつかせることで、相手を氷漬けにすることができる。チャーリーという名前の叔父がおり、チョコレート工場の経営を行っている。 妹をいじめる邪神ちゃんに対して敵愾心を抱いている一方で、仲良くしてくれるゆりねに対しては好感を持っている。,15,0,0,15,,https://lain.bgm.tv/pic/crt/l/65/08/63026_crt_Tf4sr.jpg?r=1585929706,https://lain.bgm.tv/r/400/pic/crt/l/65/08/63026_crt_Tf4sr.jpg?r=1585929706,,,,,https://bgm.tv/character/63026,,63026
bgm-bgm48850,bangumi,2,22,,莉兹丽特·L·查尔斯,リズリット・L・チェルシー,,リズ,其他,紅茶,,动画|漫画,动画,おまもりひまり,守护猫娘绯鞠,2010,动画,"[{""t"":""おまもりひまり"",""cn"":""守护猫娘绯鞠"",""ty"":""动画"",""y"":2010,""pop"":0},{""t"":""おまもりひまり"",""cn"":""守护猫娘绯鞠"",""ty"":""漫画"",""y"":2007,""pop"":0}]",,15,0,0,15,,https://lain.bgm.tv/pic/crt/l/41/92/48850_crt_FQPP1.jpg,https://lain.bgm.tv/r/400/pic/crt/l/41/92/48850_crt_FQPP1.jpg,,,,,https://bgm.tv/character/48850,,48850
bgm-bgm101790,bangumi,2,22,,神崎阿黛尔海德,神崎アーデルハイド,ADELHEID KANZAKI,,其他,,,Galgame,Galgame,ヘブンバーンズレッド,炽焰天穹,2022,Galgame,,“イッツニンジャショータイム！” “It's Ninja Showtime!” 从德国来到这里的、想成为万众瞩目的中心的“难以忍耐”的忍者少女。因为对忍者的强烈憧憬而自我特训从而学得一手好忍术。在基地里四处展示自己的忍术，每次持续获得一定时间的关注后就开始高兴地语无伦次。 ドイツからやって来た、目立ちたがり屋の忍ばない忍者。忍者への強い憧れから独学で猛特訓して忍術を会得。基地の至るとこで忍術を披露している。一定以上注目され続けると、言語中枢が乱れて興奮し始める。,14,0,0,14,,https://lain.bgm.tv/pic/crt/l/67/4d/101790_crt_V9Zk5.jpg?r=1634232332,https://lain.bgm.tv/r/400/pic/crt/l/67/4d/101790_crt_V9Zk5.jpg?r=1634232332,,,,,https://bgm.tv/character/101790,,101790
bgm-bgm115874,bangumi,2,22,,千鸟满,千鳥ミチル,,,其他,,,Galgame,Galgame,ブルーアーカイブ -Blue Archive-,蔚蓝档案,2021,Galgame,,百鬼夜行学园忍术研究部部长兼“少女忍法帖 小小满”频道的经营者。 不知为何总是充满莫名自信的少女。 身为忍者，应该是不管任何种类都非常喜欢的忍者狂粉。 会建立忍术研究部并经营忍者相关影片频道，也是因为这个。 在基沃托斯掀起前所未有的忍者热潮，今天也和忍术研究部的成员们一起横冲直撞地活跃着。,12,0,0,12,,https://lain.bgm.tv/pic/crt/l/2a/ec/115874_crt_j2n91.jpg,https://lain.bgm.tv/r/400/pic/crt/l/2a/ec/115874_crt_j2n91.jpg,,,,,https://bgm.tv/character/115874,,115874
bgm-bgm27489,bangumi,2,22,,香月奈奈,香月ナナ,Kouzuki Nana,香月娜娜,其他,,,游戏,游戏,GOD EATER 2,噬神者2,2013,游戏,"[{""t"":""GOD EATER 2"",""cn"":""噬神者2"",""ty"":""游戏"",""y"":2013,""pop"":0},{""t"":""GOD EATER 2 RAGE BURST"",""cn"":""噬神者2 狂怒解放"",""ty"":""游戏"",""y"":2015,""pop"":0},{""t"":""プロジェクト クロスゾーン2：ブレイブニューワールド"",""cn"":""交叉领域计划2：美丽新世界"",""ty"":""游戏"",""y"":2015,""pop"":0},{""t"":""GOD EATER RESONANT OPS"",""cn"":""噬神者 共鸣行动"",""ty"":""游戏"",""y"":2018,""pop"":0}]",特殊部隊“ブラッド”の隊員で、主人公とは同期入隊。つかみどころがなく、常に脳天気そうな雰囲気を漂わせる大食漢。孤児ということだが、幼少の頃のことはよく覚えていないらしく、あまり話したがらない。,12,0,0,12,,https://lain.bgm.tv/pic/crt/l/f8/6f/27489_crt_Jd9ah.jpg?r=1414240729,https://lain.bgm.tv/r/400/pic/crt/l/f8/6f/27489_crt_Jd9ah.jpg?r=1414240729,,,,,https://bgm.tv/character/27489,,27489
bgm-bgm26414,bangumi,2,22,,丰臣希洛,豊臣ヒロ,Toyotomi Hiro,,其他,AB,,动画|漫画,漫画,ひめゴト,搞姬日常,2011,漫画,"[{""t"":""ひめゴト"",""cn"":""搞姬日常"",""ty"":""漫画"",""y"":2011,""pop"":0},{""t"":""ひめゴト"",""cn"":""搞姬日常"",""ty"":""动画"",""y"":2014,""pop"":0}]",光永のメイド。彼もまた実は男の娘である。光永を「光永様」と呼び世話している。2月22日生まれ。,11,0,0,11,,https://lain.bgm.tv/pic/crt/l/ee/be/26414_crt_LBfFb.jpg?r=1408556439,https://lain.bgm.tv/r/400/pic/crt/l/ee/be/26414_crt_LBfFb.jpg?r=1408556439,,,,,https://bgm.tv/character/26414,,26414
bgm-bgm6075,bangumi,2,22,,江之本夕,江ノ本夕,Enomoto Yuu,,其他,AB,,动画|漫画,动画,初恋限定。,初恋限定。,2009,动画,"[{""t"":""初恋限定。"",""cn"":""初恋限定。"",""ty"":""动画"",""y"":2009,""pop"":0},{""t"":""初恋限定。"",""cn"":""初恋限定。"",""ty"":""漫画"",""y"":2008,""pop"":0}]",,10,0,0,10,,https://lain.bgm.tv/pic/crt/l/b6/03/6075_crt_74iC9.jpg,https://lain.bgm.tv/r/400/pic/crt/l/b6/03/6075_crt_74iC9.jpg,,,,,https://bgm.tv/character/6075,,6075
bgm-bgm10819,bangumi,2,22,,天河朔夜,天河朔夜,amakawa sakuya,,其他,B,,Galgame,Galgame,舞-HiME 運命の系統樹 修羅,舞-HiME 命运的系统树 修罗,2005,Galgame,,高等部1年。15歳。誕生日は2月22日。身長152cm。体重41kg。血液型B型。好きなものは先生（高村）。嫌いな事は自分に嘘を吐く事。 自分には素直で行動的だが、天然な性格。考古学者の天河教授の娘。高村の家庭教師時代の教え子であった頃から高村を「お兄ちゃん」と呼び、恋慕の情を抱いている。林間授業で高村を助け、そのときHiMEに覚醒する。覚醒後に戦いに敗れればどうなるかを知り、高村を守るためにHiME狩りを行う。,10,0,0,10,,https://lain.bgm.tv/pic/crt/l/b7/a0/10819_crt_826Z0.jpg,https://lain.bgm.tv/r/400/pic/crt/l/b7/a0/10819_crt_826Z0.jpg,,,,,https://bgm.tv/character/10819,,10819
bgm-bgm55794,bangumi,2,22,,染谷勇次郎,染谷勇次郎,Someya Yūjirō,,其他,B,,动画,音乐,何度だって、好き。～告白実行委員会～,,2017,音乐,"[{""t"":""何度だって、好き。～告白実行委員会～"",""cn"":"""",""ty"":""音乐"",""y"":2017,""pop"":0},{""t"":""ヒロインたるもの！〜嫌われヒロインと内緒のお仕事〜"",""cn"":""身为女主角 讨厌的女主角与秘密的工作"",""ty"":""动画"",""y"":2022,""pop"":0},{""t"":""涼海ひよりの『LIP×LIP』取材リポート！"",""cn"":""凉海日和的『LIP×LIP』采访记录"",""ty"":""动画"",""y"":2020,""pop"":0},{""t"":""HoneyWorks 10th Anniversary \""LIP×LIP FILM×LIVE\"""",""cn"":""这个世界的享受方式～Secret Story Film～"",""ty"":""动画"",""y"":2020,""pop"":0},{""t"":""「ヒロインたるもの！～嫌われヒロインと内緒のお仕事～」迷你动画"",""cn"":""身为女主角 讨厌的女主角与秘密的工作~迷你动画"",""ty"":""动画"",""y"":2022,""pop"":0}]",メイン楽曲はロメオ。「恋色に咲け」のラストシーンとアルバム「何度だって、好き。」のボイスコミックに登場。 前髪がアシンメトリーの少年。愛蔵とユニット「LIP×LIP」としてアイドル活動している。アイドル活動してるせいか人当りは良いがどこか冷たい印象がある。高校入学直前に警察に補導されたことがあり、その場面をひよりに目撃されている。,8,0,0,8,,https://lain.bgm.tv/pic/crt/l/a6/1d/55794_crt_1fh9m.jpg?r=1645113249,https://lain.bgm.tv/r/400/pic/crt/l/a6/1d/55794_crt_1fh9m.jpg?r=1645113249,,,,,https://bgm.tv/character/55794,,55794
bgm-bgm72726,bangumi,2,22,,纪多满,紀多みちる,,,其他,A,,动画|漫画,漫画,ZOMBIE-LOAN,僵尸借贷,2003,漫画,"[{""t"":""ZOMBIE-LOAN"",""cn"":""僵尸借贷"",""ty"":""漫画"",""y"":2003,""pop"":0},{""t"":""ZOMBIE-LOAN"",""cn"":""僵尸借贷"",""ty"":""动画"",""y"":2007,""pop"":0}]",有話卻不敢講的弱氣少女。總是帶著眼鏡。如果摘下眼鏡就能用她的「死神之眼」( 但不是真的「死神之眼」)看到人脖子上預示死亡的黑色圈印。父母皆亡，但留下大筆遺產，在滿18歲前除了學費、生活費與急用之外，不可動用遺產，目前由律師保管，一開始是母親的妹妹照顧，妹妹夫婦曾經為了拿誰的錢來照顧紀多滿而吵架，收養紀多滿是為了遺產。,7,0,0,7,,https://lain.bgm.tv/pic/crt/l/0a/3d/72726_crt_dvjbl.jpg,https://lain.bgm.tv/r/400/pic/crt/l/0a/3d/72726_crt_dvjbl.jpg,,,,,https://bgm.tv/character/72726,,72726
bgm-bgm88816,bangumi,2,22,,花园Serena,花園セレナ,Hanazono Serena,花园猫 / 猫猫,其他,O,,Galgame,Galgame,花園セレナのおとしもの ～sweet memory～,花园Serena的寻物之旅 ～sweet memory～,2026,Galgame,,花园serena是被现在的主人收养的猫咪！可爱的猫猫不但喜欢唱歌和杂谈，还可以玩fps游戏。 声线多变并且能无缝切换的花园猫猫可以让观众体验到和不同年龄性格的主播聊天的快乐。 现在所属新P家的一员。,7,0,0,7,,https://lain.bgm.tv/pic/crt/l/10/1d/88816_crt_VrxwZ.jpg,https://lain.bgm.tv/r/400/pic/crt/l/10/1d/88816_crt_VrxwZ.jpg,https://storage.moegirl.org.cn/moegirl/commons/4/4e/%E8%8A%B1%E5%9B%ADSerena%E5%90%8C%E4%BA%BA%E5%9B%BE05.png!/fw/480/watermark/url/L21vZWdpcmwvd2F0ZXJtYXJrLnBuZw==/align/southeast/margin/10x10/opacity/50?v=20230222145151|https://storage.moegirl.org.cn/moegirl/commons/4/4e/%E8%8A%B1%E5%9B%ADSerena%E5%90%8C%E4%BA%BA%E5%9B%BE05.png,,图源:moegirl,,https://bgm.tv/character/88816,,88816
bgm-bgm138956,bangumi,2,22,,卯咲萌风,卯咲もふ,Usaki Mofu,,其他,B,,动画|漫画,漫画,鴨乃橋ロンの禁断推理,鸭乃桥论的禁忌推理,2021,漫画,"[{""t"":""鴨乃橋ロンの禁断推理"",""cn"":""鸭乃桥论的禁忌推理"",""ty"":""漫画"",""y"":2021,""pop"":0},{""t"":""鴨乃橋ロンの禁断推理 2nd Season"",""cn"":""鸭乃桥论的禁忌推理 第二季"",""ty"":""动画"",""y"":2024,""pop"":0},{""t"":""鴨乃橋ロンの禁断推理"",""cn"":""鸭乃桥论的禁忌推理"",""ty"":""动画"",""y"":2023,""pop"":0},{""t"":""舞台「鴨乃橋ロンの禁断推理」"",""cn"":"""",""ty"":""其他"",""y"":2024,""pop"":0}]",精密な脳手術で天才的な腕を誇る脳神経外科医。だが、日常生活では何をやっても不器用で、いつも些細なことで怪我をしては下手な包帯を巻いている。,7,0,0,7,,https://lain.bgm.tv/pic/crt/l/fd/c5/138956_crt_vW0r0.jpg?r=1697367603,https://lain.bgm.tv/r/400/pic/crt/l/fd/c5/138956_crt_vW0r0.jpg?r=1697367603,,,,,https://bgm.tv/character/138956,,138956
bgm-bgm45536,bangumi,2,22,,,ペイペイン,,,其他,,,动画,动画,SHOW BY ROCK!! STARS!!,SHOW BY ROCK!! STARS!!,2021,动画,"[{""t"":""SHOW BY ROCK!! STARS!!"",""cn"":""SHOW BY ROCK!! STARS!!"",""ty"":""动画"",""y"":2021,""pop"":0},{""t"":""SHOW BY ROCK!!#"",""cn"":""SHOW BY ROCK!! 第二季"",""ty"":""动画"",""y"":2016,""pop"":0}]",ベース担当。稀少な種族、闇麒麟族のベーシスト女子。幼い頃、謎の財団に引き取られ、メイドとしてアイレーンに仕えている。いつも真顔で彼女を見守り、おっとりした性格で何事にも動じず、よく気が利くしっかり者。スカートの中に大量の武器を隠し持っている。怒ると怖いらしい。,5,0,0,5,,https://lain.bgm.tv/pic/crt/l/6b/c0/45536_crt_HIzyx.jpg,https://lain.bgm.tv/r/400/pic/crt/l/6b/c0/45536_crt_HIzyx.jpg,,,,,https://bgm.tv/character/45536,,45536
bgm-bgm104240,bangumi,2,22,,竹下美依子,竹下みいこ,,,其他,B,,动画|游戏,动画,D4DJ All Mix,,2023,动画,"[{""t"":""D4DJ All Mix"",""cn"":"""",""ty"":""动画"",""y"":2023,""pop"":0},{""t"":""D4DJ Groovy Mix"",""cn"":""D4DJ Groovy Mix 电音派对"",""ty"":""游戏"",""y"":2020,""pop"":0},{""t"":""ぷっちみく♪ D4DJ Petit Mix"",""cn"":"""",""ty"":""动画"",""y"":2021,""pop"":0}]",喜欢游玩，喜欢美梦她们。表面上完全看不出来她在想什么，然而实际上的确也什么都不想。属于笑着享受鬼屋以及恐怖电影的类型。,5,0,0,5,,https://lain.bgm.tv/pic/crt/l/4a/bc/104240_crt_RXAc9.jpg,https://lain.bgm.tv/r/400/pic/crt/l/4a/bc/104240_crt_RXAc9.jpg,https://storage.moegirl.org.cn/moegirl/commons/2/22/%E7%AB%B9%E4%B8%8B%E3%81%BF%E3%81%84%E3%81%93_%E8%97%A4%E8%8A%B1%E3%81%AE%E3%83%90%E3%82%BF%E3%83%95%E3%83%A9%E3%82%A4_Profile.png,,图源:moegirl,,https://bgm.tv/character/104240,,104240
bgm-bgm8396,bangumi,2,22,,抚子,なでしこ,Nadeshiko,,其他,,,动画,动画,いぬかみっ!,犬神,2006,动画,,川平薰的犬神 位列第二。非常爱整洁以及谦虚谨慎的样子，而且擅长家务与阳子是正相反的犬神。喜欢川平薰。虽然被称为最强的犬神，但是因为她自身的主义而反对战斗，自己把其强大的力量封印了起来。于是被称为“留客的なでしこ”。因为封印是很久前的事情的关系，现在知道她的真正的力量的人并不多。其实她是一族中最老 一辈的犬神中的一人。蓝色的连衣裙和围裙的打扮料理打扫洗涤样样精通，有时也会表现出不合时代的举动。其实她是一种类的战斗狂，一旦进入战斗的话就会因为沉迷战斗而变的狂暴而对周围造成伤害。,5,0,0,5,,https://lain.bgm.tv/pic/crt/l/25/56/8396_crt_T9tcl.jpg,https://lain.bgm.tv/r/400/pic/crt/l/25/56/8396_crt_T9tcl.jpg,,,,,https://bgm.tv/character/8396,,8396
bgm-bgm24549,bangumi,2,22,,桑森,サンソン,Sanson,,其他,,,动画,动画,ふしぎの海のナディア,蓝宝石之谜,1990,动画,,,5,0,0,5,,https://lain.bgm.tv/pic/crt/l/5f/96/24549_crt_2fdPD.jpg,https://lain.bgm.tv/r/400/pic/crt/l/5f/96/24549_crt_2fdPD.jpg,,,,,https://bgm.tv/character/24549,,24549
bgm-bgm55795,bangumi,2,22,,柴崎爱藏,柴崎愛蔵,Shibasaki Aizō,,其他,A,,动画,音乐,何度だって、好き。～告白実行委員会～,,2017,音乐,"[{""t"":""何度だって、好き。～告白実行委員会～"",""cn"":"""",""ty"":""音乐"",""y"":2017,""pop"":0},{""t"":""ヒロインたるもの！〜嫌われヒロインと内緒のお仕事〜"",""cn"":""身为女主角 讨厌的女主角与秘密的工作"",""ty"":""动画"",""y"":2022,""pop"":0},{""t"":""涼海ひよりの『LIP×LIP』取材リポート！"",""cn"":""凉海日和的『LIP×LIP』采访记录"",""ty"":""动画"",""y"":2020,""pop"":0},{""t"":""HoneyWorks 10th Anniversary \""LIP×LIP FILM×LIVE\"""",""cn"":""这个世界的享受方式～Secret Story Film～"",""ty"":""动画"",""y"":2020,""pop"":0},{""t"":""「ヒロインたるもの！～嫌われヒロインと内緒のお仕事～」迷你动画"",""cn"":""身为女主角 讨厌的女主角与秘密的工作~迷你动画"",""ty"":""动画"",""y"":2022,""pop"":0}]",メイン楽曲はロメオ。「恋色に咲け」のラストシーンとアルバム「何度だって、好き。」のボイスコミックに登場。 長めの金髪を一つ結びしている長身の少年。勇次郎とユニット「LIP×LIP」としてアイドル活動している。高校生だが、かなり大人びている。,5,0,0,5,,https://lain.bgm.tv/pic/crt/l/70/78/55795_crt_rm25f.jpg?r=1645113228,https://lain.bgm.tv/r/400/pic/crt/l/70/78/55795_crt_rm25f.jpg?r=1645113228,,,,,https://bgm.tv/character/55795,,55795
bgm-bgm143460,bangumi,2,22,,猫成珠,貓成珠,,,其他,,,漫画,漫画,君のことが大大大大大好きな100人の彼女,超超超超超喜欢你的100个女朋友,2020,漫画,,,4,0,0,4,,https://lain.bgm.tv/pic/crt/l/84/20/143460_crt_k78mk.jpg?r=1700027673,https://lain.bgm.tv/r/400/pic/crt/l/84/20/143460_crt_k78mk.jpg?r=1700027673,,,,,https://bgm.tv/character/143460,,143460
bgm-bgm78524,bangumi,2,22,,菲妮尔·妮特,フェニル・ニート,,,,,,游戏,游戏,イリスのアトリエ グランファンタズム,伊莉斯的炼金工房 ～伟大的幻影～,2006,游戏,,"密斯特鲁斯的另一个看板娘。虽然年轻，却工作得得心应手，是个小大人（强装大人的小萝莉，可用酱+SAMA来概括）。即使她说话属于口无遮拦的类型，但没有人真的讨厌她……和同事阿娜（16岁的天然呆）的感情不错，以前辈的气场“主导”着阿娜，不过同年龄的朋友并不多。,小萝莉非常讨厌别人说她矮，一听就炸毛。",4,0,0,4,,https://lain.bgm.tv/pic/crt/l/a5/37/78524_crt_T4pBR.jpg,https://lain.bgm.tv/r/400/pic/crt/l/a5/37/78524_crt_T4pBR.jpg,https://storage.moegirl.org.cn/moegirl/commons/d/db/Phenyl.jpg!/fw/480/watermark/url/L21vZWdpcmwvd2F0ZXJtYXJrLnBuZw==/align/southeast/margin/10x10/opacity/50?v=20131124091837|https://storage.moegirl.org.cn/moegirl/commons/d/db/Phenyl.jpg,,图源:moegirl,,https://bgm.tv/character/78524,,78524
bgm-bgm50526,bangumi,2,22,,阿佐田葵,阿佐田あおい,Asada Aoi,阿佐田苍,其他,B,,动画|游戏,动画,八月のシンデレラナイン,八月的灰姑娘棒球队,2019,动画,"[{""t"":""八月のシンデレラナイン"",""cn"":""八月的灰姑娘棒球队"",""ty"":""动画"",""y"":2019,""pop"":0},{""t"":""八月のシンデレラナイン"",""cn"":""八月的灰姑娘棒球队"",""ty"":""游戏"",""y"":"""",""pop"":0}]",和九十九伽奈是同班同学兼好友，如同猫咪般自由奔放的女孩。 动画版中与岩城良美关系良好，有着手气绝佳的特点因而被推荐加入棒球社。 守备位置为二垒手，右投右打。,4,0,0,4,,https://lain.bgm.tv/pic/crt/l/9e/7d/50526_crt_d5Q8Z.jpg,https://lain.bgm.tv/r/400/pic/crt/l/9e/7d/50526_crt_d5Q8Z.jpg,,,,,https://bgm.tv/character/50526,,50526
bgm-bgm69365,bangumi,2,22,,,ベルメール・サンク,Bellemer Cinq,,其他,B,,动画,动画,警視庁 特務部 特殊凶悪犯対策室 第七課 -トクナナ-,警视厅 特务部 特殊凶恶犯对策室 第七课,2019,动画,,CODE NAME：ニンジャ トクナナのメカニック担当。 あらゆる機械を駆使して、トクナナのメンバーのバックアップにあたっている。 見た目は幼いが、頭がよく一ノ瀬の指示に迅速に対応するなど、適応能力が高い。,4,0,0,4,,https://lain.bgm.tv/pic/crt/l/77/be/69365_crt_MoO5c.jpg?r=1553336460,https://lain.bgm.tv/r/400/pic/crt/l/77/be/69365_crt_MoO5c.jpg?r=1553336460,,,,,https://bgm.tv/character/69365,,69365
bgm-bgm86619,bangumi,2,22,,长泽君江,長澤君江,Nagasawa Kimie,,其他,B,,动画|游戏,动画,劇場版 ハイスクール・フリート,剧场版 高校舰队,2020,动画,"[{""t"":""劇場版 ハイスクール・フリート"",""cn"":""剧场版 高校舰队"",""ty"":""动画"",""y"":2020,""pop"":0},{""t"":""ハイスクール・フリート　艦隊バトルでピンチ！"",""cn"":""高校舰队 舰队战中的危机！"",""ty"":""游戏"",""y"":2019,""pop"":0}]",航洋直接教育艦 時津風 副長 退屈が嫌いで 面白いことが大好き,4,0,0,4,,https://lain.bgm.tv/pic/crt/l/c5/67/86619_crt_91dTd.jpg,https://lain.bgm.tv/r/400/pic/crt/l/c5/67/86619_crt_91dTd.jpg,,,,,https://bgm.tv/character/86619,,86619
bgm-bgm41772,bangumi,2,22,,土笔茂音,土筆もね,Tsukushi Monet,,其他,AB,,动画|Galgame,Galgame,マジきゅんっ！ルネッサンス,超心动！文艺复兴,2016,Galgame,"[{""t"":""マジきゅんっ！ルネッサンス"",""cn"":""超心动！文艺复兴"",""ty"":""Galgame"",""y"":2016,""pop"":0},{""t"":""マジきゅんっ！ルネッサンス"",""cn"":""超心动！艺术之星"",""ty"":""动画"",""y"":2016,""pop"":0}]",自信家でちょっと生意気な高校１年生。 他人の言葉に敏感で人見知りだが、心を許すと甘えてくる。 「モノクロの貴公子」と呼ばれ、その作品は学生ながら 高い評価を受けている。同じく絵画を専攻する双子の兄がいる。 帯刀凛太郎は従兄弟。ペットはハリネズミで、名前はリン,4,0,0,4,,https://lain.bgm.tv/pic/crt/l/64/20/41772_crt_iL5u1.jpg?r=1479003829,https://lain.bgm.tv/r/400/pic/crt/l/64/20/41772_crt_iL5u1.jpg?r=1479003829,,,,,https://bgm.tv/character/41772,,41772
bgm-bgm14411,bangumi,2,22,,,鳥留メイ,とりとめ めい,,其他,不明,,Galgame,Galgame,L@ve once,love at once,2010,Galgame,,双子の人魚の妹「鳥留メイ」,4,0,0,4,,https://lain.bgm.tv/pic/crt/l/dd/53/14411_crt_pS3n2.jpg,https://lain.bgm.tv/r/400/pic/crt/l/dd/53/14411_crt_pS3n2.jpg,,,,,https://bgm.tv/character/14411,,14411
bgm-bgm14412,bangumi,2,22,,,鳥留メル,とりとめ める,,其他,不明,,Galgame,Galgame,L@ve once,love at once,2010,Galgame,,双子の人魚の姉「鳥留メル」,4,0,0,4,,https://lain.bgm.tv/pic/crt/l/0d/48/14412_crt_3043F.jpg,https://lain.bgm.tv/r/400/pic/crt/l/0d/48/14412_crt_3043F.jpg,,,,,https://bgm.tv/character/14412,,14412
bgm-bgm154780,bangumi,2,22,,罗赛,ロゼ,,,其他,A,,动画,动画,コードギアス 奪還のロゼ 第2幕,Code Geass 夺还的罗赛 第2幕,2024,动画,"[{""t"":""コードギアス 奪還のロゼ 第2幕"",""cn"":""Code Geass 夺还的罗赛 第2幕"",""ty"":""动画"",""y"":2024,""pop"":0},{""t"":""コードギアス 奪還のロゼ 第1幕"",""cn"":""Code Geass 夺还的罗赛 第1幕"",""ty"":""动画"",""y"":2024,""pop"":0},{""t"":""コードギアス 奪還のロゼ 第3幕"",""cn"":""Code Geass 夺还的罗赛 第3幕"",""ty"":""动画"",""y"":2024,""pop"":0},{""t"":""コードギアス 奪還のロゼ 最終幕"",""cn"":""Code Geass 夺还的罗赛 最终幕"",""ty"":""动画"",""y"":2024,""pop"":0},{""t"":""コードギアス 奪還のロゼ"",""cn"":""Code Geass 夺还的罗赛"",""ty"":""动画"",""y"":2024,""pop"":0}]",「ナナシの傭兵」として知られる傭兵兄弟の弟。頭脳明晰でコミュニケーション能力が高く、依頼主との交渉や情報収集、作戦指揮を担当している。 [mask]皇朔夜女扮男装[/mask]。,3,0,0,3,,https://lain.bgm.tv/pic/crt/l/f7/36/154780_crt_G51r6.jpg?r=1711886439,https://lain.bgm.tv/r/400/pic/crt/l/f7/36/154780_crt_G51r6.jpg?r=1711886439,,,,,https://bgm.tv/character/154780,,154780
bgm-bgm130764,bangumi,2,22,,势羽真冬,勢羽真冬,,,其他,B,,动画|漫画,动画,SAKAMOTO DAYS 第2クール,坂本日常 第2部分,2025,动画,"[{""t"":""SAKAMOTO DAYS 第2クール"",""cn"":""坂本日常 第2部分"",""ty"":""动画"",""y"":2025,""pop"":0},{""t"":""SAKAMOTO DAYS"",""cn"":""坂本日常"",""ty"":""漫画"",""y"":2021,""pop"":0},{""t"":""SAKAMOTO DAYS 第2期"",""cn"":""坂本日常 第二季"",""ty"":""动画"",""y"":"""",""pop"":0}]",ＪＣＣ編入試験の受験生。極度の潔癖で常にマスクを着用している。 よく愚痴や弱音を吐くが、ORDERに入るという目標がある。 勢羽夏生の弟。,3,0,0,3,,https://lain.bgm.tv/pic/crt/l/63/72/130764_crt_5e9ND.jpg,https://lain.bgm.tv/r/400/pic/crt/l/63/72/130764_crt_5e9ND.jpg,,,,,https://bgm.tv/character/130764,,130764
bgm-bgm56228,bangumi,2,22,,,朧ヶ崎あられ,,,其他,,,Galgame,Galgame,純情化憐フリークス！,纯情化怜Freaks!,2017,Galgame,,種族：雪女 能力：氷の息 特技：家事全般 好き：静かな時間、アイスティー（ガムシロマシマシ） 嫌い：約束を破られること 幹貴のクラスメイトの雪女。 先祖から代々伝えられている 「男はすぐに約束を破る」 という言葉を信じており、 男に対して厳しく接している。 風紀委員であり、不純異性交遊を見つけると足元を凍らせて高速で追いかけてくる。 別名 “氷のジェット風紀委員”。 「約束を守らない男は嫌いよ」,3,0,0,3,1,https://lain.bgm.tv/pic/crt/l/67/37/56228_crt_pbmFw.jpg,https://lain.bgm.tv/r/400/pic/crt/l/67/37/56228_crt_pbmFw.jpg,,,,,https://bgm.tv/character/56228,,56228
bgm-bgm202977,bangumi,2,22,,森川绫子,森川綾子,,,其他,,,游戏,游戏,雀魂麻将,雀魂麻将,2018,游戏,,据说左手封印着「莫斯提马」的少女，为了向魂天神社许愿解除封印，从而开始学习打麻将。平时喜欢研究灵异事件，经常会说一些奇怪的言论，因此被同学以“看起来好可怕”这样的借口疏远，但是内心十分渴望可以和别人成为朋友，也为此不断努力中。,3,0,0,3,,https://lain.bgm.tv/pic/crt/l/a1/9c/202977_crt_iNiZ5.jpg,https://lain.bgm.tv/r/400/pic/crt/l/a1/9c/202977_crt_iNiZ5.jpg,https://storage.moegirl.org.cn/moegirl/commons/4/49/%E6%A3%AE%E5%B7%9D%E7%BB%AB%E5%AD%90.png!/fw/480/watermark/url/L21vZWdpcmwvd2F0ZXJtYXJrLnBuZw==/align/southeast/margin/10x10/opacity/50?v=20210920101826|https://storage.moegirl.org.cn/moegirl/commons/4/49/%E6%A3%AE%E5%B7%9D%E7%BB%AB%E5%AD%90.png,,图源:moegirl,,https://bgm.tv/character/202977,,202977
bgm-bgm51805,bangumi,2,22,,红,紅,Hong,,其他,O,,动画,动画,テラフォーマーズ,火星异种,2014,动画,"[{""t"":""テラフォーマーズ"",""cn"":""火星异种"",""ty"":""动画"",""y"":2014,""pop"":0},{""t"":""テラフォーマーズ リベンジ"",""cn"":""火星异种 REVENGE"",""ty"":""动画"",""y"":2016,""pop"":0}]",,3,0,0,3,,https://lain.bgm.tv/pic/crt/l/72/cc/51805_crt_qw7cQ.jpg,https://lain.bgm.tv/r/400/pic/crt/l/72/cc/51805_crt_qw7cQ.jpg,,,,,https://bgm.tv/character/51805,,51805
bgm-bgm63346,bangumi,2,22,,,三毛門紫音,Mikekado Shion,,其他,AB,,游戏,游戏,DREAM!ing,,2018,游戏,,誰もが酔いしれる声を持つミステリアスマドンナ 謎のベールに包まれた女装男子。 美しいものが好きで、時と共に喪われるものを嫌う。 『ゆめライブ』では、唯一無二のマドンナとして誰もが聴き惚れるような歌声で人々を魅了する。 アンニュイで気まぐれな性格の反面、ドSな一面も持ち、同室となる藤次をもてあそんではジッと観察している。,3,0,0,3,,https://lain.bgm.tv/pic/crt/l/67/66/63346_crt_jjFBj.jpg,https://lain.bgm.tv/r/400/pic/crt/l/67/66/63346_crt_jjFBj.jpg,,,,,https://bgm.tv/character/63346,,63346
bgm-bgm22481,bangumi,2,22,,,ノノ,,,其他,B,,游戏|Galgame,Galgame,みらくるのーとん 只今増量中！！,奇迹笔记本 只今增量中！,2007,Galgame,"[{""t"":""みらくるのーとん 只今増量中！！"",""cn"":""奇迹笔记本 只今增量中！"",""ty"":""Galgame"",""y"":2007,""pop"":0},{""t"":""みらくるのーとん 願いを打ちこんで！"",""cn"":"""",""ty"":""Galgame"",""y"":2008,""pop"":0},{""t"":""みらくるのーとん mini GAME 只今濃厚中!!"",""cn"":"""",""ty"":""游戏"",""y"":2007,""pop"":0}]",のーとんの事を好きだという、巨乳童顔の明好みの女の子。,2,0,0,2,,https://lain.bgm.tv/pic/crt/l/c2/87/22481_crt_zpkE7.jpg,https://lain.bgm.tv/r/400/pic/crt/l/c2/87/22481_crt_zpkE7.jpg,,,,,https://bgm.tv/character/22481,,22481
bgm-bgm85385,bangumi,2,22,,,シャマナ,,,,O,,Galgame,Galgame,ゴシックは魔法乙女～さっさと契約しなさい！～,哥特式魔法少女,2015,Galgame,,大きい獲物相手の狩りは未経験だったのでスリリングに感じている。この機会をくれたマスターには感謝。,2,0,0,2,,https://lain.bgm.tv/pic/crt/l/da/c7/85385_crt_AJf54.jpg,https://lain.bgm.tv/r/400/pic/crt/l/da/c7/85385_crt_AJf54.jpg,,,,,https://bgm.tv/character/85385,,85385
bgm-bgm33876,bangumi,2,22,,黎朝阳,黎朝陽,,,其他,AB,,动画|Galgame,Galgame,アイ★チュウ,ICHU偶像进行曲,2015,Galgame,"[{""t"":""アイ★チュウ"",""cn"":""ICHU偶像进行曲"",""ty"":""Galgame"",""y"":2015,""pop"":0},{""t"":""アイ★チュウ Étoile Stage"",""cn"":"""",""ty"":""Galgame"",""y"":2020,""pop"":0},{""t"":""アイ★チュウ"",""cn"":""ICHU偶像进行曲"",""ty"":""动画"",""y"":2021,""pop"":0}]",,2,0,0,2,,https://lain.bgm.tv/pic/crt/l/ae/95/33876_crt_9uN1M.jpg,https://lain.bgm.tv/r/400/pic/crt/l/ae/95/33876_crt_9uN1M.jpg,,,,,https://bgm.tv/character/33876,,33876
bgm-bgm78758,bangumi,2,22,,,猫足シズル,,,,AB,,游戏,游戏,スクールファンファーレ,,,游戏,,猫耳フードと猫尻尾という格好をしている。人付き合いが苦手なことを気にしている。,2,0,0,2,,https://lain.bgm.tv/pic/crt/l/2c/00/78758_crt_30PuP.jpg,https://lain.bgm.tv/r/400/pic/crt/l/2c/00/78758_crt_30PuP.jpg,,,,,https://bgm.tv/character/78758,,78758
bgm-bgm177153,bangumi,2,22,,,みさお,,,其他,,,游戏,游戏,救世少女 メシアガール おかわり,,2022,游戏,,かつて勇者だった主人公を支えてくれていた従者の少女。 料理の腕はピカイチだったが、魔王によって能力置換されてしまい、 料理の才能を全て主人公に移し替えられてしまった。 かわりに剣術の才能を身に着けているはずだが…… のんびり屋なのでまるで覚醒していない。 努力家で、意外に熱血。,2,0,0,2,,https://lain.bgm.tv/pic/crt/l/67/5f/177153_crt_pgzBU.jpg,https://lain.bgm.tv/r/400/pic/crt/l/67/5f/177153_crt_pgzBU.jpg,,,,,https://bgm.tv/character/177153,,177153
bgm-bgm44640,bangumi,2,22,,席德·海温德,シド・ハイウインド,Cid Highwind,,其他,B,,游戏,游戏,ファイナルファンタジーVII,最终幻想7,1997,游戏,"[{""t"":""ファイナルファンタジーVII"",""cn"":""最终幻想7"",""ty"":""游戏"",""y"":1997,""pop"":0},{""t"":""KINGDOM HEARTS II"",""cn"":""王国之心2"",""ty"":""游戏"",""y"":2005,""pop"":0},{""t"":""KINGDOM HEARTS: Chain of Memories"",""cn"":""王国之心 记忆之链"",""ty"":""游戏"",""y"":2004,""pop"":0},{""t"":""KINGDOM HEARTS II FINAL MIX+"",""cn"":""王国之心2 最终混合版+"",""ty"":""游戏"",""y"":2007,""pop"":0},{""t"":""KINGDOM HEARTS -HD II.5 ReMIX-"",""cn"":""王国之心 -HD 2.5 ReMIX-"",""ty"":""游戏"",""y"":2014,""pop"":0},{""t"":""KINGDOM HEARTS -HD I.5+II.5 ReMIX-"",""cn"":""王国之心HD 1.5+2.5 ReMIX"",""ty"":""游戏"",""y"":2017,""pop"":0}]",飞空艇“疾风号（Highwind）”的船长。不断地在抽烟、说脏话、闹脾气，但其实心地善良，相信科学至上主义。随身武器为长枪。过去是神罗的传奇飞行员与头号太空人，飞空艇“飓风号”就是以他为名。但在神罗资助下完成火箭、即将要完成上太空的梦想时，因为了救助手谢拉而按下紧急停止按钮，后来神罗也停止了火箭计划。现在依然向着遥远的天空而奋斗。在路法斯前来将飞机“小野马”要回时，因飞机被克劳德一伙开走而随即搭上，之后便和他们同行。,2,0,0,2,,https://lain.bgm.tv/pic/crt/l/10/0c/44640_crt_sIrP1.jpg?r=1471705801,https://lain.bgm.tv/r/400/pic/crt/l/10/0c/44640_crt_sIrP1.jpg?r=1471705801,https://static.wikia.nocookie.net/finalfantasy/images/3/30/Cid_Highwind_from_FFVII_Revelation_promo_render.png/revision/latest/scale-to-width-down/297?cb=20260904180258|https://static.wikia.nocookie.net/finalfantasy/images/3/30/Cid_Highwind_from_FFVII_Revelation_promo_render.png/revision/latest?cb=20260904180258,,图源:fandom:finalfantasy,,https://bgm.tv/character/44640,,44640
bgm-bgm182480,bangumi,2,22,,,加拉蒂亚·利里,Galatea Leary,,其他,,,游戏,游戏,卡拉彼丘,卡拉彼丘,2024,游戏,,声名显赫的魔术师，同时也是掩藏在华丽外表下，充满狂气的艺术家。,2,0,0,2,,https://lain.bgm.tv/pic/crt/l/b9/3c/182480_crt_Cps8C.jpg,https://lain.bgm.tv/r/400/pic/crt/l/b9/3c/182480_crt_Cps8C.jpg,,,,,https://bgm.tv/character/182480,,182480
bgm-bgm44707,bangumi,2,22,,,神城スイ,Kaimishiro Sui,,其他,B,,动画|游戏,游戏,Tokyo 7th シスターズ,东京七姐妹,2014,游戏,"[{""t"":""Tokyo 7th シスターズ"",""cn"":""东京七姐妹"",""ty"":""游戏"",""y"":2014,""pop"":0},{""t"":""Tokyo 7th シスターズ -僕らは青空になる-"",""cn"":""东京七姐妹 我们化作青空"",""ty"":""动画"",""y"":2021,""pop"":0},{""t"":""t7s Longing for summer Again And Again ～ハルカゼ～"",""cn"":"""",""ty"":""动画"",""y"":2017,""pop"":0}]",どこにでもいそうな爽やかなボーイッシュガール、かと思いきや…極度の男性アレルギーを患う水泳少女。男性に触れられると無意識のうちに鉄拳が飛ぶため、彼女の周りには男が近寄らない。ヒメとムスビにアレルギーの謎を問い詰められ……,2,0,0,2,,https://lain.bgm.tv/pic/crt/l/e3/1f/44707_crt_RPkFi.jpg?r=1589047066,https://lain.bgm.tv/r/400/pic/crt/l/e3/1f/44707_crt_RPkFi.jpg?r=1589047066,,,,,https://bgm.tv/character/44707,,44707
bgm-bgm20214,bangumi,2,22,,神谷瞬,神谷瞬,Kamiya Shun,,其他,,,动画,动画,トライブナイン,第九部落,2022,动画,,"""XBって最高に わくわくするだろ？"" ミナトトライブの創設者かつリーダーで、 ミナトがネオトーキョー最強と呼ばれる最大の理由。 数少ない「ビームバット」の使い手で、 ピッチャー、バッターとして超一流なのはもちろん、 殴り合いでも無類の強さを誇る。 誰もが認めるXBのカリスマだが、 仲間に不思議なあだ名をつけたり、 コーヒーで二日酔いになってしまったりと、 抜けた面も併せ持つ。",2,0,0,2,,https://lain.bgm.tv/pic/crt/l/c8/24/20214_crt_p2PU0.jpg?r=1639364522,https://lain.bgm.tv/r/400/pic/crt/l/c8/24/20214_crt_p2PU0.jpg?r=1639364522,,,,,https://bgm.tv/character/20214,,20214
bgm-bgm146696,bangumi,2,22,,米克贝尔,ミックベル,Mickbell Tomas,米克贝尔·托马兹,其他,,,动画|漫画,漫画,ダンジョン飯,迷宫饭,2015,漫画,"[{""t"":""ダンジョン飯"",""cn"":""迷宫饭"",""ty"":""漫画"",""y"":2015,""pop"":0},{""t"":""ダンジョン飯"",""cn"":""迷宫饭"",""ty"":""动画"",""y"":2024,""pop"":0}]",カブルーのパーティーに参加しているハーフフット。 コボルトのクロを雇い連れている。,2,0,0,2,,https://lain.bgm.tv/pic/crt/l/32/ef/146696_crt_S38Dd.jpg?r=1702732459,https://lain.bgm.tv/r/400/pic/crt/l/32/ef/146696_crt_S38Dd.jpg?r=1702732459,,,,,https://bgm.tv/character/146696,,146696
bgm-bgm28873,bangumi,2,22,,,獅堂レオ,REO SHIDOU,,其他,A,,Galgame,Galgame,I DOLL U,,2015,Galgame,"[{""t"":""I DOLL U"",""cn"":"""",""ty"":""Galgame"",""y"":2015,""pop"":0},{""t"":""エボリューションだニャン"",""cn"":"""",""ty"":""音乐"",""y"":2015,""pop"":0}]",ねこみみアイドル アイドルとして活躍するときはねこみみで語尾に「にゃ」を付けるキャラで売っている。,2,0,0,2,,https://lain.bgm.tv/pic/crt/l/4a/73/28873_crt_11UdZ.jpg?r=1420955909,https://lain.bgm.tv/r/400/pic/crt/l/4a/73/28873_crt_11UdZ.jpg?r=1420955909,,,,,https://bgm.tv/character/28873,,28873
bgm-bgm196177,bangumi,2,22,,匹兹堡,匹兹堡,USS Pittsburgh/Pittsburgh,堪培拉号重巡洋舰 / 巴尔的摩级重巡洋舰5号舰,其他,,,游戏,游戏,碧蓝航线,碧蓝航线,2017,游戏,,我是白鹰所属、巴尔的摩级重巡洋舰匹兹堡，至于“麦基斯波特”这种无聊的绰号……指挥官要是好奇的话，我会慢慢跟你讲我的故事……地点就暂定在我的房间里吧~ 角色设定 ユニオン所属、ボルチモア級重巡の一隻。 マイペースでドライで艶っぽい言動が多いアダルティなお姉ちゃん。 ジュースが入るといきなり酔いが回り距離感がおかしくなり、酒癖ならぬジュース癖が悪いと言われている。,2,0,0,2,,https://lain.bgm.tv/pic/crt/l/bb/d3/196177_crt_Yu1jz.jpg,https://lain.bgm.tv/r/400/pic/crt/l/bb/d3/196177_crt_Yu1jz.jpg,,,,,https://bgm.tv/character/196177,,196177
bgm-bgm15260,bangumi,2,22,,佐佐木尚,佐々木尚,,,其他,,,动画,动画,バクマン。3,爆漫王。3,2012,动画,"[{""t"":""バクマン。3"",""cn"":""爆漫王。3"",""ty"":""动画"",""y"":2012,""pop"":0},{""t"":""バクマン。2"",""cn"":""爆漫王。2"",""ty"":""动画"",""y"":2011,""pop"":0},{""t"":""バクマン。"",""cn"":""爆漫王。"",""ty"":""动画"",""y"":2010,""pop"":0},{""t"":""バクマン。"",""cn"":""爆漫王"",""ty"":""其他"",""y"":2015,""pop"":0},{""t"":""「バクマン。」THE STAGE"",""cn"":""舞台剧 爆漫王"",""ty"":""其他"",""y"":2021,""pop"":0}]",『WJ』編集長。1963年2月22日生、群馬県出身。モデルは実際の『WJ』第9代編集長・佐々木尚。 「面白い漫画であれば連載されるのは当たり前」と公言している、「面白さ絶対主義」の持ち主。連載会議では候補作品の本数や作者の経歴などに関係なく、たとえ初投稿者の作品であっても自分が面白いと判断した作品に対しては「あり（新連載の候補にしてもよい）」の判定をしている。,1,0,0,1,,https://lain.bgm.tv/pic/crt/l/0f/b0/15260_crt_esqAa.jpg,https://lain.bgm.tv/r/400/pic/crt/l/0f/b0/15260_crt_esqAa.jpg,,,,,https://bgm.tv/character/15260,,15260
bgm-bgm131028,bangumi,2,22,,裾野姬子,裾野姫子,,,其他,,,动画|漫画,漫画,青のオーケストラ,蓝色管弦乐,2017,漫画,"[{""t"":""青のオーケストラ"",""cn"":""蓝色管弦乐"",""ty"":""漫画"",""y"":2017,""pop"":0},{""t"":""青のオーケストラ 第2期"",""cn"":""蓝色管弦乐 第二季"",""ty"":""动画"",""y"":2025,""pop"":0},{""t"":""青のオーケストラ"",""cn"":""蓝色管弦乐"",""ty"":""动画"",""y"":2023,""pop"":0}]",2年生の次期1stヴァイオリンパートリーダーでしっかり者。食べることが好きでお弁当も大きい。面倒見が良くて責任感も強いが、意外と緊張しがちな面もある。 パート： 1stヴァイオリン,1,0,0,1,,https://lain.bgm.tv/pic/crt/l/49/2c/131028_crt_L1V2b.jpg,https://lain.bgm.tv/r/400/pic/crt/l/49/2c/131028_crt_L1V2b.jpg,,,,,https://bgm.tv/character/131028,,131028
bgm-bgm34981,bangumi,2,22,,柳爽史,柳爽史,,,其他,A,,Galgame,Galgame,中二病な彼女の恋愛方程式,,2015,Galgame,,肉体は三次元でも、精神は二次元にある男子。 見た目からは知的でクールなイケメンという印象を受けるが、口を開けば平面世界の幼女をこよなく愛するロリコンクソ野郎と化す。 その残念すぎる一点を除けば、基本的にはイイやつ。 「そう、俺は病気なんだ。 二次元幼女のおしっこを定期的に飲まないと死んでしまう病」,1,0,0,1,1,https://lain.bgm.tv/pic/crt/l/25/e6/34981_crt_kUJ0W.jpg,https://lain.bgm.tv/r/400/pic/crt/l/25/e6/34981_crt_kUJ0W.jpg,,,,,https://bgm.tv/character/34981,,34981
bgm-bgm37975,bangumi,2,22,,,水園譲治,,,,,,Galgame,Galgame,罪ノ光ランデヴー,罪之光约会,2016,Galgame,,円来の父で、村の長。 円来の母との間に男の子が生まれなかったためか、 優人を本当の息子のように大事に思っている。 また、優人の絵の師匠でもあり 時に優しく、時に厳しく接する。,1,0,0,1,1,https://lain.bgm.tv/pic/crt/l/be/2c/37975_crt_apl99.jpg,https://lain.bgm.tv/r/400/pic/crt/l/be/2c/37975_crt_apl99.jpg,,,,,https://bgm.tv/character/37975,,37975
bgm-bgm208331,bangumi,2,22,,,ユリア・バーンズ,,,其他,,,Galgame,Galgame,マブラヴ ガールズガーデン,,2025,Galgame,,カオスメイデンのリーダー。パイロットとして天才的なセンスを持っているが、性格は問題だらけ。明るくカリスマはあるものの、子供っぽくデリカシーがない。出自に何か秘密があるらしいが……,1,0,0,1,,https://lain.bgm.tv/pic/crt/l/d2/c7/208331_crt_h6TCX.jpg,https://lain.bgm.tv/r/400/pic/crt/l/d2/c7/208331_crt_h6TCX.jpg,,,,,https://bgm.tv/character/208331,,208331
bgm-bgm78333,bangumi,2,22,,,チャオ,,,其他,O,,Galgame,Galgame,絵師神の絆,,2020,Galgame,,楽観的でマイペースな、見習いの魔女ネコ。感情の起伏が激しく、勝手に期待してはワクワクし、勝手に落ち込んではがっかりしている。働き者で人の世話を焼こうとする面倒見の良い性格をしているが、おっちょこちょいのため失敗も多い。,1,0,0,1,,https://lain.bgm.tv/pic/crt/l/49/0c/78333_crt_cXNr1.jpg,https://lain.bgm.tv/r/400/pic/crt/l/49/0c/78333_crt_cXNr1.jpg,,,,,https://bgm.tv/character/78333,,78333
bgm-bgm140989,bangumi,2,22,,,江里弓子,,,其他,,,Galgame,Galgame,Rumble ～バンカラ夜叉姫～,,2000,Galgame,,聖バルチック女学院に身を置く『凛奈の二枚看板』の一人で、後述する盾子の双子の姉。中学生の時、不良に絡まれていたところを偶然通りかかった凛奈に助けてもらったことから彼女に憧れ、厳しい自主訓練の末にその秘めたる才能を開花させた。攻撃能力に特に秀でているが、防御は十人並み。,1,0,0,1,1,https://lain.bgm.tv/pic/crt/l/a7/3a/140989_crt_I8cnC.jpg,https://lain.bgm.tv/r/400/pic/crt/l/a7/3a/140989_crt_I8cnC.jpg,,,,,https://bgm.tv/character/140989,,140989
bgm-bgm141489,bangumi,2,22,,,真田冬月,,,其他,,,Galgame,Galgame,H（アッシュ）～いつかたどりつけた場所～,,2002,Galgame,,主人公達の住む「清風寮」の管理人。 いつも笑顔を絶やさず、おっとりした性格。,1,0,0,1,1,https://lain.bgm.tv/pic/crt/l/36/85/141489_crt_GWz9I.jpg,https://lain.bgm.tv/r/400/pic/crt/l/36/85/141489_crt_GWz9I.jpg,,,,,https://bgm.tv/character/141489,,141489
bgm-bgm76019,bangumi,2,22,,,エル,El,,其他,,,动画,动画,ガールズ＆パンツァー 最終章 第4話,少女与战车 最终章 第4话,2024,动画,"[{""t"":""ガールズ＆パンツァー 最終章 第4話"",""cn"":""少女与战车 最终章 第4话"",""ty"":""动画"",""y"":2024,""pop"":0},{""t"":""ガールズ＆パンツァー 最終章 第1話"",""cn"":""少女与战车 最终章 第1话"",""ty"":""动画"",""y"":2018,""pop"":0},{""t"":""ガールズ＆パンツァー 最終章 第2話"",""cn"":""少女与战车 最终章 第2话"",""ty"":""动画"",""y"":2020,""pop"":0}]",青師団高校は公式な戦車道の活動が禁止されていて、いわば有志のみで作るゲリラ的な戦車道の組織があるのみである。エルはその地下組織のリーダーで、豪放で行動的でさばさばとした性格をしている。青師団の各メンバーは大なり小なりエルの性格の影響を受けている。シュルレアリスムとアヒージョが大好き。,1,0,0,1,,https://lain.bgm.tv/pic/crt/l/48/a2/76019_crt_KkuQQ.jpg?r=1583660900,https://lain.bgm.tv/r/400/pic/crt/l/48/a2/76019_crt_KkuQQ.jpg?r=1583660900,,,,,https://bgm.tv/character/76019,,76019
bgm-bgm168266,bangumi,2,22,,哈娜·布拉德利,ハナ・ブラッドリー,Hana Bradley,,其他,B,,动画|漫画|游戏,漫画,幼稚園WARS,幼儿园战争,2023,漫画,"[{""t"":""幼稚園WARS"",""cn"":""幼儿园战争"",""ty"":""漫画"",""y"":2023,""pop"":0},{""t"":""幼稚園教諭のズッキュン♡なオトメゲー"",""cn"":"""",""ty"":""游戏"",""y"":"""",""pop"":0},{""t"":""幼稚園WARS"",""cn"":""幼儿园战争"",""ty"":""动画"",""y"":"""",""pop"":0}]",蒲公英班的莉塔的后辈教师。 是杀手家族布拉德利一家的老么，以手榴弹及球棒作为武器战斗。 为了救出被抓的哥哥，向莉塔与道格提出合作请求。,1,0,0,1,,https://lain.bgm.tv/pic/crt/l/af/0a/168266_crt_IRa8R.jpg,https://lain.bgm.tv/r/400/pic/crt/l/af/0a/168266_crt_IRa8R.jpg,,,,,https://bgm.tv/character/168266,,168266
bgm-bgm42130,bangumi,2,22,,海因里希·赫兹,ハインリッヒ・ヘルツ,Heinrich Hertz,,其他,,,动画,动画,タイムトラベル少女～マリ・ワカと8人の科学者たち～,时间旅行少女～真理、和花与8名科学家～,2016,动画,,19世紀ドイツの科学者。実験によって「電磁波」の存在を世界で初めて証明した。周波数の単位(ヘルツ)は彼の名前から取られている。,1,0,0,1,,https://lain.bgm.tv/pic/crt/l/df/5b/42130_crt_dVLtg.jpg,https://lain.bgm.tv/r/400/pic/crt/l/df/5b/42130_crt_dVLtg.jpg,,,,,https://bgm.tv/character/42130,,42130
bgm-bgm49897,bangumi,2,22,,比嘉夏海,比嘉夏海,Higa Natsumi,,其他,B,,动画,动画,南鎌倉高校女子自転車部,南镰仓高校女子自行车社,2017,动画,,スポーツ系のクラスに所属しており運動全般が得意。両親から譲り受けたロードバイクに乗っている。,1,0,0,1,,https://lain.bgm.tv/pic/crt/l/fb/0b/49897_crt_4R02N.jpg?r=1518366091,https://lain.bgm.tv/r/400/pic/crt/l/fb/0b/49897_crt_4R02N.jpg?r=1518366091,,,,,https://bgm.tv/character/49897,,49897
bgm-bgm81263,bangumi,2,22,,,伊澄いずみ,IZUMI Izumi,,其他,AB,,Galgame,Galgame,ときめきアイドル,心跳偶像,2018,Galgame,,夢は国民的ゲームアイドル！のゲーム大好き少女。レトロゲームマニアでシューティングゲームが得意。,1,0,0,1,,https://lain.bgm.tv/pic/crt/l/57/37/81263_crt_FPh8R.jpg,https://lain.bgm.tv/r/400/pic/crt/l/57/37/81263_crt_FPh8R.jpg,,,,,https://bgm.tv/character/81263,,81263
bgm-bgm4714,bangumi,2,22,,小雨,小雨,Kosame,,其他,,,动画|漫画,动画,GIRLSブラボー second season,女生万岁 second season,2005,动画,"[{""t"":""GIRLSブラボー second season"",""cn"":""女生万岁 second season"",""ty"":""动画"",""y"":2005,""pop"":0},{""t"":""GIRLSブラボー first season"",""cn"":""女生万岁 first season"",""ty"":""动画"",""y"":2004,""pop"":0},{""t"":""GIRLSブラボー"",""cn"":""女生万岁"",""ty"":""漫画"",""y"":2001,""pop"":0}]",疾風とは対照的に、ボーイッシュな雰囲気を持つリサの手下２号。いつもは疾風共々、リサのために暗躍を繰り返している。疾風よりは細々した作業には向かないようだが、その分、体力には自信アリ。,1,0,0,1,,https://lain.bgm.tv/pic/crt/l/cb/59/4714_crt_anidb.jpg,https://lain.bgm.tv/r/400/pic/crt/l/cb/59/4714_crt_anidb.jpg,,,,,https://bgm.tv/character/4714,,4714
bgm-bgm62271,bangumi,2,22,,,セルピコ,SERPICO,,其他,AB,,Galgame,Galgame,天惺のイリュミナシア〜オトメ勇者〜,少女勇者,2017,Galgame,,Lacrimosa的剧场的看板舞者。 是用华丽的舞姿和天使般的笑脸俘虏所有观众的小恶魔系男子。 为了成为世界第一的明星而参加Road of Glory。,1,0,0,1,,https://lain.bgm.tv/pic/crt/l/87/c3/62271_crt_a8dWH.jpg?r=1522228795,https://lain.bgm.tv/r/400/pic/crt/l/87/c3/62271_crt_a8dWH.jpg?r=1522228795,,,,,https://bgm.tv/character/62271,,62271
bgm-bgm100855,bangumi,2,22,,武田尚虎,武田尚虎,Takeda Naotora,,其他,O,,动画,动画,オリエント 第2クール,东方少年 第2部分,2022,动画,"[{""t"":""オリエント 第2クール"",""cn"":""东方少年 第2部分"",""ty"":""动画"",""y"":2022,""pop"":0},{""t"":""オリエント"",""cn"":""东方少年"",""ty"":""动画"",""y"":2022,""pop"":0}]",「武田武士団」の団長。真田青志・山本春雷ら個性的な武士たちを従えて、空を飛び移動する「城」で各地を巡り、日ノ本を「鬼神」の手から取り戻すべく日々戦っている。 その実力と明朗快活な性格で団員たちからは兄のように慕われている。しかし武蔵は、そんな尚虎の性格に、何かと反発を覚えている様子。,1,0,0,1,,https://lain.bgm.tv/pic/crt/l/bf/f6/100855_crt_kFk22.jpg?r=1634082274,https://lain.bgm.tv/r/400/pic/crt/l/bf/f6/100855_crt_kFk22.jpg?r=1634082274,,,,,https://bgm.tv/character/100855,,100855
bgm-bgm104025,bangumi,2,22,,薮助治,ヤーブ・スケルジ,,,其他,,,动画,动画,宇宙戦艦ヤマト2199,宇宙战舰大和号2199,2013,动画,"[{""t"":""宇宙戦艦ヤマト2199"",""cn"":""宇宙战舰大和号2199"",""ty"":""动画"",""y"":2013,""pop"":0},{""t"":""宇宙戦艦ヤマト2205 新たなる旅立ち 後章 -STASHA-"",""cn"":""宇宙战舰大和号2205 新的旅程 后篇 -STASHA-"",""ty"":""动画"",""y"":2022,""pop"":0},{""t"":""宇宙戦艦ヤマト2205 新たなる旅立ち 前章 -TAKE OFF-"",""cn"":""宇宙战舰大和号2205 新的旅程 前篇 -TAKE OFF-"",""ty"":""动画"",""y"":2021,""pop"":0},{""t"":""宇宙戦艦ヤマト2202 愛の戦士たち"",""cn"":""宇宙战舰大和号2202 爱的战士们"",""ty"":""动画"",""y"":2018,""pop"":0}]",ガミラス軍技術交流官 もとヤマト機関科員（公式記録＝戦没者） 階級 ： ガミラス軍一等機関兵曹 生年月日 ： 2165年2月22日生 うお座 40歳 ガミラスから派遣された技術交流官。 二等ガミラス人であるザルツ人のヤーブ・スケルジ……ということになっているが、実は地球人。 かつてヤマトに乗艦し反乱事件に関わった薮 助治である。 次元潜航艦の乗員として第二の人生を切り開いた薮は、ガミラス星で愛する「家族」を得ていた。,0,0,0,0,,https://lain.bgm.tv/pic/crt/l/d5/5d/104025_crt_tXeCE.jpg?r=1640363445,https://lain.bgm.tv/r/400/pic/crt/l/d5/5d/104025_crt_tXeCE.jpg?r=1640363445,,,,,https://bgm.tv/character/104025,,104025
bgm-bgm96948,bangumi,2,22,,德川太助,徳川太助,,,其他,,,动画,动画,宇宙戦艦ヤマト2205 新たなる旅立ち 後章 -STASHA-,宇宙战舰大和号2205 新的旅程 后篇 -STASHA-,2022,动画,"[{""t"":""宇宙戦艦ヤマト2205 新たなる旅立ち 後章 -STASHA-"",""cn"":""宇宙战舰大和号2205 新的旅程 后篇 -STASHA-"",""ty"":""动画"",""y"":2022,""pop"":0},{""t"":""宇宙戦艦ヤマト2205 新たなる旅立ち 前章 -TAKE OFF-"",""cn"":""宇宙战舰大和号2205 新的旅程 前篇 -TAKE OFF-"",""ty"":""动画"",""y"":2021,""pop"":0}]",ヤマト機関員。戦没した初代機関長・徳川彦左衛門の息子。最悪の状況でも周囲をリラックスさせる愛されキャラ。仲間への想いはとても深い。 防大時代の錬成航海では、ヤマトをエンストさせる大失態を演じた。正式任官後は空軍へ出向。制限型自立防空システム──“無人艦隊” のコマンド艦〈グラディエーター〉に乗艦。今次航海で再びヤマト機関員となり、成長した腕を奮っている。,0,0,0,0,,https://lain.bgm.tv/pic/crt/l/77/ac/96948_crt_jps6S.jpg?r=1623412392,https://lain.bgm.tv/r/400/pic/crt/l/77/ac/96948_crt_jps6S.jpg?r=1623412392,,,,,https://bgm.tv/character/96948,,96948
bgm-bgm118986,bangumi,2,22,,,葉村椋人,,,其他,B,,Galgame,Galgame,カエル畑DE ・夏 千木良参戦！,蛙畑奇事 夏 千木良参战,2010,Galgame,"[{""t"":""カエル畑DE ・夏 千木良参戦！"",""cn"":""蛙畑奇事 夏 千木良参战"",""ty"":""Galgame"",""y"":2010,""pop"":0},{""t"":""カエル畑DEつかまえて☆彡"",""cn"":""蛙畑奇事"",""ty"":""Galgame"",""y"":2010,""pop"":0}]",■月宿高校１年４組（１５歳） ■美化委員会所属 クラスメートだが特に会話したこともないので仲良くもない。 無愛想で口が悪く手癖足癖も悪い、挙句嫌味＆喧嘩売りの達人。 非常に飽きっぽく（忍耐力０）人の善意も汲み取れない。 自分が原因で言い合いになっても、自分側に非があると気付けない。 基本あまり人に懐かないくせにメンタル面が弱いかなり面倒なタイプの子。 だが頭は悪くなく、状況把握は常に出来ているので意見を求めると色々案をくれる。,0,0,0,0,,https://lain.bgm.tv/pic/crt/l/13/13/118986_crt_CSc1Y.jpg,https://lain.bgm.tv/r/400/pic/crt/l/13/13/118986_crt_CSc1Y.jpg,,,,,https://bgm.tv/character/118986,,118986
bgm-bgm190745,bangumi,2,22,,,ローゼマリー・ピュロポス,,,其他,,,动画,动画,嘆きの亡霊は引退したい 第2クール,叹气的亡灵想隐退 第2部分,2025,动画,,《深淵火滅》の二つ名を持つ、名門クラン《魔杖（ヒドゥン・カース）》のマスター。 ゼブルディアに3人しかいないレベル8の一人。 かつては相当に暴れており、今もハンターを続けられているのは「（被害者も証拠も何もかも）すべてを灰にしたから」という噂がある。,0,0,0,0,,https://lain.bgm.tv/pic/crt/l/73/3b/190745_crt_K22Yu.jpg,https://lain.bgm.tv/r/400/pic/crt/l/73/3b/190745_crt_K22Yu.jpg,,,,,https://bgm.tv/character/190745,,190745
bgm-bgm64827,bangumi,2,22,,乔治·华盛顿,George Washington,,,其他,,,游戏,游戏,Assassin's Creed III,刺客信条3,2012,游戏,,乔治·华盛顿 (1732 – 1799) 是1775年到1783年美国革命战争时期大陆军的总指挥，他在1789年到1797年任美国第一任总统。 作为英国北美殖民地维吉尼亚出生的一个殖民地人，华盛顿在他年轻的时候加入过维吉尼亚民兵，并与英国军队共同参与了同法国人和印第安人的战争。由于他在英军中的职业发展受到了阻碍，华盛顿转行为一名政客。 当美国独立战争爆发时，华盛顿为爱国者提供协助。1775年时，大陆军建立，大陆议会指派华盛顿成为大陆军的总指挥。,0,0,0,0,,https://lain.bgm.tv/pic/crt/l/29/2c/64827_crt_0WEeg.jpg?r=1531975719,https://lain.bgm.tv/r/400/pic/crt/l/29/2c/64827_crt_0WEeg.jpg?r=1531975719,,,,,https://bgm.tv/character/64827,,64827
bgm-bgm205772,bangumi,2,22,,奥乔,オチョ,,,其他,,,动画,动画,魔入りました！入間くん 第3シリーズ,入间同学入魔了 第三季,2022,动画,,,0,0,0,0,,https://lain.bgm.tv/pic/crt/l/f2/f9/205772_crt_HUAus.jpg,https://lain.bgm.tv/r/400/pic/crt/l/f2/f9/205772_crt_HUAus.jpg,,,,,https://bgm.tv/character/205772,,205772
bgm-bgm133033,bangumi,2,22,,,瑞吉安,,,其他,,,Galgame,Galgame,永远的7日之都,,2017,Galgame,,经营着私人工作室的古董修复师。 待人温和，知识渊博，灵巧的双手将一件件破损的古董修旧如旧。技巧精湛，用料考究，是在整个修复界小有名气的匠人，曾经多次成功修复一些被认定为不可能复原的古董与文物。他为了修复而制作的一些样品甚至可以达到以假乱真的效果。 然而工作的顺遂却并不能令他感到满足。瑞吉安真正追求的是在艺术创作上的天赋——而这也正好是他痛苦的根源。被盛赞为修复界的奇迹的他，在自己眼里却永远是一个只能“还原”无法“创作”的庸人。,0,0,0,0,,https://lain.bgm.tv/pic/crt/l/30/5b/133033_crt_hZo53.jpg,https://lain.bgm.tv/r/400/pic/crt/l/30/5b/133033_crt_hZo53.jpg,,,,,https://bgm.tv/character/133033,,133033
bgm-bgm94766,bangumi,2,22,,,猫田要,,,其他,O,,动画|漫画,漫画,猫田のことが気になって仕方ない。,我好在意猫田。,2013,漫画,"[{""t"":""猫田のことが気になって仕方ない。"",""cn"":""我好在意猫田。"",""ty"":""漫画"",""y"":2013,""pop"":0},{""t"":""猫田のことが気になって仕方ない。"",""cn"":""我好在意猫田君"",""ty"":""动画"",""y"":2015,""pop"":0}]",みっきーには猫顔に見えるが、周りから見たらイケメンらしい。幼少期をのぞいて主役となった番外編でも人間の顔はハッキリと描かれていない。また、下の名前も最終回直前の第40話まで一切明かされず、作中の大部分を通して「猫田」としか紹介されていない。妹・輪を保育園に連れて行っている関係で、遅刻常習犯。,0,0,0,0,,https://lain.bgm.tv/pic/crt/l/ee/20/94766_crt_Fs0xA.jpg,https://lain.bgm.tv/r/400/pic/crt/l/ee/20/94766_crt_Fs0xA.jpg,,,,,https://bgm.tv/character/94766,,94766
bgm-bgm180873,bangumi,2,22,,,维恩,,,其他,180C,,Galgame,Galgame,欢迎来到梦乐园,,2023,Galgame,,现居洛维斯的职业炼金术师，同时也是珍稀的半龙人。维恩目前正在研究其养父留下的炼金术课题，但因为正值瓶颈期，总是走神炸掉各种东西，被同事们誉为最专业的爆破家。现在比起研究自己的课题，更大的用处是拆除爆炸陷阱和爆破物体。,0,0,0,0,,https://lain.bgm.tv/pic/crt/l/44/09/180873_crt_5FXQ2.jpg?r=1754139962,https://lain.bgm.tv/r/400/pic/crt/l/44/09/180873_crt_5FXQ2.jpg?r=1754139962,https://storage.moegirl.org.cn/moegirl/commons/3/3c/Illust_73244121_20190324_144218.png!/fw/480/watermark/url/L21vZWdpcmwvd2F0ZXJtYXJrLnBuZw==/align/southeast/margin/10x10/opacity/50?v=20190324065158|https://storage.moegirl.org.cn/moegirl/commons/3/3c/Illust_73244121_20190324_144218.png,,图源:moegirl,,https://bgm.tv/character/180873,,180873
bgm-bgm176128,bangumi,2,22,,,神谷実子,,,其他,B,,Galgame,Galgame,ぼくらの放課後戦争！,,2017,Galgame,,美術部の部長を務める２年生で、男女関わらず他人に合わせるのが上手なコミュ良。だが、絵のことになると譲らず、非常に真面目な本質が顔を覗かせる。そこはかとなく猫,0,0,0,0,,https://lain.bgm.tv/pic/crt/l/36/eb/176128_crt_AIaq7.jpg,https://lain.bgm.tv/r/400/pic/crt/l/36/eb/176128_crt_AIaq7.jpg,,,,,https://bgm.tv/character/176128,,176128
bgm-bgm182423,bangumi,2,22,,米娅,ミア,,,其他,,,动画|漫画,漫画,7人の眠り姫,爱寐七公主,2023,漫画,"[{""t"":""7人の眠り姫"",""cn"":""爱寐七公主"",""ty"":""漫画"",""y"":2023,""pop"":0},{""t"":""7人の眠り姫"",""cn"":""爱寐七公主"",""ty"":""动画"",""y"":"""",""pop"":0}]",,0,0,0,0,,https://lain.bgm.tv/pic/crt/l/ed/a2/182423_crt_6B204.jpg,https://lain.bgm.tv/r/400/pic/crt/l/ed/a2/182423_crt_6B204.jpg,,,,,https://bgm.tv/character/182423,,182423
bgm-bgm110536,bangumi,2,22,,辉宿喵,ニャンデスター,,ザ☆ニャンデスター,其他,,,动画,动画,遊☆戯☆王ゴーラッシュ!!,游戏王 Go Rush！！,2022,动画,,蒼月マナブと一緒に行動する「ＭＩＫ」所属の猫。キラリと光る「ニャンデスター・アイ」で、地球に潜伏する宇宙人を瞬時（しゅんじ）に見つけ出す。頭の大きな星がチャームポイント。,0,0,0,0,,https://lain.bgm.tv/pic/crt/l/2f/c7/110536_crt_7Qrqw.jpg?r=1753085321,https://lain.bgm.tv/r/400/pic/crt/l/2f/c7/110536_crt_7Qrqw.jpg?r=1753085321,,,,,https://bgm.tv/character/110536,,110536
bgm-bgm148069,bangumi,2,22,,麻仓叶羽,麻倉葉羽,Asakura Yohane,,其他,B,,动画|漫画,动画,SHAMAN KING FLOWERS,通灵王 FLOWERS,2024,动画,"[{""t"":""SHAMAN KING FLOWERS"",""cn"":""通灵王 FLOWERS"",""ty"":""动画"",""y"":2024,""pop"":0},{""t"":""シャーマンキングFLOWERS"",""cn"":""通灵王 -Flowers-"",""ty"":""漫画"",""y"":2012,""pop"":0},{""t"":""シャーマンキング ザ スーパースター"",""cn"":""通灵王 THE SUPER STAR"",""ty"":""漫画"",""y"":2018,""pop"":0}]",約1000年前に麻倉から追放された麻倉葉王の末裔であり、“裏麻倉家”の次期当主。葉王を闇に葬ったとして現麻倉家に恨みを持つ。夜千玉の黒髪、冷やかな眼差しが特徴。,0,0,0,0,,https://lain.bgm.tv/pic/crt/l/fc/1a/148069_crt_RvoUt.jpg?r=1702386059,https://lain.bgm.tv/r/400/pic/crt/l/fc/1a/148069_crt_RvoUt.jpg?r=1702386059,,,,,https://bgm.tv/character/148069,,148069
bgm-bgm89521,bangumi,2,22,,三门万里,三門バンリ,Banri Mikado,,其他,,,动画,动画,プレイタの傷,Praeter之伤,2021,动画,,先代『ケットシー』のスカード。 当初『ヘリオス』はエイジ、カガミ、バンリの三人で 結成したチームだった。今は旅に出ているらしい。 猫のタトゥーを持っていた影響か、自由気ままな性格で、 楽しいことが好き。 ふざけているように見えて周りの人間に目を配っており、 『ヘリオス』の精神的支えになっている。,0,0,0,0,,https://lain.bgm.tv/pic/crt/l/5e/ee/89521_crt_BQszA.jpg?r=1609606340,https://lain.bgm.tv/r/400/pic/crt/l/5e/ee/89521_crt_BQszA.jpg?r=1609606340,,,,,https://bgm.tv/character/89521,,89521
bgm-bgm4021,bangumi,2,22,,汉堡,ハンバーグ,Hamburg,四足疾驰奇人,其他,,,动画,动画,ONE PIECE,航海王,1999,动画,"[{""t"":""ONE PIECE"",""cn"":""航海王"",""ty"":""动画"",""y"":1999,""pop"":0},{""t"":""ONE PIECE 〜アドベンチャー オブ ネブランディア〜"",""cn"":""航海王：迷雾岛大冒险"",""ty"":""动画"",""y"":2015,""pop"":0}]",代表福克西海贼团参加第二场DBF比赛的队员之一，很喜欢在船长出糗时偷笑，能以四肢如动物奔跑，速度很快。是“火爆斗球三兄弟”的队长，搭档与索隆和山治参加“Davy Back Fight”火爆斗球比赛，虽然比赛中在裁判的掩护下违反规则，但最终败给索隆和山治。 银狐海贼团的战斗员。总是趁著船长出糗时偷笑，笑声为“噗噗噗噗的火爆斗球中，被山治击败。,0,0,0,0,,https://lain.bgm.tv/pic/crt/l/ed/91/4021_crt_NJGAh.jpg,https://lain.bgm.tv/r/400/pic/crt/l/ed/91/4021_crt_NJGAh.jpg,,,,,https://bgm.tv/character/4021,,4021
bgm-bgm4112,bangumi,2,22,,杰利,ジェリー,Jerry,,其他,,,动画,动画,ONE PIECE,航海王,1999,动画,,CP6の一人。カラテの島出身だが、自称「ボクシング王者」。ものすごく長身。,0,0,0,0,,https://lain.bgm.tv/pic/crt/l/a5/66/4112_crt_9qiyp.jpg,https://lain.bgm.tv/r/400/pic/crt/l/a5/66/4112_crt_9qiyp.jpg,,,,,https://bgm.tv/character/4112,,4112
bgm-bgm60351,bangumi,2,22,,御国鹰司,御国鷹司,Mikuni Takashi,,其他,A,,动画,动画,Butlers～千年百年物語～,Butlers～千年百年物语～,2018,动画,,,0,0,0,0,,https://lain.bgm.tv/pic/crt/l/03/ce/60351_crt_5lPll.jpg,https://lain.bgm.tv/r/400/pic/crt/l/03/ce/60351_crt_5lPll.jpg,,,,,https://bgm.tv/character/60351,,60351
bgm-bgm158099,bangumi,2,22,,,マミー,Mummy,,其他,,,动画,动画,僕のヒーローアカデミア  THE MOVIE ヒーローズ：ライジング,我的英雄学院 英雄:崛起,2019,动画,,,0,0,0,0,,https://lain.bgm.tv/pic/crt/l/e9/4e/158099_crt_zzOye.jpg?r=1716565669,https://lain.bgm.tv/r/400/pic/crt/l/e9/4e/158099_crt_zzOye.jpg?r=1716565669,,,,,https://bgm.tv/character/158099,,158099
bgm-bgm97630,bangumi,2,22,,猫田又彦,猫田又彦,Nekota Matahiko,,其他,O,,动画,动画,うらみちお兄さん,阴晴不定大哥哥,2021,动画,"[{""t"":""うらみちお兄さん"",""cn"":""阴晴不定大哥哥"",""ty"":""动画"",""y"":2021,""pop"":0},{""t"":""舞台「うらみちお兄さん」"",""cn"":""舞台 阴晴不定大哥哥"",""ty"":""其他"",""y"":2026,""pop"":0}]",バー「CAT KICK」の店長。 裏道の体育大学時代の後輩で、同学年の兎原、熊谷と同じ寮で暮らしていた。 物腰が柔らかく人懐っこい性格だが、バツ2。 2人分の養育費を支払うために頑張って働いている。,0,0,0,0,,https://lain.bgm.tv/pic/crt/l/49/46/97630_crt_811m3.jpg?r=1624500108,https://lain.bgm.tv/r/400/pic/crt/l/49/46/97630_crt_811m3.jpg?r=1624500108,,,,,https://bgm.tv/character/97630,,97630
bgm-bgm74366,bangumi,2,22,,喵托兰,ニャトラン,Nyatoran,,其他,,,动画,动画,映画 プリキュアオールスターズF,电影 光之美少女 All Stars F,2023,动画,"[{""t"":""映画 プリキュアオールスターズF"",""cn"":""电影 光之美少女 All Stars F"",""ty"":""动画"",""y"":2023,""pop"":0},{""t"":""ヒーリングっど♥プリキュア"",""cn"":""Healin' Good ♥ 光之美少女"",""ty"":""动画"",""y"":2020,""pop"":0},{""t"":""映画 ヒーリングっど♥プリキュア ゆめのまちでキュン！っとGoGo！大変身！！"",""cn"":""电影 Healin' Good ♥ 光之美少女 梦想的小镇心动不已！GoGo！大变身！！"",""ty"":""动画"",""y"":2021,""pop"":0}]",全身黄色的猫咪型治愈动物，日向的搭档，处事从容不迫的男生，却偶会无意中失言，和日向很合得来，耍帅的一面底下却会有急躁和认真的一面，语尾习惯加上“～喵,0,0,0,0,,https://lain.bgm.tv/pic/crt/l/11/82/74366_crt_tO7X6.jpg?r=1581565279,https://lain.bgm.tv/r/400/pic/crt/l/11/82/74366_crt_tO7X6.jpg?r=1581565279,,,,,https://bgm.tv/character/74366,,74366
bgm-bgm111901,bangumi,2,22,,拉尔夫·莱因哈特,ラルフ・ラインハート,Ralph Reinhardt,,其他,A,,动画|漫画,动画,新テニスの王子様 U-17 WORLD CUP,新网球王子 U-17 世界杯,2022,动画,"[{""t"":""新テニスの王子様 U-17 WORLD CUP"",""cn"":""新网球王子 U-17 世界杯"",""ty"":""动画"",""y"":2022,""pop"":0},{""t"":""新テニスの王子様 U-17 WORLD CUP SEMIFINAL"",""cn"":""新网球王子 U-17 世界杯 半决赛"",""ty"":""动画"",""y"":2024,""pop"":0},{""t"":""新テニスの王子様"",""cn"":""新网球王子"",""ty"":""漫画"",""y"":2009,""pop"":0}]",アメリカ代表主将。テニスの実力もさることながら、指導者としての素質にも突出。 柔和な笑顔と厳しい助言を使い分けながら、各選手に更なる成長を促している。,0,0,0,0,,https://lain.bgm.tv/pic/crt/l/66/02/111901_crt_Dcr9q.jpg,https://lain.bgm.tv/r/400/pic/crt/l/66/02/111901_crt_Dcr9q.jpg,,,,,https://bgm.tv/character/111901,,111901
