id,src,month,day,year,name_cn,name_native,name_romaji,alt_names,gender,blood,age,types,ptype,work,work_cn,work_year,work_fmt,works,summary,heat,fav,votes,collects,nsfw,image,thumb,alts,palette,tags,url_al,url_bgm,url_vndb,bgm_id
al121103,anilist,3,3,,藤原千花,藤原千花,Chika Fujiwara,Subject F / Love Detective Chika / Fortune Teller Chika / Secretary Fujiwara,女,O,17,动画|漫画,动画,かぐや様は告らせたい～天才たちの恋愛頭脳戦～,辉夜大小姐想让我告白 ~天才们的恋爱头脑战~,2019,动画,"[{""t"":""かぐや様は告らせたい～天才たちの恋愛頭脳戦～"",""cn"":""辉夜大小姐想让我告白 ~天才们的恋爱头脑战~"",""ty"":""动画"",""y"":2019,""pop"":558713},{""t"":""かぐや様は告らせたい？～天才たちの恋愛頭脳戦～"",""cn"":""辉夜大小姐想让我告白 ~天才们的恋爱头脑战~"",""ty"":""动画"",""y"":2020,""pop"":434528},{""t"":""かぐや様は告らせたい-ウルトラロマンティック-"",""cn"":""辉夜大小姐想让我告白-超级浪漫-"",""ty"":""动画"",""y"":2022,""pop"":292244},{""t"":""かぐや様は告らせたい -ファーストキッスは終わらない-"",""cn"":""辉夜大小姐想让我告白-初吻不会结束-"",""ty"":""动画"",""y"":2023,""pop"":147967},{""t"":""かぐや様は告らせたい～天才たちの恋愛頭脳戦～"",""cn"":""辉夜大小姐想让我告白 ~天才们的恋爱头脑战~"",""ty"":""漫画"",""y"":2015,""pop"":119314},{""t"":""かぐや様は告らせたい～天才たちの恋愛頭脳戦～OVA"",""cn"":""辉夜大小姐想让我告白？～天才们的恋爱头脑战～ OVA"",""ty"":""动画"",""y"":2021,""pop"":91890}]",本作的女主角，高中部2年B班的女学生，担任学生会书记。桌游部所属，三姐妹中的次女。,17116,17116,0,1076,,https://lain.bgm.tv/pic/crt/l/38/34/67408_crt_rrE4W.jpg,https://lain.bgm.tv/r/400/pic/crt/l/38/34/67408_crt_rrE4W.jpg,https://s4.anilist.co/file/anilistcdn/character/medium/b121103-UGLxT8utLPnq.png|https://s4.anilist.co/file/anilistcdn/character/large/b121103-UGLxT8utLPnq.png,,,https://anilist.co/character/121103,https://bgm.tv/character/67408,,67408
vndb-c47550,vndb,3,3,,灭族者翔,ジェノサイダー 翔,Genocider Shou,Genocide Jill / Genocide Syo / Ultimate Murderous Fiend / 超高校級の「殺人鬼」,女,O,,Galgame,Galgame,ダンガンロンパ 希望の学園と絶望の高校生,弹丸论破 希望的学园和绝望高中生,2010,Galgame,"[{""t"":""ダンガンロンパ 希望の学園と絶望の高校生"",""cn"":""弹丸论破 希望的学园和绝望高中生"",""ty"":""Galgame"",""y"":2010,""pop"":15953},{""t"":""ニューダンガンロンパV3 みんなのコロシアイ新学期"",""cn"":""新弹丸论破V3 大家的自相残杀新学期"",""ty"":""Galgame"",""y"":2017,""pop"":8847}]",猟奇的かつ残忍な手口で殺人を繰り返す凶悪殺人鬼。通り魔的犯行を繰り返しており、証拠も残さないため容疑者の絞り込みが出来ず、いまだ逮捕されていない。「ジェノサイダー翔」という名前はネット上で与えられたあだ名で、その存在も半ば都市伝説化しており、実在自体が怪しまれている。自身の犯行現場には必ず被害者の血で「チミドロフィーバー」という血文字を残す。,15953,0,15953,11,,https://lain.bgm.tv/pic/crt/l/cc/d1/18237_crt_ldb36.jpg?r=1377409651,https://lain.bgm.tv/r/400/pic/crt/l/cc/d1/18237_crt_ldb36.jpg?r=1377409651,https://t.vndb.org/ch/25/72625.jpg,,Violet Waist Length+ Teen Slim Pale School Uniform Disaster Red Scar Glasses,,https://bgm.tv/character/18237,https://vndb.org/c47550,18237
al65529,anilist,3,3,,腐川冬子,腐川冬子,Touko Fukawa,Ultimate Writing Prodigy / Super High School Level Literary Girl (超高校級の文学少女) / Toki / Fukawacchi,女,O,,动画|漫画|Galgame,动画,ダンガンロンパ 希望の学園と絶望の高校生 The Animation,弹丸论破 希望学园与绝望高中生,2013,动画,"[{""t"":""ダンガンロンパ 希望の学園と絶望の高校生 The Animation"",""cn"":""弹丸论破 希望学园与绝望高中生"",""ty"":""动画"",""y"":2013,""pop"":233260},{""t"":""ダンガンロンパ３ –The End of 希望ヶ峰学園– 未来編"",""cn"":"""",""ty"":""动画"",""y"":2016,""pop"":90791},{""t"":""ダンガンロンパ3 -The End of 希望ヶ峰学園-　絶望編"",""cn"":""弹丸论破3 -The End of 希望之峰学园- 绝望篇"",""ty"":""动画"",""y"":2016,""pop"":89210},{""t"":""ダンガンロンパ３-The End of 希望ヶ峰学園-希望編"",""cn"":"""",""ty"":""动画"",""y"":2016,""pop"":56357},{""t"":""ダンガンロンパ 希望の学園と絶望の高校生"",""cn"":""弹丸论破 希望的学园和绝望高中生"",""ty"":""Galgame"",""y"":2010,""pop"":15953},{""t"":""ニューダンガンロンパV3 みんなのコロシアイ新学期"",""cn"":""新弹丸论破V3 大家的自相残杀新学期"",""ty"":""Galgame"",""y"":2017,""pop"":8847}]",超高校級の「文学少女」。飛ぶ鳥を落とす勢いの若手女流作家で、自身の書いた恋愛小説がヒットしている。おさげ髪に眼鏡が特徴。 父親が一人で母親が二人という複雑な家庭環境に育ち、なおかつ過去の学生生活において悲惨な体験を重ねているせいで性格は陰気かつ根暗で、精神構造にとある深刻な問題を抱えている。発言のほとんどはネガティブでかなり被害妄想が激しい。またドMの気もありドSな十神白夜に惚れ込んでおり、彼の命令ならば客観的に無茶なことでも実行しようとする。,15953,1528,15953,58,,https://lain.bgm.tv/pic/crt/l/c0/d4/18033_crt_55737.jpg?r=1534940264,https://lain.bgm.tv/r/400/pic/crt/l/c0/d4/18033_crt_55737.jpg?r=1534940264,https://s4.anilist.co/file/anilistcdn/character/medium/b65529-oy5acbdyUy4r.jpg|https://s4.anilist.co/file/anilistcdn/character/large/b65529-oy5acbdyUy4r.jpg|https://t.vndb.org/ch/24/72624.jpg|https://t.vndb.org/ch/02/104902.jpg,,Violet Waist Length+ Brown Teen Slim Pale School Uniform Disaster Scar Glasses,https://anilist.co/character/65529,https://bgm.tv/character/18033,https://vndb.org/c10199,18033
al121102,anilist,3,3,,石上优,石上優,Yuu Ishigami,Captain / Treasurer Ishigami / Yu-kun / Yu-chin,男,O,15-16,动画|漫画,动画,かぐや様は告らせたい～天才たちの恋愛頭脳戦～,辉夜大小姐想让我告白 ~天才们的恋爱头脑战~,2019,动画,"[{""t"":""かぐや様は告らせたい～天才たちの恋愛頭脳戦～"",""cn"":""辉夜大小姐想让我告白 ~天才们的恋爱头脑战~"",""ty"":""动画"",""y"":2019,""pop"":558713},{""t"":""かぐや様は告らせたい？～天才たちの恋愛頭脳戦～"",""cn"":""辉夜大小姐想让我告白 ~天才们的恋爱头脑战~"",""ty"":""动画"",""y"":2020,""pop"":434528},{""t"":""かぐや様は告らせたい-ウルトラロマンティック-"",""cn"":""辉夜大小姐想让我告白-超级浪漫-"",""ty"":""动画"",""y"":2022,""pop"":292244},{""t"":""かぐや様は告らせたい -ファーストキッスは終わらない-"",""cn"":""辉夜大小姐想让我告白-初吻不会结束-"",""ty"":""动画"",""y"":2023,""pop"":147967},{""t"":""かぐや様は告らせたい～天才たちの恋愛頭脳戦～"",""cn"":""辉夜大小姐想让我告白 ~天才们的恋爱头脑战~"",""ty"":""漫画"",""y"":2015,""pop"":119314},{""t"":""かぐや様は告らせたい～天才たちの恋愛頭脳戦～OVA"",""cn"":""辉夜大小姐想让我告白？～天才们的恋爱头脑战～ OVA"",""ty"":""动画"",""y"":2021,""pop"":91890}]",本作的里主角，高中部一年级的男学生，担任学生会会计。玩具公司家的次子。,15455,15455,0,231,,https://lain.bgm.tv/pic/crt/l/17/ff/67409_crt_7MyY9.jpg?r=1545567685,https://lain.bgm.tv/r/400/pic/crt/l/17/ff/67409_crt_7MyY9.jpg?r=1545567685,https://s4.anilist.co/file/anilistcdn/character/medium/b121102-tiQFxnSEIAwm.png|https://s4.anilist.co/file/anilistcdn/character/large/b121102-tiQFxnSEIAwm.png,,,https://anilist.co/character/121102,https://bgm.tv/character/67409,,67409
al80899,anilist,3,3,1992,周防天音,周防天音,Amane Suou,Ama-nee / Atcher / Cockroach / Red Ogre,女,A,19,动画|漫画|Galgame,动画,グリザイアの果実,灰色的果实,2014,动画,"[{""t"":""グリザイアの果実"",""cn"":""灰色的果实"",""ty"":""动画"",""y"":2014,""pop"":145676},{""t"":""グリザイアの楽園"",""cn"":""灰色的乐园"",""ty"":""动画"",""y"":2015,""pop"":90200},{""t"":""グリザイアの迷宮"",""cn"":""灰色的迷宫"",""ty"":""动画"",""y"":2015,""pop"":62745},{""t"":""グリザイアの果実 グリザイアの特典"",""cn"":"""",""ty"":""动画"",""y"":2014,""pop"":22803},{""t"":""グリザイアの楽園 グリザイアの特典"",""cn"":"""",""ty"":""动画"",""y"":2015,""pop"":17486},{""t"":""グリザイアの果実 -LE FRUIT DE LA GRISAIA-"",""cn"":""灰色的果实"",""ty"":""Galgame"",""y"":2011,""pop"":12894}]",流线型的纤长美腿、发育得沉甸甸的巨大胸器引人注目的女孩子。 身为学园唯一的三年级学生，作为很会照顾人的大姐姐被众人仰慕着。 给人很可靠的强烈印象，对主人公也是百般关照，不过时常也会搞些孩子气的恶作剧，做出疑似天然呆的行动。 因为老家经营着在东京都内设立了总店的老字号酒家的关系，对料理有着自信，家务总地来说是擅长领域。 无微不至的有点H的御姐──这么说虽然有语病，但也没法断言不是。从这点也可以看出的确是个让人没法掉以轻心的存在。,12894,712,12894,333,,https://lain.bgm.tv/pic/crt/l/b5/5c/10970_crt_lnq7l.jpg,https://lain.bgm.tv/r/400/pic/crt/l/b5/5c/10970_crt_lnq7l.jpg,https://s4.anilist.co/file/anilistcdn/character/medium/b80899-TzrealvmrLxH.png|https://s4.anilist.co/file/anilistcdn/character/large/b80899-TzrealvmrLxH.png|https://t.vndb.org/ch/67/76367.jpg|https://t.vndb.org/ch/29/49529.jpg,,Twin Tails Waist Length+ Straight Teen Slim Pale School Uniform Trousers Hard Worker Cooking,https://anilist.co/character/80899,https://bgm.tv/character/10970,https://vndb.org/c568,10970
al29,anilist,3,3,,雷欧力·帕拉丁奈特,レオリオ・パラディナイト,Leorio Paradinight,Leorio Paradiknight / Leorio Paladiknight,男,O,19-,动画|漫画,动画,HUNTER×HUNTER (2011),,2011,动画,"[{""t"":""HUNTER×HUNTER (2011)"",""cn"":"""",""ty"":""动画"",""y"":2011,""pop"":840476},{""t"":""HUNTER×HUNTER"",""cn"":""猎人"",""ty"":""动画"",""y"":1999,""pop"":134584},{""t"":""HUNTER×HUNTER"",""cn"":""猎人"",""ty"":""漫画"",""y"":1998,""pop"":109206},{""t"":""劇場版 HUNTER×HUNTER 緋色の幻影（ファントム・ルージュ）"",""cn"":"""",""ty"":""动画"",""y"":2013,""pop"":64831},{""t"":""劇場版 HUNTER×HUNTER THE LAST MISSION"",""cn"":""猎人剧场版：最终任务"",""ty"":""动画"",""y"":2013,""pop"":52942},{""t"":""HUNTER×HUNTER: Greed Island"",""cn"":"""",""ty"":""动画"",""y"":2003,""pop"":34034}]",性格成熟，有包容力，但容易感情用事，在猎人试验期间与小杰，奇犽和酷拉皮卡结识。表面上、参加猎人试验的目的是钱，但实际上是为了成为医生。在最要好的朋友皮耶杜因病去世后决定成为猎人以支付读医学院的费用。相较于其他主角并没有特别的战斗才华，然而其心地良善、重义气、真诚、具吸引人的领袖风范。在友克鑫市篇后直到会长选举篇才再度登场，几乎成为新一届猎人协会会长人选。在其后加入十二支并举荐酷拉皮卡加入远征暗黑大陆。 念能力属于放出系，能力是让身体部位(例:手)穿梭空间进行攻击。,6975,6975,0,54,,https://lain.bgm.tv/pic/crt/l/60/fc/14097_crt_cv0s1.jpg,https://lain.bgm.tv/r/400/pic/crt/l/60/fc/14097_crt_cv0s1.jpg,https://s4.anilist.co/file/anilistcdn/character/medium/b29-RgzoSeKmDYzl.jpg|https://s4.anilist.co/file/anilistcdn/character/large/b29-RgzoSeKmDYzl.jpg,,,https://anilist.co/character/29,https://bgm.tv/character/14097,,14097
al2270,anilist,3,3,,桂雏菊,桂ヒナギク,Hinagiku Katsura,Hina / Muteki-senpai / ひな / Hina,女,O,15-16,动画|漫画|Galgame,动画,ハヤテのごとく！,旋风管家,2007,动画,"[{""t"":""ハヤテのごとく！"",""cn"":""旋风管家"",""ty"":""动画"",""y"":2007,""pop"":41955},{""t"":""ハヤテのごとく！！"",""cn"":""旋风管家"",""ty"":""动画"",""y"":2009,""pop"":21088},{""t"":""ハヤテのごとく! CAN'T TAKE MY EYES OFF YOU"",""cn"":""旋风管家 CAN'T TAKE MY EYES OFF YOU"",""ty"":""动画"",""y"":2012,""pop"":12055},{""t"":""ハヤテのごとく！ Cuties"",""cn"":""旋风管家 Cuties"",""ty"":""动画"",""y"":2013,""pop"":10296},{""t"":""劇場版 ハヤテのごとく! HEAVEN IS A PLACE ON EARTH"",""cn"":""旋风管家 HEAVEN IS A PLACE ON EARTH"",""ty"":""动画"",""y"":2011,""pop"":8846},{""t"":""ハヤテのごとく!! アツがナツいぜ 水着編!"",""cn"":""旋风管家 泳装篇"",""ty"":""动画"",""y"":2009,""pop"":8031}]",动漫作品《旋风管家》中的主要角色之一，外形是粉红色长发，眼晴为黄绿色，为了活动方便，裙下常穿着安全裤。一年级就当上白皇学院高中部的学生会长，与担任教师的姐姐有着完全不一样的评价。家中有养父、养母、亲姐姐雪路。是个才色兼备，任何事情都很努力的女孩，但无法克服自己的惧高症。,5122,328,5122,352,,https://lain.bgm.tv/pic/crt/l/cb/2c/2414_crt_anidb.jpg,https://lain.bgm.tv/r/400/pic/crt/l/cb/2c/2414_crt_anidb.jpg,https://lain.bgm.tv/r/400/pic/crt/l/a2/c0/4500_crt_jXKZC.jpg|https://lain.bgm.tv/pic/crt/l/a2/c0/4500_crt_jXKZC.jpg|https://s4.anilist.co/file/anilistcdn/character/medium/2270.jpg|https://s4.anilist.co/file/anilistcdn/character/large/2270.jpg|https://t.vndb.org/ch/08/48408.jpg|https://t.vndb.org/ch/42/59742.jpg,,Blond Twin Tails Long Straight Teen Slim Pale School Uniform Disaster Assault,https://anilist.co/character/2270,https://bgm.tv/character/2414,https://vndb.org/c26311,2414
al67325,anilist,3,3,1994,田中龙之介,田中龍之介,Ryuunosuke Tanaka,Ryu / Ryuu / Monk Cut,男,,16-22,动画|漫画,动画,ハイキュー!!,排球少年!!,2014,动画,"[{""t"":""ハイキュー!!"",""cn"":""排球少年!!"",""ty"":""动画"",""y"":2014,""pop"":583268},{""t"":""ハイキュー!! セカンドシーズン"",""cn"":""排球少年 第二季"",""ty"":""动画"",""y"":2015,""pop"":398770},{""t"":""ハイキュー!! 烏野高校 VS 白鳥沢学園高校"",""cn"":""排球少年 乌野高校 VS 白鸟泽学园高校"",""ty"":""动画"",""y"":2016,""pop"":362356},{""t"":""ハイキュー!! TO THE TOP"",""cn"":""排球少年 TO THE TOP"",""ty"":""动画"",""y"":2020,""pop"":293887},{""t"":""ハイキュー!! TO THE TOP 2"",""cn"":"""",""ty"":""动画"",""y"":2020,""pop"":255078},{""t"":""ハイキュー！！"",""cn"":""排球少年!!"",""ty"":""漫画"",""y"":2012,""pop"":101913}]",ガッツ溢れるプレーが持ち味の、烏野高校が誇る切り込み隊長!! 見た目は怖いが、義理人情に厚く、面倒見のいい兄貴肌。,4814,4814,0,33,,https://lain.bgm.tv/pic/crt/l/2d/10/24326_crt_pgTYS.jpg?r=1414390443,https://lain.bgm.tv/r/400/pic/crt/l/2d/10/24326_crt_pgTYS.jpg?r=1414390443,https://s4.anilist.co/file/anilistcdn/character/medium/b67325-yPkbZJkofp5w.jpg|https://s4.anilist.co/file/anilistcdn/character/large/b67325-yPkbZJkofp5w.jpg,,,https://anilist.co/character/67325,https://bgm.tv/character/24326,,24326
vndb-c29002,vndb,3,3,,游佐司狼,遊佐 司狼,Yusa Shirou,Georgius,男,B,,Galgame,Galgame,Dies irae ~Acta est Fabula~,,2009,Galgame,"[{""t"":""Dies irae ~Acta est Fabula~"",""cn"":"""",""ty"":""Galgame"",""y"":2009,""pop"":3862},{""t"":""神咒神威神楽"",""cn"":"""",""ty"":""Galgame"",""y"":2011,""pop"":399}]",莲的青梅竹马，曾是好友的少年。 基本上胜任所有事情的天才，却因此觉得生活很无聊。 追求享乐，容易暴走，因为发生了某事而与莲决裂。 厮杀一场以后离开了学校，之后行踪不明。,3862,0,3862,14,,https://lain.bgm.tv/pic/crt/l/90/c4/40062_crt_xp79R.jpg,https://lain.bgm.tv/r/400/pic/crt/l/90/c4/40062_crt_xp79R.jpg,https://t.vndb.org/ch/56/75256.jpg,,Short Straight Brown Teen Slim Pale Trousers Proactive Hero Fighting,,https://bgm.tv/character/40062,https://vndb.org/c29002,40062
vndb-c64313,vndb,3,3,,玛里亚·毕肖普,マリア・ビショップ,Maria Bishop,,女,B,,Galgame,Galgame,金色ラブリッチェ,金辉恋曲四重奏,2017,Galgame,"[{""t"":""金色ラブリッチェ"",""cn"":""金辉恋曲四重奏"",""ty"":""Galgame"",""y"":2017,""pop"":3826},{""t"":""金色ラブリッチェ-Golden Time-"",""cn"":""金辉恋曲四重奏 -Golden Time-"",""ty"":""Galgame"",""y"":2019,""pop"":1939},{""t"":""AMBITIOUS MISSION"",""cn"":"""",""ty"":""Galgame"",""y"":2022,""pop"":496}]",本篇 「歌に必要なものはただ２つ。声と、品格よ」 央路が大ファンのアーティスト。 ネット発信で歌を発表して以来、全世界でダウンロード数は億を超え、 アメリカ、イギリス、日本で数々の音楽賞を総なめにした。 日本音楽界の最後の歌姫といわれている。 芸能事務所に所属しておらず、歌以外のあらゆる情報がシャットアウトされている。 ----- FD 「似合ってる……と……思う？ この格好」 主人公が大ファンのアーティスト。,3826,0,3826,67,,https://lain.bgm.tv/pic/crt/l/c6/d4/57843_crt_37TDL.jpg,https://lain.bgm.tv/r/400/pic/crt/l/c6/d4/57843_crt_37TDL.jpg,https://t.vndb.org/ch/65/149565.jpg,,Black Twin Tails Straight Teen Slim Pale Red Dress Headband Secretive,,https://bgm.tv/character/57843,https://vndb.org/c64313,57843
bgm-bgm57824,vndb,3,3,,僧间理亚,僧間 理亜,Souma Ria,ソーマ君,女,B,,Galgame,Galgame,金色ラブリッチェ,金辉恋曲四重奏,2017,Galgame,"[{""t"":""金色ラブリッチェ"",""cn"":""金辉恋曲四重奏"",""ty"":""Galgame"",""y"":2017,""pop"":3826},{""t"":""金色ラブリッチェ-Golden Time-"",""cn"":""金辉恋曲四重奏 -Golden Time-"",""ty"":""Galgame"",""y"":2019,""pop"":1939},{""t"":""金色ラブリッチェ"",""cn"":""金辉恋曲四重奏"",""ty"":""Galgame"",""y"":2017,""pop"":0},{""t"":""金色ラブリッチェ -Golden Time-"",""cn"":""金辉恋曲四重奏 -Golden Time-"",""ty"":""Galgame"",""y"":2019,""pop"":0}]",本篇 「チッ、誰にも言うなよ。少なくともこの場所はな、オレだけの特等席なんだ」 央路とは別のクラスに通う根暗なヤンキー少女。 喫煙癖があり、何度も停学をくらっている。かなり口が悪く、何ごとにも退屈そうで、ヒネくれている。 不良として有名で、玲奈等のネアカ以外は近づいてこない ----- FD 「ンだよてめェ、文句あんのか、オレがなにしようがオレの勝手だ」 央路とは別のクラスのヤンキー少女。 喫煙癖があり、何度も停学をくらっている。,3826,0,3826,286,1,https://lain.bgm.tv/pic/crt/l/05/e0/57824_crt_lLLlp.jpg?r=1578845618,https://lain.bgm.tv/r/400/pic/crt/l/05/e0/57824_crt_lLLlp.jpg?r=1578845618,https://t.vndb.org/ch/56/149556.jpg,,Blond Brown Shoulder-length Short Straight Teen Slim Pale School Uniform Missionary,,https://bgm.tv/character/57824,https://vndb.org/c64305,57824
bgm-bgm57821,vndb,3,3,,希尔维娅·路·库洛斯克劳恩·索尔特雷吉·希斯雅,シルヴィア・ル・クルスクラウン・ソルティレージュ・シスア,Sylvia le Cruzcrown Sortilège Sisua,Sylvi / シル / Syl / シルヴィ,女,AB,,Galgame,Galgame,金色ラブリッチェ,金辉恋曲四重奏,2017,Galgame,"[{""t"":""金色ラブリッチェ"",""cn"":""金辉恋曲四重奏"",""ty"":""Galgame"",""y"":2017,""pop"":3826},{""t"":""金色ラブリッチェ-Golden Time-"",""cn"":""金辉恋曲四重奏 -Golden Time-"",""ty"":""Galgame"",""y"":2019,""pop"":1939},{""t"":""AMBITIOUS MISSION"",""cn"":"""",""ty"":""Galgame"",""y"":2022,""pop"":496},{""t"":""金色ラブリッチェ"",""cn"":""金辉恋曲四重奏"",""ty"":""Galgame"",""y"":2017,""pop"":0},{""t"":""金色ラブリッチェ -Golden Time-"",""cn"":""金辉恋曲四重奏 -Golden Time-"",""ty"":""Galgame"",""y"":2019,""pop"":0},{""t"":""AMBITIOUS MISSION"",""cn"":"""",""ty"":""Galgame"",""y"":2022,""pop"":0}]",本篇 「わたし、色々なことがしりたいわ。日本のこと、学園のこと、あなたのこと」 北欧の王国「ソルティレージュ」のお姫さま。愛称は「シルヴィ」王位継承権の序列は低いが、大事な国賓である。いつも無邪気で天真爛漫。 食べ歩き好きで、メロンパンをよく買っている。自分の世界にはいなかったタイプの央路に興味を持つ。 日本には「サムライ」「ニンジャ」がまだいると思っているなど、やや世間知らずで、しかも騙されやすい。世界的に有名なビアにストでもあり、日本の歌姫「マリア·ビショップ」のファン。,3826,0,3826,199,,https://lain.bgm.tv/pic/crt/l/29/2d/57821_crt_i959C.jpg,https://lain.bgm.tv/r/400/pic/crt/l/29/2d/57821_crt_i959C.jpg,https://t.vndb.org/ch/57/149557.jpg,,Blond Bun Odango Waist Length+ Shoulder-length Straight Teen Slim Pale School Uniform,,https://bgm.tv/character/57821,https://vndb.org/c64302,57821
al66597,anilist,3,3,,橘万里花,橘万里花,Marika Tachibana,Mari / Ojou-sama / Flower-chan / Mari,女,A,15-16,动画|漫画|Galgame,动画,ニセコイ,伪恋,2014,动画,"[{""t"":""ニセコイ"",""cn"":""伪恋"",""ty"":""动画"",""y"":2014,""pop"":268300},{""t"":""ニセコイ："",""cn"":""伪恋"",""ty"":""动画"",""y"":2015,""pop"":165810},{""t"":""ニセコイ"",""cn"":""伪恋"",""ty"":""漫画"",""y"":2011,""pop"":56560},{""t"":""ニセコイ OVA"",""cn"":"""",""ty"":""动画"",""y"":2014,""pop"":41784},{""t"":""ニセコイ: OAD"",""cn"":""伪恋 OAD"",""ty"":""动画"",""y"":2016,""pop"":21558},{""t"":""ニセキュー!!"",""cn"":"""",""ty"":""漫画"",""y"":2013,""pop"":3943}]",本作のヒロインの一人。警視総監の娘。栗色の長髪で花の形をした髪飾りを付けている。楽の婚約者で千棘・小咲同様に鍵を持っている。 幼い頃に楽と共に過ごしたことがあり、彼のことを「楽様」と呼び、好意を寄せている。ちなみに当時楽からは「マリー」と呼ばれていたが、現在は名字で呼ばれている。普段は「私（わたくし）は〜ですわ」といったお嬢様風の口調だが、感情が高ぶった時などは九州弁が出る。楽のクラスに転入し1年C組のクラスメイトになる。,2735,818,2735,327,,https://lain.bgm.tv/pic/crt/l/14/82/22398_crt_s4Tjy.jpg?r=1748843489,https://lain.bgm.tv/r/400/pic/crt/l/14/82/22398_crt_s4Tjy.jpg?r=1748843489,https://s4.anilist.co/file/anilistcdn/character/medium/b66597-uvxnKDUNlSJZ.png|https://s4.anilist.co/file/anilistcdn/character/large/b66597-uvxnKDUNlSJZ.png|https://t.vndb.org/ch/38/25238.jpg|https://t.vndb.org/ch/10/74510.jpg,,Shoulder-length Straight Teen Slim Pale Cooking Missionary Doggy Style Cowgirl Spoons,https://anilist.co/character/66597,https://bgm.tv/character/22398,https://vndb.org/c19045,22398
al138851,anilist,3,3,,岩仓美津未,岩倉美津未,Mitsumi Iwakura,Omitsu,女,,15-,动画|漫画,动画,スキップとローファー,跃动青春,2023,动画,"[{""t"":""スキップとローファー"",""cn"":""跃动青春"",""ty"":""动画"",""y"":2023,""pop"":133024},{""t"":""スキップとローファー"",""cn"":""跃动青春"",""ty"":""漫画"",""y"":2018,""pop"":33129},{""t"":""スキップとローファー 2nd season"",""cn"":"""",""ty"":""动画"",""y"":2027,""pop"":20105},{""t"":""スキップとローファー"",""cn"":""跃动青春"",""ty"":""动画"",""y"":2023,""pop"":0},{""t"":""スキップとローファー"",""cn"":""跃动青春"",""ty"":""漫画"",""y"":2019,""pop"":0},{""t"":""スキップとローファー 第2期"",""cn"":""跃动青春 第二季"",""ty"":""动画"",""y"":"""",""pop"":0}]",石川県のはしっこの過疎の町から上京してきたばかりの高校一年生。 東京では親戚のナオと暮らしている。 将来の目標は立派になって地元に貢献すること、だけど……？ 十人十色のクラスメイトたちをやわらかく刺激するみつみは、 天然しあわせインフルエンサー！,2655,2655,0,195,,https://lain.bgm.tv/pic/crt/l/de/73/112103_crt_fm3Yt.jpg?r=1675666366,https://lain.bgm.tv/r/400/pic/crt/l/de/73/112103_crt_fm3Yt.jpg?r=1675666366,https://s4.anilist.co/file/anilistcdn/character/medium/b138851-KqCx4CjktnPl.png|https://s4.anilist.co/file/anilistcdn/character/large/b138851-KqCx4CjktnPl.png,,,https://anilist.co/character/138851,https://bgm.tv/character/112103,,112103
al70407,anilist,3,3,,右京,ウキョウ,Ukyo,Ukyou / Death God / Ukya / Shinigami,男,O,24,动画|漫画|Galgame,动画,AMNESIA,失忆症,2013,动画,"[{""t"":""AMNESIA"",""cn"":""失忆症"",""ty"":""动画"",""y"":2013,""pop"":50138},{""t"":""AMNESIA OVA"",""cn"":"""",""ty"":""动画"",""y"":2013,""pop"":6279},{""t"":""AMNESIA"",""cn"":""失忆症"",""ty"":""Galgame"",""y"":2011,""pop"":2561},{""t"":""AMNESIA LATER"",""cn"":""失忆症 -Amnesia-"",""ty"":""Galgame"",""y"":2012,""pop"":298},{""t"":""AMNESIA JOKER"",""cn"":"""",""ty"":""漫画"",""y"":2013,""pop"":239},{""t"":""AMNESIA CROWD"",""cn"":""失憶症 Amnesia: Crowd"",""ty"":""Galgame"",""y"":2013,""pop"":212}]",24歳。本業はカメラマンで、写真を撮ることが好き。中性的で綺麗な顔立ちをしている。 主人公と対の関係にあるため、主人公と同じ世界にいるとウキョウか主人公が世界に殺されてしまう。神のニールの力を借りて主人公を助けるため様々な世界を巡っているうちに裏の人格が生まれてしまった。 判断基準が「死ぬかどうか」のため痛みや刺激物に対する反応がにぶい。,2561,254,2561,43,,https://lain.bgm.tv/pic/crt/l/01/81/17192_crt_KtKT6.jpg,https://lain.bgm.tv/r/400/pic/crt/l/01/81/17192_crt_KtKT6.jpg,https://s4.anilist.co/file/anilistcdn/character/medium/b70407-pptT3LlZqnke.png|https://s4.anilist.co/file/anilistcdn/character/large/b70407-pptT3LlZqnke.png|https://t.vndb.org/ch/60/36760.jpg,,Waist Length+ Short Straight Green Slim Pale Trousers Proactive Green Young-adult,https://anilist.co/character/70407,https://bgm.tv/character/17192,https://vndb.org/c26374,17192
vndb-c80820,vndb,3,3,,泉千夏,泉 ちなつ,Izumi Chinatsu,,女,,,Galgame,Galgame,恋愛、借りちゃいました,,2019,Galgame,"[{""t"":""恋愛、借りちゃいました"",""cn"":"""",""ty"":""Galgame"",""y"":2019,""pop"":2411},{""t"":""恋愛、借りちゃいました 絵未＆八純 ミニアフターストーリー"",""cn"":"""",""ty"":""Galgame"",""y"":2020,""pop"":300},{""t"":""恋愛、借りちゃいました 椿＆ちなつ＆こなつ ミニアフターストーリー"",""cn"":"""",""ty"":""Galgame"",""y"":2019,""pop"":248}]",悠丘学園1年2組。双子の姉で、妹よりちょっとだけ桃尻。 妹とは対照的に気が強く、負けず嫌い。典型的ツンツンタイプ。妹がちょっと抜けているせいもあってか、しっかりお姉ちゃん役をやっている苦労人。本当は極度の甘えたがりなのだが、妹がアレなのと、本人の性格が災いし、欲求を満たせずにいる。 主人公と同じ予備校に通っている。,2411,0,2411,20,,https://lain.bgm.tv/pic/crt/l/66/f1/68998_crt_vEv9O.jpg?r=1579706162,https://lain.bgm.tv/r/400/pic/crt/l/66/f1/68998_crt_vEv9O.jpg?r=1579706162,https://t.vndb.org/ch/19/98919.jpg,,Brown Bob Cut Shoulder-length Straight Teen Slim Pale School Uniform Hard Worker Cowgirl,,https://bgm.tv/character/68998,https://vndb.org/c80820,68998
vndb-c80821,vndb,3,3,,泉子夏,泉 こなつ,Izumi Konatsu,,女,,,Galgame,Galgame,恋愛、借りちゃいました,,2019,Galgame,"[{""t"":""恋愛、借りちゃいました"",""cn"":"""",""ty"":""Galgame"",""y"":2019,""pop"":2411},{""t"":""恋愛、借りちゃいました 絵未＆八純 ミニアフターストーリー"",""cn"":"""",""ty"":""Galgame"",""y"":2020,""pop"":300},{""t"":""恋愛、借りちゃいました 椿＆ちなつ＆こなつ ミニアフターストーリー"",""cn"":"""",""ty"":""Galgame"",""y"":2019,""pop"":248}]",悠丘学園1年2組。双子の妹で、姉とは違い、かなり落ち着いている。 何を考えているかわかりづらく、仕草や雰囲気がどことなくエロい。 身なりに無頓着なので、ちなつが気をかけている。極度の冷え性で真夏でも厚着している。実はドの付く変態で、黙っている時はだいたいろくでもないことを妄想している。勉強をはじめ、なんでもそつなくこなすが、ちょっと鈍臭いところがある。,2411,0,2411,25,,https://lain.bgm.tv/pic/crt/l/31/3f/68999_crt_5GaTL.jpg?r=1579706170,https://lain.bgm.tv/r/400/pic/crt/l/31/3f/68999_crt_5GaTL.jpg?r=1579706170,https://t.vndb.org/ch/20/98920.jpg,,Brown Bob Cut Shoulder-length Straight Teen Slim Pale School Uniform Cowgirl Blowjob,,https://bgm.tv/character/68999,https://vndb.org/c80821,68999
al130783,anilist,3,3,,普林赛斯火华,プリンセス火華,Princess Hibana,,女,,20,动画|漫画,动画,炎炎ノ消防隊,炎炎消防队,2019,动画,"[{""t"":""炎炎ノ消防隊"",""cn"":""炎炎消防队"",""ty"":""动画"",""y"":2019,""pop"":483496},{""t"":""炎炎ノ消防隊 弐ノ章"",""cn"":""炎炎消防队 二之章"",""ty"":""动画"",""y"":2020,""pop"":300881},{""t"":""炎炎ノ消防隊 参ノ章"",""cn"":""炎炎消防队 叁之章"",""ty"":""动画"",""y"":2025,""pop"":130164},{""t"":""炎炎ノ消防隊 参ノ章 第2クール"",""cn"":""炎炎消防队 叁之章 第2部分"",""ty"":""动画"",""y"":2026,""pop"":88814},{""t"":""炎炎ノ消防隊"",""cn"":""炎炎消防队"",""ty"":""漫画"",""y"":2015,""pop"":66020},{""t"":""炎炎ノ消防隊ミニアニメ"",""cn"":""炎炎消防队 迷你动画"",""ty"":""动画"",""y"":2021,""pop"":3778}]",大队长 第三世代能力者 是修女爱丽丝的姐姐。拥有让人产生幻觉的热中风，“铁仙”等招数有很强的制约行动的能力。,2404,2404,0,28,,https://lain.bgm.tv/pic/crt/l/d6/07/69677_crt_tY474.jpg?r=1554808148,https://lain.bgm.tv/r/400/pic/crt/l/d6/07/69677_crt_tY474.jpg?r=1554808148,https://s4.anilist.co/file/anilistcdn/character/medium/b130783-10kVdsVrwpuO.png|https://s4.anilist.co/file/anilistcdn/character/large/b130783-10kVdsVrwpuO.png,,,https://anilist.co/character/130783,https://bgm.tv/character/69677,,69677
bgm-bgm36395,vndb,3,3,,波多乃神奈,波多乃 神奈,Hatano Kanna,,女,,,动画|Galgame,Galgame,この世の果てで恋を唄う少女YU-NO,,1996,Galgame,"[{""t"":""この世の果てで恋を唄う少女YU-NO"",""cn"":"""",""ty"":""Galgame"",""y"":1996,""pop"":2242},{""t"":""この世の果てで恋を唄う少女YU-NO"",""cn"":""在世界尽头咏唱恋曲的少女YU-NO"",""ty"":""Galgame"",""y"":1996,""pop"":0},{""t"":""この世の果てで恋を唄う少女YU-NO"",""cn"":""在世界尽头咏唱恋曲的少女YU-NO 重制版"",""ty"":""Galgame"",""y"":2017,""pop"":0},{""t"":""この世の果てで恋を唄う少女YU-NO"",""cn"":""在世界尽头咏唱恋曲的少女YU-NO"",""ty"":""动画"",""y"":2019,""pop"":0},{""t"":""YU-NO"",""cn"":"""",""ty"":""动画"",""y"":1998,""pop"":0}]",境町学园3年生，寡言少语，有超过10次的转校经历，转校范围一直在境町附近。经常独自到海边，似乎在守护什么……,2242,0,2242,72,,https://lain.bgm.tv/pic/crt/l/33/a1/36395_crt_dg52v.jpg?r=1550342645,https://lain.bgm.tv/r/400/pic/crt/l/33/a1/36395_crt_dg52v.jpg?r=1550342645,https://t.vndb.org/ch/49/4349.jpg,,Blue Hime Cut Long Straight Teen Slim Pale School Uniform Orphan Assault,,https://bgm.tv/character/36395,https://vndb.org/c3853,36395
vndb-c6966,vndb,3,3,,森野雪乃,森野 雪乃,Morino Yukino,Nono-nee,女,,,Galgame,Galgame,初恋１／１,,2012,Galgame,,很喜欢少女漫画的青梅竹马。 呆呆的独特氛围缓和了周围的人，但该紧张时就会紧张起来的察颜观色的女生。 其温柔吸引了男生的人气，自然地就让在她身边的主人公倍受羡慕。 「两人在交往」的传言已经听到耳朵起了茧。 当然不可能去肯定，但真要否定时胸口又会有点痛，就是这样微妙的关系。,1893,0,1893,24,,https://lain.bgm.tv/pic/crt/l/5b/b1/16356_crt_e9alK.jpg,https://lain.bgm.tv/r/400/pic/crt/l/5b/b1/16356_crt_e9alK.jpg,https://t.vndb.org/ch/81/26581.jpg,,Twin Tails Long Straight Brown Teen Slim Pale Cooking Missionary Cowgirl,,https://bgm.tv/character/16356,https://vndb.org/c6966,16356
al88424,anilist,3,3,,月山习,月山習,Shuu Tsukiyama,Gourmet / 美食家(グルメ)，MM,男,A,26,动画|漫画,动画,東京喰種 トーキョーグール,东京喰种,2014,动画,"[{""t"":""東京喰種 トーキョーグール"",""cn"":""东京喰种"",""ty"":""动画"",""y"":2014,""pop"":739775},{""t"":""東京喰種[トーキョーグール]√A"",""cn"":""东京喰种√A"",""ty"":""动画"",""y"":2015,""pop"":406723},{""t"":""東京喰種-トーキョーグール-:re"",""cn"":""东京喰种:re"",""ty"":""动画"",""y"":2018,""pop"":307841},{""t"":""東京喰種-トーキョーグール-:re 2"",""cn"":"""",""ty"":""动画"",""y"":2018,""pop"":237376},{""t"":""東京喰種 トーキョーグール"",""cn"":""东京喰种"",""ty"":""漫画"",""y"":2011,""pop"":196324},{""t"":""東京喰種-トーキョーグール-:re"",""cn"":""东京喰种:re"",""ty"":""漫画"",""y"":2014,""pop"":104047}]",己の食に酔いしれる美食家（グルメ） ｢――僕以外に食べさせてたまるか｣ Profile：3月3日生 うお座 A型/晴南学院大学 人間科学部 社会福祉学科 四年生 眉目秀麗な青年だが、独特の価値観と気色悪い振る舞いで「キザヤロー」呼ばわりされる変わり者。 人間のように『食』にこだわり、異様なまでの執着を見せる。 原喰种餐厅的会员，晴南学院大学人类科学社会科四年级生。21岁→青桐树篇后22岁。 对“食”有着偏执追求的喰种，接近金木，企图吞食他。,1613,1613,0,35,,https://lain.bgm.tv/pic/crt/l/ba/16/26109_crt_xcynj.jpg,https://lain.bgm.tv/r/400/pic/crt/l/ba/16/26109_crt_xcynj.jpg,https://s4.anilist.co/file/anilistcdn/character/medium/b88424-mFPgcZlCuODC.png|https://s4.anilist.co/file/anilistcdn/character/large/b88424-mFPgcZlCuODC.png,,,https://anilist.co/character/88424,https://bgm.tv/character/26109,,26109
al13533,anilist,3,3,,矢野绫音,矢野あやね,Ayane Yano,Yano-chin / やのちん、あやねちゃん,女,AB,,动画|漫画,动画,君に届け,好想告诉你,2009,动画,"[{""t"":""君に届け"",""cn"":""好想告诉你"",""ty"":""动画"",""y"":2009,""pop"":250904},{""t"":""君に届け 2ND SEASON"",""cn"":""好想告诉你 第二季"",""ty"":""动画"",""y"":2011,""pop"":120902},{""t"":""君に届け 3RD SEASON"",""cn"":""好想告诉你 第三季"",""ty"":""动画"",""y"":2024,""pop"":48768},{""t"":""君に届け"",""cn"":""好想告诉你"",""ty"":""漫画"",""y"":2006,""pop"":37683},{""t"":""君に届け ミニトド劇場"",""cn"":"""",""ty"":""动画"",""y"":2011,""pop"":13826},{""t"":""君に届け 2ND SEASON"",""cn"":""好想告诉你 第二季"",""ty"":""动画"",""y"":2011,""pop"":0}]",派手な見た目をしているが、落ち着いていてしっかりもの。 周りからはクールに見られがちだが実は愛情深く、人の気持ちや心情を察することが得意。 爽子と千鶴には一歩引いて見守っており、姉のような立場で二人の良き相談相手になっている。恋愛経験も同年代の周囲より豊富で、駆け引きに長けている。たまに爽子と風早のふたりをからかっていたずら心を発揮することも。,1368,1368,0,37,,https://lain.bgm.tv/pic/crt/l/f7/4d/1679_crt_XRy3x.jpg?r=1704007397,https://lain.bgm.tv/r/400/pic/crt/l/f7/4d/1679_crt_XRy3x.jpg?r=1704007397,https://s4.anilist.co/file/anilistcdn/character/medium/b13533-h57wBVMsdCjo.jpg|https://s4.anilist.co/file/anilistcdn/character/large/b13533-h57wBVMsdCjo.jpg,,,https://anilist.co/character/13533,https://bgm.tv/character/1679,,1679
al64847,anilist,3,3,,绿川花,緑川花,Hana Midorikawa,,女,,,动画|漫画,动画,監獄学園〈プリズンスクール〉,,2015,动画,"[{""t"":""監獄学園〈プリズンスクール〉"",""cn"":"""",""ty"":""动画"",""y"":2015,""pop"":248212},{""t"":""監獄学園[プリズンスクール] マッドワックス"",""cn"":"""",""ty"":""动画"",""y"":2016,""pop"":44448},{""t"":""監獄学園"",""cn"":""监狱学园"",""ty"":""漫画"",""y"":2011,""pop"":37981},{""t"":""副会長ガンバル。"",""cn"":"""",""ty"":""漫画"",""y"":2016,""pop"":1530}]",裏生徒会書記。一見ファンシーな雰囲気を漂わせるゆるふわ系女子だが、実は空手でインターハイベスト4の実力を持ち、瞬殺の蹴りを繰り出す体育会系の暴力女子。ただし、中身は純真なお子様である。キヨシに放尿を目撃されてしまい、さらに小便をかけられるなどの屈辱を味わったため、キヨシに小便をかける復讐を計画し、一進一退の死闘を繰り広げた。,1319,1319,0,198,,https://lain.bgm.tv/pic/crt/l/99/07/19355_crt_7p1eo.jpg,https://lain.bgm.tv/r/400/pic/crt/l/99/07/19355_crt_7p1eo.jpg,https://s4.anilist.co/file/anilistcdn/character/medium/b64847-02UYthi3I0zh.jpg|https://s4.anilist.co/file/anilistcdn/character/large/b64847-02UYthi3I0zh.jpg,,,https://anilist.co/character/64847,https://bgm.tv/character/19355,,19355
bgm-bgm37189,vndb,3,3,,露西亚·奥夫·恩德,ルーシア・オブ・エンド,Lucia of End,Cia-nee / Lucia of End Sacrament / Lucia of the Netherworld,女,判別不能,,动画|Galgame,Galgame,ノラと皇女と野良猫ハート,野良和皇女和流浪猫之心,2016,Galgame,"[{""t"":""ノラと皇女と野良猫ハート"",""cn"":""野良和皇女和流浪猫之心"",""ty"":""Galgame"",""y"":2016,""pop"":1255},{""t"":""ノラと皇女と野良猫ハート2"",""cn"":"""",""ty"":""Galgame"",""y"":2017,""pop"":653},{""t"":""ノラと皇女と野良猫ハート2 -Nora, Princess, and Crying Cat.-"",""cn"":""野良与皇女与流浪猫之心2"",""ty"":""Galgame"",""y"":2017,""pop"":0},{""t"":""ノラと皇女と野良猫ハート -Nora, Princess, and Stray Cat.-"",""cn"":""野良与皇女与流浪猫之心"",""ty"":""Galgame"",""y"":2016,""pop"":0},{""t"":""ノラと皇女と野良猫ハート"",""cn"":""野良和皇女和流浪猫之心"",""ty"":""动画"",""y"":2017,""pop"":0}]",冥界三姉妹の長女。 パトリシアとユウラシアの姉。 妹たちに優しく、妹以外には厳しい。 自分の妹たちがこの世で一番可愛らしいと思っている。 パトリシアが恋をしたことにショックを受ける。 「キサマ。 妹をたぶらかしたな」,1255,0,1255,40,,https://lain.bgm.tv/pic/crt/l/b2/01/37189_crt_m91S8.jpg,https://lain.bgm.tv/r/400/pic/crt/l/b2/01/37189_crt_m91S8.jpg,https://t.vndb.org/ch/46/48846.jpg,,Blond Bob Cut Short Straight Teen Slim Pale School Uniform Fighting Doggy Style,,https://bgm.tv/character/37189,https://vndb.org/c40415,37189
al67075,anilist,3,3,1997,比企谷小町,比企谷小町,Komachi Hikigaya,,女,O,14-15,动画|漫画|轻小说|Galgame,动画,やはり俺の青春ラブコメはまちがっている。,我的青春恋爱物语果然有问题,2013,动画,"[{""t"":""やはり俺の青春ラブコメはまちがっている。"",""cn"":""我的青春恋爱物语果然有问题"",""ty"":""动画"",""y"":2013,""pop"":381716},{""t"":""やはり俺の青春ラブコメはまちがっている。続"",""cn"":""我的青春恋爱物语果然有问题 续"",""ty"":""动画"",""y"":2015,""pop"":276649},{""t"":""やはり俺の青春ラブコメはまちがっている。完"",""cn"":""我的青春恋爱物语果然有问题 完"",""ty"":""动画"",""y"":2020,""pop"":224555},{""t"":""やはり俺の青春ラブコメはまちがっている。「こちらとしても彼ら彼女らの行く末に幸多からんことを願わざるを得ない。」"",""cn"":"""",""ty"":""动画"",""y"":2013,""pop"":77190},{""t"":""やはり俺の青春ラブコメはまちがっている。完 「だから、思春期は終わらずに、青春は続いていく。」"",""cn"":"""",""ty"":""动画"",""y"":2023,""pop"":46287},{""t"":""やはり俺の青春ラブコメはまちがっている。"",""cn"":""我的青春恋爱物语果然有问题"",""ty"":""轻小说"",""y"":2011,""pop"":20719}]",八幡的妹妹，初中3年级。,1175,1175,105,476,,https://lain.bgm.tv/pic/crt/l/bc/04/19043_crt_E85bc.jpg,https://lain.bgm.tv/r/400/pic/crt/l/bc/04/19043_crt_E85bc.jpg,https://s4.anilist.co/file/anilistcdn/character/medium/b67075-MYCrPU4NjMXa.png|https://s4.anilist.co/file/anilistcdn/character/large/b67075-MYCrPU4NjMXa.png|https://t.vndb.org/ch/34/64734.jpg,,Black Ahoge Short Teen Slim Pale School Uniform Sweater Black Skirt,https://anilist.co/character/67075,https://bgm.tv/character/19043,https://vndb.org/c23611,19043
bgm-bgm7641,vndb,3,3,,小牧郁乃,小牧 郁乃,Komaki Ikuno,Sakurakko / 桜っ子,女,B,,动画|Galgame,Galgame,ToHeart2,ToHeart2,2004,Galgame,"[{""t"":""ToHeart2"",""cn"":""ToHeart2"",""ty"":""Galgame"",""y"":2004,""pop"":1137},{""t"":""ToHeart2 AnotherDays"",""cn"":"""",""ty"":""Galgame"",""y"":2008,""pop"":133},{""t"":""ToHeart2 ダンジョントラベラーズ"",""cn"":""迷宮旅人：To Heart 2"",""ty"":""Galgame"",""y"":2009,""pop"":37},{""t"":""愛佳でいくの!!"",""cn"":"""",""ty"":""Galgame"",""y"":2009,""pop"":28},{""t"":""ToHeart2 ダンジョントラベラーズ"",""cn"":""迷宮旅人：To Heart 2"",""ty"":""Galgame"",""y"":2009,""pop"":0},{""t"":""ToHeart2 AnotherDays"",""cn"":"""",""ty"":""Galgame"",""y"":2008,""pop"":0}]","Manaka's younger sister. In To Heart 2, she has a chronic illness that keeps her in the hospital. In Another Days, she moves about outside of hospital, including in school, on a wheelchair for most of her story unlike in ""To Heart 2"".",1137,0,1137,25,,https://lain.bgm.tv/pic/crt/l/bc/3e/7641_crt_anidb.jpg,https://lain.bgm.tv/r/400/pic/crt/l/bc/3e/7641_crt_anidb.jpg,https://t.vndb.org/ch/66/19166.jpg,,Brown Ponytail Long Straight Teen Slim Pale Virgin Sex Blue Pajamas,,https://bgm.tv/character/7641,https://vndb.org/c15071,7641
vndb-c12821,vndb,3,3,,葛木姬乃,葛木 姫乃,Katsuragi Himeno,,女,B,,Galgame,Galgame,D.C.III ～ダ・カーポIII～,初音岛3,2012,Galgame,"[{""t"":""D.C.III ～ダ・カーポIII～"",""cn"":""初音岛3"",""ty"":""Galgame"",""y"":2012,""pop"":1134},{""t"":""D.C.III P.P. ～ダ・カーポIII プラチナパートナー～"",""cn"":"""",""ty"":""Galgame"",""y"":2014,""pop"":106},{""t"":""D.C.III With You ～ダ・カーポIII～ ウィズユー"",""cn"":"""",""ty"":""Galgame"",""y"":2016,""pop"":78},{""t"":""D.C.Ⅲ DreamDays～ダ・カーポⅢ～ドリームデイズ"",""cn"":"""",""ty"":""Galgame"",""y"":2017,""pop"":58}]",好きな食べ物：お蕎麦 嫌いな食べ物：珍味系 風見学園付属 2年1組、新聞部所属。 清隆と同じ団地の、隣の部屋に住んでいる幼なじみの女の子。 幼い頃から葛木家でお世話になっていたので、兄妹のような関係とも言える。 お互いを異性として意識するようになってからは、なかなか素直になれなくて、思っていることと反対のことを言ってしまったり。 家事全般は得意で、料理の腕前はかなりのもの。 「別にちょっと晩ご飯のおかず作り過ぎちゃっただけだし。捨てるの勿体ないから持ってきただけだし」,1134,0,1134,47,,https://lain.bgm.tv/pic/crt/l/6a/89/14418_crt_V47Pc.jpg,https://lain.bgm.tv/r/400/pic/crt/l/6a/89/14418_crt_V47Pc.jpg,https://t.vndb.org/ch/52/58452.jpg|https://t.vndb.org/ch/36/15536.jpg,,Brown Twin Tails Short Teen Slim Pale School Uniform Cooking Doggy Style Cowgirl,,https://bgm.tv/character/14418,https://vndb.org/c5312,14418
bgm-bgm129349,vndb,3,3,,并垣佑太郎,並垣 祐太郎,Namigaki Yuutarou,,男,A,,Galgame,Galgame,PARANORMASIGHT FILE23 本所七不思議,,2023,Galgame,"[{""t"":""PARANORMASIGHT FILE23 本所七不思議"",""cn"":"""",""ty"":""Galgame"",""y"":2023,""pop"":1115},{""t"":""パラノマサイト FILE23 本所七不思議"",""cn"":""灵视异闻 FILE23 本所七大不可思议"",""ty"":""Galgame"",""y"":2023,""pop"":0}]",年龄：21岁,1115,0,1115,1,,https://lain.bgm.tv/pic/crt/l/13/ae/129349_crt_Kh6K7.jpg,https://lain.bgm.tv/r/400/pic/crt/l/13/ae/129349_crt_Kh6K7.jpg,https://t.vndb.org/ch/17/152717.jpg,,Black Short Pale Sweater Trousers Dress Shoes Green Young-adult Glasses Hetare,,https://bgm.tv/character/129349,https://vndb.org/c124613,129349
al122187,anilist,3,3,,桥本骏,橋本駿,Shun Hashimoto,,男,,27,动画|漫画,动画,海辺のエトランゼ,海边的异邦人,2020,动画,"[{""t"":""海辺のエトランゼ"",""cn"":""海边的异邦人"",""ty"":""动画"",""y"":2020,""pop"":81048},{""t"":""海辺のエトランゼ"",""cn"":""海边的异邦人"",""ty"":""漫画"",""y"":2013,""pop"":20538},{""t"":""春風のエトランゼ"",""cn"":""春风般的异乡人"",""ty"":""漫画"",""y"":2014,""pop"":12688},{""t"":""春風のエトランゼ"",""cn"":""春风般的异乡人"",""ty"":""漫画"",""y"":2015,""pop"":0},{""t"":""海辺のエトランゼ"",""cn"":""海边的异邦人"",""ty"":""漫画"",""y"":2014,""pop"":0},{""t"":""海辺のエトランゼ"",""cn"":""海边的异邦人"",""ty"":""动画"",""y"":2020,""pop"":0}]",27歳、小説家の卵でありゲイ。,1101,1101,0,12,,https://lain.bgm.tv/pic/crt/l/43/24/72515_crt_H0lky.jpg?r=1585617243,https://lain.bgm.tv/r/400/pic/crt/l/43/24/72515_crt_H0lky.jpg?r=1585617243,https://s4.anilist.co/file/anilistcdn/character/medium/b122187-ynVrytSQ36lu.png|https://s4.anilist.co/file/anilistcdn/character/large/b122187-ynVrytSQ36lu.png,,,https://anilist.co/character/122187,https://bgm.tv/character/72515,,72515
vndb-c7640,vndb,3,3,,,村山 野杏,Murayama Noan,,女,AB,,Galgame,Galgame,Shiny Days,日了就闪,2012,Galgame,"[{""t"":""Shiny Days"",""cn"":""日了就闪"",""ty"":""Galgame"",""y"":2012,""pop"":1048},{""t"":""Summer Days"",""cn"":""日在盛夏"",""ty"":""Galgame"",""y"":2006,""pop"":229}]","The second waitress of Radish, Noan Murayama is roughly the same as Oruha, though she is more gentle and easygoing. Setsuna looks up to her as a role model. [From Wikipedia]",1048,0,1048,0,,https://t.vndb.org/ch/98/7898.jpg,https://t.vndb.org/ch/98/7898.jpg,,#514649 #bac4d0 #968d90 #f8ece4 #ffffff,Brown Long Straight Slim Pale Violet Young-adult Pretending Waitstaff Teasing,,,https://vndb.org/c7640,
vndb-c6555,vndb,3,3,,,,Derek Nevine,,男,O,,Galgame,Galgame,RE: Alistair,,2010,Galgame,,Derek Nevine is a basketball player and a boy with high self-esteem.,1036,0,1036,0,,https://t.vndb.org/ch/24/16824.jpg,https://t.vndb.org/ch/24/16824.jpg,,,Blond Ahoge Ponytail Shoulder-length Teen Slim Pale Blue Earrings Shirt,,,https://vndb.org/c6555,
vndb-c25638,vndb,3,3,,,ラグナ゠ザ゠ブラッドエッジ,Ragna the Bloodedge,Dark One / Good Guy / Pedobear Bloodedge / Ragna the Loliconedge,男,B,,Galgame,Galgame,BLAZBLUE CALAMITY TRIGGER,苍翼默示录：厄运扳机,2008,Galgame,"[{""t"":""BLAZBLUE CALAMITY TRIGGER"",""cn"":""苍翼默示录：厄运扳机"",""ty"":""Galgame"",""y"":2008,""pop"":969},{""t"":""BLAZBLUE CONTINUUM SHIFT"",""cn"":""苍翼默示录：连续变幻"",""ty"":""Galgame"",""y"":2009,""pop"":730},{""t"":""BLAZBLUE CHRONOPHANTASMA"",""cn"":""苍翼默示录：刻之幻影"",""ty"":""Galgame"",""y"":2013,""pop"":423},{""t"":""BLAZBLUE CENTRALFICTION"",""cn"":""苍翼默示录：神观之梦"",""ty"":""Galgame"",""y"":2016,""pop"":356}]","Cooking His silver bracelet Ball noodles Ghosts, the Novus Orbis Librarium Ragna the Bloodedge is a wanted criminal with an extraordinarily large bounty on his head (well in the trillions) for attempting to destroy the Novus Orbis Librarium…",969,0,969,0,,https://t.vndb.org/ch/34/49634.jpg,https://t.vndb.org/ch/34/49634.jpg,,#5f272d #927470 #bbb1b0 #dddad9 #f0efef #ffffff,White Shoulder-length Sword Proactive Donkan Orphan Cooking Fighting Disaster Amnesia,,,https://vndb.org/c25638,
al127237,anilist,3,3,,桐岛郁弥,桐嶋郁弥,Ikuya Kirishima,,男,,12-13 (High☆Speed!); 17-18 (Free! Take your marks!),动画,动画,Free!-Dive to the Future-,,2018,动画,"[{""t"":""Free!-Dive to the Future-"",""cn"":"""",""ty"":""动画"",""y"":2018,""pop"":56184},{""t"":""映画ハイ☆スピード！ -Free! Starting Days-"",""cn"":"""",""ty"":""动画"",""y"":2015,""pop"":27560},{""t"":""特別版 Free!-Take Your Marks-"",""cn"":"""",""ty"":""动画"",""y"":2017,""pop"":26074},{""t"":""劇場版 Free!–the Final Stroke– 前編"",""cn"":""剧场版 Free!-the Final Stroke- 前篇"",""ty"":""动画"",""y"":2021,""pop"":24568},{""t"":""劇場版 Free!-Timeless Medley- 絆"",""cn"":""剧场版 Free!-Timeless Medley- 绊"",""ty"":""动画"",""y"":2017,""pop"":15585},{""t"":""劇場版 Free!-Timeless Medley- 約束"",""cn"":""剧场版 Free!-Timeless Medley- 约束"",""ty"":""动画"",""y"":2017,""pop"":12917}]",岩鳶中学校1年生。 専門種目はブレ(平泳ぎ)。聡明で感覚が鋭い。 繊細で感受性豊かだが、 自分の気持ちを素直に表現するのは苦手で つい言葉が辛口になることも。 小学生の頃から板東SCにも通っている。 兄の夏也とは何やら確執があるようで……？,904,904,0,18,,https://lain.bgm.tv/pic/crt/l/fc/b8/36606_crt_C0XvO.jpg?r=1525687759,https://lain.bgm.tv/r/400/pic/crt/l/fc/b8/36606_crt_C0XvO.jpg?r=1525687759,https://s4.anilist.co/file/anilistcdn/character/medium/b127237-uLe362yGJzUH.png|https://s4.anilist.co/file/anilistcdn/character/large/b127237-uLe362yGJzUH.png,,,https://anilist.co/character/127237,https://bgm.tv/character/36606,,36606
bgm-bgm28812,vndb,3,3,,大神,オオカミ,Ookami,Wolf / Woolfe,男,,,Galgame,Galgame,大正×対称アリス,,2015,Galgame,"[{""t"":""大正×対称アリス"",""cn"":"""",""ty"":""Galgame"",""y"":2015,""pop"":794},{""t"":""大正×対称アリス HEADS&TAILS"",""cn"":"""",""ty"":""Galgame"",""y"":2017,""pop"":172},{""t"":""大正×対称アリス episode3"",""cn"":""大正×对称爱丽丝 episode 3"",""ty"":""Galgame"",""y"":2015,""pop"":0},{""t"":""大正×対称アリス epilogue"",""cn"":""大正×对称爱丽丝 epilogue"",""ty"":""Galgame"",""y"":2015,""pop"":0},{""t"":""大正×対称アリス episode2"",""cn"":""大正×对称爱丽丝 episode 2"",""ty"":""Galgame"",""y"":2015,""pop"":0},{""t"":""大正×対称アリス HEADS&TAILS"",""cn"":""大正×对称爱丽丝 HEADS&TAILS"",""ty"":""Galgame"",""y"":2017,""pop"":0}]",「ごほごほごほっ！ 悪い……風邪ひいた……」 衰弱体質で体力がない、狼耳フードを被った少年。 一見草食系男子だが、中身は男らしい。,794,0,794,5,,https://lain.bgm.tv/pic/crt/l/b1/68/28812_crt_r5a5A.jpg,https://lain.bgm.tv/r/400/pic/crt/l/b1/68/28812_crt_r5a5A.jpg,https://t.vndb.org/ch/52/34352.jpg,,Brown Short Teen Slim Pale Amber Glasses Hood Shirt Shorts,,https://bgm.tv/character/28812,https://vndb.org/c28308,28812
al124699,anilist,3,3,,白石由竹,白石由竹,Yoshitake Shiraishi,Escape King (脱獄王) / Scat King,男,,,动画|漫画,动画,ゴールデンカムイ,黄金神威,2018,动画,"[{""t"":""ゴールデンカムイ"",""cn"":""黄金神威"",""ty"":""动画"",""y"":2018,""pop"":139263},{""t"":""ゴールデンカムイ 第二期"",""cn"":"""",""ty"":""动画"",""y"":2018,""pop"":65228},{""t"":""ゴールデンカムイ 第三期"",""cn"":"""",""ty"":""动画"",""y"":2020,""pop"":53982},{""t"":""ゴールデンカムイ"",""cn"":""黄金神威"",""ty"":""漫画"",""y"":2014,""pop"":51312},{""t"":""ゴールデンカムイ 第四期"",""cn"":"""",""ty"":""动画"",""y"":2022,""pop"":36654},{""t"":""ゴールデンカムイ 最終章"",""cn"":""黄金神威 最终章"",""ty"":""动画"",""y"":2026,""pop"":21687}]",入れ墨を持つ脱獄囚の一人。「明治の脱獄王」と呼ばれた脱走の天才。 生まれつき関節が柔らかく、自在に脱臼させて狭い隙間を出入りできる特異な体質に加え、脱獄に用いる小細工を用意しそれを体内に隠せる器用さ、自身の入獄した施設の特徴や死角を見抜く優れた観察眼を活かして数々の監獄からの脱獄を成功させている。,791,791,0,23,,https://lain.bgm.tv/pic/crt/l/de/9f/60615_crt_Eoe1E.jpg?r=1605921018,https://lain.bgm.tv/r/400/pic/crt/l/de/9f/60615_crt_Eoe1E.jpg?r=1605921018,https://s4.anilist.co/file/anilistcdn/character/medium/b124699-dcZaqPHKkT8D.png|https://s4.anilist.co/file/anilistcdn/character/large/b124699-dcZaqPHKkT8D.png,,,https://anilist.co/character/124699,https://bgm.tv/character/60615,,60615
bgm-bgm64319,vndb,3,3,,,紫月 八千代,Shizuki Yachiyo,,女,B,,Galgame,Galgame,ろけらぶ - 同棲×後輩,,2018,Galgame,"[{""t"":""ろけらぶ - 同棲×後輩"",""cn"":"""",""ty"":""Galgame"",""y"":2018,""pop"":771},{""t"":""ろけらぶ 電車×同級生"",""cn"":"""",""ty"":""Galgame"",""y"":2019,""pop"":655},{""t"":""ろけらぶ 神社×先輩"",""cn"":"""",""ty"":""Galgame"",""y"":2020,""pop"":389},{""t"":""ろけらぶ -Location Love- 神社×先輩"",""cn"":"""",""ty"":""Galgame"",""y"":2020,""pop"":0},{""t"":""ろけらぶ - Location Love - 同棲×後輩"",""cn"":"""",""ty"":""Galgame"",""y"":2018,""pop"":0},{""t"":""ろけらぶ - Location Love - 電車×同級生"",""cn"":"""",""ty"":""Galgame"",""y"":2019,""pop"":0}]",幼なじみのお姉さん。 ただし外見は年上とは思えないほどに小さく幼い。 神社の宮司の娘であり、巫女さんというだけあって、上品で清楚な物腰の大和撫子。 『破局のご利益』の評判で、最近は忙しく過ごしている模様。,771,0,771,23,,https://lain.bgm.tv/pic/crt/l/ab/e0/64319_crt_FPIrI.jpg,https://lain.bgm.tv/r/400/pic/crt/l/ab/e0/64319_crt_FPIrI.jpg,https://t.vndb.org/ch/39/87039.jpg,,Black Ponytail Twin Tails Hime Cut Waist Length+ Straight Slim Pale School Uniform Hard Worker,,https://bgm.tv/character/64319,https://vndb.org/c71928,64319
bgm-bgm103235,vndb,3,3,,,八敷 一男,Yashiki Kazuo,怪医家 / Spirit Doctor,男,,,Galgame,Galgame,死印,死印,2017,Galgame,"[{""t"":""死印"",""cn"":""死印"",""ty"":""Galgame"",""y"":2017,""pop"":711},{""t"":""NG"",""cn"":"""",""ty"":""Galgame"",""y"":2018,""pop"":399},{""t"":""死噛 ～シビトマギレ～"",""cn"":""死啮"",""ty"":""Galgame"",""y"":2022,""pop"":165},{""t"":""死印"",""cn"":""死印"",""ty"":""Galgame"",""y"":2017,""pop"":0},{""t"":""死噛 ～シビトマギレ～"",""cn"":""死啮"",""ty"":""Galgame"",""y"":2022,""pop"":0},{""t"":""死印 青き終焉_第一章 青いシルシ"",""cn"":"""",""ty"":""音乐"",""y"":2019,""pop"":0}]",主人公 CV: 根塚良 記憶を失った中年男性。 何かに誘われる様に館へと辿り着き、そこで自分に刻まれた“呪いの宿命”を知ることとなる。,711,0,711,1,,https://lain.bgm.tv/pic/crt/l/4a/35/103235_crt_33kCv.jpg,https://lain.bgm.tv/r/400/pic/crt/l/4a/35/103235_crt_33kCv.jpg,https://t.vndb.org/ch/18/77818.jpg,,Black Short Straight Slim Pale Dress Shoes Proactive Hard Worker Assault Amnesia,,https://bgm.tv/character/103235,https://vndb.org/c64690,103235
al202422,anilist,3,3,,雷恩·埃姆斯,レイン・エイムズ,Rain Ames,Rayne Ames,男,AB,,动画|漫画|轻小说,动画,マッシュル-MASHLE-,物理魔法使马修,2023,动画,"[{""t"":""マッシュル-MASHLE-"",""cn"":""物理魔法使马修"",""ty"":""动画"",""y"":2023,""pop"":288743},{""t"":""マッシュル-MASHLE- 神覚者候補選抜試験編"",""cn"":""物理魔法使马修 神觉者候补选拔试验篇"",""ty"":""动画"",""y"":2024,""pop"":182107},{""t"":""マッシュル-MASHLE-"",""cn"":""物理魔法使马修"",""ty"":""漫画"",""y"":2020,""pop"":59820},{""t"":""マッシュル マッシュ・バーンデッドと復活の呪文"",""cn"":"""",""ty"":""轻小说"",""y"":2023,""pop"":310},{""t"":""マッシュル-MASHLE- 神覚者候補選抜試験編"",""cn"":""物理魔法使马修 神觉者候补选拔试验篇"",""ty"":""动画"",""y"":2024,""pop"":0},{""t"":""マッシュル-MASHLE-"",""cn"":""物理魔法使马修"",""ty"":""动画"",""y"":2023,""pop"":0}]",アドラ寮監督生で、フィンの兄。 昨年度の神覚者。,710,710,0,3,,https://lain.bgm.tv/pic/crt/l/bf/8a/126806_crt_4v5PV.jpg?r=1679556214,https://lain.bgm.tv/r/400/pic/crt/l/bf/8a/126806_crt_4v5PV.jpg?r=1679556214,https://s4.anilist.co/file/anilistcdn/character/medium/b202422-DNcyHSn8ICHp.jpg|https://s4.anilist.co/file/anilistcdn/character/large/b202422-DNcyHSn8ICHp.jpg,,,https://anilist.co/character/202422,https://bgm.tv/character/126806,,126806
al196166,anilist,3,3,,甘织玲奈子,甘織れな子,Renako Amaori,,女,A,,动画|漫画|轻小说,动画,わたしが恋人になれるわけないじゃん、ムリムリ! (※ムリじゃなかった!?),我们不可能成为恋人！绝对不行。 (※似乎可行？),2025,动画,"[{""t"":""わたしが恋人になれるわけないじゃん、ムリムリ! (※ムリじゃなかった!?)"",""cn"":""我们不可能成为恋人！绝对不行。 (※似乎可行？)"",""ty"":""动画"",""y"":2025,""pop"":55412},{""t"":""わたしが恋人になれるわけないじゃん、ムリムリ! (※ムリじゃなかった!?)〜ネクストシャイン！〜"",""cn"":""我们不可能成为恋人！绝对不行。 (※似乎可行？) 〜再次闪耀！〜"",""ty"":""动画"",""y"":2026,""pop"":22945},{""t"":""わたしが恋人になれるわけないじゃん、ムリムリ！（※ムリじゃなかった!?）"",""cn"":""我们不可能成为恋人！绝对不行。 (※似乎可行？)"",""ty"":""漫画"",""y"":2020,""pop"":11849},{""t"":""わたしが恋人になれるわけないじゃん、ムリムリ! (※ムリじゃなかった!?)"",""cn"":""我们不可能成为恋人！绝对不行。 (※似乎可行？)"",""ty"":""轻小说"",""y"":2020,""pop"":3346},{""t"":""わたしたちがわたなれ同人誌作れるわけないじゃん、ムリムリ!!(※ムリじゃなかった!?)"",""cn"":"""",""ty"":""漫画"",""y"":2025,""pop"":316},{""t"":""わたしが恋人になれるわけないじゃん、ムリムリ！（※ムリじゃなかった!?）"",""cn"":""我们不可能成为恋人！绝对不行。 (※似乎可行？)"",""ty"":""动画"",""y"":2025,""pop"":0}]",「二度とぽっちなんかに戻らない！勝ち取るんだ、最高の学園生活を！」 本作の主人公。高校デビューに大成功してしまった女の子。 中学時代をぽっちで過ごした反動で、陽キャライフに憧れていた。 念願叶ったものの、根は陰キャでコミュ障なので、 毎日あわあわして過ごしていたりする。 日課は、寝る前の『おふとん大反省会』,667,667,0,388,,https://lain.bgm.tv/pic/crt/l/bd/1d/101792_crt_YZ7WP.jpg,https://lain.bgm.tv/r/400/pic/crt/l/bd/1d/101792_crt_YZ7WP.jpg,https://s4.anilist.co/file/anilistcdn/character/medium/b196166-rJOi9KPKHf29.png|https://s4.anilist.co/file/anilistcdn/character/large/b196166-rJOi9KPKHf29.png,,,https://anilist.co/character/196166,https://bgm.tv/character/101792,,101792
bgm-bgm120427,vndb,3,3,,,大原 かえで,Oohara Kaede,,女,A,,Galgame,Galgame,白衣性愛情依存症,,2015,Galgame,"[{""t"":""白衣性愛情依存症"",""cn"":"""",""ty"":""Galgame"",""y"":2015,""pop"":583},{""t"":""夢現Re:After"",""cn"":"""",""ty"":""Galgame"",""y"":2020,""pop"":125},{""t"":""白衣性愛情依存症"",""cn"":""白衣性爱情依存症"",""ty"":""Galgame"",""y"":2015,""pop"":0}]","Former registered nurse and Asuka's nurse instructor. Born in the ""Oohara"" family known for their exceptional influence in medicine. Chose to go to the Imperial Capital Nursing Technical School to work as a teacher after serving as an RN.",583,0,583,1,,https://lain.bgm.tv/pic/crt/l/2e/01/120427_crt_XFj2d.jpg,https://lain.bgm.tv/r/400/pic/crt/l/2e/01/120427_crt_XFj2d.jpg,https://t.vndb.org/ch/03/31903.jpg,,Brown Straight Slim Pale Green Young-adult Friendly Girlfriend Nurse Teacher,,https://bgm.tv/character/120427,https://vndb.org/c26022,120427
vndb-c928,vndb,3,3,,崇笹丸,崇 笹丸,Suu Sasamaru,旦那様 / danna-sama / 鈍感王 / donkan ou,男,O,,Galgame,Galgame,きっと、澄みわたる朝色よりも、,从晴朗的朝色泛起之际开始,2009,Galgame,,『四君子』之“竹”，从晴朗的朝色泛起之际开始的主人公。 尽懂些稀奇古怪的知识，拥有通过反刍小知识来达成精神统一的所谓『330TIME』的别开生面的特技的人。 此外也因为喜欢“和”的嗜好的关系么，常被人看成有点老气横秋。 身高虽然不高，但并没有特别在意―― 不过，某个词是禁句。 总之他非常珍惜“同志”的存在，特别是救赎了自己的『四君子』，对他来说是绝对性的存在。 在作为绝不能让步、绝不能被玷污的存在的同时，还是值得舍命保护的存在。 四散分离的『四君子』的各人。,566,0,566,2,,https://lain.bgm.tv/pic/crt/l/3b/ac/10937_crt_9NOvv.jpg,https://lain.bgm.tv/r/400/pic/crt/l/3b/ac/10937_crt_9NOvv.jpg,https://t.vndb.org/ch/47/70947.jpg,,Brown Antenna Short Brown Teen Slim Pale Dress Shoes Donkan Hard Worker,,https://bgm.tv/character/10937,https://vndb.org/c928,10937
vndb-c31864,vndb,3,3,,,弥生 花梨,Yayoi Karin,,女,,,Galgame,Galgame,Tokyo School Life,,2015,Galgame,,"A cute, energetic girl who aspires to be an idol. Girlish and helplessly tsundere, she comes from a family of sake brewers from Akita Prefecture.",509,0,509,0,,https://lain.bgm.tv/pic/crt/l/06/15/109749_crt_Kaa34.jpg,https://lain.bgm.tv/r/400/pic/crt/l/06/15/109749_crt_Kaa34.jpg,https://t.vndb.org/ch/24/38124.jpg,,Brown Twin Tails Straight Brown Teen Slim Pale Pajamas Glasses Tsundere,,https://bgm.tv/character/109749,https://vndb.org/c31864,109749
al89789,anilist,3,3,,宫野,宮野,Miyano,Myaano,女,A,,动画|漫画,动画,田中くんはいつもけだるげ,田中君总是如此慵懒,2016,动画,"[{""t"":""田中くんはいつもけだるげ"",""cn"":""田中君总是如此慵懒"",""ty"":""动画"",""y"":2016,""pop"":126206},{""t"":""田中くんは今日もけだるげ"",""cn"":""田中君今天也是如此慵懒"",""ty"":""动画"",""y"":2016,""pop"":13141},{""t"":""田中くんはいつもけだるげ 特典"",""cn"":"""",""ty"":""动画"",""y"":2016,""pop"":12026},{""t"":""田中くんはいつもけだるげ"",""cn"":""田中君总是如此慵懒"",""ty"":""漫画"",""y"":2013,""pop"":11496},{""t"":""田中くんはいつもけだるげ"",""cn"":""田中君总是如此慵懒"",""ty"":""动画"",""y"":2016,""pop"":0},{""t"":""田中くんはいつもけだるげ 特典アニメ"",""cn"":""田中君总是如此慵懒 特典"",""ty"":""动画"",""y"":2016,""pop"":0}]",田中のクラスメイト。 いつも明るく元気な頑張り屋で、田中とは正反対の存在。 好物はいちごミルク。,485,485,0,157,,https://lain.bgm.tv/pic/crt/l/26/c7/39076_crt_E1B4n.jpg?r=1455765675,https://lain.bgm.tv/r/400/pic/crt/l/26/c7/39076_crt_E1B4n.jpg?r=1455765675,https://s4.anilist.co/file/anilistcdn/character/medium/n89789-iFezyFkO54dD.png|https://s4.anilist.co/file/anilistcdn/character/large/n89789-iFezyFkO54dD.png,,,https://anilist.co/character/89789,https://bgm.tv/character/39076,,39076
al88994,anilist,3,3,,芹沼花依,芹沼花依,Kae Serinuma,,女,,,动画|漫画,动画,私がモテてどうすんだ,我太受欢迎了该怎么办,2016,动画,"[{""t"":""私がモテてどうすんだ"",""cn"":""我太受欢迎了该怎么办"",""ty"":""动画"",""y"":2016,""pop"":105280},{""t"":""私がモテてどうすんだ"",""cn"":""我太受欢迎了该怎么办"",""ty"":""漫画"",""y"":2013,""pop"":12641}]",本作の主人公。高校2年生。保健委員で、部活は史学部所属。BLが大好きな腐女子で、男同士が仲良くする姿を見たり妄想したりして楽しんでいる。当初は太った容姿だったが、大好きなアニメ『ミラージュ・サーガ』（ミラ・サガ）のキャラクター「シオン」が死んだショックで1週間飲食せず部屋に引きこもって号泣し続けた結果、体重が激減し美少女に変貌、眼鏡も掛けなくなった。間もなく以前から交友のあった男子達に好意を寄せられるが、本人はまさかの「乙女ゲーム」的モテ期（逆ハーレム）到来に困惑している。,464,464,0,10,,https://lain.bgm.tv/pic/crt/l/f6/7e/42469_crt_ds0dD.jpg?r=1475854291,https://lain.bgm.tv/r/400/pic/crt/l/f6/7e/42469_crt_ds0dD.jpg?r=1475854291,https://s4.anilist.co/file/anilistcdn/character/medium/b88994-pN27FjbMyfMf.jpg|https://s4.anilist.co/file/anilistcdn/character/large/b88994-pN27FjbMyfMf.jpg,,,https://anilist.co/character/88994,https://bgm.tv/character/42469,,42469
vndb-c32145,vndb,3,3,,,日枝田 史緒,Hieda Fumio,,男,,,Galgame,Galgame,女装山脈,女装山脉,2011,Galgame,"[{""t"":""女装山脈"",""cn"":""女装山脉"",""ty"":""Galgame"",""y"":2011,""pop"":461},{""t"":""女装千年王国"",""cn"":"""",""ty"":""Galgame"",""y"":2017,""pop"":164},{""t"":""女装創世記"",""cn"":""女装创世记"",""ty"":""Galgame"",""y"":2021,""pop"":162}]",優しい性格でみんなのお姉さん役。 主人公の世話役で、神の御使いである主人公に献身的。 ごく当たり前のように主人公の下半身までお世話してしまう。 巖神と人を介在する巫女として、村のみんなから祭り上げられている。 生まれついての癒しのカリスマで圧倒的な支持を得ており、巫女としての職務を全うするため完全に女の子として育てられている。 普段は優しいが一度キレると怖い。 特に神社や因習を守らない人間には、般若面をかぶってお仕置きモードに変貌する。 「ご奉仕頑張ります。,461,0,461,20,,https://lain.bgm.tv/pic/crt/l/1b/15/12481_crt_37QoZ.jpg,https://lain.bgm.tv/r/400/pic/crt/l/1b/15/12481_crt_37QoZ.jpg,https://t.vndb.org/ch/98/116498.jpg,,Violet Ahoge Waist Length+ Cross-dressing Trap Teen Pale Orphan Blowjob Virgin Sex,,https://bgm.tv/character/12481,https://vndb.org/c32145,12481
al89035,anilist,3,3,,和泉玲奈,和泉玲奈,Reina Izumi,The Phantom Eater,女,AB,15,动画|漫画|轻小说,动画,無彩限のファントム・ワールド,无彩限的怪灵世界,2016,动画,"[{""t"":""無彩限のファントム・ワールド"",""cn"":""无彩限的怪灵世界"",""ty"":""动画"",""y"":2016,""pop"":138402},{""t"":""無彩限のファントム・ワールド 水玉の奇跡"",""cn"":"""",""ty"":""动画"",""y"":2016,""pop"":18515},{""t"":""無彩限のファントム・ワールド Limitless Phantom World"",""cn"":"""",""ty"":""动画"",""y"":2016,""pop"":11267},{""t"":""無彩限のファントム・ワールド"",""cn"":""无彩限的怪灵世界"",""ty"":""轻小说"",""y"":2013,""pop"":1069},{""t"":""無彩限のファントム・ワールド"",""cn"":""无彩限的怪灵世界"",""ty"":""动画"",""y"":2016,""pop"":0},{""t"":""無彩限のファントム・ワールド"",""cn"":""无彩限的怪灵世界"",""ty"":""漫画"",""y"":2013,""pop"":0}]",4月进入弗塞亚学院的插班生。 乌黑亮丽的长发随风飘动，平时使用敬语交谈，是有教养人家的大小姐。行为举止带有大小姐的特征，十分优雅，也通晓合气道。 不习惯与异性交往，有时会用合气道把晴彦撂倒。 最喜欢吃东西，甚至能吸食怪灵，通吃“怪灵吞噬者”。 但是不想吃的东西并不会吃。,460,460,0,116,,https://lain.bgm.tv/pic/crt/l/ab/42/23067_crt_AolJL.jpg?r=1452102300,https://lain.bgm.tv/r/400/pic/crt/l/ab/42/23067_crt_AolJL.jpg?r=1452102300,https://s4.anilist.co/file/anilistcdn/character/medium/b89035-51jssFRh0fgB.png|https://s4.anilist.co/file/anilistcdn/character/large/b89035-51jssFRh0fgB.png,,,https://anilist.co/character/89035,https://bgm.tv/character/23067,,23067
bgm-bgm36866,vndb,3,3,,九条理紗,九条理紗,Kujou Risa,Lisa,女,O,,Galgame,Galgame,CARNIVAL,,2004,Galgame,"[{""t"":""CARNIVAL"",""cn"":"""",""ty"":""Galgame"",""y"":2004,""pop"":392},{""t"":""CARNIVAL"",""cn"":""狂欢节"",""ty"":""Galgame"",""y"":2004,""pop"":0}]",木村学的青梅竹马。 交友广泛责任心很强、成绩优秀品行端庄的学园女主角。 小学开始便是朋友、总是关心在意着マナブ的贵重的同级生。,392,0,392,83,,https://lain.bgm.tv/pic/crt/l/ac/78/36866_crt_1z7v6.jpg,https://lain.bgm.tv/r/400/pic/crt/l/ac/78/36866_crt_1z7v6.jpg,https://t.vndb.org/ch/72/36372.jpg,,Brown Red Twin Tails Waist Length+ Wavy Teen Slim Pale Assault Missionary,,https://bgm.tv/character/36866,https://vndb.org/c30259,36866
al287914,anilist,3,3,,赤尾晶,赤尾晶,Akira Akao,,女,A,18-,动画|漫画|轻小说,动画,SAKAMOTO DAYS 第２クール,,2025,动画,"[{""t"":""SAKAMOTO DAYS 第２クール"",""cn"":"""",""ty"":""动画"",""y"":2025,""pop"":102983},{""t"":""SAKAMOTO DAYS"",""cn"":""坂本日常"",""ty"":""漫画"",""y"":2020,""pop"":88751},{""t"":""SAKAMOTO DAYS 第2期"",""cn"":""坂本日常 第二季"",""ty"":""动画"",""y"":2027,""pop"":22322},{""t"":""SAKAMOTO DAYS 殺し屋ブルース"",""cn"":"""",""ty"":""轻小说"",""y"":2024,""pop"":142},{""t"":""SAKAMOTO DAYS 第2クール"",""cn"":""坂本日常 第2部分"",""ty"":""动画"",""y"":2025,""pop"":0},{""t"":""SAKAMOTO DAYS"",""cn"":""坂本日常"",""ty"":""漫画"",""y"":2021,""pop"":0}]",ＪＣＣ編入試験の受験生。気弱で武器にも不慣れだが、即席でパラシュートを素早く縫うなど、潜在能力は高い。かつて、坂本と殺し屋時代の同期だった赤尾リオンの姪で、彼女を探している。,390,390,0,15,,https://lain.bgm.tv/pic/crt/l/75/52/130765_crt_XAfPC.jpg,https://lain.bgm.tv/r/400/pic/crt/l/75/52/130765_crt_XAfPC.jpg,https://s4.anilist.co/file/anilistcdn/character/medium/b287914-e3fju4t1fRcv.png|https://s4.anilist.co/file/anilistcdn/character/large/b287914-e3fju4t1fRcv.png,,,https://anilist.co/character/287914,https://bgm.tv/character/130765,,130765
vndb-c98657,vndb,3,3,,,竹芝 葉蔵,Takeshiba Yozo,,男,O,,Galgame,Galgame,大穢,,2025,Galgame,,"Candidate for being your partner. A successful illusionist with a gentle Kansai accent. His ‘plain clothes’ consist of a white suit and red tie, so it could be said that he’s quite extravagant.",389,0,389,0,,https://t.vndb.org/ch/33/156133.jpg,https://t.vndb.org/ch/33/156133.jpg,,#3f332c #877875 #c5bcb5 #eae2df #ffffff,Black Short Pale Trousers Magician Standing Sex Red Young-adult Suit Knife,,,https://vndb.org/c98657,
al180505,anilist,3,3,,奥贡·蒙哥马利,オグン・モンゴメリ,Ogun Montgomery,,男,B,17,动画|漫画,动画,炎炎ノ消防隊,炎炎消防队,2019,动画,"[{""t"":""炎炎ノ消防隊"",""cn"":""炎炎消防队"",""ty"":""动画"",""y"":2019,""pop"":483496},{""t"":""炎炎ノ消防隊 弐ノ章"",""cn"":""炎炎消防队 二之章"",""ty"":""动画"",""y"":2020,""pop"":300881},{""t"":""炎炎ノ消防隊 参ノ章"",""cn"":""炎炎消防队 叁之章"",""ty"":""动画"",""y"":2025,""pop"":130164},{""t"":""炎炎ノ消防隊 参ノ章 第2クール"",""cn"":""炎炎消防队 叁之章 第2部分"",""ty"":""动画"",""y"":2026,""pop"":88814},{""t"":""炎炎ノ消防隊"",""cn"":""炎炎消防队"",""ty"":""漫画"",""y"":2015,""pop"":66020}]",第4特殊消防隊の二等消防官（第三世代能力者）。 シンラとアーサーとは訓練校時代の仲間。同期では首席だった。仲間想いの気さくな性格。,383,383,0,1,,https://lain.bgm.tv/pic/crt/l/59/9a/126648_crt_iI64s.jpg?r=1678798831,https://lain.bgm.tv/r/400/pic/crt/l/59/9a/126648_crt_iI64s.jpg?r=1678798831,https://s4.anilist.co/file/anilistcdn/character/medium/b180505-a78izQlOQ40r.jpg|https://s4.anilist.co/file/anilistcdn/character/large/b180505-a78izQlOQ40r.jpg,,,https://anilist.co/character/180505,https://bgm.tv/character/126648,,126648
bgm-bgm91395,vndb,3,3,,,百々瀬 かぐや,Momose Kaguya,,女,A,,Galgame,Galgame,あまいろショコラータ２,,2021,Galgame,"[{""t"":""あまいろショコラータ２"",""cn"":"""",""ty"":""Galgame"",""y"":2021,""pop"":372},{""t"":""あまいろショコラータ 3"",""cn"":"""",""ty"":""Galgame"",""y"":2023,""pop"":207},{""t"":""あまいろショコラータ3"",""cn"":""巧克甜恋3"",""ty"":""Galgame"",""y"":2023,""pop"":0},{""t"":""あまいろショコラータ２"",""cn"":""巧克甜恋2"",""ty"":""Galgame"",""y"":2021,""pop"":0}]",ウサギの獣人で、気弱で引っ込み思案な女の子。ホーランドロップらしく甘えたがりなところもあり、心を許した相手にはぴとっとくっついてたくさん甘えることも。 姉が『もちづき』2号店の店長になるにあたり、大好きな姉の力になりたくて夕渚町についてきた。,372,0,372,44,,https://lain.bgm.tv/pic/crt/l/87/5d/91395_crt_Km100.jpg,https://lain.bgm.tv/r/400/pic/crt/l/87/5d/91395_crt_Km100.jpg,https://t.vndb.org/ch/01/116201.jpg,,Blue Teen Slim Pale Hard Worker Cooking Missionary Doggy Style Blowjob Virgin Sex,,https://bgm.tv/character/91395,https://vndb.org/c96000,91395
al197921,anilist,3,3,,美杉美美美,美杉美々美,Mimimi Utsukushisugi,,女,,17,动画|漫画,动画,君のことが大大大大大好きな100人の彼女,超超超超超喜欢你的100个女朋友,2023,动画,"[{""t"":""君のことが大大大大大好きな100人の彼女"",""cn"":""超超超超超喜欢你的100个女朋友"",""ty"":""动画"",""y"":2023,""pop"":133315},{""t"":""君のことが大大大大大好きな100人の彼女 第2期"",""cn"":""超超超超超喜欢你的100个女朋友 第二季"",""ty"":""动画"",""y"":2025,""pop"":78811},{""t"":""君のことが大大大大大好きな100人の彼女 第3期"",""cn"":""超超超超超喜欢你的100个女朋友 第三季"",""ty"":""动画"",""y"":2026,""pop"":39572},{""t"":""君のことが大大大大大好きな100人の彼女"",""cn"":""超超超超超喜欢你的100个女朋友"",""ty"":""漫画"",""y"":2019,""pop"":38995},{""t"":""君のことが大大大大大好きな100人の彼女 番外編"",""cn"":"""",""ty"":""漫画"",""y"":2021,""pop"":563},{""t"":""君のことが大大大大大好きな100人の彼女 第3期"",""cn"":""超超超超超喜欢你的100个女朋友 第三季"",""ty"":""动画"",""y"":2026,""pop"":0}]",恋太郎の彼女の一人。 常に煌びやかな美しすぎる高校２年生。自己愛が強く、褒められると心底嬉しそうな反応を見せる。美へのこだわりと探求心が凄まじく、日々美しくあるための研鑽を怠らない努力家でもある。,361,361,0,45,,https://lain.bgm.tv/pic/crt/l/bf/18/143438_crt_qudJ4.jpg?r=1717851119,https://lain.bgm.tv/r/400/pic/crt/l/bf/18/143438_crt_qudJ4.jpg?r=1717851119,https://s4.anilist.co/file/anilistcdn/character/medium/b197921-tE2Dk71kBpH2.png|https://s4.anilist.co/file/anilistcdn/character/large/b197921-tE2Dk71kBpH2.png,,,https://anilist.co/character/197921,https://bgm.tv/character/143438,,143438
al148142,anilist,3,3,,兔原跳吉,兎原跳吉,Tobikichi Usahara,Usao / Myougamaru / Myogamaru,男,O,28,动画|漫画,动画,うらみちお兄さん,阴晴不定大哥哥,2021,动画,"[{""t"":""うらみちお兄さん"",""cn"":""阴晴不定大哥哥"",""ty"":""动画"",""y"":2021,""pop"":87073},{""t"":""うらみちお兄さん"",""cn"":""阴晴不定大哥哥"",""ty"":""漫画"",""y"":2017,""pop"":8586},{""t"":""うらみちお兄さん"",""cn"":""阴晴不定大哥哥"",""ty"":""漫画"",""y"":2017,""pop"":0},{""t"":""うらみちお兄さん"",""cn"":""阴晴不定大哥哥"",""ty"":""动画"",""y"":2021,""pop"":0},{""t"":""舞台「うらみちお兄さん」"",""cn"":""舞台 阴晴不定大哥哥"",""ty"":""其他"",""y"":2026,""pop"":0}]",ウサギのマスコット「ウサオ」の中の人担当（28歳）。うらみちお兄さんの後輩でしょっちゅう八つ当たりされているのだが、憧れていた先輩が日に日にすれていく様を見ているので何も言えなくなっている様子。ギャンブル大好きな駄目人間。面白くなってモテたいらしい。出身は京都府。,358,358,0,4,,https://lain.bgm.tv/pic/crt/l/44/aa/71316_crt_6h4AZ.jpg?r=1624499498,https://lain.bgm.tv/r/400/pic/crt/l/44/aa/71316_crt_6h4AZ.jpg?r=1624499498,https://s4.anilist.co/file/anilistcdn/character/medium/b148142-6sFCKKF3lIrr.png|https://s4.anilist.co/file/anilistcdn/character/large/b148142-6sFCKKF3lIrr.png,,,https://anilist.co/character/148142,https://bgm.tv/character/71316,,71316
bgm-bgm10653,vndb,3,3,,李红兰,李 紅蘭,Li HongLan,Li Kohran / Ri Kohran,女,B,,动画|Galgame,Galgame,サクラ大戦,,1996,Galgame,"[{""t"":""サクラ大戦"",""cn"":"""",""ty"":""Galgame"",""y"":1996,""pop"":356},{""t"":""サクラ大戦２～君、死にたもうことなかれ～"",""cn"":"""",""ty"":""Galgame"",""y"":1998,""pop"":163},{""t"":""サクラ大戦３～巴里は燃えているか～"",""cn"":"""",""ty"":""Galgame"",""y"":2001,""pop"":89},{""t"":""サクラ大戦4 ～恋せよ乙女～"",""cn"":"""",""ty"":""Galgame"",""y"":2002,""pop"":68},{""t"":""サクラ大戦2 〜君、死にたもうことなかれ〜"",""cn"":""樱花大战2 ～愿君平安～"",""ty"":""Galgame"",""y"":1998,""pop"":0},{""t"":""サクラ大戦3 〜巴里は燃えているか〜"",""cn"":""樱花大战3 ～巴黎在燃烧吗～"",""ty"":""Galgame"",""y"":2001,""pop"":0}]",来自中国的天才科学家，是北京贸易商的三女。双亲死于辛亥革命的战火中而成为别人的养女，在父亲访问日本期间遇到了藤枝因而决定来日本。她并参与光武的设计开发工作，也就是所谓开发协助者。虽然是不注意细节的粗线条，但也很有毅力。当初为了协助开发光武而调到“花屋支部”，后来随着光武的实战投入而回到银座本部来。战斗中常用古怪的新兵器轰炸敌人。,356,0,356,10,,https://lain.bgm.tv/pic/crt/l/8e/71/10653_crt_8yo86.jpg,https://lain.bgm.tv/r/400/pic/crt/l/8e/71/10653_crt_8yo86.jpg,https://t.vndb.org/ch/13/6613.jpg,,Violet Long Teen Orphan Glasses Carefree Engineer Braid Chinese Dress Chinese,,https://bgm.tv/character/10653,https://vndb.org/c5743,10653
al22322,anilist,3,3,,中川奏音,中川かのん,Kanon Nakagawa,中川花音 / 中川嘉音 / 中川加侬,女,AB,16,动画|漫画,动画,神のみぞ知るセカイ,只有神知道的世界,2010,动画,"[{""t"":""神のみぞ知るセカイ"",""cn"":""只有神知道的世界"",""ty"":""动画"",""y"":2010,""pop"":135145},{""t"":""神のみぞ知るセカイⅡ"",""cn"":"""",""ty"":""动画"",""y"":2011,""pop"":77834},{""t"":""神のみぞ知るセカイ 女神篇"",""cn"":"""",""ty"":""动画"",""y"":2013,""pop"":68277},{""t"":""神のみぞ知るセカイ　４人とアイドル"",""cn"":"""",""ty"":""动画"",""y"":2011,""pop"":27140},{""t"":""神のみぞ知るセカイ"",""cn"":""只有神知道的世界"",""ty"":""漫画"",""y"":2008,""pop"":25589},{""t"":""マジカル☆スター　かのん100％"",""cn"":"""",""ty"":""动画"",""y"":2013,""pop"":9744}]",舞岛学园高中2年B组的女高中生，16岁的现役新人偶像。桂马在现实世界的第三个攻略对象。 因为偶像的工作忙碌而很少去学校，但一旦去上学时就会有很多学生准备相机，相当有人气。 其实以前因为个性和外表朴素，所以不引人注目，组建过乐队不过后来解散了，所以一直没有自信。受到驱魂的影响时，心情低沉时身体会变透明。 体内有名叫阿波罗的女神。,342,342,0,182,,https://lain.bgm.tv/pic/crt/l/00/1c/11259_crt_2G1CU.jpg?r=1378924332,https://lain.bgm.tv/r/400/pic/crt/l/00/1c/11259_crt_2G1CU.jpg?r=1378924332,https://s4.anilist.co/file/anilistcdn/character/medium/b22322-K4Dt9jqxMhYP.png|https://s4.anilist.co/file/anilistcdn/character/large/b22322-K4Dt9jqxMhYP.png,,,https://anilist.co/character/22322,https://bgm.tv/character/11259,,11259
bgm-bgm156966,vndb,3,3,,中山仁希,Niki Nakayama,Niki Nakayama,,女,,,Galgame,Galgame,Lessons in Love,,2022,Galgame,"[{""t"":""Lessons in Love"",""cn"":"""",""ty"":""Galgame"",""y"":2022,""pop"":342},{""t"":""Lessons in Love"",""cn"":""恋爱课程"",""ty"":""Galgame"",""y"":2020,""pop"":0}]",Kumon-Mi最人气的偶像，Noriko的姐姐。,342,0,342,2,,https://lain.bgm.tv/pic/crt/l/c0/c0/156966_crt_5m2af.jpg,https://lain.bgm.tv/r/400/pic/crt/l/c0/c0/156966_crt_5m2af.jpg,https://t.vndb.org/ch/14/118114.jpg,,Pink Twin Tails Long Slim Pale Cowgirl Virgin Sex Tsundere Full Sister Idol,,https://bgm.tv/character/156966,https://vndb.org/c97533,156966
vndb-c37471,vndb,3,3,,,イルフリーデ・フォン・フォイルナー,Ilfriede von Feulner,,女,,,Galgame,Galgame,マブラヴ オルタネイティヴ クロニクルズ 憧憬,,2011,Galgame,"[{""t"":""マブラヴ オルタネイティヴ クロニクルズ 憧憬"",""cn"":"""",""ty"":""Galgame"",""y"":2011,""pop"":337},{""t"":""シュヴァルツェスマーケン"",""cn"":""死亡黑标"",""ty"":""Galgame"",""y"":2015,""pop"":299}]",,337,0,337,0,,https://t.vndb.org/ch/62/52962.jpg,https://t.vndb.org/ch/62/52962.jpg,,#514753 #d3bfaf #ede1cc #f7f3e6 #878189 #ffffff,Blond Ponytail Waist Length+ Wavy Slim Pale Trousers Fighting Blue Young-adult,,,https://vndb.org/c37471,
vndb-c74820,vndb,3,3,,,卿狸 宮,Kyouri Takamiya,,男,A,,Galgame,Galgame,1bitHeart,,2015,Galgame,,"The policeman at Mamedanuki Station. Serious with a strong sense of justice. No resistance for offbeat occurrences, so he's often taken aback. Gets constant stomach aches.",316,0,316,0,,https://t.vndb.org/ch/71/90571.jpg,https://t.vndb.org/ch/71/90571.jpg,,#f28064 #f1674f #55667d #4a2f45 #884a5b #efb6b5,Brown Friend Police Serious Multicolored Armband Police Officer Uniform,,,https://vndb.org/c74820,
bgm-bgm26555,vndb,3,3,,馆林见晴,館林 見晴,Tatebayashi Miharu,,女,A,,游戏|Galgame,Galgame,ときめきメモリアル,,1994,Galgame,"[{""t"":""ときめきメモリアル"",""cn"":"""",""ty"":""Galgame"",""y"":1994,""pop"":311},{""t"":""ときめきメモリアルドラマシリーズ Vol.3 旅立ちの詩"",""cn"":"""",""ty"":""Galgame"",""y"":1999,""pop"":4},{""t"":""ときめきメモリアルドラマシリーズ Vol.2 彩のラブソング"",""cn"":"""",""ty"":""Galgame"",""y"":1998,""pop"":3},{""t"":""ときめきメモリアル ドラマシリーズVol.3 旅立ちの詩"",""cn"":""心跳回忆话剧集VOL.3~启程之诗~"",""ty"":""Galgame"",""y"":1999,""pop"":0},{""t"":""ときめきメモリアル 〜forever with you〜"",""cn"":""心跳回忆 〜forever with you〜"",""ty"":""Galgame"",""y"":1995,""pop"":0},{""t"":""ときめきメモリアルPOCKET スポーツ編～校庭のフォトグラフ～"",""cn"":""心跳回忆POCKET 体育篇～校园内的照片～"",""ty"":""Galgame"",""y"":1999,""pop"":0}]",馆林见晴的性格开朗活泼，容易对人一见钟情，太过于爱梦想。在入学试的时候，她坐在男主角旁边，就在那时已喜欢了男主角，入学后便经常在背后偷偷看着男主角，更在电话录音中留下奇怪的信息，在走廊或在约会地点也能遇到她。关于她的资料很少，连好雄也不清楚，所以她被称为谜之少女。,311,0,311,5,,https://lain.bgm.tv/pic/crt/l/16/1c/26555_crt_UfQGJ.jpg,https://lain.bgm.tv/r/400/pic/crt/l/16/1c/26555_crt_UfQGJ.jpg,https://t.vndb.org/ch/96/171796.jpg,,Green Teen Slim Pale School Uniform Green Deredere Shy Timid High School Student,,https://bgm.tv/character/26555,https://vndb.org/c2131,26555
bgm-bgm38677,vndb,3,3,,,茂部屋 英子,Mobuya Eiko,,女,A,,Galgame,Galgame,にゃんカフェマキアート ～猫がいるカフェのえっち事情～,喵玛奇朵咖啡~有猫的cafe的H事情,2013,Galgame,"[{""t"":""にゃんカフェマキアート ～猫がいるカフェのえっち事情～"",""cn"":""喵玛奇朵咖啡~有猫的cafe的H事情"",""ty"":""Galgame"",""y"":2013,""pop"":298},{""t"":""にゃんカフェマキアート ～猫がいるカフェのえっち事情～"",""cn"":""喵玛奇朵咖啡~有猫的cafe的H事情"",""ty"":""Galgame"",""y"":2013,""pop"":0}]",美華たちのクラスメイトでクールなメガネっ娘。 いつも携帯電話を右手に握り、情報収集を欠かさない謎の少女。 その正体はただの脇キャラさん……。 ちなみに趣味はBL系の同人誌を書くこと。腕前はプロレベル。 「男女の関係？ まったく下世話だな。そんなことより、今度の新刊の原稿が先だ！」,298,0,298,2,,https://lain.bgm.tv/pic/crt/l/33/8e/38677_crt_uzEUt.jpg,https://lain.bgm.tv/r/400/pic/crt/l/33/8e/38677_crt_uzEUt.jpg,https://t.vndb.org/ch/26/23526.jpg,,Violet Waist Length+ Straight Teen Slim Pale Violet Glasses Miniskirt Knee-high Socks,,https://bgm.tv/character/38677,https://vndb.org/c18829,38677
al5767,anilist,3,3,,瀨川音符,瀬川おんぷ,Onpu Segawa,Onpu-chan / Nicole / Ellie Craft,女,B,,动画,动画,おジャ魔女どれみ,小魔女DoReMi,1999,动画,"[{""t"":""おジャ魔女どれみ"",""cn"":""小魔女DoReMi"",""ty"":""动画"",""y"":1999,""pop"":21202},{""t"":""おジャ魔女どれみ♯"",""cn"":""小魔女DoReMi ♯"",""ty"":""动画"",""y"":2000,""pop"":7791},{""t"":""も〜っと！おジャ魔女どれみ"",""cn"":""大～集合！小魔女DoReMi"",""ty"":""动画"",""y"":2001,""pop"":6631},{""t"":""おジャ魔女どれみドッカ〜ン！"",""cn"":"""",""ty"":""动画"",""y"":2002,""pop"":6108},{""t"":""魔女見習いをさがして"",""cn"":""寻找见习魔女"",""ty"":""动画"",""y"":2020,""pop"":5657},{""t"":""おジャ魔女どれみ ナ・イ・ショ"",""cn"":""小魔女DoReMi 童年秘密篇"",""ty"":""动画"",""y"":2004,""pop"":3956}]",本作品女主角之一。 在三年级寒假时发现魔女露卡的身份而成为见习魔女，而也因为魔女露卡和魔女莉卡起初是敌对的关系而与DoReMi处于敌对状态、滥用禁忌魔法，本也是一名我行我素的偶像歌手，极度冷酷不顾他人，后来却也渐与DoReMi成为好朋友，后来为了掩饰大家是魔女的身份，而使用禁忌魔法消除他人的记忆并面临沉睡100年的命运，最后被DoReMi、初贵、爱子、宝宝用禁忌魔法唤醒，但也以舍弃见习魔女身份作为代价。 擅长吹长笛。,298,298,0,47,,https://lain.bgm.tv/pic/crt/l/87/0a/34297_crt_e4U9x.jpg?r=1474245900,https://lain.bgm.tv/r/400/pic/crt/l/87/0a/34297_crt_e4U9x.jpg?r=1474245900,https://s4.anilist.co/file/anilistcdn/character/medium/b5767-ic1HeXMWSlRD.png|https://s4.anilist.co/file/anilistcdn/character/large/b5767-ic1HeXMWSlRD.png,,,https://anilist.co/character/5767,https://bgm.tv/character/34297,,34297
al27668,anilist,3,3,,,大空ひばり,Hibari Oozora,,女,,15,动画|漫画,动画,ストップ！！ひばりくん！,,1983,动画,"[{""t"":""ストップ！！ひばりくん！"",""cn"":"""",""ty"":""动画"",""y"":1983,""pop"":5679},{""t"":""ストップ!! ひばりくん!"",""cn"":"""",""ty"":""漫画"",""y"":1981,""pop"":4529}]","Hibari is the only biological son of a Yakuza boss, who identifies as female and has three sisters. She presents female publically, much to her father's disdain - he calls her a pervert (hentai) for this reason.",291,291,0,0,,https://s4.anilist.co/file/anilistcdn/character/large/b27668-gKSlPtNbHH5e.png,https://s4.anilist.co/file/anilistcdn/character/medium/b27668-gKSlPtNbHH5e.png,,,,https://anilist.co/character/27668,,,
vndb-c11711,vndb,3,3,,藤宫彩,藤宮 彩,Fujimiya Sai,,男,,,Galgame,Galgame,あかね色に染まる坂,染红的街道,2007,Galgame,,たまに準一たちの前に姿を現す謎多き少年。 いつも少女のような出で立ちをしている。,272,0,272,2,,https://lain.bgm.tv/pic/crt/l/92/e8/89073_crt_Azh8b.jpg,https://lain.bgm.tv/r/400/pic/crt/l/92/e8/89073_crt_Azh8b.jpg,https://t.vndb.org/ch/98/18098.jpg,,Blue Waist Length+ Cross-dressing Trap Teen Slim Pale Green Dress Jacket,,https://bgm.tv/character/89073,https://vndb.org/c11711,89073
al6038,anilist,3,3,,宇佐见秋彦,宇佐見秋彦,Akihiko Usami,Usagi / ウサギ,男,,28,动画|漫画|Galgame,动画,純情ロマンチカ,,2008,动画,"[{""t"":""純情ロマンチカ"",""cn"":"""",""ty"":""动画"",""y"":2008,""pop"":38670},{""t"":""純情ロマンチカ2(に)"",""cn"":"""",""ty"":""动画"",""y"":2008,""pop"":24267},{""t"":""世界一初恋 2"",""cn"":""世界第一初恋2"",""ty"":""动画"",""y"":2011,""pop"":22135},{""t"":""純情ロマンチカ3"",""cn"":"""",""ty"":""动画"",""y"":2015,""pop"":19951},{""t"":""純情ロマンチカ"",""cn"":"""",""ty"":""漫画"",""y"":2002,""pop"":3347},{""t"":""純情ミステイク"",""cn"":"""",""ty"":""漫画"",""y"":2008,""pop"":710}]",愛称はウサギ（さん）。3月3日生まれ。旧財閥宇佐見グループの次男にして、10歳までイギリスで育った帰国子女である。T大（アニメ版では帝都大学）法学部を現役合格&首席卒業し、直森賞&菊川賞&国際文学芸術賞大賞を受賞した人気作家でもある。上條弘樹とは実家が向かい同士の幼馴染（※しかも同い年）。 孝浩に対して10年間片想いしていたが、結局失恋する。その後美咲に癒され、現在恋人同士である。時折純愛ロマンチカシリーズと純愛エゴイストシリーズを執筆している。一般中流層家庭に憧れている。,264,264,0,7,,https://lain.bgm.tv/pic/crt/l/71/77/34006_crt_LhUxW.jpg?r=1436414615,https://lain.bgm.tv/r/400/pic/crt/l/71/77/34006_crt_LhUxW.jpg?r=1436414615,https://s4.anilist.co/file/anilistcdn/character/medium/6038.jpg|https://s4.anilist.co/file/anilistcdn/character/large/6038.jpg,,,https://anilist.co/character/6038,https://bgm.tv/character/34006,,34006
vndb-c64129,vndb,3,3,,,那比 みやび,Nabi Miyabi,,女,O,,Galgame,Galgame,俺達の世界わ終っている。,,2017,Galgame,,"rumors, cosplay, meat business smile, fighting, shooting waitress at cafe EXIT A woman who serves as a waitress at cafe EXIT in the New World.",259,0,259,0,,https://t.vndb.org/ch/73/77173.jpg,https://t.vndb.org/ch/73/77173.jpg,,#afccd9 #e3b7ab #8a8fa0 #f7f8f6 #e4e3e4 #ffffff,Ponytail Slim Pale Fighting Hazel Young-adult Thigh-high Stockings Outgoing Drinking Waitstaff,,,https://vndb.org/c64129,
al298959,anilist,3,3,,,ティサークレムリン,Remlin Tissark,The Heiress,,,14,动画|漫画,动画,ガチアクタ,GACHIAKUTA咔嗒咔嗒,2025,动画,"[{""t"":""ガチアクタ"",""cn"":""GACHIAKUTA咔嗒咔嗒"",""ty"":""动画"",""y"":2025,""pop"":255821},{""t"":""ガチアクタ"",""cn"":""GACHIAKUTA咔嗒咔嗒"",""ty"":""漫画"",""y"":2022,""pop"":66558}]","153 cm Canvas Town Spellcaster Remlin is a small, young kid who was chosen by [Gob](//anilist.co/character/298956/Gob) to be the heir of his Vital Instrument, a jinki passed down from generation to generation within Canvas Town.",258,258,0,0,,https://s4.anilist.co/file/anilistcdn/character/large/b298959-ECaxJ4FdBKds.jpg,https://s4.anilist.co/file/anilistcdn/character/medium/b298959-ECaxJ4FdBKds.jpg,,,,https://anilist.co/character/298959,,,
bgm-bgm23333,bangumi,3,3,,有村雏绘,有村雛絵,Arimura Hinae,,其他,,,动画|漫画|Galgame,Galgame,CHAOS;CHILD,混沌子,2014,Galgame,"[{""t"":""CHAOS;CHILD"",""cn"":""混沌子"",""ty"":""Galgame"",""y"":2014,""pop"":0},{""t"":""CHAOS;CHILD らぶchu☆chu!!"",""cn"":""混沌子 LOVE ChuChu"",""ty"":""Galgame"",""y"":2017,""pop"":0},{""t"":""Chaos;Child -Children’s Revive-"",""cn"":"""",""ty"":""漫画"",""y"":2017,""pop"":0},{""t"":""CHAOS;CHILD SILENT SKY"",""cn"":""混沌子 SILENT SKY"",""ty"":""动画"",""y"":2017,""pop"":0},{""t"":""CHAOS;CHILD"",""cn"":""混沌子"",""ty"":""动画"",""y"":2017,""pop"":0},{""t"":""間に合わぬ愚者の微睡-Fools"",""cn"":"""",""ty"":""音乐"",""y"":2014,""pop"":0}]",16岁。高二学生，文艺部部长。 对流行元素非常敏感，是个很时髦的当今女高中生。,256,0,0,256,,https://lain.bgm.tv/pic/crt/l/30/fa/23333_crt_s7U52.jpg?r=1739760033,https://lain.bgm.tv/r/400/pic/crt/l/30/fa/23333_crt_s7U52.jpg?r=1739760033,,,,,https://bgm.tv/character/23333,,23333
al138709,anilist,3,3,,桐生瑞叶,桐生瑞葉,Mizuha Kiryuu,,女,,,动画|漫画|轻小说,动画,可愛ければ変態でも好きになってくれますか？,只要可爱即使是变态你也会喜欢我吧？,2019,动画,"[{""t"":""可愛ければ変態でも好きになってくれますか？"",""cn"":""只要可爱即使是变态你也会喜欢我吧？"",""ty"":""动画"",""y"":2019,""pop"":100128},{""t"":""可愛ければ変態でも好きになってくれますか？"",""cn"":""只要可爱即使是变态你也会喜欢我吧？"",""ty"":""漫画"",""y"":2017,""pop"":6540},{""t"":""変好き▽"",""cn"":"""",""ty"":""动画"",""y"":2019,""pop"":3276},{""t"":""可愛ければ変態でも好きになってくれますか？"",""cn"":""只要可爱即使是变态你也会喜欢我吧？"",""ty"":""轻小说"",""y"":2017,""pop"":2021},{""t"":""可愛ければ変態でも好きになってくれますか？ アブノーマルハーレム"",""cn"":"""",""ty"":""漫画"",""y"":2019,""pop"":1493},{""t"":""可愛ければ変態でも好きになってくれますか？"",""cn"":""只要可爱即使是变态你也会喜欢我吧？"",""ty"":""动画"",""y"":2019,""pop"":0}]",慧辉的妹妹，同时也是他的“心理老师”，经常开导因为烦恼而陷入困惑的慧辉并且为他打气；因为其有着非常温柔且善解人意的性格，所以慧辉从以前就不知不觉地成了妹控。后卷小说中表明自己是暴露狂。,253,253,0,106,,https://lain.bgm.tv/pic/crt/l/e4/ae/69551_crt_Nbqd4.jpg,https://lain.bgm.tv/r/400/pic/crt/l/e4/ae/69551_crt_Nbqd4.jpg,https://s4.anilist.co/file/anilistcdn/character/medium/b138709-Fd9TXhh5nmuC.jpg|https://s4.anilist.co/file/anilistcdn/character/large/b138709-Fd9TXhh5nmuC.jpg,,,https://anilist.co/character/138709,https://bgm.tv/character/69551,,69551
al126663,anilist,3,3,2002,花柳香子,花柳香子,Kaoruko Hanayagi,Student Number 22,女,,16,动画|漫画|Galgame,动画,少女☆歌劇 レヴュー・スタァライト,,2018,动画,"[{""t"":""少女☆歌劇 レヴュー・スタァライト"",""cn"":"""",""ty"":""动画"",""y"":2018,""pop"":51454},{""t"":""劇場版 少女☆歌劇 レヴュースタァライト"",""cn"":"""",""ty"":""动画"",""y"":2021,""pop"":21072},{""t"":""少女☆歌劇 レヴュースタァライト ロンド・ロンド・ロンド"",""cn"":"""",""ty"":""动画"",""y"":2020,""pop"":5831},{""t"":""少女☆歌劇 レヴュー・スタァライト 特別篇"",""cn"":"""",""ty"":""动画"",""y"":2018,""pop"":5565},{""t"":""少女☆寸劇(コント) オールスタァライト"",""cn"":"""",""ty"":""动画"",""y"":2019,""pop"":2358},{""t"":""少女☆歌劇 レヴュースタァライト オーバーチュア"",""cn"":"""",""ty"":""漫画"",""y"":2018,""pop"":1554}]",聖翔音楽学園 99期 俳優育成科 出席番号22番 日本舞踊の家元の孫娘。卓越した歌謡と舞踊の才を持つ和の舞台少女。生粋のお嬢様で、生活のほとんどは双葉に頼りっきり。いつも笑顔を絶やさないが、実は誰よりも計算高い。はんなりとした京都弁が特徴。 夢は「世界征服……ちゅうことで」,252,252,75,180,,https://lain.bgm.tv/pic/crt/l/bb/d7/64720_crt_5oG86.jpg?r=1536329297,https://lain.bgm.tv/r/400/pic/crt/l/bb/d7/64720_crt_5oG86.jpg?r=1536329297,https://s4.anilist.co/file/anilistcdn/character/medium/b126663-x1xNZWPZPpXl.png|https://s4.anilist.co/file/anilistcdn/character/large/b126663-x1xNZWPZPpXl.png|https://t.vndb.org/ch/96/195996.jpg,,Blue Teen Slim Pale School Uniform Fighting Knee-high Socks Tsundere Granddaughter Childhood Friend,https://anilist.co/character/126663,https://bgm.tv/character/64720,https://vndb.org/c133945,64720
al125894,anilist,3,3,,和泉三月,和泉三月,Mitsuki Izumi,,男,,21,动画|Galgame,动画,アイドリッシュセブン,IDOLiSH7-偶像星愿-,2018,动画,"[{""t"":""アイドリッシュセブン"",""cn"":""IDOLiSH7-偶像星愿-"",""ty"":""动画"",""y"":2018,""pop"":25729},{""t"":""アイドリッシュセブン Second BEAT!"",""cn"":""IDOLiSH7-偶像星愿- Second BEAT!"",""ty"":""动画"",""y"":2020,""pop"":11544},{""t"":""アイドリッシュセブン Third BEAT!"",""cn"":"""",""ty"":""动画"",""y"":2021,""pop"":7988},{""t"":""アイドリッシュセブン Third BEAT! 第2クール"",""cn"":"""",""ty"":""动画"",""y"":2022,""pop"":5415},{""t"":""アイドリッシュセブンVibrato"",""cn"":""IDOLiSH7 Vibrato"",""ty"":""动画"",""y"":2018,""pop"":5333},{""t"":""アイドリッシュセブン LIVE 4bit BEYOND THE PERiOD DAY 1"",""cn"":"""",""ty"":""动画"",""y"":2023,""pop"":1667}]",IDOLiSH7のメンバー。 好きなもの：伝説のアイドル“ゼロ” 嫌いなもの：大きいもの 一織の兄。かわいらしい外見とは裏腹に、男気に溢れ面倒見のよい兄らしい一面を持つ。IDOLiSH7の中でも特に仕事熱心で、ムードメーカー的役割を果たす。,252,252,0,13,,https://lain.bgm.tv/pic/crt/l/82/07/43238_crt_BB625.jpg,https://lain.bgm.tv/r/400/pic/crt/l/82/07/43238_crt_BB625.jpg,https://s4.anilist.co/file/anilistcdn/character/medium/b125894-dQdnk7GPrHri.png|https://s4.anilist.co/file/anilistcdn/character/large/b125894-dQdnk7GPrHri.png,,,https://anilist.co/character/125894,https://bgm.tv/character/43238,,43238
al4235,anilist,3,3,2283,洛克昂·斯特拉托斯,ロックオン・ストラトス,Lockon Stratos,Neil Dylandy / ニール・ディランディ / Neil Dylandy / 尼尔·狄兰迪,男,O,24,动画|漫画|游戏,动画,機動戦士ガンダム00,,2007,动画,"[{""t"":""機動戦士ガンダム00"",""cn"":"""",""ty"":""动画"",""y"":2007,""pop"":42787},{""t"":""機動戦士ガンダム00 セカンドシーズン"",""cn"":"""",""ty"":""动画"",""y"":2008,""pop"":26474},{""t"":""LOVELESS"",""cn"":"""",""ty"":""漫画"",""y"":2001,""pop"":3704},{""t"":""機動戦士ガンダム00 スペシャルエディション"",""cn"":"""",""ty"":""动画"",""y"":2009,""pop"":2772},{""t"":""機動戦士ガンダム00 Revealed Chronicle"",""cn"":"""",""ty"":""动画"",""y"":2022,""pop"":1173},{""t"":""ガンダム EXA"",""cn"":""高达EXA"",""ty"":""漫画"",""y"":2011,""pop"":281}]",生于爱尔兰，射击型MS“力天使高达（GN-002 Gundam Dynames）”之驾驶员。 四位驾驶员中年纪最大而担任领导角色，对另外三人无团队意识之举动感到无奈，十分照顾年纪最小的刹那。 战斗中口头禅为“力天使，狙击目标”的语句。 擅于狙击及射击，除以高达射击外即使手持狙击步枪亦能作出准确射击。,250,250,0,73,,https://lain.bgm.tv/pic/crt/l/df/99/13527_crt_8z8Co.jpg,https://lain.bgm.tv/r/400/pic/crt/l/df/99/13527_crt_8z8Co.jpg,https://s4.anilist.co/file/anilistcdn/character/medium/b4235-l9MD9NawK39E.png|https://s4.anilist.co/file/anilistcdn/character/large/b4235-l9MD9NawK39E.png,,,https://anilist.co/character/4235,https://bgm.tv/character/13527,,13527
al127908,anilist,3,3,,阿玉,お玉,Tama,O-Tama / Tama / 小玉,女,F,8,动画|漫画|Galgame,动画,ONE PIECE,航海王,1999,动画,"[{""t"":""ONE PIECE"",""cn"":""航海王"",""ty"":""动画"",""y"":1999,""pop"":750384},{""t"":""ONE PIECE"",""cn"":""航海王"",""ty"":""漫画"",""y"":1997,""pop"":232766},{""t"":""下級生2"",""cn"":"""",""ty"":""Galgame"",""y"":2004,""pop"":59},{""t"":""エルフオールスターズ脱衣雀3"",""cn"":"""",""ty"":""Galgame"",""y"":2006,""pop"":39},{""t"":""ONE PIECE"",""cn"":""航海王"",""ty"":""漫画"",""y"":1997,""pop"":0},{""t"":""ONE PIECE"",""cn"":""航海王"",""ty"":""动画"",""y"":1999,""pop"":0}]",和之国九里编笠村的8岁小女孩，天狗山飞彻的徒弟，团子果实能力者。平时编织斗笠为生，立志成为女忍者。心地善良，机智勇敢，在火焰祭典讨伐百兽海贼团的战斗中发挥着至关重要的作用。,249,249,59,6,,https://lain.bgm.tv/pic/crt/l/12/0d/105352_crt_9dY5v.jpg,https://lain.bgm.tv/r/400/pic/crt/l/12/0d/105352_crt_9dY5v.jpg,https://s4.anilist.co/file/anilistcdn/character/medium/b127908-Uyvuogi5hPAE.png|https://s4.anilist.co/file/anilistcdn/character/large/b127908-Uyvuogi5hPAE.png|https://t.vndb.org/ch/56/123756.jpg,,Brown Ponytail Waist Length+ Straight Teen Slim Pale School Uniform Sweater Cooking,https://anilist.co/character/127908,https://bgm.tv/character/105352,https://vndb.org/c2523,105352
vndb-c16301,vndb,3,3,,吾妻瑠花,吾妻 瑠花,Azuma Ruka,Azuma Luka,女,,,Galgame,Galgame,3days～満ちてゆく刻の彼方で～,3days ～在逝去时间的另一端～,2004,Galgame,,はつらつとして無邪気な女の子。街の公園で１人で遊んでいる。 遊戯施設もない公園で１人遊んでいるのは、１人暮らしをしている姉、梨花と会うためだった。 悪夢と内なる邪悪な声に悩むは、妹であろうと自分の家には入れなかったが、登下校のときに顔を会わせることだけは許していた。 大好きな姉（ねーね）に会うために、遠い公園で友達もなく遊ぶ瑠花。 そんなとき、主人公・高梨 亮と出会い、梨花と親密になるきっかけを作る。,242,0,242,2,,https://lain.bgm.tv/pic/crt/l/32/04/138944_crt_hHhiz.jpg,https://lain.bgm.tv/r/400/pic/crt/l/32/04/138944_crt_hHhiz.jpg,https://t.vndb.org/ch/31/23931.jpg,,Pink Twin Tails Shoulder-length Straight Slim Pale Dress Shoes Blowjob Virgin Sex Green,,https://bgm.tv/character/138944,https://vndb.org/c16301,138944
al85803,anilist,3,3,,,神崎由紀子,Yukiko Kanzaki,Mistress Kanzaki / Wife,女,A,,动画|漫画,动画,暗殺教室,暗杀教室,2015,动画,"[{""t"":""暗殺教室"",""cn"":""暗杀教室"",""ty"":""动画"",""y"":2015,""pop"":628250},{""t"":""暗殺教室 第２期"",""cn"":"""",""ty"":""动画"",""y"":2016,""pop"":369666},{""t"":""暗殺教室"",""cn"":""暗杀教室"",""ty"":""漫画"",""y"":2012,""pop"":54655},{""t"":""劇場版 暗殺教室 365日の時間"",""cn"":"""",""ty"":""动画"",""y"":2016,""pop"":39977},{""t"":""暗殺教室"",""cn"":""暗杀教室"",""ty"":""动画"",""y"":2013,""pop"":20024},{""t"":""殺せんせーQ[クエスト]! (ONA)"",""cn"":"""",""ty"":""动画"",""y"":2016,""pop"":15568}]","She is a student of Kunugigaoka Junior High School. She is assigned to Class 3-E, where she trains to become a professional assassin, with her teacher as the target.",232,232,0,0,,https://s4.anilist.co/file/anilistcdn/character/large/85803-bsBxjH7Z9wqc.jpg,https://s4.anilist.co/file/anilistcdn/character/medium/85803-bsBxjH7Z9wqc.jpg,,,,https://anilist.co/character/85803,,,
bgm-bgm25931,vndb,3,3,,,十川 真優,Togawa Mayuu,,女,AB,,Galgame,Galgame,恋する彼女の不器用な舞台,恋爱中的她的笨拙舞台,2014,Galgame,"[{""t"":""恋する彼女の不器用な舞台"",""cn"":""恋爱中的她的笨拙舞台"",""ty"":""Galgame"",""y"":2014,""pop"":229},{""t"":""僕の未来は、恋と課金と。～Charge To The Future～"",""cn"":"""",""ty"":""Galgame"",""y"":2019,""pop"":154},{""t"":""恋する彼女の不器用な舞台"",""cn"":""恋爱中的她的笨拙舞台"",""ty"":""Galgame"",""y"":2014,""pop"":0},{""t"":""恋する彼女の不器用な舞台 予約特典 キャラクターソングCD"",""cn"":"""",""ty"":""音乐"",""y"":2014,""pop"":0}]",演劇界で伝説的な人気を誇っていた元舞台女優。 進学を機に、3年前に引退した。 だが進学というのは表向きの理由で、実際は一悟と一緒に居る時間を守るために引退を決意した。 幼い頃から一悟にべったりの生活を送っていて、ほぼ依存状態。 現在は一悟と同じ学園に通い、部活動も一悟と同じ文芸部所属。 しかし、引退したとはいえとても有名な女優だったため、今でも学園中で好奇心の的になってしまうことがしばしば。 そのため、保健室登校ならぬ文芸部室登校をしている。,229,0,229,34,,https://lain.bgm.tv/pic/crt/l/79/07/25931_crt_VH87o.jpg,https://lain.bgm.tv/r/400/pic/crt/l/79/07/25931_crt_VH87o.jpg,https://t.vndb.org/ch/94/28094.jpg,,Brown Long Straight Teen Slim Pale School Uniform Missionary Doggy Style Cowgirl,,https://bgm.tv/character/25931,https://vndb.org/c22753,25931
al145065,anilist,3,3,,红叶焰,紅葉ほむら,Homura Momiji,,女,A,,动画|漫画,动画,Dr.STONE,石纪元,2019,动画,"[{""t"":""Dr.STONE"",""cn"":""石纪元"",""ty"":""动画"",""y"":2019,""pop"":554680},{""t"":""Dr.STONE STONE WARS"",""cn"":""石纪元 石之战争"",""ty"":""动画"",""y"":2021,""pop"":335280},{""t"":""Dr.STONE NEW WORLD"",""cn"":""石纪元 新世界"",""ty"":""动画"",""y"":2023,""pop"":201922},{""t"":""Dr.STONE SCIENCE FUTURE"",""cn"":""石纪元 科学与未来"",""ty"":""动画"",""y"":2025,""pop"":115924},{""t"":""Dr.STONE"",""cn"":""石纪元"",""ty"":""漫画"",""y"":2017,""pop"":88854},{""t"":""Dr.STONE SCIENCE FUTURE 2クール"",""cn"":"""",""ty"":""动画"",""y"":2025,""pop"":87703}]",原体操选手，身手非常矫健。冰月的心腹，对冰月极度忠诚。粉色头发，厚嘴唇且沉默寡言。收下千空作为“礼物”的棉花糖。,219,219,0,6,,https://lain.bgm.tv/pic/crt/l/44/06/74471_crt_EyLo0.jpg?r=1740070945,https://lain.bgm.tv/r/400/pic/crt/l/44/06/74471_crt_EyLo0.jpg?r=1740070945,https://s4.anilist.co/file/anilistcdn/character/medium/b145065-NjHaMBBRg49I.png|https://s4.anilist.co/file/anilistcdn/character/large/b145065-NjHaMBBRg49I.png,,,https://anilist.co/character/145065,https://bgm.tv/character/74471,,74471
bgm-bgm13773,bangumi,3,3,,山田葵,山田葵,Yamada Aoi,,其他,AB,,动画|漫画,动画,WORKING'!!,迷糊餐厅 第二季,2011,动画,"[{""t"":""WORKING'!!"",""cn"":""迷糊餐厅 第二季"",""ty"":""动画"",""y"":2011,""pop"":0},{""t"":""WORKING!!!"",""cn"":""迷糊餐厅 第三季"",""ty"":""动画"",""y"":2015,""pop"":0},{""t"":""WORKING!!"",""cn"":""迷糊餐厅"",""ty"":""动画"",""y"":2010,""pop"":0},{""t"":""WORKING!!"",""cn"":""迷糊餐厅"",""ty"":""漫画"",""y"":2005,""pop"":0},{""t"":""WORKING!!! ドラマCD「山田おひめさまCD」"",""cn"":"""",""ty"":""音乐"",""y"":2015,""pop"":0},{""t"":""WORKING!!! ドラマCD「ある風邪の日に」"",""cn"":"""",""ty"":""音乐"",""y"":2016,""pop"":0}]",音尾兵吾捡回来的少女。姓名，年龄，经历皆不明，被小鸟游宗太怀疑是离家出走。携带变装道具、窃听器等道具。因为使用假名，刚来到瓦古娜利亚时被称呼为山田时经常没有回应，但经过想像训练后稍为能够回答。由于葵为本名，希望别人以此称呼，不过除了种岛和轰以外的人都称呼她为山田。后来靠着自我催眠，连第一人称都从“我”变成了“山田”。住在瓦古娜利亚阁楼中，经常借走店里的东西，但被音尾兵吾严厉要求不得擅自吃掉店内食物。不太会工作，打破相当多的餐具，当初破损报告书上都被山田的名字淹没。,207,0,0,207,,https://lain.bgm.tv/pic/crt/l/7c/4e/13773_crt_yimCI.jpg?r=1611760139,https://lain.bgm.tv/r/400/pic/crt/l/7c/4e/13773_crt_yimCI.jpg?r=1611760139,,,,,https://bgm.tv/character/13773,,13773
vndb-c28289,vndb,3,3,,,翠川 優那,Midorikawa Yuuna,,女,,,Galgame,Galgame,LILITH-IZM02 ～中出し/孕ませ編～,LILITH-IZM02～中出/怀孕篇～,2008,Galgame,"[{""t"":""LILITH-IZM02 ～中出し/孕ませ編～"",""cn"":""LILITH-IZM02～中出/怀孕篇～"",""ty"":""Galgame"",""y"":2008,""pop"":195},{""t"":""処女のシモベくん♪"",""cn"":"""",""ty"":""Galgame"",""y"":2008,""pop"":19}]",,195,0,195,0,1,https://t.vndb.org/ch/19/62419.jpg,https://t.vndb.org/ch/19/62419.jpg,,#dec1a5 #394c43 #f9ead3 #8f9e92 #ffffff,Wavy Shoulder-length Teen Pale School Uniform Doggy Style Cowgirl Standing Sex Virgin Sex Group Sex,,,https://vndb.org/c28289,
bgm-bgm32755,vndb,3,3,,,蕨 珠緒,Warabi Tamao,,女,A,,Galgame,Galgame,ユニオリズム・カルテット,,2014,Galgame,"[{""t"":""ユニオリズム・カルテット"",""cn"":"""",""ty"":""Galgame"",""y"":2014,""pop"":191},{""t"":""ユニオリズム・カルテット A3-DAYS"",""cn"":"""",""ty"":""Galgame"",""y"":2016,""pop"":92},{""t"":""ユニオリズム・カルテット A3-DAYS"",""cn"":"""",""ty"":""Galgame"",""y"":2016,""pop"":0},{""t"":""ユニオリズム・カルテット"",""cn"":"""",""ty"":""Galgame"",""y"":2014,""pop"":0}]",主人公と同時期に入学した女の子。 主人公に困ってるところを助けてもらって以来、学園で一緒にいることが多い。 決闘の戦績はイマイチだが分析に長け、騎士における学問では好成績を収めている。 優しくて思いやりがあり、一緒にいると明るい気分にさせてくれる。 世話好きで色々と面倒を見るが、料理に関しては通称 “アルティメット” と呼ばれ恐れられている。 王侯貴族の華やかな世界に憧れていて、ユリナ姫と一緒に住むようになった主人公にいろいろと聞いてくる。,191,0,191,5,,https://lain.bgm.tv/pic/crt/l/3f/c1/32755_crt_rt2k7.jpg,https://lain.bgm.tv/r/400/pic/crt/l/3f/c1/32755_crt_rt2k7.jpg,https://t.vndb.org/ch/22/49922.jpg,,Brown Ahoge Long Teen Slim Pale School Uniform Doggy Style Amber Thigh-high Stockings,,https://bgm.tv/character/32755,https://vndb.org/c41555,32755
bgm-bgm57336,vndb,3,3,,,瀬真 梢,Sema Kozue,,女,,,Galgame,Galgame,春音アリス＊グラム,,2017,Galgame,"[{""t"":""春音アリス＊グラム"",""cn"":"""",""ty"":""Galgame"",""y"":2017,""pop"":187},{""t"":""白恋サクラ＊グラム"",""cn"":"""",""ty"":""Galgame"",""y"":2019,""pop"":74},{""t"":""白恋サクラ＊グラムＬＦ"",""cn"":"""",""ty"":""Galgame"",""y"":2023,""pop"":16},{""t"":""白恋サクラ*グラムLF"",""cn"":"""",""ty"":""Galgame"",""y"":2023,""pop"":0},{""t"":""春音アリス＊グラム"",""cn"":"""",""ty"":""Galgame"",""y"":2017,""pop"":0},{""t"":""白恋サクラ＊グラム"",""cn"":"""",""ty"":""Galgame"",""y"":2019,""pop"":0}]",主人公の妹であり1年の後輩。 一見すると可愛らし<てしっかり者の妹だが、それは颯お兄ちゃん好き好きなあまりに見せる、颯太朗の前でだけの姿。 兄がいないとやる気をなくして、普段はどちらかというと自堕落で引き籠もクダメニ一トのような性格になるという。 幼なじみの一葉とは仲がよく、同じ風紀執行部に所属している。 アニメや漫画などにやたらと詳し<て、通販で買いま〈った作品やグッズを一葉や友達にいろいろと布教して回っている。,187,0,187,29,,https://lain.bgm.tv/pic/crt/l/a0/7a/57336_crt_6tN26.jpg,https://lain.bgm.tv/r/400/pic/crt/l/a0/7a/57336_crt_6tN26.jpg,https://t.vndb.org/ch/99/76299.jpg,,Pink Ahoge Twin Tails Waist Length+ Wavy Teen Slim Pale School Uniform Cowgirl,,https://bgm.tv/character/57336,https://vndb.org/c63447,57336
vndb-c26661,vndb,3,3,,,姫空木,Himeutsugi,,男,A,,Galgame,Galgame,華アワセ,,2012,Galgame,,「困ったことがあったら僕に言って。君のためならなんでもしてあげるから」 華遷国立学園2年在籍。 月光組に属する華詠であり、五光のひとり。 気さくな性格で、男女関係なく誰とでも仲良くなれる。 自分より他人の気持ちを優先するところがあり、 感情移入し過ぎてしまうことも……,174,0,174,4,,https://lain.bgm.tv/pic/crt/l/70/b3/29069_crt_tw0EE.jpg,https://lain.bgm.tv/r/400/pic/crt/l/70/b3/29069_crt_tw0EE.jpg,https://t.vndb.org/ch/20/32620.jpg,,Blond Short Teen School Uniform Fighting Yandere Boku Murder Refined High School Student,,https://bgm.tv/character/29069,https://vndb.org/c26661,29069
bgm-bgm22628,vndb,3,3,,,楠 耶央,Kusunoki Yao,eshiko / 絵師子,女,AB,,Galgame,Galgame,Strawberry Nauts,,2011,Galgame,"[{""t"":""Strawberry Nauts"",""cn"":"""",""ty"":""Galgame"",""y"":2011,""pop"":172},{""t"":""Strawberry Nauts -ストロベリーノーツ-"",""cn"":"""",""ty"":""Galgame"",""y"":2011,""pop"":0}]",ロr…小柄なクラスメイト。 大きな学園で、なぜか彼女1人しかいない美術部員。 口数が少なく、言葉も端的で一見クールに見られがちだが、実はコミュニケーションが苦手なだけで、心の中では多くの言葉やリアクションが飛び交っている。 その解りづらい性格が災いしてか友達が少なく、そのぶん主人公たちのことをとても大切に思っている。 意外と意地っ張りで、自分のロr…小柄な外見を気にかけており、効果の見られない成長のための健気な努力が涙を誘う。 「私、思ってるよりも家庭的」,172,0,172,17,,https://lain.bgm.tv/pic/crt/l/b4/7f/22628_crt_P90uT.jpg,https://lain.bgm.tv/r/400/pic/crt/l/b4/7f/22628_crt_P90uT.jpg,https://t.vndb.org/ch/13/2813.jpg,,Violet Twin Tails Waist Length+ Straight Slim Pale School Uniform Sweater Virgin Sex Blue,,https://bgm.tv/character/22628,https://vndb.org/c2749,22628
bgm-bgm92541,vndb,3,3,,五岛桃子,五島 桃子,Gotou Momoko,,女,,,Galgame,Galgame,死月妖花～四月八日～,,2017,Galgame,"[{""t"":""死月妖花～四月八日～"",""cn"":"""",""ty"":""Galgame"",""y"":2017,""pop"":168},{""t"":""死月妖花～四月八日～"",""cn"":"""",""ty"":""Galgame"",""y"":2019,""pop"":0}]",五岛家的长女，和妹妹五岛绘梨奈关系不好。 刚上高中半年就退学，为了尽早离家，四处打零工存钱。 实际上学习成绩相当优秀，初中就成功考取英语2级、汉字准1级证书。,168,0,168,29,,https://lain.bgm.tv/pic/crt/l/82/da/92541_crt_zejSS.jpg?r=1615751976,https://lain.bgm.tv/r/400/pic/crt/l/82/da/92541_crt_zejSS.jpg?r=1615751976,https://t.vndb.org/ch/85/121885.jpg,,Blond Shoulder-length Hard Worker Fighting Amber Green Handgun Low Self-esteem Planning Suicide,,https://bgm.tv/character/92541,https://vndb.org/c100659,92541
bgm-bgm70503,bangumi,3,3,,菊池茜,菊池茜,Kikuchi Akane,阿宅 / ヲタ,其他,O,,动画,动画,女子高生の無駄づかい,女高中生的无所事事,2019,动画,"[{""t"":""女子高生の無駄づかい"",""cn"":""女高中生的无所事事"",""ty"":""动画"",""y"":2019,""pop"":0},{""t"":""女子高生の無駄づかい"",""cn"":""女高中生的无所事事"",""ty"":""其他"",""y"":2020,""pop"":0}]",ニックネームは「ヲタ」。さいのたま女子高等学校1年生。低所得Pのファンである。,160,0,0,160,,https://lain.bgm.tv/pic/crt/l/70/06/70503_crt_m5zEB.jpg?r=1700618181,https://lain.bgm.tv/r/400/pic/crt/l/70/06/70503_crt_m5zEB.jpg?r=1700618181,,,,,https://bgm.tv/character/70503,,70503
vndb-c154284,vndb,3,3,,前田庆次,前田 慶次,Maeda Keiji,,男,A,,Galgame,Galgame,イケメン戦国◆時をかける恋,美男战国◆穿越时空之恋,2015,Galgame,,祭と喧嘩が好きな傾奇者。利家とまつの甥っ子だが前田軍配下ではなく、家出して勢力としては独立している。過去の経験とおしどり夫婦である利家とまつの影響からか、天下統一よりも恋した相手を幸せにすることを何より大切に思い、出会う人々に恋とは何か問いかけながら各国を渡り歩く。夢吉という小さな猿をペットとして連れている。 道中に人助けもしており、時には上杉軍の兵士を助けたり、戦で町を追われた人々の誘導するなど、良い意味でお人よし。,160,0,160,5,,https://lain.bgm.tv/pic/crt/l/ea/38/11042_crt_77re7.jpg,https://lain.bgm.tv/r/400/pic/crt/l/ea/38/11042_crt_77re7.jpg,https://t.vndb.org/ch/84/181484.jpg,,,,https://bgm.tv/character/11042,https://vndb.org/c154284,11042
bgm-bgm19466,vndb,3,3,,,犬塚 小春,Inuzuka Koharu,,女,,,Galgame,Galgame,ぜったい遵守☆子作り許可証ぱらだいす!!～嗚呼、素晴らしき孕ま世界～,,2013,Galgame,"[{""t"":""ぜったい遵守☆子作り許可証ぱらだいす!!～嗚呼、素晴らしき孕ま世界～"",""cn"":"""",""ty"":""Galgame"",""y"":2013,""pop"":155},{""t"":""ぜったい遵守☆子作り許可証ぱらだいす!! ～嗚呼、素晴らしき孕ま世界～"",""cn"":"""",""ty"":""Galgame"",""y"":2013,""pop"":0}]",明るく人懐っこい亮祐のクラスメイト。 亮祐と知り合う以前から妹の瑠璃と仲が良く、瑠璃と遊ぶために家に来ては、ご飯を作ったり同人の手伝いをしている。 少々妄想癖があり、何かを妄想しては煙を出している。 小さい頃に母親を亡くし孤児院に引き取られたが、今は一人暮らしをしており、生活のために色んなアルバイトをしている。 極めて社交的で、商店街のおばちゃんたちなど町中の人々との交流がある。 「瑠璃ちゃんと約束してるんだけど、一緒に帰っていいかなっ？」,155,0,155,4,,https://lain.bgm.tv/pic/crt/l/f1/a5/19466_crt_H143Z.jpg,https://lain.bgm.tv/r/400/pic/crt/l/f1/a5/19466_crt_H143Z.jpg,https://t.vndb.org/ch/79/21679.jpg|https://t.vndb.org/ch/12/54412.jpg,,Twin Tails Shoulder-length Teen Slim Pale School Uniform Missionary Doggy Style Cowgirl Blowjob,,https://bgm.tv/character/19466,https://vndb.org/c17139,19466
vndb-c797,vndb,3,3,,野乃崎翼,野乃崎 つばさ,Nonosaki Tsubasa,,女,B,,Galgame,Galgame,もしも明日が晴れならば,假如明日天放晴,2006,Galgame,,明穂的妹妹，和明穂一样与主人公在同一个屋檐下生活。 同一所学校一年级的学生，演艺部所属。 将一樹称作「大哥哥」而仰慕着，同时在暗中也怀有着一丝爱慕之情。 虽然是积极努力的女孩子，但与姐姐不同，自己没有什么才华，因而一直处于每每努力却都没什么结果的不幸境遇。 性格坦率开朗，也喜欢为他人着想，虽然失去了明穂这唯一的亲人，表面上还是将精神的一面展现给大家。,151,0,151,18,,https://lain.bgm.tv/pic/crt/l/15/6f/11387_crt_d9c87.jpg,https://lain.bgm.tv/r/400/pic/crt/l/15/6f/11387_crt_d9c87.jpg,https://t.vndb.org/ch/92/47292.jpg,,Brown Shoulder-length School Uniform Hard Worker Orphan Cooking Doggy Style Sixty-nine Virgin Sex Blue,,https://bgm.tv/character/11387,https://vndb.org/c797,11387
al148546,anilist,3,3,,,イクス・エリサベッタ,Elizabetta Ix,,女,,17 (looks like),动画|漫画,动画,魔入りました！入間くん,入间同学入魔了,2019,动画,"[{""t"":""魔入りました！入間くん"",""cn"":""入间同学入魔了"",""ty"":""动画"",""y"":2019,""pop"":168432},{""t"":""魔入りました！入間くん 第2シリーズ"",""cn"":""入间同学入魔了 第二季"",""ty"":""动画"",""y"":2021,""pop"":106270},{""t"":""魔入りました！入間くん 第3シリーズ"",""cn"":""入间同学入魔了 第三季"",""ty"":""动画"",""y"":2022,""pop"":73866},{""t"":""魔入りました！入間くん 第4シリーズ"",""cn"":""入间同学入魔了 第四季"",""ty"":""动画"",""y"":2026,""pop"":41289},{""t"":""魔入りました！入間くん"",""cn"":""入间同学入魔了"",""ty"":""漫画"",""y"":2017,""pop"":37598},{""t"":""魔入りました！入間くん if Episode of 魔フィア"",""cn"":"""",""ty"":""漫画"",""y"":2023,""pop"":3813}]","Demon Aleph (Anime), Daleth (Manga) Favorability Floral Papillion 176 cm Elizabetta is a demon and student at Babyls. She is a member of the Misfits Class. Elizabetta can be described as calm and collected.",148,148,0,0,,https://s4.anilist.co/file/anilistcdn/character/large/b148546-2wnhsxJ3JWdk.jpg,https://s4.anilist.co/file/anilistcdn/character/medium/b148546-2wnhsxJ3JWdk.jpg,,,,https://anilist.co/character/148546,,,
al121011,anilist,3,3,,朱里小十郎,朱里小十郎,Kojuurou Shuri,,男,,16-19,动画|漫画,动画,政宗くんのリベンジ,政宗君的复仇,2017,动画,"[{""t"":""政宗くんのリベンジ"",""cn"":""政宗君的复仇"",""ty"":""动画"",""y"":2017,""pop"":243828},{""t"":""政宗くんのリベンジR"",""cn"":"""",""ty"":""动画"",""y"":2023,""pop"":86436},{""t"":""政宗くんのリベンジ OVA"",""cn"":"""",""ty"":""动画"",""y"":2018,""pop"":37546},{""t"":""政宗くんのリベンジ"",""cn"":""政宗君的复仇"",""ty"":""漫画"",""y"":2012,""pop"":33158},{""t"":""政宗くんのリベンジafter school"",""cn"":"""",""ty"":""漫画"",""y"":2018,""pop"":5680},{""t"":""政宗くんのリベンジ -engagement-"",""cn"":"""",""ty"":""漫画"",""y"":2023,""pop"":2342}]",頼りなさそうな外見から女子と間違われる事もある、 政宗のクラスメイト。 編入してきた政宗の相談相手であり友人である。 別名「総受けの小十郎きゅん」。,142,142,0,18,,https://lain.bgm.tv/pic/crt/l/51/74/42842_crt_yi6GR.jpg?r=1675668022,https://lain.bgm.tv/r/400/pic/crt/l/51/74/42842_crt_yi6GR.jpg?r=1675668022,https://storage.moegirl.org.cn/moegirl/commons/1/14/Shuri_Kojuurou2.jpg!/fw/480/watermark/url/L21vZWdpcmwvd2F0ZXJtYXJrLnBuZw==/align/southeast/margin/10x10/opacity/50?v=20161027124818|https://storage.moegirl.org.cn/moegirl/commons/1/14/Shuri_Kojuurou2.jpg|https://s4.anilist.co/file/anilistcdn/character/medium/b121011-LZJEUoqVCCxR.png|https://s4.anilist.co/file/anilistcdn/character/large/b121011-LZJEUoqVCCxR.png,,图源:moegirl,https://anilist.co/character/121011,https://bgm.tv/character/42842,,42842
bgm-bgm38526,vndb,3,3,,绫濑透华,綾瀬 透華,Ayase Touka,,女,,,Galgame,Galgame,PURELY×CATION,,2016,Galgame,"[{""t"":""PURELY×CATION"",""cn"":"""",""ty"":""Galgame"",""y"":2016,""pop"":139},{""t"":""PURELY×CATION"",""cn"":"""",""ty"":""Galgame"",""y"":2016,""pop"":0}]",新任の音楽教諭。 茶目っ気は強いが親身に接するスタンスで、早くも教え子たちの信頼を得ている。 女子から恋愛相談をされることも多いが、 自身に恋愛経験がないことを正直に伝えて、一般論でアドバイスしている。 それが “同じ目線でアドバイスをくれる相手” と、好評を博している。 「いいのよ。 リラックスして？ 怖くないわよ？」,139,0,139,9,,https://lain.bgm.tv/pic/crt/l/cd/33/38526_crt_K29yP.jpg,https://lain.bgm.tv/r/400/pic/crt/l/cd/33/38526_crt_K29yP.jpg,https://t.vndb.org/ch/81/51581.jpg,,Red Waist Length+ Curtained Brown Slim Pale School Uniform Missionary Doggy Style Cowgirl,,https://bgm.tv/character/38526,https://vndb.org/c42945,38526
bgm-bgm12113,vndb,3,3,,樱井舞人,桜井 舞人,Sakurai Maito,まいとにぃぃ,男,AB,,Galgame,Galgame,それは舞い散る桜のように,,2002,Galgame,"[{""t"":""それは舞い散る桜のように"",""cn"":"""",""ty"":""Galgame"",""y"":2002,""pop"":139},{""t"":""それは舞い散る桜のように"",""cn"":""繁花落舞恋如樱"",""ty"":""Galgame"",""y"":2002,""pop"":0},{""t"":""それは舞い散る桜のように-Re:BIRTH-"",""cn"":""繁花落舞恋如樱-Re:BIRTH-"",""ty"":""Galgame"",""y"":2023,""pop"":0},{""t"":""それは舞い散る桜のように 完全版"",""cn"":"""",""ty"":""Galgame"",""y"":2008,""pop"":0}]",私立桜坂学園の二年生でクラスはA組。学級委員長。幼少のころは桜坂市に住んでいたが、8年前に北海道雫内へ引っ越す。受験を機に桜坂市へ戻り、現在はアパート｢さくら荘｣に一人暮らしをしている。家族は母が一人いる。 性格は一言で言うとひねくれ者（本人曰く｢性格は母譲り｣らしい）。ボケ気質で変わった言動をして相手につっこまれるが、真面目な性格や同じボケの人間にも同じノリをして外すこともしばしば。,139,0,139,8,,https://lain.bgm.tv/pic/crt/l/1b/d4/12113_crt_KnNEI.jpg,https://lain.bgm.tv/r/400/pic/crt/l/1b/d4/12113_crt_KnNEI.jpg,https://t.vndb.org/ch/63/10563.jpg,,Brown Short Brown Teen Class President Funny Transfer Student,,https://bgm.tv/character/12113,https://vndb.org/c9667,12113
bgm-bgm118914,vndb,3,3,,,麻生 三月,Asou Mitsuki,,女,O,,Galgame,Galgame,Berry's,,2013,Galgame,"[{""t"":""Berry's"",""cn"":"""",""ty"":""Galgame"",""y"":2013,""pop"":137},{""t"":""Berry's"",""cn"":"""",""ty"":""Galgame"",""y"":2013,""pop"":0}]",,137,0,137,0,,https://lain.bgm.tv/pic/crt/l/50/85/118914_crt_3jLCg.jpg,https://lain.bgm.tv/r/400/pic/crt/l/50/85/118914_crt_3jLCg.jpg,https://t.vndb.org/ch/54/16354.jpg,,Black Waist Length+ Straight Brown Teen Slim Pale Dress Necktie Thigh-high Stockings,,https://bgm.tv/character/118914,https://vndb.org/c13114,118914
bgm-bgm92347,vndb,3,3,,,浅井 喜美子,Asai Kimiko,,女,A,,Galgame,Galgame,おっぱいの王者48～何も考えず目の前のおっぱい全部しゃぶれ！～,,2008,Galgame,"[{""t"":""おっぱいの王者48～何も考えず目の前のおっぱい全部しゃぶれ！～"",""cn"":"""",""ty"":""Galgame"",""y"":2008,""pop"":135},{""t"":""おっぱいの王者48～何も考えず目の前のおっぱい全部しゃぶれ！～"",""cn"":"""",""ty"":""Galgame"",""y"":2008,""pop"":0}]",An office lady.,135,0,135,3,,https://lain.bgm.tv/pic/crt/l/1c/fd/92347_crt_gQ2xG.jpg,https://lain.bgm.tv/r/400/pic/crt/l/1c/fd/92347_crt_gQ2xG.jpg,https://t.vndb.org/ch/69/14669.jpg,,Violet Long Slim Pale Standing Sex Blowjob Blue Young-adult Shirt Vest,,https://bgm.tv/character/92347,https://vndb.org/c7014,92347
bgm-bgm73676,vndb,3,3,,,鳴沢 律,Narusawa Ritsu,,女,B,,Galgame,Galgame,ママ×カノ～教え子のお母さんがエッチな先生で、娘の世話を焼いたら駄目ですか？～,,2019,Galgame,"[{""t"":""ママ×カノ～教え子のお母さんがエッチな先生で、娘の世話を焼いたら駄目ですか？～"",""cn"":"""",""ty"":""Galgame"",""y"":2019,""pop"":131},{""t"":""ママ×カノ＋ ～教え子のお母さんがエッチな先生で、娘もエッチになったら駄目ですか？～"",""cn"":"""",""ty"":""Galgame"",""y"":2020,""pop"":63},{""t"":""ママ×カノ＋ ～教え子のお母さんがエッチな先生で、娘もエッチになったら駄目ですか？～"",""cn"":"""",""ty"":""Galgame"",""y"":2020,""pop"":0},{""t"":""ママ×カノ～教え子のお母さんがエッチな先生で、娘の世話を焼いたら駄目ですか？～"",""cn"":"""",""ty"":""Galgame"",""y"":2019,""pop"":0}]",「亜由美」の娘で、「優奈」の親友。 活発で自由奔放で、時折何を考えているか分からない問題児。 運動神経は抜群で水泳で代表候補にもなっている。 その一方で学業には、あまり意欲的では無い。 その所為で、母の「亜由美」を困らせている。 鼻が良いのか、匂いに凄く敏感。 人懐っこい性格をしているせいか、「教」に興味を抱き懐いてしまう。 構って欲しいのか、色々と問題を起こしがちで実は甘えん坊。 「センセ、ワタシの事叱って欲しいなっ♪」,131,0,131,4,,https://lain.bgm.tv/pic/crt/l/67/af/73676_crt_Q1Os8.jpg,https://lain.bgm.tv/r/400/pic/crt/l/67/af/73676_crt_Q1Os8.jpg,https://t.vndb.org/ch/04/103704.jpg,,Red Ponytail Long Teen Slim Pale School Uniform Cowgirl Standing Sex Blowjob,,https://bgm.tv/character/73676,https://vndb.org/c85318,73676
bgm-bgm87060,vndb,3,3,,,桜宮 ひより,Sakuramiya Hiyori,Divine Fencer Hiyori,女,,,Galgame,Galgame,闇染Liberator －闇堕ち勇者と堕ちる戦姫－,,2020,Galgame,"[{""t"":""闇染Liberator －闇堕ち勇者と堕ちる戦姫－"",""cn"":"""",""ty"":""Galgame"",""y"":2020,""pop"":130},{""t"":""闇染Liberator－闇堕ち勇者と堕ちる戦姫－"",""cn"":"""",""ty"":""Galgame"",""y"":2020,""pop"":0}]",遥臣の同級生で、生徒会副会長。 文武両道、容姿端麗。大物政治家を父に持ち、強い責任感と向上心、奉仕精神を周囲のために振るえる、優等生なお嬢様。 遥臣のことは、学年首席の座を奪われたことから特別意識している。 ただ、それが負けず嫌いのライバル心なのか、別の何かなのかはよくわかっていない。 一人娘として大切に育てられてきたため、やや間違った一般常識を信じている。,130,0,130,6,,https://lain.bgm.tv/pic/crt/l/62/49/87060_crt_w66Ve.jpg,https://lain.bgm.tv/r/400/pic/crt/l/62/49/87060_crt_w66Ve.jpg,https://t.vndb.org/ch/66/110966.jpg,,Red Long Straight Teen Slim Pale School Uniform Cowgirl Standing Sex Sixty-nine,,https://bgm.tv/character/87060,https://vndb.org/c92068,87060
bgm-bgm28443,vndb,3,3,,,一条 初乃,Ichijou Uino,死の魔女プルミエ / Premier the Witch of Death,女,O,,Galgame,Galgame,ハーヴェストオーバーレイ,,2014,Galgame,"[{""t"":""ハーヴェストオーバーレイ"",""cn"":"""",""ty"":""Galgame"",""y"":2014,""pop"":129},{""t"":""ハーヴェストオーバーレイ リコネクション"",""cn"":"""",""ty"":""Galgame"",""y"":2014,""pop"":0}]",隣町のお嬢様学園に通っている女の子。 誰にでも優しく家事万能で、気配りができて可愛いものが大好き。 成績優秀で運動も得意、少し引っ込み思案だが慎み深く常識人。 全方位に完璧な正ヒロイン。 一方で、ARゲーム 『ハーヴェスト・オンリアル』 のβテストに参加し、露出の多い魔女（死神？）衣装を手に入れて以来、S気質のキャラに変貌。 次々と違反プレーヤーを血祭りに上げてアイテムを奪取する PKキャラになってしまった。,129,0,129,6,,https://lain.bgm.tv/pic/crt/l/3e/53/28443_crt_d4u4W.jpg,https://lain.bgm.tv/r/400/pic/crt/l/3e/53/28443_crt_d4u4W.jpg,https://t.vndb.org/ch/02/51202.jpg,,Black Twin Tails Waist Length+ Straight Teen Slim Pale Cooking Fighting Violet,,https://bgm.tv/character/28443,https://vndb.org/c42619,28443
bgm-bgm3207,bangumi,3,3,,祇堂鞠也,祇堂鞠也,Shidou Mariya,,其他,A,,动画|漫画,动画,まりあ†ほりっく,玛利亚狂热,2009,动画,"[{""t"":""まりあ†ほりっく"",""cn"":""玛利亚狂热"",""ty"":""动画"",""y"":2009,""pop"":0},{""t"":""まりあ†ほりっく あらいぶ"",""cn"":""玛利亚狂热 ALIVE"",""ty"":""动画"",""y"":2011,""pop"":0},{""t"":""君に、胸キュン。"",""cn"":"""",""ty"":""音乐"",""y"":2009,""pop"":0},{""t"":""るんるんりる らんらんらら／どうにもとまらない"",""cn"":"""",""ty"":""音乐"",""y"":2011,""pop"":0},{""t"":""まりあ†ほりっくアンソロジー"",""cn"":""瑪莉亞狂熱 爭奇鬥妍短篇集"",""ty"":""漫画"",""y"":2009,""pop"":0},{""t"":""スペシャルCD「寮長先生の歌謡ヒットチャンネル～第1の夜～」"",""cn"":"""",""ty"":""音乐"",""y"":2011,""pop"":0}]",高中一年生，佳奈子喜欢的谁看一眼都会觉的可爱的美少女，但是， 那是外在的优良演技而已.其实是个自知自己美貌的不折不扣的少年。 （装扮成女装在女校上学，是因为理事长的遗言，若做得到便可以接替理事长的位子） 双马尾，在学院中算是个超级美女。 弓道部成员，极度自恋，喜欢寻佳奈子开心。被佳奈子发现是男生之后强迫她和自己同居。 只有在佳奈子面前会露出腹黑性格。 因为小时候的“小熊猫事件”与志木绚璃（亲戚？）的关系非常差。 还有一个叫祗堂静珠双胞胎妹妹扮成男装在男校上学。,126,0,0,126,,https://lain.bgm.tv/pic/crt/l/74/48/3207_crt_iiUAI.jpg?r=1539484956,https://lain.bgm.tv/r/400/pic/crt/l/74/48/3207_crt_iiUAI.jpg?r=1539484956,,,,,https://bgm.tv/character/3207,,3207
al27719,anilist,3,3,,花园樱,花園さくら,Sakura Hanazono,,女,O,16,动画|漫画,动画,会長はメイド様!,会长是女仆大人！,2010,动画,"[{""t"":""会長はメイド様!"",""cn"":""会长是女仆大人！"",""ty"":""动画"",""y"":2010,""pop"":288287},{""t"":""会長はメイド様！"",""cn"":""会长是女仆大人！"",""ty"":""漫画"",""y"":2005,""pop"":36966},{""t"":""会長はメイド様！おまけだよ！"",""cn"":"""",""ty"":""动画"",""y"":2011,""pop"":30415},{""t"":""会長はメイド様!"",""cn"":""会长是女仆大人！"",""ty"":""动画"",""y"":2010,""pop"":0},{""t"":""会長はメイド様!"",""cn"":""会长是女仆大人！"",""ty"":""漫画"",""y"":2006,""pop"":0}]",美咲、しず子と仲がいい同級生。 数少ない女子の中でも、カワイイ容姿で男子に人気。 ミーハーで、カラオケと美咲が大好き。,125,125,0,11,,https://lain.bgm.tv/pic/crt/l/62/70/28516_crt_70BgE.jpg?r=1419641090,https://lain.bgm.tv/r/400/pic/crt/l/62/70/28516_crt_70BgE.jpg?r=1419641090,https://s4.anilist.co/file/anilistcdn/character/medium/b27719-7XSgfp9mdivy.jpg|https://s4.anilist.co/file/anilistcdn/character/large/b27719-7XSgfp9mdivy.jpg,,,https://anilist.co/character/27719,https://bgm.tv/character/28516,,28516
al120994,anilist,3,3,,鸥端乃莉子,鴎端のり子,Noriko Kamomebata,Moka / モカ,女,AB,16,动画|漫画,动画,クズの本懐,人渣的本愿,2017,动画,"[{""t"":""クズの本懐"",""cn"":""人渣的本愿"",""ty"":""动画"",""y"":2017,""pop"":182233},{""t"":""クズの本懐"",""cn"":""人渣的本愿"",""ty"":""漫画"",""y"":2012,""pop"":25107},{""t"":""クズの本懐 décor"",""cn"":"""",""ty"":""漫画"",""y"":2017,""pop"":5218},{""t"":""クズの本懐 (9) décor"",""cn"":""人渣的本愿 décor"",""ty"":""漫画"",""y"":2018,""pop"":0},{""t"":""クズの本懐"",""cn"":""人渣的本愿"",""ty"":""动画"",""y"":2017,""pop"":0},{""t"":""クズの本懐"",""cn"":""人渣的本愿"",""ty"":""漫画"",""y"":2012,""pop"":0}]",麦的青梅竹马。 喜欢麦。 从幼儿园开始就与花火水火不相容。,124,124,0,66,,https://lain.bgm.tv/pic/crt/l/e2/37/20408_crt_q8LQc.jpg?r=1479999911,https://lain.bgm.tv/r/400/pic/crt/l/e2/37/20408_crt_q8LQc.jpg?r=1479999911,https://s4.anilist.co/file/anilistcdn/character/medium/b120994-95F3iAZ1vbzB.jpg|https://s4.anilist.co/file/anilistcdn/character/large/b120994-95F3iAZ1vbzB.jpg,,,https://anilist.co/character/120994,https://bgm.tv/character/20408,,20408
bgm-bgm227,bangumi,3,3,,濑户灿,瀬戸燦,Seto Sun,,其他,,,动画,动画,瀬戸の花嫁,濑户的花嫁,2007,动画,"[{""t"":""瀬戸の花嫁"",""cn"":""濑户的花嫁"",""ty"":""动画"",""y"":2007,""pop"":0},{""t"":""瀬戸の花嫁 OVA"",""cn"":""濑户的花嫁 OVA"",""ty"":""动画"",""y"":2008,""pop"":0},{""t"":""瀬戸の花嫁 ミニアルバム SUNSHINE"",""cn"":"""",""ty"":""音乐"",""y"":2007,""pop"":0}]",濑户内鱼类联合濑户组组长的独生女兼本作的女主角。3月3日出生，是本作唯一有设定生日的角色。特征是浅褐色的长发与双眼，人鱼姿态下，鱼尾是桃红色。发现并救助在海中溺水的永澄，而且决定与其结婚的少女。原居于濑户内海，之后前往琦玉，在永澄的家中一起生活。平时如同一般的少女，加上她天然呆及友善待人的性格，吸引了不少人。但由于是黑道中人的关系，她对于“仁侠”十分执著，偶尔会进入称为仁侠模式的性格，出现自己饰演黑道女人的场面，拥有双重人格。名字的由来是Sun＝太阳。,124,0,0,124,,https://lain.bgm.tv/pic/crt/l/b3/e9/227_crt_pM9ZS.jpg,https://lain.bgm.tv/r/400/pic/crt/l/b3/e9/227_crt_pM9ZS.jpg,,,,,https://bgm.tv/character/227,,227
bgm-bgm132319,bangumi,3,3,,公主,姫,,,其他,,,动画|漫画,动画,姫様“拷問”の時間です 第2期,公主大人“拷问”的时间到了 第二季,2026,动画,"[{""t"":""姫様“拷問”の時間です 第2期"",""cn"":""公主大人“拷问”的时间到了 第二季"",""ty"":""动画"",""y"":2026,""pop"":0},{""t"":""姫様“拷問”の時間です"",""cn"":""公主大人“拷问”的时间到了"",""ty"":""动画"",""y"":2024,""pop"":0},{""t"":""姫様“拷問”の時間です"",""cn"":""公主大人，接下来是“拷问”时间"",""ty"":""漫画"",""y"":2019,""pop"":0}]",王女にして、国王軍第三騎士団の騎士団長。数々の戦場を生き抜き、多くの武勲をあげてきた。現在は魔王軍に囚われの身となり、“拷問”を受ける日々を送っている。厳しい教育と鍛錬を重ねた誇り高い孤高の騎士に見えるが……？,120,0,0,120,,https://lain.bgm.tv/pic/crt/l/60/81/132319_crt_OLd5I.jpg?r=1698678494,https://lain.bgm.tv/r/400/pic/crt/l/60/81/132319_crt_OLd5I.jpg?r=1698678494,,,,,https://bgm.tv/character/132319,,132319
bgm-bgm40049,vndb,3,3,,鸣上岚,鳴上 嵐,Narukami Arashi,鳴上 嵐 / 나루카미 아라시 / 岚姐 / 岚女士,男,B,,游戏|Galgame,Galgame,あんさんぶるスターズ！,,2015,Galgame,"[{""t"":""あんさんぶるスターズ！"",""cn"":"""",""ty"":""Galgame"",""y"":2015,""pop"":108},{""t"":""あんさんぶるスターズ!  ユニットソングCD 第2弾 vol.03 Knights"",""cn"":"""",""ty"":""音乐"",""y"":2016,""pop"":0},{""t"":""メルクストーリア - 癒術士と鈴のしらべ -"",""cn"":""梅露可物语 - 愈术士与铃之旋律 -"",""ty"":""游戏"",""y"":2014,""pop"":0},{""t"":""あんさんぶるスターズ! アルバムシリーズ Knights"",""cn"":"""",""ty"":""音乐"",""y"":2018,""pop"":0},{""t"":""あんさんぶるスターズ! ユニットソングCD Vol.2 Knights"",""cn"":"""",""ty"":""音乐"",""y"":2015,""pop"":0},{""t"":""あんさんぶるスターズ!  ユニットソングCD 3rdシリーズ vol.2 Knights"",""cn"":"""",""ty"":""音乐"",""y"":2017,""pop"":0}]",気さくで明るいオネェ口調の青年。主人公に対しては『お姉ちゃん』として可愛がっている。『なんでもほどほど』が信条。器用で、あらゆる分野に手を出すものの、本気で取り組まない。 自分に自身があり、人に見られる仕事が好きなナルシスト。椚 章臣先生は元先輩モデル。『がんばる男の子』が大好き。ユニット『Knights』に所属。,108,0,108,11,,https://lain.bgm.tv/pic/crt/l/b2/0f/40049_crt_WxCO7.jpg,https://lain.bgm.tv/r/400/pic/crt/l/b2/0f/40049_crt_WxCO7.jpg,https://t.vndb.org/ch/24/140224.jpg,,Blond Short Teen Pale Blue Friend Singing Idol High School Student Kind,,https://bgm.tv/character/40049,https://vndb.org/c117885,40049
bgm-bgm23906,vndb,3,3,,,朱宮 桜,Akemiya Sakura,,女,,,Galgame,Galgame,らぶ♥らぶ♥らいふ ～お嬢様７人とラブラブハーレム生活～,,2014,Galgame,"[{""t"":""らぶ♥らぶ♥らいふ ～お嬢様７人とラブラブハーレム生活～"",""cn"":"""",""ty"":""Galgame"",""y"":2014,""pop"":107},{""t"":""らぶらぶらいふ ～お嬢様7人とラブラブハーレム生活～"",""cn"":"""",""ty"":""Galgame"",""y"":2014,""pop"":0}]",当初は、主人公の 「ハーレムを目指す」 という言葉を聞いて冷めた視線を送っていた。 しかし、紆余曲折があり、主人公のことが好きになる。 周りに誰かがいると主人公に対してツンツンした態度を取ってしまうが、二人っきりになると彼に対してものすごく甘えたがりになる。 ☆エッチな性癖 !? 騙されやすく、なんでもしちゃう系のエッチが豊富。 行為の後は拗ねてみたり、エロ可愛さ全開！ 「そこに膝を揃えて座りなさい。 んふっ♪ 膝枕気持ちいい～♪」,107,0,107,8,,https://lain.bgm.tv/pic/crt/l/26/9a/23906_crt_z55O2.jpg,https://lain.bgm.tv/r/400/pic/crt/l/26/9a/23906_crt_z55O2.jpg,https://t.vndb.org/ch/72/91572.jpg,,Red Ahoge Waist Length+ Teen Slim Pale School Uniform Cowgirl Standing Sex Blowjob,,https://bgm.tv/character/23906,https://vndb.org/c17387,23906
vndb-c21074,vndb,3,3,,,,Marius Blitz,Mazza,男,,,Galgame,Galgame,Lucky Rabbit Reflex!,,2011,Galgame,,"A witty, sarcastic young man, Marius considers himself a hit with the ladies. Friendly and approachable, he makes an effort to help newcomers and is always ready to show the heroine the ropes at her new school. [From official site]",101,0,101,0,,https://t.vndb.org/ch/35/26135.jpg,https://t.vndb.org/ch/35/26135.jpg,,#866d39 #321d0d #cfc39e #e1decf #f4f4f1 #ffffff,Brown Waist Length+ Brown Teen School Uniform Student Dark Lazy Carefree Friendly,,,https://vndb.org/c21074,
bgm-bgm34367,vndb,3,3,,,兎波 こころ,Tonami Kokoro,,女,AB,,Galgame,Galgame,恋愛フェイズ,,2015,Galgame,"[{""t"":""恋愛フェイズ"",""cn"":"""",""ty"":""Galgame"",""y"":2015,""pop"":101},{""t"":""恋愛フェイズ"",""cn"":"""",""ty"":""Galgame"",""y"":2015,""pop"":0}]",無口系ロリクール。 主人公と涼羽とは幼なじみの関係。 隣が主人公の家で、昔はよくリビングや窓を利用して行き来していた。 昔から主人公によく付いて回り、甘やかされていた。 主人公の膝がマイプレイス。 主人公と付き合うことになって “恋” を知っていく。 “好き” という感情を自覚し、今までの行動が少し恥ずかしくなって、 くっつくだけでなく 時々離れるようになったり、甘噛みしてきたりするようになる。 「ここは私の定位置。 誰にもゆずらない」,101,0,101,12,,https://lain.bgm.tv/pic/crt/l/52/b4/34367_crt_c3p0w.jpg,https://lain.bgm.tv/r/400/pic/crt/l/52/b4/34367_crt_c3p0w.jpg,https://t.vndb.org/ch/73/41673.jpg,,Blond Waist Length+ Straight Teen Slim Pale School Uniform Virgin Sex Green Scarf,,https://bgm.tv/character/34367,https://vndb.org/c34629,34367
bgm-bgm13377,bangumi,3,3,,袴田日向,袴田ひなた,Hakamada Hinata,,其他,O,,动画|漫画,动画,ロウきゅーぶ！SS,萝球社！SS,2013,动画,"[{""t"":""ロウきゅーぶ！SS"",""cn"":""萝球社！SS"",""ty"":""动画"",""y"":2013,""pop"":0},{""t"":""ロウきゅーぶ！"",""cn"":""萝球社！"",""ty"":""动画"",""y"":2011,""pop"":0},{""t"":""ロウきゅーぶ!"",""cn"":""萝球社！"",""ty"":""漫画"",""y"":2009,""pop"":0},{""t"":""「ロウきゅーぶ! SS」Character Songs 05 袴田ひなた(小倉 唯)"",""cn"":"""",""ty"":""音乐"",""y"":2013,""pop"":0},{""t"":""「ロウきゅーぶ! 」キャラクターソング ベスト\""スコアブック\"""",""cn"":"""",""ty"":""音乐"",""y"":2013,""pop"":0},{""t"":""TVアニメ ロウきゅーぶ！ キャラクターCD Character Songs04 袴田ひなた"",""cn"":"""",""ty"":""音乐"",""y"":2011,""pop"":0}]","慧心学园初等部6年C组，女子篮球部部员。性格天然，有着让人涌起保护欲望的容貌，班上有一半男生都对她抱有好感，她也因此有""INNOCENT CHARM""的别名。生日是3月3日，血型是O型，身高131CM，喜欢的食物是牛奶（要甜的），场上位置是控球后卫。后来控球后卫由纱季来当。 在班上担任照顾动物的工作。成绩上好与不好的相差很大，不擅长数理和阅读测验。专长是绘画，和动物对话(是唯一能跟慧心的动物小屋里那只巨大的老山羊""主人""沟通的人类？)。兴趣是画画，和学校的动物一起玩。",98,0,0,98,,https://lain.bgm.tv/pic/crt/l/67/21/13377_crt_dFDEE.jpg?r=1374385922,https://lain.bgm.tv/r/400/pic/crt/l/67/21/13377_crt_dFDEE.jpg?r=1374385922,,,,,https://bgm.tv/character/13377,,13377
bgm-bgm165373,vndb,3,3,,,大平 悠希,Oohira Yuuki,,男,,,Galgame,Galgame,恋する姉妹の六重奏,恋爱姐妹六重奏,2014,Galgame,"[{""t"":""恋する姉妹の六重奏"",""cn"":""恋爱姐妹六重奏"",""ty"":""Galgame"",""y"":2014,""pop"":98},{""t"":""恋する姉妹の六重奏"",""cn"":""恋爱姐妹六重奏"",""ty"":""Galgame"",""y"":2014,""pop"":0}]",翔馬の一つ年下であり、残念ながら拓海の弟。 純粋無垢を絵に描いたような男の子で、仲間内のマスコット的存在。 女子からの人気が非常に高く、膝を擦り剥いただけで一騒動起きるほど。 兄曰く 「地上に舞い降りた最後の天使」。,98,0,98,0,,https://lain.bgm.tv/pic/crt/l/2b/6c/165373_crt_SdkzK.jpg,https://lain.bgm.tv/r/400/pic/crt/l/2b/6c/165373_crt_SdkzK.jpg,https://t.vndb.org/ch/66/21566.jpg,,Violet Ahoge Short Slim Pale School Uniform Amber Kid Kouhai High School Student,,https://bgm.tv/character/165373,https://vndb.org/c17021,165373
bgm-bgm27757,vndb,3,3,,,東雲 棗,Shinonome Natsume,,女,,,Galgame,Galgame,残念な俺達の青春事情。,,2014,Galgame,"[{""t"":""残念な俺達の青春事情。"",""cn"":"""",""ty"":""Galgame"",""y"":2014,""pop"":97},{""t"":""残念な俺達の青春事情"",""cn"":"""",""ty"":""Galgame"",""y"":2014,""pop"":0}]",ふんわりとしたやわらかな雰囲気を持った、オヤジギャグが大好きなお姉さん。 非公式生徒会の中では一番の年上ながら、それに触れると怒る。 現在は親元を離れて一人暮らしをしているものの、自活能力がゼロのためしょっちゅう他のメンバーから世話を焼かれている。 読書趣味の影響か持っている知識の量は誰もが舌を巻くほどで、みんなからは知恵袋役として重宝されている。 「もう…… 頼りないかもしれないですけど、これでもお姉さんなんですからね」,97,0,97,15,,https://lain.bgm.tv/pic/crt/l/8d/31/27757_crt_oR1kO.jpg,https://lain.bgm.tv/r/400/pic/crt/l/8d/31/27757_crt_oR1kO.jpg,https://t.vndb.org/ch/22/28822.jpg,,White Long Teen Slim Pale School Uniform Doggy Style Virgin Sex Amber Pantyhose,,https://bgm.tv/character/27757,https://vndb.org/c23230,27757
bgm-bgm106433,vndb,3,3,,,八坂 柊,Yasaka Hiiragi,,女,A,,Galgame,Galgame,ネコと女子寮せよ！,,2022,Galgame,"[{""t"":""ネコと女子寮せよ！"",""cn"":"""",""ty"":""Galgame"",""y"":2022,""pop"":97},{""t"":""ネコと女子寮（ワカイ）せよ！"",""cn"":""女仆咖啡厅与魔法女子寮"",""ty"":""Galgame"",""y"":2022,""pop"":0}]",あどけない容姿をしているが八坂兄妹のいとこの姉。寮の管理人兼カフェ店長をしている。 業務をそつなくこなし、性格は明るくサッパリいつもニコニコ。近所の住人や寮に住んでいる学生からも人気が高く、いつも頼りにされている。……が、お酒だけにはてんで弱い。 ふたりの兄妹のことを深く愛しており、しかし勇気には仕事を問答無用に手伝わせる（愛のムチ）。 レベル１０程度の各種魔法を扱うことが出来るが、世間にバレることを懸念して封印している。魔法が使えること自体は八坂家しか知らない。,97,0,97,2,,https://lain.bgm.tv/pic/crt/l/4e/af/106433_crt_O0lft.jpg,https://lain.bgm.tv/r/400/pic/crt/l/4e/af/106433_crt_O0lft.jpg,https://t.vndb.org/ch/26/126026.jpg,,Pink Ahoge Shoulder-length Slim Pale Magician Blowjob Amber Kid Apron,,https://bgm.tv/character/106433,https://vndb.org/c104594,106433
vndb-c43775,vndb,3,3,,,アサカ,Asaka,,男,,,Galgame,Galgame,戦場の円舞曲,战场的圆舞曲,2014,Galgame,,ランのクラスメイト。 非常に穏やかな性格で、 みんなをまとめることも多い委員長タイプ。 はるか東方の国の血を引いているらしく、 ”刀”という特殊な武器を使っている。,90,0,90,1,,https://lain.bgm.tv/pic/crt/l/a3/82/26019_crt_HKGCK.jpg?r=1420588091,https://lain.bgm.tv/r/400/pic/crt/l/a3/82/26019_crt_HKGCK.jpg?r=1420588091,https://t.vndb.org/ch/71/101571.jpg,,Opposite Gender Voiced,,https://bgm.tv/character/26019,https://vndb.org/c43775,26019
vndb-c65959,vndb,3,3,,矢泽丈,矢澤 丈,Yazawa Joe,,男,AB,,Galgame,Galgame,ダウト～嘘つきオトコは誰？～,揭穿！说谎的男人是谁？,2015,Galgame,,自身のファョンブランド“KOEYAZAWA”を経営する天才デザイナー。その個性的なクローズは世界のファッショニスタを魅了する。彼と付き合えば日本一のオシャレカップルとして注目されること間違いなし!,90,0,90,0,,https://lain.bgm.tv/pic/crt/l/7b/68/95867_crt_0Q0ZB.jpg,https://lain.bgm.tv/r/400/pic/crt/l/7b/68/95867_crt_0Q0ZB.jpg,https://t.vndb.org/ch/99/79299.jpg,,Blond Short Brown Trousers Young-adult Trench Coat Earrings T-shirt Gloves Yandere,,https://bgm.tv/character/95867,https://vndb.org/c65959,95867
bgm-bgm1699,bangumi,3,3,,百目鬼静,百目鬼静,Doumeki Shizuka,,其他,,,动画|漫画,动画,×××HOLiC◆継,×××HOLiC◆继,2008,动画,"[{""t"":""×××HOLiC◆継"",""cn"":""×××HOLiC◆继"",""ty"":""动画"",""y"":2008,""pop"":0},{""t"":""×××HOLiC"",""cn"":""×××HOLiC"",""ty"":""漫画"",""y"":2003,""pop"":0},{""t"":""×××HOLiC"",""cn"":"""",""ty"":""动画"",""y"":2006,""pop"":0},{""t"":""×××HOLiC・籠"",""cn"":""×××HOLiC 笼"",""ty"":""动画"",""y"":2010,""pop"":0},{""t"":""×××HOLiC・籠 あだゆめ"",""cn"":""×××HOLiC・笼 徒梦"",""ty"":""动画"",""y"":2011,""pop"":0},{""t"":""×××HOLiC・戻"",""cn"":""×××HOLiC・戻"",""ty"":""漫画"",""y"":2013,""pop"":0}]",四月一日的同学，学级委员。参加弓道社、是一间庙宇住持的独生子。 有着除魔力量的灵能力者，因此邪灵不敢靠近，但他本身看不见这些东西，雨童女亦说其有“洁净的气息”。 长的很帅，有很重的双眼皮，是很多女生所追求的对象。看起来沉默寡言，但和四月一日一起时就经常吐嘈及捉弄四月一日并和他吵架，但其实和四月一日很有默契和友情，心里也默默地在重视著四月一日。,86,0,0,86,,https://lain.bgm.tv/pic/crt/l/0b/69/1699_crt_3I31A.jpg?r=1416813491,https://lain.bgm.tv/r/400/pic/crt/l/0b/69/1699_crt_3I31A.jpg?r=1416813491,,,,,https://bgm.tv/character/1699,,1699
vndb-c23262,vndb,3,3,,,芹沢 涼々,Serizawa Suzu,,女,O,,Galgame,Galgame,しあわせ家族部,,2012,Galgame,,,86,0,86,0,,https://t.vndb.org/ch/48/87848.jpg,https://t.vndb.org/ch/48/87848.jpg,,#a27f7f #47444d #f2e7d9 #c5c2c2 #f3f3f2 #ffffff,Black Bun School Uniform Violet Hair Ribbon Thigh-high Stockings Kouhai High School Student Bikini Yukata,,,https://vndb.org/c23262,
bgm-bgm24456,vndb,3,3,,湊美羽,湊 美羽,Minato Miu,,女,AB,,Galgame,Galgame,さくら、咲きました。,,2012,Galgame,"[{""t"":""さくら、咲きました。"",""cn"":"""",""ty"":""Galgame"",""y"":2012,""pop"":84},{""t"":""さくら、咲きました。"",""cn"":""樱花开了。"",""ty"":""Galgame"",""y"":2012,""pop"":0}]",无口而冷漠，头脑聪明，但对周围漠不关心、看透人生的新部员。虽然看上去没有干劲，但从不会拒绝他人的委托，很难看透她在想些什么。虽然觉得关照她的主人公和燕很烦人，但并不讨厌自由主义的部长。负责对满载槽点的部员们吐槽。 在游戏店『ディーガル』打工，宣言兴趣是工口游戏。 「前辈，好烦。如果给钱的话，我还是可以听你哔哔的」,84,0,84,25,,https://lain.bgm.tv/pic/crt/l/d1/74/24456_crt_q5GmP.jpg,https://lain.bgm.tv/r/400/pic/crt/l/d1/74/24456_crt_q5GmP.jpg,https://t.vndb.org/ch/82/32782.jpg,,Blond Twin Tails Waist Length+ Slim Pale School Uniform Orphan Missionary Standing Sex Blowjob,,https://bgm.tv/character/24456,https://vndb.org/c26808,24456
vndb-c52631,vndb,3,3,,,八重樫 寧々,Yaegashi Nene,,女,,,Galgame,Galgame,残念な姉との幸福論,,2016,Galgame,,,84,0,84,0,,https://t.vndb.org/ch/33/62933.jpg,https://t.vndb.org/ch/33/62933.jpg,,#52556f #af8e89 #e5c4a7 #f3e5cd #f5f1ee #ffffff,Blond Waist Length+ School Uniform Cooking Doggy Style Cowgirl Standing Sex Blowjob Virgin Sex Green,,,https://vndb.org/c52631,
vndb-c88910,vndb,3,3,,,野々宮 空,Nonomiya Sora,,女,AB,,Galgame,Galgame,シスターレッスン,,2020,Galgame,,,83,0,83,0,1,https://t.vndb.org/ch/01/107901.jpg,https://t.vndb.org/ch/01/107901.jpg,,#5a445a #a67b7d #ddbdc0 #f8e0d1 #f6f1f3 #ffffff,Virgin Sex Wife Mother Pregnancy Wedding Dress Female Ejaculation Wedding Cunnilingus Vaginal Fingering Middle Sister,,,https://vndb.org/c88910,
vndb-c8553,vndb,3,3,,,花之宮 良子,Hananomiya Yoshiko,,女,O,,Galgame,Galgame,世界征服彼女,,2010,Galgame,"[{""t"":""世界征服彼女"",""cn"":"""",""ty"":""Galgame"",""y"":2010,""pop"":78},{""t"":""World Wide Love! 世界征服彼女ファンディスク"",""cn"":"""",""ty"":""Galgame"",""y"":2011,""pop"":36}]",,78,0,78,0,,https://t.vndb.org/ch/56/10756.jpg,https://t.vndb.org/ch/56/10756.jpg,,#2c2a34 #616675 #dcd3d0 #a9a6ab #f4f1e9 #ffffff,Black Twin Tails Long Ignorant Stubborn Naive Garnet Docile Younger Sister Spiky Bangs,,,https://vndb.org/c8553,
vndb-c40172,vndb,3,3,,,アリーシヤ・ハモンド,Alesha Hammond,,女,,,Galgame,Galgame,聖鍵遣いの命題,,2016,Galgame,,"The kind of silent girl that would read a book in a corner. Isn't good with crowds or talking to people. Though it's hidden by her uniform, has a surprisingly nice body.",76,0,76,0,,https://t.vndb.org/ch/21/48921.jpg,https://t.vndb.org/ch/21/48921.jpg,,#d3ada7 #977678 #ded5d2 #eeebe9 #f9f8f5,Pink Short Teen Slim Pale Swordsmanship Missionary Doggy Style Blowjob Virgin Sex,,,https://vndb.org/c40172,
bgm-bgm19197,bangumi,3,3,,生野艾米露,生野えみる,,,其他,O,,动画|漫画,漫画,ノ・ゾ・キ・ア・ナ,偷·窥·孔,2009,漫画,"[{""t"":""ノ・ゾ・キ・ア・ナ"",""cn"":""偷·窥·孔"",""ty"":""漫画"",""y"":2009,""pop"":0},{""t"":""ノ・ゾ・キ・ア・ナ"",""cn"":""偷·窥·的·小·洞"",""ty"":""动画"",""y"":2013,""pop"":0},{""t"":""ノ・ゾ・キ・ア・ナ"",""cn"":""孔中窥见真理之貌"",""ty"":""其他"",""y"":2014,""pop"":0}]",デザイン学校に通う龍彦とは同級生でアパートの隣人。 龍彦に興味を持ち龍彦の部屋を覗くことで興奮する性癖を持つ。 ポーカーフェイスで、龍彦に思いを寄せているような行動や発言をしているが、真意はどうか不明。 好きなものは眠気覚ましのコーヒー。,75,0,0,75,,https://lain.bgm.tv/pic/crt/l/1d/00/19197_crt_fGQOI.jpg?r=1460175783,https://lain.bgm.tv/r/400/pic/crt/l/1d/00/19197_crt_fGQOI.jpg?r=1460175783,,,,,https://bgm.tv/character/19197,,19197
bgm-bgm34720,vndb,3,3,,,紅林 司,Kurebayashi Tsukasa,,男,A,,Galgame,Galgame,HoneyComing -ハニーカミング-,,2007,Galgame,"[{""t"":""HoneyComing -ハニーカミング-"",""cn"":"""",""ty"":""Galgame"",""y"":2007,""pop"":75},{""t"":""@HoneyComing RoyalSweet"",""cn"":"""",""ty"":""Galgame"",""y"":2009,""pop"":46},{""t"":""＠HoneyComing RoyalSweet PremiumEdition"",""cn"":"""",""ty"":""Galgame"",""y"":2009,""pop"":0},{""t"":""HoneyComing"",""cn"":"""",""ty"":""Galgame"",""y"":2007,""pop"":0}]",愛嬌学園の教師。 一見女性だが、実は男性。 苺とは昔からの腐れ縁。 苺と同じく愛嬌学園の教師。いつも和服姿で行動している。苺と違ってとても落ちついた性格。容姿や言動は女性のようだが性別は男。苺とは愛嬌学園在学時の同級生でもあり、頭に血が上りやすい彼女と対等以上に渡り合える。恋愛授業では主に女子生徒を指導する。未央が所属する演劇部の顧問を務めている。クレアルートでは女子寮の寮母も務めていることが判明する。保健医の代わりに保健室にいることも多い。,75,0,75,4,,https://lain.bgm.tv/pic/crt/l/12/57/34720_crt_771lK.jpg,https://lain.bgm.tv/r/400/pic/crt/l/12/57/34720_crt_771lK.jpg,https://t.vndb.org/ch/87/55187.jpg,,Black Ponytail Long Trap Violet Teacher Yukata Blunt Bangs Sidehair Opposite Gender Voiced,,https://bgm.tv/character/34720,https://vndb.org/c45842,34720
bgm-bgm21748,vndb,3,3,,山之上天叶,山之上 天葉,Yamanoue Amaha,,女,,,Galgame,Galgame,1番じゃなきゃダメですかっ？,,2013,Galgame,"[{""t"":""1番じゃなきゃダメですかっ？"",""cn"":"""",""ty"":""Galgame"",""y"":2013,""pop"":74},{""t"":""1番じゃなきゃダメですかっ？"",""cn"":"""",""ty"":""Galgame"",""y"":2013,""pop"":0}]",みんなが通う国青館学院の生徒会長。 こういう作品にはやっぱり付きもの。いてくれないとなにか寂しいポジションの先輩。 生徒会長の座に就いたのは伊達ではなく、学問・運動・リーダーシップなど、すべてにおいて高い能力を有している。 ただし、ツメの甘さにも定評があり、ちょっといじると結構簡単に威厳という皮を剥いでしまうので、そこがまた可愛かったりする。 なお、瑠璃が理事長の娘ということもあり色々と張り合ってしまうが、決して嫌い合っているわけではない。,74,0,74,2,,https://lain.bgm.tv/pic/crt/l/41/c8/21748_crt_i2k1f.jpg,https://lain.bgm.tv/r/400/pic/crt/l/41/c8/21748_crt_i2k1f.jpg,https://t.vndb.org/ch/70/26970.jpg,,Blond Waist Length+ Teen Slim Pale School Uniform Hard Worker Amber Thigh-high Stockings Student Council President,,https://bgm.tv/character/21748,https://vndb.org/c21754,21748
bgm-bgm55282,bangumi,3,3,,燕结芽,燕結芽,Tsubakuro Yume,,其他,B,,动画|漫画|游戏,动画,みにとじ,迷你刀使,2019,动画,"[{""t"":""みにとじ"",""cn"":""迷你刀使"",""ty"":""动画"",""y"":2019,""pop"":0},{""t"":""刀使ノ巫女"",""cn"":""刀使的巫女"",""ty"":""动画"",""y"":2018,""pop"":0},{""t"":""刀使ノ巫女 刻みし一閃の燈火"",""cn"":""刀使巫女 刻印一闪的灯火"",""ty"":""游戏"",""y"":2018,""pop"":0},{""t"":""刀使ノ巫女 琉球剣風録"",""cn"":""刀使的巫女 琉球剑风录"",""ty"":""漫画"",""y"":2019,""pop"":0},{""t"":""刀使ノ巫女 コンセプトワークス 同梱ドラマCD『春の訪れ』"",""cn"":""刀使的巫女 Concept Works 同梱Drama CD『春の訪れ』"",""ty"":""音乐"",""y"":2018,""pop"":0}]",“不出动的话，不就没法表现我的厉害之处了吗” 折神家亲卫队第四席。她是亲卫队里最年轻，同时也是最擅长使用剑术的人。她的实力凌驾于剑术大会二连霸的真希之上，是天才的刀使。虽然天赋异禀，但她的性格与她的年龄相符，如同孩子一般，她的开光一旦被开启就没有人能够阻止她。正因如此，周围的人都对她多有防范，总是不让她出击。她本人对此很不满。 御刀：笑面青江 缩短太刀的长度，代之以胁指（腰刀）尺寸的刀。传说中是曾经斩杀了微笑女幽灵的刀。,73,0,0,73,,https://lain.bgm.tv/pic/crt/l/b3/12/55282_crt_5Rua2.jpg?r=1515255010,https://lain.bgm.tv/r/400/pic/crt/l/b3/12/55282_crt_5Rua2.jpg?r=1515255010,,,,,https://bgm.tv/character/55282,,55282
bgm-bgm118162,vndb,3,3,,,風間 望,Kazama Nozomu,,男,AB,,Galgame,Galgame,アパシーミッドナイト・コレクション～Vol.1～,,2007,Galgame,"[{""t"":""アパシーミッドナイト・コレクション～Vol.1～"",""cn"":"""",""ty"":""Galgame"",""y"":2007,""pop"":71},{""t"":""アパシー学校であった怖い話～Visual Novel Version～"",""cn"":"""",""ty"":""Galgame"",""y"":2007,""pop"":26},{""t"":""学校であった怖い話"",""cn"":"""",""ty"":""Galgame"",""y"":1995,""pop"":24},{""t"":""学校であった恋い話"",""cn"":"""",""ty"":""Galgame"",""y"":2008,""pop"":3},{""t"":""学恋２～運命愛は命がけ～"",""cn"":"""",""ty"":""Galgame"",""y"":2009,""pop"":1},{""t"":""学恋～愛と呪いとヴァレンタイン～"",""cn"":"""",""ty"":""Galgame"",""y"":2009,""pop"":1}]",「嫌な匂いを妨げる方法はないんだよ。」 クラス：鳴神学園三年Ｈ組 性別：男性 年齢：17歳 誕生日：３月３日 身長：181ｃｍ 体重：66ｋ 語り部の一人。 何を考えているのか、どこまでが本気なのか、 その言動からは図れない不思議な人物。,71,0,71,0,,https://lain.bgm.tv/pic/crt/l/15/56/118162_crt_KTN5H.jpg,https://lain.bgm.tv/r/400/pic/crt/l/15/56/118162_crt_KTN5H.jpg,https://t.vndb.org/ch/33/113233.jpg|https://t.vndb.org/ch/17/113217.jpg,,Brown Short Brown Teen Pale School Uniform Handgun Boku Murder High School Student,,https://bgm.tv/character/118162,https://vndb.org/c93913,118162
bgm-bgm38899,vndb,3,3,,云母坂枫,雲母坂 楓,Kirarazaka Kaede,Kazehime / 風姫,女,B,,Galgame,Galgame,桜吹雪～千年の恋をしました～,,2009,Galgame,"[{""t"":""桜吹雪～千年の恋をしました～"",""cn"":"""",""ty"":""Galgame"",""y"":2009,""pop"":70},{""t"":""花鳥風月 ～恋ニヲチタル花園ノ姫～"",""cn"":"""",""ty"":""Galgame"",""y"":2009,""pop"":29},{""t"":""桜吹雪～千年の恋をしました～"",""cn"":""樱吹雪 ～千年之恋～"",""ty"":""Galgame"",""y"":2009,""pop"":0},{""t"":""花鳥風月 ～恋ニヲチタル花園ノ姫～"",""cn"":""花鸟风月 ～坠入爱河的花园之姬～"",""ty"":""Galgame"",""y"":2009,""pop"":0}]",幼い容姿をしているが3年生。花園会の一員・風姫の座に位置する。 実家である 『キララグループ』 は国内有数の大財閥であり、花宮でもトップクラスの超絶お嬢様。 しかし、本人は見た目通りの飾らぬ性格、というよりも極めて子供っぽい性格をしており、明るく社交的。 突飛な言動で、花園会の他の面々も手を焼かされることが多々あるが、持ち前の根性と明るさでなんとかしてしまうこともしばしば。,70,0,70,7,,https://lain.bgm.tv/pic/crt/l/5a/52/38899_crt_LPD55.jpg,https://lain.bgm.tv/r/400/pic/crt/l/5a/52/38899_crt_LPD55.jpg,https://t.vndb.org/ch/79/44979.jpg,,Blond Twin Tails Slim Pale School Uniform Hard Worker Student Amber Kid Skirt,,https://bgm.tv/character/38899,https://vndb.org/c855,38899
bgm-bgm29729,vndb,3,3,,立华林多,立華 リンド,Tachibana Lindo,立华林德,男,,,动画|Galgame,Galgame,Dance with Devils,,2016,Galgame,"[{""t"":""Dance with Devils"",""cn"":"""",""ty"":""Galgame"",""y"":2016,""pop"":69},{""t"":""Dance with Devils My Carol"",""cn"":"""",""ty"":""Galgame"",""y"":2018,""pop"":8},{""t"":""Dance with Devils"",""cn"":""与魔共舞"",""ty"":""Galgame"",""y"":2018,""pop"":0},{""t"":""Dance with Devils My Carol"",""cn"":""与魔共舞 我的颂歌"",""ty"":""Galgame"",""y"":2018,""pop"":0},{""t"":""Dance with Devils"",""cn"":""与魔共舞"",""ty"":""动画"",""y"":2015,""pop"":0},{""t"":""Dance with Devils ユニットシングル2 立華リンド vs ジェキ"",""cn"":"""",""ty"":""音乐"",""y"":2016,""pop"":0}]",主人公の兄で高校三年生。 留学先のイギリスから、一年ぶりに戻ってきた。 普段はストイックで、ぶっきらぼう。その実、妹思いの優しい兄で、家事全般を得意とする面倒見の良さも持ち合わせる。 だが、その裏では、エクソシストとしてアクマを滅ぼすための活動を行っている。 妹を思うあまり、行き過ぎた行動に走ることも。,69,0,69,3,,https://lain.bgm.tv/pic/crt/l/fa/de/29729_crt_yPCRd.jpg?r=1445624174,https://lain.bgm.tv/r/400/pic/crt/l/fa/de/29729_crt_yPCRd.jpg?r=1445624174,https://t.vndb.org/ch/47/132547.jpg,,Red Slim Trousers Sword Cooking Young-adult Jacket Yandere Ore Stoic,,https://bgm.tv/character/29729,https://vndb.org/c42156,29729
bgm-bgm79736,bangumi,3,3,,,ジョゼ,Jose,山村久美子,其他,,,动画,动画,ジョゼと虎と魚たち,乔西的虎与鱼,2020,动画,,愛読書にちなんで、自らを「ジョゼ」と名乗る。祖母とふたり暮らしで、車椅子で生活している。好きなことは本を読むことと絵を描くこと。ほとんどを家の中で過ごしているため外の世界への憧れが強く、魚のように好きな場所へ泳いでゆく空想に浸っている。 可愛らしい見た目と裏腹に口が悪い。 恒夫いわく、「フワフワしたカッコしてるクセ、口を開くとチクチクチクチク。アマクサクラゲかよ！」。,67,0,0,67,,https://lain.bgm.tv/pic/crt/l/42/3f/79736_crt_939Ep.jpg?r=1597368133,https://lain.bgm.tv/r/400/pic/crt/l/42/3f/79736_crt_939Ep.jpg?r=1597368133,,,,,https://bgm.tv/character/79736,,79736
vndb-c157510,vndb,3,3,,,メイメイ,Meimei,,女,,,Galgame,Galgame,ネオンクラッシュ -Echoes of the Lost-,,2025,Galgame,,"""But my ex was like, ugh, this coconut isn't authentic. Like any of us know what the real thing tastes like, right?"" Lovesick Darling One of the heroine's few friends. She's bubbling, charming, and as sweet as sugar.",67,0,67,0,,https://t.vndb.org/ch/57/185257.jpg,https://t.vndb.org/ch/57/185257.jpg,,#bb757b #a0b2d3 #e2b3af #c9d5e6 #f3e1df #ffffff,Brown Odango Wavy Shoulder-length Assault Blue Mini-dress Necklace Girlfriend Friend,,,https://vndb.org/c157510,
bgm-bgm48132,vndb,3,3,,,赤城 命,Akagi Mikoto,Mikorin / Mikoshi / Mikottsu,男,,,Galgame,Galgame,メるヘン荘～ちょっぴり残念な娘達とメルヘン☆ドッキングな雑居生活～,,2012,Galgame,"[{""t"":""メるヘン荘～ちょっぴり残念な娘達とメルヘン☆ドッキングな雑居生活～"",""cn"":"""",""ty"":""Galgame"",""y"":2012,""pop"":65},{""t"":""メるヘン荘～ちょっぴり残念な娘達とメルヘン☆ドッキングな雑居生活～"",""cn"":"""",""ty"":""Galgame"",""y"":2012,""pop"":0}]",小悪魔的なビジュアルだが、いわゆる男の娘で同級生。 主人公は彼を女の子としてはカウントせず男友達として接しているが、たまにドキっとする。 一人称はボク。 男女問わず友達が多く、主人公にもすぐに抱きついてくる。 主人公はふざけて抱きついていると思っているが、命は主人公を恋愛対象として見ている様子。 男子や女子によく告白されるが、好きな人がいるからと振っている。,65,0,65,3,,https://lain.bgm.tv/pic/crt/l/86/ba/48132_crt_VZJ5P.jpg,https://lain.bgm.tv/r/400/pic/crt/l/86/ba/48132_crt_VZJ5P.jpg,https://t.vndb.org/ch/45/8145.jpg,,Twin Tails Waist Length+ Cross-dressing Trap Teen Slim Pale School Uniform Cooking Doggy Style,,https://bgm.tv/character/48132,https://vndb.org/c7866,48132
bgm-bgm12545,vndb,3,3,,,姫野川 かなか,Himenogawa Kanaka,,女,B,,Galgame,Galgame,ダイヤミック・デイズ,,2011,Galgame,"[{""t"":""ダイヤミック・デイズ"",""cn"":"""",""ty"":""Galgame"",""y"":2011,""pop"":65},{""t"":""ダイヤミック・デイズ"",""cn"":"""",""ty"":""Galgame"",""y"":2011,""pop"":0}]",圧倒的な実力と権力とカリスマ性で八宝山学院に君臨する執行部会長。 彼女率いる執行部を、畏敬の念を込めて “筆頭執行部” と呼ぶ。 背が低く、幼い顔立ちをしているがその威圧感はひと睨みで全校学生を竦ませるほど。 愚者を蔑み、有能な人材を好む。 “意思をもったギロチン台” などの数多くの異名を持ち、不興を買った者は、どんな末路が待っているか分からない。 “直訴嘆願に来た柔道部員40人をひとりで撃退した” “腕を組んだだけで、教員が退職に追い込まれた” など数々の伝説を持っている。,65,0,65,7,,https://lain.bgm.tv/pic/crt/l/d8/61/12545_crt_ZrV5v.jpg,https://lain.bgm.tv/r/400/pic/crt/l/d8/61/12545_crt_ZrV5v.jpg,https://t.vndb.org/ch/54/754.jpg,,Brown Ponytail Waist Length+ Curtained Straight Teen Slim Pale School Uniform Virgin Sex,,https://bgm.tv/character/12545,https://vndb.org/c703,12545
bgm-bgm21269,vndb,3,3,,,鳳 蒼衣,Ootori Aoi,,女,B,,Galgame,Galgame,Guardian☆Place ～ドエスな妹と3人の嫁～,,2013,Galgame,"[{""t"":""Guardian☆Place ～ドエスな妹と3人の嫁～"",""cn"":"""",""ty"":""Galgame"",""y"":2013,""pop"":65},{""t"":""Guardian☆Place ～ドエスな妹と3人の嫁～"",""cn"":"""",""ty"":""Galgame"",""y"":2013,""pop"":0}]",主人公・勇気の妹。 鳳家の子女でありながら、なぜかメイドの姿をしている。 しかし、勇気をさらった時は思い切り黒服をこき使ったり専用ヘリを飛ばすなど、世界最強のお金持ちのお嬢様なのは間違いない。 一般人として育った勇気に学園や鳳家のことなどを教えてくれる。 だがとってもドSな性格で、丁寧な口調だがいちいちトゲと毒がある。 あまり感情を表に出さず淡々と罵声を浴びせ、誰に対しても物怖じせず ズケズケとものを言う。,65,0,65,5,,https://lain.bgm.tv/pic/crt/l/cb/e9/21269_crt_6s7F7.jpg,https://lain.bgm.tv/r/400/pic/crt/l/cb/e9/21269_crt_6s7F7.jpg,https://t.vndb.org/ch/79/15679.jpg,,Brown Twin Tails Long Teen Slim Pale School Uniform Master Cooking Fighting,,https://bgm.tv/character/21269,https://vndb.org/c12908,21269
vndb-c12529,vndb,3,3,,,南雲 秀,Nagumo Shuu,,男,A,,Galgame,Galgame,十鬼の絆 関ヶ原奇譚,,2012,Galgame,"[{""t"":""十鬼の絆 関ヶ原奇譚"",""cn"":"""",""ty"":""Galgame"",""y"":2012,""pop"":64},{""t"":""十鬼の絆 花結綴り"",""cn"":"""",""ty"":""Galgame"",""y"":2013,""pop"":31}]","Despite being the clan head of the Nagumo, which is a part of the Ten-Demon Alliance, Shuu himself claims no recollection of being 'under' said alliance.",64,0,64,0,,https://t.vndb.org/ch/30/14930.jpg,https://t.vndb.org/ch/30/14930.jpg,,#67522a #51401c #c89b6e #856642 #3d2f0d #f1dabd,White Long Short Teen Slim Pale Orphan Amber Necklace Boku,,,https://vndb.org/c12529,
bgm-bgm87931,vndb,3,3,,,岩井 卓人,Iwai Takuto,,男,A,,动画|Galgame,Galgame,学園ヘヴン BOY'S LOVE SCRAMBLE!,,2002,Galgame,"[{""t"":""学園ヘヴン BOY'S LOVE SCRAMBLE!"",""cn"":"""",""ty"":""Galgame"",""y"":2002,""pop"":62},{""t"":""学園へヴン おかわりっ!"",""cn"":"""",""ty"":""Galgame"",""y"":2005,""pop"":14},{""t"":""学園ヘヴン BOY'S LOVE SCRAMBLE!"",""cn"":""学园天堂"",""ty"":""Galgame"",""y"":2002,""pop"":0},{""t"":""学園ヘヴン2～DOUBLE SCRAMBLE！～"",""cn"":""学园天堂2"",""ty"":""Galgame"",""y"":2014,""pop"":0},{""t"":""学園ヘヴン おかわりっ"",""cn"":""学园天堂 再来一碗"",""ty"":""Galgame"",""y"":2005,""pop"":0},{""t"":""学園ヘヴン"",""cn"":""学园天堂"",""ty"":""动画"",""y"":2006,""pop"":0}]",美術部部長。 早熟の天才画家。 抽象画を主とし、多作で速筆。 内向的な分、外に向かうエネルギーを 絵を描くことに注いでいる。 絵を描くことに熱中しすぎて、 他のことがおろそかになる事も しばしば。 やや人嫌いの傾向があるが、 篠宮とだけは仲がいい。,62,0,62,0,,https://lain.bgm.tv/pic/crt/l/9c/9d/87931_crt_21OH5.jpg,https://lain.bgm.tv/r/400/pic/crt/l/9c/9d/87931_crt_21OH5.jpg,https://t.vndb.org/ch/05/25405.jpg,,Shoulder-length Blowjob Amber Ore Shy Low Self-esteem Student Club President Painter High School Student Painting,,https://bgm.tv/character/87931,https://vndb.org/c20410,87931
vndb-c37655,vndb,3,3,,,周防 壮介,Suou Sousuke,,男,O,,Galgame,Galgame,KLAP!! ~Kind Love And Punish~,,2015,Galgame,"[{""t"":""KLAP!! ~Kind Love And Punish~"",""cn"":"""",""ty"":""Galgame"",""y"":2015,""pop"":61},{""t"":""KLAP!! ~Kind Love And Punish~ Fun Party"",""cn"":"""",""ty"":""Galgame"",""y"":2017,""pop"":27}]",Half yukionna.,61,0,61,0,,https://t.vndb.org/ch/42/45442.jpg,https://t.vndb.org/ch/42/45442.jpg,,#8f91b0 #514d72 #c5bfcb #fbfbf6 #e6e2e4,Shoulder-length Teen Orphan Amber Earrings Hoodie Heterochromia Food Lover Grey Yuki-onna,,,https://vndb.org/c37655,
vndb-c133105,vndb,3,3,,,,Aspen Vale,Snowflake,其他,,,Galgame,Galgame,Where Winter Crows Go,,2023,Galgame,,An office worker who got caught up in a snow storm after their tire went flat. The canon protagonist.,60,0,60,0,,https://t.vndb.org/ch/20/156720.jpg,https://t.vndb.org/ch/20/156720.jpg,,#6b343f #6f6777 #dbcbb9 #2b222b #000000,Red Short Slim Pale Trousers Hard Worker Cooking Green Red Young-adult,,,https://vndb.org/c133105,
al1125,anilist,3,3,1994,玉城真一郎,玉城真一郎,Shinichirou Tamaki,,男,A,24-25,动画|漫画|Galgame,动画,コードギアス 反逆のルルーシュ,Code Geass 反叛的鲁路修,2006,动画,"[{""t"":""コードギアス 反逆のルルーシュ"",""cn"":""Code Geass 反叛的鲁路修"",""ty"":""动画"",""y"":2006,""pop"":500273},{""t"":""コードギアス 反逆のルルーシュ R2"",""cn"":""Code Geass 反叛的鲁路修R2"",""ty"":""动画"",""y"":2008,""pop"":362942},{""t"":""コードギアス 復活のルルーシュ"",""cn"":""Code Geass 复活的鲁路修"",""ty"":""动画"",""y"":2019,""pop"":97127},{""t"":""コードギアス 反逆のルルーシュⅠ 興道"",""cn"":"""",""ty"":""动画"",""y"":2017,""pop"":33081},{""t"":""コードギアス 反逆のルルーシュⅡ 叛道"",""cn"":"""",""ty"":""动画"",""y"":2018,""pop"":26462},{""t"":""コードギアス 反逆のルルーシュ"",""cn"":""Code Geass 反叛的鲁路修"",""ty"":""漫画"",""y"":2006,""pop"":4463}]",皇暦1993年3月3日生まれ(24-25歳)。カレンが所属する小規模レジスタンスグループのメンバーの一人。 //www.geass.jp/page01/,59,40,59,1,,https://lain.bgm.tv/pic/crt/l/e5/ab/72153_crt_Ag0YN.jpg,https://lain.bgm.tv/r/400/pic/crt/l/e5/ab/72153_crt_Ag0YN.jpg,https://s4.anilist.co/file/anilistcdn/character/medium/b1125-cAd8eOWmcuuo.png|https://s4.anilist.co/file/anilistcdn/character/large/b1125-cAd8eOWmcuuo.png|https://t.vndb.org/ch/88/102188.jpg,,Brown Short Brown Slim Uniform Hotblooded Young-adult Headband Jacket Ore,https://anilist.co/character/1125,https://bgm.tv/character/72153,https://vndb.org/c83984,72153
bgm-bgm57062,bangumi,3,3,,恋冢小梦,恋塚小夢,Koizuka Koyume,恋スル小夢、恋爱的小梦,其他,,,动画|漫画|游戏,动画,こみっくがーるず,漫画女孩,2018,动画,"[{""t"":""こみっくがーるず"",""cn"":""漫画女孩"",""ty"":""动画"",""y"":2018,""pop"":0},{""t"":""こみっくがーるず"",""cn"":""漫画女孩"",""ty"":""漫画"",""y"":2015,""pop"":0},{""t"":""きららファンタジア"",""cn"":""闪耀幻想曲"",""ty"":""游戏"",""y"":2017,""pop"":0},{""t"":""こみっくがーるず 第4巻 特典CD"",""cn"":"""",""ty"":""音乐"",""y"":2018,""pop"":0}]",薫子のルームメイトの、少女漫画家。,58,0,0,58,,https://lain.bgm.tv/pic/crt/l/93/53/57062_crt_57QzG.jpg?r=1523024868,https://lain.bgm.tv/r/400/pic/crt/l/93/53/57062_crt_57QzG.jpg?r=1523024868,,,,,https://bgm.tv/character/57062,,57062
vndb-c100597,vndb,3,3,,,四十八願 エンジュ,Yoinara Enju,Yoi-chan,男,,,Galgame,Galgame,肖死あかし,,2018,Galgame,,Yoinara Enju is the teacher of class 2-1 at Yusei Junior High School.,56,0,56,0,,https://t.vndb.org/ch/20/121820.jpg,https://t.vndb.org/ch/20/121820.jpg,,#3b1c3d #7e5878 #a98ea6 #ffffff,Wavy Brown Adult Glasses Necktie Vest Reserved Teacher Police Lab Coat,,,https://vndb.org/c100597,
bgm-bgm73740,vndb,3,3,,,琳音,Tamane,,女,不明,,Galgame,Galgame,風雷戦姫 神夢,,2020,Galgame,"[{""t"":""風雷戦姫 神夢"",""cn"":"""",""ty"":""Galgame"",""y"":2020,""pop"":55},{""t"":""風雷戦姫 神夢"",""cn"":"""",""ty"":""Galgame"",""y"":2020,""pop"":0}]",神夢が産まれた時に作られた、神夢専属従者。 山神である神夢の母親によって作られた、自然を媒体とした式神。 エロや様々な事柄に関してのナビゲーター。 神樂チャージの為にエロ知識がインプットされている。,55,0,55,1,,https://lain.bgm.tv/pic/crt/l/75/e6/73740_crt_Yt9qq.jpg,https://lain.bgm.tv/r/400/pic/crt/l/75/e6/73740_crt_Yt9qq.jpg,https://t.vndb.org/ch/67/106767.jpg,,Brown Bob Cut Shoulder-length Virgin Sex Green Kimono Lesbian Sex Sitting Sex Consensual Sex with Tentacles Mole,,https://bgm.tv/character/73740,https://vndb.org/c88224,73740
bgm-bgm11837,bangumi,3,3,,百木伦,百木るん,Momoki Run,小伦 / るん,其他,,,动画|漫画,动画,Aチャンネル+smile,A频道+smile,2012,动画,"[{""t"":""Aチャンネル+smile"",""cn"":""A频道+smile"",""ty"":""动画"",""y"":2012,""pop"":0},{""t"":""Aチャンネル 鍋を食べよう"",""cn"":""A频道 来吃火锅吧"",""ty"":""动画"",""y"":2017,""pop"":0},{""t"":""Aチャンネル"",""cn"":""A频道"",""ty"":""漫画"",""y"":2009,""pop"":0},{""t"":""A-CHANNEL THE ANIMATION 1 BONUS DISC Ending theme & Inserted Songs"",""cn"":"""",""ty"":""音乐"",""y"":2011,""pop"":0},{""t"":""A-CHANNEL THE ANIMATION 4 BONUS DISC Inserted Songs"",""cn"":"""",""ty"":""音乐"",""y"":2011,""pop"":0},{""t"":""A-CHANNEL THE ANIMATION 2 BONUS DISC Inserted Songs"",""cn"":"""",""ty"":""音乐"",""y"":2011,""pop"":0}]",家族成員有父、母、兄2人。 高中二年級。有着及肩的金色頭髮，喜歡把瀏海往上梳，露出額頭。 在男孩子中很有人氣，經常和男生們聊天。 是個嚴重的天然呆，因此經常會被周圍的人吐槽。 很不擅長美術方面。曾有在桌上畫人偶被以為是詛咒人偶的經歷。 將瀏海放下後，形象差別很大。 手機鈴聲經常是食物在調理時的聲音。 去海邊就算不用塗抹防曬乳，也不會被曬傷。 美步覺得小倫給人一種很可愛的感覺。 跟小透吵架時，雖然看來像是沒事，但其實會變得更心不在焉，連小說都拿成上下顛倒在看。,54,0,0,54,,https://lain.bgm.tv/pic/crt/l/04/5d/11837_crt_z6wH3.jpg,https://lain.bgm.tv/r/400/pic/crt/l/04/5d/11837_crt_z6wH3.jpg,,,,,https://bgm.tv/character/11837,,11837
bgm-bgm6801,bangumi,3,3,,早濑未沙,早瀬未沙,Hayase Misa,,其他,A,,动画,动画,超時空要塞マクロス 愛・おぼえていますか,超时空要塞 可曾记得爱,1984,动画,"[{""t"":""超時空要塞マクロス 愛・おぼえていますか"",""cn"":""超时空要塞 可曾记得爱"",""ty"":""动画"",""y"":1984,""pop"":0},{""t"":""超時空要塞マクロス"",""cn"":""超时空要塞"",""ty"":""动画"",""y"":1982,""pop"":0},{""t"":""Robotech"",""cn"":""太空堡垒"",""ty"":""动画"",""y"":1985,""pop"":0},{""t"":""超時空要塞マクロス Flash Back 2012"",""cn"":""超时空要塞 Flash Back 2012"",""ty"":""动画"",""y"":1987,""pop"":0}]",,53,0,0,53,,https://lain.bgm.tv/pic/crt/l/1f/b3/6801_crt_anidb.jpg,https://lain.bgm.tv/r/400/pic/crt/l/1f/b3/6801_crt_anidb.jpg,,,,,https://bgm.tv/character/6801,,6801
bgm-bgm57295,vndb,3,3,,,御巫 うるる,Mikanagi Ururu,,女,A,,Galgame,Galgame,ひまわり!! -あなただけを見つめてる-,,2014,Galgame,"[{""t"":""ひまわり!! -あなただけを見つめてる-"",""cn"":"""",""ty"":""Galgame"",""y"":2014,""pop"":53},{""t"":""ひまわり!! ～あなただけを見つめてる～"",""cn"":"""",""ty"":""Galgame"",""y"":2014,""pop"":0}]",由緒正しい神社の婿取り（？）娘。 日向町へ引っ越してきたみことにとって、初めての友だち。 よく二人で遊んでいるので、亮太とも顔見知り。 学園の向日葵畑へ毎日顔を出すくらい、向日葵が好き。 「えへへ。 向日葵が待ってますから」,53,0,53,0,,https://lain.bgm.tv/pic/crt/l/5c/36/57295_crt_JCCPj.jpg,https://lain.bgm.tv/r/400/pic/crt/l/5c/36/57295_crt_JCCPj.jpg,https://t.vndb.org/ch/32/109832.jpg,,Blond Shoulder-length Teen Slim Pale Blue Miniskirt Knee-high Socks V Bangs Ribbon Tie,,https://bgm.tv/character/57295,https://vndb.org/c78228,57295
bgm-bgm107223,bangumi,3,3,,杏李,ベニスモモ,Benisumomo,,其他,,,动画,动画,くノ一ツバキの胸の内,女忍者椿的心事,2022,动画,,自称天才くノ一で、どんな忍術も高いレベルで扱える。同じく能力の高いツバキを宿敵と考えており、どちらが優秀か戦いを挑むことも。じつは努力家だが、それを隠している。,52,0,0,52,,https://lain.bgm.tv/pic/crt/l/3d/00/107223_crt_TvkX6.jpg?r=1658891216,https://lain.bgm.tv/r/400/pic/crt/l/3d/00/107223_crt_TvkX6.jpg?r=1658891216,,,,,https://bgm.tv/character/107223,,107223
vndb-c29078,vndb,3,3,,,伊織 愁一郎,Iori Shuuichirou,,男,O,,Galgame,Galgame,あさき、ゆめみし,,2008,Galgame,"[{""t"":""あさき、ゆめみし"",""cn"":"""",""ty"":""Galgame"",""y"":2008,""pop"":52},{""t"":""倭人異聞録～あさき、ゆめみし～"",""cn"":"""",""ty"":""Galgame"",""y"":2012,""pop"":16},{""t"":""あさき、ゆめみし～ひととせ～"",""cn"":"""",""ty"":""Galgame"",""y"":2013,""pop"":7}]",,52,0,52,0,,https://t.vndb.org/ch/22/98022.jpg,https://t.vndb.org/ch/22/98022.jpg,,#382b38 #958583 #c1b4ac #e9dbcb #ffffff,Black Short Slim Pale Sword Fighting Black Young-adult Coat Smoking,,,https://vndb.org/c29078,
bgm-bgm28952,bangumi,3,3,,神崎有希子,神崎有希子,Kanzaki Yukiko,神崎名人,其他,A,,动画|漫画,动画,暗殺教室 第2期,暗杀教室 第二季,2016,动画,"[{""t"":""暗殺教室 第2期"",""cn"":""暗杀教室 第二季"",""ty"":""动画"",""y"":2016,""pop"":0},{""t"":""暗殺教室"",""cn"":""暗杀教室"",""ty"":""动画"",""y"":2015,""pop"":0},{""t"":""暗殺教室"",""cn"":""暗杀教室"",""ty"":""漫画"",""y"":2012,""pop"":0},{""t"":""劇場版 暗殺教室 みんなの時間"",""cn"":""剧场版 暗杀教室 大家的时间"",""ty"":""动画"",""y"":2026,""pop"":0},{""t"":""暗殺教室 第2期 課外授業編"",""cn"":""暗杀教室 第二季 课外授课篇"",""ty"":""动画"",""y"":2016,""pop"":0},{""t"":""劇場版 暗殺教室 365日の時間"",""cn"":""剧场版 暗杀教室 365天的时间"",""ty"":""动画"",""y"":2016,""pop"":0}]",代号为“神崎名人”。 喜欢的科目：古文，讨厌的科目：化学。 兴趣&特技：所有的电脑游戏 在男生“有好感的女生排行榜”：排行第1名，虽然文静内向不显眼，但还是在班里很有人气。 射击女生：排行第5名。 杀老师的学期测试：一学期•期中：355点（85位），一学期•期末：444点（17位），二学期•期中：428点（24位），二学期•期末：437点（7位） 二学期•期末各科名次：国语科班上第1名（100分），社会科班上第3名（98分） 乌间老师的评价：6月的意外射击测试中获得女子第五位…,52,0,0,52,,https://lain.bgm.tv/pic/crt/l/0b/d6/28952_crt_EIAiF.jpg?r=1450121148,https://lain.bgm.tv/r/400/pic/crt/l/0b/d6/28952_crt_EIAiF.jpg?r=1450121148,,,,,https://bgm.tv/character/28952,,28952
bgm-bgm105254,vndb,3,3,,井上只园,井上 祇園,Inoue Gion,,女,A,,Galgame,Galgame,true tears,真实之泪,2006,Galgame,"[{""t"":""true tears"",""cn"":""真实之泪"",""ty"":""Galgame"",""y"":2006,""pop"":51},{""t"":""true tears ～トゥルーティアーズ～"",""cn"":""真实之泪"",""ty"":""Galgame"",""y"":2006,""pop"":0}]",見かけは小学生のようだが、説教好き噂好きのオバサンのような性格の謎の少女。擬音を混ぜて話すくせがある。,51,0,51,0,,https://lain.bgm.tv/pic/crt/l/21/64/105254_crt_93d1Y.jpg,https://lain.bgm.tv/r/400/pic/crt/l/21/64/105254_crt_93d1Y.jpg,https://t.vndb.org/ch/56/67456.jpg,,,,https://bgm.tv/character/105254,https://vndb.org/c56576,105254
bgm-bgm14818,bangumi,3,3,,小鸟游雏,小鳥遊ひな,takanashi hina,,其他,,,动画,动画,パパのいうことを聞きなさい！,听爸爸的话！,2012,动画,"[{""t"":""パパのいうことを聞きなさい！"",""cn"":""听爸爸的话！"",""ty"":""动画"",""y"":2012,""pop"":0},{""t"":""パパのいうことを聞きなさい! OAD"",""cn"":""听爸爸的话！OAD"",""ty"":""动画"",""y"":2013,""pop"":0},{""t"":""パパのいうことを聞きなさい! キャラクターソング 小鸟游ひな"",""cn"":""要听爸爸的话角色歌 小鸟游ひな"",""ty"":""音乐"",""y"":2011,""pop"":0}]",小鳥遊家三姉妹の三女。人懐っこくて可愛い三歳の保育園児。 裕太のことをおいたんと呼んで慕っている。,51,0,0,51,,https://lain.bgm.tv/pic/crt/l/1a/9b/14818_crt_4izrP.jpg,https://lain.bgm.tv/r/400/pic/crt/l/1a/9b/14818_crt_4izrP.jpg,,,,,https://bgm.tv/character/14818,,14818
vndb-c215,vndb,3,3,,,柊 雛乃,Hiiragi Hinano,Hinanon / ひなのん,女,O,,Galgame,Galgame,姉、ちゃんとしようよっ！,跟大姊姊一起做吧！,2003,Galgame,"[{""t"":""姉、ちゃんとしようよっ！"",""cn"":""跟大姊姊一起做吧！"",""ty"":""Galgame"",""y"":2003,""pop"":50},{""t"":""みにきす　～つよきすファンディスク～"",""cn"":"""",""ty"":""Galgame"",""y"":2006,""pop"":37},{""t"":""姉、ちゃんとしようよっ！2"",""cn"":"""",""ty"":""Galgame"",""y"":2004,""pop"":36}]",Eldest Sister.,50,0,50,0,,https://t.vndb.org/ch/76/13676.jpg,https://t.vndb.org/ch/76/13676.jpg,,#57528e #8b80b0 #cabbc7 #e8e0e5 #ffffff,White Ahoge Bob Cut Short Straight Slim Pale Doggy Style Cowgirl Blowjob,,,https://vndb.org/c215,
bgm-bgm48030,vndb,3,3,,向塚纱夕,向塚 紗夕,Kouzuka Sayu,,女,B,,Galgame,Galgame,モノごころ、モノむすめ。,,2005,Galgame,"[{""t"":""モノごころ、モノむすめ。"",""cn"":"""",""ty"":""Galgame"",""y"":2005,""pop"":48},{""t"":""モノごころ、モノむすめ。"",""cn"":"""",""ty"":""Galgame"",""y"":2005,""pop"":0}]",宏明の義姉。天然ボケ気味だが状況の変化に対応する能力は有り、モノむすめたちにも優しい。家事は得意なのだが、料理は壊滅的にダメ。テンションが高くいろいろ謎が多い。男性経験はあった模様。,48,0,48,1,,https://lain.bgm.tv/pic/crt/l/e3/ff/48030_crt_K20A0.jpg,https://lain.bgm.tv/r/400/pic/crt/l/e3/ff/48030_crt_K20A0.jpg,https://t.vndb.org/ch/13/105413.jpg,,Ahoge Ponytail Waist Length+ Curtained Slim Pale Missionary Doggy Style Cowgirl Violet,,https://bgm.tv/character/48030,https://vndb.org/c9602,48030
vndb-c27298,vndb,3,3,,,幹 那有多,Miki Nayuta,,女,B,,Galgame,Galgame,夏雪 ～summer snow～,,2011,Galgame,,,48,0,48,0,,https://t.vndb.org/ch/92/33292.jpg,https://t.vndb.org/ch/92/33292.jpg,,#b37347 #d7a494 #f1cdbb #f3ecd6 #f9f7f1 #ffffff,Blond Twin Tails Waist Length+ Teen Slim Pale Cooking Amber Thigh-high Stockings Ribbon Hair Tie,,,https://vndb.org/c27298,
bgm-bgm1245,vndb,3,3,,仙童紫,仙童 紫,Sendou Yukari,,女,,,动画|漫画|Galgame,Galgame,ロザリオとバンパイア　七夕のミス陽海学園,,2008,Galgame,"[{""t"":""ロザリオとバンパイア　七夕のミス陽海学園"",""cn"":"""",""ty"":""Galgame"",""y"":2008,""pop"":47},{""t"":""ロザリオとバンパイア 恋と夢の狂想曲"",""cn"":"""",""ty"":""Galgame"",""y"":2009,""pop"":17},{""t"":""ロザリオとバンパイア CAPU2"",""cn"":""十字架与吸血鬼 CAPU2"",""ty"":""动画"",""y"":2008,""pop"":0},{""t"":""ロザリオとバンパイア"",""cn"":""十字架与吸血鬼"",""ty"":""动画"",""y"":2008,""pop"":0},{""t"":""ロザリオとバンパイア season II"",""cn"":""十字架与吸血鬼 第2季"",""ty"":""漫画"",""y"":2008,""pop"":0},{""t"":""ロザリオとバンパイア"",""cn"":""十字架与吸血鬼"",""ty"":""漫画"",""y"":2004,""pop"":0}]",阳海学园的跳级生，天才少女，喜欢恶作剧，原形是魔女后裔。喜欢萌香而对月音有敌意，在学校中成绩排行全校第一，但因为太突出及魔女的身分被其他妖怪忌妒，差点被蜥蜴人给吃掉，幸亏月音，萌香和黑乃即时赶到才捡回一命，而后对月音也有好感，现在也是新闻部成员。 魔女的能力似乎尚未觉醒，只能使用一些漂移和操纵物体的魔法，主要用于恶作剧。后面可以扔铁制的占卜牌，并通过一些辅助魔法增加铁占卜牌的攻击力。虽然如此，由于年龄等关系，战斗能力仍然很弱。,47,0,47,16,,https://lain.bgm.tv/pic/crt/l/17/8c/1245_crt_Sv1Na.jpg?r=1536643634,https://lain.bgm.tv/r/400/pic/crt/l/17/8c/1245_crt_Sv1Na.jpg?r=1536643634,https://t.vndb.org/ch/51/33451.jpg,,Black Bob Cut Short Slim Pale Magician Violet Kid High School Student Garter Belt Stockings,,https://bgm.tv/character/1245,https://vndb.org/c27435,1245
bgm-bgm60644,bangumi,3,3,,藤间樱,藤間桜,,,其他,,,动画|游戏,动画,あの日の彼女たち,那一天的她们,2018,动画,"[{""t"":""あの日の彼女たち"",""cn"":""那一天的她们"",""ty"":""动画"",""y"":2018,""pop"":0},{""t"":""22/7"",""cn"":"""",""ty"":""动画"",""y"":2020,""pop"":0},{""t"":""22/7 音楽の時間"",""cn"":""22/7 音乐的时间"",""ty"":""游戏"",""y"":2020,""pop"":0}]",良家大小姐 “所谓的偶像，就是反抗。是要对体制发动革命。所以，只能走自己相信的道路”,46,0,0,46,,https://lain.bgm.tv/pic/crt/l/39/02/60644_crt_i9wa9.jpg?r=1568210670,https://lain.bgm.tv/r/400/pic/crt/l/39/02/60644_crt_i9wa9.jpg?r=1568210670,,,,,https://bgm.tv/character/60644,,60644
vndb-c68035,vndb,3,3,,,小野 鎮矩,Ono Shigenori,,男,B,,Galgame,Galgame,ロスト・エコーズ,,2018,Galgame,,,45,0,45,0,,https://t.vndb.org/ch/84/88684.jpg,https://t.vndb.org/ch/84/88684.jpg,,#a86e5d #d3b197 #352e2c #f1e0cb #f9f0e3 #ffffff,Brown Ponytail Long Grey Bracer Katana Ore Samurai Based on a Real Person Hair Tie,,,https://vndb.org/c68035,
vndb-c68036,vndb,3,3,,,志々岐 奈多矩,Shishiki Nataku,Nata-kun / なたくん,男,B,,Galgame,Galgame,ロスト・エコーズ,,2018,Galgame,,,45,0,45,0,,https://t.vndb.org/ch/82/88682.jpg,https://t.vndb.org/ch/82/88682.jpg,,#b27869 #56546e #c6b9bc #ece7e6 #f6f5fa #ffffff,Brown Short Teen Slim Pale School Uniform Grey Scarf Cardigan Ore,,,https://vndb.org/c68036,
bgm-bgm112496,bangumi,3,3,,鹿本铃,鹿本すず,Kamoto Suzu,,其他,B,,动画|漫画,漫画,メダリスト,金牌得主,2020,漫画,"[{""t"":""メダリスト"",""cn"":""金牌得主"",""ty"":""漫画"",""y"":2020,""pop"":0},{""t"":""メダリスト"",""cn"":""金牌得主"",""ty"":""动画"",""y"":2025,""pop"":0},{""t"":""メダリスト 第2期"",""cn"":""金牌得主 第二季"",""ty"":""动画"",""y"":2026,""pop"":0}]",京都の蓮華茶FSC所属で全日本ノービスB２位の実力者。自分で自分を「可愛らしい」と言い切る自信過剰な子だが、気さくでいのりとも仲良くなる,42,0,0,42,,https://lain.bgm.tv/pic/crt/l/2b/c7/112496_crt_5TB8j.jpg?r=1735226945,https://lain.bgm.tv/r/400/pic/crt/l/2b/c7/112496_crt_5TB8j.jpg?r=1735226945,,,,,https://bgm.tv/character/112496,,112496
vndb-c20944,vndb,3,3,,,二宮 すみれ,Ninomiya Sumire,,女,A,,Galgame,Galgame,オタカノ -こんなに可愛い彼女がオタクなわけがない-,,2011,Galgame,,,42,0,42,0,,https://t.vndb.org/ch/99/25999.jpg,https://t.vndb.org/ch/99/25999.jpg,,#b4738d #6b425c #c6bdbe #e7e0db #f6f4f0 #ffffff,Ahoge Teen School Uniform Doggy Style Virgin Sex Green Glasses Miniskirt Otaku Reserved,,,https://vndb.org/c20944,
bgm-bgm14618,bangumi,3,3,,末永未来,末永みらい,Mirai Suenaga,,其他,未知（有,,动画|Galgame,Galgame,DRACU-RIOT!,,2012,Galgame,"[{""t"":""DRACU-RIOT!"",""cn"":"""",""ty"":""Galgame"",""y"":2012,""pop"":0},{""t"":""ソニコミ"",""cn"":""超级索尼子"",""ty"":""Galgame"",""y"":2011,""pop"":0},{""t"":""モット！ソニコミ"",""cn"":""更多！超级索尼子"",""ty"":""Galgame"",""y"":2014,""pop"":0},{""t"":""まよチキ！"",""cn"":""迷茫管家与懦弱的我"",""ty"":""动画"",""y"":2011,""pop"":0},{""t"":""快盗天使ツインエンジェル 〜キュンキュン☆ときめきパラダイス!!〜"",""cn"":""快盗天使双胞胎~心跳不已☆甜蜜天堂!!~"",""ty"":""动画"",""y"":2011,""pop"":0},{""t"":""Culture Japan Season 2"",""cn"":""Culture Japan Season 2"",""ty"":""其他"",""y"":2011,""pop"":0}]",末永未來（Mirai Suenaga）[末永みらい]是丹尼周和插畫家Azami Yuko一同設計的Culture Japan（dannychoo.com）吉祥人物。未來在2007年開始只是一個在網站角落的插畫，但這幾年來在全球各地累積了一定的人氣。,41,0,0,41,,https://lain.bgm.tv/pic/crt/l/69/91/14618_crt_7DHN8.jpg?r=1493677760,https://lain.bgm.tv/r/400/pic/crt/l/69/91/14618_crt_7DHN8.jpg?r=1493677760,,,,,https://bgm.tv/character/14618,,14618
vndb-c10725,vndb,3,3,,,鴇田 つばめ,Tokita Tsubame,,女,O,,Galgame,Galgame,くれよんちゅーりっぷ ～ちどりとこるりの誘惑授業～,,2010,Galgame,,Elder sister of the twins Chidori and Koruri when Jun's father marries her mother she becomes his elder sister as well. She helps explain to Jun how to treat succubi through sex.,40,0,40,0,,https://t.vndb.org/ch/40/94040.jpg,https://t.vndb.org/ch/40/94040.jpg,,#c37896 #494958 #deafbe #fadfd2 #e0deea #fefefe,Pink Long Curtained Straight Slim Pale Virgin Sex Blue Red Kid,,,https://vndb.org/c10725,
bgm-bgm29994,bangumi,3,3,,柴门环,柴門たまき,,,其他,B,,动画|Galgame,Galgame,エルフオールスターズ脱衣雀3,,2006,Galgame,"[{""t"":""エルフオールスターズ脱衣雀3"",""cn"":"""",""ty"":""Galgame"",""y"":2006,""pop"":0},{""t"":""下級生2"",""cn"":""下级生2"",""ty"":""Galgame"",""y"":2004,""pop"":0},{""t"":""下級生2〜Sketchbook〜"",""cn"":""下级生2～Sketchbook～"",""ty"":""动画"",""y"":2007,""pop"":0},{""t"":""下級生2〜季花詞集 Anthology〜"",""cn"":""下级生2～季花词集～"",""ty"":""动画"",""y"":2006,""pop"":0},{""t"":""下級生2 ～瞳の中の少女たち～"",""cn"":""下级生2 ～瞳孔中的少女们～"",""ty"":""动画"",""y"":2004,""pop"":0}]",和男主角一块儿长大充满活力的可爱的青梅竹马女孩。在主角的班上担任班长，同时也是主角所在的泰拳俱乐部的经纪人，课余时间会跟主角一起在台球类场地打工。,39,0,0,39,,https://lain.bgm.tv/pic/crt/l/76/ac/29994_crt_tP7DV.jpg?r=1612179948,https://lain.bgm.tv/r/400/pic/crt/l/76/ac/29994_crt_tP7DV.jpg?r=1612179948,https://storage.moegirl.org.cn/moegirl/commons/5/50/Kakyu2cmh001.png!/fw/480/watermark/url/L21vZWdpcmwvd2F0ZXJtYXJrLnBuZw==/align/southeast/margin/10x10/opacity/50?v=20131006021610|https://storage.moegirl.org.cn/moegirl/commons/5/50/Kakyu2cmh001.png,,图源:moegirl,,https://bgm.tv/character/29994,,29994
vndb-c2663,vndb,3,3,,,風間 愛,Kazama Mana,,女,O,,Galgame,Galgame,夜勤病棟・弐,,2004,Galgame,"[{""t"":""夜勤病棟・弐"",""cn"":"""",""ty"":""Galgame"",""y"":2004,""pop"":39},{""t"":""風間 愛"",""cn"":"""",""ty"":""Galgame"",""y"":2006,""pop"":17},{""t"":""夜勤雀棟・弐"",""cn"":"""",""ty"":""Galgame"",""y"":2005,""pop"":15}]",Age in Kazama 19,39,0,39,0,,https://t.vndb.org/ch/59/17659.jpg,https://t.vndb.org/ch/59/17659.jpg,,#936264 #eeb8b6 #e1d7d2 #f4eadf #ffffff,Red Ponytail Twin Tails Waist Length+ Missionary Doggy Style Cowgirl Cunnilingus Anilingus Virgin Sex,,,https://vndb.org/c2663,
bgm-bgm97594,vndb,3,3,,,七緒 日向子,Nanao Hinako,,女,O,,动画|Galgame,Galgame,_summer,,2005,Galgame,"[{""t"":""_summer"",""cn"":"""",""ty"":""Galgame"",""y"":2005,""pop"":39},{""t"":""_summer"",""cn"":"""",""ty"":""Galgame"",""y"":2005,""pop"":0},{""t"":""_summer新装版"",""cn"":"""",""ty"":""Galgame"",""y"":2007,""pop"":0},{""t"":""_summer##"",""cn"":"""",""ty"":""Galgame"",""y"":2006,""pop"":0},{""t"":""_summer"",""cn"":""初夏"",""ty"":""动画"",""y"":2006,""pop"":0}]",「人間は―・・・衣食住足りて初めて人間らしく振る舞えるものですねぇ・・・。ああ、空は青い・・・」 主人公たちのクラスの担任。 学園新任教師（4月より赴任）で、科目は科学史。 授業内容は脱線することも多いが、退屈することもなく評判が良い。 教師に見えないことを気にして色々考えているようだが、あまり効果はないようだ。 教師なのでお給金は安定してそうだが、よくわからないものを買うので金欠に陥りがち。 そのためか、よく昼休みは教卓に突っ伏してたりする。,39,0,39,1,,https://lain.bgm.tv/pic/crt/l/32/10/97594_crt_zO8Fv.jpg,https://lain.bgm.tv/r/400/pic/crt/l/32/10/97594_crt_zO8Fv.jpg,https://t.vndb.org/ch/75/44375.jpg,,Pink Ahoge Ponytail Long Cowgirl Red Adult Earrings Pantyhose Airhead,,https://bgm.tv/character/97594,https://vndb.org/c26839,97594
bgm-bgm132493,vndb,3,3,,,鬼切畑 葵,Ogirihata Aoi,,女,B,,Galgame,Galgame,彼方の人魚姫,,2023,Galgame,"[{""t"":""彼方の人魚姫"",""cn"":"""",""ty"":""Galgame"",""y"":2023,""pop"":37},{""t"":""彼方の人魚姫"",""cn"":"""",""ty"":""Galgame"",""y"":2023,""pop"":0}]",主人公よりも一つ下の昔からの友人。 内気でオドオドしてはいるが、 実際には誰よりも頑固で心は強い人物。 幼い頃からの夢は絵本作家。 本人は藍魚や日輪に憧れているらしいが、 実際には彼女たちの中で最も常識的な思考の持ち主。 ──つまり、苦労人。,37,0,37,5,,https://lain.bgm.tv/pic/crt/l/4e/8f/132493_crt_n8ZRq.jpg,https://lain.bgm.tv/r/400/pic/crt/l/4e/8f/132493_crt_n8ZRq.jpg,https://t.vndb.org/ch/64/150164.jpg,,Black Short Teen Slim Pale School Uniform Hard Worker Cowgirl Shy Childhood Friend,,https://bgm.tv/character/132493,https://vndb.org/c127529,132493
vndb-c40551,vndb,3,3,,,藤丸 清司郎,Fujimaru Seijirou,,男,AB,,Galgame,Galgame,シノバズセブン,,2012,Galgame,,Favorite Kyoto Style The Strict Student Council President Who Hides the Part of Him That Lives in the Underworld The student council president who thinks following the rules is the most important thing.,36,0,36,0,,https://t.vndb.org/ch/78/48778.jpg,https://t.vndb.org/ch/78/48778.jpg,,#445265 #a88989 #d7d2cd #e7eaf0 #f7f9fa,Black Short Teen School Uniform Childhood Friend Student Council President Strict High School Student Stubborn Serious,,,https://vndb.org/c40551,
bgm-bgm47134,vndb,3,3,,,笹津 沙梨,Sasazu Sari,,女,,,Galgame,Galgame,僕らの頭上に星空は廻る,,2013,Galgame,"[{""t"":""僕らの頭上に星空は廻る"",""cn"":"""",""ty"":""Galgame"",""y"":2013,""pop"":36},{""t"":""僕らの頭上に星空は廻る"",""cn"":"""",""ty"":""Galgame"",""y"":2013,""pop"":0}]",マイペースで、浮き世離れした独特のセンスを持つ先輩。 綺音の親友で、同じクラス。 口数が少なく、簡潔な言い回しを好む。 地元の名士の一人娘らしく、育ちがいい。 美人でミステリアスに見えるため、一部で隠れた人気がある。 当初別の部に所属していたが、いつの間にか天文部員になっている。 「私はここ、結構気に入ってる」,36,0,36,1,,https://lain.bgm.tv/pic/crt/l/f9/d8/47134_crt_qGI8d.jpg,https://lain.bgm.tv/r/400/pic/crt/l/f9/d8/47134_crt_qGI8d.jpg,https://t.vndb.org/ch/84/35484.jpg,,Black Long Teen Slim Pale School Uniform Pantyhose Stoic Senpai High School Student,,https://bgm.tv/character/47134,https://vndb.org/c29406,47134
bgm-bgm63474,vndb,3,3,,,茨森 こよい,Ibaramori Koyoi,,女,AB,,Galgame,Galgame,だっこしてぎゅっ！～オレの嫁は抱き枕～,,2009,Galgame,"[{""t"":""だっこしてぎゅっ！～オレの嫁は抱き枕～"",""cn"":"""",""ty"":""Galgame"",""y"":2009,""pop"":35},{""t"":""だっこしてぎゅっ！～オレの嫁は抱き枕～"",""cn"":""紧紧抱着她！~我的老婆是抱枕~"",""ty"":""Galgame"",""y"":2009,""pop"":0}]",茨森学園1年生。部長の妹。茨森家のお嬢様らしいお嬢様。 生まれつき病弱で、学校に来ても一日のほとんどを枕研のベッドで過ごす為あまり教室にいることはない。 家族以外の人に慣れていないので、極度の人見知り。 夢の世界ではたどたどしくも会話してくれるが、現実世界で会っても、恥ずかしがってほとんど口を利いてくれない。 「こよい……も、行きたい、です。 ……………………だめ？」,35,0,35,2,,https://lain.bgm.tv/pic/crt/l/51/65/63474_crt_PkbpR.jpg,https://lain.bgm.tv/r/400/pic/crt/l/51/65/63474_crt_PkbpR.jpg,https://t.vndb.org/ch/57/111357.jpg,,Brown Antenna Wavy Shoulder-length Teen Slim Pale School Uniform Red Pajamas,,https://bgm.tv/character/63474,https://vndb.org/c63816,63474
bgm-bgm89267,bangumi,3,3,,峰沙也加,峰さやか,Mine Sayaka,雷莉亚,其他,,,动画|漫画,动画,剣勇伝説YAIBA,剑勇传说 铁刃,1993,动画,"[{""t"":""剣勇伝説YAIBA"",""cn"":""剑勇传说 铁刃"",""ty"":""动画"",""y"":1993,""pop"":0},{""t"":""真･侍伝 YAIBA"",""cn"":""真･武士传 剑勇传说"",""ty"":""动画"",""y"":2025,""pop"":0},{""t"":""YAIBA"",""cn"":""城市风云儿"",""ty"":""漫画"",""y"":1989,""pop"":0},{""t"":""名探偵コナン コナンvsキッドvsヤイバ 宝刀争奪大決戦!!"",""cn"":""柯南对基德对铁剑 宝刀争夺大决战"",""ty"":""动画"",""y"":2000,""pop"":0}]",本作女主角，出身剑道之家，平常是一个普通的中学生，常和铁剑一起冒险(正确来说是常被他带出去做一些可怕无理的冒险)，还担任一行人中的吐槽角色。喜欢铁剑，却老是无法坦率地说出来。性格有些粗暴，但对动物很温柔。,34,0,0,34,,https://lain.bgm.tv/pic/crt/l/95/c2/89267_crt_Fkx6n.jpg?r=1738944509,https://lain.bgm.tv/r/400/pic/crt/l/95/c2/89267_crt_Fkx6n.jpg?r=1738944509,,,,,https://bgm.tv/character/89267,,89267
bgm-bgm25683,bangumi,3,3,,,篠崎真里花,Shinozaki Marika,,,A,,Galgame,Galgame,星織ユメミライ,,2014,Galgame,,転入してきた主人公が再会した、かつての幼なじみ。 幼い頃は喘息のため学校を休みがちだった （現在は完治）。 主人公が引っ越しをすることになった際、「元気になって再会する」 という約束を交わしており、それを守れたことを嬉しく思っている。 おとなしくてあがり症な性格だが、人一倍の頑張り屋。 幼い頃はほとんど学校で交流できなかったため、今は同じ時間を過ごしたいと、その後を一生懸命追い掛けてくる。 「子供の時はできなかったことも……いまは、なんでもへっちゃら」,34,0,0,34,1,https://lain.bgm.tv/pic/crt/l/0a/dc/25683_crt_3glwZ.jpg,https://lain.bgm.tv/r/400/pic/crt/l/0a/dc/25683_crt_3glwZ.jpg,,,,,https://bgm.tv/character/25683,,25683
bgm-bgm93217,bangumi,3,3,,柴泽由里,柴沢由里,,柴ちゃん先生,其他,,,漫画,漫画,少年のアビス,少年的深渊,2020,漫画,,令児の高校の女性教師。生徒からの愛称は「柴ちゃん先生」。元国体卓球選手。,33,0,0,33,,https://lain.bgm.tv/pic/crt/l/c6/7e/93217_crt_oWrbO.jpg?r=1616944899,https://lain.bgm.tv/r/400/pic/crt/l/c6/7e/93217_crt_oWrbO.jpg?r=1616944899,,,,,https://bgm.tv/character/93217,,93217
bgm-bgm14543,bangumi,3,3,,小黄,イエロー,Amarillo del Bosque Verde,小洛 / Yellow,其他,A,,漫画,漫画,ポケットモンスターSPECIAL,精灵宝可梦特别篇,1997,漫画,,全名：イエロー・デ・トキワグローブ（洛·蒂·常磐葛洛芙 / 小黄·代·常磐丁香 / 常磐森林的小洛，即常磐森林的小洛之意），是神奇宝贝特别篇漫画中的第四位主人公。曾经在常磐森林迷路被小智所救，从而对小智产生好感跟爱慕的心，后听从小蓝的指示，出发寻找小智。她开始旅行寻找小智的时候带着小智的皮卡丘。后来她捕获了自己的皮卡丘，秋秋。秋秋和小智的皮卡丘在城都的饲育屋生下了一个皮丘的蛋。 小黄的技能是治愈神奇宝贝，所以也被大木博士称为治愈之人。,33,0,0,33,,https://lain.bgm.tv/pic/crt/l/3c/27/14543_crt_MTMW5.jpg,https://lain.bgm.tv/r/400/pic/crt/l/3c/27/14543_crt_MTMW5.jpg,,,,,https://bgm.tv/character/14543,,14543
bgm-bgm17757,vndb,3,3,,守东桃香,守東 桃香,Kamiazuma Touka,,男,A,,动画|Galgame,Galgame,桃華月憚,,2007,Galgame,"[{""t"":""桃華月憚"",""cn"":"""",""ty"":""Galgame"",""y"":2007,""pop"":33},{""t"":""桃華月憚"",""cn"":""桃华月惮"",""ty"":""Galgame"",""y"":2007,""pop"":0},{""t"":""桃華月憚"",""cn"":""桃华月惮"",""ty"":""动画"",""y"":2007,""pop"":0}]",主人公。桃歌台学園2年A組生徒。繊細な容姿の美少年で、守東由美子の息子。自宅では娘として扱われており、女装している。記憶喪失だが、豪胆放逸な性格で本人は気にしていない。女好きではあるものの好きな人に対しては誠実。犬飼真琴からは「とーちゃん先輩」と呼ばれる。,33,0,33,10,,https://lain.bgm.tv/pic/crt/l/c9/66/17757_crt_8cXZb.jpg,https://lain.bgm.tv/r/400/pic/crt/l/c9/66/17757_crt_8cXZb.jpg,https://t.vndb.org/ch/53/52653.jpg,,Blue Short School Uniform Red Kimono T-shirt Non-blood-related Brother Honorable Cold-hearted High School Student,,https://bgm.tv/character/17757,https://vndb.org/c43843,17757
vndb-c112644,vndb,3,3,,,,Neirrei,,男,,,Galgame,Galgame,Magical Otoge Iris,,2021,Galgame,"[{""t"":""Magical Otoge Iris"",""cn"":"""",""ty"":""Galgame"",""y"":2021,""pop"":33},{""t"":""Moon Observatory Parilyne"",""cn"":"""",""ty"":""Galgame"",""y"":"""",""pop"":0}]","Parilyne's childhood friend from a rich family that expected too much from him. While he was with Parilyne, he could relax and embrace his true airheaded and easygoing personality.",33,0,33,0,,https://t.vndb.org/ch/37/135237.jpg,https://t.vndb.org/ch/37/135237.jpg,,#403654 #acb2bd #efeae8 #dad7d9 #faf6f3 #ffffff,Blond Ponytail Waist Length+ Pale Magician Blue Robe Vest Childhood Friend Wealthy,,,https://vndb.org/c112644,
bgm-bgm74598,bangumi,3,3,,结衣,ユイ,Yui,,其他,,,动画|漫画,动画,痛いのは嫌なので防御力に極振りしたいと思います。,因为太怕痛就全点防御力了。,2020,动画,"[{""t"":""痛いのは嫌なので防御力に極振りしたいと思います。"",""cn"":""因为太怕痛就全点防御力了。"",""ty"":""动画"",""y"":2020,""pop"":0},{""t"":""痛いのは嫌なので防御力に極振りしたいと思います。2"",""cn"":""因为太怕痛就全点防御力了。2"",""ty"":""动画"",""y"":2023,""pop"":0},{""t"":""痛いのは嫌なので防御力に極振りしたいと思います。"",""cn"":""因为太怕痛就全点防御力了。"",""ty"":""漫画"",""y"":2018,""pop"":0},{""t"":""痛いのは嫌なので防御力に極振りしたいと思います。"",""cn"":""怕痛的我，把防御力点满就对了"",""ty"":""漫画"",""y"":2017,""pop"":0}]",梅普露所发掘的全点攻击力新手玩家，麻衣的双胞胎妹妹。个性比麻衣更积极，更容易振作。拥有游戏内最顶级的攻击力，近距离的敌人会被伊兹为她们制作的铁球砸个粉碎。,33,0,0,33,,https://lain.bgm.tv/pic/crt/l/0d/04/74598_crt_Pmp7r.jpg?r=1581633885,https://lain.bgm.tv/r/400/pic/crt/l/0d/04/74598_crt_Pmp7r.jpg?r=1581633885,,,,,https://bgm.tv/character/74598,,74598
bgm-bgm19989,bangumi,3,3,,古贺春华,古賀春華,Haruka Koga,,其他,,,动画|漫画|游戏,漫画,H2,好逑双物语,1992,漫画,"[{""t"":""H2"",""cn"":""好逑双物语"",""ty"":""漫画"",""y"":1992,""pop"":0},{""t"":""H2"",""cn"":""H2 好逑双物语"",""ty"":""动画"",""y"":1995,""pop"":0},{""t"":""実況パワフルプロ野球"",""cn"":""实况野球Powerful Pro"",""ty"":""游戏"",""y"":"""",""pop"":0}]",千川高校3年（開始当時：千川高校1年）。 千川高校の野球部マネージャーで古賀商事の社長令嬢。美人で人柄もよく、おっちょこちょいなところも含め、男女を問わず人気がある。1年生時の文化祭ではミス千川の候補に挙がった。成績は非常に優秀で、運動神経もよい。高校野球の大ファン。千川高校に野球部を創設させる立役者となり、甲子園を目指すという夢を比呂に再び与えるきっかけを作った。将来の夢は女優かスチュワーデス。その理由は「プロ野球選手の奥さんは女優かスチュワーデスが多いから」と語っていた。,32,0,0,32,,https://lain.bgm.tv/pic/crt/l/8d/92/19989_crt_VNZ1A.jpg,https://lain.bgm.tv/r/400/pic/crt/l/8d/92/19989_crt_VNZ1A.jpg,,,,,https://bgm.tv/character/19989,,19989
bgm-bgm67643,vndb,3,3,,,星園 かれん,Hoshizono Karen,,女,A,,Galgame,Galgame,えろどるっ☆,,2014,Galgame,"[{""t"":""えろどるっ☆"",""cn"":"""",""ty"":""Galgame"",""y"":2014,""pop"":32},{""t"":""えろどるっ☆"",""cn"":"""",""ty"":""Galgame"",""y"":2014,""pop"":0}]",売り出し中の天然系女子校生アイドル。 ひめみと同じく、晃一の年下幼なじみ。 何事においても素直で脳天気。 服装や行動が無防備なので、それゆえ無自覚に晃一を困らせることがよくある。 エッチなことには興味津々。 ひめみが晃一とエッチしたことを知って、自分も仲間に入れてほしいと晃一に迫る。 仕事以外の面でも自分の面倒を見てくれる晃一のことが、ずっと大好きだった。 その気持ちを伝えてはいたものの、晃一は友達としての好きだと思っていた。,32,0,32,3,,https://lain.bgm.tv/pic/crt/l/eb/af/67643_crt_pogpw.jpg,https://lain.bgm.tv/r/400/pic/crt/l/eb/af/67643_crt_pogpw.jpg,https://t.vndb.org/ch/39/27539.jpg,,Blond Waist Length+ Wavy Teen Slim Pale Virgin Sex Green Miniskirt Childhood Friend,,https://bgm.tv/character/67643,https://vndb.org/c22255,67643
bgm-bgm56041,bangumi,3,3,,荣村茜,栄村茜,Eimura Akane,,其他,O,,动画,动画,アホガール,笨女孩,2017,动画,,よしこたちと同じクラスに在籍する「ギャル3人組」の一人で赤髪、通称「ギャルA」。3人のなかで唯一学業成績が悪く、思慮も浅いことからあっくんからはよくバカにされる。自分を同類の仲間と見なして近付いてくるよしこを嫌っているが、意気投合することも多い。,30,0,0,30,,https://lain.bgm.tv/pic/crt/l/e1/46/56041_crt_TQwBN.jpg?r=1503323667,https://lain.bgm.tv/r/400/pic/crt/l/e1/46/56041_crt_TQwBN.jpg?r=1503323667,,,,,https://bgm.tv/character/56041,,56041
bgm-bgm99424,bangumi,3,3,,雏一,ヒナイチ,Hinaichi,,其他,A,,动画|漫画,漫画,吸血鬼すぐ死ぬ,吸血鬼马上死,2015,漫画,"[{""t"":""吸血鬼すぐ死ぬ"",""cn"":""吸血鬼马上死"",""ty"":""漫画"",""y"":2015,""pop"":0},{""t"":""吸血鬼すぐ死ぬ2"",""cn"":""吸血鬼马上死 第二季"",""ty"":""动画"",""y"":2023,""pop"":0},{""t"":""吸血鬼すぐ死ぬ"",""cn"":""吸血鬼马上死"",""ty"":""动画"",""y"":2021,""pop"":0}]",神奈川県警吸血鬼対策課の隊員。 小柄だが非常に優秀で副隊長を務めるが 真面目ゆえに天然なところもある。,30,0,0,30,,https://lain.bgm.tv/pic/crt/l/2d/3e/99424_crt_WX3v3.jpg,https://lain.bgm.tv/r/400/pic/crt/l/2d/3e/99424_crt_WX3v3.jpg,,,,,https://bgm.tv/character/99424,,99424
bgm-bgm40148,bangumi,3,3,,虹野梦,虹野ゆめ,Ijino Yume,,其他,O,,动画,动画,アイカツスターズ! 2年目,偶像活动Stars 第二年,2017,动画,"[{""t"":""アイカツスターズ! 2年目"",""cn"":""偶像活动Stars 第二年"",""ty"":""动画"",""y"":2017,""pop"":0},{""t"":""アイカツスターズ!"",""cn"":""偶像活动Stars"",""ty"":""动画"",""y"":2016,""pop"":0},{""t"":""劇場版アイカツスターズ!"",""cn"":""剧场版 偶像活动Stars"",""ty"":""动画"",""y"":2016,""pop"":0},{""t"":""アイカツオンパレード！"",""cn"":""偶像活动 on Parade"",""ty"":""动画"",""y"":2019,""pop"":0}]",四星学园新生。可爱的正统派偶像。虽然据声乐老师说唱功不咋样但上台表演过一次之后就立刻被当作是学校的明日之星了。,30,0,0,30,,https://lain.bgm.tv/pic/crt/l/73/4c/40148_crt_Mu3eE.jpg?r=1460068042,https://lain.bgm.tv/r/400/pic/crt/l/73/4c/40148_crt_Mu3eE.jpg?r=1460068042,,,,,https://bgm.tv/character/40148,,40148
vndb-c129063,vndb,3,3,,,花月 奈々,Kagetsu Nana,,女,O,,Galgame,Galgame,君と恋する学園喫茶,,2015,Galgame,,,30,0,30,0,,https://t.vndb.org/ch/22/152022.jpg,https://t.vndb.org/ch/22/152022.jpg,,#613339 #945f68 #ad9797 #d4bdba #e9e0d9 #f5f5ee,Brown Shoulder-length Teen Slim Pale School Uniform Violet Side Tail Tareme Rubber Band With Beads,,,https://vndb.org/c129063,
bgm-bgm29830,bangumi,3,3,,彩濑奈留,彩瀬なる,ayase naru,彩濑奈露,其他,O,,动画,动画,プリティーリズム・レインボーライブ,美妙旋律 Rainbow Live,2013,动画,"[{""t"":""プリティーリズム・レインボーライブ"",""cn"":""美妙旋律 Rainbow Live"",""ty"":""动画"",""y"":2013,""pop"":0},{""t"":""キラッとプリ☆チャン シーズン2"",""cn"":""闪亮美妙☆频道 第二季"",""ty"":""动画"",""y"":2019,""pop"":0},{""t"":""KING OF PRISM -Shiny Seven Stars-"",""cn"":""绫镜少男 KING OF PRISM -Shiny Seven Stars"",""ty"":""动画"",""y"":2019,""pop"":0},{""t"":""KING OF PRISM -PRIDE the HERO-"",""cn"":""绫镜少男 KING OF PRISM PRIDE the HERO"",""ty"":""动画"",""y"":2017,""pop"":0},{""t"":""アイドルタイムプリパラ"",""cn"":""偶像时间美妙天堂"",""ty"":""动画"",""y"":2017,""pop"":0},{""t"":""プリティーリズム・オールスターセレクション"",""cn"":""美妙旋律 All Star Selection"",""ty"":""动画"",""y"":2014,""pop"":0}]",14歳のラブリー系の女の子。中学二年生。デコるのがものすごく得意。 何でもデコってしまう。マイペースで天然ぽいキャラ。「・・・・・な～る！」が口ぐせ。 音楽の『色』がみえる少女。 本作の主人公。ピンク色の髪が特徴の中学2年生の14歳[4]。3月3日生まれ、うお座のO型。イメージブランドはラブリー。ファッションブランドショップ「プリズムストーン」の店長。性格は素直で人懐っこいが、それゆえに知らず知らずのうちに相手の神経を逆撫でしてしまうこともある。音楽の「色」を見る力がある。,30,0,0,30,,https://lain.bgm.tv/pic/crt/l/5a/03/29830_crt_LdWgL.jpg,https://lain.bgm.tv/r/400/pic/crt/l/5a/03/29830_crt_LdWgL.jpg,,,,,https://bgm.tv/character/29830,,29830
bgm-bgm72688,bangumi,3,3,,羽立桧菜,羽立桧菜,Hanetachi Hina,翌桧 / あすなろ,其他,B,,动画|漫画,动画,俺を好きなのはお前だけかよ～俺たちのゲームセット～,喜欢本大爷的竟然就你一个？～我们的比赛结束～,2020,动画,"[{""t"":""俺を好きなのはお前だけかよ～俺たちのゲームセット～"",""cn"":""喜欢本大爷的竟然就你一个？～我们的比赛结束～"",""ty"":""动画"",""y"":2020,""pop"":0},{""t"":""俺を好きなのはお前だけかよ"",""cn"":""喜欢本大爷的竟然就你一个？"",""ty"":""动画"",""y"":2019,""pop"":0},{""t"":""俺を好きなのはお前だけかよ"",""cn"":""喜欢本大爷的竟然就你一个？"",""ty"":""漫画"",""y"":2016,""pop"":0},{""t"":""俺を好きなのはお前だけかよ"",""cn"":""喜欢本大爷的竟然就你一个？"",""ty"":""漫画"",""y"":2017,""pop"":0},{""t"":""俺を好きなのはお前だけかよ 第3巻 特典CD"",""cn"":"""",""ty"":""音乐"",""y"":2020,""pop"":0}]",『僕』に明るい笑顔を披露するこの女の子は、通称あすなろ。その由来は、本名を組み合わせると「翌桧」になるから。実はこう見えて、学校の情報は大抵知っている新聞部の敏腕編集部員！ 青森県出身で、ちょっと驚いたり感情的になったりすると、津軽弁になるのも結構可愛いんだ。,29,0,0,29,,https://lain.bgm.tv/pic/crt/l/41/6e/72688_crt_hHMmZ.jpg?r=1572323379,https://lain.bgm.tv/r/400/pic/crt/l/41/6e/72688_crt_hHMmZ.jpg?r=1572323379,,,,,https://bgm.tv/character/72688,,72688
vndb-c108291,vndb,3,3,,,泉 雪那,Izumi Setsuna,,女,AB,,Galgame,Galgame,××な彼女のつくりかた ハプニング,,2008,Galgame,"[{""t"":""××な彼女のつくりかた ハプニング"",""cn"":"""",""ty"":""Galgame"",""y"":2008,""pop"":29},{""t"":""××な彼女のつくりかた"",""cn"":"""",""ty"":""Galgame"",""y"":2007,""pop"":20}]",,29,0,29,0,,https://t.vndb.org/ch/69/130369.jpg,https://t.vndb.org/ch/69/130369.jpg,,#b58d88 #ddbaad #efddcb #303133 #f5eee9 #ffffff,Blond Ponytail Waist Length+ Slim Pale Green Young-adult Dress Necklace Skirt,,,https://vndb.org/c108291,
bgm-bgm31225,vndb,3,3,,,篠原 ゆりえ,Shinohara Yurie,ゆりさん,女,B,,Galgame,Galgame,ポケットに恋をつめて,,2013,Galgame,"[{""t"":""ポケットに恋をつめて"",""cn"":"""",""ty"":""Galgame"",""y"":2013,""pop"":29},{""t"":""ポケットに恋をつめて"",""cn"":""满载爱的口袋"",""ty"":""Galgame"",""y"":2013,""pop"":0}]",一つ年上の幼なじみほわほわお姉さん。 甘えるのも甘えられるのも好きで、スキンシップ旺盛。 抱きつき癖がある。 おばあちゃん子であり、趣味が古くさくなりがちなのを少しだけ気にしている。 細かいことに動じない、スルースキルの高めなおっとりのんびり屋。,29,0,29,6,,https://lain.bgm.tv/pic/crt/l/fb/ce/31225_crt_I3Q5S.jpg,https://lain.bgm.tv/r/400/pic/crt/l/fb/ce/31225_crt_I3Q5S.jpg,https://t.vndb.org/ch/33/33833.jpg,,Violet Long Teen School Uniform Violet Bow Airhead Childhood Friend Senpai Older Sister,,https://bgm.tv/character/31225,https://vndb.org/c27798,31225
vndb-c1574,vndb,3,3,,,柳生 あおい,Yagyuu Aoi,,女,AB,,Galgame,Galgame,ナギサの,,2007,Galgame,,"A tsundere girl. She is a extremely tomboyish girl who’s trying to reinvent herself as being a lady in front of a total stranger to the town. In general, she’s not very good at it, and watching her try so very hard at it is hilarious.",29,0,29,0,,https://t.vndb.org/ch/18/1618.jpg,https://t.vndb.org/ch/18/1618.jpg,,#cb9c8a #ddc9be #534a4f #ede7e0 #f9f9f4,Blond Twin Tails Long Waist Length+ Teen Slim Pale Hard Worker Cooking Missionary,,,https://vndb.org/c1574,
bgm-bgm74597,bangumi,3,3,,麻衣,マイ,Mai,,其他,,,动画|漫画,动画,痛いのは嫌なので防御力に極振りしたいと思います。,因为太怕痛就全点防御力了。,2020,动画,"[{""t"":""痛いのは嫌なので防御力に極振りしたいと思います。"",""cn"":""因为太怕痛就全点防御力了。"",""ty"":""动画"",""y"":2020,""pop"":0},{""t"":""痛いのは嫌なので防御力に極振りしたいと思います。2"",""cn"":""因为太怕痛就全点防御力了。2"",""ty"":""动画"",""y"":2023,""pop"":0},{""t"":""痛いのは嫌なので防御力に極振りしたいと思います。"",""cn"":""因为太怕痛就全点防御力了。"",""ty"":""漫画"",""y"":2018,""pop"":0},{""t"":""痛いのは嫌なので防御力に極振りしたいと思います。"",""cn"":""怕痛的我，把防御力点满就对了"",""ty"":""漫画"",""y"":2017,""pop"":0}]",梅普露所发掘的全点攻击力新手玩家，结衣的双胞胎姐姐。总是努力想弥补缺点，好帮上大家的忙。拥有游戏内最顶级的攻击力，近距离的敌人会被她们的双持巨锤砸个粉碎。,27,0,0,27,,https://lain.bgm.tv/pic/crt/l/62/87/74597_crt_006m2.jpg?r=1581421059,https://lain.bgm.tv/r/400/pic/crt/l/62/87/74597_crt_006m2.jpg?r=1581421059,,,,,https://bgm.tv/character/74597,,74597
bgm-bgm21708,bangumi,3,3,,拉格纳·查·布拉德艾奇,ラグナ＝ザ＝ブラッドエッジ,Ragna=The=BloodEdge,,其他,B,,游戏|Galgame,Galgame,BLAZBLUE CENTRALFICTION,苍翼默示录：神观之梦,2015,Galgame,"[{""t"":""BLAZBLUE CENTRALFICTION"",""cn"":""苍翼默示录：神观之梦"",""ty"":""Galgame"",""y"":2015,""pop"":0},{""t"":""BLAZBLUE CONTINUUM SHIFT EXTEND"",""cn"":""苍翼默示录：连续变幻 扩展版"",""ty"":""Galgame"",""y"":2011,""pop"":0},{""t"":""BLAZBLUE CHRONOPHANTASMA EXTEND"",""cn"":""苍翼默示录：刻之幻影 扩展版"",""ty"":""Galgame"",""y"":2015,""pop"":0},{""t"":""BLAZBLUE CONTINUUM SHIFT"",""cn"":""苍翼默示录：连续变幻"",""ty"":""游戏"",""y"":2009,""pop"":0},{""t"":""BLAZBLUE CHRONOPHANTASMA"",""cn"":""苍翼默示录：刻之幻影"",""ty"":""游戏"",""y"":2012,""pop"":0},{""t"":""BLAZBLUE CONTINUUM SHIFT II"",""cn"":""苍翼默示录：连续变换2"",""ty"":""游戏"",""y"":2010,""pop"":0}]",拥有“死神”之名的SS级统治机构叛逆者，拥有强大无比的魔导书而成为了史上最值钱的通缉犯。非常憎恨统治机构，以消灭他们为目的。这个死神来到第13阶层都市伽具土是整个故事的开端。,27,0,0,27,,https://lain.bgm.tv/pic/crt/l/04/e6/21708_crt_sss3v.jpg?r=1519142320,https://lain.bgm.tv/r/400/pic/crt/l/04/e6/21708_crt_sss3v.jpg?r=1519142320,,,,,https://bgm.tv/character/21708,,21708
bgm-bgm39469,bangumi,3,3,,天濑冬马,天ヶ瀬冬馬,Amagase Touma,天之濑冬马,其他,B,,动画|漫画|游戏,动画,THE IDOLM@STER,偶像大师,2011,动画,"[{""t"":""THE IDOLM@STER"",""cn"":""偶像大师"",""ty"":""动画"",""y"":2011,""pop"":0},{""t"":""THE IDOLM@STER MOVIE 輝きの向こう側へ！"",""cn"":""偶像大师 剧场版 向着光辉的彼岸！"",""ty"":""动画"",""y"":2014,""pop"":0},{""t"":""THE IDOLM@STER"",""cn"":""偶像大师"",""ty"":""漫画"",""y"":2013,""pop"":0},{""t"":""アイドルマスター スターリットシーズン"",""cn"":""偶像大师 星耀季节"",""ty"":""游戏"",""y"":2021,""pop"":0},{""t"":""アイドルマスター2"",""cn"":""偶像大师2"",""ty"":""游戏"",""y"":2011,""pop"":0},{""t"":""THE IDOLM@STER SideM PASSIONABLE READING SHOW ～魂環の人形(マリオネット)～"",""cn"":"""",""ty"":""其他"",""y"":2026,""pop"":0}]",17岁／属性：Physical型／生日：3月3日（双鱼座） 身高：175cm／体重：57kg／鞋码：25.5cm 血型：B型／惯用手：右手／出身：神奈川 趣味：足球、料理、收集手办／特技：从香料开始的咖喱烹饪 前历：961Pro所属偶像／三围：81-65-80／所属组合：Jupiter CV：寺島拓篤 原961Pro所属的偶像。经过面试选拔后，被961Pro社长·黑井崇男探中，成为了961Pro的所属偶像。,26,0,0,26,,https://lain.bgm.tv/pic/crt/l/40/2c/39469_crt_k547w.jpg?r=1530316251,https://lain.bgm.tv/r/400/pic/crt/l/40/2c/39469_crt_k547w.jpg?r=1530316251,https://storage.moegirl.org.cn/moegirl/commons/d/d7/%E3%80%90%E7%9C%9F%E3%81%A3%E7%9B%B4%E3%81%90%E3%81%AB%E9%AB%98%E3%81%8F%E3%80%91%E5%A4%A9%E3%83%B6%E7%80%AC_%E5%86%AC%E9%A6%AC_SR.png!/fw/480/watermark/url/L21vZWdpcmwvd2F0ZXJtYXJrLnBuZw==/align/southeast/margin/10x10/opacity/50?v=20211010032225|https://storage.moegirl.org.cn/moegirl/commons/d/d7/%E3%80%90%E7%9C%9F%E3%81%A3%E7%9B%B4%E3%81%90%E3%81%AB%E9%AB%98%E3%81%8F%E3%80%91%E5%A4%A9%E3%83%B6%E7%80%AC_%E5%86%AC%E9%A6%AC_SR.png,,图源:moegirl,,https://bgm.tv/character/39469,,39469
vndb-c25023,vndb,3,3,,,姫乃 百合,Himeno Yuri,,女,A,,Galgame,Galgame,ボインにかけろ!,,2006,Galgame,,She’s blushes easily. She is shy and timid. She’s the type who gets pushed around by others and ends up getting the short end of the stick.,26,0,26,0,,https://t.vndb.org/ch/15/90515.jpg,https://t.vndb.org/ch/15/90515.jpg,,#f0cf8e #757456 #87b6ad #c6e3cd #f4f2e7 #ffffff,Ahoge Ponytail Long Green Teen Slim Pale School Uniform Sweater Cowgirl,,,https://vndb.org/c25023,
bgm-bgm20070,bangumi,3,3,,成濑优,成瀬優,Naruse Yuu/Yuu-chan,小优,其他,,,动画|漫画,漫画,私がモテないのはどう考えてもお前らが悪い!,我不受欢迎，怎么想都是你们的错！,2012,漫画,"[{""t"":""私がモテないのはどう考えてもお前らが悪い!"",""cn"":""我不受欢迎，怎么想都是你们的错！"",""ty"":""漫画"",""y"":2012,""pop"":0},{""t"":""私がモテないのはどう考えてもお前らが悪い!"",""cn"":""我不受欢迎，怎么想都是你们的错！"",""ty"":""动画"",""y"":2013,""pop"":0},{""t"":""どう考えても私は悪くない"",""cn"":"""",""ty"":""音乐"",""y"":2013,""pop"":0}]",黑木智子就读中学时的同学，就读与智子不同的高校，是少数仍与智子联系的友人。 上高校时成为较懂得打扮的少女，并有一名男友。 喜歡親切地稱呼智子為「もこっち」，是改自於「小智子」（ともこちゃん）的叫法。 智子平時稱呼她為「小優」（ゆうちゃん），但有時會在心裡直接稱呼為「Bitch」。 成瀨優的出現是基於作者受到漫畫編輯部「黑木智子在故事裡一個朋友都沒有太過可憐」的意見，而創造的角色。 智子の中学時代の同級生。,26,0,0,26,,https://lain.bgm.tv/pic/crt/l/6e/ba/20070_crt_gMu4O.jpg,https://lain.bgm.tv/r/400/pic/crt/l/6e/ba/20070_crt_gMu4O.jpg,,,,,https://bgm.tv/character/20070,,20070
bgm-bgm13141,bangumi,3,3,,小梅,小梅,,こうめ / Koume,其他,A,,动画|漫画,动画,はなまる幼稚園,花丸幼稚园,2010,动画,"[{""t"":""はなまる幼稚園"",""cn"":""花丸幼稚园"",""ty"":""动画"",""y"":2010,""pop"":0},{""t"":""はなまる幼稚園"",""cn"":""花丸幼稚园"",""ty"":""漫画"",""y"":2007,""pop"":0},{""t"":""シスプラス"",""cn"":""妹相伴+"",""ty"":""漫画"",""y"":2012,""pop"":0}]",さくら組の幼稚園児。初対面の人や好きな人の前で話すことが苦手だけど、 うちとけるとステキな笑顔をみせる。 人の言うことを素直に聞く、ピュアなハートの持ち主。,25,0,0,25,,https://lain.bgm.tv/pic/crt/l/5a/c4/13141_crt_x88wP.jpg,https://lain.bgm.tv/r/400/pic/crt/l/5a/c4/13141_crt_x88wP.jpg,,,,,https://bgm.tv/character/13141,,13141
vndb-c27353,vndb,3,3,,,土夢,Tomu,,男,,,Galgame,Galgame,DoubleScore,,2013,Galgame,"[{""t"":""DoubleScore"",""cn"":"""",""ty"":""Galgame"",""y"":2013,""pop"":25},{""t"":""DoubleScore"",""cn"":"""",""ty"":""Galgame"",""y"":2013,""pop"":25}]",He's a nationally popular idol who sings and stars in dramas and on variety shows. Everyone loves him for his bright personality with no hidden sides.,25,0,25,0,,https://t.vndb.org/ch/46/33346.jpg,https://t.vndb.org/ch/46/33346.jpg,,#c93491 #9b7665 #fbb4dc #d6b9aa #f7d8e5 #fbf9f8,Brown Shoulder-length Glasses Vest Deredere Friend Singing Idol Gamer Baseball Cap,,,https://vndb.org/c27353,
vndb-c76166,vndb,3,3,,,姫乃樹 凜世,Himenogi Rinze,,女,,,Galgame,Galgame,LoveR（ラヴアール）,,2019,Galgame,,"A girl who does not smile and is always alone. She is mature and somewhat dark. She loves gymnastics and trains enthusiastically. When she is bored, she kills the time studying in the library. For that reason, she has good grades.",24,0,24,0,,https://t.vndb.org/ch/50/93450.jpg,https://t.vndb.org/ch/50/93450.jpg,,#44455b #8e8695 #d5c3bf #efe2da #ffffff,Black Odango Shoulder-length Straight Slim Pale School Uniform Violet Kid Apron,,,https://vndb.org/c76166,
bgm-bgm1234,bangumi,3,3,,小鸟桃叶,小鳥桃葉,Odori Momoha,もも,其他,AB,,动画,动画,がくえんゆーとぴあ まなびストレート!,校园乌托邦 学美向前冲！,2007,动画,"[{""t"":""がくえんゆーとぴあ まなびストレート!"",""cn"":""校园乌托邦 学美向前冲！"",""ty"":""动画"",""y"":2007,""pop"":0},{""t"":""がくえんゆーとぴあ まなびストレート！キャラクターミニアルバム 小鳥桃葉"",""cn"":"""",""ty"":""音乐"",""y"":2007,""pop"":0}]","无论哪里都能睡觉的、自我主义的女生.实际上是有钱人家的大小姐,有个很厉害的妹妹.感觉上憨憨的,喜欢有趣的事物,竟对学美有兴趣.",24,0,0,24,,https://lain.bgm.tv/pic/crt/l/20/e5/1234_crt_3dBKs.jpg?r=1779713101,https://lain.bgm.tv/r/400/pic/crt/l/20/e5/1234_crt_3dBKs.jpg?r=1779713101,,,,,https://bgm.tv/character/1234,,1234
bgm-bgm124396,bangumi,3,3,,御堂美羽,御堂美羽,,,其他,,,动画|漫画,动画,異世界でチート能力を手にした俺は、現実世界をも無双する～レベルアップは人生を変えた～,在异世界获得超强能力的我，在现实世界照样无敌～等级提升改变人生命运～,2023,动画,"[{""t"":""異世界でチート能力を手にした俺は、現実世界をも無双する～レベルアップは人生を変えた～"",""cn"":""在异世界获得超强能力的我，在现实世界照样无敌～等级提升改变人生命运～"",""ty"":""动画"",""y"":2023,""pop"":0},{""t"":""異世界でチート能力（スキル）を手にした俺は、現実世界をも無双する ～レベルアップは人生を変えた～"",""cn"":""异世界里得到了开挂般能力的我、现实世界中也举世无双～升级改变人生～"",""ty"":""漫画"",""y"":2020,""pop"":0},{""t"":""異世界でチート能力を手にした俺は、現実世界をも無双する ～レベルアップは人生を変えた～"",""cn"":""在异世界获得超强能力的我，在现实世界照样无敌～等级提升改变人生命运～"",""ty"":""漫画"",""y"":2018,""pop"":0}]",大人気ファッションモデル。仕事を完璧にこなす高いプロ意識を持っており、有名になってからも決して驕ることなく、周囲に気を配ることも忘れない真面目な性格。ファンに夢を与えることを何よりも大事にしている。,23,0,0,23,,https://lain.bgm.tv/pic/crt/l/62/93/124396_crt_GeKvN.jpg?r=1675498929,https://lain.bgm.tv/r/400/pic/crt/l/62/93/124396_crt_GeKvN.jpg?r=1675498929,,,,,https://bgm.tv/character/124396,,124396
bgm-bgm23074,bangumi,3,3,,朝比奈日和,ヒヨリ,Asahina Hiyori,,其他,A,,动画|漫画,漫画,カゲロウデイズ,阳炎眩乱,2012,漫画,"[{""t"":""カゲロウデイズ"",""cn"":""阳炎眩乱"",""ty"":""漫画"",""y"":2012,""pop"":0},{""t"":""カゲロウデイズ"",""cn"":""阳炎眩乱"",""ty"":""漫画"",""y"":2012,""pop"":0},{""t"":""メカクシティアクターズ"",""cn"":""目隐都市的演绎者"",""ty"":""动画"",""y"":2014,""pop"":0},{""t"":""カゲロウデイズ-in a day's-"",""cn"":""阳炎眩乱-in a day's-"",""ty"":""动画"",""y"":2016,""pop"":0}]",为了夏季讲习，而与响也一起来到这个街区的少女。 为此，在暑假期间暂住于姐姐家中，并对同样住在姐姐家的Konoha一见钟情。 与响也一起卷入了某事件。喜欢的动物是「猫」。,23,0,0,23,,https://lain.bgm.tv/pic/crt/l/b6/6d/23074_crt_opfpL.jpg?r=1771313987,https://lain.bgm.tv/r/400/pic/crt/l/b6/6d/23074_crt_opfpL.jpg?r=1771313987,,,,,https://bgm.tv/character/23074,,23074
bgm-bgm2071,bangumi,3,3,,姊崎妙,姉ヶ崎妙,Anegasaki Tae,,其他,,,动画,动画,スクールランブル,校园迷糊大王,2004,动画,"[{""t"":""スクールランブル"",""cn"":""校园迷糊大王"",""ty"":""动画"",""y"":2004,""pop"":0},{""t"":""スクールランブル 二学期"",""cn"":""校园迷糊大王 二学期"",""ty"":""动画"",""y"":2006,""pop"":0},{""t"":""スクールランブル 三学期"",""cn"":""校园迷糊大王 三学期"",""ty"":""动画"",""y"":2008,""pop"":0}]",整天沉浸在幻想中。比如曾经莫名其妙地喜欢上了播磨甚至同居了一段日子，以及明明不懂任何篮球规则，却成为了校女子篮球部的负责人。 矢神高中的保健医，因为她有着漂亮大姐姐的外表，与只要努力就有可能跟自己交往这种危险&轻浮的感觉，所以她一到任就受到男同学们的喜爱。 当播磨处于人生低谷时，她曾经短暂地收留过笔名为哈里马·哈里欧的播磨拳儿。烹饪上做骨过炖牛肉，在播磨认错人意外与泽近爱理表白时突然出现，说道：“亲爱的哈里欧，原来你在这里呀。我们回家吃炖牛肉了。,22,0,0,22,,https://lain.bgm.tv/pic/crt/l/5d/38/2071_crt_8R72l.jpg,https://lain.bgm.tv/r/400/pic/crt/l/5d/38/2071_crt_8R72l.jpg,,,,,https://bgm.tv/character/2071,,2071
bgm-bgm34511,bangumi,3,3,,卡萝·玛尔斯·迪恩海姆,キャロル・マールス・ディーンハイム,Carol Malus Dienheim,卡萝·玛尔斯·丁海姆,其他,,,动画|游戏,动画,戦姫絶唱シンフォギアXV,战姬绝唱SYMPHOGEAR XV,2019,动画,"[{""t"":""戦姫絶唱シンフォギアXV"",""cn"":""战姬绝唱SYMPHOGEAR XV"",""ty"":""动画"",""y"":2019,""pop"":0},{""t"":""戦姫絶唱シンフォギア GX キャラクターソング8"",""cn"":"""",""ty"":""音乐"",""y"":2015,""pop"":0},{""t"":""戦姫絶唱シンフォギアGX"",""cn"":""战姬绝唱SYMPHOGEAR GX"",""ty"":""动画"",""y"":2015,""pop"":0},{""t"":""戦姫絶唱シンフォギアXD UNLIMITED"",""cn"":""战姬绝唱SYMPHOGEAR XD UNLIMITED"",""ty"":""游戏"",""y"":2017,""pop"":0}]",一個來自於歐洲的深淵（又被稱之為黑暗大陸）的破壞世界新的威脅。 雖然外表年幼卻，具有驚人的戰鬥力，精通鍊金術並能對四大元素和各種潛在的能量運用自如。,22,0,0,22,,https://lain.bgm.tv/pic/crt/l/bc/ba/34511_crt_4vbZg.jpg?r=1563013977,https://lain.bgm.tv/r/400/pic/crt/l/bc/ba/34511_crt_4vbZg.jpg?r=1563013977,,,,,https://bgm.tv/character/34511,,34511
bgm-bgm27858,vndb,3,3,,平古场凛,平古場 凛,Hirakoba Rin,,男,AB,,动画|漫画|游戏|Galgame,Galgame,テニスの王子様 ドキドキサバイバルシリーズ,,2006,Galgame,"[{""t"":""テニスの王子様 ドキドキサバイバルシリーズ"",""cn"":"""",""ty"":""Galgame"",""y"":2006,""pop"":22},{""t"":""新テニスの王子様 ~Go to the top~"",""cn"":"""",""ty"":""Galgame"",""y"":2015,""pop"":5},{""t"":""テニスの王子様 全国大会篇"",""cn"":""网球王子 全国大会篇"",""ty"":""动画"",""y"":2006,""pop"":0},{""t"":""新テニスの王子様 OVA"",""cn"":""新网球王子OVA"",""ty"":""动画"",""y"":2012,""pop"":0},{""t"":""新テニスの王子様 OVA vs Genius10"",""cn"":""新网球王子 OVA 对战Genius10"",""ty"":""动画"",""y"":2014,""pop"":0},{""t"":""劇場版 テニスの王子様 英国式庭球城決戦!"",""cn"":""网球王子剧场版 英国庭球城决战！"",""ty"":""动画"",""y"":2011,""pop"":0}]",陽気な沖縄気質と華麗なプレイ。束縛されることを何より嫌い、己を貫く誇りと情熱を抱いている。,22,0,22,1,,https://lain.bgm.tv/pic/crt/l/a6/cf/27858_crt_pi56Z.jpg,https://lain.bgm.tv/r/400/pic/crt/l/a6/cf/27858_crt_pi56Z.jpg,https://t.vndb.org/ch/99/69699.jpg,,Blond Shoulder-length Teen Black Olive Ore Tennis Middle School Student,,https://bgm.tv/character/27858,https://vndb.org/c58605,27858
al72295,anilist,3,3,,里岛小太郎,裏嶋小太郎 ,Kotarou Urashima,,男,,18,动画|漫画,动画,神様はじめました,元气少女缘结神,2012,动画,"[{""t"":""神様はじめました"",""cn"":""元气少女缘结神"",""ty"":""动画"",""y"":2012,""pop"":170315},{""t"":""神様はじめました◎"",""cn"":""元气少女缘结神◎"",""ty"":""动画"",""y"":2015,""pop"":93502},{""t"":""神様はじめました ～過去編～"",""cn"":""元气少女缘结神 过去篇"",""ty"":""动画"",""y"":2015,""pop"":38032},{""t"":""神様はじめました"",""cn"":""元气少女缘结神"",""ty"":""漫画"",""y"":2008,""pop"":24065}]",沼皇女的恋人，由奈奈生牵线。于十年前八岁时和沼皇女第一次相遇，在镇上的冰淇淋店工作，不太懂与人相处，擅长魔术方块。在知道沼皇女其实是妖怪一度很混乱，但是在奈奈生和巴卫的帮助之下决定就算身份不同喜欢的心不会因此而改变，闯入了沼皇女的婚宴会场和沼皇女一起逃走。后来还和沼皇女一起出去旅行，并且带了土产回来送给奈奈生。,21,21,0,1,,https://lain.bgm.tv/pic/crt/l/99/77/40741_crt_p1E6l.jpg?r=1461449309,https://lain.bgm.tv/r/400/pic/crt/l/99/77/40741_crt_p1E6l.jpg?r=1461449309,https://s4.anilist.co/file/anilistcdn/character/medium/72295.jpg|https://s4.anilist.co/file/anilistcdn/character/large/72295.jpg,,,https://anilist.co/character/72295,https://bgm.tv/character/40741,,40741
bgm-bgm38548,bangumi,3,3,,万里小路枫,万里小路楓,Marikouji Kaede,まりこうじさん,其他,A,,动画,动画,ハイスクール・フリート,高校舰队,2016,动画,"[{""t"":""ハイスクール・フリート"",""cn"":""高校舰队"",""ty"":""动画"",""y"":2016,""pop"":0},{""t"":""劇場版 ハイスクール・フリート"",""cn"":""剧场版 高校舰队"",""ty"":""动画"",""y"":2020,""pop"":0}]",超·大小姐（超お嬢様） 役職 水測員・ラッパ手 趣味・特技 楽器演奏（管楽器以外） 好きな食べ物 きしめん 苦手な食べ物 そうめん 得意科目 音楽 苦手な科目 無し 好きな言葉 旅をしない音楽家は不幸だ 性格 落ち着いた佇まいで、極度の丁寧口調 出身地 愛知県名古屋市,21,0,0,21,,https://lain.bgm.tv/pic/crt/l/ff/bf/38548_crt_IiTP7.jpg?r=1463261089,https://lain.bgm.tv/r/400/pic/crt/l/ff/bf/38548_crt_IiTP7.jpg?r=1463261089,,,,,https://bgm.tv/character/38548,,38548
vndb-c7273,vndb,3,3,,,八重咲はる,Yaesaki Haru,,男,B,,Galgame,Galgame,新婚さん～Sweet Sweet honeymoon～,,2007,Galgame,,,21,0,21,0,,https://t.vndb.org/ch/21/9321.jpg,https://t.vndb.org/ch/21/9321.jpg,,,Blond Short Cross-dressing Teen Slim Pale Blue Glasses Jeans Sports Shoes,,,https://vndb.org/c7273,
bgm-bgm6172,bangumi,3,3,,班普将军,ヴァンプ将軍,Vamp Shougun,,其他,,,动画|漫画,动画,天体戦士サンレッド 第2期,天体战士 第2期,2009,动画,"[{""t"":""天体戦士サンレッド 第2期"",""cn"":""天体战士 第2期"",""ty"":""动画"",""y"":2009,""pop"":0},{""t"":""天体戦士サンレッド"",""cn"":""天体战士"",""ty"":""动画"",""y"":2008,""pop"":0},{""t"":""天体戦士サンレッド"",""cn"":""天体战士"",""ty"":""漫画"",""y"":2005,""pop"":0}]",,20,0,0,20,,https://lain.bgm.tv/pic/crt/l/c5/ef/6172_crt_anidb.jpg,https://lain.bgm.tv/r/400/pic/crt/l/c5/ef/6172_crt_anidb.jpg,,,,,https://bgm.tv/character/6172,,6172
bgm-bgm12630,bangumi,3,3,,,幹那由多,,,其他,B,,Galgame,Galgame,夏雪～summer_snow～,,2011,Galgame,,虽然从小就是同班同学，不知道为何总是对葛抱以敌视。 经常带着班上的女生，对总是看不顺眼的男生（葛）来中伤诽谤。 可是，对那丝毫不惧怕的葛，她却偷偷地看了他一眼。 或者说是小大人。自尊心很强，将来想成为医生或者律师。 从小就很在意社会地位的高低，不仅喜欢利用他人，而且总是想着怎么往上爬。 却以某件事为契机，成为了全班女生都与她绝交了的存在。 很多时候是给人以高傲自满的印象，但根本上只是一个纯真的女孩。 和猫猫狗狗相处的时候，会露出非常温柔的笑容。,19,0,0,19,1,https://lain.bgm.tv/pic/crt/l/df/59/12630_crt_mBmtm.jpg,https://lain.bgm.tv/r/400/pic/crt/l/df/59/12630_crt_mBmtm.jpg,,,,,https://bgm.tv/character/12630,,12630
bgm-bgm12761,bangumi,3,3,,西园寺明香,西園寺明香,Saionji Asuka,,其他,,,Galgame,Galgame,ひまわり,向日葵,,Galgame,"[{""t"":""ひまわり"",""cn"":""向日葵"",""ty"":""Galgame"",""y"":"""",""pop"":0},{""t"":""ひまわり -Pebble in the Sky-"",""cn"":""向日葵：天空鹅卵石"",""ty"":""Galgame"",""y"":2015,""pop"":0},{""t"":""ひまわり アクアアフター"",""cn"":""向日葵：Aqua After"",""ty"":""Galgame"",""y"":2010,""pop"":0}]",ヒロインの一人。西園寺明の娘。高校1年生、乙女座の生まれ。 2年前の事故で陽一が入院した病院で友人となり、陽一が高校入学を機に宮浦に戻った際に改めて友人として付き合う。 頻繁に日向家に来訪しては、陽一の代わりに家事全般をこなす。陽一は明香の料理の腕を高く評価している。,18,0,0,18,,https://lain.bgm.tv/pic/crt/l/38/fb/12761_crt_4il16.jpg,https://lain.bgm.tv/r/400/pic/crt/l/38/fb/12761_crt_4il16.jpg,,,,,https://bgm.tv/character/12761,,12761
bgm-bgm44,bangumi,3,3,,琴子,琴子,,,其他,,,动画,动画,ちょびっツ,人形电脑天使心,2002,动画,"[{""t"":""ちょびっツ"",""cn"":""人形电脑天使心"",""ty"":""动画"",""y"":2002,""pop"":0},{""t"":""CLAMP IN WONDERLAND"",""cn"":""CLAMP仙境"",""ty"":""动画"",""y"":1994,""pop"":0}]",小岛良由起的可携式电脑，性格与丝茉茉相反，被设定为沉着和永不说谎。其后也落到秀树手上。,17,0,0,17,,https://lain.bgm.tv/pic/crt/l/f7/17/44_163c833dff4b38fc8d2872f1ec6_5WPWj.jpg,https://lain.bgm.tv/r/400/pic/crt/l/f7/17/44_163c833dff4b38fc8d2872f1ec6_5WPWj.jpg,,,,,https://bgm.tv/character/44,,44
bgm-bgm195620,bangumi,3,3,,友里真夏,友里真夏,,,其他,,,动画|漫画,动画,乙女怪獣キャラメリゼ,少女怪兽焦糖味,2026,动画,"[{""t"":""乙女怪獣キャラメリゼ"",""cn"":""少女怪兽焦糖味"",""ty"":""动画"",""y"":2026,""pop"":0},{""t"":""乙女怪獣キャラメリゼ"",""cn"":""少女怪兽焦糖味"",""ty"":""漫画"",""y"":2018,""pop"":0}]",与黑绘就读同一所高中的美少女，非常喜欢怪兽。热爱哈尔冈，并认为黑绘就是哈尔冈的巫女。胸部非常丰满。 [简介原文] 黒絵と同じ高校に通う怪獣が大好きな美少女。ハルゴンを愛しており、黒絵をハルゴンの巫女だと思っている。とてもむねが大きいぞ。,16,0,0,16,,https://lain.bgm.tv/pic/crt/l/5a/2e/195620_crt_DeLG0.jpg,https://lain.bgm.tv/r/400/pic/crt/l/5a/2e/195620_crt_DeLG0.jpg,,,,,https://bgm.tv/character/195620,,195620
bgm-bgm76911,bangumi,3,3,,,刻俄柏,Ceobe,小刻,其他,,,动画|漫画|游戏,动画,小刻的画图写话,小刻的画图写话,2023,动画,"[{""t"":""小刻的画图写话"",""cn"":""小刻的画图写话"",""ty"":""动画"",""y"":2023,""pop"":0},{""t"":""明日方舟"",""cn"":""明日方舟"",""ty"":""游戏"",""y"":2019,""pop"":0},{""t"":""信使安洁莉娜漫游手记"",""cn"":""信使安洁莉娜漫游手记"",""ty"":""漫画"",""y"":2025,""pop"":0}]",流浪者，从有意识开始就在四处流浪，在流浪途中被野外恶劣环境感染，凭着常人所不具备的直觉和意志一直撑到了现在。现已被罗德岛救助并顺利通过干员测试，成为罗德岛的一员。,16,0,0,16,,https://lain.bgm.tv/pic/crt/l/7d/b3/76911_crt_22ycm.jpg?r=1604301953,https://lain.bgm.tv/r/400/pic/crt/l/7d/b3/76911_crt_22ycm.jpg?r=1604301953,https://storage.moegirl.org.cn/moegirl/commons/8/8b/%E6%98%8E%E6%97%A5%E6%96%B9%E8%88%9F%E7%AB%8B%E7%BB%98_%E5%88%BB%E4%BF%84%E6%9F%8F_2.png!/fw/480/watermark/url/L21vZWdpcmwvd2F0ZXJtYXJrLnBuZw==/align/southeast/margin/10x10/opacity/50?v=20200316041041|https://storage.moegirl.org.cn/moegirl/commons/8/8b/%E6%98%8E%E6%97%A5%E6%96%B9%E8%88%9F%E7%AB%8B%E7%BB%98_%E5%88%BB%E4%BF%84%E6%9F%8F_2.png,,图源:moegirl,,https://bgm.tv/character/76911,,76911
bgm-bgm4906,bangumi,3,3,,乙姬睦美,乙姫むつみ,Otohime Mutsumi,,其他,B,,动画|漫画,动画,ラブひな,纯情房东俏房客,2000,动画,"[{""t"":""ラブひな"",""cn"":""纯情房东俏房客"",""ty"":""动画"",""y"":2000,""pop"":0},{""t"":""ラブひな Again"",""cn"":""纯情房东俏房客 Again"",""ty"":""动画"",""y"":2002,""pop"":0},{""t"":""ラブひな"",""cn"":""纯情房东俏房客"",""ty"":""漫画"",""y"":1999,""pop"":0}]",1978年3月3日在冲绳出生、有八个兄弟姊妹的长女，小时曾入住雏田庄。于单行本第3集中登场，偶然会进入“假死”状态（漫画中可以看见她在“假死”时的灵魂在飘）。经常做出一些 奇怪的行为，例如和奈留接吻、考试时因为忘记填名以致落榜等等。听得懂乌龟说话，模拟测验分数甚至比“全国第一”的奈留高。至于考了三次都考不上的原因，多半是由于“假死”或忘写名字。当初为了报考东大，独自搬到东京居住，却因为房子在一场大火中烧毁而搬到浦岛晴香的“日向”和风咖啡厅居住。,16,0,0,16,,https://lain.bgm.tv/pic/crt/l/54/c3/4906_crt_anidb.jpg,https://lain.bgm.tv/r/400/pic/crt/l/54/c3/4906_crt_anidb.jpg,,,,,https://bgm.tv/character/4906,,4906
bgm-bgm173836,bangumi,3,3,,樱大门菊花,桜大門菊花,,,其他,,,动画|漫画,动画,ポンコツ風紀委員とスカート丈が不適切なJKの話,木头风纪委员和迷你裙JK的故事,2026,动画,"[{""t"":""ポンコツ風紀委員とスカート丈が不適切なJKの話"",""cn"":""木头风纪委员和迷你裙JK的故事"",""ty"":""动画"",""y"":2026,""pop"":0},{""t"":""ポンコツ風紀委員とスカート丈が不適切なJKの話"",""cn"":""一根筋的风纪委员与裙长不当的JK"",""ty"":""漫画"",""y"":2019,""pop"":0}]",统悟的妹妹。,15,0,0,15,,https://lain.bgm.tv/pic/crt/l/a7/d0/173836_crt_rjs12.jpg,https://lain.bgm.tv/r/400/pic/crt/l/a7/d0/173836_crt_rjs12.jpg,,,,,https://bgm.tv/character/173836,,173836
bgm-bgm86810,bangumi,3,3,,大鸣门梦妮,大鳴門むに,Ohnaruto Muni,大鸣门无双,其他,B,,动画|游戏,动画,D4DJ First Mix,,2020,动画,"[{""t"":""D4DJ First Mix"",""cn"":"""",""ty"":""动画"",""y"":2020,""pop"":0},{""t"":""D4DJ All Mix"",""cn"":"""",""ty"":""动画"",""y"":2023,""pop"":0},{""t"":""D4DJ Groovy Mix"",""cn"":""D4DJ Groovy Mix 电音派对"",""ty"":""游戏"",""y"":2020,""pop"":0},{""t"":""ぷっちみく♪ D4DJ Petit Mix"",""cn"":"""",""ty"":""动画"",""y"":2021,""pop"":0}]",邻久的总角之交。被邻久称赞了自己的画后，便开始真正的成为一名画师，其后在网络上也受到关注。对于认可自己的人会撒娇，对不认可自己的人会自我保护抵抗。,15,0,0,15,,https://lain.bgm.tv/pic/crt/l/81/62/86810_crt_FokU7.jpg?r=1648201575,https://lain.bgm.tv/r/400/pic/crt/l/81/62/86810_crt_FokU7.jpg?r=1648201575,https://storage.moegirl.org.cn/moegirl/commons/c/c9/%E5%A4%A7%E9%B3%B4%E9%96%80%E3%82%80%E3%81%AB_Cutie%E2%97%8E%E3%82%AA%E3%83%B3%E3%83%AA%E3%83%BC_Profile.png,,图源:moegirl,,https://bgm.tv/character/86810,,86810
bgm-bgm18436,bangumi,3,3,,小公主,ヒメちゃん,,,其他,,,动画,动画,戦勇。第2期,战勇。第二季,2013,动画,"[{""t"":""戦勇。第2期"",""cn"":""战勇。第二季"",""ty"":""动画"",""y"":2013,""pop"":0},{""t"":""戦勇。"",""cn"":""战勇。"",""ty"":""动画"",""y"":2013,""pop"":0}]",ハンチング帽をかぶった美少女。 アルバやフォイフォイたちとはどんな関係なのか…。 現時点では、あらゆる面で謎に包まれている。 アルバたちの冒険の鍵を握る人物かも知れない。,14,0,0,14,,https://lain.bgm.tv/pic/crt/l/89/ff/18436_crt_5w4aU.jpg,https://lain.bgm.tv/r/400/pic/crt/l/89/ff/18436_crt_5w4aU.jpg,,,,,https://bgm.tv/character/18436,,18436
bgm-bgm9734,bangumi,3,3,,龙啸海,龍咲海,Ryuuzaki Umi,,其他,A,,动画|漫画,动画,CLAMP IN WONDERLAND,CLAMP仙境,1994,动画,"[{""t"":""CLAMP IN WONDERLAND"",""cn"":""CLAMP仙境"",""ty"":""动画"",""y"":1994,""pop"":0},{""t"":""魔法騎士レイアース"",""cn"":""魔法骑士雷阿斯"",""ty"":""动画"",""y"":1994,""pop"":0},{""t"":""レイアース"",""cn"":""魔法骑士雷阿斯OVA"",""ty"":""动画"",""y"":1997,""pop"":0},{""t"":""魔法騎士レイアース2"",""cn"":""魔法骑士2"",""ty"":""漫画"",""y"":1995,""pop"":0},{""t"":""魔法騎士レイアース"",""cn"":""魔法骑士"",""ty"":""漫画"",""y"":1994,""pop"":0},{""t"":""魔法騎士レイアース"",""cn"":""魔法骑士雷阿斯"",""ty"":""动画"",""y"":2026,""pop"":0}]",中学2年生。両親のみの3人家族。好きな食べ物はスパゲッティ。テーマカラーは青。3人の中では1番長身。お嬢様御用達の女子校に通っている。フェンシング部所属。エテルナへ行く時に借りた剣も、後にプレセアに創ってもらった剣も、光の物より細身。興奮しやすく怒りっぽい反面、根は仲間思いで優しく非常に繊細。自分では「温厚」と公言している。口調は典型的な女言葉で、一人称は「私」、他人への呼称も基本的に呼び捨てである。 東京タワーで光や風と一緒だった時に突然セフィーロへ召喚される。,14,0,0,14,,https://lain.bgm.tv/pic/crt/l/e2/42/9734_crt_anidb.jpg?r=1495684939,https://lain.bgm.tv/r/400/pic/crt/l/e2/42/9734_crt_anidb.jpg?r=1495684939,,,,,https://bgm.tv/character/9734,,9734
bgm-bgm162472,bangumi,3,3,,日阴中,日陰ナカ,,,其他,,,动画|漫画,漫画,君は冥土様。,暗杀女仆冥土酱,2020,漫画,"[{""t"":""君は冥土様。"",""cn"":""暗杀女仆冥土酱"",""ty"":""漫画"",""y"":2020,""pop"":0},{""t"":""君は冥土様。"",""cn"":""女仆冥土小姐。"",""ty"":""动画"",""y"":2024,""pop"":0}]",人好と雪のクラスメイト。雪に憧れていている。 常人離れした運動能力を持つが、人前ではそれを隠している。,12,0,0,12,,https://lain.bgm.tv/pic/crt/l/0a/8e/162472_crt_XtccV.jpg?r=1723036828,https://lain.bgm.tv/r/400/pic/crt/l/0a/8e/162472_crt_XtccV.jpg?r=1723036828,,,,,https://bgm.tv/character/162472,,162472
bgm-bgm1403,bangumi,3,3,,两津勘吉,両津勘吉,Ryouutsu Kankichi,両さん,其他,,,动画|漫画,动画,こちら葛飾区亀有公園前派出所,乌龙派出所,1996,动画,"[{""t"":""こちら葛飾区亀有公園前派出所"",""cn"":""乌龙派出所"",""ty"":""动画"",""y"":1996,""pop"":0},{""t"":""こちら葛飾区亀有公園前派出所～THE FINAL 両津勘吉最後の日～"",""cn"":""乌龙派出所 THE FINAL 两津勘吉最后的一天"",""ty"":""动画"",""y"":2016,""pop"":0},{""t"":""こちら葛饰区亀有公园前派出所"",""cn"":""乌龙派出所"",""ty"":""其他"",""y"":2009,""pop"":0},{""t"":""こちら葛飾区亀有公園前派出所"",""cn"":""乌龙派出所"",""ty"":""漫画"",""y"":1977,""pop"":0},{""t"":""こちら葛飾区亀有公園前派出所 THE MOVIE"",""cn"":""乌龙派出所 剧场版：史上最恶爆弹大作战"",""ty"":""动画"",""y"":1999,""pop"":0},{""t"":""こちら葛飾区亀有公園前派出所 THE MOVIE2 UFO襲来! トルネード大作戦!!"",""cn"":""乌龙派出所 剧场版2：UFO来袭！飞龙丸号大作战"",""ty"":""动画"",""y"":2003,""pop"":0}]",亀有公園前派出所に勤務する、型破りな警察官。 お金儲けと遊びが大好きで、人並み外れた生命力の持ち主。 今日も周囲を巻き込んで大騒動！,12,0,0,12,,https://lain.bgm.tv/pic/crt/l/69/00/1403_crt_OmQZ4.jpg,https://lain.bgm.tv/r/400/pic/crt/l/69/00/1403_crt_OmQZ4.jpg,,,,,https://bgm.tv/character/1403,,1403
bgm-bgm50515,bangumi,3,3,,有原翼,有原翼,arihra tsubasa,,其他,O,,动画|游戏,动画,八月のシンデレラナイン,八月的灰姑娘棒球队,2019,动画,"[{""t"":""八月のシンデレラナイン"",""cn"":""八月的灰姑娘棒球队"",""ty"":""动画"",""y"":2019,""pop"":0},{""t"":""八月のシンデレラナイン"",""cn"":""八月的灰姑娘棒球队"",""ty"":""游戏"",""y"":"""",""pop"":0}]",男主角的同班同学，个性活泼且单纯的女孩。热爱棒球，中学时知道女生不能进甲子园后而放弃，上了高中后决定再次追逐梦想而成立女子棒球社。 运动能力相当强，球技在水准之上，但对学习并不擅长，考试成绩经常不及格。 动画版设定: 在国中时成为棒球队夺取全国学界冠军的功臣。 上了高中后，为了和青梅竹马河北智惠一起打棒球，暂放弃成为职业球员，在学校成立女子棒球社。 守备位置为游击手，右投右打。,12,0,0,12,,https://lain.bgm.tv/pic/crt/l/18/b1/50515_crt_nm44i.jpg?r=1554733378,https://lain.bgm.tv/r/400/pic/crt/l/18/b1/50515_crt_nm44i.jpg?r=1554733378,https://storage.moegirl.org.cn/moegirl/commons/8/84/Arihara_wallpaper.png!/fw/480/watermark/url/L21vZWdpcmwvd2F0ZXJtYXJrLnBuZw==/align/southeast/margin/10x10/opacity/50?v=20181030003147|https://storage.moegirl.org.cn/moegirl/commons/8/84/Arihara_wallpaper.png,,图源:moegirl,,https://bgm.tv/character/50515,,50515
bgm-bgm20495,bangumi,3,3,,卡迪亚,カティア,,,其他,,,动画,动画,ファンタジスタドール,幻想玩偶,2013,动画,,设定生日3月3日，精力旺盛元气满满的Doll。,11,0,0,11,,https://lain.bgm.tv/pic/crt/l/50/bd/20495_crt_rBoQb.jpg,https://lain.bgm.tv/r/400/pic/crt/l/50/bd/20495_crt_rBoQb.jpg,,,,,https://bgm.tv/character/20495,,20495
bgm-bgm17556,bangumi,3,3,,莉诺雅·哈蒂莉,リノア・ハーティリー,Rinoa Heartilly,,其他,,,游戏|Galgame,Galgame,Dissidia Final Fantasy NT,最终幻想 纷争NT,2018,Galgame,"[{""t"":""Dissidia Final Fantasy NT"",""cn"":""最终幻想 纷争NT"",""ty"":""Galgame"",""y"":2018,""pop"":0},{""t"":""ファイナルファンタジー ブレイブエクスヴィアス"",""cn"":""最终幻想：勇气启示录"",""ty"":""Galgame"",""y"":2015,""pop"":0},{""t"":""ファイナルファンタジーVIII"",""cn"":""最终幻想8"",""ty"":""游戏"",""y"":1999,""pop"":0},{""t"":""FINAL FANTASY Record Keeper"",""cn"":""最终幻想 记录守护者"",""ty"":""游戏"",""y"":2014,""pop"":0}]",ティンバーの反ガルバディアレジスタンス組織「森のフクロウ」の中心メンバー。「ブラスターエッジ」というチャクラムを飛ばして攻撃する武器を使用する。 明るく勝ち気で人懐っこい性格。思ったことは躊躇わず口に出し他人とは壁を作らない。 父親はガルバディア軍の事実上の最高実力者であるカーウェイ大佐だが、独裁的な国政関係者に関わり粛清に携わる父親への反発から数年前に家を飛び出し、今は母親の旧姓である「ハーティリー」を名乗っている。,11,0,0,11,,https://lain.bgm.tv/pic/crt/l/7f/6e/17556_crt_iZOXP.jpg,https://lain.bgm.tv/r/400/pic/crt/l/7f/6e/17556_crt_iZOXP.jpg,https://static.wikia.nocookie.net/finalfantasy/images/0/09/Ff8-rinoa.jpg/revision/latest/scale-to-width-down/275?cb=20100603174143|https://static.wikia.nocookie.net/finalfantasy/images/0/09/Ff8-rinoa.jpg/revision/latest?cb=20100603174143,,图源:fandom:finalfantasy,,https://bgm.tv/character/17556,,17556
bgm-bgm26222,bangumi,3,3,,高峰美音,高峰みおん,Takamine Mion,,其他,B,,动画,动画,プリティーリズム・オーロラドリーム,美妙旋律 极光之梦,2011,动画,"[{""t"":""プリティーリズム・オーロラドリーム"",""cn"":""美妙旋律 极光之梦"",""ty"":""动画"",""y"":2011,""pop"":0},{""t"":""プリティーリズム・ディアマイフューチャー"",""cn"":""美妙旋律 Dear My Future"",""ty"":""动画"",""y"":2012,""pop"":0}]",故事主角之一，第一季时为15岁，第二季时则是19岁，MARs里年纪最大的。1997年3月3日出生，双鱼座，血型B型。 出生于 阿根廷首都布宜诺斯艾利斯，是一个业余的模特，其专长为舞蹈与流行歌曲演唱，跟爱良一样爱好流行时尚，为求自我的突破而踏入成为绫镜舞者之路。时尚杂志的业余模特，在舞蹈、时尚品味、歌唱能力都相当出色，有点高傲（后来有改），但是个很棒的女生。口头禅是“美音 Switch on”。,11,0,0,11,,https://lain.bgm.tv/pic/crt/l/e0/1e/26222_crt_1Zr27.jpg,https://lain.bgm.tv/r/400/pic/crt/l/e0/1e/26222_crt_1Zr27.jpg,,,,,https://bgm.tv/character/26222,,26222
bgm-bgm43259,bangumi,3,3,,,湫,,,其他,,,动画,动画,大鱼·海棠,大鱼·海棠,2016,动画,,与椿从小一起长大，自幼没有父母，由奶奶抚养长大，掌管秋风。他从小缺少管束，天不怕地不怕，可在内心深处，却最害怕让他所爱的人受苦。,10,0,0,10,,https://lain.bgm.tv/pic/crt/l/73/d7/43259_crt_3329L.jpg,https://lain.bgm.tv/r/400/pic/crt/l/73/d7/43259_crt_3329L.jpg,,,,,https://bgm.tv/character/43259,,43259
bgm-bgm21684,bangumi,3,3,,比泉秋名,比泉秋名,Hiizumi Akina,,其他,,,动画,动画,夜桜四重奏 〜ハナノウタ〜,夜樱四重奏 花之歌,2013,动画,"[{""t"":""夜桜四重奏 〜ハナノウタ〜"",""cn"":""夜樱四重奏 花之歌"",""ty"":""动画"",""y"":2013,""pop"":0},{""t"":""夜桜四重奏 〜ヨザクラカルテット〜"",""cn"":""夜樱四重奏"",""ty"":""动画"",""y"":2008,""pop"":0}]",18岁的青年，黑色短发，茶色的眼睛。是个普通的人，兴趣是料理和扫除，另外还有珠算三段的本领。现在是“比泉生活相谈事务所”的所长。也是个心地善良的老实人，但是也是一个饱尝生活艰辛的人。当看到有人发生了为难的事情的时候，一定无法视若无睹。感情非常丰富，基本没有发怒过，但是确优柔寡断，懦弱，不顾全大局，导致了城镇妖怪的能力失控。和枪樱是从前的旧识，由于擅长做菜而经常为了枪樱做料理，可以说是很有家务才能了。,10,0,0,10,,https://lain.bgm.tv/pic/crt/l/8f/3b/21684_crt_TgBfb.jpg,https://lain.bgm.tv/r/400/pic/crt/l/8f/3b/21684_crt_TgBfb.jpg,,,,,https://bgm.tv/character/21684,,21684
bgm-bgm61085,bangumi,3,3,,真昼,マヒル,Noto Mahiru,野户真昼 / 野户真阳 / 奶牛,其他,B,,动画|游戏,动画,プリンセスコネクト！Re:Dive,公主连结 Re:Dive,2020,动画,"[{""t"":""プリンセスコネクト！Re:Dive"",""cn"":""公主连结 Re:Dive"",""ty"":""动画"",""y"":2020,""pop"":0},{""t"":""プリンセスコネクト！Re:Dive"",""cn"":""公主连结 Re:Dive"",""ty"":""游戏"",""y"":2018,""pop"":0},{""t"":""プリンセスコネクト！"",""cn"":""公主连结"",""ty"":""游戏"",""y"":2015,""pop"":0},{""t"":""プリンセスコネクト！Re:Dive Season 2"",""cn"":""公主连结 Re:Dive 第二季"",""ty"":""动画"",""y"":2022,""pop"":0}]",あんちゃん、お笑いに興味あるならオラの相方になる？ ちょうど相方、探してたんだ。 うん、考えといて～？ 星の入った瞳が特徴の、【牧場（エリザベスパーク）】経営者の女性。 牛（ホルスタイン）の着ぐるみっぽい衣装を着ており、東北弁のような方言で話す。 お笑いが趣味で、会話の中にギャグや漫才の要素を交えて喋っている。しかし他の人のギャグには中々気づかないことが多く、ツッコミに関してはあまり得意分野ではない様子。,10,0,0,10,,https://lain.bgm.tv/pic/crt/l/16/75/61085_crt_4R4yR.jpg?r=1692037592,https://lain.bgm.tv/r/400/pic/crt/l/16/75/61085_crt_4R4yR.jpg?r=1692037592,,,,,https://bgm.tv/character/61085,,61085
bgm-bgm168453,bangumi,3,3,,莉娜,リーナ,,,其他,,,动画|漫画,动画,完璧すぎて可愛げがないと婚約破棄された聖女は隣国に売られる,圣女因太过完美不够可爱而被废除婚约并卖到邻国,2025,动画,"[{""t"":""完璧すぎて可愛げがないと婚約破棄された聖女は隣国に売られる"",""cn"":""圣女因太过完美不够可爱而被废除婚约并卖到邻国"",""ty"":""动画"",""y"":2025,""pop"":0},{""t"":""完璧すぎて可愛げがないと婚約破棄された聖女は隣国に売られる"",""cn"":""完美到难以接近的圣女遭到解除婚约后被卖到邻国"",""ty"":""漫画"",""y"":2022,""pop"":0},{""t"":""完璧すぎて可愛げがないと婚約破棄された聖女は隣国に売られる"",""cn"":""圣女因太过完美不够可爱而被废除婚约并卖到邻国"",""ty"":""漫画"",""y"":2021,""pop"":0}]",パルナコルタ王国でのフィリアのメイド兼護衛。一人でなんでもこなしてしまうフィリアを目いっぱいお世話して甘やかしている。元気で明るく、フィリアの良き話し相手にもなっている。,9,0,0,9,,https://lain.bgm.tv/pic/crt/l/f9/f7/168453_crt_BRJoK.jpg?r=1734275930,https://lain.bgm.tv/r/400/pic/crt/l/f9/f7/168453_crt_BRJoK.jpg?r=1734275930,,,,,https://bgm.tv/character/168453,,168453
bgm-bgm77294,bangumi,3,3,,伊克斯·艾丽莎贝塔,イクス・エリザベッタ,Ix Elizabetta,,其他,,,动画,动画,魔入りました！入間くん 第2シリーズ,入间同学入魔了 第二季,2021,动画,"[{""t"":""魔入りました！入間くん 第2シリーズ"",""cn"":""入间同学入魔了 第二季"",""ty"":""动画"",""y"":2021,""pop"":0},{""t"":""魔入りました！入間くん 第4シリーズ"",""cn"":""入间同学入魔了 第四季"",""ty"":""动画"",""y"":2026,""pop"":0},{""t"":""魔入りました！入間くん 第3シリーズ"",""cn"":""入间同学入魔了 第三季"",""ty"":""动画"",""y"":2022,""pop"":0},{""t"":""魔入りました！入間くん"",""cn"":""入间同学入魔了"",""ty"":""动画"",""y"":2019,""pop"":0}]",問題児（アブノーマル）クラス。 おっとりした性格の、美しい女子悪魔。,9,0,0,9,,https://lain.bgm.tv/pic/crt/l/ed/90/77294_crt_jKf7K.jpg?r=1773285855,https://lain.bgm.tv/r/400/pic/crt/l/ed/90/77294_crt_jKf7K.jpg?r=1773285855,,,,,https://bgm.tv/character/77294,,77294
bgm-bgm3555,bangumi,3,3,,雾崎恭子,キリサキ＝キョウコ,Kyouko Kirisaki,キリサキキョウコ / キョウコ＝キリサキ,其他,B,,动画|漫画,动画,BLACK CAT,黑猫,2005,动画,"[{""t"":""BLACK CAT"",""cn"":""黑猫"",""ty"":""动画"",""y"":2005,""pop"":0},{""t"":""BLACK CAT"",""cn"":""黑猫"",""ty"":""漫画"",""y"":2001,""pop"":0}]",星之使徒的成员之一，主要与夏登一同行动。是位17岁的日本女学生。个性十分开朗，想做什么就做什么。 能力是“Heat”，能将碰到的物体加热，也能吐出火焰弹。 矢吹的下一部漫画《出包王女》里的动画《爆热少女魔法恭子》的女主角原型。,9,0,0,9,,https://lain.bgm.tv/pic/crt/l/22/60/3555_crt_vXa5h.jpg,https://lain.bgm.tv/r/400/pic/crt/l/22/60/3555_crt_vXa5h.jpg,,,,,https://bgm.tv/character/3555,,3555
bgm-bgm29499,bangumi,3,3,,水镜美三香,水鏡美三香,Mikagami Mimika,,其他,O,,动画,动画,蒼穹のファフナー EXODUS,苍穹之法芙娜 EXODUS,2015,动画,"[{""t"":""蒼穹のファフナー EXODUS"",""cn"":""苍穹之法芙娜 EXODUS"",""ty"":""动画"",""y"":2015,""pop"":0},{""t"":""蒼穹のファフナー EXODUS 第2クール"",""cn"":""苍穹之法芙娜 EXODUS 第2部分"",""ty"":""动画"",""y"":2015,""pop"":0},{""t"":""蒼穹のファフナー THE BEYOND"",""cn"":""苍穹之法芙娜 THE BEYOND"",""ty"":""动画"",""y"":2019,""pop"":0},{""t"":""TVアニメ「蒼穹のファフナー EXODUS」キャラクターソングアルバム"",""cn"":"""",""ty"":""音乐"",""y"":2015,""pop"":0}]",EXODUS： 14岁，中学生。憧憬着前辈·堂马广登。并从广登那里收下了ゴウバイン的头盔并被称呼为「第三代」。 驾驶Mark Fünf改·月读。有着宛如当年的一骑般的拔群体力，以及极高的同化现象耐性。,9,0,0,9,,https://lain.bgm.tv/pic/crt/l/55/12/29499_crt_Q4G09.jpg?r=1428814282,https://lain.bgm.tv/r/400/pic/crt/l/55/12/29499_crt_Q4G09.jpg?r=1428814282,,,,,https://bgm.tv/character/29499,,29499
bgm-bgm26216,bangumi,3,3,,濑名泉水,瀬名泉水,Sena Izumi,,其他,AB,,动画|漫画,动画,LOVE STAGE!!,,2014,动画,"[{""t"":""LOVE STAGE!!"",""cn"":"""",""ty"":""动画"",""y"":2014,""pop"":0},{""t"":""LOVE STAGE!!"",""cn"":"""",""ty"":""漫画"",""y"":2011,""pop"":0},{""t"":""TVアニメ LOVE STAGE!!キャラクターソング01 EVERYDAY MAGIC"",""cn"":"""",""ty"":""音乐"",""y"":2014,""pop"":0},{""t"":""TVアニメ LOVE STAGE!!キャラクターソング02 PRECIOUS COLOR"",""cn"":"""",""ty"":""音乐"",""y"":2014,""pop"":0}]",超有名芸能一家に生まれた唯一人の凡人で、超オタクな大学生。 「魔法天使ララルル」をこよなく愛し、大学では漫画研究会にも所属。 周囲には芸能界への道を勧められるけれど、10年前に負ったとあるトラウマが原因で断固拒否。 漫画家を目指して日々奮闘中。18歳。,9,0,0,9,,https://lain.bgm.tv/pic/crt/l/51/12/26216_crt_PrI3P.jpg,https://lain.bgm.tv/r/400/pic/crt/l/51/12/26216_crt_PrI3P.jpg,,,,,https://bgm.tv/character/26216,,26216
bgm-bgm67700,bangumi,3,3,,月永求,月永求,Tsukinaga Motomu,脉求,其他,A,,动画,动画,リズと青い鳥,莉兹与青鸟,2018,动画,"[{""t"":""リズと青い鳥"",""cn"":""莉兹与青鸟"",""ty"":""动画"",""y"":2018,""pop"":0},{""t"":""劇場版 響け！ユーフォニアム～誓いのフィナーレ～"",""cn"":""剧场版 吹响吧！上低音号～誓言的终章～"",""ty"":""动画"",""y"":2019,""pop"":0},{""t"":""最終楽章 響け！ユーフォニアム 前編"",""cn"":""最终乐章 吹响吧！上低音号 前篇"",""ty"":""动画"",""y"":2026,""pop"":0},{""t"":""響け！ユーフォニアム3"",""cn"":""吹响吧！上低音号 第三季"",""ty"":""动画"",""y"":2024,""pop"":0}]",北宇治高校1年生。 担当楽器はコントラバス。 男子校の龍聖学園出身。 可愛らしい外見だが、 他人にはきつくあたることが多い。 緑輝曰く「血統書付きの捨てネコ」。 先輩である緑輝に心酔している。 ♪好きな色 鶯茶、淡萌葱 ♪趣味 天体観測、ジオラマ作り ♪特技 何時間でもぼーっとできる ♪好きなもの リサイクルマーク、太陽の塔、姉 ♪嫌いなもの 可愛いって言われること、祖父,9,0,0,9,,https://lain.bgm.tv/pic/crt/l/c7/e4/67700_crt_qsCO3.jpg?r=1567425217,https://lain.bgm.tv/r/400/pic/crt/l/c7/e4/67700_crt_qsCO3.jpg?r=1567425217,,,,,https://bgm.tv/character/67700,,67700
bgm-bgm97675,bangumi,3,3,,山田太郎,山田太郎,Yamada Tarou,,其他,O,,动画|漫画,动画,忘却バッテリー,失忆投捕,2024,动画,"[{""t"":""忘却バッテリー"",""cn"":""失忆投捕"",""ty"":""动画"",""y"":2024,""pop"":0},{""t"":""忘却バッテリー"",""cn"":""失忆投捕"",""ty"":""漫画"",""y"":2018,""pop"":0},{""t"":""忘却バッテリー"",""cn"":""失忆投捕"",""ty"":""动画"",""y"":2020,""pop"":0},{""t"":""舞台『忘却バッテリー』"",""cn"":"""",""ty"":""其他"",""y"":2025,""pop"":0}]",本作の語り手。天才と呼ばれるような実力はないが堅実な選手であり、仲間からの人望も厚い。穏やかな性格の常識人で、癖の強い天才チームメイト達をさりげなくまとめつつ、内心でツッコミを入れている。,9,0,0,9,,https://lain.bgm.tv/pic/crt/l/6b/9b/97675_crt_wMHhe.jpg?r=1702796217,https://lain.bgm.tv/r/400/pic/crt/l/6b/9b/97675_crt_wMHhe.jpg?r=1702796217,,,,,https://bgm.tv/character/97675,,97675
bgm-bgm64544,bangumi,3,3,,,因幡はねる,Inaba Haneru,组长,其他,,,漫画,漫画,因幡はねるのハネマン麻雀,,2023,漫画,,あにまーれリーダーの【因幡はねる Inaba Haneru】です♪ ゲーム配信やASMR配信、動画投稿など、色々な活動をしていきます。 リスナーの皆さんには超超超神対応☆* 一生懸命頑張るので、チャンネル登録お願いします*＊ 登録→ //www.youtube.com/channel/UC0Owc36U9lOyi9Gx9Ic-4qg/?sub_confirmation=1 Twitter→ //twitter.com/Haneru_Inaba 黄色のタレ耳うさぎです。,8,0,0,8,,https://lain.bgm.tv/pic/crt/l/fd/cc/64544_crt_2KBEM.jpg,https://lain.bgm.tv/r/400/pic/crt/l/fd/cc/64544_crt_2KBEM.jpg,,,,,https://bgm.tv/character/64544,,64544
bgm-bgm70230,bangumi,3,3,,,杰西卡,Jessica,,其他,,,动画|漫画|游戏,动画,U探泰拉,,2025,动画,"[{""t"":""U探泰拉"",""cn"":"""",""ty"":""动画"",""y"":2025,""pop"":0},{""t"":""明日方舟"",""cn"":""明日方舟"",""ty"":""游戏"",""y"":2019,""pop"":0},{""t"":""アークナイツ【焔燼曙明/RISE FROM EMBER】"",""cn"":""明日方舟：焰烬曙明"",""ty"":""动画"",""y"":2025,""pop"":0},{""t"":""罗德岛源石记事：黑钢"",""cn"":"""",""ty"":""漫画"",""y"":2023,""pop"":0},{""t"":""アークナイツ【冬隠帰路/PERISH IN FROST】"",""cn"":""明日方舟：冬隐归路"",""ty"":""动画"",""y"":2023,""pop"":0},{""t"":""アークナイツドラマCD「ロドス・オリジニウムレコード 黒鋼」"",""cn"":""明日方舟广播剧「罗德岛源石记事：黑钢」"",""ty"":""音乐"",""y"":2024,""pop"":0}]",黑钢的正式干员，作为双方交流项目的一环驻扎学习。 虽然作战能力不弱，但是性格缺乏自信，总是轻易责备自己。,8,0,0,8,,https://lain.bgm.tv/pic/crt/l/90/1d/70230_crt_454rM.jpg?r=1594315625,https://lain.bgm.tv/r/400/pic/crt/l/90/1d/70230_crt_454rM.jpg?r=1594315625,,,,,https://bgm.tv/character/70230,,70230
bgm-bgm109319,bangumi,3,3,,笠间阳菜,笠間ひな,Kasama Hina,,其他,,,动画|漫画,动画,てっぺんっ!!!!!!!!!!!!!!!,顶点!!!!!!!!!!!!!!!,2022,动画,"[{""t"":""てっぺんっ!!!!!!!!!!!!!!!"",""cn"":""顶点!!!!!!!!!!!!!!!"",""ty"":""动画"",""y"":2022,""pop"":0},{""t"":""てっぺんっ!!!"",""cn"":""顶点!!!"",""ty"":""漫画"",""y"":2021,""pop"":0}]",引っ込み思案で、ぼそぼそと小声でしゃべるボケ担当。茨城に対して過度にネガティブで、「どうせ茨城なんて」といつも自虐する。しかし他県民が茨城をディスることは絶対に許さず、根っこでは茨城愛が強いと思われる。,8,0,0,8,,https://lain.bgm.tv/pic/crt/l/ce/ea/109319_crt_pm7AP.jpg,https://lain.bgm.tv/r/400/pic/crt/l/ce/ea/109319_crt_pm7AP.jpg,,,,,https://bgm.tv/character/109319,,109319
bgm-bgm125031,bangumi,3,3,,,令,Ling,,其他,,,动画|漫画|游戏,动画,U探泰拉,,2025,动画,"[{""t"":""U探泰拉"",""cn"":"""",""ty"":""动画"",""y"":2025,""pop"":0},{""t"":""明日方舟"",""cn"":""明日方舟"",""ty"":""游戏"",""y"":2019,""pop"":0},{""t"":""暮岁闲谈：正是团圆时分"",""cn"":"""",""ty"":""漫画"",""y"":"""",""pop"":0},{""t"":""一起吃个饭吧"",""cn"":""一起吃个饭吧"",""ty"":""漫画"",""y"":"""",""pop"":0},{""t"":""暮岁闲谈：来拍电影吗"",""cn"":""暮岁闲谈：来拍电影吗"",""ty"":""漫画"",""y"":"""",""pop"":0},{""t"":""暮岁闲谈：这是平凡人生"",""cn"":""暮岁闲谈：这是平凡人生"",""ty"":""漫画"",""y"":"""",""pop"":0}]",令，寓居尚蜀的诗人，与炎国司岁台等政府部门均有联系，在尚蜀事件中接触罗德岛，现通过审核，以访客身份驻留本舰。,8,0,0,8,,https://lain.bgm.tv/pic/crt/l/29/17/125031_crt_NUN0l.jpg,https://lain.bgm.tv/r/400/pic/crt/l/29/17/125031_crt_NUN0l.jpg,,,,,https://bgm.tv/character/125031,,125031
bgm-bgm6054,bangumi,3,3,,米卡杰,ミカゲ,Mikage,,其他,,,动画|漫画,动画,07-GHOST,七鬼神,2009,动画,"[{""t"":""07-GHOST"",""cn"":""七鬼神"",""ty"":""动画"",""y"":2009,""pop"":0},{""t"":""07-GHOST"",""cn"":""神幻拍档"",""ty"":""漫画"",""y"":2005,""pop"":0}]",,8,0,0,8,,https://lain.bgm.tv/pic/crt/l/41/7f/6054_crt_anidb.jpg,https://lain.bgm.tv/r/400/pic/crt/l/41/7f/6054_crt_anidb.jpg,,,,,https://bgm.tv/character/6054,,6054
bgm-bgm13817,bangumi,3,3,,青空,青空,,天使青空,其他,A,,动画,动画,Baby Princess 3Dぱらだいす0,宝贝公主,2011,动画,,十八女 聪明，喜欢大自然的1岁孩子。 比起过家家和玩偶，更喜欢捉虫子和河边的活泼女孩子。,7,0,0,7,,https://lain.bgm.tv/pic/crt/l/84/e5/13817_crt_XX7i6.jpg,https://lain.bgm.tv/r/400/pic/crt/l/84/e5/13817_crt_XX7i6.jpg,,,,,https://bgm.tv/character/13817,,13817
bgm-bgm34311,bangumi,3,3,,艾丝普蕾索·萨巴提尼,エスプレッソ・サバティーニ,,,其他,B,,动画|漫画,动画,15美少女漂流記,15美少女漂流记,2009,动画,"[{""t"":""15美少女漂流記"",""cn"":""15美少女漂流记"",""ty"":""动画"",""y"":2009,""pop"":0},{""t"":""15美少女漂流記～アニメDVD付き～"",""cn"":"""",""ty"":""漫画"",""y"":2013,""pop"":0}]",在客船的派对中遇难的大小姐。父亲是黑道老大，因此让她被养成不容许别人违逆她的傲娇性格，但实际上是M属性,7,0,0,7,1,https://lain.bgm.tv/pic/crt/l/7e/5d/34311_crt_YZDbW.jpg,https://lain.bgm.tv/r/400/pic/crt/l/7e/5d/34311_crt_YZDbW.jpg,,,,,https://bgm.tv/character/34311,,34311
bgm-bgm29721,bangumi,3,3,,,和泉素直,,,其他,,,Galgame,Galgame,ぷちよめ,,2014,Galgame,"[{""t"":""ぷちよめ"",""cn"":"""",""ty"":""Galgame"",""y"":2014,""pop"":0},{""t"":""ぴゅあよめ"",""cn"":"""",""ty"":""Galgame"",""y"":2014,""pop"":0}]",お兄ちゃん大好きな “妹妻”。 甘えん坊で、エッチなことに興味津々。,7,0,0,7,1,https://lain.bgm.tv/pic/crt/l/5a/7b/29721_crt_ZhDKi.jpg,https://lain.bgm.tv/r/400/pic/crt/l/5a/7b/29721_crt_ZhDKi.jpg,,,,,https://bgm.tv/character/29721,,29721
bgm-bgm241,bangumi,3,3,,钉宫圆,釘宮円,Kugimiya Madoka,,其他,AB,,动画|漫画,漫画,魔法先生ネギま!,魔法老师,2003,漫画,"[{""t"":""魔法先生ネギま!"",""cn"":""魔法老师"",""ty"":""漫画"",""y"":2003,""pop"":0},{""t"":""魔法先生ネギま! ～もうひとつの世界～"",""cn"":""魔法老师涅吉！～另一个世界～"",""ty"":""动画"",""y"":2009,""pop"":0},{""t"":""ネギま!?"",""cn"":""魔法老师涅吉!?"",""ty"":""动画"",""y"":2006,""pop"":0},{""t"":""魔法先生ネギま!"",""cn"":""魔法老师涅吉！"",""ty"":""动画"",""y"":2005,""pop"":0}]",她是“啦啦队3人”中其中一人。 对于自己低沉的嗓音不太满意。 在麻帆良啦啦队中，和椎名樱子担任制止柿崎美砂的角色。 对用了魔法药长大了的小太郎有好感。,7,0,0,7,,https://lain.bgm.tv/pic/crt/l/83/b6/241_crt_bu28Y.jpg,https://lain.bgm.tv/r/400/pic/crt/l/83/b6/241_crt_bu28Y.jpg,,,,,https://bgm.tv/character/241,,241
bgm-bgm37161,bangumi,3,3,,,アリーシャ・ハモンド,,,,,,Galgame,Galgame,聖鍵遣いの命題,,2016,Galgame,,隅っこで本を読んでいるような物静かな女の子。 引っ込み思案で、コミュニケーションや人混みはちょっと苦手。 服に隠れているが、実はなかなか悩ましい身体つきをしている。 「む、無理ですっ！ 知らない人とお話なんてっ」,6,0,0,6,1,https://lain.bgm.tv/pic/crt/l/ac/3b/37161_crt_qP6dR.jpg,https://lain.bgm.tv/r/400/pic/crt/l/ac/3b/37161_crt_qP6dR.jpg,,,,,https://bgm.tv/character/37161,,37161
bgm-bgm14058,bangumi,3,3,,上原雏子,上原ひな子,,,其他,,,漫画,漫画,絶対☆霊域,绝对☆灵域,,漫画,,聖一が引っ越して来た部屋に棲み着いている地縛霊の少女。3月3日生まれ。聖一が引っ越して来た部屋にはかつてひな子の兄が住んでいたが、アパートの前で兄と共に交通事故に遭ってしまう。ひな子が霊体化した際には事故現場に兄の姿は無く、兄は生きていていつか帰って来るものと確信して地縛霊となり部屋に引っ越して来る住人を次々と追い出していた。しかし、元から幽霊の存在を自明のものとして受け入れている聖一には脅しが全く通用せず、兄探しを手伝うことを条件に聖一との同居生活を受け入れる。,6,0,0,6,,,,,,,,https://bgm.tv/character/14058,,14058
bgm-bgm54962,bangumi,3,3,,寝住,寝住,,,其他,,,动画|漫画,漫画,十二大戦,,2015,漫画,"[{""t"":""十二大戦"",""cn"":"""",""ty"":""漫画"",""y"":2015,""pop"":0},{""t"":""十二大戦"",""cn"":""十二大战"",""ty"":""动画"",""y"":2017,""pop"":0}]",日不景気な面をして学校に寝に来ている、夢も希望もなさそうな現役高校生。十二大戦に参加した理由も流れでただなんとなく。妙に達観した性格だが、チーズを食べているときだけはテンションが上がる。,6,0,0,6,,,,,,,,https://bgm.tv/character/54962,,54962
bgm-bgm59290,bangumi,3,3,,名鸟花,名鳥花,,,其他,O,,动画|漫画,动画,25歳の女子高生,25岁的女高中生,2018,动画,"[{""t"":""25歳の女子高生"",""cn"":""25岁的女高中生"",""ty"":""动画"",""y"":2018,""pop"":0},{""t"":""25歳の女子高生~子供には教えられないことシてやるよ"",""cn"":"""",""ty"":""漫画"",""y"":2017,""pop"":0}]",,6,0,0,6,,,,,,,,https://bgm.tv/character/59290,,59290
bgm-bgm95484,bangumi,3,3,,羽田鹰志,羽田鷹志,Haneda Youji,ぱね田,其他,,,动画|Galgame,Galgame,俺たちに翼はない,我们没有翅膀,2009,Galgame,"[{""t"":""俺たちに翼はない"",""cn"":""我们没有翅膀"",""ty"":""Galgame"",""y"":2009,""pop"":0},{""t"":""俺たちに翼はない AfterStory"",""cn"":""我们没有翅膀 AfterStory"",""ty"":""Galgame"",""y"":2010,""pop"":0},{""t"":""俺たちに翼はない R"",""cn"":""我们没有翅膀 R"",""ty"":""Galgame"",""y"":2011,""pop"":0},{""t"":""俺たちに翼はない"",""cn"":""我们没有翅膀"",""ty"":""动画"",""y"":2011,""pop"":0},{""t"":""PCゲーム『俺たちに翼はない』 ドラマCDセカンドシーズン 第三巻『夢テレビ・群青色メトロポリス』"",""cn"":"""",""ty"":""音乐"",""y"":2009,""pop"":0},{""t"":""PCゲーム『俺たちに翼はない』 ドラマCDセカンドシーズン 第四巻『夢ゲーム・薔薇色クロスオーバー』"",""cn"":"""",""ty"":""音乐"",""y"":2009,""pop"":0}]",メインテーマ「Main Theme“CONDOR”」 「羽田鷹志（ヨージ）編」主人公。小鳩の従兄。,6,0,0,6,,https://lain.bgm.tv/pic/crt/l/fd/eb/95484_crt_cGZj2.jpg?r=1619948997,https://lain.bgm.tv/r/400/pic/crt/l/fd/eb/95484_crt_cGZj2.jpg?r=1619948997,https://storage.moegirl.org.cn/moegirl/commons/c/cc/Haneda_5.png!/fw/480/watermark/url/L21vZWdpcmwvd2F0ZXJtYXJrLnBuZw==/align/southeast/margin/10x10/opacity/50?v=20250830103731|https://storage.moegirl.org.cn/moegirl/commons/c/cc/Haneda_5.png,,图源:moegirl,,https://bgm.tv/character/95484,,95484
bgm-bgm36948,bangumi,3,3,,斑鸠小夜,斑鳩小夜,Ikaruga Sayo,,其他,B,,动画|漫画,漫画,双星の陰陽師,双星之阴阳师,2014,漫画,"[{""t"":""双星の陰陽師"",""cn"":""双星之阴阳师"",""ty"":""漫画"",""y"":2014,""pop"":0},{""t"":""双星の陰陽師"",""cn"":""双星之阴阳师"",""ty"":""动画"",""y"":2016,""pop"":0}]",斑鳩家本家の嫡子で、安倍晴明の母・葛の葉を呪護者（守護霊）に持つ11歳。呪力の本質や、陰陽師の呪護者を見通す力がある。ろくろを王子様と慕う。,6,0,0,6,,,,,,,,https://bgm.tv/character/36948,,36948
bgm-bgm29652,bangumi,3,3,,汐见润,汐見潤,Shiomi jun,,其他,O,,动画|漫画,动画,食戟のソーマ,食戟之灵,2015,动画,"[{""t"":""食戟のソーマ"",""cn"":""食戟之灵"",""ty"":""动画"",""y"":2015,""pop"":0},{""t"":""食戟のソーマ 弍ノ皿"",""cn"":""食戟之灵 贰之皿"",""ty"":""动画"",""y"":2016,""pop"":0},{""t"":""食戟のソーマ 餐ノ皿"",""cn"":""食戟之灵 餐之皿"",""ty"":""动画"",""y"":2017,""pop"":0},{""t"":""食戟のソーマ OAD"",""cn"":""食戟之灵 OAD"",""ty"":""动画"",""y"":2016,""pop"":0},{""t"":""食戟のソーマ 餐ノ皿 遠月列車篇"",""cn"":""食戟之灵 餐之皿 远月列车篇"",""ty"":""动画"",""y"":2018,""pop"":0},{""t"":""食戟のソーマ"",""cn"":""食戟之灵"",""ty"":""漫画"",""y"":2013,""pop"":0}]",遠月学園教師。遠月学園卒業生で極星寮OG。34歳（第45話時点）。 一見中学生と見間違えるほど幼い顔立ちをしている小柄な女性。髪型はポニーテールで眼鏡をかけている。主に高等部2年の授業を担当しており、授業の傍ら香辛料全般を研究するゼミで教授を務めている。容姿は中学生の頃からほぼ変わっておらず、本人は昔から美容効果があるスパイスを口にし続けたためと語っている。,6,0,0,6,,,,,,,,https://bgm.tv/character/29652,,29652
bgm-bgm111988,bangumi,3,3,,风,風,,,其他,,,动画,动画,家庭教師ヒットマンREBORN!,家庭教师HITMAN REBORN!,2006,动画,,持有红色奶嘴，为岚属性的阿尔克巴雷诺。一平在香港的师父，和雷伯恩似乎是旧识。有着和云雀相似的浏海和眼睛，穿着功夫装，系着辫子。幼儿体型，胸前挂着红色奶嘴。10年后在一平引退时封印了她的筒子定时炸弹。是一个武术高手，他的实力让他连续三年在中国武术大赛上取得优胜。招式除了“饺子拳”外，另还精通107种必杀拳法。宠物是一只名叫“里奇”的猴子。,5,0,0,5,,,,,,,,https://bgm.tv/character/111988,,111988
bgm-bgm168407,bangumi,3,3,,内田桃,内田桃,,,其他,,,漫画,漫画,ふつうの軽音部,普通轻音社,2024,漫画,,,5,0,0,5,,,,,,,,https://bgm.tv/character/168407,,168407
bgm-bgm154318,bangumi,3,3,,QJ,QJ,,,,,,动画,动画,全修。,全修。,2025,动画,,映画『滅びゆく物語』のナインソルジャーの一員。 機械仕掛けの国出身。ヴォイドが来ることを察知できるためナインソルジャーに選ばれた。特技は天気予報だが、外れることもしばしば。 戦闘では額からビームを出せるが、主に情報収集と分析。自分ではナインソルジャーの頭脳のつもりだが、肝心な時にスリープモードになりユニオからはポンコツと言われている。気配りができて温厚で優しい性格。,5,0,0,5,,,,,,,,https://bgm.tv/character/154318,,154318
bgm-bgm31113,bangumi,3,3,,湊诗织,湊詩織,,,其他,O,,Galgame,Galgame,恋めくりクローバー ミニファンディスク,,2013,Galgame,"[{""t"":""恋めくりクローバー ミニファンディスク"",""cn"":"""",""ty"":""Galgame"",""y"":2013,""pop"":0},{""t"":""恋めくりクローバー"",""cn"":"""",""ty"":""Galgame"",""y"":2012,""pop"":0}]",上級生で、あやみのクラスメイト。 常に笑顔で普段はのんびりとしているが、舞台・演劇に関しては類まれな才能を発揮する才女。 独特の感性を持っており、人のことを変わったあだ名で呼んだりする。 結花たちの働くファミレスの常連。 あやみとは入学してからの親友同士。,5,0,0,5,1,https://lain.bgm.tv/pic/crt/l/8c/b9/31113_crt_r5079.jpg,https://lain.bgm.tv/r/400/pic/crt/l/8c/b9/31113_crt_r5079.jpg,,,,,https://bgm.tv/character/31113,,31113
bgm-bgm37973,bangumi,3,3,,桧笠·克里斯提娜·芹香,檜笠・クリスティーナ・セリカ,Celica Christina,,其他,,,Galgame,Galgame,罪ノ光ランデヴー,罪之光约会,2016,Galgame,,優人の後輩で、付属校３年生のハーフの女の子。 村で一番大きい雑貨屋の娘。 円来、優人とは幼なじみ。 同性が好きで、村に引っ越してきたあいに一目ぼれをする。 村の全女性の生理日カレンダーを作るという、大いなる野望を持っている。,5,0,0,5,1,https://lain.bgm.tv/pic/crt/l/8f/40/37973_crt_HYbxy.jpg,https://lain.bgm.tv/r/400/pic/crt/l/8f/40/37973_crt_HYbxy.jpg,,,,,https://bgm.tv/character/37973,,37973
bgm-bgm187426,bangumi,3,3,,堂吉诃德,돈키호테,Don Quixote,,其他,,,游戏,游戏,Limbus Company,边狱巴士公司,2023,游戏,,열정으로만 수감자들의 질을 다시 측량한다면 최고의 점수를 받을 수감자일 것입니다. 해결사라는 것들에 관해서는 대단한 수집가이자 열성적인 팬이므로 온몸에 주렁주렁 해결사 기념품을 지니곤 합니다. 전투에 딱히 영향을 주진 않을 테니 굳이 제재를 가하실 필요는 없습니다. 본인 또한 정의의 해결사라는(그런 게 존재했던 적이나 있었을까요?) 역할에 잔뜩 심취해 있으므로 삼류 배우와도 같은 과장된 행동거지를 합니다.,5,0,0,5,,https://lain.bgm.tv/pic/crt/l/35/ce/187426_crt_Nq1Oo.jpg?r=1760781257,https://lain.bgm.tv/r/400/pic/crt/l/35/ce/187426_crt_Nq1Oo.jpg?r=1760781257,,,,,https://bgm.tv/character/187426,,187426
al302049,anilist,3,3,,山田浅卫门源嗣,源嗣,Genji,Yamada Asaemon Genji (山田浅ェ門源嗣) / 源嗣 / 山田浅卫门试一刀流八位 源嗣,男,,19,动画|漫画,动画,地獄楽,地狱乐,2023,动画,"[{""t"":""地獄楽"",""cn"":""地狱乐"",""ty"":""动画"",""y"":2023,""pop"":361565},{""t"":""地獄楽"",""cn"":""地狱乐"",""ty"":""漫画"",""y"":2018,""pop"":97961},{""t"":""地獄楽"",""cn"":""地狱乐"",""ty"":""动画"",""y"":2023,""pop"":0},{""t"":""地獄楽"",""cn"":""地狱乐"",""ty"":""漫画"",""y"":2018,""pop"":0}]",山田浅ェ門・試一刀流八位。茂籠牧耶の監視役で、侍としての規律や慣習を重んじているが、その実女性には弱い。,5,5,0,2,,https://lain.bgm.tv/pic/crt/l/71/3e/126731_crt_6al12.jpg,https://lain.bgm.tv/r/400/pic/crt/l/71/3e/126731_crt_6al12.jpg,https://s4.anilist.co/file/anilistcdn/character/medium/b302049-go8XyPxymI0S.jpg|https://s4.anilist.co/file/anilistcdn/character/large/b302049-go8XyPxymI0S.jpg,,,https://anilist.co/character/302049,https://bgm.tv/character/126731,,126731
bgm-bgm38380,bangumi,3,3,,今井加奈,今井加奈,Imai Kana,,其他,O,,动画|游戏,游戏,アイドルマスター シンデレラガールズ スターライトステージ,偶像大师 灰姑娘女孩 星光舞台,2015,游戏,"[{""t"":""アイドルマスター シンデレラガールズ スターライトステージ"",""cn"":""偶像大师 灰姑娘女孩 星光舞台"",""ty"":""游戏"",""y"":2015,""pop"":0},{""t"":""アイドルマスター シンデレラガールズ"",""cn"":""偶像大师 灰姑娘女孩"",""ty"":""游戏"",""y"":2011,""pop"":0},{""t"":""アイドルマスター シンデレラガールズ劇場 第3期"",""cn"":""偶像大师 灰姑娘女孩剧场 第三季"",""ty"":""动画"",""y"":2018,""pop"":0}]",今井加奈是手机社群游戏《偶像大师 灰姑娘女孩》系列的偶像。 喜欢哎嘿嘿笑的偶像，笑的时候经常露出牙齿，被认为有虎牙属性。 从来没有去过大城市，对大都市充满了憧憬，经常缠着制作人询问大都市的生活方式。 喜欢记Memo，一旦Memo找不到就会很着急。 N卡特训后的服装名为「黄百合(Yellow Lily)」。 其他具有此服装的角色还有中野有香、水本紫、椎名法子和间中美里。,5,0,0,5,,https://lain.bgm.tv/pic/crt/l/69/55/38380_crt_BBr23.jpg,https://lain.bgm.tv/r/400/pic/crt/l/69/55/38380_crt_BBr23.jpg,https://storage.moegirl.org.cn/moegirl/commons/7/7a/%E3%83%8A%E3%83%81%E3%83%A5%E3%83%A9%E3%83%AB%E3%83%96%E3%83%AD%E3%83%83%E3%82%B5%E3%83%A0_%E4%BB%8A%E4%BA%95%E5%8A%A0%E5%A5%88.jpg!/fw/480/watermark/url/L21vZWdpcmwvd2F0ZXJtYXJrLnBuZw==/align/southeast/margin/10x10/opacity/50?v=20201213091654|https://storage.moegirl.org.cn/moegirl/commons/7/7a/%E3%83%8A%E3%83%81%E3%83%A5%E3%83%A9%E3%83%AB%E3%83%96%E3%83%AD%E3%83%83%E3%82%B5%E3%83%A0_%E4%BB%8A%E4%BA%95%E5%8A%A0%E5%A5%88.jpg,,图源:moegirl,,https://bgm.tv/character/38380,,38380
bgm-bgm71713,bangumi,3,3,,潘蒂娜,パン・ティナ,Pan Dina,,其他,,,动画,动画,神田川JET GIRLS,神田川JET GIRLS,2019,动画,,子瑜的双胞胎妹妹，丸子头。因为是双胞胎所以两人配合得很默契 ，除此之外她还维持着和姐姐相同的体型，是拥有惊人平衡力的Shooter。拥有“喜怒无常的小猫”人设的偶像，不过和姐姐一样偶尔会展现出冷静的本来面目。,5,0,0,5,,,,,,,,https://bgm.tv/character/71713,,71713
bgm-bgm71712,bangumi,3,3,,潘子瑜,パン・ツウィ,Pan Ziyu,,其他,,,动画,动画,神田川JET GIRLS,神田川JET GIRLS,2019,动画,,一边唱歌一边疾走的偶像，Jet Race界备受瞩目的双子组合“HELL'S KITCHEN”中的姐姐。平时表现得偶像一般的举止，其实背地里相当毒舌。不满比起比赛更加重视偶像活动的学园方针，想要来一场认真的比赛。,5,0,0,5,,,,,,,,https://bgm.tv/character/71712,,71712
bgm-bgm183354,bangumi,3,3,,雷姆林,レムリン,Remlin,,,,,动画|漫画,动画,ガチアクタ,咔嗒咔嗒,2025,动画,"[{""t"":""ガチアクタ"",""cn"":""咔嗒咔嗒"",""ty"":""动画"",""y"":2025,""pop"":0},{""t"":""ガチアクタ"",""cn"":""GACHIAKUTA咔嗒咔嗒"",""ty"":""漫画"",""y"":2022,""pop"":0},{""t"":""舞台『ガチアクタ』"",""cn"":"""",""ty"":""其他"",""y"":2026,""pop"":0}]",人器：ペン キャンバスタウンの新しいまじない屋。 先代から受け継いだペン型の人器を駆使して様々なまじないを描く。 いたずら好きで依頼と違うまじないを描くことも。,5,0,0,5,,,,,,,,https://bgm.tv/character/183354,,183354
bgm-bgm8724,bangumi,3,3,,,三世院やよい,Sanzen`in Yayoi,,其他,,,动画,动画,HAPPY★LESSON ADVANCE,欢乐课程 ADVANCE,2003,动画,"[{""t"":""HAPPY★LESSON ADVANCE"",""cn"":""欢乐课程 ADVANCE"",""ty"":""动画"",""y"":2003,""pop"":0},{""t"":""HAPPY★LESSON The Final"",""cn"":""欢乐课程 The Final"",""ty"":""动画"",""y"":2004,""pop"":0},{""t"":""HAPPY★LESSON THE TV"",""cn"":""欢乐课程 THE TV"",""ty"":""动画"",""y"":2002,""pop"":0},{""t"":""HAPPY★LESSON"",""cn"":""欢乐课程"",""ty"":""动画"",""y"":2001,""pop"":0}]",,5,0,0,5,,,,,,,,https://bgm.tv/character/8724,,8724
bgm-bgm93198,bangumi,3,3,,梦野杏,夢野杏,Yumeno Anzu,,其他,O,,动画,动画,ARIA The ORIGINATION,水星领航员 第三季,2008,动画,"[{""t"":""ARIA The ORIGINATION"",""cn"":""水星领航员 第三季"",""ty"":""动画"",""y"":2008,""pop"":0},{""t"":""ARIA The AVVENIRE"",""cn"":""水星领航员 The AVVENIRE"",""ty"":""动画"",""y"":2015,""pop"":0},{""t"":""ARIA The CREPUSCOLO"",""cn"":""水星领航员 The CREPUSCOLO"",""ty"":""动画"",""y"":2021,""pop"":0}]",18歳、魚座。 原作第48話に登場。あゆみ、アトラと同じく灯里がトラゲットでチームを組み知り合ったシングルのウンディーネ。 灯里と出会う前に何度もプリマ昇格試験に落ちているが、落ち込んでもすぐに前を向いて練習に励み、何度も諦めずにプリマ昇格試験に挑戦し続けている。 原作第52話にもあゆみ、アトラとともに再登場。「海との結婚」のシングルの編隊でアトラの後ろ（灯里の右後ろ）に配置された。,5,0,0,5,,,,,,,,https://bgm.tv/character/93198,,93198
bgm-bgm187720,bangumi,3,3,,羽宫兰美,羽宮蘭美,,兰美 / 光速女仆之星,其他,,,Galgame,Galgame,ティンクルスターナイツ,闪耀星骑士,2023,Galgame,,历代最年轻的九净家女仆队长，跳级的天才少女。 出生于魔界的兔系魔族聚集的拉邦地区，是治理那片土地的贵族“羽宫家”的千金。 很崇拜老家曾雇佣的一名原星骑士的人类女仆，因此立志成为世界第一的女仆。 作为女仆的实力位居世界前列，在三年一度举办的世界顶尖女仆评比大会“女仆中的女仆（MOM）”中，于一年前出场，并以最年幼的选手身份取得亚军成绩。 被学园招募之际，原本要作为流星学园附属校的一年级生入学，但她却破天荒地希望跳级入学。,4,0,0,4,,https://lain.bgm.tv/pic/crt/l/95/86/187720_crt_YYb9y.jpg,https://lain.bgm.tv/r/400/pic/crt/l/95/86/187720_crt_YYb9y.jpg,,,,,https://bgm.tv/character/187720,,187720
bgm-bgm37285,bangumi,3,3,,贝德维尔,ベディヴィア,,,其他,A,,动画|游戏,游戏,ディバインゲート,神圣之门,2013,游戏,"[{""t"":""ディバインゲート"",""cn"":""神圣之门"",""ty"":""游戏"",""y"":2013,""pop"":0},{""t"":""ディバインゲート"",""cn"":""神圣之门"",""ty"":""动画"",""y"":2016,""pop"":0}]",,4,0,0,4,,https://lain.bgm.tv/pic/crt/l/31/46/37285_crt_8a32c.jpg,https://lain.bgm.tv/r/400/pic/crt/l/31/46/37285_crt_8a32c.jpg,,,,,https://bgm.tv/character/37285,,37285
bgm-bgm197404,bangumi,3,3,,,レウ,,,其他,AB,,动画|漫画,动画,拷問バイトくんの日常,打工仔的拷问日常,2026,动画,"[{""t"":""拷問バイトくんの日常"",""cn"":""打工仔的拷问日常"",""ty"":""动画"",""y"":2026,""pop"":0},{""t"":""拷問バイトくんの日常"",""cn"":""打工仔的拷问日常"",""ty"":""漫画"",""y"":2023,""pop"":0}]",シウの愛娘。白髪。７歳。 双子の姉で、しっかり者。 小学校に通っている。 大好きなパパとネロちゃんの色だから「黒」が好き。,4,0,0,4,,,,,,,,https://bgm.tv/character/197404,,197404
bgm-bgm102315,bangumi,3,3,,,暴雨,Heavyrain,,其他,,,游戏,游戏,明日方舟,明日方舟,2019,游戏,,前萨尔贡某王酋麾下士兵。遭到同僚背叛后心灰意冷离开军队，几经辗转后加入罗德岛。 作战经验丰富，现作为重装干员活跃于各类任务中。,4,0,0,4,,https://lain.bgm.tv/pic/crt/l/d3/6f/102315_crt_6wxFv.jpg?r=1636096181,https://lain.bgm.tv/r/400/pic/crt/l/d3/6f/102315_crt_6wxFv.jpg?r=1636096181,https://static.wikia.nocookie.net/mrfz/images/8/8e/Heavyrain.png/revision/latest/scale-to-width-down/400?cb=20210415081614|https://static.wikia.nocookie.net/mrfz/images/8/8e/Heavyrain.png/revision/latest?cb=20210415081614,,图源:fandom:arknights,,https://bgm.tv/character/102315,,102315
bgm-bgm112507,bangumi,3,3,,古部多茉音,古部多まいん,Kobuta Main,,其他,A,,动画|漫画,漫画,メダリスト,金牌得主,2020,漫画,"[{""t"":""メダリスト"",""cn"":""金牌得主"",""ty"":""漫画"",""y"":2020,""pop"":0},{""t"":""メダリスト 第2期"",""cn"":""金牌得主 第二季"",""ty"":""动画"",""y"":2026,""pop"":0}]",小学6年级，来自名城CROWN FSC。非常憧憬强化指定选手·茉莉花。喜欢像森贝尔家族缩小模型一类的食玩物品、拥有足以经营网评公司的数量。,4,0,0,4,,,,,,,,https://bgm.tv/character/112507,,112507
bgm-bgm91778,bangumi,3,3,,绪川结衣,緒川結衣,Ogawa Yui,,其他,A,,动画,动画,鉄のラインバレル,武装机甲,2008,动画,,出身地：神奈川県 / 好きな食べ物：タイ料理 / 嫌いな食べ物：パクチー / 趣味：ゴルフ】 JUDAの社長秘書。重要な場面にも常に石神に随行する、石神にとって欠かせない人材。ある出来事から浩一の全裸を目の当たりにした際には、一通り眺めて「あら、態度は大きいのに…ねぇ」と評した強者。以後も、何かと裸に関わることが多い。 衛星兵器破壊作戦では米軍とファクターの間を折衷する役目を担うなど、能力は高い。一方で軽口の多い石神を諫めたり、絵美を慰めたりと大変な役回りでもある。,4,0,0,4,,,,,,,,https://bgm.tv/character/91778,,91778
bgm-bgm133039,bangumi,3,3,,,里见茜,Seraphim,塞拉菲姆,其他,,,Galgame,Galgame,永远的7日之都,,2017,Galgame,,外派至中央庭的古研所研究员，在继续黑门研究课题的同时，主导搭建了城市监控系统。不过自认为只是一名“普通的打工人”而已。 为濒临倒闭的孤儿院提供着资金支持，除了两份本职工作以外，还会在程序员论坛上接受委托。 时间管理能力并不优秀，支撑她完成工作的，是压缩到极致的睡眠时间，以及无数杯黑咖啡。 从小便有帮助他人的心愿，虽然有着轻度的社恐，不擅长应对人多的场所，但只要看到他人身处险境，便会将一切抛在脑后。 意外得到了近似神器使的力量后，擅自行动的次数也变多了。,4,0,0,4,,https://lain.bgm.tv/pic/crt/l/a6/7b/133039_crt_eSdLo.jpg,https://lain.bgm.tv/r/400/pic/crt/l/a6/7b/133039_crt_eSdLo.jpg,https://storage.moegirl.org.cn/moegirl/commons/a/ad/%E9%87%8C%E9%97%B4%E8%8C%9C_.jpg!/fw/480/watermark/url/L21vZWdpcmwvd2F0ZXJtYXJrLnBuZw==/align/southeast/margin/10x10/opacity/50?v=20201126160055|https://storage.moegirl.org.cn/moegirl/commons/a/ad/%E9%87%8C%E9%97%B4%E8%8C%9C_.jpg,,图源:moegirl,,https://bgm.tv/character/133039,,133039
bgm-bgm138906,bangumi,3,3,,四枫院夕四郎咲宗,四楓院夕四郎咲宗,,四楓院夕四郎,其他,,,动画|漫画,动画,BLEACH 千年血戦篇-禍進譚-,死神 千年血战篇-祸进谭-,2026,动画,"[{""t"":""BLEACH 千年血戦篇-禍進譚-"",""cn"":""死神 千年血战篇-祸进谭-"",""ty"":""动画"",""y"":2026,""pop"":0},{""t"":""BLEACH 千年血戦篇-訣別譚-"",""cn"":""死神 千年血战篇-诀别谭-"",""ty"":""动画"",""y"":2023,""pop"":0},{""t"":""BLEACH 千年血戦篇-相剋譚-"",""cn"":""死神 千年血战篇-相克谭-"",""ty"":""动画"",""y"":2024,""pop"":0},{""t"":""BLEACH"",""cn"":""死神"",""ty"":""漫画"",""y"":2002,""pop"":0}]",四楓院夜一の弟。 夜一失脚後の四楓院家23代目当主。 外見は夜一にそっくりだが性格は真逆で天真爛漫。 姉想いの気立てのよい少年。,3,0,0,3,,,,,,,,https://bgm.tv/character/138906,,138906
bgm-bgm37615,bangumi,3,3,,浑神紫,渾神紫,,,其他,A,,Galgame,Galgame,もろびとこぞりて ～JOY TO THE WORLD！THE LORD IS COME～,,2011,Galgame,,響也は自分のライバルであると決めつけ、何かあるごとにつっかかってくる後輩。 嘘がつけない性格で、トラブルを招くこともしばしば。 ヴァイオリンの腕は確かで、学園でもトップクラス。 響也のスランプの原因は彼女にあるという噂も。,3,0,0,3,1,https://lain.bgm.tv/pic/crt/l/6a/2f/37615_crt_Gv3C5.jpg,https://lain.bgm.tv/r/400/pic/crt/l/6a/2f/37615_crt_Gv3C5.jpg,,,,,https://bgm.tv/character/37615,,37615
bgm-bgm22873,bangumi,3,3,,青柳弥生,青柳弥生,,,其他,,,动画,动画,こえでおしごと! The ANIMATION,声优初体验！,2010,动画,,柑奈的姐姐，BlueMarch的社长，在公司负责监督、程式、宣传等事项。公司名称取自于自已的名“青”与“弥生”。在刚踏入业界时，与柑奈一样担任声优（名义不明）。当时打工的地方就是海津家的公司。,3,0,0,3,,,,,,,,https://bgm.tv/character/22873,,22873
bgm-bgm48192,bangumi,3,3,,由良木由良,由良木ゆら,,,其他,,,动画|漫画,动画,灼熱の卓球娘,灼热乒乓妹,2016,动画,"[{""t"":""灼熱の卓球娘"",""cn"":""灼热乒乓妹"",""ty"":""动画"",""y"":2016,""pop"":0},{""t"":""灼熱の卓球娘"",""cn"":""灼热的桌球娘"",""ty"":""漫画"",""y"":2015,""pop"":0}]",2年生。なぜかいつも身体をユラユラさせている。,3,0,0,3,,,,,,,,https://bgm.tv/character/48192,,48192
bgm-bgm44465,bangumi,3,3,,,サイバドール・レナ,,,其他,,,动画,动画,HAND MAID メイ,袖珍女侍小梅,2000,动画,,バドール。泣き出すと超音波を発し、いじけると「DADA」をこねたりする。和也の作ったイカリヤが大のお気に入り。,3,0,0,3,,,,,,,,https://bgm.tv/character/44465,,44465
bgm-bgm172711,bangumi,3,3,,鸣子,鳴子,,,其他,,,动画|漫画,漫画,BLACK TORCH,暗黑灯火,2017,漫画,"[{""t"":""BLACK TORCH"",""cn"":""暗黑灯火"",""ty"":""漫画"",""y"":2017,""pop"":0},{""t"":""BLACK TORCH"",""cn"":""暗黑灯火"",""ty"":""动画"",""y"":2026,""pop"":0}]",いつも眠そうな物ノ怪。天鬼と行動を共にし、のんびりとした話し方をする。 結界を張ることを得意としている。,3,0,0,3,,,,,,,,https://bgm.tv/character/172711,,172711
bgm-bgm63505,bangumi,3,3,,二瓶铁造,二瓶鉄造,Nihei Tetsuzou,,其他,,,动画|漫画,漫画,ゴールデンカムイ,黄金神威,2015,漫画,"[{""t"":""ゴールデンカムイ"",""cn"":""黄金神威"",""ty"":""漫画"",""y"":2015,""pop"":0},{""t"":""ゴールデンカムイ 第2期"",""cn"":""黄金神威 第二季"",""ty"":""动画"",""y"":2018,""pop"":0},{""t"":""ゴールデンカムイ 最終章"",""cn"":""黄金神威 最终章"",""ty"":""动画"",""y"":2026,""pop"":0},{""t"":""ゴールデンカムイ"",""cn"":""黄金神威"",""ty"":""动画"",""y"":2018,""pop"":0},{""t"":""ゴールデンカムイ ―北海道刺青囚人争奪編―"",""cn"":""黄金神威 ―北海道刺青囚人争夺篇―"",""ty"":""其他"",""y"":2024,""pop"":0},{""t"":""ゴールデンカムイ"",""cn"":""黄金神威"",""ty"":""其他"",""y"":2024,""pop"":0}]",網走監獄から脱獄した入れ墨を持つ脱獄囚の一人。 猟犬にアイヌ犬のリュウを連れている。 口癖は「勃起！」。,3,0,0,3,,,,,,,,https://bgm.tv/character/63505,,63505
bgm-bgm128337,bangumi,3,3,,夜樱辛三,夜桜辛三,Yozakara Shinzo,,其他,O,,动画|漫画,动画,夜桜さんちの大作戦 第2期,夜樱家的大作战 第二季,2026,动画,"[{""t"":""夜桜さんちの大作戦 第2期"",""cn"":""夜樱家的大作战 第二季"",""ty"":""动画"",""y"":2026,""pop"":0},{""t"":""夜桜さんちの大作戦"",""cn"":""夜樱家的大作战"",""ty"":""动画"",""y"":2024,""pop"":0},{""t"":""夜桜さんちの大作戦"",""cn"":""夜樱家的大作战"",""ty"":""漫画"",""y"":2020,""pop"":0},{""t"":""夜桜さんちのミニ作戦"",""cn"":""夜樱家的迷你作战"",""ty"":""动画"",""y"":2024,""pop"":0}]",武器スペシャリストの次男 夜桜家の次男。あらゆる武器を愛し、武器においては夜桜家イチの知識を持ち、それらを意のままに操るスペシャリスト。常に上半身裸で過ごしており、逞しい筋肉美を誇る屈強な体格の持ち主。,3,0,0,3,,,,,,,,https://bgm.tv/character/128337,,128337
bgm-bgm48276,bangumi,3,3,,,ユリ,Yuri,,其他,,,动画,动画,ダーティペア FLASH2,银河女警花 FLASH2,1995,动画,"[{""t"":""ダーティペア FLASH2"",""cn"":""银河女警花 FLASH2"",""ty"":""动画"",""y"":1995,""pop"":0},{""t"":""ダーティペア FLASH3"",""cn"":""银河女警花 FLASH3"",""ty"":""动画"",""y"":1995,""pop"":0},{""t"":""ダーティペア FLASH"",""cn"":""银河女警花 FLASH"",""ty"":""动画"",""y"":1994,""pop"":0}]",,3,0,0,3,,,,,,,,https://bgm.tv/character/48276,,48276
bgm-bgm63224,bangumi,3,3,,三虎,三虎,,,其他,B,,动画|漫画,动画,トリコ,美食的俘虏,2011,动画,"[{""t"":""トリコ"",""cn"":""美食的俘虏"",""ty"":""动画"",""y"":2011,""pop"":0},{""t"":""トリコ"",""cn"":""美食的俘虏"",""ty"":""漫画"",""y"":2008,""pop"":0}]",,2,0,0,2,,,,,,,,https://bgm.tv/character/63224,,63224
bgm-bgm70268,bangumi,3,3,,,12F,,,其他,,,游戏,游戏,明日方舟,明日方舟,2019,游戏,,12F，为该干员被雇佣时常使用的代号。根据自身汇报履历于多个势力之间游荡，并活跃在过去几年较为著名的几次势力冲突之中。 仅有的少量可查证的资料也确认12F曾在这部分作战中以基础的雇佣兵，或是本地设施保全人员的身份参与到行动中。 与巨枭一起加入罗德岛，因特殊的经历和战场经验被录用。现作为常规术师干员加入到罗德岛的常规任务中。,2,0,0,2,,https://lain.bgm.tv/pic/crt/l/29/df/70268_crt_GmWhN.jpg?r=1564337233,https://lain.bgm.tv/r/400/pic/crt/l/29/df/70268_crt_GmWhN.jpg?r=1564337233,https://static.wikia.nocookie.net/mrfz/images/c/cc/12F.png/revision/latest/scale-to-width-down/400?cb=20190620082223|https://static.wikia.nocookie.net/mrfz/images/c/cc/12F.png/revision/latest?cb=20190620082223,,图源:fandom:arknights,,https://bgm.tv/character/70268,,70268
bgm-bgm85392,bangumi,3,3,,,屠竜の爆死音,,,,AB,,Galgame,Galgame,ゴシックは魔法乙女～さっさと契約しなさい！～,哥特式魔法少女,2015,Galgame,,魔導書教団の幹部・屠竜の五典の一角。ウィンダムが封じられた魔導書を操る者。彼女の耳には、常に亡き恋人の声が響いている。,2,0,0,2,,https://lain.bgm.tv/pic/crt/l/fc/df/85392_crt_f6GqY.jpg,https://lain.bgm.tv/r/400/pic/crt/l/fc/df/85392_crt_f6GqY.jpg,,,,,https://bgm.tv/character/85392,,85392
bgm-bgm85530,bangumi,3,3,,,サイマ,,,,AB,,Galgame,Galgame,ゴシックは魔法乙女～さっさと契約しなさい！～,哥特式魔法少女,2015,Galgame,,占いに出た「すべてが予想外の存在」が主人公であると信じ、契約することを決意した。変革が起きると信じて。,2,0,0,2,,https://lain.bgm.tv/pic/crt/l/57/13/85530_crt_6ojhH.jpg,https://lain.bgm.tv/r/400/pic/crt/l/57/13/85530_crt_6ojhH.jpg,,,,,https://bgm.tv/character/85530,,85530
bgm-bgm85653,bangumi,3,3,,,トサキ,,,,O,,Galgame,Galgame,ゴシックは魔法乙女～さっさと契約しなさい！～,哥特式魔法少女,2015,Galgame,,天真爛漫な金魚の精霊。子供っぽい性格で、落ち着きがない。目を離すと勝手にどこかへ行ってしまい、友達を作って帰ってくる。,2,0,0,2,,https://lain.bgm.tv/pic/crt/l/7a/6a/85653_crt_pt9hT.jpg,https://lain.bgm.tv/r/400/pic/crt/l/7a/6a/85653_crt_pt9hT.jpg,,,,,https://bgm.tv/character/85653,,85653
bgm-bgm175972,bangumi,3,3,,,黒部百々,,,其他,AB,,Galgame,Galgame,ぼくらの放課後戦争！,,2017,Galgame,,動物を愛する飼育部部長の３年生。誰にでも優しく接する天使のような先輩……というのは表の顔で猫を被っている。本性は極めて腹黒でドSな先輩。,2,0,0,2,,https://lain.bgm.tv/pic/crt/l/9e/7e/175972_crt_H0734.jpg,https://lain.bgm.tv/r/400/pic/crt/l/9e/7e/175972_crt_H0734.jpg,,,,,https://bgm.tv/character/175972,,175972
bgm-bgm197405,bangumi,3,3,,,ネロ,,,其他,AB,,动画|漫画,动画,拷問バイトくんの日常,打工仔的拷问日常,2026,动画,"[{""t"":""拷問バイトくんの日常"",""cn"":""打工仔的拷问日常"",""ty"":""动画"",""y"":2026,""pop"":0},{""t"":""拷問バイトくんの日常"",""cn"":""打工仔的拷问日常"",""ty"":""漫画"",""y"":2023,""pop"":0}]",シウの愛娘。黒髪。７歳。 双子の妹で、マイペースな性格。 小学校に通っている。 大好きなパパとレウちゃんの色だから「白」が好き。,2,0,0,2,,,,,,,,https://bgm.tv/character/197405,,197405
bgm-bgm65218,bangumi,3,3,,,サーシャ,,,,O,,Galgame,Galgame,祝祭の歌姫 -君と紡ぐ明日への歌-,,2013,Galgame,,カイトにとって下級生にあたるダウナー系の女の子。 あまり感情を表に出さず、口数も少ない。 よく中庭で読書にふけっている。 だが意外な場面で行動力を発揮することもあり、底の知れないタイプである。 また、リオやユイナなど、グラマラスな女性が増え始めるにつれ、少し気が重くなり始めているようだ。 よく教師から頼まれごとをされているようで、重そうな荷物を抱えて歩くあぶなっかしい様が目撃されている。 そんな彼女にも、夢中になっているものがあるようだが……。,2,0,0,2,1,https://lain.bgm.tv/pic/crt/l/b0/84/65218_crt_vPqls.jpg,https://lain.bgm.tv/r/400/pic/crt/l/b0/84/65218_crt_vPqls.jpg,,,,,https://bgm.tv/character/65218,,65218
bgm-bgm20622,bangumi,3,3,,,福富寿一,Fukutomi　Juichi,福ちゃん,其他,B,,动画|漫画,动画,弱虫ペダル,飙速宅男,2013,动画,"[{""t"":""弱虫ペダル"",""cn"":""飙速宅男"",""ty"":""动画"",""y"":2013,""pop"":0},{""t"":""弱虫ペダル GRANDE ROAD"",""cn"":""飙速宅男 GRANDE ROAD"",""ty"":""动画"",""y"":2014,""pop"":0},{""t"":""弱虫ペダル"",""cn"":""飙速宅男"",""ty"":""漫画"",""y"":2008,""pop"":0},{""t"":""弱虫ペダル NEW GENERATION"",""cn"":""飙速宅男 新世代"",""ty"":""动画"",""y"":2017,""pop"":0},{""t"":""弱虫ペダル SPARE BIKE"",""cn"":""飙速宅男 SPARE BIKE"",""ty"":""漫画"",""y"":2014,""pop"":0},{""t"":""Glory Road"",""cn"":"""",""ty"":""音乐"",""y"":2014,""pop"":0}]",,2,0,0,2,,,,,,,,https://bgm.tv/character/20622,,20622
al50833,anilist,3,3,,武内源太,武内源太,Genta Takeuchi,,男,,39,动画|漫画,动画,黒子のバスケ,黑子的篮球,2012,动画,"[{""t"":""黒子のバスケ"",""cn"":""黑子的篮球"",""ty"":""动画"",""y"":2012,""pop"":286383},{""t"":""黒子のバスケ 2nd SEASON"",""cn"":"""",""ty"":""动画"",""y"":2013,""pop"":182891},{""t"":""黒子のバスケ 3rd SEASON"",""cn"":"""",""ty"":""动画"",""y"":2015,""pop"":162720},{""t"":""黒子のバスケ"",""cn"":""黑子的篮球"",""ty"":""漫画"",""y"":2008,""pop"":17353},{""t"":""黒子のバスケ バカじゃ勝てないのよ!"",""cn"":""黑子的篮球 OAD"",""ty"":""动画"",""y"":2013,""pop"":11237},{""t"":""黒子のバスケ"",""cn"":""黑子的篮球"",""ty"":""动画"",""y"":2012,""pop"":0}]",海常高校篮球部的教练。前职业选手。对实力较差的选手态度恶劣。相当看好黄濑的可能性，在黄濑加入后便以他为中心来打造球队。,2,2,0,0,,https://lain.bgm.tv/pic/crt/l/b4/57/65904_crt_js8H8.jpg,https://lain.bgm.tv/r/400/pic/crt/l/b4/57/65904_crt_js8H8.jpg,https://s4.anilist.co/file/anilistcdn/character/medium/b50833-1tCLAvDNJPrY.jpg|https://s4.anilist.co/file/anilistcdn/character/large/b50833-1tCLAvDNJPrY.jpg,,,https://anilist.co/character/50833,https://bgm.tv/character/65904,,65904
bgm-bgm9269,bangumi,3,3,,花咲桃子,花咲ももこ,Hanasaki Momoko,,其他,,,动画,动画,愛天使伝説ウェディングピーチ,爱天使传说婚纱桃子,1995,动画,,本作の主人公。好きな色は桃色。好きな食べ物はアイスクリーム。趣味は写真撮影。苦手な教科は地理。 聖花園学園中等部に通う1年生で、自称「恋する乙女」。新聞部に所属。明るく社交的で、おっちょこちょいな所もある単純明快な性格。やや天然。持ち前の心優しさは長所でもあり短所で、災いと化すことも。ヘマをやらかした際に言う「ほてきゅーん…」が口癖。,2,0,0,2,,,,,,,,https://bgm.tv/character/9269,,9269
bgm-bgm36264,bangumi,3,3,,桃崎雏,桃崎ひな,Hina Momosaki,,其他,O,,动画,动画,ツキウタ。 THE ANIMATION,月歌,2016,动画,"[{""t"":""ツキウタ。 THE ANIMATION"",""cn"":""月歌"",""ty"":""动画"",""y"":2016,""pop"":0},{""t"":""ツキウタ。3月(女子)桃崎ひな「春待ち息吹は君恋し」"",""cn"":"""",""ty"":""音乐"",""y"":2013,""pop"":0},{""t"":""ツキウタ。シリーズ 桃崎ひな「このこねこのこ」"",""cn"":"""",""ty"":""音乐"",""y"":2016,""pop"":0},{""t"":""ツキウタ。シリーズ Flunaベストアルバム「花月」"",""cn"":"""",""ty"":""音乐"",""y"":2016,""pop"":0}]",代表3月。 搭档为圣克里斯（12月女性）。 所属团体Fluna。 温柔爽朗的女孩子，已经是二年级生却常常被误认为是一年级的。 自我主义&悠然自得，但基本上做什么都很努力。 感情用事是个爱哭鬼。当被比自己小的クリス（12月女性）所欺负，或是被千桜（4月女性）所捉弄时、便哭闹着纠缠爱（2月女性）。 十分期望自己也能有爱那样的身材并对此抱有野心。 虽说有些靠不住，但责任心还是蛮强的。有勤勤恳恳踏实努力，一旦决定就要一直干下去的骨气。,2,0,0,2,,,,,,,,https://bgm.tv/character/36264,,36264
bgm-bgm99476,bangumi,3,3,,风间明,風間アキラ,Kazama Akira,風間あきら / 风间晶 / 功夫ライダー,其他,AB,,游戏,游戏,ストリートファイターV,街头霸王5,2016,游戏,"[{""t"":""ストリートファイターV"",""cn"":""街头霸王5"",""ty"":""游戏"",""y"":2016,""pop"":0},{""t"":""私立ジャスティス学園 LEGION OF HEROES"",""cn"":""私立正义学园：LEGION OF HEROES"",""ty"":""游戏"",""y"":1997,""pop"":0},{""t"":""私立ジャスティス学園 熱血青春日記2"",""cn"":""私立正义学园 热血青春日记2"",""ty"":""游戏"",""y"":1999,""pop"":0},{""t"":""燃えろ!ジャスティス学園"",""cn"":""燃烧吧！正义学园"",""ty"":""游戏"",""y"":2000,""pop"":0}]",ライダースーツに身を包む転校生。行方不明になった兄である外道高校総番長・風間醍醐を探すため、外道高校に入学。自称「醍醐の弟」。常にヘルメットを装着し、顔は見せない。無口で冷静な性格だが気は強い。カンフーを使い、追加入力技が多い。『燃えろ!』では聖純女学院に転校している。 素顔あきら その素顔は女子高生で醍醐の妹である。本来は心優しく弱気な性格をした少女。技性能はほぼヘルメット版と同じ。,2,0,0,2,,https://lain.bgm.tv/pic/crt/l/bd/71/99476_crt_H2hn1.jpg?r=1629990875,https://lain.bgm.tv/r/400/pic/crt/l/bd/71/99476_crt_H2hn1.jpg?r=1629990875,https://storage.moegirl.org.cn/moegirl/commons/1/16/Akira-kazama-project-justice-artwork-by-edayan.png,,图源:moegirl,,https://bgm.tv/character/99476,,99476
bgm-bgm5990,bangumi,3,3,,凯伊·施瓦茨,カイ=シュヴァイツァー,Ky Schweitzer,海,其他,A,,动画|Galgame,Galgame,デ・ジ・キャラット ファンタジー,Di Gi Charat Fantasy ~仲夏夜之梦~,2001,Galgame,"[{""t"":""デ・ジ・キャラット ファンタジー"",""cn"":""Di Gi Charat Fantasy ~仲夏夜之梦~"",""ty"":""Galgame"",""y"":2001,""pop"":0},{""t"":""デ・ジ・キャラットにょ"",""cn"":""Di Gi Charat NYO"",""ty"":""动画"",""y"":2003,""pop"":0},{""t"":""Di Gi Charat お花見すぺしゃる"",""cn"":""Di Gi Charat 赏花特别篇"",""ty"":""动画"",""y"":2001,""pop"":0},{""t"":""Di Gi Charat なつやすみスペシャル"",""cn"":""Di Gi Charat 暑假特别篇"",""ty"":""动画"",""y"":2001,""pop"":0},{""t"":""デ・ジ・キャラット劇場 ぴよこにおまかせぴょ!"",""cn"":""Di Gi Charat剧场 就交给初子吧！"",""ty"":""动画"",""y"":2003,""pop"":0},{""t"":""Di Gi Charat 星の旅"",""cn"":""Di Gi Charat 星之旅"",""ty"":""动画"",""y"":2001,""pop"":0}]",Black Gema-Gema Gang团的中将。雏子的牙科医生，总是对自己的雇主的生活习惯忧心忡忡。 如果把团比作一个家庭的话，那么施瓦茨毫无疑问就是母亲了。,2,0,0,2,,https://lain.bgm.tv/pic/crt/l/7a/cd/5990_crt_LOTen.jpg,https://lain.bgm.tv/r/400/pic/crt/l/7a/cd/5990_crt_LOTen.jpg,,,,,https://bgm.tv/character/5990,,5990
bgm-bgm20260,bangumi,3,3,,,ルクスン・北条,Lucson Houjou,,其他,A,,动画,动画,無限のリヴァイアス,无限的未知,1999,动画,,北条家という名門の家の第24代目。父は太陽系惑星同盟に仕える偉人で、兄は立派な軍人を務めており、自分もそうなりたいと考えている。リーベ・デルタでは実習班長を務め、リヴァイアスでは誰も止めなかったため、そのまま艦長に就任するが、ブルー体制時にはあっさりとその身を退いた。 一応ツヴァイの一員なのだが、ソリッドを組む能力は皆無に等しく、また緊急時の慌てぶりや状況判断能力から見ても、ブリッジのお荷物的存在と言える。言動と実力が伴わない典型。,2,0,0,2,,,,,,,,https://bgm.tv/character/20260,,20260
bgm-bgm36039,bangumi,3,3,,岬心,岬こころ,Misaki Kokoro,心心,其他,B,,动画|漫画,漫画,あまんちゅ!,蓝海少女,2009,漫画,"[{""t"":""あまんちゅ!"",""cn"":""蓝海少女"",""ty"":""漫画"",""y"":2009,""pop"":0},{""t"":""あまんちゅ！～あどばんす～"",""cn"":""蓝海少女 第二季"",""ty"":""动画"",""y"":2018,""pop"":0}]",地元の子供で、ことりの弟。初登場時は11歳。身長128センチメートル、3月3日生まれ、B型。 海で光と出会い、タコとその卵の様子を見守る。,2,0,0,2,,,,,,,,https://bgm.tv/character/36039,,36039
bgm-bgm7889,bangumi,3,3,,小川美知留,小川みちる,Ogawa Michiru,,其他,,,动画|漫画,动画,BLEACH,死神,2004,动画,"[{""t"":""BLEACH"",""cn"":""死神"",""ty"":""动画"",""y"":2004,""pop"":0},{""t"":""BLEACH"",""cn"":""死神"",""ty"":""漫画"",""y"":2002,""pop"":0},{""t"":""BLEACH Memories in the Rain"",""cn"":""死神 雨中的回忆"",""ty"":""动画"",""y"":2010,""pop"":0}]",,2,0,0,2,,,,,,,,https://bgm.tv/character/7889,,7889
bgm-bgm4734,bangumi,3,3,,,吉岡美々,Yoshioka Mimi,,其他,,,动画,动画,ラブ★コン,恋爱情结,2007,动画,,,2,0,0,2,,,,,,,,https://bgm.tv/character/4734,,4734
bgm-bgm64852,bangumi,3,3,,四条雏子,四条雛子,shijou hinako,神兽,,B,,游戏,游戏,THE KING OF FIGHTERS 2002 UNLIMITED MATCH,拳皇2002 无限之战,2009,游戏,"[{""t"":""THE KING OF FIGHTERS 2002 UNLIMITED MATCH"",""cn"":""拳皇2002 无限之战"",""ty"":""游戏"",""y"":2009,""pop"":0},{""t"":""THE KING OF FIGHTERS 2000"",""cn"":""拳皇2000"",""ty"":""游戏"",""y"":2000,""pop"":0},{""t"":""THE KING OF FIGHTERS XV"",""cn"":""拳皇15"",""ty"":""游戏"",""y"":2022,""pop"":0},{""t"":""THE KING OF FIGHTERS 2001"",""cn"":""拳皇2001"",""ty"":""游戏"",""y"":2001,""pop"":0}]",名門のお嬢様学校に通っている四条財閥の御令嬢。 華奢で小柄だが「相撲」を格闘スタイルとしており、専属コックにちゃんこ鍋を作らせたりもしている。性格はおっとりとしているが、周囲を振り回してしまう天然な言動をすることもある。,2,0,0,2,,https://lain.bgm.tv/pic/crt/l/dd/a8/64852_crt_095ei.jpg,https://lain.bgm.tv/r/400/pic/crt/l/dd/a8/64852_crt_095ei.jpg,https://storage.moegirl.org.cn/moegirl/commons/d/d4/%E5%9B%9B%E6%9D%A1%E9%9B%8F%E5%AD%90.jpg!/fw/480/watermark/url/L21vZWdpcmwvd2F0ZXJtYXJrLnBuZw==/align/southeast/margin/10x10/opacity/50?v=20131020055810|https://storage.moegirl.org.cn/moegirl/commons/d/d4/%E5%9B%9B%E6%9D%A1%E9%9B%8F%E5%AD%90.jpg,,图源:moegirl,,https://bgm.tv/character/64852,,64852
bgm-bgm165050,bangumi,3,3,,柏木咲姬,柏木咲姫,,,其他,A,,游戏,游戏,オンゲキ R.E.D.,音击 R.E.D.,2020,游戏,"[{""t"":""オンゲキ R.E.D."",""cn"":""音击 R.E.D."",""ty"":""游戏"",""y"":2020,""pop"":0},{""t"":""オンゲキ R.E.D. PLUS"",""cn"":""音击 R.E.D. PLUS"",""ty"":""游戏"",""y"":2021,""pop"":0},{""t"":""オンゲキ SUMMER"",""cn"":""音击 SUMMER"",""ty"":""游戏"",""y"":2019,""pop"":0},{""t"":""オンゲキ SUMMER PLUS"",""cn"":""音击 SUMMER PLUS"",""ty"":""游戏"",""y"":2020,""pop"":0},{""t"":""オンゲキ bright MEMORY"",""cn"":""音击 bright MEMORY"",""ty"":""游戏"",""y"":2022,""pop"":0},{""t"":""オンゲキ Re:Fresh"",""cn"":""音击 Re:Fresh"",""ty"":""游戏"",""y"":2025,""pop"":0}]",次はあのイベントに 姫騎士のコスで......って、 あなたいつからそこに!? コスプレ趣味のしっかり優等生。 品行方正・容姿端麗と、高嶺の花のような存在。綺麗な銀髪はドイツ人の祖母譲りで、本人はクオーターにあたる。愛称は「ヒメ」。 実は、漫画やアニメが大好きな隠れコスプレイヤー。本人は隠し通しているつもりなのだが、みんなにはバレバレ。最近は深夜アニメのおかげで、寝不足気味なん,1,0,0,1,,https://lain.bgm.tv/pic/crt/l/43/ca/165050_crt_o4LZd.jpg,https://lain.bgm.tv/r/400/pic/crt/l/43/ca/165050_crt_o4LZd.jpg,https://storage.moegirl.org.cn/moegirl/commons/e/e8/%E6%9F%8F%E6%9C%A8_%E5%92%B2%E5%A7%AB.png!/fw/480/watermark/url/L21vZWdpcmwvd2F0ZXJtYXJrLnBuZw==/align/southeast/margin/10x10/opacity/50?v=20190929105323|https://storage.moegirl.org.cn/moegirl/commons/e/e8/%E6%9F%8F%E6%9C%A8_%E5%92%B2%E5%A7%AB.png,,图源:moegirl,,https://bgm.tv/character/165050,,165050
bgm-bgm69275,bangumi,3,3,,鹏助,ホウスケ,,,其他,,,动画|漫画,漫画,SKET DANCE,学园救援团,2007,漫画,"[{""t"":""SKET DANCE"",""cn"":""学园救援团"",""ty"":""漫画"",""y"":2007,""pop"":0},{""t"":""SKET DANCE OAD"",""cn"":""学园救援团 OAD"",""ty"":""动画"",""y"":2013,""pop"":0},{""t"":""SKET DANCE"",""cn"":""学园救援团"",""ty"":""动画"",""y"":2011,""pop"":0}]",,1,0,0,1,,,,,,,,https://bgm.tv/character/69275,,69275
bgm-bgm201705,bangumi,3,3,,五十岚翼,五十嵐翼,,,其他,,,动画|漫画,动画,氷の城壁,冰之城墙,2026,动画,"[{""t"":""氷の城壁"",""cn"":""冰之城墙"",""ty"":""动画"",""y"":2026,""pop"":0},{""t"":""氷の城壁"",""cn"":""冰之城墙"",""ty"":""漫画"",""y"":2023,""pop"":0},{""t"":""氷の城壁 第2期"",""cn"":""冰之城墙 第二季"",""ty"":""动画"",""y"":2026,""pop"":0}]",高校１年生。小雪と美姫の中学時代の同級生。サッカー部に所属していて、クラスでは人気者だが、ずけずけと物を言い、デリカシーに欠けるところがある。中学時代、小雪と何かがあった……？,1,0,0,1,,,,,,,,https://bgm.tv/character/201705,,201705
bgm-bgm85441,bangumi,3,3,,,ドミヌラ,,,,AB,,Galgame,Galgame,ゴシックは魔法乙女～さっさと契約しなさい！～,哥特式魔法少女,2015,Galgame,,性別不詳に見える、いつも楽し気な踊り子少年。衣装に引っ張られる性質で、女の子の服を着れば女の子で、男の子の服を着れば男の子である。,1,0,0,1,,https://lain.bgm.tv/pic/crt/l/fb/61/85441_crt_h40l2.jpg,https://lain.bgm.tv/r/400/pic/crt/l/fb/61/85441_crt_h40l2.jpg,,,,,https://bgm.tv/character/85441,,85441
bgm-bgm40720,bangumi,3,3,,白鸟勇次郎,白鳥勇次郎,,,其他,,,动画,动画,腐男子高校生活,腐男子高校生活,2016,动画,,坂口の友人でオカマ。女子力が高い一方、ヤンキーを手なずけるほどのケンカの腕を持つ。,1,0,0,1,,,,,,,,https://bgm.tv/character/40720,,40720
bgm-bgm189235,bangumi,3,3,,渡鸦,レイヴン,,,其他,,,动画|漫画,动画,勇者パーティーにかわいい子がいたので、告白してみた。,身为魔族的我想向勇者小队的可爱女孩告白。,2026,动画,"[{""t"":""勇者パーティーにかわいい子がいたので、告白してみた。"",""cn"":""身为魔族的我想向勇者小队的可爱女孩告白。"",""ty"":""动画"",""y"":2026,""pop"":0},{""t"":""勇者パーティーにかわいい子がいたので、告白してみた。"",""cn"":""身为魔族的我想向勇者小队的可爱女孩告白"",""ty"":""漫画"",""y"":2021,""pop"":0},{""t"":""勇者パーティーにかわいい子がいたので、告白してみた 。"",""cn"":"""",""ty"":""漫画"",""y"":2014,""pop"":0}]",勇者パーティーの剣士で、今は騎士団長。 無口なためクールな印象を持たれがちだが、声を出さないのにはある理由が… 普段のコミュニケーションは筆談。,1,0,0,1,,,,,,,,https://bgm.tv/character/189235,,189235
bgm-bgm121546,bangumi,3,3,,,アトレ,Atre,,其他,,,动画,动画,邪神ちゃんドロップキック X,邪神与厨二病少女 X,2022,动画,"[{""t"":""邪神ちゃんドロップキック X"",""cn"":""邪神与厨二病少女 X"",""ty"":""动画"",""y"":2022,""pop"":0},{""t"":""邪神ちゃんドロップキック【世紀末編】"",""cn"":""邪神与厨二病少女【世纪末篇】"",""ty"":""动画"",""y"":2023,""pop"":0}]",,1,0,0,1,,,,,,,,https://bgm.tv/character/121546,,121546
bgm-bgm42129,bangumi,3,3,,格雷汉姆·贝尔,グラハム・ベル,Graham Bell,,其他,,,动画,动画,タイムトラベル少女～マリ・ワカと8人の科学者たち～,时间旅行少女～真理、和花与8名科学家～,2016,动画,,19～20世紀アメリカの発明家。電話機を発明し、電話事業を立ち上げた。また、生涯を通じて聾者教育に尽力した。優れた教師でもあった。,1,0,0,1,,,,,,,,https://bgm.tv/character/42129,,42129
bgm-bgm170439,bangumi,3,3,,华翼贵,華翼貴,HANA TSUBAKI,翼贵PIYO,其他,,,漫画,漫画,2.5次元の誘惑,2.5次元的诱惑,2019,漫画,,奥村やリリサらが1学年進級したと同時に、同じ高校に入学してきた、リリサの一学年下の女子生徒。初登場時は高校1年生。同時に新設された特進クラスに在籍しているため、リリサや美花莉らとは異なり特進クラス用の制服を着用している。脱サラしてIT企業を立ち上げて成功した父と、父の開発したアプリの海外展開に携わった外国人の母との間に生まれた、ハーフのお嬢様。,1,0,0,1,,,,,,,,https://bgm.tv/character/170439,,170439
bgm-bgm92078,bangumi,3,3,,征木北斋,征木北斎,HOKUSAI MASAKI,,其他,AB,,游戏,音乐,Paradox Live Exhibition Show,,2020,音乐,"[{""t"":""Paradox Live Exhibition Show"",""cn"":"""",""ty"":""音乐"",""y"":2020,""pop"":0},{""t"":""Paradox Live Stage Battle \""VIBES\"""",""cn"":"""",""ty"":""音乐"",""y"":2021,""pop"":0},{""t"":""Paradox Live Opening Show"",""cn"":"""",""ty"":""音乐"",""y"":2020,""pop"":0},{""t"":""Paradox Live Stage Battle \""FAMILY\"""",""cn"":"""",""ty"":""音乐"",""y"":2020,""pop"":0},{""t"":""Paradox Live 1st album \""TRAP\"""",""cn"":"""",""ty"":""音乐"",""y"":2021,""pop"":0},{""t"":""Paradox Live Stage Battle \""JUSTICE\"""",""cn"":"""",""ty"":""音乐"",""y"":2020,""pop"":0}]","キャラクターデザイン:はらだ 有着神秘气息的少年。父亲在监狱服刑，被迫度过孤独的少年时光。把生活在街上的流浪猫看成自己的缩影，因此宠爱猫咪。某场骚动中，他被翠石收留，并加入恶汉奴等。虽然经常被人误解，但性格温柔稳健。 ""我不会原谅那些欺负朋友的人。"" ミステリアスな雰囲気を纏った青年。父親が服役しており、寂しい青春時代を余儀なくされていた。ストリートに暮らす野良猫を自分に重ね、猫をかわいがるようになる。とある騒動の中、翠石に拾われ悪漢奴等に加入。",1,0,0,1,,https://lain.bgm.tv/pic/crt/l/f8/82/92078_crt_DAEhj.jpg,https://lain.bgm.tv/r/400/pic/crt/l/f8/82/92078_crt_DAEhj.jpg,,,,,https://bgm.tv/character/92078,,92078
bgm-bgm181467,bangumi,3,3,,,涤火杰西卡,Jessica the Liberated,,其他,,,游戏,游戏,明日方舟,明日方舟,2019,游戏,,杰西卡·布林雷，因私人原因离开黑钢基地后，选择去往拓荒地，成为了一名治安官。现作为当地办事处的合作干员为罗德岛提供帮助与支持。,1,0,0,1,,https://lain.bgm.tv/pic/crt/l/38/e3/181467_crt_22uvg.jpg,https://lain.bgm.tv/r/400/pic/crt/l/38/e3/181467_crt_22uvg.jpg,https://static.wikia.nocookie.net/mrfz/images/e/e3/Jessica_the_Liberated.png/revision/latest/scale-to-width-down/400?cb=20230905093056|https://static.wikia.nocookie.net/mrfz/images/e/e3/Jessica_the_Liberated.png/revision/latest?cb=20230905093056,,图源:fandom:arknights,,https://bgm.tv/character/181467,,181467
bgm-bgm105904,bangumi,3,3,,结束夏凛,結束夏凛,Karin Yuitsuka,,其他,A,,动画|漫画,动画,ワールドトリガー 3rdシーズン,境界触发者 第三季,2021,动画,"[{""t"":""ワールドトリガー 3rdシーズン"",""cn"":""境界触发者 第三季"",""ty"":""动画"",""y"":2021,""pop"":0},{""t"":""ワールドトリガー"",""cn"":""境界触发者"",""ty"":""漫画"",""y"":2013,""pop"":0}]",元東隊のオペレーター。データ分析や数字が好きで、ランク戦の各チームの得点状況や各隊員のソロポイントを事細かに記憶している。,1,0,0,1,,,,,,,,https://bgm.tv/character/105904,,105904
bgm-bgm13701,bangumi,3,3,,菊原香铃,菊原香鈴,Kikuhara Karin,,其他,,,动画,动画,ストラトス・フォー,星空防卫队,2003,动画,"[{""t"":""ストラトス・フォー"",""cn"":""星空防卫队"",""ty"":""动画"",""y"":2003,""pop"":0},{""t"":""ストラトス・フォー X シリーズ"",""cn"":""星空防卫队 CODE：X"",""ty"":""动画"",""y"":2004,""pop"":0}]",スリーサイズ：B77/W54/H79 身長151cm、体重38kg、R23年3月3日生、本籍：東京都練馬区小竹町2-80-6-401 R35年3月 風餡侘蒔亜（ふぁんたじあ）大 小学部 卒業 R38年3月 風餡侘蒔亜（ふぁんたじあ）大 中学部 卒業 下地島基地所属のCB候補生の1人。候補生の中では最年少の少女で、ナビゲーターとしての能力は優秀。,1,0,0,1,,,,,,,,https://bgm.tv/character/13701,,13701
bgm-bgm28169,bangumi,3,3,,,曇景光,Kumou Kagemitsu,,其他,A,,动画|漫画,动画,曇天に笑う,笑对阴天,2014,动画,"[{""t"":""曇天に笑う"",""cn"":""笑对阴天"",""ty"":""动画"",""y"":2014,""pop"":0},{""t"":""曇天に笑う"",""cn"":""笑傲昙天"",""ty"":""漫画"",""y"":2011,""pop"":0}]",曇家初代当主。,1,0,0,1,,,,,,,,https://bgm.tv/character/28169,,28169
bgm-bgm101074,bangumi,3,3,,,リリー・マックイーン,Lily McQueen,,其他,O,,游戏,游戏,エリオスライジングヒーローズ,,2020,游戏,,【HELIOS】の技術教官。 元々は『ヒーロー』で、歴代トップクラスの実力を誇っていたが、結婚を機に引退し指導する立場となった。実力主義者で、男も女も関係ないというスタンス。 娘を溺愛していて、浮気性の夫とは喧嘩が絶えない。 夫の愚痴や子育ての相談と称して、キースやジェイを飲みに連れ回している。,1,0,0,1,,https://lain.bgm.tv/pic/crt/l/06/b8/101074_crt_if7J5.jpg?r=1632398821,https://lain.bgm.tv/r/400/pic/crt/l/06/b8/101074_crt_if7J5.jpg?r=1632398821,,,,,https://bgm.tv/character/101074,,101074
bgm-bgm45854,bangumi,3,3,,三笠真琴,三笠真琴,Mikasa Makoto,,其他,A,,动画|漫画,动画,風夏,风夏,2017,动画,"[{""t"":""風夏"",""cn"":""风夏"",""ty"":""动画"",""y"":2017,""pop"":0},{""t"":""風夏"",""cn"":""风夏"",""ty"":""漫画"",""y"":2014,""pop"":0}]",イギリス系ドイツ人のクォーターの少年。優と風夏のクラスメイトで人気者。また、同性愛者でもあり、周囲にそのことを公言している。 風夏とは仲がよく、「真琴君」と呼ばれており、たまに買い物に行くほどである。風夏がなにか物足りないと感じているのを見抜く。 家業を継がせたい父親に背き音楽の道を選んだため、勘当された。 The fallen moon（ザ フォールン ムーン）のキーボード。また、ギタリストとしての才能もある事を公言している。,1,0,0,1,,,,,,,,https://bgm.tv/character/45854,,45854
bgm-bgm51593,bangumi,3,3,,三笠实琴,三笠実琴,Mikasa Mikoto,,其他,,,动画|漫画,动画,風夏,风夏,2017,动画,"[{""t"":""風夏"",""cn"":""风夏"",""ty"":""动画"",""y"":2017,""pop"":0},{""t"":""風夏"",""cn"":""风夏"",""ty"":""漫画"",""y"":2014,""pop"":0}]",三笠真琴的双胞胎妹妹，很感谢优把哥哥再一次带回音乐的世界。,1,0,0,1,,,,,,,,https://bgm.tv/character/51593,,51593
bgm-bgm15092,bangumi,3,3,,三国藤吉,三國藤吉,Mikuni Toukichi,,其他,B,,动画|漫画,动画,爆走兄弟レッツ&ゴー!!WGP,四驱兄弟WGP,1997,动画,"[{""t"":""爆走兄弟レッツ&ゴー!!WGP"",""cn"":""四驱兄弟WGP"",""ty"":""动画"",""y"":1997,""pop"":0},{""t"":""爆走兄弟レッツ&ゴー!!"",""cn"":""四驱兄弟"",""ty"":""动画"",""y"":1996,""pop"":0},{""t"":""爆走兄弟レッツ&ゴー!!WGP 暴走ミニ四駆大追跡!"",""cn"":""四驱兄弟WGP 暴走四驱大追踪"",""ty"":""动画"",""y"":1997,""pop"":0},{""t"":""爆走兄弟レッツ＆ゴー！！"",""cn"":""四驱兄弟"",""ty"":""漫画"",""y"":1994,""pop"":0},{""t"":""爆走兄弟レッツ＆ゴー!! Return Racers!!"",""cn"":""四驱兄弟Return Racers"",""ty"":""漫画"",""y"":2016,""pop"":0},{""t"":""爆走兄弟レッツ&ゴー!!MAX"",""cn"":""爆走兄弟Let's&Go!!MAX"",""ty"":""漫画"",""y"":1998,""pop"":0}]",三国コンツェルンの御曹子。サルのきぐるみがお気に入りの小技を多様する技巧派レーサー。豪や二郎丸とは性格が似ているためか、しばしば衝突することもあるが基本的には裏表のない、いい奴である。ＳＧＪＣでは鷹羽リョウと同ポイントで3位に入り、その実力をみせた。大きなピンクの蝶ネクタイと扇子がトレードマーク。 WGP 「おぼっちゃまにも五分の魂」が口癖のビクトリーズの業師。豪や二郎丸とはケンカ仲間で、よく3人でかけあいをしている。,1,0,0,1,,,,,,,,https://bgm.tv/character/15092,,15092
bgm-bgm45190,bangumi,3,3,,盛山响,盛山響,Moriyama Hibiki,ソニック=ソード / Sonic Sword,其他,,,动画,动画,ハンドシェイカー,Hand Shakers,2017,动画,,30岁，阿波座小玉的搭挡。为了支持小玉的偶像梦想而辞职做她的经纪人。 不使用代号直接将本名曝露给对手，接近神的境界，发动能力可影响侵蚀金字塔空间。,1,0,0,1,,,,,,,,https://bgm.tv/character/45190,,45190
bgm-bgm140217,bangumi,3,3,,,仁科弥生,Nishina Yayoi,,其他,ＡＢ,,Galgame,Galgame,恋愛CHU！～彼女の秘密はオトコのコ？～,,2001,Galgame,,主人公のクラスを担当している。美人教師。 男子生徒のマドンナ的存在で人気がある。 しっかり者に見えるが、案外もろい性格。 誰かが支えてあげないと立ち直れない。 ナイショで、同僚の教師と付き合っている。 ①スリーサイズ Ｂ ９０ Ｗ ５８ Ｈ ８９ ②誕生日、血液型、星座 ３月３日 ＡＢ型 魚座 ③好きな食べ物 紅茶 ④好きな言葉 一期一会 ⑤嫌いな物、苦手な物 体育の小林先生（しつこいから） ⑥好きなスポット 行きつけの喫茶店 ⑦得意科目 英語担当 ⑧苦手科目 ⑨将来の夢 ⑩…,1,0,0,1,1,https://lain.bgm.tv/pic/crt/l/9b/28/140217_crt_zLUCJ.jpg,https://lain.bgm.tv/r/400/pic/crt/l/9b/28/140217_crt_zLUCJ.jpg,,,,,https://bgm.tv/character/140217,,140217
bgm-bgm74364,bangumi,3,3,,拉比琳,ラビリン,Rabirin,,其他,,,动画,动画,ヒーリングっど♥プリキュア,Healin' Good ♥ 光之美少女,2020,动画,"[{""t"":""ヒーリングっど♥プリキュア"",""cn"":""Healin' Good ♥ 光之美少女"",""ty"":""动画"",""y"":2020,""pop"":0},{""t"":""映画 ヒーリングっど♥プリキュア ゆめのまちでキュン！っとGoGo！大変身！！"",""cn"":""电影 Healin' Good ♥ 光之美少女 梦想的小镇心动不已！GoGo！大变身！！"",""ty"":""动画"",""y"":2021,""pop"":0},{""t"":""ぷちきゅあ～Precure Fairies～"",""cn"":""小小光之美少女～Precure Fairies～"",""ty"":""动画"",""y"":2025,""pop"":0}]",粉红色的兔子型治愈动物，好胜而带正义感，坚强有活力，但常常犯蠢导致徒劳无功，跟别人赌气，拖着和佳走却总是一事无成，语尾习惯加上“～拉比（～ラビ）”。,1,0,0,1,,,,,,,,https://bgm.tv/character/74364,,74364
bgm-bgm42760,bangumi,3,3,,佐久间龙造,佐久間龍造,Sakuma Ryuuzou,,其他,,,动画,动画,チア男子!!,男子啦啦队!!,2016,动画,,"憧憬着一马的娃娃脸青年，有过芭蕾经验。 对和自己的外表有着反差的充满厚重感的名字有着复杂情绪。爱称""佐久""",1,0,0,1,,,,,,,,https://bgm.tv/character/42760,,42760
bgm-bgm42656,bangumi,3,3,,早乙女紫,早乙女紫,Saotome Yukari,,其他,O,,游戏,游戏,ラブライブ！スクールアイドルフェスティバル,LoveLive! 学园偶像祭,2013,游戏,,Klab旗下的手机音乐节奏社交卡牌游戏《LoveLive!学园偶像祭》登场人物。,1,0,0,1,,https://lain.bgm.tv/pic/crt/l/71/28/42656_crt_3c58H.jpg,https://lain.bgm.tv/r/400/pic/crt/l/71/28/42656_crt_3c58H.jpg,https://storage.moegirl.org.cn/moegirl/commons/4/47/LLCard_Saotome_Yukari.png!/fw/480/watermark/url/L21vZWdpcmwvd2F0ZXJtYXJrLnBuZw==/align/southeast/margin/10x10/opacity/50?v=20160316170409|https://storage.moegirl.org.cn/moegirl/commons/4/47/LLCard_Saotome_Yukari.png,,图源:moegirl,,https://bgm.tv/character/42656,,42656
bgm-bgm170436,bangumi,3,3,,宝井宁,寳井宁,TAKARAI NEI,阿宁,其他,,,漫画,漫画,極楽街,极乐街,2022,漫画,,蛇穴に属する凄腕剣士の少女。禍に対して誘発作用がある血液を持つ。,1,0,0,1,,,,,,,,https://bgm.tv/character/170436,,170436
bgm-bgm134895,bangumi,3,3,,优·保亚,ユー＝バウアー,Yu Bauer,,其他,,,动画|漫画,漫画,私の推しは悪役令嬢。,我推是反派大小姐。,2019,漫画,"[{""t"":""私の推しは悪役令嬢。"",""cn"":""我推是反派大小姐。"",""ty"":""漫画"",""y"":2019,""pop"":0},{""t"":""私の推しは悪役令嬢。"",""cn"":""我推是反派大小姐。"",""ty"":""漫画"",""y"":2020,""pop"":0},{""t"":""私の推しは悪役令嬢。"",""cn"":""我的推是坏人大小姐。"",""ty"":""动画"",""y"":2023,""pop"":0}]",バウアー王国第三王子。 甘いルックスの持ち主で柔和な性格だが、計算高く腹黒い一面も。 ミシャとは幼馴染で彼女が貴族だった頃から親しくしていた。 魔法属性は「水」。,1,0,0,1,,,,,,,,https://bgm.tv/character/134895,,134895
bgm-bgm75321,bangumi,3,3,,,薫芳梅,,,其他,B,,Galgame,Galgame,シェンムーII,莎木 II,2001,Galgame,,在秀瑛底下工作的少女，知道一些她的过去。开朗又会照顾人，人见人爱。小时候被文武庙收留，为了报恩便开始工作。即便面对长辈也会勇敢表达意见，丝毫不傲慢，也不会说人坏话。个性开朗又主动。对于喜欢的人，就算别人觉得多管闲事也会拼命照顾。 最近迷上跟感情变好的同龄女孩前往时髦咖啡厅跟美味餐厅。,0,0,0,0,,https://lain.bgm.tv/pic/crt/l/0e/47/75321_crt_4AkTv.jpg,https://lain.bgm.tv/r/400/pic/crt/l/0e/47/75321_crt_4AkTv.jpg,,,,,https://bgm.tv/character/75321,,75321
bgm-bgm65664,bangumi,3,3,,白井桃,白井モモ,,,其他,B,,动画,动画,怪盗ジョーカー シーズン4,怪盗Joker4,2016,动画,"[{""t"":""怪盗ジョーカー シーズン4"",""cn"":""怪盗Joker4"",""ty"":""动画"",""y"":2016,""pop"":0},{""t"":""怪盗ジョーカー シーズン3"",""cn"":""怪盗Joker3"",""ty"":""动画"",""y"":2016,""pop"":0},{""t"":""怪盗ジョーカー シーズン2"",""cn"":""怪盗Joker2"",""ty"":""动画"",""y"":2015,""pop"":0},{""t"":""怪盗ジョーカー"",""cn"":""怪盗Joker"",""ty"":""动画"",""y"":2014,""pop"":0}]",鬼山警部の部下。元特殊部隊SATの隊員で、トンファーを愛用している。ギンコとは小学校からのコンビ。 ○好きなゲーム 格闘ゲーム ○好きな食べ物： どら焼き、ピーチパイ,0,0,0,0,,,,,,,,https://bgm.tv/character/65664,,65664
bgm-bgm208756,bangumi,3,3,,诹访野堇,諏訪野菫,,,其他,O,,动画|漫画,动画,貧乏神が！,穷神,2012,动画,"[{""t"":""貧乏神が！"",""cn"":""穷神"",""ty"":""动画"",""y"":2012,""pop"":0},{""t"":""貧乏神が!"",""cn"":""穷神"",""ty"":""漫画"",""y"":2008,""pop"":0}]",,0,0,0,0,,,,,,,,https://bgm.tv/character/208756,,208756
bgm-bgm185974,bangumi,3,3,,,アレクコ,,,,,,动画|漫画,漫画,嘆きの亡霊は引退したい ~最弱ハンターによる最強パーティ育成術~,叹息的亡灵好想隐退~最弱猎手的最强队伍养成术~,2018,漫画,"[{""t"":""嘆きの亡霊は引退したい ~最弱ハンターによる最強パーティ育成術~"",""cn"":""叹息的亡灵好想隐退~最弱猎手的最强队伍养成术~"",""ty"":""漫画"",""y"":2018,""pop"":0},{""t"":""嘆きの亡霊は引退したい 第2クール"",""cn"":""叹气的亡灵想隐退 第2部分"",""ty"":""动画"",""y"":2025,""pop"":0},{""t"":""嘆きの亡霊は引退したい ~最弱ハンターによる最強パーティ育成術~"",""cn"":""叹息的亡灵好想隐退~最弱猎手的最强队伍养成术~"",""ty"":""漫画"",""y"":2019,""pop"":0}]",サンドラビットに異常なまでの情熱を注ぐ「サンドラビット研究所」、通称「ラビ研」の研究者。 サンドラビットが地下に高度な文明を築いていると固く信じており、その研究のためならどこへでも赴く。 研究対象であるはずのサンドラビットを「バターソテー」にして食べることを提案するなど、その探究心は時に食欲へと姿を変える。,0,0,0,0,,,,,,,,https://bgm.tv/character/185974,,185974
bgm-bgm99470,bangumi,3,3,,,貞安基成,,,其他,Ａ,,Galgame,Galgame,Esの方程式‐Wo Es war，soll Ich werden‐,Es的方程式,1996,Galgame,,染野谷のボディガードを務める弟分。 通称『ヤス』。 質実剛健な精神と体躯を持ち、忠誠をもって染野谷に仕える屈強な大男。,0,0,0,0,1,https://lain.bgm.tv/pic/crt/l/a0/a7/99470_crt_asH7S.jpg,https://lain.bgm.tv/r/400/pic/crt/l/a0/a7/99470_crt_asH7S.jpg,,,,,https://bgm.tv/character/99470,,99470
bgm-bgm155809,bangumi,3,3,,,攸宁,,,其他,,,游戏,游戏,幻书启世录,,2020,游戏,,"华夏地区最古老、最具影响力的幻书之一。 是过去率领华夏众幻书对抗文明之敌的领袖，也是最早察觉到应该建立阿克夏之馆、联合各地幻书的有识者。 虽然书馆在阿克夏之火破碎中遗失了许多重要记录，但在剩下的断章中，攸宁的名字依然随处可见。文明之敌销声匿迹后，攸宁见证了阿克夏之馆的关闭，而后回到了天一阁辅佐阁主。直到数十年前先代阁主失踪,她才不得已暂领阁主一职。 温柔，真诚，平日里一向居于辅佐馆主的立场上，以沉稳而不失灵巧的秉性,协助馆主处理书馆内外诸多事务。",0,0,0,0,,https://lain.bgm.tv/pic/crt/l/ab/bf/155809_crt_q1EaU.jpg,https://lain.bgm.tv/r/400/pic/crt/l/ab/bf/155809_crt_q1EaU.jpg,,,,,https://bgm.tv/character/155809,,155809
bgm-bgm16296,bangumi,3,3,,爱丸,愛丸,,,其他,A,,动画,动画,トリコ,美食的俘虏,2011,动画,,グルメ騎士のリーダー。トリコとは幼い頃からの友人で、共に「GOD」を目指す事を約束した仲。人の病を体から取り去る代わりに自分の体に取り込む事のできる特異体質の持ち主。トリコはそれを「病食主義」と呼んでいる。長年の病食により、体を侵されている。「自然のままに命を委ねる」という教えにより薬も人工の物は飲まず、余命短く生きる気力を失いつつある,0,0,0,0,,,,,,,,https://bgm.tv/character/16296,,16296
bgm-bgm140404,bangumi,3,3,,路菲・潘德拉贡,ルフェイ・ペンドラゴン,,,其他,,,漫画,漫画,ハイスクールD×D,恶魔高校 D×D,2008,漫画,,,0,0,0,0,,,,,,,,https://bgm.tv/character/140404,,140404
bgm-bgm188800,bangumi,3,3,,花咲子红,花咲こべに,,,其他,,,动画,动画,きらりん☆レボリューション,偶像宣言,2006,动画,"[{""t"":""きらりん☆レボリューション"",""cn"":""偶像宣言"",""ty"":""动画"",""y"":2006,""pop"":0},{""t"":""きらりん☆レボリューション STAGE3"",""cn"":""偶像宣言STAGE3"",""ty"":""动画"",""y"":2008,""pop"":0}]",一人称は「こべに」。不思議系少女で占いが得意な14歳。「はてはて〜?」が口癖。転校ばかりで友達になってもすぐ別れてしまうことの悲しさから友達を作ることを拒絶していたが、きらりの友人に対する一生懸命さに影響されアイドルになることに。普段は眼鏡をかけているが、外すと別人のようになる。のえるとは対照的におとなしい性格だが、言いたいことはズバズバ言う性格で、最初は些細なことでのえると喧嘩になっていた。,0,0,0,0,,,,,,,,https://bgm.tv/character/188800,,188800
bgm-bgm129894,bangumi,3,3,,桃濑健太郎,桃瀬健太郎,,,其他,A,,动画|漫画,动画,新しい上司はど天然,新上司是天然呆,2023,动画,"[{""t"":""新しい上司はど天然"",""cn"":""新上司是天然呆"",""ty"":""动画"",""y"":2023,""pop"":0},{""t"":""新しい上司はど天然"",""cn"":""新上司是天然呆"",""ty"":""漫画"",""y"":2019,""pop"":0}]",真面目で健気な好青年。 前の会社でのパワハラで、精神と胃をやられ、 白崎たちの会社へ転職してきた。,0,0,0,0,,,,,,,,https://bgm.tv/character/129894,,129894
bgm-bgm173664,bangumi,3,3,,,センイチ,,,其他,A,,动画,动画,えぶりでいホスト,EVERYDAY HOST CLUB 男公关俱乐部的欢乐日常,2025,动画,,クラブ・ワン 𝐍𝐨.𝟑 ✧オラオラ系ホスト✧ センイチ ┈┈┈┈┈┈┈┈┈┈ 誰にでも平等に態度が悪い。 正直すぎる接客が魅力！,0,0,0,0,,,,,,,,https://bgm.tv/character/173664,,173664
bgm-bgm176134,bangumi,3,3,,,藤原ねね,,,其他,なし,,Galgame,Galgame,ぼくらの放課後戦争！,,2017,Galgame,,理事長の作った魔法人形の体に、古くから伝わるひな人形の魂が宿った存在。三人官女の一人として長年他人の結婚を祝い続けてきたので、自分の恋愛に憧れている。,0,0,0,0,,https://lain.bgm.tv/pic/crt/l/99/73/176134_crt_tFSaF.jpg,https://lain.bgm.tv/r/400/pic/crt/l/99/73/176134_crt_tFSaF.jpg,,,,,https://bgm.tv/character/176134,,176134
bgm-bgm168452,bangumi,3,3,,莱茵哈鲁特·帕纳科塔,ライハルト・パルナコルタ,,,其他,,,动画|漫画,动画,完璧すぎて可愛げがないと婚約破棄された聖女は隣国に売られる,圣女因太过完美不够可爱而被废除婚约并卖到邻国,2025,动画,"[{""t"":""完璧すぎて可愛げがないと婚約破棄された聖女は隣国に売られる"",""cn"":""圣女因太过完美不够可爱而被废除婚约并卖到邻国"",""ty"":""动画"",""y"":2025,""pop"":0},{""t"":""完璧すぎて可愛げがないと婚約破棄された聖女は隣国に売られる"",""cn"":""完美到难以接近的圣女遭到解除婚约后被卖到邻国"",""ty"":""漫画"",""y"":2022,""pop"":0},{""t"":""完璧すぎて可愛げがないと婚約破棄された聖女は隣国に売られる"",""cn"":""圣女因太过完美不够可爱而被废除婚约并卖到邻国"",""ty"":""漫画"",""y"":2021,""pop"":0}]",オスヴァルトの兄で、パルナコルタ王国の第一王子。パルナコルタ王国の先代聖女・エリザベスは婚約者だった。物腰が柔らかく穏やかな性格をしているが、国の繁栄を第一に考える合理主義者でもある。,0,0,0,0,,,,,,,,https://bgm.tv/character/168452,,168452
bgm-bgm214969,bangumi,3,3,,淡魂瑞火,淡魂瑞火,,,其他,,,动画|漫画,动画,岩元先輩ノ推薦,岩元前辈的推荐,2026,动画,"[{""t"":""岩元先輩ノ推薦"",""cn"":""岩元前辈的推荐"",""ty"":""动画"",""y"":2026,""pop"":0},{""t"":""岩元先輩ノ推薦"",""cn"":""岩元前辈的推荐"",""ty"":""漫画"",""y"":2021,""pop"":0}]",栖鳳中学一年生。 日本人形をこよなく愛しており、特にお気に入りの４体は一美、双葉、三江、四季と名付けて大事にしている。 愛嬌のあるおっとりとした性格で、マイペース。,0,0,0,0,,,,,,,,https://bgm.tv/character/214969,,214969
bgm-bgm206946,bangumi,3,3,,桃华月咏,桃華月詠,,,其他,,,动画,动画,桃源暗鬼,桃源暗鬼,2025,动画,"[{""t"":""桃源暗鬼"",""cn"":""桃源暗鬼"",""ty"":""动画"",""y"":2025,""pop"":0},{""t"":""舞台「桃源暗鬼」-練馬編-"",""cn"":"""",""ty"":""其他"",""y"":2025,""pop"":0}]",桃太郎機関・練馬区担当二十部隊隊長。 ミョリンパ和歌子の占いを絶対視し、すべてを運勢で決める。,0,0,0,0,,,,,,,,https://bgm.tv/character/206946,,206946
bgm-bgm50890,bangumi,3,3,,绫濑菜乃花,綾瀬菜乃花,,あやせ なのか / Ayase Nanoka,其他,A,,漫画,漫画,菜の花の彼 —ナノカノカレ—,菜乃花的他,2014,漫画,,高校1年。大人しそうな外見で友達からは何を考えているかわからないと言われるが、意外と大胆で行動的。友達に何でも相談することは無く、1人でハンバーガーショップに寄ったり1人で考えて行動に移したり、わりと自立している。しかし恋をしてから昔の自分に戻りたくない気持ちが強くなり、恋だけでなく友達に対する姿勢も変化してきていると同時に、うまくつきあえなかった元彼への過去の気持ちも前向きに変わってきている。,0,0,0,0,,,,,,,,https://bgm.tv/character/50890,,50890
bgm-bgm64770,bangumi,3,3,,亚历山大·格雷汉姆·贝尔,Alexander Graham Bell,Alexander Graham Bell,,其他,,,Galgame,Galgame,Assassin's Creed: Syndicate,刺客信条：枭雄,2015,Galgame,,亚历山大·格雷汉姆·贝尔（Alexander Graham Bell ）(1847 – 1922) ，苏格兰裔科学家，发明家，工程师，实用电话之父。他也是英国刺客亨利·格林的挚友，后者常称呼他为“埃里克”。,0,0,0,0,,https://lain.bgm.tv/pic/crt/l/c1/00/64770_crt_d9yD9.jpg?r=1531712469,https://lain.bgm.tv/r/400/pic/crt/l/c1/00/64770_crt_d9yD9.jpg?r=1531712469,,,,,https://bgm.tv/character/64770,,64770
bgm-bgm119390,bangumi,3,3,,鲍比·保尔,ボビー・ボール,Bobby Ball,,其他,,,动画,动画,HIGH CARD,至高之牌,2023,动画,,クロンダイクファミリーのティルトの部下で、５人からなるプレイヤー集団《ストレート》の一人。 執念深い性格で、カードの収集に手段を選ばず、無関係の人々を巻き添えにする残虐さを持つ。,0,0,0,0,,,,,,,,https://bgm.tv/character/119390,,119390
bgm-bgm129287,bangumi,3,3,,,カラボナ・ギニー,Carabona Guinea,,其他,Ｏ,,动画,动画,無限のリヴァイアス,无限的未知,1999,动画,,南国出身の大柄な少女。ツヴァイの一員。おおらかで優しい性格をしており、自分を偽ることなく、常に自然体でいられる。ツヴァイでは珍しい常識人。艦長であるユイリィをいたわりながら、航行を共にした。 また、年頃の女の子らしく、おしゃれにも気を使っている。裁縫が得意で、パーティでは自分とランのドレスをデザインして作ってしまう程、そのセンスに長けている。 やや、心配性なところもあり、戦闘中はちょっとしたことにも動揺することが多かった。その体格とは裏腹に、繊細な心も持ち合わせている。,0,0,0,0,,,,,,,,https://bgm.tv/character/129287,,129287
bgm-bgm123574,bangumi,3,3,,,辰砂,Cinnabar,,其他,,,游戏,游戏,无期迷途,,2022,游戏,,,0,0,0,0,,https://lain.bgm.tv/pic/crt/l/c6/50/123574_crt_n30r7.jpg?r=1673272471,https://lain.bgm.tv/r/400/pic/crt/l/c6/50/123574_crt_n30r7.jpg?r=1673272471,,,,,https://bgm.tv/character/123574,,123574
bgm-bgm3898,bangumi,3,3,,加尔帝诺,ギャルディーノ,Galdino,高利贷加尔帝诺 / 加尔·帝诺 / Mr. 3,其他,F,,动画,动画,ONE PIECE,航海王,1999,动画,"[{""t"":""ONE PIECE"",""cn"":""航海王"",""ty"":""动画"",""y"":1999,""pop"":0},{""t"":""ONE PIECE: INTO THE GRAND LINE"",""cn"":""航海王 第二季"",""ty"":""其他"",""y"":2026,""pop"":0},{""t"":""ONE PIECE STAMPEDE"",""cn"":""航海王：狂热行动"",""ty"":""动画"",""y"":2019,""pop"":0},{""t"":""ONE PIECE ニッポン縦断! 47クルーズALBUM \""西\"""",""cn"":"""",""ty"":""音乐"",""y"":2016,""pop"":0},{""t"":""島根3賛歌"",""cn"":"""",""ty"":""音乐"",""y"":2015,""pop"":0},{""t"":""ONE PIECE Island Song Collection リトルガーデン「リトルガーデンMUSEUM」"",""cn"":"""",""ty"":""音乐"",""y"":2017,""pop"":0}]",元・バロックワークスの社員で、ドルドルの実の能力者。ロウを使って攻撃や防御ができる。 インペルダウンからの脱獄後、バギーと共にマリンフォードの頂上戦争に巻き込まれる。 基本は姑息だが、それほど悪いやつでもない。,0,0,0,0,,,,,,,,https://bgm.tv/character/3898,,3898
bgm-bgm110540,bangumi,3,3,,平森三津子,平森みつ子,Hiramori Mitsuko,,其他,,,动画|游戏,动画,遊☆戯☆王ゴーラッシュ!!,游戏王 Go Rush！！,2022,动画,"[{""t"":""遊☆戯☆王ゴーラッシュ!!"",""cn"":""游戏王 Go Rush！！"",""ty"":""动画"",""y"":2022,""pop"":0},{""t"":""遊戯王 デュエルリンクス"",""cn"":""游戏王：决斗链接"",""ty"":""游戏"",""y"":2016,""pop"":0}]",三度の飯より人を驚かせることが大好きな３メートルの巨大な宇宙人。３つの都市伝説で町の子どもたちを驚かせ、困らせていた。仲間であるズウィージョウの居場所に人を寄せ付けないために、都市伝説を利用していた。,0,0,0,0,,https://lain.bgm.tv/pic/crt/l/9d/65/110540_crt_hadUz.jpg?r=1738748364,https://lain.bgm.tv/r/400/pic/crt/l/9d/65/110540_crt_hadUz.jpg?r=1738748364,,,,,https://bgm.tv/character/110540,,110540
bgm-bgm157319,bangumi,3,3,,卡伊涅,カイネ,Kaine,,其他,,,Galgame,Galgame,夢王国と眠れる100人の王子様,梦王国与沉睡的100名王子,2015,Galgame,,桃花之國・貝魯修的王子。有六個非常重視他的姊姊。練不出肌肉也無法長高的問題困擾著他，雖然很膽小，實力卻很強。,0,0,0,0,,https://lain.bgm.tv/pic/crt/l/2e/16/157319_crt_YyUpP.jpg,https://lain.bgm.tv/r/400/pic/crt/l/2e/16/157319_crt_YyUpP.jpg,,,,,https://bgm.tv/character/157319,,157319
bgm-bgm72813,bangumi,3,3,,,七姫一明,Kazuaki Nanaki,,其他,,,Galgame,Galgame,はーとふる彼氏 〜希望の学園と白い翼〜,鸽子男友~希望的学园与洁白羽翼,2011,Galgame,,主人公達の所属する2年3組の担任で 数学科担当のヒメウズラ。 気を抜くとすぐ居眠りしてしまう。 マイペースだが頭はいいらしい。,0,0,0,0,,https://lain.bgm.tv/pic/crt/l/84/7e/72813_crt_znRRV.jpg,https://lain.bgm.tv/r/400/pic/crt/l/84/7e/72813_crt_znRRV.jpg,,,,,https://bgm.tv/character/72813,,72813
bgm-bgm124155,bangumi,3,3,,,ルチアングル,Ltiangle,,其他,,,动画|漫画,漫画,RAVE,圣石小子,1999,漫画,"[{""t"":""RAVE"",""cn"":""圣石小子"",""ty"":""漫画"",""y"":1999,""pop"":0},{""t"":""GROOVE ADVENTURE RAVE"",""cn"":""圣石小子"",""ty"":""动画"",""y"":2001,""pop"":0}]",,0,0,0,0,,,,,,,,https://bgm.tv/character/124155,,124155
bgm-bgm179891,bangumi,3,3,,,摩尔,Moore,,其他,,,游戏,游戏,无期迷途,,2022,游戏,,,0,0,0,0,,https://lain.bgm.tv/pic/crt/l/85/c4/179891_crt_0BvaB.jpg?r=1752818022,https://lain.bgm.tv/r/400/pic/crt/l/85/c4/179891_crt_0BvaB.jpg?r=1752818022,,,,,https://bgm.tv/character/179891,,179891
bgm-bgm110584,bangumi,3,3,,名积流风,名積ルカ,Nadumi Ruka,,其他,,,动画,动画,ツキウタ。 THE ANIMATION 2,月歌2,2020,动画,"[{""t"":""ツキウタ。 THE ANIMATION 2"",""cn"":""月歌2"",""ty"":""动画"",""y"":2020,""pop"":0},{""t"":""VAZZROCK THE ANIMATION"",""cn"":""月野艺能 华彩原石"",""ty"":""动画"",""y"":2022,""pop"":0}]",2.5次元系の舞台で活躍中の俳優。 役に入り込む憑依型で、役柄によって髪型や服装もコロコロ変わり、演じる上で日舞、楽器演奏、乗馬など、できることを増やしていくという奇才である。 トリッキーなお騒がせキャラで、よく思いつきで周囲を巻き込んで暴走している一方で、努力、根性を馬鹿にせず、こうと決めたら貫き通す男前なところもあるので侮れない。 ROCK DOWNのMC、宣伝担当でもある。,0,0,0,0,,,,,,,,https://bgm.tv/character/110584,,110584
bgm-bgm52501,bangumi,3,3,,落合博光,落合博光,Ochiai Hiromitsu,,其他,B,,动画|漫画,漫画,ダイヤのA,钻石王牌,2006,漫画,"[{""t"":""ダイヤのA"",""cn"":""钻石王牌"",""ty"":""漫画"",""y"":2006,""pop"":0},{""t"":""ダイヤのA -SECOND SEASON-"",""cn"":""钻石王牌 第二季"",""ty"":""动画"",""y"":2015,""pop"":0},{""t"":""ダイヤのA"",""cn"":""钻石王牌"",""ty"":""动画"",""y"":2013,""pop"":0},{""t"":""ダイヤのA actⅡ"",""cn"":""钻石王牌 act2"",""ty"":""动画"",""y"":2019,""pop"":0},{""t"":""ダイヤのA actⅡ Second Season"",""cn"":""钻石王牌 act2 第二季"",""ty"":""动画"",""y"":2026,""pop"":0},{""t"":""ダイヤのA actⅡ Second Season 第2クール"",""cn"":""钻石王牌 act2 第二季 第2部分"",""ty"":""动画"",""y"":2026,""pop"":0}]",来自名校的新任教练。目前正在检视每位选手的特性。并不看好泽村，觉得他再怎么努力也只能是中继选手，无法成为王牌投手，与其让他这样下去不如直接让他放弃，这也是种温柔，原本觉得片冈教练是将泽村作为让降谷努力进步的动力而利用泽村的，后来为了让泽村放弃而教他变速球，但没想到泽村在比赛中学会了，明白了片冈教练无法放弃泽村的原因。被泽村称为「军曹」。,0,0,0,0,,,,,,,,https://bgm.tv/character/52501,,52501
bgm-bgm158041,bangumi,3,3,,,パンクラチオン,Pankration,,其他,,,动画,动画,僕のヒーローアカデミア THE MOVIE ～2人の英雄～,我的英雄学院 两位英雄,2018,动画,"[{""t"":""僕のヒーローアカデミア THE MOVIE ～2人の英雄～"",""cn"":""我的英雄学院 两位英雄"",""ty"":""动画"",""y"":2018,""pop"":0},{""t"":""僕のヒーローアカデミア THE MOVIE ワールドヒーローズミッション"",""cn"":""我的英雄学院 World Heros' Mission"",""ty"":""动画"",""y"":2021,""pop"":0}]",,0,0,0,0,,,,,,,,https://bgm.tv/character/158041,,158041
bgm-bgm65172,bangumi,3,3,,堺通孝,堺通孝,Sakai Michitaka,,其他,O,,动画|漫画,漫画,この音とまれ!,一弦定音！,2012,漫画,"[{""t"":""この音とまれ!"",""cn"":""一弦定音！"",""ty"":""漫画"",""y"":2012,""pop"":0},{""t"":""この音とまれ！第2クール"",""cn"":""一弦定音！第2部分"",""ty"":""动画"",""y"":2019,""pop"":0},{""t"":""この音とまれ！"",""cn"":""一弦定音！"",""ty"":""动画"",""y"":2019,""pop"":0}]",愛称はみっつ。サネ同様、愛とは中学時代からの友人。,0,0,0,0,,,,,,,,https://bgm.tv/character/65172,,65172
bgm-bgm96128,bangumi,3,3,,佐仓学,佐倉学,Sakura Manabu,,其他,A,,动画,动画,灼熱カバディ,灼热卡巴迪,2021,动画,,埼玉紅葉高校 埼玉紅葉高校2年生。王城と井浦の中学時代の後輩で、中でも王城には特別な憧れを抱いており様々な技術を教わってきた。メンタル面はやや不安定だが、恵まれた体格と身長、それに加えて底なしの才能を秘めている。,0,0,0,0,,,,,,,,https://bgm.tv/character/96128,,96128
bgm-bgm8420,bangumi,3,3,,,留吉,Tomekichi,,其他,,,动画,动画,いぬかみっ!,犬神,2006,动画,,,0,0,0,0,,,,,,,,https://bgm.tv/character/8420,,8420
bgm-bgm163911,bangumi,3,3,,,月島円,Tsukishima Madoka,,其他,AB,,Galgame,Galgame,SAKURA ～雪月華～,,2003,Galgame,,春に転入した下級生。（小説版では小雪が関与）箱入り娘で生粋のお嬢様。人見知りが激しく、非常に大人しい。小雪によく弄られている。 「平安編」では冷酷な「形代ノ式神（かたしろのしきがみ）」、「鎌倉編」では大姫の人形「月（つき）」を演じる。,0,0,0,0,,https://lain.bgm.tv/pic/crt/l/00/95/163911_crt_sM2fU.jpg,https://lain.bgm.tv/r/400/pic/crt/l/00/95/163911_crt_sM2fU.jpg,,,,,https://bgm.tv/character/163911,,163911
bgm-bgm107864,bangumi,3,3,,义经健太,義経健太,Yoshitsune Kenta,,其他,B,,动画,动画,アオアシ,青之芦苇,2022,动画,"[{""t"":""アオアシ"",""cn"":""青之芦苇"",""ty"":""动画"",""y"":2022,""pop"":0},{""t"":""アオアシ Season 2"",""cn"":""青之芦苇 第二季"",""ty"":""动画"",""y"":2026,""pop"":0}]",エスペリオンユース３年で、１軍の主将を務める。昨年のプレミアリーグ得点王という実績を持つフォワード。サッカーの実力は圧倒的だが、独特な口調で話したり語尾が聞き取れなくなったりと、つかみどころのない性格をしている。,0,0,0,0,,,,,,,,https://bgm.tv/character/107864,,107864
bgm-bgm178720,bangumi,3,3,,尤里·基里安,ユーリ・キリアン,Yuri Killian,,其他,,,动画,动画,カレイドスター,百变之星,2003,动画,"[{""t"":""カレイドスター"",""cn"":""百变之星"",""ty"":""动画"",""y"":2003,""pop"":0},{""t"":""カレイドスター Legend of phoenix 〜レイラ・ハミルトン物語〜"",""cn"":""百变之星 不死鸟传说 ～蕾拉・汉密尔顿物语～"",""ty"":""动画"",""y"":2006,""pop"":0},{""t"":""カレイドスター 新たなる翼 -EXTRA STAGE-『笑わない すごい お姫様』"",""cn"":""百变之星 崭新之翼 EXTRA STAGE 不笑的公主"",""ty"":""动画"",""y"":2004,""pop"":0}]",18歳のロシア人。レイラと並ぶカレイドステージのトップスター。その容貌で女性からの人気は非常に高い。レオンとは強い因縁がある。過去のある事件がきっかけでカロスを恨んでおり、物語中盤では敵役にまわる。だが、己の過ちに気づいて一線を退き、自分を見つめ直すべくフランスへ留学。フランスでは練習の合間に絵を描いていた。アメリカに戻った後はカロスと共に経営に加わる。2部中盤、フランスへやってきたそらの希望でサーカスフェスティバルにそらとペアを組み、パートナーとして出場した。,0,0,0,0,,,,,,,,https://bgm.tv/character/178720,,178720
bgm-bgm66944,bangumi,3,3,,游佐瞳葵,遊佐メモル,memoru yusa,メモル,其他,AB,,游戏,游戏,Tokyo 7th シスターズ,东京七姐妹,2014,游戏,,シスターズのコアファン人気ブッチギリナンバー1の少女。しかしその正体は……悪巧みとお金儲けの大好きな最凶の裏表ガール。ファンの前ではラブリーロリータ「メモルン」を貫いており、メモルンジュース（毒）という不思議なジュースでファンを魅了する。,0,0,0,0,,https://lain.bgm.tv/pic/crt/l/35/6f/66944_crt_1cyTm.jpg,https://lain.bgm.tv/r/400/pic/crt/l/35/6f/66944_crt_1cyTm.jpg,https://storage.moegirl.org.cn/moegirl/commons/3/32/Yusa_memoru19.jpg!/fw/480/watermark/url/L21vZWdpcmwvd2F0ZXJtYXJrLnBuZw==/align/southeast/margin/10x10/opacity/50?v=20190630205734|https://storage.moegirl.org.cn/moegirl/commons/3/32/Yusa_memoru19.jpg,,图源:moegirl,,https://bgm.tv/character/66944,,66944
