id,src,month,day,year,name_cn,name_native,name_romaji,alt_names,gender,blood,age,types,ptype,work,work_cn,work_year,work_fmt,works,summary,heat,fav,votes,collects,nsfw,image,thumb,alts,palette,tags,url_al,url_bgm,url_vndb,bgm_id
vndb-c767,vndb,4,1,,,,Hisao Nakai,Hicchan,男,,,Galgame,Galgame,Katawa Shoujo,,2009,Galgame,,"Hisao is a male high school student with arrhythmia. In the prologue of the game, he collapses from a heart attack after receiving a confession from the girl he likes on one snowy day.",18528,0,18528,0,,https://t.vndb.org/ch/32/22132.jpg,https://t.vndb.org/ch/32/22132.jpg,,#936e42 #bb995c #5a3824 #d1b690 #ead8b7 #fbf4d7,Brown Ahoge Curtained Short Brown Teen Slim Pale School Uniform Trousers,,,https://vndb.org/c767,
al88573,anilist,4,1,,菜月昴,ナツキ・スバル,Subaru Natsuki,Barusu / Lolimancer / Young Su / Baru,男,B,17-,动画|游戏|Galgame,动画,Re:ゼロから始める異世界生活,Re：从零开始的异世界生活,2016,动画,"[{""t"":""Re:ゼロから始める異世界生活"",""cn"":""Re：从零开始的异世界生活"",""ty"":""动画"",""y"":2016,""pop"":621774},{""t"":""Re:ゼロから始める異世界生活 2nd Season"",""cn"":""Re：从零开始的异世界生活 第二季"",""ty"":""动画"",""y"":2020,""pop"":379615},{""t"":""Re:ゼロから始める異世界生活 2nd Season Part 2"",""cn"":"""",""ty"":""动画"",""y"":2021,""pop"":307396},{""t"":""Re:ゼロから始める異世界生活 3rd season"",""cn"":"""",""ty"":""动画"",""y"":2024,""pop"":195668},{""t"":""Re:ゼロから始める異世界生活 4th season"",""cn"":"""",""ty"":""动画"",""y"":2026,""pop"":139798},{""t"":""Re:ゼロから始める異世界生活 OVAs"",""cn"":"""",""ty"":""动画"",""y"":2018,""pop"":112258}]",无知又无能且无力又无谋，在各方面都有所欠缺的主角。突然被召唤到异世界，在莫名其妙的状况中备受折磨。凭藉无所畏惧的个性及天生的厚脸皮，虽然在逆境中会叫苦示弱，仍然挺身面对残酷的命运。 無知無能にして無力無謀と四拍子欠けた主人公。突如として異世界に召喚され、訳の分からない状況に翻弄される。物怖じしない性質と持ち前の図々しさで、逆境に弱音を吐きつつも過酷な運命に立ち向かっていく。 誕生日は四月一日。誕生花は「カスミソウ」で、花言葉は「清らかな心」です。,15870,15870,25,298,,https://lain.bgm.tv/pic/crt/l/f3/e4/35607_crt_zL7e7.jpg?r=1587941914,https://lain.bgm.tv/r/400/pic/crt/l/f3/e4/35607_crt_zL7e7.jpg?r=1587941914,https://s4.anilist.co/file/anilistcdn/character/medium/b88573-F8yMTK9GhnTA.png|https://s4.anilist.co/file/anilistcdn/character/large/b88573-F8yMTK9GhnTA.png|https://t.vndb.org/ch/06/64206.jpg,,Black Curtained Teen Slim Pale Amber Suit Sports Shoes Deredere Ore,https://anilist.co/character/88573,https://bgm.tv/character/35607,https://vndb.org/c52308,35607
vndb-c15875,vndb,4,1,,天草十三,天草 十三,Amakusa Juuza,,男,,,Galgame,Galgame,うみねこのなく頃に,海猫鸣泣之时,2007,Galgame,"[{""t"":""うみねこのなく頃に"",""cn"":""海猫鸣泣之时"",""ty"":""Galgame"",""y"":2007,""pop"":13833},{""t"":""うみねこのなく頃に散"",""cn"":""海猫鸣泣之时散"",""ty"":""Galgame"",""y"":2009,""pop"":10973},{""t"":""うみねこのなく頃に散"",""cn"":""海猫鸣泣之时散"",""ty"":""Galgame"",""y"":2009,""pop"":10973},{""t"":""ひぐらしのなく頃に解"",""cn"":""寒蝉鸣泣之时 解"",""ty"":""Galgame"",""y"":2004,""pop"":7963},{""t"":""ひぐらしのなく頃に: Console Arcs"",""cn"":"""",""ty"":""Galgame"",""y"":2007,""pop"":408}]","Amakusa Juuza is Ange's bodyguard in the 1998 world, hired by Okonogi to watch over her. After repeatedly violating Eva's strict orders not to speak to her, Eva grew to dislike him and fired him.",13833,0,13833,3,,https://lain.bgm.tv/pic/crt/l/c8/b9/9883_crt_By9ZO.jpg?r=1677397316,https://lain.bgm.tv/r/400/pic/crt/l/c8/b9/9883_crt_By9ZO.jpg?r=1677397316,https://t.vndb.org/ch/21/32121.jpg|https://t.vndb.org/ch/13/113113.jpg,,White Ponytail Long Straight Pale Trousers Hotblooded Black Young-adult Muscular,,https://bgm.tv/character/9883,https://vndb.org/c15875,9883
bgm-bgm16873,vndb,4,1,,铠衣尊人,鎧衣 尊人,Yoroi Mikoto,Gaia / 色代 常美 / Iroyo Tokomi / 鎧衣 美琴,其他,O,,动画|漫画|Galgame,Galgame,マブラヴ,Muv-Luv,2003,Galgame,"[{""t"":""マブラヴ"",""cn"":""Muv-Luv"",""ty"":""Galgame"",""y"":2003,""pop"":11564},{""t"":""マブラヴ　オルタネイティヴ"",""cn"":""Muv-Luv Alternative"",""ty"":""Galgame"",""y"":2006,""pop"":11333},{""t"":""マブラヴ ALTERED FABLE"",""cn"":""Muv-Luv ALTERED FABLE"",""ty"":""Galgame"",""y"":2007,""pop"":874},{""t"":""マブラヴ サプリメント"",""cn"":""Muv-Luv supplement"",""ty"":""Galgame"",""y"":2004,""pop"":521},{""t"":""ハルコマニアックス"",""cn"":"""",""ty"":""Galgame"",""y"":2010,""pop"":334},{""t"":""アカネマニアックス～流れ星伝説剛田～"",""cn"":"""",""ty"":""Galgame"",""y"":2002,""pop"":52}]",武のクラスメイト[2]で、ゲーム『バルジャーノン』仲間[5]。マイペースで人の話を聞かない[2]。冒険家の父親に無理矢理拉致され、学校を欠席することが多い[2]。基本的には心優しい美少年。 女子だけでなく男子からの人気も高い。日本文化に異様な程詳しい。 大きめの学生服を着用している。白陵柊には2年生の時に転入してきた。,11564,0,11564,28,,https://lain.bgm.tv/pic/crt/l/7f/f5/16873_crt_96kB6.jpg,https://lain.bgm.tv/r/400/pic/crt/l/7f/f5/16873_crt_96kB6.jpg,https://lain.bgm.tv/r/400/pic/crt/l/12/49/182010_crt_IpXSI.jpg|https://lain.bgm.tv/pic/crt/l/12/49/182010_crt_IpXSI.jpg|https://t.vndb.org/ch/65/165.jpg|https://t.vndb.org/ch/66/166.jpg|https://t.vndb.org/ch/06/306.jpg|https://t.vndb.org/ch/07/307.jpg,,Blue Antenna Curtained Short Straight Brown Teen Slim Pale Trousers,,https://bgm.tv/character/182010,https://vndb.org/c134,182010
vndb-c15880,vndb,4,1,,,八城 幾子,Hachijou Ikuko,Hachijou Tohya / Hachijou Tooya / 伊藤幾九郎０５７６ / Itou Ikukurou Zerogonanaroku,女,O,,Galgame,Galgame,うみねこのなく頃に散,海猫鸣泣之时散,2009,Galgame,,Hachijou Ikuko is the mystery novelist who fabricated stories about the Rokkenjima murders along with her partner Hachijou Tooya.,10973,0,10973,0,,https://t.vndb.org/ch/70/32170.jpg,https://t.vndb.org/ch/70/32170.jpg,,#9d8d73 #d6c8a9 #43373a #faf2da #e9e7e5 #ffffff,Violet Hime Cut Long Straight Slim Pale Violet Young-adult Coat Secretive,,,https://vndb.org/c15880,
vndb-c4874,vndb,4,1,,阿酱前辈,天野 洙浬,Amano Akari,あーちゃん先輩 / A-chan Senpai,女,,,Galgame,Galgame,リトルバスターズ！,Little Busters!,2007,Galgame,"[{""t"":""リトルバスターズ！"",""cn"":""Little Busters!"",""ty"":""Galgame"",""y"":2007,""pop"":9276},{""t"":""クドわふたー"",""cn"":""库特wafter"",""ty"":""Galgame"",""y"":2010,""pop"":370}]",女生宿舍的宿舍长。,9276,0,9276,22,,https://lain.bgm.tv/pic/crt/l/cd/ec/54491_crt_3Dt8A.jpg,https://lain.bgm.tv/r/400/pic/crt/l/cd/ec/54491_crt_3Dt8A.jpg,https://t.vndb.org/ch/53/37053.jpg,,Red Waist Length+ Wavy Teen Slim Pale School Uniform Hard Worker Cooking Blue,,https://bgm.tv/character/54491,https://vndb.org/c4874,54491
al724,anilist,4,1,,乌索普,ウソップ,Usopp,Long-Nose / Usohachi / Usoland / Sogeking,男,S,17-,动画|漫画,动画,ONE PIECE,航海王,1999,动画,"[{""t"":""ONE PIECE"",""cn"":""航海王"",""ty"":""动画"",""y"":1999,""pop"":750384},{""t"":""ONE PIECE"",""cn"":""航海王"",""ty"":""漫画"",""y"":1997,""pop"":232766},{""t"":""ONE PIECE FILM RED"",""cn"":""航海王：红发歌姬"",""ty"":""动画"",""y"":2022,""pop"":78378},{""t"":""ONE PIECE FILM Z"",""cn"":""航海王：Z"",""ty"":""动画"",""y"":2012,""pop"":64412},{""t"":""ONE PIECE STAMPEDE"",""cn"":""航海王：狂热行动"",""ty"":""动画"",""y"":2019,""pop"":62019},{""t"":""ONE PIECE FAN LETTER"",""cn"":""航海王：粉丝来信"",""ty"":""动画"",""y"":2024,""pop"":58152}]",草帽海贼团狙击手，被称作“GOD·乌索普”，悬赏2亿贝里。司法岛事件中曾以“狙击王”的身份被悬赏3000万贝里。 乌索普小时候是出名的吹牛大王，和村里的几个孩子组成“乌索普海贼团”，自称乌索普船长。发现克洛船长的阴谋后，立志要保护村里的人，和蒙奇·D·路飞并肩作战。梦想是要成为勇敢的海上战士。,6820,6820,0,55,,https://lain.bgm.tv/pic/crt/l/de/60/2362_crt_JGX05.jpg,https://lain.bgm.tv/r/400/pic/crt/l/de/60/2362_crt_JGX05.jpg,https://s4.anilist.co/file/anilistcdn/character/medium/b724-GFGgI9AJQkfy.jpg|https://s4.anilist.co/file/anilistcdn/character/large/b724-GFGgI9AJQkfy.jpg,,,https://anilist.co/character/724,https://bgm.tv/character/2362,,2362
al140856,anilist,4,1,,洁世一,潔世一,Yoichi Isagi,,男,B,16-,动画|漫画|游戏,动画,ブルーロック,蓝色监狱,2022,动画,"[{""t"":""ブルーロック"",""cn"":""蓝色监狱"",""ty"":""动画"",""y"":2022,""pop"":325210},{""t"":""ブルーロック VS. U-20 JAPAN"",""cn"":""蓝色监狱 VS. U-20 日本代表队"",""ty"":""动画"",""y"":2024,""pop"":142268},{""t"":""ブルーロック"",""cn"":""蓝色监狱"",""ty"":""漫画"",""y"":2018,""pop"":124054},{""t"":""ブルーロック -EPISODE 凪-"",""cn"":""蓝色监狱-EPISODE 凪-"",""ty"":""动画"",""y"":2024,""pop"":50833},{""t"":""ブルーロック ネオ・エゴイストリーグ"",""cn"":""蓝色监狱 新英雄大战"",""ty"":""动画"",""y"":"""",""pop"":15432},{""t"":""ブルーロック-EPISODE 凪-"",""cn"":""蓝色监狱-EPISODE 凪-"",""ty"":""漫画"",""y"":2022,""pop"":9604}]",無名の高校生FW。いつか日本代表のエースストライカーになり、W杯で優勝するのが夢。県大会決勝でゴール前のチャンスでありながらパスを出した選択を悔いている。夢を叶えるため、そして人生を変えるために“ブルーロック”プロジェクトに参加する。,6160,6160,0,29,,https://lain.bgm.tv/pic/crt/l/d6/87/99541_crt_wmjAm.jpg,https://lain.bgm.tv/r/400/pic/crt/l/d6/87/99541_crt_wmjAm.jpg,https://s4.anilist.co/file/anilistcdn/character/medium/b140856-wVzKSyvU7R5B.png|https://s4.anilist.co/file/anilistcdn/character/large/b140856-wVzKSyvU7R5B.png,,,https://anilist.co/character/140856,https://bgm.tv/character/99541,,99541
al127445,anilist,4,1,2000,浅雾幻,あさぎりゲン,Gen Asagiri,浅霧幻,男,B,19-,动画|漫画,动画,Dr.STONE,石纪元,2019,动画,"[{""t"":""Dr.STONE"",""cn"":""石纪元"",""ty"":""动画"",""y"":2019,""pop"":554680},{""t"":""Dr.STONE STONE WARS"",""cn"":""石纪元 石之战争"",""ty"":""动画"",""y"":2021,""pop"":335280},{""t"":""Dr.STONE NEW WORLD"",""cn"":""石纪元 新世界"",""ty"":""动画"",""y"":2023,""pop"":201922},{""t"":""Dr.STONE NEW WORLD 第2クール"",""cn"":""石纪元 新世界 第2部分"",""ty"":""动画"",""y"":2023,""pop"":138943},{""t"":""Dr.STONE 龍水"",""cn"":""石纪元 龙水"",""ty"":""动画"",""y"":2022,""pop"":123272},{""t"":""Dr.STONE SCIENCE FUTURE"",""cn"":""石纪元 科学与未来"",""ty"":""动画"",""y"":2025,""pop"":115924}]",19岁（石化前），魔术师，擅长操控人心，因此被司以优先序列复活，后被司派去打听千空的下落。性格上以自身利益为优先，只追随胜利的一方。,5578,5578,0,44,,https://lain.bgm.tv/pic/crt/l/c8/ee/70597_crt_rxsx2.jpg?r=1566020439,https://lain.bgm.tv/r/400/pic/crt/l/c8/ee/70597_crt_rxsx2.jpg?r=1566020439,https://s4.anilist.co/file/anilistcdn/character/medium/b127445-oUCyS7Tl8l5D.png|https://s4.anilist.co/file/anilistcdn/character/large/b127445-oUCyS7Tl8l5D.png,,,https://anilist.co/character/127445,https://bgm.tv/character/70597,,70597
al124696,anilist,4,1,,长瀞早濑,長瀞早瀬,Hayase Nagatoro,Hayacchi / Toro-chan / 长瀞同学,女,,15-16,动画|漫画,动画,イジらないで、長瀞さん,不要欺负我，长瀞同学,2021,动画,"[{""t"":""イジらないで、長瀞さん"",""cn"":""不要欺负我，长瀞同学"",""ty"":""动画"",""y"":2021,""pop"":267811},{""t"":""イジらないで、長瀞さん 2nd Attack"",""cn"":""不要欺负我，长瀞同学 二次攻击"",""ty"":""动画"",""y"":2023,""pop"":102565},{""t"":""イジらないで、長瀞さん"",""cn"":""不要欺负我，长瀞同学"",""ty"":""漫画"",""y"":2017,""pop"":75701},{""t"":""長瀞さんを、イジりたいっ！！"",""cn"":"""",""ty"":""漫画"",""y"":2018,""pop"":2304},{""t"":""イジらないで、長瀞さん 2nd Attack ミニアニメ"",""cn"":"""",""ty"":""动画"",""y"":2023,""pop"":2013},{""t"":""イジらないで、長瀞さん x 手品先輩"",""cn"":"""",""ty"":""漫画"",""y"":2020,""pop"":1637}]",长瀞同学喜欢与前辈待在一起，并以取笑前辈为乐，表面上看起来长瀞同学只是想欺负前辈，但实际上二位的关系远远不止是这样。在早期的网络漫画时期，长瀞的姓氏是早濑，但是她似乎并不喜欢别人叫她早濑亲。 神出鬼没の高校1年生。C組に所属している。 ある日の図書室でセンパイに出会って以来、いつもセンパイのことをイジってる。 運動神経抜群で主に水泳部の助っ人を務めているらしいが、陸上部にも出入りしている模様。 肝心のメインの活動は不明。長瀞フレンズと一緒にいることが多い。,5375,5375,0,110,,https://lain.bgm.tv/pic/crt/l/73/96/74475_crt_tcMGR.jpg?r=1605288221,https://lain.bgm.tv/r/400/pic/crt/l/73/96/74475_crt_tcMGR.jpg?r=1605288221,https://s4.anilist.co/file/anilistcdn/character/medium/b124696-du2Kszxelh1S.png|https://s4.anilist.co/file/anilistcdn/character/large/b124696-du2Kszxelh1S.png,,,https://anilist.co/character/124696,https://bgm.tv/character/74475,,74475
vndb-c5872,vndb,4,1,,,ヒューム・ヘルシング,Hume Hellsing,Hyumu Hellsing / Mr. Hyumu / ヒュームさん,男,B,,Galgame,Galgame,真剣で私に恋しなさい！S,认真和我恋爱！S,2012,Galgame,"[{""t"":""真剣で私に恋しなさい！S"",""cn"":""认真和我恋爱！S"",""ty"":""Galgame"",""y"":2012,""pop"":5025},{""t"":""真剣で私に恋しなさい！A-1"",""cn"":"""",""ty"":""Galgame"",""y"":2013,""pop"":2470},{""t"":""真剣で私に恋しなさい！A-2"",""cn"":"""",""ty"":""Galgame"",""y"":2013,""pop"":2188},{""t"":""真剣で私に恋しなさい！A-3"",""cn"":"""",""ty"":""Galgame"",""y"":2014,""pop"":1374},{""t"":""真剣で私に恋しなさい！A-4"",""cn"":"""",""ty"":""Galgame"",""y"":2014,""pop"":1023},{""t"":""真剣で私に恋しなさい！A-5"",""cn"":"""",""ty"":""Galgame"",""y"":2016,""pop"":791}]",眼光鋭く威圧感を放ち、出会う連中ことごとく 「俺から見れば赤子のような存在だ」 と言い放つ不良老人。 1000人いる九鬼家従者部隊のナンバーゼロで、能力は戦闘に特化しており揚羽に拳法を教えたのも彼。 プライドが高く負けず嫌いで、鉄心とはライバルだった。 現在、若手が台頭してきた九鬼家従者部隊の現状を 「あの赤ん坊どもに任せられるか…」 と憂いている。 標本集めが趣味で、なんでも標本にしてしまいたい性癖を持ち、標本コレクションについて嬉々として語る。,5025,0,5025,4,,https://lain.bgm.tv/pic/crt/l/c9/e7/30080_crt_ehrzJ.jpg,https://lain.bgm.tv/r/400/pic/crt/l/c9/e7/30080_crt_ehrzJ.jpg,https://t.vndb.org/ch/03/6003.jpg,,Blond Curtained Shoulder-length Straight Moustache Pale Trousers Dress Shoes Proactive Amber,,https://bgm.tv/character/30080,https://vndb.org/c5872,30080
vndb-c9891,vndb,4,1,,,マープル,Marple,Hoshi no Toshokan / Library of Stars / Miss Marple / ミス・マープル,女,B,,Galgame,Galgame,真剣で私に恋しなさい！S,认真和我恋爱！S,2012,Galgame,"[{""t"":""真剣で私に恋しなさい！S"",""cn"":""认真和我恋爱！S"",""ty"":""Galgame"",""y"":2012,""pop"":5025},{""t"":""真剣で私に恋しなさい！A-1"",""cn"":"""",""ty"":""Galgame"",""y"":2013,""pop"":2470},{""t"":""真剣で私に恋しなさい！A-2"",""cn"":"""",""ty"":""Galgame"",""y"":2013,""pop"":2188},{""t"":""真剣で私に恋しなさい！A-5"",""cn"":"""",""ty"":""Galgame"",""y"":2016,""pop"":791}]",Marple is a veteran servant of the Kuki family. She is ranked #2 between the maids and butlers of the Kuki group.,5025,0,5025,0,,https://t.vndb.org/ch/16/10816.jpg,https://t.vndb.org/ch/16/10816.jpg,,#2d282b #908b92 #bdbac3 #e1dbe2 #ffffff,Bun Waist Length+ Wavy Slim Pale Blue Young-adult Old Dress Hat,,,https://vndb.org/c9891,
vndb-c9947,vndb,4,1,,龙造寺隆正,龍造寺 隆正,Ryuuzouji Takamasa,Host / ホスト,男,AB,,Galgame,Galgame,真剣で私に恋しなさい！S,认真和我恋爱！S,2012,Galgame,"[{""t"":""真剣で私に恋しなさい！S"",""cn"":""认真和我恋爱！S"",""ty"":""Galgame"",""y"":2012,""pop"":5025},{""t"":""真剣で私に恋しなさい！A-3"",""cn"":"""",""ty"":""Galgame"",""y"":2014,""pop"":1374},{""t"":""真剣で私に恋しなさい！A-4"",""cn"":"""",""ty"":""Galgame"",""y"":2014,""pop"":1023}]",十勇士最高のイケメンで、人気ユニット・エグゾエルのメンバー。 暇さえあれば、女を口説いている。それがハンサムに生まれた者の美学として考えている。 毛利とは喧嘩仲間。 十勇士の広告塔的な存在。 雪広アナウンサーと朝のニュース番組も持っている。 「俺はエイプリルフールに生まれたが君への愛は嘘じゃない」,5025,0,5025,2,,https://lain.bgm.tv/pic/crt/l/00/0a/30107_crt_Vo6bG.jpg,https://lain.bgm.tv/r/400/pic/crt/l/00/0a/30107_crt_Vo6bG.jpg,https://t.vndb.org/ch/71/10871.jpg,,Blond Curtained Shoulder-length Straight Teen Slim Pale School Uniform Trousers Dress Shoes,,https://bgm.tv/character/30107,https://vndb.org/c9947,30107
al151486,anilist,4,1,,威廉·詹姆斯·莫里亚蒂,ウィリアム・ジェームズ・モリアーティ,William Moriarty,Will / Liam / Will-bo / Little Will,男,,24-27,动画|漫画|轻小说,动画,憂国のモリアーティ,忧国的莫里亚蒂,2020,动画,"[{""t"":""憂国のモリアーティ"",""cn"":""忧国的莫里亚蒂"",""ty"":""动画"",""y"":2020,""pop"":156963},{""t"":""憂国のモリアーティ2クール"",""cn"":"""",""ty"":""动画"",""y"":2021,""pop"":84942},{""t"":""憂国のモリアーティ"",""cn"":""忧国的莫里亚蒂"",""ty"":""漫画"",""y"":2016,""pop"":22396},{""t"":""憂国のモリアーティ OVA"",""cn"":"""",""ty"":""动画"",""y"":2022,""pop"":17956},{""t"":""憂国の モリアーティ -The Remains-"",""cn"":"""",""ty"":""漫画"",""y"":2023,""pop"":1057},{""t"":""憂国のモリアーティ 禁じられた遊び"",""cn"":"""",""ty"":""轻小说"",""y"":2019,""pop"":585}]",モリアーティ家の次男。 幼いころから博学で、現在は数学教授と私立相談役を兼業している。 さらに、腐敗した階級制度を打ち砕くため「犯罪相談役」という裏の顔を持つ。,4957,4957,0,28,,https://lain.bgm.tv/pic/crt/l/c7/cf/79656_crt_JqZbu.jpg?r=1597365032,https://lain.bgm.tv/r/400/pic/crt/l/c7/cf/79656_crt_JqZbu.jpg?r=1597365032,https://s4.anilist.co/file/anilistcdn/character/medium/b151486-rAFZZZm0Byu0.png|https://s4.anilist.co/file/anilistcdn/character/large/b151486-rAFZZZm0Byu0.png,,,https://anilist.co/character/151486,https://bgm.tv/character/79656,,79656
al310,anilist,4,1,,樱木花道,桜木花道,Hanamichi Sakuragi,Tensai Baskettoman / The Rebound King / Basket Genius,男,,,动画|漫画,漫画,SLAM DUNK,灌篮高手,1990,漫画,"[{""t"":""SLAM DUNK"",""cn"":""灌篮高手"",""ty"":""漫画"",""y"":1990,""pop"":74216},{""t"":""SLAM DUNK"",""cn"":""灌篮高手"",""ty"":""动画"",""y"":1993,""pop"":73453},{""t"":""THE FIRST SLAM DUNK"",""cn"":""灌篮高手"",""ty"":""动画"",""y"":2022,""pop"":32364},{""t"":""SLAM DUNK (Movie)"",""cn"":"""",""ty"":""动画"",""y"":1994,""pop"":6066},{""t"":""SLAM DUNK 湘北最大の危機! 燃えろ桜木花道"",""cn"":"""",""ty"":""动画"",""y"":1995,""pop"":4845},{""t"":""SLAM DUNK 吠えろバスケットマン魂! 花道と流川の熱き夏"",""cn"":"""",""ty"":""动画"",""y"":1995,""pop"":4701}]",樱木花道是日本漫画及动画《灌篮高手》中的主角，湘北高中篮球队的球员，拥有惊人的体能特质，经常以天才自称。 球技进步后取代木暮公延成为经常先发五人之一，在队中的位置是大前锋。,4759,4759,0,158,,https://lain.bgm.tv/pic/crt/l/92/97/16237_crt_NbC37.jpg,https://lain.bgm.tv/r/400/pic/crt/l/92/97/16237_crt_NbC37.jpg,https://s4.anilist.co/file/anilistcdn/character/medium/b310-3GLKM2I3EiRf.png|https://s4.anilist.co/file/anilistcdn/character/large/b310-3GLKM2I3EiRf.png,,,https://anilist.co/character/310,https://bgm.tv/character/16237,,16237
bgm-bgm428,vndb,4,1,,加藤乙女,加藤 乙女,Katou Otome,,女,AB,,动画|Galgame,Galgame,School Days,日在校园,2005,Galgame,"[{""t"":""School Days"",""cn"":""日在校园"",""ty"":""Galgame"",""y"":2005,""pop"":4687},{""t"":""Shiny Days"",""cn"":""日了就闪"",""ty"":""Galgame"",""y"":2012,""pop"":1048},{""t"":""Summer Days"",""cn"":""日在盛夏"",""ty"":""Galgame"",""y"":2006,""pop"":229},{""t"":""Cross Days"",""cn"":""日在交叉"",""ty"":""Galgame"",""y"":2010,""pop"":179},{""t"":""Island Days"",""cn"":"""",""ty"":""Galgame"",""y"":2014,""pop"":27},{""t"":""School Days"",""cn"":""日在校园"",""ty"":""Galgame"",""y"":2005,""pop"":0}]",榊野学园1年4班，与诚是中学时代的友人，与七海同是参加女子篮球社的女孩，也是4班女生中的领头人，欺负言叶的女生圈子里的老大。,4687,0,4687,32,,https://lain.bgm.tv/pic/crt/l/a9/00/428_crt_sCfgq.jpg?r=1459667018,https://lain.bgm.tv/r/400/pic/crt/l/a9/00/428_crt_sCfgq.jpg?r=1459667018,https://t.vndb.org/ch/85/7885.jpg,,Brown Ponytail Long Straight Teen Slim Pale School Uniform Missionary Doggy Style,,https://bgm.tv/character/428,https://vndb.org/c1603,428
al2671,anilist,4,1,,,木之本さくら,Sakura Kinomoto,Sakura Avalon / Master of the Clow / Sakura Gauthier,女,A,10-12,动画|漫画,动画,カードキャプターさくら,魔卡少女樱,1998,动画,"[{""t"":""カードキャプターさくら"",""cn"":""魔卡少女樱"",""ty"":""动画"",""y"":1998,""pop"":103089},{""t"":""カードキャプターさくら クリアカード編"",""cn"":""魔卡少女樱 透明牌篇"",""ty"":""动画"",""y"":2018,""pop"":33146},{""t"":""劇場版 カードキャプターさくら 封印されたカード"",""cn"":""魔卡少女樱 被封印的卡片"",""ty"":""动画"",""y"":2000,""pop"":25280},{""t"":""劇場版 カードキャプターさくら"",""cn"":""魔卡少女樱 香港之旅"",""ty"":""动画"",""y"":1999,""pop"":21807},{""t"":""カードキャプターさくら"",""cn"":""魔卡少女樱"",""ty"":""漫画"",""y"":1996,""pop"":19417},{""t"":""ツバサ -RESERVoir CHRoNiCLE-"",""cn"":""翼·年代记"",""ty"":""漫画"",""y"":2003,""pop"":18188}]",": 4th - 6th : 138 cm - 143 cm : [Fujitaka Kinomoto](//anilist.co/character/3614/Fujitaka-Kinomoto) (Father), [Nadeshiko Kinomoto](//anilist.co/character/3615/Nadeshiko-Kinomoto) (Mother), [Touya Kinomoto](//anilist.co/character/3076/Touya-K…",4281,4281,0,0,,https://s4.anilist.co/file/anilistcdn/character/large/2671-DflaemZz0xJo.png,https://s4.anilist.co/file/anilistcdn/character/medium/2671-DflaemZz0xJo.png,,,,https://anilist.co/character/2671,,,
bgm-bgm91200,vndb,4,1,,黑崎健介,黒崎 健介,Kurosaki Kensuke,,男,B,,游戏|Galgame,Galgame,コープスパーティー ブラッドカバー,尸体派对 血色笼罩,2006,Galgame,"[{""t"":""コープスパーティー ブラッドカバー"",""cn"":""尸体派对 血色笼罩"",""ty"":""Galgame"",""y"":2006,""pop"":3556},{""t"":""コープスパーティー ブックオブシャドウズ"",""cn"":"""",""ty"":""Galgame"",""y"":2011,""pop"":1540},{""t"":""コープスパーティー BLOOD DRIVE"",""cn"":""尸体派对 驭血"",""ty"":""Galgame"",""y"":2014,""pop"":682},{""t"":""コープスパーティー -THE ANTHOLOGY- サチコの恋愛遊戯♥Hysteric Birthday 2U"",""cn"":""尸体派对 文选集 幸子的恋爱游戏 竭斯底里生日2U"",""ty"":""Galgame"",""y"":2012,""pop"":303},{""t"":""コープスパーティー ブラッドカバー リピーティッドフィアー"",""cn"":""尸体派对 血色笼罩 无止境的恐惧"",""ty"":""Galgame"",""y"":2010,""pop"":0},{""t"":""コープスパーティー Book of Shadows"",""cn"":""尸体派对 影之书"",""ty"":""Galgame"",""y"":2011,""pop"":0}]",16岁，白檀高等学校二年四组的男学生，刻命裕也的青梅竹马,3556,0,3556,0,,https://lain.bgm.tv/pic/crt/l/3f/81/91200_crt_iMBE9.jpg,https://lain.bgm.tv/r/400/pic/crt/l/3f/81/91200_crt_iMBE9.jpg,https://t.vndb.org/ch/49/18249.jpg|https://t.vndb.org/ch/63/56063.jpg,,Blue Violet Short Teen Slim Pale School Uniform Trousers Hard Worker Violet,,https://bgm.tv/character/91200,https://vndb.org/c11263,91200
al68583,anilist,4,1,2092,常守朱,常守朱,Akane Tsunemori,Lemonade Candy / Shepherd 2 / シェパード2,女,A,19-22,动画|漫画|Galgame,动画,PSYCHO-PASS サイコパス,心理测量者,2012,动画,"[{""t"":""PSYCHO-PASS サイコパス"",""cn"":""心理测量者"",""ty"":""动画"",""y"":2012,""pop"":356404},{""t"":""PSYCHO-PASS サイコパス2"",""cn"":""心理测量者2"",""ty"":""动画"",""y"":2014,""pop"":139043},{""t"":""PSYCHO-PASS サイコパス3"",""cn"":""心理测量者3"",""ty"":""动画"",""y"":2019,""pop"":73593},{""t"":""劇場版 PSYCHO-PASS サイコパス"",""cn"":""剧场版 心理测量者"",""ty"":""动画"",""y"":2015,""pop"":66996},{""t"":""PSYCHO-PASS サイコパス Sinners of the System Case.1 - 罪と罰"",""cn"":""心理测量者 Sinners of the System Case.1 罪与罚"",""ty"":""动画"",""y"":2019,""pop"":35663},{""t"":""PSYCHO-PASS サイコパス 3 FIRST INSPECTOR"",""cn"":"""",""ty"":""动画"",""y"":2020,""pop"":32782}]",The main female protagonist and the newly assigned Inspector of Unit 1. Considered a model citizen due to her ever calm demeanor and for passing the exams with the highest score for employment on several public sectors and private corporati…,3153,3153,259,458,,https://lain.bgm.tv/pic/crt/l/2b/61/16934_crt_ZdKud.jpg?r=1573978996,https://lain.bgm.tv/r/400/pic/crt/l/2b/61/16934_crt_ZdKud.jpg?r=1573978996,https://s4.anilist.co/file/anilistcdn/character/medium/b68583-sEP2wyE2Tk7a.png|https://s4.anilist.co/file/anilistcdn/character/large/b68583-sEP2wyE2Tk7a.png|https://t.vndb.org/ch/67/79667.jpg,,Brown Straight Brown Slim Pale Young-adult Police Relaxed Smart Serious,https://anilist.co/character/68583,https://bgm.tv/character/16934,https://vndb.org/c66252,16934
al83801,anilist,4,1,,金,キング,King,Grizzly's Sin of Sloth / King of Fairies / Fairy King Harlequin / Fatty,男,AB,,动画|漫画|游戏,动画,七つの大罪,七大罪,2014,动画,"[{""t"":""七つの大罪"",""cn"":""七大罪"",""ty"":""动画"",""y"":2014,""pop"":529134},{""t"":""七つの大罪 戒めの復活"",""cn"":""七大罪 戒律的复活"",""ty"":""动画"",""y"":2018,""pop"":286406},{""t"":""七つの大罪 神々の逆鱗"",""cn"":""七大罪 诸神的逆鳞"",""ty"":""动画"",""y"":2019,""pop"":202771},{""t"":""七つの大罪 聖戦の予兆"",""cn"":""七大罪 圣战的预兆"",""ty"":""动画"",""y"":2016,""pop"":171917},{""t"":""七つの大罪 憤怒の審判"",""cn"":""七大罪 愤怒的审判"",""ty"":""动画"",""y"":2021,""pop"":139330},{""t"":""劇場版 七つの大罪 天空の囚われ人"",""cn"":""剧场版 七大罪 天空的囚人"",""ty"":""动画"",""y"":2018,""pop"":89979}]",「怠惰の罪（グリズリー・シン）(Grizzly's Sin)のキング」。印となる獣は熊。刺青の位置は左の脹脛。 棕发金眸的娃娃脸少年，身上有着金桂的花香，真正身份是千岁以上有着绝大魔力的妖精族之王『哈勒昆』。伊莱恩的哥哥。通缉令上的肥胖大叔姿态是妖精族特有的变身能力，少年姿态才是真面目。于『死者之都』归团，后被任命为猪帽子亭的采购员。 对敌时冷静傲慢，但温柔纯情，非常喜欢黛安。喜欢睡懒觉，常抱着抱枕漂浮在空中。紧张和兴奋时会变成大叔姿态。,2387,2387,0,22,,https://lain.bgm.tv/pic/crt/l/3b/8d/26570_crt_74u4j.jpg,https://lain.bgm.tv/r/400/pic/crt/l/3b/8d/26570_crt_74u4j.jpg,https://lain.bgm.tv/r/400/pic/crt/l/ee/ad/105290_crt_zXfRy.jpg|https://lain.bgm.tv/pic/crt/l/ee/ad/105290_crt_zXfRy.jpg|https://lain.bgm.tv/r/400/pic/crt/l/2f/e1/219498_crt_Fzu8D.jpg|https://lain.bgm.tv/pic/crt/l/2f/e1/219498_crt_Fzu8D.jpg|https://s4.anilist.co/file/anilistcdn/character/medium/b83801-52RnDXQDZ1I7.png|https://s4.anilist.co/file/anilistcdn/character/large/b83801-52RnDXQDZ1I7.png,,,https://anilist.co/character/83801,https://bgm.tv/character/26570,,26570
al230204,anilist,4,1,,樱遥,桜遥,Haruka Sakura,Othello-kun,男,AB,15-,动画|漫画,动画,WIND BREAKER,防风少年,2024,动画,"[{""t"":""WIND BREAKER"",""cn"":""防风少年"",""ty"":""动画"",""y"":2024,""pop"":190806},{""t"":""WIND BREAKER Season 2"",""cn"":""防风少年 第二季"",""ty"":""动画"",""y"":2025,""pop"":100348},{""t"":""WIND BREAKER"",""cn"":""防风少年"",""ty"":""漫画"",""y"":2021,""pop"":21753},{""t"":""WIND BREAKER"",""cn"":""防风少年"",""ty"":""动画"",""y"":2024,""pop"":0},{""t"":""WIND BREAKER Season 2"",""cn"":""防风少年 第二季"",""ty"":""动画"",""y"":2025,""pop"":0},{""t"":""WIND BREAKER"",""cn"":""防风少年"",""ty"":""漫画"",""y"":2021,""pop"":0}]",風鈴高校1年1組。 好きなものは、強いヤツ。 ケンカで「てっぺん」を獲るため、街の“外”から風鈴高校にやってきた。 その風貌から、他者に拒絶され“ヒトリ”でいることが当たり前だった。 自分は「ケンカしか取り柄のないド底辺の嫌われ者」であり、 勝ち上がることで自分の価値を感じられると思っている。,2342,2342,0,28,,https://lain.bgm.tv/pic/crt/l/d7/fc/127324_crt_Q9rDr.jpg?r=1709652440,https://lain.bgm.tv/r/400/pic/crt/l/d7/fc/127324_crt_Q9rDr.jpg?r=1709652440,https://s4.anilist.co/file/anilistcdn/character/medium/b230204-cNRNjAj1FP4j.png|https://s4.anilist.co/file/anilistcdn/character/large/b230204-cNRNjAj1FP4j.png,,,https://anilist.co/character/230204,https://bgm.tv/character/127324,,127324
al180901,anilist,4,1,1993,韩秀英,한수영,Su-Yeong Han,Han Soo-Young / 韓秀英,女,,26,动画|漫画,漫画,전지적 독자 시점,全知读者视角,2020,漫画,"[{""t"":""전지적 독자 시점"",""cn"":""全知读者视角"",""ty"":""漫画"",""y"":2020,""pop"":131445},{""t"":""全知的な読者の視点から"",""cn"":"""",""ty"":""动画"",""y"":2027,""pop"":27691},{""t"":""전지적 독자 시점"",""cn"":""全知读者视角"",""ty"":""漫画"",""y"":2022,""pop"":0},{""t"":""전지적 독자 시점"",""cn"":""全知读者视角"",""ty"":""漫画"",""y"":2020,""pop"":0}]",熱門網路小說《SSSSS級無限回歸者》的作者，因為內容與《滅活法》過於雷同而被金獨子指控抄襲，但韓秀英否認且聲稱小說靈感源於自己做的夢。 王位爭奪戰結束後開始與金獨子一行人行動。,2325,2325,0,3,,https://lain.bgm.tv/pic/crt/l/80/9a/104723_crt_KJK99.jpg?r=1642652906,https://lain.bgm.tv/r/400/pic/crt/l/80/9a/104723_crt_KJK99.jpg?r=1642652906,https://s4.anilist.co/file/anilistcdn/character/medium/b180901-vEAE20MjhHA0.png|https://s4.anilist.co/file/anilistcdn/character/large/b180901-vEAE20MjhHA0.png,,,https://anilist.co/character/180901,https://bgm.tv/character/104723,,104723
al126825,anilist,4,1,,长名驯染,長名なじみ,Najimi Osana,长名娜吉美,,,,动画|漫画,动画,古見さんは、コミュ症です。,古见同学有交流障碍症,2021,动画,"[{""t"":""古見さんは、コミュ症です。"",""cn"":""古见同学有交流障碍症"",""ty"":""动画"",""y"":2021,""pop"":320892},{""t"":""古見さんは、コミュ症です。2"",""cn"":"""",""ty"":""动画"",""y"":2022,""pop"":167785},{""t"":""古見さんは、コミュ症です。"",""cn"":""古见同学有交流障碍症"",""ty"":""漫画"",""y"":2016,""pop"":106886},{""t"":""古見さんは、コミュ症です。2期"",""cn"":""古见同学有交流障碍症 第二季"",""ty"":""动画"",""y"":2022,""pop"":0},{""t"":""古見さんは、コミュ症です。"",""cn"":""古见同学有交流障碍症"",""ty"":""动画"",""y"":2021,""pop"":0},{""t"":""古見さんは、コミュ症です。"",""cn"":""古见同学有交流障碍症"",""ty"":""漫画"",""y"":2016,""pop"":0}]",学级副委员长，跟人自来熟，有极强大的交流能力。有办法跟人说上两三分钟的话就成为朋友，而且一辈子都不会忘记对方。是只野仁人在中学时的同班同学，中学时有一半的学生是她的“青梅竹马”。只野仁人对其形容为“性别不明、经常说谎、言行不一致”。因中学时长名驯染都穿着男学生制服，所以只野仁人一直以为长名驯染是男的。,2256,2256,0,53,,https://lain.bgm.tv/pic/crt/l/79/4d/62968_crt_pjh4T.jpg?r=1675259610,https://lain.bgm.tv/r/400/pic/crt/l/79/4d/62968_crt_pjh4T.jpg?r=1675259610,https://s4.anilist.co/file/anilistcdn/character/medium/b126825-J4GTiz4OHDa5.png|https://s4.anilist.co/file/anilistcdn/character/large/b126825-J4GTiz4OHDa5.png,,,https://anilist.co/character/126825,https://bgm.tv/character/62968,,62968
vndb-c84396,vndb,4,1,,秋野水引,秋野 水引,Akino Mizuhiki,,其他,AB,,Galgame,Galgame,抜きゲーみたいな島に住んでる貧乳はどうすりゃいいですか？ 2,,2019,Galgame,,SHOによって無理やり選ばれた一般生徒代表「SHO特別監査役」。SSが好き勝手やらないように見張っている仕事だが、本人は引っ込み思案であるため、あまり仕事に向いておらず暴走する凛に四苦八苦している。 お淑やかな人柄だが、イチモッに似た形のサボテンを愛でたりしている。結局は青藍島の人間。 「変態……っ」 [mask]“全新的卡片——测试版的许可证。 空白栏处，写着小巧且低调—— 但非常清晰的文字。 被圈起来的'女性'二字。 这就是她所选择的道路。”[/mask],1604,0,1604,23,,https://lain.bgm.tv/pic/crt/l/88/47/123986_crt_QIgyf.jpg,https://lain.bgm.tv/r/400/pic/crt/l/88/47/123986_crt_QIgyf.jpg,https://t.vndb.org/ch/40/102740.jpg,,Blue Ponytail Long Straight Teen Slim Pale Villain Amber Glasses,,https://bgm.tv/character/123986,https://vndb.org/c84396,123986
al165617,anilist,4,1,,,류현,Hyun Ryu,Zen / Zenny / Zen,男,B,24,漫画|Galgame,漫画,수상한 메신저의 초대,,2020,漫画,"[{""t"":""수상한 메신저의 초대"",""cn"":"""",""ty"":""漫画"",""y"":2020,""pop"":3965},{""t"":""수상한메신저"",""cn"":""Mystic Messenger 神秘信使"",""ty"":""Galgame"",""y"":2016,""pop"":1296},{""t"":""수상한 메신저"",""cn"":""Mystic Messenger 神秘信使"",""ty"":""Galgame"",""y"":2016,""pop"":0}]",Zen (real name Hyun Ryu) is one of the main characters available through the Casual Story in Mystic Messenger. Zen is a semi-successful actor/dancer/singer.,1296,243,1296,4,,https://lain.bgm.tv/pic/crt/l/a6/2f/64660_crt_1Jm06.jpg?r=1531194288,https://lain.bgm.tv/r/400/pic/crt/l/a6/2f/64660_crt_1Jm06.jpg?r=1531194288,https://s4.anilist.co/file/anilistcdn/character/medium/b165617-53fwYNWdzqUr.jpg|https://s4.anilist.co/file/anilistcdn/character/large/b165617-53fwYNWdzqUr.jpg|https://t.vndb.org/ch/84/63384.jpg,,White Ponytail Waist Length+ Straight Pale Red Young-adult Narcissist Low Self-esteem Drinking,https://anilist.co/character/165617,https://bgm.tv/character/64660,https://vndb.org/c35137,64660
bgm-bgm36815,vndb,4,1,,,辻谷 大和,Tsujitani Yamato,Kuro no Bannin / The Keeper of Secrets / 黒の番人,男,,,Galgame,Galgame,D.S. -Dal Segno-,,2016,Galgame,"[{""t"":""D.S. -Dal Segno-"",""cn"":"""",""ty"":""Galgame"",""y"":2016,""pop"":1255},{""t"":""D.S. i.F. -Dal Segno- in Future"",""cn"":"""",""ty"":""Galgame"",""y"":2017,""pop"":79},{""t"":""D.S. -Dal Segno-"",""cn"":"""",""ty"":""Galgame"",""y"":2016,""pop"":0}]",主人公のクラスメイトで、謎の情報通。 非公式新聞部というよく分からない部活に所属しており、主人公をなぜか親しげに “同志” と呼ぶ。 “初音島のトリックスター” なる人物に心酔しているらしい。 「はっはは、悩め若人よ！ それは必ずお前の糧となる……っと。 今のは似ていただろう？」,1255,0,1255,1,,https://lain.bgm.tv/pic/crt/l/1f/66/36815_crt_5aUGU.jpg,https://lain.bgm.tv/r/400/pic/crt/l/1f/66/36815_crt_5aUGU.jpg,https://t.vndb.org/ch/01/48101.jpg,,Blue Curtained Short Teen Slim Pale School Uniform Proactive Blue Necktie,,https://bgm.tv/character/36815,https://vndb.org/c39892,36815
vndb-c12820,vndb,4,1,,阳之下葵,陽ノ下 葵,Hinomoto Aoi,,女,O,,Galgame,Galgame,D.C.III ～ダ・カーポIII～,初音岛3,2012,Galgame,"[{""t"":""D.C.III ～ダ・カーポIII～"",""cn"":""初音岛3"",""ty"":""Galgame"",""y"":2012,""pop"":1134},{""t"":""D.C.III P.P. ～ダ・カーポIII プラチナパートナー～"",""cn"":"""",""ty"":""Galgame"",""y"":2014,""pop"":106},{""t"":""D.C.III With You ～ダ・カーポIII～ ウィズユー"",""cn"":"""",""ty"":""Galgame"",""y"":2016,""pop"":78},{""t"":""D.C.Ⅲ DreamDays～ダ・カーポⅢ～ドリームデイズ"",""cn"":"""",""ty"":""Galgame"",""y"":2017,""pop"":58}]",好きな食べ物：安くてボリュームのある食べ物 嫌いな食べ物：高くてボリュームのない食べ物 風見学園付属 1年3組、新聞部所属。 いつでも明るく笑顔の絶えない女の子。でも、はしゃぎすぎるとすぐに病気になってしまうほど生まれつき身体が弱かったりする。 そんな体質にも負けずに、いくつものバイトを掛け持ちするなど、勤労少女でもある。 貧血を起こして動けなくなっていたところを清隆に助けられて以来、清隆のことを兄のように慕っている。,1134,0,1134,25,,https://lain.bgm.tv/pic/crt/l/7a/cf/14421_crt_Sjuq0.jpg,https://lain.bgm.tv/r/400/pic/crt/l/7a/cf/14421_crt_Sjuq0.jpg,https://t.vndb.org/ch/16/75216.jpg|https://t.vndb.org/ch/34/15534.jpg,,Brown Short Teen Slim Pale School Uniform Hard Worker Cooking Amber Miniskirt,,https://bgm.tv/character/14421,https://vndb.org/c5314,14421
bgm-bgm87304,vndb,4,1,,明子,大泉 治司,Ooizumi Naoshi,Un,男,B,,Galgame,Galgame,古書店街の橋姫,旧书店街的桥姬,2016,Galgame,"[{""t"":""古書店街の橋姫"",""cn"":""旧书店街的桥姬"",""ty"":""Galgame"",""y"":2016,""pop"":1130},{""t"":""古書店街の橋姫"",""cn"":""旧书店街的桥姬"",""ty"":""Galgame"",""y"":2016,""pop"":0},{""t"":""古書店街の橋姫 々"",""cn"":""旧书店街的桥姬"",""ty"":""Galgame"",""y"":2018,""pop"":0}]",玉森と川瀬が入り浸るカフェの女給。 川瀬の分だけ珈琲を多めに提供するなど、 地道に恋慕している模様。 なぜか玉森の素性に詳しく、浪人生である彼を 嫌味っぽく「文士さん」と呼ぶ。 好きな人の前だと性格が変わるタイプ。 目尻のほくろが誰かに似ている……？,1130,0,1130,4,,https://lain.bgm.tv/pic/crt/l/e5/20/87304_crt_eXvrr.jpg,https://lain.bgm.tv/r/400/pic/crt/l/e5/20/87304_crt_eXvrr.jpg,https://t.vndb.org/ch/06/38006.jpg,,Black Short Straight Teen Slim Pale Black Boku Friendly Son,,https://bgm.tv/character/87304,https://vndb.org/c31754,87304
bgm-bgm109518,vndb,4,1,,米格尔·仓敷,ミゲル 倉敷,Miguel Kurashiki,Shigeru Kurashiki,男,AB,,Galgame,Galgame,ローズガンズデイズ,,2012,Galgame,"[{""t"":""ローズガンズデイズ"",""cn"":"""",""ty"":""Galgame"",""y"":2012,""pop"":1103},{""t"":""ROSE GUNS DAYS The Best"",""cn"":""玫瑰与枪的日子"",""ty"":""Galgame"",""y"":2016,""pop"":0}]",「難しいことはわかんなーい。 ボクはぁ、バカだからね～？ キャハ☆」 とにかくイカれた男だったわね。時に復員軍人たちは、戦場での過酷な体験から性格が破綻することがある。彼はそんな連中の代表格だったかしら。 無邪気さと冷酷さを持った危険な男。女が相手でも一切の容赦がなかったそうよ。 彼がいなければ、アルフレッドは早々に２３番市を支配していたに違いないわ。 当時の２３番市暗黒街で、アルフレッドの次に危険な男を挙げろと言われたら彼しか思いつかないでしょうね。,1103,0,1103,0,,https://lain.bgm.tv/pic/crt/l/11/3b/109518_crt_6Z24T.jpg,https://lain.bgm.tv/r/400/pic/crt/l/11/3b/109518_crt_6Z24T.jpg,https://t.vndb.org/ch/66/46366.jpg,,Villain Fighting Green Kimono Headband Necklace Knife Handgun Insanity Mafia,,https://bgm.tv/character/109518,https://vndb.org/c38368,109518
al235,anilist,4,1,,四月一日君寻,四月一日君尋,Kimihiro Watanuki,,男,,,动画|漫画,动画,XXX ホリック,,2006,动画,"[{""t"":""XXX ホリック"",""cn"":"""",""ty"":""动画"",""y"":2006,""pop"":71256},{""t"":""ツバサ・クロニクル"",""cn"":""翼·年代记"",""ty"":""动画"",""y"":2005,""pop"":37867},{""t"":""こばと。"",""cn"":""小鸠。"",""ty"":""动画"",""y"":2009,""pop"":35019},{""t"":""劇場版 BLOOD-C The Last Dark"",""cn"":"""",""ty"":""动画"",""y"":2012,""pop"":27076},{""t"":""×××ホリック"",""cn"":"""",""ty"":""漫画"",""y"":2003,""pop"":24084},{""t"":""xxxHOLiC◆継"",""cn"":"""",""ty"":""动画"",""y"":2008,""pop"":23751}]",私立十字学园的高中生。有看得见和吸引妖怪的能力，因为那个能力而在另一个世界是名人。雨童女曾说过“其本身的存在就是不可能的”。戴着眼镜。 擅长家事、料理，大部分的事情都会做。生日是和姓一样的4月1日。牡羊座。 四月一日的灵力是来自远祖古羅・里度，而且“根很深”，故此就要在侑子处打工，“直至付出的劳力（代价）跟愿望的价值相等”。而且在打工的日子所经历的事件，有时也会增加四月一日的打工日子，因为四月一日在解决事件时向侑子求助，侑子就增加其打工时间。,992,992,0,214,,https://lain.bgm.tv/pic/crt/l/02/87/1698_crt_AL2He.jpg,https://lain.bgm.tv/r/400/pic/crt/l/02/87/1698_crt_AL2He.jpg,https://s4.anilist.co/file/anilistcdn/character/medium/b235-TUmZb6fdlJmL.png|https://s4.anilist.co/file/anilistcdn/character/large/b235-TUmZb6fdlJmL.png,,,https://anilist.co/character/235,https://bgm.tv/character/1698,,1698
vndb-c45466,vndb,4,1,,,ロットカーマイン,Lotte Carmine,Roy / ロイ,男,,,Galgame,Galgame,BLAZBLUE CALAMITY TRIGGER,苍翼默示录：厄运扳机,2008,Galgame,"[{""t"":""BLAZBLUE CALAMITY TRIGGER"",""cn"":""苍翼默示录：厄运扳机"",""ty"":""Galgame"",""y"":2008,""pop"":969},{""t"":""BLAZBLUE CHRONOPHANTASMA"",""cn"":""苍翼默示录：刻之幻影"",""ty"":""Galgame"",""y"":2013,""pop"":423},{""t"":""BLAZBLUE CENTRALFICTION"",""cn"":""苍翼默示录：神观之梦"",""ty"":""Galgame"",""y"":2016,""pop"":356}]","Arakune when he was still a human and a researcher at Sector Seven. His dialogue between many characters, as well as his Arcade Mode ending, suggest that it was the power and knowledge he obtained from the Boundary that gradually turned him…",969,0,969,0,,https://t.vndb.org/ch/70/54770.jpg,https://t.vndb.org/ch/70/54770.jpg,,#7f7d8a #433e43 #e9e4de #c6c4c2 #f9f8f4 #ffffff,Black Short Slim Pale Hard Worker Cooking Amnesia Young-adult Necktie Shirt,,,https://vndb.org/c45466,
bgm-bgm72433,vndb,4,1,,,光,Hikari,,女,,,Galgame,Galgame,ハーレムキングダム,,2020,Galgame,"[{""t"":""ハーレムキングダム"",""cn"":"""",""ty"":""Galgame"",""y"":2020,""pop"":968},{""t"":""ハーレムじゃないよキングダム 光＆ソフィーヤ＆キキ編"",""cn"":"""",""ty"":""Galgame"",""y"":2020,""pop"":86},{""t"":""ハーレムキングダム"",""cn"":"""",""ty"":""Galgame"",""y"":2020,""pop"":0},{""t"":""ハーレムじゃないよキングダム シャルローネ＆マルー編"",""cn"":""HaremKingdom FD 夏洛妮尔＆玛露 篇"",""ty"":""Galgame"",""y"":2020,""pop"":0},{""t"":""ハーレムじゃないよキングダム 光＆ソフィーヤ＆キキ編"",""cn"":""HaremKingdom FD 光＆索菲娅＆琪琪 篇"",""ty"":""Galgame"",""y"":2020,""pop"":0}]",幼少の頃からずっと主人公の側で生活してきた、腐れ縁系幼馴染み。 主人公とは最初から唯一全力でぶつかり合える存在で、 根は世話焼きで家事も万能。主人公の保護者的ポジションでもある。 普段からファッションや美容関連の知識に強い関心があり、 自分が女であることに良い意味でプライドを持っている。 恋愛面では主人公に対して素直になれないことが多いが、 本人は明確に主人公のことが好きだと最初から自覚している。,968,0,968,46,,https://lain.bgm.tv/pic/crt/l/eb/6c/72433_crt_3G75K.jpg,https://lain.bgm.tv/r/400/pic/crt/l/eb/6c/72433_crt_3G75K.jpg,https://t.vndb.org/ch/61/106761.jpg,,Red Waist Length+ Straight Slim Pale Sweater Cooking Doggy Style Cowgirl Blowjob,,https://bgm.tv/character/72433,https://vndb.org/c86168,72433
al151368,anilist,4,1,,果戈里,ニコライ・ゴーゴリ,Nikolai Gogol,The Clown / ニコライ・G,男,B,26,动画|漫画,动画,文豪ストレイドッグス 第4シーズン,文豪野犬 第四季,2023,动画,"[{""t"":""文豪ストレイドッグス 第4シーズン"",""cn"":""文豪野犬 第四季"",""ty"":""动画"",""y"":2023,""pop"":109686},{""t"":""文豪ストレイドッグス 第5シーズン"",""cn"":""文豪野犬 第五季"",""ty"":""动画"",""y"":2023,""pop"":80927},{""t"":""文豪ストレイドッグス"",""cn"":""文豪野犬"",""ty"":""漫画"",""y"":2012,""pop"":46466},{""t"":""文豪ストレイドッグス わん！２"",""cn"":"""",""ty"":""动画"",""y"":2026,""pop"":4738},{""t"":""文豪ストレイドッグス 公式アンソロジー ~奏~"",""cn"":"""",""ty"":""漫画"",""y"":2023,""pop"":463},{""t"":""文豪ストレイドッグス 第4シーズン"",""cn"":""文豪野犬 第四季"",""ty"":""动画"",""y"":2023,""pop"":0}]",「天人五衰」の構成員で、変装が得意。おどけた態度と非道な振る舞いにより、向き合う者を恐怖へいざなう。人が驚く顔、そして自由を愛する。「道化師」と呼ばれている。フョードルを、唯一の理解者にして親友としている。,936,936,0,2,,https://lain.bgm.tv/pic/crt/l/28/71/121568_crt_uo22M.jpg?r=1673647148,https://lain.bgm.tv/r/400/pic/crt/l/28/71/121568_crt_uo22M.jpg?r=1673647148,https://s4.anilist.co/file/anilistcdn/character/medium/b151368-Pvo5eichYNNn.png|https://s4.anilist.co/file/anilistcdn/character/large/b151368-Pvo5eichYNNn.png,,,https://anilist.co/character/151368,https://bgm.tv/character/121568,,121568
bgm-bgm68588,vndb,4,1,,斯卡克罗,スケアクロウ,Scarecrow,boss of the black market,男,O,,Galgame,Galgame,BUSTAFELLOWS,,2019,Galgame,"[{""t"":""BUSTAFELLOWS"",""cn"":"""",""ty"":""Galgame"",""y"":2019,""pop"":908},{""t"":""BUSTAFELLOWS シーズン2"",""cn"":"""",""ty"":""Galgame"",""y"":2023,""pop"":126},{""t"":""BUSTAFELLOWS Season2"",""cn"":"""",""ty"":""Galgame"",""y"":2023,""pop"":0},{""t"":""BUSTAFELLOWS"",""cn"":"""",""ty"":""Galgame"",""y"":2019,""pop"":0},{""t"":""BUSTAFELLOWS FULLCIRCLE"",""cn"":"""",""ty"":""Galgame"",""y"":"""",""pop"":0}]",自称「裏社会のボス」 「待たせたな。俺がスケアクロウ……裏社会のボスだ！」 インターネット上で有名なサイバーギーク。ハッキングやマネーロンダリング、盗み、情報屋など、さまざまな分野に高い能力とコネクションを持つ、自称『裏社会のボス』。インターネット上では顔が広いが、本人に会ったことがある人は少ない。大変陽気なお調子者で、子どもっぽいところがある。,908,0,908,1,,https://lain.bgm.tv/pic/crt/l/e5/eb/68588_crt_68njn.jpg?r=1550287370,https://lain.bgm.tv/r/400/pic/crt/l/e5/eb/68588_crt_68njn.jpg?r=1550287370,https://t.vndb.org/ch/96/98496.jpg,,Brown Bob Cut Straight Green Orphan Violet Son Boyfriend Hacker Torture,,https://bgm.tv/character/68588,https://vndb.org/c81185,68588
al138137,anilist,4,1,,深澄真,深澄真,Makoto Misumi,,男,,17,动画|漫画|轻小说,动画,月が導く異世界道中,月光下的异世界之旅,2021,动画,"[{""t"":""月が導く異世界道中"",""cn"":""月光下的异世界之旅"",""ty"":""动画"",""y"":2021,""pop"":173144},{""t"":""月が導く異世界道中 第二幕"",""cn"":""月光下的异世界之旅 第二幕"",""ty"":""动画"",""y"":2024,""pop"":119970},{""t"":""月が導く異世界道中 第三幕"",""cn"":""月光下的异世界之旅 第三幕"",""ty"":""动画"",""y"":"""",""pop"":28781},{""t"":""月が導く異世界道中"",""cn"":""月光下的异世界之旅"",""ty"":""漫画"",""y"":2015,""pop"":22501},{""t"":""月が導く異世界道中"",""cn"":""月光下的异世界之旅"",""ty"":""轻小说"",""y"":2013,""pop"":3874}]",弓道部に所属する平凡な高校2年生だったが、とある都合で勇者として異世界に召喚される。しかし美しい者しか認めない女神に勇者の資格を一方的に奪われ、世界の最果てに放り出されてしまう。,860,860,0,10,,https://lain.bgm.tv/pic/crt/l/bc/4d/86826_crt_79lg4.jpg,https://lain.bgm.tv/r/400/pic/crt/l/bc/4d/86826_crt_79lg4.jpg,https://s4.anilist.co/file/anilistcdn/character/medium/b138137-yBtJdBlRziS9.png|https://s4.anilist.co/file/anilistcdn/character/large/b138137-yBtJdBlRziS9.png,,,https://anilist.co/character/138137,https://bgm.tv/character/86826,,86826
vndb-c28275,vndb,4,1,,苏,ソウ,So,Soh / Sou / Sou,男,A,,Galgame,Galgame,OZMAFIA!!,,2013,Galgame,"[{""t"":""OZMAFIA!!"",""cn"":"""",""ty"":""Galgame"",""y"":2013,""pop"":830},{""t"":""ハルウソ -Passing Memories-"",""cn"":""春天的谎言 -Passing Memories"",""ty"":""Galgame"",""y"":2015,""pop"":178},{""t"":""フユウソ -Snow World End-"",""cn"":"""",""ty"":""Galgame"",""y"":2017,""pop"":144},{""t"":""ナツウソ -Ahead of the reminiscence-"",""cn"":""夏天的谎言-Ahead of the reminiscence-"",""ty"":""Galgame"",""y"":2016,""pop"":139},{""t"":""アキウソ -The only neat thing to do-"",""cn"":""秋天的谎言 -The only neat thing to do-"",""ty"":""Galgame"",""y"":2016,""pop"":124},{""t"":""フルウソ -Complete Four Seasons-"",""cn"":""四季的谎言"",""ty"":""Galgame"",""y"":2018,""pop"":58}]",小さな折りたたみ式のモトラド。とある出来事をきっかけにフォトと行動をともにすることに。口は悪いが、純粋で天然で世俗に疎いフォトを気にかけて、いろいろと指南してくれる。,830,0,830,1,,https://lain.bgm.tv/pic/crt/l/08/8b/58179_crt_CxKxl.jpg,https://lain.bgm.tv/r/400/pic/crt/l/08/8b/58179_crt_CxKxl.jpg,https://storage.moegirl.org.cn/moegirl/commons/1/18/Sou%E3%81%8F%E3%82%93.jpg|https://t.vndb.org/ch/21/34321.jpg|https://t.vndb.org/ch/61/89661.jpg,,Blond Short Teen Slim Pale Trousers Swordsmanship Cooking Fighting Apron,,https://bgm.tv/character/58179,https://vndb.org/c28275,58179
al131619,anilist,4,1,,樱井桃子,桜井桃子,Touko Sakurai,,女,O,24,动画|漫画,动画,先輩がうざい後輩の話,关于前辈很烦人的事,2021,动画,"[{""t"":""先輩がうざい後輩の話"",""cn"":""关于前辈很烦人的事"",""ty"":""动画"",""y"":2021,""pop"":114523},{""t"":""先輩がうざい後輩の話"",""cn"":""关于前辈很烦人的事"",""ty"":""漫画"",""y"":2017,""pop"":20393}]",双葉の会社の先輩。明るい性格で、男性社員からも人気がありスタイルも良い。恋愛には少々奥手。後輩の双葉のことを気にかけている。好きなお菓子は「マカロン」。,822,822,0,59,,https://lain.bgm.tv/pic/crt/l/2f/f0/98970_crt_01I2h.jpg?r=1627171628,https://lain.bgm.tv/r/400/pic/crt/l/2f/f0/98970_crt_01I2h.jpg?r=1627171628,https://s4.anilist.co/file/anilistcdn/character/medium/b131619-pOu8tYzf1WXl.png|https://s4.anilist.co/file/anilistcdn/character/large/b131619-pOu8tYzf1WXl.png,,,https://anilist.co/character/131619,https://bgm.tv/character/98970,,98970
al259352,anilist,4,1,,近江汐莉,近江汐莉,Shiori Oumi,,女,,,动画|漫画,动画,私を喰べたい、ひとでなし,对我垂涎欲滴的非人少女,2025,动画,"[{""t"":""私を喰べたい、ひとでなし"",""cn"":""对我垂涎欲滴的非人少女"",""ty"":""动画"",""y"":2025,""pop"":43214},{""t"":""私を喰べたい、ひとでなし"",""cn"":""对我垂涎欲滴的非人少女"",""ty"":""漫画"",""y"":2020,""pop"":14508},{""t"":""私を喰べたい、ひとでなし"",""cn"":""对我垂涎欲滴的非人少女"",""ty"":""漫画"",""y"":2021,""pop"":0},{""t"":""私を喰べたい、ひとでなし"",""cn"":""对我垂涎欲滴的非人少女"",""ty"":""动画"",""y"":2025,""pop"":0}]",以少女姿态显现的人鱼妖怪。为了照顾、守护、然后吃掉有着特殊肉体的比名子而现身人间。,784,784,0,110,,https://lain.bgm.tv/pic/crt/l/06/bf/115336_crt_Ksmb8.jpg?r=1754797328,https://lain.bgm.tv/r/400/pic/crt/l/06/bf/115336_crt_Ksmb8.jpg?r=1754797328,https://s4.anilist.co/file/anilistcdn/character/medium/b259352-bMhNMZFI4fzS.jpg|https://s4.anilist.co/file/anilistcdn/character/large/b259352-bMhNMZFI4fzS.jpg,,,https://anilist.co/character/259352,https://bgm.tv/character/115336,,115336
bgm-bgm2765,bangumi,4,1,,木之本樱,木之本桜,Kinomoto Sakura,初代萌王 / 小樱,其他,A,,动画|漫画|游戏,动画,カードキャプターさくら,魔卡少女樱,1998,动画,"[{""t"":""カードキャプターさくら"",""cn"":""魔卡少女樱"",""ty"":""动画"",""y"":1998,""pop"":0},{""t"":""カードキャプターさくら"",""cn"":""魔卡少女樱"",""ty"":""漫画"",""y"":1996,""pop"":0},{""t"":""劇場版カードキャプターさくら 封印されたカード"",""cn"":""魔卡少女樱 被封印的卡片"",""ty"":""动画"",""y"":2000,""pop"":0},{""t"":""ツバサ-RESERVoir CHRoNiCLE-"",""cn"":""翼·年代记"",""ty"":""漫画"",""y"":2003,""pop"":0},{""t"":""カードキャプターさくら コンプリート・ボーカル・コレクション"",""cn"":""魔卡少女樱歌曲集"",""ty"":""音乐"",""y"":2001,""pop"":0},{""t"":""テトリス with カードキャプターさくら エターナルハート"",""cn"":""俄罗斯方块 魔卡少女樱 永恒之心"",""ty"":""游戏"",""y"":2000,""pop"":0}]",登场年龄为10岁，就读私立友枝小学四年级，在学校是啦啦队的队员之一，与知世是非常要好的朋友。 小樱虽然幼年丧母，但在父亲藤隆以及哥哥桃矢的关爱中成长的她，是一个性格开朗又活泼的女孩。 她对有关幽灵方面的事情非常害怕，其害怕的程度甚至只要一听到有人在讨论就会被吓哭；但这份恐惧却并不是她与生具来的。 小樱的运动神经很发达，经常使用直排轮当作出外的交通工具；而她在有关料理的方面表现也很不错。,740,0,0,740,,https://lain.bgm.tv/pic/crt/l/f1/9b/2765_crt_ac6Sy.jpg?r=1753766772,https://lain.bgm.tv/r/400/pic/crt/l/f1/9b/2765_crt_ac6Sy.jpg?r=1753766772,,,,,https://bgm.tv/character/2765,,2765
al24552,anilist,4,1,,重音teto,重音テト,Teto Kasane,Tetopettenson,女,,31 (15 in human age),动画|漫画|游戏,漫画,メーカー非公式 初音みっくす,,2007,漫画,"[{""t"":""メーカー非公式 初音みっくす"",""cn"":"""",""ty"":""漫画"",""y"":2007,""pop"":1947},{""t"":""ミクぼん"",""cn"":"""",""ty"":""漫画"",""y"":2012,""pop"":430},{""t"":""たびだちのうた"",""cn"":"""",""ty"":""动画"",""y"":2026,""pop"":385},{""t"":""ちびミクさん"",""cn"":"""",""ty"":""漫画"",""y"":2008,""pop"":324},{""t"":""はちゅねミクの日常ろいぱら！"",""cn"":"""",""ty"":""漫画"",""y"":2009,""pop"":305},{""t"":""ヤババイナ"",""cn"":"""",""ty"":""动画"",""y"":2024,""pop"":199}]","157.5 cm Teto is a 31-year-old chimera girl who was born as a joke from NicoNicoDouga forum users. She loves eating baguettes, and she has a close relation with Ted Kasane and Ruko Yowane.",636,636,0,66,,https://lain.bgm.tv/pic/crt/l/2d/65/20536_crt_se0MY.jpg,https://lain.bgm.tv/r/400/pic/crt/l/2d/65/20536_crt_se0MY.jpg,https://s4.anilist.co/file/anilistcdn/character/medium/b24552-stXFqL7wVmSY.png|https://s4.anilist.co/file/anilistcdn/character/large/b24552-stXFqL7wVmSY.png,,,https://anilist.co/character/24552,https://bgm.tv/character/20536,,20536
al174369,anilist,4,1,,达特·巴雷特,ドット・バレット,Dot Barrett,Daut Barret,男,B,,动画|漫画|轻小说,动画,マッシュル-MASHLE-,物理魔法使马修,2023,动画,"[{""t"":""マッシュル-MASHLE-"",""cn"":""物理魔法使马修"",""ty"":""动画"",""y"":2023,""pop"":288743},{""t"":""マッシュル-MASHLE- 神覚者候補選抜試験編"",""cn"":""物理魔法使马修 神觉者候补选拔试验篇"",""ty"":""动画"",""y"":2024,""pop"":182107},{""t"":""マッシュル-MASHLE-"",""cn"":""物理魔法使马修"",""ty"":""漫画"",""y"":2020,""pop"":59820},{""t"":""マッシュル-MASHLE- 三魔対争神覚者最終試験編"",""cn"":""物理魔法使马修 三魔对争神觉者最终试验篇"",""ty"":""动画"",""y"":2027,""pop"":31993},{""t"":""マッシュル マッシュ・バーンデッドと冒険の書"",""cn"":"""",""ty"":""轻小说"",""y"":2022,""pop"":431},{""t"":""マッシュル マッシュ・バーンデッドと復活の呪文"",""cn"":"""",""ty"":""轻小说"",""y"":2023,""pop"":310}]",直情型で何かと騒がしい少年。 モテないタイプで、イケメンへの憎悪が激しい。,607,607,0,2,,https://lain.bgm.tv/pic/crt/l/dc/d9/119946_crt_6lz0B.jpg?r=1675669102,https://lain.bgm.tv/r/400/pic/crt/l/dc/d9/119946_crt_6lz0B.jpg?r=1675669102,https://s4.anilist.co/file/anilistcdn/character/medium/b174369-VjKvYJbXLO5I.jpg|https://s4.anilist.co/file/anilistcdn/character/large/b174369-VjKvYJbXLO5I.jpg,,,https://anilist.co/character/174369,https://bgm.tv/character/119946,,119946
bgm-bgm120428,vndb,4,1,,,大幸 なお,Oosachi Nao,Nao-chan,女,AB,,Galgame,Galgame,白衣性愛情依存症,,2015,Galgame,"[{""t"":""白衣性愛情依存症"",""cn"":"""",""ty"":""Galgame"",""y"":2015,""pop"":583},{""t"":""白衣性愛情依存症"",""cn"":""白衣性爱情依存症"",""ty"":""Galgame"",""y"":2015,""pop"":0}]","The kind, flawless younger sister who loves her older sister Asuka a lot, devoting everything of herself to support her. The self-proclaimed ""Responsible Imouto"", ""Onee-chan's Special Medicine."" While they're born one year apart and in the…",583,0,583,3,,https://lain.bgm.tv/pic/crt/l/ea/67/120428_crt_rKDUk.jpg,https://lain.bgm.tv/r/400/pic/crt/l/ea/67/120428_crt_rKDUk.jpg,https://t.vndb.org/ch/02/31902.jpg,,Black Twin Tails Wavy Shoulder-length Teen Slim Pale Hard Worker Cooking Amber,,https://bgm.tv/character/120428,https://vndb.org/c26021,120428
al125014,anilist,4,1,,萌田薰子,萌田薫子,Kaoruko Moeta,Chaos / Kaosu / かおす、薰子,女,,15,动画|漫画|游戏,动画,こみっくがーるず,,2018,动画,"[{""t"":""こみっくがーるず"",""cn"":"""",""ty"":""动画"",""y"":2018,""pop"":49577},{""t"":""こみっくがーるず"",""cn"":"""",""ty"":""漫画"",""y"":2014,""pop"":2231},{""t"":""こみっくがーるず"",""cn"":""漫画女孩"",""ty"":""动画"",""y"":2018,""pop"":0},{""t"":""こみっくがーるず"",""cn"":""漫画女孩"",""ty"":""漫画"",""y"":2015,""pop"":0},{""t"":""きららファンタジア"",""cn"":""闪耀幻想曲"",""ty"":""游戏"",""y"":2017,""pop"":0},{""t"":""こみっくがーるず 第1巻 特典CD"",""cn"":"""",""ty"":""音乐"",""y"":2018,""pop"":0}]",15歳の高校生兼漫画家。ペンネームは「かおす」。4コマ漫画を執筆する。,576,576,0,196,,https://lain.bgm.tv/pic/crt/l/bc/fb/57061_crt_4Igf4.jpg?r=1673235844,https://lain.bgm.tv/r/400/pic/crt/l/bc/fb/57061_crt_4Igf4.jpg?r=1673235844,https://s4.anilist.co/file/anilistcdn/character/medium/b125014-Z2woAOOyuvtV.jpg|https://s4.anilist.co/file/anilistcdn/character/large/b125014-Z2woAOOyuvtV.jpg,,,https://anilist.co/character/125014,https://bgm.tv/character/57061,,57061
al170480,anilist,4,1,1989,九井一,九井一,Hajime Kokonoi,ココ / Koko / The Black Dragon's Wallet / ココ,男,A,16-28,动画|漫画,动画,東京リベンジャーズ,东京复仇者,2021,动画,"[{""t"":""東京リベンジャーズ"",""cn"":""东京复仇者"",""ty"":""动画"",""y"":2021,""pop"":445622},{""t"":""東京リベンジャーズ 聖夜決戦編"",""cn"":""东京复仇者 圣夜决战篇"",""ty"":""动画"",""y"":2023,""pop"":143018},{""t"":""東京卍リベンジャーズ"",""cn"":""东京卍复仇者"",""ty"":""漫画"",""y"":2017,""pop"":117730},{""t"":""東京リベンジャーズ 天竺編"",""cn"":""东京复仇者 天竺篇"",""ty"":""动画"",""y"":2023,""pop"":85576},{""t"":""東京リベンジャーズ 三天戦争編"",""cn"":""东京复仇者 三天战争篇"",""ty"":""动画"",""y"":2026,""pop"":22716},{""t"":""童話リベンジャーズ"",""cn"":"""",""ty"":""动画"",""y"":2024,""pop"":864}]",金にこだわり目つきのするどい男。通称「ココ」。元黒龍組として現代の東京卍會の最高幹部に名を連ねている。,560,560,0,1,,https://lain.bgm.tv/pic/crt/l/e3/9b/100873_crt_f91KN.jpg?r=1655593715,https://lain.bgm.tv/r/400/pic/crt/l/e3/9b/100873_crt_f91KN.jpg?r=1655593715,https://s4.anilist.co/file/anilistcdn/character/medium/b170480-5b9VNCGfLzTK.png|https://s4.anilist.co/file/anilistcdn/character/large/b170480-5b9VNCGfLzTK.png,,,https://anilist.co/character/170480,https://bgm.tv/character/100873,,100873
vndb-c46908,vndb,4,1,,,,Rebecca Gales,Becca / Daisy / Little Becky / Miss Pink,女,,,Galgame,Galgame,The Letter,,2017,Galgame,"[{""t"":""The Letter"",""cn"":"""",""ty"":""Galgame"",""y"":2017,""pop"":544},{""t"":""The Diary"",""cn"":"""",""ty"":""Galgame"",""y"":2016,""pop"":16}]","A real firecracker, Rebecca isn’t the type to take shit from anybody. She’s brazen and a bit bossy, which puts her at odds with other domineering personalities.",544,0,544,0,,https://t.vndb.org/ch/50/56350.jpg,https://t.vndb.org/ch/50/56350.jpg,,,Pink Odango Bob Cut Straight Slim Pale Sweater Proactive Hotblooded Young-adult,,,https://vndb.org/c46908,
al135023,anilist,4,1,,沙利文,サリバン,Sullivan,Sa-chan / Duke Sullivan / Ojiichan / Samael Sullivan,男,,,动画|漫画,动画,魔入りました！入間くん,入间同学入魔了,2019,动画,"[{""t"":""魔入りました！入間くん"",""cn"":""入间同学入魔了"",""ty"":""动画"",""y"":2019,""pop"":168432},{""t"":""魔入りました！入間くん 第2シリーズ"",""cn"":""入间同学入魔了 第二季"",""ty"":""动画"",""y"":2021,""pop"":106270},{""t"":""魔入りました！入間くん 第3シリーズ"",""cn"":""入间同学入魔了 第三季"",""ty"":""动画"",""y"":2022,""pop"":73866},{""t"":""魔入りました！入間くん 第4シリーズ"",""cn"":""入间同学入魔了 第四季"",""ty"":""动画"",""y"":2026,""pop"":41289},{""t"":""魔入りました！入間くん"",""cn"":""入间同学入魔了"",""ty"":""漫画"",""y"":2017,""pop"":37598},{""t"":""魔入りました！入間くん if Episode of 魔フィア"",""cn"":"""",""ty"":""漫画"",""y"":2023,""pop"":3806}]",入間を魔界に迎え入れた張本人。ケタ外れの魔力を持つ悪魔学校（バビルス）の理事長。 初孫となった入間をでっろでろに甘やかしている。,529,529,0,9,,https://lain.bgm.tv/pic/crt/l/1b/c7/72372_crt_66111.jpg?r=1773285455,https://lain.bgm.tv/r/400/pic/crt/l/1b/c7/72372_crt_66111.jpg?r=1773285455,https://s4.anilist.co/file/anilistcdn/character/medium/b135023-ppTS3RuitJpP.jpg|https://s4.anilist.co/file/anilistcdn/character/large/b135023-ppTS3RuitJpP.jpg,,,https://anilist.co/character/135023,https://bgm.tv/character/72372,,72372
al88894,anilist,4,1,,茱莉·西格图纳,ユリエ・シグトゥーナ,Julie Sigtuna,,女,,,动画|漫画|轻小说,动画,アブソリュート・デュオ,绝对双刃,2015,动画,"[{""t"":""アブソリュート・デュオ"",""cn"":""绝对双刃"",""ty"":""动画"",""y"":2015,""pop"":121461},{""t"":""アブソリュート・デュオ"",""cn"":""绝对双刃"",""ty"":""漫画"",""y"":2013,""pop"":2545},{""t"":""アブソリュート・デュオ"",""cn"":""绝对双刃"",""ty"":""轻小说"",""y"":2012,""pop"":1200},{""t"":""アブソリュート・デュオ"",""cn"":""绝对双刃"",""ty"":""漫画"",""y"":"""",""pop"":0},{""t"":""アブソリュート・デュオ"",""cn"":""绝对双刃"",""ty"":""动画"",""y"":2015,""pop"":0},{""t"":""アブソリュート・デュオ 第1巻 特典CD"",""cn"":"""",""ty"":""音乐"",""y"":2015,""pop"":0}]",有着银色头发、雪白肌肤以及深红眼瞳的少女。《焰牙》为“双剑”。 从北欧国家“吉姆列”来到日本留学，就读昊陵学园的原因与透流相似。 母亲从事日语口译工作并受母亲的教导，因此日文十分流利。,519,519,0,100,,https://lain.bgm.tv/pic/crt/l/16/1a/26026_crt_afFzs.jpg,https://lain.bgm.tv/r/400/pic/crt/l/16/1a/26026_crt_afFzs.jpg,https://s4.anilist.co/file/anilistcdn/character/medium/b88894-UUzwFSwkS6SO.jpg|https://s4.anilist.co/file/anilistcdn/character/large/b88894-UUzwFSwkS6SO.jpg,,,https://anilist.co/character/88894,https://bgm.tv/character/26026,,26026
al127,anilist,4,1,,樱花,サクラ,Sakura,Princess / Sakura-Hime / Little Kitty / 小樱（复制体）,女,A,14,动画|漫画|游戏|Galgame,动画,ツバサ・クロニクル,翼·年代记,2005,动画,"[{""t"":""ツバサ・クロニクル"",""cn"":""翼·年代记"",""ty"":""动画"",""y"":2005,""pop"":37867},{""t"":""×××ホリック"",""cn"":"""",""ty"":""漫画"",""y"":2003,""pop"":24084},{""t"":""ツバサ -RESERVoir CHRoNiCLE-"",""cn"":""翼·年代记"",""ty"":""漫画"",""y"":2003,""pop"":18188},{""t"":""ツバサ・クロニクル 第2シリーズ"",""cn"":""翼·年代记 第二部"",""ty"":""动画"",""y"":2006,""pop"":16632},{""t"":""ツバサ TOKYO REVELATIONS"",""cn"":""翼·年代记 东京默示录"",""ty"":""动画"",""y"":2007,""pop"":14134},{""t"":""×××HOLiC 春夢記"",""cn"":""×××HOLiC 春梦记"",""ty"":""动画"",""y"":2009,""pop"":13014}]",錯乱坊の姪で巫女。本作初のレギュラーキャラの三親等親族キャラ。姓が不明で、皆からは「サクラ」「サクラさん」「サクラ先生」等としか呼ばれず、更に書き文字では「さくら」とは表記しない。婚約者に西洋魔術師（悪魔祓い師）の「尾津乃つばめ」がいる。スタイル抜群の美人だが、「〜じゃ」「おぬし〜」など、外見とつりあわない古臭い口調で話す。原作では第4話「あなたにあげる」が初登場。自宅の鳥居には「正一位」の扁額がかけられて、自宅表札は「妖怪屋敷」とある。,513,266,513,100,,https://lain.bgm.tv/pic/crt/l/f4/e3/6474_crt_anidb.jpg,https://lain.bgm.tv/r/400/pic/crt/l/f4/e3/6474_crt_anidb.jpg,https://lain.bgm.tv/r/400/pic/crt/l/28/32/17696_crt_00jD2.jpg?r=1664071894|https://lain.bgm.tv/pic/crt/l/28/32/17696_crt_00jD2.jpg?r=1664071894|https://lain.bgm.tv/r/400/pic/crt/l/1d/ab/86617_crt_m44Q1.jpg?r=1604312935|https://lain.bgm.tv/pic/crt/l/1d/ab/86617_crt_m44Q1.jpg?r=1604312935|https://lain.bgm.tv/r/400/pic/crt/l/a7/98/98807_crt_6p7nr.jpg?r=1628578053|https://lain.bgm.tv/pic/crt/l/a7/98/98807_crt_6p7nr.jpg?r=1628578053,,Black Twin Tails Long Slim Pale Amber Black Kid Dress Earrings,https://anilist.co/character/127,https://bgm.tv/character/17696,https://vndb.org/c91415,17696
vndb-c79007,vndb,4,1,,石头,石头,Shitou,Rocky,男,,,Galgame,Galgame,WILL：美好世界,WILL：美好世界,2017,Galgame,,,447,0,447,0,,https://lain.bgm.tv/pic/crt/l/16/d3/220478_crt_IMICJ.jpg,https://lain.bgm.tv/r/400/pic/crt/l/16/d3/220478_crt_IMICJ.jpg,https://t.vndb.org/ch/15/170015.jpg,,Blond Short School Uniform Fighting Green Roommate Cleaning Sports Short-tempered High School Student,,https://bgm.tv/character/220478,https://vndb.org/c79007,220478
al323823,anilist,4,1,2007,渡濑季初,渡瀬キウイ,Kiui Watase,渡濑绮羽衣,女,O,,动画|漫画|轻小说,动画,夜のクラゲは泳げない,夜晚的水母不会游泳,2024,动画,"[{""t"":""夜のクラゲは泳げない"",""cn"":""夜晚的水母不会游泳"",""ty"":""动画"",""y"":2024,""pop"":62468},{""t"":""夜のクラゲは泳げない"",""cn"":""夜晚的水母不会游泳"",""ty"":""漫画"",""y"":2024,""pop"":930},{""t"":""小説　夜のクラゲは泳げない"",""cn"":"""",""ty"":""轻小说"",""y"":2024,""pop"":329},{""t"":""夜のクラゲは泳げない"",""cn"":""夜晚的水母不会游泳"",""ty"":""动画"",""y"":2024,""pop"":0}]",まひるの幼なじみ。 Vtuber「竜ヶ崎ノクス」として活動しており、自分が最強の存在という己の信条を発信し続けている。 すぐに何でもそつなくこなせるようになるタイプで、Vtuberとして披露している技術は全て本人のもの。 だがそういったズレが彼女が周囲に馴染みきれない原因の一旦となっている。 まひるが過去を気にせず語り合える唯一の存在で、大切な友人である彼女のためなら協力は惜しまない。,421,421,0,97,,https://lain.bgm.tv/pic/crt/l/e2/93/141515_crt_5tMfp.jpg?r=1707919796,https://lain.bgm.tv/r/400/pic/crt/l/e2/93/141515_crt_5tMfp.jpg?r=1707919796,https://s4.anilist.co/file/anilistcdn/character/medium/b323823-YVsvmI48ta2x.png|https://s4.anilist.co/file/anilistcdn/character/large/b323823-YVsvmI48ta2x.png,,,https://anilist.co/character/323823,https://bgm.tv/character/141515,,141515
bgm-bgm111105,vndb,4,1,,,志村麻里,Shimura Mari,,女,AB,,Galgame,Galgame,CARNIVAL,,2004,Galgame,"[{""t"":""CARNIVAL"",""cn"":"""",""ty"":""Galgame"",""y"":2004,""pop"":392},{""t"":""CARNIVAL"",""cn"":""狂欢节"",""ty"":""Galgame"",""y"":2004,""pop"":0}]","Collecting cute stuff Funny things, her sister Hospitals",392,0,392,6,,https://lain.bgm.tv/pic/crt/l/1f/37/111105_crt_SY8dY.jpg,https://lain.bgm.tv/r/400/pic/crt/l/1f/37/111105_crt_SY8dY.jpg,https://t.vndb.org/ch/75/36375.jpg,,Ahoge Odango Wavy Shoulder-length Short Slim Pale Virgin Sex Kid Apron,,https://bgm.tv/character/111105,https://vndb.org/c30262,111105
vndb-c5602,vndb,4,1,,鸣海樱,鳴海 桜,Narumi Sakura,,女,,,Galgame,Galgame,すぴぱら,,2012,Galgame,"[{""t"":""すぴぱら"",""cn"":"""",""ty"":""Galgame"",""y"":2012,""pop"":390},{""t"":""すぴぱら"",""cn"":"""",""ty"":""Galgame"",""y"":2012,""pop"":390}]",乐天派、天然系和充满活力的三年生。喜欢可爱的女生，和ほたる、アリス是好朋友。家里是开妹抖店（妹抖无误><） Twitter :@Narumi_Sakura,390,0,390,33,,https://lain.bgm.tv/pic/crt/l/7c/06/13347_crt_d7Z8c.jpg,https://lain.bgm.tv/r/400/pic/crt/l/7c/06/13347_crt_d7Z8c.jpg,https://t.vndb.org/ch/72/10372.jpg,,Waist Length+ Straight Teen Slim Pale School Uniform Miniskirt Knee-high Socks Thigh-high Stockings Airhead,,https://bgm.tv/character/13347,https://vndb.org/c5602,13347
vndb-c88427,vndb,4,1,,,姜 叶煌,Kyou Youkou,,女,,,Galgame,Galgame,まいてつ Last Run!!,爱上火车-Last Run!!-,2020,Galgame,,,384,0,384,0,,https://t.vndb.org/ch/72/106972.jpg,https://t.vndb.org/ch/72/106972.jpg,,#666567 #ffffff,Black Bun Slim Pale Glasses Parted to Side,,,https://vndb.org/c88427,
al126,anilist,4,1,,“小狼”,小狼,Syaoran,Xiaolang / Little Puppy / 翼 / 『小狼』（シャオラン）,男,,14,动画|漫画,动画,ツバサ・クロニクル,翼·年代记,2005,动画,"[{""t"":""ツバサ・クロニクル"",""cn"":""翼·年代记"",""ty"":""动画"",""y"":2005,""pop"":37867},{""t"":""×××ホリック"",""cn"":"""",""ty"":""漫画"",""y"":2003,""pop"":24084},{""t"":""ツバサ -RESERVoir CHRoNiCLE-"",""cn"":""翼·年代记"",""ty"":""漫画"",""y"":2003,""pop"":18188},{""t"":""ツバサ・クロニクル 第2シリーズ"",""cn"":""翼·年代记 第二部"",""ty"":""动画"",""y"":2006,""pop"":16632},{""t"":""ツバサ TOKYO REVELATIONS"",""cn"":""翼·年代记 东京默示录"",""ty"":""动画"",""y"":2007,""pop"":14134},{""t"":""劇場版 XXX HOLiC 真夏ノ夜ノ夢"",""cn"":"""",""ty"":""动画"",""y"":2005,""pop"":12180}]",本作の後半の主人公。小狼の本体。日本出身で、正体はクロウ･リードの血筋。声優は入野自由。基となったキャラクターは李小狼である。4月1日生まれ。14歳。前者は旅立つ際に剣とともに父親から譲られた名前であり、本名は後者である。イメージカラーは、緑。跟小狼拥有同样的样貌、声音、举止、眼神。 [mask]在被飞王囚禁的时候，叫称作“另一个小狼”。被其父（其实就是复制体本身）小狼授予“小狼”的名字和祖传的宝剑，但实名是翼。,373,373,0,48,,https://lain.bgm.tv/pic/crt/l/83/23/6472_crt_anidb.jpg?r=1578558258,https://lain.bgm.tv/r/400/pic/crt/l/83/23/6472_crt_anidb.jpg?r=1578558258,https://s4.anilist.co/file/anilistcdn/character/medium/b126-CG9rp6dE0DKo.png|https://s4.anilist.co/file/anilistcdn/character/large/b126-CG9rp6dE0DKo.png,,,https://anilist.co/character/126,https://bgm.tv/character/6472,,6472
bgm-bgm10659,vndb,4,1,,米田一基,米田 一基,Yoneda Ikki,,男,O,,动画|Galgame,Galgame,サクラ大戦,,1996,Galgame,"[{""t"":""サクラ大戦"",""cn"":"""",""ty"":""Galgame"",""y"":1996,""pop"":356},{""t"":""サクラ大戦２～君、死にたもうことなかれ～"",""cn"":"""",""ty"":""Galgame"",""y"":1998,""pop"":163},{""t"":""サクラ大戦4 ～恋せよ乙女～"",""cn"":"""",""ty"":""Galgame"",""y"":2002,""pop"":68},{""t"":""サクラ大戦2 〜君、死にたもうことなかれ〜"",""cn"":""樱花大战2 ～愿君平安～"",""ty"":""Galgame"",""y"":1998,""pop"":0},{""t"":""サクラ大戦"",""cn"":""樱花大战"",""ty"":""Galgame"",""y"":1996,""pop"":0},{""t"":""サクラ大戦4 〜恋せよ乙女〜"",""cn"":""樱花大战4 ～恋爱吧少女～"",""ty"":""Galgame"",""y"":2002,""pop"":0}]",官阶为陆军中将，日俄战争的英雄，前帝国对降魔部队的队长，后来成为帝国华击团的司令、大帝国剧场的经理，充满人情味，将帝国华击团的队员们视作自己女儿一样。 平常表现慵懒闲散、玩世不恭，但内心始终挂念著帝都的和平以及团员的安全，也时常教导大神作战与领导的技巧。米田的人脉活络、八面玲珑，与贤人机关、神崎重工、陆军部、海军部关系均十分良好。佩刀为“神刀灭却”。,356,0,356,2,,https://lain.bgm.tv/pic/crt/l/4b/09/10659_crt_f1fH1.jpg,https://lain.bgm.tv/r/400/pic/crt/l/4b/09/10659_crt_f1fH1.jpg,https://t.vndb.org/ch/60/145560.jpg,,Brown Short Brown Adult Glasses Katana Ore Drinking Alcohol Abuse Soldier,,https://bgm.tv/character/10659,https://vndb.org/c123609,10659
bgm-bgm187508,vndb,4,1,,,城山 和範,Kiyama Kazunori,,男,B,,Galgame,Galgame,闇染Revenger －墜ちた魔王と堕ちる戦姫－,,2018,Galgame,"[{""t"":""闇染Revenger －墜ちた魔王と堕ちる戦姫－"",""cn"":"""",""ty"":""Galgame"",""y"":2018,""pop"":344},{""t"":""闇染Revenger -墜ちた魔王と堕ちる戦姫-"",""cn"":"""",""ty"":""Galgame"",""y"":2018,""pop"":0}]",本編の主人公。 容姿、性格、態度、成績、全てが中の上という、それなりな一般学生。 人見知りしない性格と好奇心旺盛なところがあり、適応力も高い。 趣味はマンガとエロゲー。 純愛から入ったものの、最近凌辱ゲーにハマリ気味。 －－－－－－－－－－－－－－－－－－－－－－－－－－－－－－－－－－－－－－ クライブヘルツ 様々な世界を渡り歩いて好き放題暴れていた魔王。 女神の計らいで異世界の英雄達が結託し、一斉攻撃を受けて魔力の大半を失ってしまう。,344,0,344,0,,https://lain.bgm.tv/pic/crt/l/3d/72/187508_crt_Iptvy.jpg,https://lain.bgm.tv/r/400/pic/crt/l/3d/72/187508_crt_Iptvy.jpg,https://t.vndb.org/ch/19/86319.jpg,,Black Red Short Straight Teen Slim Pale School Uniform Trousers Virgin Sex,,https://bgm.tv/character/187508,https://vndb.org/c71415,187508
bgm-bgm24431,vndb,4,1,,,綾崎 菜乃花,Ayasaki Nanoka,,女,A,,Galgame,Galgame,晴のちきっと菜の花びより,,2014,Galgame,"[{""t"":""晴のちきっと菜の花びより"",""cn"":"""",""ty"":""Galgame"",""y"":2014,""pop"":327},{""t"":""晴のちきっと菜の花びより"",""cn"":""晴霁之后定是菜花盛开的好天气"",""ty"":""Galgame"",""y"":2014,""pop"":0}]",晴真のクラスの転校生で、晴真の後ろ席。 明るくて人懐っこい子犬のような性格。 趣味はガーデニング。 色々な要因が重なり、すぐに晴真と意気投合して友達になる。 彼女曰く 「うちは超貧乏」 なため、お姉ちゃんのお下がりでサイズの合わないぶかぶかな制服を着ている。 学園の寂れた花壇を不憫に思い、花壇の手入れをしようと思っていたが、彼女一人では不便な点が多く困っていたところ、晴真の後押しで、過去に廃部した園芸部を復活させようと決意をする。,327,0,327,67,,https://lain.bgm.tv/pic/crt/l/17/17/24431_crt_S4A8C.jpg?r=1575993119,https://lain.bgm.tv/r/400/pic/crt/l/17/17/24431_crt_S4A8C.jpg?r=1575993119,https://t.vndb.org/ch/64/26564.jpg,,Blond Antenna Waist Length+ Curtained Straight Slim Pale School Uniform Doggy Style Cowgirl,,https://bgm.tv/character/24431,https://vndb.org/c21436,24431
al24419,anilist,4,1,,,伊波まひる,Mahiru Inami,,女,,17,动画|漫画,动画,WORKING!!,,2010,动画,"[{""t"":""WORKING!!"",""cn"":"""",""ty"":""动画"",""y"":2010,""pop"":92553},{""t"":""WORKING'!!"",""cn"":"""",""ty"":""动画"",""y"":2011,""pop"":54325},{""t"":""WORKING!!!"",""cn"":"""",""ty"":""动画"",""y"":2015,""pop"":51667},{""t"":""WORKING!!! ロード・オブ・ザ・小鳥遊"",""cn"":"""",""ty"":""动画"",""y"":2015,""pop"":24364},{""t"":""WORKING!!"",""cn"":"""",""ty"":""漫画"",""y"":2004,""pop"":3112}]",166 cm Inami is a timid girl who joins the rest of the employees at Wagnaria. She has androphobia and is thus terrified of men; she punches any male that comes near her.,312,312,0,0,,https://s4.anilist.co/file/anilistcdn/character/large/b24419-bw1EMn37MMlf.png,https://s4.anilist.co/file/anilistcdn/character/medium/b24419-bw1EMn37MMlf.png,,,,https://anilist.co/character/24419,,,
vndb-c21560,vndb,4,1,,,山根 高也,Yamane Kouya,,男,O,,Galgame,Galgame,にゃんカフェマキアート ～猫がいるカフェのえっち事情～,喵玛奇朵咖啡~有猫的cafe的H事情,2013,Galgame,,"Favorite cat food cooking, cat language The protagonist. He is a cheerful and optimistic but extremely unfortunate guy, the companies he works for ends up going bankrupt and his apartment got burnt to a crisp.",298,0,298,0,,https://lain.bgm.tv/pic/crt/l/cf/e0/205233_crt_wPeR5.jpg,https://lain.bgm.tv/r/400/pic/crt/l/cf/e0/205233_crt_wPeR5.jpg,https://t.vndb.org/ch/53/141953.jpg,,Slim Cooking Cunnilingus Sixty-nine Virgin Sex Young-adult Teacher Waitstaff Anal Sex Bondage Sex,,https://bgm.tv/character/205233,https://vndb.org/c21560,205233
al142472,anilist,4,1,,梦野幻太郎,夢野幻太郎,Gentarou Yumeno,Phantom / Phantom（ファントム）,男,AB,24,动画|漫画|游戏,动画,ヒプノシスマイク -Division Rap Battle- Rhyme Anima,,2020,动画,"[{""t"":""ヒプノシスマイク -Division Rap Battle- Rhyme Anima"",""cn"":"""",""ty"":""动画"",""y"":2020,""pop"":25410},{""t"":""ヒプノシスマイク-Division Rap Battle- Rhyme Anima +"",""cn"":"""",""ty"":""动画"",""y"":2023,""pop"":5302},{""t"":""ヒプノシスマイク -Division Rap Battle- side F.P & M"",""cn"":"""",""ty"":""漫画"",""y"":2018,""pop"":1039},{""t"":""映画 ヒプノシスマイク -Division Rap Battle-"",""cn"":"""",""ty"":""动画"",""y"":2025,""pop"":994},{""t"":""Glory or Dust"",""cn"":"""",""ty"":""动画"",""y"":2021,""pop"":547},{""t"":""ヒプノシスマイク -Before the Battle- Dawn of Divisions"",""cn"":"""",""ty"":""漫画"",""y"":2020,""pop"":467}]",作家。 書生のような格好をしている。 道行く人の半生や、今後の人生を勝手に想像するのが趣味。 説得力のある嘘をつくので、気づかれないことが多いが、 相手が信じ込んだところで、「まぁ嘘だけどね」とからかう。,297,297,0,8,,https://lain.bgm.tv/pic/crt/l/32/c6/66014_crt_rB5lR.jpg?r=1536589334,https://lain.bgm.tv/r/400/pic/crt/l/32/c6/66014_crt_rB5lR.jpg?r=1536589334,https://s4.anilist.co/file/anilistcdn/character/medium/b142472-I9IeqDphwnax.png|https://s4.anilist.co/file/anilistcdn/character/large/b142472-I9IeqDphwnax.png,,,https://anilist.co/character/142472,https://bgm.tv/character/66014,,66014
al131360,anilist,4,1,,百城千世子,百城千世子,Chiyoko Momoshiro,Angel,女,AB,17,漫画,漫画,アクタージュ act-age,演员夜凪景 act-age,2018,漫画,"[{""t"":""アクタージュ act-age"",""cn"":""演员夜凪景 act-age"",""ty"":""漫画"",""y"":2018,""pop"":27474},{""t"":""アクタージュ act-age"",""cn"":""演员夜凪景 act-age"",""ty"":""漫画"",""y"":2018,""pop"":0}]",艺能事务所“STARS”所属的女性演员。拥有〈天使〉之名的“STARS”招牌女演员，能从极为客观的角度“俯视”自己，展现他人想要看到的自己。在电影《Death Island》出演女主角。 为让自己演出的作品能够顺利完成，会倾注心力、时间和体力研究演员和剧本。对于共事的所有演员，不论有没有名气都会把他们过去的出演作品翻出来看，并了解所有人的演技特色。拍摄期间能够掌握所有摄影机的位置，因此完全理解自己在镜头前该呈现的姿态，甚至利用站位弥补其他演员的失误。,291,291,0,13,,https://lain.bgm.tv/pic/crt/l/21/e9/72508_crt_sDZh5.jpg,https://lain.bgm.tv/r/400/pic/crt/l/21/e9/72508_crt_sDZh5.jpg,https://s4.anilist.co/file/anilistcdn/character/medium/b131360-Dthz1mmiA8c8.png|https://s4.anilist.co/file/anilistcdn/character/large/b131360-Dthz1mmiA8c8.png,,,https://anilist.co/character/131360,https://bgm.tv/character/72508,,72508
al126095,anilist,4,1,,四叶环,四葉環,Tamaki Yotsuba,,男,,17,动画|Galgame,动画,アイドリッシュセブン,IDOLiSH7-偶像星愿-,2018,动画,"[{""t"":""アイドリッシュセブン"",""cn"":""IDOLiSH7-偶像星愿-"",""ty"":""动画"",""y"":2018,""pop"":25729},{""t"":""アイドリッシュセブン Second BEAT!"",""cn"":""IDOLiSH7-偶像星愿- Second BEAT!"",""ty"":""动画"",""y"":2020,""pop"":11544},{""t"":""アイドリッシュセブン Third BEAT!"",""cn"":"""",""ty"":""动画"",""y"":2021,""pop"":7988},{""t"":""アイドリッシュセブン Third BEAT! 第2クール"",""cn"":"""",""ty"":""动画"",""y"":2022,""pop"":5415},{""t"":""アイドリッシュセブンVibrato"",""cn"":""IDOLiSH7 Vibrato"",""ty"":""动画"",""y"":2018,""pop"":5333},{""t"":""アイドリッシュセブン LIVE 4bit BEYOND THE PERiOD DAY 1"",""cn"":"""",""ty"":""动画"",""y"":2023,""pop"":1667}]",IDOLiSH7のメンバー。 好きなもの：王様プリン 嫌いなもの：細かいこと 天才肌でなんでもできる天然系キャラ。三月の熱い姿勢を苦手に思っていたり、壮五の細かい指示を聞かなかったりと、マイペースで個人主義な一面が強い。メンバーも知らない、ある目的のために芸能界入りした。,285,285,0,13,,https://lain.bgm.tv/pic/crt/l/b6/4b/43239_crt_lhQEK.jpg?r=1586017951,https://lain.bgm.tv/r/400/pic/crt/l/b6/4b/43239_crt_lhQEK.jpg?r=1586017951,https://s4.anilist.co/file/anilistcdn/character/medium/b126095-OsZ0wjvuSrH0.png|https://s4.anilist.co/file/anilistcdn/character/large/b126095-OsZ0wjvuSrH0.png,,,https://anilist.co/character/126095,https://bgm.tv/character/43239,,43239
al132425,anilist,4,1,,入出晓,入出アカツキ,Akatsuki Iride,Akki,男,O,,动画|漫画,动画,ナカノヒトゲノム【実況中】,中之人基因组【实况中】,2019,动画,"[{""t"":""ナカノヒトゲノム【実況中】"",""cn"":""中之人基因组【实况中】"",""ty"":""动画"",""y"":2019,""pop"":45107},{""t"":""ナカノヒトゲノム【実況中】KNOTS OF MEMORIES"",""cn"":"""",""ty"":""动画"",""y"":2020,""pop"":7047},{""t"":""ナカノヒトゲノム【実況中】"",""cn"":""中之人基因组【实况中】"",""ty"":""漫画"",""y"":2014,""pop"":3344},{""t"":""ナカノヒトゲノム【実況中】"",""cn"":""中之人基因组【实况中】"",""ty"":""动画"",""y"":2019,""pop"":0}]",脱出ゲームの実況をしていた高校１年生の男の子。 平和主義者でなにをされても腹を立てることはなく、 いつも穏やかな表情をしていて丁寧な口調で話す。 多くの花粉アレルギーをもっていて、マスクが手放せない。,282,282,0,10,,https://lain.bgm.tv/pic/crt/l/5f/0d/66061_crt_37rmv.jpg?r=1554611331,https://lain.bgm.tv/r/400/pic/crt/l/5f/0d/66061_crt_37rmv.jpg?r=1554611331,https://s4.anilist.co/file/anilistcdn/character/medium/n132425-U76nG8gSyWWQ.jpg|https://s4.anilist.co/file/anilistcdn/character/large/n132425-U76nG8gSyWWQ.jpg,,,https://anilist.co/character/132425,https://bgm.tv/character/66061,,66061
al88214,anilist,4,1,,武智乙哉,武智乙哉,Otoya Takechi,,女,B,,动画|漫画,动画,悪魔のリドル,恶魔之谜,2014,动画,"[{""t"":""悪魔のリドル"",""cn"":""恶魔之谜"",""ty"":""动画"",""y"":2014,""pop"":61618},{""t"":""悪魔のリドル 13話"",""cn"":"""",""ty"":""动画"",""y"":2014,""pop"":10332},{""t"":""悪魔のリドル"",""cn"":""恶魔之谜"",""ty"":""漫画"",""y"":2012,""pop"":5135},{""t"":""小悪魔のリドル"",""cn"":"""",""ty"":""漫画"",""y"":2014,""pop"":308},{""t"":""悪魔のリドル"",""cn"":""恶魔之谜"",""ty"":""动画"",""y"":2014,""pop"":0},{""t"":""悪魔のリドル"",""cn"":""恶魔之谜"",""ty"":""漫画"",""y"":2013,""pop"":0}]",出席番号8番。開講二日目の授業より黒組に参加した女子生徒。,274,274,0,17,,https://lain.bgm.tv/pic/crt/l/94/02/20916_crt_bYgI0.jpg?r=1422726621,https://lain.bgm.tv/r/400/pic/crt/l/94/02/20916_crt_bYgI0.jpg?r=1422726621,https://storage.moegirl.org.cn/moegirl/commons/2/2c/Wuzhiyizai_01.png!/fw/480/watermark/url/L21vZWdpcmwvd2F0ZXJtYXJrLnBuZw==/align/southeast/margin/10x10/opacity/50?v=20140426111224|https://storage.moegirl.org.cn/moegirl/commons/2/2c/Wuzhiyizai_01.png|https://s4.anilist.co/file/anilistcdn/character/medium/b88214-hfmJzjo6gamU.png|https://s4.anilist.co/file/anilistcdn/character/large/b88214-hfmJzjo6gamU.png,,图源:moegirl,https://anilist.co/character/88214,https://bgm.tv/character/20916,,20916
al164151,anilist,4,1,,,くノ一ツバキ,Tsubaki Kunoichi,,女,,,动画|漫画,动画,くノ一ツバキの胸の内,,2022,动画,"[{""t"":""くノ一ツバキの胸の内"",""cn"":"""",""ty"":""动画"",""y"":2022,""pop"":23485},{""t"":""くノ一ツバキの胸の内"",""cn"":"""",""ty"":""漫画"",""y"":2018,""pop"":4067}]","155 cm Tsubaki is the leader of the Dog Squad and the Akane Clan's top student, She is good at ninjutsu in general and has a very serious personality, so the teachers expect a lot of her.",254,254,0,0,,https://s4.anilist.co/file/anilistcdn/character/large/b164151-VQhqj4AHlcU5.png,https://s4.anilist.co/file/anilistcdn/character/medium/b164151-VQhqj4AHlcU5.png,,,,https://anilist.co/character/164151,,,
vndb-c45102,vndb,4,1,,,エルス＝フォン＝クラーゲン,Elise Von Klagen,,女,,,Galgame,Galgame,XBLAZE CODE:EMBRYO,,2013,Galgame,"[{""t"":""XBLAZE CODE:EMBRYO"",""cn"":"""",""ty"":""Galgame"",""y"":2013,""pop"":250},{""t"":""XBLAZE LOST:MEMORIES"",""cn"":"""",""ty"":""Galgame"",""y"":2015,""pop"":95}]","Hacking, historical dramas Kuon, Japanese dramas Being separated from Kuon Kuon's long-time friend and a messenger for the Magic Guild.",250,0,250,0,,https://t.vndb.org/ch/45/64845.jpg,https://t.vndb.org/ch/45/64845.jpg,,#1f1d48 #626d97 #abb5cb #e5ded9 #f2f0ef #ffffff,Blue Long Straight Teen Slim Pale Proactive Hard Worker Magician Fighting,,,https://vndb.org/c45102,
al88523,anilist,4,1,,大空明,大空あかり,"Akari
 Oozora",大空赤莉 / 大空灯里,女,A,12-14,动画,动画,アイカツ! 2,,2013,动画,"[{""t"":""アイカツ! 2"",""cn"":"""",""ty"":""动画"",""y"":2013,""pop"":4054},{""t"":""劇場版 アイカツ！"",""cn"":""剧场版 偶像活动"",""ty"":""动画"",""y"":2014,""pop"":3556},{""t"":""アイカツ! 3"",""cn"":"""",""ty"":""动画"",""y"":2014,""pop"":3360},{""t"":""アイカツオンパレード！"",""cn"":""偶像活动 on Parade"",""ty"":""动画"",""y"":2019,""pop"":3351},{""t"":""アイカツ! 4"",""cn"":"""",""ty"":""动画"",""y"":2015,""pop"":2800},{""t"":""アイカツスターズ！ 星のツバサ"",""cn"":"""",""ty"":""动画"",""y"":2017,""pop"":2284}]",テレビアニメ3rdシーズン以降の主人公。明るいブラウンのセミロングヘアが特徴。瞳の色はピンク色。キュートタイプ。イメージカラーはアプリコット、またはピンク。一人称は「わたし」。 スターライト学園中等部1年生→2年生（第126話より）。4月1日生まれ、おひつじ座のA型。好きな食べ物はスイカ、チョコレート、ドーナッツ、みかん、カレー。特技はものまね。身長は152cm→153cm。,243,243,0,21,,https://lain.bgm.tv/pic/crt/l/f3/11/24267_crt_R0f0I.jpg,https://lain.bgm.tv/r/400/pic/crt/l/f3/11/24267_crt_R0f0I.jpg,https://s4.anilist.co/file/anilistcdn/character/medium/88523-mBiyaWFZIUYJ.png|https://s4.anilist.co/file/anilistcdn/character/large/88523-mBiyaWFZIUYJ.png,,,https://anilist.co/character/88523,https://bgm.tv/character/24267,,24267
bgm-bgm23402,vndb,4,1,,,広崎 美奈,Hirosaki Mina,,女,O,,Galgame,Galgame,ひこうき雲の向こう側,,2014,Galgame,"[{""t"":""ひこうき雲の向こう側"",""cn"":"""",""ty"":""Galgame"",""y"":2014,""pop"":220},{""t"":""ひこうき雲の向こう側"",""cn"":""航迹云的彼方"",""ty"":""Galgame"",""y"":2014,""pop"":0}]",主人公・康司の義理の妹。 屈託のない誰からも好かれる性格をしている。 勉強はできるし性格も良いしで友達は多く、男女問わずウケが良い。 と、外では平均以上の理想的な女の子だが、ご家庭内ではかなり天然ボケなところがあり、しっかり者の兄をいつも心配させている。 本人もそんな自分の抜けたところは自覚しているが、その分 兄に甘えられるので直すつもりはないらしい。 兄・康司のことは心から頼りにしているし、大事にも思っている。 その天真爛漫さが兄をやきもきさせているのには気づいていない。,220,0,220,24,,https://lain.bgm.tv/pic/crt/l/64/a2/23402_crt_bUQut.jpg,https://lain.bgm.tv/r/400/pic/crt/l/64/a2/23402_crt_bUQut.jpg,https://t.vndb.org/ch/68/60968.jpg,,Brown Ahoge Shoulder-length Teen Slim Pale School Uniform Missionary Doggy Style Cowgirl,,https://bgm.tv/character/23402,https://vndb.org/c16941,23402
bgm-bgm98099,vndb,4,1,,徐慧星,서혜성,Seo Hyesung,徐慧文,男,AB,,Galgame,Galgame,베리드 스타즈,,2020,Galgame,"[{""t"":""베리드 스타즈"",""cn"":"""",""ty"":""Galgame"",""y"":2020,""pop"":218},{""t"":""BURIED STARS"",""cn"":""深埋之星"",""ty"":""Galgame"",""y"":2020,""pop"":0}]","“我看起来像穷光蛋吗?” 阳光又淘气的最年轻参赛者。 虽然每次评委给的分数都很低，但凭借着在社交媒体上的人气，总能在观众投票中获得大逆在临近决赛时，由于社交媒体披露了其校园施暴者的身份,投票数急剧减少。 中途投票结果排在第五名。",218,0,218,0,,https://lain.bgm.tv/pic/crt/l/e9/59/98099_crt_AA1us.jpg,https://lain.bgm.tv/r/400/pic/crt/l/e9/59/98099_crt_AA1us.jpg,https://t.vndb.org/ch/65/196665.jpg,,Red Short Brown Pale Sweater Hotblooded Young-adult Jacket Shirt Ore,,https://bgm.tv/character/98099,https://vndb.org/c91641,98099
bgm-bgm68664,vndb,4,1,,,雛守 桜子,Hinamori Sakurako,さくらねこ / Sakuraneko,女,O,,Galgame,Galgame,彼女は友達ですか？　恋人ですか？　それともトメフレですか？,,2019,Galgame,"[{""t"":""彼女は友達ですか？　恋人ですか？　それともトメフレですか？"",""cn"":"""",""ty"":""Galgame"",""y"":2019,""pop"":216},{""t"":""彼女は友達ですか？　恋人ですか？　それともトメフレですか？　Ｗ"",""cn"":"""",""ty"":""Galgame"",""y"":2024,""pop"":34},{""t"":""彼女(ヒロイン)は友達ですか？恋人ですか？それともトメフレですか？"",""cn"":"""",""ty"":""Galgame"",""y"":2019,""pop"":0},{""t"":""彼女(ヒロイン)は友達ですか？恋人ですか？それともトメフレですか？Ｗ"",""cn"":"""",""ty"":""Galgame"",""y"":2024,""pop"":0}]",クラスの人気者、それは世を忍ぶ表の姿で実は隠れオタ。 トメフレという、恋人でもなく、友人以上の関係に以前から過剰な憧れを抱いていた。 トメフレという言葉を流行らせたシーナ姫を崇めていて、 『トメフレ条例』なるローカルルールを遵守し、ゆきにも押しつけてくる。 行動力があり、思ったことを簡単に口にしてはゆきをドギマギさせる。 トメフレ条例に従って、クラス内ではゆきと他人を装う。 だが自分の方がゆきに話し掛けたい欲求に駆られて、悶々とする。 親しい人への抱き付き癖あり。,216,0,216,9,,https://lain.bgm.tv/pic/crt/l/1f/23/68664_crt_03Fw3.jpg,https://lain.bgm.tv/r/400/pic/crt/l/1f/23/68664_crt_03Fw3.jpg,https://t.vndb.org/ch/63/95963.jpg,,Brown Waist Length+ Straight Teen Slim Pale School Uniform Cooking Missionary Doggy Style,,https://bgm.tv/character/68664,https://vndb.org/c79206,68664
vndb-c17486,vndb,4,1,,,,Romance Cop,Chrys,女,,,Galgame,Galgame,Romance Detective,,2014,Galgame,"[{""t"":""Romance Detective"",""cn"":"""",""ty"":""Galgame"",""y"":2014,""pop"":216},{""t"":""Romance Detective 2"",""cn"":"""",""ty"":""Galgame"",""y"":2016,""pop"":56}]","Polite, sensible young member of the police force. [From in-game profile]",216,0,216,0,,https://t.vndb.org/ch/89/22189.jpg,https://t.vndb.org/ch/89/22189.jpg,,#2f314b #70848b #c4aba8 #f1e7da #ffffff,Blue Ponytail Shoulder-length Slim Pale Proactive Young-adult Glasses T-shirt Cousin,,,https://vndb.org/c17486,
vndb-c113853,vndb,4,1,,杉并,杉並,Suginami,,男,3,,Galgame,Galgame,D.C.4 ～ダ・カーポ4～,,2019,Galgame,"[{""t"":""D.C.4 ～ダ・カーポ4～"",""cn"":"""",""ty"":""Galgame"",""y"":2019,""pop"":215},{""t"":""D.C.5 ～ダ・カーポ5～"",""cn"":"""",""ty"":""Galgame"",""y"":2023,""pop"":152},{""t"":""D.C.4 ～ダ・カーポ4～ フォーチュネイトデパーチャーズ"",""cn"":"""",""ty"":""Galgame"",""y"":2021,""pop"":102},{""t"":""D.C.5 Future Link ～ダ・カーポ5～ フューチャーリンク"",""cn"":"""",""ty"":""Galgame"",""y"":2024,""pop"":74},{""t"":""D.C.5 to 4 ～ダ・カーポ5トゥ4～ ルミナスメモリーズ"",""cn"":"""",""ty"":""Galgame"",""y"":2026,""pop"":0}]",,215,0,215,10,,https://lain.bgm.tv/pic/crt/l/76/64/18280_crt_4QTPF.jpg,https://lain.bgm.tv/r/400/pic/crt/l/76/64/18280_crt_4QTPF.jpg,https://t.vndb.org/ch/49/103249.jpg|https://t.vndb.org/ch/31/138731.jpg,,Black Curtained Short Straight Slim Pale School Uniform Trousers Student Young-adult,,https://bgm.tv/character/18280,https://vndb.org/c77479,18280
bgm-bgm22588,vndb,4,1,,,九浄 リア,Kujou Ria,Paladienne / Senpai-san,女,O,,游戏|Galgame,Galgame,ティンクル☆くるせいだーす,闪耀十字军,2008,Galgame,"[{""t"":""ティンクル☆くるせいだーす"",""cn"":""闪耀十字军"",""ty"":""Galgame"",""y"":2008,""pop"":214},{""t"":""ティンクル☆くるせいだーす -Passion Star Stream-"",""cn"":""闪耀十字军PSS"",""ty"":""Galgame"",""y"":2012,""pop"":106},{""t"":""ティンクル☆くるせいだーす ミラクルディスク"",""cn"":"""",""ty"":""Galgame"",""y"":2008,""pop"":32},{""t"":""ティンクル☆くるせいだーす -Passion Star Stream-"",""cn"":""闪耀十字军PSS"",""ty"":""Galgame"",""y"":2012,""pop"":0},{""t"":""ティンクルスターナイツ"",""cn"":""闪耀星骑士"",""ty"":""Galgame"",""y"":2023,""pop"":0},{""t"":""ティンクル☆くるせいだーす"",""cn"":""闪耀十字军"",""ty"":""Galgame"",""y"":2008,""pop"":0}]",流星学園の3年生で、シンの先輩。 リ・クリエが一段落ついた今は九浄家の役目と関係なく、純粋に相談役として生徒会のみんなを見守っている。 すっかりお茶係として馴染んでしまっている感もあるが、ビシッと決める時はやっぱり頼れるお姉さん。 その胸に秘めた魔力は、いまだ他の追随を許さない。 パッキーのセクハラをあしらうのにも、そろそろ慣れてきた？ 憧れていた魔王の正体がシンということで、嬉しいような気恥ずかしいような、微妙な心境。,214,0,214,21,,https://lain.bgm.tv/pic/crt/l/ba/48/22588_crt_TpV3h.jpg,https://lain.bgm.tv/r/400/pic/crt/l/ba/48/22588_crt_TpV3h.jpg,https://t.vndb.org/ch/19/5419.jpg,,Blue Twin Tails Waist Length+ Straight Teen Slim Pale School Uniform Fighting Cowgirl,,https://bgm.tv/character/22588,https://vndb.org/c3804,22588
vndb-c127877,vndb,4,1,,格温妮丝·克莱蒙德,格温妮丝·克莱蒙德,Gwyneth Claremont,,女,,,Galgame,Galgame,火山的女儿,火山的女儿,2023,Galgame,,火山国的公主殿下，但本人很讨厌这个称呼。对于国家政务与军务都有参与治理，为成为皇室继承人而努力着。 从小学习诸多知识，几乎没有休闲娱乐。 职业：公主 出生月份：4月,213,0,213,8,,https://lain.bgm.tv/pic/crt/l/6b/77/128827_crt_1GZpU.jpg,https://lain.bgm.tv/r/400/pic/crt/l/6b/77/128827_crt_1GZpU.jpg,https://storage.moegirl.org.cn/moegirl/commons/6/6f/Volcano_Princess_Gwyneth_Tachie.png!/fw/480/watermark/url/L21vZWdpcmwvd2F0ZXJtYXJrLnBuZw==/align/southeast/margin/10x10/opacity/50?v=20230428051326|https://storage.moegirl.org.cn/moegirl/commons/6/6f/Volcano_Princess_Gwyneth_Tachie.png|https://t.vndb.org/ch/54/150554.jpg,,图源:moegirl Blond Long Teen Slim Pale Hard Worker Fighting Violet Young-adult,,https://bgm.tv/character/128827,https://vndb.org/c127877,128827
vndb-c127876,vndb,4,1,,肯尼斯·克莱蒙德,肯尼斯·克莱蒙德,Kenneth Claremont,,男,,,Galgame,Galgame,火山的女儿,火山的女儿,2023,Galgame,,火山国的王子，格温妮丝的弟弟。很小的时候被拐走过，遭遇意外导致脑部损伤，语言功能障碍，说话结巴，但心地非常善良。 有着在森林锻炼出的出于直觉的凶猛战斗力。 职业：王子 出生月份：4月,213,0,213,8,,https://lain.bgm.tv/pic/crt/l/59/75/128828_crt_988DS.jpg,https://lain.bgm.tv/r/400/pic/crt/l/59/75/128828_crt_988DS.jpg,https://storage.moegirl.org.cn/moegirl/commons/0/0c/Volcano_Princess_Kenneth_Tachie.png!/fw/480/watermark/url/L21vZWdpcmwvd2F0ZXJtYXJrLnBuZw==/align/southeast/margin/10x10/opacity/50?v=20230429143918|https://storage.moegirl.org.cn/moegirl/commons/0/0c/Volcano_Princess_Kenneth_Tachie.png|https://t.vndb.org/ch/53/150553.jpg,,图源:moegirl Blond Short Brown Teen Slim Pale Trousers Fighting Young-adult,,https://bgm.tv/character/128828,https://vndb.org/c127876,128828
vndb-c50277,vndb,4,1,,,皇 涼子,Sumeragi Ryouko,,女,,,Galgame,Galgame,皇涼子のBitchな1日,,2008,Galgame,,マジメそうな外見とは裏腹に、エッチが大好きな女教師。 家や勤務先の内外を問わず学生とヤリまくっているうえに、いったんスイッチが入ると、あっけらかんと淫語を連発するかなりの性豪。しかも両刀使い。 気に入った男子学生の筆おろしと、学園内のいかがわしい情報収集が趣味。 家事は壊滅的にダメで、年の離れた弟（もちろん関係済み♪）と同居している。 「処女なんかじゃ……ないわよ？ ふふ……当然じゃない」,177,0,177,0,,https://lain.bgm.tv/pic/crt/l/96/06/202648_crt_41jOc.jpg,https://lain.bgm.tv/r/400/pic/crt/l/96/06/202648_crt_41jOc.jpg,https://t.vndb.org/ch/23/60123.jpg,,Brown Long Curtained Straight Slim Pale Fighting Missionary Doggy Style Cowgirl,,https://bgm.tv/character/202648,https://vndb.org/c50277,202648
bgm-bgm14907,vndb,4,1,,默德,モンド,Mondo,Papa / Papà,男,,,动画|Galgame,Galgame,アルカナ・ファミリア,,2011,Galgame,"[{""t"":""アルカナ・ファミリア"",""cn"":"""",""ty"":""Galgame"",""y"":2011,""pop"":175},{""t"":""アルカナ・ファミリア -幽霊船の魔術師-"",""cn"":"""",""ty"":""Galgame"",""y"":2012,""pop"":45},{""t"":""アルカナ・ファミリア 2"",""cn"":"""",""ty"":""Galgame"",""y"":2013,""pop"":40},{""t"":""アルカナ・ファミリア　フェスタ・レガーロ!"",""cn"":"""",""ty"":""Galgame"",""y"":2012,""pop"":11},{""t"":""アルカナ・ファミリア La storia della Arcana Famiglia"",""cn"":""魔力家族"",""ty"":""Galgame"",""y"":2011,""pop"":0},{""t"":""アルカナ・ファミリア －幽霊船の魔術師－"",""cn"":"""",""ty"":""Galgame"",""y"":2012,""pop"":0}]",主人公の父親。アルカナ・ファミリアの組織を統べるボス。 厳しい所もあるが、気さくな人物。娘を溺愛する親バカな一面を持つ。 主人公的父亲，统领圣灵家族的首领。 尽管有严厉的地方，却是个直爽的人。同时还很溺爱女儿。,175,0,175,2,,https://lain.bgm.tv/pic/crt/l/50/c7/14907_crt_22GFO.jpg,https://lain.bgm.tv/r/400/pic/crt/l/50/c7/14907_crt_22GFO.jpg,https://t.vndb.org/ch/94/9094.jpg,,Brown Red Short Beard Pale Trousers Green Adult Muscular Coat,,https://bgm.tv/character/14907,https://vndb.org/c8566,14907
bgm-bgm195341,bangumi,4,1,,,夜乃桜,YORUNO SAKURA,,其他,,,Galgame,Galgame,ディメンション凸ラバース!!,超次元恋人！！,2026,Galgame,,クールで孤高な“学園”最強の生徒会長。 人並み外れた力を持つため、周りから距離を取られている。 他人の気持ちを考える事が苦手で、友達は少ない。 弱い誰かが傷つくぐらいなら、 強い自分が傷つくべきと考えているため、 単独での任務を好む。 “藍の心臓”と呼ばれる反現実の内臓を保有しており、 魔術師一家『崩月家』に命を狙われている。 ▽B.E.G. 『［瓦礫を見ろ<ウィドウ・メーカー>］』 触れた対象の時を止めるパイルバンカー。,175,0,0,175,1,https://lain.bgm.tv/pic/crt/l/50/f4/195341_crt_JlWuW.jpg,https://lain.bgm.tv/r/400/pic/crt/l/50/f4/195341_crt_JlWuW.jpg,,,,,https://bgm.tv/character/195341,,195341
vndb-c29785,vndb,4,1,,,タマラ・ユリアンティラ,Tamara Ylianttila,,女,A,,Galgame,Galgame,姉小路直子と銀色の死神,,2015,Galgame,"[{""t"":""姉小路直子と銀色の死神"",""cn"":"""",""ty"":""Galgame"",""y"":2015,""pop"":169},{""t"":""みなとカーニバルＦＤ"",""cn"":"""",""ty"":""Galgame"",""y"":2017,""pop"":80}]",キルスティの母で、元軍人の主婦。 現役時代は規律に厳しい軍人としてバリバリに活躍していたが、結婚を機に退役した。 その後 同じく軍人であった夫を早くに亡くしてしまい、一人で娘を育てている。 普段はおっとりしているが、時々 抑えきれない軍人時代の血が騒ぐらしい。 日本には前々から興味があったようで、娘よりも日本生活を満喫しているフシがある。 「日本って面白くて素敵だわ。 ……でも何か足りないわよね？」,169,0,169,13,,https://lain.bgm.tv/pic/crt/l/51/8c/28563_crt_0QZ68.jpg,https://lain.bgm.tv/r/400/pic/crt/l/51/8c/28563_crt_0QZ68.jpg,https://t.vndb.org/ch/55/85855.jpg,,White Waist Length+ Straight Slim Pale Red Jeans Widow Mother Strict,,https://bgm.tv/character/28563,https://vndb.org/c29785,28563
al135257,anilist,4,1,,琪丝·贝尔,チェス・ベル,Chess  Belle,Chesu Beru,女,B,,动画|漫画,动画,終わりのセラフ,终结的炽天使,2015,动画,"[{""t"":""終わりのセラフ"",""cn"":""终结的炽天使"",""ty"":""动画"",""y"":2015,""pop"":328717},{""t"":""終わりのセラフ　名古屋決戦編"",""cn"":""终结的炽天使 名古屋决战篇"",""ty"":""动画"",""y"":2015,""pop"":197864},{""t"":""終わりのセラフ"",""cn"":""终结的炽天使"",""ty"":""漫画"",""y"":2012,""pop"":44335},{""t"":""終わりのセラフ 名古屋決戦編"",""cn"":""终结的炽天使 名古屋决战篇"",""ty"":""动画"",""y"":2015,""pop"":0},{""t"":""終わりのセラフ"",""cn"":""终结的炽天使"",""ty"":""动画"",""y"":2015,""pop"":0}]",第十三位始祖克罗里·尤斯福德的部下。,166,166,0,8,,https://lain.bgm.tv/pic/crt/l/f1/30/33909_crt_Evp6P.jpg?r=1436089273,https://lain.bgm.tv/r/400/pic/crt/l/f1/30/33909_crt_Evp6P.jpg?r=1436089273,https://s4.anilist.co/file/anilistcdn/character/medium/b135257-quOjYpxuJANr.jpg|https://s4.anilist.co/file/anilistcdn/character/large/b135257-quOjYpxuJANr.jpg,,,https://anilist.co/character/135257,https://bgm.tv/character/33909,,33909
bgm-bgm59824,vndb,4,1,,,早乙女 羽矢,Saotome Haya,,女,,,Galgame,Galgame,バタフライシーカー,,2018,Galgame,"[{""t"":""バタフライシーカー"",""cn"":"""",""ty"":""Galgame"",""y"":2018,""pop"":160},{""t"":""バタフライシーカー ～カオス・ナイトメア～"",""cn"":"""",""ty"":""Galgame"",""y"":2018,""pop"":61},{""t"":""バタフライシーカー"",""cn"":""Butterfly Seeker - 寻蝶者"",""ty"":""Galgame"",""y"":2018,""pop"":0}]",1年生。 並外れた身体能力を持つ。 犯罪者、特に精神病質者を憎んでおり、捜査よりも犯人との格闘に執心する。 気ままな性格もあって捜査には向いていないが、やたらと広い交友関係が情報収集に役立つことも。,160,0,160,14,,https://lain.bgm.tv/pic/crt/l/74/2d/59824_crt_xWEle.jpg,https://lain.bgm.tv/r/400/pic/crt/l/74/2d/59824_crt_xWEle.jpg,https://t.vndb.org/ch/71/78171.jpg,,Blond Wavy Curtained Shoulder-length Teen Slim Pale School Uniform Cooking Cowgirl,,https://bgm.tv/character/59824,https://vndb.org/c64902,59824
bgm-bgm92948,bangumi,4,1,,结爱己,結愛せるふ,Yua Serufu,结爱自 / せるふ、小自,其他,AB,,动画,动画,Do It Yourself!! -どぅー・いっと・ゆあせるふ-,少女手工,2022,动画,,のほほんとした家庭に育ち、のんびりとした高校1年生。妄想癖があり、すぐに上の空になって、 壁にぶつかったり道で転んだりして、いつも生傷が絶えない。シャツがはみ出てても、寝ぐせがすごくても、「ま、いっか！」と気にしないので周りをヤキモキさせることも多い。落書きが趣味。,153,0,0,153,,https://lain.bgm.tv/pic/crt/l/42/03/92948_crt_IaYy3.jpg?r=1668851651,https://lain.bgm.tv/r/400/pic/crt/l/42/03/92948_crt_IaYy3.jpg?r=1668851651,,,,,https://bgm.tv/character/92948,,92948
bgm-bgm24441,vndb,4,1,,美作瑠璃,美作 瑠璃,Mimasaka Ruri,,女,A,,Galgame,Galgame,ハーヴェストオーバーレイ,,2014,Galgame,"[{""t"":""ハーヴェストオーバーレイ"",""cn"":"""",""ty"":""Galgame"",""y"":2014,""pop"":129},{""t"":""ハーヴェストオーバーレイ"",""cn"":"""",""ty"":""Galgame"",""y"":2014,""pop"":0},{""t"":""ハーヴェストオーバーレイ リコネクション"",""cn"":"""",""ty"":""Galgame"",""y"":2014,""pop"":0}]",おっとりしていて、“よく今日まで悪い人に騙されずに生きてこられたな” という感じの性格。 保健医だけに？ 性に関する知識は豊富で、聞けば色々とアドバイスをしてくれる。 現在海外に飛んでいる奥野兄妹の母のいとこ。 現在、奥野兄妹の保護者を任されている。,129,0,129,3,,https://lain.bgm.tv/pic/crt/l/7c/e9/24441_crt_2pEC8.jpg,https://lain.bgm.tv/r/400/pic/crt/l/7c/e9/24441_crt_2pEC8.jpg,https://t.vndb.org/ch/01/54801.jpg,,Brown Ponytail Long Curtained Slim Pale Blue Young-adult Cousin Legal Guardian,,https://bgm.tv/character/24441,https://vndb.org/c18188,24441
bgm-bgm87280,vndb,4,1,,斯维特兰娜·古尔琴科,スヴェトラーナ・ グルチェンコ,Svetlana Gurchenko,スヴェ / Sve,女,B,,Galgame,Galgame,ユキイロサイン,,2021,Galgame,"[{""t"":""ユキイロサイン"",""cn"":"""",""ty"":""Galgame"",""y"":2021,""pop"":127},{""t"":""ユキイロサイン"",""cn"":""雪色暗号"",""ty"":""Galgame"",""y"":2021,""pop"":0}]",ロシアから来た留学生で、美玖の家にホームステイ中。 お調子者で臆病者な愛されキャラ。 ホラー映画好きだが、怖いものが苦手。 自称：最強の捕食者にして南逢瀬のトラ。 アイスホッケーに関しては文字通りの天才だが、 メンタルに非常に左右されるタイプ。,127,0,127,10,,https://lain.bgm.tv/pic/crt/l/85/0f/87280_crt_24BVZ.jpg,https://lain.bgm.tv/r/400/pic/crt/l/85/0f/87280_crt_24BVZ.jpg,https://t.vndb.org/ch/22/113522.jpg,,White Waist Length+ Wavy Teen Slim Pale Missionary Doggy Style Blowjob Sixty-nine,,https://bgm.tv/character/87280,https://vndb.org/c94141,87280
bgm-bgm91524,bangumi,4,1,,SQ,SQ,SQ,,其他,,,动画|Galgame,Galgame,グノーシア,古诺希亚,2019,Galgame,"[{""t"":""グノーシア"",""cn"":""古诺希亚"",""ty"":""Galgame"",""y"":2019,""pop"":0},{""t"":""グノーシア"",""cn"":""古诺希亚"",""ty"":""动画"",""y"":2025,""pop"":0},{""t"":""グノーシア　ザ・ライブプレイングシアター"",""cn"":"""",""ty"":""其他"",""y"":2026,""pop"":0}]",おどけた態度で場をにぎわそうとする、どこかつかめない性格の持ち主。 彼女の言動の何が嘘で何が本当なのか、判別するのはきわめて困難だろ。 总是以嬉笑打闹的态度试图活跃气氛，是个让人难以捉摸的角色。 她说的话哪些是真哪些是假，恐怕几乎无法分辨。 名字来源为魅魔（サキュバス，Succubus）。,116,0,0,116,,https://lain.bgm.tv/pic/crt/l/f2/c3/91524_crt_3Q001.jpg?r=1614066482,https://lain.bgm.tv/r/400/pic/crt/l/f2/c3/91524_crt_3Q001.jpg?r=1614066482,,,,,https://bgm.tv/character/91524,,91524
vndb-c113899,vndb,4,1,,,菊島 環,Kikushima Tamaki,,男,B,,Galgame,Galgame,誓いのキスは突然に,,2011,Galgame,,,114,0,114,0,,https://lain.bgm.tv/pic/crt/l/96/cd/123031_crt_0srrH.jpg,https://lain.bgm.tv/r/400/pic/crt/l/96/cd/123031_crt_0srrH.jpg,https://t.vndb.org/ch/13/136713.jpg,,Wavy Short Pale Mole Hosome,,https://bgm.tv/character/123031,https://vndb.org/c113899,123031
bgm-bgm31229,vndb,4,1,,八乙女优由,八乙女 優由,Yaotome Yuuyu,,女,B,,Galgame,Galgame,アッチむいて恋,,2010,Galgame,"[{""t"":""アッチむいて恋"",""cn"":"""",""ty"":""Galgame"",""y"":2010,""pop"":114},{""t"":""アッチむいて恋"",""cn"":""逆转爱恋"",""ty"":""Galgame"",""y"":2010,""pop"":0}]",春咲学園一年生。 寮のムードメーカー兼トラブルメーカーな女の子。 下ネタや下品ネタが大好きな、存在そのものがギャグのような少女。 明るく元気が取り柄で勉強はできない。運動神経は抜群で、チアリーダー部に所属している。 主人公（男）にひと目惚れをしてしまう。気を引くために、いくつも猫を被ってアタックを仕掛ける。 「好きです！ 私と付き合ってください！」,114,0,114,9,,https://lain.bgm.tv/pic/crt/l/d0/90/31229_crt_R8e87.jpg,https://lain.bgm.tv/r/400/pic/crt/l/d0/90/31229_crt_R8e87.jpg,https://t.vndb.org/ch/24/82224.jpg,,Pink Antenna Twin Tails Long Straight Teen Slim Pale School Uniform Virgin Sex,,https://bgm.tv/character/31229,https://vndb.org/c5576,31229
vndb-c14778,vndb,4,1,,汐钟京子,汐鐘 京子,Shiogane Kyouko,O-Kyou-san / お京さん / O-Kyoto-san / お京さん,女,,,Galgame,Galgame,メモリーズオフ -Innocent Fille-,告别回忆 -无垢少女-,2018,Galgame,"[{""t"":""メモリーズオフ -Innocent Fille-"",""cn"":""告别回忆 -无垢少女-"",""ty"":""Galgame"",""y"":2018,""pop"":104},{""t"":""メモリーズオフ ゆびきりの記憶"",""cn"":"""",""ty"":""Galgame"",""y"":2010,""pop"":101},{""t"":""メモリーズオフ -Innocent Fille- for Dearest"",""cn"":"""",""ty"":""Galgame"",""y"":2019,""pop"":48}]","Kitchen staff leader of Fuuryuuan. A strong-minded and confident woman who plays the role on an elder sister. She hates being called by her last name, so Naoki and the rest call her ""O-Kyoto-san"".",104,0,104,7,,https://lain.bgm.tv/pic/crt/l/13/a8/59580_crt_tzdxi.jpg,https://lain.bgm.tv/r/400/pic/crt/l/13/a8/59580_crt_tzdxi.jpg,https://t.vndb.org/ch/29/79529.jpg|https://t.vndb.org/ch/11/18811.jpg,,Brown Long Slim Amber Young-adult Olive Hat Necklace Miniskirt Cook,,https://bgm.tv/character/59580,https://vndb.org/c66132,59580
bgm-bgm12359,bangumi,4,1,,奥利维特·莱泽·亚诺尔,オリヴァルト・ライゼ・アルノール,Olivert Reise Arnor,奥利维尔·朗海姆,其他,,,游戏,游戏,英雄伝説 空の軌跡SC,英雄传说：空之轨迹SC,2006,游戏,"[{""t"":""英雄伝説 空の軌跡SC"",""cn"":""英雄传说：空之轨迹SC"",""ty"":""游戏"",""y"":2006,""pop"":0},{""t"":""英雄伝説VI 空の軌跡"",""cn"":""英雄传说6：空之轨迹"",""ty"":""游戏"",""y"":2004,""pop"":0},{""t"":""空の軌跡 the 1st"",""cn"":""空之轨迹 the 1st"",""ty"":""游戏"",""y"":2025,""pop"":0},{""t"":""英雄伝説 碧の軌跡"",""cn"":""英雄传说：碧之轨迹"",""ty"":""游戏"",""y"":2011,""pop"":0},{""t"":""英雄伝説 空の軌跡SC Evolution"",""cn"":""英雄传说 空之轨迹SC Evolution"",""ty"":""游戏"",""y"":2015,""pop"":0},{""t"":""英雄伝説 空の軌跡FC Evolution"",""cn"":""英雄传说 空之轨迹FC Evolution"",""ty"":""游戏"",""y"":2015,""pop"":0}]",エレボニア皇帝、ユーゲントⅢ世の長子にして旧Ⅶ組(特科クラス)の発起人。放蕩皇子とも呼ばれる趣味人だが、庶出のため既に皇位継承権は放棄している。 内戦時は紅き翼・巡洋艦《カレイジャス》をトールズ士官学院に託し、帝国西部でミュラーと共に「自由への風」という活動を開始。戦火で苦しむ人々が自分たちの力で立ち上がれるよう援助していた。 内戦終結後、勝利者となった鉄血宰相・オズボーンが“総取り”の形で帝国全土を掌握。,100,0,0,100,,https://lain.bgm.tv/pic/crt/l/43/fa/12359_crt_pHKEu.jpg?r=1495694453,https://lain.bgm.tv/r/400/pic/crt/l/43/fa/12359_crt_pHKEu.jpg?r=1495694453,,,,,https://bgm.tv/character/12359,,12359
bgm-bgm27755,vndb,4,1,,,中丘 ちまち,Nakaoka Chimachi,,女,,,Galgame,Galgame,残念な俺達の青春事情。,,2014,Galgame,"[{""t"":""残念な俺達の青春事情。"",""cn"":"""",""ty"":""Galgame"",""y"":2014,""pop"":97},{""t"":""残念な俺達の青春事情"",""cn"":"""",""ty"":""Galgame"",""y"":2014,""pop"":0}]",純粋無垢な笑顔が眩しい、守銭奴系後輩。 非公式生徒会の中では一番年下なので、みんなから妹分として可愛がられている。 お金が絡むと途端にシビアになるためよく勘違いされてしまうが、ただのケチというわけではなく、使うべき時には出し惜しみしない。 仲間内ではマスコットキャラと経理を担当し、日頃からその才を遺憾なく発揮する。 「世の中ね、お金で解決できないことって実はあんまりないよ？」,97,0,97,8,,https://lain.bgm.tv/pic/crt/l/78/41/27755_crt_wIhIm.jpg,https://lain.bgm.tv/r/400/pic/crt/l/78/41/27755_crt_wIhIm.jpg,https://t.vndb.org/ch/20/28820.jpg,,Blond Short Teen Slim Pale School Uniform Cooking Cowgirl Standing Sex Violet,,https://bgm.tv/character/27755,https://vndb.org/c23228,27755
bgm-bgm11664,vndb,4,1,,野野宫千纱,野々宮 千紗,Nonomiya Chisa,,女,A,,Galgame,Galgame,AQUA,,2011,Galgame,"[{""t"":""AQUA"",""cn"":"""",""ty"":""Galgame"",""y"":2011,""pop"":97},{""t"":""AQUA"",""cn"":"""",""ty"":""Galgame"",""y"":2011,""pop"":0}]",拘谨、不显眼、对任何人都很温柔的天然呆青梅竹马。 在7年前的事故中，颯太以为千纱已经去世了。 而后又与颯太生活在同一个屋檐下。 擅长料理，但有时会做些很了不得的料理让颯太他们很为难。 被大家所喜爱，全班男生的新娘。,97,0,97,11,,https://lain.bgm.tv/pic/crt/l/32/3a/11664_crt_J041D.jpg,https://lain.bgm.tv/r/400/pic/crt/l/32/3a/11664_crt_J041D.jpg,https://t.vndb.org/ch/81/91581.jpg,,Brown Shoulder-length Teen Slim Pale School Uniform Missionary Blowjob Virgin Sex Apron,,https://bgm.tv/character/11664,https://vndb.org/c27073,11664
vndb-c25504,vndb,4,1,,劫,,Zed,Puppet Master,男,O,,Galgame,Galgame,Freak-Quency,,2014,Galgame,,彻底抛弃了仁慈与怜悯的劫，是影流教派的领袖。他创立影流的目标是将艾欧尼亚的魔法和传统武术用于实战，驱逐诺克萨斯侵略者。在战争中，绝望指引他开启了神秘的暗影形态。这是一种恶灵魔法，虽然强大，但同时非常危险且有腐化之力。劫已经完全掌握了这种禁忌之术，用它摧毁自己眼中的威胁，维护自己的国家，以及自己的教派。,95,0,95,5,,https://lain.bgm.tv/pic/crt/l/f8/46/86388_crt_m7Skx.jpg,https://lain.bgm.tv/r/400/pic/crt/l/f8/46/86388_crt_m7Skx.jpg,https://t.vndb.org/ch/64/31264.jpg,,Cooking Fighting Young-adult Mask Thief Relaxed Hoodie Disguise Secret Identity Mysterious,,https://bgm.tv/character/86388,https://vndb.org/c25504,86388
vndb-c46857,vndb,4,1,,,綿貫 あやめ,Watanuki Ayame,,女,A,,Galgame,Galgame,あま恋シロップス ～恥じらう恋心でシたくなる甘神様の恋祭り～,,2015,Galgame,,"Tsuyuri's mother and the owner of the ""Misoka An"".",91,0,91,0,,https://t.vndb.org/ch/83/56283.jpg,https://t.vndb.org/ch/83/56283.jpg,,#bbba94 #857b75 #e5cab2 #f3eedb #fcfaed #ffffff,Brown Bob Cut Curtained Slim Pale Violet Friendly Mother Teasing Kind,,,https://vndb.org/c46857,
bgm-bgm19048,vndb,4,1,,,橘 きっか,Tachibana Kikka,,女,AB,,Galgame,Galgame,妹選抜☆総選挙 ～365人の妹いちゃラブマニフェスト～,,2011,Galgame,"[{""t"":""妹選抜☆総選挙 ～365人の妹いちゃラブマニフェスト～"",""cn"":"""",""ty"":""Galgame"",""y"":2011,""pop"":88},{""t"":""第2回妹選抜☆総選挙 ～366人目の妹いちゃラブ後日談～"",""cn"":"""",""ty"":""Galgame"",""y"":2012,""pop"":56},{""t"":""第2回妹選抜☆総選挙 〜365人の妹いちゃラブ後日談〜"",""cn"":""第二回妹选拔总选举"",""ty"":""Galgame"",""y"":2012,""pop"":0},{""t"":""妹選抜☆総選挙 ～365人の妹いちゃラブマニフェスト～"",""cn"":""妹选拔总选举"",""ty"":""Galgame"",""y"":2011,""pop"":0}]",被哥哥爱着，率真地成长起来的妹妹。 因为总是兄妹2人，所以憧憬热闹的家庭。 平易近人，喜欢祭典。最重视的是哥哥和姐姐。 アル来了后，叫着「我终于成为姐姐了！」而兴奋起来。 ～亲热恋爱后日谈『实妹眼中的橘家大事情』～ 就任妹会会长后依旧以高涨的情绪为橘家制造活力。 虽然最喜欢哥哥，但也很喜欢姐姐。 每天都在摸索让全家人变得最幸福的方法。 「呐，哥哥……喜欢我吗？」,88,0,88,5,,https://lain.bgm.tv/pic/crt/l/39/c2/19048_crt_PUcXb.jpg,https://lain.bgm.tv/r/400/pic/crt/l/39/c2/19048_crt_PUcXb.jpg,https://t.vndb.org/ch/24/40624.jpg,,Short Teen Slim Pale School Uniform Missionary Blowjob Virgin Sex Blue Full Sister,,https://bgm.tv/character/19048,https://vndb.org/c33837,19048
bgm-bgm47059,vndb,4,1,,,高司 智沙,Takatsukasa Chisa,,女,AB,,Galgame,Galgame,Signal Heart,,2009,Galgame,"[{""t"":""Signal Heart"",""cn"":"""",""ty"":""Galgame"",""y"":2009,""pop"":86},{""t"":""Signal Heartぷらす"",""cn"":"""",""ty"":""Galgame"",""y"":2009,""pop"":44},{""t"":""Signal Heart"",""cn"":"""",""ty"":""Galgame"",""y"":2009,""pop"":0},{""t"":""Signal Heart ぷらす"",""cn"":"""",""ty"":""Galgame"",""y"":2009,""pop"":0}]",表向きは面倒見のよい、女子寮の寮長。 頭脳明晰、スポーツ万能。 見た目もよく、男子・女子ともに人気が高い。 しかし、裏に回ると権謀術数を駆使し、自分の思う通りに物事を運ぶことが好き。 基本的に人の迷惑をかえりみず、『自分が面白ければそれでいい』タイプでもある。 その為、一部の教師・生徒に異常に恐れられているらしい。 「気にしないで。私は気にしてないから」,86,0,86,1,,https://lain.bgm.tv/pic/crt/l/69/29/47059_crt_632tm.jpg,https://lain.bgm.tv/r/400/pic/crt/l/69/29/47059_crt_632tm.jpg,https://t.vndb.org/ch/08/88008.jpg,,Violet Waist Length+ Wavy Teen Pale School Uniform Sweater Dress Shoes Missionary Virgin Sex,,https://bgm.tv/character/47059,https://vndb.org/c3264,47059
bgm-bgm107875,vndb,4,1,,,天道 剣,Tendou Tsurugi,,男,AB,,Galgame,Galgame,Signal Heart,,2009,Galgame,"[{""t"":""Signal Heart"",""cn"":"""",""ty"":""Galgame"",""y"":2009,""pop"":86},{""t"":""Signal Heartぷらす"",""cn"":"""",""ty"":""Galgame"",""y"":2009,""pop"":44},{""t"":""Signal Heart"",""cn"":"""",""ty"":""Galgame"",""y"":2009,""pop"":0},{""t"":""Signal Heart ぷらす"",""cn"":"""",""ty"":""Galgame"",""y"":2009,""pop"":0}]",可愛らしい外見とは裏腹に、女の子が大好き。 かなりのお調子者で能天気な性格をしており、 細かいことはあまり気にしなかったり。 夢は、美人で優しい彼女を作る事。 甘いものが好きで、ここねとスイーツ同好会を結成している。,86,0,86,0,,https://lain.bgm.tv/pic/crt/l/78/c2/107875_crt_9w3Fb.jpg,https://lain.bgm.tv/r/400/pic/crt/l/78/c2/107875_crt_9w3Fb.jpg,https://t.vndb.org/ch/15/88015.jpg,,Brown Cross-dressing Trap Teen Pale School Uniform Amnesia Doggy Style Blowjob Necktie,,https://bgm.tv/character/107875,https://vndb.org/c3268,107875
vndb-c23263,vndb,4,1,,,結城 優希,Yuuki Yuuki,,男,AB,,Galgame,Galgame,しあわせ家族部,,2012,Galgame,,,86,0,86,0,,https://t.vndb.org/ch/51/87851.jpg,https://t.vndb.org/ch/51/87851.jpg,,#705451 #b68c85 #f3e9de #cecbcb #f6f6f6 #ffffff,Brown Long Teen School Uniform Trousers Blue Necktie Jeans Hoodie High School Student,,,https://vndb.org/c23263,
vndb-c10383,vndb,4,1,,,神坂 春姫,Kamisaka Haruhi,Hime / 姫,女,A,,Galgame,Galgame,はぴねす！,,2005,Galgame,"[{""t"":""はぴねす！"",""cn"":"""",""ty"":""Galgame"",""y"":2005,""pop"":81},{""t"":""はぴねす！りらっくす"",""cn"":"""",""ty"":""Galgame"",""y"":2006,""pop"":48}]","Haruhi is the main heroine in the story. She is a mage in training and is seen as very skilled amongst her peers, who have been known to think of her as a genius when it comes to using magic.",81,0,81,0,,https://t.vndb.org/ch/12/11512.jpg,https://t.vndb.org/ch/12/11512.jpg,,#edac87 #b7725f #dfccc9 #efeae5 #fdfeff,Brown Long Curtained Teen Slim Pale School Uniform Magician Missionary Doggy Style,,,https://vndb.org/c10383,
bgm-bgm46377,vndb,4,1,,安艺柑夏,安芸 柑夏,Aki Kanna,,女,,,Galgame,Galgame,俺が校則！中出し以外は校則違反！！！ ～女子校生全員中出し完全制圧計画～,,2016,Galgame,"[{""t"":""俺が校則！中出し以外は校則違反！！！ ～女子校生全員中出し完全制圧計画～"",""cn"":"""",""ty"":""Galgame"",""y"":2016,""pop"":80},{""t"":""俺が校則！中出し以外は校則違反!!! ～女子校生全員中出し完全制圧計画～"",""cn"":"""",""ty"":""Galgame"",""y"":2016,""pop"":0}]",その筋では有名なコスプレイヤー。 Cos_Toxicosis（コス_トキシコーシス）のイベントによく参加している。 学園内でも部活と称して、コスプレ衣装で闊歩している。 許可なしに撮影すると怒られるが、声をかけるとノリ良くポーズをとってくれる。 精多にはコスROMを売りつけようとしてくる。 広居密花とネットでバンドを組んでおり、コスプレをしてボーカルを担当している。,80,0,80,2,,https://lain.bgm.tv/pic/crt/l/48/31/46377_crt_Nselh.jpg,https://lain.bgm.tv/r/400/pic/crt/l/48/31/46377_crt_Nselh.jpg,https://t.vndb.org/ch/79/66179.jpg,,Blond Waist Length+ Wavy Teen Slim Pale School Uniform Missionary Blowjob Virgin Sex,,https://bgm.tv/character/46377,https://vndb.org/c55538,46377
vndb-c74533,vndb,4,1,,,,Antonio DeLuca,,男,,,Galgame,Galgame,The DeLuca Family: Season 1,,2019,Galgame,,Eldest son and the Capo Bastone of the DeLuca family.,78,0,78,0,,https://t.vndb.org/ch/07/90207.jpg,https://t.vndb.org/ch/07/90207.jpg,,#626c7a #7a6d5e #9ca2ac #0f0e0e #47474b #e5e6ea,Black Blue Shirt Friendly Husband Son Mafia Murder Loyal Stubble,,,https://vndb.org/c74533,
vndb-c167141,vndb,4,1,,,,Patches Ito,,男,,,Galgame,Galgame,Purrfect Apawcalypse,,2019,Galgame,"[{""t"":""Purrfect Apawcalypse"",""cn"":"""",""ty"":""Galgame"",""y"":2019,""pop"":78},{""t"":""Purrfect Apawcalypse: Purrgatory Furever"",""cn"":"""",""ty"":""Galgame"",""y"":2019,""pop"":46},{""t"":""Purrfect Apawcalypse: Patches' Infurno"",""cn"":"""",""ty"":""Galgame"",""y"":2020,""pop"":38}]",,78,0,78,0,,https://t.vndb.org/ch/90/197090.jpg,https://t.vndb.org/ch/90/197090.jpg,,#5b3590 #8c8cc9 #c6bdcb #f5e8e3 #ffffff,Grey Knife Cold-hearted Dog Multicolored Mass Murder Body Swap Serial Killer School Literature Club Member Avoidable Murder,,,https://vndb.org/c167141,
vndb-c70170,vndb,4,1,,,百瀬 壮一,Momose Souichi,Momo,男,O,,Galgame,Galgame,夜が来る！-Square of the MOON-,夜来了,2001,Galgame,,"A first-year who met Ryou and the others after an incident. He knew of the Light Hunters and declared his intent to help fight them. He has no special ability, but he makes up for it with guts and enthusiasm.",77,0,77,0,,https://t.vndb.org/ch/44/84644.jpg,https://t.vndb.org/ch/44/84644.jpg,,#cabfb6 #796e6d #100f11 #dedcda #f3f3f3 #ffffff,Black Blond Short Cross-dressing Teen Slim Pale School Uniform Hotblooded Amber,,,https://vndb.org/c70170,
bgm-bgm160882,vndb,4,1,,小珠,ビーズちゃん,Beads McVitie,Beads-chan,女,,,Galgame,Galgame,ハナヒメ＊アブソリュート！,,2015,Galgame,"[{""t"":""ハナヒメ＊アブソリュート！"",""cn"":"""",""ty"":""Galgame"",""y"":2015,""pop"":75},{""t"":""ハナヒメ＊アブソリュート！"",""cn"":""花姬Absolute!"",""ty"":""Galgame"",""y"":2016,""pop"":0}]",現在不在中の虎春の両親に代わって、喫茶店を切り盛りする雇われマスター。 自称22才。 あくまで代理なのに、いつの間にか喫茶店内を自分色に装飾してしまっている。 さらには色々なお菓子を勝手に仕入れたり、創作ケーキを陽良子と作ったりと自由奔放に店を経営している。 とても美味い紅茶やコーヒーを淹れる技量を持ち、料理も基本的に上手。 本名は ビーズ・マクビティ。 自分ではしっかり者のつもりでお姉さんぶってはいるが、 色々とうっかりするので 温かい目で見られている。,75,0,75,1,,https://lain.bgm.tv/pic/crt/l/95/b2/160882_crt_SqQZ2.jpg,https://lain.bgm.tv/r/400/pic/crt/l/95/b2/160882_crt_SqQZ2.jpg,https://t.vndb.org/ch/84/50484.jpg,,Blond Waist Length+ Teen Slim Pale Cooking Headband Pantyhose Friendly Waitstaff,,https://bgm.tv/character/160882,https://vndb.org/c42031,160882
bgm-bgm205052,vndb,4,1,,,巴 征道,Tomoe Yukimichi,,男,B,,Galgame,Galgame,ときめきメモリアル Girl's Side 4th Heart,,2021,Galgame,"[{""t"":""ときめきメモリアル Girl's Side 4th Heart"",""cn"":"""",""ty"":""Galgame"",""y"":2021,""pop"":73},{""t"":""ときめきメモリアル Girl’s Side 4th Heart"",""cn"":""心跳回忆女生版4"",""ty"":""Galgame"",""y"":2021,""pop"":0}]",はばたき市にある柔道場「巴道場」の三男。兄弟の中でも飛びぬけた柔道センスを持ち，中学時代には全国制覇を成し遂げた可愛らしいツワモノ ※巴 征道は「ときめきメモリアル Girl’s Side 4th Heart」本編のほかに，追加ダウンロードコンテンツ「DLC2 巴 征道（CV：代永 翼）」の購入が必要です,73,0,73,0,,https://lain.bgm.tv/pic/crt/l/7a/bd/205052_crt_4kkRP.jpg,https://lain.bgm.tv/r/400/pic/crt/l/7a/bd/205052_crt_4kkRP.jpg,https://t.vndb.org/ch/09/132109.jpg,,Cross-dressing Judo,,https://bgm.tv/character/205052,https://vndb.org/c109860,205052
bgm-bgm156520,bangumi,4,1,,花海佑芽,花海佑芽,Hanami Ume,,其他,AB,,动画|游戏,游戏,学園アイドルマスター,学园偶像大师,2024,游戏,"[{""t"":""学園アイドルマスター"",""cn"":""学园偶像大师"",""ty"":""游戏"",""y"":2024,""pop"":0},{""t"":""The Rolling Riceball"",""cn"":"""",""ty"":""音乐"",""y"":2025,""pop"":0},{""t"":""学園アイドルマスター Story of Re;IRIS"",""cn"":""学园偶像大师 Story of Re;IRIS"",""ty"":""动画"",""y"":2026,""pop"":0},{""t"":""“Story of Re;IRIS”初星学园的日常"",""cn"":""“Story of Re;IRIS”初星学园的日常"",""ty"":""动画"",""y"":2026,""pop"":0}]",補欠入学の新入生。元気いっぱい、身体能力抜群の元アスリート。 姉である咲季のことが大大大大大好きで、心から尊敬し、ライバル視し、最大の目標としている。 咲季の献身的なサポートによって、アイドルの才能を開花させていく。,72,0,0,72,,https://lain.bgm.tv/pic/crt/l/2a/ee/156520_crt_1ITii.jpg?r=1739576993,https://lain.bgm.tv/r/400/pic/crt/l/2a/ee/156520_crt_1ITii.jpg?r=1739576993,,,,,https://bgm.tv/character/156520,,156520
bgm-bgm45923,bangumi,4,1,,古贺小春,古賀小春,Koga Koharu,,其他,O,,动画|漫画|游戏,动画,アイドルマスター シンデレラガールズ U149,偶像大师 灰姑娘女孩 U149,2023,动画,"[{""t"":""アイドルマスター シンデレラガールズ U149"",""cn"":""偶像大师 灰姑娘女孩 U149"",""ty"":""动画"",""y"":2023,""pop"":0},{""t"":""アイドルマスター シンデレラガールズ スターライトステージ"",""cn"":""偶像大师 灰姑娘女孩 星光舞台"",""ty"":""游戏"",""y"":2015,""pop"":0},{""t"":""アイドルマスター シンデレラガールズ U149"",""cn"":""偶像大师 灰姑娘女孩 U149"",""ty"":""漫画"",""y"":2017,""pop"":0},{""t"":""アイドルマスター シンデレラガールズ"",""cn"":""偶像大师 灰姑娘女孩"",""ty"":""游戏"",""y"":2011,""pop"":0}]",BNEI与Cygames开发的手机游戏《偶像大师 灰姑娘女孩》系列的公主偶像。 2012/03/15初登场于游戏大阪地区，所有的登场卡片几乎都与“公主”有所联系，并大多穿着公主服的萝莉偶像。 拥有一只名为「Hyou君」的蜥蜴，不仅很享受被蜥蜴舔舔舔的快感，似乎也会舔回去(?)。,71,0,0,71,,https://lain.bgm.tv/pic/crt/l/8f/69/45923_crt_osDGb.jpg,https://lain.bgm.tv/r/400/pic/crt/l/8f/69/45923_crt_osDGb.jpg,,,,,https://bgm.tv/character/45923,,45923
vndb-c21499,vndb,4,1,,,桜哉,Sakuya,,男,,,Galgame,Galgame,桜哉,,2013,Galgame,"[{""t"":""桜哉"",""cn"":"""",""ty"":""Galgame"",""y"":2013,""pop"":71},{""t"":""Sweet Present for Shin"",""cn"":"""",""ty"":""Galgame"",""y"":2013,""pop"":13}]","An android created by Akane's father. There are a few oddities that are apparent in his feelings and speech, but other than that, the workings of his brain are identical to a human's.",71,0,71,0,,https://t.vndb.org/ch/73/26673.jpg,https://t.vndb.org/ch/73/26673.jpg,,#996f66 #c4d3dd #edd9cc #b6aead #ffffff,Brown Ahoge Short Straight Slim Pale Trousers Cooking Blue Young-adult,,,https://vndb.org/c21499,
bgm-bgm26642,vndb,4,1,,,蝶乃 春,Chouno Haru,,女,AB,,Galgame,Galgame,Bunny Paradise ばにぱら ～恋人全員バニー化計画～,,2014,Galgame,"[{""t"":""Bunny Paradise ばにぱら ～恋人全員バニー化計画～"",""cn"":"""",""ty"":""Galgame"",""y"":2014,""pop"":69},{""t"":""Bunny Paradise ばにぱら ～恋人全員バニー化計画～"",""cn"":"""",""ty"":""Galgame"",""y"":2014,""pop"":0}]",主人公の従姉で幼なじみ。 さらに婚約者筆頭。 学園でも主人公の実家でも天使のようだと評判。 だが、主人公と二人の時は態度が豹変して、悪魔のような性格の乱暴者に変わる。 なので主人公は日夜 彼女から逃げたいと思っているが、逃げられる目処は立っていない。 「真輔さん、いつまでも学生気分じゃいけないわ。ちゃんと私の奴隷って自覚を持っていただかないと。 じゃないとメガネ割っちゃいますよ？ 頭蓋骨ごと～☆」,69,0,69,5,1,https://lain.bgm.tv/pic/crt/l/15/d0/26642_crt_E05e7.jpg,https://lain.bgm.tv/r/400/pic/crt/l/15/d0/26642_crt_E05e7.jpg,https://t.vndb.org/ch/07/28707.jpg,,Blond Waist Length+ Teen Slim Pale School Uniform Missionary Doggy Style Cowgirl Green,,https://bgm.tv/character/26642,https://vndb.org/c23127,26642
bgm-bgm25720,vndb,4,1,,,玖珂 エリカ,Kuga Erika,,女,,,Galgame,Galgame,恋愛リベンジ,,2014,Galgame,"[{""t"":""恋愛リベンジ"",""cn"":"""",""ty"":""Galgame"",""y"":2014,""pop"":67},{""t"":""恋愛リベンジ"",""cn"":"""",""ty"":""Galgame"",""y"":2014,""pop"":0}]",リエル付きのメイド。 落ち着いた雰囲気のメイドさん。 忍者のように身のこなしが軽い。 “脅迫リスト”という人の弱みを書き記した本を常に携帯している。 「さぁ、恥ずかしい秘密を教えてくださいませ」,67,0,67,3,,https://lain.bgm.tv/pic/crt/l/60/af/25720_crt_GbmAM.jpg,https://lain.bgm.tv/r/400/pic/crt/l/60/af/25720_crt_GbmAM.jpg,https://t.vndb.org/ch/54/25254.jpg,,Violet Ponytail Waist Length+ Pale School Uniform Orphan Blue Young-adult Thigh-high Stockings Friendly,,https://bgm.tv/character/25720,https://vndb.org/c20295,25720
vndb-c27416,vndb,4,1,,,月下 美刃,Gekka Bijin,,女,,,Galgame,Galgame,恋せよ!!妹番長,,2013,Galgame,,"A mysterious white-clad leader suddenly appeared one night. She detests wicked deeds and takes to the streets at night to punish evildoers. However, no one knows who this person really is.",66,0,66,0,1,https://t.vndb.org/ch/12/33412.jpg,https://t.vndb.org/ch/12/33412.jpg,,#dab7ba #896b6d #e9dad8 #f6f2e8 #f9f9f9,Pink Long Teen Slim Pale Hotblooded Blue Hood Boots Thigh-high Stockings,,,https://vndb.org/c27416,
bgm-bgm37894,vndb,4,1,,,乃神 かな子,Nogami Kanako,,女,,,Galgame,Galgame,恋せよ!!妹番長,,2013,Galgame,"[{""t"":""恋せよ!!妹番長"",""cn"":"""",""ty"":""Galgame"",""y"":2013,""pop"":66},{""t"":""恋せよ!!妹番長"",""cn"":"""",""ty"":""Galgame"",""y"":2013,""pop"":0}]",お兄ちゃんのことは大好きだが、自分に自信がないためお兄ちゃん争奪戦には参加していない。 正義のヒーローに憧れており、変身ヒロインモノのアニメや戦隊モノを好んで見ている。 「お久しぶりです、兄さん」,66,0,66,4,,https://lain.bgm.tv/pic/crt/l/33/b5/37894_crt_CcunB.jpg,https://lain.bgm.tv/r/400/pic/crt/l/33/b5/37894_crt_CcunB.jpg,https://t.vndb.org/ch/01/33401.jpg,,Pink Waist Length+ Curtained Straight Teen Slim Pale Missionary Virgin Sex Group Sex,,https://bgm.tv/character/37894,https://vndb.org/c20394,37894
bgm-bgm35597,vndb,4,1,,,架月院 乃蒼,Kagetsuin Noa,,女,B,,Galgame,Galgame,ナデレボ！,,2015,Galgame,"[{""t"":""ナデレボ！"",""cn"":"""",""ty"":""Galgame"",""y"":2015,""pop"":65},{""t"":""ナデレボ！"",""cn"":""抚子革命"",""ty"":""Galgame"",""y"":2015,""pop"":0}]",とても優しい学園の先輩。 優等生で教師からの信頼は厚い。 手芸部の部長を務めており、手先が器用。 あらゆる面で好き嫌いが激しく、人の気持ちにとても敏感。 一樹に対しては非常にフレンドリーに接してくる。 「えへへ、おはよう如月くんっ。 今日も元気そうで先輩嬉しいなぁ？」,65,0,65,7,,https://lain.bgm.tv/pic/crt/l/f2/a6/35597_crt_JhMJY.jpg,https://lain.bgm.tv/r/400/pic/crt/l/f2/a6/35597_crt_JhMJY.jpg,https://t.vndb.org/ch/13/44313.jpg,,Blond Twin Tails Waist Length+ Straight Brown Teen Slim Pale School Uniform Doggy Style,,https://bgm.tv/character/35597,https://vndb.org/c36689,35597
vndb-c64724,vndb,4,1,,,迫水 あやめ,Sakomizu Ayame,,女,AB,,Galgame,Galgame,処女はお姉さまに恋してる 3つのきら星,,2018,Galgame,,,64,0,64,0,,https://t.vndb.org/ch/76/85776.jpg,https://t.vndb.org/ch/76/85776.jpg,,#892141 #aa8e8f #d0bfbb #ebdfd6 #f7f3eb #ffffff,Shoulder-length Teen Slim Pale School Uniform Green Headband Twin Sister High School Student Grey,,,https://vndb.org/c64724,
bgm-bgm58351,vndb,4,1,,,迫水 すみれ,Sakomizu Sumire,,女,AB,,Galgame,Galgame,処女はお姉さまに恋してる 3つのきら星,,2018,Galgame,"[{""t"":""処女はお姉さまに恋してる 3つのきら星"",""cn"":"""",""ty"":""Galgame"",""y"":2018,""pop"":64},{""t"":""処女はお姉さまに恋してる 3つのきら星"",""cn"":""少女爱上姐姐 三颗闪耀之星"",""ty"":""Galgame"",""y"":2018,""pop"":0}]",キミリア寮生でもあり、奉仕会にも所属する双子の姉妹。寮ではすみれが寮監督生を務めている。 とある会社社長の娘であったが、中学生の頃に両親が事故死。現在は、かつて共同経営者であったその会社の新社長が私縁から後見人となり、実家の資産を処分して、姉妹は寮住まいをしている。 姉すみれはその経験からたくましさがあり、妹あやめはその姉を溺愛しており精神の方はやや未熟で、わがまま盛りなところがある。 互いに「すみちゃん」「あやちゃん」と呼び合っている。,64,0,64,3,,https://lain.bgm.tv/pic/crt/l/0b/dd/58351_crt_bQBQ9.jpg,https://lain.bgm.tv/r/400/pic/crt/l/0b/dd/58351_crt_bQBQ9.jpg,https://t.vndb.org/ch/77/85777.jpg,,Shoulder-length Teen Slim Pale School Uniform Green Headband Twin Sister High School Student Grey,,https://bgm.tv/character/58351,https://vndb.org/c64723,58351
vndb-c22572,vndb,4,1,,,神威 翔,Kamui Kakeru,,男,,,Galgame,Galgame,悪魔と恋する１０日間,,2010,Galgame,,"Kamui Kakeru is one of the characters you can date in the game 10 Days With My Devil. His interest is Researching Proverbs. Often says ""Quit complaining.""",63,0,63,0,,https://t.vndb.org/ch/64/27864.jpg,https://t.vndb.org/ch/64/27864.jpg,,#6c6143 #52422f #e9c993 #2e5264 #18191a,Brown Short Brown Young-adult Prince Teasing Arrogant Demon Rude Hosome,,,https://vndb.org/c22572,
bgm-bgm14835,vndb,4,1,,间咲野乃花,間咲 ののか,Masaki Nonoka,,女,B,,动画|Galgame,Galgame,フォトカノ,,2012,Galgame,"[{""t"":""フォトカノ"",""cn"":"""",""ty"":""Galgame"",""y"":2012,""pop"":62},{""t"":""フォトカノ Kiss"",""cn"":""写真女友 Kiss"",""ty"":""Galgame"",""y"":2013,""pop"":0},{""t"":""フォトカノ"",""cn"":""写真女友"",""ty"":""Galgame"",""y"":2012,""pop"":0},{""t"":""フォトカノ"",""cn"":""写真女友"",""ty"":""动画"",""y"":2013,""pop"":0}]",運動神経抜群。成績は中の下。明るい性格で男女問わず友だちが多い。ソフトボール部のエースピッチャー。恋に疎いのが玉にきずで、天然。主人公とは同じ中学の出身で仲がいいのだが…。 （性格开朗，运动神经拔群，垒球部的王牌，但是对恋爱却非常迟钝。）,62,0,62,19,,https://lain.bgm.tv/pic/crt/l/ff/96/14835_crt_SX6M1.jpg,https://lain.bgm.tv/r/400/pic/crt/l/ff/96/14835_crt_SX6M1.jpg,https://t.vndb.org/ch/17/60017.jpg,,Twin Tails Curtained Brown Teen Slim Pale School Uniform Sport Bloomers Carefree Outgoing,,https://bgm.tv/character/14835,https://vndb.org/c50213,14835
bgm-bgm87932,vndb,4,1,,泷俊介,滝 俊介,Taki Shunsuke,,男,O,,动画|Galgame,Galgame,学園ヘヴン BOY'S LOVE SCRAMBLE!,,2002,Galgame,"[{""t"":""学園ヘヴン BOY'S LOVE SCRAMBLE!"",""cn"":"""",""ty"":""Galgame"",""y"":2002,""pop"":62},{""t"":""学園へヴン おかわりっ!"",""cn"":"""",""ty"":""Galgame"",""y"":2005,""pop"":14},{""t"":""学園ヘヴン BOY'S LOVE SCRAMBLE!"",""cn"":""学园天堂"",""ty"":""Galgame"",""y"":2002,""pop"":0},{""t"":""学園ヘヴン2～DOUBLE SCRAMBLE！～"",""cn"":""学园天堂2"",""ty"":""Galgame"",""y"":2014,""pop"":0},{""t"":""学園ヘヴン おかわりっ"",""cn"":""学园天堂 再来一碗"",""ty"":""Galgame"",""y"":2005,""pop"":0},{""t"":""学園ヘヴン"",""cn"":""学园天堂"",""ty"":""动画"",""y"":2006,""pop"":0}]",広い学園内を自転車に乗って お届けものして回る、 学園デリバリー（もちろん有料）。 大阪生まれの大阪育ち。 メシにはタコ焼き、焼肉にはキャベツ。とにかく食べることが好きで、 学園の学食には不満。 人なつっこい性格で、誰にでも気軽に 話し掛けてくる。,62,0,62,1,,https://lain.bgm.tv/pic/crt/l/f3/a4/87932_crt_5B40N.jpg,https://lain.bgm.tv/r/400/pic/crt/l/f3/a4/87932_crt_5B40N.jpg,https://t.vndb.org/ch/06/25406.jpg,,Red Short Cooking Green Blackmail Spy Hoodie High School Student Food Lover Energetic,,https://bgm.tv/character/87932,https://vndb.org/c20411,87932
bgm-bgm55800,vndb,4,1,,晓哲,暁 哲,Akatsuki Tetsu,,男,,,Galgame,Galgame,監獄少年,,2017,Galgame,"[{""t"":""監獄少年"",""cn"":"""",""ty"":""Galgame"",""y"":2017,""pop"":61},{""t"":""監獄少年"",""cn"":""监狱少年"",""ty"":""Galgame"",""y"":2017,""pop"":0}]",本作品的主角。 为了收容了自己的冴木家的凪，就任于监狱十二阶。 正义感很强烈，在执行任务的途中开始对帝国主义与监狱十二阶的制度产生质疑。,61,0,61,3,,https://lain.bgm.tv/pic/crt/l/d5/6f/55800_crt_q5iBH.jpg,https://lain.bgm.tv/r/400/pic/crt/l/d5/6f/55800_crt_q5iBH.jpg,https://t.vndb.org/ch/97/87397.jpg,,Brown Short Sword Orphan Assault Red Step Brother Police Non-blood-related Brother Kind,,https://bgm.tv/character/55800,https://vndb.org/c72191,55800
vndb-c30817,vndb,4,1,,,クラウス・エアハルト,Kraus Erhart,,男,,,Galgame,Galgame,断罪のマリア　THE EXORCISM OF MARIA,,2009,Galgame,,"He was born in Jerusalem and raised in Germany. A self proclaimed dancing, singing exorcist. He's a cheerful moodmaker and moody. He is the only other member of the Spiritus Corps who has a demon, Portugieser, by his side.",59,0,59,0,,https://t.vndb.org/ch/96/36996.jpg,https://t.vndb.org/ch/96/36996.jpg,,#54576a #171a23 #8f8fa0 #bebec8 #e4e4e8 #ffffff,Violet Short Teen Pale Uniform Amber Earrings Cross Necklace Gloves Foreigner,,,https://vndb.org/c30817,
bgm-bgm23044,vndb,4,1,,弗洛莱索兹亚,フロレンシア,Florencia,,女,A,,Galgame,Galgame,空飛ぶ羊と真夏の花 -When girls wish upon a star.-,,2014,Galgame,"[{""t"":""空飛ぶ羊と真夏の花 -When girls wish upon a star.-"",""cn"":"""",""ty"":""Galgame"",""y"":2014,""pop"":56},{""t"":""空飛ぶ羊と真夏の花 -When girls wish upon a star.-"",""cn"":""飞翔之羊与盛夏之花"",""ty"":""Galgame"",""y"":2014,""pop"":0}]",琴耶と同い年で学生ながら、此花宮邸のメイド長を務める女性。 幼少期から傭兵として各地の戦場を巡ってきたと自称し、護身術の実習で荒事をくぐってきた恵介でも絶対に戦いたくないと思うほどの実力を持つ。 メイド 兼 琴耶の護衛で、太ももに常に武器を吊っている。 芽愛とは互いに “強者” として認め合うライバル関係。 琴耶に対しての忠誠心は深いが、仕事以外では親友と言える信頼関係にある。 「琴耶様を守るためになら、私はあえて 『銀色の豹』 と呼ばれた頃に戻りましょう」,56,0,56,5,,https://lain.bgm.tv/pic/crt/l/4f/28/23044_crt_9mJ7a.jpg,https://lain.bgm.tv/r/400/pic/crt/l/4f/28/23044_crt_9mJ7a.jpg,https://t.vndb.org/ch/66/22166.jpg,,Shoulder-length Teen Slim Pale Amber Hair Ribbon Maid Bodyguard Maid's Dress Protective,,https://bgm.tv/character/23044,https://vndb.org/c17545,23044
bgm-bgm141375,vndb,4,1,,,藤岡 流雅,Fujioka Ryuuga,,男,B,,Galgame,Galgame,戯ィ牙 ～ファンリューゲ†クリフォト～,,2017,Galgame,"[{""t"":""戯ィ牙 ～ファンリューゲ†クリフォト～"",""cn"":"""",""ty"":""Galgame"",""y"":2017,""pop"":56},{""t"":""戯ィ牙～ファンリューゲ†クリフォト～"",""cn"":"""",""ty"":""Galgame"",""y"":2017,""pop"":0}]",戯ィ牙になれる薬の存在を知り、世界征服を狙う、自称フリーターのニート。 パーティーピーポー体質。根拠のない超絶俺スゲー系。 ファンリューゲ被験者第一号。 巽の会社から借金をしており、返済できない時に、ファンリューゲの情報を利息代わりにと教えている。,56,0,56,0,,https://lain.bgm.tv/pic/crt/l/54/42/141375_crt_73VLL.jpg,https://lain.bgm.tv/r/400/pic/crt/l/54/42/141375_crt_73VLL.jpg,https://t.vndb.org/ch/43/77943.jpg,,Blond Shoulder-length Trousers Red Earrings Cross Necklace Monster Shapeshifting Ring Chain Jewellery,,https://bgm.tv/character/141375,https://vndb.org/c64832,141375
vndb-c90631,vndb,4,1,,,,Pizzaro Fire,,男,,,Galgame,Galgame,Pizzaro Project Deep Dish,,2020,Galgame,,,56,0,56,0,,https://t.vndb.org/ch/49/109249.jpg,https://t.vndb.org/ch/49/109249.jpg,,#cb4640 #cf9b89 #6e5573 #d8c7cc #ffffff,Red Short Slim Blue Young-adult Olive Gloves Jeans Idiot Friendly,,,https://vndb.org/c90631,
vndb-c24466,vndb,4,1,,,オフィーリア・U・ディーフェンベーカー,Ophelia U Diefenbaker,,女,O,,Galgame,Galgame,Soranica Ele,,2010,Galgame,,Seraph,55,0,55,0,,https://t.vndb.org/ch/08/88608.jpg,https://t.vndb.org/ch/08/88608.jpg,,#be8057 #cdb394 #f5dea2 #e7dfd6 #f9f3ea #ffffff,Blond Ahoge Waist Length+ Wavy Teen Slim Pale School Uniform Cowgirl Group Sex,,,https://vndb.org/c24466,
vndb-c20343,vndb,4,1,,,鳴子 蘭,Naruko Ran,,女,,,Galgame,Galgame,あやめの町とお姫様,,2013,Galgame,,,54,0,54,0,,https://t.vndb.org/ch/15/25315.jpg,https://t.vndb.org/ch/15/25315.jpg,,#a8978f #282d3c #cec6ba #f8eed2 #d7e6f4 #fffffe,Blond Shoulder-length Brown Teen Slim Pale School Uniform Doggy Style Cowgirl Blowjob,,,https://vndb.org/c20343,
bgm-bgm33853,bangumi,4,1,,小桥若叶,小橋若葉,Kohashi Wakaba,,其他,,,动画|漫画,动画,こみっくがーるず,漫画女孩,2018,动画,"[{""t"":""こみっくがーるず"",""cn"":""漫画女孩"",""ty"":""动画"",""y"":2018,""pop"":0},{""t"":""わかば＊ガール"",""cn"":""若叶女孩"",""ty"":""动画"",""y"":2015,""pop"":0},{""t"":""わかば＊ガール"",""cn"":""若叶少女"",""ty"":""漫画"",""y"":2013,""pop"":0}]",普通の高校に入学した、純真無垢なお嬢様。 すらっと高い身長に美しいプロポーション、整った顔立ちと三拍子揃っているが頭は悪い。 常に「〜ですわ」などのお嬢様口調で話す。家族は両親と姉がいる。 普通の女子高生やギャルらしいことに強い憧れを持つが、ギャル向けのゲームソフトと勘違いしてギャルゲーを購入するなど、どこかズレた感覚を持つ。,52,0,0,52,,https://lain.bgm.tv/pic/crt/l/78/27/33853_crt_9qqnZ.jpg?r=1436625874,https://lain.bgm.tv/r/400/pic/crt/l/78/27/33853_crt_9qqnZ.jpg?r=1436625874,,,,,https://bgm.tv/character/33853,,33853
vndb-c74185,vndb,4,1,,,椚 忍乃,Kunugi Shino,,女,,,Galgame,Galgame,ネムれる園の少女たち,,2018,Galgame,,"A 2nd year student at Kusakabe Academy. Beautiful, intelligent, athletic and holds the top scores in her grade. She is a student council member with a strong sense of responsibility. An ace in each part of life. That's her......",52,0,52,0,,https://t.vndb.org/ch/37/89837.jpg,https://t.vndb.org/ch/37/89837.jpg,,#b78e9f #f4c5db #55474e #fbeeda #f6e5ef #ffffff,Black Long Straight Green Teen Slim Pale School Uniform Proactive Hard Worker,,,https://vndb.org/c74185,
vndb-c393,vndb,4,1,,,摩周 慶一郎,Mashuu Keiichirou,,男,A,,Galgame,Galgame,姉、ちゃんとしようよっ！,跟大姊姊一起做吧！,2003,Galgame,"[{""t"":""姉、ちゃんとしようよっ！"",""cn"":""跟大姊姊一起做吧！"",""ty"":""Galgame"",""y"":2003,""pop"":50},{""t"":""姉、ちゃんとしようよっ！2"",""cn"":"""",""ty"":""Galgame"",""y"":2004,""pop"":36}]",,50,0,50,0,,https://t.vndb.org/ch/34/196934.jpg,https://t.vndb.org/ch/34/196934.jpg,,#222f32 #5e706c #edd2cf #afa5a6 #ffffff,Curtained Shoulder-length Slim Pale Violet Young-adult Suit Necktie Lawyer Flower / Plant,,,https://vndb.org/c393,
bgm-bgm154782,bangumi,4,1,,皇朔夜,皇サクヤ,Sumeragi Sakuya,皇咲夜,其他,A,,动画|Galgame,Galgame,コードギアス 反逆のルルーシュ ロストストーリーズ,Code Geass 反叛的鲁路修 Lost Stories,2022,Galgame,"[{""t"":""コードギアス 反逆のルルーシュ ロストストーリーズ"",""cn"":""Code Geass 反叛的鲁路修 Lost Stories"",""ty"":""Galgame"",""y"":2022,""pop"":0},{""t"":""コードギアス 奪還のロゼ 第2幕"",""cn"":""Code Geass 夺还的罗赛 第2幕"",""ty"":""动画"",""y"":2024,""pop"":0},{""t"":""コードギアス 奪還のロゼ 第1幕"",""cn"":""Code Geass 夺还的罗赛 第1幕"",""ty"":""动画"",""y"":2024,""pop"":0},{""t"":""コードギアス 奪還のロゼ 第3幕"",""cn"":""Code Geass 夺还的罗赛 第3幕"",""ty"":""动画"",""y"":2024,""pop"":0},{""t"":""コードギアス 奪還のロゼ 最終幕"",""cn"":""Code Geass 夺还的罗赛 最终幕"",""ty"":""动画"",""y"":2024,""pop"":0},{""t"":""コードギアス 奪還のロゼ"",""cn"":""Code Geass 夺还的罗赛"",""ty"":""动画"",""y"":2024,""pop"":0}]",ネオ・ブリタニアによって殺害されたホッカイドウブロックの領主、皇重護の娘。現在その身柄を囚われている。,47,0,0,47,,https://lain.bgm.tv/pic/crt/l/c6/35/154782_crt_gsS0V.jpg?r=1711888926,https://lain.bgm.tv/r/400/pic/crt/l/c6/35/154782_crt_gsS0V.jpg?r=1711888926,,,,,https://bgm.tv/character/154782,,154782
vndb-c141302,vndb,4,1,,,白田 琢朗,Shirota Takurou,Shirobuta / Mungi,男,,,Galgame,Galgame,街,,1998,Galgame,,A student at Midoriyama Academy High School. He is a rival erotic manga artist to Aoi Norio.,45,0,45,0,,,,,,High School Student Pseudonym Erotic Comic Artist,,,https://vndb.org/c141302,
vndb-c20945,vndb,4,1,,,新城 明奈,Shinjou Akina,,女,AB,,Galgame,Galgame,オタカノ -こんなに可愛い彼女がオタクなわけがない-,,2011,Galgame,,,42,0,42,0,,https://t.vndb.org/ch/00/26000.jpg,https://t.vndb.org/ch/00/26000.jpg,,#ac7095 #664662 #c6b1c2 #e7d9d6 #f4f2ef #ffffff,Violet Ponytail Teen School Uniform Doggy Style Blowjob Virgin Sex Amber Pantyhose Otaku,,,https://vndb.org/c20945,
bgm-bgm201889,vndb,4,1,,,羽鳥いつみ,Hatori Itsumi,,女,B,,Galgame,Galgame,慟哭 そして…,,1998,Galgame,"[{""t"":""慟哭 そして…"",""cn"":"""",""ty"":""Galgame"",""y"":1998,""pop"":41},{""t"":""慟哭 そして…"",""cn"":""恸哭之后…"",""ty"":""Galgame"",""y"":1998,""pop"":0},{""t"":""慟哭そして…"",""cn"":""恸哭之后…"",""ty"":""Galgame"",""y"":2018,""pop"":0}]",15歳の高校1年生だが、主人公とは違う高校に通っている。 掃除の時にホウキ野球をして窓を割ったり、推理小説を借りれば 読まずに犯人の名前を落書きして返したり、明るい元気者。,41,0,41,0,,https://lain.bgm.tv/pic/crt/l/2c/92/201889_crt_UB8Ji.jpg,https://lain.bgm.tv/r/400/pic/crt/l/2c/92/201889_crt_UB8Ji.jpg,https://t.vndb.org/ch/77/109677.jpg,,Twin Tails Long Teen Thigh-high Stockings High School Student Orange,,https://bgm.tv/character/201889,https://vndb.org/c58553,201889
vndb-c48164,vndb,4,1,,,,Misty,Kasumi,女,,,Galgame,Galgame,Pokémon Academy Life Forever!,,2025,Galgame,,"Misty is an independent girl with a strong passion for Water-type Pokemon. Due to her stubborn nature, she rarely relies on others and is sometimes even offended when offered help or consolation.",39,0,39,0,,https://t.vndb.org/ch/26/57726.jpg,https://t.vndb.org/ch/26/57726.jpg,,#cc7b5b #655556 #d3c2af #f3e6d5 #f5f2ef #ffffff,Short Slim Green Secretive Vest Miniskirt Shorts Reserved Cold-hearted Short-tempered,,,https://vndb.org/c48164,
bgm-bgm128173,vndb,4,1,,,平木場 亜須賀,Hirakoba Asuka,,男,,,Galgame,Galgame,D.M.L.C.-デスマッチラブコメ-,,2013,Galgame,"[{""t"":""D.M.L.C.-デスマッチラブコメ-"",""cn"":"""",""ty"":""Galgame"",""y"":2013,""pop"":37},{""t"":""デスマッチラブコメ！"",""cn"":""D.M.L.C. 欢闹炸恋生死斗！"",""ty"":""Galgame"",""y"":2013,""pop"":0}]",景のクラスメイト。4月1日生まれ。金髪のロングヘアーが特徴。成績は優秀だが軽薄な性格で、るみ子と乙羽から告白された景のことを羨ましく思っている。,37,0,37,0,,https://lain.bgm.tv/pic/crt/l/d2/c7/128173_crt_FkPGF.jpg,https://lain.bgm.tv/r/400/pic/crt/l/d2/c7/128173_crt_FkPGF.jpg,https://t.vndb.org/ch/26/193926.jpg,,Blond Long Straight Pale Trousers Cyan Parted in Middle Formal Shirt,,https://bgm.tv/character/128173,https://vndb.org/c112906,128173
bgm-bgm15757,vndb,4,1,,,高杉 ハルカ,Takasugi Haruka,,女,B,,Galgame,Galgame,オレは少女漫画家,,2012,Galgame,"[{""t"":""オレは少女漫画家"",""cn"":"""",""ty"":""Galgame"",""y"":2012,""pop"":37},{""t"":""オレは少女漫画家"",""cn"":""我是少女漫画家"",""ty"":""Galgame"",""y"":2012,""pop"":0},{""t"":""オレは少女漫画家R"",""cn"":"""",""ty"":""Galgame"",""y"":2013,""pop"":0}]",主人公が出会う、『ガケップチプロダクション』 所属の新人アイドル声優。 ポジティブの塊のような明るい性格と見た目の愛らしさ、そして確かな演技力で徐々に人気が集まり始めている。 裕福とは言えない家庭に育つが、持ち前の明るさでそれを否定せずに前向きに仕事に励んでいる。 むしろそれすらも自身のアピールポイントにする逞しさもあり、事務所と共に精力的に売り込んでいる。 見た目は幼いが色々苦労してきたこともあり、とても “できた”娘。,37,0,37,9,,https://lain.bgm.tv/pic/crt/l/c7/33/15757_crt_ZI7IY.jpg,https://lain.bgm.tv/r/400/pic/crt/l/c7/33/15757_crt_ZI7IY.jpg,https://t.vndb.org/ch/94/73494.jpg,,Pink Twin Tails Waist Length+ Teen Hard Worker Violet Airhead Girlfriend Singing Idol,,https://bgm.tv/character/15757,https://vndb.org/c61672,15757
bgm-bgm31810,vndb,4,1,,,四月一日 麗,Watanuki Urara,Onee / オネエ,女,ヒ・ミ・,,Galgame,Galgame,Angel Navigate,,2009,Galgame,"[{""t"":""Angel Navigate"",""cn"":"""",""ty"":""Galgame"",""y"":2009,""pop"":37},{""t"":""ANGEL NAVIGATE"",""cn"":"""",""ty"":""Galgame"",""y"":2009,""pop"":0}]",主人公のクラスメートで、今道とつるんでいる女の子。 一見地味な風貌に反し、淡々とよく喋る。 その的確な言い回しが独特なのか、同級生からも年上的な意味で「オネエ」と呼ばれている。 ケータイの操作が得意らしく、授業中にも関わらず自身のブログを更新していることがある。但し、勉強は出来る。 更新しているブログはかなり人気があるらしく、学園内でもそのファンは多いらしい。 「早打ちは指先が命……芸能人は歯が命なのと一緒」,37,0,37,1,,https://lain.bgm.tv/pic/crt/l/37/f0/31810_crt_07oZ5.jpg,https://lain.bgm.tv/r/400/pic/crt/l/37/f0/31810_crt_07oZ5.jpg,https://t.vndb.org/ch/66/31466.jpg,,Black Ahoge Twin Tails Long Curtained Teen Slim Pale School Uniform Stoic,,https://bgm.tv/character/31810,https://vndb.org/c25662,31810
vndb-c3353,vndb,4,1,,,ハインツ先生,Heinz,,男,A,,Galgame,Galgame,さくらテイル,,2009,Galgame,"[{""t"":""さくらテイル"",""cn"":"""",""ty"":""Galgame"",""y"":2009,""pop"":36},{""t"":""さくらのしっぽ～さくらテイルファンディスク～"",""cn"":"""",""ty"":""Galgame"",""y"":2010,""pop"":8}]","A math teacher who hides his face behind a mask, which he calls his glasses.",36,0,36,0,,https://t.vndb.org/ch/59/153259.jpg,https://t.vndb.org/ch/59/153259.jpg,,#5d2a37 #fad4dd #7c707e #fce4ee #c3b2b3 #fdfbfc,Short Pale Hidden Young-adult Suit Necktie Teacher Grey Parted to Side Eccentric,,,https://vndb.org/c3353,
vndb-c40553,vndb,4,1,,,塔ノ沢 元気,Tounosawa Genki,,男,B,,Galgame,Galgame,シノバズセブン,,2012,Galgame,,Favorite Tera Mac Pure Downtown Boy He's in the same class as Taiga and hangs out with him a lot. The head of the soccer club. Besides his schoolwork he helps his grandmother run the bathhouse she owns.,36,0,36,0,,https://t.vndb.org/ch/79/48779.jpg,https://t.vndb.org/ch/79/48779.jpg,,#535665 #928b9d #ece6dd #cac7c7 #f5f5f3 #ffffff,Blue Short Teen School Uniform Soccer Amber Headband Childhood Friend High School Student Spiky,,,https://vndb.org/c40553,
vndb-c58251,vndb,4,1,,,Белова Аня,Belova Anya,Anka (Анька),女,,,Galgame,Galgame,Инопланетянка,,2017,Galgame,,"The protagonist's little sister, an inexhaustible source of energy and jokes she plays on her brother. Out of love, of course.",34,0,34,0,,https://t.vndb.org/ch/96/69296.jpg,https://t.vndb.org/ch/96/69296.jpg,,#cd6933 #3d4d73 #c6aca2 #f5dcc9 #ebeced #ffffff,Twin Tails Bob Cut Wavy Shoulder-length School Uniform Cooking Amber Kid Dress Hair Ribbon,,,https://vndb.org/c58251,
vndb-c70379,vndb,4,1,,,市丸,Ichimaru,,男,,,Galgame,Galgame,神凪ノ杜,,2018,Galgame,,"Udon Reading An 'Ayakashi-tsuki' who has mystic powers. A few years ago he took over the family 'business' ""Yorozu Ayakashi-ya"" from the protagonist's grandfather. He's very prideful and hates to lose.",33,0,33,0,,https://t.vndb.org/ch/50/84950.jpg,https://t.vndb.org/ch/50/84950.jpg,,#837c68 #bdb6ac #dad7ce #3e3d3d #eeede8 #ffffff,White Shoulder-length Amber Young-adult Kimono V Bangs Loner Coat Cape,,,https://vndb.org/c70379,
bgm-bgm183743,vndb,4,1,,,真咲 由希子,Masaki Yukiko,,女,A,,Galgame,Galgame,LOST:SMILE memories + promises,,2019,Galgame,"[{""t"":""LOST:SMILE memories + promises"",""cn"":"""",""ty"":""Galgame"",""y"":2019,""pop"":32},{""t"":""LOST:SMILE promises"",""cn"":"""",""ty"":""Galgame"",""y"":2020,""pop"":0},{""t"":""LOST:SMILE memories"",""cn"":"""",""ty"":""Galgame"",""y"":2019,""pop"":0}]","Minato's mom who runs the inn 'Masaki'. She soothes travelers' fatigue with her innate gentle and warm aura, Loves to treat guests to her handmade dishes.",32,0,32,1,,https://lain.bgm.tv/pic/crt/l/a8/29/183743_crt_7DjZ1.jpg,https://lain.bgm.tv/r/400/pic/crt/l/a8/29/183743_crt_7DjZ1.jpg,https://t.vndb.org/ch/01/108101.jpg,,Brown Long Straight Cooking Amber Young-adult Apron Mother Kind Not Sexually Involved,,https://bgm.tv/character/183743,https://vndb.org/c89540,183743
vndb-c28404,vndb,4,1,,,七種 瑞樹,Saikusa Mizuki,,男,A,,Galgame,Galgame,Photograph Journey,,2014,Galgame,,"A second-year student at Hatowa Private Business Senior High School. He's a charismatic and cheeky fashion magazine model. Mizuki always has people around him, and is a central figure in his class.",32,0,32,0,,https://t.vndb.org/ch/57/34457.jpg,https://t.vndb.org/ch/57/34457.jpg,,#392d45 #af6581 #d4acac #c9e9ef #efdcd8 #fefffe,Blond Brown Shoulder-length Teen Slim Pale School Uniform Trousers Blue Earrings,,,https://vndb.org/c28404,
bgm-bgm12486,vndb,4,1,,德莉莎·康拉德,テレーゼ・コンラート,Therese Conrad,,女,,,Galgame,Galgame,ヴァニタスの羊,,2011,Galgame,"[{""t"":""ヴァニタスの羊"",""cn"":"""",""ty"":""Galgame"",""y"":2011,""pop"":32},{""t"":""ヴァニタスの羊"",""cn"":""虚无之羊"",""ty"":""Galgame"",""y"":2011,""pop"":0}]",职业：女缝工 兴趣：服装设计 特技：缝缝补补 喜欢：クロード为难的表情（秘密） 讨厌：エンゲルブルク 魔术名：羊之王国 能力：感觉到想要接近自己的人的意志。 和クロード一起从城堡都市エンゲルブルク脱出的女孩子。 由于长期的精神性失声症，靠身体动作和胸口铃铛的响法传达意思。 「………………」,32,0,32,3,,https://lain.bgm.tv/pic/crt/l/ef/2d/12486_crt_by8ZY.jpg,https://lain.bgm.tv/r/400/pic/crt/l/ef/2d/12486_crt_by8ZY.jpg,https://t.vndb.org/ch/12/1712.jpg,,Black Waist Length+ Teen Pale Dress Shoes Green Dress Stockings Friendly Bell (accessory),,https://bgm.tv/character/12486,https://vndb.org/c1667,12486
bgm-bgm14926,vndb,4,1,,希诺耶,ヒノエ,Hinoe,藤原湛增,男,B,,动画|Galgame,Galgame,遙かなる時空の中で3,,2004,Galgame,"[{""t"":""遙かなる時空の中で3"",""cn"":"""",""ty"":""Galgame"",""y"":2004,""pop"":31},{""t"":""遙かなる時空の中で3 十六夜記"",""cn"":"""",""ty"":""Galgame"",""y"":2005,""pop"":16},{""t"":""遙かなる時空の中で３　運命の迷宮"",""cn"":"""",""ty"":""Galgame"",""y"":2006,""pop"":6},{""t"":""遙かなる時空の中で3 with 十六夜記 愛蔵版"",""cn"":""遥远的时空中3 with 十六夜记"",""ty"":""Galgame"",""y"":2009,""pop"":0},{""t"":""遙かなる時空の中で3 運命の迷宮"",""cn"":""遥远的时空中3 命运的迷宫"",""ty"":""Galgame"",""y"":2006,""pop"":0},{""t"":""遙かなる時空の中で3"",""cn"":""遥远时空中3"",""ty"":""Galgame"",""y"":2004,""pop"":0}]",熊野山中突然出现的年轻人，好像是熊野水军属下。 活泼开朗、大胆无畏的乐观主义者。 喜欢向女孩子搭讪，知道主角是神子后大感兴趣，主动向主角打招呼。,31,0,31,5,,https://lain.bgm.tv/pic/crt/l/84/76/14926_crt_C13rM.jpg?r=1492356951,https://lain.bgm.tv/r/400/pic/crt/l/84/76/14926_crt_C13rM.jpg?r=1492356951,https://t.vndb.org/ch/09/32909.jpg,,Red Shoulder-length Teen Red Earrings Friendly Pirate Based on a Real Person Womanizer Confident,,https://bgm.tv/character/14926,https://vndb.org/c26949,14926
vndb-c2240,vndb,4,1,,,木崎 ケンスケ,Kizaki Kensuke,,男,A,,Galgame,Galgame,きみはぐ,,2007,Galgame,,,31,0,31,0,,https://t.vndb.org/ch/92/2292.jpg,https://t.vndb.org/ch/92/2292.jpg,,#775b59 #bea599 #f6e3b9 #d8d5e7 #f0eff2 #ffffff,Brown Short Brown School Uniform High School Student Turndown,,,https://vndb.org/c2240,
bgm-bgm38173,vndb,4,1,,鸭田庆,鴨田 慶,Kamoda Kei,,男,A,,动画|Galgame,Galgame,プリンス・オブ・ストライド,,2015,Galgame,"[{""t"":""プリンス・オブ・ストライド"",""cn"":"""",""ty"":""Galgame"",""y"":2015,""pop"":30},{""t"":""プリンス・オブ・ストライド"",""cn"":""疾走王子"",""ty"":""Galgame"",""y"":2015,""pop"":0},{""t"":""プリンス・オブ・ストライド オルタナティブ"",""cn"":""疾走王子 Alternative"",""ty"":""动画"",""y"":2016,""pop"":0}]",三橋高校スト部のワンマン部長。侑の弟でまだ２年生だが、頭の回転の早さと統率力で、部をまとめている。低迷していた三橋スト部は、慶の采配によって復調した。,30,0,30,1,,https://lain.bgm.tv/pic/crt/l/90/4c/38173_crt_e70V1.jpg?r=1452699994,https://lain.bgm.tv/r/400/pic/crt/l/90/4c/38173_crt_e70V1.jpg?r=1452699994,https://t.vndb.org/ch/70/51670.jpg,,Black Curtained Short Teen Pale Blue Sports Shoes Ore Full Brother Rival,,https://bgm.tv/character/38173,https://vndb.org/c43014,38173
bgm-bgm2905,bangumi,4,1,,克鲁兹·威巴,クルツ・ウェーバー,Kurz Weber,,其他,AB,,动画|漫画,漫画,フルメタル・パニック!,全金属狂潮,1998,漫画,"[{""t"":""フルメタル・パニック!"",""cn"":""全金属狂潮"",""ty"":""漫画"",""y"":1998,""pop"":0},{""t"":""フルメタル・パニック? ふもっふ"",""cn"":""全金属狂潮 校园篇"",""ty"":""动画"",""y"":2003,""pop"":0},{""t"":""フルメタル・パニック! The Second Raid"",""cn"":""全金属狂潮 The Second Raid"",""ty"":""动画"",""y"":2005,""pop"":0},{""t"":""フルメタル・パニック!"",""cn"":""全金属狂潮"",""ty"":""动画"",""y"":2002,""pop"":0},{""t"":""フルメタル・パニック! The Second Raid 特別版OVA「わりとヒマな戦隊長の一日」"",""cn"":""全金属狂潮 The Second Raid OVA 战队长悠闲的一天"",""ty"":""动画"",""y"":2006,""pop"":0},{""t"":""フルメタル・パニック! Invisible Victory"",""cn"":""全金属狂潮 Invisible Victory"",""ty"":""动画"",""y"":2018,""pop"":0}]",,30,0,0,30,,https://lain.bgm.tv/pic/crt/l/d3/29/2905_crt_Q9UQW.jpg,https://lain.bgm.tv/r/400/pic/crt/l/d3/29/2905_crt_Q9UQW.jpg,,,,,https://bgm.tv/character/2905,,2905
bgm-bgm90474,vndb,4,1,,,ゴウリ・ユキエ,Gouri Yukie,,女,B,,Galgame,Galgame,Zwei Worter,,2007,Galgame,"[{""t"":""Zwei Worter"",""cn"":"""",""ty"":""Galgame"",""y"":2007,""pop"":28},{""t"":""くろふぁん4GHz"",""cn"":"""",""ty"":""Galgame"",""y"":2007,""pop"":12},{""t"":""Zwei Worter"",""cn"":"""",""ty"":""Galgame"",""y"":2007,""pop"":0},{""t"":""くろふぁん4GHz"",""cn"":"""",""ty"":""Galgame"",""y"":2007,""pop"":0}]",国連宇宙軍『アークス』所属のパイロット。 軍の英雄である父親と軍の狙撃手だった母親から深い愛情を受けて育った、エリート街道驀進中の軍人少女。 しかし本人はドジで泣き虫、しかも軍人らしからぬ直情行動型である。主人公との出会いに運命を感じ、所属していた特戦校からキョウシロウのいる中野訓練校へ転校してくる。 常に親代わりの過保護なSPが五人、周りを固めていて、近づいてくる悪い虫を警戒している。,28,0,28,6,,https://lain.bgm.tv/pic/crt/l/20/39/90474_crt_2p4z4.jpg?r=1754148999,https://lain.bgm.tv/r/400/pic/crt/l/20/39/90474_crt_2p4z4.jpg?r=1754148999,https://t.vndb.org/ch/33/8733.jpg,,Pink Waist Length+ Straight Teen Slim Pale Cowgirl Catsuit Headband Shirt,,https://bgm.tv/character/90474,https://vndb.org/c8312,90474
bgm-bgm206522,bangumi,4,1,,栗木桃香,栗木桃香,,,其他,,,动画|漫画,动画,氷の城壁,冰之城墙,2026,动画,"[{""t"":""氷の城壁"",""cn"":""冰之城墙"",""ty"":""动画"",""y"":2026,""pop"":0},{""t"":""氷の城壁"",""cn"":""冰之城墙"",""ty"":""漫画"",""y"":2023,""pop"":0},{""t"":""氷の城壁 第2期"",""cn"":""冰之城墙 第二季"",""ty"":""动画"",""y"":2026,""pop"":0}]",優希、秋音と同級生。かわいくて男子からの人気が高い。自分の気持ちに正直に行動するタイプで、湊に対して積極的にアプローチしていく。,26,0,0,26,,https://lain.bgm.tv/pic/crt/l/fa/3d/206522_crt_16mY1.jpg,https://lain.bgm.tv/r/400/pic/crt/l/fa/3d/206522_crt_16mY1.jpg,,,,,https://bgm.tv/character/206522,,206522
bgm-bgm104495,bangumi,4,1,,椿,ツバキ,Tsubaki,,其他,,,动画,动画,くノ一ツバキの胸の内,女忍者椿的心事,2022,动画,,男子禁制のくノ一集団「あかね組」で、戌いぬ班の班長を務める。忍術全般を得意とするほか、非常に真面目な性格もあり、先生たちからも期待されている。が、いまだ知らぬ「男」のことになると如実に冷静さを失うのが玉に瑕。,26,0,0,26,,https://lain.bgm.tv/pic/crt/l/83/fe/104495_crt_9m9tb.jpg?r=1650480239,https://lain.bgm.tv/r/400/pic/crt/l/83/fe/104495_crt_9m9tb.jpg?r=1650480239,,,,,https://bgm.tv/character/104495,,104495
vndb-c1664,vndb,4,1,,,景山瑛,Kageyama Ei,,女,A,,Galgame,Galgame,おたく☆まっしぐら,,2006,Galgame,,"Crazy about the occult, conspiracies, and UFOs. She has few friends.",25,0,25,0,,https://t.vndb.org/ch/09/1709.jpg,https://t.vndb.org/ch/09/1709.jpg,,#96809a #3f383b #c4bbc7 #e3dfea #f9f2ef #ffffff,Violet Twin Tails Short Teen Pale Red Dress Evening Gloves Otaku Reserved,,,https://vndb.org/c1664,
bgm-bgm31341,bangumi,4,1,,佐久间弓音,佐久間弓音,,,其他,AB,,Galgame,Galgame,しゅぷれ～むキャンディ～王道には王道たる理由があるんです！,超极糖果～王道自有王道的理由～,2008,Galgame,"[{""t"":""しゅぷれ～むキャンディ～王道には王道たる理由があるんです！"",""cn"":""超极糖果～王道自有王道的理由～"",""ty"":""Galgame"",""y"":2008,""pop"":0},{""t"":""しゅぷれ～むキャンディ ドラマCD"",""cn"":"""",""ty"":""音乐"",""y"":2008,""pop"":0}]",主人公のよき理解者（…のはず） 羽依の親友で、携帯で写メを頻繁に撮っている。 キャンディの力を使い女子校へと潜入していた優の正体に気がつく。 そのネタを使い、優をゆする……ということはなく、優と羽依の仲を取り持つことを約束する。 普段は冷静だが、一度趣味に関して火が点くとなかなか消えることがない。 「ふふ……君はいい子だな。お姉さん、素直な子は大好きだぞ」,22,0,0,22,,https://lain.bgm.tv/pic/crt/l/a9/ac/31341_crt_N5icZ.jpg,https://lain.bgm.tv/r/400/pic/crt/l/a9/ac/31341_crt_N5icZ.jpg,,,,,https://bgm.tv/character/31341,,31341
bgm-bgm151673,bangumi,4,1,,杏那·阿维罗,杏那・アヴェイロ,Anna Aveiro,杏那・アヴェイロ・ナカムラ・ドス・サントス・モレイラ・クッシティーニ / 杏那・阿维罗・中村・多斯・桑托斯・莫雷拉・库西蒂尼 / Anna Aveiro Nakamura dos Santos Morella Cuccettini,其他,O,,动画,动画,菜なれ花なれ,亦叶亦花,2024,动画,,御前嘴（おまえばし）高校1年。ブラジル生まれのブラジル育ち、母は日本人。ムードメーカーで自己主張がはっきりしており、思ったことをためらいなく口に出す。護身術で習ったカポエイラが得意で音楽が大好き。,22,0,0,22,,https://lain.bgm.tv/pic/crt/l/61/ab/151673_crt_8cZiZ.jpg?r=1706187233,https://lain.bgm.tv/r/400/pic/crt/l/61/ab/151673_crt_8cZiZ.jpg?r=1706187233,,,,,https://bgm.tv/character/151673,,151673
vndb-c23696,vndb,4,1,,,朝薙 はるか,Asanagi Haruka,,女,O,,Galgame,Galgame,新入生の私が痴漢電車で濡れる時 ～こんなこと…もう、嫌なのに…～,,2012,Galgame,,,22,0,22,0,,https://t.vndb.org/ch/75/29275.jpg,https://t.vndb.org/ch/75/29275.jpg,,#513c3d #898993 #bfb8b7 #e3e1db #f2f3f2 #ffffff,Brown Waist Length+ Teen Slim Pale School Uniform Standing Sex Blowjob Virgin Sex Group Sex,,,https://vndb.org/c23696,
vndb-c140847,vndb,4,1,,,桐沢 洋,Kirisawa Hiroshi,,男,A,,Galgame,Galgame,特別捜査★密着24時,,2013,Galgame,,,22,0,22,0,,https://t.vndb.org/ch/37/165437.jpg,https://t.vndb.org/ch/37/165437.jpg,,#d5a08e #4c525c #2d2f34 #6e7078 #a3adc0 #e7ddd5,Police Detective Management Lieutenant,,,https://vndb.org/c140847,
bgm-bgm37489,bangumi,4,1,,萩生响,萩生響,Hibiki Hagyū,ヒビキ,其他,O,,动画|漫画|游戏,动画,あんハピ♪,Anne Happy♪,2016,动画,"[{""t"":""あんハピ♪"",""cn"":""Anne Happy♪"",""ty"":""动画"",""y"":2016,""pop"":0},{""t"":""きららファンタジア"",""cn"":""闪耀幻想曲"",""ty"":""游戏"",""y"":2017,""pop"":0},{""t"":""あんハピ♪"",""cn"":"""",""ty"":""漫画"",""y"":2013,""pop"":0}]","通称「ヒビキ」。一人称は「響」。身長152cm。髪型は茶色の癖のあるセミロングヘア。瞳の色は黄色。 極度の""方向音痴""（本人は認めていない）。蓮と幼馴染。少々中二病な口調で話す。 1番が大好きで、いつも人より勝ることを目指しているが、うまくいかない。杏達に何やら個人的恨みがある様子。",21,0,0,21,,https://lain.bgm.tv/pic/crt/l/e5/ea/37489_crt_w6681.jpg?r=1462038660,https://lain.bgm.tv/r/400/pic/crt/l/e5/ea/37489_crt_w6681.jpg?r=1462038660,https://storage.moegirl.org.cn/moegirl/commons/c/ce/Ch4-1-1.png!/fw/480/watermark/url/L21vZWdpcmwvd2F0ZXJtYXJrLnBuZw==/align/southeast/margin/10x10/opacity/50?v=20210331160347|https://storage.moegirl.org.cn/moegirl/commons/c/ce/Ch4-1-1.png,,图源:moegirl,,https://bgm.tv/character/37489,,37489
bgm-bgm50440,bangumi,4,1,,帝王花,キングプロテア,Kingprotea,金普洛提亚,其他,不明,,动画|漫画|游戏,游戏,Fate/Grand Order,命运-冠位指定,2015,游戏,"[{""t"":""Fate/Grand Order"",""cn"":""命运-冠位指定"",""ty"":""游戏"",""y"":2015,""pop"":0},{""t"":""フェイト/エクストラ CCC FoxTail"",""cn"":""Fate Extra CCC 妖狐传"",""ty"":""漫画"",""y"":2014,""pop"":0},{""t"":""Fate/Grand Order 藤丸立香はわからない Season4"",""cn"":""Fate/Grand Order 藤丸立香想不明白 第4季"",""ty"":""动画"",""y"":2026,""pop"":0}]",,20,0,0,20,,https://lain.bgm.tv/pic/crt/l/0c/58/50440_crt_515bt.jpg?r=1721800104,https://lain.bgm.tv/r/400/pic/crt/l/0c/58/50440_crt_515bt.jpg?r=1721800104,https://static.wikia.nocookie.net/fategrandorder/images/b/b5/S238_Stage1.webp/revision/latest/scale-to-width-down/283?cb=20220917053635|https://static.wikia.nocookie.net/fategrandorder/images/b/b5/S238_Stage1.webp/revision/latest?cb=20220917053635,,图源:fandom:fategrandorder,,https://bgm.tv/character/50440,,50440
bgm-bgm58147,bangumi,4,1,,优,ユーグ・ナ・ローファ,,优歌・娜・乐福 / つる植物,其他,,,Galgame,Galgame,あいりすミスティリア！～少女のつむぐ夢の秘跡～,爱丽丝秘迹！〜少女们编织梦的秘境〜,2017,Galgame,,世界樹が作り上げた精霊。泣いたり笑ったり怒ったり、感情は素直に表に出る。また情にもろく、困った人を放っておけない。人間界には興味津々で、いろんな場所でいろんな人を見るのが好き。 種族：世界樹の娘 来歴 力を使い果たして眠りに就いた冥王を目覚めさせるため、世界樹から生み出された。 趣味・特技 《世界樹の種子》の在処を遠距離からでも大まかに感知できる。そのため、《アイリス》たちが地上に向かう際にはまずユーが目的地を決める。,18,0,0,18,1,https://lain.bgm.tv/pic/crt/l/f2/f9/58147_crt_UbGhD.jpg?r=1506732096,https://lain.bgm.tv/r/400/pic/crt/l/f2/f9/58147_crt_UbGhD.jpg?r=1506732096,,,,,https://bgm.tv/character/58147,,58147
bgm-bgm9068,bangumi,4,1,,布里德·加贺,ブリード加賀 (加賀城太郎),Kaga Joutarou,加贺城太郎,其他,,,动画,动画,新世紀GPXサイバーフォーミュラSIN,高智能方程式：SIN,1998,动画,"[{""t"":""新世紀GPXサイバーフォーミュラSIN"",""cn"":""高智能方程式：SIN"",""ty"":""动画"",""y"":1998,""pop"":0},{""t"":""新世紀GPXサイバーフォーミュラZERO"",""cn"":""高智能方程式：ZERO"",""ty"":""动画"",""y"":1994,""pop"":0},{""t"":""新世紀GPXサイバーフォーミュラSAGA"",""cn"":""高智能方程式：SAGA"",""ty"":""动画"",""y"":1996,""pop"":0},{""t"":""新世紀GPXサイバーフォーミュラ11"",""cn"":""高智能方程式：Cyber Formula 11"",""ty"":""动画"",""y"":1992,""pop"":0},{""t"":""新世紀GPXサイバーフォーミュラ"",""cn"":""高智能方程式"",""ty"":""动画"",""y"":1991,""pop"":0},{""t"":""新世紀GPXサイバーフォーミュラ EARLYDAYS RENEWAL"",""cn"":""高智能方程式：EARLYDAYS RENEWAL"",""ty"":""动画"",""y"":1996,""pop"":0}]",,18,0,0,18,,https://lain.bgm.tv/pic/crt/l/5f/5d/9068_crt_anidb.jpg,https://lain.bgm.tv/r/400/pic/crt/l/5f/5d/9068_crt_anidb.jpg,,,,,https://bgm.tv/character/9068,,9068
bgm-bgm25920,bangumi,4,1,,最中,モナカ,Touwa Monaka,塔和最中,其他,B,,动画|Galgame,Galgame,絶対絶望少女 ダンガンロンパ AnotherEpisode,绝对绝望少女 弹丸论破外传,2014,Galgame,"[{""t"":""絶対絶望少女 ダンガンロンパ AnotherEpisode"",""cn"":""绝对绝望少女 弹丸论破外传"",""ty"":""Galgame"",""y"":2014,""pop"":0},{""t"":""ハッピーダンガンロンパＳ 超高校級の南国サイコロ合宿"",""cn"":""幸福枪弹辩驳S 超高中级的南国掷骰合宿"",""ty"":""Galgame"",""y"":2021,""pop"":0},{""t"":""スーパーダンガンロンパ2.5 狛枝凪斗と世界の破壊者"",""cn"":""超级弹丸论破2.5 狛枝凪斗与世界的破坏者"",""ty"":""动画"",""y"":2017,""pop"":0},{""t"":""ダンガンロンパ3 -The End of 希望ヶ峰学園- 未来編"",""cn"":""弹丸论破3 -The End of 希望之峰学园- 未来篇"",""ty"":""动画"",""y"":2016,""pop"":0}]",魔法师担当的欢乐气氛制造者，喜欢与大家交换意见的学活(年级活动)的时间，因此被称做“超小学级的学活的时间”。,18,0,0,18,,https://lain.bgm.tv/pic/crt/l/44/04/25920_crt_DhYDx.jpg?r=1543756682,https://lain.bgm.tv/r/400/pic/crt/l/44/04/25920_crt_DhYDx.jpg?r=1543756682,,,,,https://bgm.tv/character/25920,,25920
bgm-bgm3597,bangumi,4,1,,清水雷鸣,清水雷鳴,Shimizu Raimei,,其他,,,动画|漫画,动画,隠の王,隐之王,2008,动画,"[{""t"":""隠の王"",""cn"":""隐之王"",""ty"":""动画"",""y"":2008,""pop"":0},{""t"":""隠の王"",""cn"":""隐之王"",""ty"":""漫画"",""y"":2004,""pop"":0}]",,15,0,0,15,,https://lain.bgm.tv/pic/crt/l/b8/9c/3597_crt_anidb.jpg,https://lain.bgm.tv/r/400/pic/crt/l/b8/9c/3597_crt_anidb.jpg,,,,,https://bgm.tv/character/3597,,3597
al155683,anilist,4,1,,巴力,バール,Baal,Raikou (雷皇) / Thunder Lord / Ani-sama (兄様),男,,,动画|漫画,动画,魔入りました！入間くん,入间同学入魔了,2019,动画,"[{""t"":""魔入りました！入間くん"",""cn"":""入间同学入魔了"",""ty"":""动画"",""y"":2019,""pop"":168432},{""t"":""魔入りました！入間くん 第2シリーズ"",""cn"":""入间同学入魔了 第二季"",""ty"":""动画"",""y"":2021,""pop"":106270},{""t"":""魔入りました！入間くん 第3シリーズ"",""cn"":""入间同学入魔了 第三季"",""ty"":""动画"",""y"":2022,""pop"":73866},{""t"":""魔入りました！入間くん"",""cn"":""入间同学入魔了"",""ty"":""漫画"",""y"":2017,""pop"":37598},{""t"":""魔入りました！入間くん if Episode of 魔フィア"",""cn"":"""",""ty"":""漫画"",""y"":2023,""pop"":3813},{""t"":""放課後の！入間くん"",""cn"":"""",""ty"":""漫画"",""y"":2020,""pop"":1228}]","190 cm Baal is one of the demon heroes of 13 Crowns, and also known as Thunder Lord. He was the founder of the Magical Apparatus Battler at Babyls Demon School but he is also secretly the founder of the terrorist organization the six finger…",14,14,0,1,,https://lain.bgm.tv/pic/crt/l/45/25/77380_crt_fCFLC.jpg,https://lain.bgm.tv/r/400/pic/crt/l/45/25/77380_crt_fCFLC.jpg,https://s4.anilist.co/file/anilistcdn/character/medium/b155683-4bRpLoXWpaTF.png|https://s4.anilist.co/file/anilistcdn/character/large/b155683-4bRpLoXWpaTF.png,,,https://anilist.co/character/155683,https://bgm.tv/character/77380,,77380
bgm-bgm103394,bangumi,4,1,,缇娅拉·弗茨亚茨,ティアラ・フーズヤーズ,Tiara Whoseyards,,其他,,,漫画,漫画,異世界迷宮の最深部を目指そう,异世界迷宫最深部为目标,2014,漫画,,千年前の記憶だとカナミの弟子だった 千年前のカナミが自暴自棄になっていたところを助けた 魔法を作った 現在は血？ レヴァン教の『聖人』。ラスボスとしてデザインされたキャラの一人。 チビラスティアラ。深窓の令嬢・お姫様。病弱系だったけど、治ってからは活発元気系ヤンデレ。趣味の読書が行き過ぎて、世界に迫った系の主人公。もしくは暗躍系ヒロイン。,13,0,0,13,,https://lain.bgm.tv/pic/crt/l/2e/be/103394_crt_bhr5G.jpg?r=1638274872,https://lain.bgm.tv/r/400/pic/crt/l/2e/be/103394_crt_bhr5G.jpg?r=1638274872,,,,,https://bgm.tv/character/103394,,103394
bgm-bgm28550,bangumi,4,1,,日野美羽,日野美羽,Hino Miwa,,其他,O,,动画,动画,蒼穹のファフナー EXODUS,苍穹之法芙娜 EXODUS,2015,动画,"[{""t"":""蒼穹のファフナー EXODUS"",""cn"":""苍穹之法芙娜 EXODUS"",""ty"":""动画"",""y"":2015,""pop"":0},{""t"":""蒼穹のファフナー EXODUS 第2クール"",""cn"":""苍穹之法芙娜 EXODUS 第2部分"",""ty"":""动画"",""y"":2015,""pop"":0},{""t"":""蒼穹のファフナー HEAVEN AND EARTH"",""cn"":""苍穹之法芙娜 HEAVEN AND EARTH"",""ty"":""动画"",""y"":2010,""pop"":0},{""t"":""蒼穹のファフナー THE BEYOND"",""cn"":""苍穹之法芙娜 THE BEYOND"",""ty"":""动画"",""y"":2019,""pop"":0},{""t"":""THE FOLLOWER"",""cn"":"""",""ty"":""音乐"",""y"":2015,""pop"":0},{""t"":""TVアニメ「蒼穹のファフナー EXODUS」キャラクターソングアルバム"",""cn"":"""",""ty"":""音乐"",""y"":2015,""pop"":0}]",道生·弓子的孩子，有着能够理解异界体的语言的“世界语者”的能力。 渴望着与Festum的和平共存，但时常无法完成心愿而感到无力。,12,0,0,12,,https://lain.bgm.tv/pic/crt/l/a2/54/28550_crt_0h59o.jpg?r=1672743004,https://lain.bgm.tv/r/400/pic/crt/l/a2/54/28550_crt_0h59o.jpg?r=1672743004,,,,,https://bgm.tv/character/28550,,28550
bgm-bgm132266,bangumi,4,1,,室笠茜,室笠アカネ,Murokasa Akane,室笠朱音,其他,,,Galgame,Galgame,ブルーアーカイブ -Blue Archive-,蔚蓝档案,2021,Galgame,,"千年学园的秘密组织，""C&C"" 的代理人。 代号为 Zero Three，专门负责「清扫」的特务。 以温柔的印象为基础浸透敌阵，用炸药把敌方阵营一扫而空，因此「清扫高手」这个绰号广为人知。",11,0,0,11,,https://lain.bgm.tv/pic/crt/l/24/5a/132266_crt_P8808.jpg,https://lain.bgm.tv/r/400/pic/crt/l/24/5a/132266_crt_P8808.jpg,https://static.wikia.nocookie.net/blue-archive/images/6/61/Akane_Portrait.png/revision/latest/scale-to-width-down/235?cb=20220424130738|https://static.wikia.nocookie.net/blue-archive/images/6/61/Akane_Portrait.png/revision/latest?cb=20220424130738,,图源:fandom:bluearchive,,https://bgm.tv/character/132266,,132266
bgm-bgm43662,bangumi,4,1,,后手斩香,後手キルカ,Ushirode Kiruka,,其他,,,动画|漫画,动画,灼熱の卓球娘,灼热乒乓妹,2016,动画,"[{""t"":""灼熱の卓球娘"",""cn"":""灼热乒乓妹"",""ty"":""动画"",""y"":2016,""pop"":0},{""t"":""灼熱の卓球娘"",""cn"":""灼热的桌球娘"",""ty"":""漫画"",""y"":2015,""pop"":0}]",市立雀が原中学校卓球部３年。部長。 得意技はカット。,11,0,0,11,,https://lain.bgm.tv/pic/crt/l/ef/5a/43662_crt_lP8Xu.jpg?r=1478618052,https://lain.bgm.tv/r/400/pic/crt/l/ef/5a/43662_crt_lP8Xu.jpg?r=1478618052,,,,,https://bgm.tv/character/43662,,43662
bgm-bgm11385,bangumi,4,1,,愛莉莎·西亞斯,アリッサ・シアーズ,Alyssa Searrs,,其他,AB,,动画|Galgame,Galgame,舞-HiME 運命の系統樹 修羅,舞-HiME 命运的系统树 修罗,2005,Galgame,"[{""t"":""舞-HiME 運命の系統樹 修羅"",""cn"":""舞-HiME 命运的系统树 修罗"",""ty"":""Galgame"",""y"":2005,""pop"":0},{""t"":""舞-HiME"",""cn"":""舞-HiME"",""ty"":""动画"",""y"":2004,""pop"":0}]",西亚斯（Searrs）财团的女儿，因歌声有让人洗涤心灵的感觉而被称为黄金天使，有些害怕与不熟悉的人接触，相当信任深优，不过真实身分是‘人工 HiME’能力是HIME（高次物质化能力）可以拿来召唤弃兽（ORPHAN）或是控制ARTEMIS（艾莉莎的子兽，是一座人工卫星，攻击时直接从高空对地面射击）,10,0,0,10,,https://lain.bgm.tv/pic/crt/l/09/39/11385_crt_UuV43.jpg,https://lain.bgm.tv/r/400/pic/crt/l/09/39/11385_crt_UuV43.jpg,,,,,https://bgm.tv/character/11385,,11385
bgm-bgm38535,bangumi,4,1,,和住媛萌,和住媛萌,Wazumi Hime,ヒメちゃん,其他,AB,,动画,动画,ハイスクール・フリート,高校舰队,2016,动画,"[{""t"":""ハイスクール・フリート"",""cn"":""高校舰队"",""ty"":""动画"",""y"":2016,""pop"":0},{""t"":""劇場版 ハイスクール・フリート"",""cn"":""剧场版 高校舰队"",""ty"":""动画"",""y"":2020,""pop"":0},{""t"":""C・H・A・T・T・Y / HANDMADE EVERYDAY♪"",""cn"":"""",""ty"":""音乐"",""y"":2016,""pop"":0}]",一直都在为保持体形而健身（いつもダイエットをしている） 役職 応急長／美化委員長 趣味・特技 模型制作（ボトルシップ等） 好きな食べ物 かまぼこ 苦手な食べ物 いよかん 得意科目 技術 苦手な科目 数学 好きな言葉 神は細部に宿る 性格・特徴 口うるさい。 出身地 神奈川県横須賀市,10,0,0,10,,https://lain.bgm.tv/pic/crt/l/6e/22/38535_crt_Js4jz.jpg?r=1463261405,https://lain.bgm.tv/r/400/pic/crt/l/6e/22/38535_crt_Js4jz.jpg?r=1463261405,,,,,https://bgm.tv/character/38535,,38535
bgm-bgm260,bangumi,4,1,,萨斯丁,ザスティン,Zastin,扎斯丁,其他,O,,动画|漫画,动画,To LOVEる-とらぶる-ダークネス,出包王女Darkness,2012,动画,"[{""t"":""To LOVEる-とらぶる-ダークネス"",""cn"":""出包王女Darkness"",""ty"":""动画"",""y"":2012,""pop"":0},{""t"":""To LOVEる -とらぶる- ダークネス 2nd"",""cn"":""出包王女Darkness 第二季"",""ty"":""动画"",""y"":2015,""pop"":0},{""t"":""もっとTo LOVEる -とらぶる-"",""cn"":""更多 出包王女"",""ty"":""动画"",""y"":2010,""pop"":0},{""t"":""To LOVEる -とらぶる-"",""cn"":""出包王女"",""ty"":""漫画"",""y"":2006,""pop"":0},{""t"":""To LOVEる－とらぶる－ OVA"",""cn"":""出包王女 OVA"",""ty"":""动画"",""y"":2009,""pop"":0},{""t"":""To LOVEる -とらぶる-"",""cn"":""出包王女"",""ty"":""动画"",""y"":2008,""pop"":0}]","戴比路克王室亲卫队队长和最强的剑客，可敏捷的砍击汽车。但是在地球上就不同了，常被狗咬、呆呆的站在铁路上被电车撞，还因为常常迷路如同走失的孩子一般受警察关照，严重扭曲他的形象。正持的剑是イマジンソード(剑，作者矢吹的以前的作品""BLACK CAT""的库利得的剑)。性格的型号被认为是以前的作品""BLACK CAT""的库利得。 部下是两个带着太阳眼镜像是黑社会成员的男人。",10,0,0,10,,https://lain.bgm.tv/pic/crt/l/a2/81/260_crt_ZAOAi.jpg,https://lain.bgm.tv/r/400/pic/crt/l/a2/81/260_crt_ZAOAi.jpg,,,,,https://bgm.tv/character/260,,260
bgm-bgm17687,bangumi,4,1,,面堂终太郎,面堂終太郎,,,其他,,,动画|漫画,动画,うる星やつら2 ビューティフル・ドリーマー,福星小子2 绮丽梦中人,1984,动画,"[{""t"":""うる星やつら2 ビューティフル・ドリーマー"",""cn"":""福星小子2 绮丽梦中人"",""ty"":""动画"",""y"":1984,""pop"":0},{""t"":""うる星やつら 第2期"",""cn"":""福星小子 第二季"",""ty"":""动画"",""y"":2024,""pop"":0},{""t"":""うる星やつら"",""cn"":""福星小子"",""ty"":""动画"",""y"":1981,""pop"":0},{""t"":""うる星やつら"",""cn"":""福星小子"",""ty"":""漫画"",""y"":1980,""pop"":0},{""t"":""うる星やつら"",""cn"":""福星小子"",""ty"":""动画"",""y"":2022,""pop"":0},{""t"":""うる星やつら"",""cn"":""福星小子 OVA"",""ty"":""动画"",""y"":1985,""pop"":0}]",友引高校へ転入してきたあたるのライバル。強大な財力と軍事力を持つ、面堂財閥の跡取り息子。,9,0,0,9,,https://lain.bgm.tv/pic/crt/l/88/56/17687_crt_u11Q2.jpg?r=1664072020,https://lain.bgm.tv/r/400/pic/crt/l/88/56/17687_crt_u11Q2.jpg?r=1664072020,,,,,https://bgm.tv/character/17687,,17687
bgm-bgm4406,bangumi,4,1,,久南白,久南白,Kuna Mashiro,,其他,,,动画|漫画,动画,BLEACH 千年血戦篇-禍進譚-,死神 千年血战篇-祸进谭-,2026,动画,"[{""t"":""BLEACH 千年血戦篇-禍進譚-"",""cn"":""死神 千年血战篇-祸进谭-"",""ty"":""动画"",""y"":2026,""pop"":0},{""t"":""BLEACH 千年血戦篇"",""cn"":""死神 千年血战篇"",""ty"":""动画"",""y"":2022,""pop"":0},{""t"":""BLEACH 千年血戦篇-相剋譚-"",""cn"":""死神 千年血战篇-相克谭-"",""ty"":""动画"",""y"":2024,""pop"":0},{""t"":""BLEACH"",""cn"":""死神"",""ty"":""动画"",""y"":2004,""pop"":0},{""t"":""BLEACH"",""cn"":""死神"",""ty"":""漫画"",""y"":2002,""pop"":0}]",,9,0,0,9,,https://lain.bgm.tv/pic/crt/l/e4/e0/4406_crt_G7vPh.jpg,https://lain.bgm.tv/r/400/pic/crt/l/e4/e0/4406_crt_G7vPh.jpg,,,,,https://bgm.tv/character/4406,,4406
bgm-bgm101789,bangumi,4,1,,丰后弥生,豊後弥生,YAYOI BUNGO,,其他,,,Galgame,Galgame,ヘブンバーンズレッド,炽焰天穹,2022,Galgame,"[{""t"":""ヘブンバーンズレッド"",""cn"":""炽焰天穹"",""ty"":""Galgame"",""y"":2022,""pop"":0},{""t"":""舞台『ヘブンバーンズレッド』"",""cn"":"""",""ty"":""其他"",""y"":2025,""pop"":0}]",“世界征服開始でゲス！” “开始征服世界啦gesu！” 她是作为“疯狂科学家”山胁的“仆人”，一同与其企图征服世界的少女。别看她个头小还思想年龄也幼小，但她运动能力（且只有运动能力）是远超常人的，且能和Cancer正面抗衡。句尾爱用“ゲス”，说话具有好战色彩，但她总在不知不觉地担当着一个随时触发着人们的α波（一说是让人彻底解脱放松的脑电波）的治愈系角色。 マッドサイエンティスト山脇のしもべで、一緒に世界征服を企む少女。体は小さく、精神年齢は低いが、運動能力だけは抜群。,9,0,0,9,,https://lain.bgm.tv/pic/crt/l/50/15/101789_crt_k1Tfz.jpg?r=1634231848,https://lain.bgm.tv/r/400/pic/crt/l/50/15/101789_crt_k1Tfz.jpg?r=1634231848,https://storage.moegirl.org.cn/moegirl/commons/d/df/Fenghou.webp!/fw/424/watermark/url/L21vZWdpcmwvd2F0ZXJtYXJrLnBuZw==/align/southeast/margin/10x10/opacity/50?v=20241121204807|https://storage.moegirl.org.cn/moegirl/commons/d/df/Fenghou.webp,,图源:moegirl,,https://bgm.tv/character/101789,,101789
bgm-bgm67575,bangumi,4,1,,安吉拉,アンジェラ,Angela,,其他,B,,动画,动画,キャロル＆チューズデイ,CAROLE & TUESDAY,2019,动画,,,7,0,0,7,,https://lain.bgm.tv/pic/crt/l/3c/1a/67575_crt_D03Bf.jpg,https://lain.bgm.tv/r/400/pic/crt/l/3c/1a/67575_crt_D03Bf.jpg,,,,,https://bgm.tv/character/67575,,67575
bgm-bgm22793,bangumi,4,1,,丹波桥红司,丹波橋紅司,Tanbabashi Kouji,,其他,O,,动画|漫画,动画,いなり、こんこん、恋いろは。,稻荷恋之歌,2014,动画,"[{""t"":""いなり、こんこん、恋いろは。"",""cn"":""稻荷恋之歌"",""ty"":""动画"",""y"":2014,""pop"":0},{""t"":""いなり、こんこん、恋いろは。"",""cn"":""稻荷恋之歌"",""ty"":""漫画"",""y"":2011,""pop"":0},{""t"":""いなり、お守り、初でぇと"",""cn"":"""",""ty"":""音乐"",""y"":2014,""pop"":0}]",いなりの同級生の男子で、いなりが想いを寄せる相手。バスケ部に所属している。 爽やかな性格>で、他人に優しく、周りからの支持も厚い。父は他界しており、母と弟の白兎（しろう）との3人家族。いなりのドジの被害者になることが多いが、いなりの一途さには気が付きつつある。,7,0,0,7,,https://lain.bgm.tv/pic/crt/l/6a/5d/22793_crt_V5rvv.jpg,https://lain.bgm.tv/r/400/pic/crt/l/6a/5d/22793_crt_V5rvv.jpg,,,,,https://bgm.tv/character/22793,,22793
bgm-bgm64257,bangumi,4,1,,月岛基,月島基,Tsukishima Hajime,月島軍曹,其他,,,动画|漫画,漫画,ゴールデンカムイ,黄金神威,2015,漫画,"[{""t"":""ゴールデンカムイ"",""cn"":""黄金神威"",""ty"":""漫画"",""y"":2015,""pop"":0},{""t"":""ゴールデンカムイ 第3期"",""cn"":""黄金神威 第三季"",""ty"":""动画"",""y"":2020,""pop"":0},{""t"":""ゴールデンカムイ 第2期"",""cn"":""黄金神威 第二季"",""ty"":""动画"",""y"":2018,""pop"":0},{""t"":""ゴールデンカムイ 第4期"",""cn"":""黄金神威 第四季"",""ty"":""动画"",""y"":2022,""pop"":0},{""t"":""ゴールデンカムイ 最終章"",""cn"":""黄金神威 最终章"",""ty"":""动画"",""y"":2026,""pop"":0},{""t"":""ゴールデンカムイ 網走監獄襲撃編"",""cn"":""黄金神威 网走监狱袭击篇"",""ty"":""其他"",""y"":2026,""pop"":0}]",帝国陸軍北海道第七師団歩兵第27聯隊に所属する軍人。通称通り階級は軍曹。 本名は月島基(ツキシマ ハジメ)。新潟県佐渡島出身。,7,0,0,7,,https://lain.bgm.tv/pic/crt/l/e7/90/64257_crt_oLZlL.jpg?r=1767629333,https://lain.bgm.tv/r/400/pic/crt/l/e7/90/64257_crt_oLZlL.jpg?r=1767629333,,,,,https://bgm.tv/character/64257,,64257
bgm-bgm156753,bangumi,4,1,,安谷屋圆,安谷屋円,,安谷屋つぶら,其他,,,动画|漫画,动画,オーイ！とんぼ 第2期,蜻蛉高球 第二季,2024,动画,"[{""t"":""オーイ！とんぼ 第2期"",""cn"":""蜻蛉高球 第二季"",""ty"":""动画"",""y"":2024,""pop"":0},{""t"":""オーイ！とんぼ"",""cn"":""蜻蛉高球"",""ty"":""动画"",""y"":2024,""pop"":0},{""t"":""オーイ! とんぼ"",""cn"":""蜻蛉高球"",""ty"":""漫画"",""y"":2016,""pop"":0}]",蜻蛉的朋友兼劲敌。 比任何人都认同蜻蛉的实力， 以成为世界第一球手为目标，磨练球技。 [简介原文] 洋子の姪で、九州ジュニアを制した逸材。世界一のプロになる事を目指し、ゴルフに打ち込んでいる。 自分にゴルフをさせるため、苦労している父親に、親孝行をしたいと思っている。 高校生： とんぼの友人でありライバル。 とんぼの実力を誰よりも認めながらも、世界一のプロになるという目標に向かって腕を磨く。,6,0,0,6,,https://lain.bgm.tv/pic/crt/l/51/d4/156753_crt_jFmmn.jpg?r=1714810318,https://lain.bgm.tv/r/400/pic/crt/l/51/d4/156753_crt_jFmmn.jpg?r=1714810318,,,,,https://bgm.tv/character/156753,,156753
bgm-bgm29711,bangumi,4,1,,云雀丘翔,雲雀ヶ丘カケル,,,其他,A,,Galgame,Galgame,誰が殺したコマドリを,谁杀死了知更鸟,2011,Galgame,,社交的でお調子者、クラスのムードメーカーを担う少年。 小鳥に異常に執着しているが、本人にも同級生にもそう気取られないほどには頭が回る。 表面上は明るく誰とでも付き合える彼の裏の顔、そしてその正体を知る者は学園にはいない……。 本作の主人公の一人でもある彼が、物語にどう絡んでくるのだろうか……？ 「やーっと授業、終わったなー！」,6,0,0,6,1,https://lain.bgm.tv/pic/crt/l/6a/f7/29711_crt_W9cAT.jpg,https://lain.bgm.tv/r/400/pic/crt/l/6a/f7/29711_crt_W9cAT.jpg,,,,,https://bgm.tv/character/29711,,29711
bgm-bgm3479,bangumi,4,1,,,清原千春,Kiyohara Chiharu,,其他,,,动画,动画,君が主で執事が俺で,你是主人我是仆,2008,动画,,爱干净，是个努力的少年。从很早以前就开始做家事，所以是位打扫的行家。对于年长的炼总是称呼为“炼哥”，好像很爱慕他的样子。 由于他的外貌和个性，似乎不太可能从久远寺家的主人与佣人之间找到恋爱的对象。心中一直希望能够抓住一点小小的幸福。 但因为自己的样子长得比较像个女孩子，再加上他那一头长头发。所以经常被炼误认是女孩子。,6,0,0,6,,https://lain.bgm.tv/pic/crt/l/69/50/3479_crt_anidb.jpg,https://lain.bgm.tv/r/400/pic/crt/l/69/50/3479_crt_anidb.jpg,,,,,https://bgm.tv/character/3479,,3479
bgm-bgm30920,bangumi,4,1,,路法斯·巴尔马,ルーファス＝バルマ,Rufus Barma,呆毛,其他,B,,动画|漫画,漫画,PandoraHearts,潘朵拉之心,2006,漫画,"[{""t"":""PandoraHearts"",""cn"":""潘朵拉之心"",""ty"":""漫画"",""y"":2006,""pop"":0},{""t"":""PandoraHearts"",""cn"":""潘多拉之心"",""ty"":""动画"",""y"":2009,""pop"":0},{""t"":""PandoraHearts RetraceⅡ-madness of lost memory-"",""cn"":""潘朵拉之心 RetraceⅡ-madness of lost memory-"",""ty"":""其他"",""y"":2026,""pop"":0}]",四大公爵家中最长寿的一位公爵，头上那根呆毛特别显眼。很有学识，手上掌有各方面的情报和资料，甚至知道不同人的性格和反应。奥兹等人透过他寻找「沙布利耶的悲剧」的线索。他的灵体能力为制造幻觉。,6,0,0,6,,https://lain.bgm.tv/pic/crt/l/ce/c9/30920_crt_2Js55.jpg,https://lain.bgm.tv/r/400/pic/crt/l/ce/c9/30920_crt_2Js55.jpg,,,,,https://bgm.tv/character/30920,,30920
bgm-bgm43445,bangumi,4,1,,柴崎健,柴崎健,Shibasaki Ken,,其他,O,,动画,音乐,何度だって、好き。～告白実行委員会～,,2017,音乐,"[{""t"":""何度だって、好き。～告白実行委員会～"",""cn"":"""",""ty"":""音乐"",""y"":2017,""pop"":0},{""t"":""好きになるその瞬間を。～告白実行委員会～"",""cn"":""喜欢上你的那个瞬间。～告白实行委员会～"",""ty"":""动画"",""y"":2017,""pop"":0},{""t"":""告白実行委員会  今好きになる。ショートストーリー"",""cn"":""告白实行委员会 我于此刻恋上你"",""ty"":""动画"",""y"":2015,""pop"":0},{""t"":""ヒロインたるもの！〜嫌われヒロインと内緒のお仕事〜"",""cn"":""身为女主角 讨厌的女主角与秘密的工作"",""ty"":""动画"",""y"":2022,""pop"":0}]",桜丘高校1年生で”シバケン”のあだ名でとにかくチャラくモテる男の子。 榎本虎太郎とは中学時代からの友達だが性格は真逆で、常に女の子と連絡を取り遊んでいる。 最近は高見沢アリサに本気みたい....？,6,0,0,6,,https://lain.bgm.tv/pic/crt/l/10/66/43445_crt_jrR4s.jpg?r=1475388220,https://lain.bgm.tv/r/400/pic/crt/l/10/66/43445_crt_jrR4s.jpg?r=1475388220,,,,,https://bgm.tv/character/43445,,43445
bgm-bgm177688,bangumi,4,1,,爱诗绫乃,Ayano Aishi,,Yandere-Chan / 病娇酱,其他,,,游戏,游戏,Yandere Simulator,病娇模拟器,2014,游戏,,"Ayano Aishi is the protagonist of Yandere Simulator. She is known as ""Yandere-chan"" to players of the game, and has been given the cute nickname ""Yan-chan"" by her classmates.",5,0,0,5,,https://lain.bgm.tv/pic/crt/l/1e/65/177688_crt_CJJwh.jpg,https://lain.bgm.tv/r/400/pic/crt/l/1e/65/177688_crt_CJJwh.jpg,https://storage.moegirl.org.cn/moegirl/commons/e/ef/Yandere_Simulator_fans_gift.png!/fw/480/watermark/url/L21vZWdpcmwvd2F0ZXJtYXJrLnBuZw==/align/southeast/margin/10x10/opacity/50?v=20150407061059|https://storage.moegirl.org.cn/moegirl/commons/e/ef/Yandere_Simulator_fans_gift.png,,图源:moegirl,,https://bgm.tv/character/177688,,177688
bgm-bgm67353,bangumi,4,1,,土佐堀遥,土佐堀遥,Tosabori Haruka,,其他,,,动画,动画,W'z《ウィズ》,W'Z,2019,动画,,・明るくて常にポジティブ ・口癖は「前向きに」,5,0,0,5,,https://lain.bgm.tv/pic/crt/l/c1/9b/67353_crt_iO8od.jpg,https://lain.bgm.tv/r/400/pic/crt/l/c1/9b/67353_crt_iO8od.jpg,,,,,https://bgm.tv/character/67353,,67353
bgm-bgm27866,bangumi,4,1,,远山金太郎,遠山金太郎,Tōyama Kintarō,金ちゃん,其他,B,,动画|漫画|游戏,动画,テニスの王子様,网球王子,2001,动画,"[{""t"":""テニスの王子様"",""cn"":""网球王子"",""ty"":""动画"",""y"":2001,""pop"":0},{""t"":""テニスの王子様 全国大会篇"",""cn"":""网球王子 全国大会篇"",""ty"":""动画"",""y"":2006,""pop"":0},{""t"":""テニスの王子様 ANOTHER STORY 〜過去と未来のメッセージ"",""cn"":""网球王子 过去和未来的信息"",""ty"":""动画"",""y"":2009,""pop"":0},{""t"":""テニスの王子様"",""cn"":""网球王子"",""ty"":""漫画"",""y"":2000,""pop"":0},{""t"":""新テニスの王子様 U-17 WORLD CUP 決勝メンバー決定戦"",""cn"":""新网球王子 U-17 世界杯 决赛成员选拔赛"",""ty"":""动画"",""y"":2026,""pop"":0},{""t"":""新テニスの王子様 RisingBeat"",""cn"":""新网球王子 RisingBeat"",""ty"":""游戏"",""y"":2017,""pop"":0}]",天真爛漫な性格そのままな、プレイスタイル。小さな肉体に、恐るべき筋力、瞬発力、持久力を秘めている。,5,0,0,5,,https://lain.bgm.tv/pic/crt/l/c2/b2/27866_crt_0j5V6.jpg,https://lain.bgm.tv/r/400/pic/crt/l/c2/b2/27866_crt_0j5V6.jpg,,,,,https://bgm.tv/character/27866,,27866
bgm-bgm154625,bangumi,4,1,,飞燕,ヒエン,,,其他,,,动画|漫画,漫画,ダンジョン飯,迷宫饭,2015,漫画,"[{""t"":""ダンジョン飯"",""cn"":""迷宫饭"",""ty"":""漫画"",""y"":2015,""pop"":0},{""t"":""ダンジョン飯"",""cn"":""迷宫饭"",""ty"":""动画"",""y"":2024,""pop"":0}]",半本家に使える優秀な忍者で、シュローの迷宮探索に同行している。,4,0,0,4,,https://lain.bgm.tv/pic/crt/l/9a/4e/154625_crt_8Spm0.jpg?r=1711636362,https://lain.bgm.tv/r/400/pic/crt/l/9a/4e/154625_crt_8Spm0.jpg?r=1711636362,,,,,https://bgm.tv/character/154625,,154625
bgm-bgm77118,bangumi,4,1,,福泽佑麒,福沢祐麒,,ユキチ / 小麒,其他,,,动画|漫画,动画,マリア様がみてる 3rdシーズン,圣母在上 第3季,2006,动画,"[{""t"":""マリア様がみてる 3rdシーズン"",""cn"":""圣母在上 第3季"",""ty"":""动画"",""y"":2006,""pop"":0},{""t"":""マリア様がみてる 4thシーズン"",""cn"":""圣母在上 第4季"",""ty"":""动画"",""y"":2009,""pop"":0},{""t"":""マリア様がみてる 〜春〜"",""cn"":""圣母在上 春"",""ty"":""动画"",""y"":2004,""pop"":0},{""t"":""マリア様がみてる"",""cn"":""圣母在上"",""ty"":""动画"",""y"":2004,""pop"":0},{""t"":""お釈迦様もみてる"",""cn"":""释迦牟尼也凝望"",""ty"":""漫画"",""y"":2008,""pop"":0}]",主人公・福沢祐巳の弟。年子の弟で4月1日生まれなので学年は祐巳と同じ（日本の法律では、誕生日の一日前に加齢する）。 通っている花寺学院では生徒会長を務める。 前会長の柏木優から気に入られており、彼直々に後継者に指名された。 完璧超人かつ絶対権力者であった柏木とは異なり、何事も体当たりで解決するタイプ。そのため、体には生傷が絶えず、制服はボロボロ。 しかしながら、その懸命な姿勢のため、生徒からの人望は厚い。,4,0,0,4,,https://lain.bgm.tv/pic/crt/l/1b/cc/77118_crt_1virA.jpg,https://lain.bgm.tv/r/400/pic/crt/l/1b/cc/77118_crt_1virA.jpg,,,,,https://bgm.tv/character/77118,,77118
bgm-bgm166573,bangumi,4,1,,冈聪实,岡聡実,,,其他,O,,动画|漫画,其他,カラオケ行こ!,去K歌吧！,2024,其他,"[{""t"":""カラオケ行こ!"",""cn"":""去K歌吧！"",""ty"":""其他"",""y"":2024,""pop"":0},{""t"":""ファミレス行こ。"",""cn"":""去恰饭吧。"",""ty"":""漫画"",""y"":2023,""pop"":0},{""t"":""カラオケ行こ!"",""cn"":""去K歌吧！"",""ty"":""漫画"",""y"":2020,""pop"":0},{""t"":""カラオケ行こ！"",""cn"":""去唱卡拉OK吧！"",""ty"":""动画"",""y"":2025,""pop"":0}]",森丘中学校合唱部の部長で中学3年生。高い歌唱力を持つが、変声期を迎え、声が上手く出せなくなっていたことを悩んでいた。真面目でおとなしそうに見えるが、怖いもの知らずなところもあり、狂児に毒舌を吐くこともある。,4,0,0,4,,https://lain.bgm.tv/pic/crt/l/41/8c/166573_crt_K0Ksw.jpg,https://lain.bgm.tv/r/400/pic/crt/l/41/8c/166573_crt_K0Ksw.jpg,,,,,https://bgm.tv/character/166573,,166573
bgm-bgm20691,bangumi,4,1,,波波波波·波波波,ボボボーボ・ボーボボ,,阿母,其他,A,,动画|漫画|游戏,漫画,ボボボーボ・ボーボボ,鼻毛真拳,2001,漫画,"[{""t"":""ボボボーボ・ボーボボ"",""cn"":""鼻毛真拳"",""ty"":""漫画"",""y"":2001,""pop"":0},{""t"":""真说ボボボーボ・ボーボボ"",""cn"":""真说鼻毛真拳"",""ty"":""漫画"",""y"":2006,""pop"":0},{""t"":""ボボボーボ・ボーボボ"",""cn"":""爆裂鼻毛真拳"",""ty"":""动画"",""y"":2003,""pop"":0},{""t"":""ジェイスターズ ビクトリーバーサス"",""cn"":""J明星胜利对决"",""ty"":""游戏"",""y"":2014,""pop"":0},{""t"":""超ハジケステージ☆ボボボーボ・ボーボボ ～因縁！鼻毛！決戦！～"",""cn"":"""",""ty"":""其他"",""y"":2026,""pop"":0},{""t"":""超ハジケステージ☆ボボボーボ・ボーボボ"",""cn"":"""",""ty"":""其他"",""y"":2024,""pop"":0}]",鼻毛真拳的主角 奥义：鼻毛真拳 戴着墨镜，留黄色爆炸头的男人。身上到处都有机关，特别是鼻孔和头发里。毛之国的幸存者，能听懂毛（鼻毛、腋毛、头发。。）的语言，而这正是他对抗拔毛队的初衷。 波波波表面看上去是个美式硬汉，实则头脑混乱，时常做出各种脱线的举动。但是在危难时刻，他总能化险为夷拯救世界。毕竟是主角。。(似乎在体内存在一个庞大的控制团队以及部分居民，脑袋里面住着两只袋鼠利斯美和他的男友...),4,0,0,4,,https://lain.bgm.tv/pic/crt/l/be/99/20691_crt_3rWxx.jpg,https://lain.bgm.tv/r/400/pic/crt/l/be/99/20691_crt_3rWxx.jpg,,,,,https://bgm.tv/character/20691,,20691
bgm-bgm204810,bangumi,4,1,,芬恩,フィン,Finn,菲,其他,,,动画|漫画,动画,杖と剣のウィストリア Season 2,杖与剑的魔剑谭 第二季,2026,动画,"[{""t"":""杖と剣のウィストリア Season 2"",""cn"":""杖与剑的魔剑谭 第二季"",""ty"":""动画"",""y"":2026,""pop"":0},{""t"":""杖と剣のウィストリア"",""cn"":""杖与剑的魔剑谭"",""ty"":""动画"",""y"":2024,""pop"":0},{""t"":""杖と剣のウィストリア"",""cn"":""杖与剑的魔剑谭"",""ty"":""漫画"",""y"":2021,""pop"":0}]",“至高の五杖”にも縛られない謎の男。代々ダンジョンの知識を蓄えてきた“光の一族”のひとり。塔と契約を結び、案内人としてダンジョン開拓に協力している。その一方、魔法学院のコルドロン校長に「魔導士殺し」に関する報告を行う。アロンとの遠征中、初めて出会ったウィルに何かを見出し、「剣」と呼びかける。,4,0,0,4,,https://lain.bgm.tv/pic/crt/l/b6/f8/204810_crt_gYLhl.jpg,https://lain.bgm.tv/r/400/pic/crt/l/b6/f8/204810_crt_gYLhl.jpg,,,,,https://bgm.tv/character/204810,,204810
bgm-bgm43232,bangumi,4,1,,金肉人,キン肉マン,Kinnikuman,キン肉スグル / 筋肉人,其他,,,动画|漫画,动画,キン肉マン 完璧超人始祖編,金肉人 完美超人始祖篇,2024,动画,"[{""t"":""キン肉マン 完璧超人始祖編"",""cn"":""金肉人 完美超人始祖篇"",""ty"":""动画"",""y"":2024,""pop"":0},{""t"":""キン肉マン"",""cn"":""格斗金肉人"",""ty"":""漫画"",""y"":1980,""pop"":0},{""t"":""キン肉マンII世"",""cn"":""格斗金肉人二世"",""ty"":""动画"",""y"":2002,""pop"":0},{""t"":""キン肉マン"",""cn"":""金肉人"",""ty"":""动画"",""y"":1983,""pop"":0},{""t"":""キン肉マン キン肉星王位争奪編"",""cn"":""金肉人 金肉星王位争夺篇"",""ty"":""动画"",""y"":1991,""pop"":0},{""t"":""キン肉マンII世 ULTIMATE MUSCLE 2"",""cn"":""格斗金肉人二世 ULTIMATE MUSCLE 2"",""ty"":""动画"",""y"":2006,""pop"":0}]",何をやってもドジばかりのお調子者ダメ超人だったが、多くの仲間と出会い、友情を育むうちに隠れた才能を開花。逆境で爆発する“火事場のクソ力”で数々の大逆転劇を演じ、地球を守り続けた奇蹟のヒーロー。現在はキン肉星第58代大王で、本名キン肉スグル。,4,0,0,4,,https://lain.bgm.tv/pic/crt/l/be/c7/43232_crt_0nWdr.jpg?r=1708268956,https://lain.bgm.tv/r/400/pic/crt/l/be/c7/43232_crt_0nWdr.jpg?r=1708268956,,,,,https://bgm.tv/character/43232,,43232
bgm-bgm165021,bangumi,4,1,,,逢坂茜,,,其他,B,,游戏,游戏,オンゲキ R.E.D.,音击 R.E.D.,2020,游戏,"[{""t"":""オンゲキ R.E.D."",""cn"":""音击 R.E.D."",""ty"":""游戏"",""y"":2020,""pop"":0},{""t"":""オンゲキ R.E.D. PLUS"",""cn"":""音击 R.E.D. PLUS"",""ty"":""游戏"",""y"":2021,""pop"":0},{""t"":""オンゲキ SUMMER"",""cn"":""音击 SUMMER"",""ty"":""游戏"",""y"":2019,""pop"":0},{""t"":""オンゲキ SUMMER PLUS"",""cn"":""音击 SUMMER PLUS"",""ty"":""游戏"",""y"":2020,""pop"":0},{""t"":""オンゲキ bright MEMORY"",""cn"":""音击 bright MEMORY"",""ty"":""游戏"",""y"":2022,""pop"":0},{""t"":""オンゲキ Re:Fresh"",""cn"":""音击 Re:Fresh"",""ty"":""游戏"",""y"":2025,""pop"":0}]",わーっはっはっはっ！ この逢坂茜様の野望、 世界征服を手伝うがいい！ 破天荒なハチャメチャ生徒会長。 思い立ったら即行動のトラブルメーカーで、ついた二つ名が「奏坂の赤き天災」。学園で騒動が起きた時は、だいたい茜が原因と言われている。 趣味は世界征服。マントを羽織ったり、生徒会室を秘密結社風に改造したりとノリノリ。よく調子に乗り過ぎては、楓のこっぴどいお説教にあっている。,3,0,0,3,,https://lain.bgm.tv/pic/crt/l/ec/8b/165021_crt_FcFE1.jpg,https://lain.bgm.tv/r/400/pic/crt/l/ec/8b/165021_crt_FcFE1.jpg,https://storage.moegirl.org.cn/moegirl/commons/4/41/%E9%80%A2%E5%9D%82_%E8%8C%9C.png!/fw/480/watermark/url/L21vZWdpcmwvd2F0ZXJtYXJrLnBuZw==/align/southeast/margin/10x10/opacity/50?v=20190929105346|https://storage.moegirl.org.cn/moegirl/commons/4/41/%E9%80%A2%E5%9D%82_%E8%8C%9C.png,,图源:moegirl,,https://bgm.tv/character/165021,,165021
bgm-bgm87467,bangumi,4,1,,佐久间龙一,佐久間竜一,,世界の佐久間竜一,其他,B,,动画|漫画,动画,グラビテーション,万有引力OVA,1999,动画,"[{""t"":""グラビテーション"",""cn"":""万有引力OVA"",""ty"":""动画"",""y"":1999,""pop"":0},{""t"":""グラビテーション"",""cn"":""万有引力"",""ty"":""动画"",""y"":2000,""pop"":0},{""t"":""グラビテーション"",""cn"":""万有引力"",""ty"":""漫画"",""y"":1996,""pop"":0},{""t"":""グラビテーションEX"",""cn"":""万有引力EX"",""ty"":""漫画"",""y"":2007,""pop"":0}]",「NITTLE GRASPER」の天才ヴォーカルで、解散後はアメリカで俳優としてソロデビュー。別名・世界の佐久間竜一。ぬいぐるみのくまごろうとはいつも一緒、子供っぽい性格。マイクを持つと人格が変わる。EXでは愁一に告白。また、人格が分離した。,3,0,0,3,,https://lain.bgm.tv/pic/crt/l/97/7f/87467_crt_0yTcP.jpg,https://lain.bgm.tv/r/400/pic/crt/l/97/7f/87467_crt_0yTcP.jpg,,,,,https://bgm.tv/character/87467,,87467
bgm-bgm28407,bangumi,4,1,,山崎春马,山崎春馬,,,其他,AB,,动画|漫画,动画,山田くんと7人の魔女,山田君与7个魔女,2015,动画,"[{""t"":""山田くんと7人の魔女"",""cn"":""山田君与7个魔女"",""ty"":""动画"",""y"":2015,""pop"":0},{""t"":""山田くんと7人の魔女 OAD"",""cn"":""山田君与7个魔女 OAD"",""ty"":""动画"",""y"":2014,""pop"":0},{""t"":""山田くんと7人の魔女"",""cn"":""山田君与7个魔女"",""ty"":""漫画"",""y"":2012,""pop"":0}]",3年。元生徒会長。一見女好きですっとぼけた性格だが、宮村曰く「とんでもないタヌキ」。,3,0,0,3,,https://lain.bgm.tv/pic/crt/l/19/22/28407_crt_6602g.jpg?r=1431153950,https://lain.bgm.tv/r/400/pic/crt/l/19/22/28407_crt_6602g.jpg?r=1431153950,,,,,https://bgm.tv/character/28407,,28407
bgm-bgm7887,bangumi,4,1,,浅野启吾,浅野啓吾,Asano Keigo,,其他,AA,,动画|漫画,动画,BLEACH 千年血戦篇-訣別譚-,死神 千年血战篇-诀别谭-,2023,动画,"[{""t"":""BLEACH 千年血戦篇-訣別譚-"",""cn"":""死神 千年血战篇-诀别谭-"",""ty"":""动画"",""y"":2023,""pop"":0},{""t"":""BLEACH 千年血戦篇-相剋譚-"",""cn"":""死神 千年血战篇-相克谭-"",""ty"":""动画"",""y"":2024,""pop"":0},{""t"":""BLEACH"",""cn"":""死神"",""ty"":""动画"",""y"":2004,""pop"":0},{""t"":""BLEACH 死神代行篇"",""cn"":""死神"",""ty"":""其他"",""y"":2018,""pop"":0},{""t"":""BLEACH"",""cn"":""死神"",""ty"":""漫画"",""y"":2002,""pop"":0},{""t"":""BLEACH 獄頤鳴鳴篇"",""cn"":""死神 狱颐鸣鸣篇"",""ty"":""漫画"",""y"":2021,""pop"":0}]",,3,0,0,3,,https://lain.bgm.tv/pic/crt/l/8a/67/7887_crt_Mo9f7.jpg,https://lain.bgm.tv/r/400/pic/crt/l/8a/67/7887_crt_Mo9f7.jpg,,,,,https://bgm.tv/character/7887,,7887
bgm-bgm3443,bangumi,4,1,,克洛维斯·La·布里塔尼亚,クロヴィス・ラ・ブリタニア,Clovis la Britannia,,其他,,,动画,动画,コードギアス 反逆のルルーシュ,Code Geass 反叛的鲁路修,2006,动画,"[{""t"":""コードギアス 反逆のルルーシュ"",""cn"":""Code Geass 反叛的鲁路修"",""ty"":""动画"",""y"":2006,""pop"":0},{""t"":""コードギアス 反逆のルルーシュ I 興道"",""cn"":""Code Geass 反叛的鲁路修 I 兴道"",""ty"":""动画"",""y"":2017,""pop"":0}]",,3,0,0,3,,https://lain.bgm.tv/pic/crt/l/82/ff/3443_crt_44TF0.jpg,https://lain.bgm.tv/r/400/pic/crt/l/82/ff/3443_crt_44TF0.jpg,,,,,https://bgm.tv/character/3443,,3443
bgm-bgm41283,bangumi,4,1,,多妮妲,ドニタ,Donita,,其他,O,,游戏,游戏,アンライト～Unlight～,,2010,游戏,,“不死”的少女，带来破坏与快乐的女孩。,3,0,0,3,,https://lain.bgm.tv/pic/crt/l/9d/a6/41283_crt_2X4q8.jpg,https://lain.bgm.tv/r/400/pic/crt/l/9d/a6/41283_crt_2X4q8.jpg,https://storage.moegirl.org.cn/moegirl/commons/f/f4/%E8%B6%85%E7%BA%A7%E5%A5%B3%E4%B8%BB%E8%A7%92.jpg,,图源:moegirl,,https://bgm.tv/character/41283,,41283
bgm-bgm27494,bangumi,4,1,,,金城白子,Kinjou Shirasu,,其他,O,,动画|漫画,动画,曇天に笑う,笑对阴天,2014,动画,"[{""t"":""曇天に笑う"",""cn"":""笑对阴天"",""ty"":""动画"",""y"":2014,""pop"":0},{""t"":""曇天に笑う"",""cn"":""笑傲昙天"",""ty"":""漫画"",""y"":2011,""pop"":0},{""t"":""TVアニメ「曇天に笑う」DVD-BOX アニメイト上下巻連動購入特典 オリジナルドラマCD"",""cn"":"""",""ty"":""音乐"",""y"":"""",""pop"":0},{""t"":""曇天に笑う＜外伝＞～宿命、双頭の風魔～"",""cn"":""笑对昙天 <外传> ～宿命、双头的风魔～"",""ty"":""动画"",""y"":2018,""pop"":0},{""t"":""曇天に笑う＜外伝＞～決別、犲の誓い～"",""cn"":""笑对昙天 <外传> ～诀别、豺的誓言～"",""ty"":""动画"",""y"":2017,""pop"":0},{""t"":""曇天に笑う"",""cn"":""笑傲昙天"",""ty"":""其他"",""y"":2018,""pop"":0}]",曇神社の居候。 10年前、大怪我をしていたところを天火に助けられてから、曇家の面倒を見ている。忍集団、風魔一族の末裔。,3,0,0,3,,https://lain.bgm.tv/pic/crt/l/c1/ee/27494_crt_1eqOM.jpg?r=1414295309,https://lain.bgm.tv/r/400/pic/crt/l/c1/ee/27494_crt_1eqOM.jpg?r=1414295309,,,,,https://bgm.tv/character/27494,,27494
bgm-bgm183319,bangumi,4,1,,月槛樱,月檻桜,Tukiwori Sakura,,其他,,,漫画,漫画,男子禁制ゲーム世界で俺がやるべき唯一のこと 百合の間に挟まる男として転生してしまいました,转生在男性禁入的游戏世界,2025,漫画,"[{""t"":""男子禁制ゲーム世界で俺がやるべき唯一のこと 百合の間に挟まる男として転生してしまいました"",""cn"":""转生在男性禁入的游戏世界"",""ty"":""漫画"",""y"":2025,""pop"":0},{""t"":""男子禁制ゲーム世界で俺がやるべき唯一のこと 百合の間に挟まる男として転生してしまいました"",""cn"":""在男性禁入的游戏世界里，我唯一该做的事情 我转生成了夹在百合之间的男人"",""ty"":""漫画"",""y"":2023,""pop"":0}]",游戏『Everything for the Score』的主人公，拥有出类拔萃的成长率，能够操控所有魔导催化器的怪物。,3,0,0,3,,https://lain.bgm.tv/pic/crt/l/5d/2e/183319_crt_k1RtM.jpg,https://lain.bgm.tv/r/400/pic/crt/l/5d/2e/183319_crt_k1RtM.jpg,,,,,https://bgm.tv/character/183319,,183319
bgm-bgm7822,bangumi,4,1,,山田花太郎,山田花太郎,Yamada Hanatarou,,其他,,,动画|漫画,动画,BLEACH 千年血戦篇-禍進譚-,死神 千年血战篇-祸进谭-,2026,动画,"[{""t"":""BLEACH 千年血戦篇-禍進譚-"",""cn"":""死神 千年血战篇-祸进谭-"",""ty"":""动画"",""y"":2026,""pop"":0},{""t"":""BLEACH 千年血戦篇"",""cn"":""死神 千年血战篇"",""ty"":""动画"",""y"":2022,""pop"":0},{""t"":""BLEACH 千年血戦篇-相剋譚-"",""cn"":""死神 千年血战篇-相克谭-"",""ty"":""动画"",""y"":2024,""pop"":0},{""t"":""BLEACH"",""cn"":""死神"",""ty"":""动画"",""y"":2004,""pop"":0},{""t"":""BLEACH"",""cn"":""死神"",""ty"":""漫画"",""y"":2002,""pop"":0},{""t"":""BLEACH 獄頤鳴鳴篇"",""cn"":""死神 狱颐鸣鸣篇"",""ty"":""漫画"",""y"":2021,""pop"":0}]",,3,0,0,3,,https://lain.bgm.tv/pic/crt/l/2f/89/7822_crt_ZzvR8.jpg,https://lain.bgm.tv/r/400/pic/crt/l/2f/89/7822_crt_ZzvR8.jpg,,,,,https://bgm.tv/character/7822,,7822
bgm-bgm160024,bangumi,4,1,,安瑟姆·斯玛特,アンセム・スマート,,,其他,,,动画|漫画,漫画,嘆きの亡霊は引退したい ~最弱ハンターによる最強パーティ育成術~,叹息的亡灵好想隐退~最弱猎手的最强队伍养成术~,2018,漫画,"[{""t"":""嘆きの亡霊は引退したい ~最弱ハンターによる最強パーティ育成術~"",""cn"":""叹息的亡灵好想隐退~最弱猎手的最强队伍养成术~"",""ty"":""漫画"",""y"":2018,""pop"":0},{""t"":""嘆きの亡霊は引退したい 第2クール"",""cn"":""叹气的亡灵想隐退 第2部分"",""ty"":""动画"",""y"":2025,""pop"":0},{""t"":""嘆きの亡霊は引退したい"",""cn"":""叹气的亡灵想隐退"",""ty"":""动画"",""y"":2024,""pop"":0},{""t"":""嘆きの亡霊は引退したい ~最弱ハンターによる最強パーティ育成術~"",""cn"":""叹息的亡灵好想隐退~最弱猎手的最强队伍养成术~"",""ty"":""漫画"",""y"":2019,""pop"":0}]",帝都でも屈指の守護騎士（パラディン）にして、リィズとシトリーの兄。クライの幼馴染の中で最も落ち着いた性格の持ち主で《嘆きの亡霊（ストレンジ・グリーフ）》の守りの要。《嘆きの亡霊（ストレンジ・グリーフ）》の無茶な戦いぶりはアンセムの回復魔法があってこそである。 全般で頼りになる男だが、妹であるリィズとシトリーに甘すぎることが唯一の弱点で、彼女らを制御することにおいては全く頼りにならない。,2,0,0,2,,https://lain.bgm.tv/pic/crt/l/f3/a0/160024_crt_0V8Z5.jpg?r=1719146635,https://lain.bgm.tv/r/400/pic/crt/l/f3/a0/160024_crt_0V8Z5.jpg?r=1719146635,,,,,https://bgm.tv/character/160024,,160024
bgm-bgm48422,bangumi,4,1,,,足立花,,,其他,O,,动画|漫画,漫画,ヤンキー君とメガネちゃん,不良仔与眼镜妹,2007,漫画,"[{""t"":""ヤンキー君とメガネちゃん"",""cn"":""不良仔与眼镜妹"",""ty"":""漫画"",""y"":2007,""pop"":0},{""t"":""山田くんと7人の魔女"",""cn"":""山田君与7个魔女"",""ty"":""动画"",""y"":2015,""pop"":0},{""t"":""山田くんと7人の魔女 OAD"",""cn"":""山田君与7个魔女 OAD"",""ty"":""动画"",""y"":2014,""pop"":0}]",本作のもう一人の主人公。品川のクラスメイトで学級委員。 作者によるとモデルは特にいないが、性格的には作者自身が最も近いという意見もある。読み切り版と連載版では髪型が異なる（単行本化の際に連載版の三つ編みおさげに修正）。なお、高校入学前は髪型はストレートでメガネもかけておらず、品川はこの時の花に一目惚れしている。左目の下に泣きボクロがある。品川大地とは同い年だが早生まれで1学年上。しかし、留年したために紋白高校入学では同級生という間柄になる。姫路によると歳の話題は禁句らしい。,2,0,0,2,,https://lain.bgm.tv/pic/crt/l/d2/e6/48422_crt_EDWo8.jpg,https://lain.bgm.tv/r/400/pic/crt/l/d2/e6/48422_crt_EDWo8.jpg,,,,,https://bgm.tv/character/48422,,48422
bgm-bgm108606,bangumi,4,1,,伊集院好雄,伊集院好雄,,,其他,AB,,动画,动画,恋愛フロップス,恋爱FLOPS,2022,动画,,自称・朝の親友。 お調子者でどこから仕入れたかわからない個人情報を持っている。 わからないことはなんでも教えてくれる、人畜無害な男。,2,0,0,2,,https://lain.bgm.tv/pic/crt/l/7d/34/108606_crt_H282I.jpg?r=1648212807,https://lain.bgm.tv/r/400/pic/crt/l/7d/34/108606_crt_H282I.jpg?r=1648212807,,,,,https://bgm.tv/character/108606,,108606
bgm-bgm85669,bangumi,4,1,,,ディセリア,,,,AB,,Galgame,Galgame,ゴシックは魔法乙女～さっさと契約しなさい！～,哥特式魔法少女,2015,Galgame,,生真面目な性格の神聖騎士。かつて上位天使から授かったという光の聖甲を携え、今日も戦う。,2,0,0,2,,https://lain.bgm.tv/pic/crt/l/a3/50/85669_crt_3m6M5.jpg,https://lain.bgm.tv/r/400/pic/crt/l/a3/50/85669_crt_3m6M5.jpg,,,,,https://bgm.tv/character/85669,,85669
bgm-bgm187537,bangumi,4,1,,轡田真希,轡田マキ,,,其他,AB,,动画,动画,DIGIMON BEATBREAK,数码宝贝 觉醒节拍,2025,动画,,バー「伽藍堂」のママ。情報屋としての顔も持つ。,2,0,0,2,,https://lain.bgm.tv/pic/crt/l/8a/4c/187537_crt_UHXyZ.jpg,https://lain.bgm.tv/r/400/pic/crt/l/8a/4c/187537_crt_UHXyZ.jpg,,,,,https://bgm.tv/character/187537,,187537
bgm-bgm113392,bangumi,4,1,,,阿呆芙·洛玛,,,其他,,,游戏,游戏,战双帕弥什,战双帕弥什,2019,游戏,"[{""t"":""战双帕弥什"",""cn"":""战双帕弥什"",""ty"":""游戏"",""y"":2019,""pop"":0},{""t"":""战场双马尾"",""cn"":"""",""ty"":""游戏"",""y"":2016,""pop"":0}]",萌军的旗帜，世界的偶像，永远13岁的元帅大人是acg宅心中永恒的萌神！绝对的甜食党！ 中二病是从小培养的，一直嚷嚷着要征服世界！活泼独断自我中心，我们的征途是星辰大海！是个重度中二病患者。,2,0,0,2,,https://lain.bgm.tv/pic/crt/l/10/ab/113392_crt_8q59M.jpg,https://lain.bgm.tv/r/400/pic/crt/l/10/ab/113392_crt_8q59M.jpg,https://storage.moegirl.org.cn/moegirl/commons/0/00/%E5%85%83%E9%A6%96%E8%A1%A8%E6%83%85.png!/fw/480/watermark/url/L21vZWdpcmwvd2F0ZXJtYXJrLnBuZw==/align/southeast/margin/10x10/opacity/50?v=20160810100637|https://storage.moegirl.org.cn/moegirl/commons/0/00/%E5%85%83%E9%A6%96%E8%A1%A8%E6%83%85.png,,图源:moegirl,,https://bgm.tv/character/113392,,113392
bgm-bgm87259,bangumi,4,1,,,初玖,,涂山初玖,其他,,,游戏,游戏,解神者：X2,,2020,游戏,,传说中涂山狐族之一，拥有“造物”的力量，能把脑内的一切具象化。因为此能力等同于创世，被不能说出名字的有关机构联手埋入地下。 在现代醒来的初玖，变成了一个沉迷于现代游戏和垃圾食品，每天捧着游戏手柄不肯松手的游戏宅。爱好：电玩，零食;因为过于沉迷游戏，甚至具象化了一个超大手柄，作为自己的魂器。,2,0,0,2,,https://lain.bgm.tv/pic/crt/l/78/80/87259_crt_v5G1h.jpg?r=1605768420,https://lain.bgm.tv/r/400/pic/crt/l/78/80/87259_crt_v5G1h.jpg?r=1605768420,https://storage.moegirl.org.cn/moegirl/commons/2/27/20dee53362ce1e733c84ebbca49e41e0.jpg!/fw/480/watermark/url/L21vZWdpcmwvd2F0ZXJtYXJrLnBuZw==/align/southeast/margin/10x10/opacity/50?v=20200527063408|https://storage.moegirl.org.cn/moegirl/commons/2/27/20dee53362ce1e733c84ebbca49e41e0.jpg,,图源:moegirl,,https://bgm.tv/character/87259,,87259
bgm-bgm17812,bangumi,4,1,,贵鬼,貴鬼,,,其他,B,,动画|漫画|游戏,动画,聖闘士星矢,圣斗士星矢,1986,动画,"[{""t"":""聖闘士星矢"",""cn"":""圣斗士星矢"",""ty"":""动画"",""y"":1986,""pop"":0},{""t"":""聖闘士星矢"",""cn"":""圣斗士星矢"",""ty"":""漫画"",""y"":1986,""pop"":0},{""t"":""聖闘士星矢 冥王ハーデスエリシオン編"",""cn"":""圣斗士星矢 极乐净土篇"",""ty"":""动画"",""y"":2008,""pop"":0},{""t"":""聖闘士星矢Ω"",""cn"":""圣斗士星矢Ω"",""ty"":""动画"",""y"":2012,""pop"":0},{""t"":""圣斗士星矢"",""cn"":"""",""ty"":""游戏"",""y"":2018,""pop"":0}]",かつての牡羊座の黄金聖闘士ムウの弟子で、聖衣を修理することが出来る最後の修復師。少年時代には伝説の聖闘士である星矢たちと共に、幾多の戦いを目にしてきた。現在は羅喜を弟子にとり、マルスの魔の手から隠れてひっそりと暮らしているが…,2,0,0,2,,https://lain.bgm.tv/pic/crt/l/a8/67/17812_crt_3z4Oz.jpg,https://lain.bgm.tv/r/400/pic/crt/l/a8/67/17812_crt_3z4Oz.jpg,https://storage.moegirl.org.cn/moegirl/commons/1/1c/SS%E6%97%A0%E5%8D%B0%E8%B4%B5%E9%AC%BC.png!/fw/480/watermark/url/L21vZWdpcmwvd2F0ZXJtYXJrLnBuZw==/align/southeast/margin/10x10/opacity/50?v=20251226060648|https://storage.moegirl.org.cn/moegirl/commons/1/1c/SS%E6%97%A0%E5%8D%B0%E8%B4%B5%E9%AC%BC.png,,图源:moegirl,,https://bgm.tv/character/17812,,17812
bgm-bgm28924,bangumi,4,1,,尤里安,ユリアン,,,其他,AB,,Galgame,Galgame,宵夜森ノ姫,宵夜森的公主,2015,Galgame,,植物や動物に詳しい、おっとりした天然系男子。 庭の世話が彼の日課となっている。 植物や動物に語りかけたり、 動物の言葉がわかったりとかなり浮世離れしているが、 まれに鋭く、本人しか知り得ないような情報を口にしたりする。 「描かせてもらう前に必ず聞くんだ。君のことを教えて、って」,2,0,0,2,,https://lain.bgm.tv/pic/crt/l/7b/c8/28924_crt_PA6E6.jpg,https://lain.bgm.tv/r/400/pic/crt/l/7b/c8/28924_crt_PA6E6.jpg,,,,,https://bgm.tv/character/28924,,28924
bgm-bgm37587,bangumi,4,1,,,桜咲良,,,其他,O,,Galgame,Galgame,恋のハニトー ～えっちで甘いハニートラップ～,,2016,Galgame,,気弱で臆病なドジっ子。 妹属性で妄想癖があり、主人公に一目惚れしている。 そして巨乳。 困ったことがあるとすぐ主人公に助けを求め、本当の妹のように接してくる。 「あわわわ、お、おはようございます」,2,0,0,2,1,https://lain.bgm.tv/pic/crt/l/a0/68/37587_crt_5o04r.jpg,https://lain.bgm.tv/r/400/pic/crt/l/a0/68/37587_crt_5o04r.jpg,,,,,https://bgm.tv/character/37587,,37587
bgm-bgm43797,bangumi,4,1,,,筑波飛鳥,,,,,,Galgame,Galgame,いんぴゅり -ヒトとアナタとアヤカシと-,,2013,Galgame,,和登の信頼する先輩である五郎の、同い年の幼なじみ。 明るく活発、元気の固まり。 人見知りしない性格のため友人の数も非常に多い。 容姿も抜群なのだが、いたずら好きで男勝りな性格が仇となってあまり恋愛対象としては認識されていない。 だが、その内面はロマンチスト。 少女漫画が大好きで、まさしくギャップ萌えの体現者である。 烏天狗と人間とのハーフであり、その身体能力は高い。 特に走力に関してだけなら最高クラス。 自称・学園最速。,2,0,0,2,1,https://lain.bgm.tv/pic/crt/l/03/97/43797_crt_CX7WW.jpg,https://lain.bgm.tv/r/400/pic/crt/l/03/97/43797_crt_CX7WW.jpg,,,,,https://bgm.tv/character/43797,,43797
bgm-bgm65206,bangumi,4,1,,安维,アヴィ,Avi,安維 / 阿维,其他,,,动画|Galgame,Galgame,夢王国と眠れる100人の王子様,梦王国与沉睡的100名王子,2015,Galgame,"[{""t"":""夢王国と眠れる100人の王子様"",""cn"":""梦王国与沉睡的100名王子"",""ty"":""Galgame"",""y"":2015,""pop"":0},{""t"":""夢王国と眠れる100人の王子様"",""cn"":""梦王国与沉睡的100名王子"",""ty"":""动画"",""y"":2018,""pop"":0}]",騎士之國・艾爾斯托利亞的王子。個性淡漠而認真，高超的劍術連在其他國家中都很知名。有時會突然面露寂寞，也許與他的過去有關。,2,0,0,2,,https://lain.bgm.tv/pic/crt/l/d4/61/65206_crt_7RF11.jpg,https://lain.bgm.tv/r/400/pic/crt/l/d4/61/65206_crt_7RF11.jpg,,,,,https://bgm.tv/character/65206,,65206
bgm-bgm8448,bangumi,4,1,,蛤蟆吉,ガマ吉,Gamakichi,,其他,,,动画|漫画,动画,NARUTO -ナルト- 疾風伝,火影忍者疾风传,2007,动画,"[{""t"":""NARUTO -ナルト- 疾風伝"",""cn"":""火影忍者疾风传"",""ty"":""动画"",""y"":2007,""pop"":0},{""t"":""NARUTO -ナルト-"",""cn"":""火影忍者"",""ty"":""动画"",""y"":2002,""pop"":0},{""t"":""NARUTO -ナルト-"",""cn"":""火影忍者"",""ty"":""漫画"",""y"":2000,""pop"":0}]",,2,0,0,2,,https://lain.bgm.tv/pic/crt/l/44/59/8448_crt_anidb.jpg,https://lain.bgm.tv/r/400/pic/crt/l/44/59/8448_crt_anidb.jpg,,,,,https://bgm.tv/character/8448,,8448
bgm-bgm44710,bangumi,4,1,,,晴海サワラ,Harumi Sawara,,其他,B,,动画|游戏,游戏,Tokyo 7th シスターズ,东京七姐妹,2014,游戏,"[{""t"":""Tokyo 7th シスターズ"",""cn"":""东京七姐妹"",""ty"":""游戏"",""y"":2014,""pop"":0},{""t"":""Tokyo 7th シスターズ -僕らは青空になる-"",""cn"":""东京七姐妹 我们化作青空"",""ty"":""动画"",""y"":2021,""pop"":0},{""t"":""t7s Longing for summer Again And Again ～ハルカゼ～"",""cn"":"""",""ty"":""动画"",""y"":2017,""pop"":0}]",老舗魚屋魚晴（うおはる）の19歳の長女。さっぱりとした美人で「口を開きさえしなければ……」と周りに言われているが、本人は気にしていない様子。家ではテレビのチャンネルを変えるのにも妹たちを使役しているほどグータラだが、何故か信頼感はあつい。,2,0,0,2,,https://lain.bgm.tv/pic/crt/l/fd/dc/44710_crt_TfWB7.jpg?r=1588132188,https://lain.bgm.tv/r/400/pic/crt/l/fd/dc/44710_crt_TfWB7.jpg?r=1588132188,,,,,https://bgm.tv/character/44710,,44710
bgm-bgm204228,bangumi,4,1,,,朱诺·埃蒙斯,Juno Emmons,,其他,,,游戏,游戏,少女咖啡枪,少女咖啡枪,2016,游戏,"[{""t"":""少女咖啡枪"",""cn"":""少女咖啡枪"",""ty"":""游戏"",""y"":2016,""pop"":0},{""t"":""双生视界"",""cn"":""少女咖啡枪II：双生视界"",""ty"":""游戏"",""y"":2019,""pop"":0}]",14岁就获得全国青年射击大赛冠军的天才射击手，是个狙击高手。坚毅的个性和精确的判断力让她颇具大姐姐风范，爱好是用言语调戏学弟学妹。,2,0,0,2,,https://lain.bgm.tv/pic/crt/l/3a/7e/204228_crt_CtlTe.jpg,https://lain.bgm.tv/r/400/pic/crt/l/3a/7e/204228_crt_CtlTe.jpg,https://storage.moegirl.org.cn/moegirl/commons/e/e4/Stand_juno.png!/fw/480/watermark/url/L21vZWdpcmwvd2F0ZXJtYXJrLnBuZw==/align/southeast/margin/10x10/opacity/50?v=20191211063529|https://storage.moegirl.org.cn/moegirl/commons/e/e4/Stand_juno.png,,图源:moegirl,,https://bgm.tv/character/204228,,204228
bgm-bgm76174,bangumi,4,1,,露西亚·摩根,ルシア・モーガン,Lucia Morgan,メトロシティのおまわりさん,其他,B,,游戏,游戏,ストリートファイターV,街头霸王5,2016,游戏,"[{""t"":""ストリートファイターV"",""cn"":""街头霸王5"",""ty"":""游戏"",""y"":2016,""pop"":0},{""t"":""ファイナルファイト タフ"",""cn"":""快打旋风3"",""ty"":""游戏"",""y"":1995,""pop"":0}]",新市長コーディーを迎えたメトロシティで活躍する明るく活発な刑事。 不正や悪事を許さない熱血漢だがずぼらでめんどくさがり屋な一面もある。 蹴りを主体としたスピード感ある戦いを得意とする。,2,0,0,2,,https://lain.bgm.tv/pic/crt/l/56/fe/76174_crt_1L6c6.jpg?r=1629991344,https://lain.bgm.tv/r/400/pic/crt/l/56/fe/76174_crt_1L6c6.jpg?r=1629991344,,,,,https://bgm.tv/character/76174,,76174
bgm-bgm182805,bangumi,4,1,,横谷宪彦,横谷憲彦,Norihiko Yokoya,横矢则彦（错译）,其他,AB,,动画|漫画,漫画,LIAR GAME,欺诈游戏,2005,漫画,"[{""t"":""LIAR GAME"",""cn"":""欺诈游戏"",""ty"":""漫画"",""y"":2005,""pop"":0},{""t"":""LIAR GAME"",""cn"":""欺诈游戏"",""ty"":""动画"",""y"":2026,""pop"":0}]",ライアーゲームの参加者。一見するとおとなしそうな青年だが、非常にプライドが高く、支配欲に満ちている。プレイヤーの心理を巧みに操り、恐怖と報酬によって相手を支配下に置く。場を掌握した情報戦にも長けている。 本作主人公秋山最大的敌人。财团大少爷。 第三回合走私游戏正式登场。[mask]从小便异常崇拜父亲，十分信奉父亲的支配论，想要成为一名合格支配者向父亲证明自己的价值，故而接受了精英教育，养成自尊心与控制欲极强的可怕性格，但又因此略显急躁和孩子气。,2,0,0,2,,https://lain.bgm.tv/pic/crt/l/dd/ee/182805_crt_F94ho.jpg,https://lain.bgm.tv/r/400/pic/crt/l/dd/ee/182805_crt_F94ho.jpg,,,,,https://bgm.tv/character/182805,,182805
bgm-bgm125833,bangumi,4,1,,佩拉 · 卡勒特,페넬로페 에카르트,Penelope Eckhart,佩妮洛普 · 伊卡洛特 / 佩佩 (Peppe),其他,,,漫画,漫画,악역의 엔딩은 죽음뿐,反派角色只有死亡结局,2021,漫画,,乙游《公爵千金的lovelove计划》里 （又译：公爵千金的扑通扑通心动计划） 普通模式的反派、困难模式的主角。 依照游戏设定， 她在母亲去世后饥饿地在街上徘徊， 遇到了当时小女儿走丢的卡勒特公爵， 因为外貌相似被收为养女。 但是公爵府两位兄长 却认为她占据了妹妹的位置而加以排挤， 养父卡勒特公爵忙于公务对此漠不关心， 就连府内佣人也来施加虐待。 由于不健全的成长环境， 最终她成为了恶女。,2,0,0,2,,https://lain.bgm.tv/pic/crt/l/63/b0/125833_crt_0hhx0.jpg?r=1676604443,https://lain.bgm.tv/r/400/pic/crt/l/63/b0/125833_crt_0hhx0.jpg?r=1676604443,,,,,https://bgm.tv/character/125833,,125833
bgm-bgm92053,bangumi,4,1,,枣Ryu,棗リュウ,RYU NATSUME,,其他,ドロドロ,,游戏,音乐,Paradox Live Exhibition Show,,2020,音乐,"[{""t"":""Paradox Live Exhibition Show"",""cn"":"""",""ty"":""音乐"",""y"":2020,""pop"":0},{""t"":""Paradox Live Opening Show"",""cn"":"""",""ty"":""音乐"",""y"":2020,""pop"":0},{""t"":""Paradox Live 1st album \""TRAP\"""",""cn"":"""",""ty"":""音乐"",""y"":2021,""pop"":0},{""t"":""Paradox Live Stage Battle \""PRIDE\"""",""cn"":"""",""ty"":""音乐"",""y"":2020,""pop"":0},{""t"":""Paradox Live Stage Battle \""LOVE\"""",""cn"":"""",""ty"":""音乐"",""y"":2021,""pop"":0},{""t"":""Paradox Live Stage Battle \""JUSTICE\"""",""cn"":"""",""ty"":""音乐"",""y"":2020,""pop"":0}]","キャラクターデザイン:小宮国春 大家好～！ 难道你是想认识Ryu才读这个的吗？ 真遗～憾。就连Ryu也不认识自己喔！！ 反而还希望你告诉我呢！ 哈哈哈哈哈哈哈哈哈哈哈哈哈哈 ""只要好玩就行"" ""看什么?有什么好看的！"" みんなやっほ～！ もしかしてリュウくんのこと知りたくてこれ読んでるの？ ざんね～ん。リュウくんもリュウくんのことわかんないからぁ、わかんないんだ！！ 逆に教えてって感じ？ アハハハハハハハハハハハハハハハ",2,0,0,2,,https://lain.bgm.tv/pic/crt/l/1d/78/92053_crt_MLe2L.jpg,https://lain.bgm.tv/r/400/pic/crt/l/1d/78/92053_crt_MLe2L.jpg,,,,,https://bgm.tv/character/92053,,92053
bgm-bgm14067,bangumi,4,1,,由良尊,由良尊,Yura Takashi,,其他,B,,动画|漫画,漫画,君のいる町,小镇有你,2008,漫画,"[{""t"":""君のいる町"",""cn"":""小镇有你"",""ty"":""漫画"",""y"":2008,""pop"":0},{""t"":""君のいる町～黄昏交差点～"",""cn"":""小镇有你 OAD 黄昏交叉点"",""ty"":""动画"",""y"":2012,""pop"":0},{""t"":""君のいる町 OAD"",""cn"":""小镇有你 OAD"",""ty"":""动画"",""y"":2014,""pop"":0},{""t"":""君のいる町"",""cn"":""小镇有你"",""ty"":""动画"",""y"":2013,""pop"":0}]",广岛县出生，青大的死党，是个四眼田鸡。来青大家的时候发现了柚希，并对其一见钟情。所属棒球部。之后对柚希的同父异母妹妹产生兴趣。,2,0,0,2,,https://lain.bgm.tv/pic/crt/l/02/e0/14067_crt_ZZO40.jpg,https://lain.bgm.tv/r/400/pic/crt/l/02/e0/14067_crt_ZZO40.jpg,,,,,https://bgm.tv/character/14067,,14067
bgm-bgm43512,bangumi,4,1,,千秋修平,千秋修平,ちあき しゅうへい,,其他,B,,动画,动画,炎の蜃気楼,炎之蜃气楼,2002,动画,,安田長秀の換生者。自称「霊界のブラピ」。茶色い長髪を括り、眼鏡をかけた遊び人風の青年。19歳。4月1日生まれ。血液型はB型。 飄々としていて掴み所がなく、シニカルでマイペースな毒舌家。しがらみを嫌う性格で夜叉衆からも一歩引いた立場を取り、胎児換生を基本とせず宿体の人間の家族にも気兼ねしない気ままな生活を送る。その割には義理堅く、世話焼きかつお人好しな性分で夜叉衆の活動に大いに貢献する。一度懐に入れた相手にはどこまでも面倒見が良く頼れる存在。,2,0,0,2,,https://lain.bgm.tv/pic/crt/l/93/00/43512_crt_hFleB.jpg,https://lain.bgm.tv/r/400/pic/crt/l/93/00/43512_crt_hFleB.jpg,,,,,https://bgm.tv/character/43512,,43512
bgm-bgm19236,bangumi,4,1,,仓田实纱子,倉田実紗子,,,其他,AB,,动画,动画,こどものおもちゃ,玩偶游戏,1996,动画,"[{""t"":""こどものおもちゃ"",""cn"":""玩偶游戏"",""ty"":""动画"",""y"":1996,""pop"":0},{""t"":""こどものおもちゃ OVA"",""cn"":""玩偶游戏"",""ty"":""动画"",""y"":1995,""pop"":0}]",「ヒモと私」で青木賞を受賞した人気作家で、紗南の養母。4月1日生まれ。牡羊座。AB型。「娘と私」の執筆者でもある。頭の上でまろちゃんを飼っている（名付け親は紗南）。子供が出来にくい体質であり、18歳で結婚し20歳で離婚。以後、徹底的に変人として生きることを決意した。常に和服を着用、奇抜な髪型+破天荒な言動が目立つ美人で、楽観的な性格。家の中ではミニカーを乗りまわしている。,1,0,0,1,,https://lain.bgm.tv/pic/crt/l/84/9f/19236_crt_LZ7T6.jpg?r=1563060710,https://lain.bgm.tv/r/400/pic/crt/l/84/9f/19236_crt_LZ7T6.jpg?r=1563060710,,,,,https://bgm.tv/character/19236,,19236
bgm-bgm59133,bangumi,4,1,,杜云芊,杜雲芊,,,其他,未知,,漫画|Galgame,Galgame,明星志願3：甜蜜樂章,明星志愿3：甜蜜乐章,2007,Galgame,"[{""t"":""明星志願3：甜蜜樂章"",""cn"":""明星志愿3：甜蜜乐章"",""ty"":""Galgame"",""y"":2007,""pop"":0},{""t"":""明星志願－星之守護"",""cn"":""明星志愿 - 星之守护"",""ty"":""Galgame"",""y"":2016,""pop"":0},{""t"":""浪漫賭注"",""cn"":""浪漫賭注"",""ty"":""漫画"",""y"":2008,""pop"":0},{""t"":""公主的協奏曲"",""cn"":""公主的协奏曲"",""ty"":""漫画"",""y"":2008,""pop"":0},{""t"":""星光詠嘆調"",""cn"":""星光咏叹调"",""ty"":""漫画"",""y"":2009,""pop"":0}]",主人公 开朗积极有活力，很有胆量与冒险精神，对自己很有信心， 对坚持的事情很固执己见，不过也有聪慧跟识大体的一面。 出身豪门，有一个十分宠爱她，同时也严格管教她的哥哥， 时常提出一些难题要她尝试，虽然从小出国求学，但兄妹的感情依旧深厚。,1,0,0,1,,https://lain.bgm.tv/pic/crt/l/e2/57/59133_crt_9Alwi.jpg,https://lain.bgm.tv/r/400/pic/crt/l/e2/57/59133_crt_9Alwi.jpg,,,,,https://bgm.tv/character/59133,,59133
bgm-bgm85380,bangumi,4,1,,,救いの鍵の少年,,,其他,不明,,Galgame,Galgame,ゴシックは魔法乙女～さっさと契約しなさい！～,哥特式魔法少女,2015,Galgame,,『ゴシックは魔法乙女』３周年記念使い魔。オーフェリアの廃教会に暮らしていた主人公は、魔法乙女と共に、救いの鍵として旅立つ。,1,0,0,1,,https://lain.bgm.tv/pic/crt/l/5a/19/85380_crt_pvF4p.jpg,https://lain.bgm.tv/r/400/pic/crt/l/5a/19/85380_crt_pvF4p.jpg,,,,,https://bgm.tv/character/85380,,85380
bgm-bgm85677,bangumi,4,1,,,ロロイ,,,,A,,Galgame,Galgame,ゴシックは魔法乙女～さっさと契約しなさい！～,哥特式魔法少女,2015,Galgame,,ウサギの姿をしたクールで知的な紳士。世界を救う旅に出た、５人の乙女の水先案内人として、真少年の前に現れる。,1,0,0,1,,https://lain.bgm.tv/pic/crt/l/84/ae/85677_crt_00hgK.jpg,https://lain.bgm.tv/r/400/pic/crt/l/84/ae/85677_crt_00hgK.jpg,,,,,https://bgm.tv/character/85677,,85677
bgm-bgm44468,bangumi,4,1,,南原耕太郎,南原耕太郎,,,其他,,,动画,动画,HAND MAID メイ,袖珍女侍小梅,2000,动画,,幼なじみの和也をライバル視しており、いつもギャフンと言わせようとしているが失敗ばかり。父親が社長で大邸宅に住み、外車「KO-TARO-NANBARA2000」を乗り回す。常にやかましく、身振り手振りがオーバー。,1,0,0,1,,https://lain.bgm.tv/pic/crt/l/f7/03/44468_crt_nNyLB.jpg,https://lain.bgm.tv/r/400/pic/crt/l/f7/03/44468_crt_nNyLB.jpg,,,,,https://bgm.tv/character/44468,,44468
bgm-bgm40722,bangumi,4,1,,台后,台後,,,其他,,,动画,动画,腐男子高校生活,腐男子高校生活,2016,动画,,坂口の隣のクラスの同級生でBL好き。,1,0,0,1,,https://lain.bgm.tv/pic/crt/l/7a/32/40722_crt_fUvqy.jpg,https://lain.bgm.tv/r/400/pic/crt/l/7a/32/40722_crt_fUvqy.jpg,,,,,https://bgm.tv/character/40722,,40722
bgm-bgm150474,bangumi,4,1,,,惑砂,,,其他,,,游戏,游戏,战双帕弥什,战双帕弥什,2019,游戏,,冯·内古特手下的升格者之一，拥有大量的复制体。,1,0,0,1,,https://lain.bgm.tv/pic/crt/l/12/6e/150474_crt_9Wli9.jpg?r=1727540249,https://lain.bgm.tv/r/400/pic/crt/l/12/6e/150474_crt_9Wli9.jpg?r=1727540249,,,,,https://bgm.tv/character/150474,,150474
bgm-bgm182422,bangumi,4,1,,芙罗拉,フローラ,,,其他,,,动画|漫画,漫画,7人の眠り姫,爱寐七公主,2023,漫画,"[{""t"":""7人の眠り姫"",""cn"":""爱寐七公主"",""ty"":""漫画"",""y"":2023,""pop"":0},{""t"":""7人の眠り姫"",""cn"":""爱寐七公主"",""ty"":""动画"",""y"":"""",""pop"":0}]",,1,0,0,1,,https://lain.bgm.tv/pic/crt/l/86/ce/182422_crt_4Wg37.jpg,https://lain.bgm.tv/r/400/pic/crt/l/86/ce/182422_crt_4Wg37.jpg,,,,,https://bgm.tv/character/182422,,182422
bgm-bgm76987,bangumi,4,1,,,ロイ,,,其他,,,动画,动画,キングスレイド 意志を継ぐものたち,王之逆袭：意志的继承者,2020,动画,,ドミニクスに頼まれてクレオを護衛する男。昔は暗殺者の一団に所属していたが、何らかの理由によって危険を冒しながらも団体から抜け出した。暗殺者としての経験により他人に対して敬意を払うことは稀だが、様々な経験から彼は自分の役に立つ者を配慮するような抜け目の無さを持つようになった。,1,0,0,1,,https://lain.bgm.tv/pic/crt/l/e9/c2/76987_crt_phY7g.jpg,https://lain.bgm.tv/r/400/pic/crt/l/e9/c2/76987_crt_phY7g.jpg,,,,,https://bgm.tv/character/76987,,76987
bgm-bgm160397,bangumi,4,1,,八木桥藤十郎,八木橋藤十郎,,,其他,AB,,动画|漫画,动画,多数欠,多数欠,2024,动画,"[{""t"":""多数欠"",""cn"":""多数欠"",""ty"":""动画"",""y"":2024,""pop"":0},{""t"":""多数欠"",""cn"":"""",""ty"":""漫画"",""y"":2015,""pop"":0}]",全国学力模試2位常連。人望が厚い頼れる生徒会長だが、何を考えているのかわからないミステリアスな存在。趣味で医学を学び、耐火マントを持ち歩く変人。,1,0,0,1,,https://lain.bgm.tv/pic/crt/l/17/3c/160397_crt_RL9q9.jpg,https://lain.bgm.tv/r/400/pic/crt/l/17/3c/160397_crt_RL9q9.jpg,,,,,https://bgm.tv/character/160397,,160397
bgm-bgm87322,bangumi,4,1,,月羲九,月羲九,,,其他,,,游戏,游戏,解神者：X2,,2020,游戏,,从“黑暗”中来，未曾正确习得人类的情感，也无法感知人类的正常情感。多次语言失当，却是出自她认知的善意。即使身处陌生的环境，月羲九也面无异色，但不断抖动的绒耳，暴露了她永无停止的思考和疑问。月羲九的故事中没有“明亮”“希望”这样的词汇,1,0,0,1,,https://lain.bgm.tv/pic/crt/l/14/1f/87322_crt_dZ5II.jpg?r=1605907478,https://lain.bgm.tv/r/400/pic/crt/l/14/1f/87322_crt_dZ5II.jpg?r=1605907478,https://storage.moegirl.org.cn/moegirl/commons/5/56/%E8%A7%A3%E7%A5%9E%E8%80%85-%E5%AE%98%E5%9B%BE%E4%BA%94%E6%98%9F%E6%9C%88%E7%BE%B2%E4%B9%9D.jpg!/fw/480/watermark/url/L21vZWdpcmwvd2F0ZXJtYXJrLnBuZw==/align/southeast/margin/10x10/opacity/50?v=20201127154424|https://storage.moegirl.org.cn/moegirl/commons/5/56/%E8%A7%A3%E7%A5%9E%E8%80%85-%E5%AE%98%E5%9B%BE%E4%BA%94%E6%98%9F%E6%9C%88%E7%BE%B2%E4%B9%9D.jpg,,图源:moegirl,,https://bgm.tv/character/87322,,87322
bgm-bgm63634,bangumi,4,1,,,桜庭よしみ,,,其他,A,,Galgame,Galgame,Pia♥キャロットへようこそ!!4,欢迎来到咖啡屋4,2009,Galgame,,Piaキャロット7号店のオープニングスタッフ。 アメリカ人とのハーフだが英語はまったくしゃべれない。 大食いのチャンピオンで、黙っていたらずっと食べている。 自分の事を「僕」といい、性格もいわゆる元気っ娘で、積極的に倉庫整理など力仕事をやりたがる。 「太一、おはよう。ねぇねぇ、倉庫整理やるなら僕にも手伝わせてよ。これでも体力には自信あるんだ！」 原画：鬼ノ仁,1,0,0,1,1,https://lain.bgm.tv/pic/crt/l/1b/47/63634_crt_ISsiS.jpg,https://lain.bgm.tv/r/400/pic/crt/l/1b/47/63634_crt_ISsiS.jpg,,,,,https://bgm.tv/character/63634,,63634
bgm-bgm65217,bangumi,4,1,,,ティファニー・ヴィーラント,,,,A,,Galgame,Galgame,祝祭の歌姫 -君と紡ぐ明日への歌-,,2013,Galgame,,新市街に住んでいるツンデレお嬢様。 父親は国の有力者であるようで、その父の打ち出した民族交流促進政策の一環として、旧市街にあるマカルト学園のカイトのクラスに転入。 ユイナと顔見知りであったため、すぐさまカイトたちと交流ができる。 基本的にまじめで責任感の強い性格だが、少し頭が固いところがある。 時折学園を抜け出し、ふらふらと一人でどこかに出かけて何かしているようだが……？ 自宅にはハイパー性能なメイドさんがいる。,1,0,0,1,1,https://lain.bgm.tv/pic/crt/l/83/06/65217_crt_3qUZG.jpg,https://lain.bgm.tv/r/400/pic/crt/l/83/06/65217_crt_3qUZG.jpg,,,,,https://bgm.tv/character/65217,,65217
bgm-bgm66520,bangumi,4,1,,,阿贺野阿立,,,其他,AB,,Galgame,Galgame,CisLugI～シスラギ～,,2018,Galgame,,データはどれも生前のモノを参照している。 １０年前に尊厳維持法制定が制定されてすぐ、尊厳維持装置によってその生涯を終えている。 幼少期は天才ヴァイオリニストとして世を賑わせた。 先代の阿賀野エンタープライズの社長令嬢であり、現社長である金剛寺春人の許嫁であった。,1,0,0,1,,https://lain.bgm.tv/pic/crt/l/56/49/66520_crt_qZpaq.jpg,https://lain.bgm.tv/r/400/pic/crt/l/56/49/66520_crt_qZpaq.jpg,,,,,https://bgm.tv/character/66520,,66520
bgm-bgm66522,bangumi,4,1,,,女未子重音,,,其他,A,,Galgame,Galgame,CisLugI～シスラギ～,,2018,Galgame,,いわゆる電波少女。 幽霊とお話しをしたり、相手の心を読んだりする。 なにを考えているのか基本的には謎。 ある一件で金剛寺と出会い彼に好意を寄せている。 料理は得意としており、たくあんやしば漬けをよく鍋で煮ている。,1,0,0,1,,https://lain.bgm.tv/pic/crt/l/1b/22/66522_crt_ySDYx.jpg,https://lain.bgm.tv/r/400/pic/crt/l/1b/22/66522_crt_ySDYx.jpg,,,,,https://bgm.tv/character/66522,,66522
bgm-bgm88314,bangumi,4,1,,,柊花梨,,,其他,B,,Galgame,Galgame,風ヶ原学園スパイ部っ！,,2010,Galgame,,身長：157cm バストサイズ：Bカップ 誕生日：4月1日 血液型：B型 趣味：ネットゲーム 学園の2年生で、幼なじみのハッカー少女。 普段のミッションではオペレーター的な役割を果たす。 つんと澄ましたような容姿とは裏腹に、マイペースで人なつっこい性格。 ある種独特の世界観を持っており、気に入ったものを 「ポテがあるわ」 という謎ワードで評する。,1,0,0,1,1,https://lain.bgm.tv/pic/crt/l/7f/1a/88314_crt_244uY.jpg,https://lain.bgm.tv/r/400/pic/crt/l/7f/1a/88314_crt_244uY.jpg,,,,,https://bgm.tv/character/88314,,88314
bgm-bgm155307,bangumi,4,1,,橘,橘,,,其他,O,,游戏,游戏,閃乱カグラ NewWave,闪乱神乐 NewWave,2013,游戏,,ロックバンドグループ「A.R.C.Angels」のメンバー。 高校3年生。 嘘や曖昧な言葉が嫌いで、 言葉を選んで発言するため寡黙がち。 インタビューでも返答を考えている間に 鴉に代弁されることが多く、 稀に喋るとそれだけで ファンが熱狂する。 本格的すぎるドラム捌きは、 多くのプロドラマーに注目されている。 電流を帯びたドラムスティックで 敵を痺れさせる。,1,0,0,1,,https://lain.bgm.tv/pic/crt/l/08/c6/155307_crt_CwvwV.jpg,https://lain.bgm.tv/r/400/pic/crt/l/08/c6/155307_crt_CwvwV.jpg,,,,,https://bgm.tv/character/155307,,155307
bgm-bgm160087,bangumi,4,1,,淇淇,淇淇,,,其他,,,游戏,游戏,Echocalypse -緋紅の神約-,绯色回响,2022,游戏,,淇淇是東曦法典部門空降的副部長，上級在視察的時候會很勤勞地工作，但是平常工作的時候卻什麼也不管不問。淇淇的懶散在整個法典部也是很有名的，原因一方面是因為法典部對空降副部長權力的架空，另一方面就是淇淇本身的性格就是這樣，對於自己的狀態，她覺得非常滿意。,1,0,0,1,,https://lain.bgm.tv/pic/crt/l/e4/83/160087_crt_Oa6GW.jpg?r=1719176864,https://lain.bgm.tv/r/400/pic/crt/l/e4/83/160087_crt_Oa6GW.jpg?r=1719176864,,,,,https://bgm.tv/character/160087,,160087
bgm-bgm37838,bangumi,4,1,,欧内斯特·约翰逊,アーネスト・ジョンソン,Ernest Johnson,,其他,,,动画,动画,マクロスΔ,超时空要塞Δ,2016,动画,,拉格纳分部所属Macross级战舰Elysion的舰长，40来岁。Δ小队的上司，同时也是名格斗技教官。为天顶星人与地球人的混血，微缩化的状态时身高有227公分。,1,0,0,1,,https://lain.bgm.tv/pic/crt/l/ea/a9/37838_crt_W89F3.jpg?r=1461773408,https://lain.bgm.tv/r/400/pic/crt/l/ea/a9/37838_crt_W89F3.jpg?r=1461773408,,,,,https://bgm.tv/character/37838,,37838
bgm-bgm106852,bangumi,4,1,,,ガイキング,Gaiking,ガイちゃん,,,,动画,动画,ロボットガールズZ,机器人少女Z,2014,动画,"[{""t"":""ロボットガールズZ"",""cn"":""机器人少女Z"",""ty"":""动画"",""y"":2014,""pop"":0},{""t"":""「東映ロボットガールズ」パイロットフィルム"",""cn"":""东映机器人少女 样片"",""ty"":""动画"",""y"":2011,""pop"":0}]",しっかり者で、野球好きの脳筋（脳みそ筋肉）少女。ガールズレポートでは、作者の新久保による公式設定のアレンジで若干天然ボケのキャラとなっている。,1,0,0,1,,https://lain.bgm.tv/pic/crt/l/98/86/106852_crt_giA6i.jpg,https://lain.bgm.tv/r/400/pic/crt/l/98/86/106852_crt_giA6i.jpg,,,,,https://bgm.tv/character/106852,,106852
bgm-bgm61156,bangumi,4,1,,石崎了,石崎了,Ishizaki Ryo,,其他,B,,动画|漫画,动画,キャプテン翼,足球小将,1983,动画,"[{""t"":""キャプテン翼"",""cn"":""足球小将"",""ty"":""动画"",""y"":1983,""pop"":0},{""t"":""キャプテン翼"",""cn"":""足球小将GOAL!"",""ty"":""动画"",""y"":2001,""pop"":0},{""t"":""キャプテン翼J"",""cn"":""足球小将J"",""ty"":""动画"",""y"":1994,""pop"":0},{""t"":""キャプテン翼"",""cn"":""足球小将"",""ty"":""动画"",""y"":2018,""pop"":0},{""t"":""キャプテン翼"",""cn"":""足球小將翼"",""ty"":""漫画"",""y"":1981,""pop"":0}]",南葛市に引っ越してきた翼が初めて出会う少年。持ち前のガッツと根性で努力を重ねる。,1,0,0,1,,https://lain.bgm.tv/pic/crt/l/a7/ac/61156_crt_1CCOx.jpg?r=1519006889,https://lain.bgm.tv/r/400/pic/crt/l/a7/ac/61156_crt_1CCOx.jpg?r=1519006889,,,,,https://bgm.tv/character/61156,,61156
bgm-bgm196418,bangumi,4,1,,阿尔芙莉达,提尔比茨,KMS Tirpitz/Tirpitz,战列舰G 俾斯麦级战列舰2号舰,其他,,,游戏,游戏,碧蓝航线,碧蓝航线,2017,游戏,,稍微有点热……啊，抱歉，我是提尔比茨，一直一个人待在北方无所事事，所以有许多人叫我“北方的孤独女王”——如果你认为这是一个好听的绰号，那你也许没有听得仔细……这几个字中，唯有虚无,1,0,0,1,,https://lain.bgm.tv/pic/crt/l/32/ca/196418_crt_t1Giz.jpg,https://lain.bgm.tv/r/400/pic/crt/l/32/ca/196418_crt_t1Giz.jpg,,,,,https://bgm.tv/character/196418,,196418
bgm-bgm141208,bangumi,4,1,,,椎葉果歩子,Kahoko Shiiba,,其他,A,,Galgame,Galgame,天瀬島は色恋ざかり,,2023,Galgame,,演劇部の部長。 周りからは何故か名前ではなく「部長」と呼ばれているが、本名は椎葉果歩子（覚えて欲しい） 主人公達のひとつ先輩でゆかりとは、昔からの大親友で仲が非常によい。 演劇部で部長をやっているが、引っ込み思案で少しマイナス思考の持ち主。 箱入り娘で大事に育てられたせいか、他人と接することに慣れておらず常にオドオドしている。 特に男性に対しては免疫が無い模様・・・ 護身用の愛刀（千歳）を帯刀しているが焦ると直ぐに抜刀しようとする癖がある。,1,0,0,1,1,https://lain.bgm.tv/pic/crt/l/a0/ea/141208_crt_zVzPu.jpg,https://lain.bgm.tv/r/400/pic/crt/l/a0/ea/141208_crt_zVzPu.jpg,,,,,https://bgm.tv/character/141208,,141208
bgm-bgm145109,bangumi,4,1,,,春日さつき,Kasuga Satsuki,,其他,O,,Galgame,Galgame,風ノ唄,,2002,Galgame,,趣味 ：テレビゲーム、ウィンドウショッピング 特技 ：料理が上手。中国式の整体が出来る。体が柔らかい。 好きな食べ物：おまんじゅう。特ににくまん。海老シュウマイ 嫌いな食べ物：辛いもの。からしとかは駄目。 飲茶喫茶”明日菜楼”（あすなろ）の一人娘でウェイトレス。 病気がちという事だがそれを感じさせない程の元気娘。 【 皆川亮一ポイント 】 振り返って俺を席に通すウェイトレスさんのお尻を、つい目で追ってしまう。 小さいなあ……でも、歩き方はスマートでかわいらしいから、合格点だ。,1,0,0,1,1,https://lain.bgm.tv/pic/crt/l/7c/53/145109_crt_9cNq9.jpg,https://lain.bgm.tv/r/400/pic/crt/l/7c/53/145109_crt_9cNq9.jpg,,,,,https://bgm.tv/character/145109,,145109
bgm-bgm48260,bangumi,4,1,,木谷露露,木谷るる,Kitani Ruru,,其他,AB,,动画,动画,アイドル事変,偶像事变,2017,动画,,,1,0,0,1,,https://lain.bgm.tv/pic/crt/l/62/9c/48260_crt_6VRun.jpg?r=1478767408,https://lain.bgm.tv/r/400/pic/crt/l/62/9c/48260_crt_6VRun.jpg?r=1478767408,,,,,https://bgm.tv/character/48260,,48260
bgm-bgm104522,bangumi,4,1,,宇都宫陆,宇都宮陸,RIKU UTOMIYA,,其他,,,动画|漫画,漫画,ようこそ実力至上主義の教室へ 3年生編,欢迎来到实力至上主义的教室 3年级篇,2025,漫画,"[{""t"":""ようこそ実力至上主義の教室へ 3年生編"",""cn"":""欢迎来到实力至上主义的教室 3年级篇"",""ty"":""漫画"",""y"":2025,""pop"":0},{""t"":""ようこそ実力至上主義の教室へ 4th Season"",""cn"":""欢迎来到实力至上主义的教室 第四季"",""ty"":""动画"",""y"":2026,""pop"":0},{""t"":""ようこそ実力至上主義の教室へ 2年生編"",""cn"":""欢迎来到实力至上主义的教室 2年级篇"",""ty"":""漫画"",""y"":2020,""pop"":0}]",C班学生。与同班的椿樱子总是并肩而行。对宝泉的暴力行为相当不满。 1年Cクラスのリーダー的存在。 身体能力が高く、友人関係を大切にしている。 上級生には敬語で話そうとするものの、時々崩れてしまうことも。同じクラスの椿とは、一緒に行動することが多い。 [mask]２年Cクラスの生徒。１年の時は椿と共に綾小路退学の裏試験に参加し協力していた。敬語を話すのが苦手で、ついため口になってしまう。[/mask],1,0,0,1,,https://lain.bgm.tv/pic/crt/l/18/3c/104522_crt_VmUMJ.jpg,https://lain.bgm.tv/r/400/pic/crt/l/18/3c/104522_crt_VmUMJ.jpg,,,,,https://bgm.tv/character/104522,,104522
bgm-bgm162530,bangumi,4,1,,辈先,輩先,Tomogara Saki,,其他,,,漫画,漫画,君のことが大大大大大好きな100人の彼女,超超超超超喜欢你的100个女朋友,2020,漫画,,,1,0,0,1,,https://lain.bgm.tv/pic/crt/l/ed/9e/162530_crt_UiLyH.jpg,https://lain.bgm.tv/r/400/pic/crt/l/ed/9e/162530_crt_UiLyH.jpg,,,,,https://bgm.tv/character/162530,,162530
bgm-bgm42182,bangumi,4,1,,官员 / 辻廉太,役人 / 辻廉太,Tsuji Renta,文部科学省学园舰教育局长 / 文部科学省学園艦教育局長,其他,,,动画,动画,ガールズ＆パンツァー 劇場版,少女与战车 剧场版,2015,动画,"[{""t"":""ガールズ＆パンツァー 劇場版"",""cn"":""少女与战车 剧场版"",""ty"":""动画"",""y"":2015,""pop"":0},{""t"":""ガールズ＆パンツァー"",""cn"":""少女与战车"",""ty"":""动画"",""y"":2012,""pop"":0}]",学園艦関係の文部科学省側の窓口を務める、学園艦教育局の役人。眼鏡を掛けて髪型が七三分けなど、典型的な官僚の風貌をしている。 テレビアニメ版では第9話の回想シーンに登場し、近年実績が乏しく生徒が減少傾向にある大洗女子学園が来年度には廃校になることを杏ら生徒会に伝える。その際大洗女子学園は以前戦車道が盛んだったことを口にし、それを聞いた杏が戦車道の全国大会で優勝をすれば廃校を撤回させることを提案され、それを受け入れ廃校決定を一旦保留する。,1,0,0,1,,https://lain.bgm.tv/pic/crt/l/fc/64/42182_crt_7hyRY.jpg,https://lain.bgm.tv/r/400/pic/crt/l/fc/64/42182_crt_7hyRY.jpg,,,,,https://bgm.tv/character/42182,,42182
bgm-bgm127247,bangumi,4,1,,,終夜ヒカリ,Yomosugara Hikari,终夜光,其他,,,漫画,漫画,最果てのともだち,天涯彼岸的朋友,2021,漫画,,传闻中在30年前自杀后一直徘徊在旧学校废墟的幽灵教师。 据说旧教学楼4年级2班黑板上的血迹，当年师生莫名受伤和精神失常，以及后来拆除工作相关人员的神秘事故都是她在作祟。 受人惧怕的恐怖恶灵，其实怀抱着悲伤的过去与愿望…… 生日花 樱花 喜欢的事物 读书、校园剧、樱花 讨厌的事物 否定努力的人 梦想 为学生指引方向的良师,1,0,0,1,,https://lain.bgm.tv/pic/crt/l/f9/5a/127247_crt_ggJ6j.jpg?r=1680009201,https://lain.bgm.tv/r/400/pic/crt/l/f9/5a/127247_crt_ggJ6j.jpg?r=1680009201,,,,,https://bgm.tv/character/127247,,127247
bgm-bgm184569,bangumi,4,1,,乔治·韦斯莱,George Weasley,,,其他,,,漫画,漫画,Harry Potter,哈利·波特,1997,漫画,"[{""t"":""Harry Potter"",""cn"":""哈利·波特"",""ty"":""漫画"",""y"":1997,""pop"":0},{""t"":""Harry Potter and the Philosopher's Stone"",""cn"":""哈利·波特与魔法石"",""ty"":""其他"",""y"":2001,""pop"":0},{""t"":""Harry Potter and the Prisoner of Azkaban"",""cn"":""哈利·波特与阿兹卡班囚徒"",""ty"":""其他"",""y"":2004,""pop"":0},{""t"":""Harry Potter and the Chamber of Secrets"",""cn"":""哈利·波特与密室"",""ty"":""其他"",""y"":2002,""pop"":0},{""t"":""Harry Potter and the Deathly Hallows: Part 2"",""cn"":""哈利·波特与死亡圣器(下)"",""ty"":""其他"",""y"":2011,""pop"":0},{""t"":""Harry Potter: The Full-Cast Audio Editions"",""cn"":""哈利·波特 The Full-Cast Audio Editions"",""ty"":""其他"",""y"":2025,""pop"":0}]",乔治·韦斯莱，是英国作家J.K.罗琳奇幻小说《哈利·波特》系列及其衍生作品中的人物。他善良可爱、乐于助人，和哥哥弗雷德·韦斯莱是一对双胞胎兄弟 1989年，乔治·韦斯莱进入霍格沃茨魔法学校就读，直到1996年的春季。最喜欢的是恶作剧。,0,0,0,0,,https://lain.bgm.tv/pic/crt/l/c9/f9/184569_crt_vh77P.jpg,https://lain.bgm.tv/r/400/pic/crt/l/c9/f9/184569_crt_vh77P.jpg,,,,,https://bgm.tv/character/184569,,184569
bgm-bgm184570,bangumi,4,1,,弗雷德·韦斯莱,Fred Weasley,,,其他,,,漫画,漫画,Harry Potter,哈利·波特,1997,漫画,"[{""t"":""Harry Potter"",""cn"":""哈利·波特"",""ty"":""漫画"",""y"":1997,""pop"":0},{""t"":""Harry Potter and the Philosopher's Stone"",""cn"":""哈利·波特与魔法石"",""ty"":""其他"",""y"":2001,""pop"":0},{""t"":""Harry Potter and the Prisoner of Azkaban"",""cn"":""哈利·波特与阿兹卡班囚徒"",""ty"":""其他"",""y"":2004,""pop"":0},{""t"":""Harry Potter and the Chamber of Secrets"",""cn"":""哈利·波特与密室"",""ty"":""其他"",""y"":2002,""pop"":0},{""t"":""Harry Potter and the Deathly Hallows: Part 2"",""cn"":""哈利·波特与死亡圣器(下)"",""ty"":""其他"",""y"":2011,""pop"":0},{""t"":""Harry Potter: The Full-Cast Audio Editions"",""cn"":""哈利·波特 The Full-Cast Audio Editions"",""ty"":""其他"",""y"":2025,""pop"":0}]",弗雷德·韦斯莱，韦斯莱家的男孩子，幽默搞笑（甚至牺牲之前都在笑），拥有韦斯莱家的特征：满头红发和雀斑，与乔治是双胞胎兄弟，二人长得十分相似，连表情都相似。[mask]于1998年5月2日在霍格沃茨大战被食死徒奥古斯特·卢克伍德等人引发的巨大爆炸所杀。终年20岁。[/mask],0,0,0,0,,https://lain.bgm.tv/pic/crt/l/54/cc/184570_crt_FQuJQ.jpg,https://lain.bgm.tv/r/400/pic/crt/l/54/cc/184570_crt_FQuJQ.jpg,,,,,https://bgm.tv/character/184570,,184570
bgm-bgm103752,bangumi,4,1,,艾娃,艾娃,,,其他,,,动画|漫画,漫画,战斗装甲钢羽,战斗装甲钢羽,,漫画,"[{""t"":""战斗装甲钢羽"",""cn"":""战斗装甲钢羽"",""ty"":""漫画"",""y"":"""",""pop"":0},{""t"":""钢羽"",""cn"":""钢羽"",""ty"":""动画"",""y"":"""",""pop"":0}]",出生于乌克兰的孤儿，自幼在孤儿院长大，有着出色的电脑黑客技术，曾由于成功入侵五角大楼、CIA等各国国防与情报网络而多次入狱，却因未成年而获得缓刑。18岁时加入MRC欧洲分公司，作为一名佣兵活跃于非洲与中东地区，后被WINGS看中其出色的电脑黑客能力，加入WINGS下属的113部队。主要负责电子战与黑客入侵任务。或许是贫困而悲惨的童年，使得艾娃养成了及时行乐、乐观开放的性格，即使身处险境也能乐观面对。,0,0,0,0,,https://lain.bgm.tv/pic/crt/l/88/a1/103752_crt_vj2ER.jpg,https://lain.bgm.tv/r/400/pic/crt/l/88/a1/103752_crt_vj2ER.jpg,,,,,https://bgm.tv/character/103752,,103752
bgm-bgm99695,bangumi,4,1,,,程炜,,,其他,,,动画,动画,眷思量 第二季,,2024,动画,"[{""t"":""眷思量 第二季"",""cn"":"""",""ty"":""动画"",""y"":2024,""pop"":0},{""t"":""眷思量"",""cn"":"""",""ty"":""动画"",""y"":2021,""pop"":0}]",,0,0,0,0,,https://lain.bgm.tv/pic/crt/l/8c/d5/99695_crt_JPnJx.jpg,https://lain.bgm.tv/r/400/pic/crt/l/8c/d5/99695_crt_JPnJx.jpg,,,,,https://bgm.tv/character/99695,,99695
bgm-bgm197358,bangumi,4,1,,小绿,小绿,,,其他,,,动画|漫画,漫画,小绿和小蓝,小绿和小蓝,2017,漫画,"[{""t"":""小绿和小蓝"",""cn"":""小绿和小蓝"",""ty"":""漫画"",""y"":2017,""pop"":0},{""t"":""小绿和小蓝"",""cn"":"""",""ty"":""动画"",""y"":2018,""pop"":0},{""t"":""小绿和小蓝Ⅲ"",""cn"":""小绿和小蓝 第三季"",""ty"":""动画"",""y"":2023,""pop"":0},{""t"":""小绿和小蓝Ⅳ 魔法篇"",""cn"":""小绿和小蓝 第四季 魔法篇"",""ty"":""动画"",""y"":2023,""pop"":0},{""t"":""小绿和小蓝 第五季"",""cn"":""小绿和小蓝 第五季"",""ty"":""动画"",""y"":2024,""pop"":0},{""t"":""小绿和小蓝Ⅱ 魔王篇"",""cn"":""小绿和小蓝 第二季 魔王篇"",""ty"":""动画"",""y"":2023,""pop"":0}]",,0,0,0,0,,,,,,,,https://bgm.tv/character/197358,,197358
bgm-bgm177036,bangumi,4,1,,高焰,高焰,,,其他,B,,动画,动画,战斗王之飓风战魂,战斗王之飓风战魂,2012,动画,,高焰，动画片《战斗王之飓风战魂》中的角色。风轮镇上的陀螺修理大师，曾帮助叶枫、任炎修好陀螺，与两人结下了深厚的友谊。他的目标是做出比正义战神陀螺更厉害的战斗陀螺。在四主人公进入飓风巨塔前，他为四人打造了新的发射配件，大大提高其战斗力。,0,0,0,0,,https://lain.bgm.tv/pic/crt/l/3c/51/177036_crt_4VYj7.jpg,https://lain.bgm.tv/r/400/pic/crt/l/3c/51/177036_crt_4VYj7.jpg,,,,,https://bgm.tv/character/177036,,177036
bgm-bgm201399,bangumi,4,1,,,超人强,,老大、废人弱,其他,,,动画,动画,猪猪侠之积木世界的童话故事,猪猪侠之积木世界的童话故事,,动画,"[{""t"":""猪猪侠之积木世界的童话故事"",""cn"":""猪猪侠之积木世界的童话故事"",""ty"":""动画"",""y"":"""",""pop"":0},{""t"":""猪猪侠之幸福救援队"",""cn"":"""",""ty"":""动画"",""y"":2013,""pop"":0},{""t"":""猪猪侠第二部：武侠2008"",""cn"":""猪猪侠第二部：武侠2008"",""ty"":""动画"",""y"":"""",""pop"":0},{""t"":""猪猪侠勇闯未来城"",""cn"":"""",""ty"":""动画"",""y"":2008,""pop"":0},{""t"":""猪猪侠之五灵守卫者"",""cn"":"""",""ty"":""动画"",""y"":2015,""pop"":0},{""t"":""猪猪侠Ⅰ：魔幻环保"",""cn"":""猪猪侠之魔幻猪猡纪"",""ty"":""动画"",""y"":"""",""pop"":0}]",,0,0,0,0,,https://lain.bgm.tv/pic/crt/l/11/4f/201399_crt_f043X.jpg,https://lain.bgm.tv/r/400/pic/crt/l/11/4f/201399_crt_f043X.jpg,,,,,https://bgm.tv/character/201399,,201399
bgm-bgm132817,bangumi,4,1,,,达尔维拉,,달비라,其他,,,Galgame,Galgame,永远的7日之都,,2017,Galgame,,使役恶魔之人，堕入黑暗之人。 出生在偏远小镇上，在母亲的影响下成为神的信徒。但在目睹最爱的母亲被强盗虐杀致死的时候。 躲在橱柜里的孩子哭着祈求神但没有得到任何回应，最终接受了恶魔的邀请。 等他清醒过来的时候，周围已经没有一个活人了。 内心深处已经有什么东西变得无法挽回。 因此在多年以后，当他看到从自己内心诞生出来的这只恶魔……丝毫不觉得惊讶。他们早在很多年前就合作过了。 “我就是你呀。”恶魔循循善诱道。,0,0,0,0,,https://lain.bgm.tv/pic/crt/l/d5/aa/132817_crt_s07pz.jpg,https://lain.bgm.tv/r/400/pic/crt/l/d5/aa/132817_crt_s07pz.jpg,https://storage.moegirl.org.cn/moegirl/commons/3/35/%E8%BE%BE%E5%B0%94%E7%BB%B4%E6%8B%89%E4%B8%B4%E6%97%B6.jpg!/fw/480/watermark/url/L21vZWdpcmwvd2F0ZXJtYXJrLnBuZw==/align/southeast/margin/10x10/opacity/50?v=20190118064324|https://storage.moegirl.org.cn/moegirl/commons/3/35/%E8%BE%BE%E5%B0%94%E7%BB%B4%E6%8B%89%E4%B8%B4%E6%97%B6.jpg,,图源:moegirl,,https://bgm.tv/character/132817,,132817
bgm-bgm174569,bangumi,4,1,,玖珂无色,玖珂無色,,,其他,,,漫画,漫画,王様のプロポーズ,国王的求婚,2021,漫画,"[{""t"":""王様のプロポーズ"",""cn"":""国王的求婚"",""ty"":""漫画"",""y"":2021,""pop"":0},{""t"":""王様のプロポーズ"",""cn"":""国王的求婚"",""ty"":""漫画"",""y"":2023,""pop"":0}]",,0,0,0,0,,https://lain.bgm.tv/pic/crt/l/dc/b4/174569_crt_N88XM.jpg,https://lain.bgm.tv/r/400/pic/crt/l/dc/b4/174569_crt_N88XM.jpg,,,,,https://bgm.tv/character/174569,,174569
bgm-bgm162625,bangumi,4,1,,超级火凤凰金肉人,キン肉マン スーパー・フェニックス,,,其他,,,动画|漫画,动画,キン肉マン 完璧超人始祖編,金肉人 完美超人始祖篇,2024,动画,"[{""t"":""キン肉マン 完璧超人始祖編"",""cn"":""金肉人 完美超人始祖篇"",""ty"":""动画"",""y"":2024,""pop"":0},{""t"":""キン肉マン"",""cn"":""格斗金肉人"",""ty"":""漫画"",""y"":1980,""pop"":0},{""t"":""キン肉マン キン肉星王位争奪編"",""cn"":""金肉人 金肉星王位争夺篇"",""ty"":""动画"",""y"":1991,""pop"":0}]",キン肉星王位争奪戦で最後までキン肉マンと王位の座を争い、死闘の果てに敗れた天才オールラウンドファイター。幼い頃から神童と名を馳せ、知性の神に魅入られるほどの智謀を持つまでに成長。貧しい家庭に生まれ育ったことから、裕福な王家を恨み続けていた。,0,0,0,0,,https://lain.bgm.tv/pic/crt/l/ca/cd/162625_crt_88W7y.jpg?r=1723347142,https://lain.bgm.tv/r/400/pic/crt/l/ca/cd/162625_crt_88W7y.jpg?r=1723347142,,,,,https://bgm.tv/character/162625,,162625
bgm-bgm195451,bangumi,4,1,,,富良野まつり,,,其他,AB,,动画,动画,プリンセッション・オーケストラ,公主的管弦乐团,2025,动画,,すみれのクラスメイト。 アリスピアで一大イベントを企画する事を夢見る。,0,0,0,0,,https://lain.bgm.tv/pic/crt/l/80/88/195451_crt_111Kr.jpg,https://lain.bgm.tv/r/400/pic/crt/l/80/88/195451_crt_111Kr.jpg,,,,,https://bgm.tv/character/195451,,195451
bgm-bgm205236,bangumi,4,1,,,？？,,,其他,A,,Galgame,Galgame,にゃんカフェマキアート ～猫がいるカフェのえっち事情～,喵玛奇朵咖啡~有猫的cafe的H事情,2013,Galgame,,好きな食べ物：娘の手料理（まだ食べたことはない） 特技：特になし ねこたま屋や上根子坂学園に現れる謎のおじさん。 悪い人ではないようだが、どうにも落ち着きがなく、いつもそわそわしている。 どうやら、ぺるしゃとは顔見知りのようなのだが…… 「なぜあの子がこんな男の側に……理解できん」,0,0,0,0,1,https://lain.bgm.tv/pic/crt/l/13/06/205236_crt_3c8QG.jpg,https://lain.bgm.tv/r/400/pic/crt/l/13/06/205236_crt_3c8QG.jpg,,,,,https://bgm.tv/character/205236,,205236
bgm-bgm177689,bangumi,4,1,,山田太郎,Taro Yamada,,Senpai / 前辈,其他,,,游戏,游戏,Yandere Simulator,病娇模拟器,2014,游戏,,"The Japanese word ""senpai"" refers to someone who has seniority over someone else. For example, if you are a first-year student, all second-year and third-year students are your ""senpai"".",0,0,0,0,,https://lain.bgm.tv/pic/crt/l/93/28/177689_crt_hV2es.jpg,https://lain.bgm.tv/r/400/pic/crt/l/93/28/177689_crt_hV2es.jpg,https://storage.moegirl.org.cn/moegirl/commons/3/38/%E5%B1%B1%E7%94%B0%E5%A4%AA%E9%83%8E%E7%9A%84%E5%85%A8%E8%BA%AB%E5%9B%BE.png!/fw/480/watermark/url/L21vZWdpcmwvd2F0ZXJtYXJrLnBuZw==/align/southeast/margin/10x10/opacity/50?v=20200115111852|https://storage.moegirl.org.cn/moegirl/commons/3/38/%E5%B1%B1%E7%94%B0%E5%A4%AA%E9%83%8E%E7%9A%84%E5%85%A8%E8%BA%AB%E5%9B%BE.png,,图源:moegirl,,https://bgm.tv/character/177689,,177689
bgm-bgm158403,bangumi,4,1,,困宝,배찌,Bazzi,宝宝 / 睏寶,其他,,,游戏,游戏,크레이지 아케이드,泡泡堂,2001,游戏,"[{""t"":""크레이지 아케이드"",""cn"":""泡泡堂"",""ty"":""游戏"",""y"":2001,""pop"":0},{""t"":""버블파미터"",""cn"":""泡泡战士"",""ty"":""游戏"",""y"":2009,""pop"":0},{""t"":""크레이지레이싱 카트라이더"",""cn"":""跑跑卡丁车"",""ty"":""游戏"",""y"":2004,""pop"":0},{""t"":""카트라이더 러쉬플러스"",""cn"":""跑跑卡丁车官方竞速版"",""ty"":""游戏"",""y"":2019,""pop"":0},{""t"":""크레이지아케이드 BnB M"",""cn"":""泡泡堂M"",""ty"":""游戏"",""y"":2019,""pop"":0},{""t"":""KartRider: Drift"",""cn"":""跑跑卡丁车：漂移"",""ty"":""游戏"",""y"":2023,""pop"":0}]",很乐观的小孩…唯一的喜好就是睡觉。,0,0,0,0,,https://lain.bgm.tv/pic/crt/l/03/2e/158403_crt_YYo3H.jpg,https://lain.bgm.tv/r/400/pic/crt/l/03/2e/158403_crt_YYo3H.jpg,,,,,https://bgm.tv/character/158403,,158403
bgm-bgm141115,bangumi,4,1,,天才吕场,エスパー絽場,Esper Roba，Espa Roba,,其他,A,,动画|漫画|游戏,动画,遊☆戯☆王デュエルモンスターズ,游戏王－怪兽之决斗,2000,动画,"[{""t"":""遊☆戯☆王デュエルモンスターズ"",""cn"":""游戏王－怪兽之决斗"",""ty"":""动画"",""y"":2000,""pop"":0},{""t"":""遊☆戯☆王"",""cn"":""游戏王"",""ty"":""漫画"",""y"":1997,""pop"":0},{""t"":""遊戯王 デュエルリンクス"",""cn"":""游戏王：决斗链接"",""ty"":""游戏"",""y"":2016,""pop"":0}]",超能力者天才吕场自称可以借助宇宙之力在决斗中一探对手的手卡。然而，城之内在决斗都市中看出这种所谓的超能力不过是场骗局。但他的决斗技巧却是毋容置疑的，他的王牌怪兽“人造人-念力震慑者”让城之内吃尽了苦头。,0,0,0,0,,https://lain.bgm.tv/pic/crt/l/27/40/141115_crt_RqNRb.jpg?r=1751867949,https://lain.bgm.tv/r/400/pic/crt/l/27/40/141115_crt_RqNRb.jpg?r=1751867949,,,,,https://bgm.tv/character/141115,,141115
bgm-bgm4253,bangumi,4,1,,卡西,カーシー,Kaashii,,其他,,,动画,动画,ONE PIECE,航海王,1999,动画,"[{""t"":""ONE PIECE"",""cn"":""航海王"",""ty"":""动画"",""y"":1999,""pop"":0},{""t"":""ONE PIECE エルバフ編"",""cn"":""航海王 埃鲁巴夫篇"",""ty"":""动画"",""y"":2026,""pop"":0},{""t"":""ONE PIECE FILM STRONG WORLD EPISODE:0"",""cn"":""航海王：强者天下 前传"",""ty"":""动画"",""y"":2010,""pop"":0}]",元巨兵海賊団の巨人。エニエス・ロビーの｢本島前門｣の門番を50年間務めていたが、政府にだまされていたことを知り、反旗を翻した。,0,0,0,0,,https://lain.bgm.tv/pic/crt/l/bc/52/4253_crt_48k5w.jpg,https://lain.bgm.tv/r/400/pic/crt/l/bc/52/4253_crt_48k5w.jpg,,,,,https://bgm.tv/character/4253,,4253
bgm-bgm102334,bangumi,4,1,,鞍马雪丸,鞍馬雪丸,Kurama Yukimaru,雪丸、まるまる、雪丸先生,其他,O,,动画,动画,フットサルボーイズ!!!!!,室内足球少年!!!!!,2022,动画,,桃実フットサル部唯一の1年生にして唯一のフットサル経験者。真面目に部活がしたいのに、全然真面目に練習しない先輩たちに振り回されがち。初心者の先輩たちにフットサルを教えようとするも、基礎練は楽しくないと逃げられてしまう日々。真面目な一方、かなりのドジっ子で、日常的にドジを披露しては先輩たちにフォローされることも。通称「雪丸」、「まるまる」、「雪丸先生」。,0,0,0,0,,https://lain.bgm.tv/pic/crt/l/16/b3/102334_crt_Q0U46.jpg?r=1636177611,https://lain.bgm.tv/r/400/pic/crt/l/16/b3/102334_crt_Q0U46.jpg?r=1636177611,,,,,https://bgm.tv/character/102334,,102334
bgm-bgm182482,bangumi,4,1,,,玛拉,Mala,,其他,,,游戏,游戏,卡拉彼丘,卡拉彼丘,2024,游戏,,早期晶源感染事件唯一幸存者，因此失去了重要的同伴，也获悉了让她性格产生巨大变化的秘密。,0,0,0,0,,https://lain.bgm.tv/pic/crt/l/d5/49/182482_crt_fLOoX.jpg,https://lain.bgm.tv/r/400/pic/crt/l/d5/49/182482_crt_fLOoX.jpg,,,,,https://bgm.tv/character/182482,,182482
bgm-bgm131409,bangumi,4,1,,,无线电小姐,Miss Radio,,其他,,,游戏,游戏,重返未来：1999,,2023,游戏,,“我筛选了249个地区的晨间新闻内容……你想知道每天早晨摄入肉食最多的地区是哪儿吗？” -《适当的绽放》- 她曾是沉寂的、安宁的、毫无特色的——直到她的齿轮缝隙中生出花朵。 那是一个好日子，从那日开始，她能言，能听，能见到无数隐秘的预兆。,0,0,0,0,,https://lain.bgm.tv/pic/crt/l/91/51/131409_crt_7qbQY.jpg,https://lain.bgm.tv/r/400/pic/crt/l/91/51/131409_crt_7qbQY.jpg,,,,,https://bgm.tv/character/131409,,131409
bgm-bgm110459,bangumi,4,1,,宫城莲,宮城蓮,Miyagi hasu,,其他,A,,动画,动画,ラブオールプレー,羽球青春,2022,动画,,亮と同学年の選手。マイペースな性格で、思ったことを素直に口に出してしまう。頭の回転が速く頭脳プレーを得意とする。,0,0,0,0,,https://lain.bgm.tv/pic/crt/l/1d/cc/110459_crt_9nNGe.jpg?r=1653311046,https://lain.bgm.tv/r/400/pic/crt/l/1d/cc/110459_crt_9nNGe.jpg?r=1653311046,,,,,https://bgm.tv/character/110459,,110459
bgm-bgm52731,bangumi,4,1,,长冈大地,長岡大地,Nagaoka Daichi,ゴールド=コクーン / Gold=Cocoon,其他,,,动画,动画,W'z《ウィズ》,W'Z,2019,动画,"[{""t"":""W'z《ウィズ》"",""cn"":""W'Z"",""ty"":""动画"",""y"":2019,""pop"":0},{""t"":""ハンドシェイカー"",""cn"":""Hand Shakers"",""ty"":""动画"",""y"":2017,""pop"":0}]",30岁，Hand Shakers研究者，槙原长政的前同事，现在与芥川檀一起战斗，代号“Gold Cocoon”，实力在Sword小组之上。,0,0,0,0,,https://lain.bgm.tv/pic/crt/l/8e/d7/52731_crt_izSZI.jpg,https://lain.bgm.tv/r/400/pic/crt/l/8e/d7/52731_crt_izSZI.jpg,,,,,https://bgm.tv/character/52731,,52731
bgm-bgm189613,bangumi,4,1,,奥特赛德,奥特赛德,Outsider,,其他,,,游戏,游戏,二重螺旋,二重螺旋,2025,游戏,,「都这么熟了还需要自我介绍吗……好吧好吧，『夜航者』小队，奥特赛德，身份的话……不省心小队的监护人？」 你与他相遇在异乡一隅。 他以不羁的假面遮掩旧痕， 不去听已然破碎的信仰，不去看漫漫长远的归途， 他竭力逃离过去，却不知过去悄然已至。 ——————————————————— 奥特赛德不是一个慷慨的人，他吝于向你分享旧日的伤痕。 奥特赛德不是一个吝啬的人，他慷慨解囊一切生存的哲学。,0,0,0,0,,https://lain.bgm.tv/pic/crt/l/7f/94/189613_crt_wT0oO.jpg,https://lain.bgm.tv/r/400/pic/crt/l/7f/94/189613_crt_wT0oO.jpg,,,,,https://bgm.tv/character/189613,,189613
bgm-bgm220320,bangumi,4,1,,,皮克赛尔,Pixel,픽셀,其他,,,游戏,游戏,无期迷途,,2022,游戏,,,0,0,0,0,,https://lain.bgm.tv/pic/crt/l/0e/4e/220320_crt_JAncm.jpg,https://lain.bgm.tv/r/400/pic/crt/l/0e/4e/220320_crt_JAncm.jpg,,,,,https://bgm.tv/character/220320,,220320
bgm-bgm8415,bangumi,4,1,,赤道斋,赤道斎,Sekidousai,,其他,,,动画,动画,いぬかみっ!,犬神,2006,动画,,假名史郎的祖先。其外貌和假名史郎非常相象。人类历史上最强的魔法师中的一人，留下了“月和三个女孩”的恐怖的一系列魔道具的麻烦的男人。依靠自己独特的价值观行动，而且他的价值观别人无法理解。说明白点就是个究极的变态，想要在那个世界建设自己的理想乡“贤者的乐园”（启太或者说是变态们的乐园）。而且经常把下半身的“那个部分”保持突出状态，想要把连续裸奔的启太收为自己的后继者。和ようこ的父亲大妖狐有着些许因缘，曾被大妖狐击败，后来成功复活，继续变态行为。,0,0,0,0,,https://lain.bgm.tv/pic/crt/l/5c/84/8415_crt_Rno7U.jpg,https://lain.bgm.tv/r/400/pic/crt/l/5c/84/8415_crt_Rno7U.jpg,,,,,https://bgm.tv/character/8415,,8415
bgm-bgm139611,bangumi,4,1,,柘植将人,柘植将人,Tsuge Masato,,其他,,,动画|漫画,其他,30歳まで童貞だと魔法使いになれるらしい,到了30岁还是处男，似乎会变成魔法师,2020,其他,"[{""t"":""30歳まで童貞だと魔法使いになれるらしい"",""cn"":""到了30岁还是处男，似乎会变成魔法师"",""ty"":""其他"",""y"":2020,""pop"":0},{""t"":""30歳まで童貞だと魔法使いになれるらしい"",""cn"":""到了30岁还是处男，似乎会变成魔法师"",""ty"":""动画"",""y"":2024,""pop"":0},{""t"":""30歳まで童貞だと魔法使いになれるらしい"",""cn"":""到了30岁还是童贞的话，好像就会变成魔法使"",""ty"":""漫画"",""y"":2018,""pop"":0},{""t"":""チェリまほ THE MOVIE〜30歳まで童貞だと魔法使いになれるらしい〜"",""cn"":""樱桃魔法 THE MOVIE～如果30岁还是处男，似乎就会成为魔法师〜"",""ty"":""其他"",""y"":2022,""pop"":0},{""t"":""30歳まで童貞だと魔法使いになれるらしい"",""cn"":"""",""ty"":""音乐"",""y"":2019,""pop"":0},{""t"":""チェリまほミニ劇場"",""cn"":""樱桃魔法迷你剧场"",""ty"":""动画"",""y"":2023,""pop"":0}]",安達の数少ない大学時代からの親友で、恋愛小説家。 冷静で思慮深く、安達から頼りにされて、恋愛相談に乗っている。 あることがきっかけで、自宅の宅配員の湊に会うと心拍数が上がるようになり、自分の気持ちに戸惑い始める。,0,0,0,0,,https://lain.bgm.tv/pic/crt/l/ae/ea/139611_crt_VB3J5.jpg,https://lain.bgm.tv/r/400/pic/crt/l/ae/ea/139611_crt_VB3J5.jpg,,,,,https://bgm.tv/character/139611,,139611
bgm-bgm117362,bangumi,4,1,,山本刚,山本剛,Yamamoto Tsuyoshi,,其他,O,,动画,动画,家庭教師ヒットマンREBORN!,家庭教师HITMAN REBORN!,2006,动画,,经营寿司店“竹寿司”的山本父亲，有着坦率的性格。乍看之下只是普通的厨师，事实上是杀人剑术“时雨苍燕流”的继承者，过去有很多谜。,0,0,0,0,,https://lain.bgm.tv/pic/crt/l/8c/0e/117362_crt_hmcb4.jpg,https://lain.bgm.tv/r/400/pic/crt/l/8c/0e/117362_crt_hmcb4.jpg,,,,,https://bgm.tv/character/117362,,117362
