id,src,month,day,year,name_cn,name_native,name_romaji,alt_names,gender,blood,age,types,ptype,work,work_cn,work_year,work_fmt,works,summary,heat,fav,votes,collects,nsfw,image,thumb,alts,palette,tags,url_al,url_bgm,url_vndb,bgm_id
al40,anilist,5,5,,蒙奇·D·路飞,モンキー・D・ルフィ,Luffy Monkey,Mugiwara (麦わら) / Straw Hat / Mugi (麦) / Straw,男,F,17-,动画|漫画,动画,ONE PIECE,航海王,1999,动画,"[{""t"":""ONE PIECE"",""cn"":""航海王"",""ty"":""动画"",""y"":1999,""pop"":750384},{""t"":""ONE PIECE"",""cn"":""航海王"",""ty"":""漫画"",""y"":1997,""pop"":232766},{""t"":""ONE PIECE FILM RED"",""cn"":""航海王：红发歌姬"",""ty"":""动画"",""y"":2022,""pop"":78378},{""t"":""ONE PIECE FILM Z"",""cn"":""航海王：Z"",""ty"":""动画"",""y"":2012,""pop"":64412},{""t"":""ONE PIECE STAMPEDE"",""cn"":""航海王：狂热行动"",""ty"":""动画"",""y"":2019,""pop"":62019},{""t"":""ONE PIECE FAN LETTER"",""cn"":"""",""ty"":""动画"",""y"":2024,""pop"":58152}]",蒙奇·D·路飞是《ONE PIECE》（航海王/海贼王）的主人公，“D”的一族，草帽一伙的船长，也是海贼界十一名超新星之——他的悬赏金排名在十一人当中的第二位。路飞的代表性标志是他的草帽和草鞋，左眼下方的疤痕是幼时为了证明自己的男子气概而用小刀划的。童年因为爷爷斯巴达式的训练，练就了非常顽强的生命力，除了大海之外，几乎在什么环境下都能生存。,36509,36509,0,299,,https://s4.anilist.co/file/anilistcdn/character/large/b40-MNypXsxSRb1R.png,https://s4.anilist.co/file/anilistcdn/character/medium/b40-MNypXsxSRb1R.png,https://lain.bgm.tv/r/400/pic/crt/l/12/c1/2358_crt_3ZoDo.jpg,,,https://anilist.co/character/40,https://bgm.tv/character/2358,,2358
al30,anilist,5,5,,杰·富力士,ゴン＝フリークス,Gon Freecss,岡·菲猎斯 / Gon Freaks / 冈 / 小杰,男,B,11-,动画|漫画,动画,HUNTER×HUNTER (2011),,2011,动画,"[{""t"":""HUNTER×HUNTER (2011)"",""cn"":"""",""ty"":""动画"",""y"":2011,""pop"":840476},{""t"":""HUNTER×HUNTER"",""cn"":""猎人"",""ty"":""动画"",""y"":1999,""pop"":134584},{""t"":""HUNTER×HUNTER"",""cn"":""猎人"",""ty"":""漫画"",""y"":1998,""pop"":109206},{""t"":""劇場版 HUNTER×HUNTER 緋色の幻影（ファントム・ルージュ）"",""cn"":"""",""ty"":""动画"",""y"":2013,""pop"":64831},{""t"":""劇場版 HUNTER×HUNTER THE LAST MISSION"",""cn"":""猎人剧场版：最终任务"",""ty"":""动画"",""y"":2013,""pop"":52942},{""t"":""HUNTER×HUNTER: Greed Island"",""cn"":"""",""ty"":""动画"",""y"":2003,""pop"":34034}]",本作第一男主角。性格纯朴、善良、天真开朗，童年时光多半在树林里度过，所有的动物对他十分友善。想法过于天真与简单，因此很容易吸引朋友和敌人的注意力，同时也是奇犽最好的朋友。有着超人一般的视觉和嗅觉。事后得知父亲还活着并且是名猎人，让自己也想要成为猎人，追寻父亲并且了解父亲不顾一切也要追求的目标。缺点是脾气过于冲动、固执，经常缺乏对事情的全盘思考。有着超龄的身体能力，愤怒的时候、力量尤其强大。 念能力属于强化系，能以较快的速度恢复、强化的力量。,16741,16741,0,117,,https://s4.anilist.co/file/anilistcdn/character/large/b30-lyFExKyDhefc.jpg,https://s4.anilist.co/file/anilistcdn/character/medium/b30-lyFExKyDhefc.jpg,https://lain.bgm.tv/r/400/pic/crt/l/88/c9/6497_crt_0XOoy.jpg,,,https://anilist.co/character/30,https://bgm.tv/character/6497,,6497
al65541,anilist,5,5,,十神白夜,十神白夜,Byakuya Togami,Ultimate Affluent Progeny / Super High School Level Heir (超高校級の御曹司) / Byakuya-sama / Ultimate Affluent Progeny,男,B,,动画|漫画|Galgame,动画,ダンガンロンパ 希望の学園と絶望の高校生 The Animation,弹丸论破 希望学园与绝望高中生,2013,动画,"[{""t"":""ダンガンロンパ 希望の学園と絶望の高校生 The Animation"",""cn"":""弹丸论破 希望学园与绝望高中生"",""ty"":""动画"",""y"":2013,""pop"":233260},{""t"":""ダンガンロンパ３ –The End of 希望ヶ峰学園– 未来編"",""cn"":"""",""ty"":""动画"",""y"":2016,""pop"":90791},{""t"":""ダンガンロンパ3 -The End of 希望ヶ峰学園-　絶望編"",""cn"":""弹丸论破3 -The End of 希望之峰学园- 绝望篇"",""ty"":""动画"",""y"":2016,""pop"":89210},{""t"":""ダンガンロンパ３-The End of 希望ヶ峰学園-希望編"",""cn"":"""",""ty"":""动画"",""y"":2016,""pop"":56357},{""t"":""ダンガンロンパ 希望の学園と絶望の高校生"",""cn"":""弹丸论破 希望的学园和绝望高中生"",""ty"":""Galgame"",""y"":2010,""pop"":15953},{""t"":""ダンガンロンパ3 モノクマ劇場"",""cn"":"""",""ty"":""动画"",""y"":2016,""pop"":13672}]",超高校級の「御曹司」。 眼鏡をかけスーツに似た黒い服を着ている。伝統ある家系の跡継ぎ枠を得て、幼い頃から帝王学を叩き込まれ完璧なエリートとして育つ。徹底的な自分至上主義で、他者を徹底的に見下しあくまで自分本位な考え方を持つ。ただしこの性格は、それを裏打ちする教育・努力によるもので、生まれつき恵まれているなどと思われることは嫌いらしい。 世界を支配する一族の一つとして世界中で起きた未解決事件や報道されない真実、要人たちの秘密などといった「決して表には出ない情報」にも通じている。,15953,1381,15953,70,,https://s4.anilist.co/file/anilistcdn/character/large/b65541-Nha4B0vJIkFA.png,https://s4.anilist.co/file/anilistcdn/character/medium/b65541-Nha4B0vJIkFA.png,https://t.vndb.org/ch/16/72616.jpg|https://lain.bgm.tv/r/400/pic/crt/l/f2/84/18030_crt_8JJwE.jpg?r=1534940188,,Blond Short Straight Teen Slim Pale School Uniform Dress Shoes Disaster Blue,https://anilist.co/character/65541,https://bgm.tv/character/18030,https://vndb.org/c10191,18030
al125886,anilist,5,5,,伊井野弥子,伊井野ミコ,Miko Iino,,女,O,16,动画|漫画,动画,かぐや様は告らせたい～天才たちの恋愛頭脳戦～,辉夜大小姐想让我告白 ~天才们的恋爱头脑战~,2019,动画,"[{""t"":""かぐや様は告らせたい～天才たちの恋愛頭脳戦～"",""cn"":""辉夜大小姐想让我告白 ~天才们的恋爱头脑战~"",""ty"":""动画"",""y"":2019,""pop"":558713},{""t"":""かぐや様は告らせたい？～天才たちの恋愛頭脳戦～"",""cn"":""辉夜大小姐想让我告白 ~天才们的恋爱头脑战~"",""ty"":""动画"",""y"":2020,""pop"":434528},{""t"":""かぐや様は告らせたい-ウルトラロマンティック-"",""cn"":""辉夜大小姐想让我告白-超级浪漫-"",""ty"":""动画"",""y"":2022,""pop"":292244},{""t"":""かぐや様は告らせたい -ファーストキッスは終わらない-"",""cn"":"""",""ty"":""动画"",""y"":2023,""pop"":147967},{""t"":""かぐや様は告らせたい～天才たちの恋愛頭脳戦～"",""cn"":""辉夜大小姐想让我告白 ~天才们的恋爱头脑战~"",""ty"":""漫画"",""y"":2015,""pop"":119314},{""t"":""かぐや様は告らせたい～天才たちの恋愛頭脳戦～OVA"",""cn"":""辉夜大小姐想让我告白？～天才们的恋爱头脑战～ OVA"",""ty"":""动画"",""y"":2021,""pop"":91890}]",本作の裏ヒロイン。 私立秀知院学園高等部1年B組で風紀委員と生徒会の会計監査を兼任している。,15697,15697,0,424,,https://s4.anilist.co/file/anilistcdn/character/large/b125886-TQbmqAaSgBLS.png,https://s4.anilist.co/file/anilistcdn/character/medium/b125886-TQbmqAaSgBLS.png,https://lain.bgm.tv/r/400/pic/crt/l/02/5a/69198_crt_9chtt.jpg?r=1590778597,,,https://anilist.co/character/125886,https://bgm.tv/character/69198,,69198
al126373,anilist,5,5,,中野三玖,中野三玖,Miku Nakano,みく,女,A,17-23,动画|漫画|Galgame,动画,五等分の花嫁,五等分的新娘,2019,动画,"[{""t"":""五等分の花嫁"",""cn"":""五等分的新娘"",""ty"":""动画"",""y"":2019,""pop"":322951},{""t"":""五等分の花嫁∬"",""cn"":""五等分的新娘∬"",""ty"":""动画"",""y"":2021,""pop"":233296},{""t"":""映画 五等分の花嫁"",""cn"":""电影 五等分的新娘"",""ty"":""动画"",""y"":2022,""pop"":116491},{""t"":""五等分の花嫁"",""cn"":""五等分的新娘"",""ty"":""漫画"",""y"":2017,""pop"":69959},{""t"":""五等分の花嫁∽"",""cn"":"""",""ty"":""动画"",""y"":2023,""pop"":47023},{""t"":""五等分の花嫁＊"",""cn"":"""",""ty"":""动画"",""y"":2024,""pop"":26115}]",五つ子の三女。口数が少なく落ち着いているが、戦国武将が好きというマニアックな一面も持っている。自分に自信を持てずにいたが、風太郎との関わりを通して少しずつ成長している。五つ子の中で最も姉妹の変装が得意。 代表颜色为蓝色，喜欢的食物是抹茶，讨厌的食物是巧克力，喜欢的饮料是绿茶，喜欢的动物是刺猬，喜欢的电视节目类型是纪录片，擅长学习科目为社会，每日的惯例为占卜。喜欢有武将出演的电影。喜欢的地点是有缝隙的地方。喜欢阅读自传,12442,12442,87,453,,https://s4.anilist.co/file/anilistcdn/character/large/b126373-CWeyXb822uDN.png,https://s4.anilist.co/file/anilistcdn/character/medium/b126373-CWeyXb822uDN.png,https://t.vndb.org/ch/32/114732.jpg|https://lain.bgm.tv/r/400/pic/crt/l/ae/9b/61406_crt_3V8wd.jpg,,Red Long Straight Teen Slim Pale Blue Coat Cardigan Evening Gloves,https://anilist.co/character/126373,https://bgm.tv/character/61406,https://vndb.org/c94554,61406
bgm-bgm16870,vndb,5,5,,榊千鹤,榊 千鶴,Sakaki Chizuru,Class Rep / 委員長 / Iinchou / Class Rep,女,A,,漫画|Galgame,Galgame,マブラヴ,Muv-Luv,2003,Galgame,"[{""t"":""マブラヴ"",""cn"":""Muv-Luv"",""ty"":""Galgame"",""y"":2003,""pop"":11564},{""t"":""マブラヴ　オルタネイティヴ"",""cn"":""Muv-Luv Alternative"",""ty"":""Galgame"",""y"":2006,""pop"":11333},{""t"":""マブラヴ ALTERED FABLE"",""cn"":""Muv-Luv ALTERED FABLE"",""ty"":""Galgame"",""y"":2007,""pop"":874},{""t"":""君が望む永遠"",""cn"":""你所期望的永远"",""ty"":""Galgame"",""y"":2001,""pop"":680},{""t"":""君が望む永遠"",""cn"":""你所期望的永远"",""ty"":""Galgame"",""y"":2001,""pop"":680},{""t"":""君が望む永遠"",""cn"":""你所期望的永远"",""ty"":""Galgame"",""y"":2001,""pop"":680}]",3年B组的班长，文武双全的优等生，备受周围师生期待。 和武一样身为横滨基地207训练部队的训练兵（军校毕业后任职少尉）。 是部队的分队长，也是日本帝国内阁总理大臣榊是亲（さかき これちか）的女儿。相当重视规律和上级命令，因此彩峰老是针锋相对，常有对立的状况发生。,11564,0,11564,47,,https://t.vndb.org/ch/46/146.jpg,https://t.vndb.org/ch/46/146.jpg,https://lain.bgm.tv/r/400/pic/crt/l/8a/9e/16870_crt_87c3T.jpg,#292c3a #60584f #b89d80 #79776f #d3cfc3 #90918f,Brown Waist Length+ Curtained Straight Teen Slim Pale Hard Worker Assault Standing Sex,,https://bgm.tv/character/16870,https://vndb.org/c115,16870
al126372,anilist,5,5,,中野二乃,中野二乃,Nino Nakano,にの,女,A,17-23,动画|漫画|Galgame,动画,五等分の花嫁,五等分的新娘,2019,动画,"[{""t"":""五等分の花嫁"",""cn"":""五等分的新娘"",""ty"":""动画"",""y"":2019,""pop"":322951},{""t"":""五等分の花嫁∬"",""cn"":""五等分的新娘∬"",""ty"":""动画"",""y"":2021,""pop"":233296},{""t"":""映画 五等分の花嫁"",""cn"":""电影 五等分的新娘"",""ty"":""动画"",""y"":2022,""pop"":116491},{""t"":""五等分の花嫁"",""cn"":""五等分的新娘"",""ty"":""漫画"",""y"":2017,""pop"":69959},{""t"":""五等分の花嫁∽"",""cn"":"""",""ty"":""动画"",""y"":2023,""pop"":47023},{""t"":""五等分の花嫁＊"",""cn"":"""",""ty"":""动画"",""y"":2024,""pop"":26115}]",五つ子の次女。五つ子の中で一番姉妹を大事にしているため、五つ子の輪の中に入ってくる風太郎を異分子として反発している。料理が得意で中野家の炊事を担当している。五つ子の中で最も女子力が高い。 代表颜色为黑色，喜欢的食物是薄烤饼，讨厌的食物是渍物，喜欢的饮料是常温水，喜欢的动物是兔子，喜欢的电视节目类型是综艺，擅长学习科目为英语，每日的惯例为敷面膜和瑜伽，喜欢有年轻艺人出演的电影，喜欢的地点是打工的地方，喜欢阅读时尚杂志。,11342,11342,87,383,,https://s4.anilist.co/file/anilistcdn/character/large/b126372-DtorHRgQaYUJ.png,https://s4.anilist.co/file/anilistcdn/character/medium/b126372-DtorHRgQaYUJ.png,https://t.vndb.org/ch/33/114733.jpg|https://lain.bgm.tv/r/400/pic/crt/l/6c/40/61405_crt_4GzU5.jpg?r=1561385107,,Red Twin Tails Waist Length+ Shoulder-length Straight Teen Slim Pale School Uniform Cooking,https://anilist.co/character/126372,https://bgm.tv/character/61405,https://vndb.org/c94553,61405
al126374,anilist,5,5,,中野四叶,中野四葉,Yotsuba Nakano,よつば,女,A,17-23,动画|漫画|Galgame,动画,五等分の花嫁,五等分的新娘,2019,动画,"[{""t"":""五等分の花嫁"",""cn"":""五等分的新娘"",""ty"":""动画"",""y"":2019,""pop"":322951},{""t"":""五等分の花嫁∬"",""cn"":""五等分的新娘∬"",""ty"":""动画"",""y"":2021,""pop"":233296},{""t"":""映画 五等分の花嫁"",""cn"":""电影 五等分的新娘"",""ty"":""动画"",""y"":2022,""pop"":116491},{""t"":""五等分の花嫁"",""cn"":""五等分的新娘"",""ty"":""漫画"",""y"":2017,""pop"":69959},{""t"":""五等分の花嫁∽"",""cn"":"""",""ty"":""动画"",""y"":2023,""pop"":47023},{""t"":""五等分の花嫁＊"",""cn"":"""",""ty"":""动画"",""y"":2024,""pop"":26115}]",五つ子の四女。元気いっぱいで人なつっこく、人から頼まれると断れない性格。スポーツが得意で、よく運動部の手伝いをしている。そのためなかなか勉強の時間が取れないので、五つ子の中で最も成績が悪い 代表颜色为绿色，喜欢的食物是蜜柑，讨厌的食物是菜椒，喜欢的饮料是碳酸果汁，喜欢的动物是骆驼，喜欢的电视节目类型是动画，擅长学习科目为国语，每日的惯例为给观叶植物浇水。喜欢有鲨鱼出现的电影。喜欢的地点是秋千。喜欢阅读漫画,5632,5632,87,230,,https://s4.anilist.co/file/anilistcdn/character/large/b126374-Aal36iSQ5nKz.png,https://s4.anilist.co/file/anilistcdn/character/medium/b126374-Aal36iSQ5nKz.png,https://t.vndb.org/ch/34/114734.jpg|https://lain.bgm.tv/r/400/pic/crt/l/20/5e/61407_crt_qbsk4.jpg?r=1550478676,,Bob Cut Short Teen Slim Pale Blue T-shirt Knee-high Socks Otaku Friendly,https://anilist.co/character/126374,https://bgm.tv/character/61407,https://vndb.org/c94555,61407
vndb-c80893,vndb,5,5,,,,Rad Shiba,,男,,,Galgame,Galgame,VA-11 HALL-A,,2014,Galgame,,"Rad Shiba is a Shiba Inu dog who ""works"" part time at VA-11 Hall-A, although most of the time he's treated as a patron. His boss is Nacho Tumbleweed Jr. from the Canine Independent Rescue Association.",5080,0,5080,3,,https://t.vndb.org/ch/93/98093.jpg,https://t.vndb.org/ch/93/98093.jpg,https://lain.bgm.tv/r/400/pic/crt/l/58/54/48630_crt_26ygu.jpg,#2b091e #833945 #d18c7f #ffffff,Blond Brown Hard Worker Sunglasses Energetic Dog Honest Multicolored Aloha Shirt,,https://bgm.tv/character/48630,https://vndb.org/c80893,48630
bgm-bgm1002,vndb,5,5,,仓田佐祐理,倉田 佐祐理,Kurata Sayuri,,女,A,,动画|游戏|Galgame,Galgame,Kanon,,1999,Galgame,"[{""t"":""Kanon"",""cn"":"""",""ty"":""Galgame"",""y"":1999,""pop"":4394},{""t"":""Kanon"",""cn"":"""",""ty"":""Galgame"",""y"":1999,""pop"":0},{""t"":""Kanon"",""cn"":"""",""ty"":""动画"",""y"":2006,""pop"":0},{""t"":""Eternal Fighter Zero"",""cn"":""永恒格斗零"",""ty"":""游戏"",""y"":2000,""pop"":0},{""t"":""かぎなど シーズン2"",""cn"":""键等 第二季"",""ty"":""动画"",""y"":2022,""pop"":0},{""t"":""かぎなど"",""cn"":""键等"",""ty"":""动画"",""y"":2021,""pop"":0}]",舞的挚友，以“啊哈哈（あははーっ）”为口头禅的千金小姐。和舞形成强烈对比，脸上时常带着笑容，为人和善而长于社交。偶而会让祐一见识到能他感到着急不安的吐槽（ツッコミ）。因为擅长作菜而主动为舞准备便当。虽然个性十分开朗，待人处世却是十分拘谨，对身为学弟的祐一也以“さん”称呼。另外对于舞以外的人都一概使用敬语，并以自己的名字“佐祐理”自称。,4394,0,4394,138,,https://t.vndb.org/ch/04/36004.jpg,https://t.vndb.org/ch/04/36004.jpg,https://lain.bgm.tv/r/400/pic/crt/l/d2/81/1002_crt_aRl6V.jpg?r=1523159816,#65554c #9e9688 #b3bac1 #e2d9d4 #f1f1f1 #ffffff,Brown Long Straight Brown Teen Slim Pale School Uniform Cooking Amber,,https://bgm.tv/character/1002,https://vndb.org/c2942,1002
al89197,anilist,5,5,,中岛敦,中島敦,Atsushi Nakajima,Jinko / Weretiger / White Reaper,男,AB,18,动画|游戏,动画,文豪ストレイドッグス,文豪野犬,2016,动画,"[{""t"":""文豪ストレイドッグス"",""cn"":""文豪野犬"",""ty"":""动画"",""y"":2016,""pop"":420991},{""t"":""文豪ストレイドッグス 第2シーズン"",""cn"":""文豪野犬 第二季"",""ty"":""动画"",""y"":2016,""pop"":238857},{""t"":""文豪ストレイドッグス 第3シーズン"",""cn"":""文豪野犬 第三季"",""ty"":""动画"",""y"":2019,""pop"":198150},{""t"":""文豪ストレイドッグス 第4シーズン"",""cn"":"""",""ty"":""动画"",""y"":2023,""pop"":109686},{""t"":""文豪ストレイドッグス DEAD APPLE"",""cn"":""文豪野犬 DEAD APPLE"",""ty"":""动画"",""y"":2018,""pop"":89174},{""t"":""文豪ストレイドッグス 第5シーズン"",""cn"":"""",""ty"":""动画"",""y"":2023,""pop"":80927}]",本作的主角，个性单纯耿直，但却因为无法控制自身异能而暴走，变成巨虎到处伤人，后来在武装侦探社成员的太宰治帮助下，以“人间失格”能力解除暴走，并且被邀请加入异能侦探社。因为不明的原因，被港口黑手党与海外异能组织Guild追捕中，目前和从港口黑手党脱离的泉镜花同居中。 能力：“月下兽”，可变形为一只巨大的老虎。,3985,3985,0,32,,https://s4.anilist.co/file/anilistcdn/character/large/b89197-vB5kP72ruckV.png,https://s4.anilist.co/file/anilistcdn/character/medium/b89197-vB5kP72ruckV.png,https://lain.bgm.tv/r/400/pic/crt/l/be/16/35241_crt_QjBQE.jpg?r=1446950805,,,https://anilist.co/character/89197,https://bgm.tv/character/35241,,35241
al296304,anilist,5,5,,糖糖,あめちゃん,Ame-chan,Chouzetsu Saikawa Tenshi-chan (超絶最かわてんしちゃん) / OMGkawaiiAngel / Chouten-chan (超てんちゃん) / KAngel,女,,,动画|漫画|Galgame,动画,NEEDY GIRL OVERDOSE,主播女孩重度依赖,2026,动画,"[{""t"":""NEEDY GIRL OVERDOSE"",""cn"":""主播女孩重度依赖"",""ty"":""动画"",""y"":2026,""pop"":39905},{""t"":""NEEDY GIRL OVERDOSE"",""cn"":""主播女孩重度依赖"",""ty"":""Galgame"",""y"":2022,""pop"":3952},{""t"":""NEEDY GIRL OVERDOSE RUN WITH MY SICK"",""cn"":"""",""ty"":""漫画"",""y"":2023,""pop"":1628},{""t"":""超てんちゃん！ NEEDY GIRL OVERDOSE公式アンソロジー"",""cn"":"""",""ty"":""漫画"",""y"":2022,""pop"":1196},{""t"":""インターネットやめろ"",""cn"":"""",""ty"":""动画"",""y"":2023,""pop"":1141},{""t"":""夢充夜"",""cn"":""梦充夜"",""ty"":""动画"",""y"":2023,""pop"":982}]","看上去老实乖巧，但很容易得意忘形任性起来，迫切想要得到认可的女孩。性格恶劣。喜欢的东西是阿P以及精神药物。 While she may look somewhat low-key and quiet, she’s actually a ridiculously selfish and vapid girl with a tendency to get carried away and a desperate need for approval.",3952,1229,3952,171,,https://s4.anilist.co/file/anilistcdn/character/large/b296304-dmi9pquQZmQo.png,https://s4.anilist.co/file/anilistcdn/character/medium/b296304-dmi9pquQZmQo.png,https://t.vndb.org/ch/61/129361.jpg|https://lain.bgm.tv/r/400/pic/crt/l/4f/25/91297_crt_8CjVR.jpg,,Black Twin Tails Long Slim Pale Black Young-adult Otaku Pretending Nymphomania,https://anilist.co/character/296304,https://bgm.tv/character/91297,https://vndb.org/c105429,91297
al2650,anilist,5,5,,土方十四郎,土方十四郎,Toushirou Hijikata,Mayora / Demonic Vice-Commander / Mayonnaise Lover 13 / Mayo 13,男,A,27,动画|漫画,动画,銀魂,银魂,2006,动画,"[{""t"":""銀魂"",""cn"":""银魂"",""ty"":""动画"",""y"":2006,""pop"":296063},{""t"":""銀魂゜"",""cn"":"""",""ty"":""动画"",""y"":2015,""pop"":119621},{""t"":""銀魂’"",""cn"":"""",""ty"":""动画"",""y"":2011,""pop"":110096},{""t"":""銀魂’延長戦"",""cn"":"""",""ty"":""动画"",""y"":2012,""pop"":84431},{""t"":""銀魂. 銀ノ魂篇"",""cn"":"""",""ty"":""动画"",""y"":2018,""pop"":60568},{""t"":""銀魂. 銀ノ魂篇2"",""cn"":"""",""ty"":""动画"",""y"":2018,""pop"":56193}]","表面上是“青光眼，性格暴躁,动不动就砍人，让人切腹,流氓老大、蛋黄酱OTAKU”，但实际上土方为人正直认真，头脑也很好，可以说是「真选组」中的「智将」！也可以说是个疑似中二病患者。虽然嘴上说东说西，但对于近藤的信赖非常深厚，只要是为了大将任何任务都不会有异议。 土方喜欢在吃的东西上加大量蛋黄酱（マヨネーズ）把食物升级为“狗粮（冲田语）”，比如「土方特制茶泡饭（お茶づけ土方スペシャル）」和「土方SPECIAL一丁（土方スペシャル一丁）」。土方十分害怕鬼（和银时一样）。",3785,3785,0,280,,https://s4.anilist.co/file/anilistcdn/character/large/b2650-zgkj5l8mIOnn.png,https://s4.anilist.co/file/anilistcdn/character/medium/b2650-zgkj5l8mIOnn.png,https://lain.bgm.tv/r/400/pic/crt/l/a1/c7/2747_crt_822Ra.jpg,,,https://anilist.co/character/2650,https://bgm.tv/character/2747,,2747
al126371,anilist,5,5,,中野一花,中野一花,Ichika Nakano,いちか,女,A,17-23,动画|漫画|Galgame,动画,五等分の花嫁,五等分的新娘,2019,动画,"[{""t"":""五等分の花嫁"",""cn"":""五等分的新娘"",""ty"":""动画"",""y"":2019,""pop"":322951},{""t"":""五等分の花嫁∬"",""cn"":""五等分的新娘∬"",""ty"":""动画"",""y"":2021,""pop"":233296},{""t"":""映画 五等分の花嫁"",""cn"":""电影 五等分的新娘"",""ty"":""动画"",""y"":2022,""pop"":116491},{""t"":""五等分の花嫁"",""cn"":""五等分的新娘"",""ty"":""漫画"",""y"":2017,""pop"":69959},{""t"":""五等分の花嫁∽"",""cn"":"""",""ty"":""动画"",""y"":2023,""pop"":47023},{""t"":""五等分の花嫁＊"",""cn"":"""",""ty"":""动画"",""y"":2024,""pop"":26115}]",五つ子の長女。面倒見のいいお姉さんタイプの性格だが、家では面倒臭がりで部屋の掃除が苦手というズボラな一面も。女優業をしており、絶賛売り出し中。五つ子の中で最もモテる。 代表颜色为黄色，喜欢的食物是咸鱼，讨厌的食物是香菇，喜欢的饮料是星冰乐，喜欢的动物是河马，喜欢的电视节目类型是戏剧，擅长学习科目为数学，每日的惯例为慢跑。喜欢有海外名人出演的电影。喜欢的地点是床。喜欢阅读小说,3597,3597,87,160,,https://s4.anilist.co/file/anilistcdn/character/large/b126371-0KQpl80s8kXQ.png,https://s4.anilist.co/file/anilistcdn/character/medium/b126371-0KQpl80s8kXQ.png,https://t.vndb.org/ch/30/114730.jpg|https://lain.bgm.tv/r/400/pic/crt/l/5d/65/61404_crt_sb0sS.jpg?r=1573898562,,Pink Short Teen Slim Pale Blue Earrings Teasing Relaxed Mobile Phone,https://anilist.co/character/126371,https://bgm.tv/character/61404,https://vndb.org/c94552,61404
bgm-bgm605,vndb,5,5,,火村夕,火村 夕,Himura Yuu,,男,AB,,动画|Galgame,Galgame,ef - a fairy tale of the two.,,2006,Galgame,"[{""t"":""ef - a fairy tale of the two."",""cn"":"""",""ty"":""Galgame"",""y"":2006,""pop"":2878},{""t"":""ef - a fairy tale of the two."",""cn"":"""",""ty"":""Galgame"",""y"":2006,""pop"":2878},{""t"":""ef - a fairy tale of the two."",""cn"":"""",""ty"":""Galgame"",""y"":2006,""pop"":2878},{""t"":""ef - a fairy tale of the two."",""cn"":"""",""ty"":""Galgame"",""y"":2006,""pop"":2878},{""t"":""ef - a fairy tale of the two."",""cn"":"""",""ty"":""Galgame"",""y"":2006,""pop"":2878},{""t"":""天使の日曜日 “ef - a fairy tale of the two.” Pleasurable Box."",""cn"":"""",""ty"":""Galgame"",""y"":2010,""pop"":107}]",在教会出现，并听优子说著一年前各位少年少女故事的青年，终章的男主角，同时也是ef系列实质意义的男主角。在第三章中，总是待在教会里，但却表明自己并不是神父或类似的角色。被莲治认为是会给予年轻人忠告的大人般的存在，实质是千寻的监护人。和久瀬修一是好朋友也是高中同学。在ef - the latter tale 中扮演讲述者的角色，向优子说著一年前发生在澳洲音羽的往事。,2878,0,2878,86,,https://t.vndb.org/ch/08/9208.jpg,https://t.vndb.org/ch/08/9208.jpg,https://lain.bgm.tv/r/400/pic/crt/l/f8/d2/605_crt_dPa32.jpg,#3c3836 #e7e0d9 #7a7573 #b7b2ae #ffffff,White Ahoge Short Straight Slim Pale School Uniform Trousers Dress Shoes Proactive,,https://bgm.tv/character/605,https://vndb.org/c8672,605
bgm-bgm183123,vndb,5,5,,间桐慎二,間桐 慎二,Matou Shinji,,男,B,,漫画|游戏|Galgame,Galgame,フェイト/エクストラ,Fate/EXTRA,2010,Galgame,"[{""t"":""フェイト/エクストラ"",""cn"":""Fate/EXTRA"",""ty"":""Galgame"",""y"":2010,""pop"":2508},{""t"":""Fate/EXTRA CCC"",""cn"":""Fate/EXTRA CCC"",""ty"":""Galgame"",""y"":2013,""pop"":789},{""t"":""Fate/EXTRA CCC"",""cn"":""Fate/EXTRA CCC"",""ty"":""Galgame"",""y"":2013,""pop"":0},{""t"":""Fate/EXTRA"",""cn"":""Fate/EXTRA"",""ty"":""游戏"",""y"":2010,""pop"":0},{""t"":""フェイト/エクストラ CCC FoxTail"",""cn"":""Fate Extra CCC 妖狐传"",""ty"":""漫画"",""y"":2014,""pop"":0},{""t"":""Fate/EXTRA Record"",""cn"":"""",""ty"":""游戏"",""y"":2027,""pop"":0}]",アジアのゲームチャンプにして優秀なハッカー。プライドが高く、他人を見下すような態度をとるなど、性格には多少難あり。主人公とは友人同士のようだが…？,2508,0,2508,0,,https://t.vndb.org/ch/84/3584.jpg,https://t.vndb.org/ch/84/3584.jpg,https://lain.bgm.tv/r/400/pic/crt/l/4c/c3/183123_crt_bjGfI.jpg,#8f4921 #4b2521 #6a5f96 #bf9d85 #ecdec6 #fefefe,Blue Wavy Curtained Short Teen Slim Pale School Uniform Trousers Dress Shoes,,https://bgm.tv/character/183123,https://vndb.org/c3531,183123
al135019,anilist,5,5,,,ウァラク・クララ,Clara Valac,Clarin,女,,,动画|漫画,动画,魔入りました！入間くん,入间同学入魔了,2019,动画,"[{""t"":""魔入りました！入間くん"",""cn"":""入间同学入魔了"",""ty"":""动画"",""y"":2019,""pop"":168432},{""t"":""魔入りました！入間くん 第2シリーズ"",""cn"":""入间同学入魔了 第二季"",""ty"":""动画"",""y"":2021,""pop"":106270},{""t"":""魔入りました！入間くん 第3シリーズ"",""cn"":""入间同学入魔了 第三季"",""ty"":""动画"",""y"":2022,""pop"":73866},{""t"":""魔入りました！入間くん 第4シリーズ"",""cn"":""入间同学入魔了 第四季"",""ty"":""动画"",""y"":2026,""pop"":41289},{""t"":""魔入りました！入間くん"",""cn"":""入间同学入魔了"",""ty"":""漫画"",""y"":2017,""pop"":37598},{""t"":""魔入りました！入間くん if Episode of 魔フィア"",""cn"":"""",""ty"":""动画"",""y"":2027,""pop"":4029}]","153 cm ~!As of now in the Manga, Clara has achieved rank [4] *Daleth*.!~ ~!a green-looking creature that is very eccentric, much like its owner.!~ ~!Dimensional Clara can flawlessly duplicate or conjure any thing or object she has previousl…",2237,2237,0,0,,https://s4.anilist.co/file/anilistcdn/character/large/b135019-5HdzxMIHvgPB.jpg,https://s4.anilist.co/file/anilistcdn/character/medium/b135019-5HdzxMIHvgPB.jpg,,,,https://anilist.co/character/135019,,,
vndb-c5409,vndb,5,5,,,田中 花子,Tanaka Hanako,Ayame / Bloody Rose / Entangled Honeysuckle / Funeral flower of Kanto,女,A,,Galgame,Galgame,辻堂さんの純愛ロード,,2012,Galgame,"[{""t"":""辻堂さんの純愛ロード"",""cn"":"""",""ty"":""Galgame"",""y"":2012,""pop"":2008},{""t"":""辻堂さんのバージンロード"",""cn"":"""",""ty"":""Galgame"",""y"":2013,""pop"":352},{""t"":""みなとカーニバルＦＤ"",""cn"":"""",""ty"":""Galgame"",""y"":2017,""pop"":80}]",Renna's childhood friend. She's the cutest member of the Enoshima gang and likes to be petted even though she doesn't like to admit it.,2008,0,2008,0,,https://t.vndb.org/ch/94/85794.jpg,https://t.vndb.org/ch/94/85794.jpg,,#83a0c5 #384e72 #cdb8b0 #dddfe2 #f5f4f5 #ffffff,Blue Curtained Shoulder-length Mullet Slim Pale School Uniform Dress Shoes Fighting Amber,,,https://vndb.org/c5409,
al21,anilist,5,5,,铦之塚崇,銛之塚崇,Takashi Morinozuka,Mori,男,O,18,动画|漫画|Galgame,动画,桜蘭高校ホスト部,樱兰高校男公关部,2006,动画,"[{""t"":""桜蘭高校ホスト部"",""cn"":""樱兰高校男公关部"",""ty"":""动画"",""y"":2006,""pop"":257804},{""t"":""桜蘭高校ホスト部"",""cn"":""樱兰高校男公关部"",""ty"":""漫画"",""y"":2002,""pop"":29844},{""t"":""桜蘭高校ホスト部"",""cn"":""樱兰高校男公关部"",""ty"":""漫画"",""y"":2011,""pop"":1438},{""t"":""桜蘭高校ホスト部"",""cn"":""樱兰高校男公关部"",""ty"":""漫画"",""y"":2010,""pop"":1118},{""t"":""桜蘭高校ホスト部"",""cn"":""樱兰高校男公关部"",""ty"":""Galgame"",""y"":2007,""pop"":0},{""t"":""桜蘭高校ホスト部DS"",""cn"":""樱兰高校男公关部"",""ty"":""Galgame"",""y"":2009,""pop"":0}]","192 cm (6'4"") Third Year, Class A Takashi Morinozuka is a tall, stoic, but kind upperclassman who is Honey-senpai’s constant companion.",1923,1923,0,26,,https://s4.anilist.co/file/anilistcdn/character/large/b21-anlrcOlyRHgO.png,https://s4.anilist.co/file/anilistcdn/character/medium/b21-anlrcOlyRHgO.png,,,,https://anilist.co/character/21,https://bgm.tv/character/2504,,2504
al1902,anilist,5,5,,,デイダラ,Deidara,,男,AB,19,动画|漫画,动画,NARUTO -ナルト-,火影忍者,2002,动画,"[{""t"":""NARUTO -ナルト-"",""cn"":""火影忍者"",""ty"":""动画"",""y"":2002,""pop"":725301},{""t"":""NARUTO -ナルト- 疾風伝"",""cn"":""火影忍者疾风传"",""ty"":""动画"",""y"":2007,""pop"":610025},{""t"":""NARUTO -ナルト-"",""cn"":""火影忍者"",""ty"":""漫画"",""y"":1999,""pop"":99205},{""t"":""ROAD TO NINJA -NARUTO THE MOVIE-"",""cn"":""火影忍者 剧场版 忍者之路"",""ty"":""动画"",""y"":2012,""pop"":73423},{""t"":""ROAD OF NARUTO"",""cn"":"""",""ty"":""动画"",""y"":2022,""pop"":20865},{""t"":""NARUTOナルトSD ロック・リーの青春フルパワー忍伝"",""cn"":"""",""ty"":""动画"",""y"":2012,""pop"":19983}]","**Chakra ** Doton **** 166 cm **** Akatsuki member Deidara is a missing-nin from Iwagakure. Before joining the Akatsuki, Deidara was a terrorist bomber for hire.",1896,1896,0,0,,https://s4.anilist.co/file/anilistcdn/character/large/b1902-JsEFRFwjmtZJ.png,https://s4.anilist.co/file/anilistcdn/character/medium/b1902-JsEFRFwjmtZJ.png,,,,https://anilist.co/character/1902,,,
bgm-bgm17256,vndb,5,5,,八汐海翔,八汐 海翔,Yashio Kaito,Kai / UMISHO,男,B,,动画|漫画|Galgame,Galgame,ROBOTICS;NOTES,机器人笔记,2012,Galgame,"[{""t"":""ROBOTICS;NOTES"",""cn"":""机器人笔记"",""ty"":""Galgame"",""y"":2012,""pop"":1864},{""t"":""ROBOTICS;NOTES DaSH"",""cn"":"""",""ty"":""Galgame"",""y"":2019,""pop"":773},{""t"":""ROBOTICS;NOTES"",""cn"":""机器人笔记"",""ty"":""Galgame"",""y"":2012,""pop"":0},{""t"":""ROBOTICS;NOTES DaSH"",""cn"":""机器人笔记 DaSH"",""ty"":""Galgame"",""y"":2019,""pop"":0},{""t"":""ROBOTICS;NOTES"",""cn"":""机器人笔记"",""ty"":""动画"",""y"":2012,""pop"":0},{""t"":""ROBOTICS;NOTES 瀬乃宮みさ希の未発表手記"",""cn"":""机器人笔记 赖乃宫美沙希的未发表手记"",""ty"":""漫画"",""y"":2012,""pop"":0}]",本作の主人公。中央種子島高校３年生でロボ部所属。ロボット格闘ゲーム「キルバラ」ばかりプレイしている重度の格ゲーオタ。 ロボ部所属で「キルバラ」好きだがロボットには興味なし。頼みごとをされると「キルバラ」で勝負をふっかける子どもっぽい面も。 9年前の事件の後遺症で「スローモー」という発作に苦しむ。,1864,0,1864,25,,https://t.vndb.org/ch/28/44128.jpg,https://t.vndb.org/ch/28/44128.jpg,,#532529 #aa9e99 #d1cbc1 #e1e9e9 #f4f8f8 #ffffff,Red Short Teen Slim School Uniform Proactive Red Olive T-shirt Sports Shoes,,https://bgm.tv/character/17256,https://vndb.org/c36544,17256
al2738,anilist,5,5,1967,,大江錦太郎,Kintarou Ooe,Kintarou Oe / Kintaro Oe / Kin / Golden Boy,男,A,25,动画|漫画,动画,GOLDEN BOY さすらいのお勉強野郎,,1995,动画,"[{""t"":""GOLDEN BOY さすらいのお勉強野郎"",""cn"":"""",""ty"":""动画"",""y"":1995,""pop"":113626},{""t"":""ゴールデンボーイ 〜さすらいのお勉強野郎〜"",""cn"":"""",""ty"":""漫画"",""y"":1992,""pop"":6698},{""t"":""ゴールデンボーイ II 〜さすらいのお勉強野郎 芸能界大暴れ編〜"",""cn"":"""",""ty"":""漫画"",""y"":2010,""pop"":1329}]","Kintaro ""The Golden Boy"" Oe is the 25-year-old protagonist of the anime, manga, and OVA series ""Golden Boy."" As a ""Tokyo University Department of Law"" dropout, he is studying the way of life by traveling with his bike through Japan.",1862,1862,0,0,,https://s4.anilist.co/file/anilistcdn/character/large/b2738-xKZ8i1kLvWRL.png,https://s4.anilist.co/file/anilistcdn/character/medium/b2738-xKZ8i1kLvWRL.png,,,,https://anilist.co/character/2738,,,
bgm-bgm39403,vndb,5,5,,,えみ,Emi,,女,,,Galgame,Galgame,まいてつ,,2016,Galgame,"[{""t"":""まいてつ"",""cn"":"""",""ty"":""Galgame"",""y"":2016,""pop"":1818},{""t"":""ものべの -happy end-"",""cn"":"""",""ty"":""Galgame"",""y"":2013,""pop"":401},{""t"":""ものべの -happy end-"",""cn"":""茂伸奇谈-Happy End-"",""ty"":""Galgame"",""y"":2013,""pop"":0}]",透とすみの娘。 山育ちであるというだけでは説明がつかないほど体力的には優れており、大土地から不至を独力で歩き切ることが可能なほど。 ただし、ペース配分などはまったく出来ないので、体力が尽きた瞬間にぱったり眠り込んでしまう。 性格面もその体力に負けぬほどに活発で怖いもの知らず。 好奇心旺盛で、見知らぬ穴があれば平気で飛び込んでしまう。 また、すみ譲りの “幸いを呼ぶ力” を自分を対象として発揮しているらしく、高い木の上から落っこちても枝がクッションになり無傷で着地できたりする。,1818,0,1818,11,,https://t.vndb.org/ch/05/23805.jpg,https://t.vndb.org/ch/05/23805.jpg,,#cc7555 #754034 #ccbaa7 #f2e9db #ffffff,Brown Red Hime Cut Short Slim Pale Red Kid Kimono Necklace,,https://bgm.tv/character/39403,https://vndb.org/c19059,39403
al130944,anilist,5,5,,,由​​​​​​​​​​​​​​崎​​​​​​​星​​​​​​​​​​​​空,Nasa Yuzaki,Dear / Fufu,男,A,18,动画|漫画,动画,トニカクカワイイ,总之就是非常可爱,2020,动画,"[{""t"":""トニカクカワイイ"",""cn"":""总之就是非常可爱"",""ty"":""动画"",""y"":2020,""pop"":246470},{""t"":""トニカクカワイイ（シーズン2）"",""cn"":"""",""ty"":""动画"",""y"":2023,""pop"":92840},{""t"":""トニカクカワイイ ～SNS～"",""cn"":""总之就是非常可爱 ～SNS～"",""ty"":""动画"",""y"":2021,""pop"":64015},{""t"":""トニカクカワイイ ～制服～"",""cn"":""总之就是非常可爱 ～制服～"",""ty"":""动画"",""y"":2022,""pop"":42089},{""t"":""トニカクカワイイ"",""cn"":""总之就是非常可爱"",""ty"":""漫画"",""y"":2018,""pop"":41494},{""t"":""トニカクカワイイ 女子高編"",""cn"":""总之就是非常可爱 女子高中篇"",""ty"":""动画"",""y"":2023,""pop"":31101}]","169.5 cm Math, Physics, Finances Kindhearted, charismatic, and intelligent, albeit only in certain areas. Nasa Yuzaki decided he had no need for a high school education, and, well, he was mostly right.",1641,1641,0,0,,https://s4.anilist.co/file/anilistcdn/character/large/b130944-Bi9EfjnNO3LT.png,https://s4.anilist.co/file/anilistcdn/character/medium/b130944-Bi9EfjnNO3LT.png,,,,https://anilist.co/character/130944,,,
vndb-c35187,vndb,5,5,,,森園 立夏,Morizono Rikka,Kokou no Katorea / Ricca / The Lone Cattleya / 孤高のカトレア,女,O,,Galgame,Galgame,D.C.III ～ダ・カーポIII～,,2012,Galgame,"[{""t"":""D.C.III ～ダ・カーポIII～"",""cn"":"""",""ty"":""Galgame"",""y"":2012,""pop"":1134},{""t"":""D.C.III P.P. ～ダ・カーポIII プラチナパートナー～"",""cn"":"""",""ty"":""Galgame"",""y"":2014,""pop"":106},{""t"":""D.C.II Dearest Marriage ～ダ・カーポII～ ディアレストマリッジ"",""cn"":"""",""ty"":""Galgame"",""y"":2015,""pop"":86},{""t"":""D.C.III With You ～ダ・カーポIII～ ウィズユー"",""cn"":"""",""ty"":""Galgame"",""y"":2016,""pop"":78},{""t"":""D.C.Ⅲ DreamDays～ダ・カーポⅢ～ドリームデイズ"",""cn"":"""",""ty"":""Galgame"",""y"":2017,""pop"":58}]","Gardening Favorite Japanese Confectionery Hated Spicy food Kazami affiliated junior high class 3-2, the newspaper club. A beautiful person in both personality and appearance, she has been called the school idol.",1134,0,1134,0,,https://t.vndb.org/ch/51/58451.jpg,https://t.vndb.org/ch/51/58451.jpg,,#f2c38a #4e5b72 #b4c2d3 #f1ebce #f1f2f4 #ffffff,Blond Twin Tails Long Teen Slim Pale School Uniform Proactive Magician Cooking,,,https://vndb.org/c5310,
vndb-c12822,vndb,5,5,,,リッカ・グリーンウッド,Ricca Greenwood,Kokou no Katorea / The Lone Cattleya / 孤高のカトレア,女,O,,Galgame,Galgame,D.C.III ～ダ・カーポIII～,,2012,Galgame,"[{""t"":""D.C.III ～ダ・カーポIII～"",""cn"":"""",""ty"":""Galgame"",""y"":2012,""pop"":1134},{""t"":""D.C.III With You ～ダ・カーポIII～ ウィズユー"",""cn"":"""",""ty"":""Galgame"",""y"":2016,""pop"":78}]","Researching and studying, her home garden. Favorite Sweet stuff. Hated Spicy food. Student council vice-president, Regular Class 1-A. A character from the London chapter.",1134,0,1134,0,,https://t.vndb.org/ch/58/59058.jpg,https://t.vndb.org/ch/58/59058.jpg,,#eeb782 #fbefbe #574555 #babfca #eaecee #ffffff,Blond Twin Tails Long Teen Slim Pale School Uniform Proactive Hard Worker Magician,,,https://vndb.org/c12822,
bgm-bgm77004,vndb,5,5,,水上,水上,Minakami,,男,O,,Galgame,Galgame,古書店街の橋姫,,2016,Galgame,"[{""t"":""古書店街の橋姫"",""cn"":"""",""ty"":""Galgame"",""y"":2016,""pop"":1130},{""t"":""古書店街の橋姫"",""cn"":""旧书店街的桥姬"",""ty"":""Galgame"",""y"":2016,""pop"":0},{""t"":""古書店街の橋姫 々"",""cn"":""旧书店街的桥姬"",""ty"":""Galgame"",""y"":2018,""pop"":0}]",会津出身。酒造家の長男。 現在は小石川二丁目にある篤志家に世話になりながら、 帝国大学文学部に通っている。糸目。21才。 穏やかな性格で争いを好まない常識人。一方で学帽や 財布を無くしたりと、所々抜けている面もある。 小説を読み始めたら目が離せなくなり、寝食も忘れて しまうほどの病的な愛書家で、常に小説を持ち歩いている。 玉森が住み込む梅鉢堂の古書は全て読破。 玉森の書くくだらない小説を生き甲斐にしているらしいが、 玉森に映画の約束を持ちかけておきながら自殺してしまう。,1130,0,1130,14,,https://t.vndb.org/ch/24/36524.jpg,https://t.vndb.org/ch/24/36524.jpg,,#e02a89 #211d3e #a43178 #5b2d58 #8d7e89 #e4d4ca,Black Short Straight Slim Pale Fighting Black Blue Young-adult Secretive,,https://bgm.tv/character/77004,https://vndb.org/c29351,77004
al89294,anilist,5,5,,,阿形勝平,Katsuhira Agata,,男,,,动画|漫画|轻小说,动画,キズナイーバー,,2016,动画,"[{""t"":""キズナイーバー"",""cn"":"""",""ty"":""动画"",""y"":2016,""pop"":202677},{""t"":""キズナイーバー"",""cn"":"""",""ty"":""漫画"",""y"":2016,""pop"":1761},{""t"":""小説　キズナイーバー　－あの日のキズ、これからのキズナ－"",""cn"":"""",""ty"":""轻小说"",""y"":2016,""pop"":293}]","The story's protagonist. His sense of pain and his own feelings are dulled. His moods barely fluctuate, and he pays little attention to other people.",1123,1123,0,0,,https://s4.anilist.co/file/anilistcdn/character/large/b89294-nY2S6PBQJ1rS.png,https://s4.anilist.co/file/anilistcdn/character/medium/b89294-nY2S6PBQJ1rS.png,,,,https://anilist.co/character/89294,,,
bgm-bgm109508,vndb,5,5,,雷欧·狮子神,レオ 獅子神,Leo Shishigami,Old Man / 獅子神 航太郎 / Shishigami Koutarou,男,O,,Galgame,Galgame,ローズガンズデイズ,,2012,Galgame,"[{""t"":""ローズガンズデイズ"",""cn"":"""",""ty"":""Galgame"",""y"":2012,""pop"":1103},{""t"":""ROSE GUNS DAYS The Best"",""cn"":""玫瑰与枪的日子"",""ty"":""Galgame"",""y"":2016,""pop"":0}]",彼こそが伝説の男、レオ・獅子神。 喧嘩も銃も、そして軽口も、彼の右に出る者はいなかったわ。 あと、女ったらしでも有名だったわね。女と見れば、誰彼構わず口説く男だった。 私も口説かれた覚えがあるし。……くすくす。危険な臭いのする、魅力的な男だったわ。戦争は４４年に終わったのにね。引き上げ船が機雷で沈没して、漂着先で誤解を受けて収容所に放り込まれたそうで、日本に帰ってきたのは３年後の４７年だったの。 変わり果てた故国にさぞや面食らったことでしょうね。,1103,0,1103,3,,https://t.vndb.org/ch/45/6445.jpg,https://t.vndb.org/ch/45/6445.jpg,,#a3b348 #77593b #b1b790 #edddbf #ebece8 #ffffff,Shoulder-length Slim Pale Trousers Dress Shoes Proactive Fighting Assault Hotblooded Blue,,https://bgm.tv/character/109508,https://vndb.org/c4309,109508
al1821,anilist,5,5,,,千堂武士,Takeshi Sendo,Rocky / Naniwa Tiger,男,,,动画|漫画,动画,はじめの一歩 THE FIGHTING!,,2000,动画,"[{""t"":""はじめの一歩 THE FIGHTING!"",""cn"":"""",""ty"":""动画"",""y"":2000,""pop"":144509},{""t"":""はじめの一歩 New Challenger"",""cn"":""第一神拳 New Challenger"",""ty"":""动画"",""y"":2009,""pop"":61444},{""t"":""はじめの一歩 Rising"",""cn"":""第一神拳 Rising"",""ty"":""动画"",""y"":2013,""pop"":60072},{""t"":""はじめの一歩"",""cn"":""第一神拳"",""ty"":""漫画"",""y"":1989,""pop"":35518},{""t"":""はじめの一歩 -Champion Road-"",""cn"":""第一神拳 冠军之路"",""ty"":""动画"",""y"":2003,""pop"":34147}]","Sendo is an In Fighter with arm strength on par with [Ippo Makunouchi](//anilist.co/character/15/Makunouchi-Ippo). To date, he is the only boxer to face Ippo more than once in the pro ring and is his chief rival.",1053,1053,0,0,,https://s4.anilist.co/file/anilistcdn/character/large/1821.jpg,https://s4.anilist.co/file/anilistcdn/character/medium/1821.jpg,,,,https://anilist.co/character/1821,,,
al1858,anilist,5,5,,,雲雀恭弥,Kyouya Hibari,Kyo-san / Strongest Vongola Guardian,男,,16 - 26,动画|漫画,动画,家庭教師ヒットマンREBORN!,,2006,动画,"[{""t"":""家庭教師ヒットマンREBORN!"",""cn"":"""",""ty"":""动画"",""y"":2006,""pop"":96810},{""t"":""家庭教師ヒットマンREBORN!"",""cn"":"""",""ty"":""漫画"",""y"":2004,""pop"":27848},{""t"":""家庭教師ヒットマンREBORN! ボンゴレファミリー総登場! ボンゴレ式修学旅行、来る!!"",""cn"":"""",""ty"":""动画"",""y"":2010,""pop"":4486}]","Japanese 169 cm Namimori Junior High 3rd year Disciplinary Committee, The Foundation (10 years later) Ring of Cloud Roll (Version Vongola Box) Hibari is the leader of the Discipline Committee, or Prefects, who all happen to be a group of de…",973,973,0,0,,https://s4.anilist.co/file/anilistcdn/character/large/b1858-eqEEzEUEzAkH.jpg,https://s4.anilist.co/file/anilistcdn/character/medium/b1858-eqEEzEUEzAkH.jpg,,,,https://anilist.co/character/1858,,,
vndb-c25741,vndb,5,5,,,カルル゠クローバー,Carl Clover,Little Guy / Shorty / Violet Puppeteer,男,AB,,Galgame,Galgame,BLAZBLUE CALAMITY TRIGGER,,2008,Galgame,"[{""t"":""BLAZBLUE CALAMITY TRIGGER"",""cn"":"""",""ty"":""Galgame"",""y"":2008,""pop"":969},{""t"":""BLAZBLUE CONTINUUM SHIFT"",""cn"":"""",""ty"":""Galgame"",""y"":2009,""pop"":730},{""t"":""BLAZBLUE CHRONOPHANTASMA"",""cn"":"""",""ty"":""Galgame"",""y"":2013,""pop"":423},{""t"":""BLAZBLUE CENTRALFICTION"",""cn"":"""",""ty"":""Galgame"",""y"":2016,""pop"":356}]","Violin, chess Sister Sister Lies Carl is a young vigilante who dropped out of the Military Academy, and a playable character ever since the first game.",969,0,969,0,,https://t.vndb.org/ch/55/61555.jpg,https://t.vndb.org/ch/55/61555.jpg,,#685c75 #302b35 #a09293 #cecabb #eae8dc #ffffff,Blond Ahoge Short Slim Pale School Uniform Fighting Blue Kid Glasses,,,https://vndb.org/c25741,
al128986,anilist,5,5,,,一里ぼっち,Bocchi Hitori,,女,,12-13,动画|漫画,动画,ひとりぼっちの○○生活,,2019,动画,"[{""t"":""ひとりぼっちの○○生活"",""cn"":"""",""ty"":""动画"",""y"":2019,""pop"":74008},{""t"":""ひとりぼっちの○○生活"",""cn"":"""",""ty"":""漫画"",""y"":2013,""pop"":11009},{""t"":""ひとりぼっちの○○生活"",""cn"":"""",""ty"":""漫画"",""y"":2015,""pop"":634}]","145 cm (4'9"") Hitori Bocchi (meaning ""all alone""), is shy and has extreme social anxiety. A kind person and clumsy at times. She cries frequently, her legs cramp when she gets nervous, and she faints from happiness and excitement.",968,968,0,0,,https://s4.anilist.co/file/anilistcdn/character/large/b128986-m4PdtQOk5loj.jpg,https://s4.anilist.co/file/anilistcdn/character/medium/b128986-m4PdtQOk5loj.jpg,,,,https://anilist.co/character/128986,,,
bgm-bgm14520,vndb,5,5,,北河阿卡莉,北河 アカリ,Kitagawa Akari,,女,A,,Galgame,Galgame,創刻のアテリアル,,2012,Galgame,"[{""t"":""創刻のアテリアル"",""cn"":"""",""ty"":""Galgame"",""y"":2012,""pop"":889},{""t"":""創刻のアテリアル"",""cn"":""创刻的动脉"",""ty"":""Galgame"",""y"":2012,""pop"":0}]",【キャラクタースキル】元気娘、凍結 【奥義スキル】フリージング 豪放磊落な性格の同級生。 男勝りな性格が災いして異性から女の子扱いされないのが不満のタネ。 自ら新体操部を立ち上げ、部員獲得に励むものの難航している。 担任着『新体操部』的部长、同一个班级的朋友。 拥有着豪爽磊落的女汉子性格、不管男性女性的朋友都很多。对于把她当做女孩子对待的朋友、其内心并不感到平稳。,889,0,889,8,,https://t.vndb.org/ch/18/102718.jpg,https://t.vndb.org/ch/18/102718.jpg,,#a76162 #e1b18b #372c26 #ebd9ce #f8f2eb #ffffff,Brown Ahoge Long School Uniform Fighting Missionary Doggy Style Cowgirl Standing Sex Blowjob,,https://bgm.tv/character/14520,https://vndb.org/c5463,14520
al90142,anilist,5,5,,,田中冴子,Saeko Tanaka,,女,,,动画|漫画,动画,ハイキュー!! セカンドシーズン,排球少年 第二季,2015,动画,"[{""t"":""ハイキュー!! セカンドシーズン"",""cn"":""排球少年 第二季"",""ty"":""动画"",""y"":2015,""pop"":398770},{""t"":""ハイキュー!! 烏野高校 VS 白鳥沢学園高校"",""cn"":""排球少年 乌野高校 VS 白鸟泽学园高校"",""ty"":""动画"",""y"":2016,""pop"":362356},{""t"":""ハイキュー!! TO THE TOP"",""cn"":""排球少年 TO THE TOP"",""ty"":""动画"",""y"":2020,""pop"":293887},{""t"":""ハイキュー!! TO THE TOP 2"",""cn"":"""",""ty"":""动画"",""y"":2020,""pop"":255078},{""t"":""ハイキュー！！"",""cn"":""排球少年!!"",""ty"":""漫画"",""y"":2012,""pop"":101913},{""t"":""ハイキュー!! ゴミ捨て場の決戦"",""cn"":"""",""ty"":""动画"",""y"":2024,""pop"":97944}]",Saeko Tanaka is a former student of Karasuno High and the older sister of Ryuunosuke Tanaka. She was also a classmate of the Small Giant during her high school years.,777,777,0,0,,https://s4.anilist.co/file/anilistcdn/character/large/90142-VAiRfafRcLYN.jpg,https://s4.anilist.co/file/anilistcdn/character/medium/90142-VAiRfafRcLYN.jpg,,,,https://anilist.co/character/90142,,,
vndb-c141167,vndb,5,5,,,御木本 久遠,Mikimoto Kuon,Mickey,男,O,,Galgame,Galgame,アマガミ,,2009,Galgame,"[{""t"":""アマガミ"",""cn"":"""",""ty"":""Galgame"",""y"":2009,""pop"":775},{""t"":""アマガミ ちょっとおまけ劇場"",""cn"":"""",""ty"":""Galgame"",""y"":2010,""pop"":38},{""t"":""アマガミGS"",""cn"":"""",""ty"":""Galgame"",""y"":2012,""pop"":26}]",,775,0,775,0,,https://t.vndb.org/ch/02/165902.jpg,https://t.vndb.org/ch/02/165902.jpg,,#ba7976 #efcba4 #434242 #ffffff,Black Shoulder-length Brown Teen Slim Pale Trousers Jacket Shirt Ore,,,https://vndb.org/c141167,
vndb-c80191,vndb,5,5,,,,Derek Bailey,"D-Boy, Sir Earl Grey.",男,,,Galgame,Galgame,Being a DIK,,2020,Galgame,,"Maya's twin brother. Another freshman at B&R, who becomes the Protagonist's best friend.",690,0,690,0,,https://t.vndb.org/ch/58/165658.jpg,https://t.vndb.org/ch/58/165658.jpg,,#946353 #0c1214 #cfa89c #231e1c #3a3534,Short Half-naked Idiot Outgoing Drinking Twin Brother Amputation University Student Clumsy Funny,,,https://vndb.org/c80191,
vndb-c80186,vndb,5,5,,,,Maya Victoria Bailey,,女,,,Galgame,Galgame,Being a DIK,,2020,Galgame,,"A freshwoman student at B&R. Is a kind-hearted, cute and nice. She's a new pledge to the HOT sorority. Twin sister to Derek.",690,0,690,0,,https://t.vndb.org/ch/64/165664.jpg,https://t.vndb.org/ch/64/165664.jpg,,#b29383 #756056 #070d10 #dfc4b5 #141e23 #34383a,Blond Curtained Shoulder-length Straight Teen Slim Pale Doggy Style Blue Friendly,,,https://vndb.org/c80186,
vndb-c8446,vndb,5,5,,,坂上 加奈,Sakagami Kana,Kintarou / 金太郎,女,A,,Galgame,Galgame,鬼ごっこ！,,2011,Galgame,"[{""t"":""鬼ごっこ！"",""cn"":"""",""ty"":""Galgame"",""y"":2011,""pop"":671},{""t"":""鬼ごっこ！ ファンディスク"",""cn"":"""",""ty"":""Galgame"",""y"":2011,""pop"":243}]",,671,0,671,0,,https://t.vndb.org/ch/67/9667.jpg,https://t.vndb.org/ch/67/9667.jpg,,#69668e #ae9ea6 #dbcbd0 #f6ebe0 #f5f3f7 #ffffff,Brown Bob Cut Short Straight Slim Pale School Uniform Missionary Cowgirl Blowjob,,,https://vndb.org/c8446,
bgm-bgm44829,vndb,5,5,,甘梨伊空,甘梨 イソラ,Amari Isora,,男,B,,Galgame,Galgame,7'scarlet,,2016,Galgame,"[{""t"":""7'scarlet"",""cn"":"""",""ty"":""Galgame"",""y"":2016,""pop"":653},{""t"":""7'scarlet"",""cn"":""七罪绯红"",""ty"":""Galgame"",""y"":2016,""pop"":0}]",パティシエを目指す、料理が大好きな少年。 明るく人懐っこい性格で、甘え上手。 料理は修行中だが、ジャンルにこだわらず全般的に得意。 風厘館に併設されているカフェで、臨時のシェフとしてアルバイトをしている。 以西点师为目标的少年，非常喜欢下厨。 性格开朗、惹人喜爱，并且擅长撒娇。 厨艺尚在修行之中，然而他不分领域全部擅长。 目前在风厘馆附设的咖啡屋中以临时主厨的身份打工。,653,0,653,2,,https://t.vndb.org/ch/89/60889.jpg,https://t.vndb.org/ch/89/60889.jpg,,,Brown Short Teen Slim Pale Trousers Hard Worker Blue Apron Yandere,,https://bgm.tv/character/44829,https://vndb.org/c50718,44829
bgm-bgm12078,vndb,5,5,,望月纪奈子,望月 紀奈子,Mochizuki Kinako,浪人,女,165C,,Galgame,Galgame,俺たちに翼はない,,2009,Galgame,"[{""t"":""俺たちに翼はない"",""cn"":"""",""ty"":""Galgame"",""y"":2009,""pop"":632},{""t"":""俺たちに翼はない ～Prelude～"",""cn"":"""",""ty"":""Galgame"",""y"":2008,""pop"":220},{""t"":""俺たちに翼はない AfterStory"",""cn"":"""",""ty"":""Galgame"",""y"":2010,""pop"":200},{""t"":""俺たちに翼はない"",""cn"":""我们没有翅膀"",""ty"":""Galgame"",""y"":2009,""pop"":0},{""t"":""俺たちに翼はない AfterStory"",""cn"":""我们没有翅膀 AfterStory"",""ty"":""Galgame"",""y"":2010,""pop"":0},{""t"":""俺たちに翼はない R"",""cn"":""我们没有翅膀 R"",""ty"":""Galgame"",""y"":2011,""pop"":0}]",メインテーマ「いちごの国からこんにちは」 宿木ゼミナール柳木原校私立文系Aクラスに在籍。志望大学のレベルが高いため、現在二浪中。 受験代を稼ぐために2年前から「アレキサンダー」でウェイトレスをしており、受験を控えた12月にはアルバイトをやめて春には復帰を繰り返している。壮行会は今年で3度目。 なごみ系の顔に、グラマーな体型。穏やかな性格で、衝突を繰り返す英里子と日和子の仲介役となることが多い。,632,0,632,32,,https://t.vndb.org/ch/11/149511.jpg,https://t.vndb.org/ch/11/149511.jpg,,#413b40 #f6f0e3 #767d7a #b0aeaa #d6d6d1 #ffffff,Brown Long Brown Waitstaff Kind Maid's Headdress,,https://bgm.tv/character/12078,https://vndb.org/c8539,12078
al12898,anilist,5,5,,,パウル・フォン・オーベルシュタイン,Paul von Oberstein,,男,,,动画|漫画,动画,銀河英雄伝説,,1988,动画,"[{""t"":""銀河英雄伝説"",""cn"":"""",""ty"":""动画"",""y"":1988,""pop"":85168},{""t"":""銀河英雄伝説 -Die Neue These- 邂逅"",""cn"":"""",""ty"":""动画"",""y"":2018,""pop"":27022},{""t"":""銀河英雄伝説: わが征くは星の大海"",""cn"":"""",""ty"":""动画"",""y"":1988,""pop"":15794},{""t"":""銀河英雄伝説 Die Neue These 星乱"",""cn"":"""",""ty"":""动画"",""y"":2019,""pop"":11429},{""t"":""銀河英雄伝説 Die Neue These 激突"",""cn"":"""",""ty"":""动画"",""y"":2022,""pop"":8280},{""t"":""銀河英雄伝説"",""cn"":"""",""ty"":""漫画"",""y"":1986,""pop"":1042}]",Paul von Oberstein is a captain serving as chief of staff in fortress Iserlohn of the Galactic Empire. He was born blind and has to wear artificial eyes to see.,631,631,0,0,,https://s4.anilist.co/file/anilistcdn/character/large/b12898-x9pnZic0uZjZ.png,https://s4.anilist.co/file/anilistcdn/character/medium/b12898-x9pnZic0uZjZ.png,,,,https://anilist.co/character/12898,,,
al122753,anilist,5,5,,,カナタ・ホシジマ,Kanata Hoshijima,,男,AB,17,动画|漫画,动画,彼方のアストラ,,2019,动画,"[{""t"":""彼方のアストラ"",""cn"":"""",""ty"":""动画"",""y"":2019,""pop"":104374},{""t"":""彼方のアストラ"",""cn"":"""",""ty"":""漫画"",""y"":2016,""pop"":10351}]","181 cm (5'11"") Mousanish District Kanata is naturally athletic and a steadfast person that wants to become a space explorer.",555,555,0,0,,https://s4.anilist.co/file/anilistcdn/character/large/b122753-Gju6BaiPS5o8.png,https://s4.anilist.co/file/anilistcdn/character/medium/b122753-Gju6BaiPS5o8.png,,,,https://anilist.co/character/122753,,,
al2951,anilist,5,5,,,野原しんのすけ,Shinnosuke Nohara,Shin-chan / Zenigata Shinnosuke,男,,5,动画,动画,クレヨンしんちゃん,,1992,动画,"[{""t"":""クレヨンしんちゃん"",""cn"":"""",""ty"":""动画"",""y"":1992,""pop"":19915},{""t"":""わんだふるぷりきゅあ！"",""cn"":"""",""ty"":""动画"",""y"":2024,""pop"":5744},{""t"":""映画　クレヨンしんちゃん　嵐を呼ぶモーレツ！オトナ帝国の逆襲"",""cn"":"""",""ty"":""动画"",""y"":2001,""pop"":4735},{""t"":""クレヨンしんちゃん ブリブリ王国の秘宝"",""cn"":"""",""ty"":""动画"",""y"":1994,""pop"":3878},{""t"":""映画 クレヨンしんちゃん　アクション仮面ＶＳハイグレ魔王"",""cn"":"""",""ty"":""动画"",""y"":1993,""pop"":3747},{""t"":""映画 クレヨンしんちゃん　嵐を呼ぶジャングル"",""cn"":"""",""ty"":""动画"",""y"":2000,""pop"":3733}]","He is a kindergarten-aged boy whose antics are the basis for the series. His affectionate name is Shin-chan. He is 5 years old and loves Chocobis and an animated superhero named ""Action Kamen"".",548,548,0,0,,https://s4.anilist.co/file/anilistcdn/character/large/b2951-Bs571jmT5Xym.png,https://s4.anilist.co/file/anilistcdn/character/medium/b2951-Bs571jmT5Xym.png,,,,https://anilist.co/character/2951,,,
al89788,anilist,5,5,,,太田,Oota,Ohta,男,O,16-17,动画|漫画,动画,田中くんはいつもけだるげ,,2016,动画,"[{""t"":""田中くんはいつもけだるげ"",""cn"":"""",""ty"":""动画"",""y"":2016,""pop"":126206},{""t"":""田中くんは今日もけだるげ"",""cn"":"""",""ty"":""动画"",""y"":2016,""pop"":13141},{""t"":""田中くんはいつもけだるげ 特典"",""cn"":"""",""ty"":""动画"",""y"":2016,""pop"":12026},{""t"":""田中くんはいつもけだるげ"",""cn"":"""",""ty"":""漫画"",""y"":2013,""pop"":11496}]","184 cm (6'0"") A tall and stoic student, who is very reliable and is often looking after [Tanaka](//anilist.co/character/89787/Tanaka). Tanaka states that because of Oota's caring nature, he sees Oota as the perfect candidate for marriage.",544,544,0,0,,https://s4.anilist.co/file/anilistcdn/character/large/n89788-drRBPXyYS9eq.png,https://s4.anilist.co/file/anilistcdn/character/medium/n89788-drRBPXyYS9eq.png,,,,https://anilist.co/character/89788,,,
al2528,anilist,5,5,,由乃,ゆの,Yuno,Yunocchi / ゆのっち,女,,,动画|漫画,动画,ひだまりスケッチ,,2007,动画,"[{""t"":""ひだまりスケッチ"",""cn"":"""",""ty"":""动画"",""y"":2007,""pop"":29234},{""t"":""懺・さよなら絶望先生"",""cn"":"""",""ty"":""动画"",""y"":2009,""pop"":25898},{""t"":""ひだまりスケッチ×３６５"",""cn"":"""",""ty"":""动画"",""y"":2008,""pop"":10965},{""t"":""ひだまりスケッチ x ☆☆☆"",""cn"":"""",""ty"":""动画"",""y"":2010,""pop"":9582},{""t"":""ひだまりスケッチ×ハニカム"",""cn"":"""",""ty"":""动画"",""y"":2012,""pop"":9028},{""t"":""ひだまりスケッチ 特別編"",""cn"":"""",""ty"":""动画"",""y"":2007,""pop"":7735}]",向阳庄201号室。温柔坦诚。性格柔和，不管做什么都很努力。 喜欢可爱的东西。,544,544,0,167,,https://s4.anilist.co/file/anilistcdn/character/large/2528.jpg,https://s4.anilist.co/file/anilistcdn/character/medium/2528.jpg,,,,https://anilist.co/character/2528,https://bgm.tv/character/13064,,13064
bgm-bgm148802,vndb,5,5,,,一色 奏命,Isshiki Kaname,,女,,,Galgame,Galgame,セレクトオブリージュ,,2024,Galgame,"[{""t"":""セレクトオブリージュ"",""cn"":"""",""ty"":""Galgame"",""y"":2024,""pop"":515},{""t"":""セレクトオブリージュ"",""cn"":""天选庶民的真命之选"",""ty"":""Galgame"",""y"":2024,""pop"":0}]",明治時代から続く、誇り高き永世華族【一色家】の長女にして、 桜元学園では学生会会長を務める三年生。 両親の死をきっかけに若くして当主の座についたが、 幼少期より受けた英才教育の結果、既に支配者の風格を持つ。 厳然とした言動で他者を寄せ付けず、人前では表情を 一切崩さないが、付き人として共に育った北条姉妹には 心を許しており、時折優しい顔も見せる。 「心配は無用よ。 珠賀良区の出身であろうと、 誰であろうと、 私達が成すのは一つだけ」,515,0,515,31,,https://t.vndb.org/ch/37/164537.jpg,https://t.vndb.org/ch/37/164537.jpg,,#404c73 #937e97 #c3bac6 #e6dce0 #f7f5f2 #ffffff,Violet Waist Length+ Straight Teen Slim Pale School Uniform Orphan Cowgirl Standing Sex,,https://bgm.tv/character/148802,https://vndb.org/c133475,148802
al169257,anilist,5,5,,天乃莉莉纱,天乃リリサ,Ririsa Amano,Lilysa / 天乃理理沙,女,,,动画|漫画|游戏,动画,2.5次元の誘惑,,2024,动画,"[{""t"":""2.5次元の誘惑"",""cn"":"""",""ty"":""动画"",""y"":2024,""pop"":68025},{""t"":""道産子ギャルはなまらめんこい"",""cn"":"""",""ty"":""漫画"",""y"":2019,""pop"":25328},{""t"":""2.5次元の誘惑"",""cn"":"""",""ty"":""漫画"",""y"":2019,""pop"":18305},{""t"":""2.5次元の誘惑 第2期"",""cn"":"""",""ty"":""动画"",""y"":"""",""pop"":9623},{""t"":""2.5次元の誘惑 番外編2"",""cn"":"""",""ty"":""漫画"",""y"":2019,""pop"":163},{""t"":""2.5次元の誘惑 番外編5"",""cn"":"""",""ty"":""漫画"",""y"":2021,""pop"":144}]",高校１年生。漫画やアニメが好きなオタク女子。特に作中に登場する女の子の「衣装」が大好き。中学生の頃に初めて参加したイベントをきっかけに、リリエルへの愛をコスプレで表現する。コスプレのクオリティはリリエルオタクの奥村が驚嘆するレベル。 女主角，高中1年生。喜欢Cosplay。主要扮演的角色为莉莉艾露。 非常喜欢漫画，以拍摄莉莉艾露的ROM为目标入部。 恋爱迟钝。,507,507,0,136,,https://s4.anilist.co/file/anilistcdn/character/large/b169257-DJI8e6vcBwmx.png,https://s4.anilist.co/file/anilistcdn/character/medium/b169257-DJI8e6vcBwmx.png,,,,https://anilist.co/character/169257,https://bgm.tv/character/103263,,103263
bgm-bgm103856,vndb,5,5,,,有瀬 あてな,Arise Atena,,女,A,,Galgame,Galgame,AMBITIOUS MISSION,,2022,Galgame,"[{""t"":""AMBITIOUS MISSION"",""cn"":"""",""ty"":""Galgame"",""y"":2022,""pop"":496},{""t"":""AMBITIOUS MISSION アフターエピソード1 かぐや＆あてな"",""cn"":"""",""ty"":""Galgame"",""y"":2023,""pop"":148},{""t"":""AMBITIOUS MISSION アフターエピソード2 弥栄＆虹夢＆シャル"",""cn"":"""",""ty"":""Galgame"",""y"":2023,""pop"":112},{""t"":""AMBITIOUS MISSION"",""cn"":"""",""ty"":""Galgame"",""y"":2022,""pop"":0},{""t"":""AMBITIOUS MISSION アフターエピソード 1"",""cn"":"""",""ty"":""Galgame"",""y"":2023,""pop"":0}]","“Mr. Phantom Thief… would you steal me away from this place?” Strolling around in her wheelchair, competing in wheelchair races, and playing wheelchair basketball.",496,0,496,117,,https://t.vndb.org/ch/34/128734.jpg,https://t.vndb.org/ch/34/128734.jpg,,#ccafab #dfd1cc #6c636c #f1ebe5 #faf8f6,White Twin Tails Waist Length+ Wavy Teen Slim Pale Doggy Style Cowgirl Blowjob,,https://bgm.tv/character/103856,https://vndb.org/c101476,103856
al120653,anilist,5,5,,,こめっこ,Komekko,,女,,,动画|漫画|轻小说,动画,この素晴らしい世界に祝福を！2,为美好的世界献上祝福！ 第二季,2017,动画,"[{""t"":""この素晴らしい世界に祝福を！2"",""cn"":""为美好的世界献上祝福！ 第二季"",""ty"":""动画"",""y"":2017,""pop"":376691},{""t"":""この素晴らしい世界に祝福を！紅伝説"",""cn"":"""",""ty"":""动画"",""y"":2019,""pop"":242609},{""t"":""この素晴らしい世界に爆焔を！"",""cn"":""为美好的世界献上爆炎！"",""ty"":""动画"",""y"":2023,""pop"":123438},{""t"":""この素晴らしい世界に祝福を!"",""cn"":""为美好的世界献上祝福！"",""ty"":""轻小说"",""y"":2013,""pop"":17869},{""t"":""この素晴らしい世界に祝福を!"",""cn"":""为美好的世界献上祝福！"",""ty"":""漫画"",""y"":2014,""pop"":10989},{""t"":""この素晴らしい世界に爆焔を！"",""cn"":""为美好的世界献上爆炎！"",""ty"":""漫画"",""y"":2016,""pop"":3794}]",Komekko is [Megumin](//anilist.co/character/89361)'s adorable younger sister. She is a young Crimson Demon and the only Crimson Magic kid around her age.,495,495,0,0,,https://s4.anilist.co/file/anilistcdn/character/large/b120653-q4uPVQC2iSg8.png,https://s4.anilist.co/file/anilistcdn/character/medium/b120653-q4uPVQC2iSg8.png,,,,https://anilist.co/character/120653,,,
bgm-bgm21463,vndb,5,5,,童本隆也,童本 隆也,Doumoto Takaya,,男,,,Galgame,Galgame,あまたらすリドルスター,,2013,Galgame,"[{""t"":""あまたらすリドルスター"",""cn"":"""",""ty"":""Galgame"",""y"":2013,""pop"":486},{""t"":""あまたらすリドルスター"",""cn"":""无限闪耀的迷之星"",""ty"":""Galgame"",""y"":2013,""pop"":0}]",本作の主人公。 現実世界の夢の無さに退屈しているので、常に本を読んでいる。 特に夢がある童話が好き。 無気力で退屈そうにしているが人付き合いは意外と悪くはなく、よく結愛に星見に連れ出されたりしている。 しかし半分以上は結愛が作ってくれる弁当目当てなので、結愛が星見中に熱心に語るオリジナル星座の妄想ストーリーは適当に聞き流している。,486,0,486,1,,https://t.vndb.org/ch/99/78099.jpg,https://t.vndb.org/ch/99/78099.jpg,,#5880ac #395786 #253058 #77a9d5 #cdb5bc #f5f2e7,Black Short Straight Brown Teen Slim Pale School Uniform Trousers Cunnilingus,,https://bgm.tv/character/21463,https://vndb.org/c45078,21463
bgm-bgm68752,vndb,5,5,,,月ヶ洞 きらり,Tsukigahora Kirari,,女,B,,Galgame,Galgame,月の彼方で逢いましょう,,2019,Galgame,"[{""t"":""月の彼方で逢いましょう"",""cn"":"""",""ty"":""Galgame"",""y"":2019,""pop"":481},{""t"":""月の彼方で逢いましょう SweetSummerRainbow"",""cn"":"""",""ty"":""Galgame"",""y"":2020,""pop"":151},{""t"":""月の彼方で逢いましょう"",""cn"":""在月之彼岸邂逅"",""ty"":""Galgame"",""y"":2019,""pop"":0}]",大学在学中に 小説家デビューした美人作家。 処女作『プロセッサー』で小説よつば新人賞を受賞。 映画化されるなど一世を風靡し、 その後も次々とヒット作を飛ばしている。 わがままかつ奔放、自由気ままな性格。 同じ男と二度寝ないことを信条としている。,481,0,481,21,1,https://t.vndb.org/ch/33/98933.jpg,https://t.vndb.org/ch/33/98933.jpg,,#5a839f #abb4bd #faecdd #dcd5d4 #f3f5f4 #ffffff,Blue Ponytail Waist Length+ Wavy Slim Pale Blowjob Violet Young-adult Dress,,https://bgm.tv/character/68752,https://vndb.org/c77882,68752
vndb-c88830,vndb,5,5,,,大江 麗奈,Ooe Reina,,女,,,Galgame,Galgame,NG,,2018,Galgame,,"A tough detective hailing from Kansai, Ooe has a strong sense of justice that she doesn't let any rules or regulations get in the way of.",399,0,399,0,,https://t.vndb.org/ch/91/107391.jpg,https://t.vndb.org/ch/91/107391.jpg,,#9d938d #665c57 #b4ada9 #c7c3c0 #171616 #d4d1cf,Black Hotblooded Police Detective Kansai-ben,,,https://vndb.org/c88830,
bgm-bgm21267,vndb,5,5,,曾根原莲,曽根原 蓮,Sonehara Ren,,男,B,,Galgame,Galgame,カルマルカ＊サークル,,2013,Galgame,"[{""t"":""カルマルカ＊サークル"",""cn"":"""",""ty"":""Galgame"",""y"":2013,""pop"":346},{""t"":""カルマルカ*サークル"",""cn"":""卡卢玛卢卡＊同好会"",""ty"":""Galgame"",""y"":2013,""pop"":0}]",どこからどう見てもかわいい女の子に見えるが実は男子。 常に女装している。 背が低いため、人を見る時はいつも上目遣いになってしまう。 街を歩いていると、彼を女の子だと思った男からよくナンパされる。 どういうわけか主人公に懐いており好意を示すのだが、その度に主人公に拒絶される。 魔可のせいで女装癖になってしまったのかと思われたが、元からの趣味とのこと。 女装以外にも彼には、何か秘密がありそうなのだが……。 「2年の曽根原蓮です。 格好はこんなだけど男の子だよ♪」,346,0,346,11,,https://t.vndb.org/ch/51/100951.jpg,https://t.vndb.org/ch/51/100951.jpg,,#515e98 #c8d8d3 #a2a7ad #eaebe8 #f6f8f7 #ffffff,Ponytail Shoulder-length Cross-dressing Trap Slim Pale School Uniform Hair Ribbon Jacket Shirt,,https://bgm.tv/character/21267,https://vndb.org/c14751,21267
vndb-c10591,vndb,5,5,,,春日野 ソラ,Kasugano Sora,,女,,,Galgame,Galgame,ラブラブHメイド,,2003,Galgame,,,309,0,309,0,,https://t.vndb.org/ch/94/11794.jpg,https://t.vndb.org/ch/94/11794.jpg,,#b27073 #d89b98 #6d3555 #e9c1b8 #d1eaf7 #f6e6df,Short Brown Teen Pale Cooking Doggy Style Hair Ribbon Carefree Maid Maid's Dress,,,https://vndb.org/c10591,
vndb-c14444,vndb,5,5,,,高嶺 陽菜子,Takamine Hinako,莫大な遺産を持つ少女,女,,,Galgame,Galgame,fortissimo EXS//Akkord:nächsten Phase,,2012,Galgame,"[{""t"":""fortissimo EXS//Akkord:nächsten Phase"",""cn"":"""",""ty"":""Galgame"",""y"":2012,""pop"":303},{""t"":""fortissimo//Akkord:Bsusvier"",""cn"":"""",""ty"":""Galgame"",""y"":2010,""pop"":146},{""t"":""Kadenz fermata//Akkord:fortissimo"",""cn"":"""",""ty"":""Galgame"",""y"":2014,""pop"":74}]","fortissimo//nächsten Phase Description A girl who has lived her life in a hospital due to an incurable disease. Used to be the daughter of a world-renowned billionaire, but now that her parents died she carries the fortune.",303,0,303,0,,https://t.vndb.org/ch/01/39001.jpg,https://t.vndb.org/ch/01/39001.jpg,,#7d3030 #bb867c #c6b8ba #faf6eb #eae2dd #ffffff,Brown Short Slim Pale School Uniform Orphan Fighting Standing Sex Blowjob Virgin Sex,,,https://vndb.org/c14444,
bgm-bgm73606,vndb,5,5,,,綾目 七夕莉,Ayame Nayuri,,女,O,,Galgame,Galgame,俺の姿が、透明に!? 不可視の薬と数奇な運命,,2020,Galgame,"[{""t"":""俺の姿が、透明に!? 不可視の薬と数奇な運命"",""cn"":"""",""ty"":""Galgame"",""y"":2020,""pop"":299},{""t"":""俺の姿が、透明に！？ 不可視の薬（インビジブル）と数奇な運命"",""cn"":"""",""ty"":""Galgame"",""y"":2020,""pop"":0}]",誕生日 5月5日 晴季の先輩。何事も楽しむ自信満々な生徒会長で、 みんなを引っ張っていく達人。 小さい体ながら運動神経が良く、 様々な部活の助っ人にも参戦。 なんでも「わはは」と笑い飛ばすことができるが、 何気に迫られると弱い。お姉さんぶりたがるが、 態度も口調もまだまだ子供っぽい。 晴季とは親友のように楽しく過ごすタイプ。 別に透明じゃなくてもお風呂くらいは 入ってくれそうな雰囲気で、エッチなことにも積極的。 いつでも筆下ろしさせてくれそうな雰囲気のある人。,299,0,299,29,,https://t.vndb.org/ch/89/105589.jpg,https://t.vndb.org/ch/89/105589.jpg,,#7f3e58 #b18e8f #d1c3c1 #f1e8df #f9f7f4 #ffffff,White Odango Shoulder-length Teen Slim Pale School Uniform Hard Worker Standing Sex Spoons,,https://bgm.tv/character/73606,https://vndb.org/c87159,73606
al123294,anilist,5,5,,迪诺,ディーノ,Dino,店長さん / Manager,男,,26,动画|漫画|游戏,动画,ブレンド・S,,2017,动画,"[{""t"":""ブレンド・S"",""cn"":"""",""ty"":""动画"",""y"":2017,""pop"":181246},{""t"":""ブレンド・S"",""cn"":"""",""ty"":""漫画"",""y"":2013,""pop"":4616},{""t"":""ブレンド・S"",""cn"":""调教咖啡厅"",""ty"":""动画"",""y"":2017,""pop"":0},{""t"":""きららファンタジア"",""cn"":""闪耀幻想曲"",""ty"":""游戏"",""y"":2017,""pop"":0},{""t"":""ブレンド・S 第6巻 特典CD"",""cn"":"""",""ty"":""音乐"",""y"":2018,""pop"":0}]",店长兼厨房担当。意大利出身。 苺香をスカウトした「スティーレ」の店長でイタリア人。 興奮すると鼻血が出てしまう癖がある。,296,296,0,12,,https://s4.anilist.co/file/anilistcdn/character/large/b123294-MYYGkYoLiDy3.jpg,https://s4.anilist.co/file/anilistcdn/character/medium/b123294-MYYGkYoLiDy3.jpg,,,,https://anilist.co/character/123294,https://bgm.tv/character/57402,,57402
al6168,anilist,5,5,,水濑伊织,水瀬伊織,Iori Minase,Iorin,女,AB,15,动画,动画,アイドルマスター,,2011,动画,"[{""t"":""アイドルマスター"",""cn"":"""",""ty"":""动画"",""y"":2011,""pop"":43875},{""t"":""THE IDOLM@STER MOVIE 輝きの向こう側へ！"",""cn"":"""",""ty"":""动画"",""y"":2014,""pop"":9742},{""t"":""アイドルマスター 765プロという物語"",""cn"":"""",""ty"":""动画"",""y"":2012,""pop"":8788},{""t"":""アイドルマスター シャイニーフェスタ"",""cn"":"""",""ty"":""动画"",""y"":2012,""pop"":7422},{""t"":""アイドルマスター ゼノグラシア"",""cn"":"""",""ty"":""动画"",""y"":2007,""pop"":6795},{""t"":""アイドルマスター ミリオンライブ！"",""cn"":"""",""ty"":""动画"",""y"":2023,""pop"":5823}]",和有气质的外表正好相反，相当任性，蛮横娇羞型。非常讨厌输给别人。因父亲和765 Production的社长是朋友而透过关系进入演艺界。对2位哥哥怀有强烈的自卑感与竞争心理。经常随身带着兔子的玩偶，口癖是“にひひ!”。 基本能力值高且易于管理情绪，和律子同様是“好用强角色”。似乎因为如此有许多人会让律子和伊织组成双人团体来争取排名。另外在双人、三人的时候，若不慎选谈话的对手会大幅影响心情，需要特别注意。,295,295,0,217,,https://s4.anilist.co/file/anilistcdn/character/large/b6168-Zf5hiVXc95oE.png,https://s4.anilist.co/file/anilistcdn/character/medium/b6168-Zf5hiVXc95oE.png,,,,https://anilist.co/character/6168,https://bgm.tv/character/5925,,5925
vndb-c169,vndb,5,5,,,ハチマキ,Hachimaki,,男,B,,Galgame,Galgame,つよきす,娇蛮之吻,2005,Galgame,"[{""t"":""つよきす"",""cn"":""娇蛮之吻"",""ty"":""Galgame"",""y"":2005,""pop"":284},{""t"":""つよきす３学期"",""cn"":"""",""ty"":""Galgame"",""y"":2011,""pop"":108},{""t"":""つよきす2学期"",""cn"":"""",""ty"":""Galgame"",""y"":2008,""pop"":99}]",,284,0,284,0,,https://t.vndb.org/ch/95/38895.jpg,https://t.vndb.org/ch/95/38895.jpg,,#792d32 #a77370 #cfb2a1 #dfdadd #f2f2f3 #ffffff,Black Short Adult Sports Shoes Teacher,,,https://vndb.org/c169,
al120976,anilist,5,5,,,滝谷真,Makoto Takiya,,男,,24,动画,动画,小林さんちのメイドラゴン,,2017,动画,"[{""t"":""小林さんちのメイドラゴン"",""cn"":"""",""ty"":""动画"",""y"":2017,""pop"":329847},{""t"":""小林さんちのメイドラゴンＳ"",""cn"":"""",""ty"":""动画"",""y"":2021,""pop"":165957},{""t"":""小林さんちのメイドラゴン バレンタイン, そして温泉! (あまり期待しないでください)"",""cn"":"""",""ty"":""动画"",""y"":2017,""pop"":77245},{""t"":""小林さんちのメイドラゴンＳ ニッポンのおもてなし（アテンドはドラゴンです）"",""cn"":"""",""ty"":""动画"",""y"":2022,""pop"":32914},{""t"":""小林さんちの○○ドラゴン"",""cn"":"""",""ty"":""动画"",""y"":2017,""pop"":32575},{""t"":""小林さんちのメイドラゴンＳミニドラ"",""cn"":"""",""ty"":""动画"",""y"":2021,""pop"":27614}]","[Kobayashi](//anilist.co/character/120969)'s co-worker who is initially believed by [Tohru](//anilist.co/character/120970) to be a rival for Kobayashi's affections, but is really just an otaku who likes to talk about maids with her.",281,281,0,0,,https://s4.anilist.co/file/anilistcdn/character/large/b120976-qUDSgLQ61tGQ.png,https://s4.anilist.co/file/anilistcdn/character/medium/b120976-qUDSgLQ61tGQ.png,,,,https://anilist.co/character/120976,,,
bgm-bgm61408,vndb,5,5,,中野五月,中野 五月,Nakano Itsuki,,女,A,,动画|漫画|Galgame,Galgame,五等分の花嫁∬　～夏の思い出も五等分～,五等分的新娘 ～夏日回忆也五等分～,2021,Galgame,"[{""t"":""五等分の花嫁∬　～夏の思い出も五等分～"",""cn"":""五等分的新娘 ～夏日回忆也五等分～"",""ty"":""Galgame"",""y"":2021,""pop"":87},{""t"":""映画 五等分の花嫁　～君と過ごした五つの思い出～"",""cn"":"""",""ty"":""Galgame"",""y"":2022,""pop"":68},{""t"":""五等分の花嫁 ～彼女と交わす五つの約束～"",""cn"":"""",""ty"":""Galgame"",""y"":2023,""pop"":7},{""t"":""五等分の花嫁 ごとぱずストーリー"",""cn"":"""",""ty"":""Galgame"",""y"":2023,""pop"":6},{""t"":""五等分の花嫁 ごとぱずストーリー 2nd"",""cn"":"""",""ty"":""Galgame"",""y"":2024,""pop"":1},{""t"":""五等分のプリンセス ～幻想と深淵と魔法学院～"",""cn"":"""",""ty"":""Galgame"",""y"":2025,""pop"":1}]",五つ子の五女。真面目で姉妹の中で一番の頑張り屋だが、その結果が中々出ない不器用な性格。食べることが大好きで、よく何かを食べている。五つ子の中で最も食いしん坊。 代表颜色为红色，喜欢的食物是肉包，讨厌的食物是酸梅，喜欢的饮料是咖喱，喜欢的动物是袋鼠，喜欢的电视节目类型是Wide Show，擅长学习科目为理科，每日的惯例为腹部肌肉锻炼和瑜伽。喜欢有小狗会死的电影。喜欢的地点是宠物店。喜欢阅读旅游指南,276,0,87,276,1,https://t.vndb.org/ch/31/114731.jpg,https://t.vndb.org/ch/31/114731.jpg,https://lain.bgm.tv/r/400/pic/crt/l/5a/f5/61408_crt_E91AY.jpg,#b34a4a #dd857e #debbc8 #f9dce1 #fdf8e7 #ffffff,Red Ahoge Waist Length+ Wavy Teen Slim Pale Hard Worker Blue Glasses,,https://bgm.tv/character/61408,https://vndb.org/c94556,61408
al89647,anilist,5,5,,樱宁宁,桜ねね,Nene Sakura,Nenecchi,女,B,18-19,动画|漫画|Galgame,动画,NEW GAME!,,2016,动画,"[{""t"":""NEW GAME!"",""cn"":"""",""ty"":""动画"",""y"":2016,""pop"":120969},{""t"":""NEW GAME!!"",""cn"":"""",""ty"":""动画"",""y"":2017,""pop"":74219},{""t"":""NEW GAME! 私、社員旅行って初めてなので…"",""cn"":"""",""ty"":""动画"",""y"":2017,""pop"":25825},{""t"":""NEW GAME!"",""cn"":"""",""ty"":""漫画"",""y"":2013,""pop"":11230},{""t"":""NEW GAME! アンソロジーコミック"",""cn"":"""",""ty"":""漫画"",""y"":2016,""pop"":463},{""t"":""NEW GAME! –THE CHALLENGE STAGE!–"",""cn"":"""",""ty"":""Galgame"",""y"":2017,""pop"":0}]",青葉、ほたるとは学生の頃からの親友で、青葉とはお互い「あおっち」「ねねっち」と呼び合っている。物語開始時点では大学生で、青葉とは進路が分かれた後も、電話での交友を続けている。小柄で子供っぽく見られがちで、大学では中学生扱いされてからかわれている。子供向けアニメを好む。 夏休みのアルバイトとして『フェアリーズストーリー3』のテストプレイヤーとして採用され、プロ意識の欠如を怒られながらも、うみこの下でデバッグの仕事を経験する。,274,274,0,125,,https://s4.anilist.co/file/anilistcdn/character/large/b89647-ulMABzKQOOmi.jpg,https://s4.anilist.co/file/anilistcdn/character/medium/b89647-ulMABzKQOOmi.jpg,,,,https://anilist.co/character/89647,https://bgm.tv/character/37335,,37335
vndb-c9837,vndb,5,5,,,服部 彩,Hattori Aya,,女,O,,Galgame,Galgame,恋色空模様,,2010,Galgame,"[{""t"":""恋色空模様"",""cn"":"""",""ty"":""Galgame"",""y"":2010,""pop"":273},{""t"":""恋色空模様 After Happiness and Extra Hearts"",""cn"":"""",""ty"":""Galgame"",""y"":2011,""pop"":113}]",,273,0,273,0,,https://t.vndb.org/ch/29/28529.jpg,https://t.vndb.org/ch/29/28529.jpg,,#835973 #c39c9f #f1ede5 #d6cfd1 #f6f7f6 #ffffff,Red Short Brown Standing Sex Blowjob Virgin Sex Sport Bloomers Airhead Aunt Friend,,,https://vndb.org/c9837,
al27889,anilist,5,5,,,サーミャ・ブレジネフ,Semyon Brezhnev,Simon / サイモン・ブレジネフ / Simon Brezhnev,男,,,动画,动画,デュラララ!!,无头骑士异闻录,2010,动画,"[{""t"":""デュラララ!!"",""cn"":""无头骑士异闻录"",""ty"":""动画"",""y"":2010,""pop"":294082},{""t"":""デュラララ!!×２ 承"",""cn"":"""",""ty"":""动画"",""y"":2015,""pop"":110655},{""t"":""デュラララ!!×２ 転"",""cn"":"""",""ty"":""动画"",""y"":2015,""pop"":88374},{""t"":""デュラララ!!×２ 結"",""cn"":"""",""ty"":""动画"",""y"":2016,""pop"":80294},{""t"":""デュラララ!!"",""cn"":""无头骑士异闻录"",""ty"":""动画"",""y"":2010,""pop"":34133},{""t"":""デュラララ!!×２ 結 デュフフフ!!"",""cn"":"""",""ty"":""动画"",""y"":2016,""pop"":16539}]","A tall Black Russian who came to the city to help out his Russian friend who runs a sushi shop. His real name is Semyon but everyone just calls him by the name, ""Simon"".",272,272,0,0,,https://s4.anilist.co/file/anilistcdn/character/large/b27889-MiEsi3Wf7sxE.png,https://s4.anilist.co/file/anilistcdn/character/medium/b27889-MiEsi3Wf7sxE.png,,,,https://anilist.co/character/27889,,,
vndb-c66261,vndb,5,5,,,剱 拓真,Tsurugi Takuma,,男,O,,Galgame,Galgame,PSYCHO-PASS サイコパス 選択なき幸福,心理测量者：无从选择的幸福,2015,Galgame,,"MWPSB CID Division 1 Enforcer Date of 05-05-2087 A new Enforcer who was assigned to the Public Safe Bureau's CID Division 1. He is stubborn and short-tempered, but has a strong sense of justice.",259,0,259,0,,https://t.vndb.org/ch/84/79684.jpg,https://t.vndb.org/ch/84/79684.jpg,,#4966be #8a6a63 #332f31 #e0d0c4 #ffffff,Brown Short Brown Pale Hotblooded Young-adult Muscular Suit Necktie Childhood Friend,,,https://vndb.org/c66261,
al121355,anilist,5,5,,,杠花奏,Kanade Yuzuriha,Yuzu,男,A,,动画|漫画,动画,覆面系ノイズ,,2017,动画,"[{""t"":""覆面系ノイズ"",""cn"":"""",""ty"":""动画"",""y"":2017,""pop"":34796},{""t"":""覆面系ノイズ"",""cn"":"""",""ty"":""漫画"",""y"":2013,""pop"":5211}]","He's one of the male protagonists of the Fukumenkei Noise series. He's a high school student and guitarist of 'No hurry to shout'. He is a boy with blue eyes and long eyelashes, black hair, partly gathered in a small ponytail.",251,251,0,0,,https://s4.anilist.co/file/anilistcdn/character/large/121355-XqUYn5DHHpHt.jpg,https://s4.anilist.co/file/anilistcdn/character/medium/121355-XqUYn5DHHpHt.jpg,,,,https://anilist.co/character/121355,,,
al156050,anilist,5,5,,,紙越空魚,Sorawo Kamikoshi,,女,,20,动画|漫画,动画,裏世界ピクニック,,2021,动画,"[{""t"":""裏世界ピクニック"",""cn"":"""",""ty"":""动画"",""y"":2021,""pop"":48572},{""t"":""裏世界ピクニック"",""cn"":"""",""ty"":""漫画"",""y"":2018,""pop"":7489}]","Sorawo is a shy, introverted person who usually prefers to be alone, not wanting to be bothered, and often keeps her distance from other people.",251,251,0,0,,https://s4.anilist.co/file/anilistcdn/character/large/b156050-TMfNnqr8WX9e.png,https://s4.anilist.co/file/anilistcdn/character/medium/b156050-TMfNnqr8WX9e.png,,,,https://anilist.co/character/156050,,,
al157961,anilist,5,5,,,ミミ・パールバトン,Mimi Pearlbaton,,女,,14,动画|轻小说|Galgame,动画,Re:ゼロから始める異世界生活,Re：从零开始的异世界生活,2016,动画,"[{""t"":""Re:ゼロから始める異世界生活"",""cn"":""Re：从零开始的异世界生活"",""ty"":""动画"",""y"":2016,""pop"":621774},{""t"":""Re:ゼロから始める異世界生活 3rd season"",""cn"":"""",""ty"":""动画"",""y"":2024,""pop"":195668},{""t"":""Re:ゼロから始める異世界生活 4th season"",""cn"":"""",""ty"":""动画"",""y"":2026,""pop"":139798},{""t"":""Re:ゼロから始める異世界生活"",""cn"":""Re：从零开始的异世界生活"",""ty"":""轻小说"",""y"":2014,""pop"":30155},{""t"":""Re:ゼロから始める休憩時間(ブレイクタイム) 2nd Season"",""cn"":"""",""ty"":""动画"",""y"":2020,""pop"":12757},{""t"":""Re:ゼロから始める休憩時間(ブレイクタイム) 2nd Season Part 2"",""cn"":"""",""ty"":""动画"",""y"":2021,""pop"":5839}]","135 cm (4'5"") Mimi is one of Anastasia Hoshin's followers and is one of three vice-captains of the mercenary group Fang of Steel.",245,245,155,0,,https://s4.anilist.co/file/anilistcdn/character/large/b157961-gvUztmBkzSMB.png,https://s4.anilist.co/file/anilistcdn/character/medium/b157961-gvUztmBkzSMB.png,https://t.vndb.org/ch/27/114127.jpg,,Shoulder-length Slim Pale Fighting Kid Cloak Twin Sister Mercenary Kemonomimi Energetic,https://anilist.co/character/157961,,https://vndb.org/c94613,
vndb-c8907,vndb,5,5,,,鈴鹿,Suzuka,,女,A,,Galgame,Galgame,鬼ごっこ！ ファンディスク,,2011,Galgame,,,243,0,243,0,,https://t.vndb.org/ch/68/9668.jpg,https://t.vndb.org/ch/68/9668.jpg,,#626caa #daa881 #f8ebcc #cec7d7 #f0ecf2 #ffffff,Blond Shoulder-length Slim Pale School Uniform Missionary Standing Sex Virgin Sex Green Kid,,,https://vndb.org/c8907,
al1305,anilist,5,5,,天上院明日香,天上院明日香,Asuka Tenjouin,The Queen of Obelisk Blue / Alexis Rhodes / Asurin,女,,,动画|漫画|游戏,动画,遊☆戯☆王デュエルモンスターズＧＸ,,2004,动画,"[{""t"":""遊☆戯☆王デュエルモンスターズＧＸ"",""cn"":"""",""ty"":""动画"",""y"":2004,""pop"":47244},{""t"":""遊☆戯☆王ARC-V（アーク・ファイブ）"",""cn"":"""",""ty"":""动画"",""y"":2014,""pop"":16490},{""t"":""遊☆戯☆王GX"",""cn"":"""",""ty"":""漫画"",""y"":2005,""pop"":2996},{""t"":""遊☆戯☆王デュエルモンスターズGX タッグフォース2"",""cn"":""游戏王! 怪兽对决GX 卡片力量2"",""ty"":""游戏"",""y"":2007,""pop"":0},{""t"":""遊☆戯☆王デュエルモンスターズGX"",""cn"":""游戏王－怪兽之决斗GX"",""ty"":""动画"",""y"":2004,""pop"":0},{""t"":""遊☆戯☆王ZEXAL"",""cn"":""游戏王ZEXAL"",""ty"":""动画"",""y"":2011,""pop"":0}]",オベリスクブルー所属。 圧倒的なデュエルの実力と気高さから「オベリスク・ブルーの女王」の異名を持ち、学園でもトップクラスのデュエリストである。 性格は大変歯に衣を着せずサバサバしているが、兄の天上院吹雪に振り回され気味。 危険に陥った仲間達の安否を心配したり、己が身代わりになると言い出したり等優しい一面を持つ。 また兄の親友である丸藤亮と吹雪の行方不明中、灯台で兄についての情報交換をしていた（灯台部）,240,240,0,40,,https://s4.anilist.co/file/anilistcdn/character/large/1305.jpg,https://s4.anilist.co/file/anilistcdn/character/medium/1305.jpg,,,,https://anilist.co/character/1305,https://bgm.tv/character/25430,,25430
bgm-bgm130892,vndb,5,5,,,橘 薫,Tachibana Kaoru,,女,AB,,漫画|Galgame,Galgame,嘘から始まる恋の夏,,2023,Galgame,"[{""t"":""嘘から始まる恋の夏"",""cn"":"""",""ty"":""Galgame"",""y"":2023,""pop"":240},{""t"":""嘘から始まる恋の夏"",""cn"":""始于谎言的夏日恋情"",""ty"":""Galgame"",""y"":2023,""pop"":0},{""t"":""嘘から始まる恋の夏 -squall-"",""cn"":""始于谎言的夏日恋情 -squall-"",""ty"":""漫画"",""y"":2025,""pop"":0},{""t"":""恋、降る"",""cn"":"""",""ty"":""音乐"",""y"":2022,""pop"":0},{""t"":""嘘から始まる恋の夏 - Parallel Palette -"",""cn"":"""",""ty"":""音乐"",""y"":2025,""pop"":0}]",本作の主人公。市立蒼波第一高校の2年生。 掴み所のない性格をしているが、根は真っ直ぐ。 よく適当なことを言って周囲から呆れられているが、やや天然なところもあり、本気なのか冗談なのかわからない時も頻繁にある。 あらゆることに対する興味が中途半端で、ファッションやコスメ、ぬいぐるみやスマホゲームなど多岐にわたる浅い趣味を持つ。 初恋の相手である霜月深玲への恋心は薫にとって特別なもの。ゆえに、薫は学校で男女どちらからもよく告白されるが一度も受けたことがなく、そもそも眼中にない。,240,0,240,3,,https://t.vndb.org/ch/50/151350.jpg,https://t.vndb.org/ch/50/151350.jpg,,#435970 #ede0dc #a5a1aa #cfc9d0 #f5f7fa,White Short Straight Teen Slim Pale School Uniform Blue Apron Pajamas,,https://bgm.tv/character/130892,https://vndb.org/c105018,130892
vndb-c77954,vndb,5,5,,,常坂 元,Tokisaka Gen,,男,,,Galgame,Galgame,D.C.4 ～ダ・カーポ4～,,2019,Galgame,"[{""t"":""D.C.4 ～ダ・カーポ4～"",""cn"":"""",""ty"":""Galgame"",""y"":2019,""pop"":215},{""t"":""D.C.5 Future Link ～ダ・カーポ5～ フューチャーリンク"",""cn"":"""",""ty"":""Galgame"",""y"":2024,""pop"":74},{""t"":""D.C.5 to 4 ～ダ・カーポ5トゥ4～ ルミナスメモリーズ"",""cn"":"""",""ty"":""Galgame"",""y"":2026,""pop"":0}]",,215,0,215,0,,https://t.vndb.org/ch/55/103255.jpg,https://t.vndb.org/ch/55/103255.jpg,,#6f596d #a7b8cd #d6bdb6 #faf2e1 #ffffff,Short Moustache Slim Pale Grey Adult Kimono Scarf Grandfather Grey,,,https://vndb.org/c77954,
vndb-c78783,vndb,5,5,,,リースリング 遠山,Riesling Tooyama,民子,女,O,,Galgame,Galgame,ティンクル☆くるせいだーす,,2008,Galgame,,,214,0,214,0,,https://t.vndb.org/ch/71/103171.jpg,https://t.vndb.org/ch/71/103171.jpg,,#c54e75 #dfd77b #91b596 #4b5256 #ccf2fb #f0edd9,Waist Length+ Straight Green Slim Pale Trousers Green Young-adult Shirt Butler,,,https://vndb.org/c78783,
bgm-bgm33974,vndb,5,5,,,マーシャ・マクレラン,Marsha McClellan,,女,AB,,Galgame,Galgame,ウィッチズガーデン,,2012,Galgame,"[{""t"":""ウィッチズガーデン"",""cn"":"""",""ty"":""Galgame"",""y"":2012,""pop"":209},{""t"":""ウィッチズガーデン"",""cn"":""魔女的花园"",""ty"":""Galgame"",""y"":2012,""pop"":0}]",よく 『Oasis』 に遊びに来る、外国人観光客の幼女。 無邪気で利発で純真で、とにかく可愛らしい良い子。 まだまだおとぎ話を信じているお年頃。 “魔女” であるあやりをたいそう気に入り、あっという間に懐いてしまう。 「きゃあ、素敵なの！ ホンモノのウィッチなのよ！」,209,0,209,6,,https://t.vndb.org/ch/81/39281.jpg,https://t.vndb.org/ch/81/39281.jpg,,#d25b79 #cd9da8 #ecc4c7 #eee0db #f7f2ed #feffff,Blond Waist Length+ Slim Pale Blue Kid Dress Hat Gloves Friendly,,https://bgm.tv/character/33974,https://vndb.org/c32830,33974
vndb-c47522,vndb,5,5,,,土屋 剛也,Tsuchiya Gouya,,男,,,Galgame,Galgame,闇の声,,2001,Galgame,"[{""t"":""闇の声"",""cn"":"""",""ty"":""Galgame"",""y"":2001,""pop"":184},{""t"":""闇の声異聞録"",""cn"":"""",""ty"":""Galgame"",""y"":2005,""pop"":33}]",,184,0,184,0,,https://t.vndb.org/ch/41/57041.jpg,https://t.vndb.org/ch/41/57041.jpg,,#e5655d #8b423c #c6a393 #e9d6cb #ffffff,Brown Short Brown Teen Slim Pale Sixty-nine Muscular Jacket T-shirt,,,https://vndb.org/c47522,
vndb-c14542,vndb,5,5,,,王 偉,Wong Wei,,男,O,,Galgame,Galgame,オメルタ～沈黙の掟～,,2011,Galgame,"[{""t"":""オメルタ～沈黙の掟～"",""cn"":"""",""ty"":""Galgame"",""y"":2011,""pop"":179},{""t"":""オメルタ CODE:TYCOON"",""cn"":"""",""ty"":""Galgame"",""y"":2013,""pop"":90}]","??? Country of China (Hong Kong) Seiryuutou (青竜刀, Qīnglóngdāo), Ingram MAC-10.",179,0,179,0,,https://t.vndb.org/ch/45/18345.jpg,https://t.vndb.org/ch/45/18345.jpg,,#010202 #20232a #5f6771 #3f4246 #afaba9 #f9fafa,Black Short Pale Dao Donkan Fighting Young-adult Suit Necktie Smoking,,,https://vndb.org/c14542,
vndb-c61142,vndb,5,5,,,메어리 폭스,Mary Fox,,女,,,Galgame,Galgame,에덴의 너머,,2016,Galgame,"[{""t"":""에덴의 너머"",""cn"":"""",""ty"":""Galgame"",""y"":2016,""pop"":162},{""t"":""덴의 너머: Dear Edward"",""cn"":"""",""ty"":""Galgame"",""y"":2020,""pop"":42}]","The Edenic's housekeeper and highly experienced servant. Mary appears to be quite mischievous, but in fact she is considerate and thoughtful. In the past she served as nurse, caring for the Edenic brothers and Alex.",162,0,162,0,,https://t.vndb.org/ch/59/77959.jpg,https://t.vndb.org/ch/59/77959.jpg,,#a17c82 #d2bab7 #312628 #f2ded5 #fbf5e9 #ffffff,Pink Violet Apron Maid Refined Kind Younger Appearance British Loyal Honest,,,https://vndb.org/c61142,
bgm-bgm37699,vndb,5,5,,间宫萌莉,間宮 萌莉,Mamiya Moeri,,女,,,Galgame,Galgame,間宮くんちの五つ子事情,,2016,Galgame,"[{""t"":""間宮くんちの五つ子事情"",""cn"":"""",""ty"":""Galgame"",""y"":2016,""pop"":159},{""t"":""僕の未来は、恋と課金と。～Charge To The Future～"",""cn"":"""",""ty"":""Galgame"",""y"":2019,""pop"":154},{""t"":""間宮くんちの五つ子事情"",""cn"":""间宫家的五子情事"",""ty"":""Galgame"",""y"":2016,""pop"":0}]",五つ子の次女で、しっかり者。 常識人でツッコミ役に回ることが多く、家族たちの言動に振り回されることも。 意地っ張りで素直になるのが苦手なものの、良太を想う気持ちはとても強い。 少女マンガを愛読しており、ベタなシチュエーションに憧れている。 学園では風紀委員会に所属していて、取り締まりが特に厳しいことでちょっとした有名人。 シーモアではウエイトレスをする傍ら、経理も担当している。 パソコンを駆使して経営戦略を立てることも。,159,0,159,14,,https://t.vndb.org/ch/79/46579.jpg,https://t.vndb.org/ch/79/46579.jpg,,#575580 #938fb8 #c2c4d6 #f3ebdd #f3f3f1 #ffffff,Violet Twin Tails Teen Slim Pale School Uniform Missionary Doggy Style Standing Sex Blowjob,,https://bgm.tv/character/37699,https://vndb.org/c38567,37699
bgm-bgm37701,vndb,5,5,,间宫音琴,間宮 音琴,Mamiya Nekoto,Neko-chan,女,,,Galgame,Galgame,間宮くんちの五つ子事情,,2016,Galgame,"[{""t"":""間宮くんちの五つ子事情"",""cn"":"""",""ty"":""Galgame"",""y"":2016,""pop"":159},{""t"":""僕の未来は、恋と課金と。～Charge To The Future～"",""cn"":"""",""ty"":""Galgame"",""y"":2019,""pop"":154},{""t"":""間宮くんちの五つ子事情"",""cn"":""间宫家的五子情事"",""ty"":""Galgame"",""y"":2016,""pop"":0}]",五つ子の四女。 一番下で小柄なためか、姉兄たちを 「お姉ちゃん・お兄ちゃん」 と呼ぶ。 いつもどこか眠たげ。 無口で何を考えているのか分かりにくい不思議な女の子。 愛称は “ねこちゃん”。 家や店、学園でもマスコットキャラとして可愛がられている。 良太にはとても懐いていて、いつも側にいようとする。 占い部に所属していて、よく当たると評判。 活動日は占いを待つ人で行列できるほど。 シーモアでもドリンクの仕事を担当しつつ、お客さんの頼みで占いをすることがある。,159,0,159,14,,https://t.vndb.org/ch/81/46581.jpg,https://t.vndb.org/ch/81/46581.jpg,,#4d6378 #99a6b7 #d4d0d2 #f9f8f0 #e5e8e6 #ffffff,Blue Waist Length+ Kemonomimi Teen Slim Pale School Uniform Cooking Cowgirl Standing Sex,,https://bgm.tv/character/37701,https://vndb.org/c38569,37701
bgm-bgm128491,vndb,5,5,,间宫良太,間宮 良太,Mamiya Ryouta,Ryou-chan / Ryou-kun,男,,,Galgame,Galgame,間宮くんちの五つ子事情,,2016,Galgame,"[{""t"":""間宮くんちの五つ子事情"",""cn"":"""",""ty"":""Galgame"",""y"":2016,""pop"":159},{""t"":""間宮くんちの五つ子事情"",""cn"":""间宫家的五子情事"",""ty"":""Galgame"",""y"":2016,""pop"":0}]",五つ子の中心となって家族を支える、間宮家の影の大黒柱。 しっかり者でまじめな性格。 面倒見が良く、人当たりも良い。 常識人のためツッコミ役に回ることが多く、器用貧乏な立ち回りになることが多い。 部活や委員会には所属しておらず、放課後はシーモアの手伝いをしている。 莉里香から求婚されたことに戸惑ってはいるものの、 それで家族が困らずに過ごせるならと、消極的ながら婿入りも検討している。 姉妹に溺愛されている自覚はあるが、“恋愛感情” ではなく “家族愛” だと思っている。,159,0,159,1,,https://t.vndb.org/ch/95/73695.jpg,https://t.vndb.org/ch/95/73695.jpg,,#9b888c #545463 #d1b3ab #f8e8da #fffffe,Black Teen Slim Pale Cunnilingus Sixty-nine Virgin Sex Vest Ore Betrothed,,https://bgm.tv/character/128491,https://vndb.org/c38571,128491
bgm-bgm37700,vndb,5,5,,间宫珠音,間宮 珠音,Mamiya Tamane,,女,,,Galgame,Galgame,間宮くんちの五つ子事情,,2016,Galgame,"[{""t"":""間宮くんちの五つ子事情"",""cn"":"""",""ty"":""Galgame"",""y"":2016,""pop"":159},{""t"":""僕の未来は、恋と課金と。～Charge To The Future～"",""cn"":"""",""ty"":""Galgame"",""y"":2019,""pop"":154},{""t"":""間宮くんちの五つ子事情"",""cn"":""间宫家的五子情事"",""ty"":""Galgame"",""y"":2016,""pop"":0}]",五つ子の三女で、間宮家の家事を一手に担う家庭的な女の子。 優しく控えめな性格で、いつでも両親や兄妹を立てようとする大和撫子。 部活や委員会には所属せず、放課後は夕食の買い出しやシーモアの手伝いをしている。 シーモアでは厨房に立ち、常に両親から料理の技術を学んでいる。 しかし作るのも好きだが食べるのも大好きで、ちょこちょこと間食をしてしまう。 そのため、他の姉妹よりもふくよかな体型であることを気にしている。 健気な性格はエッチの時も発揮され、献身的な愛撫をしてくれる。,159,0,159,12,,https://t.vndb.org/ch/80/46580.jpg,https://t.vndb.org/ch/80/46580.jpg,,#dbb5a3 #846073 #a7c1e4 #f1dbc9 #faf5e1 #ffffff,Brown Shoulder-length Straight Brown Teen Slim Pale School Uniform Cooking Missionary,,https://bgm.tv/character/37700,https://vndb.org/c38568,37700
bgm-bgm37698,vndb,5,5,,间宫八云,間宮 八雲,Mamiya Yakumo,,女,,,Galgame,Galgame,間宮くんちの五つ子事情,,2016,Galgame,"[{""t"":""間宮くんちの五つ子事情"",""cn"":"""",""ty"":""Galgame"",""y"":2016,""pop"":159},{""t"":""僕の未来は、恋と課金と。～Charge To The Future～"",""cn"":"""",""ty"":""Galgame"",""y"":2019,""pop"":154},{""t"":""間宮くんちの五つ子事情"",""cn"":""间宫家的五子情事"",""ty"":""Galgame"",""y"":2016,""pop"":0}]",五つ子の長女で、一番のお姉さん的存在。 明るく活発で人を惹きつける魅力があり、周囲にはいつも人が集まっていて賑やか。 成績優秀・スポーツ万能。 特に水泳が得意で、海で遊ぶのが大好き。 部活には所属していないものの、運動神経を買われて助っ人をすることも。 シーモアではウエイトレスをしていて、人当たりの良い明るい接客で人気。 実はドジっ子だけど、良太の前では完璧なお姉ちゃんとして振る舞う努力をしている。 そのため良太は、八雲がドジっ子であることを知らない。,159,0,159,14,,https://t.vndb.org/ch/78/46578.jpg,https://t.vndb.org/ch/78/46578.jpg,,#80597a #d3a3a3 #f9f1d9 #ded3d2 #f6f4f1 #ffffff,Blond Waist Length+ Teen Slim Pale School Uniform Sweater Cowgirl Standing Sex Blowjob,,https://bgm.tv/character/37698,https://vndb.org/c38566,37698
bgm-bgm38444,vndb,5,5,,鹈饲昌吾,鵜飼 昌吾,Ukai Shougo,,男,A,,动画|Galgame,Galgame,ニル・アドミラリの天秤 帝都幻惑綺譚,,2016,Galgame,"[{""t"":""ニル・アドミラリの天秤 帝都幻惑綺譚"",""cn"":"""",""ty"":""Galgame"",""y"":2016,""pop"":158},{""t"":""ニル・アドミラリの天秤 クロユリ炎陽譚"",""cn"":"""",""ty"":""Galgame"",""y"":2017,""pop"":58},{""t"":""ニル・アドミラリの天秤 クロユリ炎陽譚"",""cn"":""冷然之天秤 黑百合炎阳谭"",""ty"":""Galgame"",""y"":2017,""pop"":0},{""t"":""ニル・アドミラリの天秤 帝都幻惑綺譚"",""cn"":""冷然之天秤 帝都幻惑绮谭"",""ty"":""Galgame"",""y"":2016,""pop"":0},{""t"":""ニル・アドミラリの天秤"",""cn"":""冷然之天秤"",""ty"":""动画"",""y"":2018,""pop"":0}]",帝都大学法学部に通う学生で、日本国首相の息子。 とある事件がきっかけで、フクロウのアパートで一緒に生活することになるが、突如生活が変わったこともあっていつも不機嫌。,158,0,158,11,,https://t.vndb.org/ch/73/66073.jpg,https://t.vndb.org/ch/73/66073.jpg,,#ad825c #c3ac95 #3d2f2d #ddcfbb #f5ead6 #fffffe,Short Teen Trousers Dress Shoes Amber Glasses Vest Handgun Tsundere Boku,,https://bgm.tv/character/38444,https://vndb.org/c39085,38444
vndb-c94710,vndb,5,5,,,ヘータロー・パールバトン,Hetaro Pearlbaton,,男,,,Galgame,Galgame,Re:ゼロから始める異世界生活 偽りの王選候補,,2021,Galgame,,"A member of Anastasia Camp, and the middle triplet brother. He is one of the three vice captains of the mercenary group Fang of Iron.",155,0,155,0,,https://t.vndb.org/ch/37/114237.jpg,https://t.vndb.org/ch/37/114237.jpg,,#be7551 #f8bb75 #464c2f #cfb1a2 #ead6c2 #faefe8,Slim Pale Proactive Cloak Twin Brother Mercenary Cautious Tail Kemonomimi Cyan,,,https://vndb.org/c94710,
vndb-c94709,vndb,5,5,,,ティビー・パールバトン,Tivey Pearlbaton,,男,,,Galgame,Galgame,Re:ゼロから始める異世界生活 偽りの王選候補,,2021,Galgame,,"A member of Anastasia Camp, and the youngest triplet. He is one of the three vice captains of the mercenary group Fang of Iron.",155,0,155,0,,https://t.vndb.org/ch/36/114236.jpg,https://t.vndb.org/ch/36/114236.jpg,,#e0855d #592e2c #b9a199 #d5beb8 #f8e5d8 #f9f9f8,Slim Pale Kid Cloak Twin Brother Mercenary Kemonomimi Monocle Smart Cyan,,,https://vndb.org/c94709,
bgm-bgm16510,vndb,5,5,,,初咲 雛乃,Uisaki Hinano,Hina-chan / 雛ちゃん,女,AB,,Galgame,Galgame,プリズム◇リコレクション！,,2013,Galgame,"[{""t"":""プリズム◇リコレクション！"",""cn"":"""",""ty"":""Galgame"",""y"":2013,""pop"":155},{""t"":""プリズム◇リコレクション！"",""cn"":"""",""ty"":""Galgame"",""y"":2013,""pop"":0}]",このかによって入試次席に蹴落とされた未来のスーパーエンジニア。 こちらも頭はとても良い。 そんな経緯もあって雛乃はこのかをライバル視しており、兄である昌信も最初はその煽りを食らってしまう。 入学前に紗耶香と知り合って☆☆☆部を共に設立。 ネットワーク担当となっている。 なんでもきっちりこなさないと気がすまない性格で、そんなところを姉・詩子はほぐしたいと思っているが、雛乃は逆に自分が姉を支えなければと思っている。,155,0,155,17,,https://t.vndb.org/ch/25/14225.jpg,https://t.vndb.org/ch/25/14225.jpg,,#711b32 #c48c65 #e3c39d #efe2c9 #f5efea #ffffff,Blond Ahoge Twin Tails Long Wavy Teen Slim Pale Cooking Missionary,,https://bgm.tv/character/16510,https://vndb.org/c12083,16510
vndb-c113839,vndb,5,5,,,玖星 創眞,Kujou Souma,,男,,,Galgame,Galgame,D.C.5 ～ダ・カーポ5～,,2023,Galgame,"[{""t"":""D.C.5 ～ダ・カーポ5～"",""cn"":"""",""ty"":""Galgame"",""y"":2023,""pop"":152},{""t"":""D.C.5 Future Link ～ダ・カーポ5～ フューチャーリンク"",""cn"":"""",""ty"":""Galgame"",""y"":2024,""pop"":74}]",,152,0,152,0,,https://t.vndb.org/ch/90/143490.jpg,https://t.vndb.org/ch/90/143490.jpg,,#4a475c #828696 #ede5dd #bdb7bf #fbf8ed #ffffff,Magician Ore Betrothed Father Grandfather Injury Classmate Self-sacrifice Dimensional Travel Twelfth Grader,,,https://vndb.org/c113839,
bgm-bgm107665,vndb,5,5,,小幡优衣,小幡 優衣,Obata Yui,,女,,,动画|漫画|Galgame,Galgame,催眠性指導 -Secret Lesson-,,2024,Galgame,"[{""t"":""催眠性指導 -Secret Lesson-"",""cn"":"""",""ty"":""Galgame"",""y"":2024,""pop"":149},{""t"":""催眠性指導 -Secret Lesson-"",""cn"":""催眠性指导 -秘密课程-"",""ty"":""Galgame"",""y"":2024,""pop"":0},{""t"":""催眠性指導"",""cn"":""催眠性指导"",""ty"":""动画"",""y"":2019,""pop"":0},{""t"":""催眠性指導"",""cn"":""催眠性指导"",""ty"":""漫画"",""y"":2017,""pop"":0},{""t"":""催眠性指導 合同合宿"",""cn"":""催眠性指导 合同合宿"",""ty"":""漫画"",""y"":2024,""pop"":0},{""t"":""催眠性指導"",""cn"":""催眠性指导"",""ty"":""漫画"",""y"":"""",""pop"":0}]",2年B組所属の女子高生。女子バスケ部所属。 本人の自己評価は低いものの、健康的な色気と朗な優しい性格から、男子からの人気は高い。,149,0,149,21,1,https://t.vndb.org/ch/07/172007.jpg,https://t.vndb.org/ch/07/172007.jpg,,#c85245 #764b98 #a570b2 #7f2d30 #dda1a0 #f9e5d6,Shoulder-length Student Cowgirl Blowjob Amber Daughter Girlfriend Maid's Dress Pregnancy Sitting Sex,,https://bgm.tv/character/107665,https://vndb.org/c146579,107665
bgm-bgm34797,vndb,5,5,,浅间弥太郎,浅間 弥太郎,Asama Yatarou,,男,A,,Galgame,Galgame,それは舞い散る桜のように,,2002,Galgame,"[{""t"":""それは舞い散る桜のように"",""cn"":"""",""ty"":""Galgame"",""y"":2002,""pop"":139},{""t"":""それは舞い散る桜のように"",""cn"":""繁花落舞恋如樱"",""ty"":""Galgame"",""y"":2002,""pop"":0},{""t"":""それは舞い散る桜のように-Re:BIRTH-"",""cn"":""繁花落舞恋如樱-Re:BIRTH-"",""ty"":""Galgame"",""y"":2023,""pop"":0}]",舞人の担任。担当教科は保健体育。 生真面目で直情型の熱血教師。 学生たちから「鬼浅間」と呼ばれ恐れられているが、心底憎まれているわけではない。,139,0,139,0,,https://t.vndb.org/ch/33/148233.jpg,https://t.vndb.org/ch/33/148233.jpg,,#434870 #dfc2ab #9a8d8e #d7d4da #f1f0f1 #ffffff,Homeroom Teacher,,https://bgm.tv/character/34797,https://vndb.org/c126005,34797
vndb-c103280,vndb,5,5,,,グレーテ,Grette,Dr. Grette / Grette Cornish / グレーテ先生,女,AB,,Galgame,Galgame,-HAPPY SAIN† SHEOL- ハッピーセイント・シェオル,,2022,Galgame,"[{""t"":""-HAPPY SAIN† SHEOL- ハッピーセイント・シェオル"",""cn"":"""",""ty"":""Galgame"",""y"":2022,""pop"":132},{""t"":""HAPPY SAIN† SHEOL ～亡者少女マヤ～"",""cn"":"""",""ty"":""Galgame"",""y"":2026,""pop"":1}]","The auxiliary bishop of the Health Department. Grette is a therapist who often offers counseling to priests in need, and always has a warm, kind aura around her.",132,0,132,0,,https://t.vndb.org/ch/71/158771.jpg,https://t.vndb.org/ch/71/158771.jpg,,#837272 #ada4a2 #d0c9cb #f1eeef #f9f7f9,Brown Shoulder-length Teen Slim Pale Sweater Cooking Assault Green Scar,,,https://vndb.org/c103280,
bgm-bgm134039,vndb,5,5,,,風魔 環太郎,Fuuma Kantarou,,男,,,Galgame,Galgame,エヴォリミット,,2010,Galgame,"[{""t"":""エヴォリミット"",""cn"":"""",""ty"":""Galgame"",""y"":2010,""pop"":129},{""t"":""エヴォリミット"",""cn"":"""",""ty"":""Galgame"",""y"":2010,""pop"":0}]",諜報部の部長。主人公である不知火義一にとって、都市でできた最初の男友達。 穏やかでやや引っ込み思案なきらいがある。 忍者のコスプレは、自分のせいで 『地味な部活』 と思われる諜報部のプロモーション。 固有能力は「空気の圧縮」。 「……だ、だから……ちょっとでも、目立って……宣伝になれば、いいかなって……ぶ、部長だから……」,129,0,129,0,,https://t.vndb.org/ch/09/1109.jpg,https://t.vndb.org/ch/09/1109.jpg,,#b94343 #3a3741 #9e9190 #e4d4c5 #ffffff,Violet Short Pale Fighting Black Keikogi Scarf Bracer Ore Rape,,https://bgm.tv/character/134039,https://vndb.org/c1059,134039
bgm-bgm24446,vndb,5,5,,奥野薪人,奥野 薪人,Ouno Makito,マッキー / モチカ,男,O,,Galgame,Galgame,ハーヴェストオーバーレイ,,2014,Galgame,"[{""t"":""ハーヴェストオーバーレイ"",""cn"":"""",""ty"":""Galgame"",""y"":2014,""pop"":129},{""t"":""ハーヴェストオーバーレイ"",""cn"":"""",""ty"":""Galgame"",""y"":2014,""pop"":0},{""t"":""ハーヴェストオーバーレイ リコネクション"",""cn"":"""",""ty"":""Galgame"",""y"":2014,""pop"":0}]",以前は 『チェリー・ブロッサム』 というARゲームにかなり熱を上げていたが、そのサービスが終わってしまって今は少し無気力になっている。 熱中するととことんまでのめり込むが、そうでない時はぐうたら。 人付き合いもそこそこするが、それより妹が心配でいつも傍にいる。 ゲームスタイルは、勝つことではなく、いかに楽しくプレイするかということを大事にしている。,129,0,129,1,,https://t.vndb.org/ch/00/78100.jpg,https://t.vndb.org/ch/00/78100.jpg,,#0974f2 #04a8fc #054cec #273c8c #75c5d5 #f1eee0,Violet Short Straight Teen Slim Pale School Uniform Cooking Fighting Amnesia,,https://bgm.tv/character/24446,https://vndb.org/c18185,24446
vndb-c12224,vndb,5,5,,,水梳 葉月,Minasuki Hazuki,,女,,,Galgame,Galgame,ないしょのないしょ！,,2012,Galgame,,"Tiny Light Plump Oniichan, mom, and sweets.",127,0,127,0,,https://t.vndb.org/ch/02/14402.jpg,https://t.vndb.org/ch/02/14402.jpg,,#8b7c7d #bdb0b0 #ded6d5 #f4eee8 #f7f8f8,White Long Slim Pale Virgin Sex Blue Kid Dress Shy Full Sister,,,https://vndb.org/c12224,
vndb-c12227,vndb,5,5,,,水梳 恋,Minasuki Ren,,女,,,Galgame,Galgame,ないしょのないしょ！,,2012,Galgame,,"Tiny Light Small Nii-nii, mom, and milk.",127,0,127,0,,https://t.vndb.org/ch/06/14406.jpg,https://t.vndb.org/ch/06/14406.jpg,,#b0867d #d6b5ab #f2d7d6 #f8f0e5 #f9f8f7,Blond Waist Length+ Wavy Slim Pale Virgin Sex Blue Kid Dress Airhead,,,https://vndb.org/c12227,
vndb-c36131,vndb,5,5,,,千賀 皐月,Chiga Satsuki,,女,,,Galgame,Galgame,Glass Heart Princess,,2012,Galgame,"[{""t"":""Glass Heart Princess"",""cn"":"""",""ty"":""Galgame"",""y"":2012,""pop"":118},{""t"":""Glass Heart Princess: Platinum"",""cn"":"""",""ty"":""Galgame"",""y"":2013,""pop"":58}]","The protagonist's maid. She's a bit of an otaku and tries to help the protagonist in her love pursuits by recommending shoujo manga and romance movies. She was 19 in the first game, and had her birthday in the fandisc.",118,0,118,0,,https://t.vndb.org/ch/64/185364.jpg,https://t.vndb.org/ch/64/185364.jpg,,#352a30 #c4bcb6 #e9e0d9 #888384 #f7f3e9 #ffffff,Long Amber Young-adult Otaku Planning Bullying Friend Maid Teasing Maid's Dress,,,https://vndb.org/c36131,
bgm-bgm62164,vndb,5,5,,,地遊尼 ラム,Jiyuuni Ramu,ラミエル,男,A,,Galgame,Galgame,まおてん,,2018,Galgame,"[{""t"":""まおてん"",""cn"":"""",""ty"":""Galgame"",""y"":2018,""pop"":118},{""t"":""まおてん"",""cn"":"""",""ty"":""Galgame"",""y"":2018,""pop"":0}]",破壊神が人間界に出現したことにより、天界より魔族の監視役として派遣された天使の少年。 天使だけあって魔族全般には強いが、戦闘部には属していないためカリンには負ける。 人間、ひいては人間界のこと見下している態度をとる。 その反面、天界にはなかった機械には興味津々で監視役の仕事を忘れることもたびたび。 ※「地遊尼」とは天界の者の地上における偽名の総称であり、ゆうりと血縁があるわけではない。 「人間界……雑然として煩わしいですね。人間と同じ」,118,0,118,9,,https://t.vndb.org/ch/91/87291.jpg,https://t.vndb.org/ch/91/87291.jpg,,#fccd4d #8aa1aa #cfceaf #eee4d8 #f8f4f1 #ffffff,Shoulder-length Straight Green Trap Teen Slim Pale School Uniform Sweater Trousers,,https://bgm.tv/character/62164,https://vndb.org/c63990,62164
vndb-c12275,vndb,5,5,,,鉄 勇二,Kurogane Yuuji,マスターエイト / Master Eight,男,,,Galgame,Galgame,学☆王 -THE ROYAL SEVEN STARS-,,2012,Galgame,,"Height/I-I'm still growing!! (I'll be taller soon!) His favourite Sherbet ice. His disliked Green peas. The subject he Chemistry. The youngest ""Eleven Master"" and Hinayu's childhood friend.",110,0,110,0,,https://t.vndb.org/ch/60/14460.jpg,https://t.vndb.org/ch/60/14460.jpg,,#7f635f #b2a38b #c8ccd5 #e4e6e8 #f7f7f2 #ffffff,Brown Short Brown Slim Pale Kid T-shirt Shorts Childhood Friend Scientist,,,https://vndb.org/c12275,
vndb-c113882,vndb,5,5,,,,Qasim London,Detective London,男,B,,Galgame,Galgame,of the Devil,,2025,Galgame,,"A bit taller, a bit more experienced, and a lot wiser than he looks, Qasim London has been a cop for decades and a pragmatist his whole life.",109,0,109,0,,https://t.vndb.org/ch/86/136686.jpg,https://t.vndb.org/ch/86/136686.jpg,,#5f4229 #a69177 #cbc7a0 #dfddbe #ffffff,Blond Short Slim Dress Shoes Green Adult Dark Trench Coat Earrings Handgun,,,https://vndb.org/c113882,
al88751,anilist,5,5,,波岛出海,波島出海,Izumi Hashima,,女,,14,动画|漫画|轻小说,动画,冴えない彼女の育てかた,路人女主的养成方法,2015,动画,"[{""t"":""冴えない彼女の育てかた"",""cn"":""路人女主的养成方法"",""ty"":""动画"",""y"":2015,""pop"":178748},{""t"":""冴えない彼女の育てかた ♭"",""cn"":"""",""ty"":""动画"",""y"":2017,""pop"":104510},{""t"":""冴えない彼女の育てかた Fine"",""cn"":"""",""ty"":""动画"",""y"":2019,""pop"":59152},{""t"":""冴えない彼女の育てかた"",""cn"":""路人女主的养成方法"",""ty"":""轻小说"",""y"":2012,""pop"":3047},{""t"":""冴えない彼女の育てかた ～egoistic-lily～"",""cn"":"""",""ty"":""漫画"",""y"":2013,""pop"":1578},{""t"":""冴えない彼女の育てかた Girls Side"",""cn"":"""",""ty"":""漫画"",""y"":2016,""pop"":473}]",单行本第三集新登场的人物，就读国中三年级，身材娇小、留着双马尾却拥有巨乳。是安艺伦也的儿时玩伴，同样也参与同人志创作。 具有很强的同人志创作才能，甚至曾引起英梨梨的嫉妒，不过由于不擅长宣传所以读者群偏小。 对男主角的称呼为伦也学长。,108,108,0,101,,https://s4.anilist.co/file/anilistcdn/character/large/b88751-khwBIeaerKGj.png,https://s4.anilist.co/file/anilistcdn/character/medium/b88751-khwBIeaerKGj.png,,,,https://anilist.co/character/88751,https://bgm.tv/character/24096,,24096
bgm-bgm40051,vndb,5,5,,月永雷欧,月永 レオ,Tsukinaga Leo,月永 雷歐 / 츠키나가 레오,男,O,,游戏|Galgame,Galgame,あんさんぶるスターズ！,,2015,Galgame,"[{""t"":""あんさんぶるスターズ！"",""cn"":"""",""ty"":""Galgame"",""y"":2015,""pop"":108},{""t"":""あんさんぶるガールズ！"",""cn"":"""",""ty"":""Galgame"",""y"":2012,""pop"":3},{""t"":""あんさんぶるスターズ!  ユニットソングCD 第2弾 vol.03 Knights"",""cn"":"""",""ty"":""音乐"",""y"":2016,""pop"":0},{""t"":""メルクストーリア - 癒術士と鈴のしらべ -"",""cn"":""梅露可物语 - 愈术士与铃之旋律 -"",""ty"":""游戏"",""y"":2014,""pop"":0},{""t"":""あんさんぶるスターズ! アルバムシリーズ Knights"",""cn"":"""",""ty"":""音乐"",""y"":2018,""pop"":0},{""t"":""あんさんぶるスターズ! ユニットソングCD Vol.2 Knights"",""cn"":"""",""ty"":""音乐"",""y"":2015,""pop"":0}]",2年生の春休みから不登校状態。妹と妄想（インスピレーション）を愛し、様々なものから常に刺激を求めているため神出鬼没。作曲を得意とし、自他共に認める音楽の天才。妹の前では騎士として振る舞っているため、妹は兄の本質を知らない。ユニット『Knights』に所属し、リーダーを務めている。,108,0,108,21,,https://t.vndb.org/ch/21/140221.jpg,https://t.vndb.org/ch/21/140221.jpg,,#ea6d52 #b35e46 #664f43 #1c1d27 #b0a092 #e9e1d9,Ponytail Shoulder-length Teen Pale Green Ore Driving Son Singing Idol,,https://bgm.tv/character/40051,https://vndb.org/c117882,40051
bgm-bgm99728,vndb,5,5,,,恩佐·肯特,Enzo Kent,,男,,,Galgame,Galgame,海沙风云,,2021,Galgame,"[{""t"":""海沙风云"",""cn"":"""",""ty"":""Galgame"",""y"":2021,""pop"":107},{""t"":""海沙风云"",""cn"":""海沙风云"",""ty"":""Galgame"",""y"":2021,""pop"":0}]",贝让最大的黑道组织“卡勒瓦”的现任会长，大家族肯特家的现继承者，地下世界的老大，与沃尔夫派等其他黑帮敌对。 扮相绅士，经受过良好教育，但实则是举手投足间都散发着危险气息的资深恶党。 喜欢从高处俯视窗外的城市。 非常讨厌格拉迦姆人。,107,0,107,1,,https://t.vndb.org/ch/79/192079.jpg,https://t.vndb.org/ch/79/192079.jpg,,#b8aea7 #787573 #ded6d1 #f7f1ee #1c1c1c #ffffff,Planning Noble Patriotic Gang Leader Monocle Sly,,https://bgm.tv/character/99728,https://vndb.org/c103259,99728
bgm-bgm34364,vndb,5,5,,出云霞,出雲 霞,Izumo Kasumi,,女,A,,Galgame,Galgame,恋愛フェイズ,,2015,Galgame,"[{""t"":""恋愛フェイズ"",""cn"":"""",""ty"":""Galgame"",""y"":2015,""pop"":101},{""t"":""恋愛フェイズ"",""cn"":"""",""ty"":""Galgame"",""y"":2015,""pop"":0}]",“美人”、“お嬢様”、“毒舌” で有名な女の子。 物静かな印象だが口を開くと毒舌なため、自他ともに近づこうとする人は少ない。 成績はかなり優秀だが、運動は苦手な様子。 今まで他人に弱みや素顔を見せたことがないため、なかなか素直になれない。 付き合うようになった後も素直になれず、意地を張り合って主導権を奪い合うような恋愛に。 知識不足のため色々と残念なことになってしまい、悔しがりながらも結局はデレてしまう。 「どうして貴方みたいな人と…… いえいえダーリン？ 愛していますよ？」,101,0,101,8,,https://t.vndb.org/ch/69/41669.jpg,https://t.vndb.org/ch/69/41669.jpg,,#633355 #a48daf #ccc1d9 #e6e1eb #f7f5f6 #ffffff,White Waist Length+ Teen Slim Pale School Uniform Missionary Scarf Thigh-high Stockings Tsundere,,https://bgm.tv/character/34364,https://vndb.org/c34626,34364
bgm-bgm23554,vndb,5,5,,,牧ノ瀬 真依,Makinose Mai,,女,B,,Galgame,Galgame,恋する姉妹の六重奏,,2014,Galgame,"[{""t"":""恋する姉妹の六重奏"",""cn"":"""",""ty"":""Galgame"",""y"":2014,""pop"":98},{""t"":""恋する姉妹の六重奏"",""cn"":""恋爱姐妹六重奏"",""ty"":""Galgame"",""y"":2014,""pop"":0}]",駅前にある商店街の飲食店・大福飯店 の長女。 翔馬とはクラスメイトで、お互い気さくに話し合える仲。 幼い頃から料理が好きで、料理に注ぐ情熱は並々ならぬものがある。 サバサバとした明るい性格で、女子から告白された経験も多数。 「ふふっ、だから言ったじゃん。ウチの料理は神奈川一美味しいって」,98,0,98,3,,https://t.vndb.org/ch/61/21561.jpg,https://t.vndb.org/ch/61/21561.jpg,,#844e63 #7b9ccb #d1bbca #e7e0ea #f8f6f2 #ffffff,Brown Ponytail Long Teen Slim Pale School Uniform Hard Worker Cooking Cowgirl,,https://bgm.tv/character/23554,https://vndb.org/c17015,23554
bgm-bgm106429,vndb,5,5,,,八坂 かのん,Yasaka Kanon,,女,O,,Galgame,Galgame,ネコと女子寮せよ！,,2022,Galgame,"[{""t"":""ネコと女子寮せよ！"",""cn"":"""",""ty"":""Galgame"",""y"":2022,""pop"":97},{""t"":""ネコと女子寮（ワカイ）せよ！"",""cn"":""女仆咖啡厅与魔法女子寮"",""ty"":""Galgame"",""y"":2022,""pop"":0}]",主人公・勇気の双子の妹。 学園の２年生で帰宅部。クラスメイト。 美しい容姿で成績優秀で運動神経抜群。基本的な家事もこなせるがいつも無気力。普段からぽやーっとしており口数も少なく、端から何を考えているのかわからないところがある。 勇気にベッタリで、しょっちゅう彼の服の裾を掴んで行動している。 勇気の言うことには絶対従うところがあり、逆に勇気以外の人間にはあまり興味が無い。寝る時は全裸。 主に回復や支援の魔法を使うことができる。,97,0,97,10,,https://t.vndb.org/ch/22/126022.jpg,https://t.vndb.org/ch/22/126022.jpg,,#aabde5 #d4cdd6 #f7f3f1 #ebe7e9 #ffffff,Blue White Ahoge Long Teen Slim Pale Magician Cowgirl Blowjob,,https://bgm.tv/character/106429,https://vndb.org/c104590,106429
bgm-bgm106435,vndb,5,5,,,八坂 勇気,Yasaka Yuuki,,男,O,,Galgame,Galgame,ネコと女子寮せよ！,,2022,Galgame,"[{""t"":""ネコと女子寮せよ！"",""cn"":"""",""ty"":""Galgame"",""y"":2022,""pop"":97},{""t"":""ネコと女子寮（ワカイ）せよ！"",""cn"":""女仆咖啡厅与魔法女子寮"",""ty"":""Galgame"",""y"":2022,""pop"":0}]",本作の主人公。学園の２年生で帰宅部。「八坂 かのん」の双子の兄であり、父親が他界している八坂家では唯一の男手である。 幼い頃から寮の仕事の手伝いをしており、女子に囲まれた生活を送ってきているせいもあって、女の子の扱いには慣れているところがある。 生まれつきレベル１程度の各種魔法を扱うことが出来る。レベル１なので大したことは出来ず、魔法が使えること自体は世間には内緒にしており、八坂家しか知らない。 正義感が強く、困った人を見ると助けずにはいられない。,97,0,97,0,,https://t.vndb.org/ch/95/131695.jpg,https://t.vndb.org/ch/95/131695.jpg,,#3e4144 #9f9fa1 #cdcccb #ffffff,Black Magician Blue Necktie Ore Husband Father Full Brother Twin Brother Injury,,https://bgm.tv/character/106435,https://vndb.org/c104596,106435
vndb-c143327,vndb,5,5,,,,Blue,,女,,,Galgame,Galgame,WVM,,2025,Galgame,,,96,0,96,0,1,https://t.vndb.org/ch/98/175498.jpg,https://t.vndb.org/ch/98/175498.jpg,,#72473c #18132e #806d70 #b29baa #f8dee1 #e0c4cb,Blue Long Young-adult Olive Shy Twin Sister Friend One Piece Swimsuit Mole Executive,,,https://vndb.org/c143327,
vndb-c143326,vndb,5,5,,,,Orange,,女,,,Galgame,Galgame,WVM,,2025,Galgame,,,96,0,96,0,,https://t.vndb.org/ch/99/175499.jpg,https://t.vndb.org/ch/99/175499.jpg,,#bb3207 #633626 #a8775b #2c160f #6d5c5a #bca9a7,Long Amber Young-adult Olive Friendly Twin Sister Friend Cook Teasing Teasing,,,https://vndb.org/c143326,
bgm-bgm186310,vndb,5,5,,,五十鈴 蓋子,Isuzu Futako,,女,,,Galgame,Galgame,クラス全員マヂでゆり？！ ～私達のレズおっぱいは貴女のモノ・女子全員潮吹き計画～,,2013,Galgame,"[{""t"":""クラス全員マヂでゆり？！ ～私達のレズおっぱいは貴女のモノ・女子全員潮吹き計画～"",""cn"":"""",""ty"":""Galgame"",""y"":2013,""pop"":94},{""t"":""クラス全員マヂでゆり?! ～私達のレズおっぱいは貴女のモノ・女子全員潮吹き計画～"",""cn"":"""",""ty"":""Galgame"",""y"":2013,""pop"":0}]",郷土史家＋理事長＝用務員さん。 凰翔綾音の家と双肩をなす地元の資産家の娘。 末っ子なので好き放題やっていたがいまは理事長をやらされている。 でも学園の修繕など雑多な業務を率先して行っている姿がよく見かけられるので、生徒からは用務員さんと間違われている。 ちなみに郷土史家が本業と言い張っている。 可愛い女の子を見かけるとすぐに声をかけてくる。 放課後に学生が理事長室に呼び出され、エッチな事をされるという噂も流れている。,94,0,94,0,,https://t.vndb.org/ch/40/14240.jpg,https://t.vndb.org/ch/40/14240.jpg,,#ecdfc5 #cae0f1 #44404b #97969d #f2f1ed #ffffff,Shoulder-length Slim Pale Cunnilingus Red Young-adult Necktie Shirt Vest Wristband,,https://bgm.tv/character/186310,https://vndb.org/c12100,186310
vndb-c37686,vndb,5,5,,,猿飛 咲助,Sarutobi Sasuke,,男,,,Galgame,Galgame,忍び、恋うつつ,,2014,Galgame,"[{""t"":""忍び、恋うつつ"",""cn"":"""",""ty"":""Galgame"",""y"":2014,""pop"":94},{""t"":""忍び、恋うつつ ― 甘蜜花絵巻 ―"",""cn"":"""",""ty"":""Galgame"",""y"":2017,""pop"":24}]",,94,0,94,0,,https://t.vndb.org/ch/00/71900.jpg,https://t.vndb.org/ch/00/71900.jpg,,#e05562 #bc8493 #734c5d #d9bfbb #f7f2d4 #fefefe,Red Shoulder-length Teen Blue Scarf Tsundere Ore Outgoing Friendly Ninja,,,https://vndb.org/c37686,
bgm-bgm125242,vndb,5,5,,力丸真红郎,力丸 真紅郎,Rikimaru Shinkurou,Magurou / マグロー / マグロー,男,O,,Galgame,Galgame,想い出にかわる君 ～メモリーズオフ～,,2002,Galgame,"[{""t"":""想い出にかわる君 ～メモリーズオフ～"",""cn"":"""",""ty"":""Galgame"",""y"":2002,""pop"":87},{""t"":""想い出にかわる君 〜Memories Off〜"",""cn"":""沦为回忆的你 ~秋之回忆~"",""ty"":""Galgame"",""y"":2002,""pop"":0}]",扉的后辈，家里开着鱼店，目标是成为男人中的男人！,87,0,87,0,,https://t.vndb.org/ch/99/106699.jpg,https://t.vndb.org/ch/99/106699.jpg,,#8dae1f #cabd91 #e8deb8 #eeebdc #fefefd,Brown Short Brown Teen Slim Pale T-shirt Shorts Sports Shoes Full Brother,,https://bgm.tv/character/125242,https://vndb.org/c11646,125242
bgm-bgm87823,bangumi,5,5,,大川村宁,大川村寧,Nei Ookawamura,,其他,AB,,动画|漫画|游戏,漫画,魔都精兵のスレイブ,魔都精兵的奴隶,2019,漫画,"[{""t"":""魔都精兵のスレイブ"",""cn"":""魔都精兵的奴隶"",""ty"":""漫画"",""y"":2019,""pop"":0},{""t"":""魔都精兵のスレイブ2"",""cn"":""魔都精兵的奴隶 第二季"",""ty"":""动画"",""y"":2026,""pop"":0},{""t"":""魔都精兵のスレイブ"",""cn"":""魔都精兵的奴隶"",""ty"":""动画"",""y"":2024,""pop"":0},{""t"":""苍雾残响"",""cn"":""苍雾残响"",""ty"":""游戏"",""y"":2023,""pop"":0}]",七番組隊員。組の最年少・11歳ながら、先に入隊した上司として優希を気にかける。千里眼のような力で隊を補佐。,65,0,0,65,,,,,,,,https://bgm.tv/character/87823,,87823
al1252,anilist,5,5,,青叶茂,青葉シゲル,Shigeru Aoba,,男,,,动画,动画,新世紀エヴァンゲリオン,新世纪福音战士,1995,动画,"[{""t"":""新世紀エヴァンゲリオン"",""cn"":""新世纪福音战士"",""ty"":""动画"",""y"":1995,""pop"":494637},{""t"":""新世紀エヴァンゲリオン劇場版 Air/まごころを、君に"",""cn"":""新世纪福音战士剧场版 Air/真心为你"",""ty"":""动画"",""y"":1997,""pop"":253351},{""t"":""ヱヴァンゲリヲン新劇場版:序"",""cn"":""福音战士新剧场版：序"",""ty"":""动画"",""y"":2007,""pop"":144872},{""t"":""ヱヴァンゲリヲン新劇場版:破"",""cn"":""福音战士新剧场版：破"",""ty"":""动画"",""y"":2009,""pop"":134199},{""t"":""ヱヴァンゲリヲン新劇場版:Q"",""cn"":"""",""ty"":""动画"",""y"":2012,""pop"":123242},{""t"":""シン・エヴァンゲリオン劇場版:||"",""cn"":"""",""ty"":""动画"",""y"":2021,""pop"":117586}]","Shigeru Aoba is First Lieutenant at NERV and a computer technician. At times a stereotypical metal head, he is a nihilist and plays guitar (he can also sometimes be seen strumming an air guitar).",59,59,0,5,,https://s4.anilist.co/file/anilistcdn/character/large/1252-gSQPK15PSOl9.png,https://s4.anilist.co/file/anilistcdn/character/medium/1252-gSQPK15PSOl9.png,,,,https://anilist.co/character/1252,https://bgm.tv/character/7393,,7393
al84917,anilist,5,5,,,ポーラ・マッコイ,Paula McCoy,White Fang,女,,15-16,动画|漫画,动画,ニセコイ：,伪恋,2015,动画,"[{""t"":""ニセコイ："",""cn"":""伪恋"",""ty"":""动画"",""y"":2015,""pop"":165810},{""t"":""ニセコイ"",""cn"":""伪恋"",""ty"":""漫画"",""y"":2011,""pop"":56560},{""t"":""マジカルパティシエ小咲ちゃん!!"",""cn"":"""",""ty"":""漫画"",""y"":2014,""pop"":2216}]",**** 147 cm Foreigner who is a classmate of [Haru Onodera](//anilist.co/character/84911/Haru-Onodera). She was also an old acquaintance of [Seishirou Tsugumi](//anilist.co/character/58885/Seishirou-Tsugumi) in America.,54,54,0,0,,https://s4.anilist.co/file/anilistcdn/character/large/b84917-DRxJlsi4C5Qj.png,https://s4.anilist.co/file/anilistcdn/character/medium/b84917-DRxJlsi4C5Qj.png,,,,https://anilist.co/character/84917,,,
bgm-bgm72654,bangumi,5,5,,关野露子,関野ロコ,Sekino Roko,关野萝可,其他,B,,动画|漫画|游戏,动画,おちこぼれフルーツタルト,满溢的水果挞,2020,动画,"[{""t"":""おちこぼれフルーツタルト"",""cn"":""满溢的水果挞"",""ty"":""动画"",""y"":2020,""pop"":0},{""t"":""きららファンタジア"",""cn"":""闪耀幻想曲"",""ty"":""游戏"",""y"":2017,""pop"":0},{""t"":""おちこぼれフルーツタルト"",""cn"":""满溢的水果挞"",""ty"":""漫画"",""y"":2016,""pop"":0}]",高中二年级生，前童星。 7年前以“花椰子”的身份演出广告大受欢迎，但本人对于过了7年仍摆脱不掉花椰子的形象一事感到不满，同时也很在意自己的身高过矮。 かつては有名子役として一世を風靡したが、今は売れない元子役の高校二年生。大人ぶってはいるが実際は子供っぽい性格で、小柄なことを気にしている。,28,0,0,28,,,,,,,,https://bgm.tv/character/72654,,72654
bgm-bgm85997,bangumi,5,5,,,水無月あいる,,,其他,,,Galgame,Galgame,うちの主は妖怪の常識を知らない,我家大小姐不懂妖怪的常识,2021,Galgame,,あまのじゃくなお嬢様。素直になれない自分のことが少し嫌い。なんであんなこと言っちゃったんだろうと後悔する事も多々ある。人前では凛として優しい、だけど時々、毒を吐くため友達は少ない。まだ妖怪の力を制御しきれず感情が高まると角が見え隠れ……。,24,0,0,24,1,,,,,,,https://bgm.tv/character/85997,,85997
bgm-bgm61069,bangumi,5,5,,伊莉亚·奥恩斯坦,イリヤ・オーンスタイン,Ilya Onstein,yly，那个女人,其他,A,,动画|游戏,动画,プリンセスコネクト！Re:Dive,公主连结 Re:Dive,2020,动画,"[{""t"":""プリンセスコネクト！Re:Dive"",""cn"":""公主连结 Re:Dive"",""ty"":""动画"",""y"":2020,""pop"":0},{""t"":""プリンセスコネクト！Re:Dive"",""cn"":""公主连结 Re:Dive"",""ty"":""游戏"",""y"":2018,""pop"":0},{""t"":""シャドウバース"",""cn"":""影之诗"",""ty"":""游戏"",""y"":2016,""pop"":0},{""t"":""プリンセスコネクト！"",""cn"":""公主连结"",""ty"":""游戏"",""y"":2015,""pop"":0},{""t"":""プリンセスコネクト！Re:Dive Season 2"",""cn"":""公主连结 Re:Dive 第二季"",""ty"":""动画"",""y"":2022,""pop"":0}]",わらわこそ夜を統べる者、イリヤ・オーンスタイン！ こたびの働きを評価し、お主を我が眷属としてやろう！ 高飛車で尊大な自信家。かつて軍団を率いていただけのカリスマ性を有し、わらわ口調で喋り「ナーッハッハッハッ！」と高笑いする。 一見酷薄に見えるが、内面は情が深く仲間思いで、自分を信頼してくれる人を何よりも大事にする義理堅さがある。 普段は子供の姿であり、魔物一匹倒せないほど弱体化している。何らかの影響で魔力が満ちた時に元の姿に戻るが、長続きはせずすぐに子供の姿になってしまう。,24,0,0,24,,,,,,,,https://bgm.tv/character/61069,,61069
bgm-bgm10355,bangumi,5,5,,赛门·布里兹涅夫,サイモン・ブレジネフ,Simon Brezhnev,,其他,O,,动画|漫画,漫画,デュラララ!!,无头骑士异闻录,2004,漫画,"[{""t"":""デュラララ!!"",""cn"":""无头骑士异闻录"",""ty"":""漫画"",""y"":2004,""pop"":0},{""t"":""デュラララ!!"",""cn"":""无头骑士异闻录"",""ty"":""动画"",""y"":2010,""pop"":0},{""t"":""デュラララ!!×2 承"",""cn"":""无头骑士异闻录×2 承"",""ty"":""动画"",""y"":2015,""pop"":0},{""t"":""デュラララ!!×2 転"",""cn"":""无头骑士异闻录×2 转"",""ty"":""动画"",""y"":2015,""pop"":0},{""t"":""デュラララ!!×2 結"",""cn"":""无头骑士异闻录×2 结"",""ty"":""动画"",""y"":2016,""pop"":0},{""t"":""デュラララ!!×2 結 デュフフフ!!"",""cn"":""无头骑士异闻录×2 结 DuFuFuFu!!"",""ty"":""动画"",""y"":2016,""pop"":0}]",,22,0,0,22,,,,,,,,https://bgm.tv/character/10355,,10355
bgm-bgm28394,bangumi,5,5,,火野莱卡,火野ライカ,Hino Raika,火野来夏,其他,,,动画|漫画|游戏,漫画,緋弾のアリアAA,绯弹的亚里亚AA,2011,漫画,"[{""t"":""緋弾のアリアAA"",""cn"":""绯弹的亚里亚AA"",""ty"":""漫画"",""y"":2011,""pop"":0},{""t"":""緋弾のアリアAA"",""cn"":""绯弹的亚里亚AA"",""ty"":""动画"",""y"":2015,""pop"":0},{""t"":""緋弾のアリアAA キャラクターソングCD Vol.2"",""cn"":"""",""ty"":""音乐"",""y"":2016,""pop"":0},{""t"":""TVアニメ「緋弾のアリアAA」キャラクターソング集"",""cn"":""绯弹的亚里亚AA角色歌专辑"",""ty"":""音乐"",""y"":2015,""pop"":0},{""t"":""アカシックリコード"",""cn"":""Akashic Re:cords"",""ty"":""游戏"",""y"":2016,""pop"":0}]",东京武侦高中1年A班强袭科，等级为B级。 原作小说的漫画版外篇《绯弹的亚里亚AA》中的角色。 间宫明里的好友，擅长CQC格斗术，被亚里亚称赞过相当具有资质。 近身格斗技巧在班上名列前茅，甚至胜过大部分男同学，因此有“男人婆”的称号，被班上男同学私下票选为最不想与她交往的女性第一名。 与帅气的外表不符，喜欢可爱的事物、服装与少女漫画。 在半不情愿的情况下与岛麒麟缔结战姊妹契约，但当麒麟与前战姊理子亲近时会吃醋。 经常被麒麟调戏，表面上说让她不要靠近其实很喜欢她。,21,0,0,21,,,,,,,,https://bgm.tv/character/28394,,28394
bgm-bgm12448,bangumi,5,5,,,リノワール,,リノ＝レノ,其他,,,Galgame,Galgame,太陽のプロミア,,2011,Galgame,"[{""t"":""太陽のプロミア"",""cn"":"""",""ty"":""Galgame"",""y"":2011,""pop"":0},{""t"":""『太陽のプロミア』メッセサンオー特典CD"",""cn"":"""",""ty"":""音乐"",""y"":2011,""pop"":0},{""t"":""『太陽のプロミア』 市販ドラマCD"",""cn"":"""",""ty"":""音乐"",""y"":2011,""pop"":0}]",谜之侵略者二号。 与天真烂漫的外表相反，她的职位比ジゼル更高，担任侵略ミルサント的指挥官。 总是像小恶魔般地微笑，把对ミルサント的侵略当做游戏。 享乐主义，爱撒娇。 性方面表现得特别直接。而且，不论男女，都表现出过度的亲昵。 和很早以前侵略ミルサント的 “魔兽王リノワール” 同名。,18,0,0,18,,,,,,,,https://bgm.tv/character/12448,,12448
bgm-bgm87252,bangumi,5,5,,奥山堇,奥山すみれ,SUMIRE OKUYAMA,,其他,,,动画|游戏,游戏,IDOLY PRIDE,偶像荣耀,2021,游戏,"[{""t"":""IDOLY PRIDE"",""cn"":""偶像荣耀"",""ty"":""游戏"",""y"":2021,""pop"":0},{""t"":""IDOLY PRIDE"",""cn"":""偶像荣耀"",""ty"":""动画"",""y"":2021,""pop"":0}]",中学生とは思えないほどしっかりとした、元天才子役。 実家山形から通っているが、その苦労をおくびにもださずに笑顔を見せる。 普段は中学生らしいハツラツさを見せ、気を抜くと方言が出てしまうことも。,18,0,0,18,,,,,,,,https://bgm.tv/character/87252,,87252
bgm-bgm35337,bangumi,5,5,,梅伊,メイ,May,,其他,B,,游戏,游戏,GUILTY GEAR Xrd -REVELATOR-,罪恶装备 未知次元 -启示者-,2015,游戏,"[{""t"":""GUILTY GEAR Xrd -REVELATOR-"",""cn"":""罪恶装备 未知次元 -启示者-"",""ty"":""游戏"",""y"":2015,""pop"":0},{""t"":""GUILTY GEAR -STRIVE-"",""cn"":""罪恶装备 -奋战-"",""ty"":""游戏"",""y"":2021,""pop"":0},{""t"":""GUILTY GEAR"",""cn"":""罪恶装备"",""ty"":""游戏"",""y"":1998,""pop"":0},{""t"":""GUILTY GEAR Xrd -SIGN-"",""cn"":""罪恶装备 未知次元 -征兆-"",""ty"":""游戏"",""y"":2014,""pop"":0},{""t"":""카운터사이드"",""cn"":""异界事务所"",""ty"":""游戏"",""y"":2020,""pop"":0},{""t"":""GUILTY GEAR X"",""cn"":""罪恶装备X"",""ty"":""游戏"",""y"":2000,""pop"":0}]",明朗快活な性格で細かい事は気にしない。難しい事を考える前に，行動を起こすことを信条としており，その活発な行動力に仲間たちが振り回される場面もしばしば見受けられる。しかし，彼女の言動に呆れと疲れを感じながらも常に前向きなメイの姿勢は周囲の人間に元気を与えている。（CV：こおろぎさとみ）,16,0,0,16,,,,,,,,https://bgm.tv/character/35337,,35337
bgm-bgm77768,bangumi,5,5,,枫,カエデ,Kaede,,其他,A,,动画|Galgame,Galgame,ラピスリライツ ～この世界のアイドルは魔法が使える～,七千兆亿的星空,2021,Galgame,"[{""t"":""ラピスリライツ ～この世界のアイドルは魔法が使える～"",""cn"":""七千兆亿的星空"",""ty"":""Galgame"",""y"":2021,""pop"":0},{""t"":""Lapis Re:LiGHTs ラピスリライツ"",""cn"":""宝石幻想 光芒重现"",""ty"":""动画"",""y"":2020,""pop"":0}]",三姉妹の三女ながら一番のしっかり者で、この花は乙女のツッコミ役。姉たちが変わり者なせいか、頼りになる年上の人に憧れている。占い研究会に所属する占いマニア。 部活・委員会: 占い研究会 趣味: 占い 好きなもの: 頼りになる年上の人、キツネ 嫌いなもの: 納豆 家族構成: 父、母、姉が二人 特技:おキツネ占い,15,0,0,15,,,,,,,,https://bgm.tv/character/77768,,77768
al5749,anilist,5,5,1982,川村幸子,川村幸子,Sachiko Kawamura,,女,O,18,动画|漫画|Galgame,动画,NANA-ナナ-,NANA ～世上的另一个我～,2006,动画,"[{""t"":""NANA-ナナ-"",""cn"":""NANA ～世上的另一个我～"",""ty"":""动画"",""y"":2006,""pop"":207770},{""t"":""NANA"",""cn"":"""",""ty"":""漫画"",""y"":2000,""pop"":58434},{""t"":""NANA すべては大魔王のお導き！？"",""cn"":""娜娜 一切都是大魔王的指引!?"",""ty"":""Galgame"",""y"":2006,""pop"":0},{""t"":""NANA－ナナ－"",""cn"":""娜娜"",""ty"":""动画"",""y"":2006,""pop"":0},{""t"":""NANA -ナナ-"",""cn"":""NANA ～世上的另一个我～"",""ty"":""漫画"",""y"":1999,""pop"":0}]",章司のバイトの後輩で、美大の同級生。現在の章司の恋人。背が小さく、章司の好みの女性。奈々と章司がすれ違い始めたころにバイト先の同僚になり、急接近する。章司に彼女がいると知っても諦めきれずに一緒にいようとしたことで章司の心を捉え、二股の末に彼女に成り代わった。,14,14,0,2,,https://s4.anilist.co/file/anilistcdn/character/large/5749.jpg,https://s4.anilist.co/file/anilistcdn/character/medium/5749.jpg,,,,https://anilist.co/character/5749,https://bgm.tv/character/27596,,27596
bgm-bgm91373,bangumi,5,5,,凪咲,なぎさ,nagisa,渚,其他,A,,游戏,游戏,碧蓝航线,碧蓝航线,2017,游戏,"[{""t"":""碧蓝航线"",""cn"":""碧蓝航线"",""ty"":""游戏"",""y"":2017,""pop"":0},{""t"":""DEAD OR ALIVE Xtreme Venus Vacation"",""cn"":""死或生：沙滩排球 维纳斯假期"",""ty"":""游戏"",""y"":2017,""pop"":0}]",,14,0,0,14,,,,,,,,https://bgm.tv/character/91373,,91373
bgm-bgm21758,bangumi,5,5,,,九帖祭,,,,,,Galgame,Galgame,ひめごとユニオン,,2013,Galgame,"[{""t"":""ひめごとユニオン"",""cn"":"""",""ty"":""Galgame"",""y"":2013,""pop"":0},{""t"":""ひめごとユニオン もーっとH！　～巻ノ一 九帖聖のいちゃラブな日常～"",""cn"":"""",""ty"":""Galgame"",""y"":2014,""pop"":0}]",ディアーネに仕える、傲岸不遜なサムライ。 メイド服を着ているが、九帖聖の兄。 “九帖流始まって以来の天才” の呼び名も高く、九帖流剣術の後継者だったが、突然出奔した。 出奔の理由は、「不治の病に侵されている身なりに、短い時間を自分の好きに生きるため」。 現在その病は完治しているのだが、不治のはずの病が何故治ったのかは、今は秘密。 「ふっ、面白い。 そこまで言うなら相手をしてやろう」,13,0,0,13,1,,,,,,,https://bgm.tv/character/21758,,21758
bgm-bgm72282,bangumi,5,5,,战部渡,戦部ワタル,Ikusabe Wataru,,其他,B,,动画|游戏,动画,魔神英雄伝ワタル,魔神英雄传,1988,动画,"[{""t"":""魔神英雄伝ワタル"",""cn"":""魔神英雄传"",""ty"":""动画"",""y"":1988,""pop"":0},{""t"":""魔神英雄伝ワタル2"",""cn"":""魔神英雄传2"",""ty"":""动画"",""y"":1990,""pop"":0},{""t"":""超魔神英雄伝ワタル"",""cn"":""超魔神英雄传"",""ty"":""动画"",""y"":1997,""pop"":0},{""t"":""魔神英雄伝ワタル 終わりなき時の物語"",""cn"":""魔神英雄传 永恒传说"",""ty"":""动画"",""y"":1993,""pop"":0},{""t"":""梦幻模拟战手游"",""cn"":""梦幻模拟战手游"",""ty"":""游戏"",""y"":2018,""pop"":0},{""t"":""魔神英雄伝ワタル 創界山英雄伝説"",""cn"":""魔神英雄传 创界山英雄传说"",""ty"":""动画"",""y"":1990,""pop"":0}]",《魔神英雄传》系列的共通主角、龙神丸的操作者。实际上是出生于天神界拳龙族，继承传说中一千年才会出现一次、作为救世者凭证的“拳龙之勾玉”(拳龙分娩时流下的眼泪变成，亦具有封印神部界地底地狱之门的能力。)、以及拳龙继承者的名称“Adaru”。 在现实世界中，战部渡只是学习成绩普通的小学生，但每次运动会，都会被同学视为夺金英雄，家中亦摆放多个奖杯及得奖照片。在同学间人缘极佳，唯独是一位男同学阿俊会视他为竞争对手。在得意时会不自觉以手擦鼻尖的习惯。,12,0,0,12,,,,,,,,https://bgm.tv/character/72282,,72282
bgm-bgm35813,bangumi,5,5,,皋月葵,皐月葵,Aoi Satsuki,,其他,O,,游戏,音乐,ツキウタ。ドラマ！,,2013,音乐,"[{""t"":""ツキウタ。ドラマ！"",""cn"":"""",""ty"":""音乐"",""y"":2013,""pop"":0},{""t"":""ツキウタ。ドラマ！その2"",""cn"":"""",""ty"":""音乐"",""y"":2013,""pop"":0},{""t"":""ツキウタ。ドラマ! その5"",""cn"":"""",""ty"":""音乐"",""y"":2015,""pop"":0},{""t"":""ツキウタ。シリーズ デュエットCD Nem×年中組2・月と、星と、まぼろしと"",""cn"":"""",""ty"":""音乐"",""y"":2014,""pop"":0},{""t"":""ツキウタ。シリーズ デュエットCD 蝶々P×年中組1・Rainy Day"",""cn"":"""",""ty"":""音乐"",""y"":2014,""pop"":0},{""t"":""ツキウタ。シリーズ Six Gravityユニット曲「GRAVITY!」"",""cn"":"""",""ty"":""音乐"",""y"":2015,""pop"":0}]",代表5月。 搭档为卯月新（4月男性）。 所属团体Six Gravity。 几乎爽朗过头的美少年。 笑容闪亮。是可以用灿烂的笑容接受很多事的了不起的人物。 决不会把感到不满不公平的抱怨说出口，是心理很成熟的少年，但是据本人说，在从小一起长大的卯月新（4月男性）的面前，有时候会展现出孩子的一面。 非常受女生欢迎，跟男生相处的也非常好。 和弥生春（3月男性）一起守护着容易暴走的组合成员，经常被置于帮助辅佐众人的位置。,11,0,0,11,,,,,,,,https://bgm.tv/character/35813,,35813
bgm-bgm32085,bangumi,5,5,,华风流,華風流,Kafuru,,其他,B,,动画|游戏,游戏,閃乱カグラ ESTIVAL VERSUS -少女達の選択-,闪乱神乐 夏日对决 -少女们的选择-,2015,游戏,"[{""t"":""閃乱カグラ ESTIVAL VERSUS -少女達の選択-"",""cn"":""闪乱神乐 夏日对决 -少女们的选择-"",""ty"":""游戏"",""y"":2015,""pop"":0},{""t"":""閃乱カグラ SHINOVI MASTER -東京妖魔篇-"",""cn"":""闪乱神乐 SHINOVI MASTER -东京妖魔篇-"",""ty"":""动画"",""y"":2018,""pop"":0},{""t"":""閃乱カグラ PEACH BEACH SPLASH"",""cn"":""闪乱神乐：沙滩戏水"",""ty"":""游戏"",""y"":2017,""pop"":0},{""t"":""閃乱カグラ NewWave"",""cn"":""闪乱神乐 NewWave"",""ty"":""游戏"",""y"":2013,""pop"":0}]",巫神楽三姉妹の三女。ワガママさと計算高さを持つ少女。 相手を小馬鹿にしたような喋り方で挑発する。 ネットスラングや赤ちゃん言葉等、挑発する為なら手段は選ばない。 蓮華、華毘に対しては小馬鹿にしたり挑発することはないが、 よく爆発する華毘をいじることはある。 デカくも無く小さくも無い胸を持つ。,9,0,0,9,,,,,,,,https://bgm.tv/character/32085,,32085
bgm-bgm26639,bangumi,5,5,,,一千花凛,,,其他,A,,Galgame,Galgame,Bunny Paradise ばにぱら ～恋人全員バニー化計画～,,2014,Galgame,,主人公の婚約者の一人で妹的な存在。 幼い頃から剣の師である祖父に育てられ、剣の道以外のことはまるで知らない時代錯誤の女の子。 祖父の死後、親族もコレではまずいと名門の兎野学園へ転校させたが、同じ年代の女性に免疫がなく女の子なのに女性恐怖症。 ずっと剣道場に引きこもっていた。 「兄じゃのため、花凜は全力で精進いたしまする！ もしダメなら自刃する覚悟です！ えっ、命を大切に……？ なぜでござるぅ??」,8,0,0,8,1,,,,,,,https://bgm.tv/character/26639,,26639
bgm-bgm33245,bangumi,5,5,,遥大地,遥大地,Haruka Daichi,,其他,,,动画|游戏,动画,魔動王グランゾート,魔动王,1989,动画,"[{""t"":""魔動王グランゾート"",""cn"":""魔动王"",""ty"":""动画"",""y"":1989,""pop"":0},{""t"":""魔動王グランゾート 冒険編"",""cn"":""魔动王 冒险篇"",""ty"":""动画"",""y"":1992,""pop"":0},{""t"":""魔動王グランゾート 最後のマジカル大戦"",""cn"":""魔动王 最后的魔法大战"",""ty"":""动画"",""y"":1990,""pop"":0},{""t"":""スーパーロボット大戦DD"",""cn"":""超级机器人大战DD"",""ty"":""游戏"",""y"":2019,""pop"":0}]",故事的主角，地球人，是个很有朝气的小学五年级生。2089年5月5日生，11岁。家族成员有爸爸“大树”、妈妈“美惠”、弟弟“大空”、爷爷“大河”。个性外向爱冒险，富正义感，在功课方面很糟糕，对机械相当擅长，喷射滑板就是他的杰作，因为时常思念母亲（每集前回提要及总结，都是大地在向母亲讲述他们冒险的经历），因此常常被拉比取笑为“裙脚仔/恋母情结”；他名为“大地与炎之魔动战士”，运用代表力量、攻击的火系魔动力，魔动王“Granzort（グランゾート）”的驾驶者。,8,0,0,8,,,,,,,,https://bgm.tv/character/33245,,33245
bgm-bgm71742,bangumi,5,5,,,赫拉格,Hellagur,,其他,,,游戏,游戏,明日方舟,明日方舟,2019,游戏,,赫拉格，曾隶属于乌萨斯帝国近卫军，切尔诺伯格感染者地下诊所“阿撒兹勒”的现任管理者，其他相关履历缺失。拥有成熟的军事理论体系知识，战斗技巧几乎能满足绝大部分类型作战的需求。现正依合作协议长驻罗德岛，为罗德岛提供战术指挥支援。,7,0,0,7,,,,,,,,https://bgm.tv/character/71742,,71742
bgm-bgm58128,bangumi,5,5,,艾希莉,アシュリー・アルヴァスティ,,,其他,,,Galgame,Galgame,あいりすミスティリア！～少女のつむぐ夢の秘跡～,爱丽丝秘迹！〜少女们编织梦的秘境〜,2017,Galgame,,白銀の疾風と呼ばれ、世界的に活躍と高潔さが知られた騎士。有名人との自覚はなく、女の子にモテると内心ドキドキしてしまう。主への忠義が第一で、現実の厳しさにぶつかっても諦めない努力と信念の人。 種族：人間 ステータス 二つ名の“疾風”に恥じない、スピードを攻防に生かすタイプのファイター。 並みいる敵を真っ向から叩き伏せてくれる、頼もしい白騎士です。 来歴 白銀騎士団最後の一人として、領民を守っていた。 趣味・特技 ケルベロスの「ベロス」と一緒に散歩するのが趣味。,6,0,0,6,1,,,,,,,https://bgm.tv/character/58128,,58128
bgm-bgm31226,bangumi,5,5,,西洞院多纪,西洞院多紀,,,其他,AB,,Galgame,Galgame,ポケットに恋をつめて,满载爱的口袋,2013,Galgame,,旧華族の不思議系お嬢様。 高身長でパーフェクトボディ。 持って生まれたものがあまりにも多く、“DNAの時点で格差がある” ともっぱらの噂。 教養・気品にあふれるが、浮世離れした言動も多く、時折大胆な言動をして周囲を驚かせたりする。,6,0,0,6,1,,,,,,,https://bgm.tv/character/31226,,31226
bgm-bgm39808,bangumi,5,5,,木村龙,木村龍,Kimura Ryuu,,其他,B,,动画|游戏,动画,アイドルマスター SideM,偶像大师 SideM,2017,动画,"[{""t"":""アイドルマスター SideM"",""cn"":""偶像大师 SideM"",""ty"":""动画"",""y"":2017,""pop"":0},{""t"":""アイドルマスター ポップリンクス"",""cn"":"""",""ty"":""游戏"",""y"":2021,""pop"":0},{""t"":""THE IDOLM@STER SideM PASSIONABLE READING SHOW ～魂環の人形(マリオネット)～"",""cn"":"""",""ty"":""其他"",""y"":2026,""pop"":0},{""t"":""THE IDOLM@STER SideM 3rd ANNIVERSARY DISC 02"",""cn"":"""",""ty"":""音乐"",""y"":2018,""pop"":0},{""t"":""THE IDOLM@STER SideM ST@RTING LINE-08 FRAME"",""cn"":"""",""ty"":""音乐"",""y"":2016,""pop"":0},{""t"":""アイドルマスター SideM GROWING STARS"",""cn"":"""",""ty"":""游戏"",""y"":2021,""pop"":0}]",20岁／属性：Physical型／生日：5月5日（金牛座） 身高：175.0cm／体重：70.0kg／鞋码：26.0cm 血型：B型／惯用手：右手／出身：千叶 兴趣：午睡／特技：裁缝 前历：消防员／所属组合：FRAME CV：濱健人 前消防员偶像，与握野英雄、信玄诚司一起组成了原公务员偶像组合「FRAME」。 不运体质，运气十分地差，跌打损伤是日常茶饭事。因为这体质而导致消防工作愈发难以持续，几经考虑之下，决心成为偶像。,6,0,0,6,,,,,,,,https://bgm.tv/character/39808,,39808
bgm-bgm90926,bangumi,5,5,,琪萨拉·柯普利,キサラ・コプリ,Kisara Copri,奇萨拉,其他,,,Galgame,Galgame,ランス4.2 ～エンジェル組～,兰斯4.2 ~天使组~,1995,Galgame,"[{""t"":""ランス4.2 ～エンジェル組～"",""cn"":""兰斯4.2 ~天使组~"",""ty"":""Galgame"",""y"":1995,""pop"":0},{""t"":""ランス4.1 ～お薬工場を救え！～"",""cn"":""兰斯4.1 ~拯救药工场！~"",""ty"":""Galgame"",""y"":1995,""pop"":0},{""t"":""ランス・クエスト マグナム"",""cn"":""兰斯8 Magnum"",""ty"":""Galgame"",""y"":2012,""pop"":0}]",紫のポニーテールに黒のタキシードで決めた男装の女冒険者。借金を返し妹を取り戻すために体術とカードを駆使する冒険者をやっている。騙されて事業に失敗し、借金を残したまま失踪した両親の代わりに、400万GOLDという莫大な債務をプルーペットに負わされている薄幸な娘。借金のカタとして妹のレベッカ・コプリの身柄を抑えられ、その妹も福マンとして身売りされかねない状態にある。,6,0,0,6,1,,,,,,,https://bgm.tv/character/90926,,90926
bgm-bgm70274,bangumi,5,5,,,末药,Myrrh,,其他,,,游戏,游戏,明日方舟,明日方舟,2019,游戏,,末药，出身地未公开，药师。于药物研发方面展现出值得期待的天赋。 目前于罗德岛担任医疗小组干员，并提供药物制作等方面的服务。,6,0,0,6,,,,,,,,https://bgm.tv/character/70274,,70274
bgm-bgm12571,bangumi,5,5,,羽根坂千春,羽根坂千春,,,其他,A,,Galgame,Galgame,サクラの空と、君のコト～Sweet Petals For My Dear～,,2011,Galgame,,涼的青梅竹马，美术部的学妹。 总是情绪高涨，成天粘着涼。 虽然还是会乖乖听从涼的劝说，但由于两人总是在一起，难免会受到她的不良影响。 乍一看会以为她是凡事不用脑的类型，其实她考虑事情还是蛮周到的，可惜的是向来实行不了就是了。,5,0,0,5,1,,,,,,,https://bgm.tv/character/12571,,12571
bgm-bgm31076,bangumi,5,5,,琪可,ちこ,,,其他,B,,动画|游戏,动画,ぴことちこ,我的Pico2,2007,动画,"[{""t"":""ぴことちこ"",""cn"":""我的Pico2"",""ty"":""动画"",""y"":2007,""pop"":0},{""t"":""ぴこ×CoCo×ちこ"",""cn"":""我的Pico3"",""ty"":""动画"",""y"":2008,""pop"":0},{""t"":""pico～ぼくの小さな夏物語～"",""cn"":""女装正太 PICO～我的夏季小物语"",""ty"":""动画"",""y"":2007,""pop"":0},{""t"":""ぴことちこ ショタアイドルのオシゴト"",""cn"":"""",""ty"":""游戏"",""y"":2010,""pop"":0}]",大人気のショタアイドル。 女装が似合っちゃうけど男の子です。 明るく元気で一直線。スキルは “食べる”。 お兄ちゃんと一緒に遊べるのを、わくわくして待っています。,5,0,0,5,,,,,,,,https://bgm.tv/character/31076,,31076
bgm-bgm48764,bangumi,5,5,,,一宮菖蒲,,,其他,B,,Galgame,Galgame,Princess-Style,,2012,Galgame,,日本有数の巨大財閥 『一宮コンツェルン』 の三女。 性格はいたって生真面目で努力家。 愛嬌がないために誤解されることも多いが、内実は歳相応の女の子。 小動物が大好きだが、なぜか引っかかれたり噛まれたりすることが多く、本人は大変遺憾に思っている。 「ほ、褒めたって何も良いことなんてありませんよ？ だいたい、今更そんなこと言われたって……困り…ますし」,5,0,0,5,1,,,,,,,https://bgm.tv/character/48764,,48764
bgm-bgm27831,bangumi,5,5,,芥川慈郎,芥川慈郎,Akutagawa Jirō,,其他,AB,,动画|漫画|游戏,动画,テニスの王子様,网球王子,2001,动画,"[{""t"":""テニスの王子様"",""cn"":""网球王子"",""ty"":""动画"",""y"":2001,""pop"":0},{""t"":""テニスの王子様 全国大会篇"",""cn"":""网球王子 全国大会篇"",""ty"":""动画"",""y"":2006,""pop"":0},{""t"":""テニスの王子様 ANOTHER STORY 〜過去と未来のメッセージ"",""cn"":""网球王子 过去和未来的信息"",""ty"":""动画"",""y"":2009,""pop"":0},{""t"":""新テニスの王子様 OVA vs Genius10"",""cn"":""新网球王子 OVA 对战Genius10"",""ty"":""动画"",""y"":2014,""pop"":0},{""t"":""テニスの王子様"",""cn"":""网球王子"",""ty"":""漫画"",""y"":2000,""pop"":0},{""t"":""新テニスの王子様 RisingBeat"",""cn"":""新网球王子 RisingBeat"",""ty"":""游戏"",""y"":2017,""pop"":0}]",徹底的な実力主義の氷帝の中で、いつもマイペース。優れたプレイヤーと対峙することで、眠っていた力が覚醒する。,5,0,0,5,,,,,,,,https://bgm.tv/character/27831,,27831
bgm-bgm59611,bangumi,5,5,,兰普,ランプ,Lamp,灯,其他,,,游戏,游戏,きららファンタジア,闪耀幻想曲,2017,游戏,,とある理由により、仕えていた神殿を抜け出して召喚士を探す旅にでた幼き少女。 辺境の村で主人公・きららと出会い、世界を救うための旅に出る。 女神の記す『聖典』をこよなく愛しており、 その内容に精通している。,5,0,0,5,,,,,,,,https://bgm.tv/character/59611,,59611
bgm-bgm65614,bangumi,5,5,,结城莉玖,結城莉玖,Riku Yuuki,,其他,B,,游戏,游戏,オンゲキ R.E.D.,音击 R.E.D.,2020,游戏,"[{""t"":""オンゲキ R.E.D."",""cn"":""音击 R.E.D."",""ty"":""游戏"",""y"":2020,""pop"":0},{""t"":""オンゲキ R.E.D. PLUS"",""cn"":""音击 R.E.D. PLUS"",""ty"":""游戏"",""y"":2021,""pop"":0},{""t"":""オンゲキ SUMMER"",""cn"":""音击 SUMMER"",""ty"":""游戏"",""y"":2019,""pop"":0},{""t"":""オンゲキ SUMMER PLUS"",""cn"":""音击 SUMMER PLUS"",""ty"":""游戏"",""y"":2020,""pop"":0},{""t"":""オンゲキ bright MEMORY"",""cn"":""音击 bright MEMORY"",""ty"":""游戏"",""y"":2022,""pop"":0},{""t"":""オンゲキ Re:Fresh"",""cn"":""音击 Re:Fresh"",""ty"":""游戏"",""y"":2025,""pop"":0}]",せーのっ、がおー！ ロックでおバカなギター娘！ ノリと勢いで突っ走るギター娘。口癖は「がおー！」。 細かいことは気にしないボーイッシュな元気っ子。人を疑わない素直な性格が災いし、いつも椿にからかわれている。 言い間違いが多いなど、ちょっぴりおバカなところが玉にキズ。よく物事を「ロック」に例えているが、その言葉の意味をちゃんと理解できているのか、かなり怪しい。,5,0,0,5,,,,,,,,https://bgm.tv/character/65614,,65614
bgm-bgm11277,bangumi,5,5,,,ジャンヌ・イングウェイ,,,其他,AB,,动画|Galgame,Galgame,姫様限定！～Princess Limited～,,2011,Galgame,"[{""t"":""姫様限定！～Princess Limited～"",""cn"":"""",""ty"":""Galgame"",""y"":2011,""pop"":0},{""t"":""姫様限定！"",""cn"":"""",""ty"":""动画"",""y"":2012,""pop"":0}]",武稜学园的2年级学生。 因为悠的身边有其他女孩子在的话セリナ就会不高兴，特意女扮男装陪她留学。 不过本人的性格也比较像男人，并不怎么在意。 出身自贵族，将来已经注定要侍奉在セリナ身边。表情丰富性格开朗，剑术水平一流。 悠负责セリナ的家务与贴身事宜，她则负责粗暴行为。 彻底沉迷于老早就有兴趣的日本动画文化。 「小受、眼镜、西服，这是我想出的三种神器」 「虽然你说对同志的话题没有兴趣，但我却想用同志的话题来羞辱你」 语调怪异。但比起语调来说为人更怪异。,4,0,0,4,1,,,,,,,https://bgm.tv/character/11277,,11277
bgm-bgm26371,bangumi,5,5,,,皆口瞳,,,其他,,,Galgame,Galgame,ぶら ぶら,,2011,Galgame,,本作的主人公——No。 拓司和央的青梅竹马，导致拓司走上不归路的千古罪人。 他那与年龄不符的可爱外表和天真烂漫的开朗性格，甚至让同学们觉得拓司坠入爱河也是情有可原。 「我觉得啊」，一开口总会加上这句口头禅，今天也一如往常地对拓司说教，经常向他灌输成为一个理想男性的方法。 备受众人喜爱的吉祥物般角色，眼下女主角们最大的情敌。 像小狗一样容易亲近，讨人喜欢。——曰，他的笑容，能够拯救世界。 「乖乖，知错能改善莫大焉！不愧是男子汉！」,4,0,0,4,1,,,,,,,https://bgm.tv/character/26371,,26371
bgm-bgm32266,bangumi,5,5,,早乙女司,早乙女司,,オトメ,其他,AB,,Galgame,Galgame,Sugar+Spice!,,2007,Galgame,"[{""t"":""Sugar+Spice!"",""cn"":"""",""ty"":""Galgame"",""y"":2007,""pop"":0},{""t"":""Sugar＋Spice！Party☆Party"",""cn"":"""",""ty"":""Galgame"",""y"":2008,""pop"":0}]",一学年下の後輩。主人公の隣室の住人（寮生） 人見知りする性格で、出会って間もない頃はヘッドホンつけるなどして人付き合いを拒んでる。主人公にしてみれば、かえって放っておけない。根気強く接することで、■■■■■■■■■■■■■■他のヒロインたちともうち解けていく。 仲間内ではマスコット的存在に。よく歌にだまされる。でも、だまされてることに気づかないカワイイ子。 家のことはあまり話したがらないが、■■■■■■■■■■音楽への造詣も深い。というか絶対音感の持ち主。,4,0,0,4,1,,,,,,,https://bgm.tv/character/32266,,32266
bgm-bgm50267,bangumi,5,5,,,夕凪涼莉,,,其他,AB,,Galgame,Galgame,まじからっと☆れいでぃあんと,,2010,Galgame,,一つ年下の後輩。主人公と同じ風紀委員に所属している。 両親は医者で世界中を飛び回っており、彼女は家政婦さん付きの豪邸に一人で暮らしている。 従順真面目で大人しい性格の反面、両親不在の孤独を押し隠すように生きてきた女の子。 テンパると大抵収拾がつかなくなり、一番の爆弾キャラに豹変する。 恋する主人公に対して一歩踏み出せないところを、エルトリンデの魔法が後押しして彼女の中に変化が……？ 「いえっ、そんな事ないですないです、すっごく元気です！ そ、それでは、その……失礼します！」,4,0,0,4,1,,,,,,,https://bgm.tv/character/50267,,50267
bgm-bgm77011,bangumi,5,5,,汤浅皐月,湯浅皐月,,,其他,,,游戏|Galgame,Galgame,Routes -ルーツ-,,2003,Galgame,"[{""t"":""Routes -ルーツ-"",""cn"":"""",""ty"":""Galgame"",""y"":2003,""pop"":0},{""t"":""AQUAPAZZA -AQUAPLUS DREAM MATCH-"",""cn"":""AQUAPAZZA -AQUAPLUS梦幻对决-"",""ty"":""游戏"",""y"":2011,""pop"":0}]",主人公の同級生。いつも仲良く喧嘩している。気が強く、直情径行気味だが根はいいヤツ。ギャグ以外のセンスはかなりよく、料理の腕は天下一品。,3,0,0,3,,,,,,,,https://bgm.tv/character/77011,,77011
bgm-bgm98764,bangumi,5,5,,艾因,Ain,,,其他,未知,,游戏,游戏,엘소드,艾尔之光,2007,游戏,,从女神以赛玛利那里获得力量的艾因，拥有循环和创造2种不同能力的“循环魔法”，具有相比其他人无限的潜能。 拥有神之权能的循环/创造的力量，是为祀奉女神以赛玛利的神官。 游刃有余的个性、对于大部分的事情都一笑置之。 几乎对于任何事情都不会生气的菩萨类型、很少会有激烈的感情表现。 突然现身在追寻艾尔碎片的艾索德一行人面前的神秘的青年…… 虽然他自我介绍是祀奉女神的神官， 并表示要帮忙寻找魔奇村庄的艾尔碎片， 但对于他的详细都还是个谜。,3,0,0,3,,,,,,,,https://bgm.tv/character/98764,,98764
bgm-bgm30868,bangumi,5,5,,,沖奈恵,,,其他,,,Galgame,Galgame,bitter smile.,,2010,Galgame,,商店街脇にあるクレープ店 『ハッピーシーサー』 の看板娘。 優とは中学からの友人であり、桜子の親友。 ふたりのよき理解者でもあるが浮かれた話も大好きで、たまに失敗することも。 「ありがと。優ちゃん大好き、愛してる～っ！」,3,0,0,3,1,,,,,,,https://bgm.tv/character/30868,,30868
bgm-bgm24341,bangumi,5,5,,,春菜朋実,,,,A,,Galgame,Galgame,ゆめこい 〜夢見る魔法少女と恋の呪文〜,,2013,Galgame,,主人公の妹・胡桃の大親友で同級生。 主人公に絶賛片想い中。 魔法とはまったく無関係の一般人にも係わらず、魔法少女になってしまった胡桃の事情をすんなりと受け入れて応援してくれる心優しい女の子。 普段は控えめな性格だが、恋する乙女モードになると豹変して妄想世界に旅立ってしまう。 主人公との叶わぬ恋をいつも夢見ているので、胡桃も彼女の気持ちにはとうに気付いている。 しかし、特に進展も無さそうなので生温かく見守っているのが現状。,3,0,0,3,1,,,,,,,https://bgm.tv/character/24341,,24341
bgm-bgm35163,bangumi,5,5,,,島咲子,,,其他,AB,,Galgame,Galgame,お前のパンツは何色だ!?,,2011,Galgame,,私立湖城学園 2年生。 図書館に篭っている少女を説得するという縦横会の活動の中で知り合う少女。 大の読書好きで、暇さえあれば本を読んでいる。 無口でクールだが、その実ものすごいオタクで妄想家。 なまじ頭脳明晰なせいで妄想の仕方も半端なく、一度に無数の妄想を脳内で展開させるという荒業をやってのける。 顔に似合わずエッチな妄想が大好きで、常に自分が誰とどこでどうやってという妄想を繰り広げている。 なぜか高斗のことは最初に “お兄ちゃん” と妄想設定して、そう呼んでいる。,3,0,0,3,1,,,,,,,https://bgm.tv/character/35163,,35163
bgm-bgm42529,bangumi,5,5,,,柏木亜依,,,其他,B,,Galgame,Galgame,プリズム・プリンセス ～ふたりの姫騎士と股間の紋章～,,2014,Galgame,,ナオトの双子の妹であり、「自分は魔法が使える」 と公言してはばからない重度の中二病患者。 また、魔術に限らず中二病っぽい物事ならなんでも好き。 実兄であるナオトを慕っている可愛い妹だが、その想いはいささか暴走気味。 「我が魂が求めるは、実兄との契り…… なんてね」,3,0,0,3,1,,,,,,,https://bgm.tv/character/42529,,42529
bgm-bgm46949,bangumi,5,5,,,深江睦,,,,,,Galgame,Galgame,みんな捧げちゃう！,,2013,Galgame,,オカルト研究会の後輩。 素直で活発な少女。 化け狐に取り憑かれているという “狐憑き” 体質。 なんとか除霊をと考えて、オカ研に入会した。 結局除霊は出来ないままなのだが、色々と親切にしてくれる主人公には魅力を感じており、後輩としても慕っている。 素直な性格ゆえ、積極的なアプローチで主人公に迫ってくる。,3,0,0,3,1,,,,,,,https://bgm.tv/character/46949,,46949
bgm-bgm18553,bangumi,5,5,,雾夜,霧夜,Mr.K(PBSの司会進行),,其他,A,,游戏,游戏,閃乱カグラ -少女達の真影-,闪乱神乐 -少女们的真影-,2011,游戏,"[{""t"":""閃乱カグラ -少女達の真影-"",""cn"":""闪乱神乐 -少女们的真影-"",""ty"":""游戏"",""y"":2011,""pop"":0},{""t"":""閃乱カグラBurst -紅蓮の少女達-"",""cn"":""闪乱神乐爆裂 -红莲的少女们-"",""ty"":""游戏"",""y"":2012,""pop"":0},{""t"":""閃乱カグラ SHINOVI VERSUS -少女達の証明-"",""cn"":""闪乱神乐 忍者对决 -少女们的证明-"",""ty"":""游戏"",""y"":2013,""pop"":0},{""t"":""閃乱カグラ Burst Re:Newal"",""cn"":""闪乱神乐 Burst Re: Newal"",""ty"":""游戏"",""y"":2018,""pop"":0},{""t"":""閃乱カグラ2 -真紅-"",""cn"":""闪乱神乐2 -真红-"",""ty"":""游戏"",""y"":2014,""pop"":0},{""t"":""閃乱カグラ PEACH BEACH SPLASH"",""cn"":""闪乱神乐：沙滩戏水"",""ty"":""游戏"",""y"":2017,""pop"":0}]",由緒正しい忍の家系に生まれた最上忍であり、破格の実力の持ち主だが、任務のため平気で命を捨てる生き方に嫌気がさし、現在は前線を退いて後進が一人でも多く生き残るように厳しく教育に打ち込んでいる。好きな物は豆類。,3,0,0,3,,,,,,,,https://bgm.tv/character/18553,,18553
bgm-bgm85594,bangumi,5,5,,,トウカ,,,,なし,,Galgame,Galgame,ゴシックは魔法乙女～さっさと契約しなさい！～,哥特式魔法少女,2015,Galgame,,魔器、と呼ばれるモノを依代とした使い魔の長女。ヒトを魅了する怪しさをふりまいている。,2,0,0,2,,,,,,,,https://bgm.tv/character/85594,,85594
bgm-bgm85647,bangumi,5,5,,,ジェニ,,,,O,,Galgame,Galgame,ゴシックは魔法乙女～さっさと契約しなさい！～,哥特式魔法少女,2015,Galgame,,早撃ち自慢の暴走娘。特別製の水鉄砲を手に、今日も無法者たちと戦うのだ！,2,0,0,2,,,,,,,,https://bgm.tv/character/85647,,85647
bgm-bgm65850,bangumi,5,5,,,土方萌,,,其他,A,,Galgame,Galgame,きゃんきゃんバニープルミエール3,Can Can Bunny Premiere 3,2018,Galgame,,主人公が大学で出逢った女の子。 それまで育った家庭環境のせいか、 スワティ達に輪を掛けて時代感覚がズレています。 彼女も自分のズレを自覚しているので、 自分に親切な主人公に「今時のことを教えて欲しい」と頼み、 二人の関係は始まります。 世間慣れしていないところ以外は、家事も炊事も万能。 花嫁修業もしっかり勉強してきたそうです。 しかし、恋愛の経験はないので、そちらに関しては準備は万全とは言えない様子……。,2,0,0,2,1,,,,,,,https://bgm.tv/character/65850,,65850
bgm-bgm13231,bangumi,5,5,,绮堂美星,綺堂美星,,,其他,O,,Galgame,Galgame,D-EVE in you,,2011,Galgame,,在时代中光芒四射的綺羅星。通称明星。 以前是顶尖偶像，但是因为某件事情火速隐退。 由于她经验丰富，所以进入鳳央女子学園担任学园长。 由于在偶像时代人际圈很广泛，各方面都有关系，对周围的影响力极高，让人不得不大吃一惊。 「呵呵♪其实别看我这样，我也在你们看不到的地方辛苦着的哦」,2,0,0,2,1,,,,,,,https://bgm.tv/character/13231,,13231
bgm-bgm18083,bangumi,5,5,,,野々宮華緒梨,,,其他,,,动画|Galgame,Galgame,SEXFRIEND 〜セックスフレンド〜,炮友 〜SEXFRIEND〜,2003,Galgame,"[{""t"":""SEXFRIEND 〜セックスフレンド〜"",""cn"":""炮友 〜SEXFRIEND〜"",""ty"":""Galgame"",""y"":2003,""pop"":0},{""t"":""SEXFRIEND ～セックスフレンド～"",""cn"":"""",""ty"":""动画"",""y"":2004,""pop"":0}]",男主人公的后辈，图书委员，喜欢在图书馆出没，有妄想的爱好。,2,0,0,2,1,,,,,,,https://bgm.tv/character/18083,,18083
bgm-bgm35769,bangumi,5,5,,赤音,アカネ,AKANE,,其他,O,,动画|游戏,游戏,ディバインゲート,神圣之门,2013,游戏,"[{""t"":""ディバインゲート"",""cn"":""神圣之门"",""ty"":""游戏"",""y"":2013,""pop"":0},{""t"":""ディバインゲート"",""cn"":""神圣之门"",""ty"":""动画"",""y"":2016,""pop"":0}]",16岁，善於照料他人、讨厌遮遮掩掩、对任何事都直言不讳的直线条类型。和母亲两人一同居住。 年幼时所属世界评议会的父亲因故身亡，因父亲的死而对世界评议会抱有疑问，相信著如过到达 Divine Gate 就能和父亲相遇。 使用的装置是甲型“点燃（Iginite）”。,2,0,0,2,,,,,,,,https://bgm.tv/character/35769,,35769
bgm-bgm35761,bangumi,5,5,,东云大和,東雲大和,Shinonome Yamato,,其他,B,,游戏,游戏,バンドやろうぜ！,来玩乐队吧！,2016,游戏,,東雲 大和 (シノノメ ヤマト) BLAST Vocal 獲るぜ！天下一！,2,0,0,2,,,,,,,,https://bgm.tv/character/35761,,35761
bgm-bgm139878,bangumi,5,5,,,武田勝子,Takeda Katsuko,,其他,B,,Galgame,Galgame,Sacred†Vampire-セイクリッドヴァンパイア-,,2010,Galgame,,,2,0,0,2,1,,,,,,,https://bgm.tv/character/139878,,139878
bgm-bgm57263,bangumi,5,5,,莫筱筠,莫筱筠,,,其他,O,,游戏|Galgame,Galgame,明星志願2,明星志愿2,1998,Galgame,"[{""t"":""明星志願2"",""cn"":""明星志愿2"",""ty"":""Galgame"",""y"":1998,""pop"":0},{""t"":""明星志願2000"",""cn"":""明星志愿2000"",""ty"":""游戏"",""y"":2000,""pop"":0}]",民歌餐厅的助理。学校毕业后一直在父亲莫伟的民歌餐厅帮忙，是方若绮的专科同学兼挚友。为人乖巧文静，个性柔顺恬静，通过谈话可以了解其处世很有主见，看待事物总有自己独到的见解。金牛座，嗜好看电影、听音乐、关心演艺圈的动向。,1,0,0,1,,,,,,,,https://bgm.tv/character/57263,,57263
bgm-bgm35911,bangumi,5,5,,,鉢巻先生,,,其他,B,,Galgame,Galgame,つよきす3学期,,2011,Galgame,"[{""t"":""つよきす3学期"",""cn"":"""",""ty"":""Galgame"",""y"":2011,""pop"":0},{""t"":""つよきす2学期"",""cn"":"""",""ty"":""Galgame"",""y"":2008,""pop"":0}]",チャームポイントが笑顔というだけあって、とにかく笑顔を絶やさない体育の先生。 胸の “竜鳴館” の刺繍の入ったイモジャーを着こなす男。 サングラスの下の目は未だ誰も見たことがない。 一見、爽やかな感じに見えるが、男子の体育授業時間を使って女子の体育風景を見に行ったりしている。 座右の銘は “一意専心”。 とにかく笛を吹きたがったり、独り言が多すぎる。,1,0,0,1,1,,,,,,,https://bgm.tv/character/35911,,35911
bgm-bgm87330,bangumi,5,5,,间宫夏月,間宮夏月,,,其他,,,Galgame,Galgame,さよなら、うつつ。,,2014,Galgame,"[{""t"":""さよなら、うつつ。"",""cn"":"""",""ty"":""Galgame"",""y"":2014,""pop"":0},{""t"":""さよなら、うつつ。 ～金で買える程度のハッピーデッドエンド追加版～"",""cn"":"""",""ty"":""Galgame"",""y"":2016,""pop"":0}]",主人公。 学園に通いながら幼馴染を含めた交友関係を良好に築き、 その小共同体に所属していることにある程度満足しながらも、 どこか完全に満たされることに諦めをいだいている。 求められたい,1,0,0,1,,,,,,,,https://bgm.tv/character/87330,,87330
bgm-bgm85445,bangumi,5,5,,,リベリ,,,,O,,Galgame,Galgame,ゴシックは魔法乙女～さっさと契約しなさい！～,哥特式魔法少女,2015,Galgame,,片目の隠れた、精神年齢高めで大人しい少年。体格も年齢からすれば決して小柄ではないが、人の顔色を窺うために猫背で、小さく見える。,1,0,0,1,,,,,,,,https://bgm.tv/character/85445,,85445
bgm-bgm52673,bangumi,5,5,,炎凪,炎凪,,,其他,B,,动画|Galgame,Galgame,舞-HiME 運命の系統樹 修羅,舞-HiME 命运的系统树 修罗,2005,Galgame,"[{""t"":""舞-HiME 運命の系統樹 修羅"",""cn"":""舞-HiME 命运的系统树 修罗"",""ty"":""Galgame"",""y"":2005,""pop"":0},{""t"":""舞-HiME"",""cn"":""舞-HiME"",""ty"":""动画"",""y"":2004,""pop"":0}]",舞衣になにかにつけ絡んでくる美少年。訳知り顔でなまいきな口を利き、舞衣をおこらせるのが得意。だが、口だけでなく実際に色々なことを知っているらしい。その素性、真意は不明。,1,0,0,1,,,,,,,,https://bgm.tv/character/52673,,52673
bgm-bgm25555,bangumi,5,5,,,緋室キラ,,,其他,B,,动画|Galgame,Galgame,MARGINAL#4 IDOL OF SUPER NOVA,,2014,Galgame,"[{""t"":""MARGINAL#4 IDOL OF SUPER NOVA"",""cn"":"""",""ty"":""Galgame"",""y"":2014,""pop"":0},{""t"":""MARGINAL#4 ROAD TO GALAXY"",""cn"":"""",""ty"":""Galgame"",""y"":2017,""pop"":0},{""t"":""MARGINAL#4 KISSから創造るBig Bang"",""cn"":""MARGINAL#4 从KISS开始创造Big Bang"",""ty"":""动画"",""y"":2017,""pop"":0}]",LAGRANGE POINTのメンバーでお兄ちゃん気質。 明るくムードメーカーな性格で、 後輩にご飯を奢るなど面倒見がいい。 運動神経が良く、大抵のスポーツはすぐにこなせる。 同じメンバーであるシャイの天性の才能を尊敬している。,1,0,0,1,,,,,,,,https://bgm.tv/character/25555,,25555
bgm-bgm159941,bangumi,5,5,,岚,岚,,陵光,其他,,,游戏,游戏,幻塔,幻塔,2021,游戏,,从未知的时空通路中出现的少女，自称来自一个名为「九域」的海嘉德数据库未登记区域，为处理灰域体危机而来。身着特点鲜明的服装，头戴一个火雀模样的翎冠作为头饰，使用一柄奇怪伞具作为武器，攻击时从中能够释放出巨大的能量。有着一副天真烂漫的元气少女面孔，与其相处时会不由地对其产生好感。似乎对美食有着诸多兴趣，喜欢游历遍野，在来到维拉后不久便逛遍了镜都。不知为何，从她口中说的一些话不时会让人有寒毛直立的感觉。与她同行的九域伙伴寒露会称呼她为「朱雀」，在他们的身上，尚存有诸多秘密亟待挖掘。,1,0,0,1,,,,,,,,https://bgm.tv/character/159941,,159941
bgm-bgm62638,bangumi,5,5,,,幸村小町,,,其他,A,,Galgame,Galgame,Green Strawberry,,2010,Galgame,,恋泉寮の寮母。 どう見ても小学生にしか見えない外見ではあるが、ン十年前から寮母を続けていると噂される年齢不詳のご婦人。 気弱で引っ込み思案、なおかつ人見知りが激しく、とても寮母に向いているとは思えない性格なのだが、優しく真面目なため寮生からは （マスコット的な意味も含めて） 慕われている。 落語好きで、部屋には五代目志ん生の写真が飾ってある。 「はぅぅ……!? ど、どどどどちら様、ですか……？」,1,0,0,1,1,,,,,,,https://bgm.tv/character/62638,,62638
bgm-bgm73695,bangumi,5,5,,,ベアトリス・アリエステート,,,其他,A,,Galgame,Galgame,ルーンプリンセス,,2005,Galgame,,出身国 ：新牡羊王国（ネオ・アリエシア） 年齢 ：１４歳 血液型 ：Ａ型 誕生日 ：５月５日 好きな物：ジェラート 嫌いな物：ぶよぶよした幼虫系の虫 趣味 ：天体観測、読書 古風で農産物が豊かな国、新牡羊王国のルーンプリンセス。 邪気のないおっとりした天然系の性格。塔の中だけで暮らしているので基本的に世間知らず。 だが物覚えは良く、何かを忘れることが苦手と言った方が良いくらい。 塔での暮らしの中で星を見ることと読書することを楽しみにしている。,1,0,0,1,,,,,,,,https://bgm.tv/character/73695,,73695
bgm-bgm86570,bangumi,5,5,,,虎澤一生,,,其他,B,,游戏,音乐,DREAM!ing ゆめライブCD side WHITE,,2020,音乐,"[{""t"":""DREAM!ing ゆめライブCD side WHITE"",""cn"":"""",""ty"":""音乐"",""y"":2020,""pop"":0},{""t"":""DREAM!ing"",""cn"":"""",""ty"":""游戏"",""y"":2018,""pop"":0}]",門閥外から歌舞伎界に認められた大和男児 白寮の寮長。 お日様のように明るく爽やかなオーラから、老若男女に好かれる好青年。 ある事情からアメリカ暮らしだったが、歌舞伎に魅せられ部屋子となるべく来日。 外国暮らしが長かった為「忍者生存説」といった巳影の嘘をあっさり信じてしまう一面も。 仁とは因縁がある様子。,1,0,0,1,,,,,,,,https://bgm.tv/character/86570,,86570
bgm-bgm111071,bangumi,5,5,,,嗅土かぐら,,,其他,B,,Galgame,Galgame,冤罪執行遊戯ユルキル,,2022,Galgame,,年齢：17 おうし座 見るからにギャルの少女。口癖は「マジぷー。」 囚人である風太・雷太が殺人犯と知っても気にする素振りはない、明るくさばけた性格。 ユルキルゲームには、大金を手に入れるため参加したと語る。,1,0,0,1,,,,,,,,https://bgm.tv/character/111071,,111071
bgm-bgm141219,bangumi,5,5,,,大前唯南,,,其他,,,Galgame,Galgame,DS9 ディベートスクールナイン 護憲パッケージ,,2015,Galgame,,誕生日：5月5日（○○の日） 趣味：料理 夕菜の双子の姉で、護憲派の参謀的ポジション。 男女同権を訴えるフェミニスト。 彼女にとって、すべての人間は “女” か “そうじゃない” かの 2つに分けられる。 元始、女性は太陽であったとされているが、彼女に言わせれば今も昔も太陽である。 そして男のことは宇宙ゴミくらいに思っており、男に媚びへつらう女はバカだと見下している。 そんな彼女が愛している人間は、妹の夕菜だけ。,1,0,0,1,1,,,,,,,https://bgm.tv/character/141219,,141219
bgm-bgm160459,bangumi,5,5,,爱丽丝·德罗斯,爱丽丝·德罗斯,Alice DeRoss,记者(Journalist),其他,,,游戏,游戏,第五人格,,2018,游戏,,爱丽丝·德罗斯，加入庄园游戏的第40名求生者角色。 底片是沉默的，但回忆不是。,1,0,0,1,,,,,,,,https://bgm.tv/character/160459,,160459
bgm-bgm75262,bangumi,5,5,,亚米提,アミティ,Amitie,,其他,O,,游戏,游戏,ぷよぷよテトリス,噗哟噗哟 俄罗斯方块,2014,游戏,"[{""t"":""ぷよぷよテトリス"",""cn"":""噗哟噗哟 俄罗斯方块"",""ty"":""游戏"",""y"":2014,""pop"":0},{""t"":""ぷよぷよ! Puyopuyo 15th anniversary"",""cn"":""噗哟噗哟！15周年纪念版"",""ty"":""游戏"",""y"":2006,""pop"":0},{""t"":""ぷよぷよ!! Puyopuyo 20th anniversary"",""cn"":""噗哟噗哟 20周年纪念版"",""ty"":""游戏"",""y"":2011,""pop"":0},{""t"":""ぷよぷよフィーバー2"",""cn"":""狂热噗哟噗哟2"",""ty"":""游戏"",""y"":2005,""pop"":0},{""t"":""ぷよぷよ 7"",""cn"":""噗呦噗呦7"",""ty"":""游戏"",""y"":2009,""pop"":0},{""t"":""ぷよぷよ!!クエスト"",""cn"":"""",""ty"":""游戏"",""y"":2013,""pop"":0}]",ぷよぷよフィーバーシリーズの主人公の一人。プリンプタウンの魔導学校に通う明るい少女。一人称は「あたし」。 元気いっぱいな女の子。将来はステキな魔導師になりたいらしい。勉強が嫌いで学校の成績はあんまりいい方ではないそうだ。「赤ぷよ帽」を愛用しており、本人いわく、自分はこの子と運命を共にしているとのこと。,1,0,0,1,,,,,,,,https://bgm.tv/character/75262,,75262
bgm-bgm167553,bangumi,5,5,,,綾崎美衣菜,Ayasaki Miina,,其他,O,,游戏,游戏,美衣菜△です！－Loveイチャ同居生活のススメ－,,2011,游戏,,勇作と同居を始めることになった、聖百合原女子学園の2年生。勇作の二歳年下。 実家が元公家という噂のある、めちゃくちゃお堅い家に育った超箱入り娘。 とある事情で勇作と同居生活を始める。 家事全般が不得意だったが、一緒に暮らし始めたことで、少しずつ身につけ始める。 勇作のことを心から好きで好きで、彼のためなら何だってがんばれると自負している健気な女の子。 主人公のことを「ゆーちゃん」と呼ぶ。 「私は、ゆーちゃんと一緒に居られるだけで幸せなんだよ。」,1,0,0,1,1,,,,,,,https://bgm.tv/character/167553,,167553
bgm-bgm78227,bangumi,5,5,,,チェミル・フリードハイム,Chemir Friedheim,,其他,O,,游戏,游戏,アサルトリリィ Last Bullet,突击莉莉Last Bullet,2021,游戏,,平和を好む明るい性格のメリクリウス新一年生。喧嘩や言い争いをするのが何より嫌いで、そういう時は泣くなどして止めます。少し抜けたところがあり、忘れ物をしたり勘違いをしたりした発言で周りをなごませるムードメーカーです。とにかく泣き虫で有名ですが一生懸命で頑張り屋です。嬉しくても悲しくても泣くので周りはもう慣れてしまっています。携帯ゲームが趣味でいつもカバンに入れていて遊んでいます。すぐ泣く割には好奇心が旺盛で何にでも首を突っ込み、且つすぐ調子に乗るところも。,1,0,0,1,,,,,,,,https://bgm.tv/character/78227,,78227
bgm-bgm126836,bangumi,5,5,,芙蓉·利连索尔·友奈,芙蓉・リリエンソール・友奈,Fuyō Lilienthal Yūna,リリー,其他,AB,,动画|游戏,游戏,結城友奈は勇者である 花結いのきらめき,结城友奈是勇者 花结的闪光,2017,游戏,"[{""t"":""結城友奈は勇者である 花結いのきらめき"",""cn"":""结城友奈是勇者 花结的闪光"",""ty"":""游戏"",""y"":2017,""pop"":0},{""t"":""結城友奈は勇者である 勇者史異聞 芙蓉友奈は語部となる"",""cn"":"""",""ty"":""动画"",""y"":2023,""pop"":0}]","アメリカ人の母を持つ、アクティブで気さくな４人目の""友奈""。一時期子役として活躍したほどの美形だが、校内では奇行が目立つ問題児として知られている。",1,0,0,1,,,,,,,,https://bgm.tv/character/126836,,126836
bgm-bgm1903,bangumi,5,5,,大门五郎,大門五郎,Goro Daimon,,其他,A,,游戏,游戏,THE KING OF FIGHTERS 2002 UNLIMITED MATCH,拳皇2002 无限之战,2009,游戏,"[{""t"":""THE KING OF FIGHTERS 2002 UNLIMITED MATCH"",""cn"":""拳皇2002 无限之战"",""ty"":""游戏"",""y"":2009,""pop"":0},{""t"":""THE KING OF FIGHTERS '98 -DREAM MATCH NEVER ENDS-"",""cn"":""拳皇98 梦之战斗未结束"",""ty"":""游戏"",""y"":1998,""pop"":0},{""t"":""THE KING OF FIGHTERS '97"",""cn"":""拳皇97"",""ty"":""游戏"",""y"":1997,""pop"":0},{""t"":""THE KING OF FIGHTERS XIII"",""cn"":""拳皇13"",""ty"":""游戏"",""y"":2010,""pop"":0},{""t"":""THE KING OF FIGHTERS 2002 -Challenge to Ultimate Battle-"",""cn"":""拳皇2002 终极之战"",""ty"":""游戏"",""y"":2002,""pop"":0},{""t"":""THE KING OF FIGHTERS '98 ULTIMATE MATCH"",""cn"":""拳皇98 终极之战"",""ty"":""游戏"",""y"":2008,""pop"":0}]",他曾经拿过奥运柔道金牌，因感到柔道的极限而隐退。后来参加全日本异种格斗大会然后大门本人夺得第三名。与第一名的草薙京和排第二的红丸一起组队参加拳皇大会，经常会在草薙京和红丸吵架时负责调解。 育有一儿，叫大门虎五郎。,1,0,0,1,,,,,,,,https://bgm.tv/character/1903,,1903
bgm-bgm26106,bangumi,5,5,,土方岁三,土方歳三,Hijikata Toshizou,,其他,A,,动画|Galgame,Galgame,幕末ROCK,,2014,Galgame,"[{""t"":""幕末ROCK"",""cn"":"""",""ty"":""Galgame"",""y"":2014,""pop"":0},{""t"":""幕末Rock 超魂(ウルトラソウル)"",""cn"":""幕末Rock 超魂"",""ty"":""Galgame"",""y"":2014,""pop"":0},{""t"":""幕末Rockトライアングル★ロックンロール"",""cn"":"""",""ty"":""音乐"",""y"":2014,""pop"":0},{""t"":""幕末Rock天歌(ヘブンズソング)"",""cn"":"""",""ty"":""音乐"",""y"":2014,""pop"":0},{""t"":""幕末Rock 超魂(ウルトラソウル) ミニアルバム"",""cn"":"""",""ty"":""音乐"",""y"":2014,""pop"":0},{""t"":""幕末Rock OVA 湯煙推理劇！溫泉怪事件ぜよ！！"",""cn"":""幕末摇滚 OVA 汤烟推理剧！温泉怪事件！！"",""ty"":""动画"",""y"":2014,""pop"":0}]",国家为了广泛地推广天歌（天堂之歌），而组成幕府直辖的最高爱宠（超级偶像）集团，成为“新选组”的副长。 时常冷静，不表露感情。 除了向所发誓忠诚的人竭尽所能外，不向其他人展现感情、性格冷淡。 决不对煌（粉丝）做出献媚等举动，正因如此而非常酷炫，所以亦很受欢迎。 因为某一件事为契机，所以深深敬爱着近藤。,1,0,0,1,,,,,,,,https://bgm.tv/character/26106,,26106
bgm-bgm68951,bangumi,5,5,,帆风奏,帆風奏,Hokaze Kanade,,其他,O,,动画|游戏,动画,Re:ステージ! ドリームデイズ♪,Re:Stage！Dream Days♪,2019,动画,"[{""t"":""Re:ステージ! ドリームデイズ♪"",""cn"":""Re:Stage！Dream Days♪"",""ty"":""动画"",""y"":2019,""pop"":0},{""t"":""Re:ステージ！ プリズムステップ"",""cn"":""Re:Stage！棱镜舞步"",""ty"":""游戏"",""y"":2017,""pop"":0}]",トロワアンジュの参謀 稀星学園本校の3年生。天葉と那岐咲より物知りなので、トロワアンジュの参謀役を担っている。だが、周りから見たら的はずれな発言をしていることも多い。,1,0,0,1,,,,,,,,https://bgm.tv/character/68951,,68951
bgm-bgm13682,bangumi,5,5,,伊藤启太,伊藤啓太,Ito Keita,,其他,O,,动画|Galgame,Galgame,学園ヘヴン BOY'S LOVE SCRAMBLE!,学园天堂,2002,Galgame,"[{""t"":""学園ヘヴン BOY'S LOVE SCRAMBLE!"",""cn"":""学园天堂"",""ty"":""Galgame"",""y"":2002,""pop"":0},{""t"":""学園ヘヴン2～DOUBLE SCRAMBLE！～"",""cn"":""学园天堂2"",""ty"":""Galgame"",""y"":2014,""pop"":0},{""t"":""学園ヘヴン おかわりっ"",""cn"":""学园天堂 再来一碗"",""ty"":""Galgame"",""y"":2005,""pop"":0},{""t"":""学園ヘヴン"",""cn"":""学园天堂"",""ty"":""动画"",""y"":2006,""pop"":0}]",『学園ヘヴン』の主人公。 運のいい少年。前向きな性格で素直。楽天的でやや単純。 彼が希望に燃えてこの学園に入学してくるところから、物語ははじまる。,1,0,0,1,,,,,,,,https://bgm.tv/character/13682,,13682
bgm-bgm162412,bangumi,5,5,,克萝萝,克萝萝,Kuroro,,其他,,,游戏,游戏,千年之旅,,2023,游戏,,（第四纪元1750-至今），克萝萝是侍主意外召唤出的星痕。 和普通的星痕相比，克萝萝有独特的性质：她能够不依附魔女独立活动，还拥有一种特殊的能力——与能够与图书馆、街道、药丸等东西对话，读取信息。 克萝萝是团队中的开心果和吉祥物，团队里几乎每个人都喜欢着这个天性纯真的女孩。而克萝萝平时几乎与侍主寸步不离，她全身心地信赖着侍主，并称呼侍主为“哥哥”。 对待外人，克萝萝总是有所戒备，甚至能在他人之前察觉一些异样的苗头。,1,0,0,1,,,,,,,,https://bgm.tv/character/162412,,162412
bgm-bgm55802,bangumi,5,5,,冴木凪,冴木凪,Nagi Saeki,,其他,,,Galgame,Galgame,監獄少年,监狱少年,2017,Galgame,,主角的好朋友，外表冷酷内心却是热血男儿。 因为哥哥工作太忙无法返家，因此照顾双亲，跟哥哥直也非常要好。 追随着哥哥而就任于监狱十二阶。,1,0,0,1,,,,,,,,https://bgm.tv/character/55802,,55802
bgm-bgm105246,bangumi,5,5,,仲根琉衣,仲根るい,Nakane Rui,,其他,A,,Galgame,Galgame,true tears ～トゥルーティアーズ～,真实之泪,2006,Galgame,,トゥルーティアーズのメインヒロイン。動物の世話が好きで、獣医になることを夢見る優しい女の子。,1,0,0,1,,,,,,,,https://bgm.tv/character/105246,,105246
bgm-bgm42454,bangumi,5,5,,下园咲,下園咲,Shimozono Saki,,其他,A,,游戏,游戏,ラブライブ！スクールアイドルフェスティバル,LoveLive! 学园偶像祭,2013,游戏,,Klab旗下的手机音乐节奏社交卡牌游戏《LoveLive!学园偶像祭》登场人物。,1,0,0,1,,,,,,,,https://bgm.tv/character/42454,,42454
bgm-bgm26749,bangumi,5,5,,白银烈火,白銀レッカ,Shirogane Rekka,白銀烈火,其他,B,,动画|漫画|游戏,游戏,ガイストクラッシャー,盖斯特破坏者,2013,游戏,"[{""t"":""ガイストクラッシャー"",""cn"":""盖斯特破坏者"",""ty"":""游戏"",""y"":2013,""pop"":0},{""t"":""ガイストクラッシャー"",""cn"":""圣灵破碎者"",""ty"":""动画"",""y"":2013,""pop"":0},{""t"":""ガイストクラッシャー"",""cn"":""盖斯特粉碎者"",""ty"":""漫画"",""y"":2013,""pop"":0},{""t"":""ガイストクラッシャーゴッド"",""cn"":""盖斯特破坏者 神"",""ty"":""游戏"",""y"":2014,""pop"":0}]",本作主人公。13歲，出生於2051年5月5日，金牛座B型，身高161.8cm，體重55kg。 鐵鋼中學的一年級學生，是故事中第一位登場的靈裝戰士。 為人熱血衝動，是一個持有熱血突破・炎之心的靈裝戰士，經常在話中會加上「爆盛」兩個字。 家裡本身是開便當店的，是個超級愛吃飯的大胃王。某天被捲入鐵鋼‧龍神的襲擊事件中在危急關頭憑著其驚人的覺悟而成功進行用「烈焰・芬里爾」進行變身武裝(Gaist On)。,1,0,0,1,,,,,,,,https://bgm.tv/character/26749,,26749
bgm-bgm76623,bangumi,5,5,,吴瑞香,吳瑞香,Wu-Ruixiang,,,O,,游戏,游戏,SAMURAI SPIRITS,侍魂 晓,2019,游戏,,由緒正しい風水師一族の末裔で、清帝国に仕えている女。 代々龍脈を守ることを使命とし、皇帝の命を受けて各地へ旅立つ。 賢明な人物だが極度のドジ。また、室内に籠もりがちであるため運動が大の苦手。 神獣の力を顕現させ、秘伝の奥義で龍さえ呼び寄せる帝国一の風水術に不可能なし。,1,0,0,1,,,,,,,,https://bgm.tv/character/76623,,76623
bgm-bgm128962,bangumi,5,5,,桀派,ゼパル,,花嫁,其他,,,游戏,游戏,メギド72,梅吉德72,2017,游戏,,花嫁衣裳のようなワンピースに身を包んだ少女。 幸せな結婚を夢見るおてんば乙女。,0,0,0,0,,,,,,,,https://bgm.tv/character/128962,,128962
bgm-bgm118985,bangumi,5,5,,,菅野風羽,,,其他,O,,Galgame,Galgame,カエル畑DE ・夏 千木良参戦！,蛙畑奇事 夏 千木良参战,2010,Galgame,"[{""t"":""カエル畑DE ・夏 千木良参戦！"",""cn"":""蛙畑奇事 夏 千木良参战"",""ty"":""Galgame"",""y"":2010,""pop"":0},{""t"":""カエル畑DEつかまえて☆彡"",""cn"":""蛙畑奇事"",""ty"":""Galgame"",""y"":2010,""pop"":0}]",■月宿高校１年４組（１５歳） ■放送部所属 辺りに流されない常識人。 だが若干ずれた感性の持ち主。口調は常に弱敬語（で、やや武士っぽい？）。 運動神経がとても良く、どちらかと言うと多分、男子より女子に人気（かもしれない）。 『顔は可愛いのに何か残念』とよく言われる。,0,0,0,0,,,,,,,,https://bgm.tv/character/118985,,118985
bgm-bgm187064,bangumi,5,5,,,酸ノ宮怜,,,其他,,,Galgame,Galgame,蛇のシンデレラ,蛇与灰姑娘,2018,Galgame,"[{""t"":""蛇のシンデレラ"",""cn"":""蛇与灰姑娘"",""ty"":""Galgame"",""y"":2018,""pop"":0},{""t"":""煮物シンデレラ"",""cn"":"""",""ty"":""Galgame"",""y"":2018,""pop"":0},{""t"":""残業シンデレラ"",""cn"":"""",""ty"":""Galgame"",""y"":2018,""pop"":0},{""t"":""昭和シンデレラ"",""cn"":"""",""ty"":""Galgame"",""y"":2018,""pop"":0},{""t"":""動画シンデレラ"",""cn"":""动画灰姑娘"",""ty"":""Galgame"",""y"":2019,""pop"":0}]",,0,0,0,0,,,,,,,,https://bgm.tv/character/187064,,187064
bgm-bgm98763,bangumi,5,5,,萝丝,Rose,,,其他,未知,,游戏,游戏,엘소드,艾尔之光,2007,游戏,,在天界，法律要求每个女性在其5岁生日时参与测试。在测试中展现出过人天赋的，可以参与全面的训练，并最终进入精锐皇家禁卫军。这些特权阶级不单能防御天界，还可以借由她们从战斗中获得的通信技术、专业知识，来领导整个社会。 萝丝毕业于军校，随后加入天界的皇家禁卫军。不久，她便增设为保护皇女艾尔娣的“皇女庭院”的一员。由于她超凡的能力，她被赋予了“皇女庭院”最强者的称号，“Rose”。 一条巨大的裂缝撕裂了天界，数以万计的未知生物开始从缝隙中出现。随着局势的不断恶化，皇女也遭到了攻击。,0,0,0,0,,,,,,,,https://bgm.tv/character/98763,,98763
bgm-bgm155543,bangumi,5,5,,,現司慶太,,,其他,,,Galgame,Galgame,ユユカナ -under the Starlight-,,2011,Galgame,,,0,0,0,0,1,,,,,,,https://bgm.tv/character/155543,,155543
bgm-bgm26473,bangumi,5,5,,五十岚馨,五十嵐馨,,,其他,A,,Galgame,Galgame,カレイドイヴ,万花筒前夜,2015,Galgame,,主人公の同期。S.A.D.F.の入隊試験を主席で合格している。 主人公とともにCUEの一員に選ばれた。 粗暴な態度だが、困っている人を見ると放っておけない優しい性格で、 文句を言いながらも頼まれたことはこなす。 人を助けたいという思いからこの仕事を志望した。,0,0,0,0,,,,,,,,https://bgm.tv/character/26473,,26473
bgm-bgm161120,bangumi,5,5,,,ねーねー,,,其他,,,Galgame,Galgame,遥かなるニライカナイ,,2024,Galgame,,「キミだけに、とっておきの釣りのコツを教えてあげる」 主人公・一渡の従姉。 故人。 琉球王国における前王のひとり娘で、当時は琉球王女だったが、今はすでに亡くなっている。 当時は小学生だった一渡を、よく遊びに誘っていた。 それがキッカケで、一渡の趣味は釣りになった。 そして、一渡の初恋の相手でもあった。,0,0,0,0,1,,,,,,,https://bgm.tv/character/161120,,161120
bgm-bgm71252,bangumi,5,5,,库·艾哈德,クウ＝エアハルト,Coo Erhard,空,其他,O,,动画|Galgame,Galgame,デ・ジ・キャラット ファンタジー,Di Gi Charat Fantasy ~仲夏夜之梦~,2001,Galgame,"[{""t"":""デ・ジ・キャラット ファンタジー"",""cn"":""Di Gi Charat Fantasy ~仲夏夜之梦~"",""ty"":""Galgame"",""y"":2001,""pop"":0},{""t"":""デ・ジ・キャラットにょ"",""cn"":""Di Gi Charat NYO"",""ty"":""动画"",""y"":2003,""pop"":0},{""t"":""Di Gi Charat お花見すぺしゃる"",""cn"":""Di Gi Charat 赏花特别篇"",""ty"":""动画"",""y"":2001,""pop"":0},{""t"":""Di Gi Charat なつやすみスペシャル"",""cn"":""Di Gi Charat 暑假特别篇"",""ty"":""动画"",""y"":2001,""pop"":0},{""t"":""デ・ジ・キャラット劇場 ぴよこにおまかせぴょ!"",""cn"":""Di Gi Charat剧场 就交给初子吧！"",""ty"":""动画"",""y"":2003,""pop"":0},{""t"":""Di Gi Charat 星の旅"",""cn"":""Di Gi Charat 星之旅"",""ty"":""动画"",""y"":2001,""pop"":0}]",Black Gema-Gema Gang团的少佐。是Piyoko（雏子）的青梅竹马。因此是Piyoko最好的朋友。 如果看到食物在飞，就会像狗狗一样跳过去用嘴接住。 自认为在团里的地位相当于哥哥。虽然比雏子年长但是总是被雏子当弟弟看待。雏子送给他的毛绒熊猫被他视作珍宝。,0,0,0,0,,,,,,,,https://bgm.tv/character/71252,,71252
bgm-bgm95438,bangumi,5,5,,赛勒斯,サイラス,Cyrus,,其他,B,,Galgame,Galgame,アンジェリーク ルミナライズ,安琪莉可Luminarise,2021,Galgame,,「妳以為是黑鳶嗎？ 其實是我。這是模仿夏日海邊風景的剪影。」 照顧妳和玲娜的人。我行我素，稍微有些不太禮貌。會為妳的生活準備很多東西。,0,0,0,0,,,,,,,,https://bgm.tv/character/95438,,95438
bgm-bgm187428,bangumi,5,5,,默尔索,뫼르소,Meursault,,其他,,,游戏,游戏,Limbus Company,边狱巴士公司,2023,游戏,,"명확하며 짧은 지시를, 즉 개인의 판단을 맡기지 않는 명령을 요함.",0,0,0,0,,,,,,,,https://bgm.tv/character/187428,,187428
bgm-bgm100321,bangumi,5,5,,御键映月,御鍵映月,Mikagi Hatsuki,ミカギ,其他,,,游戏,游戏,新すばらしきこのせかい,新美妙世界,2021,游戏,,得体のしれないミステリアスの男性。渋谷のことをよく知らないようで、街に対しての興味を覗かれる。,0,0,0,0,,,,,,,,https://bgm.tv/character/100321,,100321
bgm-bgm151370,bangumi,5,5,,,妮塔,Nita,,其他,,,游戏,游戏,尘白禁区,尘白禁区,2023,游戏,,自幼生活在孤儿院里的妮塔，由于大大咧咧的性格以及保护弱者的习惯，被其它小伙伴视为老大般的存在。 但在孤儿院纵火事件发生后，自诩为“孩子王”的她却无能为力，大受打击，内心愧疚无比。 在后来颠沛流离的生活中，妮塔从四处流浪到雇佣兵，再从雇佣兵到海姆达尔部队士兵。没人知道这段时光里她究竟吃了多少的苦。 但对妮塔来说，只要能保护自己想要保护的人，能帮助旧日的伙伴们过得更好一点，那就是值得的。,0,0,0,0,,,,,,,,https://bgm.tv/character/151370,,151370
bgm-bgm121551,bangumi,5,5,,阿力,りき,Riki,鲛岛力,其他,O,,游戏,游戏,びっくり熱血新記録,热血新纪录,1992,游戏,"[{""t"":""びっくり熱血新記録"",""cn"":""热血新纪录"",""ty"":""游戏"",""y"":1992,""pop"":0},{""t"":""ダウンタウン熱血物語"",""cn"":""热血物语"",""ty"":""游戏"",""y"":1989,""pop"":0},{""t"":""ダウンタウン熱血行進曲 それゆけ大運動会"",""cn"":""热血进行曲"",""ty"":""游戏"",""y"":1990,""pop"":0},{""t"":""熱血高校ドッジボール部"",""cn"":""热血躲避球"",""ty"":""游戏"",""y"":1987,""pop"":0},{""t"":""新・熱血硬派くにおたちの挽歌"",""cn"":""新·热血硬派邦夫君他们的挽歌"",""ty"":""游戏"",""y"":1994,""pop"":0},{""t"":""ダウンタウンスペシャル くにおくんの時代劇だよ 全員集合！"",""cn"":""热血时代剧"",""ty"":""游戏"",""y"":1991,""pop"":0}]",,0,0,0,0,,,,,,,,https://bgm.tv/character/121551,,121551
bgm-bgm187845,bangumi,5,5,,,川本拓,Taku Tawamoto,,其他,O,,Galgame,Galgame,Your Memories Off Girls Style,秋之回忆 女生版,2008,Galgame,,浜咲学園高校2年生。 目立ちたがりやで、皆に慕われるクラスの人気者ポジション 熱し易く冷め易い。実年齢より見た目も性格も子供っぽい,0,0,0,0,,,,,,,,https://bgm.tv/character/187845,,187845
