id,src,month,day,year,name_cn,name_native,name_romaji,alt_names,gender,blood,age,types,ptype,work,work_cn,work_year,work_fmt,works,summary,heat,fav,votes,collects,nsfw,image,thumb,alts,palette,tags,url_al,url_bgm,url_vndb,bgm_id
al35257,anilist,6,6,,桐生萌郁,桐生萌郁,Moeka Kiryuu,Kiryu / Shining Finger / Moe-meow / Lab Member 005,女,B,20,动画|漫画|Galgame,动画,シュタインズ・ゲート,命运石之门,2011,动画,"[{""t"":""シュタインズ・ゲート"",""cn"":""命运石之门"",""ty"":""动画"",""y"":2011,""pop"":594688},{""t"":""シュタインズ・ゲート ゼロ"",""cn"":""命运石之门 0"",""ty"":""动画"",""y"":2018,""pop"":222572},{""t"":""劇場版 シュタインズゲート 負荷領域のデジャヴ"",""cn"":"""",""ty"":""动画"",""y"":2013,""pop"":140137},{""t"":""シュタインズ・ゲート 横行跋扈のポリオマニア"",""cn"":"""",""ty"":""动画"",""y"":2012,""pop"":115940},{""t"":""シュタインズ・ゲート ゼロ 結晶多形のバレンタイン"",""cn"":"""",""ty"":""动画"",""y"":2018,""pop"":38492},{""t"":""STEINS;GATE"",""cn"":""命运石之门"",""ty"":""Galgame"",""y"":2009,""pop"":16857}]",为了都市传说的取材而寻找幻之 PC「IBN5100」的时候，在秋叶原邂逅了冈伦。她沉默寡言到了与别人的交流全部都要通过手机短信的地步(就算对方在眼前)。虽然会让人觉得她的性格十分冷淡，但其实只是因为她不擅长与别人交谈罢了。而且这个不擅长当面交谈的问题即使通过电话也改不了，所以与其说是手机依赖症，不如说是手机短信依赖症更为恰当。 让人大跌眼镜的是，她透过短信传达过来的感情意外的高昂开朗，与本人的形象有着鲜明的反差。 每当有新机种上市，她都会立刻进行更换。,16857,561,16857,143,,https://lain.bgm.tv/pic/crt/l/23/ad/12400_crt_jM727.jpg?r=1529463935,https://lain.bgm.tv/r/400/pic/crt/l/23/ad/12400_crt_jM727.jpg?r=1529463935,https://s4.anilist.co/file/anilistcdn/character/medium/b35257-uepVZyOvuqhi.png|https://s4.anilist.co/file/anilistcdn/character/large/b35257-uepVZyOvuqhi.png|https://t.vndb.org/ch/38/28038.jpg,,Blond Ponytail Long Wavy Curtained Slim Pale Assault Amber Young-adult,https://anilist.co/character/35257,https://bgm.tv/character/12400,https://vndb.org/c6496,12400
al31,anilist,6,6,,西索·莫罗,ヒソカ・モロウ,Hisoka Morow,Hisoka Morou / The Magician / Grim Reaper / 希索加,男,B,28,动画|漫画,动画,HUNTER×HUNTER (2011),,2011,动画,"[{""t"":""HUNTER×HUNTER (2011)"",""cn"":"""",""ty"":""动画"",""y"":2011,""pop"":840476},{""t"":""HUNTER×HUNTER"",""cn"":""猎人"",""ty"":""动画"",""y"":1999,""pop"":134584},{""t"":""HUNTER×HUNTER"",""cn"":""猎人"",""ty"":""漫画"",""y"":1998,""pop"":109206},{""t"":""劇場版 HUNTER×HUNTER 緋色の幻影（ファントム・ルージュ）"",""cn"":"""",""ty"":""动画"",""y"":2013,""pop"":64831},{""t"":""劇場版 HUNTER×HUNTER THE LAST MISSION"",""cn"":""猎人剧场版：最终任务"",""ty"":""动画"",""y"":2013,""pop"":52942},{""t"":""HUNTER×HUNTER: Greed Island"",""cn"":"""",""ty"":""动画"",""y"":2003,""pop"":34034}]",性格变态、狡猾、古怪、反复无常且擅于欺骗，有着非凡的战斗能力，对与强者战斗感到兴奋。形象为魔术师。在猎人试验时，对小杰等人产生兴趣，认为他们像果实般可以成长到更强，不允许有人先比自己对小杰等人下手，想要在他们成长后将其杀掉从他们的身上得到快感。在故事中杀人无数，对于他来讲所有人都是是否有无价值陪自己玩令自己变强的玩具，而玩具玩坏后便会被丢掉。与伊耳谜关系亦敌亦友又互相提防与利用。 念能力属于变化系，能力“伸缩自在的爱”具有黏性和弹性，而“轻薄的假象”能够进行表面伪装。,16010,16010,0,150,,https://lain.bgm.tv/pic/crt/l/c9/24/5073_crt_lzlSg.jpg,https://lain.bgm.tv/r/400/pic/crt/l/c9/24/5073_crt_lzlSg.jpg,https://s4.anilist.co/file/anilistcdn/character/medium/b31-FZckOuu7L1un.png|https://s4.anilist.co/file/anilistcdn/character/large/b31-FZckOuu7L1un.png,,,https://anilist.co/character/31,https://bgm.tv/character/5073,,5073
al216496,anilist,6,6,,路西法,ルシファー,Lucifer,Lucy / Diavolo's right-hand man / The Morning Star / Pridy McPrideface,男,,,动画|漫画|Galgame,动画,Obey Me!,,2021,动画,"[{""t"":""Obey Me!"",""cn"":"""",""ty"":""动画"",""y"":2021,""pop"":17415},{""t"":""うみねこのなく頃に"",""cn"":""海猫鸣泣之时"",""ty"":""Galgame"",""y"":2007,""pop"":13833},{""t"":""うみねこのなく頃に散"",""cn"":""海猫鸣泣之时散"",""ty"":""Galgame"",""y"":2009,""pop"":10973},{""t"":""Obey Me! The Anime Season 2"",""cn"":"""",""ty"":""动画"",""y"":2022,""pop"":4950},{""t"":""Obey Me! スペシャルアニメ 魔界大旅行"",""cn"":"""",""ty"":""动画"",""y"":2021,""pop"":3057},{""t"":""Obey Me! The Comic"",""cn"":"""",""ty"":""漫画"",""y"":2021,""pop"":797}]",贝阿朵莉切的家具，炼狱七姐妹中的长女，代表傲慢。,13833,492,13833,15,,https://lain.bgm.tv/pic/crt/l/9a/b0/9027_crt_4Avz5.jpg?r=1677396919,https://lain.bgm.tv/r/400/pic/crt/l/9a/b0/9027_crt_4Avz5.jpg?r=1677396919,https://s4.anilist.co/file/anilistcdn/character/medium/b216496-WjUuU9GgwBhr.png|https://s4.anilist.co/file/anilistcdn/character/large/b216496-WjUuU9GgwBhr.png|https://t.vndb.org/ch/34/32134.jpg|https://t.vndb.org/ch/76/105676.jpg,,Black Long Straight Teen Slim Pale Fighting Red Jacket Necktie,https://anilist.co/character/216496,https://bgm.tv/character/9027,https://vndb.org/c13727,9027
al89,anilist,6,6,2001,碇真嗣,碇シンジ,Shinji Ikari,Third Child / 碇真治 / 笨蛋真嗣（バガシンジ），小鬼真嗣（ガキシンジ，剧场版Q），わんこ君（真希波限定）,男,A,14,动画|漫画|Galgame,动画,新世紀エヴァンゲリオン,新世纪福音战士,1995,动画,"[{""t"":""新世紀エヴァンゲリオン"",""cn"":""新世纪福音战士"",""ty"":""动画"",""y"":1995,""pop"":494637},{""t"":""新世紀エヴァンゲリオン劇場版 Air/まごころを、君に"",""cn"":""新世纪福音战士剧场版 Air/真心为你"",""ty"":""动画"",""y"":1997,""pop"":253351},{""t"":""ヱヴァンゲリヲン新劇場版:序"",""cn"":""福音战士新剧场版：序"",""ty"":""动画"",""y"":2007,""pop"":144872},{""t"":""ヱヴァンゲリヲン新劇場版:破"",""cn"":""福音战士新剧场版：破"",""ty"":""动画"",""y"":2009,""pop"":134199},{""t"":""ヱヴァンゲリヲン新劇場版:Q"",""cn"":""福音战士新剧场版：Q"",""ty"":""动画"",""y"":2012,""pop"":123242},{""t"":""シン・エヴァンゲリオン劇場版:||"",""cn"":"""",""ty"":""动画"",""y"":2021,""pop"":117586}]",本故事的主角，14岁，操纵EVA初号机的第三适格者（THIRD CHILDREN）。 NERV司令碇源堂的独子。母亲死后，他就住在亲戚家中，和碇源堂分居了十年，突然接到父亲的信而来到第三新东京都市。有着极端内向的性格，极其害怕与陌生人接触，不知如何和别人相处而感到害怕，一直只是照着别人的要求而生活，之后慢慢地敞開了心扉。 作为驾驶员的他与EVA初号机的同步值最高，在歼灭使徒的各次战役中的表现亦最为突出。,11869,11869,436,789,,https://lain.bgm.tv/pic/crt/l/e1/af/302_crt_ce4yO.jpg?r=1616247180,https://lain.bgm.tv/r/400/pic/crt/l/e1/af/302_crt_ce4yO.jpg?r=1616247180,https://s4.anilist.co/file/anilistcdn/character/medium/b89-ZtZhXkh1rITn.png|https://s4.anilist.co/file/anilistcdn/character/large/b89-ZtZhXkh1rITn.png|https://t.vndb.org/ch/15/183715.jpg,,School Uniform Reserved Son Mecha Pilot Pressure Suit Naive Middle School Student Emotional,https://anilist.co/character/89,https://bgm.tv/character/302,https://vndb.org/c126169,302
al80491,anilist,6,6,,石田将也,石田将也,Shouya Ishida,Shou / Yashou / Sho-Chan / Cho-ya,男,,12-20,动画|漫画,动画,聲の形,声之形,2016,动画,"[{""t"":""聲の形"",""cn"":""声之形"",""ty"":""动画"",""y"":2016,""pop"":716152},{""t"":""聲の形"",""cn"":""声之形"",""ty"":""漫画"",""y"":2013,""pop"":90670},{""t"":""聲の形"",""cn"":""声之形"",""ty"":""漫画"",""y"":2011,""pop"":14999},{""t"":""聲の形スペシャル"",""cn"":"""",""ty"":""动画"",""y"":2017,""pop"":10003}]",本作品の主人公。 小学生時代の将也は粗暴なガキ大将タイプの少年。耳の聞こえない硝子に、好奇心からいじめを行ってしまうが、それがあまりに度を過ぎたものになって学級裁判にかけられ、クラスから断罪される。 学級裁判以後、スクールカースト下位に転落した将也は、クラスメイトから手のひらを返すようにいじめをうける、それまで仲が良かったクラスメイトとは対照的に、いじめていたり取っ組み合いのけんかまでしたにもかかわらず最後まで自分を見捨てずに友達になろうとしてくれた硝子の優しさに気づくが、時…,11511,11511,0,66,,https://lain.bgm.tv/pic/crt/l/9d/72/40176_crt_Y3cGy.jpg,https://lain.bgm.tv/r/400/pic/crt/l/9d/72/40176_crt_Y3cGy.jpg,https://s4.anilist.co/file/anilistcdn/character/medium/b80491-NK6pxb6oH61P.png|https://s4.anilist.co/file/anilistcdn/character/large/b80491-NK6pxb6oH61P.png,,,https://anilist.co/character/80491,https://bgm.tv/character/40176,,40176
bgm-bgm11538,vndb,6,6,,朽木冬子,朽木 冬子,Kuchiki Touko,冬子,女,O,,动画|Galgame,Galgame,殻ノ少女,壳之少女,2008,Galgame,"[{""t"":""殻ノ少女"",""cn"":""壳之少女"",""ty"":""Galgame"",""y"":2008,""pop"":7899},{""t"":""虚ノ少女"",""cn"":""虚之少女"",""ty"":""Galgame"",""y"":2013,""pop"":3773},{""t"":""天ノ少女"",""cn"":""天之少女"",""ty"":""Galgame"",""y"":2020,""pop"":1601},{""t"":""天ノ少女"",""cn"":""天之少女"",""ty"":""Galgame"",""y"":2020,""pop"":0},{""t"":""殻ノ少女"",""cn"":""壳之少女"",""ty"":""Galgame"",""y"":2008,""pop"":0},{""t"":""虚ノ少女"",""cn"":""虚之少女"",""ty"":""Galgame"",""y"":2013,""pop"":0}]",有成人气质，既不是成人也不是少女的生物。 喜爱绘画、月下散步。 身材颀长，肤色白皙，拥有如瀑般的披肩黑发，说话带男性的口吻，略微轻佻，却不令人生厌。从周围看来稍稍有些轻佻，但本人对周围的反应毫不在意，丝毫不影响自己的步调。 对于现在的‘名为自己的存在’感到说不出的违和感，委托时坂「寻找真正的自己」。 散发着神秘的气质，突发奇想「跟踪侦探的话他会做何反应呢」便会真的去实行。,7899,0,7899,501,,https://lain.bgm.tv/pic/crt/l/ae/20/11538_crt_BVMje.jpg,https://lain.bgm.tv/r/400/pic/crt/l/ae/20/11538_crt_BVMje.jpg,https://t.vndb.org/ch/59/149359.jpg|https://t.vndb.org/ch/58/149358.jpg,,Black Long Straight Teen Slim Pale School Uniform Doggy Style Cowgirl Standing Sex,,https://bgm.tv/character/11538,https://vndb.org/c4080,11538
al21636,anilist,6,6,,露维亚瑟琳塔·艾德费尔特,ルヴィアゼリッタ・エーデルフェルト,Luviagelita Edelfelt,Luvia / ルヴィア / Luvia / 露米亚洁莉塔·艾德尔菲尔特,女,,17-20,动画|漫画|Galgame,动画,Fate/stay night [Unlimited Blade Works] 2ndシーズン,Fate/stay night [Unlimited Blade Works] 第二季,2015,动画,"[{""t"":""Fate/stay night [Unlimited Blade Works] 2ndシーズン"",""cn"":""Fate/stay night [Unlimited Blade Works] 第二季"",""ty"":""动画"",""y"":2015,""pop"":204528},{""t"":""Fate/kaleid liner プリズマ☆イリヤ"",""cn"":"""",""ty"":""动画"",""y"":2013,""pop"":71104},{""t"":""ロード・エルメロイⅡ世の事件簿 {魔眼蒐集列車} Grace note"",""cn"":"""",""ty"":""动画"",""y"":2019,""pop"":54344},{""t"":""Fate/kaleid linerプリズマ☆イリヤ ツヴァイ！"",""cn"":"""",""ty"":""动画"",""y"":2014,""pop"":44840},{""t"":""Fate/kaleid liner プリズマ☆イリヤ ツヴァイ ヘルツ！"",""cn"":"""",""ty"":""动画"",""y"":2015,""pop"":38995},{""t"":""Fate/kaleid liner プリズマ☆イリヤ ドライ!!"",""cn"":"""",""ty"":""动画"",""y"":2016,""pop"":37251}]",为了一血先代家主在第三次圣杯战争中负于远坂之耻，仓促加入圣杯战争的Edelfelt家现任家主。有着贵族的精英意识，总是用高人一等的态度待人。那高贵气质的支柱，不是身为贵族的骄傲，而是Luvia深爱到不能自已的职业摔跤。在时钟塔和凛是好敌手，这次的战斗中两个人似乎建立起了奇怪的友情。虽然本人否定，但和凛是相像的人，伊利雅对她们两人的的评价是：“都像是笨蛋但实力是真的”、“没有血缘关系的姐妹”。,5851,306,5851,74,,https://lain.bgm.tv/pic/crt/l/43/6b/15026_crt_3qv53.jpg?r=1566720464,https://lain.bgm.tv/r/400/pic/crt/l/43/6b/15026_crt_3qv53.jpg?r=1566720464,https://s4.anilist.co/file/anilistcdn/character/medium/b21636-pxuF4W4Eh9x7.png|https://s4.anilist.co/file/anilistcdn/character/large/b21636-pxuF4W4Eh9x7.png|https://t.vndb.org/ch/68/49968.jpg,,Blond Waist Length+ Curtained Brown Teen Slim Pale Magician Evening Gloves Rival,https://anilist.co/character/21636,https://bgm.tv/character/15026,https://vndb.org/c41595,15026
bgm-bgm117119,vndb,6,6,,花丸兰,花丸 蘭,Hanamaru Ran,,女,O,,动画|Galgame,Galgame,抜きゲーみたいな島に住んでる貧乳はどうすりゃいいですか？,,2018,Galgame,"[{""t"":""抜きゲーみたいな島に住んでる貧乳はどうすりゃいいですか？"",""cn"":"""",""ty"":""Galgame"",""y"":2018,""pop"":3074},{""t"":""抜きゲーみたいな島に住んでる貧乳はどうすりゃいいですか？ 2"",""cn"":"""",""ty"":""Galgame"",""y"":2019,""pop"":1604},{""t"":""ヘンタイ・プリズン"",""cn"":""变态监狱"",""ty"":""Galgame"",""y"":2022,""pop"":0},{""t"":""抜きゲーみたいな島に住んでる貧乳はどうすりゃいいですか？2"",""cn"":"""",""ty"":""Galgame"",""y"":2019,""pop"":0},{""t"":""抜きゲーみたいな島に住んでる貧乳はどうすりゃいいですか？"",""cn"":"""",""ty"":""Galgame"",""y"":2018,""pop"":0},{""t"":""スス子ルートアペンド"",""cn"":"""",""ty"":""Galgame"",""y"":2020,""pop"":0}]",,3074,0,3074,12,1,https://lain.bgm.tv/pic/crt/l/f6/3d/117119_crt_ERu44.jpg,https://lain.bgm.tv/r/400/pic/crt/l/f6/3d/117119_crt_ERu44.jpg,https://t.vndb.org/ch/14/86514.jpg,,Brown Waist Length+ Straight Teen Slim Pale School Uniform Amber Glasses Vest,,https://bgm.tv/character/117119,https://vndb.org/c71535,117119
vndb-c37366,vndb,6,6,,宫濑未寻,宮瀬 未尋,Miyase Mihiro,,女,A,,Galgame,Galgame,ワガママハイスペック,任性HighSpec,2016,Galgame,"[{""t"":""ワガママハイスペック"",""cn"":""任性HighSpec"",""ty"":""Galgame"",""y"":2016,""pop"":2807},{""t"":""ワガママハイスペック OC"",""cn"":""任性HighSpec OC"",""ty"":""Galgame"",""y"":2017,""pop"":433}]",兎亜の親友の少女で桜翠学園の1年生。実家は洋食屋を営んでおり、料理が得意。幸樹のことを「先輩」と呼ぶ。兎亜と同様に、幸樹の漫画家活動のことを知っている。入学試験で首席だったことに目をかけられ、生徒会に勧誘される。ヒロイン一の巨乳の持ち主。,2807,0,2807,42,,https://lain.bgm.tv/pic/crt/l/af/d7/35577_crt_2cIIc.jpg?r=1459068679,https://lain.bgm.tv/r/400/pic/crt/l/af/d7/35577_crt_2cIIc.jpg?r=1459068679,https://t.vndb.org/ch/71/45571.jpg,,Pink Twin Tails Shoulder-length Straight Teen Slim Pale School Uniform Cooking Missionary,,https://bgm.tv/character/35577,https://vndb.org/c37366,35577
bgm-bgm53226,vndb,6,6,,仁野恭司,仁野 恭司,Jinno Kyouji,,男,B,,Galgame,Galgame,ゴア・スクリーミング・ショウ,Gore Screaming Show,2006,Galgame,"[{""t"":""ゴア・スクリーミング・ショウ"",""cn"":""Gore Screaming Show"",""ty"":""Galgame"",""y"":2006,""pop"":1771},{""t"":""夏の孤島の闇の声"",""cn"":""夏之孤岛的暗之声"",""ty"":""Galgame"",""y"":2006,""pop"":44},{""t"":""ゴア・スクリーミング・ショウ"",""cn"":""Gore Screaming Show"",""ty"":""Galgame"",""y"":2006,""pop"":0},{""t"":""夏の孤島の闇の声"",""cn"":""夏之孤岛的暗之声"",""ty"":""Galgame"",""y"":2006,""pop"":0},{""t"":""ゴア・スクリーミング・ショウリニューアル版"",""cn"":""Gore Screaming Show重制版"",""ty"":""Galgame"",""y"":"""",""pop"":0}]",このゲームの主人公で、血気盛んな学生。 ヘヴィメタルと怪人をこよなく愛する男。 三年前に家の都合で都会に引っ越していたが、 両親が海外に赴任することから、 生まれ育った呉仁町に戻ってくる。 親戚である闇子の住まいに居候し、 坂城学園に転校してくる。 メタル好きが高じてギターをたしなむが、 腕前はまだまだ。,1771,0,1771,1,,https://lain.bgm.tv/pic/crt/l/83/32/53226_crt_x9epx.jpg?r=1491650329,https://lain.bgm.tv/r/400/pic/crt/l/83/32/53226_crt_x9epx.jpg?r=1491650329,https://t.vndb.org/ch/92/4792.jpg,,Brown Mullet Short Straight Brown Teen Slim Pale Cunnilingus Sixty-nine,,https://bgm.tv/character/53226,https://vndb.org/c4736,53226
al66965,anilist,6,6,,绫崎礼美,綾崎レミ,Remi Ayasaki,Remi-Remi,女,,17,动画|漫画,动画,ホリミヤ,堀与宫村,2021,动画,"[{""t"":""ホリミヤ"",""cn"":""堀与宫村"",""ty"":""动画"",""y"":2021,""pop"":541084},{""t"":""ホリミヤ -piece-"",""cn"":""堀与宫村 -piece-"",""ty"":""动画"",""y"":2023,""pop"":164326},{""t"":""ホリミヤ"",""cn"":""堀与宫村"",""ty"":""漫画"",""y"":2011,""pop"":122820},{""t"":""堀さんと宮村くん"",""cn"":""堀桑与宫村君"",""ty"":""动画"",""y"":2012,""pop"":43361},{""t"":""堀さんと宮村くん"",""cn"":""堀桑与宫村君"",""ty"":""漫画"",""y"":2008,""pop"":5154},{""t"":""ホリミヤ"",""cn"":""堀与宫村"",""ty"":""漫画"",""y"":2012,""pop"":0}]",为学生会的会员之一。不过在学生会中，只是吉祥物般的存在。因为长的很可爱，在男生中很有名气。 曾经开玩笑对着堀说想要抢走宫村，因为堀的反应让绫崎觉得堀喜欢宫村。 和同学生会的仙石翔交往著。,1707,1707,0,82,,https://lain.bgm.tv/pic/crt/l/37/96/35546_crt_ST471.jpg?r=1615704537,https://lain.bgm.tv/r/400/pic/crt/l/37/96/35546_crt_ST471.jpg?r=1615704537,https://s4.anilist.co/file/anilistcdn/character/medium/b66965-Kfqui6IitXaL.png|https://s4.anilist.co/file/anilistcdn/character/large/b66965-Kfqui6IitXaL.png,,,https://anilist.co/character/66965,https://bgm.tv/character/35546,,35546
al146260,anilist,6,6,,村田雨月,村田雨月,Ugetsu Murata,Uge,男,O,21,动画|漫画,动画,ギヴン,GIVEN 被赠与的未来,2019,动画,"[{""t"":""ギヴン"",""cn"":""GIVEN 被赠与的未来"",""ty"":""动画"",""y"":2019,""pop"":211312},{""t"":""映画 ギヴン"",""cn"":""电影 GIVEN"",""ty"":""动画"",""y"":2020,""pop"":95589},{""t"":""ギヴン"",""cn"":""GIVEN 被赠与的未来"",""ty"":""漫画"",""y"":2013,""pop"":40944},{""t"":""ギヴン 柊mix"",""cn"":"""",""ty"":""动画"",""y"":2024,""pop"":20356},{""t"":""ギヴン 海へ"",""cn"":"""",""ty"":""动画"",""y"":2024,""pop"":13605},{""t"":""ギヴン 10th mix (OAD)"",""cn"":"""",""ty"":""动画"",""y"":2025,""pop"":2516}]",大学生。 国際的に活躍する天才ヴァイオリニスト。 秋彦とは高校時代からの同級生。,1509,1509,0,7,,https://lain.bgm.tv/pic/crt/l/5f/a6/70582_crt_E24nN.jpg?r=1760990669,https://lain.bgm.tv/r/400/pic/crt/l/5f/a6/70582_crt_E24nN.jpg?r=1760990669,https://s4.anilist.co/file/anilistcdn/character/medium/b146260-nvHPDaD6FvTM.png|https://s4.anilist.co/file/anilistcdn/character/large/b146260-nvHPDaD6FvTM.png,,,https://anilist.co/character/146260,https://bgm.tv/character/70582,,70582
al135022,anilist,6,6,,阿斯莫德·艾利斯,アスモデウス・アリス,Alice Asmodeus,Azz / Azz-Azz,男,,,动画|漫画,动画,魔入りました！入間くん,入间同学入魔了,2019,动画,"[{""t"":""魔入りました！入間くん"",""cn"":""入间同学入魔了"",""ty"":""动画"",""y"":2019,""pop"":168432},{""t"":""魔入りました！入間くん 第2シリーズ"",""cn"":""入间同学入魔了 第二季"",""ty"":""动画"",""y"":2021,""pop"":106270},{""t"":""魔入りました！入間くん 第3シリーズ"",""cn"":""入间同学入魔了 第三季"",""ty"":""动画"",""y"":2022,""pop"":73866},{""t"":""魔入りました！入間くん 第4シリーズ"",""cn"":""入间同学入魔了 第四季"",""ty"":""动画"",""y"":2026,""pop"":41289},{""t"":""魔入りました！入間くん"",""cn"":""入间同学入魔了"",""ty"":""漫画"",""y"":2017,""pop"":37598},{""t"":""魔入りました！入間くん if Episode of 魔フィア"",""cn"":"""",""ty"":""动画"",""y"":2027,""pop"":4029}]",火炎系魔術を得意とする、入試首席の優等生悪魔。 理事長・サリバンのえこひいきによって晴れの舞台を奪った入間に敵対心を抱いていた。しかし入学式での決闘で入間に完敗して以来、入間に忠誠を誓い行動を共にするようになり、かけがえのないオトモダチに。 使い魔はゴルゴンスネーク。,1488,1488,0,18,,https://lain.bgm.tv/pic/crt/l/e8/c5/72367_crt_KgVZR.jpg?r=1773285013,https://lain.bgm.tv/r/400/pic/crt/l/e8/c5/72367_crt_KgVZR.jpg?r=1773285013,https://s4.anilist.co/file/anilistcdn/character/medium/b135022-AAXddLdMdNh4.png|https://s4.anilist.co/file/anilistcdn/character/large/b135022-AAXddLdMdNh4.png,,,https://anilist.co/character/135022,https://bgm.tv/character/72367,,72367
al13468,anilist,6,6,,桂木桂马,桂木桂馬,Keima Katsuragi,The Capturing God / Otamegane / Kami-sama / Tonkotsu,男,,17,动画|漫画,动画,神のみぞ知るセカイ,只有神知道的世界,2010,动画,"[{""t"":""神のみぞ知るセカイ"",""cn"":""只有神知道的世界"",""ty"":""动画"",""y"":2010,""pop"":135145},{""t"":""神のみぞ知るセカイⅡ"",""cn"":"""",""ty"":""动画"",""y"":2011,""pop"":77834},{""t"":""神のみぞ知るセカイ 女神篇"",""cn"":"""",""ty"":""动画"",""y"":2013,""pop"":68277},{""t"":""神のみぞ知るセカイ 天理篇"",""cn"":""只有神知道的世界 天理篇"",""ty"":""动画"",""y"":2012,""pop"":33283},{""t"":""神のみぞ知るセカイ　４人とアイドル"",""cn"":"""",""ty"":""动画"",""y"":2011,""pop"":27140},{""t"":""神のみぞ知るセカイ"",""cn"":""只有神知道的世界"",""ty"":""漫画"",""y"":2008,""pop"":25589}]",外号“攻陷之神（落とし神）”的Galgame达人高中生。到目前为止已攻下10000名女角，玩的游戏接近5000部。 只喜欢二次元的女性。上课时都在玩Galgame，但是成绩相当优异。同学都称他为“眼镜宅男（オタメガネ）”。 因为回了大骷髅寄过来的邮件而与恶魔契约，成为帮助捕获“驱魂”的“协力者”。活用Galgame的知识攻下现实的女性。 爱用的游戏机是PFP。 口头禅是“我已经看到结局了”。,1433,1433,0,318,,https://lain.bgm.tv/pic/crt/l/e5/33/780_crt_FtRvo.jpg?r=1378924028,https://lain.bgm.tv/r/400/pic/crt/l/e5/33/780_crt_FtRvo.jpg?r=1378924028,https://s4.anilist.co/file/anilistcdn/character/medium/13468-follPFjSTdME.png|https://s4.anilist.co/file/anilistcdn/character/large/13468-follPFjSTdME.png,,,https://anilist.co/character/13468,https://bgm.tv/character/780,,780
al349524,anilist,6,6,,泽维尔,X,X,,男,O,,动画|游戏,动画,凸变英雄X,,2025,动画,"[{""t"":""凸变英雄X"",""cn"":"""",""ty"":""动画"",""y"":2025,""pop"":126618},{""t"":""凸变英雄X"",""cn"":"""",""ty"":""动画"",""y"":2025,""pop"":0},{""t"":""重返未来：1999"",""cn"":"""",""ty"":""游戏"",""y"":2023,""pop"":0},{""t"":""1999！神秘学对策部"",""cn"":"""",""ty"":""动画"",""y"":2026,""pop"":0}]",圧倒的な力で瞬く間にXの座に上り詰めたスーツマン。どの組織にも属さず、素性の全てが謎に包まれている。 以压倒性的力量瞬间登上X的宝座的西装男。不属于任何组织，身世全部被谜团所包围。,1411,1411,0,4,,https://lain.bgm.tv/pic/crt/l/84/0c/161131_crt_vspDL.jpg,https://lain.bgm.tv/r/400/pic/crt/l/84/0c/161131_crt_vspDL.jpg,https://lain.bgm.tv/r/400/pic/crt/l/d8/5f/130984_crt_8jfqY.jpg|https://lain.bgm.tv/pic/crt/l/d8/5f/130984_crt_8jfqY.jpg|https://storage.moegirl.org.cn/moegirl/commons/e/e1/%E6%B3%BD%E7%BB%B4%E5%B0%94.png|https://s4.anilist.co/file/anilistcdn/character/medium/b349524-REvrZCihFExZ.png|https://s4.anilist.co/file/anilistcdn/character/large/b349524-REvrZCihFExZ.png,,图源:moegirl,https://anilist.co/character/349524,https://bgm.tv/character/161131,,161131
bgm-bgm88398,vndb,6,6,,雾岛让,霧島 譲,Kirishima Jou,ジョウ / Joe / ジョウ、Joe,男,,,Galgame,Galgame,LOOPERS,,2021,Galgame,"[{""t"":""LOOPERS"",""cn"":"""",""ty"":""Galgame"",""y"":2021,""pop"":1384},{""t"":""LOOPERS -ルーパーズ-"",""cn"":""时廻者"",""ty"":""Galgame"",""y"":2021,""pop"":0}]",体格健壮，热爱健身。 是个开朗的气氛制造者，性格单纯，和平良一样是个笨蛋。 动不动就会炫耀自己的肌肉。,1384,0,1384,1,,https://lain.bgm.tv/pic/crt/l/e8/6d/88398_crt_qlIF6.jpg?r=1607707761,https://lain.bgm.tv/r/400/pic/crt/l/e8/6d/88398_crt_qlIF6.jpg?r=1607707761,https://t.vndb.org/ch/33/121333.jpg,,White Short Hard Worker Grey Young-adult Muscular Olive Shirt Boku Airhead,,https://bgm.tv/character/88398,https://vndb.org/c94402,88398
bgm-bgm154888,vndb,6,6,,黑部奈叶香,黒部 ナノカ,Kurobe Nanoka,なのちゃん / Nano-chan,女,A,,Galgame,Galgame,魔法少女ノ魔女裁判,,2025,Galgame,"[{""t"":""魔法少女ノ魔女裁判"",""cn"":"""",""ty"":""Galgame"",""y"":2025,""pop"":1206},{""t"":""魔法少女ノ魔女裁判"",""cn"":""魔法少女的魔女审判"",""ty"":""Galgame"",""y"":2025,""pop"":0}]",囚人番号665：黒部ナノカ 牢屋敷に強い敵意を燃やす少女。 口数が少なく、他人を突き放すような態度が多い。 牢屋敷のルールや構造については他の囚人たちより詳しいが、他人と協力せず単独行動を好む。 牢屋敷に強い敵意を燃やす少女。 いつもクールな雰囲気をまとい、他人を突き放すような 言動が多い。 感情の上下がな く、目的の為に手段を選ばず 淡々とこなす。牢屋敷や魔女裁判のシステムを事前に 知っているらしく、牢屋敷の構造・ 歴史・ルールについても詳しい。,1206,0,1206,90,,https://lain.bgm.tv/pic/crt/l/50/58/154888_crt_43CqF.jpg,https://lain.bgm.tv/r/400/pic/crt/l/50/58/154888_crt_43CqF.jpg,https://t.vndb.org/ch/45/180845.jpg,,Black Twin Tails Shoulder-length Teen Slim Pale Student Magician Fighting Black,,https://bgm.tv/character/154888,https://vndb.org/c137427,154888
al41055,anilist,6,6,,,東雲はかせ,Hakase Shinonome,Professor,,,8,动画|漫画,动画,日常,日常,2011,动画,"[{""t"":""日常"",""cn"":""日常"",""ty"":""动画"",""y"":2011,""pop"":240795},{""t"":""日常の0話"",""cn"":"""",""ty"":""动画"",""y"":2011,""pop"":28887},{""t"":""日常"",""cn"":""日常"",""ty"":""漫画"",""y"":2006,""pop"":16981},{""t"":""ヘルベチカスタンダード"",""cn"":"""",""ty"":""漫画"",""y"":2011,""pop"":2231},{""t"":""無限正月"",""cn"":"""",""ty"":""动画"",""y"":2021,""pop"":792}]","She is a young scientist, who despite her outstanding intelligence, still reflects her age. She loves sharks and snacks, and constantly modifies [Nano Shinonome](//anilist.co/character/10422/Shinonome-Nano), whom she created, to add strange…",1103,1103,0,0,,https://s4.anilist.co/file/anilistcdn/character/large/b41055-RZH1b5am1LvO.png,https://s4.anilist.co/file/anilistcdn/character/medium/b41055-RZH1b5am1LvO.png,,,,https://anilist.co/character/41055,,,
bgm-bgm50881,vndb,6,6,,,神林 真央,Kanbayashi Mao,,女,A,,Galgame,Galgame,神頼みしすぎて俺の未来がヤバい。,,2017,Galgame,"[{""t"":""神頼みしすぎて俺の未来がヤバい。"",""cn"":"""",""ty"":""Galgame"",""y"":2017,""pop"":920},{""t"":""神頼みしすぎて俺の未来がヤバい。"",""cn"":""太依赖咒术的我未来堪忧。"",""ty"":""Galgame"",""y"":2017,""pop"":0}]",小学生の頃、実家の近所に住んでいた従姉妹。 その後しばらく離れていたが、始が転入してきたことで再会。 きっと運命に違いないと思っている。 恋に恋するお年頃で妄想が暴走しがち。 「お兄ちゃん」と慕って甘えてくる。 天真爛漫で素直な性格。 幼い頃に引っ越す間際、将来結婚をする約束を交わしており、もしかしたらまだ縁が残っているのかも……？ 「お兄ちゃんそそっかしいから、わたしの知らない場所にいると不安だしね」,920,0,920,21,,https://lain.bgm.tv/pic/crt/l/4c/68/50881_crt_nnn62.jpg,https://lain.bgm.tv/r/400/pic/crt/l/4c/68/50881_crt_nnn62.jpg,https://t.vndb.org/ch/68/73868.jpg,,Waist Length+ Straight Teen Slim Pale School Uniform Doggy Style Virgin Sex Violet Miniskirt,,https://bgm.tv/character/50881,https://vndb.org/c59075,50881
al140,anilist,6,6,,神田优,神田ユウ,Yuu Kanda,Bakanda,男,AB,17,动画|漫画|轻小说,动画,ディー・グレイマン,驱魔少年,2006,动画,"[{""t"":""ディー・グレイマン"",""cn"":""驱魔少年"",""ty"":""动画"",""y"":2006,""pop"":117180},{""t"":""ディー・グレイマン"",""cn"":""驱魔少年"",""ty"":""漫画"",""y"":2004,""pop"":42535},{""t"":""ディー・グレイマン ハロー"",""cn"":""驱魔少年 HALLOW"",""ty"":""动画"",""y"":2016,""pop"":37297},{""t"":""D.Gray-man reverse"",""cn"":"""",""ty"":""轻小说"",""y"":2005,""pop"":997},{""t"":""D.Gray-man"",""cn"":""驱魔少年"",""ty"":""动画"",""y"":2006,""pop"":0},{""t"":""D.Gray-man"",""cn"":""驱魔少年"",""ty"":""漫画"",""y"":2004,""pop"":0}]","177cm (5'9"") Amember of the fictional religious organization known as the Black Orde. Kanda is a young and handsome Japanese man usually found in any mood that isn't positive.",905,905,0,10,,https://lain.bgm.tv/pic/crt/l/5b/d8/39795_crt_k4uF1.jpg?r=1458983345,https://lain.bgm.tv/r/400/pic/crt/l/5b/d8/39795_crt_k4uF1.jpg?r=1458983345,https://s4.anilist.co/file/anilistcdn/character/medium/b140-vbv18x2l0tDw.png|https://s4.anilist.co/file/anilistcdn/character/large/b140-vbv18x2l0tDw.png,,,https://anilist.co/character/140,https://bgm.tv/character/39795,,39795
al87269,anilist,6,6,,野崎梅太郎,野崎梅太郎,Umetarou Nozaki ,夢野咲子 / 梦野咲子,男,A,16,动画|漫画,动画,月刊少女野崎くん,月刊少女野崎君,2014,动画,"[{""t"":""月刊少女野崎くん"",""cn"":""月刊少女野崎君"",""ty"":""动画"",""y"":2014,""pop"":223060},{""t"":""月刊少女野崎くん ミニOVAs"",""cn"":"""",""ty"":""动画"",""y"":2014,""pop"":33649},{""t"":""月刊少女野崎くん"",""cn"":""月刊少女野崎君"",""ty"":""漫画"",""y"":2011,""pop"":26056},{""t"":""月刊少女野崎くん アンソロジー"",""cn"":"""",""ty"":""漫画"",""y"":2014,""pop"":1286},{""t"":""月刊少女野崎さん"",""cn"":"""",""ty"":""漫画"",""y"":2021,""pop"":774},{""t"":""月刊少女野崎くん"",""cn"":""月刊少女野崎君"",""ty"":""动画"",""y"":2014,""pop"":0}]",并不是很受欢迎。外表很普通。 被班里的女生指责「个头太大了碍事!」。 跟班里的所有男生相处得都挺好。 属于相较于女生还是在男生中人气比较高的类型。 讨厌前野。 超喜欢剑先生！ 虽然过程艰辛、但最终还是会画出普通的浪漫少女漫画。 虽然对作品怀有自豪感，却不知为何有些粗率。 不会画背景。 并没有特意隐瞒自己是漫画家的事情。只是大家都不信。 是因为兴趣而画漫画的。 一个人住在作为工作室的公寓里(在学校附近)。 手很巧。擅长料理。,899,899,0,98,,https://lain.bgm.tv/pic/crt/l/6f/d3/20362_crt_4rlrg.jpg?r=1447000779,https://lain.bgm.tv/r/400/pic/crt/l/6f/d3/20362_crt_4rlrg.jpg?r=1447000779,https://s4.anilist.co/file/anilistcdn/character/medium/87269.jpg|https://s4.anilist.co/file/anilistcdn/character/large/87269.jpg,,,https://anilist.co/character/87269,https://bgm.tv/character/20362,,20362
al24252,anilist,6,6,1980,鞍马,鞍馬,Shinjirou Kurama,Tengu,男,,28,动画|漫画|轻小说,动画,神様はじめました,元气少女缘结神,2012,动画,"[{""t"":""神様はじめました"",""cn"":""元气少女缘结神"",""ty"":""动画"",""y"":2012,""pop"":170315},{""t"":""神様はじめました◎"",""cn"":""元气少女缘结神◎"",""ty"":""动画"",""y"":2015,""pop"":93502},{""t"":""神様はじめました ～過去編～"",""cn"":""元气少女缘结神 过去篇"",""ty"":""动画"",""y"":2015,""pop"":38032},{""t"":""神様はじめました"",""cn"":""元气少女缘结神"",""ty"":""漫画"",""y"":2008,""pop"":24065},{""t"":""神様はじめました「神様、幸せになる」"",""cn"":""元气少女缘结神 新婚篇"",""ty"":""动画"",""y"":2016,""pop"":17009},{""t"":""神様はじめました 鞍馬山夜話"",""cn"":"""",""ty"":""轻小说"",""y"":2015,""pop"":284}]",「地獄の堕天使」の異名をとる人気絶頂のビジュアル系アイドルだが、正体は烏天狗（カラスてんぐ）。奈々生の通う学校に転入し、彼女から土地神の印を奪って土地神になろうとしたこともあった。紆余曲折を経た後、奈々生に対して好意的になる。ぶっ飛んだ性格だがその内に優しい一面もある｡本名は真寿郎。,888,888,0,12,,https://lain.bgm.tv/pic/crt/l/2f/47/17265_crt_s5cg4.jpg,https://lain.bgm.tv/r/400/pic/crt/l/2f/47/17265_crt_s5cg4.jpg,https://s4.anilist.co/file/anilistcdn/character/medium/b24252-ZSowWBQK0cxJ.png|https://s4.anilist.co/file/anilistcdn/character/large/b24252-ZSowWBQK0cxJ.png,,,https://anilist.co/character/24252,https://bgm.tv/character/17265,,17265
al230875,anilist,6,6,,温水佳树,温水佳樹,Kaju Nukumizu,,女,,,动画|漫画|轻小说,动画,負けヒロインが多すぎる！,败犬女主太多了！,2024,动画,"[{""t"":""負けヒロインが多すぎる！"",""cn"":""败犬女主太多了！"",""ty"":""动画"",""y"":2024,""pop"":131622},{""t"":""負けヒロインが多すぎる！@comic"",""cn"":""败犬女主太多了！"",""ty"":""漫画"",""y"":2022,""pop"":6245},{""t"":""負けヒロインが多すぎる！"",""cn"":""败犬女主太多了！"",""ty"":""轻小说"",""y"":2021,""pop"":4514},{""t"":""負けヒロインが多すぎる！"",""cn"":""败犬女主太多了！"",""ty"":""动画"",""y"":2024,""pop"":0},{""t"":""負けヒロインが多すぎる！"",""cn"":""败犬女主太多了！"",""ty"":""漫画"",""y"":2021,""pop"":0},{""t"":""負けヒロインが多すぎる!@comic"",""cn"":""败犬女主太多了！"",""ty"":""漫画"",""y"":2022,""pop"":0}]",和彦の妹で中学2年生。全てをそつなくこなすパーフェクトな妹だが、多少ブラコン気味なのが玉に瑕。大好きな兄のことを自ら「お兄様」と呼び、兄のこととなると歯止めが利かなくなる。和彦に友達が出来ないことをとても心配している。,886,337,0,886,,https://lain.bgm.tv/pic/crt/l/59/50/111331_crt_ucm5q.jpg,https://lain.bgm.tv/r/400/pic/crt/l/59/50/111331_crt_ucm5q.jpg,https://s4.anilist.co/file/anilistcdn/character/medium/b230875-a7xt1gkIwTnM.png|https://s4.anilist.co/file/anilistcdn/character/large/b230875-a7xt1gkIwTnM.png,,,https://anilist.co/character/230875,https://bgm.tv/character/111331,,111331
bgm-bgm63872,vndb,6,6,,冬月十夜,冬月 十夜,Fuyutsuki Tooya,,女,O,,Galgame,Galgame,"さくら、もゆ。-as the Night's, Reincarnation-","樱花、萌放。-as the Night's, Reincarnation-",2019,Galgame,"[{""t"":""さくら、もゆ。-as the Night's, Reincarnation-"",""cn"":""樱花、萌放。-as the Night's, Reincarnation-"",""ty"":""Galgame"",""y"":2019,""pop"":870},{""t"":""さくら、もゆ。-as the Night's, Reincarnation-"",""cn"":""樱花、萌放。-as the Night's, Reincarnation-"",""ty"":""Galgame"",""y"":2019,""pop"":0},{""t"":""ときには秘密のお食事を"",""cn"":"""",""ty"":""音乐"",""y"":2019,""pop"":0}]",化身人形的猫。 跟姐姐一起住在位于街角的不可思议的杂货店“梦的尽头”。 不擅长学习，特别是数学。 害怕寂寞、又很怕生，但是期待着大雅到杂货店玩。 虽然性格内向，但是面对大雅的时候会有点小骄傲。 会被点心吸引到任何地方，哪怕是非常危险的地方。 「如果和大雅一起的话，可以哦。,870,0,870,80,,https://lain.bgm.tv/pic/crt/l/c8/fe/63872_crt_TiYTG.jpg?r=1682662316,https://lain.bgm.tv/r/400/pic/crt/l/c8/fe/63872_crt_TiYTG.jpg?r=1682662316,https://t.vndb.org/ch/04/100904.jpg,,Black Long Straight Green Slim Pale Amber Kid Shirt Shorts,,https://bgm.tv/character/63872,https://vndb.org/c69273,63872
al124386,anilist,6,6,,心,ココロ,Kokoro,Code:556 / CODE:556 / 謎の少女 / 可可罗婆婆,女,O Rh+,14-15,动画|漫画|Galgame,动画,ダーリン・イン・ザ・フランキス,DARLING in the FRANXX,2018,动画,"[{""t"":""ダーリン・イン・ザ・フランキス"",""cn"":""DARLING in the FRANXX"",""ty"":""动画"",""y"":2018,""pop"":500181},{""t"":""ダーリン・イン・ザ・フランキス"",""cn"":""DARLING in the FRANXX"",""ty"":""漫画"",""y"":2018,""pop"":21127},{""t"":""だーりん・いん・ざ・ふらんきす！"",""cn"":"""",""ty"":""漫画"",""y"":2018,""pop"":2648},{""t"":""エヴォリミット"",""cn"":"""",""ty"":""Galgame"",""y"":2010,""pop"":129},{""t"":""ダーリン・イン・ザ・フランキス"",""cn"":""DARLING in the FRANXX"",""ty"":""动画"",""y"":2018,""pop"":0},{""t"":""エヴォリミット"",""cn"":"""",""ty"":""Galgame"",""y"":2010,""pop"":0}]",性格温柔沉稳，是男生们的女神。 虽然话不多，却很深思熟虑。 CODE FP40-T3NL-556,865,865,129,78,,https://lain.bgm.tv/pic/crt/l/ea/bb/58312_crt_LTYlC.jpg?r=1507739066,https://lain.bgm.tv/r/400/pic/crt/l/ea/bb/58312_crt_LTYlC.jpg?r=1507739066,https://lain.bgm.tv/r/400/pic/crt/l/a5/ac/134042_crt_7b66P.jpg|https://lain.bgm.tv/pic/crt/l/a5/ac/134042_crt_7b66P.jpg|https://lain.bgm.tv/r/400/pic/crt/l/d2/6f/4246_crt_Uog9k.jpg|https://lain.bgm.tv/pic/crt/l/d2/6f/4246_crt_Uog9k.jpg|https://s4.anilist.co/file/anilistcdn/character/medium/b124386-vc248g43ap3m.jpg|https://s4.anilist.co/file/anilistcdn/character/large/b124386-vc248g43ap3m.jpg,,Black Waist Length+ Straight Pale Black Kid Dress Cynic Friendly Terminal Illness,https://anilist.co/character/124386,https://bgm.tv/character/58312,https://vndb.org/c1049,58312
al62945,anilist,6,6,,秋山优花里,秋山優花里,Yukari Akiyama,Guderian / Sergeant Oddball,女,O,,动画,动画,ガールズ&パンツァー,少女与战车（小说）,2012,动画,"[{""t"":""ガールズ&パンツァー"",""cn"":""少女与战车（小说）"",""ty"":""动画"",""y"":2012,""pop"":86932},{""t"":""ガールズ&パンツァー 劇場版"",""cn"":"""",""ty"":""动画"",""y"":2015,""pop"":32232},{""t"":""ガールズ&パンツァー 最終章 第1話"",""cn"":"""",""ty"":""动画"",""y"":2017,""pop"":20331},{""t"":""ガールズ&パンツァー これが本当のアンツィオ戦です！"",""cn"":"""",""ty"":""动画"",""y"":2014,""pop"":17565},{""t"":""ガールズ＆パンツァー 最終章 第2話"",""cn"":"""",""ty"":""动画"",""y"":2019,""pop"":15895},{""t"":""ガールズ&パンツァー"",""cn"":""少女与战车（小说）"",""ty"":""动画"",""y"":2012,""pop"":14030}]",砲手→装填手。実家は秋山理髪店。戦車への愛情と共に造詣も深い筋金入りの戦車マニアで、自宅の部屋には戦車関連の品々が飾られている。1年前の決勝戦で黒森峰の副隊長として指揮を執っていたみほを見て以来、彼女に対して強い憧れを抱いている。相手の戦力を把握するために独断で潜入した諜報活動では独自に入手した制服で変装して短時間で動画編集を行うなど大胆さと器用さを併せ持ち、試合でも必要な場面では降車して単独で斥候を行う。後に、エルヴィンたちから「グデーリアン」と呼ばれるようになった,746,746,0,121,,https://lain.bgm.tv/pic/crt/l/9b/c5/17415_crt_wE87X.jpg,https://lain.bgm.tv/r/400/pic/crt/l/9b/c5/17415_crt_wE87X.jpg,https://s4.anilist.co/file/anilistcdn/character/medium/b62945-X9Y608pYoTZK.png|https://s4.anilist.co/file/anilistcdn/character/large/b62945-X9Y608pYoTZK.png,,,https://anilist.co/character/62945,https://bgm.tv/character/17415,,17415
al89537,anilist,6,6,,焰魔堂辘轳,焔魔堂ろくろ,Rokuro Enmadou,,男,B,14-20,动画|漫画,动画,双星の陰陽師,双星之阴阳师,2016,动画,"[{""t"":""双星の陰陽師"",""cn"":""双星之阴阳师"",""ty"":""动画"",""y"":2016,""pop"":124749},{""t"":""双星の陰陽師"",""cn"":""双星之阴阳师"",""ty"":""漫画"",""y"":2013,""pop"":23922},{""t"":""双星の陰陽師 天縁若虎〜二色滑稽画〜"",""cn"":"""",""ty"":""漫画"",""y"":2018,""pop"":401},{""t"":""双星の陰陽師"",""cn"":""双星之阴阳师"",""ty"":""漫画"",""y"":2014,""pop"":0},{""t"":""双星の陰陽師"",""cn"":""双星之阴阳师"",""ty"":""动画"",""y"":2016,""pop"":0}]",神託により陰陽師の夫婦に与えられる「双星の陰陽師（そうせいのおんみょうじ）」の称号を得た少年。陰陽師としての才能があり、幼いながらも大人と共にケガレを祓っていた。しかし当時在籍していた雛月寮（ひいなつきりょう）で起きた「雛月の悲劇」で唯一生き残り、事件以降は陰陽師になることを強く拒む。,726,726,0,10,,https://lain.bgm.tv/pic/crt/l/5c/1e/36938_crt_P955t.jpg?r=1458812120,https://lain.bgm.tv/r/400/pic/crt/l/5c/1e/36938_crt_P955t.jpg?r=1458812120,https://s4.anilist.co/file/anilistcdn/character/medium/b89537-ruoRVI6090vx.png|https://s4.anilist.co/file/anilistcdn/character/large/b89537-ruoRVI6090vx.png,,,https://anilist.co/character/89537,https://bgm.tv/character/36938,,36938
al88838,anilist,6,6,,真户晓,真戸暁,Akira Mado,晓(アキラ),女,A,"21 (Tokyo Ghoul), 24 (Tokyo Ghoul:re)",动画|漫画,动画,東京喰種 トーキョーグール,东京喰种,2014,动画,"[{""t"":""東京喰種 トーキョーグール"",""cn"":""东京喰种"",""ty"":""动画"",""y"":2014,""pop"":739775},{""t"":""東京喰種[トーキョーグール]√A"",""cn"":""东京喰种√A"",""ty"":""动画"",""y"":2015,""pop"":406723},{""t"":""東京喰種-トーキョーグール-:re"",""cn"":""东京喰种:re"",""ty"":""动画"",""y"":2018,""pop"":307841},{""t"":""東京喰種-トーキョーグール-:re 2"",""cn"":"""",""ty"":""动画"",""y"":2018,""pop"":237376},{""t"":""東京喰種 トーキョーグール"",""cn"":""东京喰种"",""ty"":""漫画"",""y"":2011,""pop"":196324},{""t"":""東京喰種-トーキョーグール-:re"",""cn"":""东京喰种:re"",""ty"":""漫画"",""y"":2014,""pop"":104047}]",真戸の娘。アカデミーでは政道と同期で首席卒業。上等捜査官に昇進した亜門のパートナーとなる。上司といえども労力の無駄として敬語は使わない等、傲慢な面を見せる。 女性らしく体重を気にする一面があり、夜の九時以降は食事をしないよう気を付けている。グラス一杯の酒を飲んだだけで泥酔してしまう程アルコールに弱い。 鞭状の尾赫と剣状の甲赫を融合させたキメラクインケの[アマツ]を使う。理屈っぽい話し方や喰種（赫子）をクインケの素材として見ていたりするなど父親との共通点が多い。,705,705,0,33,,https://lain.bgm.tv/pic/crt/l/b1/c6/28584_crt_vX1v6.jpg?r=1424201498,https://lain.bgm.tv/r/400/pic/crt/l/b1/c6/28584_crt_vX1v6.jpg?r=1424201498,https://s4.anilist.co/file/anilistcdn/character/medium/b88838-LWDgYMTqb1pd.png|https://s4.anilist.co/file/anilistcdn/character/large/b88838-LWDgYMTqb1pd.png,,,https://anilist.co/character/88838,https://bgm.tv/character/28584,,28584
bgm-bgm44832,vndb,6,6,,丛云结月,叢雲 ユヅキ,Murakumo Yuzuki,,男,A,,Galgame,Galgame,7'scarlet,,2016,Galgame,"[{""t"":""7'scarlet"",""cn"":"""",""ty"":""Galgame"",""y"":2016,""pop"":653},{""t"":""7'scarlet"",""cn"":""七罪绯红"",""ty"":""Galgame"",""y"":2016,""pop"":0}]",主人公達が滞在する風厘館のオーナー。 町で一番の実力者である叢雲家の一人息子。 常に高圧的な態度をとり、基本的に笑わないので、まわりから近づきがたい存在と見られている。 風厘館でバイトを始めた主人公にも常に冷たい態度を見せる。 女主角等人所下榻的风厘馆的馆主。 是镇中第一权力者丛云家的独生子。 常常摆出一副专横的态度，基本不露出笑容，所以周围人都对他敬而远之。 对刚开始在风厘馆打工的女主角总是态度不善。,653,0,653,4,,https://lain.bgm.tv/pic/crt/l/c6/95/44832_crt_H4ll0.jpg,https://lain.bgm.tv/r/400/pic/crt/l/c6/95/44832_crt_H4ll0.jpg,https://t.vndb.org/ch/92/60892.jpg,,Brown Short Pale Amber Young-adult Muscular Necktie Shirt Jeans Kuudere,,https://bgm.tv/character/44832,https://vndb.org/c50733,44832
bgm-bgm70042,vndb,6,6,,菲蕾丝,フェレス,Pheles,梅菲斯托菲蕾丝,女,青色6号,,Galgame,Galgame,タマユラミライ,,2019,Galgame,"[{""t"":""タマユラミライ"",""cn"":"""",""ty"":""Galgame"",""y"":2019,""pop"":535},{""t"":""タマユラミライ"",""cn"":""玉响未来"",""ty"":""Galgame"",""y"":2019,""pop"":0}]","偉大な魔法使いと契約を交わした大悪魔……だったこともある。 ある約束を守れなかったがために罰を受け、 今の姿に堕ちてしまった""あクマ""のぬいぐるみ。 そんな彼女と再び契約を結んでくれた主人公のことをマスターと呼んで敬愛する。 どんなときもマスター第一、マスター大好きっ子でもあります。 大好きな物を目の前にすると、お尻を振り振りする癖がある。",535,0,535,8,,https://lain.bgm.tv/pic/crt/l/33/c5/70042_crt_7pnjc.jpg,https://lain.bgm.tv/r/400/pic/crt/l/33/c5/70042_crt_7pnjc.jpg,https://t.vndb.org/ch/42/89942.jpg,,Red Planning Confinement Demon Crown Self-sacrifice Bear Loyal Ribbon Tie Tiny,,https://bgm.tv/character/70042,https://vndb.org/c74269,70042
vndb-c34852,vndb,6,6,,,七瀬 凛,Nanase Rin,,女,,,Galgame,Galgame,マブラヴ サプリメント,Muv-Luv supplement,2004,Galgame,"[{""t"":""マブラヴ サプリメント"",""cn"":""Muv-Luv supplement"",""ty"":""Galgame"",""y"":2004,""pop"":521},{""t"":""マブラヴ サプリメント"",""cn"":""Muv-Luv supplement"",""ty"":""Galgame"",""y"":2004,""pop"":521}]",,521,0,521,0,,https://t.vndb.org/ch/25/42125.jpg,https://t.vndb.org/ch/25/42125.jpg,,#a7d1ea #6a765a #84a498 #393526 #bdbdad #eeeae2,Brown Ahoge Waist Length+ Straight Teen Slim Pale Doggy Style Blowjob Virgin Sex,,,https://vndb.org/c34852,
bgm-bgm153702,vndb,6,6,,,大屋 汐莉,Ooya Shiori,,女,,,Galgame,Galgame,セレクトオブリージュ,天选庶民的真命之选,2024,Galgame,"[{""t"":""セレクトオブリージュ"",""cn"":""天选庶民的真命之选"",""ty"":""Galgame"",""y"":2024,""pop"":515},{""t"":""セレクトオブリージュ"",""cn"":""天选庶民的真命之选"",""ty"":""Galgame"",""y"":2024,""pop"":0}]",学園の一年生で、健康的に焼けた肌が印象的。 運動部総括の補佐を務めており、イヴを尊敬している。,515,0,515,1,,https://lain.bgm.tv/pic/crt/l/b8/76/153702_crt_1jfEH.jpg,https://lain.bgm.tv/r/400/pic/crt/l/b8/76/153702_crt_1jfEH.jpg,https://t.vndb.org/ch/40/159940.jpg,,Red Ponytail Long Curtained Straight Teen Slim School Uniform Green Knee-high Socks,,https://bgm.tv/character/153702,https://vndb.org/c135942,153702
bgm-bgm11909,bangumi,6,6,,博士,はかせ,Hakase,,其他,,,动画|漫画,动画,日常,日常,2011,动画,"[{""t"":""日常"",""cn"":""日常"",""ty"":""动画"",""y"":2011,""pop"":0},{""t"":""日常 Eテレ版"",""cn"":""日常 ETV版"",""ty"":""动画"",""y"":2012,""pop"":0},{""t"":""日常"",""cn"":""日常"",""ty"":""漫画"",""y"":2007,""pop"":0},{""t"":""『日常のラヂオ』テーマソング"",""cn"":""『日常的radio』主题曲"",""ty"":""音乐"",""y"":2011,""pop"":0},{""t"":""TVアニメ 日常 キャラクターソング 「はかせの好きなのなの」／はかせ"",""cn"":"""",""ty"":""音乐"",""y"":2011,""pop"":0}]",自称博士，8岁。本名不明，研究所的名称为东云研究所。整天都在家里研究，研究题材不明。似乎很想要芥川赏。留着茶色长发，除了睡觉时间以外都穿着白衣。认为机器人很可爱，顽固地拒绝将名乃变得更像人类。不擅长说谎。喜欢喝4.5牛奶（特浓），爱吃甜食，曾因为吃太多零食而吃不下饭。喜欢古老的搞笑风格。认为鲨鱼很酷，房间里贴着鲨鱼海报。,512,0,0,512,,https://lain.bgm.tv/pic/crt/l/69/be/11909_crt_jf0Zy.jpg,https://lain.bgm.tv/r/400/pic/crt/l/69/be/11909_crt_jf0Zy.jpg,,,,,https://bgm.tv/character/11909,,11909
al162724,anilist,6,6,,夜樱六美,夜桜六美,Mutsumi Yozakura,,女,A,17,动画|漫画,动画,夜桜さんちの大作戦,夜樱家的大作战,2024,动画,"[{""t"":""夜桜さんちの大作戦"",""cn"":""夜樱家的大作战"",""ty"":""动画"",""y"":2024,""pop"":75662},{""t"":""夜桜さんちの大作戦 第2期"",""cn"":"""",""ty"":""动画"",""y"":2026,""pop"":26216},{""t"":""夜桜さんちの大作戦"",""cn"":""夜樱家的大作战"",""ty"":""漫画"",""y"":2019,""pop"":24368},{""t"":""夜桜さんちの大作戦 第2期 第2クール"",""cn"":"""",""ty"":""动画"",""y"":2026,""pop"":4827},{""t"":""夜桜さんちのミニ作戦"",""cn"":"""",""ty"":""动画"",""y"":2024,""pop"":964},{""t"":""夜桜さんちの大作戦 作戦 100β. 夜桜さんちのアイさん"",""cn"":"""",""ty"":""漫画"",""y"":2021,""pop"":99}]",夜桜家10代目当主 幼なじみの太陽と同じ高校へ通う女子高校生で、学園のアイドル的存在。その正体は、江戸の忍を起源として代々伝わるスパイ一家・夜桜家の三女で、10代目当主。特殊な立場から様々な敵勢力から常に命を狙われており、兄妹たちに守られて暮らしている。,504,504,0,104,,https://lain.bgm.tv/pic/crt/l/7c/06/128332_crt_9NUnb.jpg?r=1697987414,https://lain.bgm.tv/r/400/pic/crt/l/7c/06/128332_crt_9NUnb.jpg?r=1697987414,https://s4.anilist.co/file/anilistcdn/character/medium/b162724-MOaS8OsRvdyW.jpg|https://s4.anilist.co/file/anilistcdn/character/large/b162724-MOaS8OsRvdyW.jpg,,,https://anilist.co/character/162724,https://bgm.tv/character/128332,,128332
al3106,anilist,6,6,,仙水忍,仙水忍,Shinobu Sensui,Black Angel,男,A,26,动画|漫画|游戏,动画,幽☆遊☆白書,幽游白书,1992,动画,"[{""t"":""幽☆遊☆白書"",""cn"":""幽游白书"",""ty"":""动画"",""y"":1992,""pop"":158719},{""t"":""幽☆遊☆白書"",""cn"":""幽游白书"",""ty"":""漫画"",""y"":1990,""pop"":27323},{""t"":""映像白書Ⅱ: 幽助、蔵魔、飛影、桑原"",""cn"":"""",""ty"":""动画"",""y"":1995,""pop"":4279},{""t"":""幽☆遊☆白書 魔強統一戦"",""cn"":""幽游白书 魔强统一战"",""ty"":""游戏"",""y"":1994,""pop"":0},{""t"":""幽☆遊☆白書"",""cn"":""幽游白书"",""ty"":""动画"",""y"":1992,""pop"":0},{""t"":""幽☆遊☆白書"",""cn"":""幽游白书"",""ty"":""漫画"",""y"":1991,""pop"":0}]",代号“黑暗天使”。在幽助之前的前任灵界侦探。因对人类产生怨恨而有了杀死所有人的想法。从小就开始独自与妖怪搏斗，战斗经验丰富，拥有罕见的“圣光气”，是能力相当于S级妖怪的人类。 他在高中时是个过于正义的人，认为自己是上天派来保护人类的使者。他在一次任务中被派去封住左京所开的小型魔界洞穴，但在那里看见人类虐杀那些小妖的残酷场景而绝望，结果他杀光了在场所有人，并对随后赶到的树喃喃诉说“这里一个人都没有”，接着他于十年前闯入灵界资料库并盗走被灵界涂改后纪录人类黑暗面的极秘录像带“黑之…,464,464,0,7,,https://lain.bgm.tv/pic/crt/l/89/f5/103270_crt_b96hA.jpg,https://lain.bgm.tv/r/400/pic/crt/l/89/f5/103270_crt_b96hA.jpg,https://s4.anilist.co/file/anilistcdn/character/medium/b3106-boGJvvIaEfKW.png|https://s4.anilist.co/file/anilistcdn/character/large/b3106-boGJvvIaEfKW.png,,,https://anilist.co/character/3106,https://bgm.tv/character/103270,,103270
vndb-c458,vndb,6,6,,,大泉 栞,Ooizumi Shiori,新田 栞 / Nitta Shiori,女,O,,Galgame,Galgame,リアル妹がいる大泉くんのばあい,实妹相伴的大泉君,2010,Galgame,,"CV：远野そよぎ 现实中的妹妹。 凉的妹妹，是个美女。对于整天只会在房间里玩美少女游戏的哥哥，她总是满眼轻蔑，冷淡相待。基本上可说是完全“无视”他，就算在家里也很少交谈。 性格强硬，讨厌输。认为世上应该是帅气哥哥配美女妹妹的才对，可是因为知道哥哥的OTAKU本性，死活不肯承认。看着一味在房间里玩邪恶游戏哥哥，对男孩子的兴趣也基本上灰飞烟灭了。虽然长得不高，还是每天在篮球部努力练习中,在栞线中，意外的是个M。 “就只会一味买和妹妹H的游戏。",393,0,393,81,,https://lain.bgm.tv/pic/crt/l/4c/38/20765_crt_N2qT1.jpg,https://lain.bgm.tv/r/400/pic/crt/l/4c/38/20765_crt_N2qT1.jpg,https://t.vndb.org/ch/76/28176.jpg,,Brown Twin Tails Waist Length+ Straight Teen Slim Pale School Uniform Hard Worker Cooking,,https://bgm.tv/character/20765,https://vndb.org/c458,20765
vndb-c123168,vndb,6,6,,魅勿鬽,魅ナミ,Minami,Dream Demon,男,,,Galgame,Galgame,9 R.I.P.,,2023,Galgame,"[{""t"":""9 R.I.P."",""cn"":"""",""ty"":""Galgame"",""y"":2023,""pop"":388},{""t"":""9 R.I.P. sequel"",""cn"":"""",""ty"":""Galgame"",""y"":2025,""pop"":29}]",性格 喜怒哀楽が激しく、感情のままに動くのが常。 人を騙すために偽りの顔をみせることも。 目的は、主人公と《契約》をして、魂をもらうこと。 聖ヤのことが大嫌い。 夢魔 人間の夢に現れては、悪夢をみせる。 いろいろな説があれど、対抗策としては夢魔の誘惑に負けない強い心が必要。,388,0,388,4,,https://lain.bgm.tv/pic/crt/l/e9/c9/132702_crt_8pIjR.jpg?r=1688266362,https://lain.bgm.tv/r/400/pic/crt/l/e9/c9/132702_crt_8pIjR.jpg?r=1688266362,https://t.vndb.org/ch/55/197955.jpg,,Black Short Teen Slim Pale Villain Red Necklace Wristband Knife,,https://bgm.tv/character/132702,https://vndb.org/c123168,132702
bgm-bgm25325,vndb,6,6,,鸣泷心和,鳴滝 こより,Narutaki Koyori,,女,O,,Galgame,Galgame,るいは智を呼ぶ,,2008,Galgame,"[{""t"":""るいは智を呼ぶ"",""cn"":"""",""ty"":""Galgame"",""y"":2008,""pop"":367},{""t"":""るいは智を呼ぶファンディスク ―明日のむこうに視える風―"",""cn"":"""",""ty"":""Galgame"",""y"":2010,""pop"":207},{""t"":""るいは智を呼ぶファンディスク - 明日のむこうに視える風 -"",""cn"":""智以泪聚FD-吹向明日彼岸的可视之风-"",""ty"":""Galgame"",""y"":2010,""pop"":0},{""t"":""るいは智を呼ぶ"",""cn"":""智以泪聚"",""ty"":""Galgame"",""y"":2008,""pop"":0}]",智より四つ年下のメンバー最年少。当然学園は違う。いじられマスコット担当。智を「センパイ」と呼んで慕う、パシリ兼忠実な犬。常にテンション計振り切り気味の元気さを発揮する。 ローラーブレードで走り回っており、曲芸じみた真似も平気でこなすなど、そちらの才能はあるらしい。まるっこい頭を撫でられるのが好き。智やるいが特に好き。 本質的に誰にでもよくなつく小動物気質だが、対人関係での駆け引きは苦手で思慮に欠け、厄介がられることも少なくない。年齢のせいか周囲の話について行けないことも多い。,367,0,367,17,,https://lain.bgm.tv/pic/crt/l/f4/2c/25325_crt_QV4zv.jpg,https://lain.bgm.tv/r/400/pic/crt/l/f4/2c/25325_crt_QV4zv.jpg,https://t.vndb.org/ch/18/28318.jpg,,Pink Ahoge Twin Tails Waist Length+ Wavy Slim Pale School Uniform Cooking Missionary,,https://bgm.tv/character/25325,https://vndb.org/c2174,25325
bgm-bgm17287,vndb,6,6,,,天地 翔太,Amachi Shouta,,男,AB,,Galgame,Galgame,ときめきメモリアル Girl’s Side 2nd Kiss,,2006,Galgame,"[{""t"":""ときめきメモリアル Girl’s Side 2nd Kiss"",""cn"":"""",""ty"":""Galgame"",""y"":2006,""pop"":366},{""t"":""ときめきメモリアル Girl's Side 2nd Kiss"",""cn"":""心跳回忆女生版2"",""ty"":""Galgame"",""y"":2006,""pop"":0},{""t"":""ときめきメモリアル Girl's Side 2nd Kiss タイピング"",""cn"":"""",""ty"":""Galgame"",""y"":2007,""pop"":0}]",好きな色はグレー。応援部。好みの服はピュア。 パラメータで出現するキャラクターの出現時期を2年目の始業式に調整することで、後輩としては初の「出現条件があるキャラ」となる（DS版では強制登場）。 ひとつ年下の後輩。礼儀正しく天使のような癒し系のかわいい外見で成績も優秀なため、佐伯の次のプリンス候補として女生徒に人気。しかし実際は一筋縄では行かない性格。 趣味は新作ケーキチェックと試食。好きなものは、甘いものと体を動かすこと。 一日五食もアリな程食べる事が好き。,366,0,366,2,,https://lain.bgm.tv/pic/crt/l/70/c1/17287_crt_5X6u6.jpg,https://lain.bgm.tv/r/400/pic/crt/l/70/c1/17287_crt_5X6u6.jpg,https://t.vndb.org/ch/22/1322.jpg,,Pink Curtained Short Teen Grey Violet Headband Gloves Pretending Friendly,,https://bgm.tv/character/17287,https://vndb.org/c1278,17287
al181601,anilist,6,6,,角卷绵芽,角巻わため,Watame Tsunomaki,,女,,4 (sheep years),动画|游戏,动画,ホロのぐらふぃてぃ,holo的涂鸦,2019,动画,"[{""t"":""ホロのぐらふぃてぃ"",""cn"":""holo的涂鸦"",""ty"":""动画"",""y"":2019,""pop"":14672},{""t"":""『ホロライブ・オルタナティブ』 ティザーPVs"",""cn"":"""",""ty"":""动画"",""y"":2021,""pop"":5655},{""t"":""ギリギリわるくないわため"",""cn"":"""",""ty"":""动画"",""y"":2022,""pop"":1289},{""t"":""My song"",""cn"":"""",""ty"":""动画"",""y"":2022,""pop"":1055},{""t"":""ホロライブ・サマー2022"",""cn"":"""",""ty"":""动画"",""y"":2022,""pop"":999},{""t"":""サイキョウチックポルカ"",""cn"":"""",""ty"":""动画"",""y"":2022,""pop"":780}]",吟遊詩人をしながらのんびり旅をしている羊。歌が大好き。もふもふ。とにかくもふもふ。草食系なのでポテチが好物。,359,359,0,18,,https://lain.bgm.tv/pic/crt/l/70/77/74543_crt_Mw9Gc.jpg,https://lain.bgm.tv/r/400/pic/crt/l/70/77/74543_crt_Mw9Gc.jpg,https://s4.anilist.co/file/anilistcdn/character/medium/b181601-NAZRDMOzdPxH.png|https://s4.anilist.co/file/anilistcdn/character/large/b181601-NAZRDMOzdPxH.png,,,https://anilist.co/character/181601,https://bgm.tv/character/74543,,74543
bgm-bgm68891,vndb,6,6,,奥古斯特·麦克劳德,オーガスト・マクラウド,August MacLeod,オーガスト神父 / Father August / ルシフェル / Lucifer,男,,,Galgame,Galgame,神学校-Noli me tangere-,神学校,2011,Galgame,"[{""t"":""神学校-Noli me tangere-"",""cn"":""神学校"",""ty"":""Galgame"",""y"":2011,""pop"":346},{""t"":""神学校 The Gift"",""cn"":"""",""ty"":""Galgame"",""y"":2012,""pop"":105},{""t"":""神学番長"",""cn"":"""",""ty"":""Galgame"",""y"":2011,""pop"":58},{""t"":""神学校 -Noli me tangere-"",""cn"":""神学校"",""ty"":""Galgame"",""y"":2011,""pop"":0},{""t"":""神学校 The Gift"",""cn"":"""",""ty"":""Galgame"",""y"":2012,""pop"":0},{""t"":""神学番長"",""cn"":"""",""ty"":""Galgame"",""y"":2011,""pop"":0}]",ラテン語を担当する、陽気でフレンドリーな神父。軽口を叩いたり、冗談を言ってはよくみんなを笑わせている。規律に厳格な教師が多い中、多少の規律破りも大目に見てくれる、生徒達にとっては貴重な存在。気さくで飄々とした表向きの顔で親しまれる一方で、狡猾で邪知深い人格を裏に有する二面性がある。従軍での凄惨な体験を経て、人間と救いなき自身の境遇に絶望すると共に、自身に潜在する原罪（悪の種子）に気付き、人を虐げる快楽に目覚めて欺瞞と殺しを繰り返す。,346,0,346,11,,https://lain.bgm.tv/pic/crt/l/ce/30/68891_crt_WAVot.jpg,https://lain.bgm.tv/r/400/pic/crt/l/ce/30/68891_crt_WAVot.jpg,https://t.vndb.org/ch/38/23038.jpg,,Brown Short Brown Villain Cowgirl Blowjob Anilingus Sex with Others Adult Handgun,,https://bgm.tv/character/68891,https://vndb.org/c18382,68891
bgm-bgm21265,vndb,6,6,,笹仓未来,笹倉 未来,Sasakura Mirai,,女,A,,Galgame,Galgame,カルマルカ＊サークル,,2013,Galgame,"[{""t"":""カルマルカ＊サークル"",""cn"":"""",""ty"":""Galgame"",""y"":2013,""pop"":346},{""t"":""カルマルカ*サークル"",""cn"":""卡卢玛卢卡＊同好会"",""ty"":""Galgame"",""y"":2013,""pop"":0}]",キリッとした容姿で、喜怒哀楽を表情にあまり出さないので周囲に冷たい印象を与えている。 成績は優秀で、学生会書記を務めている。 星渡り同好会が結成され学生会室を活動拠点にしたことにより、学生会の実務に支障が生じた。 そのためか、同好会の存在を面白くないと感じている様子。 休日は、親戚の神社でお手伝いをしていたりする。 「ずっと気になってたのよ。 どうして、貴方は同好会になんか参加しているの？」,346,0,346,12,,https://lain.bgm.tv/pic/crt/l/a0/ad/21265_crt_4y3eE.jpg,https://lain.bgm.tv/r/400/pic/crt/l/a0/ad/21265_crt_4y3eE.jpg,https://t.vndb.org/ch/50/100950.jpg,,White Teen Slim Pale School Uniform Amber Necktie Shirt Skirt Stoic,,https://bgm.tv/character/21265,https://vndb.org/c14749,21265
al133946,anilist,6,6,,小熊,小熊,Koguma,,女,,,动画|漫画|轻小说,动画,スーパーカブ,Super Cub,2021,动画,"[{""t"":""スーパーカブ"",""cn"":""Super Cub"",""ty"":""动画"",""y"":2021,""pop"":48115},{""t"":""スーパーカブ"",""cn"":""Super Cub"",""ty"":""漫画"",""y"":2017,""pop"":2400},{""t"":""スーパーカブ"",""cn"":""Super Cub"",""ty"":""轻小说"",""y"":2017,""pop"":600},{""t"":""スーパーカブ"",""cn"":""本田小狼与我"",""ty"":""动画"",""y"":2021,""pop"":0},{""t"":""スーパーカブ"",""cn"":""Super Cub"",""ty"":""漫画"",""y"":2018,""pop"":0},{""t"":""スーパーカブ"",""cn"":""本田小狼与我"",""ty"":""漫画"",""y"":2017,""pop"":0}]",山梨県北杜市に住む高校２年生。物語の主人公。おかっぱ頭にうっすらリンゴ色のほっぺの朴訥とした田舎娘。両親もいない、お金もない、友達もいない、趣味も将来の目標もない「何もない、ないない尽くしの天涯孤独の女の子」は、スーパーカブを手に入れることで、これまでの生活が少しずつ変わっていく。 愛車はスーパーカブ５０。,319,319,0,91,,https://lain.bgm.tv/pic/crt/l/20/a1/94323_crt_yERYE.jpg?r=1617841168,https://lain.bgm.tv/r/400/pic/crt/l/20/a1/94323_crt_yERYE.jpg?r=1617841168,https://s4.anilist.co/file/anilistcdn/character/medium/b133946-PuWmDuOGkb2W.png|https://s4.anilist.co/file/anilistcdn/character/large/b133946-PuWmDuOGkb2W.png,,,https://anilist.co/character/133946,https://bgm.tv/character/94323,,94323
al181143,anilist,6,6,,魔王黄昏,魔王タソガレ,Maou Tasogare,Twilight the Demon King / 黄昏 / 魔王大人,男,,,动画|漫画,动画,魔王城でおやすみ,在魔王城说晚安,2020,动画,"[{""t"":""魔王城でおやすみ"",""cn"":""在魔王城说晚安"",""ty"":""动画"",""y"":2020,""pop"":79460},{""t"":""魔王城でおやすみ"",""cn"":""在魔王城说晚安"",""ty"":""漫画"",""y"":2016,""pop"":11373},{""t"":""魔王城でおやすみミニアニメ"",""cn"":"""",""ty"":""动画"",""y"":2020,""pop"":1253},{""t"":""魔王城でおやすみ"",""cn"":""在魔王城说晚安"",""ty"":""动画"",""y"":2020,""pop"":0},{""t"":""魔王城でおやすみ"",""cn"":""在魔王城说晚安"",""ty"":""漫画"",""y"":2016,""pop"":0}]",魔王城の主で、姫をさらった張本人。姫が寝ているところをみんなでさらってきたので、実は起きている姿を見たことも、会話したこともあまりない。繊細な性格で、特に女性相手にたじたじ。,319,319,0,15,,https://lain.bgm.tv/pic/crt/l/f6/1a/77018_crt_al3ys.jpg?r=1588527444,https://lain.bgm.tv/r/400/pic/crt/l/f6/1a/77018_crt_al3ys.jpg?r=1588527444,https://s4.anilist.co/file/anilistcdn/character/medium/b181143-J5NCLc0NXjSf.jpg|https://s4.anilist.co/file/anilistcdn/character/large/b181143-J5NCLc0NXjSf.jpg,,,https://anilist.co/character/181143,https://bgm.tv/character/77018,,77018
vndb-c14089,vndb,6,6,,,雨宮 綾音,Amamiya Ayane,Bakaichou / Kaichou,女,,,Galgame,Galgame,fortissimo EXS//Akkord:nächsten Phase,,2012,Galgame,"[{""t"":""fortissimo EXS//Akkord:nächsten Phase"",""cn"":"""",""ty"":""Galgame"",""y"":2012,""pop"":303},{""t"":""fortissimo//Akkord:Bsusvier"",""cn"":"""",""ty"":""Galgame"",""y"":2010,""pop"":146},{""t"":""Kadenz fermata//Akkord:fortissimo"",""cn"":"""",""ty"":""Galgame"",""y"":2014,""pop"":74}]",天下無敵にして成績優秀、スポーツ万能のカリスマ生徒会長。 三年生であるにも関わらず、学園側からの強い希望により、三期連続での生徒会長を勤めている。 両親が音楽一家のため、本人もピアニストを目指しており、ピアノの実力自体も、誰もが目を見張るほどの非凡な才能を魅せる。 容姿も美人なのだがモテるというより尊敬される場合が多いため、親しい友人は少なく、恋人もいないという意外な一面を持つ。 そのためか友人の紅葉やなぎさには甘く、生徒会長の特権を利用して色々優遇していたりもする。,303,0,303,4,,https://lain.bgm.tv/pic/crt/l/0f/ab/16942_crt_K6pu4.jpg,https://lain.bgm.tv/r/400/pic/crt/l/0f/ab/16942_crt_K6pu4.jpg,https://t.vndb.org/ch/69/38969.jpg,,Blond Violet Waist Length+ Wavy Shoulder-length Teen Slim Pale School Uniform Dress Shoes,,https://bgm.tv/character/16942,https://vndb.org/c14089,16942
vndb-c220,vndb,6,6,,,柊 巴,Hiiragi Tomoe,ともねえ / Tomo-nee,女,A,,Galgame,Galgame,つよきす,娇蛮之吻,2005,Galgame,"[{""t"":""つよきす"",""cn"":""娇蛮之吻"",""ty"":""Galgame"",""y"":2005,""pop"":284},{""t"":""姉、ちゃんとしようよっ！"",""cn"":""跟大姊姊一起做吧！"",""ty"":""Galgame"",""y"":2003,""pop"":50},{""t"":""みにきす　～つよきすファンディスク～"",""cn"":"""",""ty"":""Galgame"",""y"":2006,""pop"":37},{""t"":""姉、ちゃんとしようよっ！2"",""cn"":"""",""ty"":""Galgame"",""y"":2004,""pop"":36}]",柊家の4女。凛とした容姿をしているが、実は6人姉妹の中で一番優しい。 面倒見の良い姉御肌とも言える。可愛いもの好きで、部屋はぬいぐるみで埋め尽くされている。 主人公とは家事にこき使われてる者同士、仲良し。外見から誤解されがちだが、無口でシャイ。口下手。 だが決して臆病ではなく、恐怖を克服できる勇気を持つ。 主人公からの呼び方 ：「ともねえ」 一人称 ：私 座右の銘 ：皆で仲良く コンプレックス ：背が高すぎる 口癖 ：「あぅ・・・・」,284,0,284,6,,https://lain.bgm.tv/pic/crt/l/b9/2e/44783_crt_09b5y.jpg,https://lain.bgm.tv/r/400/pic/crt/l/b9/2e/44783_crt_09b5y.jpg,https://t.vndb.org/ch/83/13683.jpg,,Violet Antenna Twin Tails Waist Length+ Slim Pale Sweater Trousers Cooking Fighting,,https://bgm.tv/character/44783,https://vndb.org/c220,44783
al147782,anilist,6,6,1996,曲世爱,曲世愛,Ai Magase,,女,,23,动画|漫画,动画,バビロン,巴比伦,2019,动画,"[{""t"":""バビロン"",""cn"":""巴比伦"",""ty"":""动画"",""y"":2019,""pop"":53959},{""t"":""バビロン"",""cn"":""巴比伦"",""ty"":""漫画"",""y"":2019,""pop"":1560},{""t"":""バビロン"",""cn"":""巴比伦"",""ty"":""动画"",""y"":2019,""pop"":0}]",悪人。 栃木県那須郡那須町出身。1996年6月6日生まれ（アニメ版）。元々は養女で母方の苗字を持つ。数多くの不審自殺に関わり、若手議員の新域長・齋開花と行動を共にする妖艶な謎の美女。男を惑わす手練手管に長け、会うたびに印象が別人としか言いようがないほど変わる、変装とも違った無数の姿を使い分ける。 年齢は23歳だが、使い分ける無数の姿の年齢はそれよりも年下か年上に見えるほどの美人に化ける。,282,282,0,67,,https://lain.bgm.tv/pic/crt/l/3d/2f/72898_crt_6WwWj.jpg,https://lain.bgm.tv/r/400/pic/crt/l/3d/2f/72898_crt_6WwWj.jpg,https://s4.anilist.co/file/anilistcdn/character/medium/b147782-VwGEwf35NKiU.png|https://s4.anilist.co/file/anilistcdn/character/large/b147782-VwGEwf35NKiU.png,,,https://anilist.co/character/147782,https://bgm.tv/character/72898,,72898
vndb-c87821,vndb,6,6,,小堇,すみれ,Sumire,,女,AB,,Galgame,Galgame,エイミーと呼ばないでっ,,1995,Galgame,,紫堇花的花朵精靈。喜歡時尚，擅長繪畫。對霞草有好感。夢想是成為時裝設計師；對身為設計師的由佳利十分敬慕，後來成為她的搭檔，跟她學習和幫助她設計衣飾。於第二季養有魔法生物花水母，名叫「古拉拉」（くらら）（配音：日高里菜（日本）；（香港））。 第三季中，與前作同樣喜愛時尚，並希望以此在Little Fairilu以及人類世界中傳達自己的感受。,261,0,261,0,,https://lain.bgm.tv/pic/crt/l/cb/36/49021_crt_tR26c.jpg,https://lain.bgm.tv/r/400/pic/crt/l/cb/36/49021_crt_tR26c.jpg,https://t.vndb.org/ch/60/106260.jpg,,Odango Green Slim Pale Amber Kid Dress Pajamas Glasses Cardigan,,https://bgm.tv/character/49021,https://vndb.org/c87821,49021
bgm-bgm73204,vndb,6,6,,,悠木 和心,Yuuki Wako,,女,O,,Galgame,Galgame,ウチはもう、延期できない。,,2021,Galgame,"[{""t"":""ウチはもう、延期できない。"",""cn"":"""",""ty"":""Galgame"",""y"":2021,""pop"":260},{""t"":""響野さん家はエロゲ屋さん！"",""cn"":"""",""ty"":""Galgame"",""y"":2020,""pop"":167},{""t"":""同じクラスのアイドルさん。Around me is full by a celebrity."",""cn"":"""",""ty"":""Galgame"",""y"":2019,""pop"":85},{""t"":""ウチはもう、延期できない。"",""cn"":""我们是不能延期了"",""ty"":""Galgame"",""y"":2021,""pop"":0},{""t"":""響野さん家はエロゲ屋さん！"",""cn"":"""",""ty"":""Galgame"",""y"":2020,""pop"":0},{""t"":""同じクラスのアイドルさん。Around me is full by a celebrity."",""cn"":"""",""ty"":""Galgame"",""y"":2019,""pop"":0}]",ごくごく普通の家庭に生まれて育った、ごくごく普通の女の子。 ふんわりふわふわ癒やし系。 健太郎と朱莉とは幼馴染みで、当時は何かと張り合う ふたりの間をおろおろしつつも取りなしていた。 心優しい性格だが周りに流されやすく、本音を言えずに 損な役回りをすることが多い。おかん気質で家事全般も 得意であり、相手をひたすら甘やかすタイプ。,260,0,260,8,,https://lain.bgm.tv/pic/crt/l/93/64/73204_crt_3abQ4.jpg,https://lain.bgm.tv/r/400/pic/crt/l/93/64/73204_crt_3abQ4.jpg,https://t.vndb.org/ch/62/102262.jpg,,Brown Bun School Uniform Cooking Blowjob Virgin Sex Blue Apron Shy Friendly,,https://bgm.tv/character/73204,https://vndb.org/c83273,73204
vndb-c80973,vndb,6,6,,,くらげ３号,Kurage No. 3,,女,A,,Galgame,Galgame,俺達の世界わ終っている。,,2017,Galgame,"[{""t"":""俺達の世界わ終っている。"",""cn"":"""",""ty"":""Galgame"",""y"":2017,""pop"":259},{""t"":""俺達の世界わ終っている。"",""cn"":"""",""ty"":""Galgame"",""y"":2017,""pop"":259}]","Real 海野 くらら Umino Kurara Iruka No. 2's sense of worldbuilding, light novels, studying all sorts of assistance Iruka No. 2's little sister (adherent) Iruka No. 2's little sister whose real name is Umino Kurara.",259,0,259,0,,https://t.vndb.org/ch/90/98190.jpg,https://t.vndb.org/ch/90/98190.jpg,,#886b81 #272837 #c69cb2 #eedad7 #ffffff,Violet Twin Tails Shoulder-length Teen Slim Pale Fedora Necktie Cross Necklace Vest,,,https://vndb.org/c80973,
vndb-c48566,vndb,6,6,,泽克斯,ゼクス,Sechs,,男,,,Galgame,Galgame,XBLAZE CODE:EMBRYO,,2013,Galgame,"[{""t"":""XBLAZE CODE:EMBRYO"",""cn"":"""",""ty"":""Galgame"",""y"":2013,""pop"":250},{""t"":""XBLAZE LOST:MEMORIES"",""cn"":"""",""ty"":""Galgame"",""y"":2015,""pop"":95}]",崇尚暴力与自由的少年，和艾因是旧识，不过关系看起来似乎不太好。得知一番市是个资源丰富的「猎场」，甚至还有「西羽流」这种闻名天下的剑术流派后，为了成为最优秀的猎人特意来到这里。尽管和从前的「狩猎方式」有很大区别，但是不服输的性格让他很快适应并且融入了这里。,250,0,250,0,,https://lain.bgm.tv/pic/crt/l/31/b4/185981_crt_7RQ66.jpg,https://lain.bgm.tv/r/400/pic/crt/l/31/b4/185981_crt_7RQ66.jpg,https://t.vndb.org/ch/96/58196.jpg,,Black White Ahoge Long Pale Trousers Magician Fighting Green Young-adult,,https://bgm.tv/character/185981,https://vndb.org/c48566,185981
bgm-bgm85856,vndb,6,6,,,東妻 光毬,Azuma Himari,,女,,,动画|Galgame,Galgame,聖奴隷学園2,圣奴隶学园2,2021,Galgame,"[{""t"":""聖奴隷学園2"",""cn"":""圣奴隶学园2"",""ty"":""Galgame"",""y"":2021,""pop"":247},{""t"":""聖奴隷学園2"",""cn"":""圣奴隶学园2"",""ty"":""Galgame"",""y"":2021,""pop"":0},{""t"":""聖奴隷学園２ ～完全調教版～"",""cn"":""圣奴隶学园2 完全调教版"",""ty"":""Galgame"",""y"":2024,""pop"":0},{""t"":""聖奴隷学園2"",""cn"":""圣奴隶学园2"",""ty"":""动画"",""y"":2022,""pop"":0}]",エキセントリックなトラブルメーカー 東妻家の三女で、双子の姉、光毬。 聖オルキス学園の一年生。 自由奔放といえば聞こえは良いが、ワガママで自分勝手。 肉体的だけでなく精神的にも未成熟だが東妻家の人間であることは自覚しており、暴君気質の持ち主。 性質の悪いイタズラや遊びを思いついては、後先を考えずに実行している。 「そーだよ。お前は今から私達のペットね。だから、ご主人様の言うことは聞かなきゃダメだよ♪」,247,0,247,10,,https://lain.bgm.tv/pic/crt/l/09/28/85856_crt_23e1o.jpg,https://lain.bgm.tv/r/400/pic/crt/l/09/28/85856_crt_23e1o.jpg,https://t.vndb.org/ch/13/112213.jpg,,Blond Twin Tails Long Teen Slim Pale Doggy Style Cunnilingus Virgin Sex Sex with Others,,https://bgm.tv/character/85856,https://vndb.org/c92336,85856
bgm-bgm92984,vndb,6,6,,,東妻 小毬,Azuma Komari,,女,,,动画|Galgame,Galgame,聖奴隷学園2,圣奴隶学园2,2021,Galgame,"[{""t"":""聖奴隷学園2"",""cn"":""圣奴隶学园2"",""ty"":""Galgame"",""y"":2021,""pop"":247},{""t"":""聖奴隷学園2"",""cn"":""圣奴隶学园2"",""ty"":""Galgame"",""y"":2021,""pop"":0},{""t"":""聖奴隷学園２ ～完全調教版～"",""cn"":""圣奴隶学园2 完全调教版"",""ty"":""Galgame"",""y"":2024,""pop"":0},{""t"":""聖奴隷学園2"",""cn"":""圣奴隶学园2"",""ty"":""动画"",""y"":2022,""pop"":0}]",エキセントリックなトラブルメーカー 双子の妹、小毬。 外見だけでなく性格も姉の光毬とよく似ており、一緒にろくでもないイタズラや遊びに精を出している。 姉よりも周りを見ている面はあるが、結局はそれを悪質なイタズラや口喧嘩にしか使用しない。 自分の気分で周りを振り回す暴君気質ということでは、やはり姉の光毬と共通している。 「お前は今から私達のペットね」 「裸にして、学園中を歩いて回らせるの♪」,247,0,247,9,,https://lain.bgm.tv/pic/crt/l/68/1e/92984_crt_WEMFf.jpg,https://lain.bgm.tv/r/400/pic/crt/l/68/1e/92984_crt_WEMFf.jpg,https://t.vndb.org/ch/14/112214.jpg,,Brown Twin Tails Long Teen Slim Pale Doggy Style Standing Sex Virgin Sex Sex with Others,,https://bgm.tv/character/92984,https://vndb.org/c92337,92984
bgm-bgm22590,vndb,6,6,,,メリロット,Melilot,,女,,,Galgame,Galgame,ティンクル☆くるせいだーす,闪耀十字军,2008,Galgame,"[{""t"":""ティンクル☆くるせいだーす"",""cn"":""闪耀十字军"",""ty"":""Galgame"",""y"":2008,""pop"":214},{""t"":""ティンクル☆くるせいだーす"",""cn"":""闪耀十字军"",""ty"":""Galgame"",""y"":2008,""pop"":214},{""t"":""ティンクル☆くるせいだーす -Passion Star Stream-"",""cn"":""闪耀十字军PSS"",""ty"":""Galgame"",""y"":2012,""pop"":106},{""t"":""ティンクル☆くるせいだーす -Passion Star Stream-"",""cn"":""闪耀十字军PSS"",""ty"":""Galgame"",""y"":2012,""pop"":0},{""t"":""ティンクル☆くるせいだーす"",""cn"":""闪耀十字军"",""ty"":""Galgame"",""y"":2008,""pop"":0},{""t"":""ティンクル☆くるせいだーす STARLIT BRAVE XTREAM！！"",""cn"":"""",""ty"":""Galgame"",""y"":2013,""pop"":0}]",流星学園の図書館司書。 七大魔将の一人にして、リ・クリエを監視するニベの一族という一面も持っているが、魔族としての自分よりは、図書館司書としての姿を気に入っている。 リ・クリエが過ぎたことで ニベの一族としての使命はひとまず落ちついたらしく、今は今後の身の振り方を検討中とか。 ヘレナやリースリングに振り回されるのも、迷惑がっているようで意外と楽しんでいることも。,214,0,214,5,,https://lain.bgm.tv/pic/crt/l/b9/9b/22590_crt_ohEzE.jpg,https://lain.bgm.tv/r/400/pic/crt/l/b9/9b/22590_crt_ohEzE.jpg,https://t.vndb.org/ch/18/5418.jpg,,Violet Short Slim Pale Cooking Fighting Blowjob Group Sex Red Young-adult,,https://bgm.tv/character/22590,https://vndb.org/c3808,22590
bgm-bgm20169,vndb,6,6,,夏本律,夏本 律,Natsumoto Ritsu,,男,,,Galgame,Galgame,Magical Charming!,,2013,Galgame,"[{""t"":""Magical Charming!"",""cn"":"""",""ty"":""Galgame"",""y"":2013,""pop"":212},{""t"":""Magical Charming!"",""cn"":""魔卡魅恋！"",""ty"":""Galgame"",""y"":2013,""pop"":0}]",昨日あった出来事すら思い出せないほど虚無と空しさに満ちた毎日を過ごしていたのだが、突如として魔法が使えるようになってしまい、そのまま拉致されて不思議な魔法学院に通うことになってしまった一見不幸な男子学生。 監視役のオリエッタから “魔法が使えるようになった原因調査” の協力を要請されるが、ハーレムな環境を前にして、いてもたってもいられず落ち着かない様子。 ズレた恋愛感覚の持ち主で、ウブというか貞操観念が強い。,212,0,212,0,,https://lain.bgm.tv/pic/crt/l/25/e1/20169_crt_VgQv8.jpg?r=1708263345,https://lain.bgm.tv/r/400/pic/crt/l/25/e1/20169_crt_VgQv8.jpg?r=1708263345,https://t.vndb.org/ch/41/15241.jpg,,Blue Short Teen Pale School Uniform Trousers Student Magician Black Scar,,https://bgm.tv/character/20169,https://vndb.org/c12188,20169
vndb-c35854,vndb,6,6,,,野真口 光一,Nomaguchi Kouichi,光ちゃん / Kou-chan,男,O,,Galgame,Galgame,P/A ~Potential Ability~,,2014,Galgame,,"A university student seeking to get his teaching license. When looking for a place to do his practicum, he was invited to Jougasaki academy.",208,0,208,0,,https://t.vndb.org/ch/30/43330.jpg,https://t.vndb.org/ch/30/43330.jpg,,#59b2e6 #a87f7b #f9ddc8 #d8b2a7 #2a222a #4f424f,Brown Short Slim Orphan Assault Blowjob Cunnilingus Sixty-nine Virgin Sex Violet,,,https://vndb.org/c35854,
bgm-bgm162460,vndb,6,6,,,西原礼治,Nishihara Reiji,,男,,,Galgame,Galgame,ヒトナツの夢,,2005,Galgame,"[{""t"":""ヒトナツの夢"",""cn"":"""",""ty"":""Galgame"",""y"":2005,""pop"":192},{""t"":""ヒトナツの夢"",""cn"":""盛夏之梦  A Dream of Summer"",""ty"":""Galgame"",""y"":2005,""pop"":0}]",BROYのベーシスト。 一部の人としか接しない機機に対してカリスマ性のあり持ち前の明るさで引っ張っていくタイプ。 そんな彼の得意科目は家庭科。,192,0,192,0,,https://lain.bgm.tv/pic/crt/l/74/7a/162460_crt_vZEaP.jpg,https://lain.bgm.tv/r/400/pic/crt/l/74/7a/162460_crt_vZEaP.jpg,https://t.vndb.org/ch/57/18057.jpg,,Red Short Brown Teen Slim Pale School Uniform Cooking T-shirt Carefree,,https://bgm.tv/character/162460,https://vndb.org/c14321,162460
vndb-c20869,vndb,6,6,,,朝霞 雪月,Asaka Yukitsuki,Puppet-san / Yuki,女,,,Galgame,Galgame,Fragment's Note,,2012,Galgame,"[{""t"":""Fragment's Note"",""cn"":"""",""ty"":""Galgame"",""y"":2012,""pop"":183},{""t"":""Fragment's Note -After Stories-"",""cn"":"""",""ty"":""Galgame"",""y"":2014,""pop"":50}]","The childhood friend that Yukiha has always had a crush on. Though she once came to wake him up every morning and make him breakfast, they have grown distant ever since she turned down his love confession.",183,0,183,0,,https://t.vndb.org/ch/16/25916.jpg,https://t.vndb.org/ch/16/25916.jpg,,#d26e87 #794359 #ccc6be #e7e4de #a1a39e #fefefe,Pink Shoulder-length Straight Teen Slim Pale School Uniform Violet Hair Ribbon Headband,,,https://vndb.org/c20869,
vndb-c8840,vndb,6,6,,穗之上摩树,穂之上 摩樹,Honoue Maki,MakiMaki,女,AB,,Galgame,Galgame,‘＆’ - 空の向こうで咲きますように -,,2012,Galgame,,华丽丽的胸部，超一米的胸部，胸围102（I），无时无刻都在摇晃中，让人想不吐槽都难。 “冒险”时擅自加入进来的成员，回家粉（假）。 以前是超老土的小妹妹，重逢时却升级成漫画中的大小姐一般。 傲视众人的爽朗笑声就是她的魅力之处。 自尊心比山还要高，对抗心比汽油还要易燃。 孩童时期就经常和麗对着干，直到最后也没能和睦相处。 因双月事件和一行人重逢，却和他们分道扬镳。 似乎悠闲地住在高级旅馆里。 其实她比麗和束沙小一岁，真让人不得不感叹身体成长的“因人而异”。,171,0,171,6,,https://lain.bgm.tv/pic/crt/l/d1/fe/15034_crt_zoUoy.jpg,https://lain.bgm.tv/r/400/pic/crt/l/d1/fe/15034_crt_zoUoy.jpg,https://t.vndb.org/ch/78/9478.jpg,,Blond Long Wavy Slim Pale School Uniform Missionary Doggy Style Sixty-nine Virgin Sex,,https://bgm.tv/character/15034,https://vndb.org/c8840,15034
vndb-c29783,vndb,6,6,,,富永 ひつじ,Tominaga Hitsuji,,女,B,,Galgame,Galgame,姉小路直子と銀色の死神,,2015,Galgame,"[{""t"":""姉小路直子と銀色の死神"",""cn"":"""",""ty"":""Galgame"",""y"":2015,""pop"":169},{""t"":""みなとカーニバルＦＤ"",""cn"":"""",""ty"":""Galgame"",""y"":2017,""pop"":80}]",直子の同級生であり親友。 アイドルユニット・テスモポリスの一人として活動している。 快活な性格で、小さな頃は近所のガキ大将だった。 今もそのアグレッシブな性格は変わらず、弟の弐介を下僕のように毎日使っている。 ノリがよく、いつも笑いを巻き起こすポジションで男女問わず人気がある。 わりと即物的で、美味しいものやお金が普通に好き。 “ひつじノート” に自分の夢や復讐対象などを書き、それを実行することを日課にしている。 「弟は、きちっとしつけないと、だ、メーッ！」,169,0,169,6,,https://lain.bgm.tv/pic/crt/l/eb/0e/28561_crt_YsLqg.jpg,https://lain.bgm.tv/r/400/pic/crt/l/eb/0e/28561_crt_YsLqg.jpg,https://t.vndb.org/ch/48/85848.jpg,,Violet Twin Tails Shoulder-length Teen Slim Pale Doggy Style Virgin Sex Group Sex Blue,,https://bgm.tv/character/28561,https://vndb.org/c29783,28561
bgm-bgm23415,vndb,6,6,,御堂莉乃,御堂 莉乃,Midou Rino,,女,AB,,Galgame,Galgame,イノセントガール,,2014,Galgame,"[{""t"":""イノセントガール"",""cn"":"""",""ty"":""Galgame"",""y"":2014,""pop"":165},{""t"":""イノセントガール"",""cn"":"""",""ty"":""Galgame"",""y"":2014,""pop"":0}]",ドリーム荘の寮母で、このかの母。 かつて世界的に有名な芸術家だったが、今では1年中こたつに入ってゴロゴロしている駄目な人。 通称 “こたつむり”。 芸術以外のパラメータが激しく低いため、身の回りのことや家事全般を全部このかに任せている。 ちなみに、このかの偏った性知識は、すべてこの母が教えたものである。 いちごとは昔からの知り合いで、女同士（？）公私ともに仲が良い。 「だって、退屈してたんだもーん」,165,0,165,3,,https://lain.bgm.tv/pic/crt/l/43/d2/23415_crt_zXVUE.jpg,https://lain.bgm.tv/r/400/pic/crt/l/43/d2/23415_crt_zXVUE.jpg,https://t.vndb.org/ch/47/21547.jpg,,Brown Ahoge Shoulder-length Slim Pale Blue Young-adult Lazy Carefree Drinking,,https://bgm.tv/character/23415,https://vndb.org/c17002,23415
bgm-bgm25523,bangumi,6,6,,玛莉·萝丝,マリー・ローズ,Marie Rose,玛丽罗斯,其他,AB,,游戏,游戏,DEAD OR ALIVE 6,死或生6,2019,游戏,"[{""t"":""DEAD OR ALIVE 6"",""cn"":""死或生6"",""ty"":""游戏"",""y"":2019,""pop"":0},{""t"":""碧蓝航线"",""cn"":""碧蓝航线"",""ty"":""游戏"",""y"":2017,""pop"":0},{""t"":""DEAD OR ALIVE Xtreme Venus Vacation"",""cn"":""死或生：沙滩排球 维纳斯假期"",""ty"":""游戏"",""y"":2017,""pop"":0},{""t"":""閃乱カグラ PEACH BEACH SPLASH"",""cn"":""闪乱神乐：沙滩戏水"",""ty"":""游戏"",""y"":2017,""pop"":0},{""t"":""DEAD OR ALIVE 5 ULTIMATE"",""cn"":""死或生5 终极版"",""ty"":""游戏"",""y"":2013,""pop"":0},{""t"":""DEAD OR ALIVE 5: Last Round"",""cn"":""死或生5：最后一战"",""ty"":""游戏"",""y"":2015,""pop"":0}]",金发双马尾、女仆装扮、娇小可爱的谜样少女。擅长俄罗斯军队格斗术“西斯特玛”。,161,0,0,161,,https://lain.bgm.tv/pic/crt/l/56/71/25523_crt_TFePP.jpg,https://lain.bgm.tv/r/400/pic/crt/l/56/71/25523_crt_TFePP.jpg,,,,,https://bgm.tv/character/25523,,25523
al89465,anilist,6,6,,四方川菖蒲,四方川菖蒲,Ayame Yomogawa,,女,,,动画|轻小说|游戏,动画,甲鉄城のカバネリ,甲铁城的卡巴内利,2016,动画,"[{""t"":""甲鉄城のカバネリ"",""cn"":""甲铁城的卡巴内利"",""ty"":""动画"",""y"":2016,""pop"":197082},{""t"":""甲鉄城のカバネリ 〜海門決戦〜"",""cn"":"""",""ty"":""动画"",""y"":2019,""pop"":50086},{""t"":""甲鉄城のカバネリ 総集編｛後編｝燃える命"",""cn"":"""",""ty"":""动画"",""y"":2017,""pop"":16254},{""t"":""甲鉄城のカバネリ 総集編｛前編｝集う光"",""cn"":"""",""ty"":""动画"",""y"":2016,""pop"":14789},{""t"":""小説 甲鉄城のカバネリ"",""cn"":"""",""ty"":""轻小说"",""y"":2016,""pop"":343},{""t"":""甲鉄城のカバネリ～海門決戦～"",""cn"":""甲铁城的卡巴内利～海门决战～"",""ty"":""动画"",""y"":2019,""pop"":0}]",治理显金站的家族——四方川家的惣领(长女)。虽说终会是代替父亲治理显金站的立场，但至今仍旧无法清楚地表达自己的意见。有着随波逐流的一面。,149,104,0,149,,https://lain.bgm.tv/pic/crt/l/33/c5/37457_crt_ufFU1.jpg?r=1450372285,https://lain.bgm.tv/r/400/pic/crt/l/33/c5/37457_crt_ufFU1.jpg?r=1450372285,https://s4.anilist.co/file/anilistcdn/character/medium/b89465-tUQaGxpPCrKz.jpg|https://s4.anilist.co/file/anilistcdn/character/large/b89465-tUQaGxpPCrKz.jpg,,,https://anilist.co/character/89465,https://bgm.tv/character/37457,,37457
bgm-bgm23115,vndb,6,6,,,刃牙 音子,Haga Neko,Haa-nee / ニャン子、ネコ前辈,女,A,,Galgame,Galgame,つよきす NEXT,,2013,Galgame,"[{""t"":""つよきす NEXT"",""cn"":"""",""ty"":""Galgame"",""y"":2013,""pop"":148},{""t"":""まおてん"",""cn"":"""",""ty"":""Galgame"",""y"":2018,""pop"":118},{""t"":""つよきすFESTIVAL"",""cn"":"""",""ty"":""Galgame"",""y"":2015,""pop"":102},{""t"":""つよきすNEXT"",""cn"":"""",""ty"":""Galgame"",""y"":2013,""pop"":0}]",重视纪律的龙鸣馆的现任风纪委员长。 号称是历代最“硬”的不通融的管制、重现历代最强委员长的战斗能力，学生们对其感到畏惧。 但是同时，有的人认为这个富有个性的巢窟需要像她这样的人。 违反管制的学生会给她送到学生会，但是学生会对这些学生的惩罚总是很轻，因此她本人也对其感到很不满。 也因此造成了现在的“学生会VS风纪委员”的局面。 有着惊异的运动能力和优秀的领导能力让她拥有绝对的威严，通过和心秤相反的能力值来控制他人。,148,0,148,5,,https://lain.bgm.tv/pic/crt/l/74/4c/23115_crt_4kBO5.jpg,https://lain.bgm.tv/r/400/pic/crt/l/74/4c/23115_crt_4kBO5.jpg,https://t.vndb.org/ch/81/100981.jpg,,Blue Waist Length+ Straight Kemonomimi Teen Slim Pale School Uniform Fighting Doggy Style,,https://bgm.tv/character/23115,https://vndb.org/c20635,23115
vndb-c35981,vndb,6,6,,,バニ子,Baniko,,女,,,Galgame,Galgame,星空のバビロン －迫り来るコズミックすけべおねぇさんズ－,,2015,Galgame,,"A cosmic wraith who looks like bunny girl and Mei Mei's subordinate. She loves nothing more than sex. When using human speech, she always ends her sentences with ""~usa"" and ""~pyon"".",141,0,141,0,1,https://t.vndb.org/ch/73/43473.jpg,https://t.vndb.org/ch/73/43473.jpg,,#af9080 #6c544c #332a26 #16110f #e7dfdb #000000,White Wavy Shoulder-length Fighting Doggy Style Blowjob Virgin Sex Red Young-adult Dark,,,https://vndb.org/c35981,
vndb-c35983,vndb,6,6,,,ぴょん吉,Pyonkichi,,女,,,Galgame,Galgame,星空のバビロン －迫り来るコズミックすけべおねぇさんズ－,,2015,Galgame,,"A cosmic wraith who looks like bunny girl and Mei Mei's subordinate. She loves nothing more than sex. When using human speech, she always ends her sentences with ""~usa"" and ""~pyon"".",141,0,141,0,1,https://t.vndb.org/ch/75/43475.jpg,https://t.vndb.org/ch/75/43475.jpg,,#bd9d7b #f1dab2 #806955 #3d3429 #000000,Blond Wavy Shoulder-length Pale Fighting Doggy Style Cowgirl Amber Young-adult Wristband,,,https://vndb.org/c35983,
vndb-c35982,vndb,6,6,,,ラビ子,Rabiko,,女,,,Galgame,Galgame,星空のバビロン －迫り来るコズミックすけべおねぇさんズ－,,2015,Galgame,,"A cosmic wraith who looks like bunny girl and Mei Mei's subordinate. She loves nothing more than sex. When using human speech, she always ends her sentences with ""~usa"" and ""~pyon"".",141,0,141,0,1,https://t.vndb.org/ch/74/43474.jpg,https://t.vndb.org/ch/74/43474.jpg,,#d48992 #f5c4c5 #7e5d5d #362a2a #000000,Pink Wavy Shoulder-length Pale Fighting Doggy Style Virgin Sex Red Young-adult Wristband,,,https://vndb.org/c35982,
vndb-c35980,vndb,6,6,,,ウサ子,Usako,,女,,,Galgame,Galgame,星空のバビロン －迫り来るコズミックすけべおねぇさんズ－,,2015,Galgame,,"A cosmic wraith who looks like bunny girl and Mei Mei's subordinate. She loves nothing more than sex. When using human speech, she always ends her sentences with ""~usa"" and ""~pyon"".",141,0,141,0,1,https://t.vndb.org/ch/72/43472.jpg,https://t.vndb.org/ch/72/43472.jpg,,#ce2f4d #90766b #562c30 #ecd5c0 #000000,Blond Wavy Shoulder-length Pale Fighting Doggy Style Blowjob Virgin Sex Red Young-adult,,,https://vndb.org/c35980,
al81603,anilist,6,6,,瓦力·路西法,ヴァーリ・ルシファー,Vali Lucifer,White Dragon Emperor / 白龙皇 / 臀龙皇,男,,,动画|漫画|轻小说,动画,ハイスクールD×D NEW,恶魔高校 D×D NEW,2013,动画,"[{""t"":""ハイスクールD×D NEW"",""cn"":""恶魔高校 D×D NEW"",""ty"":""动画"",""y"":2013,""pop"":197148},{""t"":""ハイスクールD×D BorN"",""cn"":""恶魔高校 D×D BorN"",""ty"":""动画"",""y"":2015,""pop"":177430},{""t"":""ハイスクールD×D"",""cn"":""恶魔高校 D×D"",""ty"":""轻小说"",""y"":2008,""pop"":10412},{""t"":""ハイスクールD×D"",""cn"":""恶魔高校 D×D"",""ty"":""漫画"",""y"":2010,""pop"":8541},{""t"":""堕天の狗神 −SLASHDØG− ハイスクールD×D Universe"",""cn"":"""",""ty"":""轻小说"",""y"":2017,""pop"":484},{""t"":""ジュニアハイスクールD×D"",""cn"":"""",""ty"":""轻小说"",""y"":2024,""pop"":338}]",魔王路西法的后代，是路西法的孙子与人类女子所生下的混血，神灭具白龙皇的光翼的持有者；因为继承了路西法的血统又被白龙所寄宿著，所以不管是在过去、现在甚至是未来，他都是最强的白龙皇。 和一诚一样，并不沉溺在“霸”的力量，相对地则是运用身为路西法血统的继承者所拥有的才能，极尽自己的可能性来探索“白龙皇”的力量，并非随着“霸”暴走，而是掌控“霸”，让自己成为真正的霸王。 虽然对于自己的路西法血统感到骄傲，但是对于魔王路西法的位置完全没有兴趣。,137,137,0,3,,https://lain.bgm.tv/pic/crt/l/e1/3f/32140_crt_5P1jB.jpg?r=1581097511,https://lain.bgm.tv/r/400/pic/crt/l/e1/3f/32140_crt_5P1jB.jpg?r=1581097511,https://s4.anilist.co/file/anilistcdn/character/medium/b81603-KHRZIekoOjg9.jpg|https://s4.anilist.co/file/anilistcdn/character/large/b81603-KHRZIekoOjg9.jpg,,,https://anilist.co/character/81603,https://bgm.tv/character/32140,,32140
bgm-bgm11925,bangumi,6,6,,藤和女女,藤和女々,Towa Meme,"モチモチ先生（自称）,ジョジョ（自称）",其他,,,动画|漫画,漫画,嘘つきみーくんと壊れたまーちゃん 8巻 日常の価値は非凡,说谎的男孩与坏掉的女孩 8 日常的价值是非凡,2009,漫画,"[{""t"":""嘘つきみーくんと壊れたまーちゃん 8巻 日常の価値は非凡"",""cn"":""说谎的男孩与坏掉的女孩 8 日常的价值是非凡"",""ty"":""漫画"",""y"":2009,""pop"":0},{""t"":""電波女と青春男"",""cn"":""电波女与青春男"",""ty"":""漫画"",""y"":2009,""pop"":0},{""t"":""電波女と青春男"",""cn"":""电波女与青春男"",""ty"":""动画"",""y"":2011,""pop"":0},{""t"":""電波女と青春男 キャラクターソングアルバム Vol.2"",""cn"":"""",""ty"":""音乐"",""y"":2011,""pop"":0}]",真の叔母で、エリオの母。39歳(2巻で誕生日を迎え39+1歳になる)。真の両親いわく「大人と子供の練り物」、真曰く「大人子供、略して大供（おおとも）」。突拍子もない言動や行動でしばしば真を狼狽させる。ギャップ萌えキャラを目指しているらしい。一応和菓子屋の経営をしているが、客入りはあまりよくないらしい上、女々自身はあまり店に顔を出していない。 エリオが、父親がわからないということで親戚に陰口をたたかれないために、彼女のことを親戚に知らせずにいた。,136,0,0,136,,https://lain.bgm.tv/pic/crt/l/78/26/11925_crt_tr41L.jpg,https://lain.bgm.tv/r/400/pic/crt/l/78/26/11925_crt_tr41L.jpg,,,,,https://bgm.tv/character/11925,,11925
al184067,anilist,6,6,,李承吉,イ・スンギル,Seung-Gil Lee,이승길 / 이승길 / Lee Seung-gil / 李胜吉,男,AB,20,动画,动画,ユーリ!!! on ICE,冰上的尤里,2016,动画,"[{""t"":""ユーリ!!! on ICE"",""cn"":""冰上的尤里"",""ty"":""动画"",""y"":2016,""pop"":231691},{""t"":""ユーリ!!! on ICE"",""cn"":""冰上的尤里"",""ty"":""动画"",""y"":2016,""pop"":0}]",20岁，韩国选手。平常一副双目无神的样子，到了比赛时则是以冷酷的视线狂放地舞动…这样的“变身”是他的魅力。作为运动员对时尚有些疏远。 虽然因外形美型而有着人气，但其实是女性厌恶兼禁欲主义。脑中只想着有关于花滑的事，也不做任何粉丝福利服务。,132,132,0,1,,https://lain.bgm.tv/pic/crt/l/e9/97/44719_crt_eN8jM.jpg,https://lain.bgm.tv/r/400/pic/crt/l/e9/97/44719_crt_eN8jM.jpg,https://s4.anilist.co/file/anilistcdn/character/medium/b184067-7pfoVxuVKYoH.png|https://s4.anilist.co/file/anilistcdn/character/large/b184067-7pfoVxuVKYoH.png,,,https://anilist.co/character/184067,https://bgm.tv/character/44719,,44719
bgm-bgm59689,vndb,6,6,,,橘 美織,Tachibana Miori,,女,A,,Galgame,Galgame,母性カノジョ-子宮 帰還編-,,2018,Galgame,"[{""t"":""母性カノジョ-子宮 帰還編-"",""cn"":"""",""ty"":""Galgame"",""y"":2018,""pop"":129},{""t"":""母性カノジョ -子宮 帰還編-"",""cn"":""母性女友呵护有加"",""ty"":""Galgame"",""y"":2018,""pop"":0}]",主人公の先輩社員で、社会人４年目。 学校を卒業後、地元の大手商社の企画部に入社する。 テキパキと仕事をこなす姿を見て、 落ち着いた物腰のドライ系女子だと思われがちだが、 本当はとても朗らかで純粋な性格。 仕事と私生活でのメリハリを付けており、 「他人」との距離感は遠いが、身近に置いた相手には、 あらゆる面でお世話を焼いてくれる。 一方で、無自覚に人をダメにさせる、悪い女という一面も？,129,0,129,24,,https://lain.bgm.tv/pic/crt/l/b1/e4/59689_crt_lWqmZ.jpg,https://lain.bgm.tv/r/400/pic/crt/l/b1/e4/59689_crt_lWqmZ.jpg,https://t.vndb.org/ch/62/82962.jpg,,Brown Ponytail Waist Length+ Brown Slim Pale Proactive Missionary Doggy Style Cowgirl,,https://bgm.tv/character/59689,https://vndb.org/c66429,59689
al134331,anilist,6,6,,大佛小钵,大仏こばち,Kobachi Osaragi,Koba-chan,女,B,16,动画|漫画,动画,かぐや様は告らせたい～天才たちの恋愛頭脳戦～,辉夜大小姐想让我告白 ~天才们的恋爱头脑战~,2019,动画,"[{""t"":""かぐや様は告らせたい～天才たちの恋愛頭脳戦～"",""cn"":""辉夜大小姐想让我告白 ~天才们的恋爱头脑战~"",""ty"":""动画"",""y"":2019,""pop"":558713},{""t"":""かぐや様は告らせたい？～天才たちの恋愛頭脳戦～"",""cn"":""辉夜大小姐想让我告白 ~天才们的恋爱头脑战~"",""ty"":""动画"",""y"":2020,""pop"":434528},{""t"":""かぐや様は告らせたい-ウルトラロマンティック-"",""cn"":""辉夜大小姐想让我告白-超级浪漫-"",""ty"":""动画"",""y"":2022,""pop"":292244},{""t"":""かぐや様は告らせたい -ファーストキッスは終わらない-"",""cn"":""辉夜大小姐想让我告白-初吻不会结束-"",""ty"":""动画"",""y"":2023,""pop"":147967},{""t"":""かぐや様は告らせたい～天才たちの恋愛頭脳戦～"",""cn"":""辉夜大小姐想让我告白 ~天才们的恋爱头脑战~"",""ty"":""漫画"",""y"":2015,""pop"":119314},{""t"":""かぐや様は告らせたい～天才たちの恋愛頭脳戦～OVA"",""cn"":""辉夜大小姐想让我告白？～天才们的恋爱头脑战～ OVA"",""ty"":""动画"",""y"":2021,""pop"":91890}]",衆知院学年高等部の一年生。石上や伊井野と同じクラスメイトで、丸メガネが特徴。 伊井野ミコとは小等部の頃からの縁で、唯一の親友である。暴走しやすく、一人ぼっちになりがちな伊井野を長らく支えてきた。それ故に一緒にいることが多く、伊井野の扱いは作中で一番慣れている。そんな事情もあってか、過保護にしすぎたせいで、伊井野が成長するチャンスを奪っていたのではないかと悩んでいたらしい。石上の悪い噂には懐疑的であり、応援団のメンバーにフォローをお願いするなど、気配り上手な一面が見て取れる。,127,127,0,14,,https://lain.bgm.tv/pic/crt/l/9f/87/76289_crt_balBf.jpg?r=1767286277,https://lain.bgm.tv/r/400/pic/crt/l/9f/87/76289_crt_balBf.jpg?r=1767286277,https://s4.anilist.co/file/anilistcdn/character/medium/b134331-pGWnRI42SZAl.png|https://s4.anilist.co/file/anilistcdn/character/large/b134331-pGWnRI42SZAl.png,,,https://anilist.co/character/134331,https://bgm.tv/character/76289,,76289
al62437,anilist,6,6,,伊藤雅,伊藤 雅,Miyabi Itou,,女,B,17,动画|漫画,动画,山田くんと7人の魔女,山田君与7个魔女,2015,动画,"[{""t"":""山田くんと7人の魔女"",""cn"":""山田君与7个魔女"",""ty"":""动画"",""y"":2015,""pop"":189518},{""t"":""山田くんと7人の魔女"",""cn"":""山田君与7个魔女"",""ty"":""漫画"",""y"":2012,""pop"":33949},{""t"":""山田くんと7人の魔女 OAD"",""cn"":""山田君与7个魔女 OAD"",""ty"":""动画"",""y"":2014,""pop"":25949},{""t"":""山田くんと7人の魔女"",""cn"":""山田君与7个魔女"",""ty"":""动画"",""y"":2013,""pop"":16411},{""t"":""山田くんと7人の魔女"",""cn"":""山田君与7个魔女"",""ty"":""动画"",""y"":2015,""pop"":0},{""t"":""山田くんと7人の魔女 OAD"",""cn"":""山田君与7个魔女 OAD"",""ty"":""动画"",""y"":2014,""pop"":0}]",私立朱雀学院高等部二年C班。对超自然事件十分着迷，对同学散播自己发现超自然事件而被同学们视为谎话大王。原本因为对“超自然研究部”有兴趣而希望入部，却意外目击正要互换身体的山田和白石，作为遵守秘密和对魔女的研究而被允许留在超自然研究部。 超自然研究部的社员，番外篇得知家里很有钱。现由于受到西园寺理花对山田的魔女影响而暂时失去关于魔女的记忆。现在已恢复记忆。,126,126,0,17,,https://lain.bgm.tv/pic/crt/l/84/e3/29381_crt_TRkb7.jpg,https://lain.bgm.tv/r/400/pic/crt/l/84/e3/29381_crt_TRkb7.jpg,https://s4.anilist.co/file/anilistcdn/character/medium/b62437-32tse1zFMino.png|https://s4.anilist.co/file/anilistcdn/character/large/b62437-32tse1zFMino.png,,,https://anilist.co/character/62437,https://bgm.tv/character/29381,,29381
bgm-bgm24379,vndb,6,6,,阿努比斯·马特,アヌビス・マアト,Anubis Ma'at,,男,AB,,动画|Galgame,Galgame,神々の悪戯 - Ludere deorum,,2013,Galgame,"[{""t"":""神々の悪戯 - Ludere deorum"",""cn"":"""",""ty"":""Galgame"",""y"":2013,""pop"":121},{""t"":""神々の悪戯 InFinite"",""cn"":"""",""ty"":""Galgame"",""y"":2016,""pop"":24},{""t"":""神々の悪戯"",""cn"":""众神的恶作剧"",""ty"":""Galgame"",""y"":2013,""pop"":0},{""t"":""神々の悪戯 InFinite"",""cn"":""众神的恶作剧：无限"",""ty"":""Galgame"",""y"":2016,""pop"":0},{""t"":""神々の悪戯"",""cn"":""众神的恶作剧"",""ty"":""动画"",""y"":2014,""pop"":0}]",星座：双子座 特长：制作木乃伊 兴趣：与动物接触 特征：藏在阴暗的角落 喜欢的食物：调味料 讨厌的食物：甜食 埃及神话中的死神。 不信任人类、警戒心很强，在学院里几乎见不到他的身影。 说着独特的语言，能理解他话里意思的只有托特。 手很巧、擅长精细的作业。性格单纯坦率。 有着会对认可的人露出天真表情的可爱的一面。,121,0,121,1,,https://lain.bgm.tv/pic/crt/l/72/b1/24379_crt_jhwHM.jpg,https://lain.bgm.tv/r/400/pic/crt/l/72/b1/24379_crt_jhwHM.jpg,https://t.vndb.org/ch/36/85936.jpg,,Black Bob Cut Straight Violet Olive Shy Deity Dog Curious,,https://bgm.tv/character/24379,https://vndb.org/c37629,24379
vndb-c124985,vndb,6,6,,,椋木 美実,Mukunoki Mimi,,女,,,Galgame,Galgame,乙女の剣と秘めごとコンチェルト,少女之剑与秘密的协奏曲,2023,Galgame,,乙女部部長を務める、騎士育成科３年生。 誰とでも仲良くなれるコミュ力の塊。 騎士としての実力もあり、依夜にとっては好敵手。 悪戯好きで、気に入った相手や妹の梨理に対して、 よくちょっかいを出したり、なでなでしたりする。,121,0,121,5,,https://lain.bgm.tv/pic/crt/l/a8/13/129715_crt_It94l.jpg,https://lain.bgm.tv/r/400/pic/crt/l/a8/13/129715_crt_It94l.jpg,https://t.vndb.org/ch/14/147214.jpg,,Violet Ahoge Waist Length+ Teen Slim Pale School Uniform Amber Shorts Student Club President,,https://bgm.tv/character/129715,https://vndb.org/c124985,129715
vndb-c106198,vndb,6,6,,弗拉德,ヴラド,Vlad,Le Voïvode / Lord Vlad,男,,,Galgame,Galgame,イケメンヴァンパイア◆偉人たちと恋の誘惑,,2017,Galgame,,長い銀髪と赤い瞳が印象的な吸血鬼。アルネを生み出した「九人の王」の一人で、別名「串刺し領主」「ドラキュラ公」としても知られる存在です。,111,0,111,0,,https://lain.bgm.tv/pic/crt/l/da/b0/133151_crt_i020I.jpg,https://lain.bgm.tv/r/400/pic/crt/l/da/b0/133151_crt_i020I.jpg,https://t.vndb.org/ch/77/127777.jpg,,White Short Straight Pale Trousers Red Young-adult Vest Cloak Based on a Real Person,,https://bgm.tv/character/133151,https://vndb.org/c106198,133151
bgm-bgm72959,vndb,6,6,,礼濑真宵,礼瀬 マヨイ,Ayase Mayoi,禮瀨 真宵 / 아야세 마요이,男,B,,动画|游戏|Galgame,Galgame,あんさんぶるスターズ！,,2015,Galgame,"[{""t"":""あんさんぶるスターズ！"",""cn"":"""",""ty"":""Galgame"",""y"":2015,""pop"":108},{""t"":""あんさんぶるスターズ！"",""cn"":"""",""ty"":""Galgame"",""y"":2015,""pop"":108},{""t"":""あんさんぶるスターズ！"",""cn"":"""",""ty"":""Galgame"",""y"":2015,""pop"":108},{""t"":""あんさんぶるスターズ！"",""cn"":"""",""ty"":""Galgame"",""y"":2015,""pop"":108},{""t"":""あんさんぶるスターズ！"",""cn"":"""",""ty"":""Galgame"",""y"":2015,""pop"":108},{""t"":""あんさんぶるスターズ！"",""cn"":""偶像梦幻祭"",""ty"":""Galgame"",""y"":2015,""pop"":0}]",アナタとオカルティックナイト 子供のようなか弱い存在が好きな変態。時々心の衝動を口走ってしまう。 臆病で卑屈な性格で、困ったひとを見過ごすことができない。あまり人前に出るのは得意ではない様子。 深く揺れるような歌声で、パフォーマンスは柔らかく伸びがある。 『STARMAKER PRODUCTION』の『ALKALOID』に所属している。,108,0,108,7,,https://lain.bgm.tv/pic/crt/l/5b/e0/72959_crt_tP905.jpg?r=1573278212,https://lain.bgm.tv/r/400/pic/crt/l/5b/e0/72959_crt_tP905.jpg?r=1573278212,https://t.vndb.org/ch/32/121732.jpg,,Violet Waist Length+ Teen Pale Hair Ribbon Secretive Reserved Shy Low Self-esteem Idol,,https://bgm.tv/character/72959,https://vndb.org/c100518,72959
vndb-c55637,vndb,6,6,,鬼无水美咲,鬼無水 みさき,Kinami Misaki,,女,B,,Galgame,Galgame,もののあはれは彩の頃。,真情流露于五彩之时,2017,Galgame,,平和主義で、主人公の味方になってくれる少女。 おっとりと優しい性格で、誰かと争ったりするのは得意ではない。 しかし状況認識と分析力が高いため、いつの間にか他を出し抜いていることも。 “防御波を張って大切な人を守る” という戒を持ち、盤面に潜む危険から暁たちを守り抜く。 「私たちがここで出会ったのもきっと、なにかの縁だと思うの」,108,0,108,25,,https://lain.bgm.tv/pic/crt/l/2d/0c/52514_crt_Ts2FU.jpg,https://lain.bgm.tv/r/400/pic/crt/l/2d/0c/52514_crt_Ts2FU.jpg,https://t.vndb.org/ch/49/66349.jpg,,Pink Waist Length+ Wavy Curtained Teen Slim Pale School Uniform Amnesia Missionary,,https://bgm.tv/character/52514,https://vndb.org/c55637,52514
vndb-c30254,vndb,6,6,,樱内樱姬,桜内 桜姫,Sakurai Yuuki,Seigi no Mahoutsukai / 正義の魔法使い,女,,,Galgame,Galgame,D.C.III P.P. ～ダ・カーポIII プラチナパートナー～,,2014,Galgame,"[{""t"":""D.C.III P.P. ～ダ・カーポIII プラチナパートナー～"",""cn"":"""",""ty"":""Galgame"",""y"":2014,""pop"":106},{""t"":""D.C.II Dearest Marriage ～ダ・カーポII～ ディアレストマリッジ"",""cn"":"""",""ty"":""Galgame"",""y"":2015,""pop"":86},{""t"":""D.C.Ⅲ DreamDays～ダ・カーポⅢ～ドリームデイズ"",""cn"":"""",""ty"":""Galgame"",""y"":2017,""pop"":58}]",D.C.Ⅱの主人公桜内義之と朝倉音姫の娘。祖母は芳乃さくら、朝倉由姫。叔母は朝倉由夢。 名前「桜姫」の漢字は、祖母より一文字ずつ頂いた形になっている。 両親やさくらおばあちゃんさん、由夢おばちゃんはおろか、両親の知り合いからも溺愛されている。例として由夢（毎日のように新婚宅に入りびたり、世話におこなう）・水越舞佳・沢井摩耶(携帯の待ち受けが桜姫の画像）など。 親族の影響か料理を含めた家事が得意。和菓子・時代劇・任侠映画が好きで、射的に熱い闘志を燃やす。,106,0,106,9,,https://lain.bgm.tv/pic/crt/l/65/2a/58400_crt_h9ghq.jpg?r=1507621798,https://lain.bgm.tv/r/400/pic/crt/l/65/2a/58400_crt_h9ghq.jpg?r=1507621798,https://t.vndb.org/ch/67/36367.jpg,,Black Waist Length+ Straight Teen Slim Pale School Uniform Sweater Trousers Student,,https://bgm.tv/character/58400,https://vndb.org/c30254,58400
bgm-bgm139702,bangumi,6,6,,调月莉音,調月リオ,Tsukatsuki Rio,调月莉央,其他,,,Galgame,Galgame,ブルーアーカイブ -Blue Archive-,蔚蓝档案,2021,Galgame,,千年科学学园所属，学生会“研讨会”的会长。作为一个理性主义者，为了千年和世界的安全，她可以不择手段。据说，这样的行事风格让她被称为“大姐头”。她拥有独特的审美观，而“前卫君”这一称呼，正是她这种独特审美的一个缩影。,104,0,0,104,,https://lain.bgm.tv/pic/crt/l/58/92/139702_crt_557pw.jpg,https://lain.bgm.tv/r/400/pic/crt/l/58/92/139702_crt_557pw.jpg,,,,,https://bgm.tv/character/139702,,139702
vndb-c39749,vndb,6,6,,日野真纪,日野 真紀,Hino Maki,,男,,,Galgame,Galgame,暗い日曜日－Sombre　Dimanche－,,2009,Galgame,"[{""t"":""暗い日曜日－Sombre　Dimanche－"",""cn"":"""",""ty"":""Galgame"",""y"":2009,""pop"":101},{""t"":""誕生日、その後"",""cn"":"""",""ty"":""Galgame"",""y"":2014,""pop"":11},{""t"":""暗い日曜日-fragments-"",""cn"":"""",""ty"":""Galgame"",""y"":2017,""pop"":10}]","The protagonist's senior, a member of the track club and a stipendiat. He has a cheerful personality, yet in his core he is eaten by guilt. His elder sister was murdered by Jack the Ripper.",101,0,101,6,,https://lain.bgm.tv/pic/crt/l/03/f7/29370_crt_0x8E0.jpg,https://lain.bgm.tv/r/400/pic/crt/l/03/f7/29370_crt_0x8E0.jpg,https://t.vndb.org/ch/79/199479.jpg,,Brown Short Brown Teen Slim Pale School Uniform Jacket Necktie T-shirt,,https://bgm.tv/character/29370,https://vndb.org/c39749,29370
bgm-bgm126186,vndb,6,6,,广濑小梅,広瀬 小梅,Hirose Koume,,女,B,,Galgame,Galgame,ほしうた,星歌,2008,Galgame,"[{""t"":""ほしうた"",""cn"":""星歌"",""ty"":""Galgame"",""y"":2008,""pop"":95},{""t"":""ほしうた～Starlight Serenade～"",""cn"":"""",""ty"":""Galgame"",""y"":2009,""pop"":57},{""t"":""ほしうた～Starlight Serenade～"",""cn"":"""",""ty"":""Galgame"",""y"":2009,""pop"":0},{""t"":""ほしうた"",""cn"":""星歌"",""ty"":""Galgame"",""y"":2008,""pop"":0}]",くららのお付きのメイド。くららのことを第一に考えている。 普段、くららの前や人前では礼儀正しいが、気に入らない相手の前などでは本性の粗暴な口調に変わる。 最近はくららの影響でエコロジーに目覚めているが、どこか不自然。 愛車のバイクをとても大事にしている。,95,0,95,1,,https://lain.bgm.tv/pic/crt/l/75/fb/126186_crt_DTw90.jpg,https://lain.bgm.tv/r/400/pic/crt/l/75/fb/126186_crt_DTw90.jpg,https://t.vndb.org/ch/91/16191.jpg,,Violet Shoulder-length Brown Teen Slim Pale Cowgirl Virgin Sex Driving Maid,,https://bgm.tv/character/126186,https://vndb.org/c7532,126186
al73681,anilist,6,6,,金田一勇太郎,金田一勇太郎,Yuutarou Kindaichi,Scallion Head,男,,15,动画|漫画,动画,ハイキュー!!,排球少年!!,2014,动画,"[{""t"":""ハイキュー!!"",""cn"":""排球少年!!"",""ty"":""动画"",""y"":2014,""pop"":583268},{""t"":""ハイキュー!! セカンドシーズン"",""cn"":""排球少年 第二季"",""ty"":""动画"",""y"":2015,""pop"":398770},{""t"":""ハイキュー!! 烏野高校 VS 白鳥沢学園高校"",""cn"":""排球少年 乌野高校 VS 白鸟泽学园高校"",""ty"":""动画"",""y"":2016,""pop"":362356},{""t"":""ハイキュー!! TO THE TOP"",""cn"":""排球少年 TO THE TOP"",""ty"":""动画"",""y"":2020,""pop"":293887},{""t"":""ハイキュー!! TO THE TOP 2"",""cn"":"""",""ty"":""动画"",""y"":2020,""pop"":255078},{""t"":""ハイキュー！！"",""cn"":""排球少年!!"",""ty"":""漫画"",""y"":2012,""pop"":101913}]",青葉城西レギュラー陣の中で一番の高身長を誇り、空中戦で活躍を見せる。まだメンタル面では先輩に支えられることも多いものの、長身を活かし堂々としたプレーを見せる。影山と同じ北川第一中学の出身。,95,95,0,1,,https://lain.bgm.tv/pic/crt/l/84/a5/39175_crt_jxHTX.jpg?r=1731384695,https://lain.bgm.tv/r/400/pic/crt/l/84/a5/39175_crt_jxHTX.jpg?r=1731384695,https://storage.moegirl.org.cn/moegirl/commons/d/d8/%E9%87%91%E7%94%B0%E4%B8%80%E5%8B%87%E5%A4%AA%E9%83%8E.png!/fw/480/watermark/url/L21vZWdpcmwvd2F0ZXJtYXJrLnBuZw==/align/southeast/margin/10x10/opacity/50?v=20250504044908|https://storage.moegirl.org.cn/moegirl/commons/d/d8/%E9%87%91%E7%94%B0%E4%B8%80%E5%8B%87%E5%A4%AA%E9%83%8E.png|https://s4.anilist.co/file/anilistcdn/character/medium/b73681-DBHzToOoEFVb.jpg|https://s4.anilist.co/file/anilistcdn/character/large/b73681-DBHzToOoEFVb.jpg,,图源:moegirl,https://anilist.co/character/73681,https://bgm.tv/character/39175,,39175
bgm-bgm50703,vndb,6,6,,早蕨美海,早蕨 美海,Sawarabi Miumi,,女,A,,动画|Galgame,Galgame,Memories Off #5 とぎれたフィルム,,2005,Galgame,"[{""t"":""Memories Off #5 とぎれたフィルム"",""cn"":"""",""ty"":""Galgame"",""y"":2005,""pop"":94},{""t"":""Memories Off 5 とぎれたフィルム"",""cn"":""秋之回忆5：中断的胶片"",""ty"":""Galgame"",""y"":2005,""pop"":0},{""t"":""Memories Off #5 とぎれたフィルム THE ANIMATION"",""cn"":""秋之回忆5 中断的胶片"",""ty"":""动画"",""y"":2006,""pop"":0}]",绫园学院高中3年级生、明日香的朋友，同时也是春人的表妹。非常怕生。,94,0,94,12,,https://lain.bgm.tv/pic/crt/l/84/bf/50703_crt_Cijci.jpg?r=1485772433,https://lain.bgm.tv/r/400/pic/crt/l/84/bf/50703_crt_Cijci.jpg?r=1485772433,https://t.vndb.org/ch/31/13831.jpg,,Blue Hime Cut Curtained Shoulder-length Teen Slim Pale School Uniform Blue Miniskirt,,https://bgm.tv/character/50703,https://vndb.org/c11809,50703
al50225,anilist,6,6,,大宫忍,大宮 忍,Shinobu Oomiya,Shino / 忍叔 / 小忍,女,A,15,动画|漫画,动画,ブレンド・S,调教咖啡厅,2017,动画,"[{""t"":""ブレンド・S"",""cn"":""调教咖啡厅"",""ty"":""动画"",""y"":2017,""pop"":181246},{""t"":""きんいろモザイク"",""cn"":"""",""ty"":""动画"",""y"":2013,""pop"":51277},{""t"":""ハロー!!きんいろモザイク"",""cn"":"""",""ty"":""动画"",""y"":2015,""pop"":23121},{""t"":""きんいろモザイク Pretty Days"",""cn"":"""",""ty"":""动画"",""y"":2016,""pop"":9707},{""t"":""きんいろモザイク Thank you!!"",""cn"":"""",""ty"":""动画"",""y"":2021,""pop"":6359},{""t"":""きんいろモザイク"",""cn"":"""",""ty"":""漫画"",""y"":2010,""pop"":1717}]",艾莉丝在日本寄宿家庭的女儿。绰号“小忍”。国中时曾寄住在艾莉丝家。 外表为黑发、黑色瞳孔的典型日本人，西装制服穿的很整齐。 个性沉稳，不太受到外在事物影响。连和朋友说话都很客气。 很喜欢外国文化，不过感受性相当奇怪。有很多洋装，自己很喜欢穿，也很喜欢让艾莉丝穿。未来的梦想是翻译人员，但是英文却很差，她的朋友和老师都很担心。,93,91,0,93,,https://lain.bgm.tv/pic/crt/l/c9/ec/20480_crt_zJVKb.jpg?r=1428346169,https://lain.bgm.tv/r/400/pic/crt/l/c9/ec/20480_crt_zJVKb.jpg?r=1428346169,https://s4.anilist.co/file/anilistcdn/character/medium/50225.jpg|https://s4.anilist.co/file/anilistcdn/character/large/50225.jpg,,,https://anilist.co/character/50225,https://bgm.tv/character/20480,,20480
bgm-bgm50972,vndb,6,6,,斑鸠三角,斑鳩 三角,Ikaruga Misumi,Sumi / Trianglian,男,AB,,动画|Galgame,Galgame,A3!,,2017,Galgame,"[{""t"":""A3!"",""cn"":"""",""ty"":""Galgame"",""y"":2017,""pop"":87},{""t"":""A3！（エースリー）"",""cn"":""A3！满开剧团"",""ty"":""Galgame"",""y"":2017,""pop"":0},{""t"":""A3! SEASON AUTUMN ＆ WINTER"",""cn"":""A3！满开剧团 秋&冬"",""ty"":""动画"",""y"":2020,""pop"":0},{""t"":""A3! SEASON SPRING ＆ SUMMER"",""cn"":""A3！满开剧团 春&夏"",""ty"":""动画"",""y"":2020,""pop"":0},{""t"":""A3! Blooming SUMMER EP"",""cn"":"""",""ty"":""音乐"",""y"":2017,""pop"":0},{""t"":""A3! First SUMMER EP"",""cn"":"""",""ty"":""音乐"",""y"":2017,""pop"":0}]",ある時から悪気なく勝手に団員寮に住み着いてしまっていた不思議な青年。 常にハイテンションで、全てにおいて三角形のことしか考えていないどこまでもピュアな変人。身体能力が半端なく高いため、気付くと団員寮の壁や天井のあたりを走り回っている。,87,0,87,2,,https://lain.bgm.tv/pic/crt/l/1e/78/50972_crt_9O9h5.jpg?r=1486219838,https://lain.bgm.tv/r/400/pic/crt/l/1e/78/50972_crt_9O9h5.jpg?r=1486219838,https://t.vndb.org/ch/05/108805.jpg,,Blue Amber Earrings Jeans Carefree Friendly Hoodie Strange Athletics Energetic,,https://bgm.tv/character/50972,https://vndb.org/c90168,50972
bgm-bgm70509,bangumi,6,6,,久条翡翠,久条翡翠,Kujō Hisui,九条翡翠 / 魔女 / マジョ,其他,,,动画,动画,女子高生の無駄づかい,女高中生的无所事事,2019,动画,"[{""t"":""女子高生の無駄づかい"",""cn"":""女高中生的无所事事"",""ty"":""动画"",""y"":2019,""pop"":0},{""t"":""女子高生の無駄づかい"",""cn"":""女高中生的无所事事"",""ty"":""其他"",""y"":2020,""pop"":0}]",ニックネームは「マジョ」。さいのたま女子高等学校1年生。琥珀曰く「生まれてくる時に姉のコミュニケーション能力やまともな感性をすべて奪いとってしまった」。,82,0,0,82,,https://lain.bgm.tv/pic/crt/l/6c/d9/70509_crt_ozNEn.jpg?r=1723262064,https://lain.bgm.tv/r/400/pic/crt/l/6c/d9/70509_crt_ozNEn.jpg?r=1723262064,,,,,https://bgm.tv/character/70509,,70509
bgm-bgm114409,vndb,6,6,,,樒 世界,Shikimi Sekai,,男,B,,Galgame,Galgame,灰色のアルカディア,,2024,Galgame,"[{""t"":""灰色のアルカディア"",""cn"":"""",""ty"":""Galgame"",""y"":2024,""pop"":78},{""t"":""灰色のアルカディア"",""cn"":"""",""ty"":""Galgame"",""y"":2024,""pop"":0}]",cv.河村眞人 名宮学園の保健医。穏やかで優しく、 いつも学園の生徒たちのことを第一に考えている先生。 勉学一筋の学園生活において、 生徒たちが心身を健やかに保つことができるよう心を砕いている。 珠生の親戚だが、学園内では表に出さず、 あくまでも教師と生徒という立場で接している。,78,0,78,1,,https://lain.bgm.tv/pic/crt/l/62/ee/114409_crt_03G3T.jpg,https://lain.bgm.tv/r/400/pic/crt/l/62/ee/114409_crt_03G3T.jpg,https://t.vndb.org/ch/98/135798.jpg,,White Ahoge Shoulder-length Villain Violet Young-adult Tattoo Glasses Uncle Medical Doctor,,https://bgm.tv/character/114409,https://vndb.org/c113003,114409
bgm-bgm150796,vndb,6,6,,色川铃音,色川 鈴音,Irokawa Suzune,,女,AB,,Galgame,Galgame,LIKE×LOVE ～十津川 光～,,2019,Galgame,"[{""t"":""LIKE×LOVE ～十津川 光～"",""cn"":"""",""ty"":""Galgame"",""y"":2019,""pop"":73},{""t"":""LIKE×LOVE ～色川鈴音～"",""cn"":"""",""ty"":""Galgame"",""y"":2020,""pop"":58},{""t"":""LIKE×LOVE ～色川鈴音～"",""cn"":"""",""ty"":""Galgame"",""y"":2020,""pop"":0},{""t"":""LIKE×LOVE ～十津川光～"",""cn"":"""",""ty"":""Galgame"",""y"":2019,""pop"":0}]",星見学園に通う一年生。 主人公とは隣の席だが、人とのコミュニケーションを避ける傾向があるため言葉を交わす機会はあまりない。 趣味は音楽で休み時間はひとりイヤホンで音楽を聴いていることが多く、クラスの中でも浮いた存在。 放課後の美術室でクラシック・ギターを弾いているところをぐうぜん主人公に目撃され、 以来ふたりの間には個人的な接点が生まれるのだが……。,73,0,73,4,,https://lain.bgm.tv/pic/crt/l/79/79/150796_crt_t9x9o.jpg,https://lain.bgm.tv/r/400/pic/crt/l/79/79/150796_crt_t9x9o.jpg,https://t.vndb.org/ch/52/102352.jpg,,Brown Short Teen Slim Pale School Uniform Doggy Style Cowgirl Spoons Blowjob,,https://bgm.tv/character/150796,https://vndb.org/c84121,150796
bgm-bgm168642,vndb,6,6,,,万願寺 うらら,Manganji Urara,,女,,,Galgame,Galgame,初恋マスターアップ,,2025,Galgame,"[{""t"":""初恋マスターアップ"",""cn"":"""",""ty"":""Galgame"",""y"":2025,""pop"":70},{""t"":""初恋マスターアップ"",""cn"":"""",""ty"":""Galgame"",""y"":2025,""pop"":0}]",「えー、それでは第一回『ユッキーは初エッチでなにをするか』を 考える会を始めます」 幸寿の幼なじみであり、現在の雇い主。 人気同人サークル『URARARARA』を主宰しており、 その売り上げで生計を立てている。 ふざけたりからかうような言動が多いが、 心の奥底では友人のことを最優先に考えている。,70,0,70,8,,https://lain.bgm.tv/pic/crt/l/fa/25/168642_crt_weS9e.jpg,https://lain.bgm.tv/r/400/pic/crt/l/fa/25/168642_crt_weS9e.jpg,https://t.vndb.org/ch/66/177966.jpg,,Red Ahoge Slim Pale Sweater Orphan Green Young-adult Friendly Mother,,https://bgm.tv/character/168642,https://vndb.org/c151230,168642
bgm-bgm25724,vndb,6,6,,,楠ノ木 たつき,Kusunoki Tatsuki,Takkii / たっきー,女,,,Galgame,Galgame,恋愛リベンジ,,2014,Galgame,"[{""t"":""恋愛リベンジ"",""cn"":"""",""ty"":""Galgame"",""y"":2014,""pop"":67},{""t"":""恋愛リベンジ"",""cn"":"""",""ty"":""Galgame"",""y"":2014,""pop"":0}]",優希の妹。 お兄ちゃん大好きっ子でいわゆるブラコン。 が、それと同時に優希に拒絶されると快感を感じるドM。 「私は妹だから叩いてオッケー！ さぁ、全力でカモンだよ！ おにぃッ！」,67,0,67,5,,https://lain.bgm.tv/pic/crt/l/86/ee/25724_crt_0Egpe.jpg,https://lain.bgm.tv/r/400/pic/crt/l/86/ee/25724_crt_0Egpe.jpg,https://t.vndb.org/ch/57/25257.jpg,,Brown Twin Tails Short Teen Pale School Uniform Cooking Jacket T-shirt Miniskirt,,https://bgm.tv/character/25724,https://vndb.org/c20298,25724
al215259,anilist,6,6,,卡尔巴裘·罗洋,カルパッチョ・ローヤン,Carpaccio Luo-Yang,,男,A,16,动画|漫画,动画,マッシュル-MASHLE- 神覚者候補選抜試験編,物理魔法使马修 神觉者候补选拔试验篇,2024,动画,"[{""t"":""マッシュル-MASHLE- 神覚者候補選抜試験編"",""cn"":""物理魔法使马修 神觉者候补选拔试验篇"",""ty"":""动画"",""y"":2024,""pop"":182192},{""t"":""マッシュル-MASHLE-"",""cn"":""物理魔法使马修"",""ty"":""漫画"",""y"":2020,""pop"":59820},{""t"":""マッシュル-MASHLE- 神覚者候補選抜試験編"",""cn"":""物理魔法使马修 神觉者候补选拔试验篇"",""ty"":""动画"",""y"":2024,""pop"":0},{""t"":""マッシュル-MASHLE-"",""cn"":""物理魔法使马修"",""ty"":""漫画"",""y"":2020,""pop"":0}]",オルカ寮生1年生。 「最古の十三杖」に選ばれた天才。,66,66,0,0,,https://lain.bgm.tv/pic/crt/l/14/ca/150089_crt_7dt4k.jpg?r=1704627278,https://lain.bgm.tv/r/400/pic/crt/l/14/ca/150089_crt_7dt4k.jpg?r=1704627278,https://s4.anilist.co/file/anilistcdn/character/medium/b215259-ZpVchb8qQeT3.png|https://s4.anilist.co/file/anilistcdn/character/large/b215259-ZpVchb8qQeT3.png,,,https://anilist.co/character/215259,https://bgm.tv/character/150089,,150089
bgm-bgm48131,vndb,6,6,,,那珂島 奈菜,Nakashima Nana,Kyuu-chan / Nakajima,女,,,Galgame,Galgame,メるヘン荘～ちょっぴり残念な娘達とメルヘン☆ドッキングな雑居生活～,,2012,Galgame,"[{""t"":""メるヘン荘～ちょっぴり残念な娘達とメルヘン☆ドッキングな雑居生活～"",""cn"":"""",""ty"":""Galgame"",""y"":2012,""pop"":65},{""t"":""メるヘン荘～ちょっぴり残念な娘達とメルヘン☆ドッキングな雑居生活～"",""cn"":"""",""ty"":""Galgame"",""y"":2012,""pop"":0}]",バンパイヤだと主張する厨二病患者（？）で、かなりの重症。 「妾は闇の眷族の真祖である！」 鋭く尖った犬歯がチャームポイント。 ゴスロリっぽい服装でお姫様言葉を使う。 メルヘン荘の地下室に置いてある棺桶（？）の中で発見される。 主人公の知らない間に、メルヘン荘の地下室を自分の部屋にしている。 バンパイヤ設定準拠で会話を進めるが、こちらが調子を合わせないとすぐに泣く。 ちなみに、暗いところは平気だがお化けは怖いらしい。 学校に通っていないので普段は由惟とお留守番担当。,65,0,65,4,,https://lain.bgm.tv/pic/crt/l/37/e6/48131_crt_hMU6m.jpg,https://lain.bgm.tv/r/400/pic/crt/l/37/e6/48131_crt_hMU6m.jpg,https://t.vndb.org/ch/44/8144.jpg,,Blond Ahoge Antenna Waist Length+ Teen Slim Pale Cowgirl Spoons Blowjob,,https://bgm.tv/character/48131,https://vndb.org/c7865,48131
bgm-bgm10736,bangumi,6,6,,佐藤润,佐藤潤,Sato Jun,,其他,A,,动画|漫画,动画,WORKING'!!,迷糊餐厅 第二季,2011,动画,"[{""t"":""WORKING'!!"",""cn"":""迷糊餐厅 第二季"",""ty"":""动画"",""y"":2011,""pop"":0},{""t"":""WORKING!!"",""cn"":""迷糊餐厅"",""ty"":""漫画"",""y"":2005,""pop"":0},{""t"":""SOMEONE ELSE ｜ ハートのエッジに挑もう Go to Heart Edge"",""cn"":"""",""ty"":""音乐"",""y"":2010,""pop"":0},{""t"":""WORKING!!! ドラマCD「山田おひめさまCD」"",""cn"":"""",""ty"":""音乐"",""y"":2015,""pop"":0},{""t"":""WORKING!!! ドラマCD「ある風邪の日に」"",""cn"":"""",""ty"":""音乐"",""y"":2016,""pop"":0},{""t"":""WORKING!! ドラマCD「ダイエット大作戦」"",""cn"":"""",""ty"":""音乐"",""y"":2010,""pop"":0}]",看起来既不爱说话又不喜欢管事，但实际上又不并不是这么回事，别人遇上难题会主动帮忙，个性意外地温柔。 基本上会好好听别人所讲的话，至于为什么要用刘海把半张脸退住，他却顽固的不肯说出口。 纯情的程度是只要一见钟情就管单方面想着对方，对于甜食相当不擅长。,65,0,0,65,,https://lain.bgm.tv/pic/crt/l/92/9b/10736_crt_LQs39.jpg?r=1611759272,https://lain.bgm.tv/r/400/pic/crt/l/92/9b/10736_crt_LQs39.jpg?r=1611759272,,,,,https://bgm.tv/character/10736,,10736
bgm-bgm200965,vndb,6,6,,,鮫嶋 茉莉,Samejima Mari,,女,,,Galgame,Galgame,童貞な女子達とボク～もし仮に万が一、ボクがエッチに興味津々な童貞っぽい女子ばかりいる世界に行ったとしたら～,,2011,Galgame,"[{""t"":""童貞な女子達とボク～もし仮に万が一、ボクがエッチに興味津々な童貞っぽい女子ばかりいる世界に行ったとしたら～"",""cn"":"""",""ty"":""Galgame"",""y"":2011,""pop"":64},{""t"":""童貞な女子達とボク～もし仮に万が一、ボクがエッチに興味津々な童貞っぽい女子ばかりいる世界に行ったとしたら～"",""cn"":"""",""ty"":""Galgame"",""y"":2011,""pop"":0}]",上流階級のお嬢様。主人公の上級生で生徒会副会長。 実家はお金持ち。 【元の世界】：お嬢様だけど堅苦しい実家を嫌ってか、遊び人を気取っている（が、実は処女？）。 【もうひとつの世界】：学園の影の実力者。恋人多数と噂があるくらい行動が派手だが、本当は誰とも深い関係にならない。 【エッチの時は…】：知識は豊富だけど経験は無し。 「おはよう、おふたりさん。一緒に登校なんていいわね、私も混ぜてもらっていいかしら。,64,0,64,1,,https://lain.bgm.tv/pic/crt/l/06/72/200965_crt_193gH.jpg,https://lain.bgm.tv/r/400/pic/crt/l/06/72/200965_crt_193gH.jpg,https://t.vndb.org/ch/55/25055.jpg,,Wavy Curtained Shoulder-length Green Teen Slim Pale School Uniform Virgin Sex Group Sex,,https://bgm.tv/character/200965,https://vndb.org/c7761,200965
vndb-c82301,vndb,6,6,,,AZUMI,Azumi,,女,,,Galgame,Galgame,Song of Memories,,2017,Galgame,,"A member of Dream 4 You. With the personality of a small devil, she loves causing mischief. At her core she is a sly girl who likes to use “boku,” but when danger approaches the protagonist’s party she is more serious than anyone.",62,0,62,0,1,https://t.vndb.org/ch/32/186132.jpg,https://t.vndb.org/ch/32/186132.jpg,,#ca4353 #c2709a #dcb6aa #f0dcd8 #f9f2ef #ffffff,,,,https://vndb.org/c82301,
bgm-bgm100519,vndb,6,6,,,和泉 天国,Izumi Amakuni,,女,,,Galgame,Galgame,クロガネ回姫譚－閃夜一夜－,,2015,Galgame,"[{""t"":""クロガネ回姫譚－閃夜一夜－"",""cn"":"""",""ty"":""Galgame"",""y"":2015,""pop"":59},{""t"":""クロガネ回姫譚-絢爛華麗-"",""cn"":"""",""ty"":""Galgame"",""y"":2021,""pop"":0},{""t"":""クロガネ回姫譚－閃夜一夜－"",""cn"":""黑铁回姬谭：闪夜一夜"",""ty"":""Galgame"",""y"":2015,""pop"":0}]",第二学園に通う黒金の有資格者。 和泉流剣術を最年少で免許皆伝した剣の天才で、本人は古風な大和撫子を自称する。 愛用する名刀「小烏元帥」を抜けば切れないものはない。 ただ一度抜いてしまうと何かを切らないと鞘に戻せないガンコさがたまにきず。 ひょんなことから正宗の許婚を名乗り、第一学園に転校してくる。 なお、剣一筋で生きてきたため、剣以外に得意なことは0である。 基本的にはかなりの天然ボケ。 小さい頃は病弱だっため、正宗とは幼なじみだが、あまり思い出は深くない。,59,0,59,1,,https://lain.bgm.tv/pic/crt/l/4a/ac/100519_crt_77uET.jpg,https://lain.bgm.tv/r/400/pic/crt/l/4a/ac/100519_crt_77uET.jpg,https://t.vndb.org/ch/99/75499.jpg,,Black Long Swordsmanship Fighting Amber Katana Deredere Friend Childhood Friend Comrade,,https://bgm.tv/character/100519,https://vndb.org/c63017,100519
vndb-c63024,vndb,6,6,,,和泉 国綱,Izumi Kunitsuna,,男,,,Galgame,Galgame,クロガネ回姫譚－閃夜一夜－,,2015,Galgame,,,59,0,59,0,,https://t.vndb.org/ch/06/75506.jpg,https://t.vndb.org/ch/06/75506.jpg,,#ab776a #423f4b #bba5a1 #e4d4c8 #e9e5e5 #fefffe,Brown Short Swordsmanship Fighting Hotblooded Amber Childhood Friend Rival Bokken Self-sacrifice,,,https://vndb.org/c63024,
vndb-c30814,vndb,6,6,,,九条院 日和,Kujouin Hiyori,,男,,,Galgame,Galgame,断罪のマリア　THE EXORCISM OF MARIA,,2009,Galgame,,A selfish 14 year old. He's the son of a distinguished family and holds extraordinary spiritual power. He serves as an organist in the church. His Deva is Oriphiel.,59,0,59,0,,https://t.vndb.org/ch/93/36993.jpg,https://t.vndb.org/ch/93/36993.jpg,,#2c2c38 #78717f #dbd0c7 #aea5a9 #efeded #ffffff,Blond Short Teen Pale Uniform Blue Cross Necklace Gloves Boku Selfish,,,https://vndb.org/c30814,
vndb-c30811,vndb,6,6,,,メアリー・クロウ,Mary Crow,マリア / Maria,女,,,Galgame,Galgame,断罪のマリア　THE EXORCISM OF MARIA,,2009,Galgame,,A 14 year old born in England. Maria is her Baptismal name. She is an exorcist that fights against heretics despite being possessed by a demon herself.,59,0,59,0,,https://t.vndb.org/ch/90/36990.jpg,https://t.vndb.org/ch/90/36990.jpg,,#1f1d29 #7a6d71 #ada5a3 #d4d1d1 #eeeeef #ffffff,Blond Waist Length+ Teen Pale Blue Dress Necktie Cross Necklace Foreigner Gothic,,,https://vndb.org/c30811,
bgm-bgm24553,vndb,6,6,,飞鸟凛,飛鳥 凛,Asuka Rin,あすりん / Asurin / あすりん,女,A,,Galgame,Galgame,Clover Heart's,,2003,Galgame,"[{""t"":""Clover Heart's"",""cn"":"""",""ty"":""Galgame"",""y"":2003,""pop"":58},{""t"":""Clover Day's"",""cn"":""幸运草的约定"",""ty"":""Galgame"",""y"":2014,""pop"":0},{""t"":""Clover Heart’s"",""cn"":"""",""ty"":""Galgame"",""y"":2003,""pop"":0},{""t"":""TOYつめちゃいましたっ"",""cn"":""教给我恋爱的秘诀"",""ty"":""Galgame"",""y"":2004,""pop"":0}]",学園の養護教諭で、演劇部の代理顧問。 ヘキルとヒカルの遠い親戚で、何かと面倒を見ている。 掴み所のない浮雲のような人。息をするように寒いギャグを飛ばす『ブリザードプリンセス』 「んじゃまー、適当に青春しててねん」,58,0,58,21,,https://lain.bgm.tv/pic/crt/l/7a/6b/24553_crt_ZAkiK.jpg?r=1398530353,https://lain.bgm.tv/r/400/pic/crt/l/7a/6b/24553_crt_ZAkiK.jpg?r=1398530353,https://t.vndb.org/ch/30/56030.jpg,,Black Ponytail Long School Uniform Sixty-nine Green Pervert Pretending Shy Childhood Friend,,https://bgm.tv/character/24553,https://vndb.org/c46671,24553
bgm-bgm158714,bangumi,6,6,,,长离,Changli,長離,其他,,,游戏,游戏,鸣潮,鸣潮,2024,游戏,,“尘世千古，方圆之间……与你棋逢对手，实乃大幸。”——长离 档案资料>> 今州令尹参事长离，善于洞察并利用人性引敌入局。作为今汐的老师，她温柔耐心、循循善诱。为达成夙愿，她将自己置身棋局，与时间博弈，也与毁灭博弈。 异能力>>丹煌离火 长离可以催生温度极高、破坏范围极广的火焰。利用这些雀翎状火焰，使敌人如樊笼之鸟，无处可逃。,58,0,0,58,,https://lain.bgm.tv/pic/crt/l/61/f5/158714_crt_d8dKP.jpg?r=1721678258,https://lain.bgm.tv/r/400/pic/crt/l/61/f5/158714_crt_d8dKP.jpg?r=1721678258,,,,,https://bgm.tv/character/158714,,158714
bgm-bgm121587,bangumi,6,6,,姫路纱良,姫路紗良,,,其他,,,动画|漫画,漫画,青春ブタ野郎シリーズ,青春猪头少年系列,2014,漫画,"[{""t"":""青春ブタ野郎シリーズ"",""cn"":""青春猪头少年系列"",""ty"":""漫画"",""y"":2014,""pop"":0},{""t"":""青春ブタ野郎はサンタクロースの夢を見ない"",""cn"":""青春猪头少年不会梦到圣诞服女郎"",""ty"":""动画"",""y"":2025,""pop"":0},{""t"":""青春ブタ野郎はディアフレンドの夢を見ない"",""cn"":""青春猪头少年不会梦到亲爱好朋友"",""ty"":""动画"",""y"":2026,""pop"":0}]",丰原高中一年级生，和咲太同一补习班的学生。是个人见人爱的优等生，但也因此导致补习班两名讲师被辞退。第十卷时便表示对咲太的课程感兴趣，并于第十二卷成为他的学生。,54,0,0,54,,https://lain.bgm.tv/pic/crt/l/6e/9f/121587_crt_HsRZr.jpg?r=1752965305,https://lain.bgm.tv/r/400/pic/crt/l/6e/9f/121587_crt_HsRZr.jpg?r=1752965305,,,,,https://bgm.tv/character/121587,,121587
bgm-bgm39304,vndb,6,6,,,九鬼 アキラ,Kuki Akira,,男,AB,,Galgame,Galgame,もし、この世界に神様がいるとするならば。,,2016,Galgame,"[{""t"":""もし、この世界に神様がいるとするならば。"",""cn"":"""",""ty"":""Galgame"",""y"":2016,""pop"":54},{""t"":""もし、この世界に神様がいるとするならば。"",""cn"":""如果这个世界有神明大人存在的话"",""ty"":""Galgame"",""y"":2016,""pop"":0}]",九鬼アキラ 七科高校に転校してくる、九鬼三兄弟の三男。 物腰柔らかだが、掴みどころがなく、ミステリアスな人物。 物事の好き嫌いがあまりなく、そのため何にでも染まり かねないという危うさがある。 七科高校2年生 17歳 帰宅部 身長：172cm 体重：62kg 血液型：AB型 誕生日：6月6日 趣味：音楽鑑賞 好き：とくになし 嫌い：とくになし,54,0,54,3,,https://lain.bgm.tv/pic/crt/l/b9/41/39304_crt_45JI5.jpg?r=1457344203,https://lain.bgm.tv/r/400/pic/crt/l/b9/41/39304_crt_45JI5.jpg?r=1457344203,https://t.vndb.org/ch/07/44007.jpg,,Black Curtained Short Straight Teen Slim Pale School Uniform Trousers Sword,,https://bgm.tv/character/39304,https://vndb.org/c36454,39304
al123257,anilist,6,6,,莉莉丝,リリス,Lilith,,女,AB,,动画|漫画,动画,モンスター娘のいる日常,魔物娘的同居日常,2015,动画,"[{""t"":""モンスター娘のいる日常"",""cn"":""魔物娘的同居日常"",""ty"":""动画"",""y"":2015,""pop"":170923},{""t"":""モンスター娘のいる日常"",""cn"":""魔物娘的同居日常"",""ty"":""漫画"",""y"":2012,""pop"":21336},{""t"":""モンスター娘のいる日常"",""cn"":""魔物娘的同居日常"",""ty"":""动画"",""y"":2015,""pop"":0},{""t"":""モンスター娘のいる日常"",""cn"":""魔物娘的同居日常"",""ty"":""漫画"",""y"":2012,""pop"":0},{""t"":""女神天国"",""cn"":""女神天国"",""ty"":""动画"",""y"":1995,""pop"":0}]",パピと同じで、見た目は子供だが実は大人。イタズラ好きで、セレアに催眠術をかけたが、暴れイノシシに追い掛け回されたあげくラクネラに捕まり、ラクネラをからかったために「大人向けのお仕置き」をされた。その後、ラクネラの「責め」が忘れられなくなってしまった模様で、ラクネラの意中の公人に嫉妬し、別れさせようと工作し始めるも、逆に隠密中のラクネラから制裁されるのだが、マゾヒズムに目覚めた彼女にとってはむしろ悦ばせてしまう。ドラコやキー同様、種族名のせいで脅迫状の犯人と誤解された一人。,51,51,0,2,,https://lain.bgm.tv/pic/crt/l/d4/fd/68121_crt_HG5hi.jpg?r=1546350714,https://lain.bgm.tv/r/400/pic/crt/l/d4/fd/68121_crt_HG5hi.jpg?r=1546350714,https://lain.bgm.tv/r/400/pic/crt/l/1a/41/125197_crt_2Y999.jpg|https://lain.bgm.tv/pic/crt/l/1a/41/125197_crt_2Y999.jpg|https://s4.anilist.co/file/anilistcdn/character/medium/123257-4sbLmIzfI9bq.jpg|https://s4.anilist.co/file/anilistcdn/character/large/123257-4sbLmIzfI9bq.jpg,,,https://anilist.co/character/123257,https://bgm.tv/character/68121,,68121
vndb-c392,vndb,6,6,,,壬生 誠,Mibu Makoto,,男,O,,Galgame,Galgame,姉、ちゃんとしようよっ！,跟大姊姊一起做吧！,2003,Galgame,"[{""t"":""姉、ちゃんとしようよっ！"",""cn"":""跟大姊姊一起做吧！"",""ty"":""Galgame"",""y"":2003,""pop"":50},{""t"":""姉、ちゃんとしようよっ！2"",""cn"":"""",""ty"":""Galgame"",""y"":2004,""pop"":36}]",,50,0,50,0,,https://t.vndb.org/ch/35/196935.jpg,https://t.vndb.org/ch/35/196935.jpg,,#907b7f #40373c #ccb6b2 #ebe1de #f4f0ef #ffffff,Black Short Slim Pale Trousers Black Adult Shirt Sunglasses Hosome,,,https://vndb.org/c392,
vndb-c10593,vndb,6,6,,,ルゥリィ,Lulli,,女,,,Galgame,Galgame,さくらシュトラッセ,,2008,Galgame,"[{""t"":""さくらシュトラッセ"",""cn"":"""",""ty"":""Galgame"",""y"":2008,""pop"":47},{""t"":""さくらんぼシュトラッセ"",""cn"":"""",""ty"":""Galgame"",""y"":2008,""pop"":21}]",Lulli is Marie's familiar. She has quite a high self-esteem and rarely expresses her emotions.,47,0,47,0,,https://t.vndb.org/ch/04/11804.jpg,https://t.vndb.org/ch/04/11804.jpg,,#815b8f #c2a3ba #e1ced3 #f0e9e5 #f9f6f3 #fefffe,Blond Ponytail Waist Length+ Pale Missionary Doggy Style Blowjob Virgin Sex Violet Kid,,,https://vndb.org/c10593,
vndb-c28234,vndb,6,6,,,ブラッド,Brad,,男,B,,Galgame,Galgame,僕と彼の危険な同居生活,,2013,Galgame,,"Brad looks like a typical bad boy as a member of the gang, but he actually has a playful character, is good-natured and cares a lot about his friends.",46,0,46,0,,https://t.vndb.org/ch/79/34279.jpg,https://t.vndb.org/ch/79/34279.jpg,,#cc52fe #ba56e1 #9f67b3 #cabbba #766f70 #2e2d2d,Black Short Pale Red Young-adult Trench Coat Friendly Friend Gang Member Homosexual,,,https://vndb.org/c28234,
vndb-c16983,vndb,6,6,,,,Hexia Vivien Dumont d'Andre,,女,,,Galgame,Galgame,Fetish: Every Second Counts,,2014,Galgame,"[{""t"":""Fetish: Every Second Counts"",""cn"":"""",""ty"":""Galgame"",""y"":2014,""pop"":46},{""t"":""Fetish"",""cn"":"""",""ty"":""Galgame"",""y"":2014,""pop"":21}]","Hexia is the first-born child of Theodore and Katherina. She had a strict upbringing and was expected to act just like a lady, since she is part of a noble family.",46,0,46,0,,https://t.vndb.org/ch/28/21528.jpg,https://t.vndb.org/ch/28/21528.jpg,,#453a36 #9a8b7e #dfcab6 #feefd8 #edeaea #ffffff,Black Shoulder-length Green Tattoo Necklace Carefree Murder Strange Avoidable Death (obsolete) Not a Virgin,,,https://vndb.org/c16983,
bgm-bgm103574,bangumi,6,6,,神黙根子,神黙根子,Kamimoku Neko,,其他,,,动画|漫画,漫画,明日ちゃんのセーラー服,明日同学的水手服,2017,漫画,"[{""t"":""明日ちゃんのセーラー服"",""cn"":""明日同学的水手服"",""ty"":""漫画"",""y"":2017,""pop"":0},{""t"":""明日ちゃんのセーラー服"",""cn"":""明日同学的水手服"",""ty"":""动画"",""y"":2022,""pop"":0}]",1年3組出席番号4番。 いつも眠そうな様子で、授業中も居眠りをしており先生によく注意されている。,36,0,0,36,,https://lain.bgm.tv/pic/crt/l/3b/9b/103574_crt_OdtZx.jpg?r=1638750519,https://lain.bgm.tv/r/400/pic/crt/l/3b/9b/103574_crt_OdtZx.jpg?r=1638750519,,,,,https://bgm.tv/character/103574,,103574
vndb-c129274,vndb,6,6,,,柳 火乃香,Yanagi Honoka,,女,,,Galgame,Galgame,Blue*,,2011,Galgame,,Birth 1983,36,0,36,0,,https://t.vndb.org/ch/77/152277.jpg,https://t.vndb.org/ch/77/152277.jpg,,#424d65 #1a3353 #d1b9a6 #696878 #020304,Blond Twin Tails Long Wavy Teen Slim Pale School Uniform Miniskirt Friend,,,https://vndb.org/c129274,
vndb-c48017,vndb,6,6,,,韮沢 茉莉子,Nirasawa Mariko,,女,A,,Galgame,Galgame,茉莉子さん家の性事情～伯母さんは僕のモノ～,,2009,Galgame,,,34,0,34,0,,https://t.vndb.org/ch/74/66274.jpg,https://t.vndb.org/ch/74/66274.jpg,,#e1b18a #a0b6d0 #777589 #f6e4cc #d4e9f6 #ffffff,Brown Long Standing Sex Spoons Blowjob Blue Adult Kimono Skirt Mother,,,https://vndb.org/c48017,
vndb-c83739,vndb,6,6,,,志渡 麗音,Shido Rein,,女,O,,Galgame,Galgame,イイナリ妻色２～人妻に横恋慕～,,2019,Galgame,,"Cleaning, going around cake shops Love dramas A woman whose husband is an ex-nurse and works as an idol for old people.",34,0,34,0,,https://t.vndb.org/ch/29/101829.jpg,https://t.vndb.org/ch/29/101829.jpg,,#c0787e #7c4d48 #efa4ac #dac3c5 #f7ecdf #ffffff,Brown Hime Cut Waist Length+ Pale Missionary Blue Young-adult Dress Thigh-high Stockings Wife,,,https://vndb.org/c83739,
vndb-c103227,vndb,6,6,,,姫椿 咲姫,Himetsubaki Saki,,女,A,,Galgame,Galgame,ネトワクネトラル カレマチカノジョ,,2012,Galgame,,,33,0,33,0,,https://t.vndb.org/ch/04/124704.jpg,https://t.vndb.org/ch/04/124704.jpg,,#d5924b #222a53 #8b9cb9 #eecaab #fbebcc #fcfbf6,Violet Green,,,https://vndb.org/c103227,
vndb-c103226,vndb,6,6,,,御園 心愛,Misono Kokoa,,女,O,,Galgame,Galgame,ネトワクネトラル カレマチカノジョ,,2012,Galgame,,,33,0,33,0,,https://t.vndb.org/ch/03/124703.jpg,https://t.vndb.org/ch/03/124703.jpg,,#d79565 #f1c5ad #202f4c #f9eace #99a4ad #fcfcf5,Black Ahoge Cyan,,,https://vndb.org/c103226,
vndb-c70383,vndb,6,6,,,東雲,Shinonome,,男,,,Galgame,Galgame,神凪ノ杜,,2018,Galgame,,"White Rice, Sweets Laying around the house watching sports and eating snacks. A kanzashi item spirit that suddenly appears in front of the protagonist. A lazy guy that goes at his own pace and loves eating.",33,0,33,0,,https://t.vndb.org/ch/54/84954.jpg,https://t.vndb.org/ch/54/84954.jpg,,#484e5a #848f99 #b7c4cb #f4f2ee #dee0df #ffffff,Black Ponytail Waist Length+ Violet Young-adult Kimono Earrings Secretive Hetare Carefree,,,https://vndb.org/c70383,
vndb-c1570,vndb,6,6,,,小早川　円,Kobayakawa Madoka,,女,O,,Galgame,Galgame,ナツメグ,,2007,Galgame,,"The winner of the first character popularity contest, She’s the oldest of the bunch, and acts like the big-sister most of the time.",32,0,32,0,,https://t.vndb.org/ch/14/1614.jpg,https://t.vndb.org/ch/14/1614.jpg,,#433a65 #79759c #b4b3c8 #ecdbd1 #ebecee #fffffe,Violet Waist Length+ Brown Teen Pale School Uniform Glasses Carefree Friend Childhood Friend,,,https://vndb.org/c1570,
vndb-c41364,vndb,6,6,,,黒井 美沙,Kuroi Misa,,女,O,,Galgame,Galgame,春色桜瀬,,2008,Galgame,,President and the only member of the school occult club.,32,0,32,0,,https://t.vndb.org/ch/28/49728.jpg,https://t.vndb.org/ch/28/49728.jpg,,#845c61 #b2a7a1 #d1c9ca #fcf8f2 #eeebe7,Blond Twin Tails Long Teen Slim Pale School Uniform Violet Necktie High School Student,,,https://vndb.org/c41364,
bgm-bgm91638,vndb,6,6,,,リリウム,Lilium,Lily / Lily-chan / リリィ-ちゃん,女,A,,Galgame,Galgame,リリウム・ウェディングプラン,,2021,Galgame,"[{""t"":""リリウム・ウェディングプラン"",""cn"":"""",""ty"":""Galgame"",""y"":2021,""pop"":32},{""t"":""リリウム・ウェディングプラン"",""cn"":"""",""ty"":""Galgame"",""y"":2021,""pop"":0}]",主人公の昔馴染みで、将来の約束をしたと主張する女神さま。良妻となるべく日夜努力を続け、炊事洗濯家事全般は大得意。 学校では一学年上で「先輩』と呼ぶとデレデレに照れる、お姉さんぶりたいお年頃。時折、主人公のことを小さな男の子扱いして可愛がってくる。 もちろん、主人公のことが大好き。 あんこはつぶあん派。,32,0,32,9,,https://lain.bgm.tv/pic/crt/l/9b/20/91638_crt_9507M.jpg,https://lain.bgm.tv/r/400/pic/crt/l/9b/20/91638_crt_9507M.jpg,https://t.vndb.org/ch/95/115695.jpg,,Twin Tails Long Pale Uniform Cooking Doggy Style Cowgirl Standing Sex Blowjob Virgin Sex,,https://bgm.tv/character/91638,https://vndb.org/c95918,91638
vndb-c32936,vndb,6,6,,,柚木崎 凪,Yukizaki Nagi,,男,A,,Galgame,Galgame,Photograph Journey,,2014,Galgame,,"A second-year student attending Suzuran Private High School, Nagi is a mysterious boy whose thoughts are hard to determine.",32,0,32,0,,https://t.vndb.org/ch/70/39470.jpg,https://t.vndb.org/ch/70/39470.jpg,,#cf5d76 #31255b #ceb6ce #e2e4f1 #f8f4f1 #ffffff,Red Ahoge Short Teen Slim Pale School Uniform Trousers Blue Jacket,,,https://vndb.org/c32936,
bgm-bgm125598,bangumi,6,6,,椎名䌷,椎名紬,Shiina Tsumugi,,其他,,,动画|漫画,动画,ライアー・ライアー,谎言游戏,2023,动画,"[{""t"":""ライアー・ライアー"",""cn"":""谎言游戏"",""ty"":""动画"",""y"":2023,""pop"":0},{""t"":""ライアー・ライアー"",""cn"":""Liar·Liar"",""ty"":""漫画"",""y"":2019,""pop"":0},{""t"":""ライアー・ライアー"",""cn"":""LIAR·LIAR"",""ty"":""漫画"",""y"":2020,""pop"":0}]",緋呂斗の前に突如現れた謎の中学生。 中二病と自尊心とを存分に拗らせているタイプの少女。自称《闇の一族》であり、その右目は《魔眼》になっている（らしい）。 基本的には人見知りだが、一緒にゲームで遊んでくれた〝お兄ちゃん〟こと緋呂斗にすっかり懐き、行動を共にするように。,31,0,0,31,,https://lain.bgm.tv/pic/crt/l/8f/ed/125598_crt_F8363.jpg?r=1676259204,https://lain.bgm.tv/r/400/pic/crt/l/8f/ed/125598_crt_F8363.jpg?r=1676259204,,,,,https://bgm.tv/character/125598,,125598
bgm-bgm72655,bangumi,6,6,,贯井羽优,貫井はゆ,Nukui Hayu,贯井羽由 / 贯井波游,其他,AB,,动画|漫画|游戏,动画,おちこぼれフルーツタルト,满溢的水果挞,2020,动画,"[{""t"":""おちこぼれフルーツタルト"",""cn"":""满溢的水果挞"",""ty"":""动画"",""y"":2020,""pop"":0},{""t"":""きららファンタジア"",""cn"":""闪耀幻想曲"",""ty"":""游戏"",""y"":2017,""pop"":0},{""t"":""おちこぼれフルーツタルト"",""cn"":""满溢的水果挞"",""ty"":""漫画"",""y"":2016,""pop"":0}]",高中一年级生，前音乐家。 个性开朗，喜欢摇滚乐与英雄类的作品，但亦有着充满少女情怀的一面。 売れない元ミュージシャンで、衣乃と同じクラスの高校一年生。天真爛漫でロックを愛する乙女な女の子。,30,0,0,30,,https://lain.bgm.tv/pic/crt/l/ff/ff/72655_crt_X6S7W.jpg?r=1604397258,https://lain.bgm.tv/r/400/pic/crt/l/ff/ff/72655_crt_X6S7W.jpg?r=1604397258,https://storage.moegirl.org.cn/moegirl/commons/f/fb/Nukui_Hayu.png!/fw/480/watermark/url/L21vZWdpcmwvd2F0ZXJtYXJrLnBuZw==/align/southeast/margin/10x10/opacity/50?v=20201228101531|https://storage.moegirl.org.cn/moegirl/commons/f/fb/Nukui_Hayu.png,,图源:moegirl,,https://bgm.tv/character/72655,,72655
bgm-bgm36224,bangumi,6,6,,星辉子,星輝子,Hoshi Shouko,,其他,B,,动画|游戏,游戏,アイドルマスター シンデレラガールズ スターライトステージ,偶像大师 灰姑娘女孩 星光舞台,2015,游戏,"[{""t"":""アイドルマスター シンデレラガールズ スターライトステージ"",""cn"":""偶像大师 灰姑娘女孩 星光舞台"",""ty"":""游戏"",""y"":2015,""pop"":0},{""t"":""アイドルマスター シンデレラガールズ 2ndシーズン"",""cn"":""偶像大师 灰姑娘女孩 第二季"",""ty"":""动画"",""y"":2015,""pop"":0},{""t"":""THE IDOLM@STER CINDERELLA GIRLS STARLIGHT MASTER 06 Love∞Destiny"",""cn"":"""",""ty"":""音乐"",""y"":2016,""pop"":0},{""t"":""アイドルマスター シンデレラガールズ"",""cn"":""偶像大师 灰姑娘女孩"",""ty"":""游戏"",""y"":2011,""pop"":0},{""t"":""346Pro IDOL selection vol.4"",""cn"":"""",""ty"":""音乐"",""y"":2015,""pop"":0},{""t"":""THE IDOLM@STER CINDERELLA MASTER Passion jewelries! 002"",""cn"":"""",""ty"":""音乐"",""y"":2014,""pop"":0}]",蘑菇系偶像，初出于福冈地区的角色。 长相可爱的银灰色头发loli，内向，眼睛经常是迷糊眼并保持着奇妙的笑容。 性格非常内向，但是非常喜欢种植蘑菇甚至到可以说出「蘑菇是亲友」的豪言。 经典台词「キノコーキノコーボッチノコーホシショウコー♪」则是围绕着蘑菇的狂热而自创的曲目。 拥有与人交际苦手的交流障碍特质。 爱好者爱称「蘑菇子」，特训前属于弱气，没什么存在感的角色，特训后变成了穿着死亡金属风格的奇装异服，发出坏掉叫声的角色。,29,0,0,29,,https://lain.bgm.tv/pic/crt/l/03/4c/36224_crt_AxXxl.jpg,https://lain.bgm.tv/r/400/pic/crt/l/03/4c/36224_crt_AxXxl.jpg,https://storage.moegirl.org.cn/moegirl/commons/1/17/%E3%82%B4%E3%82%AD%E3%82%B2%E3%83%B3%E3%82%AD%E3%83%8E%E3%82%B3_%E6%98%9F%E8%BC%9D%E5%AD%90.jpg!/fw/480/watermark/url/L21vZWdpcmwvd2F0ZXJtYXJrLnBuZw==/align/southeast/margin/10x10/opacity/50?v=20201229151221|https://storage.moegirl.org.cn/moegirl/commons/1/17/%E3%82%B4%E3%82%AD%E3%82%B2%E3%83%B3%E3%82%AD%E3%83%8E%E3%82%B3_%E6%98%9F%E8%BC%9D%E5%AD%90.jpg,,图源:moegirl,,https://bgm.tv/character/36224,,36224
bgm-bgm56950,vndb,6,6,,,里桜 飛鳥,Rio Asuka,,女,AB,,Galgame,Galgame,シロガネオトメ,,2013,Galgame,"[{""t"":""シロガネオトメ"",""cn"":"""",""ty"":""Galgame"",""y"":2013,""pop"":29},{""t"":""シロガネオトメ"",""cn"":"""",""ty"":""Galgame"",""y"":2013,""pop"":0}]",,29,0,29,2,,https://lain.bgm.tv/pic/crt/l/71/a5/56950_crt_zTKdn.jpg,https://lain.bgm.tv/r/400/pic/crt/l/71/a5/56950_crt_zTKdn.jpg,https://t.vndb.org/ch/18/28418.jpg,,Blond Straight Teen School Uniform Student Green Hat Lesbian Sex Homosexual Antagonist,,https://bgm.tv/character/56950,https://vndb.org/c22623,56950
bgm-bgm107732,bangumi,6,6,,法儿,フォル,,ウォルフォレ,其他,,,动画|漫画,漫画,魔王の俺が奴隷エルフを嫁にしたんだが、どう愛でればいい？,身为魔王的我娶了奴隶精灵为妻，该如何表白我的爱？,2018,漫画,"[{""t"":""魔王の俺が奴隷エルフを嫁にしたんだが、どう愛でればいい？"",""cn"":""身为魔王的我娶了奴隶精灵为妻，该如何表白我的爱？"",""ty"":""漫画"",""y"":2018,""pop"":0},{""t"":""魔王の俺が奴隷エルフを嫁にしたんだが、どう愛でればいい？"",""cn"":""身为魔王的我娶了奴隶精灵为妻，该如何表白我的爱？"",""ty"":""动画"",""y"":2024,""pop"":0},{""t"":""魔王の俺が奴隷エルフを嫁にしたんだが、どう愛でればいい?"",""cn"":""身为魔王的我娶了奴隶精灵为妻，该如何表白我的爱？"",""ty"":""漫画"",""y"":2017,""pop"":0},{""t"":""魔王の俺が奴隷エルフを嫁にしたんだが、どう愛でればいい？ 10 特装版ドラマCD"",""cn"":"""",""ty"":""音乐"",""y"":2020,""pop"":0}]",竜の少女。 好物はマンドラゴラのマカロン、オートミールスープ。 とある理由でザガンの元を訪れるが、後にネフィのお手伝いをしながら城に滞在するようになる。,28,0,0,28,,https://lain.bgm.tv/pic/crt/l/29/52/107732_crt_od4D1.jpg?r=1706705970,https://lain.bgm.tv/r/400/pic/crt/l/29/52/107732_crt_od4D1.jpg?r=1706705970,,,,,https://bgm.tv/character/107732,,107732
al136044,anilist,6,6,,御剑响夜,御剣響夜,Kyouya Mitsurugi,Maken no Yuusha (魔剣の勇者),男,,,动画|轻小说,动画,この素晴らしい世界に祝福を！,为美好的世界献上祝福！,2016,动画,"[{""t"":""この素晴らしい世界に祝福を！"",""cn"":""为美好的世界献上祝福！"",""ty"":""动画"",""y"":2016,""pop"":518169},{""t"":""この素晴らしい世界に祝福を！2"",""cn"":""为美好的世界献上祝福！ 第二季"",""ty"":""动画"",""y"":2017,""pop"":376691},{""t"":""この素晴らしい世界に祝福を！３"",""cn"":"""",""ty"":""动画"",""y"":2024,""pop"":179684},{""t"":""この素晴らしい世界に爆焔を！"",""cn"":""为美好的世界献上爆焰！"",""ty"":""动画"",""y"":2023,""pop"":123438},{""t"":""この素晴らしい世界に祝福を！ 2 この素晴らしい芸術に祝福を!"",""cn"":"""",""ty"":""动画"",""y"":2017,""pop"":112938},{""t"":""この素晴らしい世界に祝福を!"",""cn"":""为美好的世界献上祝福！"",""ty"":""轻小说"",""y"":2013,""pop"":17869}]",跟和真一样从日本转生过来的冒险者，职业是剑术大师。因为有阿克娅给的魔剑，所以在异世界的生活一直相当优渥，也因此而有点自大。在遇见和真的小队后立刻向和真要求决斗想把阿克娅带走，但却被打晕并被和真拿走魔剑卖掉。似乎因为这样而造成心理创伤。,28,28,0,4,,https://lain.bgm.tv/pic/crt/l/77/48/38490_crt_xDBZS.jpg?r=1486080801,https://lain.bgm.tv/r/400/pic/crt/l/77/48/38490_crt_xDBZS.jpg?r=1486080801,https://s4.anilist.co/file/anilistcdn/character/medium/b136044-oWcFALodYp4n.jpg|https://s4.anilist.co/file/anilistcdn/character/large/b136044-oWcFALodYp4n.jpg,,,https://anilist.co/character/136044,https://bgm.tv/character/38490,,38490
bgm-bgm11287,vndb,6,6,,如月律,如月 律,Kisaragi Ritsu,,男,A,,动画|Galgame,Galgame,金色のコルダ3,,2010,Galgame,"[{""t"":""金色のコルダ3"",""cn"":"""",""ty"":""Galgame"",""y"":2010,""pop"":27},{""t"":""金色のコルダ３ AnotherSky"",""cn"":"""",""ty"":""Galgame"",""y"":2014,""pop"":19},{""t"":""金色のコルダ４"",""cn"":"""",""ty"":""Galgame"",""y"":2016,""pop"":15},{""t"":""金色のコルダ オクターヴ"",""cn"":"""",""ty"":""Galgame"",""y"":2019,""pop"":8},{""t"":""金色のコルダ3 AnotherSky feat.天音学園"",""cn"":""金色琴弦3 AnotherSky feat.天音学园"",""ty"":""Galgame"",""y"":2014,""pop"":0},{""t"":""金色のコルダ3"",""cn"":""金色琴弦 3"",""ty"":""Galgame"",""y"":2010,""pop"":0}]",音楽科3年。ヴァイオリン専攻。オーケストラ部部長。響也の兄。一昨年、全国学生音楽コンクールのヴァイオリンソロ部門で優勝。昨年もソロで出場したが、不慮の事故による怪我が原因で辞退した。他人の心の機微に疎く、何事に対しても理性的に解釈しようと努める。音楽の調和の質を高めるためならば厳しい言動も辞さず、妥協を許さない性格だが、部員想い。仲間が秘める力を信じ、主人公に対しても根気強く時間を割いて指導する。 身長178cm。6月6日生まれ。ふたご座。A型。,27,0,27,5,,https://lain.bgm.tv/pic/crt/l/ca/d3/11287_crt_G2l5G.jpg,https://lain.bgm.tv/r/400/pic/crt/l/ca/d3/11287_crt_G2l5G.jpg,https://t.vndb.org/ch/50/57650.jpg,,Blue Shoulder-length Teen School Uniform Amber Glasses Stoic Childhood Friend Senpai High School Student,,https://bgm.tv/character/11287,https://vndb.org/c48090,11287
bgm-bgm12946,bangumi,6,6,,羽鸟芳雪,羽鳥芳雪,hatouri yoshiyuki,,其他,,,动画,动画,世界一初恋2,世界第一初恋2,2011,动画,"[{""t"":""世界一初恋2"",""cn"":""世界第一初恋2"",""ty"":""动画"",""y"":2011,""pop"":0},{""t"":""世界一初恋 OAD"",""cn"":""世界第一初恋 OAD"",""ty"":""动画"",""y"":2011,""pop"":0},{""t"":""世界一初恋"",""cn"":""世界第一初恋"",""ty"":""动画"",""y"":2011,""pop"":0},{""t"":""世界一初恋～プロポーズ編～"",""cn"":""世界第一初恋～求婚篇～"",""ty"":""动画"",""y"":2020,""pop"":0}]",28歳→30歳。エメラルド編集部の副編集長。吉川千春の担当。通称トリ。世話好きかつ生真面目な性格で料理上手。常にポーカーフェイスだが、嫉妬深い。中学時代から幼馴染の千秋に片思いをしていたが、紆余曲折を経て（現在）彼とは恋人同士である。優とは犬猿の仲。女性作家達からは気に入られている。,27,0,0,27,,https://lain.bgm.tv/pic/crt/l/c1/37/12946_crt_7C96B.jpg,https://lain.bgm.tv/r/400/pic/crt/l/c1/37/12946_crt_7C96B.jpg,,,,,https://bgm.tv/character/12946,,12946
bgm-bgm40703,vndb,6,6,,易普风,エピフォン,Epiphone,,男,AB,,动画|Galgame,Galgame,スカーレッドライダーゼクス,,2010,Galgame,"[{""t"":""スカーレッドライダーゼクス"",""cn"":"""",""ty"":""Galgame"",""y"":2010,""pop"":26},{""t"":""スカーレッドライダーゼクス STARDUST LOVERS"",""cn"":"""",""ty"":""Galgame"",""y"":2011,""pop"":9},{""t"":""スカーレッドライダーゼクス"",""cn"":""红伤骑士X"",""ty"":""Galgame"",""y"":2010,""pop"":0},{""t"":""Scared Rider XechS"",""cn"":""红伤骑士X"",""ty"":""动画"",""y"":2016,""pop"":0}]",圣的搭档。第一个出现在青之世界的Nightfly O'Note。曾与多位红伤骑士学员测试共鸣，却没有一个人成功。从不多说话，这一点和其他的协助成员很不一样。音乐是唯一能吸引他的东西。,26,0,26,2,,https://lain.bgm.tv/pic/crt/l/d8/3e/40703_crt_qDoO1.jpg,https://lain.bgm.tv/r/400/pic/crt/l/d8/3e/40703_crt_qDoO1.jpg,https://t.vndb.org/ch/01/36101.jpg,,Fighting Twin Brother Comrade Monster Avoidable Death (obsolete) Non-human Younger Brother Ware Taciturn,,https://bgm.tv/character/40703,https://vndb.org/c30015,40703
bgm-bgm40684,vndb,6,6,,无月圣,無月・ヒジリ,Mutsuki Hijiri,,男,AB,,动画|Galgame,Galgame,スカーレッドライダーゼクス,,2010,Galgame,"[{""t"":""スカーレッドライダーゼクス"",""cn"":"""",""ty"":""Galgame"",""y"":2010,""pop"":26},{""t"":""スカーレッドライダーゼクス STARDUST LOVERS"",""cn"":"""",""ty"":""Galgame"",""y"":2011,""pop"":9},{""t"":""スカーレッドライダーゼクス"",""cn"":""红伤骑士X"",""ty"":""Galgame"",""y"":2010,""pop"":0},{""t"":""Scared Rider XechS"",""cn"":""红伤骑士X"",""ty"":""动画"",""y"":2016,""pop"":0}]",因特殊原因中途加入的少年。善于体察女性心理，言谈举止间表露出对他人关心的方面都体现得非常明显。但是有过踏足于晶的过去之类谜一样的言论让人心生疑惑，好像看不透他的真实想法。批评他人时不留情面，容易招致他人反感，为此也曾经和其他成员发生过冲突。经过石寺长官推荐，以旁听者而非正式骑士的身份，得到了搭乘VOX的许可。唯一红伤是白色的人。,26,0,26,2,,https://lain.bgm.tv/pic/crt/l/39/72/40684_crt_NhGy6.jpg,https://lain.bgm.tv/r/400/pic/crt/l/39/72/40684_crt_NhGy6.jpg,https://t.vndb.org/ch/48/36048.jpg,,Black Blond Short Brown Teen Uniform Proactive Fighting Grey Olive,,https://bgm.tv/character/40684,https://vndb.org/c29973,40684
bgm-bgm45476,vndb,6,6,,,寮母さん,Ryoubo-san,Matron,女,AB,,Galgame,Galgame,姫恋＊シュクレーヌ！,,2016,Galgame,"[{""t"":""姫恋＊シュクレーヌ！"",""cn"":"""",""ty"":""Galgame"",""y"":2016,""pop"":26},{""t"":""姫恋*シュクレーヌ！"",""cn"":"""",""ty"":""Galgame"",""y"":2016,""pop"":0}]",宝森学園寄宿舎の寮母さん。 美味しい食事を提供し、宿舎の清潔を保ち、 学生たちの おはよう から おやすみ までを見守る。 また繕いものから PCのセッティングまで、幅広い頼みごとに対応可能。 学生たちからは “学園のなんでも屋さん” として頼りにされている。 立派なメイド……ではなく、立派な寮母さん。,26,0,26,6,,https://lain.bgm.tv/pic/crt/l/34/53/45476_crt_JCF48.jpg,https://lain.bgm.tv/r/400/pic/crt/l/34/53/45476_crt_JCF48.jpg,https://t.vndb.org/ch/91/60991.jpg,,Violet Waist Length+ Slim Pale Cowgirl Blowjob Kid Evening Gloves Maid's Dress Garter Belt Stockings,,https://bgm.tv/character/45476,https://vndb.org/c50972,45476
bgm-bgm31342,bangumi,6,6,,露雪悠莉,露雪悠莉,Tsuyuki Yuuri,,其他,B,,Galgame,Galgame,しゅぷれ～むキャンディ～王道には王道たる理由があるんです！,超极糖果～王道自有王道的理由～,2008,Galgame,"[{""t"":""しゅぷれ～むキャンディ～王道には王道たる理由があるんです！"",""cn"":""超极糖果～王道自有王道的理由～"",""ty"":""Galgame"",""y"":2008,""pop"":0},{""t"":""しゅぷれ～むキャンディ ドラマCD"",""cn"":"""",""ty"":""音乐"",""y"":2008,""pop"":0}]",孤高のウサ耳少女 ウサギの耳帽子をかぶっている変わった少女。 なぜか学校中で気味悪がられ、一部ではいじめまがいのことまで受けているが、本人はまったくそのことに気を止めていない。 町外れのあばら屋のような神社に住んでいる。 「やさしく抱いてあげると良い」,26,0,0,26,,https://lain.bgm.tv/pic/crt/l/bc/dc/31342_crt_40j6Y.jpg,https://lain.bgm.tv/r/400/pic/crt/l/bc/dc/31342_crt_40j6Y.jpg,,,,,https://bgm.tv/character/31342,,31342
vndb-c1660,vndb,6,6,,,奥井 朝美,Okui Asami,,女,O,,Galgame,Galgame,おたく☆まっしぐら,,2006,Galgame,,"A coworker from Akira's part-time job, she's also a famous cosplayer. [translated from ja.wikipedia]",25,0,25,0,,https://t.vndb.org/ch/04/1704.jpg,https://t.vndb.org/ch/04/1704.jpg,,#9b6b71 #dbaaa8 #403334 #f4e0d3 #f6f2f0 #ffffff,Brown Long Straight Teen Pale School Uniform Red Dress Hat Hair Ribbon,,,https://vndb.org/c1660,
vndb-c6395,vndb,6,6,,,トレヴィル,Treville,,男,,,Galgame,Galgame,マスケティア,,2011,Galgame,"[{""t"":""マスケティア"",""cn"":"""",""ty"":""Galgame"",""y"":2011,""pop"":25},{""t"":""Confidential Money ～300日で3000万ドル稼ぐ方法～"",""cn"":"""",""ty"":""Galgame"",""y"":2012,""pop"":17}]",Star Gemini,25,0,25,0,,https://t.vndb.org/ch/20/66320.jpg,https://t.vndb.org/ch/20/66320.jpg,,#70424c #a9978c #d0c6b8 #e8e1d7 #f3f1ee #ffffff,Brown Shoulder-length Red Adult Coat Gloves Boots Pretending Friendly Teacher,,,https://vndb.org/c6395,
bgm-bgm27064,bangumi,6,6,,弗兰,フラン,Fran,,其他,B,,动画|漫画,动画,家庭教師ヒットマンREBORN!,家庭教师HITMAN REBORN!,2006,动画,"[{""t"":""家庭教師ヒットマンREBORN!"",""cn"":""家庭教师HITMAN REBORN!"",""ty"":""动画"",""y"":2006,""pop"":0},{""t"":""家庭教師ヒットマンREBORN!"",""cn"":""家庭教师HITMAN REBORN!"",""ty"":""漫画"",""y"":2004,""pop"":0},{""t"":""家庭教師ヒットマンREBORN! 公式キャラソン大全集 究極CD匣"",""cn"":"""",""ty"":""音乐"",""y"":2011,""pop"":0},{""t"":""家庭教師ヒットマンREBORN! キャラクターアルバム SONG \""BLUE\"" 〜rivale〜"",""cn"":"""",""ty"":""音乐"",""y"":2010,""pop"":0}]",10年后瓦利亞的新成员。术士。被贝尔和史夸罗强行带回。（和其他瓦利亞成员不同的是，和七宗罪没有关系。）波动属性为“雾”。眼睛下有靛色的倒三角。青发。为了代替前任的玛蒙而被贝尔强逼戴着青蛙造型的帽子（因为玛蒙有一只青蛙宠物）。虽然经常要求拿下这顶帽子，但由于贝尔不同意，所以只有假日的时候用清洗的理由拿下来。,24,0,0,24,,https://lain.bgm.tv/pic/crt/l/c7/51/27064_crt_BZzBk.jpg,https://lain.bgm.tv/r/400/pic/crt/l/c7/51/27064_crt_BZzBk.jpg,,,,,https://bgm.tv/character/27064,,27064
vndb-c3614,vndb,6,6,,,,Geroshabou-chan,,女,O,,Galgame,Galgame,Kawaii Adobenshaas in Anime Rando,,2009,Galgame,,"Geroshabou-chan is a very tsuntsun tsundere who is physically and verbally abusive to Chichi-chan. But despite her young and weak appearance, she can really beat the shit out of Chichi-chan.",23,0,23,0,,https://t.vndb.org/ch/65/3665.jpg,https://t.vndb.org/ch/65/3665.jpg,,#b77f1e #d67198 #ddc487 #dbd4ce #f4f2ee #ffffff,Blond Antenna Twin Tails Long Pale Red Kid Mini-dress Tsundere Yandere,,,https://vndb.org/c3614,
vndb-c3612,vndb,6,6,,,,Gupi-chan,,女,A,,Galgame,Galgame,Kawaii Adobenshaas in Anime Rando,,2009,Galgame,,Gupi-chan is Chichi-chan's new robot meido love slave who is trying discretely to fit in with human society. She has dick-shaped ear receptors that pick up AM radio and contain various super-scientific cords that can do lots of super scient…,23,0,23,0,,https://t.vndb.org/ch/63/3663.jpg,https://t.vndb.org/ch/63/3663.jpg,,#ea9840 #491540 #84a6a9 #cbc8bf #edede5 #fffffe,Long Teen Pale Green Apron Hair Ribbon Headband Stoic Maid Maid's Dress,,,https://vndb.org/c3612,
vndb-c3610,vndb,6,6,,,,Kiwi-chan,,其他,O,,Galgame,Galgame,Kawaii Adobenshaas in Anime Rando,,2009,Galgame,,Kiwi-chan is a genki catgirl who hates shaving her legs. She is a feral wild child who is always happy go lucky. She can be ditsy and clumsy at times and she loves to eat sweets.,23,0,23,0,1,https://t.vndb.org/ch/61/3661.jpg,https://t.vndb.org/ch/61/3661.jpg,,#981265 #ad8599 #d5c2af #e8e2d6 #f3f3f3 #ffffff,Pink Ahoge Twin Tails Long Teen Pale School Uniform Violet Hair Ribbon Childhood Friend,,,https://vndb.org/c3610,
vndb-c3611,vndb,6,6,,,,Mumi-chan,,女,B,,Galgame,Galgame,Kawaii Adobenshaas in Anime Rando,,2009,Galgame,,Mumi-chan is Chichi-chan's slutty imouto who begs for his cock. She is a squirrely girl whose pouty face has the power to melt any pedophile’s heart.,23,0,23,0,,https://t.vndb.org/ch/62/3662.jpg,https://t.vndb.org/ch/62/3662.jpg,,#0c4d85 #729f4d #cdcf82 #eadfcc #f4f5eb #ffffff,Antenna Twin Tails Shoulder-length Green Pale Kid Pervert Full Sister Stuffed Toy Incest,,,https://vndb.org/c3611,
vndb-c3613,vndb,6,6,,,,Nuki-chan,,女,A,,Galgame,Galgame,Kawaii Adobenshaas in Anime Rando,,2009,Galgame,,"Nuki-chan is a shy bookworm who is easily startled by acts of attempted rape, which you think she’d have gotten used to by now, what with being a Japanese schoolgirl and all.",23,0,23,0,,https://t.vndb.org/ch/64/3664.jpg,https://t.vndb.org/ch/64/3664.jpg,,#278656 #0d152a #b4a394 #ddd7c9 #f0f0ef #ffffff,Ahoge Shoulder-length Teen Pale Hidden Shy Low Self-esteem Classmate High School Student Book,,,https://vndb.org/c3613,
bgm-bgm162985,bangumi,6,6,,泷翠理,瀧翠理,,,其他,,,动画|漫画,动画,2.5次元の誘惑,2.5次元的诱惑,2024,动画,"[{""t"":""2.5次元の誘惑"",""cn"":""2.5次元的诱惑"",""ty"":""动画"",""y"":2024,""pop"":0},{""t"":""2.5次元の誘惑"",""cn"":""2.5次元的诱惑"",""ty"":""漫画"",""y"":2019,""pop"":0},{""t"":""2.5次元の誘惑 第2期"",""cn"":""2.5次元的诱惑 第二季"",""ty"":""动画"",""y"":"""",""pop"":0}]",学生会长。,22,0,0,22,,https://lain.bgm.tv/pic/crt/l/96/ca/162985_crt_sm9Mm.jpg,https://lain.bgm.tv/r/400/pic/crt/l/96/ca/162985_crt_sm9Mm.jpg,,,,,https://bgm.tv/character/162985,,162985
bgm-bgm197931,bangumi,6,6,,,パープル・ロリポップ,,,其他,,,动画,动画,NEEDY GIRL OVERDOSE,主播女孩重度依赖,2026,动画,"[{""t"":""NEEDY GIRL OVERDOSE"",""cn"":""主播女孩重度依赖"",""ty"":""动画"",""y"":2026,""pop"":0},{""t"":""NEEDY GIRL OVERDOSE -OVERTURE-"",""cn"":"""",""ty"":""动画"",""y"":2026,""pop"":0},{""t"":""罪と罰"",""cn"":"""",""ty"":""音乐"",""y"":2026,""pop"":0},{""t"":""Карамазовы"",""cn"":"""",""ty"":""音乐"",""y"":2026,""pop"":0}]",カラマーゾフのリーダー。猛毒電波少女。不敵な笑みをたたえる、新たな配信者。,21,0,0,21,,https://lain.bgm.tv/pic/crt/l/c8/5f/197931_crt_XHp4p.jpg,https://lain.bgm.tv/r/400/pic/crt/l/c8/5f/197931_crt_XHp4p.jpg,,,,,https://bgm.tv/character/197931,,197931
bgm-bgm185505,bangumi,6,6,,安昙美姫,安曇美姫,Miki Azumi,,其他,O,,动画|漫画,动画,正反対な君と僕,相反的你和我,2026,动画,"[{""t"":""正反対な君と僕"",""cn"":""相反的你和我"",""ty"":""动画"",""y"":2026,""pop"":0},{""t"":""氷の城壁"",""cn"":""冰之城墙"",""ty"":""动画"",""y"":2026,""pop"":0},{""t"":""氷の城壁"",""cn"":""冰之城墙"",""ty"":""漫画"",""y"":2023,""pop"":0},{""t"":""氷の城壁 第2期"",""cn"":""冰之城墙 第二季"",""ty"":""动画"",""y"":2026,""pop"":0}]",高校１年生。幼なじみの小雪とは対照的に明るい性格でクラスのアイドル的存在。ただ、周りのイメージと、本来のガサツな自分とのギャップに、悩まされている。湊、陽太とは中学時代の塾で知り合った。,21,0,0,21,,https://lain.bgm.tv/pic/crt/l/8e/a5/185505_crt_rQdE0.jpg,https://lain.bgm.tv/r/400/pic/crt/l/8e/a5/185505_crt_rQdE0.jpg,,,,,https://bgm.tv/character/185505,,185505
vndb-c30889,vndb,6,6,,,リリカ,Ririka,,女,O,,Galgame,Galgame,魔法神姫リリカ,,2011,Galgame,,"Ririka is the next Queen of Wonderland, she was targeted by her own world and took refuge to Earth. She was raised well and have the positive personality. Ririka would go to such lengths to help others.",21,0,21,0,1,https://t.vndb.org/ch/90/37090.jpg,https://t.vndb.org/ch/90/37090.jpg,,#c78a80 #78434b #f8edce #d1c3bf #e6e9ee #fffffe,Brown Waist Length+ Brown Teen Slim Pale School Uniform Thigh-high Stockings High School Student Armpit Sex,,,https://vndb.org/c30889,
bgm-bgm132058,vndb,6,6,,,時刻 久遠,Tokizami Kuon,Master,女,,,Galgame,Galgame,センチネル,,2006,Galgame,"[{""t"":""センチネル"",""cn"":"""",""ty"":""Galgame"",""y"":2006,""pop"":21},{""t"":""センチネル"",""cn"":"""",""ty"":""Galgame"",""y"":2006,""pop"":0}]",徹のアルバイト先「ラ・ルゥ・トゥルヌ」のマスター。 大人の女性の魅力＆ミステリアスな雰囲気をかもし出している。 徹と妹の事を自分の○○のようにかわいがっている。 あまり繁盛しているお店ではないので、バイトは基本的に徹一人である。 徹には「マスター」と呼ばせている。性格は普通に優しいお姉さんといった感じ。,21,0,21,1,,https://lain.bgm.tv/pic/crt/l/c0/c5/132058_crt_2Ij0Z.jpg,https://lain.bgm.tv/r/400/pic/crt/l/c0/c5/132058_crt_2Ij0Z.jpg,https://t.vndb.org/ch/75/12475.jpg,,Blond Ahoge Ponytail Waist Length+ Curtained Pale Sweater Group Sex Young-adult Apron,,https://bgm.tv/character/132058,https://vndb.org/c8182,132058
bgm-bgm34632,bangumi,6,6,,白河友美,白河トモミ,,,其他,AB,,动画|Galgame,Galgame,新体操（真）,新体操（真）,2004,Galgame,"[{""t"":""新体操（真）"",""cn"":""新体操（真）"",""ty"":""Galgame"",""y"":2004,""pop"":0},{""t"":""新体操（仮）"",""cn"":""新体操（假）"",""ty"":""Galgame"",""y"":2001,""pop"":0},{""t"":""新体操（仮） ～妖精達の輪舞曲～"",""cn"":""新体操（假） ～妖精们的圆舞曲～"",""ty"":""动画"",""y"":2002,""pop"":0},{""t"":""新体操（真）"",""cn"":"""",""ty"":""动画"",""y"":2005,""pop"":0}]",白河学园理事长的女儿，学园的支配者，女王大人。由于孤独而表现得极其骄傲任性，对羽丘美久抱着强烈的恨意。打算让暗之新体操蔓延到学园每个角落，让大家都来体味她的孤独感。,20,0,0,20,1,https://lain.bgm.tv/pic/crt/l/ae/8f/34632_crt_7Ants.jpg?r=1438470673,https://lain.bgm.tv/r/400/pic/crt/l/ae/8f/34632_crt_7Ants.jpg?r=1438470673,,,,,https://bgm.tv/character/34632,,34632
bgm-bgm38024,bangumi,6,6,,羽岛伊月,羽島伊月,Hashima Itsuki,,其他,,,动画|漫画,漫画,妹さえいればいい。,如果有妹妹就好了,2015,漫画,"[{""t"":""妹さえいればいい。"",""cn"":""如果有妹妹就好了"",""ty"":""漫画"",""y"":2015,""pop"":0},{""t"":""妹さえいればいい。"",""cn"":""如果有妹妹就好了。"",""ty"":""动画"",""y"":2017,""pop"":0},{""t"":""妹さえいればいい。@comic"",""cn"":""如果有妹妹就好了 漫画版"",""ty"":""漫画"",""y"":2016,""pop"":0},{""t"":""妹さえいればいい。 Blu-ray BOX 下巻 特典CD"",""cn"":"""",""ty"":""音乐"",""y"":2018,""pop"":0},{""t"":""妹さえいればいい。 Blu-ray BOX 上巻 特典CD"",""cn"":"""",""ty"":""音乐"",""y"":2018,""pop"":0},{""t"":""妹さえいればいい。ドラマCD第２弾"",""cn"":"""",""ty"":""音乐"",""y"":2017,""pop"":0}]",为了创造出前所未有的终极妹妹而努力奋斗，爱妹成痴的小说家。乍看之下自信满满但却意外的纤细，个性似乎很单纯却又复杂，爱闹别扭但本性直率。,19,0,0,19,,https://lain.bgm.tv/pic/crt/l/58/56/38024_crt_Y3Boo.jpg?r=1508011709,https://lain.bgm.tv/r/400/pic/crt/l/58/56/38024_crt_Y3Boo.jpg?r=1508011709,,,,,https://bgm.tv/character/38024,,38024
bgm-bgm71446,bangumi,6,6,,久条琥珀,久条琥珀,Kujō Kohaku,特になし,其他,B,,动画,动画,女子高生の無駄づかい,女高中生的无所事事,2019,动画,"[{""t"":""女子高生の無駄づかい"",""cn"":""女高中生的无所事事"",""ty"":""动画"",""y"":2019,""pop"":0},{""t"":""女子高生の無駄づかい"",""cn"":""女高中生的无所事事"",""ty"":""其他"",""y"":2020,""pop"":0}]",マジョの妹 翡翠の双子の妹で、姉とは対照的に明るくて何事にも積極的な性格をした少女。 コミュ障の姉を常に心配している。,19,0,0,19,,https://lain.bgm.tv/pic/crt/l/a9/38/71446_crt_v11YO.jpg?r=1700618430,https://lain.bgm.tv/r/400/pic/crt/l/a9/38/71446_crt_v11YO.jpg?r=1700618430,,,,,https://bgm.tv/character/71446,,71446
al131567,anilist,6,6,,古斯塔夫,グスタフ,Gustav,Gustaf,男,,21,动画|漫画,动画,七つの大罪,七大罪,2014,动画,"[{""t"":""七つの大罪"",""cn"":""七大罪"",""ty"":""动画"",""y"":2014,""pop"":529134},{""t"":""七つの大罪 戒めの復活"",""cn"":""七大罪 戒律的复活"",""ty"":""动画"",""y"":2018,""pop"":286406},{""t"":""七つの大罪 聖戦の予兆"",""cn"":""七大罪 圣战的预兆"",""ty"":""动画"",""y"":2016,""pop"":171917},{""t"":""七つの大罪"",""cn"":""七大罪"",""ty"":""漫画"",""y"":2012,""pop"":55078},{""t"":""七つの大罪"",""cn"":""七大罪"",""ty"":""动画"",""y"":2014,""pop"":0},{""t"":""七つの大罪 聖戦の予兆"",""cn"":""七大罪 圣战的预兆"",""ty"":""动画"",""y"":2016,""pop"":0}]",海爾布萊姆手下的聖騎士，又名「古斯塔夫爵士」，傑莉卡的哥哥。 兄妹表面上感情不和，但其實很關心妹妹，過去曾要妹妹放棄成為聖騎士的想法。 在尋找傑莉卡時，被暴走變成怪物的前者重創。之後負傷以下仍起身對抗亨德里克森。 魔力為操控寒冰和雪的「冰牙（氷牙（こおり））」。,18,18,0,1,,https://lain.bgm.tv/pic/crt/l/26/77/31712_crt_pr38M.jpg,https://lain.bgm.tv/r/400/pic/crt/l/26/77/31712_crt_pr38M.jpg,https://s4.anilist.co/file/anilistcdn/character/medium/n131567-WZU3Lc8wkKDp.jpg|https://s4.anilist.co/file/anilistcdn/character/large/n131567-WZU3Lc8wkKDp.jpg,,,https://anilist.co/character/131567,https://bgm.tv/character/31712,,31712
bgm-bgm152070,bangumi,6,6,,,黍,Shu,,其他,,,动画|漫画|游戏,动画,U探泰拉,,2025,动画,"[{""t"":""U探泰拉"",""cn"":"""",""ty"":""动画"",""y"":2025,""pop"":0},{""t"":""明日方舟"",""cn"":""明日方舟"",""ty"":""游戏"",""y"":2019,""pop"":0},{""t"":""暮岁闲谈：正是团圆时分"",""cn"":"""",""ty"":""漫画"",""y"":"""",""pop"":0},{""t"":""暮岁闲谈：来拍电影吗"",""cn"":""暮岁闲谈：来拍电影吗"",""ty"":""漫画"",""y"":"""",""pop"":0},{""t"":""暮岁闲谈：这是平凡人生"",""cn"":""暮岁闲谈：这是平凡人生"",""ty"":""漫画"",""y"":"""",""pop"":0}]",黍，炎国农业天师，天师府授业天师。曾于炎国北部农业基地大荒城从事农业研究多年且已有丰富的科研成果。现因访问亲属，以访客身份暂驻罗德岛。,18,0,0,18,,https://lain.bgm.tv/pic/crt/l/e2/c7/152070_crt_2HsxB.jpg,https://lain.bgm.tv/r/400/pic/crt/l/e2/c7/152070_crt_2HsxB.jpg,https://storage.moegirl.org.cn/moegirl/commons/4/44/%E6%98%8E%E6%97%A5%E6%96%B9%E8%88%9F%E7%AB%8B%E7%BB%98_%E9%BB%8D_2.png!/fw/480/watermark/url/L21vZWdpcmwvd2F0ZXJtYXJrLnBuZw==/align/southeast/margin/10x10/opacity/50?v=20240203095019|https://storage.moegirl.org.cn/moegirl/commons/4/44/%E6%98%8E%E6%97%A5%E6%96%B9%E8%88%9F%E7%AB%8B%E7%BB%98_%E9%BB%8D_2.png,,图源:moegirl,,https://bgm.tv/character/152070,,152070
bgm-bgm73105,bangumi,6,6,,奥黛丽·霍尔,奥黛丽·霍尔,Audrey Hall,,其他,,,动画|漫画|游戏,漫画,诡秘之主,诡秘之主,2019,漫画,"[{""t"":""诡秘之主"",""cn"":""诡秘之主"",""ty"":""漫画"",""y"":2019,""pop"":0},{""t"":""诡秘之主特别篇"",""cn"":""诡秘之主特别篇"",""ty"":""动画"",""y"":2026,""pop"":0},{""t"":""诡秘之主 小丑篇"",""cn"":""诡秘之主 小丑篇"",""ty"":""动画"",""y"":2025,""pop"":0},{""t"":""宿命之环"",""cn"":"""",""ty"":""漫画"",""y"":2024,""pop"":0},{""t"":""诡秘之主"",""cn"":"""",""ty"":""游戏"",""y"":2026,""pop"":0},{""t"":""诡秘之主：愚者"",""cn"":"""",""ty"":""游戏"",""y"":"""",""pop"":0}]",象征符号：巨龙 十八岁。霍尔伯爵之女，金发碧眼，容貌美若天使，心地善良，有“贝克兰德最耀眼宝石”的美誉。 通过非凡者小圈子接触并加入心理炼金会。驯养了一只金毛大狗苏茜，苏茜误喝“观众”魔药，成为非凡生物，可以开口说话，处于序列7“心理医生”。 序列：空想家途径,17,0,0,17,,https://lain.bgm.tv/pic/crt/l/18/24/73105_crt_Q434O.jpg,https://lain.bgm.tv/r/400/pic/crt/l/18/24/73105_crt_Q434O.jpg,https://storage.moegirl.org.cn/moegirl/commons/d/d8/%E5%A5%A5%E9%BB%9B%E4%B8%BD%C2%B7%E9%9C%8D%E5%B0%94%E5%AE%98%E6%96%B92021%E7%94%9F%E8%B4%BA%E5%9B%BE.jpg!/fw/480/watermark/url/L21vZWdpcmwvd2F0ZXJtYXJrLnBuZw==/align/southeast/margin/10x10/opacity/50?v=20220829094818|https://storage.moegirl.org.cn/moegirl/commons/d/d8/%E5%A5%A5%E9%BB%9B%E4%B8%BD%C2%B7%E9%9C%8D%E5%B0%94%E5%AE%98%E6%96%B92021%E7%94%9F%E8%B4%BA%E5%9B%BE.jpg,,图源:moegirl,,https://bgm.tv/character/73105,,73105
bgm-bgm22527,bangumi,6,6,,尼尔,ニーア,Nier,毁灭世界的男人,其他,,,动画|游戏,游戏,NieR Replicant,尼尔 人工生命,2010,游戏,"[{""t"":""NieR Replicant"",""cn"":""尼尔 人工生命"",""ty"":""游戏"",""y"":2010,""pop"":0},{""t"":""NieR Replicant ver.1.22474487139..."",""cn"":""尼尔 人工生命 ver.1.22474487139..."",""ty"":""游戏"",""y"":2021,""pop"":0},{""t"":""OCTOPATH TRAVELER 大陸の覇者"",""cn"":""歧路旅人：大陆的霸者"",""ty"":""游戏"",""y"":2020,""pop"":0},{""t"":""NieR: Automata Ver1.1a"",""cn"":""尼尔：自动人形 Ver1.1a"",""ty"":""动画"",""y"":2023,""pop"":0},{""t"":""NieR Re[in]carnation"",""cn"":""尼尔 转生"",""ty"":""游戏"",""y"":2021,""pop"":0},{""t"":""永劫无间"",""cn"":""永劫无间"",""ty"":""游戏"",""y"":2021,""pop"":0}]",本作の主人公。娘/妹のヨナと二人で暮らしている。純粋で正義感が強く、仲間思い。唯一の肉親であるヨナを非常に大切にしている。ヨナの黒文病を治すため、シロと共に各地を奔走、マモノとの戦いへと身を投じていく。 『レプリカント』では兄として登場。幼少期には貧しいながら笑顔を絶やさない、元気な少年として描かれているが、5年後の青年期ではどこか影を感じさせる青年へと成長。笑顔を見せる事が無くなっている。幼少期に比べ、言動に若干乱暴な部分が出てくるようになった。,17,0,0,17,,https://lain.bgm.tv/pic/crt/l/3e/4f/22527_crt_3d3nT.jpg?r=1620806142,https://lain.bgm.tv/r/400/pic/crt/l/3e/4f/22527_crt_3d3nT.jpg?r=1620806142,,,,,https://bgm.tv/character/22527,,22527
bgm-bgm155176,bangumi,6,6,,多祢村理子,多祢村理子,Riko Tanemura,多禰村理子 / 学姐、理子、走廊地缚灵,其他,A,,游戏,游戏,女神异闻录：夜幕魅影,女神异闻录：夜幕魅影,2024,游戏,,「一不留神已是夜晚，外面的世界看起来灯红酒绿，人来人往...」 「与你见面的日子只剩下6天」 「和我多说说你的故事吧。」 曾与队长在楼梯口有过一面之缘的多祢村理子学姐，是校园中的风纪委员，也是其他同学口中的大小姐。 这位无可争议的人气明星，在夺回欲望的冒险之旅中，究竟会如何登场呢...,15,0,0,15,,https://lain.bgm.tv/pic/crt/l/76/bc/155176_crt_g4379.jpg,https://lain.bgm.tv/r/400/pic/crt/l/76/bc/155176_crt_g4379.jpg,https://storage.moegirl.org.cn/moegirl/commons/8/89/Wind%28P5X%29.png!/fw/480/watermark/url/L21vZWdpcmwvd2F0ZXJtYXJrLnBuZw==/align/southeast/margin/10x10/opacity/50?v=20250429084149|https://storage.moegirl.org.cn/moegirl/commons/8/89/Wind%28P5X%29.png,,图源:moegirl,,https://bgm.tv/character/155176,,155176
bgm-bgm1108,bangumi,6,6,,片瀬志麻,片瀬志麻,Katase Shima,,其他,A,,动画,动画,宇宙のステルヴィア,宇宙星路,2003,动画,,本作の主人公で、宇宙を飛ぶことに憧れるステルヴィアの新入生。受動的で自己主張することが苦手な自分を変えるきっかけを求め、宇宙に上がってきた。実は驚異的な情報処理能力を持ち、プログラマーとしては天才的であるものの、自覚はなく、そのため、それ以外の面で他に及ばないことに劣等感を抱いている。宇宙機パイロットとしては、当初はかなり下手だった。音山光太にアドバイスされ、細かい情報を技術的に無視するようになってからは、光太には及ばないながらも優秀なパイロットとなる。,14,0,0,14,,https://lain.bgm.tv/pic/crt/l/7d/63/1108_crt_yMvFU.jpg?r=1588177344,https://lain.bgm.tv/r/400/pic/crt/l/7d/63/1108_crt_yMvFU.jpg?r=1588177344,,,,,https://bgm.tv/character/1108,,1108
bgm-bgm25221,bangumi,6,6,,先导爱知,先導アイチ,Aichi Sendo,,其他,B,,动画|游戏,动画,カードファイト!! ヴァンガード リンクジョーカー編,卡片战斗先导者 链环傀儡篇,2013,动画,"[{""t"":""カードファイト!! ヴァンガード リンクジョーカー編"",""cn"":""卡片战斗先导者 链环傀儡篇"",""ty"":""动画"",""y"":2013,""pop"":0},{""t"":""探偵オペラ ミルキィホームズ サイコの挨拶"",""cn"":""侦探歌剧 少女福尔摩斯 心灵的问候"",""ty"":""动画"",""y"":2018,""pop"":0},{""t"":""カードファイト!! ヴァンガード アジアサーキット編"",""cn"":""卡片战斗先导者 亚洲巡回赛篇"",""ty"":""动画"",""y"":2012,""pop"":0},{""t"":""カードファイト!! ヴァンガード ライド トゥ ビクトリー!!"",""cn"":""卡片战斗先导者 Ride To Victory"",""ty"":""游戏"",""y"":2013,""pop"":0},{""t"":""みにヴァン"",""cn"":""迷你先导者"",""ty"":""动画"",""y"":2013,""pop"":0},{""t"":""カードファイト!! ヴァンガード ロック オン ビクトリー!!"",""cn"":""卡片战斗先导者  锁定胜利"",""ty"":""游戏"",""y"":2014,""pop"":0}]",,13,0,0,13,,https://lain.bgm.tv/pic/crt/l/0d/86/25221_crt_GWIgj.jpg,https://lain.bgm.tv/r/400/pic/crt/l/0d/86/25221_crt_GWIgj.jpg,https://storage.moegirl.org.cn/moegirl/commons/9/90/%E5%85%88%E5%AF%BC%E7%88%B1%E7%9F%A5%E7%94%9F%E6%97%A5.webp!/fw/480/watermark/url/L21vZWdpcmwvd2F0ZXJtYXJrLnBuZw==/align/southeast/margin/10x10/opacity/50?v=20211126135157|https://storage.moegirl.org.cn/moegirl/commons/9/90/%E5%85%88%E5%AF%BC%E7%88%B1%E7%9F%A5%E7%94%9F%E6%97%A5.webp,,图源:moegirl,,https://bgm.tv/character/25221,,25221
bgm-bgm13318,bangumi,6,6,,水无月遥,水無月遥,,,其他,O,,漫画|Galgame,Galgame,快盗天使ツインエンジェル　～幻の少女～,快盗天使双胞胎~幻之少女~,2009,Galgame,"[{""t"":""快盗天使ツインエンジェル　～幻の少女～"",""cn"":""快盗天使双胞胎~幻之少女~"",""ty"":""Galgame"",""y"":2009,""pop"":0},{""t"":""ドラマCD 「快盗天使ツインエンジェル」 vol.1"",""cn"":"""",""ty"":""音乐"",""y"":2011,""pop"":0},{""t"":""快盗天使ツインエンジェルさん！"",""cn"":""快盗天使双胞胎！"",""ty"":""漫画"",""y"":2017,""pop"":0},{""t"":""快盗天使ツインエンジェル～キュンキュン☆ときめきパラダイス!!上乗せっ♪～"",""cn"":""快盗天使双胞胎~心跳不已☆甜蜜天堂!!追加哦♪~"",""ty"":""漫画"",""y"":2011,""pop"":0},{""t"":""ツインエンジェルBREAK〜光と闇の水平線〜"",""cn"":""快盗天使BREAK~光与暗的水平线~"",""ty"":""漫画"",""y"":"""",""pop"":0},{""t"":""快盗天使ツインエンジェル"",""cn"":""快盗天使双胞胎"",""ty"":""漫画"",""y"":2009,""pop"":0}]",聖チェリーヌ学院高等部2年、水泳部。 明るく元気で人望も厚く、学院では生徒会長も務めている。 快盗天使ツインエンジェルのレッドエンジェル。 肉弾戦、特に足技を得意とする。,11,0,0,11,,https://lain.bgm.tv/pic/crt/l/ca/46/13318_crt_r3jXD.jpg?r=1492538853,https://lain.bgm.tv/r/400/pic/crt/l/ca/46/13318_crt_r3jXD.jpg?r=1492538853,,,,,https://bgm.tv/character/13318,,13318
bgm-bgm61063,bangumi,6,6,,碧,アオイ,Futaba Aoi,双叶碧 / 毒弓，香菜弓,其他,AB,,动画|游戏,动画,プリンセスコネクト！Re:Dive,公主连结 Re:Dive,2020,动画,"[{""t"":""プリンセスコネクト！Re:Dive"",""cn"":""公主连结 Re:Dive"",""ty"":""动画"",""y"":2020,""pop"":0},{""t"":""プリンセスコネクト！Re:Dive"",""cn"":""公主连结 Re:Dive"",""ty"":""游戏"",""y"":2018,""pop"":0},{""t"":""プリンセスコネクト！"",""cn"":""公主连结"",""ty"":""游戏"",""y"":2015,""pop"":0},{""t"":""プリンセスコネクト！Re:Dive Season 2"",""cn"":""公主连结 Re:Dive 第二季"",""ty"":""动画"",""y"":2022,""pop"":0}]",私、友達がほしくて…… よかったらお手伝いしてもらえると嬉しいです…… 13歳にして158cmという長身、スタイルも良く揺れる程ある。レンジャー然とした格好にツリ目・メカクレとイケメンも出来る美少女である。 黙っていれば。 口を開けば年相応の可愛らしい声でテンパリまくる。そう、彼女はぼっちをこじらせたコミュ障なのだ。,11,0,0,11,,https://lain.bgm.tv/pic/crt/l/5b/00/61063_crt_8QY6t.jpg?r=1692021551,https://lain.bgm.tv/r/400/pic/crt/l/5b/00/61063_crt_8QY6t.jpg?r=1692021551,https://storage.moegirl.org.cn/moegirl/commons/f/f2/%E7%A2%A7.jpg!/fw/480/watermark/url/L21vZWdpcmwvd2F0ZXJtYXJrLnBuZw==/align/southeast/margin/10x10/opacity/50?v=20240702041229|https://storage.moegirl.org.cn/moegirl/commons/f/f2/%E7%A2%A7.jpg,,图源:moegirl,,https://bgm.tv/character/61063,,61063
bgm-bgm36387,bangumi,6,6,,中野千雨,中野千雨,nakano chisame,,其他,A,,动画|漫画,动画,ばくおん!!,爆音少女!!,2016,动画,"[{""t"":""ばくおん!!"",""cn"":""爆音少女!!"",""ty"":""动画"",""y"":2016,""pop"":0},{""t"":""ばくおん!!"",""cn"":""爆音少女!!"",""ty"":""漫画"",""y"":2012,""pop"":0},{""t"":""TVアニメ『ばくおん!!』キャラクターソングミニアルバム"",""cn"":"""",""ty"":""音乐"",""y"":2016,""pop"":0}]",羽音の妹・由女の同級生。 ツインテールの髪型と、眉根を寄せ口を曲げた不機嫌そうな顔が特徴。 「ちいさめ千雨」とあだ名を付けられるほど身体が小柄。 また運動も不得手でコンプレックスが多く、非常にネガティブで後ろ向きな性格。 その一方で、小学生の頃から参加しているバイクレースの大会ではポケバイやホンダ・NSF100を駆って連戦連勝を収めており、ライダーとして強い情熱を秘めている。,11,0,0,11,,https://lain.bgm.tv/pic/crt/l/3f/f8/36387_crt_VIOOP.jpg?r=1463519896,https://lain.bgm.tv/r/400/pic/crt/l/3f/f8/36387_crt_VIOOP.jpg?r=1463519896,,,,,https://bgm.tv/character/36387,,36387
bgm-bgm46273,bangumi,6,6,,,高円寺マドカ,Kouenji Madoka,,,SW-4,,动画|Galgame,Galgame,超昂天使エスカレイヤー,超昂天使,2002,Galgame,"[{""t"":""超昂天使エスカレイヤー"",""cn"":""超昂天使"",""ty"":""Galgame"",""y"":2002,""pop"":0},{""t"":""超昂天使エスカレイヤー・リブート"",""cn"":"""",""ty"":""Galgame"",""y"":2014,""pop"":0},{""t"":""超昂天使エスカレイヤー"",""cn"":""超昂天使Escalayer"",""ty"":""动画"",""y"":2002,""pop"":0}]",エスカレイヤーのサポートアンドロイド。 無愛想・マイペースな言動で、ときたま沙由香＆恭平を混乱させる。 ロボット三原則的なものはなく、ダイラストの殲滅を目的に行動している。 「ロボット三原則などという俗なものは、私にプログラムされていません。 地球防衛が最優先事項です」,10,0,0,10,1,https://lain.bgm.tv/pic/crt/l/51/be/46273_crt_87EFs.jpg,https://lain.bgm.tv/r/400/pic/crt/l/51/be/46273_crt_87EFs.jpg,,,,,https://bgm.tv/character/46273,,46273
bgm-bgm49483,bangumi,6,6,,黑须茱香,黒須あろま,Kurosu Aroma,,其他,A,,动画,动画,プリパラ 2nd season,美妙天堂 第二期,2015,动画,"[{""t"":""プリパラ 2nd season"",""cn"":""美妙天堂 第二期"",""ty"":""动画"",""y"":2015,""pop"":0},{""t"":""アイドルランドプリパラ"",""cn"":""偶像大陆美妙天堂"",""ty"":""动画"",""y"":2021,""pop"":0},{""t"":""プリパラ 3rd season"",""cn"":""美妙天堂 第三期"",""ty"":""动画"",""y"":2016,""pop"":0},{""t"":""アイカツ!×プリパラ THE MOVIE -出会いのキセキ！-"",""cn"":""偶像活动×美妙天堂 电影"",""ty"":""动画"",""y"":2025,""pop"":0},{""t"":""劇場版プリパラ み～んなでかがやけ！キラリン☆スターライブ！"",""cn"":""美妙天堂剧场版 大家一起闪耀！KIRARIN☆STARLIVE！"",""ty"":""动画"",""y"":2017,""pop"":0},{""t"":""映画プリパラ み～んなのあこがれ♪レッツゴー☆プリパリ"",""cn"":""美妙天堂剧场版 大～家的憧憬♪出发吧☆美妙巴黎"",""ty"":""动画"",""y"":2016,""pop"":0}]","第二季登场。认为自己是恶魔的使者，恶魔系偶像。自称是""吾(われ)""。心愿是想要顺利施展诅咒。虽然现在会用恶魔的语气说话，但在得知自己与恶魔同天生日前不会。曾为了让啦啦加入自己队伍，对策着如何拆散她的队伍。在48集与SoLaMi Smile组成梦幻组合表演。把肉包称为“包着白皮的猪尸体”。",10,0,0,10,,https://lain.bgm.tv/pic/crt/l/6c/da/49483_crt_TE4k4.jpg,https://lain.bgm.tv/r/400/pic/crt/l/6c/da/49483_crt_TE4k4.jpg,,,,,https://bgm.tv/character/49483,,49483
bgm-bgm50943,bangumi,6,6,,安娜·哈特,アンナ・ハート,,,其他,,,动画,动画,カレイドスター,百变之星,2003,动画,"[{""t"":""カレイドスター"",""cn"":""百变之星"",""ty"":""动画"",""y"":2003,""pop"":0},{""t"":""カレイドスター Legend of phoenix 〜レイラ・ハミルトン物語〜"",""cn"":""百变之星 不死鸟传说 ～蕾拉・汉密尔顿物语～"",""ty"":""动画"",""y"":2006,""pop"":0},{""t"":""カレイドスター 新たなる翼 -EXTRA STAGE-『笑わない すごい お姫様』"",""cn"":""百变之星 崭新之翼 EXTRA STAGE 不笑的公主"",""ty"":""动画"",""y"":2004,""pop"":0}]",宝塚を髣髴とさせるルックスに同姓ファンからの黄色い声援を集める彼女だが、父親ジャックの影響もあり、本人はコメディアン志向が強い。しかし、いかんせんギャグセンスに乏しくすべりまくりで微妙な立場。ただ、同期入団で悩みがちなそら＆ミアの二人を影で支えてくれているのも確か。最近ではケンにお笑いのセンスを見出し自分のパートナーとしようと企んでいるようだが、ケンには「イヤだ」の一言で一蹴されてしまっている・・・。,8,0,0,8,,https://lain.bgm.tv/pic/crt/l/2c/89/50943_crt_3nP1l.jpg,https://lain.bgm.tv/r/400/pic/crt/l/2c/89/50943_crt_3nP1l.jpg,,,,,https://bgm.tv/character/50943,,50943
bgm-bgm8727,bangumi,6,6,,六祭水无月,六祭みなづき,Rokumatsuri Minazuki,,其他,O,,动画,动画,HAPPY★LESSON ADVANCE,欢乐课程 ADVANCE,2003,动画,"[{""t"":""HAPPY★LESSON ADVANCE"",""cn"":""欢乐课程 ADVANCE"",""ty"":""动画"",""y"":2003,""pop"":0},{""t"":""HAPPY★LESSON The Final"",""cn"":""欢乐课程 The Final"",""ty"":""动画"",""y"":2004,""pop"":0},{""t"":""HAPPY★LESSON THE TV"",""cn"":""欢乐课程 THE TV"",""ty"":""动画"",""y"":2002,""pop"":0},{""t"":""HAPPY★LESSON"",""cn"":""欢乐课程"",""ty"":""动画"",""y"":2001,""pop"":0}]",男主角在孤儿院的妹妹，和男主角寄住在一起生活。性格很任性，但也很喜欢千歳，长大后决心要做千歳将来的新娘。口头禅是：“哥哥，全部都喜欢”,8,0,0,8,,https://lain.bgm.tv/pic/crt/l/89/b9/8727_crt_anidb.jpg,https://lain.bgm.tv/r/400/pic/crt/l/89/b9/8727_crt_anidb.jpg,,,,,https://bgm.tv/character/8727,,8727
bgm-bgm54971,bangumi,6,6,,庭取,庭取,,,其他,,,动画|漫画,漫画,十二大戦,,2015,漫画,"[{""t"":""十二大戦"",""cn"":"""",""ty"":""漫画"",""y"":2015,""pop"":0},{""t"":""十二大戦"",""cn"":""十二大战"",""ty"":""动画"",""y"":2017,""pop"":0}]",本名・丹羽遼香（にわりょうか）六月六日生まれ 身長153センチ、体重42キロ。 幼少期より、筆舌に尽くしがたい凄惨な虐待を受けて育った彼女には、十五歳以前の記憶がない。手にしている武器は、トライデントではなく鋤（すき）。銘はないが、勝手に『鶏冠刺（とさかざし）』と呼んでいる。ストレスが限界に来たと感じると、温泉に行く、だから向かう戦場が温泉地だと少し嬉しい。,7,0,0,7,,https://lain.bgm.tv/pic/crt/l/cf/e8/54971_crt_vB8E8.jpg?r=1497259088,https://lain.bgm.tv/r/400/pic/crt/l/cf/e8/54971_crt_vB8E8.jpg?r=1497259088,,,,,https://bgm.tv/character/54971,,54971
bgm-bgm103642,bangumi,6,6,,二阶堂三乡,二階堂三郷,MISATO NIKAIDO,,其他,,,Galgame,Galgame,ヘブンバーンズレッド,炽焰天穹,2022,Galgame,,"“天元、取ったり” “拿下天元之位” 31D部队队长，达成前无古人的50连胜的最年轻的天才围棋棋士，被众人期待为未来的棋圣。 十分尊敬同样被称为“天才棋士”的祖父。虽然平时表现得很严辞，但每次下棋下赢了就会吃自己喜欢的食物，露出平时不常见的“少女”的一面。她不习惯被人夸奖，被夸奖后很容易害羞。 囲碁の天才棋士で前代未聞の５０連勝を成した最年少名人にして、未来の棋聖と期待されている。 ""天才""と呼ばれた棋士だった祖父のことを強く尊敬している。",7,0,0,7,,https://lain.bgm.tv/pic/crt/l/cf/0d/103642_crt_Wo4Oo.jpg?r=1639056954,https://lain.bgm.tv/r/400/pic/crt/l/cf/0d/103642_crt_Wo4Oo.jpg?r=1639056954,,,,,https://bgm.tv/character/103642,,103642
bgm-bgm118746,bangumi,6,6,,洛基,ロキ,Loki,,其他,A,,动画|漫画|游戏,动画,魔探偵ロキ RAGNAROK,魔侦探洛基,2003,动画,"[{""t"":""魔探偵ロキ RAGNAROK"",""cn"":""魔侦探洛基"",""ty"":""动画"",""y"":2003,""pop"":0},{""t"":""魔探偵ロキ RAGNAROK"",""cn"":""魔侦探洛基 RAGNAROK"",""ty"":""漫画"",""y"":2002,""pop"":0},{""t"":""魔探偵ロキ"",""cn"":""魔侦探洛基"",""ty"":""漫画"",""y"":1999,""pop"":0},{""t"":""メメントモリ"",""cn"":""MementoMori"",""ty"":""游戏"",""y"":2022,""pop"":0}]",<十三人>中的其中一人，登记代码为“自我飞翔的焰剑”，大部分学生则称呼其为<剑帝>。被誉为可与马格努斯一较长短的强者。 拥有珍珠色的发色及鲜红的双瞳，有着超出常人的强大魔力，对于魔力的控制也已经到了炉火纯青的境界，时常与雷真进行着小孩子级别的斗嘴，双方都将彼此视为最强的劲敌。,6,0,0,6,,https://lain.bgm.tv/pic/crt/l/cc/53/26135_crt_CEBbY.jpg,https://lain.bgm.tv/r/400/pic/crt/l/cc/53/26135_crt_CEBbY.jpg,https://lain.bgm.tv/r/400/pic/crt/l/09/1b/19568_crt_BINV6.jpg?r=1365191222|https://lain.bgm.tv/pic/crt/l/09/1b/19568_crt_BINV6.jpg?r=1365191222|https://lain.bgm.tv/r/400/pic/crt/l/fe/c1/118746_crt_7U9D6.jpg?r=1666510017|https://lain.bgm.tv/pic/crt/l/fe/c1/118746_crt_7U9D6.jpg?r=1666510017,,,,https://bgm.tv/character/19568,,19568
bgm-bgm113571,bangumi,6,6,,奥德琳·泽冯,オルドリン・ジヴォン,Oldrin Zevon,爱德琳·泽冯,其他,,,动画|漫画|游戏,动画,コードギアス 復活のルルーシュ,Code Geass 复活的鲁路修,2019,动画,"[{""t"":""コードギアス 復活のルルーシュ"",""cn"":""Code Geass 复活的鲁路修"",""ty"":""动画"",""y"":2019,""pop"":0},{""t"":""コードギアス 奪還のロゼ 第3幕"",""cn"":""Code Geass 夺还的罗赛 第3幕"",""ty"":""动画"",""y"":2024,""pop"":0},{""t"":""スーパーロボット大戦X-Ω"",""cn"":""超级机器人大战X-Ω"",""ty"":""游戏"",""y"":2015,""pop"":0},{""t"":""コードギアス 双貌のオズO2 SIDE：オルドリン"",""cn"":""Code Geass 双面的奥兹O2 SIDE:奥尔德林"",""ty"":""漫画"",""y"":2015,""pop"":0},{""t"":""コードギアス 双貌のオズ SIDE：オルドリン"",""cn"":""Code Geass 双面的奥兹 SIDE:奥尔德林"",""ty"":""漫画"",""y"":2012,""pop"":0},{""t"":""コードギアス 双貌のオズ SIDE：オルフェウス"",""cn"":""CODE GEASS 双面的奥兹  SIDE:奥尔菲斯"",""ty"":""漫画"",""y"":"""",""pop"":0}]",搭乗ナイトメア：ランスロット・グレイル CA側の主人公。通称ＯＺ。 記憶を失っていた間、エリア２４のマドリード租界にある全寮制のペンデルトン学園にふつうの高校生として通っていた。 ウィザードとの旅の果て、龍門石窟でオルフェウスとともに記憶を取り戻した後は、自身の抱えていた矛盾を乗り越えて答えに至る。「力無き者の笑顔を守る」という純粋な信念の下、誰かの剣ではなく、剣を持たない人々の剣になることを決意。戦争の早期終結、暴走を始めたマリーベルを止めるための行動を開始する。,6,0,0,6,,https://lain.bgm.tv/pic/crt/l/4d/e5/113571_crt_VpF08.jpg,https://lain.bgm.tv/r/400/pic/crt/l/4d/e5/113571_crt_VpF08.jpg,,,,,https://bgm.tv/character/113571,,113571
bgm-bgm38995,bangumi,6,6,,樱庭凉太,桜庭涼太,SAKURABA RYOTA,,其他,,,游戏,音乐,「ALIVE」その1 Side.G,,2015,音乐,"[{""t"":""「ALIVE」その1 Side.G"",""cn"":"""",""ty"":""音乐"",""y"":2015,""pop"":0},{""t"":""ALIVE Growth 花鳥風月「風」編"",""cn"":"""",""ty"":""音乐"",""y"":2016,""pop"":0},{""t"":""ALIVE Growth 花鳥風月「鳥」編"",""cn"":"""",""ty"":""音乐"",""y"":2016,""pop"":0},{""t"":""「ALIVE」その3 Side.G"",""cn"":"""",""ty"":""音乐"",""y"":2015,""pop"":0},{""t"":""「ALIVE」その4 Side.G"",""cn"":"""",""ty"":""音乐"",""y"":2015,""pop"":0},{""t"":""「ALIVE」その2 Side.G"",""cn"":"""",""ty"":""音乐"",""y"":2015,""pop"":0}]",ファン相手には物腰柔らかい美少年だが、実はかなりクールで現実派であるしっかり者。幼い頃から芸能界にいたこともあって、計算高いことを自ら認めているが、それが嫌味にはならない潔さがある。時にブレーキになり、時に参謀になり、土台からユニットを支えるタイプである。,6,0,0,6,,https://lain.bgm.tv/pic/crt/l/4b/2c/38995_crt_10BDk.jpg,https://lain.bgm.tv/r/400/pic/crt/l/4b/2c/38995_crt_10BDk.jpg,https://storage.moegirl.org.cn/moegirl/commons/f/fb/%E6%A8%B1%E5%BA%AD%E5%87%89%E5%A4%AA2021%E6%96%B0%E8%A8%AD%E5%AE%9A.jpg!/fw/480/watermark/url/L21vZWdpcmwvd2F0ZXJtYXJrLnBuZw==/align/southeast/margin/10x10/opacity/50?v=20250516053646|https://storage.moegirl.org.cn/moegirl/commons/f/fb/%E6%A8%B1%E5%BA%AD%E5%87%89%E5%A4%AA2021%E6%96%B0%E8%A8%AD%E5%AE%9A.jpg,,图源:moegirl,,https://bgm.tv/character/38995,,38995
bgm-bgm29672,bangumi,6,6,,涟,漣,Sazanami,涟号驱逐舰,其他,,,动画|游戏,游戏,艦隊これくしょん-艦これ-,舰队Collection,2013,游戏,"[{""t"":""艦隊これくしょん-艦これ-"",""cn"":""舰队Collection"",""ty"":""游戏"",""y"":2013,""pop"":0},{""t"":""「艦これ」いつかあの海で"",""cn"":""舰队Collection 总有一天，在那片海"",""ty"":""动画"",""y"":2022,""pop"":0}]",特型駆逐艦の19番目、綾波型でいうと、9番艦の漣だよ。 読みにくいって？貴方が字を知らないだけヨ。 南雲機動部隊が真珠湾でボコボコやってる時、 ミッドウェー島砲撃を敢行したよ。何気に凄くない？ 漣（さざなみ）は日本海軍の駆逐艦。一等駆逐艦吹雪型（初雪型）の19番艦。吹雪型の後期型（朧型）。特II型の9番艦。この名を持つ日本海軍の艦船としては、雷型駆逐艦「漣」に続いて2隻目。戦後、海上自衛隊のたかなみ型護衛艦「さざなみ」が就役した。,6,0,0,6,,https://lain.bgm.tv/pic/crt/l/b3/c4/29672_crt_HcMHC.jpg?r=1581611966,https://lain.bgm.tv/r/400/pic/crt/l/b3/c4/29672_crt_HcMHC.jpg?r=1581611966,,,,,https://bgm.tv/character/29672,,29672
bgm-bgm66817,bangumi,6,6,,,卡缇娅·乌拉诺娃,,,其他,,,动画,动画,战斗吧歌姬 第一季,战斗吧歌姬 第一季,2018,动画,"[{""t"":""战斗吧歌姬 第一季"",""cn"":""战斗吧歌姬 第一季"",""ty"":""动画"",""y"":2018,""pop"":0},{""t"":""战斗吧歌姬！闪耀的日常"",""cn"":""战斗吧歌姬！闪耀的日常"",""ty"":""动画"",""y"":2019,""pop"":0},{""t"":""战斗吧歌姬 第零季"",""cn"":""战斗吧歌姬 第零季"",""ty"":""动画"",""y"":2018,""pop"":0},{""t"":""战斗吧歌姬！ 第二季"",""cn"":""战斗吧歌姬！ 第二季"",""ty"":""动画"",""y"":2019,""pop"":0}]",,5,0,0,5,,https://lain.bgm.tv/pic/crt/l/1a/73/66817_crt_s6i3I.jpg,https://lain.bgm.tv/r/400/pic/crt/l/1a/73/66817_crt_s6i3I.jpg,,,,,https://bgm.tv/character/66817,,66817
bgm-bgm149958,bangumi,6,6,,,锏,Degenbrecher,,其他,,,动画|漫画|游戏,动画,U探泰拉,,2025,动画,"[{""t"":""U探泰拉"",""cn"":"""",""ty"":""动画"",""y"":2025,""pop"":0},{""t"":""明日方舟"",""cn"":""明日方舟"",""ty"":""游戏"",""y"":2019,""pop"":0},{""t"":""序言组曲：利锏银锋"",""cn"":""序言组曲：利锏银锋"",""ty"":""漫画"",""y"":2025,""pop"":0},{""t"":""アークナイツドラマCD「風雪一過」"",""cn"":""明日方舟广播剧「风雪过境」"",""ty"":""音乐"",""y"":"""",""pop"":0}]",前卡西米尔骑士竞赛三届冠军，喀兰贸易总裁恩希欧迪斯的贴身保镖。基于博士与恩希欧迪斯签订的合同，无限期作为干员加入罗德岛。 现作为近卫干员活跃于各种任务之中，以其强大无比的战斗力为其他干员开辟道路。 我收到一些反馈，说大部分任务有她在的话，和野营没什么区别。这确实不怪博士，她主动去的，而且看起来她还挺乐在其中的。呃，那我也没什么理由反对，不是吗？ ——■■■,5,0,0,5,,https://lain.bgm.tv/pic/crt/l/9a/a3/149958_crt_IRWG8.jpg,https://lain.bgm.tv/r/400/pic/crt/l/9a/a3/149958_crt_IRWG8.jpg,https://storage.moegirl.org.cn/moegirl/commons/2/27/%E6%98%8E%E6%97%A5%E6%96%B9%E8%88%9F%E7%AB%8B%E7%BB%98_%E9%94%8F_2.png!/fw/480/watermark/url/L21vZWdpcmwvd2F0ZXJtYXJrLnBuZw==/align/southeast/margin/10x10/opacity/50?v=20231210035134|https://storage.moegirl.org.cn/moegirl/commons/2/27/%E6%98%8E%E6%97%A5%E6%96%B9%E8%88%9F%E7%AB%8B%E7%BB%98_%E9%94%8F_2.png,,图源:moegirl,,https://bgm.tv/character/149958,,149958
bgm-bgm187429,bangumi,6,6,,鸿璐,홍루,Hong Lu,,其他,,,游戏,游戏,Limbus Company,边狱巴士公司,2023,游戏,,"우리 회사의 자산이 되기 전까지 부족함 없이 살아왔던 수감자입니다. 그러므로 자유로움을 추구하려고 하지만 간혹, 타 수감자가 제조한 음식을 보고 하위 저급문화에 대한 무지함을 드러냄과 모멸적인 질문을 하는 등 다른 수감자들의 속을 뒤집어지게 만드는 상황이 있을 수 있습니다. 하지만 비꼬는 것이 아닌 순수한 호기심에 불과하므로 서로 날붙이를 꺼내 들게 하는 건 썩 좋은 방법이 아닙니다.",5,0,0,5,,https://lain.bgm.tv/pic/crt/l/54/c3/187429_crt_7fwnx.jpg?r=1760782035,https://lain.bgm.tv/r/400/pic/crt/l/54/c3/187429_crt_7fwnx.jpg?r=1760782035,https://storage.moegirl.org.cn/moegirl/commons/5/56/%E8%BE%B9%E7%8B%B1-%E9%B8%BF%E7%92%90.jpg!/fw/480/watermark/url/L21vZWdpcmwvd2F0ZXJtYXJrLnBuZw==/align/southeast/margin/10x10/opacity/50?v=20230404073329|https://storage.moegirl.org.cn/moegirl/commons/5/56/%E8%BE%B9%E7%8B%B1-%E9%B8%BF%E7%92%90.jpg,,图源:moegirl,,https://bgm.tv/character/187429,,187429
bgm-bgm73989,bangumi,6,6,,小丝怜,小糸怜,Koito Rei,,其他,,,动画|漫画,漫画,やがて君になる,终将成为你,2015,漫画,"[{""t"":""やがて君になる"",""cn"":""终将成为你"",""ty"":""漫画"",""y"":2015,""pop"":0},{""t"":""やがて君になる"",""cn"":""终将成为你"",""ty"":""动画"",""y"":2018,""pop"":0}]",侑的姐姐，大学生。被侑称为「玲酱」。与从高中时代交往的男友浩君感情稳定，经常一起在小丝家共进晚餐，关系得到家人认可。她是家族中唯一察觉侑与灯子特殊关系的人，虽然知道这是一份非同寻常的感情，仍支持着侑。爱好制作点心，曾将侑最爱吃的奶酪蛋糕食谱连同侑的睡颜照片一起发送给灯子。 侑の姉で大学生。侑からは「怜ちゃん」と呼ばれている。ヒロくんという高校時代からの彼氏と交際しており、一緒に小糸家で夕食をする等家族公認の仲。,5,0,0,5,,https://lain.bgm.tv/pic/crt/l/bb/b7/73989_crt_UdU6G.jpg?r=1576551271,https://lain.bgm.tv/r/400/pic/crt/l/bb/b7/73989_crt_UdU6G.jpg?r=1576551271,,,,,https://bgm.tv/character/73989,,73989
al1928,anilist,6,6,,火口卿介,火口卿介,Kyosuke Higuchi,,男,,,动画|漫画,动画,DEATH NOTE,死亡笔记,2006,动画,"[{""t"":""DEATH NOTE"",""cn"":""死亡笔记"",""ty"":""动画"",""y"":2006,""pop"":961191},{""t"":""DEATH NOTE"",""cn"":""死亡笔记"",""ty"":""漫画"",""y"":2003,""pop"":99722},{""t"":""DEATH NOTE リライト"",""cn"":"""",""ty"":""动画"",""y"":2007,""pop"":44227},{""t"":""DEATH NOTE"",""cn"":""死亡笔记"",""ty"":""动画"",""y"":2006,""pop"":0},{""t"":""デスノート"",""cn"":""死亡笔记"",""ty"":""其他"",""y"":2015,""pop"":0}]",从雷姆手中得到了笔记，但这却是卡密的计划。得到笔记后以killer 的身份为了自己的利益而使用笔记。最后被调查组识破身份并暴露了死亡笔记的存在。在最后的逮捕过程中，卡密趁混乱从其身上夺回笔记所有权，露出了“计划通”的表情。,5,5,0,1,,https://lain.bgm.tv/pic/crt/l/15/22/2286_crt_9ATie.jpg?r=1404372895,https://lain.bgm.tv/r/400/pic/crt/l/15/22/2286_crt_9ATie.jpg?r=1404372895,https://s4.anilist.co/file/anilistcdn/character/medium/n1928-u4ybFpwCKqg2.png|https://s4.anilist.co/file/anilistcdn/character/large/n1928-u4ybFpwCKqg2.png,,,https://anilist.co/character/1928,https://bgm.tv/character/2286,,2286
bgm-bgm39728,bangumi,6,6,,鬼瓦天牙,鬼瓦天牙,Onigawara Tenga,,其他,B,,动画|漫画,动画,モブサイコ100 Ⅲ,灵能百分百 第三季,2022,动画,"[{""t"":""モブサイコ100 Ⅲ"",""cn"":""灵能百分百 第三季"",""ty"":""动画"",""y"":2022,""pop"":0},{""t"":""モブサイコ100 Ⅱ"",""cn"":""灵能百分百 第二季"",""ty"":""动画"",""y"":2019,""pop"":0},{""t"":""モブサイコ100"",""cn"":""灵能百分百"",""ty"":""动画"",""y"":2016,""pop"":0},{""t"":""モブサイコ100"",""cn"":""灵能百分百"",""ty"":""漫画"",""y"":2012,""pop"":0},{""t"":""モブサイコ100"",""cn"":""灵能百分百"",""ty"":""其他"",""y"":2018,""pop"":0},{""t"":""舞台『モブサイコ100』"",""cn"":"""",""ty"":""其他"",""y"":2018,""pop"":0}]",盐中的番长。飞机头的不良少年。被同学们畏惧著。败给黑醋中的光辉，求助肉改部长乡田，被拒后绑架龙套，用计让肉改部与黑醋中杠上，后对打倒光辉的“白T毒物”（龙套），十分尊敬。,5,0,0,5,,https://lain.bgm.tv/pic/crt/l/9e/c2/39728_crt_22dUM.jpg?r=1465911793,https://lain.bgm.tv/r/400/pic/crt/l/9e/c2/39728_crt_22dUM.jpg?r=1465911793,,,,,https://bgm.tv/character/39728,,39728
bgm-bgm26965,bangumi,6,6,,东金朔夜,東金朔夜,Tōgane Sakuya,,其他,AB,,动画,动画,PSYCHO-PASS サイコパス 2,心理测量者2,2014,动画,,,5,0,0,5,,https://lain.bgm.tv/pic/crt/l/07/d3/26965_crt_95H9W.jpg?r=1573982543,https://lain.bgm.tv/r/400/pic/crt/l/07/d3/26965_crt_95H9W.jpg?r=1573982543,,,,,https://bgm.tv/character/26965,,26965
bgm-bgm28275,bangumi,6,6,,伊尔泽·兰纳,イルゼ・ラングナー,Ilse Langnar,,其他,,,动画|漫画,动画,進撃の巨人 OAD,进击的巨人 OAD,2013,动画,"[{""t"":""進撃の巨人 OAD"",""cn"":""进击的巨人 OAD"",""ty"":""动画"",""y"":2013,""pop"":0},{""t"":""進撃の巨人"",""cn"":""进击的巨人"",""ty"":""漫画"",""y"":2010,""pop"":0},{""t"":""進撃！巨人中学校"",""cn"":""进击！巨人中学校"",""ty"":""动画"",""y"":2015,""pop"":0}]",第34回壁外調査に参加した調査兵団の女性兵士。,4,0,0,4,,https://lain.bgm.tv/pic/crt/l/34/e0/28275_crt_00Eea.jpg?r=1418019364,https://lain.bgm.tv/r/400/pic/crt/l/34/e0/28275_crt_00Eea.jpg?r=1418019364,,,,,https://bgm.tv/character/28275,,28275
bgm-bgm78085,bangumi,6,6,,雏桃,雏桃,,,其他,A,,游戏,游戏,雀魂麻将,雀魂麻将,2018,游戏,,坚信兔子先生是真实存在的女孩，总是在不停寻找着传说中的「仙境」，目前被好朋友阳菜以「获得魂天神社麻将比赛的第一名就能打开通向仙境之路」为借口怂恿学习打麻将中，尽管还是个新人，却凭借着仿佛被神明眷顾般的好运在道馆小有名气,3,0,0,3,,https://lain.bgm.tv/pic/crt/l/9e/25/78085_crt_I9HBo.jpg,https://lain.bgm.tv/r/400/pic/crt/l/9e/25/78085_crt_I9HBo.jpg,https://storage.moegirl.org.cn/moegirl/commons/8/88/%E9%9B%8F%E6%A1%83.png!/fw/480/watermark/url/L21vZWdpcmwvd2F0ZXJtYXJrLnBuZw==/align/southeast/margin/10x10/opacity/50?v=20200624130047|https://storage.moegirl.org.cn/moegirl/commons/8/88/%E9%9B%8F%E6%A1%83.png,,图源:moegirl,,https://bgm.tv/character/78085,,78085
bgm-bgm35791,bangumi,6,6,,风间葵,風間葵,,,其他,B,,Galgame,Galgame,ばれっと☆すたいる,,2015,Galgame,,主人公の先輩。 学園では執事学科に所属している。 成績は極めて優秀だが、まだ誰とも主従契約（コントラクト）を結んでいない。 それにはどうも事情があるらしいのだが……。 主人公とは屋上で知り合い、ご飯友達になる。 ペットではないが、孤高のフェレット・金田一さんと一緒にいることが多い。 好きなものは、肉まんを含む 中華まん全般。 「風が気持ちいい。 やっぱりご飯は外で食べた方がおいしい」,3,0,0,3,1,https://lain.bgm.tv/pic/crt/l/d6/e6/35791_crt_JoKRz.jpg,https://lain.bgm.tv/r/400/pic/crt/l/d6/e6/35791_crt_JoKRz.jpg,,,,,https://bgm.tv/character/35791,,35791
bgm-bgm35869,bangumi,6,6,,Shirley,シェリー,,雪莉,其他,A,,游戏,游戏,バンドやろうぜ！,来玩乐队吧！,2016,游戏,,シェリー Cure² tron Guitar マイリーを見つけたとき運命を感じたの。あの声、あのルックス。キュアキュアトロンに欲しいと思った。,3,0,0,3,,https://lain.bgm.tv/pic/crt/l/99/b2/35869_crt_rq7Eh.jpg?r=1443511463,https://lain.bgm.tv/r/400/pic/crt/l/99/b2/35869_crt_rq7Eh.jpg?r=1443511463,,,,,https://bgm.tv/character/35869,,35869
bgm-bgm65216,bangumi,6,6,,,リオ・ミシャロン,,,,O,,Galgame,Galgame,祝祭の歌姫 -君と紡ぐ明日への歌-,,2013,Galgame,,カイトの幼なじみ。 年齢が一つ上でありお姉さん気質。 小さい頃から近所の子供たちで “看板通りメンバー” として親しくしてきた一人。 気が強く、怒った彼女が一番怖いとはカイト談。 料理、音楽、スポーツも一通りこなせる優等生であり、また見目麗しい外見と素晴らしい胸囲も手伝い男性人気は高いが、本人はどこ吹く風。 学園の女子寮に住んでいるが、朝は学園とは逆の方向に家があるカイトと共に登校することが多い。,3,0,0,3,1,https://lain.bgm.tv/pic/crt/l/96/0d/65216_crt_CN0ds.jpg,https://lain.bgm.tv/r/400/pic/crt/l/96/0d/65216_crt_CN0ds.jpg,,,,,https://bgm.tv/character/65216,,65216
bgm-bgm103876,bangumi,6,6,,亚斯金·纳克鲁瓦尔,アスキン・ナックルヴァ―ル,Askin Nakk Le Vaar,阿斯金·纳克瓦尔,其他,,,动画|漫画,动画,BLEACH 千年血戦篇-禍進譚-,死神 千年血战篇-祸进谭-,2026,动画,"[{""t"":""BLEACH 千年血戦篇-禍進譚-"",""cn"":""死神 千年血战篇-祸进谭-"",""ty"":""动画"",""y"":2026,""pop"":0},{""t"":""BLEACH 千年血戦篇"",""cn"":""死神 千年血战篇"",""ty"":""动画"",""y"":2022,""pop"":0},{""t"":""BLEACH 千年血戦篇-訣別譚-"",""cn"":""死神 千年血战篇-诀别谭-"",""ty"":""动画"",""y"":2023,""pop"":0},{""t"":""BLEACH 千年血戦篇-相剋譚-"",""cn"":""死神 千年血战篇-相克谭-"",""ty"":""动画"",""y"":2024,""pop"":0},{""t"":""BLEACH"",""cn"":""死神"",""ty"":""漫画"",""y"":2002,""pop"":0}]",无形帝国星十字骑士团成员之一，圣文字为“D”，意为Death Dealing，象征能力为【致死量】。身份为友哈巴赫亲卫队的四位成员之一。,3,0,0,3,,https://lain.bgm.tv/pic/crt/l/5b/d6/103876_crt_0vi9M.jpg?r=1779275467,https://lain.bgm.tv/r/400/pic/crt/l/5b/d6/103876_crt_0vi9M.jpg?r=1779275467,,,,,https://bgm.tv/character/103876,,103876
bgm-bgm1901,bangumi,6,6,,二阶堂红丸,二階堂紅丸,Benimaru Nikaido,狂乱贵公子,其他,O,,游戏,游戏,THE KING OF FIGHTERS '98 -DREAM MATCH NEVER ENDS-,拳皇98 梦之战斗未结束,1998,游戏,"[{""t"":""THE KING OF FIGHTERS '98 -DREAM MATCH NEVER ENDS-"",""cn"":""拳皇98 梦之战斗未结束"",""ty"":""游戏"",""y"":1998,""pop"":0},{""t"":""THE KING OF FIGHTERS '97"",""cn"":""拳皇97"",""ty"":""游戏"",""y"":1997,""pop"":0},{""t"":""THE KING OF FIGHTERS XIII"",""cn"":""拳皇13"",""ty"":""游戏"",""y"":2010,""pop"":0},{""t"":""THE KING OF FIGHTERS 2002 -Challenge to Ultimate Battle-"",""cn"":""拳皇2002 终极之战"",""ty"":""游戏"",""y"":2002,""pop"":0},{""t"":""THE KING OF FIGHTERS '98 ULTIMATE MATCH"",""cn"":""拳皇98 终极之战"",""ty"":""游戏"",""y"":2008,""pop"":0},{""t"":""CAPCOM VS. SNK 2 MILLIONAIRE FIGHTING 2001"",""cn"":""卡普空对SNK 2：百万格斗2001"",""ty"":""游戏"",""y"":2001,""pop"":0}]",日本人とアメリカ人のハーフで財閥の御曹司。 シューティングで鍛えた足技と、帯電しやすい特異体質を活かして雷を操って戦う天才格闘家。今大会では、ライバルかつ親友の草薙 京に半ば押し付けられる形でシュンエイと明天君の面倒を見ることに……？,3,0,0,3,,https://lain.bgm.tv/pic/crt/l/98/e1/1901_crt_PZ4Ca.jpg,https://lain.bgm.tv/r/400/pic/crt/l/98/e1/1901_crt_PZ4Ca.jpg,https://storage.moegirl.org.cn/moegirl/commons/b/b6/Kof_%E4%BA%8C%E9%98%B6%E5%A0%82%E7%BA%A2%E4%B8%B8.jpg!/fw/480/watermark/url/L21vZWdpcmwvd2F0ZXJtYXJrLnBuZw==/align/southeast/margin/10x10/opacity/50?v=20200514055728|https://storage.moegirl.org.cn/moegirl/commons/b/b6/Kof_%E4%BA%8C%E9%98%B6%E5%A0%82%E7%BA%A2%E4%B8%B8.jpg,,图源:moegirl,,https://bgm.tv/character/1901,,1901
bgm-bgm63421,bangumi,6,6,,英里·笠本,エリ・カサモト,Eri Kasamoto,笠本英里,其他,B,,游戏,游戏,メタルスラッグ3,合金弹头3,2000,游戏,"[{""t"":""メタルスラッグ3"",""cn"":""合金弹头3"",""ty"":""游戏"",""y"":2000,""pop"":0},{""t"":""メタルスラッグ2"",""cn"":""合金弹头2"",""ty"":""游戏"",""y"":1998,""pop"":0},{""t"":""メタルスラッグX"",""cn"":""合金弹头X"",""ty"":""游戏"",""y"":1999,""pop"":0},{""t"":""メタルスラッグ5"",""cn"":""合金弹头5"",""ty"":""游戏"",""y"":2003,""pop"":0},{""t"":""メタルスラッグ4"",""cn"":""合金弹头4"",""ty"":""游戏"",""y"":2002,""pop"":0},{""t"":""メタルスラッグ6"",""cn"":""合金弹头6"",""ty"":""游戏"",""y"":2006,""pop"":0}]",日本人。『2』から参入したメンバー。本名、笠本英里。スパローズ所属の二等軍曹（『2』では軍曹）。広島県出身。21歳、身長168cm。「メンフィスの爆弾娘」の異名をとる爆発物のスペシャリストで、『6』『7』ではその設定を生かし手榴弾の所有数および補給量が倍になり、上下方向への投擲やより遠くへの高速遠投が可能。『4』では使用できないが一部シーンで登場。口癖は「人間はみんなひとりぼっち」。,3,0,0,3,,https://lain.bgm.tv/pic/crt/l/5e/e6/63421_crt_2MYm2.jpg,https://lain.bgm.tv/r/400/pic/crt/l/5e/e6/63421_crt_2MYm2.jpg,,,,,https://bgm.tv/character/63421,,63421
bgm-bgm70840,bangumi,6,6,,,格雷伊,Greyy,,其他,,,游戏,游戏,明日方舟,明日方舟,2019,游戏,,格雷伊，经多项测试后许可加入罗德岛，在法术方面具有较高潜力。 现于罗德岛小队担任法术人员。,3,0,0,3,,https://lain.bgm.tv/pic/crt/l/c2/7a/70840_crt_Py8Cu.jpg?r=1753131494,https://lain.bgm.tv/r/400/pic/crt/l/c2/7a/70840_crt_Py8Cu.jpg?r=1753131494,https://static.wikia.nocookie.net/mrfz/images/c/cd/Greyy.png/revision/latest/scale-to-width-down/400?cb=20190713060424|https://static.wikia.nocookie.net/mrfz/images/c/cd/Greyy.png/revision/latest?cb=20190713060424,,图源:fandom:arknights,,https://bgm.tv/character/70840,,70840
bgm-bgm56501,bangumi,6,6,,紫村果音,紫村果音,Shimura Kanon,,其他,,,动画,动画,アクションヒロイン チアフルーツ,动作女主 水果应援团,2017,动画,,高校2年生で、杏の中学時代の新体操のライバル。杏からは「ムラムラちゃん」と呼ばれている。誕生日は6月6日。 中学時代から常に杏に負けて2位に甘んじ続けた上、杏が自分に勝ったまま新体操界から姿を消した事への怒りから杏へのライバル心を一層強めている。,3,0,0,3,,https://lain.bgm.tv/pic/crt/l/8a/77/56501_crt_e7D99.jpg?r=1501434826,https://lain.bgm.tv/r/400/pic/crt/l/8a/77/56501_crt_e7D99.jpg?r=1501434826,,,,,https://bgm.tv/character/56501,,56501
bgm-bgm41309,bangumi,6,6,,泰瑞尔,タイレル,Tyrrell,泰瑞爾,其他,AB,,游戏,游戏,アンライト～Unlight～,,2010,游戏,,把所有热情都奉献给机械的高傲工程师。 有关系的角色>>>C.C.,3,0,0,3,,https://lain.bgm.tv/pic/crt/l/e4/19/41309_crt_qV6dv.jpg,https://lain.bgm.tv/r/400/pic/crt/l/e4/19/41309_crt_qV6dv.jpg,,,,,https://bgm.tv/character/41309,,41309
bgm-bgm157239,bangumi,6,6,,彼奇,ビッキー,Vicky,,其他,,,Galgame,Galgame,夢王国と眠れる100人の王子様,梦王国与沉睡的100名王子,2015,Galgame,,鳴音之國・利比特的王子。總是照著自己的步調做事，令人難以捉摸。雖然常常和青蛙王國的呱洛塔在一起，但那是因為某個詛咒的緣故，使得他們兩個無法分開。呱洛塔的正式稱謂是『葛切爾・達・羅德里希・塔利』。,3,0,0,3,,https://lain.bgm.tv/pic/crt/l/da/2e/157239_crt_uIjsA.jpg,https://lain.bgm.tv/r/400/pic/crt/l/da/2e/157239_crt_uIjsA.jpg,,,,,https://bgm.tv/character/157239,,157239
bgm-bgm112155,bangumi,6,6,,白银帝人,白銀ミカド,,白银御门,其他,AB,,动画,动画,シャドウバースF,影之诗F,2022,动画,"[{""t"":""シャドウバースF"",""cn"":""影之诗F"",""ty"":""动画"",""y"":2022,""pop"":0},{""t"":""シャドウバースＦ セブンシャドウズ編"",""cn"":""影之诗F 七影篇"",""ty"":""动画"",""y"":2023,""pop"":0}]",シャドバカレッジの理事長。 いつも柔和な表情をしているが、どこか恐ろしいオーラをまとっている不思議な少年。,2,0,0,2,,https://lain.bgm.tv/pic/crt/l/d1/02/112155_crt_YyFGG.jpg,https://lain.bgm.tv/r/400/pic/crt/l/d1/02/112155_crt_YyFGG.jpg,,,,,https://bgm.tv/character/112155,,112155
bgm-bgm186217,bangumi,6,6,,,ミツバ・クローブ,,ミツバ・ブルーローズ・クローブ,其他,,,漫画,漫画,みつばものがたり 呪いの少女と死の輪舞(ロンド),三叶物语 诅咒少女与死亡乱舞,2022,漫画,"[{""t"":""みつばものがたり 呪いの少女と死の輪舞(ロンド)"",""cn"":""三叶物语 诅咒少女与死亡乱舞"",""ty"":""漫画"",""y"":2022,""pop"":0},{""t"":""みつばものがたり 呪いの少女と死の輪舞《ロンド》"",""cn"":""三叶传奇 诅咒少女与死亡圆舞"",""ty"":""漫画"",""y"":2023,""pop"":0}]",ローゼリア王国を代表する七つの大貴族「七杖家」の一角・ブルーローズ家の令嬢で、本名は「ミツバ・ブルーローズ・クローブ」。,2,0,0,2,,https://lain.bgm.tv/pic/crt/l/d9/5d/186217_crt_ka2eI.jpg?r=1759663069,https://lain.bgm.tv/r/400/pic/crt/l/d9/5d/186217_crt_ka2eI.jpg?r=1759663069,,,,,https://bgm.tv/character/186217,,186217
bgm-bgm204172,bangumi,6,6,,三十木谷日向,三十木谷日向,,,其他,,,动画|漫画,漫画,令和のダラさん,令和的斑小姐,2022,漫画,"[{""t"":""令和のダラさん"",""cn"":""令和的斑小姐"",""ty"":""漫画"",""y"":2022,""pop"":0},{""t"":""令和のダラさん"",""cn"":""令和妖神斑小姐"",""ty"":""动画"",""y"":2026,""pop"":0}]",屋跨斑を祀る山の山守を務める三十木谷家の生まれ。自転車通学の中学2年生。スポーティな雰囲気があるが根は常にぐうたらしたいタイプ。 実は霊感がメチャクチャ強い。,2,0,0,2,,https://lain.bgm.tv/pic/crt/l/7f/45/204172_crt_F8180.jpg,https://lain.bgm.tv/r/400/pic/crt/l/7f/45/204172_crt_F8180.jpg,,,,,https://bgm.tv/character/204172,,204172
bgm-bgm85609,bangumi,6,6,,,キョウカ,,,,なし,,Galgame,Galgame,ゴシックは魔法乙女～さっさと契約しなさい！～,哥特式魔法少女,2015,Galgame,,魔器、と呼ばれるモノを依代とした使い魔の末っ子。様々な拍動で人の心を動かす。,2,0,0,2,,https://lain.bgm.tv/pic/crt/l/e9/8e/85609_crt_ssjb7.jpg,https://lain.bgm.tv/r/400/pic/crt/l/e9/8e/85609_crt_ssjb7.jpg,,,,,https://bgm.tv/character/85609,,85609
bgm-bgm85679,bangumi,6,6,,,シェフィ,,,,O,,Galgame,Galgame,ゴシックは魔法乙女～さっさと契約しなさい！～,哥特式魔法少女,2015,Galgame,,おとなしくて恥ずかしがり屋な、獣人族の羊娘。ふわふわの服がお気に入りで、触ってもらいたくて、抱きついてくる。,2,0,0,2,,https://lain.bgm.tv/pic/crt/l/33/77/85679_crt_NFbJl.jpg,https://lain.bgm.tv/r/400/pic/crt/l/33/77/85679_crt_NFbJl.jpg,,,,,https://bgm.tv/character/85679,,85679
bgm-bgm85732,bangumi,6,6,,,ルベリス,,,,B,,Galgame,Galgame,ゴシックは魔法乙女～さっさと契約しなさい！～,哥特式魔法少女,2015,Galgame,,バクのぬいぐるみを抱えるルベリス。バクが本当に夢を食べるのか実験するようだが、単純に眠いだけかもしれない。,2,0,0,2,,https://lain.bgm.tv/pic/crt/l/62/74/85732_crt_OoobR.jpg,https://lain.bgm.tv/r/400/pic/crt/l/62/74/85732_crt_OoobR.jpg,,,,,https://bgm.tv/character/85732,,85732
bgm-bgm215927,bangumi,6,6,,真红杏树,真紅杏樹,,,其他,,,动画,动画,かりん,增血鬼果林,2005,动画,,無口で大人しい美少女。黒を基調としたいわゆるゴスロリ系の服を着ており、出歩くときは日傘を常用する。 多少毒舌家だが非常に姉思いな性格であり、果林の敵を無条件で嫌う。果林の素性を知っても変わらずに接する健太に、ある種の興味を持っている。 幼いながらもコウモリを操る能力は家族から「天才」と言われる程のもので、果林の為に情報収集や記憶操作を行っている。 またなぜかオカルト的な能力を持っており、趣味で集めている人形はブギーくんはじめ、どれも何らかのいわく付き。,2,0,0,2,,https://lain.bgm.tv/pic/crt/l/9d/3f/215927_crt_d7akP.jpg,https://lain.bgm.tv/r/400/pic/crt/l/9d/3f/215927_crt_d7akP.jpg,,,,,https://bgm.tv/character/215927,,215927
bgm-bgm87320,bangumi,6,6,,木花石长姬,木花石长姬,,Konoha,其他,,,游戏,游戏,解神者：X2,,2020,游戏,,在“蚀”覆盖世界之时，木花石长姬的神格再次觉醒。 平时的木花姬看上去是一位柔弱美丽的少女，但看不见的，是她内心深处异常执拗的欲望。 蚀之世降临，众神离散。木花姬也失去了家人尤其是姐姐的下落。占卜的结果显示，姐姐对她的怨恨如深渊、无法消解，因此宁可将自己的神格碎裂，也不要在现世神降。 因此，她走上了收集姐姐神格碎片之路。 姐姐的神格碎片通常会在各个蚀界以石头的形式出现。最终，她终于收集到了一部分姐姐的神格，将其铸成了自己的魂器。与这个魂器相伴，就好像姐姐还在身边一般。,2,0,0,2,,https://lain.bgm.tv/pic/crt/l/bc/9e/87320_crt_wc9Od.jpg?r=1605906657,https://lain.bgm.tv/r/400/pic/crt/l/bc/9e/87320_crt_wc9Od.jpg?r=1605906657,https://storage.moegirl.org.cn/moegirl/commons/4/47/%E8%A7%A3%E7%A5%9E%E8%80%85-%E5%AE%98%E5%9B%BE%E4%BA%94%E6%98%9F%E6%9C%A8%E8%8A%B1%E7%9F%B3%E9%95%BF%E5%A7%AC.jpg!/fw/480/watermark/url/L21vZWdpcmwvd2F0ZXJtYXJrLnBuZw==/align/southeast/margin/10x10/opacity/50?v=20201125040208|https://storage.moegirl.org.cn/moegirl/commons/4/47/%E8%A7%A3%E7%A5%9E%E8%80%85-%E5%AE%98%E5%9B%BE%E4%BA%94%E6%98%9F%E6%9C%A8%E8%8A%B1%E7%9F%B3%E9%95%BF%E5%A7%AC.jpg,,图源:moegirl,,https://bgm.tv/character/87320,,87320
bgm-bgm73643,bangumi,6,6,,如月真澄,如月真澄,,,其他,,,漫画,漫画,ちょっといっぱい！,暖心酒馆！,2017,漫画,,「こはる屋」の従業員。6月6日生まれの24歳。主に食材の仕入れと接客を担当する。しかし無類の酒好きであり、二日酔いのまま出勤することもしばしば。 灯北大学経済学部に通う女子大生で、ゼミに在籍している。,2,0,0,2,,https://lain.bgm.tv/pic/crt/l/86/e3/73643_crt_SS4fA.jpg,https://lain.bgm.tv/r/400/pic/crt/l/86/e3/73643_crt_SS4fA.jpg,,,,,https://bgm.tv/character/73643,,73643
bgm-bgm196825,bangumi,6,6,,,紗東陽菜,,,其他,O,,Galgame,Galgame,Pia♥キャロットへようこそ!!G.P.,欢迎来到咖啡屋G.P.,2008,Galgame,,主人公とは同じ病院で、1日違いに生まれた幼なじみ。 主人公の両親が亡くなって天涯孤独の身となってからは、一つ屋根の下に暮らしていたこともある。 ひそかに主人公に恋愛感情を抱いているが、勝気な性格が災いして想いを伝えられていない。,2,0,0,2,1,https://lain.bgm.tv/pic/crt/l/dc/43/196825_crt_GSczE.jpg,https://lain.bgm.tv/r/400/pic/crt/l/dc/43/196825_crt_GSczE.jpg,,,,,https://bgm.tv/character/196825,,196825
bgm-bgm103636,bangumi,6,6,,鹿野志穗,鹿野志穂,Kano Shiho,,其他,O,,动画,动画,CUE!,指名！,2022,动画,,「ま、実力だな」 飄々とした性格で感情を表にあまり出さないが、ときおり不思議な発言で周囲を翻弄するお寺の娘。自分の声を受け入れられなかった過去を持つが、そんな声が武器になる声優という職業に興味を持った。,2,0,0,2,,https://lain.bgm.tv/pic/crt/l/05/69/103636_crt_Q19Qi.jpg?r=1639010066,https://lain.bgm.tv/r/400/pic/crt/l/05/69/103636_crt_Q19Qi.jpg?r=1639010066,,,,,https://bgm.tv/character/103636,,103636
bgm-bgm34483,bangumi,6,6,,村田健,村田健,Murata Ken,ムラケン,其他,,,动画|漫画|Galgame,Galgame,今日からマ王！眞マ国の休日,今天开始做魔王！真魔国的假日,2007,Galgame,"[{""t"":""今日からマ王！眞マ国の休日"",""cn"":""今天开始做魔王！真魔国的假日"",""ty"":""Galgame"",""y"":2007,""pop"":0},{""t"":""今日から㋮王! 第2章"",""cn"":""今天开始做魔王 第二季"",""ty"":""动画"",""y"":2005,""pop"":0},{""t"":""今日から㋮王!"",""cn"":""今天开始做魔王"",""ty"":""动画"",""y"":2004,""pop"":0},{""t"":""今日から㋮王! 第3章"",""cn"":""今天开始做魔王 第三季"",""ty"":""动画"",""y"":2008,""pop"":0},{""t"":""今日から㋮王! R"",""cn"":""今天开始做魔王 OVA"",""ty"":""动画"",""y"":2007,""pop"":0},{""t"":""㋮シリーズ"",""cn"":""魔之系列"",""ty"":""漫画"",""y"":2000,""pop"":0}]",通称ムラケン。6月6日生まれ。有利とは中二・中三の時に同級で、現在は有名私立進学校に通う優等生。体術を通信講座でこっそり習っている。年齢に合わない古いネタをたびたび披露する。かなりの腹黒で、口達者は母親譲り。 双黒の大賢者の生まれ変わりで、4000年前から今までの全ての記憶を持つ。前世は香港在住のクリスティン（AV女優）、更にその他にもスペインのパン職人・ヴェネチアのパン屋・古代エジプトのミイラ製作職人・十字軍の兵士など様々な遍歴を持つ。語学に堪能。,2,0,0,2,,https://lain.bgm.tv/pic/crt/l/26/84/34483_crt_z8Pke.jpg?r=1437998925,https://lain.bgm.tv/r/400/pic/crt/l/26/84/34483_crt_z8Pke.jpg?r=1437998925,,,,,https://bgm.tv/character/34483,,34483
bgm-bgm37416,bangumi,6,6,,瑞典,スウェーデン,Sweden,ベールヴァルド・オキセンスシェルナ,其他,,,动画|漫画,动画,ヘタリア World Series 第3期,黑塔利亚 第3期,2010,动画,"[{""t"":""ヘタリア World Series 第3期"",""cn"":""黑塔利亚 第3期"",""ty"":""动画"",""y"":2010,""pop"":0},{""t"":""ヘタリア World Series 第4期"",""cn"":""黑塔利亚 第4期"",""ty"":""动画"",""y"":2010,""pop"":0},{""t"":""ヘタリア The Beautiful World"",""cn"":""黑塔利亚 第5期"",""ty"":""动画"",""y"":2013,""pop"":0},{""t"":""ヘタリア Axis Powers"",""cn"":""黑塔利亚"",""ty"":""动画"",""y"":2009,""pop"":0},{""t"":""ヘタリア Axis Powers"",""cn"":""黑塔利亚"",""ty"":""漫画"",""y"":2008,""pop"":0},{""t"":""アニメ「 ヘタリア World Series 」 はたふってベスト"",""cn"":"""",""ty"":""音乐"",""y"":2013,""pop"":0}]",,2,0,0,2,,https://lain.bgm.tv/pic/crt/l/fe/77/37416_crt_8zjMb.jpg?r=1450278625,https://lain.bgm.tv/r/400/pic/crt/l/fe/77/37416_crt_8zjMb.jpg?r=1450278625,,,,,https://bgm.tv/character/37416,,37416
al73355,anilist,6,6,,金原佑治,金原祐治,Yuuji Kanehara,,男,A,,动画,动画,PSYCHO-PASS サイコパス,心理测量者,2012,动画,"[{""t"":""PSYCHO-PASS サイコパス"",""cn"":""心理测量者"",""ty"":""动画"",""y"":2012,""pop"":356404},{""t"":""PSYCHO-PASS サイコパス"",""cn"":""心理测量者"",""ty"":""动画"",""y"":2012,""pop"":0},{""t"":""PSYCHO-PASS サイコパス 新編集版"",""cn"":""心理测量者 新编集版"",""ty"":""动画"",""y"":2014,""pop"":0}]",第3話に登場。八王子に存在する、ドローン製造及び挙動チェック工場の作業員。仕事環境の事情のため、職場内で1年間も上司黙認による同僚達からのいじめを受け続けていた。その復讐心でドローンを操り、事故を装って同僚達を殺害していたが、狡噛の陽動にはまって執行され確保された。,2,2,0,1,,https://lain.bgm.tv/pic/crt/l/e9/ee/17768_crt_D9ft2.jpg,https://lain.bgm.tv/r/400/pic/crt/l/e9/ee/17768_crt_D9ft2.jpg,https://storage.moegirl.org.cn/moegirl/commons/5/57/A2cc7cd98d1001e91ec07061bb0e7bec55e797db.jpg|https://s4.anilist.co/file/anilistcdn/character/medium/73355.jpg|https://s4.anilist.co/file/anilistcdn/character/large/73355.jpg,,图源:moegirl,https://anilist.co/character/73355,https://bgm.tv/character/17768,,17768
bgm-bgm11405,bangumi,6,6,,佐佐木树树,佐々木樹々,sasaki jyujyu,ささっさん,其他,O,,动画,动画,スケッチブック～full color's～,素描本,2007,动画,,性格健忘，是跟空不同的另一种“天然呆”，但没什么这方面的自觉，会严肃地露出糊涂的一面。兴趣是音乐，擅长弹结他，尤好小调。与渚关系特别好。最害怕毛虫。偶尔会跟渚一起煮咖喱。,2,0,0,2,,https://lain.bgm.tv/pic/crt/l/d4/f3/11405_crt_A3zaZ.jpg,https://lain.bgm.tv/r/400/pic/crt/l/d4/f3/11405_crt_A3zaZ.jpg,,,,,https://bgm.tv/character/11405,,11405
bgm-bgm36583,bangumi,6,6,,甘露梅乃,甘露梅乃,umenotan kanro,うめのたん,其他,AB,,Galgame,Galgame,ガールフレンド(仮),临时女友,2012,Galgame,"[{""t"":""ガールフレンド(仮)"",""cn"":""临时女友"",""ty"":""Galgame"",""y"":2012,""pop"":0},{""t"":""うめのたんテーマソングCD"",""cn"":"""",""ty"":""音乐"",""y"":2015,""pop"":0}]",カンロ公式応援キャラクターの甘露梅乃（かんろ うめの）と申します。夢は「梅干しを世界に知っていただくこと」です。梅の良さを広めるために頑張っていきたいです♪ よろしくお願いします。 普段は、礼儀正しい古風な女の子なのだが、なぜか梅のことを語り出すと、熱くなって性格が変わってしまう。世界進出の為、苦手な英語を頑張っているが、全く成果が出ない。,2,0,0,2,,https://lain.bgm.tv/pic/crt/l/3d/29/36583_crt_jkk9Y.jpg?r=1446270134,https://lain.bgm.tv/r/400/pic/crt/l/3d/29/36583_crt_jkk9Y.jpg?r=1446270134,,,,,https://bgm.tv/character/36583,,36583
bgm-bgm128781,bangumi,6,6,,马可西亚斯,マルコシアス,,修女,其他,,,游戏,游戏,メギド72,梅吉德72,2017,游戏,,シナリオ中心メンバーの一人。 シスター風の格好をした女性だが聖職者ではなく、正義の心で悪を貫く魔物ハンター。,1,0,0,1,,https://lain.bgm.tv/pic/crt/l/9d/5b/128781_crt_hqqU9.jpg,https://lain.bgm.tv/r/400/pic/crt/l/9d/5b/128781_crt_hqqU9.jpg,,,,,https://bgm.tv/character/128781,,128781
bgm-bgm22823,bangumi,6,6,,卡路儿·阿巴斯,カルエル・アルバス,,,其他,,,动画|漫画,漫画,とある飛空士への誓約,,2012,漫画,"[{""t"":""とある飛空士への誓約"",""cn"":"""",""ty"":""漫画"",""y"":2012,""pop"":0},{""t"":""とある飛空士への恋歌"",""cn"":""献给某飞行员的恋歌"",""ty"":""漫画"",""y"":2009,""pop"":0},{""t"":""とある飛空士への恋歌"",""cn"":""献给某飞行员的恋歌"",""ty"":""动画"",""y"":2014,""pop"":0}]",原名卡尔·拉·伊尔（カール・ラ・イール），曾是巴雷特洛斯王国的第一王子。凯格斯高中飞行科圣特汝尔班学生。十五岁，生日为六月六日。,1,0,0,1,,https://lain.bgm.tv/pic/crt/l/39/bf/22823_crt_2E0j0.jpg?r=1389176215,https://lain.bgm.tv/r/400/pic/crt/l/39/bf/22823_crt_2E0j0.jpg?r=1389176215,,,,,https://bgm.tv/character/22823,,22823
bgm-bgm213914,bangumi,6,6,,芙洛伦西娅·瓦布拉,フロレンシア・ワーブラー,,芙洛伦西娅,其他,,,Galgame,Galgame,ティンクルスターナイツ,闪耀星骑士,2023,Galgame,,治疗战斗伤员的保健委员......可看见血就会晕厥，然后觉醒里人格。 里人格「Sumika」最喜欢人类的痛苦和哀嚎，是在治疗伤者的同时施加痛楚，并以此为乐的人格缺陷者。但是治疗的手段确实高明。 另外，里人格也很擅长攻击。,1,0,0,1,,https://lain.bgm.tv/pic/crt/l/5b/a4/213914_crt_t9lht.jpg,https://lain.bgm.tv/r/400/pic/crt/l/5b/a4/213914_crt_t9lht.jpg,,,,,https://bgm.tv/character/213914,,213914
bgm-bgm28166,bangumi,6,6,,,屍千狼,,,其他,O,,动画|漫画,动画,曇天に笑う,笑对阴天,2014,动画,"[{""t"":""曇天に笑う"",""cn"":""笑对阴天"",""ty"":""动画"",""y"":2014,""pop"":0},{""t"":""曇天に笑う"",""cn"":""笑傲昙天"",""ty"":""漫画"",""y"":2011,""pop"":0},{""t"":""曇天に笑う＜外伝＞～決別、犲の誓い～"",""cn"":""笑对昙天 <外传> ～诀别、豺的誓言～"",""ty"":""动画"",""y"":2017,""pop"":0}]",清国の人物。仮面を被った小柄な老人。,1,0,0,1,,https://lain.bgm.tv/pic/crt/l/87/10/28166_crt_cHK8c.jpg?r=1417248299,https://lain.bgm.tv/r/400/pic/crt/l/87/10/28166_crt_cHK8c.jpg?r=1417248299,,,,,https://bgm.tv/character/28166,,28166
bgm-bgm169479,bangumi,6,6,,手术岾六郎,手術岾ロクロ,,,其他,ABX,,动画|漫画,动画,桃源暗鬼,桃源暗鬼,2025,动画,"[{""t"":""桃源暗鬼"",""cn"":""桃源暗鬼"",""ty"":""动画"",""y"":2025,""pop"":0},{""t"":""桃源暗鬼"",""cn"":""桃源暗鬼"",""ty"":""漫画"",""y"":2020,""pop"":0},{""t"":""舞台「桃源暗鬼」"",""cn"":"""",""ty"":""其他"",""y"":2024,""pop"":0},{""t"":""舞台「桃源暗鬼」-練馬編-"",""cn"":"""",""ty"":""其他"",""y"":2025,""pop"":0}]",羅刹学園の生徒で四季のクラスメイト。 一見優等生のような見た目や言動だが、頭の中は違うようで…？,1,0,0,1,,https://lain.bgm.tv/pic/crt/l/b1/49/169479_crt_nP1z3.jpg,https://lain.bgm.tv/r/400/pic/crt/l/b1/49/169479_crt_nP1z3.jpg,,,,,https://bgm.tv/character/169479,,169479
bgm-bgm28461,bangumi,6,6,,,日向・エリ・ファース,,,其他,AB,,Galgame,Galgame,Goes!,,2015,Galgame,"[{""t"":""Goes!"",""cn"":"""",""ty"":""Galgame"",""y"":2015,""pop"":0},{""t"":""Goes!ドラマCD 第1巻"",""cn"":"""",""ty"":""音乐"",""y"":2014,""pop"":0},{""t"":""Goes!ドラマCD 第2巻"",""cn"":"""",""ty"":""音乐"",""y"":2014,""pop"":0}]",生徒会の書記を務める高校2年生。 セイムの双子の兄。 お人好しで気弱な優等生。 学内のさまざまな記録に精通している。,1,0,0,1,,https://lain.bgm.tv/pic/crt/l/22/ba/28461_crt_j5r0N.jpg,https://lain.bgm.tv/r/400/pic/crt/l/22/ba/28461_crt_j5r0N.jpg,,,,,https://bgm.tv/character/28461,,28461
bgm-bgm28462,bangumi,6,6,,,セイム・エリ・ファース,,,其他,AB,,Galgame,Galgame,Goes!,,2015,Galgame,"[{""t"":""Goes!"",""cn"":"""",""ty"":""Galgame"",""y"":2015,""pop"":0},{""t"":""Goes!ドラマCD 第1巻"",""cn"":"""",""ty"":""音乐"",""y"":2014,""pop"":0},{""t"":""Goes!ドラマCD 第2巻"",""cn"":"""",""ty"":""音乐"",""y"":2014,""pop"":0}]",日向の双子の弟で高校2年生。 気まぐれな性格で不真面目。 細かいことや過去に興味がなく、 将来も刹那的に考えている。,1,0,0,1,,https://lain.bgm.tv/pic/crt/l/a7/d5/28462_crt_OJWgy.jpg,https://lain.bgm.tv/r/400/pic/crt/l/a7/d5/28462_crt_OJWgy.jpg,,,,,https://bgm.tv/character/28462,,28462
bgm-bgm73700,bangumi,6,6,,,アナスターシャ・チリエスカヤ,,,其他,O,,Galgame,Galgame,ルーンプリンセス,,2005,Galgame,,出身国 ：新牡牛王国（ネオ・タウラシア） 年齢 ：９歳 血液型 ：Ｏ型 誕生日 ：６月６日 好きな物：なんでも 嫌いな物：なし 趣味 ：お世話係に教えてもらった「基本」をマスターすること 広大だが寒くて不毛な新牡牛王国のプリンセス。 新十三王国でもぶっちぎりの貧困ぷりのため、ルーンプリンセスであるアナスターシャも貧乏暮らしを余儀なくされる。食事も満足にとれないため、ボッカを飲んで寝て餓えを紛らわせるのが常套手段。しかしそんな境遇にも不満を言うことはなく、素直で頑張り屋。,1,0,0,1,,https://lain.bgm.tv/pic/crt/l/75/78/73700_crt_3DE3O.jpg,https://lain.bgm.tv/r/400/pic/crt/l/75/78/73700_crt_3DE3O.jpg,,,,,https://bgm.tv/character/73700,,73700
bgm-bgm161262,bangumi,6,6,,,油壷綾之丞,Ayanojou Aburatsubo,,其他,AB,,动画,动画,魔法使いTai! OVA,魔法使俱乐部 OVA,1996,动画,"[{""t"":""魔法使いTai! OVA"",""cn"":""魔法使俱乐部 OVA"",""ty"":""动画"",""y"":1996,""pop"":0},{""t"":""魔法使いTai!"",""cn"":""魔法使俱乐部"",""ty"":""动画"",""y"":1999,""pop"":0}]",3年F組。魔法クラブの副部長。スポーツ万能かつ、魔法も使いこなす美男子。親衛隊が作られるほど全校の女子生徒に人気。武男が好きで、七香も次第に意識する。,1,0,0,1,,https://lain.bgm.tv/pic/crt/l/4a/2b/161262_crt_7c57t.jpg,https://lain.bgm.tv/r/400/pic/crt/l/4a/2b/161262_crt_7c57t.jpg,,,,,https://bgm.tv/character/161262,,161262
bgm-bgm132000,bangumi,6,6,,,炽,Chelsea,,其他,,,游戏,游戏,少女前线：云图计划,少女前线：云图计划,2021,游戏,,FF-Alpha，一款由政府部门牵头，火神重工主控研发，于2057年初诞生，年末编入政府部门的消防人形。 相较于传统消防人形，FF-Alpha不仅更新了本身的材质，且在环境资料的实时收集、分析两个关键功能上有了质的突破，摆脱了过往人形因数据分析与实时情况脱节而导致的种种窘境。 炽作为巴尔的摩消防署第一批次入职的FF-Alpha人形，短短一年内就因连续在抢险救灾工作中表现出色而得到了巴尔的摩当局的荣誉表彰，随后被42Lab发起的“心智云图”计划选为测试目标。,1,0,0,1,,https://lain.bgm.tv/pic/crt/l/01/85/132000_crt_O2HoH.jpg,https://lain.bgm.tv/r/400/pic/crt/l/01/85/132000_crt_O2HoH.jpg,,,,,https://bgm.tv/character/132000,,132000
bgm-bgm187350,bangumi,6,6,,埃斯普利苏·宝斯,에스프레소빈즈,Espresso Beans,,其他,,,漫画|游戏,漫画,아메리카노 엑소더스,Americano-exodus,2019,漫画,"[{""t"":""아메리카노 엑소더스"",""cn"":""Americano-exodus"",""ty"":""漫画"",""y"":2019,""pop"":0},{""t"":""아메리카노 엑소더스"",""cn"":"""",""ty"":""游戏"",""y"":2016,""pop"":0}]",네이버 웹툰 아메리카노 엑소더스의 등장인물. 북동 뿌리 지방 현 영주. 주인공 아메리카노 빈즈(아멜)의 어머니. 영주와 후계자 전원 포함해서 현재 귀족 중 후계자이자 자식인 아멜과 함께 독보적인 마력량을 지니고 있어 기득권 세력의 귀족들에게 눈엣가시 취급을 받는다.,1,0,0,1,,https://lain.bgm.tv/pic/crt/l/a4/6e/187350_crt_9dxhq.jpg,https://lain.bgm.tv/r/400/pic/crt/l/a4/6e/187350_crt_9dxhq.jpg,,,,,https://bgm.tv/character/187350,,187350
bgm-bgm181464,bangumi,6,6,,,承曦格雷伊,Greyy the Lightningbearer,,其他,,,游戏,游戏,明日方舟,明日方舟,2019,游戏,,格雷伊，已通过数项工程师相关科目测试。 现于工程部任职，聚焦新技术研发与应用，并视需求参与包括作战与技术实测在内的多项行动。,1,0,0,1,,https://lain.bgm.tv/pic/crt/l/37/64/181464_crt_abXzx.jpg,https://lain.bgm.tv/r/400/pic/crt/l/37/64/181464_crt_abXzx.jpg,https://static.wikia.nocookie.net/mrfz/images/2/2a/Greyy_the_Lightningbearer.png/revision/latest/scale-to-width-down/400?cb=20220705110348|https://static.wikia.nocookie.net/mrfz/images/2/2a/Greyy_the_Lightningbearer.png/revision/latest?cb=20220705110348,,图源:fandom:arknights,,https://bgm.tv/character/181464,,181464
bgm-bgm37536,bangumi,6,6,,安尼·古力特,アンリ・クレイトー,Henri Claytor,安里·克雷多,其他,AB,,动画,动画,新世紀GPXサイバーフォーミュラSIN,高智能方程式：SIN,1998,动画,"[{""t"":""新世紀GPXサイバーフォーミュラSIN"",""cn"":""高智能方程式：SIN"",""ty"":""动画"",""y"":1998,""pop"":0},{""t"":""新世紀GPXサイバーフォーミュラZERO"",""cn"":""高智能方程式：ZERO"",""ty"":""动画"",""y"":1994,""pop"":0},{""t"":""新世紀GPXサイバーフォーミュラSAGA"",""cn"":""高智能方程式：SAGA"",""ty"":""动画"",""y"":1996,""pop"":0}]",2016年参加CF GPX的年轻车手，与风见隼人当年参加CF GPX的年龄一样都是14岁。 从小父亲就对他抱有最大的期望，希望他在14岁（CF GPX参赛的最低年龄） 能够获得CF GPX的冠军，但这个愿望却被风见隼人的成功给粉碎了，大受打击的安尼父亲终日酗酒，安尼·古力特因此对风见隼人产生了强烈的怨恨。 2017年风见隼人赛车意外受伤后，2018年加入SUGO车队并成为主力车手，并在前四站比赛取得相当不错的成绩。风见隼人自第五站复出后，为了打击风见隼人可谓无所不用其极。,1,0,0,1,,https://lain.bgm.tv/pic/crt/l/0a/f0/37536_crt_44FY3.jpg,https://lain.bgm.tv/r/400/pic/crt/l/0a/f0/37536_crt_44FY3.jpg,,,,,https://bgm.tv/character/37536,,37536
bgm-bgm25633,bangumi,6,6,,,糸部梨々花,Itobe ririka,,其他,AB,,Galgame,Galgame,JK巫女姫 異種間受胎,JK巫女姬 异种间受胎,2014,Galgame,,おっとりとした愛らしい女の子。 天然なところがあり、人に流れやすい。 勉強は苦手で運動神経もイマイチ。 スイーツが好きでパンケーキにはまっている。 美月とケーキ屋巡りをすることも。 美月に命を救われて以来、親友に。 妖魔にさらわれてしまうが……。,1,0,0,1,1,https://lain.bgm.tv/pic/crt/l/0c/f4/25633_crt_tg0iG.jpg,https://lain.bgm.tv/r/400/pic/crt/l/0c/f4/25633_crt_tg0iG.jpg,,,,,https://bgm.tv/character/25633,,25633
bgm-bgm78228,bangumi,6,6,,,ルルディス・ブロムシュテット,Louloudis Bromstedt,,其他,O,,游戏,游戏,アサルトリリィ Last Bullet,突击莉莉Last Bullet,2021,游戏,,聖メリクリウスインターナショナルスクールの新1年生で、高いリーダーシップとデュエル能力、天性の司令塔スキルで知られる優秀なリリィです。厳しい中にも深い愛情を持った性格で仲間の信頼はとても厚いです。「王と貴族の学院」ともよばれるメリクリウスのリリィらしい気品もあり、幼少期に女優を目指していた美貌も兼ね添えています。 中等部時代には彼女の率いたレギオンが、ノインベルト戦術採用ガーデン中等部の格付け評価で世界一を獲得しました。,1,0,0,1,,https://lain.bgm.tv/pic/crt/l/6c/21/78228_crt_OfKX1.jpg,https://lain.bgm.tv/r/400/pic/crt/l/6c/21/78228_crt_OfKX1.jpg,,,,,https://bgm.tv/character/78228,,78228
bgm-bgm146943,bangumi,6,6,,琉迪薇努·玛莉·安洁·多·拉·多雷弗尔,リュディヴィーヌ・マリー＝アンジュ・ド・ラ・トレーフル,Ludivine Marie-Ange de La trèfle,琉迪,其他,A,,动画|漫画,漫画,マジカル☆エクスプローラー エロゲの友人キャラに転生したけど、ゲーム知識使って自由に生きる,魔法★探险家 转生为成人游戏万年男二又怎样，我要活用游戏知识自由生活,2021,漫画,"[{""t"":""マジカル☆エクスプローラー エロゲの友人キャラに転生したけど、ゲーム知識使って自由に生きる"",""cn"":""魔法★探险家 转生为成人游戏万年男二又怎样，我要活用游戏知识自由生活"",""ty"":""漫画"",""y"":2021,""pop"":0},{""t"":""マジカル★エクスプローラー"",""cn"":""魔法★探险家"",""ty"":""动画"",""y"":2026,""pop"":0},{""t"":""マジカル★エクスプローラー エロゲの友人キャラに転生したけど、ゲーム知識使って自由に生きる"",""cn"":""魔法★探险家 转生为成人游戏万年男二又怎样，我要活用游戏知识自由生活"",""ty"":""漫画"",""y"":2019,""pop"":0}]",妖精国度「多雷弗尔皇国」皇帝的二女儿。在游戏《魔探》的包装封面登场的主要女角。 ゲーム『マジカル★エクスプローラー』のパッケージ内に写るメインヒロインの一人。通称リュディ。 「トレーフル皇国」皇帝の次女であり、強力な風魔法を使用することができる。気品と可憐さ、そして内に秘めた強さを併せ持つ。,1,0,0,1,,https://lain.bgm.tv/pic/crt/l/bd/b8/146943_crt_Z7oSn.jpg,https://lain.bgm.tv/r/400/pic/crt/l/bd/b8/146943_crt_Z7oSn.jpg,,,,,https://bgm.tv/character/146943,,146943
bgm-bgm63343,bangumi,6,6,,,新兎千里,Nito Senri,,其他,B,,游戏,游戏,DREAM!ing,,2018,游戏,,俳優の仮面を被ったペテン師 演劇界のホープとして注目される新進気鋭の舞台俳優。 明るく社交的で、その場の空気にあった『期待されているセリフ』をスラスラ言えてしまう。 一方で、おべっかや嘘が通用しない孝臣とはケンカばかり。 根が常識人のため、ボケの多い学園でツッコミ役を一手に担う苦労人でもある。,1,0,0,1,,https://lain.bgm.tv/pic/crt/l/f7/67/63343_crt_pU7JH.jpg,https://lain.bgm.tv/r/400/pic/crt/l/f7/67/63343_crt_pU7JH.jpg,,,,,https://bgm.tv/character/63343,,63343
bgm-bgm113570,bangumi,6,6,,奥菲斯·泽冯,オルフェウス・ジヴォン,Orpheus Zevon,欧路菲·泽冯,其他,,,漫画|游戏,游戏,スーパーロボット大戦X-Ω,超级机器人大战X-Ω,2015,游戏,"[{""t"":""スーパーロボット大戦X-Ω"",""cn"":""超级机器人大战X-Ω"",""ty"":""游戏"",""y"":2015,""pop"":0},{""t"":""コードギアス 双貌のオズO2 SIDE：オルドリン"",""cn"":""Code Geass 双面的奥兹O2 SIDE:奥尔德林"",""ty"":""漫画"",""y"":2015,""pop"":0},{""t"":""コードギアス 双貌のオズ SIDE：オルドリン"",""cn"":""Code Geass 双面的奥兹 SIDE:奥尔德林"",""ty"":""漫画"",""y"":2012,""pop"":0},{""t"":""コードギアス 双貌のオズ SIDE：オルフェウス"",""cn"":""CODE GEASS 双面的奥兹  SIDE:奥尔菲斯"",""ty"":""漫画"",""y"":"""",""pop"":0},{""t"":""コードギアス 双貌のオズO2"",""cn"":""Code Geass 双面的奥兹O2"",""ty"":""漫画"",""y"":"""",""pop"":0},{""t"":""スーパーロボット大戦DD"",""cn"":""超级机器人大战DD"",""ty"":""游戏"",""y"":2019,""pop"":0}]",搭乗ナイトメア：烈火白炎 HJ側の主人公。トトのギアスによって記憶を失っていた間、仮面の騎士ライアーとしてオルドリンに代わってマリーベルに仕えていた。 龍門石窟でオルドリンと共に記憶を取り戻してからは、これまでの記憶だけではなくオルドリンの記憶も共有することになった。 ＫＭＦの操縦、生身での戦闘能力は相変わらず高く、ライアーとしての経験も失っていないため、以前にも増して戦闘技術に磨きがかかっている。 最愛のエウリアを殺した仇敵プルートーンへの復讐の旅を再開した。,1,0,0,1,,https://lain.bgm.tv/pic/crt/l/16/ef/113570_crt_5wDyV.jpg,https://lain.bgm.tv/r/400/pic/crt/l/16/ef/113570_crt_5wDyV.jpg,,,,,https://bgm.tv/character/113570,,113570
bgm-bgm41568,bangumi,6,6,,普雷塔·古尔,プレタ＝グール,Preta Ghoul,,,O,,动画|漫画,动画,BLACK CAT,黑猫,2005,动画,"[{""t"":""BLACK CAT"",""cn"":""黑猫"",""ty"":""动画"",""y"":2005,""pop"":0},{""t"":""BLACK CAT"",""cn"":""黑猫"",""ty"":""漫画"",""y"":2001,""pop"":0}]",原为神父，却是个连续杀人魔。具有腐蚀的能力，能将接触到的物体腐蚀。,1,0,0,1,,https://lain.bgm.tv/pic/crt/l/fb/5d/41568_crt_P278T.jpg,https://lain.bgm.tv/r/400/pic/crt/l/fb/5d/41568_crt_P278T.jpg,,,,,https://bgm.tv/character/41568,,41568
bgm-bgm1239,bangumi,6,6,,佐久间荣太郎,佐久間榮太郎,Sakuma Ataro,,其他,,,动画,动画,まかでみ・WAっしょい!,魔法学园MA,2008,动画,,在学园就读许多年的学长。能够研究、教学，被当作准教师。对萌相当执着，并且对“太阳にほえろ!”相当了解。 超一流魔法使，同时也是个美男子。尽管如此，却是能够冠上“超”字的变态御宅族，一流的魔法技能基本上都浪费在制作同人志或者是帮游戏练功等用途上。除此之外，一旦发生骚动，都会往更混乱的方向发展，简直是麻烦制造机。真实身分是能够匹敌路西法的恶魔“毒之王”萨麦尔。对数度被人类讨伐后又复活的身体感到不愉快，但还有想做的事情有待完成。,1,0,0,1,,https://lain.bgm.tv/pic/crt/l/b3/ba/1239_33BJ6.jpg?r=1593607868,https://lain.bgm.tv/r/400/pic/crt/l/b3/ba/1239_33BJ6.jpg?r=1593607868,,,,,https://bgm.tv/character/1239,,1239
bgm-bgm126141,bangumi,6,6,,赛斯·巴罗乌斯,セス＝バロウズ,Seth Burroughs,,其他,B,,Galgame,Galgame,超探偵事件簿 レインコード,超侦探事件簿 雾雨谜宫,2023,Galgame,"[{""t"":""超探偵事件簿 レインコード"",""cn"":""超侦探事件簿 雾雨谜宫"",""ty"":""Galgame"",""y"":2023,""pop"":0},{""t"":""超探偵事件簿 レインコード プラス"",""cn"":""超侦探事件簿 雾雨谜宫 Plus"",""ty"":""Galgame"",""y"":2024,""pop"":0}]",天照公司保安部搜查课长。讲话含糊不清、气色不佳，看起来不太健康。嗓门小，所以经常使用扩音器。,1,0,0,1,,https://lain.bgm.tv/pic/crt/l/b9/99/126141_crt_J82Bj.jpg?r=1685943003,https://lain.bgm.tv/r/400/pic/crt/l/b9/99/126141_crt_J82Bj.jpg?r=1685943003,,,,,https://bgm.tv/character/126141,,126141
bgm-bgm42632,bangumi,6,6,,志贺仁美,志賀仁美,Shiga Hitomi,,其他,B,,游戏,游戏,ラブライブ！スクールアイドルフェスティバル,LoveLive! 学园偶像祭,2013,游戏,,Klab旗下的手机音乐节奏社交卡牌游戏《LoveLive!学园偶像祭》登场人物。,1,0,0,1,,https://lain.bgm.tv/pic/crt/l/66/91/42632_crt_D9oD4.jpg,https://lain.bgm.tv/r/400/pic/crt/l/66/91/42632_crt_D9oD4.jpg,https://storage.moegirl.org.cn/moegirl/commons/1/12/LLCard_Shiga_Hitomi.png!/fw/480/watermark/url/L21vZWdpcmwvd2F0ZXJtYXJrLnBuZw==/align/southeast/margin/10x10/opacity/50?v=20160313174155|https://storage.moegirl.org.cn/moegirl/commons/1/12/LLCard_Shiga_Hitomi.png,,图源:moegirl,,https://bgm.tv/character/42632,,42632
bgm-bgm37361,bangumi,6,6,,大和亚历山大,大和アレクサンダー,Yamato Alexander,,其他,B,,动画|Galgame,Galgame,あんさんぶるスターズ！,偶像梦幻祭,2015,Galgame,"[{""t"":""あんさんぶるスターズ！"",""cn"":""偶像梦幻祭"",""ty"":""Galgame"",""y"":2015,""pop"":0},{""t"":""KING OF PRISM -Shiny Seven Stars-"",""cn"":""绫镜少男 KING OF PRISM -Shiny Seven Stars"",""ty"":""动画"",""y"":2019,""pop"":0},{""t"":""KING OF PRISM -PRIDE the HERO-"",""cn"":""绫镜少男 KING OF PRISM PRIDE the HERO"",""ty"":""动画"",""y"":2017,""pop"":0},{""t"":""KING OF PRISM by PrettyRhythm"",""cn"":""绫镜少男 KING OF PRISM by PrettyRhythm"",""ty"":""动画"",""y"":2016,""pop"":0}]",“绫镜時尚秀”的破坏者，街头暴君。是仁对付一月的秘密武器，认为一月不再适合当街头派的领导者。 憧憬黑川冷。 应援色紫色。左撇子。 190CM，6月6日生 双子座 ，B型，出生地神奈川県横须贺市。,1,0,0,1,,https://lain.bgm.tv/pic/crt/l/9c/5a/37361_crt_SzgDK.jpg?r=1450161005,https://lain.bgm.tv/r/400/pic/crt/l/9c/5a/37361_crt_SzgDK.jpg?r=1450161005,,,,,https://bgm.tv/character/37361,,37361
bgm-bgm221007,bangumi,6,6,,卡洛琳公主,Princess Carolyn,,,其他,,,动画,动画,Bojack Horseman Season 3,马男波杰克3,2016,动画,"[{""t"":""Bojack Horseman Season 3"",""cn"":""马男波杰克3"",""ty"":""动画"",""y"":2016,""pop"":0},{""t"":""Bojack Horseman Season 6 (Part II)"",""cn"":""马男波杰克6 下"",""ty"":""动画"",""y"":2020,""pop"":0},{""t"":""Bojack Horseman Season 2"",""cn"":""马男波杰克2"",""ty"":""动画"",""y"":2015,""pop"":0},{""t"":""Bojack Horseman Season 4"",""cn"":""马男波杰克4"",""ty"":""动画"",""y"":2017,""pop"":0},{""t"":""Bojack Horseman Season 5"",""cn"":""马男波杰克5"",""ty"":""动画"",""y"":2018,""pop"":0},{""t"":""Bojack Horseman"",""cn"":""马男波杰克"",""ty"":""动画"",""y"":2014,""pop"":0}]",粉色波斯猫，好莱坞经纪人/经理人，也是波杰克的前女友。精明能干、事业心极强，在混乱的人际关系中努力维持自己的生活。,0,0,0,0,,https://lain.bgm.tv/pic/crt/l/da/ee/221007_crt_dl1NH.jpg,https://lain.bgm.tv/r/400/pic/crt/l/da/ee/221007_crt_dl1NH.jpg,,,,,https://bgm.tv/character/221007,,221007
bgm-bgm99467,bangumi,6,6,,,江口麻亜美,,,其他,Ｂ,,Galgame,Galgame,Esの方程式‐Wo Es war，soll Ich werden‐,Es的方程式,1996,Galgame,,木場と暮らす、おっとりとした性格の少女。 何故か、自分の事を抱いてくれなくなった木場に対して、 憎まれてさえいるのではないかという不安を感じている。 動機は純粋なのだが、金に困っている様子の木場のためにコッソリ体を売るなど、 貞操の概念が薄い面もある。,0,0,0,0,1,https://lain.bgm.tv/pic/crt/l/f4/ae/99467_crt_847Gw.jpg,https://lain.bgm.tv/r/400/pic/crt/l/f4/ae/99467_crt_847Gw.jpg,,,,,https://bgm.tv/character/99467,,99467
bgm-bgm155251,bangumi,6,6,,村雨,村雨,,,其他,O,,动画|游戏,游戏,閃乱カグラ -少女達の真影-,闪乱神乐 -少女们的真影-,2011,游戏,"[{""t"":""閃乱カグラ -少女達の真影-"",""cn"":""闪乱神乐 -少女们的真影-"",""ty"":""游戏"",""y"":2011,""pop"":0},{""t"":""閃乱カグラBurst -紅蓮の少女達-"",""cn"":""闪乱神乐爆裂 -红莲的少女们-"",""ty"":""游戏"",""y"":2012,""pop"":0},{""t"":""閃乱カグラ SHINOVI VERSUS -少女達の証明-"",""cn"":""闪乱神乐 忍者对决 -少女们的证明-"",""ty"":""游戏"",""y"":2013,""pop"":0},{""t"":""閃乱カグラ Burst Re:Newal"",""cn"":""闪乱神乐 Burst Re: Newal"",""ty"":""游戏"",""y"":2018,""pop"":0},{""t"":""閃乱カグラ2 -真紅-"",""cn"":""闪乱神乐2 -真红-"",""ty"":""游戏"",""y"":2014,""pop"":0},{""t"":""閃乱カグラ"",""cn"":""闪乱神乐"",""ty"":""动画"",""y"":2013,""pop"":0}]",名門の忍一族の一人息子だが、彼に忍の才能が無かったために斑鳩が養子となった。実子でない斑鳩が「飛燕」を与えられたことを恨んでいる。 鎖鎌を得意としており、小学生の時「町内鎖鎌大会6位」になったとのことだが、斑鳩には通用せず一蹴されてしまう。なお鎖鎌大会以降は順位を異様に気にする性格になってしまい蛇女編でも大食い大会の順位を非常に気にしていた。また彼が依頼を出しているミッションもあるが、ここでも「6」という数字を気にしている。,0,0,0,0,,https://lain.bgm.tv/pic/crt/l/a5/d4/155251_crt_iO1q7.jpg,https://lain.bgm.tv/r/400/pic/crt/l/a5/d4/155251_crt_iO1q7.jpg,,,,,https://bgm.tv/character/155251,,155251
bgm-bgm63806,bangumi,6,6,,戴比萝特·德·迪斯撒旦九世,デビロット・ド・デスサタンIX世,,Princess Devilotte de Death Satan IX / Devilotte / Devilot / 黛比萝特·德·死亡撒旦Ⅸ世,其他,O,,游戏,游戏,プロジェクト クロスゾーン,交叉领域计划,2012,游戏,"[{""t"":""プロジェクト クロスゾーン"",""cn"":""交叉领域计划"",""ty"":""游戏"",""y"":2012,""pop"":0},{""t"":""タツノコ VS. CAPCOM CROSS GENERATION OF HEROES"",""cn"":""龙之子VS卡普空：究极全明星"",""ty"":""游戏"",""y"":2008,""pop"":0},{""t"":""MARVEL VS. CAPCOM CLASH OF SUPER HEROES"",""cn"":""漫威VS卡普空：超级英雄的碰撞"",""ty"":""游戏"",""y"":1998,""pop"":0},{""t"":""スーパーパズルファイターIIX"",""cn"":""超级街霸方块2X"",""ty"":""游戏"",""y"":1996,""pop"":0},{""t"":""サイバーボッツ"",""cn"":""装甲战士 全金属狂潮"",""ty"":""游戏"",""y"":1995,""pop"":0}]","2086年6月6日生まれ13歳。O型。身長158cm。体重40kg。3サイズは公称88・52・89（予想74・56・80）。非合法コロニー""サイド666""こと「ヘルドラド」の王位継承者。V.A.を乗り回して暴れるのが好きなお転婆少女。頭に金の王冠を乗せ、額を見せた金髪オールバックに白ドレスと白ズロースを着用している。趣味は悪事を働く事。自身が悪人であるにも関わらず、正義の漢である善人のガウェインに恋心を燃やしている。こまっしゃくれた子供と父上のおしおきが苦手。",0,0,0,0,,https://lain.bgm.tv/pic/crt/l/46/4b/63806_crt_k3Z4x.jpg,https://lain.bgm.tv/r/400/pic/crt/l/46/4b/63806_crt_k3Z4x.jpg,,,,,https://bgm.tv/character/63806,,63806
bgm-bgm196645,bangumi,6,6,,双城严一,双城厳一,,,其他,,,漫画,漫画,カグラバチ,神乐钵,2024,漫画,,,0,0,0,0,,https://lain.bgm.tv/pic/crt/l/d8/9a/196645_crt_yf3xf.jpg,https://lain.bgm.tv/r/400/pic/crt/l/d8/9a/196645_crt_yf3xf.jpg,,,,,https://bgm.tv/character/196645,,196645
bgm-bgm176976,bangumi,6,6,,道人,道人,,青衣道人 / 青袍道人 / 师父,其他,,,动画|漫画,漫画,哑舍,哑舍,2011,漫画,"[{""t"":""哑舍"",""cn"":""哑舍"",""ty"":""漫画"",""y"":2011,""pop"":0},{""t"":""哑舍"",""cn"":""哑舍"",""ty"":""漫画"",""y"":2014,""pop"":0},{""t"":""哑舍 动态漫 第二季"",""cn"":""哑舍 动态漫 第二季"",""ty"":""动画"",""y"":2023,""pop"":0}]",因不知名的原因长生，既不是吃了长生丹（不用穿阻止身体霉变的赤龙服，秦始皇因霉变死亡），也不是胡亥类似吸血鬼的形式（头发和眼瞳没有变色），和大徒弟赵高相类似，没有副作用的长生。长相非常帅气俊秀，长眉白肤，就如同是一幅清丽淡雅的水墨画般隽秀无双，眉心之处有一道狰狞的暗红色疤痕，完全破坏了他的面相，似乎已双目失明。法力高强，可以制造出不同季节的结界，在《涅罗盘》遭到大师兄（赵高）的报复，为了保护汤远将其送往哑舍。特别好吃，曾带汤远去各地流浪吃美食。,0,0,0,0,,https://lain.bgm.tv/pic/crt/l/7b/a4/176976_crt_MTVtH.jpg,https://lain.bgm.tv/r/400/pic/crt/l/7b/a4/176976_crt_MTVtH.jpg,,,,,https://bgm.tv/character/176976,,176976
bgm-bgm179036,bangumi,6,6,,净天,净天,,,其他,,,游戏,游戏,新月同行,新月同行,2024,游戏,,被超管局南廷分局收管的异常人形实体。 其前身是为超管局工作的秘传学者，与南廷分局的关系十分暧昧。,0,0,0,0,,https://lain.bgm.tv/pic/crt/l/74/35/179036_crt_S0s0s.jpg,https://lain.bgm.tv/r/400/pic/crt/l/74/35/179036_crt_S0s0s.jpg,https://storage.moegirl.org.cn/moegirl/commons/7/74/%E6%96%B0%E6%9C%88%E5%90%8C%E8%A1%8C-%E5%87%80%E5%A4%A9-%E9%BB%98%E8%AE%A4%E8%A3%85%E6%9D%9F.jpg!/fw/480/watermark/url/L21vZWdpcmwvd2F0ZXJtYXJrLnBuZw==/align/southeast/margin/10x10/opacity/50?v=20260425120444|https://storage.moegirl.org.cn/moegirl/commons/7/74/%E6%96%B0%E6%9C%88%E5%90%8C%E8%A1%8C-%E5%87%80%E5%A4%A9-%E9%BB%98%E8%AE%A4%E8%A3%85%E6%9D%9F.jpg,,图源:moegirl,,https://bgm.tv/character/179036,,179036
bgm-bgm67090,bangumi,6,6,,舞子智真理,舞子ちまり,,,其他,A,,动画,动画,ぱすてるメモリーズ,粉彩回忆,2019,动画,,,0,0,0,0,,https://lain.bgm.tv/pic/crt/l/10/89/67090_crt_8f3x8.jpg,https://lain.bgm.tv/r/400/pic/crt/l/10/89/67090_crt_8f3x8.jpg,,,,,https://bgm.tv/character/67090,,67090
bgm-bgm108620,bangumi,6,6,,鬼骨冢,ゴースト骨塚,,,其他,O,,动画|漫画|游戏,动画,遊☆戯☆王デュエルモンスターズ,游戏王－怪兽之决斗,2000,动画,"[{""t"":""遊☆戯☆王デュエルモンスターズ"",""cn"":""游戏王－怪兽之决斗"",""ty"":""动画"",""y"":2000,""pop"":0},{""t"":""遊☆戯☆王"",""cn"":""游戏王"",""ty"":""漫画"",""y"":1997,""pop"":0},{""t"":""遊戯王 デュエルリンクス"",""cn"":""游戏王：决斗链接"",""ty"":""游戏"",""y"":2016,""pop"":0}]",鬼骨冢使用幽灵卡组中的大量不死族怪兽来吓退对手。他在决斗者王国中曾为盗贼基斯效力，却在败给城之内后被盗贼基斯抛弃。鬼骨冢也参加了决斗都市大赛，但在预选赛中就被暗貘良淘汰了。,0,0,0,0,,https://lain.bgm.tv/pic/crt/l/52/96/108620_crt_gNo7n.jpg?r=1751790516,https://lain.bgm.tv/r/400/pic/crt/l/52/96/108620_crt_gNo7n.jpg?r=1751790516,,,,,https://bgm.tv/character/108620,,108620
bgm-bgm51802,bangumi,6,6,,爆致岚,爆致嵐,Bao Zhilan,,其他,AB,,动画,动画,テラフォーマーズ,火星异种,2014,动画,"[{""t"":""テラフォーマーズ"",""cn"":""火星异种"",""ty"":""动画"",""y"":2014,""pop"":0},{""t"":""テラフォーマーズ リベンジ"",""cn"":""火星异种 REVENGE"",""ty"":""动画"",""y"":2016,""pop"":0}]",,0,0,0,0,,https://lain.bgm.tv/pic/crt/l/1e/95/51802_crt_giHgq.jpg,https://lain.bgm.tv/r/400/pic/crt/l/1e/95/51802_crt_giHgq.jpg,,,,,https://bgm.tv/character/51802,,51802
bgm-bgm187341,bangumi,6,6,,金哲水,김영희,Cheol-soo Kim,,其他,,,漫画,漫画,아메리카노 엑소더스,Americano-exodus,2019,漫画,,"김영희의 쌍둥이 오빠. 중학생.3학년. 외형은 금발머리 (염색을 한 거로 보인다.) 귀걸이를 한다. 부모님이 이미 포기한 자식이라 할 정도로 공부를 안 한다. 인간세계의 인물들 중에서는 작중 최초로 등장하였으며, 한강 다리에서 떨어져 죽을 뻔한 위기상황에서 아메리카노 빈즈와 만나면서 이야기의 시작을 제공한 인물.",0,0,0,0,,https://lain.bgm.tv/pic/crt/l/59/b0/187341_crt_8j44d.jpg,https://lain.bgm.tv/r/400/pic/crt/l/59/b0/187341_crt_8j44d.jpg,,,,,https://bgm.tv/character/187341,,187341
bgm-bgm110706,bangumi,6,6,,克拉拉,クララ,Clala,,其他,,,动画,动画,クイズマジックアカデミー ～オリジナルアニメーション～,问答魔法学院,2008,动画,,,0,0,0,0,,https://lain.bgm.tv/pic/crt/l/66/c8/110706_crt_jNoao.jpg,https://lain.bgm.tv/r/400/pic/crt/l/66/c8/110706_crt_jNoao.jpg,,,,,https://bgm.tv/character/110706,,110706
bgm-bgm103401,bangumi,6,6,,阿列克谢,アレクセイ・デミトリビッチ・ファディエ,FOX2,フォックスツー,其他,AB,,动画,动画,爆走兄弟レッツ&ゴー!!WGP,四驱兄弟WGP,1997,动画,,本名は「アレクセイ・デミトリビッチ・ファディエ」。 メンバーの中では小柄で、帽子を被っているのが特徴。かなりやんちゃな性格だが、ユーリのいうことには従っている。2回目のビクトリーズとの試合で、ユーリの提案した作戦の要として活躍し、自らのマシンを犠牲にしながらも、仲間たちが最善のセッティングでコースを走れるよう奮闘した。,0,0,0,0,,https://lain.bgm.tv/pic/crt/l/76/ed/103401_crt_LPTJy.jpg,https://lain.bgm.tv/r/400/pic/crt/l/76/ed/103401_crt_LPTJy.jpg,,,,,https://bgm.tv/character/103401,,103401
bgm-bgm123623,bangumi,6,6,,,芙洛拉,Flora,,其他,,,游戏,游戏,无期迷途,,2022,游戏,,,0,0,0,0,,https://lain.bgm.tv/pic/crt/l/18/39/123623_crt_PwHWV.jpg?r=1673364673,https://lain.bgm.tv/r/400/pic/crt/l/18/39/123623_crt_PwHWV.jpg?r=1673364673,https://storage.moegirl.org.cn/moegirl/commons/a/a0/%E8%8A%99%E6%B4%9B%E6%8B%89.png!/fw/480/watermark/url/L21vZWdpcmwvd2F0ZXJtYXJrLnBuZw==/align/southeast/margin/10x10/opacity/50?v=20200419131744|https://storage.moegirl.org.cn/moegirl/commons/a/a0/%E8%8A%99%E6%B4%9B%E6%8B%89.png,,图源:moegirl,,https://bgm.tv/character/123623,,123623
bgm-bgm2308,bangumi,6,6,,藤井稔,藤井稔,Fujii Minoru,,其他,,,动画,动画,はじめの一歩 New Challenger,第一神拳 New Challenger,2009,动画,"[{""t"":""はじめの一歩 New Challenger"",""cn"":""第一神拳 New Challenger"",""ty"":""动画"",""y"":2009,""pop"":0},{""t"":""はじめの一歩 Rising"",""cn"":""第一神拳 Rising"",""ty"":""动画"",""y"":2013,""pop"":0}]",「月刊ボクシングファン」の記者で飯村真理の先輩。 一歩と宮田のスパーリングを目撃して以来、一歩に注目するようになる。,0,0,0,0,,https://lain.bgm.tv/pic/crt/l/e5/8a/2308_crt_anidb.jpg,https://lain.bgm.tv/r/400/pic/crt/l/e5/8a/2308_crt_anidb.jpg,,,,,https://bgm.tv/character/2308,,2308
bgm-bgm185910,bangumi,6,6,,悟,ウー,Houx,加藤桐司 / 胡尔,其他,,,动画,动画,シュガシュガルーン,魔界女王候补生,2005,动画,,ショコラたちの幼馴染みで、フタゴ（彼ら曰く「俺たち」）の森の番人。,0,0,0,0,,https://lain.bgm.tv/pic/crt/l/80/fa/185910_crt_aS8f0.jpg,https://lain.bgm.tv/r/400/pic/crt/l/80/fa/185910_crt_aS8f0.jpg,,,,,https://bgm.tv/character/185910,,185910
bgm-bgm130452,bangumi,6,6,,伊东真也,伊東真也,Itou Shin`ya,,其他,,,动画,动画,宇宙戦艦ヤマト2199,宇宙战舰大和号2199,2013,动画,,,0,0,0,0,,https://lain.bgm.tv/pic/crt/l/6b/5e/130452_crt_4v1hI.jpg,https://lain.bgm.tv/r/400/pic/crt/l/6b/5e/130452_crt_4v1hI.jpg,,,,,https://bgm.tv/character/130452,,130452
bgm-bgm23798,bangumi,6,6,,镰谷光希,鎌谷光希,Kamatani Mitsuki,,其他,AB,,动画,动画,メガネブ！,眼镜部,2013,动画,,1年生のメガネ部部員。先輩である鏡を尊敬しており、そのためにメガネ部に入部した。,0,0,0,0,,https://lain.bgm.tv/pic/crt/l/bc/de/23798_crt_Gkb2N.jpg?r=1393709945,https://lain.bgm.tv/r/400/pic/crt/l/bc/de/23798_crt_Gkb2N.jpg?r=1393709945,,,,,https://bgm.tv/character/23798,,23798
bgm-bgm163435,bangumi,6,6,,,カミル・ゴリーニ,Kamil Gorrini,,其他,,,动画,动画,僕のヒーローアカデミア THE MOVIE ユアネクスト,我的英雄学院 You're Next,2024,动画,,,0,0,0,0,,https://lain.bgm.tv/pic/crt/l/2d/9b/163435_crt_hh7Wa.jpg?r=1729081292,https://lain.bgm.tv/r/400/pic/crt/l/2d/9b/163435_crt_hh7Wa.jpg?r=1729081292,,,,,https://bgm.tv/character/163435,,163435
bgm-bgm125772,bangumi,6,6,,小岛勉,小島勉,Kojima Tsutomu,,其他,ＡＢ,,动画,动画,絶対無敵ライジンオー,绝对无敌雷神王,1991,动画,,地球防衛組のコンピュータ担当で、作戦参謀的な役割もする。クラス一の秀才。いつもライジンコマンダーを持ち歩き、研究を重ねている。 探究心が強く、非常に几帳面だが、興奮して取り乱やすい。 霊媒師の祖母の影響で、しばしば怪しげな行動をする。好きなものは本とコンピューター。,0,0,0,0,,https://lain.bgm.tv/pic/crt/l/0d/b8/125772_crt_htoou.jpg,https://lain.bgm.tv/r/400/pic/crt/l/0d/b8/125772_crt_htoou.jpg,,,,,https://bgm.tv/character/125772,,125772
bgm-bgm126238,bangumi,6,6,,工藤晴子,工藤晴子,Kudou Haruko,,其他,B,,Galgame,Galgame,青い涙,青之泪,2003,Galgame,,モエミの母。 娘にとてもやさしく接していて、毎日娘と一緒に夕方の散歩をするほど仲の良い親子。 娘を愛し、この町と、この町全ての人々を愛している。,0,0,0,0,1,https://lain.bgm.tv/pic/crt/l/ce/d5/126238_crt_FNgEF.jpg,https://lain.bgm.tv/r/400/pic/crt/l/ce/d5/126238_crt_FNgEF.jpg,,,,,https://bgm.tv/character/126238,,126238
bgm-bgm87936,bangumi,6,6,,蕾比雅,레비아,Levia,蕾菲娅,其他,,,游戏,游戏,CLOSERS,封印者,2014,游戏,,蕾比雅是由次元兽军团的先代“龙”遗留在人间的后代。虽然身为次元兽，却不知为何拥有人类的外形，并能操纵与人类相似的次元力。因为某个事件，蕾比雅被任命为“红狼”小队的临时队员，并被要求去屠杀自己的同类。虽然非常讨厌战争，但蕾比雅仍认为服从人类的命令是她应该做的。,0,0,0,0,,https://lain.bgm.tv/pic/crt/l/29/84/87936_crt_mwKG6.jpg,https://lain.bgm.tv/r/400/pic/crt/l/29/84/87936_crt_mwKG6.jpg,https://storage.moegirl.org.cn/moegirl/commons/5/57/Reviabasic.png!/fw/480/watermark/url/L21vZWdpcmwvd2F0ZXJtYXJrLnBuZw==/align/southeast/margin/10x10/opacity/50?v=20181003141118|https://storage.moegirl.org.cn/moegirl/commons/5/57/Reviabasic.png,,图源:moegirl,,https://bgm.tv/character/87936,,87936
bgm-bgm4499,bangumi,6,6,,鼯鼠,モモンガ,Momonga,,其他,F,,动画,动画,ONE PIECE,航海王,1999,动画,"[{""t"":""ONE PIECE"",""cn"":""航海王"",""ty"":""动画"",""y"":1999,""pop"":0},{""t"":""ONE PIECE エピソードオブメリー 〜もうひとりの仲間の物語〜"",""cn"":""航海王：黄金梅利号之章 另一位伙伴的故事"",""ty"":""动画"",""y"":2013,""pop"":0},{""t"":""ONE PIECE FILM RED"",""cn"":""航海王：红发歌姬"",""ty"":""动画"",""y"":2022,""pop"":0}]",海军本部中将，同时也是海军支部G-1的基地长。以武士刀作战，擅长剑术，同时也是原海军大将“黑腕”泽法的弟子。开着鼯鼠专属军舰。,0,0,0,0,,https://lain.bgm.tv/pic/crt/l/83/cc/4499_crt_jN3ue.jpg,https://lain.bgm.tv/r/400/pic/crt/l/83/cc/4499_crt_jN3ue.jpg,,,,,https://bgm.tv/character/4499,,4499
bgm-bgm108254,bangumi,6,6,,尼克罗姆,ニクロム,Nichrom,,其他,,,动画,动画,シャーマンキング,通灵王,2001,动画,"[{""t"":""シャーマンキング"",""cn"":""通灵王"",""ty"":""动画"",""y"":2001,""pop"":0},{""t"":""SHAMAN KING"",""cn"":""通灵王"",""ty"":""动画"",""y"":2021,""pop"":0}]",パッチ族十祭司。予選時、道蓮に殺されてしまった十祭司・クロムの弟。持霊は、サソリの精霊イエローウィップ。,0,0,0,0,,https://lain.bgm.tv/pic/crt/l/7c/cd/108254_crt_tOEUE.jpg?r=1647738801,https://lain.bgm.tv/r/400/pic/crt/l/7c/cd/108254_crt_tOEUE.jpg?r=1647738801,,,,,https://bgm.tv/character/108254,,108254
bgm-bgm185911,bangumi,6,6,,索尔,ソール,Saule,加藤柳司 / 苏里,其他,,,动画,动画,シュガシュガルーン,魔界女王候补生,2005,动画,,ショコラたちの幼馴染みで、フタゴ（俺たち）の森の番人。ウーとは双子の兄弟。,0,0,0,0,,https://lain.bgm.tv/pic/crt/l/ee/c9/185911_crt_7L866.jpg,https://lain.bgm.tv/r/400/pic/crt/l/ee/c9/185911_crt_7L866.jpg,,,,,https://bgm.tv/character/185911,,185911
bgm-bgm108505,bangumi,6,6,,西普斯海德,シープスヘッド,Sheeps head,绵羊头,其他,,,动画|漫画,漫画,ONE PIECE,航海王,1997,漫画,"[{""t"":""ONE PIECE"",""cn"":""航海王"",""ty"":""漫画"",""y"":1997,""pop"":0},{""t"":""ONE PIECE"",""cn"":""航海王"",""ty"":""动画"",""y"":1999,""pop"":0}]",百兽海贼团“旱灾”杰克的手下，是给赋者中的真打。,0,0,0,0,,https://lain.bgm.tv/pic/crt/l/60/fa/108505_crt_ym714.jpg,https://lain.bgm.tv/r/400/pic/crt/l/60/fa/108505_crt_ym714.jpg,,,,,https://bgm.tv/character/108505,,108505
