id,src,month,day,year,name_cn,name_native,name_romaji,alt_names,gender,blood,age,types,ptype,work,work_cn,work_year,work_fmt,works,summary,heat,fav,votes,collects,nsfw,image,thumb,alts,palette,tags,url_al,url_bgm,url_vndb,bgm_id
al27,anilist,7,7,,奇犽·揍敌客,キルア=ゾルディック,Killua Zoldyck,Kill / Kil / Evans / 基路亞·祖迪,男,A,11-,动画|漫画,动画,HUNTER×HUNTER (2011),,2011,动画,"[{""t"":""HUNTER×HUNTER (2011)"",""cn"":"""",""ty"":""动画"",""y"":2011,""pop"":840476},{""t"":""HUNTER×HUNTER"",""cn"":""猎人"",""ty"":""动画"",""y"":1999,""pop"":134584},{""t"":""HUNTER×HUNTER"",""cn"":""猎人"",""ty"":""漫画"",""y"":1998,""pop"":109206},{""t"":""劇場版 HUNTER×HUNTER 緋色の幻影（ファントム・ルージュ）"",""cn"":"""",""ty"":""动画"",""y"":2013,""pop"":64831},{""t"":""劇場版 HUNTER×HUNTER THE LAST MISSION"",""cn"":""猎人剧场版：最终任务"",""ty"":""动画"",""y"":2013,""pop"":52942},{""t"":""HUNTER×HUNTER: Greed Island"",""cn"":"""",""ty"":""动画"",""y"":2003,""pop"":34034}]",猎人。第288期猎人试验唯一合格者。变化系能力者。 念能力:“落雷（ナルカミ）”“雷掌（イズツシ）”“神速（カンムル）”“电光石火（でんこうせっか）” 小杰最要好的朋友。在发现自己真正想做的事之前，与小杰一起旅行。 出身在海拔三千七百二十二米的枯枯戮山杀手家庭，从3岁就接受面临死亡的恐怖训练被家庭逼成是一个完全没有感情的杀手，在奇犽从小的观念之内只有不断的杀人。在他12岁那一年，他打伤了母亲及二哥并离家出走，违背杀手家族一家人的期望。,37868,37868,0,351,,https://lain.bgm.tv/pic/crt/l/6e/ae/6550_crt_raIg7.jpg,https://lain.bgm.tv/r/400/pic/crt/l/6e/ae/6550_crt_raIg7.jpg,https://s4.anilist.co/file/anilistcdn/character/medium/b27-Z5O02kQUydpT.jpg|https://s4.anilist.co/file/anilistcdn/character/large/b27-Z5O02kQUydpT.jpg,,,https://anilist.co/character/27,https://bgm.tv/character/6550,,6550
al63849,anilist,7,7,,舞园沙耶香,舞園さやか,Sayaka Maizono,Ultimate Pop Sensation / Super High School Level Idol (超高校級のアイドル) / Ultimate Pop Sensation / 超高校級の「アイドル」,女,A,,动画|漫画|Galgame,动画,ダンガンロンパ 希望の学園と絶望の高校生 The Animation,弹丸论破 希望学园与绝望高中生,2013,动画,"[{""t"":""ダンガンロンパ 希望の学園と絶望の高校生 The Animation"",""cn"":""弹丸论破 希望学园与绝望高中生"",""ty"":""动画"",""y"":2013,""pop"":233260},{""t"":""ダンガンロンパ３ –The End of 希望ヶ峰学園– 未来編"",""cn"":"""",""ty"":""动画"",""y"":2016,""pop"":90791},{""t"":""ダンガンロンパ3 -The End of 希望ヶ峰学園-　絶望編"",""cn"":""弹丸论破3 -The End of 希望之峰学园- 绝望篇"",""ty"":""动画"",""y"":2016,""pop"":89210},{""t"":""スーパーダンガンロンパ2.5 狛枝凪斗と世界の破壊者"",""cn"":""超级弹丸论破2.5 狛枝凪斗与世界的破坏者"",""ty"":""动画"",""y"":2017,""pop"":34341},{""t"":""ダンガンロンパ 希望の学園と絶望の高校生"",""cn"":""弹丸论破 希望的学园和绝望高中生"",""ty"":""Galgame"",""y"":2010,""pop"":15953},{""t"":""ニューダンガンロンパV3 みんなのコロシアイ新学期"",""cn"":""新弹丸论破V3 大家的自相残杀新学期"",""ty"":""Galgame"",""y"":2017,""pop"":8847}]",超高校級の「アイドル」。 5人組の国民的アイドルグループでセンターマイクを務める、黒髪にセーラー服という正統派の美少女。 清楚で丁寧な物腰だが言動には一本芯が通っており、真面目なしっかり者として周囲からの信頼も厚い。 苗木の中学校時代におけるクラス違いの同級生だが、高嶺の花の舞園と凡人の苗木との間に接点は一切なかった。しかし苗木が舞園を可憐なアイドルとして強く意識していたことはもちろん、舞園も苗木の優しさが印象に残っていたらしく、苗木が同級生であることを覚えていた。,15953,433,15953,151,,https://lain.bgm.tv/pic/crt/l/6d/27/18028_crt_aoUBO.jpg?r=1534940149,https://lain.bgm.tv/r/400/pic/crt/l/6d/27/18028_crt_aoUBO.jpg?r=1534940149,https://s4.anilist.co/file/anilistcdn/character/medium/b63849-wA9ddqRcEyug.png|https://s4.anilist.co/file/anilistcdn/character/large/b63849-wA9ddqRcEyug.png|https://t.vndb.org/ch/15/72615.jpg|https://t.vndb.org/ch/00/104900.jpg,,Blue Twin Tails Waist Length+ Straight Teen Slim Pale School Uniform Disaster Blue,https://anilist.co/character/63849,https://bgm.tv/character/18028,https://vndb.org/c10196,18028
al22037,anilist,7,7,,战场原黑仪,戦場ヶ原ひたぎ,Hitagi Senjougahara,Tsundere-chan / Gahara-san / 阿良良木黑仪 / 战场原绯多木,女,,17-18,动画|漫画,动画,化物語,化物语,2009,动画,"[{""t"":""化物語"",""cn"":""化物语"",""ty"":""动画"",""y"":2009,""pop"":342174},{""t"":""偽物語"",""cn"":""伪物语"",""ty"":""动画"",""y"":2012,""pop"":186304},{""t"":""〈物語〉シリーズ セカンドシーズン"",""cn"":""物语系列 第二季"",""ty"":""动画"",""y"":2013,""pop"":171771},{""t"":""猫物語（黒）"",""cn"":""猫物语（黑）"",""ty"":""动画"",""y"":2012,""pop"":150630},{""t"":""終物語"",""cn"":"""",""ty"":""动画"",""y"":2015,""pop"":130156},{""t"":""終物語（下）"",""cn"":"""",""ty"":""动画"",""y"":2017,""pop"":123720}]",「仅仅铜40克 锌25克 镍15克 害羞5克 再加上恶意97公斤就能炼成对你的攻击了，顺带一说，害羞什么的是在撒谎哟。」 与蟹相遇的少女。忍野咩咩称她为“傲娇酱”。 和历是同班同学，成绩优秀。由于其美貌和体弱多病，在班中有“大家闺秀”的形象。不管是同学还是老师，基本都不怎么说话。 曾是公立清风中学的毕业生，当时和骏河一起被称为瓦尔哈拉组合（原原组合，神原的原+战场原的原，还加入了“神”“战”场的元素）。 是个很毒舌的角色（历叫她“暴言毒舌”）。,15355,15355,0,2687,,https://lain.bgm.tv/pic/crt/l/7d/34/706_crt_4P0VL.jpg?r=1612440775,https://lain.bgm.tv/r/400/pic/crt/l/7d/34/706_crt_4P0VL.jpg?r=1612440775,https://s4.anilist.co/file/anilistcdn/character/medium/b22037-sY7GWSKYr2Nl.jpg|https://s4.anilist.co/file/anilistcdn/character/large/b22037-sY7GWSKYr2Nl.jpg,,,https://anilist.co/character/22037,https://bgm.tv/character/706,,706
al31931,anilist,7,7,,鉴纯夏,鑑純夏,Sumika Kagami,Rubeus / Pawn of Gedler / Cinnabun Boy,女,O,18,动画|漫画|Galgame,动画,マブラヴ オルタネイティヴ,Muv-Luv Alternative,2021,动画,"[{""t"":""マブラヴ オルタネイティヴ"",""cn"":""Muv-Luv Alternative"",""ty"":""动画"",""y"":2021,""pop"":16289},{""t"":""マブラヴ"",""cn"":""Muv-Luv"",""ty"":""Galgame"",""y"":2003,""pop"":11564},{""t"":""マブラヴ　オルタネイティヴ"",""cn"":""Muv-Luv Alternative"",""ty"":""Galgame"",""y"":2006,""pop"":11333},{""t"":""マブラヴ オルタネイティヴ 第二期"",""cn"":"""",""ty"":""动画"",""y"":2022,""pop"":6545},{""t"":""アカネマニアックス"",""cn"":""小茜的狂热追求者"",""ty"":""动画"",""y"":2004,""pop"":4169},{""t"":""あゆまゆ劇場"",""cn"":"""",""ty"":""动画"",""y"":2006,""pop"":1811}]",白陵大付属柊学園３年Ｂ組，是武的青梅竹马。 因为住在白银武家隔壁，理所当然的每日都来叫武起床。房间当然是在二楼对门。重视协调性，但是，唯独对武的事情横加干涉，态度强硬。对什么事情都很积极的性格，不过被武当成白痴。,11564,458,11564,412,,https://lain.bgm.tv/pic/crt/l/d8/37/16868_crt_lI0Fn.jpg,https://lain.bgm.tv/r/400/pic/crt/l/d8/37/16868_crt_lI0Fn.jpg,https://s4.anilist.co/file/anilistcdn/character/medium/b31931-3lzD4H8P9T6E.png|https://s4.anilist.co/file/anilistcdn/character/large/b31931-3lzD4H8P9T6E.png|https://t.vndb.org/ch/39/139.jpg|https://t.vndb.org/ch/40/140.jpg,,Red Ponytail Waist Length+ Straight Teen Slim Pale Cooking Missionary Virgin Sex,https://anilist.co/character/31931,https://bgm.tv/character/16868,https://vndb.org/c108,16868
al11298,anilist,7,7,1972,苍崎青子,蒼崎青子,Aoko Aozaki,Miss Blue / Magic Gunner / Sensei / Super Aoko (スーパー青子),女,A,"17 (Mahoyo), 27 (Tsukihime), 42 (Tsukihime Remake)",动画|漫画|Galgame,动画,カーニバル・ファンタズム,幻想嘉年华,2011,动画,"[{""t"":""カーニバル・ファンタズム"",""cn"":""幻想嘉年华"",""ty"":""动画"",""y"":2011,""pop"":59282},{""t"":""真月譚 月姫"",""cn"":""真月谭月姬"",""ty"":""动画"",""y"":2003,""pop"":35465},{""t"":""魔法使いの夜"",""cn"":""魔法使之夜"",""ty"":""动画"",""y"":2026,""pop"":35036},{""t"":""真月譚 月姫"",""cn"":""真月谭月姬"",""ty"":""漫画"",""y"":2003,""pop"":14958},{""t"":""カーニバル・ファンタズム　EX Season"",""cn"":""幻想嘉年华 EX Season"",""ty"":""动画"",""y"":2011,""pop"":14670},{""t"":""月姫"",""cn"":""月姬"",""ty"":""Galgame"",""y"":2000,""pop"":11533}]",教导志贵“即使拥有奇怪的眼睛，不要连心也变得奇怪”的价值观的人，在志贵小时候曾赠予志贵能抑制魔眼能力的眼镜“魔眼杀”，志贵称之为老师，在志贵记忆中是个有着大人魅力的女性。 现有的五位魔法使之一（第四魔法使）。 使用第五魔法·青。 魔术协会封为MISS BLUE，目前全国巡回中。个性大而化之，做事随意，喜欢自由。 是苍崎橙子的妹妹，但和姐姐橙子关系极恶劣，曾为了家族继承权而大打出手，从此两人绝不见面。 在破坏方面有着极大的天赋，能够最有效率的使用魔力，有近身战的兴趣。,11533,1088,11533,863,,https://lain.bgm.tv/pic/crt/l/45/bf/3235_crt_yRcBC.jpg?r=1737269172,https://lain.bgm.tv/r/400/pic/crt/l/45/bf/3235_crt_yRcBC.jpg?r=1737269172,https://s4.anilist.co/file/anilistcdn/character/medium/b11298-QVINnNyLJCN9.png|https://s4.anilist.co/file/anilistcdn/character/large/b11298-QVINnNyLJCN9.png|https://t.vndb.org/ch/21/121.jpg|https://t.vndb.org/ch/05/54505.jpg|https://t.vndb.org/ch/36/50836.jpg,,Red Waist Length+ Straight Slim Pale Magician Blue Hidden Young-adult T-shirt,https://anilist.co/character/11298,https://bgm.tv/character/3235,https://vndb.org/c90,3235
al126104,anilist,7,7,2026,椎名篝,椎名かがり,Kagari Shiina,Kana / Kagari-tan / Kaga-meow / 椎名 かがり,女,A,10 (2036); 22 (2010),动画|漫画|Galgame,动画,シュタインズ・ゲート ゼロ,命运石之门 0,2018,动画,"[{""t"":""シュタインズ・ゲート ゼロ"",""cn"":""命运石之门 0"",""ty"":""动画"",""y"":2018,""pop"":222572},{""t"":""シュタインズ・ゲート ゼロ 結晶多形のバレンタイン"",""cn"":"""",""ty"":""动画"",""y"":2018,""pop"":38492},{""t"":""STEINS;GATE 0"",""cn"":""命运石之门 0"",""ty"":""Galgame"",""y"":2015,""pop"":7650},{""t"":""STEINS;GATE 0"",""cn"":""命运石之门 0"",""ty"":""Galgame"",""y"":2015,""pop"":0},{""t"":""シュタインズ・ゲート ゼロ"",""cn"":""命运石之门 0"",""ty"":""动画"",""y"":2018,""pop"":0},{""t"":""STEINS;GATE 無限遠点のアルタイル"",""cn"":""命运石之门 无限远点的牵牛星"",""ty"":""漫画"",""y"":2013,""pop"":0}]",β世界線上の2028年に、まゆり（当時35歲）が働いていた児盾養護施設に預けられた女の島戦争で戶籍がはっきりせず、本当の氏名は不明。養護施設で成長していく過程で、まるで実の母のようにまゆりになつく。かがりと命名したのはまゆり。どんなに暗黑の世界線でも、みんなを照らす輝くかがり火のようであって欲しいという意味。2034年にまゆりの養女となる。,7650,109,7650,55,,https://lain.bgm.tv/pic/crt/l/79/c4/20138_crt_LYSzs.jpg?r=1500879625,https://lain.bgm.tv/r/400/pic/crt/l/79/c4/20138_crt_LYSzs.jpg?r=1500879625,https://s4.anilist.co/file/anilistcdn/character/medium/b126104-51UIwJ3ZnbTi.png|https://s4.anilist.co/file/anilistcdn/character/large/b126104-51UIwJ3ZnbTi.png|https://t.vndb.org/ch/61/46061.jpg|https://t.vndb.org/ch/21/89121.jpg|https://t.vndb.org/ch/22/89122.jpg,,Red Orphan Amnesia Blue Non-blood-related Daughter Time Travel Not Sexually Involved,https://anilist.co/character/126104,https://bgm.tv/character/20138,https://vndb.org/c38154,20138
bgm-bgm11014,vndb,7,7,,梅娅·S·艾菲梅拉尔,メア＝S＝エフェメラル,Mare S. Ephemeral,Mea / Spring Ephemeral / メア,女,不明,,Galgame,Galgame,星空のメモリア-Wish upon a shooting star-,星空的记忆 -Wish upon a shooting star,2009,Galgame,"[{""t"":""星空のメモリア-Wish upon a shooting star-"",""cn"":""星空的记忆 -Wish upon a shooting star"",""ty"":""Galgame"",""y"":2009,""pop"":5718},{""t"":""星空のメモリア Eternal Heart"",""cn"":""星空的记忆 Eternal Heart"",""ty"":""Galgame"",""y"":2010,""pop"":824},{""t"":""星空のメモリア -Wish upon a shooting star-"",""cn"":""星空的记忆 -Wish upon a shooting star"",""ty"":""Galgame"",""y"":2009,""pop"":0},{""t"":""星空のメモリア Eternal Heart"",""cn"":""星空的记忆 Eternal Heart"",""ty"":""Galgame"",""y"":2010,""pop"":0},{""t"":""星空のメモリア HD -Shooting Star＆Eternal Heart"",""cn"":"""",""ty"":""Galgame"",""y"":2019,""pop"":0},{""t"":""オトギフロンティア"",""cn"":""童话边境"",""ty"":""Galgame"",""y"":2017,""pop"":0}]",外表老成冰山，其实是个爱哭鬼。 超喜欢星星，总是出现在小城的展望台上。 拿着大镰刀自称死神，但据称并不收割人命而收割人的恶梦。 跟洋童年分开了的青梅竹马的样子非常相似。 究竟这里有什么理由呢，又或者是她跟那青梅竹马有什么关系呢，メア她都一直不愿开口。,5718,0,5718,195,,https://lain.bgm.tv/pic/crt/l/e3/0e/11014_crt_Sa0Hh.jpg,https://lain.bgm.tv/r/400/pic/crt/l/e3/0e/11014_crt_Sa0Hh.jpg,https://t.vndb.org/ch/66/40666.jpg,,Blue Violet White Twin Tails Waist Length+ Straight Slim Pale Fighting Amnesia,,https://bgm.tv/character/11014,https://vndb.org/c3930,11014
al82523,anilist,7,7,,空,空,Sora,『　　』 / Blank,男,O,18,动画|漫画|轻小说|游戏,动画,ノーゲーム・ノーライフ,游戏人生,2014,动画,"[{""t"":""ノーゲーム・ノーライフ"",""cn"":""游戏人生"",""ty"":""动画"",""y"":2014,""pop"":540995},{""t"":""ノーゲーム・ノーライフ ゼロ"",""cn"":""游戏人生 零"",""ty"":""动画"",""y"":2017,""pop"":230195},{""t"":""ノーゲーム・ノーライフ ミニOVAs"",""cn"":"""",""ty"":""动画"",""y"":2014,""pop"":48279},{""t"":""ノーゲーム・ノーライフ"",""cn"":""游戏人生"",""ty"":""轻小说"",""y"":2012,""pop"":17305},{""t"":""ノーゲーム・ノーライフ"",""cn"":""游戏人生"",""ty"":""漫画"",""y"":2013,""pop"":8576},{""t"":""ノーゲーム・ノーライフ・です!"",""cn"":"""",""ty"":""漫画"",""y"":2015,""pop"":2212}]",童貞、コミュ障、ニート、ゲーム廃人。『』(くうはく)の一人で白の兄。駆け引きに長けており、卓越した読心術を身につけている。前提の覆し、発想を転換させ、閃きを駆使して戦うゲームスタイルから、不確定性要素を多く含むゲームが得意。,4999,4999,0,185,,https://lain.bgm.tv/pic/crt/l/61/37/23424_crt_CjM6b.jpg,https://lain.bgm.tv/r/400/pic/crt/l/61/37/23424_crt_CjM6b.jpg,https://lain.bgm.tv/r/400/pic/crt/l/b1/28/70389_crt_sH2s9.jpg?r=1575385341|https://lain.bgm.tv/pic/crt/l/b1/28/70389_crt_sH2s9.jpg?r=1575385341|https://s4.anilist.co/file/anilistcdn/character/medium/b82523-JB9oevKyXWfc.png|https://s4.anilist.co/file/anilistcdn/character/large/b82523-JB9oevKyXWfc.png,,,https://anilist.co/character/82523,https://bgm.tv/character/23424,,23424
bgm-bgm94414,vndb,7,7,,超天酱,超絶最かわてんしちゃん,ChouzetsusaikawaTenshi-chan,Internet Angel / KAngel / x_angelkawaii_x / 超てんちゃん,女,,,动画|Galgame,Galgame,NEEDY GIRL OVERDOSE,主播女孩重度依赖,2022,Galgame,"[{""t"":""NEEDY GIRL OVERDOSE"",""cn"":""主播女孩重度依赖"",""ty"":""Galgame"",""y"":2022,""pop"":3952},{""t"":""あめちゃん わくわくデートゲーム"",""cn"":"""",""ty"":""Galgame"",""y"":2023,""pop"":154},{""t"":""NEEDY GIRL OVERDOSE"",""cn"":""主播女孩重度依赖"",""ty"":""Galgame"",""y"":2022,""pop"":0},{""t"":""てんしのたからばこ"",""cn"":"""",""ty"":""Galgame"",""y"":2023,""pop"":0},{""t"":""NEEDY GIRL OVERDOSE ショートアニメ「ある日の午後」"",""cn"":""《主播女孩重度依赖》二周年放送短篇动画"",""ty"":""动画"",""y"":2024,""pop"":0},{""t"":""NEEDY GIRL OVERDOSE -OVERTURE-"",""cn"":"""",""ty"":""动画"",""y"":2026,""pop"":0}]",超絶最かわてんしちゃん、通称「超てんちゃん」。 配信や各種コラボなど彼女の活躍は多岐にわたり、幅広い世代から支持されている。 令和のインターネットを救済する天使として、みんなをいつも見守っている。 网络天使。糖糖开直播时的变装。装作性格乖巧的样子。很轻易就会向宅男们谄媚。,3952,0,3952,38,,https://lain.bgm.tv/pic/crt/l/6a/b9/94414_crt_3LLLe.jpg,https://lain.bgm.tv/r/400/pic/crt/l/6a/b9/94414_crt_3LLLe.jpg,https://t.vndb.org/ch/62/129362.jpg,,Blond Pink Violet Twin Tails Waist Length+ Wavy Pale Blue Young-adult Glasses,,https://bgm.tv/character/94414,https://vndb.org/c105430,94414
bgm-bgm4214,vndb,7,7,,向坂环,向坂 環,Kousaka Tamaki,タマお姉ちゃん / Tama-onee-chan / タマ姉 / Tama-ane,女,AB,,Galgame,Galgame,うたわれるもの 偽りの仮面,传颂之物-虚伪的假面-,2015,Galgame,"[{""t"":""うたわれるもの 偽りの仮面"",""cn"":""传颂之物-虚伪的假面-"",""ty"":""Galgame"",""y"":2015,""pop"":3130},{""t"":""ToHeart2"",""cn"":""ToHeart2"",""ty"":""Galgame"",""y"":2004,""pop"":1137},{""t"":""ToHeart2 AnotherDays"",""cn"":"""",""ty"":""Galgame"",""y"":2008,""pop"":133},{""t"":""ToHeart2 ダンジョントラベラーズ"",""cn"":""迷宮旅人：To Heart 2"",""ty"":""Galgame"",""y"":2009,""pop"":37},{""t"":""うたわれるもの 二人の白皇"",""cn"":""传颂之物-二人之白皇-"",""ty"":""Galgame"",""y"":2016,""pop"":0},{""t"":""うたわれるもの 偽りの仮面"",""cn"":""传颂之物-虚伪的假面-"",""ty"":""Galgame"",""y"":2015,""pop"":0}]",向坂雄二的姐姐，有种大人的感觉，但还是有孩子气的一面。体育、学习、家务都难不到她。哪方面都擅长。家住古式日本房屋，很有钱。受优质教育，经常以姐姐身份帮主角。统称“环姐/tamane”。擅长使用许多招式（沙包乃弟弟雄二），不过最经常使用的还是铁爪手，曾用此使贵明失忆。格斗能力（误）较高。 属性：御姐/姐属性＋女高中生＋大和抚子＋猫耳（发型）＋无敌怪力＋第六感＋双马尾。,3130,0,3130,101,,https://lain.bgm.tv/pic/crt/l/76/c5/4214_crt_anidb.jpg,https://lain.bgm.tv/r/400/pic/crt/l/76/c5/4214_crt_anidb.jpg,https://t.vndb.org/ch/37/19137.jpg,,Red Twin Tails Waist Length+ Straight Brown Teen Slim Pale Cooking Missionary,,https://bgm.tv/character/4214,https://vndb.org/c5318,4214
al845,anilist,7,7,1967,鹰村守,鷹村守,Mamoru Takamura,The Bear Slayer / Japanese Hawk / Lord of perverts,男,O,,动画|漫画,动画,はじめの一歩 THE FIGHTING!,,2000,动画,"[{""t"":""はじめの一歩 THE FIGHTING!"",""cn"":"""",""ty"":""动画"",""y"":2000,""pop"":144509},{""t"":""はじめの一歩 New Challenger"",""cn"":""第一神拳 New Challenger"",""ty"":""动画"",""y"":2009,""pop"":61444},{""t"":""はじめの一歩 Rising"",""cn"":""第一神拳 Rising"",""ty"":""动画"",""y"":2013,""pop"":60072},{""t"":""はじめの一歩"",""cn"":""第一神拳"",""ty"":""漫画"",""y"":1989,""pop"":35518},{""t"":""はじめの一歩 -Champion Road-"",""cn"":""第一神拳 冠军之路"",""ty"":""动画"",""y"":2003,""pop"":34147},{""t"":""はじめの一歩 間柴vs木村 死刑執行"",""cn"":""第一神拳 间柴vs木村 死刑执行"",""ty"":""动画"",""y"":2003,""pop"":29740}]",鴨川ボクシングジム所属のミドル級プロボクサー。 天性の強打と無類のタフネスで、デビュー以来無敗の快進撃を続けている。 鴨川ジムの良き兄貴分。だが、大人気ないイタズラを周囲に仕掛ける要注意人物でもある。 初挑戦のWBC世界ジュニアミドル級タイトルマッチで、ブライアン・ホークに死闘の末勝利し、チャンピオンになる。 世界タイトル６階級制覇を野望に、次は世界ミドル級タイトルを狙う。,2977,2977,0,5,,https://lain.bgm.tv/pic/crt/l/a2/fd/1958_crt_882uk.jpg,https://lain.bgm.tv/r/400/pic/crt/l/a2/fd/1958_crt_882uk.jpg,https://s4.anilist.co/file/anilistcdn/character/medium/b845-yzHSqt8WpnO5.png|https://s4.anilist.co/file/anilistcdn/character/large/b845-yzHSqt8WpnO5.png,,,https://anilist.co/character/845,https://bgm.tv/character/1958,,1958
al43669,anilist,7,7,,加贺香子,加賀香子,Kouko Kaga,,女,,18-19,动画|漫画|轻小说,动画,ゴールデンタイム,青春紀行,2013,动画,"[{""t"":""ゴールデンタイム"",""cn"":""青春紀行"",""ty"":""动画"",""y"":2013,""pop"":265951},{""t"":""ゴールデンタイム"",""cn"":""青春紀行"",""ty"":""漫画"",""y"":2011,""pop"":4142},{""t"":""ゴールデンタイム"",""cn"":""青春紀行"",""ty"":""轻小说"",""y"":2010,""pop"":1897}]",法学院法律学科1年生。全身的容姿都是一副完美大小姐的样子。小学一年级时与光央相遇。而她也与光央在小学时下了结婚的约定。与光央进了同一所大学后，一直被光央回避著。因此她就找上身为光央朋友的万里，问他光央的行程、选课、社团等，但万里为了不背叛光央，所以都一律不说。 认为光央是“自己的东西”，直到上大学前也一直以“自己所编的剧本”来与光央相处。但是也因为她，让光央没有半个朋友，也让光央非常讨厌她。,2305,2305,0,136,,https://lain.bgm.tv/pic/crt/l/a8/4b/19511_crt_hpFt7.jpg,https://lain.bgm.tv/r/400/pic/crt/l/a8/4b/19511_crt_hpFt7.jpg,https://s4.anilist.co/file/anilistcdn/character/medium/b43669-D3Hw9vLHCVad.png|https://s4.anilist.co/file/anilistcdn/character/large/b43669-D3Hw9vLHCVad.png,,,https://anilist.co/character/43669,https://bgm.tv/character/19511,,19511
bgm-bgm50864,vndb,7,7,,武田绘里子,武田 絵里子,Takeda Eriko,,女,,,动画|Galgame,Galgame,この世の果てで恋を唄う少女YU-NO,,1996,Galgame,"[{""t"":""この世の果てで恋を唄う少女YU-NO"",""cn"":"""",""ty"":""Galgame"",""y"":1996,""pop"":2242},{""t"":""この世の果てで恋を唄う少女YU-NO"",""cn"":""在世界尽头咏唱恋曲的少女YU-NO"",""ty"":""Galgame"",""y"":1996,""pop"":0},{""t"":""この世の果てで恋を唄う少女YU-NO"",""cn"":""在世界尽头咏唱恋曲的少女YU-NO 重制版"",""ty"":""Galgame"",""y"":2017,""pop"":0},{""t"":""この世の果てで恋を唄う少女YU-NO"",""cn"":""在世界尽头咏唱恋曲的少女YU-NO"",""ty"":""动画"",""y"":2019,""pop"":0},{""t"":""YU-NO"",""cn"":"""",""ty"":""动画"",""y"":1998,""pop"":0}]",境町学园新任校医，有马拓也的班主任，喜欢抽烟，似乎对龙造寺有强烈兴趣。,2242,0,2242,50,1,https://lain.bgm.tv/pic/crt/l/91/74/50864_crt_pGqEg.jpg?r=1550342948,https://lain.bgm.tv/r/400/pic/crt/l/91/74/50864_crt_pGqEg.jpg?r=1550342948,https://t.vndb.org/ch/54/4354.jpg,,Red Ponytail Red Hidden Dress Earrings Secretive Evening Gloves Pantyhose Handgun,,https://bgm.tv/character/50864,https://vndb.org/c3860,50864
bgm-bgm12257,vndb,7,7,,结奈,結奈,Yuuna,@XxAichan4everXx,女,B,,Galgame,Galgame,コミュ - 黒い竜と優しい王国 -,,2009,Galgame,"[{""t"":""コミュ - 黒い竜と優しい王国 -"",""cn"":"""",""ty"":""Galgame"",""y"":2009,""pop"":2159},{""t"":""Love Angel Syndrome"",""cn"":"""",""ty"":""Galgame"",""y"":"""",""pop"":235},{""t"":""コミュ - 黒い竜と優しい王国 -"",""cn"":""Co:μ-黑龙与温柔的王国-"",""ty"":""Galgame"",""y"":2009,""pop"":0}]",天才的なデザインセンスを持つ少女で現在は主人公のもとで服飾デザインの勉強をしている。 主人公も気に入っており、ゆくゆくは養女に迎え自分の後継者に、と考えている。 幼いころに両親を交通事故で亡くし、３年前まで孤児院で暮らしていた。 そのため、極度のファザコンとなっている。 主人公の事を「おじ様」と呼んで慕っている 美雪の事を主人公との仲を引き裂こうとしている邪魔者として嫌っている。,2159,0,2159,4,,https://lain.bgm.tv/pic/crt/l/20/78/12257_crt_ughsH.jpg,https://lain.bgm.tv/r/400/pic/crt/l/20/78/12257_crt_ughsH.jpg,https://lain.bgm.tv/r/400/pic/crt/l/56/a0/151054_crt_3I2CY.jpg|https://lain.bgm.tv/pic/crt/l/56/a0/151054_crt_3I2CY.jpg|https://t.vndb.org/ch/30/20230.jpg|https://t.vndb.org/ch/83/171383.jpg,,Blond Ahoge Twin Tails Waist Length+ Slim Pale Blue Kid Dress Gloves,,https://bgm.tv/character/151054,https://vndb.org/c1659,151054
al89181,anilist,7,7,,相泽智,相沢智,Tomo Aizawa,トモ,女,B,16,动画|漫画,动画,トモちゃんは女の子！,智酱是女生！,2023,动画,"[{""t"":""トモちゃんは女の子！"",""cn"":""智酱是女生！"",""ty"":""动画"",""y"":2023,""pop"":176598},{""t"":""トモちゃんは女の子!"",""cn"":""智酱是女生！"",""ty"":""漫画"",""y"":2015,""pop"":46353},{""t"":""トモちゃんは女の子!"",""cn"":""智酱是女生！"",""ty"":""漫画"",""y"":2015,""pop"":0},{""t"":""トモちゃんは女の子!"",""cn"":""智酱是女生！"",""ty"":""动画"",""y"":2023,""pop"":0}]",本作のヒロイン。親しい友人からの呼称は「トモ」。 高校1年生。性格は男勝りで、スポーツや格闘技を好むなど趣味嗜好も男性的。ショートヘア・高身長といった外見もあり、男子のみならず女子からの人気も高い。だが胸が大きく、また学内ではショートスカートにスパッツという格好をしているため、制服を着ている限りでは男子に間違えられることはない。運動神経が非常に高く、スポーツ競技では男子すらも圧倒する実力を持つ。,1943,1943,0,29,,https://lain.bgm.tv/pic/crt/l/40/d8/58216_crt_R6RDv.jpg?r=1669547165,https://lain.bgm.tv/r/400/pic/crt/l/40/d8/58216_crt_R6RDv.jpg?r=1669547165,https://s4.anilist.co/file/anilistcdn/character/medium/89181-eo1e0troTZz2.jpg|https://s4.anilist.co/file/anilistcdn/character/large/89181-eo1e0troTZz2.jpg,,,https://anilist.co/character/89181,https://bgm.tv/character/58216,,58216
al84783,anilist,7,7,,雷克·莱科雷斯,라크 레크레이셔,Rak Wraithraiser,ラーク・レクレイシャー / Gator / Rac Wreckraiser,男,,,动画|漫画,动画,神之塔 -Tower of God-,神之塔,2020,动画,"[{""t"":""神之塔 -Tower of God-"",""cn"":""神之塔"",""ty"":""动画"",""y"":2020,""pop"":335626},{""t"":""神之塔 -Tower of God- 第2期"",""cn"":"""",""ty"":""动画"",""y"":2024,""pop"":122847},{""t"":""신의 탑"",""cn"":""神之塔"",""ty"":""漫画"",""y"":2010,""pop"":99905}]",自信に満ちた誇り高き戦士。夜、クンと出会ってすぐにチームを組み、固い絆で結ばれている。 普段は怒りっぽく乱暴な性格だが、仲間思いの一面も。あだ名は「ワー」。 他人を○○亀と呼ぶ口癖がある。,1891,1891,0,3,,https://lain.bgm.tv/pic/crt/l/1b/68/77883_crt_3p555.jpg,https://lain.bgm.tv/r/400/pic/crt/l/1b/68/77883_crt_3p555.jpg,https://s4.anilist.co/file/anilistcdn/character/medium/b84783-m1qgQvKVAoNn.jpg|https://s4.anilist.co/file/anilistcdn/character/large/b84783-m1qgQvKVAoNn.jpg,,,https://anilist.co/character/84783,https://bgm.tv/character/77883,,77883
al195123,anilist,7,7,,乔／南城虎次郎,南城虎次郎,Kojirou Nanjou,Joe (ジョー),男,,,动画|漫画,动画,SK∞ エスケーエイト,无限滑板,2021,动画,"[{""t"":""SK∞ エスケーエイト"",""cn"":""无限滑板"",""ty"":""动画"",""y"":2021,""pop"":235285},{""t"":""SK∞ エスケーエイト EXTRA PART"",""cn"":"""",""ty"":""动画"",""y"":2025,""pop"":24217},{""t"":""SK∞ エスケーエイト"",""cn"":""无限滑板"",""ty"":""漫画"",""y"":2021,""pop"":5837},{""t"":""SK∞ エスケーエイト チルアウト！"",""cn"":"""",""ty"":""漫画"",""y"":2021,""pop"":1598},{""t"":""OVA SK∞ エスケーエイト EXTRA PART"",""cn"":""OVA 无限滑板 EXTRA PART"",""ty"":""动画"",""y"":2025,""pop"":0},{""t"":""SK∞ エスケーエイト"",""cn"":""无限滑板"",""ty"":""动画"",""y"":2021,""pop"":0}]",“S”的实力者之一。性格阳光的花花公子，滑行风格是与体格相称的豪快奔放风。 对外的面孔是意大利餐厅的店主兼主厨。与樱屋敷是发小关系兼欢喜冤家。,1623,1623,0,12,,https://lain.bgm.tv/pic/crt/l/68/ca/87965_crt_h4hdm.jpg?r=1614485547,https://lain.bgm.tv/r/400/pic/crt/l/68/ca/87965_crt_h4hdm.jpg?r=1614485547,https://s4.anilist.co/file/anilistcdn/character/medium/b195123-n5AYNVIBfg5Z.jpg|https://s4.anilist.co/file/anilistcdn/character/large/b195123-n5AYNVIBfg5Z.jpg,,,https://anilist.co/character/195123,https://bgm.tv/character/87965,,87965
al65863,anilist,7,7,,富樫勇太,富樫勇太,Yuuta Togashi,Dark Flame Master (ダークフレイムマスター) / Dark Flame Master,男,A,,动画,动画,中二病でも恋がしたい!,中二病也要谈恋爱!,2012,动画,"[{""t"":""中二病でも恋がしたい!"",""cn"":""中二病也要谈恋爱!"",""ty"":""动画"",""y"":2012,""pop"":353258},{""t"":""中二病でも恋がしたい！戀"",""cn"":""中二病也要谈恋爱！恋"",""ty"":""动画"",""y"":2014,""pop"":183593},{""t"":""映画 中二病でも恋がしたい！ -Take On Me-"",""cn"":""电影 中二病也要谈恋爱！ -Take On Me-"",""ty"":""动画"",""y"":2018,""pop"":86548},{""t"":""中二病でも恋がしたい! 煌めきの... 聖爆誕祭（スラップステック・ノエル）"",""cn"":"""",""ty"":""动画"",""y"":2013,""pop"":79582},{""t"":""中二病でも恋がしたい！戀 再生の･･･邪王真眼黙示録"",""cn"":"""",""ty"":""动画"",""y"":2014,""pop"":43993},{""t"":""中二病でも恋がしたい！Lite"",""cn"":""中二病也要谈恋爱！Lite"",""ty"":""动画"",""y"":2012,""pop"":38094}]",主人公。元中二病患者で高校生活を充実した物にするため中学卒業とともに猛勉強して中二病も卒業した。しかし、屋上で隠れて中二病的なセリフを叫んだり、学校に「闇」の文字が入ったTシャツを着てきたりするなどまだ完治はしていない。そこを六花に目撃され、契約する羽目になった。周囲に元中二病だったことを隠しているが、Tシャツなどの件はバレバレ。猛勉強したため成績は全般的に優秀。英語が比較的苦手の模様。,1468,1468,0,169,,https://lain.bgm.tv/pic/crt/l/07/83/17363_crt_efqIF.jpg?r=1361630049,https://lain.bgm.tv/r/400/pic/crt/l/07/83/17363_crt_efqIF.jpg?r=1361630049,https://s4.anilist.co/file/anilistcdn/character/medium/b65863-blMgFqD1EnPs.png|https://s4.anilist.co/file/anilistcdn/character/large/b65863-blMgFqD1EnPs.png,,,https://anilist.co/character/65863,https://bgm.tv/character/17363,,17363
bgm-bgm11812,vndb,7,7,,乾纱凪,乾 紗凪,Inui Sana,Sana-banana,女,B,,动画|Galgame,Galgame,ましろ色シンフォニー,,2009,Galgame,"[{""t"":""ましろ色シンフォニー"",""cn"":"""",""ty"":""Galgame"",""y"":2009,""pop"":1399},{""t"":""ましろ色シンフォニー"",""cn"":"""",""ty"":""Galgame"",""y"":2009,""pop"":1399},{""t"":""ましろ色シンフォニー SANA EDITION"",""cn"":"""",""ty"":""Galgame"",""y"":2023,""pop"":771},{""t"":""ましろ色シンフォニー SANA EDITION"",""cn"":""纯白交响曲 SANA EDITION"",""ty"":""Galgame"",""y"":2023,""pop"":0},{""t"":""ましろ色シンフォニー -Love is pure white- Remake for FHD"",""cn"":""纯白交响曲 Remake for FHD"",""ty"":""Galgame"",""y"":2023,""pop"":0},{""t"":""ましろ色シンフォニー -Love is Pure White-"",""cn"":""纯白交响曲"",""ty"":""Galgame"",""y"":2009,""pop"":0}]",结女学园二年级生，二年T班成员，爱理的老朋友。 对美羽非常憧憬，与她一样属于喵喵社。 开始是接待男学生们的态度很好，但实际上那是做戏。 本性很粗暴，最讨厌男人，特别敌视新吾。,1399,0,1399,320,,https://lain.bgm.tv/pic/crt/l/67/c6/11812_crt_1eHH4.jpg,https://lain.bgm.tv/r/400/pic/crt/l/67/c6/11812_crt_1eHH4.jpg,https://t.vndb.org/ch/55/5155.jpg,,Red Ahoge Ponytail Waist Length+ Wavy Teen Slim Pale School Uniform Doggy Style,,https://bgm.tv/character/11812,https://vndb.org/c5103,11812
bgm-bgm32717,vndb,7,7,,,御所川原 友希,Goshogawara Yuuki,,女,,,Galgame,Galgame,私が好きなら「好き」って言って！,,2015,Galgame,"[{""t"":""私が好きなら「好き」って言って！"",""cn"":"""",""ty"":""Galgame"",""y"":2015,""pop"":1397},{""t"":""私が好きなら「好き」って言って！"",""cn"":""喜欢我的话就要说出来！"",""ty"":""Galgame"",""y"":2015,""pop"":0}]",下ネタも話せる幼なじみ 特技：接客 苦手：■■■■ 怖いもの：幽霊 好き：食べられる物なら何でも 嫌い：退屈 晴北学園 5年生。 颯太とは幼なじみで、クラスメイトで、カフェのバイト仲間。 何でも話せる間柄だが、隙あらばエロトークをぶちこんでくるので油断できない。 幼い頃に■■■■■■■■してるものの、当然のように颯太は■■■■■てるし、友希はおくびにも出さない。 「おっはよー。 昨日のオカズは何だった？」,1397,0,1397,34,,https://lain.bgm.tv/pic/crt/l/79/ee/32717_crt_Bb3bm.jpg,https://lain.bgm.tv/r/400/pic/crt/l/79/ee/32717_crt_Bb3bm.jpg,https://t.vndb.org/ch/80/42480.jpg,,Blue Long Wavy Teen Slim Pale Orphan Missionary Doggy Style Cowgirl,,https://bgm.tv/character/32717,https://vndb.org/c34574,32717
al81369,anilist,7,7,,晓／羽仓静,アカツキ,Akatsuki,,女,,,动画|漫画|轻小说,动画,ログ・ホライズン,记录的地平线,2013,动画,"[{""t"":""ログ・ホライズン"",""cn"":""记录的地平线"",""ty"":""动画"",""y"":2013,""pop"":237775},{""t"":""ログ・ホライズン 2"",""cn"":"""",""ty"":""动画"",""y"":2014,""pop"":130788},{""t"":""ログ・ホライズン　円卓崩壊"",""cn"":""记录的地平线 圆桌崩坏"",""ty"":""动画"",""y"":2021,""pop"":71499},{""t"":""ログ・ホライズン"",""cn"":""记录的地平线"",""ty"":""轻小说"",""y"":2010,""pop"":4413},{""t"":""ログ・ホライズン"",""cn"":""记录的地平线"",""ty"":""漫画"",""y"":2012,""pop"":1880},{""t"":""ログ・ホライズン"",""cn"":""记录的地平线"",""ty"":""动画"",""y"":2013,""pop"":0}]","人族，主职业为刺客，副职业为追踪者。自称""主公的忍者""，推测与城惠同年。 萝莉体型，初期为""男性""玩家，受城惠给予的限定道具而改变回自身应有的外型 从此以后发誓追随城惠以报答恩情，随着故事的进展而真正的爱上城惠 在""秋叶原的星期天""中与实莉发生城惠争夺战(天秤祭的逛街权) 外号：""城惠直属的暗杀者""，""城惠身边的美少女""",1367,1367,0,154,,https://lain.bgm.tv/pic/crt/l/b7/05/21664_crt_AgjGY.jpg,https://lain.bgm.tv/r/400/pic/crt/l/b7/05/21664_crt_AgjGY.jpg,https://s4.anilist.co/file/anilistcdn/character/medium/n81369-0vKZMoOH3NZT.jpg|https://s4.anilist.co/file/anilistcdn/character/large/n81369-0vKZMoOH3NZT.jpg,,,https://anilist.co/character/81369,https://bgm.tv/character/21664,,21664
al16589,anilist,7,7,1978,渡久地东亚,渡久地東亜,Toua Tokuchi,,男,,20,动画|漫画,动画,ワンナウツ,超智游戏,2008,动画,"[{""t"":""ワンナウツ"",""cn"":""超智游戏"",""ty"":""动画"",""y"":2008,""pop"":53960},{""t"":""ワンナウツ"",""cn"":""超智游戏"",""ty"":""漫画"",""y"":1998,""pop"":12392},{""t"":""ONE OUTS -ワンナウツ-"",""cn"":""超智游戏"",""ty"":""动画"",""y"":2008,""pop"":0},{""t"":""ONE OUTS"",""cn"":""超智游戏"",""ty"":""漫画"",""y"":1999,""pop"":0}]","《ONE OUTS~Nobody wins but I!（超智游戏）》的主角，赌徒，原埼京彩珠Lycaons队员，投手， 右投右打，背号77号。棒球场上鬼一般的男人。 年龄：目测约20岁左右（队友曾说过：“不到20岁的小孩······”）。 一头金发, 受到儿岛的邀请而加入不受看好的Lycaons队。",1357,1357,0,58,,https://lain.bgm.tv/pic/crt/l/b5/62/12653_crt_ZFeue.jpg,https://lain.bgm.tv/r/400/pic/crt/l/b5/62/12653_crt_ZFeue.jpg,https://s4.anilist.co/file/anilistcdn/character/medium/b16589-5V20DgoFpGRH.png|https://s4.anilist.co/file/anilistcdn/character/large/b16589-5V20DgoFpGRH.png,,,https://anilist.co/character/16589,https://bgm.tv/character/12653,,12653
al22253,anilist,7,7,,绿间真太郎,緑間真太郎,Shintarou Midorima,Midorimacchi / Mido-chin / Shin-chan / Midorin,男,B,16,动画|漫画,动画,黒子のバスケ,黑子的篮球,2012,动画,"[{""t"":""黒子のバスケ"",""cn"":""黑子的篮球"",""ty"":""动画"",""y"":2012,""pop"":286383},{""t"":""黒子のバスケ 2nd SEASON"",""cn"":"""",""ty"":""动画"",""y"":2013,""pop"":182891},{""t"":""黒子のバスケ 3rd SEASON"",""cn"":"""",""ty"":""动画"",""y"":2015,""pop"":162720},{""t"":""劇場版 黒子のバスケ Last Game"",""cn"":""剧场版 黑子的篮球 终极一战"",""ty"":""动画"",""y"":2017,""pop"":88995},{""t"":""黒子のバスケ 第22.5Q 「Tip off」"",""cn"":"""",""ty"":""动画"",""y"":2013,""pop"":26415},{""t"":""黒子のバスケ ~最高のプレゼントです~"",""cn"":"""",""ty"":""动画"",""y"":2015,""pop"":20374}]",秀德高校一年级。 “奇迹的世代”的其中一人，在与火神相遇之前从未射失过任何一球。左手指上总是缠着绷带(左撇子)。 相当信赖“早晨占卜”，身边总根据其内容并带着幸运物。 基本上投篮命中率百分之百，但是准备时间会随着距离而加长，这同时也是弱点之一。 射程为全场，只要姿势不被破坏都能投进，其投出去的球皆附带着超高抛物线，这也带给对手无比的压力。 在WC循环决赛上场时，已经能够制作空档并且传球给对友得分。 得意技为“绝对命中射篮”。,1297,1297,0,77,,https://lain.bgm.tv/pic/crt/l/76/d0/15799_crt_sTTs6.jpg,https://lain.bgm.tv/r/400/pic/crt/l/76/d0/15799_crt_sTTs6.jpg,https://s4.anilist.co/file/anilistcdn/character/medium/b22253-PwE3Kv3nSA44.jpg|https://s4.anilist.co/file/anilistcdn/character/large/b22253-PwE3Kv3nSA44.jpg,,,https://anilist.co/character/22253,https://bgm.tv/character/15799,,15799
vndb-c1352,vndb,7,7,,,柊 七瀬,Hiiragi Nanase,,女,O,,Galgame,Galgame,ひなたぼっこ,,2004,Galgame,"[{""t"":""ひなたぼっこ"",""cn"":"""",""ty"":""Galgame"",""y"":2004,""pop"":1267},{""t"":""ひなたると～ひなたぼっこファンディスク～"",""cn"":"""",""ty"":""Galgame"",""y"":2005,""pop"":31}]",日向の娘（？） 日向を「ママ」と呼び、奈月を「お姉ちゃん」と呼ぶ。 日向と仲良くする夏樹を見ると不機嫌になる。 実際には、自分の事も構って欲しい気持ちの裏返し。 初めて身近にある「年上の男の人」の存在に戸惑っている。,1267,0,1267,2,,https://lain.bgm.tv/pic/crt/l/55/ef/24344_crt_R77If.jpg,https://lain.bgm.tv/r/400/pic/crt/l/55/ef/24344_crt_R77If.jpg,https://t.vndb.org/ch/95/1395.jpg,,Violet Shoulder-length Teen Slim School Uniform Violet Pajamas Reserved Full Sister Friend,,https://bgm.tv/character/24344,https://vndb.org/c1352,24344
al5511,anilist,7,7,,菈菈·撒塔琳·戴比路克,ララ・サタリン・デビルーク,Lala Deviluke,Lala-chi / Princess / 菈菈·萨塔琳·戴比路克 / 菈菈,女,B,16,动画|漫画|Galgame,动画,To LOVEる -とらぶる-,出包王女,2008,动画,"[{""t"":""To LOVEる -とらぶる-"",""cn"":""出包王女"",""ty"":""动画"",""y"":2008,""pop"":141288},{""t"":""To LOVEる -とらぶる- ダークネス"",""cn"":""出包王女DARKNESS"",""ty"":""动画"",""y"":2012,""pop"":78560},{""t"":""もっと To LOVEる -とらぶる-"",""cn"":""更多 出包王女"",""ty"":""动画"",""y"":2010,""pop"":70190},{""t"":""To LOVEる -とらぶる- ダークネス2nd"",""cn"":"""",""ty"":""动画"",""y"":2015,""pop"":59464},{""t"":""To LOVEる -とらぶる-"",""cn"":""出包王女"",""ty"":""动画"",""y"":2009,""pop"":41179},{""t"":""To LOVEる -とらぶる- ダークネス"",""cn"":""出包王女DARKNESS"",""ty"":""动画"",""y"":2012,""pop"":30045}]",本作品的女主角，从戴比路克星来的外星人。也是戴比路克星银河系的第一公主。父亲是的戴比路克星王。母亲是宇宙公认的拥有第一美貌的戴比路克王妃。有两个妹妹。 拥有遗传自父亲的大胆和遗传自母亲的美貌。虽拥有正常人的姿态，但是拥有像魔鬼般的尾巴(戴比路克星的人的特征)。发型是有呆毛的粉红色长发。 因讨厌跟不断涌现的侯选结婚对象相亲的日子，从戴比路克离家出走抵达地球。 有着天真而自由奔放的性格，在学校是高度的活泼。,1264,1264,37,292,,https://lain.bgm.tv/pic/crt/l/35/88/257_crt_bbCeO.jpg?r=1497893334,https://lain.bgm.tv/r/400/pic/crt/l/35/88/257_crt_bbCeO.jpg?r=1497893334,https://s4.anilist.co/file/anilistcdn/character/medium/b5511-fz4zDPM0gBSQ.png|https://s4.anilist.co/file/anilistcdn/character/large/b5511-fz4zDPM0gBSQ.png|https://t.vndb.org/ch/68/51168.jpg,,Pink Ahoge Waist Length+ Straight Slim Pale School Uniform Green Hat Necktie,https://anilist.co/character/5511,https://bgm.tv/character/257,https://vndb.org/c42583,257
bgm-bgm37186,vndb,7,7,,明日原优纪,明日原 ユウキ,Asuhara Yuuki,明日原优希,女,B,,动画|Galgame,Galgame,ノラと皇女と野良猫ハート,野良和皇女和流浪猫之心,2016,Galgame,"[{""t"":""ノラと皇女と野良猫ハート"",""cn"":""野良和皇女和流浪猫之心"",""ty"":""Galgame"",""y"":2016,""pop"":1255},{""t"":""ノラと皇女と野良猫ハート2"",""cn"":"""",""ty"":""Galgame"",""y"":2017,""pop"":653},{""t"":""ノラと皇女と野良猫ハート2 -Nora, Princess, and Crying Cat.-"",""cn"":""野良与皇女与流浪猫之心2"",""ty"":""Galgame"",""y"":2017,""pop"":0},{""t"":""ノラと皇女と野良猫ハート -Nora, Princess, and Stray Cat.-"",""cn"":""野良与皇女与流浪猫之心"",""ty"":""Galgame"",""y"":2016,""pop"":0},{""t"":""ノラと皇女と野良猫ハート"",""cn"":""野良和皇女和流浪猫之心"",""ty"":""动画"",""y"":2017,""pop"":0}]",誰とでも分け隔てなく接する明るい女の子。 友達が多く、複数のバイトを掛け持ち。 平日朝にもシフトを入れる豪快な遅刻魔。 ノリの良い性格から男性によく声を掛けられる。 ギャルっぽいと言われることがある。 そろそろ彼氏を作ろうと思っている。 エッチなものに抵抗はないが、自分のことになると途端に慌てる。 「だいじょうぶですよ。 アタシ、ノラパイにしかこういうことしないんで」,1255,0,1255,53,,https://lain.bgm.tv/pic/crt/l/f1/c4/37186_crt_T9beQ.jpg,https://lain.bgm.tv/r/400/pic/crt/l/f1/c4/37186_crt_T9beQ.jpg,https://t.vndb.org/ch/89/74389.jpg,,Ponytail Long Wavy Teen Slim Pale School Uniform Hard Worker Missionary Doggy Style,,https://bgm.tv/character/37186,https://vndb.org/c40410,37186
bgm-bgm38619,vndb,7,7,,,妹口 あさひ,Seguchi Asahi,Asa-nee,女,A,,Galgame,Galgame,お兄ちゃん、キッスの準備はまだですか？,,2016,Galgame,"[{""t"":""お兄ちゃん、キッスの準備はまだですか？"",""cn"":"""",""ty"":""Galgame"",""y"":2016,""pop"":1252},{""t"":""お兄ちゃん、キッスの準備はまだですか？  エッチの準備もまだですか？"",""cn"":"""",""ty"":""Galgame"",""y"":2017,""pop"":199},{""t"":""お兄ちゃん、キッスの準備はまだですか？"",""cn"":""哥哥，还没准备好接吻吗？"",""ty"":""Galgame"",""y"":2016,""pop"":0},{""t"":""お兄ちゃん、キッスの準備はまだですか？　エッチの準備もまだですか？"",""cn"":""哥哥，还没准备好接吻吗？还没准备好H吗？"",""ty"":""Galgame"",""y"":2017,""pop"":0}]",四姉妹の長女。 しっかり者のよくできた妹。 長女として冷静なツッコミ役でいようと頑張ってるけど、お兄ちゃんの巻き起こすラッキースケベに裏でいつもドッキドキ。 昔、ハウスルールについてお兄ちゃんと共に悩んだ経験があり、特別な約束が今のふたりの “普通” を作った様子。 でも、リミットを越えると我を忘れてしまう。 大人のキスをし続けたら、お互い好きになり過ぎて日常のキスができなくなってしまい……。 「キスの時も、お兄ちゃんの顔が見たいの。普通の事じゃない？」,1252,0,1252,18,,https://lain.bgm.tv/pic/crt/l/de/77/38619_crt_HldzY.jpg,https://lain.bgm.tv/r/400/pic/crt/l/de/77/38619_crt_HldzY.jpg,https://t.vndb.org/ch/09/50209.jpg,,Violet Ponytail Long Teen Slim Pale School Uniform Proactive Missionary Doggy Style,,https://bgm.tv/character/38619,https://vndb.org/c40230,38619
al2171,anilist,7,7,,柊镜,柊かがみ,Kagami Hiiragi,Kagamin / 小镜，正常帝,女,B,,动画|漫画|Galgame,动画,らき☆すた,幸运星,2007,动画,"[{""t"":""らき☆すた"",""cn"":""幸运星"",""ty"":""动画"",""y"":2007,""pop"":145270},{""t"":""かんなぎ"",""cn"":""神薙"",""ty"":""动画"",""y"":2008,""pop"":37448},{""t"":""らき☆すた OVA"",""cn"":"""",""ty"":""动画"",""y"":2008,""pop"":30889},{""t"":""獄・さよなら絶望先生"",""cn"":""狱・再见绝望先生"",""ty"":""动画"",""y"":2008,""pop"":16524},{""t"":""宮河家の空腹"",""cn"":"""",""ty"":""动画"",""y"":2013,""pop"":8730},{""t"":""らき☆すた"",""cn"":""幸运星"",""ty"":""漫画"",""y"":2003,""pop"":4341}]",柊家三女，是柊司异卵双胞胎的姐姐，其实是个怕寂寞的女孩子，也是个“外冷内热”的角色，喜欢的游戏类型和此方不同，喜欢玩射击游戏系，多少听得懂泉此方所讲的宅话，被此方唤做镜大人（kagami sama)。同时也是轻小说的爱好者.与此方、司等人不同班，但常常在午餐时间的时候到此方的班级去找她们，极少在自己班里吃，只有一次在班级里吃的记录，却依然不甘寂寞的对日下部美沙绪（日下部 みさお）的“三秒规则”吐槽。,1246,1246,31,951,,https://lain.bgm.tv/pic/crt/l/31/62/1667_crt_V9hI9.jpg,https://lain.bgm.tv/r/400/pic/crt/l/31/62/1667_crt_V9hI9.jpg,https://s4.anilist.co/file/anilistcdn/character/medium/b2171-OTMMewsamHiC.png|https://s4.anilist.co/file/anilistcdn/character/large/b2171-OTMMewsamHiC.png|https://t.vndb.org/ch/05/85805.jpg,,Violet Twin Tails Teen Slim Pale School Uniform Blue Shirt Miniskirt Tsundere,https://anilist.co/character/2171,https://bgm.tv/character/1667,https://vndb.org/c71045,1667
al186875,anilist,7,7,,士道龙圣,士道龍聖,Ryuusei Shidou,Insect / Demon / Antennaed Freak / Joker,男,AB,18-,动画|漫画,动画,ブルーロック,蓝色监狱,2022,动画,"[{""t"":""ブルーロック"",""cn"":""蓝色监狱"",""ty"":""动画"",""y"":2022,""pop"":325210},{""t"":""ブルーロック VS. U-20 JAPAN"",""cn"":""蓝色监狱 VS. U-20 日本代表队"",""ty"":""动画"",""y"":2024,""pop"":142268},{""t"":""ブルーロック"",""cn"":""蓝色监狱"",""ty"":""漫画"",""y"":2018,""pop"":124054},{""t"":""ブルーロック -EPISODE 凪-"",""cn"":""蓝色监狱-EPISODE 凪-"",""ty"":""动画"",""y"":2024,""pop"":50833},{""t"":""ブルーロック"",""cn"":""蓝色监狱"",""ty"":""动画"",""y"":2022,""pop"":0},{""t"":""ブルーロック"",""cn"":""蓝色监狱"",""ty"":""漫画"",""y"":2018,""pop"":0}]",自身を「爆発」させるサッカーに並々ならぬ思いを持つ超攻撃特化型ストライカー。粗削りだが天性のサッカーセンスを持ちペナルティエリア内であれば誰よりも正確にゴールへの匂いを嗅ぎつける。暴力をふるうことに躊躇しない危険人物だが、サッカーにかける情熱は本物で自らのプレーを「生命活動」と称する。,1204,1204,0,1,,https://lain.bgm.tv/pic/crt/l/36/4d/127056_crt_JDqZE.jpg,https://lain.bgm.tv/r/400/pic/crt/l/36/4d/127056_crt_JDqZE.jpg,https://s4.anilist.co/file/anilistcdn/character/medium/b186875-JGHisZO21JxJ.png|https://s4.anilist.co/file/anilistcdn/character/large/b186875-JGHisZO21JxJ.png,,,https://anilist.co/character/186875,https://bgm.tv/character/127056,,127056
bgm-bgm113187,vndb,7,7,,,Amber Golley,Amber Golley,,女,,,Galgame,Galgame,Highway Blossoms,花开公路,2016,Galgame,"[{""t"":""Highway Blossoms"",""cn"":""花开公路"",""ty"":""Galgame"",""y"":2016,""pop"":1176},{""t"":""Highway Blossoms: Next Exit"",""cn"":"""",""ty"":""Galgame"",""y"":2020,""pop"":146},{""t"":""Highway Blossoms"",""cn"":""花开公路"",""ty"":""Galgame"",""y"":2016,""pop"":0}]","A quiet cynic with a short temper, Amber is a lifelong loner, wrestling with the recent death of her only real family, her beloved grandfather.",1176,0,1176,1,,https://lain.bgm.tv/pic/crt/l/4f/27/113187_crt_VD58v.jpg,https://lain.bgm.tv/r/400/pic/crt/l/4f/27/113187_crt_VD58v.jpg,https://t.vndb.org/ch/74/59474.jpg,,Brown Shoulder-length Straight Brown Teen Slim Pale Trousers Cunnilingus T-shirt,,https://bgm.tv/character/113187,https://vndb.org/c49706,113187
vndb-c5313,vndb,7,7,,瑠川纱罗,瑠川 さら,Rukawa Sara,,女,AB,,Galgame,Galgame,D.C.III ～ダ・カーポIII～,初音岛3,2012,Galgame,"[{""t"":""D.C.III ～ダ・カーポIII～"",""cn"":""初音岛3"",""ty"":""Galgame"",""y"":2012,""pop"":1134},{""t"":""D.C.III P.P. ～ダ・カーポIII プラチナパートナー～"",""cn"":"""",""ty"":""Galgame"",""y"":2014,""pop"":106},{""t"":""D.C.III With You ～ダ・カーポIII～ ウィズユー"",""cn"":"""",""ty"":""Galgame"",""y"":2016,""pop"":78},{""t"":""D.C.Ⅲ DreamDays～ダ・カーポⅢ～ドリームデイズ"",""cn"":"""",""ty"":""Galgame"",""y"":2017,""pop"":58}]",好きな食べ物：プディング、紅茶 嫌いな食べ物：コーヒー、柑橘類 風見学園付属 2年1組、新聞部所属。 飛び級で清隆と同じクラスに進級してきた一つ年下の女の子。 真面目な性格でちょっと頭の固い一面も。 そんな性格が災いしてついつい頑張りすぎて煙たがられてしまうこともあったり。 飛び級で進級できるほど勉強は得意だけど、人付き合いはあまり上手じゃない様子。 からかわれるとムキになっちゃうとか、まだまだ子供っぽい一面も。 「別に先輩のことが嫌いなわけじゃないです。,1134,0,1134,36,,https://lain.bgm.tv/pic/crt/l/bd/27/14420_crt_b0nTb.jpg,https://lain.bgm.tv/r/400/pic/crt/l/bd/27/14420_crt_b0nTb.jpg,https://t.vndb.org/ch/12/15512.jpg,,Blue Twin Tails Waist Length+ Slim Pale School Uniform Hard Worker Doggy Style Blowjob Sixty-nine,,https://bgm.tv/character/14420,https://vndb.org/c5313,14420
vndb-c12823,vndb,7,7,,,サラ・クリサリス,Sara Chrysalis,,女,AB,,Galgame,Galgame,D.C.III ～ダ・カーポIII～,初音岛3,2012,Galgame,"[{""t"":""D.C.III ～ダ・カーポIII～"",""cn"":""初音岛3"",""ty"":""Galgame"",""y"":2012,""pop"":1134},{""t"":""D.C.III With You ～ダ・カーポIII～ ウィズユー"",""cn"":"""",""ty"":""Galgame"",""y"":2016,""pop"":78}]","A character from the London chapter. Collecting stuffed animals (but she keeps it as a secret from everyone) Favorite Pudding, tea. Hated Coffee, citrus fruits. Prep Class 1-A.",1134,0,1134,0,,https://t.vndb.org/ch/59/59059.jpg,https://t.vndb.org/ch/59/59059.jpg,,#464973 #8787a8 #c0c1ce #f6f5f1 #e5e3e3 #ffffff,Violet Twin Tails Waist Length+ Slim Pale School Uniform Hard Worker Magician Cooking Amber,,,https://vndb.org/c12823,
vndb-c9487,vndb,7,7,,名波七爱,名波 七愛,Nanami Nanai,,女,,,Galgame,Galgame,月に寄りそう乙女の作法,近月少女的礼仪,2012,Galgame,"[{""t"":""月に寄りそう乙女の作法"",""cn"":""近月少女的礼仪"",""ty"":""Galgame"",""y"":2012,""pop"":1114},{""t"":""乙女理論とその周辺 -Ecole de Paris-"",""cn"":"""",""ty"":""Galgame"",""y"":2013,""pop"":627}]",跟从湊的女仆。 性格晦暗，经常自言自语。怨言也多。没有朋友。 本来是湊的同级生，有着曾在家庭离散而失去容身之所时被她所救的过去。 因此对主人湊异常着迷，对接近她的人持有等同于敌意的警戒。 即使对湊很放心的主人公朝日也有着如此倾向。 对待别人时会像狗一样排三六九等，对比自己更上级的人（譬如ルナ等）会打心底里服从。 而对下级的人（譬如主人公等），则会打心底里蔑视。 喜欢读三島由紀夫的书。,1114,0,1114,31,,https://lain.bgm.tv/pic/crt/l/83/4c/36131_crt_oEOez.jpg,https://lain.bgm.tv/r/400/pic/crt/l/83/4c/36131_crt_oEOez.jpg,https://t.vndb.org/ch/00/11000.jpg,,Brown Wavy Short Teen Slim Orphan Yandere Maid Maid's Dress Classmate,,https://bgm.tv/character/36131,https://vndb.org/c9487,36131
al158750,anilist,7,7,2002,出云风子,出雲風子,Fuuko Izumo,Unluck,女,,18,动画|漫画|轻小说,动画,アンデッドアンラック,不死不幸,2023,动画,"[{""t"":""アンデッドアンラック"",""cn"":""不死不幸"",""ty"":""动画"",""y"":2023,""pop"":131730},{""t"":""アンデッドアンラック"",""cn"":""不死不幸"",""ty"":""漫画"",""y"":2020,""pop"":29397},{""t"":""アンデッドアンラック Winter編"",""cn"":""不死不幸 冬季篇"",""ty"":""动画"",""y"":2025,""pop"":19723},{""t"":""アンデッドアンラック 不揃いなユニオンの日常"",""cn"":"""",""ty"":""轻小说"",""y"":2023,""pop"":229},{""t"":""アンデッドアンラック ロマンチックな否定者の休日"",""cn"":"""",""ty"":""轻小说"",""y"":2023,""pop"":205},{""t"":""アンデッドアンラック 否定者たちのアオハルな高校生活"",""cn"":"""",""ty"":""轻小说"",""y"":2025,""pop"":135}]",否定者。 能力：不幸(UNLUCK/アンラック）。他对象，强制发动型。 给身体直接接触到的对象带去不幸。规模依好感度、接触方式、面积、时间等决定。 但自己ー直没有完全把握清整规则。因能力在面对好感度低的敌人时会很无力，所以她很担心自己今后在做任务时是否会给安迪添麻烦。,1051,1051,0,68,,https://lain.bgm.tv/pic/crt/l/e2/d1/115899_crt_WjWjq.jpg?r=1692546854,https://lain.bgm.tv/r/400/pic/crt/l/e2/d1/115899_crt_WjWjq.jpg?r=1692546854,https://s4.anilist.co/file/anilistcdn/character/medium/b158750-VTbFjpOOnmu5.png|https://s4.anilist.co/file/anilistcdn/character/large/b158750-VTbFjpOOnmu5.png,,,https://anilist.co/character/158750,https://bgm.tv/character/115899,,115899
al90183,anilist,7,7,,由里乌斯·尤克历乌斯,ユリウス・ユークリウス,Julius Euclius,Julius Juukulius / Saiyuu no Kishi (最優の騎士) / Valuable Knight / ユーリ (Juli),男,,21,动画|漫画|Galgame,动画,Re:ゼロから始める異世界生活,Re：从零开始的异世界生活,2016,动画,"[{""t"":""Re:ゼロから始める異世界生活"",""cn"":""Re：从零开始的异世界生活"",""ty"":""动画"",""y"":2016,""pop"":621774},{""t"":""Re:ゼロから始める異世界生活 2nd Season"",""cn"":""Re：从零开始的异世界生活 第二季"",""ty"":""动画"",""y"":2020,""pop"":379615},{""t"":""Re:ゼロから始める異世界生活 3rd season"",""cn"":"""",""ty"":""动画"",""y"":2024,""pop"":195668},{""t"":""Re:ゼロから始める異世界生活 4th season"",""cn"":"""",""ty"":""动画"",""y"":2026,""pop"":139798},{""t"":""Re:ゼロから始める異世界生活 OVAs"",""cn"":"""",""ty"":""动画"",""y"":2018,""pop"":112258},{""t"":""異世界かるてっと"",""cn"":""异世界四重奏"",""ty"":""动画"",""y"":2019,""pop"":108323}]",「君はあの方に、相応しくない」 整った顔立ちに優雅な振舞い、高貴な生まれに確かな地位を持つ優れた騎士。 近衛騎士団に所属し、数ある騎士の中でも『最優の騎士』とされる優秀な人物。 剣技・魔法の技量に優れ、他の騎士たちの信頼も厚い、王国に忠節を誓う美丈夫。 アナスタシアの騎士となり、王選へ臨む主や相争う他の候補者に敬意を払っている。 ただし、王国の剣を自任する彼の意思は、立場を弁えない身の程知らずに容赦しない。 誕生日７月７日、誕生花は「睡蓮」で、花言葉は「清らかな心」です。,994,994,155,37,,https://lain.bgm.tv/pic/crt/l/b3/63/35621_crt_DOoUl.jpg?r=1607417158,https://lain.bgm.tv/r/400/pic/crt/l/b3/63/35621_crt_DOoUl.jpg?r=1607417158,https://s4.anilist.co/file/anilistcdn/character/medium/b90183-LWx59kSa5Vjl.png|https://s4.anilist.co/file/anilistcdn/character/large/b90183-LWx59kSa5Vjl.png|https://t.vndb.org/ch/25/114125.jpg,,Violet Short Teen Pale Hard Worker Amber Gloves Full Brother Friend Knight,https://anilist.co/character/90183,https://bgm.tv/character/35621,https://vndb.org/c94610,35621
al122706,anilist,7,7,,叶山煌,葉山アキラ,Akira Hayama,Curry man / 叶山亮 / 香气的贵公子,男,A,15,动画|漫画,动画,食戟のソーマ,食戟之灵,2015,动画,"[{""t"":""食戟のソーマ"",""cn"":""食戟之灵"",""ty"":""动画"",""y"":2015,""pop"":403190},{""t"":""食戟のソーマ 弍ノ皿"",""cn"":""食戟之灵 贰之皿"",""ty"":""动画"",""y"":2016,""pop"":260416},{""t"":""食戟のソーマ 餐ノ皿"",""cn"":""食戟之灵 餐之皿"",""ty"":""动画"",""y"":2017,""pop"":227810},{""t"":""『食戟のソーマ 餐ノ皿』 遠月列車篇"",""cn"":"""",""ty"":""动画"",""y"":2018,""pop"":172425},{""t"":""食戟のソーマ 豪ノ皿"",""cn"":""食戟之灵 豪之皿"",""ty"":""动画"",""y"":2020,""pop"":149392},{""t"":""食戟のソーマ 弍ノ皿 OVA"",""cn"":"""",""ty"":""动画"",""y"":2017,""pop"":54334}]",遠月学園高等部1年生の男子生徒。 スパイス（香辛料）を研究している汐見潤のゼミに所属している少年。褐色の肌と後ろに束ねた長い銀髪が特徴。ゼミは本来高等部2年生からしか参加出来ないが、助手であるため参加を許可されている。潤と共にスパイスを研究しているため、自身もカレーやスパイスに関する豊富な知識を持つ。スパイスの配合を的確に嗅ぎ分ける非常に鋭い嗅覚の持ち主で、料理において香りを最も重要視しており、彼が作る料理の香りは審査員だけでなく観客をも虜にさせる。,911,911,0,14,,https://lain.bgm.tv/pic/crt/l/52/6e/29658_crt_zZj8f.jpg?r=1748161047,https://lain.bgm.tv/r/400/pic/crt/l/52/6e/29658_crt_zZj8f.jpg?r=1748161047,https://s4.anilist.co/file/anilistcdn/character/medium/122706-OBGbtM9Lwt00.jpg|https://s4.anilist.co/file/anilistcdn/character/large/122706-OBGbtM9Lwt00.jpg,,,https://anilist.co/character/122706,https://bgm.tv/character/29658,,29658
al88115,anilist,7,7,,濑尾结月,瀬尾結月,Yuzuki Seo ,,女,B,16-17,动画|漫画,动画,月刊少女野崎くん,月刊少女野崎君,2014,动画,"[{""t"":""月刊少女野崎くん"",""cn"":""月刊少女野崎君"",""ty"":""动画"",""y"":2014,""pop"":223060},{""t"":""月刊少女野崎くん ミニOVAs"",""cn"":"""",""ty"":""动画"",""y"":2014,""pop"":33649},{""t"":""月刊少女野崎くん"",""cn"":""月刊少女野崎君"",""ty"":""漫画"",""y"":2011,""pop"":26056},{""t"":""月刊少女野崎くん アンソロジー"",""cn"":"""",""ty"":""漫画"",""y"":2014,""pop"":1286},{""t"":""月刊少女野崎くん"",""cn"":""月刊少女野崎君"",""ty"":""动画"",""y"":2014,""pop"":0},{""t"":""月刊少女野崎くん"",""cn"":""月刊少女野崎君"",""ty"":""漫画"",""y"":2012,""pop"":0}]",被称为「声乐部的罗蕾莱」 KY。但是没有恶意。 身边的朋友虽然时常对结月感到火大、但是能很正常地做朋友。 头发是天然卷。蓬蓬松松。解开辫子后长度到胸部附近。 因为家离学校较近、基本上是骑自行车上学。 心血来潮时也会坐电车上学。,879,879,0,134,,https://lain.bgm.tv/pic/crt/l/c7/5b/20365_crt_i46t6.jpg?r=1735916301,https://lain.bgm.tv/r/400/pic/crt/l/c7/5b/20365_crt_i46t6.jpg?r=1735916301,https://s4.anilist.co/file/anilistcdn/character/medium/88115.jpg|https://s4.anilist.co/file/anilistcdn/character/large/88115.jpg,,,https://anilist.co/character/88115,https://bgm.tv/character/20365,,20365
al3495,anilist,7,7,,犬冢牙,犬塚キバ,Kiba Inuzuka,,男,B,12-17,动画|漫画,动画,NARUTO -ナルト-,火影忍者,2002,动画,"[{""t"":""NARUTO -ナルト-"",""cn"":""火影忍者"",""ty"":""动画"",""y"":2002,""pop"":725301},{""t"":""NARUTO -ナルト- 疾風伝"",""cn"":""火影忍者疾风传"",""ty"":""动画"",""y"":2007,""pop"":610025},{""t"":""BORUTO-ボルト- NARUTO NEXT GENERATIONS"",""cn"":""博人传-火影次世代-"",""ty"":""动画"",""y"":2017,""pop"":225171},{""t"":""THE LAST -NARUTO THE MOVIE-"",""cn"":""火影忍者 剧场版 终章"",""ty"":""动画"",""y"":2014,""pop"":142927},{""t"":""NARUTO -ナルト-"",""cn"":""火影忍者"",""ty"":""漫画"",""y"":1999,""pop"":99205},{""t"":""ROAD TO NINJA -NARUTO THE MOVIE-"",""cn"":""火影忍者 剧场版 忍者之路"",""ty"":""动画"",""y"":2012,""pop"":73423}]",【第八班】（紅班）の一員。 班の中ではリーダー気質があり、無口なシノと引っ込み思案なヒナタを引っ張る存在。両頬に赤い逆三角形のペイントが描かれているのがチャームポイント。 気性が激しく、理論よりも本能で行動するワイルドな性格。自信過剰で口も悪いが、倒れたヒナタに付き添い心配するなど仲間思いな一面もある。 相棒の忍犬・赤丸と24時間常に共に行動し､その信頼関係は厚い。戦闘時においても洗練された連係プレーを見せる。,842,842,0,8,,https://lain.bgm.tv/pic/crt/l/5f/d2/7353_crt_anidb.jpg,https://lain.bgm.tv/r/400/pic/crt/l/5f/d2/7353_crt_anidb.jpg,https://s4.anilist.co/file/anilistcdn/character/medium/n3495-dtw0gHa5SOo6.png|https://s4.anilist.co/file/anilistcdn/character/large/n3495-dtw0gHa5SOo6.png,,,https://anilist.co/character/3495,https://bgm.tv/character/7353,,7353
vndb-c39727,vndb,7,7,,纹白,紋白,Monshiro,,男,,,Galgame,Galgame,黒蝶のサイケデリカ,黑蝶幻境,2015,Galgame,,キツネのお面をつけた謎の人物。 化け物に襲われているところを助けてくれるが、敵か味方か、わからない。,833,0,833,9,,https://lain.bgm.tv/pic/crt/l/05/15/28724_crt_DynGp.jpg?r=1420586955,https://lain.bgm.tv/r/400/pic/crt/l/05/15/28724_crt_DynGp.jpg?r=1420586955,https://t.vndb.org/ch/02/47902.jpg,,Black White Long Shoulder-length Teen Slim Pale School Uniform Trousers Assault,,https://bgm.tv/character/28724,https://vndb.org/c39727,28724
vndb-c39724,vndb,7,7,,山都,山都,Yamato,,男,,,Galgame,Galgame,黒蝶のサイケデリカ,黑蝶幻境,2015,Galgame,,乱暴な口調で喧嘩っ早い性格。 ぶっきらぼうなため、傍からはイライラしていたり不機嫌そうに見える。,833,0,833,5,,https://lain.bgm.tv/pic/crt/l/4d/2a/28721_crt_yEmZJ.jpg?r=1420586264,https://lain.bgm.tv/r/400/pic/crt/l/4d/2a/28721_crt_yEmZJ.jpg?r=1420586264,https://t.vndb.org/ch/99/47899.jpg,,Blue Short Teen Slim Pale Sweater Soccer Amnesia Hotblooded Blue,,https://bgm.tv/character/28721,https://vndb.org/c39724,28721
bgm-bgm13837,vndb,7,7,,梅原正吉,梅原 正吉,Umehara Masayoshi,,男,O,,动画|Galgame,Galgame,アマガミ,,2009,Galgame,"[{""t"":""アマガミ"",""cn"":"""",""ty"":""Galgame"",""y"":2009,""pop"":775},{""t"":""アマガミ ちょっとおまけ劇場"",""cn"":"""",""ty"":""Galgame"",""y"":2010,""pop"":38},{""t"":""アマガミGS"",""cn"":"""",""ty"":""Galgame"",""y"":2012,""pop"":26},{""t"":""アマガミ ちょっとおまけ劇場"",""cn"":""圣诞之吻 ～小小惊喜剧场～"",""ty"":""Galgame"",""y"":2012,""pop"":0},{""t"":""アマガミSS"",""cn"":""圣诞之吻SS"",""ty"":""动画"",""y"":2010,""pop"":0},{""t"":""アマガミSS+ plus"",""cn"":""圣诞之吻SS+ plus"",""ty"":""动画"",""y"":2012,""pop"":0}]",粋な親友。 青少年の参考書、通称「お宝本」を純一と貸し借りし合う悪友。粋でいなせな性格で、明るく面倒見がよいため、女子からも男子からも信頼されており、友人が多い。かなりの事情通。過去の手痛い失恋から立ち直れないでいる純一を叱咤激励していた。,775,0,775,3,,https://lain.bgm.tv/pic/crt/l/57/b7/13837_crt_M8mOm.jpg,https://lain.bgm.tv/r/400/pic/crt/l/57/b7/13837_crt_M8mOm.jpg,https://t.vndb.org/ch/03/9303.jpg,,Brown Short Teen Slim Pale School Uniform Trousers Black Suit Scarf,,https://bgm.tv/character/13837,https://vndb.org/c8752,13837
al2170,anilist,7,7,,柊司,柊つかさ,Tsukasa Hiiragi,,女,B,,动画|漫画|Galgame,动画,らき☆すた,幸运星,2007,动画,"[{""t"":""らき☆すた"",""cn"":""幸运星"",""ty"":""动画"",""y"":2007,""pop"":145270},{""t"":""かんなぎ"",""cn"":""神薙"",""ty"":""动画"",""y"":2008,""pop"":37448},{""t"":""らき☆すた OVA"",""cn"":"""",""ty"":""动画"",""y"":2008,""pop"":30889},{""t"":""獄・さよなら絶望先生"",""cn"":""狱・再见绝望先生"",""ty"":""动画"",""y"":2008,""pop"":16524},{""t"":""宮河家の空腹"",""cn"":"""",""ty"":""动画"",""y"":2013,""pop"":8730},{""t"":""らき☆すた"",""cn"":""幸运星"",""ty"":""漫画"",""y"":2003,""pop"":4341}]",柊家四女，擅长料理，但却不太擅长运动与念书。体格比起一般标准来说稍微小了点。眼睛是薄青紫色，淡紫色的短发上常常缚有像发箍一样作用的缎带，是典型的天然治愈系角色，也是个好人。 与双亲、姊妹共6人同住。和此方是同班同学。在生日时候收到了手机当作礼物，但却因为把手机放在裙子口袋中忘了拿出来就拿去洗而报废，重新买了后也曾经跌到地上而坏掉。 也似乎有过把热水加进炒面泡面后就摆着，结果应该要倒掉的热水都被面吸干的经历，由此可见她的冒失。,719,719,31,477,,https://lain.bgm.tv/pic/crt/l/49/69/3880_crt_pSTN3.jpg,https://lain.bgm.tv/r/400/pic/crt/l/49/69/3880_crt_pSTN3.jpg,https://s4.anilist.co/file/anilistcdn/character/medium/b2170-VHQFPIAZ5Qq6.png|https://s4.anilist.co/file/anilistcdn/character/large/b2170-VHQFPIAZ5Qq6.png|https://t.vndb.org/ch/07/85807.jpg,,Violet Shoulder-length Teen Slim Pale School Uniform Blue Shirt Miniskirt Airhead,https://anilist.co/character/2170,https://bgm.tv/character/3880,https://vndb.org/c71046,3880
al9700,anilist,7,7,,不动游星,不動遊星,Yusei Fudou,Shooting Star / Daniel,男,,18-20,动画|漫画|游戏,动画,遊☆戯☆王5D's（ファイブディーズ）,,2008,动画,"[{""t"":""遊☆戯☆王5D's（ファイブディーズ）"",""cn"":"""",""ty"":""动画"",""y"":2008,""pop"":31931},{""t"":""劇場版 遊☆戯☆王 ～超融合! 時空を越えた絆～"",""cn"":"""",""ty"":""动画"",""y"":2010,""pop"":15421},{""t"":""遊☆戯☆王5D's 進化する決闘! スターダストVSレッド・デーモンズ"",""cn"":"""",""ty"":""动画"",""y"":2008,""pop"":3045},{""t"":""遊☆戯☆王ファイブディーズ"",""cn"":"""",""ty"":""漫画"",""y"":2009,""pop"":1655},{""t"":""遊☆戯☆王5D's"",""cn"":""游戏王5D's"",""ty"":""动画"",""y"":2008,""pop"":0},{""t"":""10thアニバーサリー 劇場版 遊☆戯☆王 〜超融合!時空を越えた絆〜"",""cn"":""游戏王剧场版 超融合！超越时空的羁绊"",""ty"":""动画"",""y"":2010,""pop"":0}]",沉默寡言的游星有着一颗炽热的心。作为被命运选中的龙印者，游星借助友谊的力量无数次拯救世界于危难。他的废品卡组主要以低等级怪兽构成，但他通过同步召唤充分发挥了这些怪兽的潜力。他的主力怪兽是龙印者的龙“星尘龙”。,696,696,0,63,,https://lain.bgm.tv/pic/crt/l/29/5f/790_crt_kfFA7.jpg?r=1749911975,https://lain.bgm.tv/r/400/pic/crt/l/29/5f/790_crt_kfFA7.jpg?r=1749911975,https://s4.anilist.co/file/anilistcdn/character/medium/b9700-5cbgNJYOtiOc.jpg|https://s4.anilist.co/file/anilistcdn/character/large/b9700-5cbgNJYOtiOc.jpg,,,https://anilist.co/character/9700,https://bgm.tv/character/790,,790
al79589,anilist,7,7,1991,雪之下阳乃,雪ノ下陽乃,Haruno Yukinoshita,Harunon,女,B,20,动画|漫画|轻小说|Galgame,动画,やはり俺の青春ラブコメはまちがっている。,我的青春恋爱物语果然有问题,2013,动画,"[{""t"":""やはり俺の青春ラブコメはまちがっている。"",""cn"":""我的青春恋爱物语果然有问题"",""ty"":""动画"",""y"":2013,""pop"":381716},{""t"":""やはり俺の青春ラブコメはまちがっている。続"",""cn"":""我的青春恋爱物语果然有问题 续"",""ty"":""动画"",""y"":2015,""pop"":276649},{""t"":""やはり俺の青春ラブコメはまちがっている。完"",""cn"":""我的青春恋爱物语果然有问题 完"",""ty"":""动画"",""y"":2020,""pop"":224555},{""t"":""やはり俺の青春ラブコメはまちがっている。完 「だから、思春期は終わらずに、青春は続いていく。」"",""cn"":"""",""ty"":""动画"",""y"":2023,""pop"":46287},{""t"":""やはり俺の青春ラブコメはまちがっている。"",""cn"":""我的青春恋爱物语果然有问题"",""ty"":""轻小说"",""y"":2011,""pop"":20719},{""t"":""やはり俺の青春ラブコメはまちがっている。結"",""cn"":""我的青春恋爱物语果然有问题。结"",""ty"":""轻小说"",""y"":2021,""pop"":576}]",雪乃的姊姊。19岁。总武高中毕业生，平冢老师的学生。昵称平冢为“小静”。在本地的国立大学的理工系学部就读。姿容端丽的完美超人。待人接物的态度非常好。但由于常参与社交场合，要负责家中的一部分对外场合，学会长期带着伪装。,603,603,105,231,,https://lain.bgm.tv/pic/crt/l/e0/c5/20323_crt_y8336.jpg?r=1416050753,https://lain.bgm.tv/r/400/pic/crt/l/e0/c5/20323_crt_y8336.jpg?r=1416050753,https://s4.anilist.co/file/anilistcdn/character/medium/b79589-4Rg565ditDez.png|https://s4.anilist.co/file/anilistcdn/character/large/b79589-4Rg565ditDez.png|https://t.vndb.org/ch/42/64742.jpg,,Wavy Shoulder-length Slim Pale Young-adult Shirt Cardigan Jeans Outgoing Full Sister,https://anilist.co/character/79589,https://bgm.tv/character/20323,https://vndb.org/c54273,20323
al127425,anilist,7,7,,礼物·麦克风,山田ひざし,Hizashi Yamada,Voice Hero: Present Mic (プレゼント・マイク) / 布雷森特·麦克 / 山田阳射,男,B,30-,动画,动画,僕のヒーローアカデミア,我的英雄学院,2016,动画,"[{""t"":""僕のヒーローアカデミア"",""cn"":""我的英雄学院"",""ty"":""动画"",""y"":2016,""pop"":873712},{""t"":""僕のヒーローアカデミア２"",""cn"":"""",""ty"":""动画"",""y"":2017,""pop"":655237},{""t"":""僕のヒーローアカデミア３"",""cn"":"""",""ty"":""动画"",""y"":2018,""pop"":600666},{""t"":""僕のヒーローアカデミア４"",""cn"":"""",""ty"":""动画"",""y"":2019,""pop"":532336},{""t"":""僕のヒーローアカデミア５"",""cn"":"""",""ty"":""动画"",""y"":2021,""pop"":414683},{""t"":""僕のヒーローアカデミア６"",""cn"":"""",""ty"":""动画"",""y"":2022,""pop"":269963}]",7月7日生、身高185cm、30歳、喜歡的事物是無線電、TV。 雄英高中的英語老師 ，聲音英雄。跟相澤是同期畢業生。,592,592,0,1,,https://lain.bgm.tv/pic/crt/l/96/cd/39685_crt_G2fbR.jpg?r=1469016547,https://lain.bgm.tv/r/400/pic/crt/l/96/cd/39685_crt_G2fbR.jpg?r=1469016547,https://s4.anilist.co/file/anilistcdn/character/medium/b127425-POL7I9NC4emH.png|https://s4.anilist.co/file/anilistcdn/character/large/b127425-POL7I9NC4emH.png,,,https://anilist.co/character/127425,https://bgm.tv/character/39685,,39685
al130938,anilist,7,7,,雪白七七子,雪白七々子,Nanako Yukishiro,The Girl Who Calms the Waters,女,,15,动画|漫画,动画,川柳少女,川柳少女,2019,动画,"[{""t"":""川柳少女"",""cn"":""川柳少女"",""ty"":""动画"",""y"":2019,""pop"":56887},{""t"":""川柳少女"",""cn"":""川柳少女"",""ty"":""漫画"",""y"":2016,""pop"":14859},{""t"":""彼女、お借りしますx川柳少女"",""cn"":"""",""ty"":""漫画"",""y"":2018,""pop"":1250},{""t"":""川柳少女"",""cn"":""川柳少女"",""ty"":""漫画"",""y"":2017,""pop"":0},{""t"":""川柳少女"",""cn"":""川柳少女"",""ty"":""动画"",""y"":2019,""pop"":0}]",本作の主人公。柄井高校の1年生で、部活動は文芸部。 口下手で、伝えたいことがあるときは短冊に川柳を書いている。やや天然なところがある美少女で、男子生徒から密かに人気を集めているが、本人はエイジに恋しており、彼に積極的にアプローチしている。また、見た目に似合わず健啖家である。 父・吉彦、母・千冬、弟・ヒロと4人で暮らしており、特に父親からは溺愛されている。,581,581,0,100,,https://lain.bgm.tv/pic/crt/l/13/26/67584_crt_zitNT.jpg?r=1555251724,https://lain.bgm.tv/r/400/pic/crt/l/13/26/67584_crt_zitNT.jpg?r=1555251724,https://s4.anilist.co/file/anilistcdn/character/medium/b130938-wxRuUKtAjS4W.png|https://s4.anilist.co/file/anilistcdn/character/large/b130938-wxRuUKtAjS4W.png,,,https://anilist.co/character/130938,https://bgm.tv/character/67584,,67584
vndb-c10745,vndb,7,7,,七泽由仁,七沢 由仁,Nanasawa Yuni,,女,,,Galgame,Galgame,LOVELY×CATION,,2011,Galgame,,白鷺学園2年A組。 主人公とは、進学前にクラスメイトだったこともあるのだが、ほとんど交流がなく他人も同然。 昔は地味で目立たない女の子だったけれど、イメチェンに成功して一躍アイドル的な存在になった。 性格はおしとやかで才色兼備。 元々の性格が引っ込み思案で恥ずかしがり屋なためか、いまいち自分に自信が持てない。 母子家庭で、3人姉弟の長女。母親に代わって弟や妹の面倒を見ている、しっかり者のお姉さん。 趣味は料理とテニス。,565,0,565,47,,https://lain.bgm.tv/pic/crt/l/58/77/12553_crt_t5kGK.jpg,https://lain.bgm.tv/r/400/pic/crt/l/58/77/12553_crt_t5kGK.jpg,https://t.vndb.org/ch/86/12086.jpg,,Blue Short Straight Teen Slim Pale School Uniform Cooking Missionary Doggy Style,,https://bgm.tv/character/12553,https://vndb.org/c10745,12553
vndb-c83404,vndb,7,7,,伊尔·法多·德·里艾,イル・ファド・デ・リエ,Il Fado de Rie,,男,,,Galgame,Galgame,幻奏喫茶アンシャンテ,幻奏咖啡厅-Enchanté-,2019,Galgame,,【天界・カエルム】出身の、乙女ゲームが大好きな堕天使。優美な物腰の礼儀正しい好青年。 天然かつマイペース、かつかなりの世間知らずだが、対して優れた頭脳や理知的な一面も併せ持っている。 そのふわっとした雰囲気や性格の影響で、周りからは何かと世話を焼かれ、甘やかされやすい。 普段は乙女ゲームをするため、部屋に引きこもりがち。 非常に美しい歌声の持ち主。,542,0,542,5,,https://lain.bgm.tv/pic/crt/l/67/09/70383_crt_ycOEc.jpg?r=1688262581,https://lain.bgm.tv/r/400/pic/crt/l/67/09/70383_crt_ycOEc.jpg?r=1688262581,https://t.vndb.org/ch/93/106293.jpg,,Blond Waist Length+ Wavy Blue Robe Necklace Otaku Airhead Pretending Mind Control,,https://bgm.tv/character/70383,https://vndb.org/c83404,70383
al121640,anilist,7,7,,露米娅·汀洁尔,ルミア ティンジェル,Rumia Tingel,,女,,,动画|漫画|轻小说,动画,ロクでなし魔術講師と禁忌教典(アカシックレコード),,2017,动画,"[{""t"":""ロクでなし魔術講師と禁忌教典(アカシックレコード)"",""cn"":"""",""ty"":""动画"",""y"":2017,""pop"":200317},{""t"":""ロクでなし魔術講師と禁忌教典"",""cn"":""不正经的魔术讲师与禁忌教典"",""ty"":""漫画"",""y"":2015,""pop"":7100},{""t"":""ロクでなし魔術講師と禁忌教典"",""cn"":""不正经的魔术讲师与禁忌教典"",""ty"":""轻小说"",""y"":2014,""pop"":2863},{""t"":""ロクでなし魔術講師と追想日誌"",""cn"":"""",""ty"":""轻小说"",""y"":2016,""pop"":298},{""t"":""ロクでなし魔術講師と禁忌教典"",""cn"":""不正经的魔术讲师与禁忌教典"",""ty"":""漫画"",""y"":2014,""pop"":0},{""t"":""ロクでなし魔術講師と禁忌教典"",""cn"":""不正经的魔术讲师与禁忌教典"",""ty"":""动画"",""y"":2017,""pop"":0}]","Rumia is [Sistine](//anilist.co/character/121639/Fibel-Sistine)'s best friend who lives with her family. She is close to [Glenn](//anilist.co/character/121638/Radars-Glenn), who often treats her well, in contrast to the teasing that Sistine…",516,516,0,99,,https://lain.bgm.tv/pic/crt/l/81/3a/47616_crt_112hi.jpg,https://lain.bgm.tv/r/400/pic/crt/l/81/3a/47616_crt_112hi.jpg,https://s4.anilist.co/file/anilistcdn/character/medium/121640-xYH4xEMQDdHO.jpg|https://s4.anilist.co/file/anilistcdn/character/large/121640-xYH4xEMQDdHO.jpg,,,https://anilist.co/character/121640,https://bgm.tv/character/47616,,47616
al130872,anilist,7,7,,尾根峰宁宁,尾根峰ねね,Nene Onemine,,女,,,动画|漫画,动画,古見さんは、コミュ症です。,古见同学有交流障碍症,2021,动画,"[{""t"":""古見さんは、コミュ症です。"",""cn"":""古见同学有交流障碍症"",""ty"":""动画"",""y"":2021,""pop"":320892},{""t"":""古見さんは、コミュ症です。2"",""cn"":"""",""ty"":""动画"",""y"":2022,""pop"":167785},{""t"":""古見さんは、コミュ症です。"",""cn"":""古见同学有交流障碍症"",""ty"":""漫画"",""y"":2016,""pop"":106886},{""t"":""古見さんは、コミュ症です。2期"",""cn"":""古见同学有交流障碍症 第二季"",""ty"":""动画"",""y"":2022,""pop"":0},{""t"":""古見さんは、コミュ症です。"",""cn"":""古见同学有交流障碍症"",""ty"":""动画"",""y"":2021,""pop"":0},{""t"":""古見さんは、コミュ症です。"",""cn"":""古见同学有交流障碍症"",""ty"":""漫画"",""y"":2016,""pop"":0}]",简称おねえさん。对于只野仁人担任学级委员后总是忙得头晕脑胀感到不舍，所以主动帮忙，在帮忙时看出古见硝子对只野仁人的感情，总有意凑合他们两人。,507,507,0,18,,https://lain.bgm.tv/pic/crt/l/3c/8e/62980_crt_unKdt.jpg,https://lain.bgm.tv/r/400/pic/crt/l/3c/8e/62980_crt_unKdt.jpg,https://s4.anilist.co/file/anilistcdn/character/medium/b130872-FkJv0wh1Y5Yx.png|https://s4.anilist.co/file/anilistcdn/character/large/b130872-FkJv0wh1Y5Yx.png,,,https://anilist.co/character/130872,https://bgm.tv/character/62980,,62980
bgm-bgm68740,vndb,7,7,,,日紫喜 うぐいす,Hishiki Uguisu,,女,O,,Galgame,Galgame,月の彼方で逢いましょう,,2019,Galgame,"[{""t"":""月の彼方で逢いましょう"",""cn"":"""",""ty"":""Galgame"",""y"":2019,""pop"":481},{""t"":""月の彼方で逢いましょう"",""cn"":""在月之彼岸邂逅"",""ty"":""Galgame"",""y"":2019,""pop"":0}]",主人公と同じ学校に通う上級生で、 文藝部の先輩。 物静かな容姿と、凛とした佇まいで、 男子女子問わず人気がある。 文藝部に所属してはいるが、 自身は読み専門で部員たちの作品に 的確に批判·寸評をしている。 ずっと本を読んでいるだれに、様々な知識を蓄えているが、 知ってるだれで実践出来るわけではない。 だけど、彼女の物腰や纏う空気感から「出来る女」と 周囲からは認識されている。 本人は「普通」に接して欲しいと思っている。 古いタイプのＳＮＳサイトで、毎日日記をつけている。,481,0,481,54,,https://lain.bgm.tv/pic/crt/l/ee/6c/68740_crt_W8911.jpg,https://lain.bgm.tv/r/400/pic/crt/l/ee/6c/68740_crt_W8911.jpg,https://t.vndb.org/ch/36/98936.jpg,,Violet Ponytail Waist Length+ Shoulder-length Short Straight Teen Slim Pale School Uniform,,https://bgm.tv/character/68740,https://vndb.org/c77877,68740
al35660,anilist,7,7,,筱之之帚,篠ノ之箒,Houki Shinonono,,女,,,动画,动画,IS〈インフィニット・ストラトス〉,IS〈无限斯特拉托斯〉,2011,动画,"[{""t"":""IS〈インフィニット・ストラトス〉"",""cn"":""IS〈无限斯特拉托斯〉"",""ty"":""动画"",""y"":2011,""pop"":133222},{""t"":""IS〈インフィニット・ストラトス〉2"",""cn"":""IS〈无限斯特拉托斯〉第二季"",""ty"":""动画"",""y"":2013,""pop"":81974},{""t"":""IS ＜インフィニット・ストラトス＞ アンコール『恋に焦がれる六重奏』"",""cn"":"""",""ty"":""动画"",""y"":2011,""pop"":29933},{""t"":""IS〈インフィニット・ストラトス〉2 ワールド・パージ編"",""cn"":"""",""ty"":""动画"",""y"":2014,""pop"":20567},{""t"":""IS＜インフィニット・ストラトス＞2  ロングバケーション 一夏（ひとなつ）の想いで"",""cn"":"""",""ty"":""动画"",""y"":2013,""pop"":14738},{""t"":""IS〈インフィニット・ストラトス〉2 インフィニット・ウエディング"",""cn"":"""",""ty"":""动画"",""y"":2016,""pop"":10075}]",六年不见的一夏的青梅竹马。 特征是长马尾。 专用IS：紅椿,428,428,0,118,,https://lain.bgm.tv/pic/crt/l/b4/e9/10514_crt_Zs8J8.jpg?r=1728974598,https://lain.bgm.tv/r/400/pic/crt/l/b4/e9/10514_crt_Zs8J8.jpg?r=1728974598,https://s4.anilist.co/file/anilistcdn/character/medium/b35660-kHfdwJ4ZOubg.jpg|https://s4.anilist.co/file/anilistcdn/character/large/b35660-kHfdwJ4ZOubg.jpg,,,https://anilist.co/character/35660,https://bgm.tv/character/10514,,10514
al204495,anilist,7,7,2004,海咲野空琉,海咲野くくる,Kukuru Misakino,Plankton / Director / 海咲野心,女,,17,动画|漫画,动画,白い砂のアクアトープ,白沙的水族馆,2021,动画,"[{""t"":""白い砂のアクアトープ"",""cn"":""白沙的水族馆"",""ty"":""动画"",""y"":2021,""pop"":63802},{""t"":""白い砂のアクアトープ"",""cn"":""白沙的水族馆"",""ty"":""漫画"",""y"":2021,""pop"":1339},{""t"":""白い砂のアクアトープ みに"",""cn"":"""",""ty"":""动画"",""y"":2021,""pop"":1221},{""t"":""白い砂のアクアトープ"",""cn"":""白沙的水族馆"",""ty"":""动画"",""y"":2021,""pop"":0}]",沖縄の小さな「がまがま水族館」で館長代理を務める高校生。まっすぐな明るい性格。水族館への思い入れが人一倍強く、生き物が絡むと厳しい口調もいとわないプロフェッショナルな一面も。同年代らしい流行やおしゃれなどには疎い。閉館寸前の「がまがま水族館」の立て直しに奔走する。,404,404,0,77,,https://lain.bgm.tv/pic/crt/l/90/ad/90631_crt_W5x7a.jpg?r=1625984120,https://lain.bgm.tv/r/400/pic/crt/l/90/ad/90631_crt_W5x7a.jpg?r=1625984120,https://s4.anilist.co/file/anilistcdn/character/medium/b204495-kz9jYD5p7zgu.png|https://s4.anilist.co/file/anilistcdn/character/large/b204495-kz9jYD5p7zgu.png,,,https://anilist.co/character/204495,https://bgm.tv/character/90631,,90631
vndb-c5600,vndb,7,7,,天野·安吉丽娜·萤,天野・アンジェリーヌ・ほたる,Amano Angeline Hotaru,Ange,女,,,Galgame,Galgame,すぴぱら,,2012,Galgame,"[{""t"":""すぴぱら"",""cn"":"""",""ty"":""Galgame"",""y"":2012,""pop"":390},{""t"":""すぴぱら"",""cn"":"""",""ty"":""Galgame"",""y"":2012,""pop"":390}]",腹黑、毒舌的二年生。混血儿。知道爱丽丝的真正身份 @Amano_Hotaru,390,0,390,28,,https://lain.bgm.tv/pic/crt/l/eb/5a/13348_crt_22Hfm.jpg,https://lain.bgm.tv/r/400/pic/crt/l/eb/5a/13348_crt_22Hfm.jpg,https://t.vndb.org/ch/70/10370.jpg,,Blond Twin Tails Waist Length+ Curtained Straight Teen Slim Pale School Uniform Cooking,,https://bgm.tv/character/13348,https://vndb.org/c5600,13348
vndb-c98652,vndb,7,7,,,有明,Ariake,,男,O,,Galgame,Galgame,大穢,,2025,Galgame,,25岁 あなたの自称助手 大江杏の葬儀に関わった火葬場職員。 困っている人を放っておけない 面倒見の良い性格。 利き腕を折ってしまってからは 周囲に助けられてばかりの生活で 「ありがとうございます」が 口癖になっている。 行きの船から落ちそうになったところを 大崎に助けられて以降、 行動を共にしている。,389,0,389,4,,https://lain.bgm.tv/pic/crt/l/bd/be/110365_crt_W22zb.jpg?r=1745575961,https://lain.bgm.tv/r/400/pic/crt/l/bd/be/110365_crt_W22zb.jpg?r=1745575961,https://t.vndb.org/ch/71/156171.jpg,,Black Short Slim Pale Missionary Doggy Style Cowgirl Spoons Virgin Sex Red,,https://bgm.tv/character/110365,https://vndb.org/c98652,110365
vndb-c7172,vndb,7,7,,,柚木 奏,Yuzuki Kanade,,女,B,,Galgame,Galgame,へんし～ん!!! ～パンツになってクンクンペロペロ～,,2011,Galgame,,"She is sick and often misses classes. She speaks less and tends to avoid communicating with others. When she takes off her eyepatch, she is rumored to be a beautiful girl.",342,0,342,0,,https://t.vndb.org/ch/18/9618.jpg,https://t.vndb.org/ch/18/9618.jpg,,#685b6d #a392a0 #c6c3cc #f9f8f2 #e8e7e4 #ffffff,Violet Short Teen Slim Pale School Uniform Green Cross Necklace Miniskirt Pantyhose,,,https://vndb.org/c7172,
al17245,anilist,7,7,1992,鬼塚一爱,鬼塚一愛,Hime Onizuka,Himeko (ヒメコ) / Onihime (鬼姫) / Purin-san (プリンさん) / Himeo (ヒメオ),女,B,17-18,动画|漫画,动画,銀魂’,,2011,动画,"[{""t"":""銀魂’"",""cn"":"""",""ty"":""动画"",""y"":2011,""pop"":110096},{""t"":""SKET DANCE"",""cn"":""学园救援团"",""ty"":""动画"",""y"":2011,""pop"":47067},{""t"":""銀魂"",""cn"":""银魂"",""ty"":""漫画"",""y"":2003,""pop"":31772},{""t"":""ウィッチウォッチ"",""cn"":""魔女与使魔"",""ty"":""漫画"",""y"":2021,""pop"":17558},{""t"":""SKET DANCE"",""cn"":""学园救援团"",""ty"":""漫画"",""y"":2007,""pop"":10166},{""t"":""SKET DANCE 妹の悩みに悩む兄に悩む妹とその仲間達"",""cn"":"""",""ty"":""动画"",""y"":2013,""pop"":5351}]","Kaimei High School 2-C (chapters 1-209); 3-C (chapters 210-288) Sket Dan Hockey Sticks (Valkyrie, Cyclone, Kunpuumaru) Himeko is the violent ""yankee""-girl with a soft spot for cute things.",317,317,0,27,,https://lain.bgm.tv/pic/crt/l/0c/10/10843_crt_7q87h.jpg,https://lain.bgm.tv/r/400/pic/crt/l/0c/10/10843_crt_7q87h.jpg,https://s4.anilist.co/file/anilistcdn/character/medium/b17245-bLcKpNtzRdAV.png|https://s4.anilist.co/file/anilistcdn/character/large/b17245-bLcKpNtzRdAV.png,,,https://anilist.co/character/17245,https://bgm.tv/character/10843,,10843
vndb-c74810,vndb,7,7,,,蘇芳 咲,Suou Sakuma,,女,B,,Galgame,Galgame,1bitHeart,,2015,Galgame,,"The girl working at the CD shop. Natsukage's older sister. Her personality and attitude are bad. Real bad. She only hears what she wants to, which is bad too. But she is popular with certain customers.",316,0,316,0,1,https://t.vndb.org/ch/61/90561.jpg,https://t.vndb.org/ch/61/90561.jpg,,#af3f71 #5986b4 #75a2bf #b97aa0 #64466e #eacccd,Pink Violet Ahoge Red Friend Bikini Cosplay Small Breast Sizes Headphones Multicolored,,,https://vndb.org/c74810,
vndb-c2123,vndb,7,7,,纽绪结奈,紐緒 結奈,Himoo Yuina,,女,A,,Galgame,Galgame,ときめきメモリアル,,1994,Galgame,"[{""t"":""ときめきメモリアル"",""cn"":"""",""ty"":""Galgame"",""y"":1994,""pop"":311},{""t"":""ときめきメモリアルドラマシリーズ Vol.1 虹色の青春"",""cn"":"""",""ty"":""Galgame"",""y"":1997,""pop"":6},{""t"":""ときめきメモリアルドラマシリーズ Vol.3 旅立ちの詩"",""cn"":"""",""ty"":""Galgame"",""y"":1999,""pop"":4},{""t"":""ときめきメモリアルドラマシリーズ Vol.2 彩のラブソング"",""cn"":"""",""ty"":""Galgame"",""y"":1998,""pop"":3}]",结奈所属科学部或电脑部，IQ高达300，「野望是征服世界」的疯狂科学家， 头脑过人，开发能力，研究室等条件都拥有顶级科学家的水准， 开发了「世界征服机器人」和「纽绪装甲」多种发明，并毫不介意的以自己的名字命名之。 结奈的登场方式多种多样，光是平时执行理科指令的登场就有4种， 其中更是有强迫主人公加入她所在的社团这种恐怖行为。 一旦发生此事件，不管主人公是无社团所属还是已经加入了其他社团，都会立刻被强制更换社团，实在是太可怕了。 不过，玩家可以立刻退部，再加回原来的社团就是了。,311,0,311,0,,https://lain.bgm.tv/pic/crt/l/17/24/123439_crt_Hlo3n.jpg,https://lain.bgm.tv/r/400/pic/crt/l/17/24/123439_crt_Hlo3n.jpg,https://t.vndb.org/ch/88/171788.jpg,,Blue Curtained School Uniform Blue Scientist High School Student Genius,,https://bgm.tv/character/123439,https://vndb.org/c2123,123439
al174797,anilist,7,7,,,陈,Ch'en,チェン / 첸 / 假日威龙陈 / Ch'en the Holungday,女,,,动画|游戏,动画,アークナイツ 黎明前奏,,2022,动画,"[{""t"":""アークナイツ 黎明前奏"",""cn"":"""",""ty"":""动画"",""y"":2022,""pop"":45703},{""t"":""アークナイツ 冬隠帰路"",""cn"":"""",""ty"":""动画"",""y"":2023,""pop"":22741},{""t"":""アークナイツ 焔燼曙明"",""cn"":"""",""ty"":""动画"",""y"":2025,""pop"":15502},{""t"":""Holy Knight Light"",""cn"":"""",""ty"":""动画"",""y"":2020,""pop"":3023},{""t"":""アークナイツ アニメPVs"",""cn"":"""",""ty"":""动画"",""y"":2020,""pop"":2671},{""t"":""Running In The Dark"",""cn"":"""",""ty"":""动画"",""y"":2022,""pop"":957}]",陈，前龙门高级警司，前龙门近卫局特别督察组组长，毕业于维多利亚皇家近卫学校，成绩优异，表现突出。在龙门近卫局供职期间，力主取缔龙门境内非法活动，对抗暴力犯罪和有组织犯罪，追缉武装逃犯与国际重犯等行动，并取得多项重大成果。 现辞去职务，正式成为罗德岛的一员。依本人意愿，任务多以外派为主，为各地外派干员提供有力支援以及现场指导。,303,303,0,58,,https://lain.bgm.tv/pic/crt/l/62/bd/65913_crt_FhJZ0.jpg,https://lain.bgm.tv/r/400/pic/crt/l/62/bd/65913_crt_FhJZ0.jpg,https://lain.bgm.tv/r/400/pic/crt/l/29/04/181472_crt_n2Y92.jpg|https://lain.bgm.tv/pic/crt/l/29/04/181472_crt_n2Y92.jpg|https://storage.moegirl.org.cn/moegirl/commons/b/bd/%E6%98%8E%E6%97%A5%E6%96%B9%E8%88%9F%E7%AB%8B%E7%BB%98_%E5%81%87%E6%97%A5%E5%A8%81%E9%BE%99%E9%99%88_skin1.png!/fw/480/watermark/url/L21vZWdpcmwvd2F0ZXJtYXJrLnBuZw==/align/southeast/margin/10x10/opacity/50?v=20230502193532|https://storage.moegirl.org.cn/moegirl/commons/b/bd/%E6%98%8E%E6%97%A5%E6%96%B9%E8%88%9F%E7%AB%8B%E7%BB%98_%E5%81%87%E6%97%A5%E5%A8%81%E9%BE%99%E9%99%88_skin1.png|https://s4.anilist.co/file/anilistcdn/character/medium/b174797-uy1fMpcOlHj2.jpg|https://s4.anilist.co/file/anilistcdn/character/large/b174797-uy1fMpcOlHj2.jpg,,图源:moegirl,https://anilist.co/character/174797,https://bgm.tv/character/65913,,65913
bgm-bgm99841,vndb,7,7,,,河合 雛子,Kawai Hinako,Jeannie Hamill / ジニー・ハミル,女,B,,动画|Galgame,Galgame,放課後恋愛クラブ ～恋のエチュード～,,1996,Galgame,"[{""t"":""放課後恋愛クラブ ～恋のエチュード～"",""cn"":"""",""ty"":""Galgame"",""y"":1996,""pop"":301},{""t"":""放課後マニア倶楽部 ～濃いの欲しいの～"",""cn"":"""",""ty"":""Galgame"",""y"":1997,""pop"":5},{""t"":""放課後恋愛クラブ ～恋のエチュード～"",""cn"":"""",""ty"":""Galgame"",""y"":1996,""pop"":0},{""t"":""放課後恋愛クラブ -恋のエチュード-"",""cn"":""放课后恋爱俱乐部 恋爱练习曲"",""ty"":""动画"",""y"":1998,""pop"":0}]","3rd-year Moriyoh Gakuen a warm-hearted person She's a soft, loving and warm person, but she's kind of spacy. She loves shopping by mail because she can flip through the catalogs.",301,0,301,1,1,https://lain.bgm.tv/pic/crt/l/a3/76/99841_crt_pUL00.jpg,https://lain.bgm.tv/r/400/pic/crt/l/a3/76/99841_crt_pUL00.jpg,https://t.vndb.org/ch/72/78472.jpg,,Red Shoulder-length School Uniform Missionary Doggy Style Blowjob Red Airhead Full Sister Classmate,,https://bgm.tv/character/99841,https://vndb.org/c65189,99841
bgm-bgm38679,vndb,7,7,,,早久 美鞠,Hayaku Bimari,,女,B,,Galgame,Galgame,にゃんカフェマキアート ～猫がいるカフェのえっち事情～,喵玛奇朵咖啡~有猫的cafe的H事情,2013,Galgame,"[{""t"":""にゃんカフェマキアート ～猫がいるカフェのえっち事情～"",""cn"":""喵玛奇朵咖啡~有猫的cafe的H事情"",""ty"":""Galgame"",""y"":2013,""pop"":298},{""t"":""にゃんカフェマキアート ～猫がいるカフェのえっち事情～"",""cn"":""喵玛奇朵咖啡~有猫的cafe的H事情"",""ty"":""Galgame"",""y"":2013,""pop"":0}]",美華たちのクラスメイトでいつも英子と一緒にいる。 趣味は情報集め。 学園の話題からコンビニの新作スナック菓子、アニメやゲームの情報まで幅広く網羅している。 普段は子供っぽいのだが、意外にも成績はクラスでトップレベル。 「こんにち、にゃん！ 今日も元気に行ってみよぉ～！ ……って、どこ行けばいいかなぁ？」,298,0,298,1,,https://lain.bgm.tv/pic/crt/l/ba/a2/38679_crt_Dv4D1.jpg,https://lain.bgm.tv/r/400/pic/crt/l/ba/a2/38679_crt_Dv4D1.jpg,https://t.vndb.org/ch/27/23527.jpg,,Violet Ahoge Shoulder-length Straight Teen Slim Pale Miniskirt Pantyhose Classmate,,https://bgm.tv/character/38679,https://vndb.org/c18830,38679
vndb-c102384,vndb,7,7,,,宇賀 菊之助,Uga Kikunosuke,Kiku / Pochi,男,A,,Galgame,Galgame,天獄ストラグル -strayside-,天狱乱斗 -strayside-,2022,Galgame,,享年17歳。 生前は大泥棒・弁天小僧として名をはせていた。 身体が狼に変化する特殊な煩能の持ち主で、 コスト維持のため大食漢。,285,0,285,0,,https://lain.bgm.tv/pic/crt/l/03/1a/107935_crt_Jz3BB.jpg?r=1689480665,https://lain.bgm.tv/r/400/pic/crt/l/03/1a/107935_crt_Jz3BB.jpg?r=1689480665,https://t.vndb.org/ch/42/162142.jpg,,Brown Curtained Short Straight Kemonomimi Slim Pale Cooking Hazel Young-adult,,https://bgm.tv/character/107935,https://vndb.org/c102384,107935
vndb-c225,vndb,7,7,,,犬神 帆波,Inugami Honami,ねぇや / Neeya,女,O,,Galgame,Galgame,つよきす,娇蛮之吻,2005,Galgame,"[{""t"":""つよきす"",""cn"":""娇蛮之吻"",""ty"":""Galgame"",""y"":2005,""pop"":284},{""t"":""みにきす　～つよきすファンディスク～"",""cn"":"""",""ty"":""Galgame"",""y"":2006,""pop"":37},{""t"":""姉、ちゃんとしようよっ！2"",""cn"":"""",""ty"":""Galgame"",""y"":2004,""pop"":36}]",お調子者の明るいおねーさん。 空也の初めての相手にして育ての姉でもある。 とことんネアカな性格で楽しければいい主義。 そのナイスバディを使い弟を誘惑・挑発しからかっている。,284,0,284,4,,https://lain.bgm.tv/pic/crt/l/7e/04/44786_crt_611SF.jpg,https://lain.bgm.tv/r/400/pic/crt/l/7e/04/44786_crt_611SF.jpg,https://t.vndb.org/ch/92/13692.jpg,,Ahoge Long Curtained Straight Slim Pale School Uniform Doggy Style Cowgirl Blowjob,,https://bgm.tv/character/44786,https://vndb.org/c225,44786
al344566,anilist,7,7,,铃之宫莉莉莎,鈴ノ宮りりさ,Lilisa Suzunomiya,Lily,女,,,动画|漫画,动画,ロックは淑女の嗜みでして,摇滚乃是淑女的爱好,2025,动画,"[{""t"":""ロックは淑女の嗜みでして"",""cn"":""摇滚乃是淑女的爱好"",""ty"":""动画"",""y"":2025,""pop"":39390},{""t"":""ロックは淑女の嗜みでして"",""cn"":""摇滚乃是淑女的爱好"",""ty"":""漫画"",""y"":2022,""pop"":2611},{""t"":""ロックは淑女の嗜みでして"",""cn"":""摇滚乃是淑女的爱好"",""ty"":""动画"",""y"":2025,""pop"":0},{""t"":""ロックは淑女の嗜みでして"",""cn"":""摇滚乃是淑女的爱好"",""ty"":""漫画"",""y"":2023,""pop"":0}]",桜心女学園に通う高校一年生。親の再婚で、庶民から不動産王である鈴ノ宮家の娘になる。学園一のお嬢様の称号「ノーブルメイデン」を目指すべく、大好きだったロックとギターを捨て「お嬢様らしく」振舞う努力をしている。,282,282,0,56,,https://lain.bgm.tv/pic/crt/l/a2/c7/166504_crt_wKnpr.jpg?r=1730897892,https://lain.bgm.tv/r/400/pic/crt/l/a2/c7/166504_crt_wKnpr.jpg?r=1730897892,https://s4.anilist.co/file/anilistcdn/character/medium/b344566-0RYWon4iTQUI.png|https://s4.anilist.co/file/anilistcdn/character/large/b344566-0RYWon4iTQUI.png,,,https://anilist.co/character/344566,https://bgm.tv/character/166504,,166504
al135250,anilist,7,7,,三宫三叶,三宮三葉,Mitsuba Sanguu,,女,A,16,动画|漫画,动画,終わりのセラフ,终结的炽天使,2015,动画,"[{""t"":""終わりのセラフ"",""cn"":""终结的炽天使"",""ty"":""动画"",""y"":2015,""pop"":328717},{""t"":""終わりのセラフ　名古屋決戦編"",""cn"":""终结的炽天使 名古屋决战篇"",""ty"":""动画"",""y"":2015,""pop"":197864},{""t"":""終わりのセラフ"",""cn"":""终结的炽天使"",""ty"":""漫画"",""y"":2012,""pop"":44335},{""t"":""終わりのセラフ「終わらないセラフ」"",""cn"":"""",""ty"":""动画"",""y"":2015,""pop"":43018},{""t"":""終わりのセラフ 吸血鬼シャハル"",""cn"":"""",""ty"":""动画"",""y"":2016,""pop"":38929},{""t"":""終わりのセラフ 名古屋決戦編 「終わらないセラフ名古屋決戦編」"",""cn"":"""",""ty"":""动画"",""y"":2015,""pop"":19222}]",13岁就加入帝鬼军的少女，曾因为自己的冲动导致原来的队伍除自己以外全灭，和柊筱娅是朋友。对百夜优一郎有好感。但因为小优的冲动和不顾一切的鲁莽，害怕再次出现全军覆灭的情况，常常对小优发火。,279,279,0,22,,https://lain.bgm.tv/pic/crt/l/bb/e8/28628_crt_qJyXj.jpg?r=1420141051,https://lain.bgm.tv/r/400/pic/crt/l/bb/e8/28628_crt_qJyXj.jpg?r=1420141051,https://s4.anilist.co/file/anilistcdn/character/medium/b135250-fCoUY2wGYLUw.png|https://s4.anilist.co/file/anilistcdn/character/large/b135250-fCoUY2wGYLUw.png,,,https://anilist.co/character/135250,https://bgm.tv/character/28628,,28628
al142474,anilist,7,7,,有栖川帝统,有栖川帝統,Dice Arisugawa,Dead or Alive / Dead or Alive（デッド オア アライブ）,男,B,20,动画|漫画|游戏,动画,ヒプノシスマイク -Division Rap Battle- Rhyme Anima,,2020,动画,"[{""t"":""ヒプノシスマイク -Division Rap Battle- Rhyme Anima"",""cn"":"""",""ty"":""动画"",""y"":2020,""pop"":25410},{""t"":""ヒプノシスマイク-Division Rap Battle- Rhyme Anima +"",""cn"":"""",""ty"":""动画"",""y"":2023,""pop"":5302},{""t"":""ヒプノシスマイク -Division Rap Battle- side F.P & M"",""cn"":"""",""ty"":""漫画"",""y"":2018,""pop"":1039},{""t"":""映画 ヒプノシスマイク -Division Rap Battle-"",""cn"":"""",""ty"":""动画"",""y"":2025,""pop"":994},{""t"":""Glory or Dust"",""cn"":"""",""ty"":""动画"",""y"":2021,""pop"":547},{""t"":""ヒプノシスマイク -Before the Battle- Dawn of Divisions"",""cn"":"""",""ty"":""漫画"",""y"":2020,""pop"":467}]",ギャンブラー。 有り金はもちろん、自分の命すら賭けのテーブルに載せるほどのギャンブル狂。 地道や堅実といった言葉が大嫌いで、生まれ持った強運で生き残ってきた。 物事を決めるときには、常に携帯しているサイコロで判断する。 すかんぴんなことが多く、食べ物を与えられるとすぐに懐く。,266,266,0,8,,https://lain.bgm.tv/pic/crt/l/94/04/66015_crt_q6Xut.jpg?r=1536589362,https://lain.bgm.tv/r/400/pic/crt/l/94/04/66015_crt_q6Xut.jpg?r=1536589362,https://s4.anilist.co/file/anilistcdn/character/medium/b142474-Jqq5aEIbNWdV.png|https://s4.anilist.co/file/anilistcdn/character/large/b142474-Jqq5aEIbNWdV.png,,,https://anilist.co/character/142474,https://bgm.tv/character/66015,,66015
al86599,anilist,7,7,,卷岛裕介,巻島裕介,Yuusuke Makishima,Maki-chan / Peak Spider,男,AB,,动画|漫画,动画,弱虫ペダル,,2013,动画,"[{""t"":""弱虫ペダル"",""cn"":"""",""ty"":""动画"",""y"":2013,""pop"":51970},{""t"":""弱虫ペダルGRANDE ROAD"",""cn"":"""",""ty"":""动画"",""y"":2014,""pop"":28225},{""t"":""弱虫ペダルNEW GENERATION"",""cn"":"""",""ty"":""动画"",""y"":2017,""pop"":18372},{""t"":""弱虫ペダル (劇場版)"",""cn"":"""",""ty"":""动画"",""y"":2015,""pop"":9577},{""t"":""弱虫ペダル LIMIT BREAK"",""cn"":"""",""ty"":""动画"",""y"":2022,""pop"":8491},{""t"":""弱虫ペダル"",""cn"":"""",""ty"":""漫画"",""y"":2008,""pop"":5626}]","Makishima was and still is often seen as creepy due to his facial expressions, strange hair color, and irregular dancing style.",262,262,0,22,,https://lain.bgm.tv/pic/crt/l/d2/7f/18977_crt_h42s4.jpg,https://lain.bgm.tv/r/400/pic/crt/l/d2/7f/18977_crt_h42s4.jpg,https://s4.anilist.co/file/anilistcdn/character/medium/b86599-g6KRbZtYmb4u.jpg|https://s4.anilist.co/file/anilistcdn/character/large/b86599-g6KRbZtYmb4u.jpg,,,https://anilist.co/character/86599,https://bgm.tv/character/18977,,18977
al132294,anilist,7,7,,,はがろもララ,Lala Hagoromo,Cure Milky (キュアミルキー) / ID: 90862773,女,,13-14,动画,动画,スター☆トゥインクルプリキュア,Star☆Twinkle 光之美少女,2019,动画,"[{""t"":""スター☆トゥインクルプリキュア"",""cn"":""Star☆Twinkle 光之美少女"",""ty"":""动画"",""y"":2019,""pop"":7379},{""t"":""デリシャスパーティ♡プリキュア"",""cn"":"""",""ty"":""动画"",""y"":2022,""pop"":6094},{""t"":""映画スター☆トゥインクルプリキュア 星のうたに想いをこめて"",""cn"":""电影 Star☆Twinkle 光之美少女 满怀思念的星之歌"",""ty"":""动画"",""y"":2019,""pop"":2898},{""t"":""プリキュアオールスターズＦ(エフ)"",""cn"":"""",""ty"":""动画"",""y"":2023,""pop"":2861},{""t"":""映画プリキュアミラクルユニバース"",""cn"":""电影 光之美少女 Miracle Universe"",""ty"":""动画"",""y"":2019,""pop"":2159},{""t"":""映画プリキュアミラクルリープ みんなとの不思議な1日"",""cn"":""电影 光之美少女 Miracle Leap 与大家不可思议的一天"",""ty"":""动画"",""y"":2020,""pop"":1953}]","A humanoid alien from the Planet Saman. She ends her sentences with ""~lun"" (「～ルン」) and her catchphrase is ""Oyo~"" (オヨ～). Lala is a serious girl who is treated like an adult back at home.",261,261,0,0,,https://s4.anilist.co/file/anilistcdn/character/large/b132294-yZWIQswnbCc1.jpg,https://s4.anilist.co/file/anilistcdn/character/medium/b132294-yZWIQswnbCc1.jpg,,,,https://anilist.co/character/132294,,,
vndb-c94136,vndb,7,7,,,浅木 詠一郎,Asagi Eiichirou,,男,B,,Galgame,Galgame,Lover Pretend,伪装恋人,2021,Galgame,,著名な脚本家を父に持ち、その才能を受け継いだ若き人気脚本家。 ドラマや映画などの脚本を担当する傍ら、主人公の通う大学に客員講師として定期的に講義を行っている。 主人公の粗削りながら光る才能を見抜いて、目をかけている。,259,0,259,0,,https://lain.bgm.tv/pic/crt/l/6c/31/134617_crt_zcO6b.jpg,https://lain.bgm.tv/r/400/pic/crt/l/6c/31/134617_crt_zcO6b.jpg,https://t.vndb.org/ch/88/115588.jpg,,Black Wavy Short Pale Blue Writer University Teacher,,https://bgm.tv/character/134617,https://vndb.org/c94136,134617
vndb-c118103,vndb,7,7,,稻垣雪那,稲垣 雪那,Inagaki  Setsuna,,女,B,,Galgame,Galgame,√ after and another,,2007,Galgame,,稲垣家の長女。 気を引き締めるためにいつもハカマをはいている。 のほほんとした外見とは裏腹に根はしっかりしている。,253,0,253,3,,https://lain.bgm.tv/pic/crt/l/7f/f3/11536_crt_izgtT.jpg,https://lain.bgm.tv/r/400/pic/crt/l/7f/f3/11536_crt_izgtT.jpg,https://t.vndb.org/ch/09/140409.jpg,,Brown Ponytail Waist Length+ Straight Brown Teen Slim Pale Shinai Doggy Style,,https://bgm.tv/character/11536,https://vndb.org/c118103,11536
bgm-bgm20810,vndb,7,7,,一之濑姬月,一之瀬 姫月,Ichinose Himeki,,女,A,,Galgame,Galgame,妹調教日記～こんなツンデレが俺の妹なわけない!～,,2011,Galgame,"[{""t"":""妹調教日記～こんなツンデレが俺の妹なわけない!～"",""cn"":"""",""ty"":""Galgame"",""y"":2011,""pop"":252},{""t"":""妹調教日記√happy end & another"",""cn"":"""",""ty"":""Galgame"",""y"":2013,""pop"":97},{""t"":""妹調教日記√happy end & another"",""cn"":""妹调教日记√happy end & another"",""ty"":""Galgame"",""y"":2013,""pop"":0},{""t"":""妹調教日記～こんなツンデレが俺の妹なわけない！～"",""cn"":""妹调教日记"",""ty"":""Galgame"",""y"":2011,""pop"":0}]",ツインテール+ツンデレというテンプレな主人公の実妹。 全国模試にも名前が載るほどの頭脳を有レ、 気まぐれで始めたフィギュアスケートは国体で優勝する腕前。 やや背が低いことが悩みではある爪アイドル並みの 見た目でおよそ欠点が見当たらない完監人間。 オ夕ク極味な兄に不満を持っていて、 常に馬鹿兄.・屑人間と罵Oながらも世話を焼く律儀な子。,252,0,252,77,,https://lain.bgm.tv/pic/crt/l/f2/7c/20810_crt_QX24S.jpg?r=1375525825,https://lain.bgm.tv/r/400/pic/crt/l/f2/7c/20810_crt_QX24S.jpg?r=1375525825,https://t.vndb.org/ch/38/37838.jpg,,Brown Twin Tails Long Teen Pale School Uniform Blowjob Virgin Sex Red Hair Ribbon,,https://bgm.tv/character/20810,https://vndb.org/c31599,20810
bgm-bgm105809,bangumi,7,7,,南方日鹤,南方ひづる,Minakata Hizuru,,其他,,,动画|漫画|Galgame,Galgame,サマータイムレンダAnother Horizon,夏日重现 Another Horizon,2023,Galgame,"[{""t"":""サマータイムレンダAnother Horizon"",""cn"":""夏日重现 Another Horizon"",""ty"":""Galgame"",""y"":2023,""pop"":0},{""t"":""サマータイムレンダ"",""cn"":""夏日重现"",""ty"":""漫画"",""y"":2018,""pop"":0},{""t"":""サマータイムレンダ"",""cn"":""夏日重现"",""ty"":""动画"",""y"":2022,""pop"":0},{""t"":""ゴーストフィクサーズ"",""cn"":""异象校正官"",""ty"":""漫画"",""y"":2024,""pop"":0},{""t"":""サマータイムレンダ2026 未然事故物件"",""cn"":""夏日时光2026 未来凶宅"",""ty"":""漫画"",""y"":2022,""pop"":0},{""t"":""サマータイムレンダ2026 小説家・南雲竜之介の異聞百景"",""cn"":"""",""ty"":""漫画"",""y"":2022,""pop"":0}]",スーツと眼鏡、長い黒髪が印象的な、長身の女性。 とある理由で14年ぶりに島を訪れる。,251,0,0,251,,https://lain.bgm.tv/pic/crt/l/a9/f2/105809_crt_rhbeM.jpg?r=1652252007,https://lain.bgm.tv/r/400/pic/crt/l/a9/f2/105809_crt_rhbeM.jpg?r=1652252007,,,,,https://bgm.tv/character/105809,,105809
vndb-c56623,vndb,7,7,,柚姬衣织,柚姫 衣織,Yuzuki Iori,,女,,,Galgame,Galgame,よつのは,四娘物语,2006,Galgame,,主人公「結城 誠」の家に居候中。１つ年上の幼なじみ。 良く言えば「年上の妹」、悪く言えば「無駄飯食らいの長姉」 お菓子の買い食い常習○（２歳年下の のの にまで禁止されている） そのため、結城家のエンゲル係数はいつも高め。嫌いなのはにんじん。 家では誠を「お兄ちゃん」と呼ぶが、学園では怒られるため「まーくん」 怖い夢を見ると一人で寝られない（授業中含む） 騙されやすく、知らないおじさんに連れて行かれたりする事もしばしば（ののが必死に連れ戻す） そのくせお姉さんぶる。,248,0,248,7,,https://lain.bgm.tv/pic/crt/l/35/66/13999_crt_aA1Bp.jpg?r=1734183602,https://lain.bgm.tv/r/400/pic/crt/l/35/66/13999_crt_aA1Bp.jpg?r=1734183602,https://t.vndb.org/ch/58/94258.jpg|https://t.vndb.org/ch/57/94257.jpg,,Brown Red Childhood Friend Classmate Sweets Lover,,https://bgm.tv/character/13999,https://vndb.org/c56623,13999
bgm-bgm2913,bangumi,7,7,,星野琉璃,ホシノ・ルリ,Ruri Hoshino,ルリルリ,其他,,,动画|漫画,动画,機動戦艦ナデシコ,机动战舰抚子号,1996,动画,"[{""t"":""機動戦艦ナデシコ"",""cn"":""机动战舰抚子号"",""ty"":""动画"",""y"":1996,""pop"":0},{""t"":""機動戦艦ナデシコ -The prince of darkness-"",""cn"":""机动战舰抚子号 暗黑王子"",""ty"":""动画"",""y"":1998,""pop"":0},{""t"":""機動戦艦ナデシコ : ルリAからBへの物語"",""cn"":""机动战舰抚子号：琉璃从A到B的故事"",""ty"":""漫画"",""y"":1999,""pop"":0}]",,246,0,0,246,,https://lain.bgm.tv/pic/crt/l/b3/1d/2913_crt_anidb.jpg,https://lain.bgm.tv/r/400/pic/crt/l/b3/1d/2913_crt_anidb.jpg,,,,,https://bgm.tv/character/2913,,2913
al151039,anilist,7,7,,绝顶之惨叫姬·折磨小姐,トーチャー・トルチュール,Tortura Torture,朵伽,女,,,动画|漫画,动画,姫様“拷問”の時間です,公主大人，接下来是“拷问”时间,2024,动画,"[{""t"":""姫様“拷問”の時間です"",""cn"":""公主大人，接下来是“拷问”时间"",""ty"":""动画"",""y"":2024,""pop"":36228},{""t"":""姫様“拷問”の時間です 第2期"",""cn"":""公主大人“拷问”的时间到了 第二季"",""ty"":""动画"",""y"":2026,""pop"":13129},{""t"":""姫様“拷問”の時間です"",""cn"":""公主大人，接下来是“拷问”时间"",""ty"":""漫画"",""y"":2019,""pop"":7811},{""t"":""姫様“拷問”の時間です 番外編"",""cn"":"""",""ty"":""漫画"",""y"":2019,""pop"":96},{""t"":""姫様“拷問”の時間です 番外編 2"",""cn"":"""",""ty"":""漫画"",""y"":2024,""pop"":89},{""t"":""姫様“拷問”の時間です 第2期"",""cn"":""公主大人“拷问”的时间到了 第二季"",""ty"":""动画"",""y"":2026,""pop"":0}]",魔王軍の最高位拷問官の地位を持つ、“拷問”の天才。魔王が満足できる情報を得るため、日々“拷問”に勤しんでいる。とりわけ、食欲を掻き立てる料理や美味しそうに食事をする姿で姫を屈服させることが得意。,246,246,0,97,,https://lain.bgm.tv/pic/crt/l/75/a4/132322_crt_wgXb9.jpg?r=1698678727,https://lain.bgm.tv/r/400/pic/crt/l/75/a4/132322_crt_wgXb9.jpg?r=1698678727,https://s4.anilist.co/file/anilistcdn/character/medium/b151039-vt0PxphUMha7.jpg|https://s4.anilist.co/file/anilistcdn/character/large/b151039-vt0PxphUMha7.jpg,,,https://anilist.co/character/151039,https://bgm.tv/character/132322,,132322
al3095,anilist,7,7,,伊势七绪,伊勢七緒,Nanao Ise,,女,,,动画|漫画,动画,BLEACH,死神,2004,动画,"[{""t"":""BLEACH"",""cn"":""死神"",""ty"":""动画"",""y"":2004,""pop"":521026},{""t"":""BLEACH 千年血戦篇"",""cn"":""死神 千年血战篇"",""ty"":""动画"",""y"":2022,""pop"":207081},{""t"":""BLEACH 千年血戦篇-訣別譚-"",""cn"":""死神 千年血战篇-诀别谭-"",""ty"":""动画"",""y"":2023,""pop"":143301},{""t"":""BLEACH"",""cn"":""死神"",""ty"":""漫画"",""y"":2001,""pop"":121044},{""t"":""BLEACH 千年血戦篇-相剋譚-"",""cn"":""死神 千年血战篇-相克谭-"",""ty"":""动画"",""y"":2024,""pop"":117708},{""t"":""BLEACH The DiamondDust Rebellion もう一つの氷輪丸"",""cn"":"""",""ty"":""动画"",""y"":2007,""pop"":42491}]",元八番隊副隊長。 京楽の一番隊隊長就任に伴い、沖牙と共に一番隊副隊長に。 京楽とは真逆で生真面目なしっかり者。 しばしば京楽を冷たくあしらいながらも、 その実深く信頼しており補佐に徹する。 突出した鬼道の才を持つ。,245,245,0,17,,https://lain.bgm.tv/pic/crt/l/d1/d9/7830_crt_U2Z91.jpg,https://lain.bgm.tv/r/400/pic/crt/l/d1/d9/7830_crt_U2Z91.jpg,https://s4.anilist.co/file/anilistcdn/character/medium/b3095-jgR7uWIcBnzL.png|https://s4.anilist.co/file/anilistcdn/character/large/b3095-jgR7uWIcBnzL.png,,,https://anilist.co/character/3095,https://bgm.tv/character/7830,,7830
bgm-bgm107319,vndb,7,7,,千神奈奈子,千神 奈々子,Chikami Nanako,,女,,,Galgame,Galgame,3days～満ちてゆく刻の彼方で～,3days ～在逝去时间的另一端～,2004,Galgame,"[{""t"":""3days～満ちてゆく刻の彼方で～"",""cn"":""3days ～在逝去时间的另一端～"",""ty"":""Galgame"",""y"":2004,""pop"":242},{""t"":""3days ～満ちてゆく刻の彼方で～"",""cn"":""3days ～在逝去时间的另一端～"",""ty"":""Galgame"",""y"":2004,""pop"":0},{""t"":""FESTA!!-HYPER GIRLS POP-"",""cn"":"""",""ty"":""Galgame"",""y"":2005,""pop"":0},{""t"":""青と蒼のしずく-a calling from tears-"",""cn"":"""",""ty"":""Galgame"",""y"":2003,""pop"":0}]",和主人公在同一天搬到“まほろば町”的少女，千神家的长女。 给人感觉很文静与清纯的少女。 性格有点太过文静，都能说是缩手缩脚了。 一紧张就会结巴起来，表达不清楚自己的意思。 这样的场面经常会发生。 转校到学生性格丰富的“まほろば学院”后，也总是胆小怕事， 有时要靠活泼明快的妹妹“双葉”来圆场。 兴趣是泡咖啡，很大是受到父亲喜爱咖啡的影响 也喜欢读书和欣赏音乐，最近对与德国相关的作品很是热衷,242,0,242,6,,https://lain.bgm.tv/pic/crt/l/8f/21/107319_crt_82868.jpg,https://lain.bgm.tv/r/400/pic/crt/l/8f/21/107319_crt_82868.jpg,https://t.vndb.org/ch/35/23935.jpg,,Blue Curtained Short Teen Slim Pale School Uniform Blue Dress Knee-high Socks,,https://bgm.tv/character/107319,https://vndb.org/c16302,107319
bgm-bgm120119,bangumi,7,7,,后藤二里,後藤ふたり,,后藤双,其他,A,,动画|漫画,动画,ぼっち・ざ・ろっく！,孤独摇滚！,2022,动画,"[{""t"":""ぼっち・ざ・ろっく！"",""cn"":""孤独摇滚！"",""ty"":""动画"",""y"":2022,""pop"":0},{""t"":""劇場総集編ぼっち・ざ・ろっく！ Re:Re:"",""cn"":""剧场总集篇孤独摇滚！ Re:Re:"",""ty"":""动画"",""y"":2024,""pop"":0},{""t"":""劇場総集編ぼっち・ざ・ろっく！ Re:"",""cn"":""剧场总集篇孤独摇滚！ Re:"",""ty"":""动画"",""y"":2024,""pop"":0},{""t"":""ぼっち・ざ・ろっく！"",""cn"":""孤独摇滚！"",""ty"":""漫画"",""y"":2019,""pop"":0}]",一里的妹妹。,224,0,0,224,,https://lain.bgm.tv/pic/crt/l/2f/df/120119_crt_oorSi.jpg?r=1670635437,https://lain.bgm.tv/r/400/pic/crt/l/2f/df/120119_crt_oorSi.jpg?r=1670635437,,,,,https://bgm.tv/character/120119,,120119
bgm-bgm26271,vndb,7,7,,伊吹恋羽,伊吹 恋羽,Ibuki Kohane,,女,O,,Galgame,Galgame,ヤキモチストリーム,,2014,Galgame,"[{""t"":""ヤキモチストリーム"",""cn"":"""",""ty"":""Galgame"",""y"":2014,""pop"":219},{""t"":""ヤキモチストリーム"",""cn"":""醋意乱流"",""ty"":""Galgame"",""y"":2014,""pop"":0}]",主人公の幼なじみ。 中学に上がる時に家庭の事情で引っ越すことになり、とある事情で 「次に会う時までに絶対可愛くなる」 と決意して、一途な気持ちでイマドキ風美少女に進化した。 今年、数年ぶりに主人公と再会。 ケンカ友達みたいなポジションに落ち着いているのが悩みの種。 恋に恋する乙女で、「あいつとこんな恋をしたいな、お姫様って呼ばれたいな」 と妄想している。 「ちょっと強引くらいなほうが好きっていうか……ごにょごにょ」 主人公的青梅竹马。,219,0,219,23,,https://lain.bgm.tv/pic/crt/l/f1/9b/26271_crt_0zWd4.jpg,https://lain.bgm.tv/r/400/pic/crt/l/f1/9b/26271_crt_0zWd4.jpg,https://t.vndb.org/ch/83/22583.jpg,,Red Long Wavy Curtained Teen Slim Pale School Uniform Cooking Missionary,,https://bgm.tv/character/26271,https://vndb.org/c17936,26271
vndb-c118022,vndb,7,7,,,武下 和哉,Takeshita Kazuya,,男,B,,Galgame,Galgame,MinDeaD BlooD ～支配者の為の狂死曲～,MinDeaD BlooD：献给支配者的狂死曲,2004,Galgame,,"Playing the guitar Hard metal music Enka Kazuya is a friend of Koizumi Ryou and a former member of the band ""Cerberus Guard 69"". He occasionally goes to see Erii's live performances. [Translated from official website.]",216,0,216,0,,https://t.vndb.org/ch/56/140356.jpg,https://t.vndb.org/ch/56/140356.jpg,,#5c181e #361016 #8d2322 #827567 #dacbb5 #4f4b47,Blond Shoulder-length Straight Cunnilingus Blue Young-adult Jeans Ore Rape Boyfriend,,,https://vndb.org/c118022,
bgm-bgm67164,vndb,7,7,,逢见谙子,逢見 諳子,Oumi Sorane,Sora-nee / そら姉,女,,,Galgame,Galgame,D.C.4 ～ダ・カーポ4～,,2019,Galgame,"[{""t"":""D.C.4 ～ダ・カーポ4～"",""cn"":"""",""ty"":""Galgame"",""y"":2019,""pop"":215},{""t"":""D.C.4 ～ダ・カーポ4～ フォーチュネイトデパーチャーズ"",""cn"":"""",""ty"":""Galgame"",""y"":2021,""pop"":102},{""t"":""D.C.5 to 4 ～ダ・カーポ5トゥ4～ ルミナスメモリーズ"",""cn"":"""",""ty"":""Galgame"",""y"":2026,""pop"":0},{""t"":""D.C.4 Fortunate Departures ～ダ・カーポ4～フォーチュネイトデパーチャーズ"",""cn"":"""",""ty"":""Galgame"",""y"":2021,""pop"":0},{""t"":""D.C.4 ～ダ・カーポ4～"",""cn"":""初音岛4"",""ty"":""Galgame"",""y"":2019,""pop"":0},{""t"":""D.C.4 Sweet Harmony ～ダ・カーポ4～ スイートハーモニー"",""cn"":"""",""ty"":""Galgame"",""y"":2022,""pop"":0}]",主人公兄妹だけ大好きなだだ甘お姉さん 主人公の隣に住む世話焼きのお姉さん。 主人公と妹の二乃のことが大好きで、他のものは割とどうでもいいと思っている。 毎朝主人公の家に来て朝食を作ってくれるが、それ以外の家事は苦手。,215,0,215,15,,https://lain.bgm.tv/pic/crt/l/93/26/67164_crt_2u8sS.jpg,https://lain.bgm.tv/r/400/pic/crt/l/93/26/67164_crt_2u8sS.jpg,https://t.vndb.org/ch/43/103243.jpg,,Ahoge Ponytail Long Straight Teen Slim Pale School Uniform Student Cooking,,https://bgm.tv/character/67164,https://vndb.org/c77137,67164
bgm-bgm22585,vndb,7,7,,,夕霧 ナナカ,Yuugiri Nanaka,Kaikei-san / Soba / Sword Master / ソバ,女,O,,游戏|Galgame,Galgame,ティンクル☆くるせいだーす,闪耀十字军,2008,Galgame,"[{""t"":""ティンクル☆くるせいだーす"",""cn"":""闪耀十字军"",""ty"":""Galgame"",""y"":2008,""pop"":214},{""t"":""ティンクル☆くるせいだーす -Passion Star Stream-"",""cn"":""闪耀十字军PSS"",""ty"":""Galgame"",""y"":2012,""pop"":106},{""t"":""ティンクル☆くるせいだーす ミラクルディスク"",""cn"":"""",""ty"":""Galgame"",""y"":2008,""pop"":32},{""t"":""ティンクル☆くるせいだーす -Passion Star Stream-"",""cn"":""闪耀十字军PSS"",""ty"":""Galgame"",""y"":2012,""pop"":0},{""t"":""ティンクルスターナイツ"",""cn"":""闪耀星骑士"",""ty"":""Galgame"",""y"":2023,""pop"":0},{""t"":""ティンクル☆くるせいだーす"",""cn"":""闪耀十字军"",""ty"":""Galgame"",""y"":2008,""pop"":0}]",流星学園の2年生で、シンの幼なじみ。 シンに対する気持ちをなかなか打ち明けられずにいるが、最近はようやく、自らアプローチすることにも慣れてきた模様。 とはいえ、周りにライバルが多いという状況は変わらず、いまだ告白への道程は長そうな感じ。 また、そば打ち以外にもお菓子作りを始めたりするなど、心境の変化からか少しずつ新しい自分を開拓している発展途上。 魔族のハーフであることもある程度受け入れているようで、あまり気にした素振りは見せない。,214,0,214,23,,https://lain.bgm.tv/pic/crt/l/1d/6e/22585_crt_4gzwz.jpg,https://lain.bgm.tv/r/400/pic/crt/l/1d/6e/22585_crt_4gzwz.jpg,https://t.vndb.org/ch/22/5422.jpg,,Pink Ponytail Long Straight Teen Slim Pale School Uniform Sword Cooking,,https://bgm.tv/character/22585,https://vndb.org/c3395,22585
bgm-bgm14940,vndb,7,7,,巳城巧,巳城 タクミ,Mishiro Takumi,,男,AB,,Galgame,Galgame,STORM LOVER,暴风情人,2010,Galgame,"[{""t"":""STORM LOVER"",""cn"":""暴风情人"",""ty"":""Galgame"",""y"":2010,""pop"":210},{""t"":""STORM LOVER 夏恋!!"",""cn"":""暴风恋人 夏恋"",""ty"":""Galgame"",""y"":2011,""pop"":20},{""t"":""STORM LOVER 2nd"",""cn"":"""",""ty"":""Galgame"",""y"":2013,""pop"":18},{""t"":""STORM LOVER 快!!"",""cn"":"""",""ty"":""Galgame"",""y"":2012,""pop"":0},{""t"":""STORM LOVER 夏恋!!"",""cn"":""暴风恋人 夏恋"",""ty"":""Galgame"",""y"":2011,""pop"":0},{""t"":""Storm Lover"",""cn"":""暴风情人"",""ty"":""Galgame"",""y"":2010,""pop"":0}]",性格十分洒脱。 有事会说出令人难以琢磨的话语。 因为兴趣十分儿童向，所以喜欢有趣的事物。 另外有时他的行动让人琢磨不透， 所以经常使周围的人不知道如何是好。 但本人确觉得十分有趣而总是做出些令人为难的事情， 来欣赏周围的反应。 因为其狡猾的性格和充满危险的气息使得众多、女生为之倾心。 属于那种会被性格十分认真的大小姐所喜欢的类型。,210,0,210,2,,https://lain.bgm.tv/pic/crt/l/0c/fa/14940_crt_5zMTh.jpg,https://lain.bgm.tv/r/400/pic/crt/l/0c/fa/14940_crt_5zMTh.jpg,https://t.vndb.org/ch/56/18756.jpg,,Brown Red Shoulder-length Slim Pale School Uniform Orphan Violet Earrings Jacket,,https://bgm.tv/character/14940,https://vndb.org/c6093,14940
bgm-bgm110297,vndb,7,7,,织部伊吹,織部 伊吹,Oribe Ibuki,Ibu,女,O,,Galgame,Galgame,りりくる Rainbow Stage!!!,,2016,Galgame,"[{""t"":""りりくる Rainbow Stage!!!"",""cn"":"""",""ty"":""Galgame"",""y"":2016,""pop"":210},{""t"":""りりくる Rainbow Stage!!!"",""cn"":""LILYCLE 彩虹舞台!!!"",""ty"":""Galgame"",""y"":2016,""pop"":0},{""t"":""りりくる Extra episode 『夏休み編 -smile with sun-』"",""cn"":""Lilycle Extra episode 『暑假篇 - smile with sun -』"",""ty"":""音乐"",""y"":2014,""pop"":0},{""t"":""りりくる - LIly LYric cyCLE - Vol.3『もっと、ずっと、ぎゅっと、』"",""cn"":""Lilycle - LIly LYric cyCLE - Vol.3『爱你更多、伴你永久、相拥不放手』"",""ty"":""音乐"",""y"":2014,""pop"":0},{""t"":""りりくる Rainbow Stage!!! ～Pure Dessert～ Vol.3『好きって、言って、ちゅってして！』"",""cn"":""Lilycle - RSPD - Vol.3『说你喜欢我、然后吻我！』"",""ty"":""音乐"",""y"":2018,""pop"":0},{""t"":""りりくる Extra episode 『冬休み編 -trust in snow-』"",""cn"":""Lilycle Extra episode 『寒假篇 - trust in snow -』"",""ty"":""音乐"",""y"":2014,""pop"":0}]",爱丽丝的青梅竹马，从小时候开始就照顾着她。虽然看起来比较腹黑，实际上却是对恐怖的东西没有办法的性格。,210,0,210,1,,https://lain.bgm.tv/pic/crt/l/d9/92/110297_crt_1faf5.jpg,https://lain.bgm.tv/r/400/pic/crt/l/d9/92/110297_crt_1faf5.jpg,https://t.vndb.org/ch/20/49620.jpg,,Brown Shoulder-length Straight Teen Slim Pale School Uniform Dress Shoes Red Apron,,https://bgm.tv/character/110297,https://vndb.org/c39145,110297
bgm-bgm20431,vndb,7,7,,朝日奈风斗,朝日奈 風斗,Asahina Fuuto,Futo / 朝倉 風斗 / Asakura Fuuto,男,B,,动画|漫画|Galgame,Galgame,Brothers Conflict,,2012,Galgame,"[{""t"":""Brothers Conflict"",""cn"":"""",""ty"":""Galgame"",""y"":2012,""pop"":203},{""t"":""Brothers Conflict"",""cn"":"""",""ty"":""Galgame"",""y"":2012,""pop"":203},{""t"":""フォルティッシモ"",""cn"":"""",""ty"":""Galgame"",""y"":2018,""pop"":18},{""t"":""BROTHERS CONFLICT  Passion Pink"",""cn"":""兄弟战争 激情粉红"",""ty"":""Galgame"",""y"":2012,""pop"":0},{""t"":""BROTHERS CONFLICT Brilliant Blue"",""cn"":""兄弟战争 闪亮蔚蓝"",""ty"":""Galgame"",""y"":2013,""pop"":0},{""t"":""フォルティッシモ"",""cn"":""极强音"",""ty"":""Galgame"",""y"":2018,""pop"":0}]",※小恶魔型偶像（←官方指定型款） 朝日奈家的十二男。 就读于阳出高校。 中学生偶像，因为从小在演艺圈里活跃的关系，经常像大人一样说话。 性格很自大，有着与年龄不符合的色气，经常调戏主人公。 在2nd里对以模特的身份重新出现在大家面前的祈织很是不满，后离开家中。,203,0,203,8,,https://lain.bgm.tv/pic/crt/l/f9/40/20431_crt_XN0rc.jpg?r=1702382237,https://lain.bgm.tv/r/400/pic/crt/l/f9/40/20431_crt_XN0rc.jpg?r=1702382237,https://t.vndb.org/ch/19/24119.jpg,,Brown Pink Ahoge Short Brown Teen Slim Pale Young-adult T-shirt,,https://bgm.tv/character/20431,https://vndb.org/c10573,20431
vndb-c16134,vndb,7,7,,,久我山 奈々子,Kugayama Nanako,,女,,,Galgame,Galgame,炎の孕ませ乳ドルマイ★スター学園Z,,2014,Galgame,,優雅でお嬢さま的な気品を漂わせる “アイドル声優キャラ”。 負けず嫌いで努力を欠かさないマジメな性格。 主人公の前では表向きの仮面を外し、ワガママで寂しがり屋な側面を見せる “隠れツンデレ”。 そのため、主人公は何かにつけて色々 “手伝わされる” ことが多い。,203,0,203,14,,https://lain.bgm.tv/pic/crt/l/83/ad/43980_crt_SeIzO.jpg,https://lain.bgm.tv/r/400/pic/crt/l/83/ad/43980_crt_SeIzO.jpg,https://t.vndb.org/ch/61/21061.jpg,,Brown Twin Tails Waist Length+ Teen Slim School Uniform Dress Shoes Cowgirl Blowjob Green,,https://bgm.tv/character/43980,https://vndb.org/c16134,43980
al157868,anilist,7,7,,西宫桃,西宮桃,Momo Nishimiya,,女,,18,动画|漫画|游戏,动画,呪術廻戦,咒术回战,2020,动画,"[{""t"":""呪術廻戦"",""cn"":""咒术回战"",""ty"":""动画"",""y"":2020,""pop"":971898},{""t"":""呪術廻戦 第2期"",""cn"":"""",""ty"":""动画"",""y"":2023,""pop"":491128},{""t"":""呪術廻戦 0"",""cn"":"""",""ty"":""动画"",""y"":2021,""pop"":436263},{""t"":""呪術廻戦 死滅回游 前編"",""cn"":""咒术回战 死灭回游 前篇"",""ty"":""动画"",""y"":2026,""pop"":258346},{""t"":""呪術廻戦"",""cn"":""咒术回战"",""ty"":""漫画"",""y"":2018,""pop"":252773},{""t"":""呪術廻戦 0 東京都立呪術高等専門学校"",""cn"":""咒术回战 0 东京都立咒术高等专门学校"",""ty"":""漫画"",""y"":2017,""pop"":71894}]",京都府立呪術高等専門学校三年。 小柄でかわいらしい見た目だが、機嫌を損ねた際の発言はキツイ。辛苦を重ねながら呪術師として生きる真依を敬愛している。,199,199,0,20,,https://lain.bgm.tv/pic/crt/l/f9/7f/88873_crt_CG1tc.jpg?r=1608366605,https://lain.bgm.tv/r/400/pic/crt/l/f9/7f/88873_crt_CG1tc.jpg?r=1608366605,https://s4.anilist.co/file/anilistcdn/character/medium/b157868-Ui2Wht3M6tlM.png|https://s4.anilist.co/file/anilistcdn/character/large/b157868-Ui2Wht3M6tlM.png,,,https://anilist.co/character/157868,https://bgm.tv/character/88873,,88873
vndb-c97497,vndb,7,7,,,州郷 千聖,Sugou Chisato,,女,,,Galgame,Galgame,思い出抱えてアイにコイ!!,,2021,Galgame,,親友の姉で一つ年上。 やんちゃだった子供時代が黒歴史になっており、その反動で現在は男子の考える理想の女性像を演じている。ただし根がオチャメなため、幼なじみの主人公たちに対しては昔のままの言動でイタズラを仕掛けてくる。,193,0,193,22,,https://lain.bgm.tv/pic/crt/l/72/b6/96229_crt_6d172.jpg,https://lain.bgm.tv/r/400/pic/crt/l/72/b6/96229_crt_6d172.jpg,https://t.vndb.org/ch/32/118132.jpg,,Red Long Wavy Teen Slim Pale School Uniform Cooking Missionary Cowgirl,,https://bgm.tv/character/96229,https://vndb.org/c97497,96229
al64859,anilist,7,7,,栗原千代,栗原千代,Chiyo Kurihara,小千代,女,,,动画|漫画,动画,監獄学園〈プリズンスクール〉,,2015,动画,"[{""t"":""監獄学園〈プリズンスクール〉"",""cn"":"""",""ty"":""动画"",""y"":2015,""pop"":248212},{""t"":""監獄学園[プリズンスクール] マッドワックス"",""cn"":"""",""ty"":""动画"",""y"":2016,""pop"":44448},{""t"":""監獄学園"",""cn"":""监狱学园"",""ty"":""漫画"",""y"":2011,""pop"":37981},{""t"":""監獄学園"",""cn"":""监狱学园"",""ty"":""动画"",""y"":2015,""pop"":0},{""t"":""監獄学園-プリズンスクール-"",""cn"":""监狱学园"",""ty"":""其他"",""y"":2015,""pop"":0},{""t"":""監獄学園 OAD"",""cn"":""监狱学园 OAD"",""ty"":""动画"",""y"":2016,""pop"":0}]",入学時のキヨシのクラスメイトで相撲好きの女子。理事長の娘であり、万里の妹。囲碁部に所属している。キヨシが入学して初めて会話した相手であり、彼に思いを寄せられているが、キヨシに対して恋愛感情はない。正義感が強く、男子を退学に追い込もうとする姉が許せず対立し、男子に協力的な立場を取っている。,187,187,0,70,,https://lain.bgm.tv/pic/crt/l/d8/d3/20308_crt_dsZe5.jpg,https://lain.bgm.tv/r/400/pic/crt/l/d8/d3/20308_crt_dsZe5.jpg,https://s4.anilist.co/file/anilistcdn/character/medium/b64859-qke78aJelo9v.png|https://s4.anilist.co/file/anilistcdn/character/large/b64859-qke78aJelo9v.png,,,https://anilist.co/character/64859,https://bgm.tv/character/20308,,20308
bgm-bgm176384,vndb,7,7,,黑四馆仄,黒四館 仄,Kokushikan Honoka,Conjurer of Words / Minister of Education,女,,,Galgame,Galgame,終天教団,,2025,Galgame,"[{""t"":""終天教団"",""cn"":"""",""ty"":""Galgame"",""y"":2025,""pop"":182},{""t"":""終天教団"",""cn"":""终天教团"",""ty"":""Galgame"",""y"":2025,""pop"":0}]",掌管教育与情报的教育部最高干部。 能操控情报蛊惑大众，别名“言语魔术师”。 她的真实样貌与其他情报都是个谜。 有传言说她平时看似文静，但其实私下对下任教祖的位置虎视眈眈……,182,0,182,10,,https://lain.bgm.tv/pic/crt/l/c2/d6/176384_crt_k460S.jpg,https://lain.bgm.tv/r/400/pic/crt/l/c2/d6/176384_crt_k460S.jpg,https://t.vndb.org/ch/48/191548.jpg,,Twin Tails Waist Length+ Teen Slim School Uniform Tattoo Skirt Knife Yandere Guitarist,,https://bgm.tv/character/176384,https://vndb.org/c153056,176384
al126382,anilist,7,7,,玛格丽特·里昂尼丝,マーガレット・リオネス,Margaret Liones,,女,,,动画|漫画,动画,七つの大罪,七大罪,2014,动画,"[{""t"":""七つの大罪"",""cn"":""七大罪"",""ty"":""动画"",""y"":2014,""pop"":529134},{""t"":""七つの大罪 戒めの復活"",""cn"":""七大罪 戒律的复活"",""ty"":""动画"",""y"":2018,""pop"":286406},{""t"":""七つの大罪 神々の逆鱗"",""cn"":""七大罪 诸神的逆鳞"",""ty"":""动画"",""y"":2019,""pop"":202771},{""t"":""七つの大罪 憤怒の審判"",""cn"":""七大罪 愤怒的审判"",""ty"":""动画"",""y"":2021,""pop"":139330},{""t"":""七つの大罪"",""cn"":""七大罪"",""ty"":""漫画"",""y"":2012,""pop"":55078},{""t"":""七つの大罪 光に呪われし者たち"",""cn"":"""",""ty"":""动画"",""y"":2021,""pop"":38939}]",リオネス第一王女。ベロニカの姉でエリザベスの義姉。穏やかな雰囲気を漂わせる女性。,175,175,0,6,,https://lain.bgm.tv/pic/crt/l/bc/60/30090_crt_Fr05k.jpg?r=1493474701,https://lain.bgm.tv/r/400/pic/crt/l/bc/60/30090_crt_Fr05k.jpg?r=1493474701,https://s4.anilist.co/file/anilistcdn/character/medium/b126382-dunkPEEp4rG3.png|https://s4.anilist.co/file/anilistcdn/character/large/b126382-dunkPEEp4rG3.png,,,https://anilist.co/character/126382,https://bgm.tv/character/30090,,30090
al90236,anilist,7,7,,安久黑奈,安久黒奈,Kurona Yasuhisa,小黑(クロ),女,AB,18-29,动画|漫画,动画,東京喰種[トーキョーグール]√A,东京喰种√A,2015,动画,"[{""t"":""東京喰種[トーキョーグール]√A"",""cn"":""东京喰种√A"",""ty"":""动画"",""y"":2015,""pop"":406723},{""t"":""東京喰種-トーキョーグール-:re 2"",""cn"":"""",""ty"":""动画"",""y"":2018,""pop"":237376},{""t"":""東京喰種 トーキョーグール"",""cn"":""东京喰种"",""ty"":""漫画"",""y"":2011,""pop"":196324},{""t"":""東京喰種-トーキョーグール-:re"",""cn"":""东京喰种:re"",""ty"":""漫画"",""y"":2014,""pop"":104047},{""t"":""東京喰種トーキョーグール"",""cn"":""东京喰种"",""ty"":""漫画"",""y"":2012,""pop"":0},{""t"":""東京喰種トーキョーグール √A"",""cn"":""东京喰种√A"",""ty"":""动画"",""y"":2015,""pop"":0}]",カネキと同じくリゼの赫包を移植された半喰種。7月7日生まれのかに座。血液型AB型。双子の姉。鱗赫。喰種化後の呼称は「クロ」。縦縞のマスクに黒いフードという出で立ちをしており、赫眼は左目に現れる。マダムAの護衛を務めており、絶妙なコンビネーションで攻撃を行う。嘉納を「パパ」と呼び、慕っている。安久七生という資産家の娘で、両親を喰種に殺された後はCCGに保護され施設で育ち、将来妹と共に優秀な捜査官になると期待されていた。,172,172,0,14,,https://lain.bgm.tv/pic/crt/l/4e/05/35640_crt_N41vB.jpg,https://lain.bgm.tv/r/400/pic/crt/l/4e/05/35640_crt_N41vB.jpg,https://s4.anilist.co/file/anilistcdn/character/medium/90236-N3omdU6A3scr.jpg|https://s4.anilist.co/file/anilistcdn/character/large/90236-N3omdU6A3scr.jpg,,,https://anilist.co/character/90236,https://bgm.tv/character/35640,,35640
al5970,anilist,7,7,,登势,お登勢,Otose,Terada Ayano / Queen of Kabukichou / 女帝お登勢 / おとせ,女,,60-65,动画,动画,銀魂,银魂,2006,动画,"[{""t"":""銀魂"",""cn"":""银魂"",""ty"":""动画"",""y"":2006,""pop"":296063},{""t"":""銀魂゜"",""cn"":"""",""ty"":""动画"",""y"":2015,""pop"":119621},{""t"":""銀魂’"",""cn"":"""",""ty"":""动画"",""y"":2011,""pop"":110096},{""t"":""銀魂’延長戦"",""cn"":"""",""ty"":""动画"",""y"":2012,""pop"":84431},{""t"":""銀魂. 銀ノ魂篇"",""cn"":"""",""ty"":""动画"",""y"":2018,""pop"":60568},{""t"":""銀魂. 銀ノ魂篇2"",""cn"":"""",""ty"":""动画"",""y"":2018,""pop"":56193}]",万事屋の一階にあるスナック「お登勢」のママ。ここの建物の大家でもあり、銀時たちの家賃滞納に手を焼いている。 口が悪く、家賃の取り立ても厳しいが、悪い人間ではない。 本名は寺田綾乃。,166,166,0,18,,https://lain.bgm.tv/pic/crt/l/5f/3f/3051_crt_mAH7n.jpg,https://lain.bgm.tv/r/400/pic/crt/l/5f/3f/3051_crt_mAH7n.jpg,https://s4.anilist.co/file/anilistcdn/character/medium/n5970-mAiTzyfEOup9.jpg|https://s4.anilist.co/file/anilistcdn/character/large/n5970-mAiTzyfEOup9.jpg,,,https://anilist.co/character/5970,https://bgm.tv/character/3051,,3051
bgm-bgm10656,vndb,7,7,,索蕾塔·织姬,ソレッタ・織姫,Soletta Orihime,苏丽妲·织姬,女,B,,动画|Galgame,Galgame,サクラ大戦２～君、死にたもうことなかれ～,,1998,Galgame,"[{""t"":""サクラ大戦２～君、死にたもうことなかれ～"",""cn"":"""",""ty"":""Galgame"",""y"":1998,""pop"":163},{""t"":""サクラ大戦３～巴里は燃えているか～"",""cn"":"""",""ty"":""Galgame"",""y"":2001,""pop"":89},{""t"":""サクラ大戦4 ～恋せよ乙女～"",""cn"":"""",""ty"":""Galgame"",""y"":2002,""pop"":68},{""t"":""サクラ大戦2 〜君、死にたもうことなかれ〜"",""cn"":""樱花大战2 ～愿君平安～"",""ty"":""Galgame"",""y"":1998,""pop"":0},{""t"":""サクラ大戦3 〜巴里は燃えているか〜"",""cn"":""樱花大战3 ～巴黎在燃烧吗～"",""ty"":""Galgame"",""y"":2001,""pop"":0},{""t"":""サクラ大戦4 〜恋せよ乙女〜"",""cn"":""樱花大战4 ～恋爱吧少女～"",""ty"":""Galgame"",""y"":2002,""pop"":0}]",意大利名门世家．红色贵族的一员，在进入帝击之前已是世界有名的年轻女演员。对于自己的能力有着绝大的自信，但个性有些任性跟不服输。父亲是日本人与母亲是意大利人的混血儿。一直以为日本籍的父亲离弃母亲，因此她讨厌日本男人!和雷尼自星组一起转到花组，喜爱音乐，也是一个有着高雅气质的西洋少女。,163,0,163,7,,https://lain.bgm.tv/pic/crt/l/05/44/10656_crt_MeWXc.jpg,https://lain.bgm.tv/r/400/pic/crt/l/05/44/10656_crt_MeWXc.jpg,https://t.vndb.org/ch/36/69936.jpg,,Black Ponytail Curtained Green Dark Dress Earrings Necklace Short-tempered Half-Japanese,,https://bgm.tv/character/10656,https://vndb.org/c12618,10656
bgm-bgm2901,bangumi,7,7,,相良宗介,相良宗介,Sagara Sosuke,カシム / 卡西姆,其他,A,,动画|漫画,漫画,フルメタル・パニック!,全金属狂潮,1998,漫画,"[{""t"":""フルメタル・パニック!"",""cn"":""全金属狂潮"",""ty"":""漫画"",""y"":1998,""pop"":0},{""t"":""フルメタル・パニック? ふもっふ"",""cn"":""全金属狂潮 校园篇"",""ty"":""动画"",""y"":2003,""pop"":0},{""t"":""フルメタル・パニック! The Second Raid"",""cn"":""全金属狂潮 The Second Raid"",""ty"":""动画"",""y"":2005,""pop"":0},{""t"":""フルメタル・パニック!"",""cn"":""全金属狂潮"",""ty"":""动画"",""y"":2002,""pop"":0},{""t"":""フルメタル・パニック! The Second Raid 特別版OVA「わりとヒマな戦隊長の一日」"",""cn"":""全金属狂潮 The Second Raid OVA 战队长悠闲的一天"",""ty"":""动画"",""y"":2006,""pop"":0},{""t"":""フルメタル・パニック! Family"",""cn"":""全金属狂潮! Family"",""ty"":""漫画"",""y"":2024,""pop"":0}]",隶属于秘密军事组织“秘银”（Mithril）作战部西太平洋战队。 爱用的手枪是Glock19（动画版是Glock26）。 因年少时长期身处阿富汗而信奉伊斯兰教，但不属于严守穆斯林戒条的信徒，曾在故事中多次吃猪肉；整体而言，宗教意识薄弱，例如对圣诞节的见解仅为“敌人防备减弱的时期”。 自幼年起的军事教育导致性格呆板。 幼年遭遇空难，是事件中的唯一幸存者，由当时正进行任务中的加里宁救出。,162,0,0,162,,https://lain.bgm.tv/pic/crt/l/e2/02/2901_crt_LtmKT.jpg,https://lain.bgm.tv/r/400/pic/crt/l/e2/02/2901_crt_LtmKT.jpg,,,,,https://bgm.tv/character/2901,,2901
bgm-bgm34233,vndb,7,7,,真田幸村,真田 幸村,Sanada Yukimura,Master Martial Artist / The Sword of Japan / 真田信繁 / 日の本一の兵,男,O,,动画|漫画|游戏|Galgame,Galgame,イケメン戦国◆時をかける恋,美男战国◆穿越时空之恋,2015,Galgame,"[{""t"":""イケメン戦国◆時をかける恋"",""cn"":""美男战国◆穿越时空之恋"",""ty"":""Galgame"",""y"":2015,""pop"":160},{""t"":""天下統一恋の乱"",""cn"":"""",""ty"":""Galgame"",""y"":2014,""pop"":55},{""t"":""遙かなる時空の中で7"",""cn"":"""",""ty"":""Galgame"",""y"":2020,""pop"":31},{""t"":""戦国無双2"",""cn"":""战国无双2"",""ty"":""游戏"",""y"":2006,""pop"":0},{""t"":""戦国無双 ~真田丸~"",""cn"":""战国无双：真田丸"",""ty"":""游戏"",""y"":2016,""pop"":0},{""t"":""戦国無双"",""cn"":""战国无双"",""ty"":""游戏"",""y"":2004,""pop"":0}]",信長への復讐に燃える、武田家の家臣。,160,0,160,5,,https://lain.bgm.tv/pic/crt/l/69/26/53564_crt_fsEXK.jpg,https://lain.bgm.tv/r/400/pic/crt/l/69/26/53564_crt_fsEXK.jpg,https://lain.bgm.tv/r/400/pic/crt/l/6b/2e/34233_crt_36b8L.jpg|https://lain.bgm.tv/pic/crt/l/6b/2e/34233_crt_36b8L.jpg|https://t.vndb.org/ch/93/69393.jpg|https://t.vndb.org/ch/60/93060.jpg|https://t.vndb.org/ch/72/109072.jpg,,Brown Short Straight Brown Pale Trousers Young-adult Kimono Headband Jacket,,https://bgm.tv/character/53564,https://vndb.org/c58358,53564
bgm-bgm85987,vndb,7,7,,七七,七七,Nana,救苦度厄真君 / Fortune Preserver / 冻冻回魂夜,女,B,,游戏|Galgame,Galgame,サイコロサイコ,冷血症骰子,2019,Galgame,"[{""t"":""サイコロサイコ"",""cn"":""冷血症骰子"",""ty"":""Galgame"",""y"":2019,""pop"":159},{""t"":""原神"",""cn"":""原神"",""ty"":""游戏"",""y"":2020,""pop"":0}]",移動酒場を営む明るく快活な美女。 リヒトーや陽菜に憩いの場を提供している。 リヒトーとは古い付き合いのようだが…。,159,0,159,26,,https://lain.bgm.tv/pic/crt/l/3d/7f/71767_crt_olkHF.jpg?r=1568372914,https://lain.bgm.tv/r/400/pic/crt/l/3d/7f/71767_crt_olkHF.jpg?r=1568372914,https://lain.bgm.tv/r/400/pic/crt/l/94/f9/85987_crt_3c550.jpg?r=1600905665|https://lain.bgm.tv/pic/crt/l/94/f9/85987_crt_3c550.jpg?r=1600905665|https://storage.moegirl.org.cn/moegirl/commons/6/62/Nana_image44.jpg!/fw/480/watermark/url/L21vZWdpcmwvd2F0ZXJtYXJrLnBuZw==/align/southeast/margin/10x10/opacity/50?v=20231014000019|https://storage.moegirl.org.cn/moegirl/commons/6/62/Nana_image44.jpg|https://storage.moegirl.org.cn/moegirl/commons/8/8e/Qiqi.jpg!/fw/480/watermark/url/L21vZWdpcmwvd2F0ZXJtYXJrLnBuZw==/align/southeast/margin/10x10/opacity/50?v=20200910055026|https://storage.moegirl.org.cn/moegirl/commons/8/8e/Qiqi.jpg,,图源:moegirl Hime Cut Long Teen Slim Pale Amber Pajamas Skirt Shotgun,,https://bgm.tv/character/71767,https://vndb.org/c95298,71767
bgm-bgm70994,vndb,7,7,,,桜田 杏,Sakurada An,,女,O,,Galgame,Galgame,アイキス,,2019,Galgame,"[{""t"":""アイキス"",""cn"":"""",""ty"":""Galgame"",""y"":2019,""pop"":157},{""t"":""アイキス2"",""cn"":"""",""ty"":""Galgame"",""y"":2020,""pop"":95},{""t"":""アイキス３"",""cn"":"""",""ty"":""Galgame"",""y"":2022,""pop"":55},{""t"":""アイキス3 sexy"",""cn"":"""",""ty"":""Galgame"",""y"":2022,""pop"":0},{""t"":""アイキス"",""cn"":"""",""ty"":""Galgame"",""y"":2019,""pop"":0},{""t"":""アイキス2"",""cn"":"""",""ty"":""Galgame"",""y"":2020,""pop"":0}]",2-A,157,0,157,17,,https://lain.bgm.tv/pic/crt/l/17/85/70994_crt_5IX6N.jpg,https://lain.bgm.tv/r/400/pic/crt/l/17/85/70994_crt_5IX6N.jpg,https://t.vndb.org/ch/77/102777.jpg,,Brown Twin Tails Long Straight Teen Slim Pale School Uniform Doggy Style Cowgirl,,https://bgm.tv/character/70994,https://vndb.org/c84422,70994
bgm-bgm13538,vndb,7,7,,涩谷友千香,渋谷 友千香,Shibuya Tomochika,Tomo-chan,女,O,,动画|Galgame,Galgame,うたの☆プリンスさまっ♪,,2010,Galgame,"[{""t"":""うたの☆プリンスさまっ♪"",""cn"":"""",""ty"":""Galgame"",""y"":2010,""pop"":156},{""t"":""うたの☆プリンスさまっ♪All Star"",""cn"":"""",""ty"":""Galgame"",""y"":2013,""pop"":54},{""t"":""うたの☆プリンスさまっ♪Debut"",""cn"":"""",""ty"":""Galgame"",""y"":2012,""pop"":46},{""t"":""うたの☆プリンスさまっ♪All Star After Secret"",""cn"":"""",""ty"":""Galgame"",""y"":2015,""pop"":24},{""t"":""うたの☆プリンスさまっ♪"",""cn"":""歌之☆王子殿下"",""ty"":""Galgame"",""y"":2010,""pop"":0},{""t"":""うたの☆プリンスさまっ♪ マジLOVE2000%"",""cn"":""歌之王子殿下 真爱2000%"",""ty"":""动画"",""y"":2013,""pop"":0}]",七海春歌的好朋友&室友，两个人在来到早乙女学园之前就是好朋友。性格开朗活泼，很有正义感，十分能理解七海的心情。,156,0,156,7,,https://lain.bgm.tv/pic/crt/l/85/7a/13538_crt_Mc00O.jpg,https://lain.bgm.tv/r/400/pic/crt/l/85/7a/13538_crt_Mc00O.jpg,https://t.vndb.org/ch/01/85901.jpg,,Red Long Wavy Pale School Uniform Violet Young-adult Roommate Friend Idol,,https://bgm.tv/character/13538,https://vndb.org/c4839,13538
bgm-bgm20900,vndb,7,7,,,佐藤 春姫,Satou Haruki,,女,B,,Galgame,Galgame,僕の未来は、恋と課金と。～Charge To The Future～,,2019,Galgame,"[{""t"":""僕の未来は、恋と課金と。～Charge To The Future～"",""cn"":"""",""ty"":""Galgame"",""y"":2019,""pop"":154},{""t"":""Berry's"",""cn"":"""",""ty"":""Galgame"",""y"":2013,""pop"":137},{""t"":""Berry's"",""cn"":"""",""ty"":""Galgame"",""y"":2013,""pop"":0},{""t"":""Berry'sドラマCD Vol.1 「森久保由那」"",""cn"":"""",""ty"":""音乐"",""y"":2009,""pop"":0},{""t"":""Berry'sドラマＣＤ Vol.2「佐藤夏姫」"",""cn"":"""",""ty"":""音乐"",""y"":2009,""pop"":0}]",Berry's』 では早生の先輩に当たるアルバイトの子。 双子の夏姫の姉。 明るい元気っ子で、好奇心旺盛。 良くも悪くも物事をハッキリと言うタイプ。 何事もそつなくこなし、苦手なことは今のところ何もないらしい。 決して発達しているとはいえない容姿のせいか、男子からは女子と見られていないフシもあったりするが、『Berry's』 では比較的健全なファンが多かったりする。 また、双子の夏姫は特別な存在で、可愛がり可愛がられ夏姫に必要とされることに、自分の存在意義を感じている。,154,0,154,6,,https://lain.bgm.tv/pic/crt/l/cf/41/20900_crt_PWP73.jpg,https://lain.bgm.tv/r/400/pic/crt/l/cf/41/20900_crt_PWP73.jpg,https://t.vndb.org/ch/85/14785.jpg,,Blue Ahoge Ponytail Waist Length+ Teen Slim Pale School Uniform Missionary Doggy Style,,https://bgm.tv/character/20900,https://vndb.org/c12434,20900
bgm-bgm20901,vndb,7,7,,,佐藤 夏姫,Satou Natsuki,,女,B,,Galgame,Galgame,僕の未来は、恋と課金と。～Charge To The Future～,,2019,Galgame,"[{""t"":""僕の未来は、恋と課金と。～Charge To The Future～"",""cn"":"""",""ty"":""Galgame"",""y"":2019,""pop"":154},{""t"":""Berry's"",""cn"":"""",""ty"":""Galgame"",""y"":2013,""pop"":137},{""t"":""Berry's"",""cn"":"""",""ty"":""Galgame"",""y"":2013,""pop"":0},{""t"":""Berry'sドラマＣＤ Vol.2「佐藤夏姫」"",""cn"":"""",""ty"":""音乐"",""y"":2009,""pop"":0}]",『Berry's』 では早生の先輩に当たるアルバイトの子。 双子の春姫の妹。 春姫が活発なのに対して、おとなしくてまじめ。 人間関係についてはドライなところもあり、興味のないことにはとことん無関心であるが、仕事ぶりは春姫に負けず劣らずとても優秀。 フロアスタッフたちの中でも独特の雰囲気を持っているため、変わったファンが付いている。 姉である春姫のことをとても大切に思っている。 ただし、春姫のように内心で依存していたりはせず、適度に距離は置いている。,154,0,154,8,,https://lain.bgm.tv/pic/crt/l/85/61/20901_crt_Jj2Y4.jpg,https://lain.bgm.tv/r/400/pic/crt/l/85/61/20901_crt_Jj2Y4.jpg,https://t.vndb.org/ch/86/14786.jpg,,Blue Ahoge Ponytail Twin Tails Waist Length+ Teen Slim Pale School Uniform Missionary,,https://bgm.tv/character/20901,https://vndb.org/c12435,20901
al90237,anilist,7,7,,安久奈白,安久 奈白,Nashiro Yasuhisa,小白(シロ),女,AB,,动画|漫画,动画,東京喰種[トーキョーグール]√A,东京喰种√A,2015,动画,"[{""t"":""東京喰種[トーキョーグール]√A"",""cn"":""东京喰种√A"",""ty"":""动画"",""y"":2015,""pop"":406723},{""t"":""東京喰種 トーキョーグール"",""cn"":""东京喰种"",""ty"":""漫画"",""y"":2011,""pop"":196324},{""t"":""東京喰種トーキョーグール"",""cn"":""东京喰种"",""ty"":""漫画"",""y"":2012,""pop"":0},{""t"":""東京喰種トーキョーグール √A"",""cn"":""东京喰种√A"",""ty"":""动画"",""y"":2015,""pop"":0},{""t"":""東京喰種トーキョーグール：re"",""cn"":""东京喰种:re"",""ty"":""漫画"",""y"":2014,""pop"":0}]",カネキと同じくリゼの赫包を移植された半喰種。7月7日生まれのかに座。血液型AB型。双子の妹。鱗赫。喰種化後の呼称は「シロ」。横縞のマスクに白いフードという出で立ちをしており、赫眼は右目に現れる。マダムAの護衛を務めており、絶妙なコンビネーションで攻撃を行う。嘉納を「パパ」と呼び、慕っている。安久七生という資産家の娘で、両親を喰種に殺された後はCCGに保護され施設で育ち、将来姉と共に優秀な捜査官になると期待されていた。,153,153,0,11,,https://lain.bgm.tv/pic/crt/l/8c/a9/35641_crt_3pIba.jpg,https://lain.bgm.tv/r/400/pic/crt/l/8c/a9/35641_crt_3pIba.jpg,https://s4.anilist.co/file/anilistcdn/character/medium/90237-nVik0TNNqfH3.jpg|https://s4.anilist.co/file/anilistcdn/character/large/90237-nVik0TNNqfH3.jpg,,,https://anilist.co/character/90237,https://bgm.tv/character/35641,,35641
vndb-c41584,vndb,7,7,,,神宮 美咲,Jinguu Misaki,,女,A,,Galgame,Galgame,時を紡ぐ約束,编织时间的约定,2016,Galgame,,身長：155cm スリーサイズ：B83（C） /W55 /H82 血液型：A型 誕生日：7月7日 （かに座） 趣味：食べ歩き 好き：食事、お菓子、暗記 嫌い：勉強 草壁庵自慢の美人若女将。 クールビューティーな外見や口調だが、無意識に感情表現がとても豊か。 若女将としての責任感と気概を持っていて、一生懸命仕事に取り組んでいる。 特に記憶力が抜群で、一度見たお客様の顔は忘れない。 でもそれを勉強に活かすことは出来ないらしい。,138,0,138,17,,https://lain.bgm.tv/pic/crt/l/60/1c/39366_crt_d2bie.jpg,https://lain.bgm.tv/r/400/pic/crt/l/60/1c/39366_crt_d2bie.jpg,https://t.vndb.org/ch/37/53637.jpg,,Black Waist Length+ Teen Slim Pale School Uniform Missionary Doggy Style Cowgirl Spoons,,https://bgm.tv/character/39366,https://vndb.org/c41584,39366
al337476,anilist,7,7,,泽奥·托尔宙斯·莱茵波尔多,ゼオ・トルゼウス・ラインボルト,Zeo Thorzeus Reinbolt,泽欧·托尔泽乌斯·雷恩博尔特,男,,,动画|漫画,动画,杖と剣のウィストリア,杖与剑的魔剑谭,2024,动画,"[{""t"":""杖と剣のウィストリア"",""cn"":""杖与剑的魔剑谭"",""ty"":""动画"",""y"":2024,""pop"":175856},{""t"":""杖と剣のウィストリア Season2"",""cn"":""杖与剑的魔剑谭 第二季"",""ty"":""动画"",""y"":2026,""pop"":118642},{""t"":""杖と剣のウィストリア"",""cn"":""杖与剑的魔剑谭"",""ty"":""漫画"",""y"":2020,""pop"":18855},{""t"":""杖と剣のウィストリア グリモアクタ"",""cn"":""杖与剑的魔剑谭 引导之魔录书"",""ty"":""漫画"",""y"":2024,""pop"":0},{""t"":""杖と剣のウィストリア Season 2"",""cn"":""杖与剑的魔剑谭 第二季"",""ty"":""动画"",""y"":2026,""pop"":0},{""t"":""杖と剣のウィストリア"",""cn"":""杖与剑的魔剑谭"",""ty"":""动画"",""y"":2024,""pop"":0}]",“至高の五杖”のひとりで、雷の派閥を司り“雷公の杖”と呼ばれる。アロンを「ジジイ」呼ばわりするほどの、五杖きっての荒くれ者。実戦においては他を圧倒する才能を持つ。フィン曰く、魔導士ではあるが、その在り方は“剣”に近い。,137,137,0,2,,https://lain.bgm.tv/pic/crt/l/2a/d2/158979_crt_hn62l.jpg,https://lain.bgm.tv/r/400/pic/crt/l/2a/d2/158979_crt_hn62l.jpg,https://s4.anilist.co/file/anilistcdn/character/medium/b337476-qCCmGWehDmJb.jpg|https://s4.anilist.co/file/anilistcdn/character/large/b337476-qCCmGWehDmJb.jpg,,,https://anilist.co/character/337476,https://bgm.tv/character/158979,,158979
bgm-bgm134034,vndb,7,7,,,不知火 義一,Shiranui Yoshikazu,Gi / ギー,男,,,Galgame,Galgame,エヴォリミット,,2010,Galgame,"[{""t"":""エヴォリミット"",""cn"":"""",""ty"":""Galgame"",""y"":2010,""pop"":129},{""t"":""エヴォリミット"",""cn"":"""",""ty"":""Galgame"",""y"":2010,""pop"":0}]",主人公。パッチを装着することにより、炎の力を獲得する。 好奇心旺盛、微妙に熱血。 新しい世界に戸惑いながらも必死に慣れようと努力する。三日後、慣れた（速っ）。 一条雫とは昔からの相棒。 「信念は、炎に似ている」,129,0,129,0,,https://lain.bgm.tv/pic/crt/l/52/4d/134034_crt_Jmvpa.jpg,https://lain.bgm.tv/r/400/pic/crt/l/52/4d/134034_crt_Jmvpa.jpg,https://t.vndb.org/ch/89/1089.jpg,,Brown Short Brown Teen Pale Uniform Proactive Fighting Hotblooded Necktie,,https://bgm.tv/character/134034,https://vndb.org/c1039,134034
bgm-bgm62165,vndb,7,7,,,ブリュンヒルト・シュヴェスタン,Brünhild Schwestern,Miss Walküre (ミス・ワルキューレ),女,O,,Galgame,Galgame,まおてん,,2018,Galgame,"[{""t"":""まおてん"",""cn"":"""",""ty"":""Galgame"",""y"":2018,""pop"":118},{""t"":""まおてん"",""cn"":"""",""ty"":""Galgame"",""y"":2018,""pop"":0}]",ドイツからやってきた神に仕えるシスターで、学校では外国語教諭として働く。 人間には数少ない、魔族に対抗できる力の持ち主であり、「ミス・ワルキューレ」と呼ばれる。 ゆうりら天使とは同盟を結んでおり、魔族とは敵対する立場だが、 郷に入りては郷に従え、 つまり人間界のルールを頓首する限りは自由に暮らしていいと思っている。 蓮太郎のことも昔から見守っていた。 日本のシスターの服ということで巫女服で暮らす。,118,0,118,2,1,https://lain.bgm.tv/pic/crt/l/59/d2/62165_crt_ffafl.jpg,https://lain.bgm.tv/r/400/pic/crt/l/59/d2/62165_crt_ffafl.jpg,https://t.vndb.org/ch/04/85604.jpg,,Brown Ahoge Waist Length+ Straight Slim Pale Trousers Virgin Sex Group Sex Young-adult,,https://bgm.tv/character/62165,https://vndb.org/c63991,62165
vndb-c35263,vndb,7,7,,,鹿島 いずみ,Kashima Izumi,,女,,,Galgame,Galgame,こなたよりかなたまで,从此方到彼方,2003,Galgame,,癌患者の優の担当看護婦。 彼方とも親しく、彼とは化学療法科の窓口でいつも遊んでいる。「いずみちゃん」と呼ばないと怒り、年齢を聞くとすごく怒る。いつも笑顔が絶えないが、実の所それは表面だけ。「人の死」と直面する職場ではひび割れた心を表に出すわけにはいかないと考えている。長めの髪を後頭部でまとめており、お団子というとちょっと拗ねる。,118,0,118,2,,https://lain.bgm.tv/pic/crt/l/2a/95/45486_crt_m0OLW.jpg,https://lain.bgm.tv/r/400/pic/crt/l/2a/95/45486_crt_m0OLW.jpg,https://t.vndb.org/ch/90/42590.jpg,,Bun Long Green Blue Thigh-high Stockings Nurse Nurse Uniform Nurse's Cap Sidehair,,https://bgm.tv/character/45486,https://vndb.org/c35263,45486
vndb-c7376,vndb,7,7,,,二十里 海 / トゥエンティ,Nijuuri Kai / Twenty,,男,B,,Galgame,Galgame,探偵オペラ ミルキィホームズ,侦探歌剧 少女福尔摩斯,2010,Galgame,"[{""t"":""探偵オペラ ミルキィホームズ"",""cn"":""侦探歌剧 少女福尔摩斯"",""ty"":""Galgame"",""y"":2010,""pop"":117},{""t"":""探偵オペラ ミルキィホームズ2"",""cn"":""侦探歌剧 少女福尔摩斯2"",""ty"":""Galgame"",""y"":2012,""pop"":18}]","A member of ""Thieves' Empire"". A crafty magician who uses various English words and attacks using cards. He is wildly perverted and constantly shows off his erect nipples to the chagrin of the students.",117,0,117,0,,https://t.vndb.org/ch/16/9416.jpg,https://t.vndb.org/ch/16/9416.jpg,,#513a42 #9b848b #c0c1c8 #e3e2e1 #f5f5f4 #ffffff,Blond Short Slim Pale Magician Villain Blue Young-adult Suit Hat,,,https://vndb.org/c7376,
bgm-bgm41758,vndb,7,7,,,若宮 明日香,Wakamiya Asuka,,女,B,,Galgame,Galgame,明日の君と逢うために,,2007,Galgame,"[{""t"":""明日の君と逢うために"",""cn"":"""",""ty"":""Galgame"",""y"":2007,""pop"":109},{""t"":""明日の七海と逢うために〜明日の君と逢うために〜FAN DISC"",""cn"":"""",""ty"":""Galgame"",""y"":2008,""pop"":45},{""t"":""明日の君と逢うために"",""cn"":""为与明日君相逢"",""ty"":""Galgame"",""y"":2007,""pop"":0}]",鈴森学園2年。良くも悪くも素直で元気。好奇心旺盛で、暴走することも多いが不思議と憎めない少女。 子供の頃に修司と御風島の森に遊びに行った際に、1人で神隠しに遭い（作品中では『「向こう」の世界に行く』と呼ばれる）、その6年後に以前の記憶を全て失って戻ってきた。 見かけ上はわからないが、その失った記憶を取り戻すべく猛勉強した所、現在は学年トップの成績を持つ優等生となった過去を持つ。その特権で部室棟の一部屋を「勉強部屋」として自由に使い、昼休みに仲間達と弁当を食べている。,109,0,109,17,,https://lain.bgm.tv/pic/crt/l/d1/6c/41758_crt_9n39S.jpg,https://lain.bgm.tv/r/400/pic/crt/l/d1/6c/41758_crt_9n39S.jpg,https://t.vndb.org/ch/54/70554.jpg,,Pink Long Teen Pale School Uniform Cooking Amnesia Doggy Style Standing Sex Blowjob,,https://bgm.tv/character/41758,https://vndb.org/c494,41758
bgm-bgm72968,vndb,7,7,,,十条 要,HiMERU,HiMERU,男,O,,动画|游戏|Galgame,Galgame,あんさんぶるスターズ！,,2015,Galgame,"[{""t"":""あんさんぶるスターズ！"",""cn"":"""",""ty"":""Galgame"",""y"":2015,""pop"":108},{""t"":""あんさんぶるスターズ！"",""cn"":"""",""ty"":""Galgame"",""y"":2015,""pop"":108},{""t"":""あんさんぶるスターズ！"",""cn"":"""",""ty"":""Galgame"",""y"":2015,""pop"":108},{""t"":""あんさんぶるスターズ！"",""cn"":"""",""ty"":""Galgame"",""y"":2015,""pop"":108},{""t"":""あんさんぶるスターズ！"",""cn"":"""",""ty"":""Galgame"",""y"":2015,""pop"":108},{""t"":""あんさんぶるスターズ！"",""cn"":""偶像梦幻祭"",""ty"":""Galgame"",""y"":2015,""pop"":0}]",君のハートにHiMERUシークレット 元々ソロ活動をしていたアイドル。どこか距離を取った話し方をする。 優しく落ち着いた性格だが、つかみ所がない。時折自分の行動を確認しているような言動が見られる。 誘うような歌声で、パフォーマンスは実年齢より大人の色香が漂う。 『COSMIC PRODUCTION』の『B』に所属している。,108,0,108,5,,https://lain.bgm.tv/pic/crt/l/59/b4/72968_crt_33fSZ.jpg?r=1573280199,https://lain.bgm.tv/r/400/pic/crt/l/59/b4/72968_crt_33fSZ.jpg?r=1573280199,https://storage.moegirl.org.cn/moegirl/commons/9/94/HiMERU.png!/fw/480/watermark/url/L21vZWdpcmwvd2F0ZXJtYXJrLnBuZw==/align/southeast/margin/10x10/opacity/50?v=20220610114809|https://storage.moegirl.org.cn/moegirl/commons/9/94/HiMERU.png|https://t.vndb.org/ch/13/140313.jpg|https://t.vndb.org/ch/30/140330.jpg,,Blue Short Teen Pale Amber Ore Pretending Reserved Son Idol,,https://bgm.tv/character/72968,https://vndb.org/c117980,72968
bgm-bgm66277,vndb,7,7,,赌徒,ギャンブラー,Gambler,安藤淳宏 / Ando Atsuhiro,男,,,动画|Galgame,Galgame,誰ソ彼ホテル,黄昏旅店,2017,Galgame,"[{""t"":""誰ソ彼ホテル"",""cn"":""黄昏旅店"",""ty"":""Galgame"",""y"":2017,""pop"":106},{""t"":""誰ソ彼ホテル"",""cn"":""黄昏旅店"",""ty"":""Galgame"",""y"":2017,""pop"":0},{""t"":""誰ソ彼ホテル Re:newal"",""cn"":""黄昏旅店 Re:newal"",""ty"":""Galgame"",""y"":2022,""pop"":0},{""t"":""誰ソ彼ホテル"",""cn"":""黄昏旅店"",""ty"":""动画"",""y"":2025,""pop"":0}]",黄昏ホテルにやって来た宿泊客。 ギャンブルが大好きな模様。,106,0,106,0,,https://lain.bgm.tv/pic/crt/l/53/bd/66277_crt_4Kd9k.jpg,https://lain.bgm.tv/r/400/pic/crt/l/53/bd/66277_crt_4Kd9k.jpg,https://t.vndb.org/ch/58/159558.jpg|https://t.vndb.org/ch/66/159566.jpg,,Adult Stubborn No Name Yukata Gambling Object Head Unlucky,,https://bgm.tv/character/66277,https://vndb.org/c135599,66277
al16020,anilist,7,7,,久宇舞弥,久宇舞弥,Maiya Hisau,,女,A,,动画|漫画|轻小说,动画,Fate/Zero,Fate/Zero,2011,动画,"[{""t"":""Fate/Zero"",""cn"":""Fate/Zero"",""ty"":""动画"",""y"":2011,""pop"":348087},{""t"":""Fate/Zero 2ndシーズン"",""cn"":"""",""ty"":""动画"",""y"":2012,""pop"":242356},{""t"":""Fate/strange Fake"",""cn"":"""",""ty"":""动画"",""y"":2026,""pop"":82145},{""t"":""Fate/Zero"",""cn"":""Fate/Zero"",""ty"":""轻小说"",""y"":2006,""pop"":7719},{""t"":""Fate/Zero"",""cn"":""Fate/Zero"",""ty"":""漫画"",""y"":2011,""pop"":3022},{""t"":""TYPE-MOON学園 ちびちゅき!"",""cn"":"""",""ty"":""漫画"",""y"":2013,""pop"":822}]",卫宫切嗣的女助手，年幼时被切嗣在战场中救出的少女 把自己当成切嗣的一部份，也是一个令切嗣完全安心的女人 ，对于切嗣有如最强武器般存在 原作中“让卫宫切嗣这台机器运作得更像一台机器的辅助机器，就是久宇舞弥”无疑是其最佳写照,106,106,0,35,,https://lain.bgm.tv/pic/crt/l/63/8f/12329_crt_jRWMs.jpg?r=1392191382,https://lain.bgm.tv/r/400/pic/crt/l/63/8f/12329_crt_jRWMs.jpg?r=1392191382,https://storage.moegirl.org.cn/moegirl/commons/1/1d/%E9%AD%94%E6%9C%AF%E5%B8%88%E6%9D%80%E6%89%8B%E7%9A%84%E6%AD%A6%E5%99%A8.png!/fw/480/watermark/url/L21vZWdpcmwvd2F0ZXJtYXJrLnBuZw==/align/southeast/margin/10x10/opacity/50?v=20250625083140|https://storage.moegirl.org.cn/moegirl/commons/1/1d/%E9%AD%94%E6%9C%AF%E5%B8%88%E6%9D%80%E6%89%8B%E7%9A%84%E6%AD%A6%E5%99%A8.png|https://s4.anilist.co/file/anilistcdn/character/medium/b16020-unVmGwhB9rhm.png|https://s4.anilist.co/file/anilistcdn/character/large/b16020-unVmGwhB9rhm.png,,图源:moegirl,https://anilist.co/character/16020,https://bgm.tv/character/12329,,12329
bgm-bgm18226,vndb,7,7,,,桂ノ宮 沙耶,Katsuranomiya Saya,,女,AB,,Galgame,Galgame,執事が姫を選ぶとき,,2013,Galgame,"[{""t"":""執事が姫を選ぶとき"",""cn"":"""",""ty"":""Galgame"",""y"":2013,""pop"":103},{""t"":""執事が姫を選ぶとき"",""cn"":""管家选择公主之时"",""ty"":""Galgame"",""y"":2013,""pop"":0}]",代々身分の高い女子をエリート教育して、国内はもちろん世界でも通用する一人前のレディに育て上げる伝統と格式ある 『桂ノ宮学園』 の創始者である桂ノ宮家の一人娘。 普段はクールなお嬢様だが、幼なじみでもある主人公と二人っきりになると二重人格と思えるくらいに甘えてくる。 時々主人公に甘えすぎて、急に誰かがやってきても表の顔が間に合わない時がある。 周囲から “太陽と月の薔薇姫” と呼ばれているのは、沙耶の気性である表と裏のギャップが激しいためとか。,103,0,103,13,,https://lain.bgm.tv/pic/crt/l/c3/9d/18226_crt_ejOv0.jpg,https://lain.bgm.tv/r/400/pic/crt/l/c3/9d/18226_crt_ejOv0.jpg,https://t.vndb.org/ch/17/15017.jpg,,Black Twin Tails Waist Length+ Teen Slim Pale School Uniform Cowgirl Blowjob Sixty-nine,,https://bgm.tv/character/18226,https://vndb.org/c12598,18226
bgm-bgm34365,vndb,7,7,,,加々美 涼羽,Kagami Suzuha,Suzu Oneechan,女,B,,Galgame,Galgame,恋愛フェイズ,,2015,Galgame,"[{""t"":""恋愛フェイズ"",""cn"":"""",""ty"":""Galgame"",""y"":2015,""pop"":101},{""t"":""恋愛フェイズ"",""cn"":"""",""ty"":""Galgame"",""y"":2015,""pop"":0}]",学園生徒会長にして主人公の従姉。 凛々しく完璧超人で芯のしっかりした女性。 ファンも多数いる。 ただそれは公の場の性格であり、主人公と二人きりになると過保護なダダ甘姉ちゃんになる。 将来は主人公を自分の伴侶（ヒモ）とすべく、色々と計画を立てている。 付き合い始めてからは公の場でも遠慮がなくなり、より積極的に甘やかしてくるようになる。 デートやエッチも自分からリードしていくが、次第に甘やかすだけでは満足できなくなっていく。 「いいから黙って。 私に全てを委ねて」,101,0,101,7,,https://lain.bgm.tv/pic/crt/l/2f/65/34365_crt_7jGFY.jpg,https://lain.bgm.tv/r/400/pic/crt/l/2f/65/34365_crt_7jGFY.jpg,https://t.vndb.org/ch/70/41670.jpg,,Blue Waist Length+ Straight Teen Slim Pale School Uniform Cowgirl Amber Scarf,,https://bgm.tv/character/34365,https://vndb.org/c34627,34365
bgm-bgm14706,bangumi,7,7,,小鸟游空,小鳥遊空,Takanashi Sora,,其他,,,动画|漫画,动画,パパのいうことを聞きなさい！,听爸爸的话！,2012,动画,"[{""t"":""パパのいうことを聞きなさい！"",""cn"":""听爸爸的话！"",""ty"":""动画"",""y"":2012,""pop"":0},{""t"":""パパのいうことを聞きなさい! OAD"",""cn"":""听爸爸的话！OAD"",""ty"":""动画"",""y"":2013,""pop"":0},{""t"":""パパのいうことを聞きなさい！"",""cn"":""听爸爸的话"",""ty"":""漫画"",""y"":2009,""pop"":0},{""t"":""パパのいうことを聞きなさい!小鳥遊空 キャラクターソングCD(DVD付)"",""cn"":"""",""ty"":""音乐"",""y"":2011,""pop"":0},{""t"":""パパのいうことを聞きなさい!"",""cn"":""听爸爸的话！"",""ty"":""漫画"",""y"":2011,""pop"":0},{""t"":""パパのいうことを聞きなさい!～小鳥遊の陽だまり～"",""cn"":""要听爸爸的话！～小鸟游家的居家日常～"",""ty"":""漫画"",""y"":2012,""pop"":0}]",小鳥遊三姉妹の長女で、茶色味がかったセミロングの髪にリボンを結んだ美少女。物語開始当時14歳。中学2年生（1 - 10巻）→3年生（11 - 15巻）→高校1年生（16巻）→2年生（17巻）→3年生（18巻） 。,98,0,0,98,,https://lain.bgm.tv/pic/crt/l/44/5a/14706_crt_Kntk9.jpg,https://lain.bgm.tv/r/400/pic/crt/l/44/5a/14706_crt_Kntk9.jpg,,,,,https://bgm.tv/character/14706,,14706
bgm-bgm27754,vndb,7,7,,,藍川 咲耶,Aikawa Sakuya,,女,,,Galgame,Galgame,残念な俺達の青春事情。,,2014,Galgame,"[{""t"":""残念な俺達の青春事情。"",""cn"":"""",""ty"":""Galgame"",""y"":2014,""pop"":97},{""t"":""残念な俺達の青春事情"",""cn"":"""",""ty"":""Galgame"",""y"":2014,""pop"":0}]",ツンデレなのに打たれ弱く、その上ちょろいという根っからのいじられキャラ。 主人公とは数年来の付き合いで、お互いに気心が知れた関係。 ある意味お互いの一番の理解者でもあり。 勉強が苦手で成績はいつも赤点ギリギリ（それでも学年最下位）だが、その一方で料理の腕は他の誰よりも秀でている。 そのため仲間内ではいじられ役・ボケ役と共に調理を担当。 「泣かす……！ いつか絶対アンタのこと泣かしてやるんだから……！」,97,0,97,16,,https://lain.bgm.tv/pic/crt/l/a1/e8/27754_crt_9l3iM.jpg,https://lain.bgm.tv/r/400/pic/crt/l/a1/e8/27754_crt_9l3iM.jpg,https://t.vndb.org/ch/19/28819.jpg,,Blond Waist Length+ Teen Slim Pale School Uniform Cooking Missionary Cowgirl Virgin Sex,,https://bgm.tv/character/27754,https://vndb.org/c23227,27754
bgm-bgm106430,vndb,7,7,,,橘 晴華,Tachibana Seika,,女,B,,Galgame,Galgame,ネコと女子寮せよ！,,2022,Galgame,"[{""t"":""ネコと女子寮せよ！"",""cn"":"""",""ty"":""Galgame"",""y"":2022,""pop"":97},{""t"":""ネコと女子寮（ワカイ）せよ！"",""cn"":""女仆咖啡厅与魔法女子寮"",""ty"":""Galgame"",""y"":2022,""pop"":0}]",学園の２年生で生徒会に所属しているクラスメイト。裕福な家庭の一人娘として大事に育てられている。 普段は真面目で清楚なお嬢さまを装っているが、肝心な場面でドジをしたりのポンコツ面がある。実は重度とまではいかないが結構なオタク。 特にファンタジー小説やゲーム、アニメなどが幼少の頃から大好きで、いつか自分が作り手になれるといいなと密かに目指している。創作活動も行っており、かなりアクティブに行動する。,97,0,97,3,,https://lain.bgm.tv/pic/crt/l/8d/94/106430_crt_j7zvN.jpg,https://lain.bgm.tv/r/400/pic/crt/l/8d/94/106430_crt_j7zvN.jpg,https://t.vndb.org/ch/23/126023.jpg,,Blue Waist Length+ Straight Teen Slim Pale Blowjob Sixty-nine Amber Necklace,,https://bgm.tv/character/106430,https://vndb.org/c104591,106430
vndb-c99237,vndb,7,7,,,,Rachael,Rach,女,,,Galgame,Galgame,WVM,,2025,Galgame,,Azel's boss and a family friend,96,0,96,0,1,https://t.vndb.org/ch/84/175584.jpg,https://t.vndb.org/ch/84/175584.jpg,,#806950 #a99374 #483b2d #d7c39e #f6e3ba #fefcdb,Blond Long Pale Proactive Hard Worker Doggy Style Blowjob Cunnilingus Sixty-nine Green,,,https://vndb.org/c99237,
bgm-bgm33979,vndb,7,7,,疯帽子,マッドハッター,Mad Hatter,リオン / Rhion / 瘋帽子,男,AB,,Galgame,Galgame,スイートルームで悪戯なキス,,2012,Galgame,"[{""t"":""スイートルームで悪戯なキス"",""cn"":"""",""ty"":""Galgame"",""y"":2012,""pop"":94},{""t"":""夢王国と眠れる100人の王子様"",""cn"":""梦王国与沉睡的100名王子"",""ty"":""Galgame"",""y"":2015,""pop"":0},{""t"":""夢王国と眠れる100人の王子様 音100シリーズ ~Vol.2 不思議の国 1~"",""cn"":"""",""ty"":""音乐"",""y"":2017,""pop"":0}]",風船をつけた奇抜な服装をしている不思議の国の住人。 上司であるヤマネに逆らえない。,94,0,94,0,,https://lain.bgm.tv/pic/crt/l/fb/54/207723_crt_bRId9.jpg,https://lain.bgm.tv/r/400/pic/crt/l/fb/54/207723_crt_bRId9.jpg,https://lain.bgm.tv/r/400/pic/crt/l/86/26/33979_crt_00b50.jpg|https://lain.bgm.tv/pic/crt/l/86/26/33979_crt_00b50.jpg|https://t.vndb.org/ch/20/200620.jpg,,Black Blue Pale Blue Grey Mysterious Makeup,,https://bgm.tv/character/207723,https://vndb.org/c170278,207723
vndb-c124731,vndb,7,7,,,スレーブ・チェリー,Slave Cherry,Magical Girl Slave Cherry / 2nd Mesudorei / Harukaze Mai / 春風 舞衣,女,,,Galgame,Galgame,TS魔法少女なお!,,2014,Galgame,"[{""t"":""TS魔法少女なお!"",""cn"":"""",""ty"":""Galgame"",""y"":2014,""pop"":94},{""t"":""TS魔法少女なお!2nd!!"",""cn"":"""",""ty"":""Galgame"",""y"":2019,""pop"":74},{""t"":""TS魔法少女なお!BunnyS!!"",""cn"":"""",""ty"":""Galgame"",""y"":2015,""pop"":24}]","""I exist to serve you!!"" Like Ignis, Cherry has been transformed into a submissive female slave by the hidden power of Arty Gear.",94,0,94,0,1,https://t.vndb.org/ch/23/146923.jpg,https://t.vndb.org/ch/23/146923.jpg,,#a57b82 #e1bcc6 #514348 #282225 #0e0b0d #000000,White Ahoge Twin Tails Waist Length+ Teen Slim Fighting Amber Dark Earrings,,,https://vndb.org/c124731,
bgm-bgm55576,vndb,7,7,,,九十九,Tsukumo,,女,,,Galgame,Galgame,純情化憐フリークス！,,2017,Galgame,"[{""t"":""純情化憐フリークス！"",""cn"":"""",""ty"":""Galgame"",""y"":2017,""pop"":93},{""t"":""純情化憐フリークス！"",""cn"":""纯情化怜Freaks!"",""ty"":""Galgame"",""y"":2017,""pop"":0}]",種族：付喪神 能力：瞬間移動（本体から半径5km） 特技：理央のサポート 好き：日々を生き人と接すること 嫌い：油揚げ、本体を傷つけられること 沼楽坂家に保管されていた狐のお面で、100年に達する少し前に顕現した付喪神。 立派な神になるために “徳” を積む必要があり、理央の付き人となった。 一見クールで大人びた女性に見えるが、実は少し寂しがり屋。 本体は理央の部屋の壁に安置されており、 本体に傷がつかない限り彼女にもダメージはない。 「お嬢、しっかりなさってください」,93,0,93,5,,https://lain.bgm.tv/pic/crt/l/b0/e8/55576_crt_qfrwR.jpg,https://lain.bgm.tv/r/400/pic/crt/l/b0/e8/55576_crt_qfrwR.jpg,https://t.vndb.org/ch/23/75423.jpg,,White Waist Length+ Blowjob Sixty-nine Amber Young-adult Kimono Wife Servant Refined,,https://bgm.tv/character/55576,https://vndb.org/c62795,55576
vndb-c65961,vndb,7,7,,玄野梓,玄野 梓,Kurono Azusa,,男,O,,Galgame,Galgame,ダウト～嘘つきオトコは誰？～,揭穿！说谎的男人是谁？,2015,Galgame,,新進気鋭の売れっ子クリエイター。その実力は玄野が作ったキャラクターがSNSのスタプになるほど。人懐っこい性格で、年上キラという噂も。隙を見せると懐にグイグイ入り込んできます。,90,0,90,0,,https://lain.bgm.tv/pic/crt/l/c9/f8/95864_crt_MqWCJ.jpg,https://lain.bgm.tv/r/400/pic/crt/l/c9/f8/95864_crt_MqWCJ.jpg,https://t.vndb.org/ch/01/79301.jpg,,Brown Short Brown Cooking Young-adult Suit Scarf Shirt Cynic Betrothed,,https://bgm.tv/character/95864,https://vndb.org/c65961,95864
bgm-bgm20933,vndb,7,7,,,エルステリア・マリーゴールド,Elsterrier Marigold,Els,女,A,,Galgame,Galgame,PrismRhythm -プリズムリズム-,,2010,Galgame,"[{""t"":""PrismRhythm -プリズムリズム-"",""cn"":"""",""ty"":""Galgame"",""y"":2010,""pop"":89},{""t"":""PrismRhythm -プリズムリズム-"",""cn"":"""",""ty"":""Galgame"",""y"":2010,""pop"":0}]",聖ベルティナ学院に通う主人公のクラスメイト。 現役の『エルディス・ベルティナ』の一人である キャロライン・マリーゴールド の妹。 努力家タイプで美貌と教養を兼ね備え、しっかり者で人当たりがよく面倒見もよい。 成績優秀で周囲から将来を期待されているが、本人は目標である姉と自分を常に比べて自己研鑽を怠らない。 学院では男子にも人気であるが、自分の夢である姉を追いかけるのに精一杯で、恋をする余裕はなかった。 実は胸の小ささを気にしている。 祭具は杖で『アスティリア』。,89,0,89,3,,https://lain.bgm.tv/pic/crt/l/44/b5/20933_crt_R9vix.jpg,https://lain.bgm.tv/r/400/pic/crt/l/44/b5/20933_crt_R9vix.jpg,https://t.vndb.org/ch/91/11791.jpg,,Blond Ahoge Twin Tails Waist Length+ Teen Slim Pale School Uniform Sweater Dress Shoes,,https://bgm.tv/character/20933,https://vndb.org/c1545,20933
vndb-c38669,vndb,7,7,,,沖鮎 和哉,Okiayu Kazuya,Kazu / カズ,男,B,,Galgame,Galgame,僕はキミだけを見つめる～I gaze at only you～,,2006,Galgame,"[{""t"":""僕はキミだけを見つめる～I gaze at only you～"",""cn"":"""",""ty"":""Galgame"",""y"":2006,""pop"":85},{""t"":""僕はキミだけを見つめる 外伝 サーベルタイガー編"",""cn"":"""",""ty"":""Galgame"",""y"":2007,""pop"":3}]",,85,0,85,0,,https://t.vndb.org/ch/13/76513.jpg,https://t.vndb.org/ch/13/76513.jpg,,#a03235 #b59591 #e3d2ca #292727 #f6f1ea #ffffff,Red Short Straight Teen Slim Pale Amber Suit Necktie Shirt,,,https://vndb.org/c38669,
bgm-bgm68921,vndb,7,7,,,アリア・クーゲル・ウェストリン,Aria Kugel Westlinn,,女,A,,Galgame,Galgame,若葉色のカルテット,,2019,Galgame,"[{""t"":""若葉色のカルテット"",""cn"":"""",""ty"":""Galgame"",""y"":2019,""pop"":84},{""t"":""若葉色のカルテット"",""cn"":"""",""ty"":""Galgame"",""y"":2019,""pop"":0}]",,84,0,84,0,,https://lain.bgm.tv/pic/crt/l/77/d4/68921_crt_ooTMl.jpg,https://lain.bgm.tv/r/400/pic/crt/l/77/d4/68921_crt_ooTMl.jpg,https://t.vndb.org/ch/51/98451.jpg,,Violet Waist Length+ Straight Slim Pale Blue Young-adult Miniskirt Court Shoes Kemonomimi,,https://bgm.tv/character/68921,https://vndb.org/c80836,68921
bgm-bgm68042,bangumi,7,7,,羽衣拉拉／银河天使,羽衣ララ／キュアミルキー,Cure Milky,,其他,,,动画,动画,映画 スター☆トゥインクルプリキュア 星のうたに想いをこめて,电影 Star☆Twinkle 光之美少女 满怀思念的星之歌,2019,动画,"[{""t"":""映画 スター☆トゥインクルプリキュア 星のうたに想いをこめて"",""cn"":""电影 Star☆Twinkle 光之美少女 满怀思念的星之歌"",""ty"":""动画"",""y"":2019,""pop"":0},{""t"":""映画 プリキュアオールスターズF"",""cn"":""电影 光之美少女 All Stars F"",""ty"":""动画"",""y"":2023,""pop"":0},{""t"":""映画 プリキュアミラクルリープ みんなとの不思議な1日"",""cn"":""电影 光之美少女 Miracle Leap 与大家不可思议的一天"",""ty"":""动画"",""y"":2020,""pop"":0},{""t"":""スター☆トゥインクルプリキュア"",""cn"":""Star☆Twinkle 光之美少女"",""ty"":""动画"",""y"":2019,""pop"":0},{""t"":""映画 プリキュアミラクルユニバース"",""cn"":""电影 光之美少女 Miracle Universe"",""ty"":""动画"",""y"":2019,""pop"":0},{""t"":""劇場版 騎士竜戦隊リュウソウジャーＶＳルパンレンジャーＶＳパトレンジャー"",""cn"":""剧场版 骑士龙战队龙装者VS鲁邦连者VS巡逻连者"",""ty"":""其他"",""y"":2020,""pop"":0}]",出生于星空界沙曼星的外星人少女，折合成地球人的年龄是13岁，但由于故乡中这个年龄是被当作成年人来看待，所以拥有很强的责任感，行事认真，但有时候会非常的笨拙。魅力点是头上的传感器，可随意伸缩，而且能发出修理和按摩程度的微弱电击。为了复活星辰公主，与芙娃和普伦斯乘搭火箭离开故乡，展开了寻找光之美少女的旅程，但在芙娃的力量的指引下来到地球与星奈光相遇，后进入观星初中就读并和小光成为同班同学。语尾习惯加上“～伦”。是第一位由外星人变身的光之美少女,84,0,0,84,,https://lain.bgm.tv/pic/crt/l/7f/8b/68042_crt_gDpdx.jpg?r=1551024699,https://lain.bgm.tv/r/400/pic/crt/l/7f/8b/68042_crt_gDpdx.jpg?r=1551024699,,,,,https://bgm.tv/character/68042,,68042
vndb-c22853,vndb,7,7,,,椿 捺菜,Tsubaki Nazuna,,女,,,Galgame,Galgame,涼風のメルト -Where wishes are drawn to each other-,,2010,Galgame,"[{""t"":""涼風のメルト -Where wishes are drawn to each other-"",""cn"":"""",""ty"":""Galgame"",""y"":2010,""pop"":84},{""t"":""舞風のメルト -Where leads to feeling destination-"",""cn"":"""",""ty"":""Galgame"",""y"":2011,""pop"":42}]",,84,0,84,0,,https://t.vndb.org/ch/64/28264.jpg,https://t.vndb.org/ch/64/28264.jpg,,#bc5767 #3b2e34 #c4a8a3 #eedacb #f8f4ee #ffffff,Red Shoulder-length Teen Slim Pale School Uniform Cowgirl Blowjob Virgin Sex Violet,,,https://vndb.org/c22853,
vndb-c72079,vndb,7,7,,,鱗　皇驪,Rin Korei,,男,AB,,Galgame,Galgame,蛇香のライラ ～Allure of MUSK～,,2018,Galgame,,,83,0,83,0,,https://t.vndb.org/ch/51/145551.jpg,https://t.vndb.org/ch/51/145551.jpg,,#234163 #718293 #b9bfc7 #eeeeec #dcdbdc #ffffff,White Long Violet Robe Prince Shawl Hand Fan Hairpin Chinese Older Brother,,,https://vndb.org/c72079,
bgm-bgm4200,vndb,7,7,,山菱千惠梨,山菱 千恵梨,Yamabishi Chieri,,女,,,Galgame,Galgame,深層パラレルパラドックス －並行世界の理想郷－,,2016,Galgame,"[{""t"":""深層パラレルパラドックス －並行世界の理想郷－"",""cn"":"""",""ty"":""Galgame"",""y"":2016,""pop"":82},{""t"":""深層パラレルパラドックス -並行世界の理想郷-"",""cn"":""深层平行悖论 -平行世界里的理想乡-"",""ty"":""Galgame"",""y"":2016,""pop"":0}]",“近未来世界” における主人公の母。 ふわふわとした優しい性格。 主人公と二人で暮らしており、主人公のことは大事な息子として愛している。 現代に比べて便利な道具がたくさんあり、家事全般も自動化されているものの、 極力自分の力でやりたがる性格のため、家事もすべて得意。 桃よりも上手い。 保護者には対犯罪者用の強化スーツが支給されているが、扱いに慣れていない。 近未来世界では、科学発達により女性単独で子孫を残すことができるため、 恋愛や結婚、セックスという概念がない。,82,0,82,8,,https://lain.bgm.tv/pic/crt/l/e1/5c/4200_crt_HyUOo.jpg,https://lain.bgm.tv/r/400/pic/crt/l/e1/5c/4200_crt_HyUOo.jpg,https://t.vndb.org/ch/62/52162.jpg,,Blue Bun Long Curtained Straight Slim Pale Cooking Missionary Doggy Style,,https://bgm.tv/character/4200,https://vndb.org/c43471,4200
vndb-c25421,vndb,7,7,,,狄安娜·西里尔伯里萨,Dyanna Siriuberrisa,,女,,,Galgame,Galgame,遗忘花园,,2011,Galgame,,"She was found in the Oblivious Garden during the full moon with no memory of the past, so she was given the name of the moon goddess. A pure and simple person but skilled at archery.",80,0,80,0,,https://t.vndb.org/ch/44/146944.jpg,https://t.vndb.org/ch/44/146944.jpg,,#46769b #95b9d6 #e5c5af #d6dce9 #f5f1ef #ffffff,Waist Length+ Straight Hard Worker Cooking Amnesia Red Dress Earrings Bow Airhead,,,https://vndb.org/c25421,
bgm-bgm46378,vndb,7,7,,美弥尾未海,美弥尾 未海,Miyao Mimi,,女,,,Galgame,Galgame,俺が校則！中出し以外は校則違反！！！ ～女子校生全員中出し完全制圧計画～,,2016,Galgame,"[{""t"":""俺が校則！中出し以外は校則違反！！！ ～女子校生全員中出し完全制圧計画～"",""cn"":"""",""ty"":""Galgame"",""y"":2016,""pop"":80},{""t"":""俺が校則！中出し以外は校則違反!!! ～女子校生全員中出し完全制圧計画～"",""cn"":"""",""ty"":""Galgame"",""y"":2016,""pop"":0}]",元ヤン●―。 だけど、更生していっぱい勉強して？学園に入学した。 今はおとなしく、特に目立った振る舞いはない様子。 ただ発する言葉の端々からヤンチャだった時の彼女を感じることができる。 精多とは廊下で衝突して出会う。,80,0,80,3,,https://lain.bgm.tv/pic/crt/l/9c/04/46378_crt_XTxvt.jpg,https://lain.bgm.tv/r/400/pic/crt/l/9c/04/46378_crt_XTxvt.jpg,https://t.vndb.org/ch/80/66180.jpg,,Blue Twin Tails Long Teen Slim Pale School Uniform Doggy Style Blowjob Virgin Sex,,https://bgm.tv/character/46378,https://vndb.org/c55539,46378
vndb-c124758,vndb,7,7,,,,Rosalind,,女,,,Galgame,Galgame,遗忘花园,,2011,Galgame,,Dyanna's spiritual twin sister who has been with her since she knew consciousness.,80,0,80,0,,https://t.vndb.org/ch/59/146959.jpg,https://t.vndb.org/ch/59/146959.jpg,,#477091 #9cbcd8 #eac2a6 #dcdce4 #f5f2f0 #ffffff,Blue Red Twin Sister Mischievous Figment,,,https://vndb.org/c124758,
vndb-c9430,vndb,7,7,,,ユリア・ロートリンゲン,Julia Lothringen,,女,A,,Galgame,Galgame,チンデレ ～お捧げなさい肉棒を～,,2012,Galgame,,,79,0,79,0,,https://t.vndb.org/ch/15/10315.jpg,https://t.vndb.org/ch/15/10315.jpg,,#ba9889 #e3c8a2 #e9e0d8 #4a4849 #fbf5ee #ffffff,Blond Ponytail Long Teen Slim Pale School Uniform Trousers Blue Cardigan,,,https://vndb.org/c9430,
bgm-bgm50164,vndb,7,7,,,ルナライト・ベイカー,Lunalight Baker,,女,AB,,Galgame,Galgame,初恋＊シンドローム,初恋症候群,2017,Galgame,"[{""t"":""初恋＊シンドローム"",""cn"":""初恋症候群"",""ty"":""Galgame"",""y"":2017,""pop"":75},{""t"":""初恋＊シンドローム"",""cn"":""初恋症候群"",""ty"":""Galgame"",""y"":2017,""pop"":0}]",優斗の一つ年下の後輩で、魔法使い見習いの少女。 名家の一人娘で、所作に気品を漂わせながら、どこか蠱惑的な魅力を併せ持つ。 また物事をはっきりと言い、行動に移すのも早く、芯がしっかりとしている。 興味のない人間には冷淡だが、“気に入った人物の困った顔を見るのが好き” という小悪魔気質な部分を備え、そのため優斗は苦労することに。 魔法の素養は十分だが、恋を知らず魔法使いになれていないことが唯一のコンプレックス。,75,0,75,27,,https://lain.bgm.tv/pic/crt/l/fe/33/50164_crt_K9F8f.jpg,https://lain.bgm.tv/r/400/pic/crt/l/fe/33/50164_crt_K9F8f.jpg,https://t.vndb.org/ch/48/99548.jpg,,Blond Twin Tails Waist Length+ Teen Slim Pale Proactive Hard Worker Magician Missionary,,https://bgm.tv/character/50164,https://vndb.org/c55641,50164
bgm-bgm45114,vndb,7,7,,西村小夏,西村 小夏,Nishimura Konatsu,Na-chan,女,B,,Galgame,Galgame,青空の見える丘,,2006,Galgame,"[{""t"":""青空の見える丘"",""cn"":"""",""ty"":""Galgame"",""y"":2006,""pop"":75},{""t"":""青空の見える丘"",""cn"":""望见青空之丘"",""ty"":""Galgame"",""y"":2006,""pop"":0}]",春菜の１つ下の妹で、主人公の当時の遊び相手の１人。 当時から大変活発な性格で、川で泳いだり山で走りまわるのが大好きだった。 日焼けした肌がとても健康的。 都会に対する憧れがあり、ハンバーガーなど洋食系が大好き。 情報誌などで東京に対する情報は雑誌などで押さえているが、雑誌ならではの一部の誇張された東京を信じてしまっている。 体を動かすこと全般が好き（すばしこい）が、勉強は平均までもう少し。 姉と同じで両手でモノを持つ癖がある。,75,0,75,4,,https://lain.bgm.tv/pic/crt/l/8c/7a/45114_crt_ltuz5.jpg,https://lain.bgm.tv/r/400/pic/crt/l/8c/7a/45114_crt_ltuz5.jpg,https://t.vndb.org/ch/01/49301.jpg,,Brown Ponytail Long Slim Pale School Uniform Doggy Style Blowjob Virgin Sex Blue,,https://bgm.tv/character/45114,https://vndb.org/c41013,45114
bgm-bgm16114,vndb,7,7,,,八千穂 葵,Yachiho Aoi,,女,,,Galgame,Galgame,恋妹SWEET☆DAYS,,2012,Galgame,"[{""t"":""恋妹SWEET☆DAYS"",""cn"":"""",""ty"":""Galgame"",""y"":2012,""pop"":75},{""t"":""恋妹SWEET☆DAYS"",""cn"":"""",""ty"":""Galgame"",""y"":2012,""pop"":0}]",主人公の妹その1。 明朗快活、嫌みのない爽やかな性格でクラスの人気者であり、百合香からも一目置かれている。 兄のことを溺愛していて、ストレートに愛情表現をかましてくる突撃系妹。 ただ基本的にはウブなところがあり、恥ずかしさを勢いで誤魔化すタイプ。 自分の行動外での身体の接触や愛情表現には慌てまくるなど、可愛らしいところがある。 「あははっ、お兄ちゃんってばまた変な顔してるんだから！」,75,0,75,19,,https://lain.bgm.tv/pic/crt/l/65/a7/16114_crt_vq32y.jpg,https://lain.bgm.tv/r/400/pic/crt/l/65/a7/16114_crt_vq32y.jpg,https://t.vndb.org/ch/37/14437.jpg,,White Waist Length+ Straight Teen Slim Pale School Uniform Virgin Sex Group Sex Blue,,https://bgm.tv/character/16114,https://vndb.org/c12260,16114
vndb-c32838,vndb,7,7,,,牧野 那波,Makino Nanami,,女,,,Galgame,Galgame,水月 -すいげつ-,,2002,Galgame,,,70,0,70,0,,https://t.vndb.org/ch/35/101735.jpg,https://t.vndb.org/ch/35/101735.jpg,,#66668a #9aa0cd #353141 #c1e3f2 #e5beae #f4f8f8,Black Waist Length+ Missionary Doggy Style Cowgirl Blowjob Red Terminal Illness Daughter Murder,,,https://vndb.org/c32838,
vndb-c75109,vndb,7,7,,,天乃 ひまり,Amano Himari,まりりん / Maririn / ジェミニ,女,A,,Galgame,Galgame,love clear -ラブクリア-,,2019,Galgame,,,69,0,69,0,,https://t.vndb.org/ch/93/99693.jpg,https://t.vndb.org/ch/93/99693.jpg,,#705255 #bf9c9f #ecd5cc #f5ede6 #fcfbf6,Brown Shoulder-length Straight Teen Slim Pale School Uniform Missionary Cowgirl Blowjob,,,https://vndb.org/c75109,
bgm-bgm102186,bangumi,7,7,,苍井绘梨花,蒼井えりか,ERIKA AOI,,其他,,,Galgame,Galgame,ヘブンバーンズレッド,炽焰天穹,2022,Galgame,"[{""t"":""ヘブンバーンズレッド"",""cn"":""炽焰天穹"",""ty"":""Galgame"",""y"":2022,""pop"":0},{""t"":""舞台『ヘブンバーンズレッド』"",""cn"":"""",""ty"":""其他"",""y"":2025,""pop"":0}]",“どうか安寧な記憶を” “还请给我一个安宁的记忆” 31B部队队长，每次考试必定能得100分的天才少女。虽然是队长，但是对自己并没有什么自信，时常战战兢兢的。唯独十分信赖同为31B部队成员的白虎。经常发呆。 テストで必ず１００点を取れる天才少女。 ３１Ｂの部隊長だが、自分に自信がなくいつもおどおどとしている。同じ３１Ｂのビャッコの存在だけが心のよりどころ。よくぽかーんと呆けてしまう。,69,0,0,69,,https://lain.bgm.tv/pic/crt/l/ef/4f/102186_crt_wb4sx.jpg?r=1635428218,https://lain.bgm.tv/r/400/pic/crt/l/ef/4f/102186_crt_wb4sx.jpg?r=1635428218,,,,,https://bgm.tv/character/102186,,102186
bgm-bgm52047,bangumi,7,7,,夏川久依奈,夏川くいな,Natsukawa Kuina,,其他,AB,,动画|漫画,音乐,かーてんこーる!!!!!,,2017,音乐,"[{""t"":""かーてんこーる!!!!!"",""cn"":"""",""ty"":""音乐"",""y"":2017,""pop"":0},{""t"":""ひなこのーと"",""cn"":""雏子的笔记"",""ty"":""动画"",""y"":2017,""pop"":0},{""t"":""あ・え・い・う・え・お・あお!!"",""cn"":"""",""ty"":""音乐"",""y"":2017,""pop"":0},{""t"":""ひなこのーと"",""cn"":""雏子日记"",""ty"":""漫画"",""y"":2015,""pop"":0},{""t"":""ひなこのーと  キャラクターソングCD"",""cn"":"""",""ty"":""音乐"",""y"":2017,""pop"":0}]",ひととせ荘の住人で、ひな子のクラスメイト。青色のロングヘアーでアホ毛があり、動物の耳のように外にはねた髪型が特徴。アパートに併設された古本屋で働いており、本を好きなあまり食べてしまうこともある。プラス思考で明るい性格。食べることに執着心があり、食べ物に関する話があるとテンションが上がる。自動車や戦闘機など速く動くものが好き。脚本と舞台の両方を担当している。,66,0,0,66,,https://lain.bgm.tv/pic/crt/l/8c/5d/52047_crt_G2hG1.jpg?r=1492206060,https://lain.bgm.tv/r/400/pic/crt/l/8c/5d/52047_crt_G2hG1.jpg?r=1492206060,,,,,https://bgm.tv/character/52047,,52047
bgm-bgm96087,vndb,7,7,,,相原 唯実,Aihara Yumi,,女,A,,Galgame,Galgame,Nymphomania,,2005,Galgame,"[{""t"":""Nymphomania"",""cn"":"""",""ty"":""Galgame"",""y"":2005,""pop"":65},{""t"":""NYMPHOMANIA"",""cn"":"""",""ty"":""Galgame"",""y"":2005,""pop"":0}]",主人公の幼なじみ。 明るく、勉強も運動も出来る優等生。 しかし、恋愛に関しては、奥手な女の子。 主人公には、少なからず、好意を持っているが……。 現在、水泳部に所属。,65,0,65,2,,https://lain.bgm.tv/pic/crt/l/2e/76/96087_crt_9XmE9.jpg,https://lain.bgm.tv/r/400/pic/crt/l/2e/76/96087_crt_9XmE9.jpg,https://t.vndb.org/ch/10/155710.jpg,,Black Twin Tails Teen School Uniform Hard Worker Assault Missionary Doggy Style Standing Sex Blowjob,,https://bgm.tv/character/96087,https://vndb.org/c13349,96087
bgm-bgm110470,vndb,7,7,,北杜七星,北杜 七星,Hokuto Nanahoshi,Aquarius / 水瓶座・北杜 / ほくと / 水瓶座・北杜,女,O,,Galgame,Galgame,Stellar ☆ Theater,,2009,Galgame,"[{""t"":""Stellar ☆ Theater"",""cn"":"""",""ty"":""Galgame"",""y"":2009,""pop"":65},{""t"":""Stellar☆Theater"",""cn"":"""",""ty"":""Galgame"",""y"":2009,""pop"":0}]",十二星座の水瓶座。17歳の時に星座となり、実年齢は19歳。占星術を使ってかなりの確率で未来を予知できるが、戦闘力は低い。星座候補試験の試験官（主に陽夏の抑え役）として共に茜橋へ着任し、自分の占星術で試験の協力者に選ばれた大地へホロスコープツリーを手渡す。優しく礼儀正しいが気は弱い。常識を軽く突破している十二星座の中では、比較的常識人。ホラー映画が好きだが恐がりなので1人では見られず、いつも誰かを誘っている。,65,0,65,1,,https://lain.bgm.tv/pic/crt/l/f5/4c/110470_crt_2zpKk.jpg,https://lain.bgm.tv/r/400/pic/crt/l/f5/4c/110470_crt_2zpKk.jpg,https://t.vndb.org/ch/36/37236.jpg,,Short Green Teen Slim Pale Thigh-high Boots Refined Precog Detached Sleeves Nail Polish,,https://bgm.tv/character/110470,https://vndb.org/c31025,110470
vndb-c31017,vndb,7,7,,,泉 空,Izumi Sora,,女,AB,,Galgame,Galgame,Stellar ☆ Theater,,2009,Galgame,,,65,0,65,0,,https://t.vndb.org/ch/28/37228.jpg,https://t.vndb.org/ch/28/37228.jpg,,#af606e #543747 #c4a6a5 #e6d8d5 #f8f4f1 #ffffff,Red Twin Tails Waist Length+ Teen Slim Pale School Uniform Green Miniskirt Thigh-high Stockings,,,https://vndb.org/c31017,
vndb-c22571,vndb,7,7,,,天野 晴人,Amano Haruhito,,男,,,Galgame,Galgame,悪魔と恋する１０日間,,2010,Galgame,,"Amano Haruhito is one of the characters you can date in the game 10 Days With My Devil. His interest is kasamawashi. Often says ""This, too, is fate.""",63,0,63,0,,https://t.vndb.org/ch/60/27860.jpg,https://t.vndb.org/ch/60/27860.jpg,,#9ac84a #7e5a50 #386c4f #5f4037 #e5d2bc #33392e,Blond Shoulder-length Grey Young-adult Demon Kind Angel Hosome Mysterious Parted to Side,,,https://vndb.org/c22571,
vndb-c37657,vndb,7,7,,,カミル=セッツェリン,Camil Settselin,,男,AB,,Galgame,Galgame,KLAP!! ~Kind Love And Punish~,,2015,Galgame,"[{""t"":""KLAP!! ~Kind Love And Punish~"",""cn"":"""",""ty"":""Galgame"",""y"":2015,""pop"":61},{""t"":""KLAP!! ~Kind Love And Punish~ Fun Party"",""cn"":"""",""ty"":""Galgame"",""y"":2017,""pop"":27}]",Vampire who doesn't even like blood.,61,0,61,0,,https://t.vndb.org/ch/44/45444.jpg,https://t.vndb.org/ch/44/45444.jpg,,#584865 #9b8b9b #cbb9b6 #e8dfd8 #fbfcf7,Blond Short Blue Young-adult Airhead Friendly Vampire Gamer Younger Appearance Blunt,,,https://vndb.org/c37657,
vndb-c34900,vndb,7,7,,,御星 更紗,Mihoshi Sarasa,Sara-chan / さらちゃん,女,,,Galgame,Galgame,Like a Butler,,2009,Galgame,,,61,0,61,0,,https://t.vndb.org/ch/73/42173.jpg,https://t.vndb.org/ch/73/42173.jpg,,#8d5166 #3c2835 #dfd3d1 #a89ea5 #f5f0ec #ffffff,Black Ponytail Waist Length+ Straight Cross-dressing Teen Slim Pale School Uniform Missionary,,,https://vndb.org/c34900,
vndb-c34905,vndb,7,7,,,天河 由宇,Tenkawa Yuu,,男,,,Galgame,Galgame,Like a Butler,,2009,Galgame,,,61,0,61,0,,https://t.vndb.org/ch/78/42178.jpg,https://t.vndb.org/ch/78/42178.jpg,,#1f2427 #686270 #aba3a4 #dcd2cf #f4efeb #ffffff,Black Ponytail Waist Length+ Straight Cross-dressing Trap Teen Pale School Uniform Red,,,https://vndb.org/c34905,
bgm-bgm64146,vndb,7,7,,,乃木 薫,Nogi Kaoru,,女,B,,Galgame,Galgame,孕ませ催眠姦 JKと絶倫キモオヤジ,,2015,Galgame,"[{""t"":""孕ませ催眠姦 JKと絶倫キモオヤジ"",""cn"":"""",""ty"":""Galgame"",""y"":2015,""pop"":57},{""t"":""孕ませ催眠姦 JKと絶倫キモオヤジ"",""cn"":"""",""ty"":""Galgame"",""y"":2015,""pop"":0}]",保健医。 癒し系のお姉さん気質。 世話好きで優しくユーモアもある。 いつも笑顔を浮かべていて、学生人気が高い。 浮いた話は無く、周囲にからかわれることも。 実はレズという噂がある。 「具合が悪いの？ どこ？ 先生が見てあげるね」,57,0,57,2,,https://lain.bgm.tv/pic/crt/l/9a/94/64146_crt_6rHR2.jpg,https://lain.bgm.tv/r/400/pic/crt/l/9a/94/64146_crt_6rHR2.jpg,https://t.vndb.org/ch/64/50864.jpg,,Pink Long Wavy Slim Pale Missionary Doggy Style Virgin Sex Amber Young-adult,,https://bgm.tv/character/64146,https://vndb.org/c42357,64146
bgm-bgm18548,bangumi,7,7,,斑鸠,斑鳩,,,其他,A,,游戏,游戏,閃乱カグラ -少女達の真影-,闪乱神乐 -少女们的真影-,2011,游戏,"[{""t"":""閃乱カグラ -少女達の真影-"",""cn"":""闪乱神乐 -少女们的真影-"",""ty"":""游戏"",""y"":2011,""pop"":0},{""t"":""閃乱カグラBurst -紅蓮の少女達-"",""cn"":""闪乱神乐爆裂 -红莲的少女们-"",""ty"":""游戏"",""y"":2012,""pop"":0},{""t"":""閃乱カグラ ESTIVAL VERSUS -少女達の選択-"",""cn"":""闪乱神乐 夏日对决 -少女们的选择-"",""ty"":""游戏"",""y"":2015,""pop"":0},{""t"":""閃乱カグラ SHINOVI VERSUS -少女達の証明-"",""cn"":""闪乱神乐 忍者对决 -少女们的证明-"",""ty"":""游戏"",""y"":2013,""pop"":0},{""t"":""閃乱カグラ Burst Re:Newal"",""cn"":""闪乱神乐 Burst Re: Newal"",""ty"":""游戏"",""y"":2018,""pop"":0},{""t"":""碧蓝航线"",""cn"":""碧蓝航线"",""ty"":""游戏"",""y"":2017,""pop"":0}]",冷静沈着な優等生で、クラス委員も務める。普段は優しい思慮深いが、いったん怒ると手がつけられなくなる。好きな物は懐石料理と日本茶だが、創作料理の見た目は微妙とのこと。趣味は読書。秘伝忍法は火の鳥。属性は火。,56,0,0,56,,https://lain.bgm.tv/pic/crt/l/1a/cc/18548_crt_556wT.jpg?r=1543161013,https://lain.bgm.tv/r/400/pic/crt/l/1a/cc/18548_crt_556wT.jpg?r=1543161013,,,,,https://bgm.tv/character/18548,,18548
vndb-c138452,vndb,7,7,,,煌樹 キララ,Kirameki Kirara,,女,,,Galgame,Galgame,きら☆かの,,2024,Galgame,,"""Everyone, Kon-Kira! It's your Kemomimi Performer, Kirameki Kirara!"" Runa's virtual Performer's avatar, she makes her debut on July 7.",56,0,56,0,,https://t.vndb.org/ch/88/162888.jpg,https://t.vndb.org/ch/88/162888.jpg,,#f7daa1 #b66b95 #cba5d0 #e0d3e0 #f4eeea #fefefe,White Ahoge Waist Length+ Slim Pale Cowgirl Blowjob Amber Kid Dress,,,https://vndb.org/c138452,
bgm-bgm119884,vndb,7,7,,,志藤 紗絵,Shitou Sae,,女,O,,Galgame,Galgame,Memory Blue,,2023,Galgame,"[{""t"":""Memory Blue"",""cn"":"""",""ty"":""Galgame"",""y"":2023,""pop"":56},{""t"":""MemoryBlue"",""cn"":"""",""ty"":""Galgame"",""y"":2023,""pop"":0}]",昴の大学時代の一年後輩で、その後を追うようにして、同じ会社に就職した。 当時から恋心を抱いているが、打ち明ける前に先輩後輩という関係を越えて、友人になってしまった為に、告白できずにいた。 ずっと昴のことだけを想い続けて、処女を守り通している。 同じ会社に入ってからもその関係が続き、気が付いた時には昴は静那と付き合っており、打ち明ける前に失恋する。 それでもまだ諦めきれず、他の男性を好きになれないでいる状態。,56,0,56,3,,https://lain.bgm.tv/pic/crt/l/1d/a0/119884_crt_g2YB8.jpg,https://lain.bgm.tv/r/400/pic/crt/l/1d/a0/119884_crt_g2YB8.jpg,https://t.vndb.org/ch/51/140051.jpg,,Blond Virgin Sex Amber Young-adult Deredere Blackmail Rape Kouhai Seduction Parted to Side,,https://bgm.tv/character/119884,https://vndb.org/c117685,119884
bgm-bgm167552,vndb,7,7,,,麻音 末悠,Asane Myuu,,女,A,,游戏|Galgame,Galgame,美衣菜△です！－Loveイチャ同居生活のススメ－,,2011,Galgame,"[{""t"":""美衣菜△です！－Loveイチャ同居生活のススメ－"",""cn"":"""",""ty"":""Galgame"",""y"":2011,""pop"":55},{""t"":""美衣菜△です！－Loveイチャ同居生活のススメ－"",""cn"":"""",""ty"":""游戏"",""y"":2011,""pop"":0}]",美衣菜の同級生で、美衣菜に理解のある親友。 同居生活を始めた美衣菜を何とか改心させようと努力する。 勇作を本能的に敵視し、その本性を暴こうと日夜努力している女の子。 しかしそれは、美衣菜を心配するがゆえの行動で、基本的にアネゴ肌のイイ娘である。 学園では陸上部に所属しており、長距離のエースで人気者。 彼女曰く、勇作よりも女の子にモテて困る。 美衣菜の幸せを常に第一に考えているが、ある出来事をきっかけに、 主人公に対して淡い恋心を抱くようになってしまう。,55,0,55,2,,https://lain.bgm.tv/pic/crt/l/9d/16/167552_crt_6lQ0r.jpg,https://lain.bgm.tv/r/400/pic/crt/l/9d/16/167552_crt_6lQ0r.jpg,https://t.vndb.org/ch/71/38071.jpg,,Violet Twin Tails Long Curtained Teen School Uniform Missionary Doggy Style Cowgirl Virgin Sex,,https://bgm.tv/character/167552,https://vndb.org/c11687,167552
vndb-c20341,vndb,7,7,,,古川 あやめ,Furukawa Ayame,,女,,,Galgame,Galgame,あやめの町とお姫様,,2013,Galgame,,,54,0,54,0,,https://t.vndb.org/ch/13/25313.jpg,https://t.vndb.org/ch/13/25313.jpg,,#657181 #292c33 #a6b1be #cfdfee #f8e9d0 #fefefe,Black Hime Cut Waist Length+ Teen Slim Pale School Uniform Missionary Cowgirl Virgin Sex,,,https://vndb.org/c20341,
bgm-bgm26379,vndb,7,7,,,マスター鈴,Master Rin,水瀬 鈴太郎 / Minase Rintarō / ますたーりん,男,,,Galgame,Galgame,ぶら ぶら,,2011,Galgame,"[{""t"":""ぶら ぶら"",""cn"":"""",""ty"":""Galgame"",""y"":2011,""pop"":52},{""t"":""ぶら ぶら"",""cn"":"""",""ty"":""Galgame"",""y"":2011,""pop"":0}]",唯一的治愈系。央打工的咖啡店的女主人，同时也是央的母亲。 看上去是个很有良心的大人，为了女儿也会进入暴走模式。 不停甩掉冲着自己来店的男性客人，并让他们陷入深深绝望的罪人。 总的说来是个好人。她的温柔和知性让人不敢相信她是央的母亲。 给迷途的少年少女指引方向的大人。 忘记说了，店主的本名叫水瀬 鈴太郎。是央的父亲。 「啊呀，欢迎光临。是来找小央的吗？」,52,0,52,4,,https://lain.bgm.tv/pic/crt/l/bf/29/26379_crt_1AH4J.jpg,https://lain.bgm.tv/r/400/pic/crt/l/bf/29/26379_crt_1AH4J.jpg,https://t.vndb.org/ch/49/127949.jpg,,Waist Length+ Trap Amber Adult Apron Skirt Father Shopkeeper Mole Orange,,https://bgm.tv/character/26379,https://vndb.org/c67195,26379
bgm-bgm60807,bangumi,7,7,,佩可拉,ぺこら,Pekora,,其他,,,动画|漫画|游戏,动画,邪神ちゃんドロップキック’,邪神与厨二病少女’,2020,动画,"[{""t"":""邪神ちゃんドロップキック’"",""cn"":""邪神与厨二病少女’"",""ty"":""动画"",""y"":2020,""pop"":0},{""t"":""邪神ちゃんドロップキック"",""cn"":""邪神与厨二病少女"",""ty"":""动画"",""y"":2018,""pop"":0},{""t"":""邪神ちゃんドロップキック"",""cn"":""邪神与厨二病少女"",""ty"":""漫画"",""y"":2014,""pop"":0},{""t"":""邪神ちゃんドロップキック X"",""cn"":""邪神与厨二病少女 X"",""ty"":""动画"",""y"":2022,""pop"":0},{""t"":""少女前线"",""cn"":""少女前线"",""ty"":""游戏"",""y"":2016,""pop"":0},{""t"":""邪神ちゃんドロップキック【世紀末編】"",""cn"":""邪神与厨二病少女【世纪末篇】"",""ty"":""动画"",""y"":2023,""pop"":0}]",悪魔や魔女を狩る、天使。 力の源泉たる天使の輪をなくし、 ホームレス生活なう。,51,0,0,51,,https://lain.bgm.tv/pic/crt/l/22/77/60807_crt_5xhHw.jpg?r=1528254687,https://lain.bgm.tv/r/400/pic/crt/l/22/77/60807_crt_5xhHw.jpg?r=1528254687,,,,,https://bgm.tv/character/60807,,60807
bgm-bgm182662,bangumi,7,7,,渡边真奈美,渡辺真奈美,,,其他,O,,动画|漫画,动画,正反対な君と僕 第2期,相反的你和我 第二季,2026,动画,"[{""t"":""正反対な君と僕 第2期"",""cn"":""相反的你和我 第二季"",""ty"":""动画"",""y"":2026,""pop"":0},{""t"":""正反対な君と僕"",""cn"":""相反的你和我"",""ty"":""动画"",""y"":2026,""pop"":0},{""t"":""正反対な君と僕"",""cn"":""相反的你和我"",""ty"":""漫画"",""y"":2022,""pop"":0},{""t"":""氷の城壁"",""cn"":""冰之城墙"",""ty"":""动画"",""y"":2026,""pop"":0}]",鈴木と谷のクラスメイトで、ノリが良く、いつも明るい女子。 奔放な性格で、思ったことはストレートに表現するタイプ。,50,0,0,50,,https://lain.bgm.tv/pic/crt/l/42/df/182662_crt_Q96la.jpg,https://lain.bgm.tv/r/400/pic/crt/l/42/df/182662_crt_Q96la.jpg,,,,,https://bgm.tv/character/182662,,182662
vndb-c10795,vndb,7,7,,,凛東 彩月,Rindou Saki,,女,A,,Galgame,Galgame,はっぴぃ☆マーガレット！,,2007,Galgame,,,49,0,49,0,,https://t.vndb.org/ch/66/111966.jpg,https://t.vndb.org/ch/66/111966.jpg,,#c6686b #bda994 #e1d1c4 #f2eae3 #faf9f6,Blond Twin Tails Waist Length+ Teen Slim Pale School Uniform Missionary Standing Sex Blowjob,,,https://vndb.org/c10795,
bgm-bgm4582,bangumi,7,7,,樱庭葵,桜庭葵,Sakuraba Aoi,,其他,,,动画|漫画,动画,藍より青し,青出于蓝,2002,动画,"[{""t"":""藍より青し"",""cn"":""青出于蓝"",""ty"":""动画"",""y"":2002,""pop"":0},{""t"":""藍より青し～縁～"",""cn"":""青出于蓝～缘～"",""ty"":""动画"",""y"":2003,""pop"":0},{""t"":""藍より青し～縁～ 葵サンタ編"",""cn"":""青出于蓝～缘～ 圣诞特别篇"",""ty"":""动画"",""y"":2003,""pop"":0},{""t"":""藍より青し"",""cn"":""青出于蓝"",""ty"":""漫画"",""y"":1999,""pop"":0}]",本作的女主角。以成为薰的妻子为目标，一路从小努力的女孩。因花菱家突然取消婚约的缘故，而来到东京向薰确认他的心意。料理和家事全能，与薰居住在樱庭家位于东京的一座别馆之中。 小时候因花菱与樱庭订婚的关系与葵相识，有着许多儿时的回忆。两人在神木下刻下自己的身高及名字，而后分离时葵也经常在神社祈求能尽速见到薰。 取消与花菱家的婚约后，樱庭家帮葵选定另外的订婚对象时，遭到葵的拒绝。薰当时以不想让葵受到自己失去家人的痛苦为理由前去说服樱庭家接纳自己。,48,0,0,48,,https://lain.bgm.tv/pic/crt/l/f1/29/4582_crt_anidb.jpg,https://lain.bgm.tv/r/400/pic/crt/l/f1/29/4582_crt_anidb.jpg,,,,,https://bgm.tv/character/4582,,4582
vndb-c39545,vndb,7,7,,,朝凪 深緒,Asanagi Mio,,女,O,,Galgame,Galgame,朝凪のアクアノーツ,,2008,Galgame,,,47,0,47,0,,https://t.vndb.org/ch/75/47675.jpg,https://t.vndb.org/ch/75/47675.jpg,,#8f3147 #c4777e #d7b9b6 #eee4e0 #f6f3f7 #feffff,Red Ahoge Waist Length+ Wavy Teen Pale School Uniform Virgin Sex Blue Apron,,,https://vndb.org/c39545,
bgm-bgm174358,vndb,7,7,,,天利 ひまり,Amari Himari,,女,,,Galgame,Galgame,ギャルズフィクション,,2025,Galgame,"[{""t"":""ギャルズフィクション"",""cn"":"""",""ty"":""Galgame"",""y"":2025,""pop"":46},{""t"":""ギャルズフィクション"",""cn"":"""",""ty"":""Galgame"",""y"":2025,""pop"":0}]",「お姉ちゃんって聞いてたのに、 お兄ちゃんだったなんて……！」 服飾デザイン部に所属している女の子。 明るく社交的なギャル系女子に見えるが、実はあがり症で、もともとは陰キャであった過去を持つ。所属している部活が、廃部の危機に瀕しており学園から出された部活存続の条件をクリアするためにデザインコンテストに出場するための衣装を制作している。 つくねとは友達で、初音のことは前から聞いていて興味を持っていた。だが実際にあった際に、姉だと聞かされていたので兄だったと知り驚愕。,46,0,46,2,,https://lain.bgm.tv/pic/crt/l/a6/12/174358_crt_q5Qcr.jpg,https://lain.bgm.tv/r/400/pic/crt/l/a6/12/174358_crt_q5Qcr.jpg,https://t.vndb.org/ch/40/178240.jpg,,Waist Length+ Straight Teen Slim Pale Blowjob Green Shy Boobjob Nail Polish,,https://bgm.tv/character/174358,https://vndb.org/c151484,174358
vndb-c33136,vndb,7,7,,,樹本 明日加,Kinomoto Asuka,,女,,,Galgame,Galgame,おっぱいバカ -おっぱい以外は認めない!!-,,2007,Galgame,,"Classmate. Belongs to the (Boob) Track and Field Club. The club's ace. An all-around athlete, she's in high demand as a substitute for other clubs.",46,0,46,0,,https://t.vndb.org/ch/64/39664.jpg,https://t.vndb.org/ch/64/39664.jpg,,#5e6ad0 #c3838b #a5b3ea #fad8bd #edebe9 #fffffe,Blue Ponytail Waist Length+ School Uniform Doggy Style Blowjob Virgin Sex Amber T-shirt Tsundere,,,https://vndb.org/c33136,
bgm-bgm13128,bangumi,7,7,,基里科·丘比,キリコ・キュービィー,Kiriko Kyubi,激励哥,其他,,,动画|游戏,动画,装甲騎兵ボトムズ,装甲骑兵VOTOMS,1983,动画,"[{""t"":""装甲騎兵ボトムズ"",""cn"":""装甲骑兵VOTOMS"",""ty"":""动画"",""y"":1983,""pop"":0},{""t"":""装甲騎兵ボトムズ ペールゼン・ファイルズ"",""cn"":""装甲骑兵 佩鲁森档案"",""ty"":""动画"",""y"":2007,""pop"":0},{""t"":""装甲騎兵ボトムズ レッドショルダードキュメント 野望のルーツ"",""cn"":""装甲骑兵 红肩队档案：野心的根源"",""ty"":""动画"",""y"":1988,""pop"":0},{""t"":""装甲騎兵ボトムズ ザ・ラストレッドショルダー"",""cn"":""装甲骑兵 最后的红肩队"",""ty"":""动画"",""y"":1985,""pop"":0},{""t"":""装甲騎兵ボトムズ 孤影再び"",""cn"":""装甲骑兵 孤影再临"",""ty"":""动画"",""y"":2011,""pop"":0},{""t"":""装甲騎兵ボトムズ"",""cn"":""装甲骑兵"",""ty"":""游戏"",""y"":2007,""pop"":0}]",吉路加美什军士兵，配属“美鲁基亚”方面军，军衔为曹长（相当于上士）。曾配属于第24美鲁基亚方面軍战略机甲兵团特殊任务班X-1（通称“血色肩膀”，人称“吸血部队”）。没有10岁以前的清晰记忆，由于持续的激烈战斗，逐渐失去了作为人的情感。 AT驾驶技术非常高超，能够与经过改造的“完美士兵”（PS）抗衡。 始终穿着AT驾驶服。 喜欢吃干肉，讨厌海鞘。在行星珊萨第一次喝酒，结果因为不喜欢酒的味道而吐掉。喜欢喝咖啡。,46,0,0,46,,https://lain.bgm.tv/pic/crt/l/17/02/13128_crt_IMkaC.jpg,https://lain.bgm.tv/r/400/pic/crt/l/17/02/13128_crt_IMkaC.jpg,,,,,https://bgm.tv/character/13128,,13128
bgm-bgm63640,vndb,7,7,,,木ノ下 貴子,Kinoshita Takako,,女,B,,动画|Galgame,Galgame,Pia♥キャロットへようこそ!!3,,2001,Galgame,"[{""t"":""Pia♥キャロットへようこそ!!3"",""cn"":"""",""ty"":""Galgame"",""y"":2001,""pop"":41},{""t"":""Pia♥キャロットへようこそ!!3.3"",""cn"":"""",""ty"":""Galgame"",""y"":2004,""pop"":6},{""t"":""Pia♥キャロットへようこそ!!3"",""cn"":""欢迎来到咖啡屋3"",""ty"":""Galgame"",""y"":2001,""pop"":0},{""t"":""Pia♥キャロットへようこそ!! -さやかの恋物語-"",""cn"":""欢迎来到Pia♥Carrot!! -沙耶香的恋爱故事-"",""ty"":""动画"",""y"":2002,""pop"":0}]",Piaキャロット4号店社員寮の管理人さん。Piaキャロット本店のオーナー、木ノ下康男の血縁にあたる。結構な年齢にも関わらず、毎日遊びほうけていたところ両親に結婚しないなら寮の管理人でもしろと半ば強引に押しつけられる。,41,0,41,4,,https://lain.bgm.tv/pic/crt/l/0b/49/63640_crt_jJ8S3.jpg,https://lain.bgm.tv/r/400/pic/crt/l/0b/49/63640_crt_jJ8S3.jpg,https://t.vndb.org/ch/47/26947.jpg,,Blue Antenna Twin Tails Waist Length+ Curtained Brown Pale Young-adult Apron Earrings,,https://bgm.tv/character/63640,https://vndb.org/c1730,63640
vndb-c59602,vndb,7,7,,,クライド＝キング,Clyde King,,男,AB,,Galgame,Galgame,Vinculum Hearts ～アイリス魔法学園～,,2014,Galgame,,Star Leo,39,0,39,0,,https://t.vndb.org/ch/89/70889.jpg,https://t.vndb.org/ch/89/70889.jpg,,#af9391 #ccb6b2 #573e4d #f8f2e9 #e4dbd6 #cccdce,Blond Short Teen Blue Ore Student Council President Cravat,,,https://vndb.org/c59602,
bgm-bgm54787,bangumi,7,7,,尾城小梅,尾城小梅,Ogi Koume,,其他,AB,,动画,动画,天使の3P!,天使的3P!,2017,动画,,就读城见台小学校5年2班的女孩子。[mask]以“雾梦”一名进行活动，很有人气的网络绘师，因为喜欢响的歌曲而认识响并且帮他作画。[/mask] 本身是双龙岛上贵龙神社的“龙之女巫”，从出生开始就要被当作“御灵代”侍奉。[mask]后来在响等人的帮忙下解放了御灵代的使命，和柚叶一起搬到响居住的地方生活。[/mask],39,0,0,39,,https://lain.bgm.tv/pic/crt/l/20/0c/54787_crt_lodOp.jpg,https://lain.bgm.tv/r/400/pic/crt/l/20/0c/54787_crt_lodOp.jpg,,,,,https://bgm.tv/character/54787,,54787
vndb-c41997,vndb,7,7,,,天枷 伊織,Amakase Iori,姫 / Hime,女,,,Galgame,Galgame,ガチ乙女クインテット,,2009,Galgame,,Kanata's senpai. She works as a Orihime in Tanabata district.,38,0,38,0,,https://t.vndb.org/ch/92/59192.jpg,https://t.vndb.org/ch/92/59192.jpg,,#eadab4 #a9958a #574848 #ede6de #faf8f3 #ffffff,Black Waist Length+ Straight Teen Slim Pale School Uniform Sixty-nine Virgin Sex Kimono,,,https://vndb.org/c41997,
bgm-bgm90633,vndb,7,7,,,千葉 静玖,Senba Shizuku,,女,O,,Galgame,Galgame,コイ×ミツ ～八重練紗祈と赤い糸の王子様～,,2021,Galgame,"[{""t"":""コイ×ミツ ～八重練紗祈と赤い糸の王子様～"",""cn"":"""",""ty"":""Galgame"",""y"":2021,""pop"":38},{""t"":""コイ×ミツ ～千葉静玖とサボテンの手紙～"",""cn"":"""",""ty"":""Galgame"",""y"":2021,""pop"":23},{""t"":""コイ×ミツ ～絹織双鳩とお菓子の国の約束～"",""cn"":"""",""ty"":""Galgame"",""y"":2021,""pop"":21},{""t"":""コイ×ミツ～千葉静玖とサボテンの手紙～"",""cn"":"""",""ty"":""Galgame"",""y"":2021,""pop"":0}]",主人公の従妹で一学年下の図書委員の女の子。 物静かで真面目な性格の子だが、誰とも分け隔てなく接するため、男女ともに仲が良い人が多い。成績優秀者のため先生たちからも信頼が厚い。 見た目地味に見えるが、草食系男子から人気が高く（特におっぱい）、告白されることもしばしば。 かなりのゲーマーで一度始めるとめり込みがひどい。様々なゲームをやるがFPS、PVP系が一番好き。,38,0,38,0,,https://lain.bgm.tv/pic/crt/l/17/8c/90633_crt_FtHs3.jpg,https://lain.bgm.tv/r/400/pic/crt/l/17/8c/90633_crt_FtHs3.jpg,https://t.vndb.org/ch/90/115290.jpg,,Violet School Uniform Skirt Cousin Boobjob Gamer Bikini Garnet Honor Student Library Committee Member,,https://bgm.tv/character/90633,https://vndb.org/c95374,90633
bgm-bgm31805,vndb,7,7,,,神穂木 詩音,Kamihonoki Shion,,女,A,,Galgame,Galgame,Angel Navigate,,2009,Galgame,"[{""t"":""Angel Navigate"",""cn"":"""",""ty"":""Galgame"",""y"":2009,""pop"":37},{""t"":""ANGEL NAVIGATE"",""cn"":"""",""ty"":""Galgame"",""y"":2009,""pop"":0}]",登校初日に主人公が一目ぼれをしてしまった少女。 笑顔が魅力的で、誰にでも親切にする優しい性格で男女問わずの人気者。 成績優秀で、学級委員長も務めている。おっちょこちょいな一面もあり、プリントをよくぶちまけてしまう。 おばあちゃん子だったせいか、大の和食好き。お弁当にはおしんこを入れてきてしまうほどのおしんこ好き。 おしんこについて語りだすと無駄に熱くなり取り乱してしまう。我に返ったあとは赤面し、元に戻る。 おばあちゃんの知恵袋的なうんちくを語るのが得意という一面もある。,37,0,37,3,,https://lain.bgm.tv/pic/crt/l/39/ba/31805_crt_3z0T2.jpg,https://lain.bgm.tv/r/400/pic/crt/l/39/ba/31805_crt_3z0T2.jpg,https://t.vndb.org/ch/61/31461.jpg,,Black Waist Length+ Straight Teen Slim Pale School Uniform Missionary Virgin Sex Amber,,https://bgm.tv/character/31805,https://vndb.org/c25657,31805
bgm-bgm119947,bangumi,7,7,,蕾蒙·埃尔文,レモン・アーヴィン,Lemon Irvine,,其他,,,动画|漫画,动画,マッシュル-MASHLE- 神覚者候補選抜試験編,物理魔法使马修 神觉者候补选拔试验篇,2024,动画,"[{""t"":""マッシュル-MASHLE- 神覚者候補選抜試験編"",""cn"":""物理魔法使马修 神觉者候补选拔试验篇"",""ty"":""动画"",""y"":2024,""pop"":0},{""t"":""マッシュル-MASHLE-"",""cn"":""物理魔法使马修"",""ty"":""动画"",""y"":2023,""pop"":0},{""t"":""マッシュル-MASHLE-"",""cn"":""物理魔法使马修"",""ty"":""漫画"",""y"":2020,""pop"":0},{""t"":""マッシュル-MASHLE- 三魔対争神覚者最終試験編"",""cn"":""物理魔法使马修 三魔对争神觉者最终试验篇"",""ty"":""动画"",""y"":"""",""pop"":0}]",編入試験でマッシュに助けられて以来、 マッシュに好意を寄せている。思い込みが激しいタイプ。,36,0,0,36,,https://lain.bgm.tv/pic/crt/l/8a/fd/119947_crt_M0iL8.jpg?r=1675669128,https://lain.bgm.tv/r/400/pic/crt/l/8a/fd/119947_crt_M0iL8.jpg?r=1675669128,,,,,https://bgm.tv/character/119947,,119947
bgm-bgm77543,bangumi,7,7,,海咲,みさき,Misaki,,其他,A,,游戏|Galgame,Galgame,Venus Vacation PRISM - DEAD OR ALIVE Xtreme -,维纳斯璀璨假期 死或生XTREME,2025,Galgame,"[{""t"":""Venus Vacation PRISM - DEAD OR ALIVE Xtreme -"",""cn"":""维纳斯璀璨假期 死或生XTREME"",""ty"":""Galgame"",""y"":2025,""pop"":0},{""t"":""碧蓝航线"",""cn"":""碧蓝航线"",""ty"":""游戏"",""y"":2017,""pop"":0},{""t"":""DEAD OR ALIVE Xtreme Venus Vacation"",""cn"":""死或生：沙滩排球 维纳斯假期"",""ty"":""游戏"",""y"":2017,""pop"":0},{""t"":""DEAD OR ALIVE Xtreme 3"",""cn"":""死或生: 沙滩排球3"",""ty"":""游戏"",""y"":2016,""pop"":0}]",,35,0,0,35,,https://lain.bgm.tv/pic/crt/l/a3/29/77543_crt_64DI9.jpg?r=1659498086,https://lain.bgm.tv/r/400/pic/crt/l/a3/29/77543_crt_64DI9.jpg?r=1659498086,https://storage.moegirl.org.cn/moegirl/commons/3/34/%E9%BE%99%E5%AE%AB%E6%B5%B7%E5%92%B2.jpg,,图源:moegirl,,https://bgm.tv/character/77543,,77543
bgm-bgm118589,vndb,7,7,,,双葉 さゆ,Futaba Sayu,,女,O,,Galgame,Galgame,青春はじめました！,,2013,Galgame,"[{""t"":""青春はじめました！"",""cn"":"""",""ty"":""Galgame"",""y"":2013,""pop"":34},{""t"":""青春はじめました！"",""cn"":""青春的开端"",""ty"":""Galgame"",""y"":2013,""pop"":0}]",The protagonist's grandmother.,34,0,34,0,,https://lain.bgm.tv/pic/crt/l/2f/f0/118589_crt_4423s.jpg,https://lain.bgm.tv/r/400/pic/crt/l/2f/f0/118589_crt_4423s.jpg,https://t.vndb.org/ch/11/96411.jpg,,Blond Short Amber Old Kimono Grandmother,,https://bgm.tv/character/118589,https://vndb.org/c79590,118589
vndb-c83223,vndb,7,7,,,会瀬 詠美,Ouse Utami,,女,O,,Galgame,Galgame,イイナリ妻色２～人妻に横恋慕～,,2019,Galgame,,"Everything about her son, warm udon, crabs Cheapskates, expensive restaurants, fixed concepts",34,0,34,0,,https://t.vndb.org/ch/85/101085.jpg,https://t.vndb.org/ch/85/101085.jpg,,#d5819a #9fc8bf #f1cac0 #d8f2da #fbf2e2 #ffffff,Pink Wavy Shoulder-length Trousers Blue Young-adult Shirt Wife Mother Footjob,,,https://vndb.org/c83223,
bgm-bgm51321,bangumi,7,7,,王手李亚,王手李亞,Wang Teria,,其他,AB,,动画|漫画,漫画,寄宿学校のジュリエット,寄宿学校的朱丽叶,2015,漫画,"[{""t"":""寄宿学校のジュリエット"",""cn"":""寄宿学校的朱丽叶"",""ty"":""漫画"",""y"":2015,""pop"":0},{""t"":""寄宿学校のジュリエット"",""cn"":""寄宿学校的朱丽叶"",""ty"":""动画"",""y"":2018,""pop"":0}]",东和国专用公寓·黑犬公寓的监督生之一。 工学方面的天才，年仅14岁就已经跳级到了高等部二年级。 胡蝶的双胞胎妹妹。 非常怕生、害羞胆怯。,34,0,0,34,,https://lain.bgm.tv/pic/crt/l/50/94/51321_crt_lG77g.jpg?r=1535954960,https://lain.bgm.tv/r/400/pic/crt/l/50/94/51321_crt_lG77g.jpg?r=1535954960,,,,,https://bgm.tv/character/51321,,51321
bgm-bgm179922,vndb,7,7,,,夏暁 ほたる,Natsuake Hotaru,,女,,,Galgame,Galgame,True Colors -memories of the abyss-,,2025,Galgame,"[{""t"":""True Colors -memories of the abyss-"",""cn"":"""",""ty"":""Galgame"",""y"":2025,""pop"":33},{""t"":""True Colors -memories of the abyss-"",""cn"":"""",""ty"":""Galgame"",""y"":2025,""pop"":0}]",『鹿間』という東北の海街にある学校へ通う女子学生。学年は高等部の３年。 明るく素直で、年齢性別問わず仲良くなるのが得意。困っている人を見ると放っておけない。 幼い頃に両親を亡くし、今は離島に住む祖父母の元で神社の仕事を手伝っている。,33,0,33,3,,https://lain.bgm.tv/pic/crt/l/4e/9b/179922_crt_4M332.jpg,https://lain.bgm.tv/r/400/pic/crt/l/4e/9b/179922_crt_4M332.jpg,https://t.vndb.org/ch/69/182469.jpg,,Black Teen Slim Pale Necklace T-shirt Friendly Sandals Jumpsuit Hairpin,,https://bgm.tv/character/179922,https://vndb.org/c155144,179922
bgm-bgm46509,vndb,7,7,,,瀬名 陸,Sena Riku,,女,AB,,Galgame,Galgame,新ジャンル えすでれっ!!,,2008,Galgame,"[{""t"":""新ジャンル えすでれっ!!"",""cn"":"""",""ty"":""Galgame"",""y"":2008,""pop"":33},{""t"":""新ジャンル えすでれっ!!"",""cn"":"""",""ty"":""Galgame"",""y"":2008,""pop"":0}]",基本的に無口・無表情で過ごす不思議な女の子。実は一途で情に厚い。 いつでもノートPCを持っており、それを使って会話を成立させることが多い。 沈着冷静で頭脳明晰、情報としての知識は豊富で、性的なものも例外ではない。 現在は主に、今後も増えるであろう男子学生のサンプルとして主人公のデータを収集している。,33,0,33,3,,https://lain.bgm.tv/pic/crt/l/21/ee/46509_crt_FZOHA.jpg,https://lain.bgm.tv/r/400/pic/crt/l/21/ee/46509_crt_FZOHA.jpg,https://t.vndb.org/ch/44/60544.jpg,,White Shoulder-length Slim Pale School Uniform Cowgirl Blowjob Virgin Sex Amber Kid,,https://bgm.tv/character/46509,https://vndb.org/c50595,46509
bgm-bgm21543,vndb,7,7,,,クリスティーナ・愛美・レイヴンズクロフト,Christina Aimi Ravenscroft,Ai / Chris / Kurikuri / クリス,女,O,,Galgame,Galgame,恋×恋=∞　～恋する乙女にできること～,,2013,Galgame,"[{""t"":""恋×恋=∞　～恋する乙女にできること～"",""cn"":"""",""ty"":""Galgame"",""y"":2013,""pop"":32},{""t"":""恋×恋=∞　～恋する乙女にできること～"",""cn"":"""",""ty"":""Galgame"",""y"":2013,""pop"":0}]",両親の都合で日本にやって来た大富豪のハーフお嬢様。 “クリス” の愛称で、転入早々男子学生たちから絶大な人気を得る。 おっとりほんわかとした性格で基本マイペース。人を疑うことを知らない純粋培養の超絶お嬢様。 芯はしっかりしており頑固な部分もあるが、天然な部分が目立ちその芯の部分まで周囲に気付かれることはあまりない。 「ぎゅーってするんです、そうすると胸の辺りがぽかぽかしてくるんですよ」,32,0,32,4,,https://lain.bgm.tv/pic/crt/l/cc/46/21543_crt_n73Bz.jpg,https://lain.bgm.tv/r/400/pic/crt/l/cc/46/21543_crt_n73Bz.jpg,https://t.vndb.org/ch/48/25948.jpg,,Blond Wavy Shoulder-length Teen Slim Pale School Uniform Virgin Sex Violet Thigh-high Stockings,,https://bgm.tv/character/21543,https://vndb.org/c20901,21543
vndb-c28395,vndb,7,7,,,針生 鉄,Haryuu Tetsu,,男,AB,,Galgame,Galgame,Photograph Journey,,2014,Galgame,,A third-year student of Sensui Prefectural Technical High School. He is hot-blooded and loves sports. Haruho met Tetsu when she was in the fourth grade as transfer student while she was in Miyagi Prefecture.,32,0,32,0,,https://t.vndb.org/ch/48/34448.jpg,https://t.vndb.org/ch/48/34448.jpg,,#95cc57 #332f4b #c59e8e #e9d3c2 #f8f1ea #ffffff,Blond Short Teen Slim Pale School Uniform Trousers Hotblooded Green Jacket,,,https://vndb.org/c28395,
bgm-bgm6526,bangumi,7,7,,田名部爱,田名部愛,Tanabe Ai,,其他,O,,动画|漫画,动画,プラネテス,星空清理者,2003,动画,"[{""t"":""プラネテス"",""cn"":""星空清理者"",""ty"":""动画"",""y"":2003,""pop"":0},{""t"":""プラネテス"",""cn"":""惑星奇航"",""ty"":""漫画"",""y"":2001,""pop"":0}]",本作女主人公，刚刚踏入社会的新人，被分配到回收科，同属于舱外活动的回收人员。 性格开朗充满活力，对于爱与和平有着非常的执着。因为稍有些天真的理想主义，而常常做出有些出人意料的事情。,32,0,0,32,,https://lain.bgm.tv/pic/crt/l/3f/e2/6526_crt_TIgl3.jpg,https://lain.bgm.tv/r/400/pic/crt/l/3f/e2/6526_crt_TIgl3.jpg,,,,,https://bgm.tv/character/6526,,6526
bgm-bgm77016,vndb,7,7,,汤浅文月,湯浅 文月,Yuasa Fumitsuki,,女,,,Galgame,Galgame,Routes,,2003,Galgame,"[{""t"":""Routes"",""cn"":"""",""ty"":""Galgame"",""y"":2003,""pop"":32},{""t"":""Routes"",""cn"":"""",""ty"":""Galgame"",""y"":2003,""pop"":32},{""t"":""Routes"",""cn"":"""",""ty"":""Galgame"",""y"":2003,""pop"":32},{""t"":""Routes"",""cn"":"""",""ty"":""Galgame"",""y"":2003,""pop"":32},{""t"":""Routes"",""cn"":"""",""ty"":""Galgame"",""y"":2003,""pop"":32},{""t"":""Routes -ルーツ-"",""cn"":"""",""ty"":""Galgame"",""y"":2003,""pop"":0}]",睦月の妹。突然田舎から出てきて学園に堂々潜入、宗一達にまとわりつく。 姉譲りの物怖じしない性格・激しい行動力・高いサバイバル能力でタイフーンを巻き起こす。,32,0,32,1,,https://lain.bgm.tv/pic/crt/l/21/34/77016_crt_4W9VD.jpg?r=1588526044,https://lain.bgm.tv/r/400/pic/crt/l/21/34/77016_crt_4W9VD.jpg?r=1588526044,https://t.vndb.org/ch/67/66467.jpg,,Brown Long Teen Slim Pale School Uniform Proactive Blue Full Sister Energetic,,https://bgm.tv/character/77016,https://vndb.org/c55727,77016
vndb-c2988,vndb,7,7,,,有栖川 京華,Arisugawa Kyouka,Last Counselor / ラストカウンセラー,女,AB,,Galgame,Galgame,FairlyLife -フェアリーライフ-,,2008,Galgame,,,31,0,31,0,,https://t.vndb.org/ch/52/3052.jpg,https://t.vndb.org/ch/52/3052.jpg,,#4d5070 #cc9a86 #dfbfb3 #f3ded2 #e6effa #fcfaf7,Short Pale Blue Young-adult Teacher Strange Pendant Necklace Skirt Suit Parted to Side Orange,,,https://vndb.org/c2988,
bgm-bgm48763,vndb,7,7,,,蓬田 祥智,Yomogida Sachi,,女,A,,Galgame,Galgame,Princess-Style,,2012,Galgame,"[{""t"":""Princess-Style"",""cn"":"""",""ty"":""Galgame"",""y"":2012,""pop"":31},{""t"":""Princess-Style"",""cn"":"""",""ty"":""Galgame"",""y"":2012,""pop"":0}]",茶道の家元の娘。 円とは古くからの幼なじみであり、円のことを弟のように可愛がっている。 誰をも包み込んでしまうような性格と、名門校においても屈指の才媛であることから、学院内での人望は非常に高い。 大のお風呂好きで、一度湯船に浸かると2時間以上出てこない。 「あらあら……円ちゃんたら、相変わらずやんちゃなんだから、ふふふっ♪」,31,0,31,5,,https://lain.bgm.tv/pic/crt/l/9e/0b/48763_crt_4ZID6.jpg,https://lain.bgm.tv/r/400/pic/crt/l/9e/0b/48763_crt_4ZID6.jpg,https://t.vndb.org/ch/82/12982.jpg,,Brown Long Teen Slim Pale School Uniform Virgin Sex Blue Kimono Thigh-high Stockings,,https://bgm.tv/character/48763,https://vndb.org/c11235,48763
bgm-bgm95353,bangumi,7,7,,矢野美月,矢野美月,,あやのこうじ みつき / 綾小路美月,其他,,,动画|漫画,漫画,私の百合はお仕事です！,百合是我的工作！,2017,漫画,"[{""t"":""私の百合はお仕事です！"",""cn"":""百合是我的工作！"",""ty"":""漫画"",""y"":2017,""pop"":0},{""t"":""私の百合はお仕事です！"",""cn"":""我的百合乃工作是也！"",""ty"":""动画"",""y"":2023,""pop"":0}]",リーベ女学園における陽芽の先輩。陽芽から「お姉さま」と呼ばれたことをきっかけに、彼女と姉妹の契りを結ぶ。カフェでは陽芽に優しく接するが、それ以外では彼女に刺々しく当たる。,30,0,0,30,,https://lain.bgm.tv/pic/crt/l/2b/78/95353_crt_DKNk4.jpg?r=1675668225,https://lain.bgm.tv/r/400/pic/crt/l/2b/78/95353_crt_DKNk4.jpg?r=1675668225,,,,,https://bgm.tv/character/95353,,95353
bgm-bgm68885,vndb,7,7,,,愛染 かぐや,Aizome Kaguya,,女,A,,Galgame,Galgame,カケオチ,,2019,Galgame,"[{""t"":""カケオチ"",""cn"":"""",""ty"":""Galgame"",""y"":2019,""pop"":30},{""t"":""カケオチ"",""cn"":""私奔"",""ty"":""Galgame"",""y"":2019,""pop"":0}]",「私、どこまでも行きます。あなたと一緒に」 ある良家のお嬢様。主人公の一つ年下の幼馴染。 主人公を幼い頃より一途に想い続けている。 好奇心旺盛で何にでも興味を示す明るく心優しい性格。 主人公いわく「へんな度胸がある」。 過保護に育てられたせいか、少し世間の常識に疎いところがある。 幼い頃は主人公と毎日のように一緒にいたが、 年月と共に主人公との距離が離れてしまったことを寂しく思っていた。 主人公とこれからずっと一緒にいられることがうれしくてたまらない。,30,0,30,8,,https://lain.bgm.tv/pic/crt/l/e1/75/68885_crt_9Jgac.jpg,https://lain.bgm.tv/r/400/pic/crt/l/e1/75/68885_crt_9Jgac.jpg,https://t.vndb.org/ch/39/97539.jpg,,Brown Long Straight Teen Slim Pale School Uniform Blowjob Virgin Sex Amber,,https://bgm.tv/character/68885,https://vndb.org/c80447,68885
vndb-c5579,vndb,7,7,,,水野 真琴,Mizuno Makoto,,女,O,,Galgame,Galgame,GREEN～秋空のスクリーン～,,1999,Galgame,"[{""t"":""GREEN～秋空のスクリーン～"",""cn"":"""",""ty"":""Galgame"",""y"":1999,""pop"":30},{""t"":""GREEN～秋空のスクリーン～ 外伝 GREENHORN"",""cn"":"""",""ty"":""Galgame"",""y"":2000,""pop"":8}]",,30,0,30,0,,https://t.vndb.org/ch/54/35554.jpg,https://t.vndb.org/ch/54/35554.jpg,,#b33035 #f2cab2 #a4a3b8 #cbd2e2 #eff0f3 #ffffff,Pink Long School Uniform Student Virgin Sex Green Skirt Psychological Trauma Actor Loose Socks,,,https://vndb.org/c5579,
bgm-bgm38188,vndb,7,7,,八神巴,八神 巴,Yagami Tomoe,,男,AB,,动画|Galgame,Galgame,プリンス・オブ・ストライド,,2015,Galgame,"[{""t"":""プリンス・オブ・ストライド"",""cn"":"""",""ty"":""Galgame"",""y"":2015,""pop"":30},{""t"":""プリンス・オブ・ストライド"",""cn"":""疾走王子"",""ty"":""Galgame"",""y"":2015,""pop"":0},{""t"":""プリンス・オブ・ストライド オルタナティブ"",""cn"":""疾走王子 Alternative"",""ty"":""动画"",""y"":2016,""pop"":0}]",元方南スト部の天才ランナー。八神陸の兄であり、ヒース、恭介とも旧知の仲。才能を買われアメリカ留学中だったが、花京院のランナーとして帰日した。走ることが大好きで、素直な性格。,30,0,30,3,,https://lain.bgm.tv/pic/crt/l/60/c3/38188_crt_362VK.jpg?r=1452742878,https://lain.bgm.tv/r/400/pic/crt/l/60/c3/38188_crt_362VK.jpg?r=1452742878,https://t.vndb.org/ch/38/51738.jpg,,Black Short Pale Violet Young-adult Muscular Wristband Sports Shoes Ore Full Brother,,https://bgm.tv/character/38188,https://vndb.org/c43080,38188
bgm-bgm56953,vndb,7,7,,,上月 恵梨栖,Kouzuki Eris,,女,A,,Galgame,Galgame,シロガネオトメ,,2013,Galgame,"[{""t"":""シロガネオトメ"",""cn"":"""",""ty"":""Galgame"",""y"":2013,""pop"":29},{""t"":""シロガネオトメ"",""cn"":"""",""ty"":""Galgame"",""y"":2013,""pop"":0}]",,29,0,29,0,,https://lain.bgm.tv/pic/crt/l/bf/20/56953_crt_4s97K.jpg,https://lain.bgm.tv/r/400/pic/crt/l/bf/20/56953_crt_4s97K.jpg,https://t.vndb.org/ch/15/28415.jpg,,Black Straight Teen School Uniform Student Villain Green Lesbian Sex Homosexual Ankle Length,,https://bgm.tv/character/56953,https://vndb.org/c22627,56953
bgm-bgm65545,bangumi,7,7,,王胡蝶,王胡蝶,Wang Kochou,,其他,AB,,动画|漫画,漫画,寄宿学校のジュリエット,寄宿学校的朱丽叶,2015,漫画,"[{""t"":""寄宿学校のジュリエット"",""cn"":""寄宿学校的朱丽叶"",""ty"":""漫画"",""y"":2015,""pop"":0},{""t"":""寄宿学校のジュリエット"",""cn"":""寄宿学校的朱丽叶"",""ty"":""动画"",""y"":2018,""pop"":0}]",东和国专用公寓·黑犬公寓的监督生之一。 药学方面的天才，年仅14岁就已经跳级到了高等部二年级。 手李亚的双胞胎姐姐。 虽然有时候会得意忘形，但是非常爱惜自己的妹妹。,29,0,0,29,,https://lain.bgm.tv/pic/crt/l/36/fa/65545_crt_l980z.jpg?r=1534324556,https://lain.bgm.tv/r/400/pic/crt/l/36/fa/65545_crt_l980z.jpg?r=1534324556,,,,,https://bgm.tv/character/65545,,65545
bgm-bgm156786,vndb,7,7,,,千歳 水希,Chitose Mizuki,,女,AB,,Galgame,Galgame,AngelWish～放課後の召使いにチュッ!～,,2004,Galgame,"[{""t"":""AngelWish～放課後の召使いにチュッ!～"",""cn"":"""",""ty"":""Galgame"",""y"":2004,""pop"":28},{""t"":""Angel Wish～放課後の召使いにチュッ！～"",""cn"":"""",""ty"":""Galgame"",""y"":2004,""pop"":0}]",球技大会に花火大会……夏休みも近づいて、聖峰学院ではイベントが目白押し。 生徒会学年委員の私、千歳水希はその準備に毎日放課後は大忙しです。 お仕事はとっても大変だけど…… でもみんなの役に立ってるんだって思うと、とっても楽しいの。 ただね、温室のお花のお世話をする時間がちょっと足りなくて…… ダメだなぁ、私。もっともっと頑張らないと。,28,0,28,2,,https://lain.bgm.tv/pic/crt/l/e3/24/156786_crt_ojSsO.jpg,https://lain.bgm.tv/r/400/pic/crt/l/e3/24/156786_crt_ojSsO.jpg,https://t.vndb.org/ch/79/109979.jpg,,Red Twin Tails Waist Length+ Teen Slim Pale School Uniform Green High School Student Ribbon Tie,,https://bgm.tv/character/156786,https://vndb.org/c54948,156786
vndb-c49180,vndb,7,7,,,エリセイ,Elisei,Yelisha,男,O,,Galgame,Galgame,王子さまとイケない契約結婚,,2013,Galgame,,,28,0,28,0,,https://t.vndb.org/ch/76/58876.jpg,https://t.vndb.org/ch/76/58876.jpg,,#dfb235 #b08e76 #745f3a #f0a5bf #ebccd5 #f9eeea,Green Friendly Full Brother Boyfriend Prince Altruistic Kind Clumsy Naive Honest,,,https://vndb.org/c49180,
bgm-bgm126087,bangumi,7,7,,小川心,小川こころ,Ogawa Kokoro,,其他,,,动画|漫画,动画,ゆるゆり さん☆ハイ！,摇曳百合 3☆High!,2015,动画,"[{""t"":""ゆるゆり さん☆ハイ！"",""cn"":""摇曳百合 3☆High!"",""ty"":""动画"",""y"":2015,""pop"":0},{""t"":""大室家"",""cn"":""大室家"",""ty"":""漫画"",""y"":2013,""pop"":0},{""t"":""大室家 dear sisters"",""cn"":""大室家 亲爱的姐妹们"",""ty"":""动画"",""y"":2024,""pop"":0},{""t"":""大室家 dear friends"",""cn"":""大室家 亲爱的朋友们"",""ty"":""动画"",""y"":2024,""pop"":0}]",花子の小学校の友だち。 いつも花子、未来と３人で行動している。穏やかでマイペースな性格であり、考え方や好みが独特。 未来と同じく花子を尊敬している。,28,0,0,28,,https://lain.bgm.tv/pic/crt/l/07/2a/126087_crt_M03o2.jpg?r=1701348173,https://lain.bgm.tv/r/400/pic/crt/l/07/2a/126087_crt_M03o2.jpg?r=1701348173,,,,,https://bgm.tv/character/126087,,126087
bgm-bgm161293,bangumi,7,7,,天海夕,天海夕,Yuu Amami,,其他,,,动画|漫画,漫画,クラスで2番目に可愛い女の子と友だちになった,和班级第二可爱的女孩子成为了朋友,2023,漫画,"[{""t"":""クラスで2番目に可愛い女の子と友だちになった"",""cn"":""和班级第二可爱的女孩子成为了朋友"",""ty"":""漫画"",""y"":2023,""pop"":0},{""t"":""クラスで2番目に可愛い女の子と友だちになった"",""cn"":""和班上第二可爱的女孩成为朋友"",""ty"":""漫画"",""y"":2021,""pop"":0},{""t"":""クラスで2番目に可愛い女の子と友だちになった"",""cn"":""和班上第二可爱的女孩成为朋友"",""ty"":""动画"",""y"":2026,""pop"":0}]",「クラスで1番目に可愛い女の子」。クォーター混血。海とは小学校からの親友。 作者はビジュアル面および立ち振る舞いでメインヒロイン感を出すことを特に意識したと話している。,27,0,0,27,,https://lain.bgm.tv/pic/crt/l/8e/e8/161293_crt_WDWhw.jpg?r=1728834133,https://lain.bgm.tv/r/400/pic/crt/l/8e/e8/161293_crt_WDWhw.jpg?r=1728834133,,,,,https://bgm.tv/character/161293,,161293
bgm-bgm130118,bangumi,7,7,,雾雨,キリサメ,Kirisame,,其他,A,,动画|漫画,动画,Dr.STONE SCIENCE FUTURE 第2クール,石纪元 科学与未来 第2部分,2025,动画,"[{""t"":""Dr.STONE SCIENCE FUTURE 第2クール"",""cn"":""石纪元 科学与未来 第2部分"",""ty"":""动画"",""y"":2025,""pop"":0},{""t"":""Dr.STONE NEW WORLD 第2クール"",""cn"":""石纪元 新世界 第2部分"",""ty"":""动画"",""y"":2023,""pop"":0},{""t"":""Dr.STONE SCIENCE FUTURE"",""cn"":""石纪元 科学与未来"",""ty"":""动画"",""y"":2025,""pop"":0},{""t"":""Dr.STONE SCIENCE FUTURE 第3クール"",""cn"":""石纪元 科学与未来 第3部分"",""ty"":""动画"",""y"":2026,""pop"":0},{""t"":""Dr.STONE NEW WORLD"",""cn"":""石纪元 新世界"",""ty"":""动画"",""y"":2023,""pop"":0},{""t"":""Dr.STONE"",""cn"":""石纪元"",""ty"":""漫画"",""y"":2017,""pop"":0}]",石化王国で高い戦闘能力を持つ女性戦士。石化装置の管理を任される信頼される存在であり、特筆すべきはその石化装置を扱う為に鍛え上げられた投擲能力で、その腕前は正確無比。,26,0,0,26,,https://lain.bgm.tv/pic/crt/l/ee/44/130118_crt_v0622.jpg?r=1755248012,https://lain.bgm.tv/r/400/pic/crt/l/ee/44/130118_crt_v0622.jpg?r=1755248012,,,,,https://bgm.tv/character/130118,,130118
bgm-bgm87248,bangumi,7,7,,早坂芽衣,早坂芽衣,MEI HAYASAKA,,其他,,,动画|游戏,游戏,IDOLY PRIDE,偶像荣耀,2021,游戏,"[{""t"":""IDOLY PRIDE"",""cn"":""偶像荣耀"",""ty"":""游戏"",""y"":2021,""pop"":0},{""t"":""IDOLY PRIDE"",""cn"":""偶像荣耀"",""ty"":""动画"",""y"":2021,""pop"":0}]",好奇心旺盛な女の子で、直感に従って生きている。運動神経が良く、パフォーマンスの能力は高め。持ち前の明るく人懐っこい性格で場を和ませることも多い。猫が好きで、道端でよく野良猫と遊んでいる。,26,0,0,26,,https://lain.bgm.tv/pic/crt/l/45/9f/87248_crt_wBVzE.jpg?r=1606942927,https://lain.bgm.tv/r/400/pic/crt/l/45/9f/87248_crt_wBVzE.jpg?r=1606942927,https://storage.moegirl.org.cn/moegirl/commons/a/aa/HayasakaMei.jpg!/fw/480/watermark/url/L21vZWdpcmwvd2F0ZXJtYXJrLnBuZw==/align/southeast/margin/10x10/opacity/50?v=20211105231716|https://storage.moegirl.org.cn/moegirl/commons/a/aa/HayasakaMei.jpg,,图源:moegirl,,https://bgm.tv/character/87248,,87248
vndb-c22427,vndb,7,7,,,七曲 恭子,Nanamagari Kyouko,,女,O,,Galgame,Galgame,邪!! ぱんでみっく,,2010,Galgame,,,26,0,26,0,,https://t.vndb.org/ch/22/27722.jpg,https://t.vndb.org/ch/22/27722.jpg,,#aa7789 #734553 #482731 #ebd3d0 #201419 #000000,Brown Ponytail Curtained Group Sex Violet Hakama Friendly Kind Headscarf Yamato Nadeshiko,,,https://vndb.org/c22427,
vndb-c74768,vndb,7,7,,,七瀬 夏美,Nanase Natsumi,,女,,,Galgame,Galgame,ボインにかけろ!,,2006,Galgame,,"A feisty girl and childhood friend and classmate of Yuri. She is extremely close with Yuri, even going as far as declaring her intent to marry her. The manager at the cafe she and Yuri work at is owned by her uncle who adores her.",26,0,26,0,,https://t.vndb.org/ch/06/90506.jpg,https://t.vndb.org/ch/06/90506.jpg,,#9c4f3c #edc48b #5870a8 #f4eee7 #c7c3c7 #ffffff,Red Ponytail Waist Length+ Teen Slim Pale School Uniform Doggy Style Blowjob Virgin Sex,,,https://vndb.org/c74768,
bgm-bgm26105,vndb,7,7,,冲田总司,沖田 総司,Okita Souji,Souchin,男,AB,,动画|Galgame,Galgame,幕末Rock,,2014,Galgame,"[{""t"":""幕末Rock"",""cn"":"""",""ty"":""Galgame"",""y"":2014,""pop"":26},{""t"":""幕末ROCK"",""cn"":"""",""ty"":""Galgame"",""y"":2014,""pop"":0},{""t"":""幕末Rock 超魂(ウルトラソウル)"",""cn"":""幕末Rock 超魂"",""ty"":""Galgame"",""y"":2014,""pop"":0},{""t"":""幕末Rockトライアングル★ロックンロール"",""cn"":"""",""ty"":""音乐"",""y"":2014,""pop"":0},{""t"":""幕末Rock天歌(ヘブンズソング)"",""cn"":"""",""ty"":""音乐"",""y"":2014,""pop"":0},{""t"":""幕末Rock 超魂(ウルトラソウル) ミニアルバム"",""cn"":"""",""ty"":""音乐"",""y"":2014,""pop"":0}]",幕府的大舞台（面试）所选拔出来，“新选组”第1期生的Center Top。 在“新选组”首位的实力者，人气甚高。 与土方一样，被称为新选组的W之星（W Star）。 说话能够确切捕捉对方的心情，时而看似真诚、时而充满魅惑。 因为除了喜欢的人以外，其他全不在乎，所以平日以亲切的笑容与煌（粉丝）接触，都口是心非而已。,26,0,26,2,,https://lain.bgm.tv/pic/crt/l/af/9e/26105_crt_C0KqN.jpg,https://lain.bgm.tv/r/400/pic/crt/l/af/9e/26105_crt_C0KqN.jpg,https://storage.moegirl.org.cn/moegirl/commons/e/ea/%E5%86%B2%E7%94%B0%E6%80%BB%E5%8F%B8%E5%90%88%E9%9B%86%E6%94%B92.jpg!/fw/480/watermark/url/L21vZWdpcmwvd2F0ZXJtYXJrLnBuZw==/align/southeast/margin/10x10/opacity/50?v=20220629084255|https://storage.moegirl.org.cn/moegirl/commons/e/ea/%E5%86%B2%E7%94%B0%E6%80%BB%E5%8F%B8%E5%90%88%E9%9B%86%E6%94%B92.jpg|https://t.vndb.org/ch/30/45430.jpg,,Violet Shoulder-length Uniform Violet Gloves Hakama Idol Keyboardist Based on a Real Person Arrogant,,https://bgm.tv/character/26105,https://vndb.org/c37643,26105
vndb-c103204,vndb,7,7,,,日向 つばめ,Hinata Tsubame,,女,,,Galgame,Galgame,らぶデス555！～ν-Realtime Lovers～,,2010,Galgame,,,25,0,25,0,,https://t.vndb.org/ch/81/124681.jpg,https://t.vndb.org/ch/81/124681.jpg,,#efa873 #8f5447 #e8c0a8 #f6ead9 #ffffff,Brown Non-blood-related Sister Younger Sister,,,https://vndb.org/c103204,
bgm-bgm66534,vndb,7,7,,,七尾 留奈,Nanao Runa,,女,,,Galgame,Galgame,闇鍋Aries～明日への挑戦状～,,2000,Galgame,"[{""t"":""闇鍋Aries～明日への挑戦状～"",""cn"":"""",""ty"":""Galgame"",""y"":2000,""pop"":25},{""t"":""Aries -アリエス-"",""cn"":"""",""ty"":""Galgame"",""y"":2000,""pop"":8},{""t"":""うたう絵本1・2・3 ハイ！！"",""cn"":"""",""ty"":""Galgame"",""y"":2002,""pop"":4},{""t"":""Aries -アリエス-"",""cn"":"""",""ty"":""Galgame"",""y"":2000,""pop"":0}]",気の合う仲間だととことん開放的になるが、自分を周りに合わせるのが苦手。パソコンおよび周辺機器の扱いが得意で、ツール系ソフトをアップしたりパーツ屋をあさるのが趣味。料理は下手。,25,0,25,1,,https://lain.bgm.tv/pic/crt/l/ac/7c/66534_crt_wa004.jpg,https://lain.bgm.tv/r/400/pic/crt/l/ac/7c/66534_crt_wa004.jpg,https://t.vndb.org/ch/88/74588.jpg,,Brown Antenna Long Teen Slim Pale School Uniform Hard Worker Missionary Doggy Style,,https://bgm.tv/character/66534,https://vndb.org/c55067,66534
bgm-bgm92379,vndb,7,7,,,山崎充範,Yamazaki Mitsunori,,男,AB,,Galgame,Galgame,ピヨたん ～ハウスキーパーはCuteな探偵～,,2006,Galgame,"[{""t"":""ピヨたん ～ハウスキーパーはCuteな探偵～"",""cn"":"""",""ty"":""Galgame"",""y"":2006,""pop"":24},{""t"":""ピヨたん ～ハウスキーパーはCuteな探偵～"",""cn"":""菜鸟侦探～管家侦探罗曼史～"",""ty"":""Galgame"",""y"":2006,""pop"":0}]",芸能プロダクション・K-プロモーションの 社長兼“高屋晴”の敏腕マネージャー。 風間社長とは大学時代からの親友。,24,0,24,0,,https://lain.bgm.tv/pic/crt/l/79/79/92379_crt_UQTVu.jpg,https://lain.bgm.tv/r/400/pic/crt/l/79/79/92379_crt_UQTVu.jpg,https://t.vndb.org/ch/40/22240.jpg,,Brown Short Blowjob Young-adult Olive Suit Necktie Ore Smoking Investigation,,https://bgm.tv/character/92379,https://vndb.org/c17608,92379
bgm-bgm45342,vndb,7,7,,,春日　美乃,Kasuga Yoshino,,女,A,,Galgame,Galgame,ホワイトブレス ～with faint hope～,,2004,Galgame,"[{""t"":""ホワイトブレス ～with faint hope～"",""cn"":"""",""ty"":""Galgame"",""y"":2004,""pop"":23},{""t"":""ホワイトブレス"",""cn"":""白色呼吸"",""ty"":""Galgame"",""y"":2004,""pop"":0},{""t"":""ホワイトブレス パーフェクトエディション＋"",""cn"":""白色呼吸 完美版"",""ty"":""Galgame"",""y"":2011,""pop"":0}]",主人公、未緒、刹那のクラスメイトであり、4人グループでよく遊ぶ仲。 率先して色々な世話を焼いてくれる、グループの “母親”っぽい存在、ムードメーカーでもある。 美術部員の彼女はデザインなどを得意とし、チラシやプリント類、卒業文集等のヘルプを頼まれている。 また、叔父が経営する喫茶店でたまにバイトをしている。,23,0,23,3,,https://lain.bgm.tv/pic/crt/l/f2/a2/45342_crt_bgDcc.jpg,https://lain.bgm.tv/r/400/pic/crt/l/f2/a2/45342_crt_bgDcc.jpg,https://t.vndb.org/ch/47/22847.jpg,,Brown Twin Tails Brown School Uniform Student Apron Jacket Scarf Shirt T-shirt,,https://bgm.tv/character/45342,https://vndb.org/c18212,45342
bgm-bgm25550,vndb,7,7,,,桐原 アトム,Kirihara Atom,,男,B,,动画|Galgame,Galgame,MARGINAL#4 IDOL OF SUPERNOVA,,2014,Galgame,"[{""t"":""MARGINAL#4 IDOL OF SUPERNOVA"",""cn"":"""",""ty"":""Galgame"",""y"":2014,""pop"":23},{""t"":""MARGINAL#4 ROAD TO GALAXY"",""cn"":"""",""ty"":""Galgame"",""y"":2017,""pop"":13},{""t"":""MARGINAL#4 IDOL OF SUPER NOVA"",""cn"":"""",""ty"":""Galgame"",""y"":2014,""pop"":0},{""t"":""MARGINAL#4 ROAD TO GALAXY"",""cn"":"""",""ty"":""Galgame"",""y"":2017,""pop"":0},{""t"":""MARGINAL#4 KISSから創造るBig Bang"",""cn"":""MARGINAL#4 从KISS开始创造Big Bang"",""ty"":""动画"",""y"":2017,""pop"":0}]",MARGINAL#4のメンバーで俺様。 荒っぽい性格だが、 周囲を熱くするようなパフォーマンスが得意。 スキッターが趣味で隙あらば、つぶやきを行う。 勉強は苦手だが、運動に関しては自信満々。,23,0,23,4,,https://lain.bgm.tv/pic/crt/l/3e/36/25550_crt_StOMK.jpg?r=1475716792,https://lain.bgm.tv/r/400/pic/crt/l/3e/36/25550_crt_StOMK.jpg?r=1475716792,https://t.vndb.org/ch/63/128863.jpg,,Red Short Brown Hotblooded Ore Idol High School Student Hairpin,,https://bgm.tv/character/25550,https://vndb.org/c29740,25550
vndb-c24346,vndb,7,7,,,カッツェ,Katze,,男,B,,Galgame,Galgame,ぷり・プリ～PRINCE×PRINCE～,,2005,Galgame,,,22,0,22,0,,https://t.vndb.org/ch/60/29960.jpg,https://t.vndb.org/ch/60/29960.jpg,,,Black Amber Kuudere Childhood Friend Servant Teasing Relaxed Kemonomimi Bisexual Sex in Public Places,,,https://vndb.org/c24346,
vndb-c17421,vndb,7,7,,,,Aoi,,男,,,Galgame,Galgame,Colors ~ Aoi's Utopia ~,,2014,Galgame,,"Our little protagonist who claims to have created a world which he named ""Colors."" [From Lemma Soft Forums]",21,0,21,0,,https://t.vndb.org/ch/29/22029.jpg,https://t.vndb.org/ch/29/22029.jpg,,,Blue Short Grey Death Coma Hospitalization Antisocial Serious,,,https://vndb.org/c17421,
bgm-bgm72656,bangumi,7,7,,前原仁菜,前原仁菜,Maehara Nina,,其他,A,,动画|漫画|游戏,动画,おちこぼれフルーツタルト,满溢的水果挞,2020,动画,"[{""t"":""おちこぼれフルーツタルト"",""cn"":""满溢的水果挞"",""ty"":""动画"",""y"":2020,""pop"":0},{""t"":""きららファンタジア"",""cn"":""闪耀幻想曲"",""ty"":""游戏"",""y"":2017,""pop"":0},{""t"":""おちこぼれフルーツタルト"",""cn"":""满溢的水果挞"",""ty"":""漫画"",""y"":2016,""pop"":0}]",高中二年级生，前时装模特。 个性内向，有着适合当模特的身高与良好的身材，却缺乏自信。 元ファッションモデルの高校二年生で、ロコの幼馴染。身長も胸も大きいことがコンプレックス。,21,0,0,21,,https://lain.bgm.tv/pic/crt/l/c4/39/72656_crt_TBRjd.jpg?r=1604398508,https://lain.bgm.tv/r/400/pic/crt/l/c4/39/72656_crt_TBRjd.jpg?r=1604398508,https://storage.moegirl.org.cn/moegirl/commons/6/6d/Maehara_Nina.jpg!/fw/480/watermark/url/L21vZWdpcmwvd2F0ZXJtYXJrLnBuZw==/align/southeast/margin/10x10/opacity/50?v=20201228102921|https://storage.moegirl.org.cn/moegirl/commons/6/6d/Maehara_Nina.jpg,,图源:moegirl,,https://bgm.tv/character/72656,,72656
bgm-bgm88036,bangumi,7,7,,当麻真子,当麻まこ,Mako Toma,,其他,O,,动画,动画,SELECTION PROJECT,偶像选拔,2021,动画,"[{""t"":""SELECTION PROJECT"",""cn"":""偶像选拔"",""ty"":""动画"",""y"":2021,""pop"":0},{""t"":""SELECTION PROJECT Vol.4 特典CD"",""cn"":"""",""ty"":""音乐"",""y"":2022,""pop"":0}]",九州・沖縄地区の代表候補。 大家族の長女として、弟や妹たちの面倒を見てきたしっかり者。 宝物は家族。誰に対しても優しく誠実で、自分に嘘がつけない性格。 音楽が好きで、家事をしながらよくリズムに乗っている。,20,0,0,20,,https://lain.bgm.tv/pic/crt/l/f5/c9/88036_crt_Z8gF8.jpg?r=1638451920,https://lain.bgm.tv/r/400/pic/crt/l/f5/c9/88036_crt_Z8gF8.jpg?r=1638451920,,,,,https://bgm.tv/character/88036,,88036
bgm-bgm125913,bangumi,7,7,,尤蒂,ユティ,,优提,其他,,,动画|漫画,动画,異世界でチート能力を手にした俺は、現実世界をも無双する～レベルアップは人生を変えた～ スペシャル,在异世界获得超强能力的我，在现实世界照样无敌～等级提升改变人生命运～ SP,2026,动画,"[{""t"":""異世界でチート能力を手にした俺は、現実世界をも無双する～レベルアップは人生を変えた～ スペシャル"",""cn"":""在异世界获得超强能力的我，在现实世界照样无敌～等级提升改变人生命运～ SP"",""ty"":""动画"",""y"":2026,""pop"":0},{""t"":""異世界でチート能力を手にした俺は、現実世界をも無双する～レベルアップは人生を変えた～"",""cn"":""在异世界获得超强能力的我，在现实世界照样无敌～等级提升改变人生命运～"",""ty"":""动画"",""y"":2023,""pop"":0},{""t"":""異世界でチート能力（スキル）を手にした俺は、現実世界をも無双する ～レベルアップは人生を変えた～"",""cn"":""异世界里得到了开挂般能力的我、现实世界中也举世无双～升级改变人生～"",""ty"":""漫画"",""y"":2020,""pop"":0},{""t"":""異世界でチート能力を手にした俺は、現実世界をも無双する ～レベルアップは人生を変えた～"",""cn"":""在异世界获得超强能力的我，在现实世界照样无敌～等级提升改变人生命运～"",""ty"":""漫画"",""y"":2018,""pop"":0}]",体内寄宿着「邪」之力的「弓圣」弟子。[mask]她在与优夜等人的战斗中重拾原本的自我后，在佳织的安排下，转学进入现实世界的王星学园就读。[/mask] [简介原文] 世界中に存在する“負”の側面が結晶化した『邪』の力を身に宿している、謎の少女。,19,0,0,19,,https://lain.bgm.tv/pic/crt/l/80/8c/125913_crt_jQUJI.jpg?r=1676817063,https://lain.bgm.tv/r/400/pic/crt/l/80/8c/125913_crt_jQUJI.jpg?r=1676817063,,,,,https://bgm.tv/character/125913,,125913
bgm-bgm66361,bangumi,7,7,,,叶,Kanae,叶(Nijisanji Gamers) / 叶(にじさんじゲーマーズ),其他,,,动画|漫画,漫画,にじさんじ,,2023,漫画,"[{""t"":""にじさんじ"",""cn"":"""",""ty"":""漫画"",""y"":2023,""pop"":0},{""t"":""SMASH The PAINT!!"",""cn"":"""",""ty"":""音乐"",""y"":2020,""pop"":0},{""t"":""ChroNoiR Episode.0"",""cn"":"""",""ty"":""动画"",""y"":2023,""pop"":0},{""t"":""イブラヒム3周年記念アニメ"",""cn"":""伊卜拉新3周年纪念动画"",""ty"":""动画"",""y"":2023,""pop"":0},{""t"":""ChroNoiR「深愛」MV"",""cn"":"""",""ty"":""动画"",""y"":2024,""pop"":0},{""t"":""にじさんじ Music MIX UP！！"",""cn"":"""",""ty"":""音乐"",""y"":2019,""pop"":0}]",叶（にじさんじゲーマーズ）とは、いちから株式会社が提供するアプリ「にじさんじ」の公式ライバーである。名前の読みは「かなえ」。 突然天使の如く舞い降りてきた超癒し系男子。そして猫のクッションを両手で抱っこしている。話し方もふわふわしている。学生のように見えるが普段何をしているかは不明。甘いボイスで、聞いているこちらの心が洗い流されるようなトークを繰り広げる。,19,0,0,19,,https://lain.bgm.tv/pic/crt/l/97/9b/66361_crt_hqAzN.jpg?r=1538049992,https://lain.bgm.tv/r/400/pic/crt/l/97/9b/66361_crt_hqAzN.jpg?r=1538049992,,,,,https://bgm.tv/character/66361,,66361
bgm-bgm11450,bangumi,7,7,,水羽楠叶,水羽楠葉,Kusuha Mizuha,,其他,O,,游戏,游戏,スーパーロボット大戦ORIGINAL GENERATION2,超级机器人大战OG2,2005,游戏,"[{""t"":""スーパーロボット大戦ORIGINAL GENERATION2"",""cn"":""超级机器人大战OG2"",""ty"":""游戏"",""y"":2005,""pop"":0},{""t"":""スーパーロボット大戦OG ORIGINAL GENERATIONS"",""cn"":""超级机器人大战OG 原创世纪合集"",""ty"":""游戏"",""y"":2007,""pop"":0},{""t"":""第2次スーパーロボット大戦OG"",""cn"":""第2次超级机器人大战OG"",""ty"":""游戏"",""y"":2012,""pop"":0},{""t"":""第3次スーパーロボット大戦α 終焉の銀河へ"",""cn"":""第3次超级机器人大战α 去往终焉的银河"",""ty"":""游戏"",""y"":2005,""pop"":0},{""t"":""スーパーロボット大戦α"",""cn"":""超级机器人大战α"",""ty"":""游戏"",""y"":2000,""pop"":0},{""t"":""スーパーロボット大戦ORIGINAL GENERATION"",""cn"":""超级机器人大战OG"",""ty"":""游戏"",""y"":2002,""pop"":0}]",ATXチームのメンバー。日本人。女性。18歳。7月7日生まれ。血液型はO型。階級は曹長→少尉。初出は『スーパーヒーロー作戦』のセーブキャラクターその2（イングラムの恋人1）。心優しくやや気弱なところがあるが、正義感が強く芯もしっかりしており、いざというときの行動力は周りを驚かせるほど。また、滅多に怒らないためひとたび感情を爆発させるとその気迫で相手を圧倒してしまうことも。 趣味は長風呂での読書で、3時間に渡ることもある。,18,0,0,18,,https://lain.bgm.tv/pic/crt/l/85/8c/11450_crt_nhhQf.jpg,https://lain.bgm.tv/r/400/pic/crt/l/85/8c/11450_crt_nhhQf.jpg,,,,,https://bgm.tv/character/11450,,11450
bgm-bgm9493,bangumi,7,7,,古代进,古代進,Derek Wildstar,,其他,,,动画,动画,宇宙戦艦ヤマト2199,宇宙战舰大和号2199,2013,动画,"[{""t"":""宇宙戦艦ヤマト2199"",""cn"":""宇宙战舰大和号2199"",""ty"":""动画"",""y"":2013,""pop"":0},{""t"":""宇宙戦艦ヤマト2199 第四章「銀河辺境の攻防」"",""cn"":""宇宙战舰大和号2199 第四章「银河边境的攻防」"",""ty"":""动画"",""y"":2013,""pop"":0},{""t"":""宇宙戦艦ヤマト2199 第三章「果てしなき航海」"",""cn"":""宇宙战舰大和号2199 第三章「无尽的航海」"",""ty"":""动画"",""y"":2012,""pop"":0},{""t"":""宇宙戦艦ヤマト2199 第七章「そして艦は行く」"",""cn"":""宇宙战舰大和号2199 第七章「战舰继续前进」"",""ty"":""动画"",""y"":2013,""pop"":0},{""t"":""宇宙戦艦ヤマト2199 第五章「望郷の銀河間空間」"",""cn"":""宇宙战舰大和号2199 第五章「望乡的银河间空间」"",""ty"":""动画"",""y"":2013,""pop"":0},{""t"":""宇宙戦艦ヤマト2199 第一章「遥かなる旅立ち」"",""cn"":""宇宙战舰大和号2199 第一章「踏上遥远的征途」"",""ty"":""动画"",""y"":2012,""pop"":0}]",2181年生まれ。『宇宙戦艦ヤマト』では戦闘班長、作品後半からは艦長代理も兼任。『さらば宇宙戦艦ヤマト 愛の戦士たち』では艦長の土方竜の死亡後、新艦長へ着任。『宇宙戦艦ヤマトIII』では艦長。 文庫版『宇宙戦艦ヤマト』での松本零士のコメントによれば、当初は『男おいどん』の大山昇太や『元祖大四畳半大物語』の足立太のような容貌になる予定だったが、スポンサーの「郷ひろみみたいにかっこよく」という要望で現在の外見になった。,17,0,0,17,,https://lain.bgm.tv/pic/crt/l/11/2e/9493_crt_85555.jpg?r=1605193467,https://lain.bgm.tv/r/400/pic/crt/l/11/2e/9493_crt_85555.jpg?r=1605193467,,,,,https://bgm.tv/character/9493,,9493
bgm-bgm54131,bangumi,7,7,,星川萤,星川ほたる,Hoshikawa Hotaru,,其他,O,,动画|漫画|游戏,动画,NEW GAME!!,,2017,动画,"[{""t"":""NEW GAME!!"",""cn"":"""",""ty"":""动画"",""y"":2017,""pop"":0},{""t"":""NEW GAME!"",""cn"":"""",""ty"":""漫画"",""y"":2014,""pop"":0},{""t"":""きららファンタジア"",""cn"":""闪耀幻想曲"",""ty"":""游戏"",""y"":2017,""pop"":0}]",,17,0,0,17,,https://lain.bgm.tv/pic/crt/l/91/8f/54131_crt_nz33s.jpg?r=1499740969,https://lain.bgm.tv/r/400/pic/crt/l/91/8f/54131_crt_nz33s.jpg?r=1499740969,https://storage.moegirl.org.cn/moegirl/commons/8/84/Hoshikawa_Hotaru.png,,图源:moegirl,,https://bgm.tv/character/54131,,54131
bgm-bgm8750,bangumi,7,7,,陆奥,陸奥,Mutsu,,其他,,,动画|漫画,动画,銀魂',银魂',2011,动画,"[{""t"":""銀魂'"",""cn"":""银魂'"",""ty"":""动画"",""y"":2011,""pop"":0},{""t"":""銀魂"",""cn"":""银魂"",""ty"":""动画"",""y"":2006,""pop"":0},{""t"":""銀魂°"",""cn"":""银魂°"",""ty"":""动画"",""y"":2015,""pop"":0},{""t"":""銀魂"",""cn"":""银魂"",""ty"":""漫画"",""y"":2004,""pop"":0},{""t"":""劇場版 銀魂 新訳紅桜篇"",""cn"":""银魂剧场版 新译红樱篇"",""ty"":""动画"",""y"":2010,""pop"":0},{""t"":""銀魂."",""cn"":""银魂."",""ty"":""动画"",""y"":2017,""pop"":0}]",坂本をサポートする快援隊のクールな副官。,17,0,0,17,,https://lain.bgm.tv/pic/crt/l/9a/4d/8750_crt_gW9OW.jpg,https://lain.bgm.tv/r/400/pic/crt/l/9a/4d/8750_crt_gW9OW.jpg,,,,,https://bgm.tv/character/8750,,8750
al86129,anilist,7,7,,小野寺菜菜子,小野寺菜々子,Nanako Onodera,,女,,,动画|漫画,动画,ニセコイ,伪恋,2014,动画,"[{""t"":""ニセコイ"",""cn"":""伪恋"",""ty"":""动画"",""y"":2014,""pop"":268300},{""t"":""ニセコイ"",""cn"":""伪恋"",""ty"":""漫画"",""y"":2011,""pop"":56560}]",小野寺小咲及春的母亲，个性强势、好胜。,14,14,0,7,,https://lain.bgm.tv/pic/crt/l/8c/96/31942_crt_ifDqW.jpg,https://lain.bgm.tv/r/400/pic/crt/l/8c/96/31942_crt_ifDqW.jpg,https://s4.anilist.co/file/anilistcdn/character/medium/b86129-3FCJ9wntG4KJ.png|https://s4.anilist.co/file/anilistcdn/character/large/b86129-3FCJ9wntG4KJ.png,,,https://anilist.co/character/86129,https://bgm.tv/character/31942,,31942
bgm-bgm186319,bangumi,7,7,,笹叶更纱,笹葉更紗,,,其他,,,漫画,漫画,僕らは『読み』を間違える,我们在「解读」上犯了错误,2022,漫画,,優真と同じクラスで、飄々とした態度からちょっと浮いている氷の美少女。 実はただ人付き合いが苦手なだけ。,13,0,0,13,,https://lain.bgm.tv/pic/crt/l/11/3a/186319_crt_NN221.jpg,https://lain.bgm.tv/r/400/pic/crt/l/11/3a/186319_crt_NN221.jpg,,,,,https://bgm.tv/character/186319,,186319
bgm-bgm172701,bangumi,7,7,,鬼子母神一华,鬼子母神一華,,,其他,,,动画|漫画,漫画,BLACK TORCH,暗黑灯火,2017,漫画,"[{""t"":""BLACK TORCH"",""cn"":""暗黑灯火"",""ty"":""漫画"",""y"":2017,""pop"":0},{""t"":""BLACK TORCH"",""cn"":""暗黑灯火"",""ty"":""动画"",""y"":2026,""pop"":0}]",隶属公仪隐密局「暗黑灯火」的女性队员。 隐密名门鬼子母神家的独生女，自幼就受到严格的训练长大。为了成为一流的隐密，她努力不懈，真挚地面对任务。对物怪抱有强烈的敌意，面对与罗睺一起行动的弍郎也很不留情。 好胜、认真，有很强的正义感和责任感。 [简介原文] 公儀隠密局《黒の灯火（ブラックトーチ）》所属の女性隊員。 隠密の名家・鬼子母神家の一人娘で、幼少期から厳しい訓練を受けて育つ。 一流の隠密を目指し、任務に真摯に向き合う努力家。,13,0,0,13,,https://lain.bgm.tv/pic/crt/l/82/99/172701_crt_Ig0Vy.jpg?r=1766299048,https://lain.bgm.tv/r/400/pic/crt/l/82/99/172701_crt_Ig0Vy.jpg?r=1766299048,,,,,https://bgm.tv/character/172701,,172701
bgm-bgm61083,bangumi,7,7,,香织,カオリ,Kiyan Kaori,喜屋武香织 / 狗，狗拳,其他,A,,动画|游戏,游戏,プリンセスコネクト！Re:Dive,公主连结 Re:Dive,2018,游戏,"[{""t"":""プリンセスコネクト！Re:Dive"",""cn"":""公主连结 Re:Dive"",""ty"":""游戏"",""y"":2018,""pop"":0},{""t"":""プリンセスコネクト！"",""cn"":""公主连结"",""ty"":""游戏"",""y"":2015,""pop"":0},{""t"":""プリンセスコネクト！Re:Dive Season 2"",""cn"":""公主连结 Re:Dive 第二季"",""ty"":""动画"",""y"":2022,""pop"":0}]",ハイターイ！ これからよろしく！ 私と一緒に歌って踊るさ～！ 琉球語と日に焼けた肌が特徴の元気な犬系獣人族の女の子。 【自警団(カォン)】のギルドメンバーの中でもかなりの軽装で露出度が高く、抜群のプロポーションを誇る。更にR指定のかかる部位が見られても恥ずかしいと感じず、必要あらば主人公の前でも平気で服を脱ごうとする。 踊りが趣味でギルドハウスでも踊っている。 また、天然かつお気楽でマイペース。,12,0,0,12,,https://lain.bgm.tv/pic/crt/l/ca/53/61083_crt_68OP6.jpg?r=1692036448,https://lain.bgm.tv/r/400/pic/crt/l/ca/53/61083_crt_68OP6.jpg?r=1692036448,,,,,https://bgm.tv/character/61083,,61083
bgm-bgm16324,bangumi,7,7,,东云楚方,東雲楚方,,,其他,,,动画,动画,AKB0048 next stage,,2013,动画,"[{""t"":""AKB0048 next stage"",""cn"":"""",""ty"":""动画"",""y"":2013,""pop"":0},{""t"":""AKB0048"",""cn"":"""",""ty"":""动画"",""y"":2012,""pop"":0}]",,11,0,0,11,,https://lain.bgm.tv/pic/crt/l/49/21/16324_crt_dKQ6q.jpg,https://lain.bgm.tv/r/400/pic/crt/l/49/21/16324_crt_dKQ6q.jpg,,,,,https://bgm.tv/character/16324,,16324
bgm-bgm54355,bangumi,7,7,,夏拉,シャラ,,,其他,,,动画|漫画,动画,将国のアルタイル,将国之天鹰星,2017,动画,"[{""t"":""将国のアルタイル"",""cn"":""将国之天鹰星"",""ty"":""动画"",""y"":2017,""pop"":0},{""t"":""将国のアルタイル"",""cn"":""将国之天鹰星"",""ty"":""漫画"",""y"":2008,""pop"":0}]",トルキエの首都「金色の町(アルトゥン)」で一番人気の踊り子。マフムートとイブラヒムは共通の友人。その美しさとはうらはらに大胆な行動力をもつ。,11,0,0,11,,https://lain.bgm.tv/pic/crt/l/36/2b/54355_crt_yGNyG.jpg?r=1649809088,https://lain.bgm.tv/r/400/pic/crt/l/36/2b/54355_crt_yGNyG.jpg?r=1649809088,,,,,https://bgm.tv/character/54355,,54355
bgm-bgm39593,bangumi,7,7,,天野望,天野望,Amano Nozomi,,其他,O,,动画|游戏,游戏,バトルガール ハイスクール,战斗女子学园,2015,游戏,"[{""t"":""バトルガール ハイスクール"",""cn"":""战斗女子学园"",""ty"":""游戏"",""y"":2015,""pop"":0},{""t"":""バトルガール ハイスクール"",""cn"":""战斗女子高校"",""ty"":""动画"",""y"":2017,""pop"":0}]",自分のことをめんどくさがり屋といっているが、後輩のめんどう見がよく信頼は厚い。 母親は自分の店を持つデザイナーで、彼女も将来はデザイナーになるのが夢。 ファッションには敏感で、最先端の格好でゆりを驚かせることもしばしば。,10,0,0,10,,https://lain.bgm.tv/pic/crt/l/00/7e/39593_crt_LXwFX.jpg,https://lain.bgm.tv/r/400/pic/crt/l/00/7e/39593_crt_LXwFX.jpg,https://storage.moegirl.org.cn/moegirl/commons/f/f1/04_02_nozomi.jpg,,图源:moegirl,,https://bgm.tv/character/39593,,39593
al160348,anilist,7,7,,德拉姆,ダラム,Durham,,男,B,17-,动画|漫画,动画,BEASTARS,动物狂想曲,2019,动画,"[{""t"":""BEASTARS"",""cn"":""动物狂想曲"",""ty"":""动画"",""y"":2019,""pop"":258427},{""t"":""BEASTARS 第2期"",""cn"":""动物狂想曲 第二季"",""ty"":""动画"",""y"":2021,""pop"":140408},{""t"":""BEASTARS"",""cn"":""动物狂想曲"",""ty"":""漫画"",""y"":2016,""pop"":48902},{""t"":""BEASTARS FINAL SEASON Part 1"",""cn"":""动物狂想曲 最终季 第一部分"",""ty"":""动画"",""y"":2024,""pop"":42167},{""t"":""BEASTARS FINAL SEASON Part 2"",""cn"":""动物狂想曲 最终季 第二部分"",""ty"":""动画"",""y"":2026,""pop"":19747}]",草原狼。,10,10,0,0,,https://lain.bgm.tv/pic/crt/l/1c/65/71205_crt_rp62V.jpg,https://lain.bgm.tv/r/400/pic/crt/l/1c/65/71205_crt_rp62V.jpg,https://s4.anilist.co/file/anilistcdn/character/medium/b160348-NNKVUO8l7vn0.png|https://s4.anilist.co/file/anilistcdn/character/large/b160348-NNKVUO8l7vn0.png,,,https://anilist.co/character/160348,https://bgm.tv/character/71205,,71205
bgm-bgm1405,bangumi,7,7,,秋本丽子,秋本・カトリーヌ・麗子,,,其他,O,,动画|漫画,动画,こちら葛飾区亀有公園前派出所,乌龙派出所,1996,动画,"[{""t"":""こちら葛飾区亀有公園前派出所"",""cn"":""乌龙派出所"",""ty"":""动画"",""y"":1996,""pop"":0},{""t"":""こちら葛飾区亀有公園前派出所～THE FINAL 両津勘吉最後の日～"",""cn"":""乌龙派出所 THE FINAL 两津勘吉最后的一天"",""ty"":""动画"",""y"":2016,""pop"":0},{""t"":""こちら葛饰区亀有公园前派出所"",""cn"":""乌龙派出所"",""ty"":""其他"",""y"":2009,""pop"":0},{""t"":""こちら葛飾区亀有公園前派出所"",""cn"":""乌龙派出所"",""ty"":""漫画"",""y"":1977,""pop"":0},{""t"":""こちら葛飾区亀有公園前派出所 THE MOVIE"",""cn"":""乌龙派出所 剧场版：史上最恶爆弹大作战"",""ty"":""动画"",""y"":1999,""pop"":0},{""t"":""こちら葛飾区亀有公園前派出所 THE MOVIE2 UFO襲来! トルネード大作戦!!"",""cn"":""乌龙派出所 剧场版2：UFO来袭！飞龙丸号大作战"",""ty"":""动画"",""y"":2003,""pop"":0}]",莫大な資産を持つ起業家の令嬢で、才色兼備かつ面倒見のよい女性警察官。 両津にも物怖じしない気の強さで、署内でも人気の存在。,9,0,0,9,,https://lain.bgm.tv/pic/crt/l/ff/61/1405_crt_DFjAl.jpg,https://lain.bgm.tv/r/400/pic/crt/l/ff/61/1405_crt_DFjAl.jpg,,,,,https://bgm.tv/character/1405,,1405
bgm-bgm22872,bangumi,7,7,,藁园文花,藁園文花,,,其他,,,动画,动画,こえでおしごと! The ANIMATION,声优初体验！,2010,动画,,Production游戏制作公司所属的专业声优，为女大学生，主要作为糟糕游戏的声优而活跃着。 本人性格比较文静，演技出类拔萃。作为公司的前辈给了柑奈很多指导。其实本人表示比起糟糕游戏的声优更想要加入动画界成为一名动画声优。别看她有着出色的演技，竟然和柑奈一样是没有恋爱经验的人，本人对此也是相当的苦恼。,9,0,0,9,,https://lain.bgm.tv/pic/crt/l/17/13/22872_crt_eSLPj.jpg?r=1571387265,https://lain.bgm.tv/r/400/pic/crt/l/17/13/22872_crt_eSLPj.jpg?r=1571387265,,,,,https://bgm.tv/character/22872,,22872
bgm-bgm72303,bangumi,7,7,,,送葬人,Executor,,其他,,,动画|漫画|游戏,动画,U探泰拉,,2025,动画,"[{""t"":""U探泰拉"",""cn"":"""",""ty"":""动画"",""y"":2025,""pop"":0},{""t"":""明日方舟"",""cn"":""明日方舟"",""ty"":""游戏"",""y"":2019,""pop"":0},{""t"":""序言组曲：无拘奏音"",""cn"":""序言组曲：无拘奏音"",""ty"":""漫画"",""y"":2025,""pop"":0}]",送葬人，拉特兰公民，拉特兰公证所法定专业执行者，适用于拉特兰一至十三项公民权益，通晓多种语言与法律框架。 现依合约服务于罗德岛，执行拉特兰公民权益相关任务。,9,0,0,9,,https://lain.bgm.tv/pic/crt/l/ee/fa/72303_crt_CthCC.jpg?r=1584949611,https://lain.bgm.tv/r/400/pic/crt/l/ee/fa/72303_crt_CthCC.jpg?r=1584949611,https://storage.moegirl.org.cn/moegirl/commons/a/a2/%E9%80%81%E8%91%AC%E4%BA%BA1.jpeg!/fw/480/watermark/url/L21vZWdpcmwvd2F0ZXJtYXJrLnBuZw==/align/southeast/margin/10x10/opacity/50?v=20200218131259|https://storage.moegirl.org.cn/moegirl/commons/a/a2/%E9%80%81%E8%91%AC%E4%BA%BA1.jpeg,,图源:moegirl,,https://bgm.tv/character/72303,,72303
bgm-bgm78732,bangumi,7,7,,贝奇,贝奇,USS Bache/Bache,贝奇号驱逐舰 / Bitch/野菜,其他,,,游戏,游戏,碧蓝航线,碧蓝航线,2017,游戏,,哼哼，我是弗莱彻级驱逐舰里最帅的贝奇！无论是苏里高的炮火还是冲绳的飞机都无所畏惧！最后在太阳神雕像废墟旁看着美丽的爱琴海度过的日子，是别的驱逐舰不会有的完美的待遇呢，哈哈哈！,9,0,0,9,,https://lain.bgm.tv/pic/crt/l/e3/03/78732_crt_9vNfP.jpg?r=1596395876,https://lain.bgm.tv/r/400/pic/crt/l/e3/03/78732_crt_9vNfP.jpg?r=1596395876,,,,,https://bgm.tv/character/78732,,78732
bgm-bgm149254,bangumi,7,7,,,神矢ツナギ,,,其他,A,,Galgame,Galgame,終わらない季節の真ん中で,永夏之恋,2022,Galgame,,,8,0,0,8,,https://lain.bgm.tv/pic/crt/l/ca/63/149254_crt_5SaG0.jpg,https://lain.bgm.tv/r/400/pic/crt/l/ca/63/149254_crt_5SaG0.jpg,,,,,https://bgm.tv/character/149254,,149254
bgm-bgm31672,bangumi,7,7,,修☆造,シュウ☆ゾー,,,其他,,,动画,动画,SHOW BY ROCK!!,SHOW BY ROCK!!,2015,动画,"[{""t"":""SHOW BY ROCK!!"",""cn"":""SHOW BY ROCK!!"",""ty"":""动画"",""y"":2015,""pop"":0},{""t"":""SHOW BY ROCK!! STARS!!"",""cn"":""SHOW BY ROCK!! STARS!!"",""ty"":""动画"",""y"":2021,""pop"":0},{""t"":""SHOW BY ROCK!!#"",""cn"":""SHOW BY ROCK!! 第二季"",""ty"":""动画"",""y"":2016,""pop"":0},{""t"":""SHOW BY ROCK!! しょ～と!!"",""cn"":""SHOW BY ROCK!! SHORT!!"",""ty"":""动画"",""y"":2016,""pop"":0}]",好きなもの：夢銀河ツーリスト達がもっともプレシャスさっ☆ 嫌いなもの、苦手なもの：昔の事を聞いてくるヒトはちょっとだけ苦手かなっ☆ ギター、ボーカル担当。 大手アイドルレーベル「ジューダス」のNo1タレント。 甘いボイスと銀河の王子様のようなルックスで、ファンの心を掴んで離さない。,8,0,0,8,,https://lain.bgm.tv/pic/crt/l/ce/1c/31672_crt_H1bQZ.jpg?r=1480483542,https://lain.bgm.tv/r/400/pic/crt/l/ce/1c/31672_crt_H1bQZ.jpg?r=1480483542,,,,,https://bgm.tv/character/31672,,31672
bgm-bgm204564,bangumi,7,7,,森田水织,森田水織,,,其他,AB,,动画|漫画,动画,一畳間まんきつ暮らし！,一叠间漫画咖啡屋生活！,2026,动画,"[{""t"":""一畳間まんきつ暮らし！"",""cn"":""一叠间漫画咖啡屋生活！"",""ty"":""动画"",""y"":2026,""pop"":0},{""t"":""一畳間まんきつ暮らし！"",""cn"":""一叠间漫画咖啡屋生活！"",""ty"":""漫画"",""y"":2019,""pop"":0}]",芽衣子の妹。次女で中学生。 本人はしっかり者だが、純粋でおっとりした姉の上京を心配している。 女子プロレスラー・タンク樫木の大ファンで、プロレス観戦に夢中。,8,0,0,8,,https://lain.bgm.tv/pic/crt/l/46/6f/204564_crt_3TikT.jpg,https://lain.bgm.tv/r/400/pic/crt/l/46/6f/204564_crt_3TikT.jpg,,,,,https://bgm.tv/character/204564,,204564
bgm-bgm17280,bangumi,7,7,,桐岛七葵,桐島七葵,Kirishima Nanaki,なーき,其他,A,,Galgame,Galgame,死神と少女,死神与少女,2011,Galgame,,劍道部に所属している一学年上の青年。 生真面目な性格で仏頂面な為か近寄りがたい雰囲気がある。 幼い頃より、人には言えない秘密を持っている。 隶属剑道部，年长一届的青年。 严谨认真，一本正经的态度和绷起的脸，会让人有种不敢接近的感觉。从小就有着没有办法向人倾诉的秘密。不过大多数时候吐槽会吐的很漂亮。 PS：便当做的非常好吃。,8,0,0,8,,https://lain.bgm.tv/pic/crt/l/f8/06/17280_crt_wKM1K.jpg,https://lain.bgm.tv/r/400/pic/crt/l/f8/06/17280_crt_wKM1K.jpg,,,,,https://bgm.tv/character/17280,,17280
bgm-bgm24448,bangumi,7,7,,夏树未来,夏樹みくる,Mikuru Natsuki,夏树实久留,其他,O,,动画,动画,アイカツ! 10th STORY ～未来へのSTARWAY～,偶像活动 10th STORY ～通往未来的STARWAY～,2023,动画,"[{""t"":""アイカツ! 10th STORY ～未来へのSTARWAY～"",""cn"":""偶像活动 10th STORY ～通往未来的STARWAY～"",""ty"":""动画"",""y"":2023,""pop"":0},{""t"":""劇場版 アイカツ!"",""cn"":""剧场版 偶像活动"",""ty"":""动画"",""y"":2014,""pop"":0},{""t"":""アイカツ!～ねらわれた魔法のアイカツ!カ―ド～"",""cn"":""偶像活动 ~被盯上的魔法偶活卡~"",""ty"":""动画"",""y"":2016,""pop"":0},{""t"":""アイカツ!2年目"",""cn"":""偶像活动 第二年"",""ty"":""动画"",""y"":2013,""pop"":0},{""t"":""アイカツ!4年目"",""cn"":""偶像活动 第四年"",""ty"":""动画"",""y"":2015,""pop"":0},{""t"":""アイカツ!3年目"",""cn"":""偶像活动 第三年"",""ty"":""动画"",""y"":2014,""pop"":0}]",神崎美月のユニット「ダブルエム（WM）」のパートナー。ピンクのメッシュが入り、左に水色の星型と右に黄色いハート型のアクセを付けたミルキーブラウンのツーサイドアップの髪が特徴で、ガーテニングショップで働いているときはポニーテール、レッスン時はツインフィッシュボーンなどよく髪型を変えている。瞳の色は赤紫色。ポップタイプ。イメージカラーはパッションピンク。美月と同い年。 7月7日生まれ、かに座のO型。身長は163cm。口癖は「マジで」。一人称は「わたし」、または「みくる」。,8,0,0,8,,https://lain.bgm.tv/pic/crt/l/46/f3/24448_crt_wV2z7.jpg?r=1438327453,https://lain.bgm.tv/r/400/pic/crt/l/46/f3/24448_crt_wV2z7.jpg?r=1438327453,,,,,https://bgm.tv/character/24448,,24448
bgm-bgm67828,bangumi,7,7,,,カルロ・ピノ,,カルロ・ピノ（アイドル部） / ピノ様,其他,,,动画,动画,バーチャルさんはみている,虚拟小姐在看着你,2019,动画,,カルロ・ピノとは、.LIVE (アップランド)所属のバーチャルYouTuberである。 馬Pことばあちゃるがプロデューサーを務める、電脳少女シロの後輩となるアイドル部のメンバーの一人。 年齢は14歳。アイドル部の中では一人だけ中等部に通っており、他のメンバーのことは「～～お姉ちゃん」と呼んでいる。7月7日生まれのかに座。彼女の虜になった虫さんたちからは「ピノ様」と呼ばれている。ばあちゃるは「ピーピー」と呼んでいるが、そう呼ぶ者は他にほぼ居ない。,7,0,0,7,,https://lain.bgm.tv/pic/crt/l/bc/db/67828_crt_IbsKS.jpg,https://lain.bgm.tv/r/400/pic/crt/l/bc/db/67828_crt_IbsKS.jpg,,,,,https://bgm.tv/character/67828,,67828
bgm-bgm208372,bangumi,7,7,,,诀,Arcane,李织烟,其他,,,漫画|游戏,游戏,明日方舟：终末地,明日方舟：终末地,2026,游戏,"[{""t"":""明日方舟：终末地"",""cn"":""明日方舟：终末地"",""ty"":""游戏"",""y"":2026,""pop"":0},{""t"":""溯始先声：孤芳"",""cn"":""终末地溯始先声：孤芳"",""ty"":""漫画"",""y"":"""",""pop"":0}]",“定不辱应龙之名。” 应龙特勤队行动队长，诀。长期驻守应龙关，多次执行高危险的禁区勘测任务。为人严肃认真，不苟言笑。 北部禁区的灾难夺走了诀的一切，从那以后，她便只为一个目标而活——遏制武陵甚大裂隙。她一次次地深入那里，仇恨推着她一步步迈入深渊，又支撑着她从绝境中幸存。 你能在诀的身上看到一名应龙特勤队员应有的全部品质，对命令的绝对服从、卓越的战术指挥、不分昼夜的刻苦训练，以及百折不挠的信念。,7,0,0,7,,https://lain.bgm.tv/pic/crt/l/a9/31/208372_crt_MYz8t.jpg,https://lain.bgm.tv/r/400/pic/crt/l/a9/31/208372_crt_MYz8t.jpg,https://storage.moegirl.org.cn/moegirl/commons/a/a5/%E7%BB%88%E6%9C%AB%E5%9C%B0%E7%AB%8B%E7%BB%98_%E8%AF%80.png!/fw/480/watermark/url/L21vZWdpcmwvd2F0ZXJtYXJrLnBuZw==/align/southeast/margin/10x10/opacity/50?v=20260710130346|https://storage.moegirl.org.cn/moegirl/commons/a/a5/%E7%BB%88%E6%9C%AB%E5%9C%B0%E7%AB%8B%E7%BB%98_%E8%AF%80.png,,图源:moegirl,,https://bgm.tv/character/208372,,208372
bgm-bgm115851,bangumi,7,7,,河和静子,河和シズコ,Kawawa Shizuko,老板娘,其他,,,Galgame,Galgame,ブルーアーカイブ -Blue Archive-,蔚蓝档案,2021,Galgame,,百鬼夜行学园节庆营运管理部的部长。 同时也是百鬼夜行的传统茶室<百夜堂>的吉祥物。 虽然平常装作一副冒冒失失的样子，但那只不过是走红偶像装出来的风格。 实际上她装乖的功力是职业级的。只要能让庆典成功提高百夜堂的营收，她什么事都能完成。 但却因为她感情表现太直率，别说亲近的好朋友，连老师都能看穿她。,7,0,0,7,,https://lain.bgm.tv/pic/crt/l/a5/1d/115851_crt_4Bc7D.jpg,https://lain.bgm.tv/r/400/pic/crt/l/a5/1d/115851_crt_4Bc7D.jpg,https://static.wikia.nocookie.net/blue-archive/images/6/63/Shizuko_Portrait.png/revision/latest/scale-to-width-down/272?cb=20220209171413|https://static.wikia.nocookie.net/blue-archive/images/6/63/Shizuko_Portrait.png/revision/latest?cb=20220209171413,,图源:fandom:bluearchive,,https://bgm.tv/character/115851,,115851
bgm-bgm74462,bangumi,7,7,,白鸟小鸟,白鳥ことり,Shiratori Kotori,,其他,,,动画|漫画,动画,大正オトメ御伽話,大正处女御伽话,2021,动画,"[{""t"":""大正オトメ御伽話"",""cn"":""大正处女御伽话"",""ty"":""动画"",""y"":2021,""pop"":0},{""t"":""大正処女御伽話"",""cn"":""大正处女御伽话"",""ty"":""漫画"",""y"":2016,""pop"":0}]",老若男女問わず日本中が夢中の大人気歌姫。京都出身で幼少時代を外国で過ごした。ピアノ、ギター、ヴァイオリンなど様々な楽器を弾きこなす。 明治三十八年七月七日生マレ。,7,0,0,7,,https://lain.bgm.tv/pic/crt/l/62/8a/74462_crt_bNbC7.jpg,https://lain.bgm.tv/r/400/pic/crt/l/62/8a/74462_crt_bNbC7.jpg,,,,,https://bgm.tv/character/74462,,74462
bgm-bgm108277,bangumi,7,7,,兔冢七海,兎塚七海,Totsuka Nanami,,其他,B,,动画|Galgame,Galgame,シャインポスト Be Your アイドル！,,2025,Galgame,"[{""t"":""シャインポスト Be Your アイドル！"",""cn"":"""",""ty"":""Galgame"",""y"":2025,""pop"":0},{""t"":""SHINE POST"",""cn"":""闪耀路标"",""ty"":""动画"",""y"":2022,""pop"":0}]",TINGSも所属するブライテストの看板アイドル『ＦＦＦ(フライ)』のリーダー。中性的な顔立とその明るいキャラクターから絶大な人気を誇る。,7,0,0,7,,https://lain.bgm.tv/pic/crt/l/c1/d0/108277_crt_77WDz.jpg?r=1743715390,https://lain.bgm.tv/r/400/pic/crt/l/c1/d0/108277_crt_77WDz.jpg?r=1743715390,,,,,https://bgm.tv/character/108277,,108277
bgm-bgm126811,bangumi,7,7,,浅宫七濑,浅宮七瀬,Asamiya Nanase,,其他,,,动画|漫画,动画,ライアー・ライアー,谎言游戏,2023,动画,"[{""t"":""ライアー・ライアー"",""cn"":""谎言游戏"",""ty"":""动画"",""y"":2023,""pop"":0},{""t"":""ライアー・ライアー"",""cn"":""Liar·Liar"",""ty"":""漫画"",""y"":2019,""pop"":0},{""t"":""ライアー・ライアー"",""cn"":""LIAR·LIAR"",""ty"":""漫画"",""y"":2020,""pop"":0}]",四番区英明学園所属。高校三年生。 等級（ランク）：6ツ星。 幼馴染みの進司と並び、英明学園を代表する6ツ星プレイヤー。 ファッション誌でモデルをしていた過去を持ち、当然ながらスタイルは抜群。白雪を含め後輩女子から羨望の眼差しを集めている。 進司とのバカップルな掛け合いにもご注目,6,0,0,6,,,,,,,,https://bgm.tv/character/126811,,126811
bgm-bgm110286,bangumi,7,7,,二见瞬,二見瞬,Futami Shun,,其他,,,动画|漫画,动画,クールドジ男子,呆萌酷男孩,2022,动画,"[{""t"":""クールドジ男子"",""cn"":""呆萌酷男孩"",""ty"":""动画"",""y"":2022,""pop"":0},{""t"":""クールドジ男子"",""cn"":""又酷又有点冒失的男孩子们"",""ty"":""漫画"",""y"":2019,""pop"":0},{""t"":""ぷちクールドジ男子のひとコマ"",""cn"":""小小呆萌酷男孩的一格"",""ty"":""动画"",""y"":2023,""pop"":0},{""t"":""クールドジ男子"",""cn"":""呆萌酷男孩"",""ty"":""其他"",""y"":2023,""pop"":0}]",高校2年生、17歳。ハンドボール部に所属しており体力作りは欠かさない。ドジを指摘されても「あえてだから」と認めない“強がりストイックタイプ”。見た目はクールだが素直な性格で、そのギャップから「かわいい」と言われることも多いが本人にとっては地雷。,6,0,0,6,,,,,,,,https://bgm.tv/character/110286,,110286
bgm-bgm3745,bangumi,7,7,,风祭玲奈,風祭りんな,Kazamatsuri Rin`na,,其他,B,,动画,动画,宇宙のステルヴィア,宇宙星路,2003,动画,,地球から最も遠いファウンデーション「ウルティマ」から飛び級でやってきた転校生。幼い頃から宇宙が遊び場でもあったため英才教育に等しい環境で育ち、超絶的な飛行技能を見せ付ける才能の持ち主。競技会で圧倒的な才能を見せた片瀬志麻をライバルに足る存在と見なし、そのためステルヴィアにやって来た。りんなにとって志麻は良き友人であり最大のライバルであり目標である。,6,0,0,6,,,,,,,,https://bgm.tv/character/3745,,3745
bgm-bgm59610,bangumi,7,7,,琪拉拉,きらら,Kirara,奇拉拉,其他,,,游戏,游戏,きららファンタジア,闪耀幻想曲,2017,游戏,,「きららファンタジア」の主人公。 両親がおらず、辺境の村で周囲の人々に育ててもらってきた少女。 幼いころから「人と人のつながり」を感じ取ることができる不思議な力を持っており、 ランプ、マッチとの出会いを経て、伝説の召喚魔法「コール」を使う能力に目覚めた伝説の召喚士。,6,0,0,6,,https://lain.bgm.tv/pic/crt/l/3f/77/59610_crt_J4ZkK.jpg?r=1541466524,https://lain.bgm.tv/r/400/pic/crt/l/3f/77/59610_crt_J4ZkK.jpg?r=1541466524,,,,,https://bgm.tv/character/59610,,59610
bgm-bgm36215,bangumi,7,7,,桃井小豆,桃井あずき,Momoi Azuki,,其他,A,,动画|游戏,游戏,アイドルマスター シンデレラガールズ スターライトステージ,偶像大师 灰姑娘女孩 星光舞台,2015,游戏,"[{""t"":""アイドルマスター シンデレラガールズ スターライトステージ"",""cn"":""偶像大师 灰姑娘女孩 星光舞台"",""ty"":""游戏"",""y"":2015,""pop"":0},{""t"":""アイドルマスター シンデレラガールズ 2ndシーズン"",""cn"":""偶像大师 灰姑娘女孩 第二季"",""ty"":""动画"",""y"":2015,""pop"":0},{""t"":""アイドルマスター シンデレラガールズ"",""cn"":""偶像大师 灰姑娘女孩"",""ty"":""游戏"",""y"":2011,""pop"":0},{""t"":""アイドルマスター シンデレラガールズ劇場 第3期"",""cn"":""偶像大师 灰姑娘女孩剧场 第三季"",""ty"":""动画"",""y"":2018,""pop"":0}]",游戏初期就出现的Rare偶像。由于老家是开和服店，所以喜欢穿着和服。从最开始的浴衣迷你裙开始，一般以流行x和风的风格登场。 喜欢将所有的行动命名为作战，连卡片的技能以及卡片别称大多都是以XX大作战的形式命名。 对自己不符合年龄的色气体型非常自信，经常穿着露肩和露锁骨的服装，但实际身高只有1米45。,6,0,0,6,,https://lain.bgm.tv/pic/crt/l/c6/55/36215_crt_177f7.jpg,https://lain.bgm.tv/r/400/pic/crt/l/c6/55/36215_crt_177f7.jpg,https://storage.moegirl.org.cn/moegirl/commons/e/e4/%E3%83%81%E3%83%A3%E3%82%A4%E3%83%8A%E5%A4%A7%E4%BD%9C%E6%88%A6_%E6%A1%83%E4%BA%95%E3%81%82%E3%81%9A%E3%81%8D.jpg!/fw/480/watermark/url/L21vZWdpcmwvd2F0ZXJtYXJrLnBuZw==/align/southeast/margin/10x10/opacity/50?v=20180920182416|https://storage.moegirl.org.cn/moegirl/commons/e/e4/%E3%83%81%E3%83%A3%E3%82%A4%E3%83%8A%E5%A4%A7%E4%BD%9C%E6%88%A6_%E6%A1%83%E4%BA%95%E3%81%82%E3%81%9A%E3%81%8D.jpg,,图源:moegirl,,https://bgm.tv/character/36215,,36215
bgm-bgm44700,bangumi,7,7,,,六咲コニー,Rokusaki Koni,,其他,O,,动画|游戏,游戏,Tokyo 7th シスターズ,东京七姐妹,2014,游戏,"[{""t"":""Tokyo 7th シスターズ"",""cn"":""东京七姐妹"",""ty"":""游戏"",""y"":2014,""pop"":0},{""t"":""Tokyo 7th シスターズ -僕らは青空になる-"",""cn"":""东京七姐妹 我们化作青空"",""ty"":""动画"",""y"":2021,""pop"":0},{""t"":""t7s Longing for summer Again And Again ～ハルカゼ～"",""cn"":"""",""ty"":""动画"",""y"":2017,""pop"":0}]",ある日突然、初代支配人からマネージャーとして紹介された自称「敏腕ジャーマネ」の女の子。いつも超絶高テンションだが、思いやりに溢れ、ナナスタのシスターズ候補生たちの良き相談役。でもやっぱりトラブルメーカー。何か重大な秘密があるようだが…？,6,0,0,6,,https://lain.bgm.tv/pic/crt/l/ab/c7/44700_crt_p4ZN3.jpg?r=1471766831,https://lain.bgm.tv/r/400/pic/crt/l/ab/c7/44700_crt_p4ZN3.jpg?r=1471766831,,,,,https://bgm.tv/character/44700,,44700
bgm-bgm7354,bangumi,7,7,,赤丸,赤丸,Akamaru,,其他,,,动画|漫画,动画,NARUTO -ナルト- 疾風伝,火影忍者疾风传,2007,动画,"[{""t"":""NARUTO -ナルト- 疾風伝"",""cn"":""火影忍者疾风传"",""ty"":""动画"",""y"":2007,""pop"":0},{""t"":""NARUTO -ナルト-"",""cn"":""火影忍者"",""ty"":""动画"",""y"":2002,""pop"":0},{""t"":""NARUTO -ナルト-"",""cn"":""火影忍者"",""ty"":""漫画"",""y"":2000,""pop"":0},{""t"":""劇場版 NARUTO -ナルト- 疾風伝 火の意志を継ぐ者"",""cn"":""火影忍者疾风传 剧场版 火之意志的继承者"",""ty"":""动画"",""y"":2009,""pop"":0}]",,5,0,0,5,,,,,,,,https://bgm.tv/character/7354,,7354
bgm-bgm63795,bangumi,7,7,,藤森水都,藤森水都,Fujimori Mito,,其他,A,,动画|漫画|游戏,游戏,結城友奈は勇者である 花結いのきらめき,结城友奈是勇者 花结的闪光,2017,游戏,"[{""t"":""結城友奈は勇者である 花結いのきらめき"",""cn"":""结城友奈是勇者 花结的闪光"",""ty"":""游戏"",""y"":2017,""pop"":0},{""t"":""乃木若葉は勇者である"",""cn"":""乃木若叶是勇者"",""ty"":""漫画"",""y"":2016,""pop"":0},{""t"":""結城友奈は勇者である ちゅるっと！"",""cn"":""结城友奈是勇者 啾噜！"",""ty"":""动画"",""y"":2021,""pop"":0}]",神の声を聞く、巫女の力に目覚めた少女。神託を受け勇者である歌野を支える。明るい歌野とは正反対に近い性格で、ややネガティブ。,5,0,0,5,,https://lain.bgm.tv/pic/crt/l/03/c9/63795_crt_2PmMs.jpg?r=1528282307,https://lain.bgm.tv/r/400/pic/crt/l/03/c9/63795_crt_2PmMs.jpg?r=1528282307,https://storage.moegirl.org.cn/moegirl/commons/7/7b/%E8%97%A4%E6%A3%AE%E6%B0%B4%E9%83%BD.png,,图源:moegirl,,https://bgm.tv/character/63795,,63795
bgm-bgm13631,bangumi,7,7,,哈鲁·葛罗利,ハル・グローリー,Haru Glory,,其他,B,,动画|漫画,漫画,RAVE,圣石小子,1999,漫画,"[{""t"":""RAVE"",""cn"":""圣石小子"",""ty"":""漫画"",""y"":1999,""pop"":0},{""t"":""FAIRY TAIL×RAVE"",""cn"":""妖精的尾巴×圣石小子"",""ty"":""动画"",""y"":2013,""pop"":0},{""t"":""GROOVE ADVENTURE RAVE"",""cn"":""圣石小子"",""ty"":""动画"",""y"":2001,""pop"":0}]",二代目レイヴマスターとなった正義感あふれる少年。彼の姉を守るために体を鍛えてきたので結構強い。 形状を変えることができるテン・コマンドメンツという剣を持っている。,5,0,0,5,,,,,,,,https://bgm.tv/character/13631,,13631
bgm-bgm64449,bangumi,7,7,,梁,ルオン,Luong,师娘,其他,,,游戏,游戏,THE KING OF FIGHTERS XV,拳皇15,2022,游戏,"[{""t"":""THE KING OF FIGHTERS XV"",""cn"":""拳皇15"",""ty"":""游戏"",""y"":2022,""pop"":0},{""t"":""THE KING OF FIGHTERS XIV"",""cn"":""拳皇14"",""ty"":""游戏"",""y"":2016,""pop"":0}]",妖艶さとミステリアスな雰囲気を併せ持つ女性格闘家。 長い脚から繰り出されるムチのような攻撃など、テコンドーをアレンジした独自の格闘術が特徴。今回は恋人のガンイルやその弟子のキムと別行動を取っているようだが、その真意は……？,5,0,0,5,,https://lain.bgm.tv/pic/crt/l/7a/f5/64449_crt_Tv80O.jpg,https://lain.bgm.tv/r/400/pic/crt/l/7a/f5/64449_crt_Tv80O.jpg,https://storage.moegirl.org.cn/moegirl/commons/7/7a/%E6%A2%81.png!/fw/480/watermark/url/L21vZWdpcmwvd2F0ZXJtYXJrLnBuZw==/align/southeast/margin/10x10/opacity/50?v=20210911034314|https://storage.moegirl.org.cn/moegirl/commons/7/7a/%E6%A2%81.png,,图源:moegirl,,https://bgm.tv/character/64449,,64449
bgm-bgm9071,bangumi,7,7,,,カール・リヒター・フォン・ランドル,,,其他,,,动画,动画,新世紀GPXサイバーフォーミュラSIN,高智能方程式：SIN,1998,动画,"[{""t"":""新世紀GPXサイバーフォーミュラSIN"",""cn"":""高智能方程式：SIN"",""ty"":""动画"",""y"":1998,""pop"":0},{""t"":""新世紀GPXサイバーフォーミュラZERO"",""cn"":""高智能方程式：ZERO"",""ty"":""动画"",""y"":1994,""pop"":0},{""t"":""新世紀GPXサイバーフォーミュラSAGA"",""cn"":""高智能方程式：SAGA"",""ty"":""动画"",""y"":1996,""pop"":0},{""t"":""新世紀GPXサイバーフォーミュラ11"",""cn"":""高智能方程式：Cyber Formula 11"",""ty"":""动画"",""y"":1992,""pop"":0},{""t"":""新世紀GPXサイバーフォーミュラ"",""cn"":""高智能方程式"",""ty"":""动画"",""y"":1991,""pop"":0},{""t"":""新世紀GPXサイバーフォーミュラ EARLYDAYS RENEWAL"",""cn"":""高智能方程式：EARLYDAYS RENEWAL"",""ty"":""动画"",""y"":1996,""pop"":0}]",,4,0,0,4,,,,,,,,https://bgm.tv/character/9071,,9071
bgm-bgm77451,bangumi,7,7,,勇者晓,勇者アカツキ,Dawner the Hero,晓 / 勇者,其他,,,动画|漫画,动画,魔王城でおやすみ,在魔王城说晚安,2020,动画,"[{""t"":""魔王城でおやすみ"",""cn"":""在魔王城说晚安"",""ty"":""动画"",""y"":2020,""pop"":0},{""t"":""魔王城でおやすみ"",""cn"":""在魔王城说晚安"",""ty"":""漫画"",""y"":2016,""pop"":0}]",さらわれたスヤリス姫を救うために立ち上がった勇者。熱血漢で真っ直ぐな、まさに勇者タイプ。ただ、姫からは「アなんとか君」と呼ばれ、ずっと名前や存在を覚えてもらえていない。,4,0,0,4,,,,,,,,https://bgm.tv/character/77451,,77451
bgm-bgm37370,bangumi,7,7,,海棠晴,海棠晴,Kaidou Haru,,其他,,,动画|漫画,漫画,SUPER LOVERS,超级恋人,2010,漫画,"[{""t"":""SUPER LOVERS"",""cn"":""超级恋人"",""ty"":""漫画"",""y"":2010,""pop"":0},{""t"":""SUPER LOVERS 2"",""cn"":""超级恋人 第二季"",""ty"":""动画"",""y"":2017,""pop"":0},{""t"":""SUPER LOVERS"",""cn"":""超级恋人"",""ty"":""动画"",""y"":2016,""pop"":0},{""t"":""スーパーラヴァーズ 1"",""cn"":"""",""ty"":""音乐"",""y"":2011,""pop"":0},{""t"":""スーパーラヴァーズ 2"",""cn"":"""",""ty"":""音乐"",""y"":2011,""pop"":0},{""t"":""スーパーラヴァーズ 3"",""cn"":"""",""ty"":""音乐"",""y"":2012,""pop"":0}]",海棠家長男。8歳までカナダで育った帰国子女であり、クォーター。お人好しかつ面倒見のよい苦労人。,4,0,0,4,,,,,,,,https://bgm.tv/character/37370,,37370
bgm-bgm26112,bangumi,7,7,,,曇天火,Kumou Tenka,,其他,B,,动画|漫画,动画,曇天に笑う,笑对阴天,2014,动画,"[{""t"":""曇天に笑う"",""cn"":""笑对阴天"",""ty"":""动画"",""y"":2014,""pop"":0},{""t"":""曇天に笑う"",""cn"":""笑傲昙天"",""ty"":""漫画"",""y"":2011,""pop"":0},{""t"":""TVアニメ「曇天に笑う」DVD-BOX アニメイト上下巻連動購入特典 オリジナルドラマCD"",""cn"":"""",""ty"":""音乐"",""y"":"""",""pop"":0},{""t"":""曇天に笑う キャラクターソング&オリジナルサウンドトラックCD"",""cn"":"""",""ty"":""音乐"",""y"":2015,""pop"":0},{""t"":""曇天に笑う 外伝"",""cn"":""笑对昙天 外传"",""ty"":""漫画"",""y"":2014,""pop"":0},{""t"":""曇天に笑う＜外伝＞～決別、犲の誓い～"",""cn"":""笑对昙天 <外传> ～诀别、豺的誓言～"",""ty"":""动画"",""y"":2017,""pop"":0}]",三兄弟の長男。7月7日生まれ。天真爛漫で破天荒な性格。 軽やかな身のこなしで、あっという間に数十人の囚人を倒してしまうほど強い。曇家の親代わり。,4,0,0,4,,,,,,,,https://bgm.tv/character/26112,,26112
bgm-bgm8729,bangumi,7,7,,,七転ふみつき,Nanakorobi Fumitsuki,,其他,,,动画,动画,HAPPY★LESSON ADVANCE,欢乐课程 ADVANCE,2003,动画,"[{""t"":""HAPPY★LESSON ADVANCE"",""cn"":""欢乐课程 ADVANCE"",""ty"":""动画"",""y"":2003,""pop"":0},{""t"":""HAPPY★LESSON The Final"",""cn"":""欢乐课程 The Final"",""ty"":""动画"",""y"":2004,""pop"":0},{""t"":""HAPPY★LESSON THE TV"",""cn"":""欢乐课程 THE TV"",""ty"":""动画"",""y"":2002,""pop"":0},{""t"":""HAPPY★LESSON"",""cn"":""欢乐课程"",""ty"":""动画"",""y"":2001,""pop"":0}]",,4,0,0,4,,,,,,,,https://bgm.tv/character/8729,,8729
bgm-bgm34122,bangumi,7,7,,城田真昼,城田真昼,Shirota Mahiru,,其他,A,,动画|漫画,动画,劇場版 SERVAMP -サーヴァンプ- Alice in the Garden,剧场版 吸血鬼仆人 Alice in the Garden,2018,动画,"[{""t"":""劇場版 SERVAMP -サーヴァンプ- Alice in the Garden"",""cn"":""剧场版 吸血鬼仆人 Alice in the Garden"",""ty"":""动画"",""y"":2018,""pop"":0},{""t"":""SERVAMP -サーヴァンプ-"",""cn"":""吸血鬼仆人"",""ty"":""动画"",""y"":2016,""pop"":0},{""t"":""SERVAMP-サーヴァンプ-ドラマCD 吸血鬼だらけの夏休み"",""cn"":"""",""ty"":""音乐"",""y"":2014,""pop"":0},{""t"":""SERVAMP-サーヴァンプ-ドラマCD 吸血鬼だらけの冬休み"",""cn"":"""",""ty"":""音乐"",""y"":2015,""pop"":0},{""t"":""SERVAMP -サーヴァンプ-"",""cn"":""吸血鬼仆人"",""ty"":""漫画"",""y"":2011,""pop"":0}]",本作の主人公。高校1年生。15歳。誕生日：7月7日。身長：165センチメートル。 クロを拾ったことがきっかけで、彼と契約して主人となる。口癖は「シンプルに」。モットーは「シンプルイズベスト」。明るくドライな性格をしており、世話焼きで面倒見が良く悩むことや面倒なことを嫌うが、面倒臭がり屋という訳ではなく、クラスメイトが嫌がる仕事を進んで行っている。本人曰く「やらずに後悔することが一番面倒だから」。家事万能で足が速い。,4,0,0,4,,,,,,,,https://bgm.tv/character/34122,,34122
bgm-bgm128340,bangumi,7,7,,夜樱七恶,夜桜七悪,Yozakura Nanao,,其他,O,,动画|漫画,动画,夜桜さんちの大作戦 第2期,夜樱家的大作战 第二季,2026,动画,"[{""t"":""夜桜さんちの大作戦 第2期"",""cn"":""夜樱家的大作战 第二季"",""ty"":""动画"",""y"":2026,""pop"":0},{""t"":""夜桜さんちの大作戦"",""cn"":""夜樱家的大作战"",""ty"":""动画"",""y"":2024,""pop"":0},{""t"":""夜桜さんちの大作戦"",""cn"":""夜樱家的大作战"",""ty"":""漫画"",""y"":2020,""pop"":0},{""t"":""夜桜さんちのミニ作戦"",""cn"":""夜樱家的迷你作战"",""ty"":""动画"",""y"":2024,""pop"":0}]",怪力にして医術に特化した四男 夜桜家の四男。医術や薬学に特化しており、一家の医療班を担う。常に顔が描かれたバケツを被り、素顔を隠している。兄妹の中でも髄一の巨体と怪力の持ち主。誰にでも優しく、控えめな性格。,4,0,0,4,,,,,,,,https://bgm.tv/character/128340,,128340
bgm-bgm120152,bangumi,7,7,,小圆,円ちゅわ～ん,,小円,其他,,,动画|漫画,动画,僕とロボコ,我与机器子,2022,动画,"[{""t"":""僕とロボコ"",""cn"":""我与机器子"",""ty"":""动画"",""y"":2022,""pop"":0},{""t"":""劇場版 僕とロボコ"",""cn"":""剧场版 我与机器子"",""ty"":""动画"",""y"":2025,""pop"":0},{""t"":""僕とロボコ"",""cn"":""我与机器子"",""ty"":""漫画"",""y"":2020,""pop"":0}]",ボンドのクラスメイト。 クラスのアイドル的存在。,3,0,0,3,,,,,,,,https://bgm.tv/character/120152,,120152
bgm-bgm104235,bangumi,7,7,,三宅葵依,三宅葵依,,,其他,O,,动画|游戏,动画,D4DJ All Mix,,2023,动画,"[{""t"":""D4DJ All Mix"",""cn"":"""",""ty"":""动画"",""y"":2023,""pop"":0},{""t"":""D4DJ Groovy Mix"",""cn"":""D4DJ Groovy Mix 电音派对"",""ty"":""游戏"",""y"":2020,""pop"":0},{""t"":""ぷっちみく♪ D4DJ Petit Mix"",""cn"":"""",""ty"":""动画"",""y"":2021,""pop"":0},{""t"":""D4DJ Double Mix"",""cn"":"""",""ty"":""动画"",""y"":2022,""pop"":0}]",历史悠久的会员制Club House的专属DJ，中性的外表为她圈粉不少。 被椿的歌唱惊艳到，于是着手组建DJ组合。 尽管是心声不外露的扑克脸，但其实十分信任自己组合的成员们。,3,0,0,3,,https://lain.bgm.tv/pic/crt/l/71/91/104235_crt_r9nUd.jpg,https://lain.bgm.tv/r/400/pic/crt/l/71/91/104235_crt_r9nUd.jpg,https://storage.moegirl.org.cn/moegirl/commons/8/8f/%E4%B8%89%E5%AE%85%E8%91%B5%E4%BE%9D_%E9%BB%92%E8%96%94%E8%96%87%E3%81%AE%E8%B2%B4%E5%85%AC%E5%AD%90_Profile.png,,图源:moegirl,,https://bgm.tv/character/104235,,104235
bgm-bgm54970,bangumi,7,7,,砂粒,砂粒,,,其他,,,动画|漫画,漫画,十二大戦,,2015,漫画,"[{""t"":""十二大戦"",""cn"":"""",""ty"":""漫画"",""y"":2015,""pop"":0},{""t"":""十二大戦"",""cn"":""十二大战"",""ty"":""动画"",""y"":2017,""pop"":0},{""t"":""十二大戦"",""cn"":""十二大战"",""ty"":""其他"",""y"":2018,""pop"":0}]",本名・柚木美咲（ゆうきみさき）七月七日生まれ 身長150センチ、体重40キロ。 とある霊山において世を受けた彼女は、水猿（みざる）・岩猿（いわざる）・気化猿（きかざる）という三人の仙人から、戦士として手ほどきを受ける。液体・固体・気体を自在に操る彼女の戦闘能力は、本来、極めて高いが、しかし彼女は、学んだ仙術を、人を傷つけるために使ったことはない。趣味はお菓子作り。自分で作ったデザートはおいしくて、ついつい食べ過ぎてしまう。,3,0,0,3,,,,,,,,https://bgm.tv/character/54970,,54970
bgm-bgm39648,bangumi,7,7,,苍井享介,蒼井享介,Aoi Kyousuke,,其他,B,,动画|游戏,动画,アイドルマスター SideM,偶像大师 SideM,2017,动画,"[{""t"":""アイドルマスター SideM"",""cn"":""偶像大师 SideM"",""ty"":""动画"",""y"":2017,""pop"":0},{""t"":""アイドルマスター SideM 理由あってMini!"",""cn"":""偶像大师 SideM 事出有因Mini!"",""ty"":""动画"",""y"":2018,""pop"":0},{""t"":""THE IDOLM@STER SideM PASSIONABLE READING SHOW ～魂環の人形(マリオネット)～"",""cn"":"""",""ty"":""其他"",""y"":2026,""pop"":0},{""t"":""THE IDOLM@STER SideM 2nd ANNIVERSARY SOLO COLLECTION"",""cn"":"""",""ty"":""音乐"",""y"":2017,""pop"":0},{""t"":""THE IDOLM@STER SideM ST@RTING LINE-05 W"",""cn"":"""",""ty"":""音乐"",""y"":2015,""pop"":0},{""t"":""アイドルマスター SideM GROWING STARS"",""cn"":"""",""ty"":""游戏"",""y"":2021,""pop"":0}]",18岁／属性：Intellectual型／生日：7月7日（巨蟹座） 身高：161cm／体重：52kg／鞋码：24.0cm 血型：B型／惯用手：右手／出身：长野 兴趣：智力铁环／特技：定下练习清单、辅导工作 前历：职业足球运动员／所属组合：W CV：山谷祥生 职业足球选手的双胞胎哥哥·悠介因左膝的伤病而引退，所以陪着哥哥一同引退成为了偶像。与悠介组成了组合「W」。右撇子·戴眼镜的是弟弟享介。为辅助悠介疗伤养伤，学会了缠绕运动胶带等技能。称呼制作人为「教练」。,3,0,0,3,,https://lain.bgm.tv/pic/crt/l/63/cf/39648_crt_QUOQe.jpg?r=1530319867,https://lain.bgm.tv/r/400/pic/crt/l/63/cf/39648_crt_QUOQe.jpg?r=1530319867,https://storage.moegirl.org.cn/moegirl/commons/4/46/%E3%80%90%E9%A0%AD%E8%84%B3%E6%B4%BE%E3%82%A8%E3%83%BC%E3%82%B9%E3%81%AE%E8%BC%9D%E3%81%8D%E3%80%91%E8%92%BC%E4%BA%95_%E4%BA%AB%E4%BB%8B_SR.png!/fw/480/watermark/url/L21vZWdpcmwvd2F0ZXJtYXJrLnBuZw==/align/southeast/margin/10x10/opacity/50?v=20211010032100|https://storage.moegirl.org.cn/moegirl/commons/4/46/%E3%80%90%E9%A0%AD%E8%84%B3%E6%B4%BE%E3%82%A8%E3%83%BC%E3%82%B9%E3%81%AE%E8%BC%9D%E3%81%8D%E3%80%91%E8%92%BC%E4%BA%95_%E4%BA%AB%E4%BB%8B_SR.png,,图源:moegirl,,https://bgm.tv/character/39648,,39648
bgm-bgm10573,bangumi,7,7,,藤原梦路,藤原梦路,Fujiwara Yumeji,,其他,,,动画|漫画,漫画,夢喰いメリー,食梦者玛莉,2008,漫画,"[{""t"":""夢喰いメリー"",""cn"":""食梦者玛莉"",""ty"":""漫画"",""y"":2008,""pop"":0},{""t"":""夢喰いメリー"",""cn"":""食梦者玛利"",""ty"":""动画"",""y"":2011,""pop"":0}]",高中生2年级。 根据父母的工作的情况在橘家寄食着。 是文艺成员，不过，因为作为特殊摄影英雄迷，自己的作品那些的影响也能看到。 能从大拇指与食指的圈窥视人的梦的内容。中率不太高，不过，只是恶梦的时候都中。 被约翰·杜快要夺取身体被玛利所救，以后变得在一起行动。 由于engi和由衣的合作与梦魔对抗重叠特别训练等，也有热血汉的一面。 跟noir·ranzuboro的战斗的进行中用约翰·杜的指导能变得发挥由于「明晰梦」的武装的能力和能连接其他的梦魔的虚幻界这样的能力。,3,0,0,3,,,,,,,,https://bgm.tv/character/10573,,10573
bgm-bgm4006,bangumi,7,7,,拉琪,ラキ,Laki,兰奇,其他,,,动画|漫画,漫画,ONE PIECE,航海王,1997,漫画,"[{""t"":""ONE PIECE"",""cn"":""航海王"",""ty"":""漫画"",""y"":1997,""pop"":0},{""t"":""ONE PIECE"",""cn"":""航海王"",""ty"":""动画"",""y"":1999,""pop"":0}]",シャンドラの戦士の一人。アイサを妹のように可愛がっている。,3,0,0,3,,,,,,,,https://bgm.tv/character/4006,,4006
bgm-bgm5549,bangumi,7,7,,,モネ,Mone,,其他,,,动画|Galgame,Galgame,ゆめりあ,梦物语,2003,Galgame,"[{""t"":""ゆめりあ"",""cn"":""梦物语"",""ty"":""Galgame"",""y"":2003,""pop"":0},{""t"":""ゆめりあ"",""cn"":""梦物语"",""ty"":""动画"",""y"":2004,""pop"":0}]",,3,0,0,3,,https://lain.bgm.tv/pic/crt/l/f3/f1/5549_crt_anidb.jpg,https://lain.bgm.tv/r/400/pic/crt/l/f3/f1/5549_crt_anidb.jpg,,,,,https://bgm.tv/character/5549,,5549
bgm-bgm127618,bangumi,7,7,,夏目七濑,夏目七瀬,Nanase Natsume,,其他,A,,漫画,漫画,今日はカノジョがいないから,谁叫她今天不在身边,2021,漫画,,ゆにの彼女。 ゆにとの関係を周囲には必死に隠している。 バレー部に所属しており、ゆによりも部活を優先しがち。,3,0,0,3,,,,,,,,https://bgm.tv/character/127618,,127618
bgm-bgm9270,bangumi,7,7,,谷间百合,谷間ゆり,Tanima Yuri,,其他,,,动画,动画,愛天使伝説ウェディングピーチ,爱天使传说婚纱桃子,1995,动画,,好きな色は空色。好きな食べ物はプディング。趣味はピアノを弾くこと。得意教科は英語、音楽。苦手な教科は生物（かつて魚の解剖をしたトラウマから）。 ももこの同級生で幼馴染み。新聞部に所属。母方の祖母がフランス人のクォーター。,3,0,0,3,,,,,,,,https://bgm.tv/character/9270,,9270
bgm-bgm3341,bangumi,7,7,,于吉,于吉,Ukitsu,,其他,O,,动画|漫画|游戏,动画,一騎当千 Dragon Destiny,一骑当千 Dragon Destiny,2007,动画,"[{""t"":""一騎当千 Dragon Destiny"",""cn"":""一骑当千 Dragon Destiny"",""ty"":""动画"",""y"":2007,""pop"":0},{""t"":""一騎当千"",""cn"":""一骑当千"",""ty"":""动画"",""y"":2003,""pop"":0},{""t"":""真・一騎当千"",""cn"":""真·一骑当千"",""ty"":""动画"",""y"":2022,""pop"":0},{""t"":""一騎当千"",""cn"":""一骑当千"",""ty"":""漫画"",""y"":2000,""pop"":0},{""t"":""真・一騎当千"",""cn"":""真·一骑当千"",""ty"":""漫画"",""y"":2016,""pop"":0},{""t"":""一騎当千 エクストラバースト"",""cn"":""一骑当千 Extra Burst"",""ty"":""游戏"",""y"":2020,""pop"":0}]",呉郡高校の頭首。2年生。Aランク。7月7日生まれ。O型。身長155cm。B：80・W：55・H：83。 一人称は「ボク」。色黒で野性的な少女。「戦いの天才」と称されており、普段は錘の入ったリストバンドを着けている（重さは40kg）。孫策との対戦後は喋れない状態になっていたが、少しずつ回復している。 アニメ版第1期では、初登場時からなぜか孫策に親しそうに話しかけてきた。真・一騎当千でも出演する。,3,0,0,3,,https://lain.bgm.tv/pic/crt/l/df/33/3341_crt_eJJXj.jpg?r=1562432364,https://lain.bgm.tv/r/400/pic/crt/l/df/33/3341_crt_eJJXj.jpg?r=1562432364,,,,,https://bgm.tv/character/3341,,3341
bgm-bgm152206,bangumi,7,7,,鱼住胡桃,魚住くるみ,Uozumi Kurumi,"NULLOID:01 ""KURUMI""",其他,,,漫画,漫画,ぬるめた,胡桃同学是人造人,2021,漫画,,"通称くるみ。正式名称「01 ""KURUMI""」。正体は博士である千明の父親が開発した「人工生命体ヌルロイド１号」という「人造人間」である。再起動日は7月7日。出席番号は2番。金髪のセミショートヘアで、頭頂部に三角形のような髪型（アホ毛）がある。瞳は黒色。動揺したり焦っていると、アホ毛が尖り、アホ毛を押え込んでいたさきなの指を切るほど営利になる。これはくるみ以外全員知っており、ポーカーなどの自分の持ち札の形勢がわかるトランプゲームでは不利になり大負けした。",3,0,0,3,,,,,,,,https://bgm.tv/character/152206,,152206
bgm-bgm14328,bangumi,7,7,,银王号,銀王号,ginougou,,其他,,,漫画,其他,キミとボク,你和我,2011,其他,"[{""t"":""キミとボク"",""cn"":""你和我"",""ty"":""其他"",""y"":2011,""pop"":0},{""t"":""キミとボク"",""cn"":""你和我"",""ty"":""漫画"",""y"":2009,""pop"":0}]",,3,0,0,3,,,,,,,,https://bgm.tv/character/14328,,14328
bgm-bgm66948,bangumi,7,7,,七咲妮可尔,七咲ニコル,nicole nanasaki,ニコ,,O,,动画|游戏,游戏,Tokyo 7th シスターズ,东京七姐妹,2014,游戏,"[{""t"":""Tokyo 7th シスターズ"",""cn"":""东京七姐妹"",""ty"":""游戏"",""y"":2014,""pop"":0},{""t"":""Tokyo 7th シスターズ -僕らは青空になる-"",""cn"":""东京七姐妹 我们化作青空"",""ty"":""动画"",""y"":2021,""pop"":0}]",天衣無縫のアイドルテロリスト、伝説のセブンスシスターズを束ねたハチャメチャなリーダー。時に優しく、時にダラダラ、変なことにも何故か一生懸命で、世界各国から注目されていた。突然の解散騒動から2年たった今も彼女の消息を掴んでいる者はいない。,3,0,0,3,,https://lain.bgm.tv/pic/crt/l/83/de/66948_crt_d9dPP.jpg,https://lain.bgm.tv/r/400/pic/crt/l/83/de/66948_crt_d9dPP.jpg,https://storage.moegirl.org.cn/moegirl/commons/a/aa/Nanasaki_nicole20.jpg!/fw/480/watermark/url/L21vZWdpcmwvd2F0ZXJtYXJrLnBuZw==/align/southeast/margin/10x10/opacity/50?v=20190630185226|https://storage.moegirl.org.cn/moegirl/commons/a/aa/Nanasaki_nicole20.jpg,,图源:moegirl,,https://bgm.tv/character/66948,,66948
bgm-bgm12768,bangumi,7,7,,,星乃明香里,,,其他,,,Galgame,Galgame,ひまわり,向日葵,,Galgame,"[{""t"":""ひまわり"",""cn"":""向日葵"",""ty"":""Galgame"",""y"":"""",""pop"":0},{""t"":""ひまわり -Pebble in the Sky-"",""cn"":""向日葵：天空鹅卵石"",""ty"":""Galgame"",""y"":2015,""pop"":0}]",明と大吾とは、大学の同期だった女性。3人で宇宙を目指していた。,2,0,0,2,,,,,,,,https://bgm.tv/character/12768,,12768
bgm-bgm127184,bangumi,7,7,,,アララ・ミルク,,,其他,B,,动画,动画,NG騎士ラムネ&40,NG骑士柠檬汽水&40,1990,动画,,,2,0,0,2,,,,,,,,https://bgm.tv/character/127184,,127184
bgm-bgm85397,bangumi,7,7,,,ティアラ,,,,AB,,Galgame,Galgame,ゴシックは魔法乙女～さっさと契約しなさい！～,哥特式魔法少女,2015,Galgame,,ジルバラードを治める国王の孫娘。ワガママだが、本当は心優しい女の子。夢を食べるバクのムゥを使い魔にしている。,2,0,0,2,,https://lain.bgm.tv/pic/crt/l/36/7b/85397_crt_47eEm.jpg,https://lain.bgm.tv/r/400/pic/crt/l/36/7b/85397_crt_47eEm.jpg,,,,,https://bgm.tv/character/85397,,85397
bgm-bgm85554,bangumi,7,7,,,リューシャ,,,,B,,Galgame,Galgame,ゴシックは魔法乙女～さっさと契約しなさい！～,哥特式魔法少女,2015,Galgame,,自らの力におびえ、いつも半泣きの女の子。故郷の人々を傷つけないために使い魔になった。力の少ないマスターがちょっとうらやましい。,2,0,0,2,,https://lain.bgm.tv/pic/crt/l/79/2b/85554_crt_GE0Vt.jpg,https://lain.bgm.tv/r/400/pic/crt/l/79/2b/85554_crt_GE0Vt.jpg,,,,,https://bgm.tv/character/85554,,85554
bgm-bgm85665,bangumi,7,7,,,アンベリル,,,,AB,,Galgame,Galgame,ゴシックは魔法乙女～さっさと契約しなさい！～,哥特式魔法少女,2015,Galgame,,恋の天使。見かけのせいか、いつも男の子たちから声をかけられている。しかし実は、恋愛面ではとっても奥手。,2,0,0,2,,https://lain.bgm.tv/pic/crt/l/98/d7/85665_crt_RmlgH.jpg,https://lain.bgm.tv/r/400/pic/crt/l/98/d7/85665_crt_RmlgH.jpg,,,,,https://bgm.tv/character/85665,,85665
bgm-bgm77703,bangumi,7,7,,海马圭平,海馬モクバ,,,其他,O,,动画|漫画,动画,遊☆戯☆王デュエルモンスターズ,游戏王－怪兽之决斗,2000,动画,"[{""t"":""遊☆戯☆王デュエルモンスターズ"",""cn"":""游戏王－怪兽之决斗"",""ty"":""动画"",""y"":2000,""pop"":0},{""t"":""遊☆戯☆王"",""cn"":""游戏王"",""ty"":""漫画"",""y"":1997,""pop"":0},{""t"":""遊☆戯☆王 THE DARK SIDE OF DIMENSIONS"",""cn"":""游戏王 次元之暗面"",""ty"":""动画"",""y"":2016,""pop"":0},{""t"":""遊☆戯☆王"",""cn"":""游戏王"",""ty"":""动画"",""y"":1998,""pop"":0},{""t"":""遊☆戯☆王デュエルモンスターズ 光のピラミッド"",""cn"":""游戏王剧场版 光之金字塔"",""ty"":""动画"",""y"":2004,""pop"":0},{""t"":""TRANSCEND・GAME 遊☆戯☆王"",""cn"":""游戏王：Transcend Game"",""ty"":""漫画"",""y"":2017,""pop"":0}]",海马濑人的弟弟，虽然只是小学生但已经是海马集团的副社长。,2,0,0,2,,https://lain.bgm.tv/pic/crt/l/5e/d9/77703_crt_C7Wxm.jpg?r=1751790484,https://lain.bgm.tv/r/400/pic/crt/l/5e/d9/77703_crt_C7Wxm.jpg?r=1751790484,,,,,https://bgm.tv/character/77703,,77703
bgm-bgm64539,bangumi,7,7,,,燕蕾夏,,イェン・レイシャ / Yan Leixia / Leixia,其他,B,,游戏,游戏,ソウルキャリバーV,灵魂能力5,2012,游戏,,良家の娘として育つが冒険譚に憧れて剣術を学ぶ。弟から貰った首飾りがきっかけで家を飛び出す。,2,0,0,2,,https://lain.bgm.tv/pic/crt/l/f8/c4/64539_crt_9gEg9.jpg?r=1530836986,https://lain.bgm.tv/r/400/pic/crt/l/f8/c4/64539_crt_9gEg9.jpg?r=1530836986,,,,,https://bgm.tv/character/64539,,64539
bgm-bgm73699,bangumi,7,7,,,フロランス・ジェモニーナ,,,其他,A,,Galgame,Galgame,ルーンプリンセス,,2005,Galgame,,出身国 ：新双子王国（ネオ・ジェミニール） 年齢 ：１６歳 血液型 ：Ａ型 誕生日 ：７月７日 好きな物：ぬいぐるみ、可愛い物 嫌いな物：幽霊など不気味な物 趣味 ：バイオリン 小さいながらも優雅な風景で観光客も多く、ワインやチーズの名産地で知られる新双子王国のプリンセス。 小さな頃からエレガントである様に育てられ本人もそのように努力して優雅で大人っぽく振る舞うが、実は子供っぽくあわてんぼ。ぬいぐるみ等の可愛い物が大好きで少女趣味が抜けていないが、周囲にはひた隠しにしている。,2,0,0,2,,https://lain.bgm.tv/pic/crt/l/86/fc/73699_crt_Az3fn.jpg,https://lain.bgm.tv/r/400/pic/crt/l/86/fc/73699_crt_Az3fn.jpg,,,,,https://bgm.tv/character/73699,,73699
bgm-bgm49543,bangumi,7,7,,赤西瑛梨华,赤西瑛梨華,Akanishi Erika,,其他,O,,游戏,游戏,アイドルマスター シンデレラガールズ スターライトステージ,偶像大师 灰姑娘女孩 星光舞台,2015,游戏,"[{""t"":""アイドルマスター シンデレラガールズ スターライトステージ"",""cn"":""偶像大师 灰姑娘女孩 星光舞台"",""ty"":""游戏"",""y"":2015,""pop"":0},{""t"":""アイドルマスター シンデレラガールズ"",""cn"":""偶像大师 灰姑娘女孩"",""ty"":""游戏"",""y"":2011,""pop"":0}]",BNEI与Cygames开发的手机游戏《偶像大师 灰姑娘女孩》系列的登场角色。 2016年12月22日实装于《偶像大师 灰姑娘女孩 星光舞台》。,2,0,0,2,,https://lain.bgm.tv/pic/crt/l/82/f3/49543_crt_2KgXa.jpg,https://lain.bgm.tv/r/400/pic/crt/l/82/f3/49543_crt_2KgXa.jpg,https://storage.moegirl.org.cn/moegirl/commons/8/82/%E3%83%88%E3%83%AC%E3%83%B3%E3%83%87%E3%82%A3%E3%83%BC%E4%B9%99%E5%A5%B3_%E8%B5%A4%E8%A5%BF%E7%91%9B%E6%A2%A8%E8%8F%AF.jpg!/fw/480/watermark/url/L21vZWdpcmwvd2F0ZXJtYXJrLnBuZw==/align/southeast/margin/10x10/opacity/50?v=20201213114849|https://storage.moegirl.org.cn/moegirl/commons/8/82/%E3%83%88%E3%83%AC%E3%83%B3%E3%83%87%E3%82%A3%E3%83%BC%E4%B9%99%E5%A5%B3_%E8%B5%A4%E8%A5%BF%E7%91%9B%E6%A2%A8%E8%8F%AF.jpg,,图源:moegirl,,https://bgm.tv/character/49543,,49543
bgm-bgm48367,bangumi,7,7,,扬羽陆,揚羽陸,Akeba Riku,,其他,B,,动画,动画,スタミュ 第2期,高校星歌剧 第二季,2017,动画,"[{""t"":""スタミュ 第2期"",""cn"":""高校星歌剧 第二季"",""ty"":""动画"",""y"":2017,""pop"":0},{""t"":""スタミュ 第3期"",""cn"":""高校星歌剧 第三季"",""ty"":""动画"",""y"":2019,""pop"":0},{""t"":""Third STAGE"",""cn"":"""",""ty"":""音乐"",""y"":2017,""pop"":0}]",ミステリアスな雰囲気を持つteam楪トップスター。中学1年の時にミュージカル『Shadow&Lights』に出演していた遥斗に魅了され、それ以来、遥斗を「ボクの神様」と呼んで憧れている。遥斗と兄弟の海斗にも注目している。他者とのコミュニケーションが独特であり、認めた相手には不思議な懐き方をする一方で、興味のない相手にはアウト・オブ・眼中。遥斗が演じた役を勝ち取るために育成枠オーディションには本気で臨んでいる。南條を嫌っている。,2,0,0,2,,,,,,,,https://bgm.tv/character/48367,,48367
bgm-bgm39647,bangumi,7,7,,苍井悠介,蒼井悠介,Aoi Yuusuke,,其他,B,,动画|游戏,动画,アイドルマスター SideM,偶像大师 SideM,2017,动画,"[{""t"":""アイドルマスター SideM"",""cn"":""偶像大师 SideM"",""ty"":""动画"",""y"":2017,""pop"":0},{""t"":""アイドルマスター SideM 理由あってMini!"",""cn"":""偶像大师 SideM 事出有因Mini!"",""ty"":""动画"",""y"":2018,""pop"":0},{""t"":""THE IDOLM@STER SideM PASSIONABLE READING SHOW ～魂環の人形(マリオネット)～"",""cn"":"""",""ty"":""其他"",""y"":2026,""pop"":0},{""t"":""THE IDOLM@STER SideM 2nd ANNIVERSARY SOLO COLLECTION"",""cn"":"""",""ty"":""音乐"",""y"":2017,""pop"":0},{""t"":""THE IDOLM@STER SideM ST@RTING LINE-05 W"",""cn"":"""",""ty"":""音乐"",""y"":2015,""pop"":0},{""t"":""アイドルマスター SideM GROWING STARS"",""cn"":"""",""ty"":""游戏"",""y"":2021,""pop"":0}]",18岁／属性：Mental型／生日：7月7日（巨蟹座） 身高：161cm／体重：52kg／鞋码：24.0cm 血型：B型／惯用手：左手／出身：长野 兴趣：足球／特技：足球 前历：职业足球运动员／所属组合：W CV：菊池勇成 因为左膝的伤病而引退、从职业足球选手转业成为了偶像。与双胞胎弟弟·享介组成了组合「W」，目标成为最强的双子偶像。左撇子·不戴眼镜的是哥哥悠介。称呼制作人为「教练」。,2,0,0,2,,https://lain.bgm.tv/pic/crt/l/ca/6d/39647_crt_Tl6r7.jpg?r=1530319818,https://lain.bgm.tv/r/400/pic/crt/l/ca/6d/39647_crt_Tl6r7.jpg?r=1530319818,https://storage.moegirl.org.cn/moegirl/commons/9/99/%E3%80%90%E5%A4%A9%E6%89%8D%E3%82%A8%E3%83%BC%E3%82%B9%E3%81%AE%E7%85%8C%E3%82%81%E3%81%8D%E3%80%91%E8%92%BC%E4%BA%95_%E6%82%A0%E4%BB%8B_SR.png!/fw/480/watermark/url/L21vZWdpcmwvd2F0ZXJtYXJrLnBuZw==/align/southeast/margin/10x10/opacity/50?v=20211010032053|https://storage.moegirl.org.cn/moegirl/commons/9/99/%E3%80%90%E5%A4%A9%E6%89%8D%E3%82%A8%E3%83%BC%E3%82%B9%E3%81%AE%E7%85%8C%E3%82%81%E3%81%8D%E3%80%91%E8%92%BC%E4%BA%95_%E6%82%A0%E4%BB%8B_SR.png,,图源:moegirl,,https://bgm.tv/character/39647,,39647
bgm-bgm202345,bangumi,7,7,,,赤刃明霄陈,Ch'en the Dawnstreak,,其他,,,游戏,游戏,明日方舟,明日方舟,2019,游戏,,陈，前龙门高级警司，前龙门近卫局特别督察组组长，毕业于维多利亚皇家近卫学校，成绩优异，表现突出。在龙门近卫局供职期间，力主取缔龙门境内非法活动，对抗暴力犯罪和有组织犯罪，追缉武装逃犯与国际重犯等行动，并取得多项重大成果。 后辞去职务，正式成为罗德岛的一员。依本人意愿，任务多以外派为主，为各地外派干员提供有力支援以及现场指导。 目前仍以罗德岛干员身份，持续活跃于对抗危机的最前线。,2,0,0,2,,https://lain.bgm.tv/pic/crt/l/70/f8/202345_crt_Zeb1F.jpg,https://lain.bgm.tv/r/400/pic/crt/l/70/f8/202345_crt_Zeb1F.jpg,https://storage.moegirl.org.cn/moegirl/commons/e/ec/%E6%98%8E%E6%97%A5%E6%96%B9%E8%88%9F%E7%AB%8B%E7%BB%98_%E8%B5%A4%E5%88%83%E6%98%8E%E9%9C%84%E9%99%88_2.png!/fw/480/watermark/url/L21vZWdpcmwvd2F0ZXJtYXJrLnBuZw==/align/southeast/margin/10x10/opacity/50?v=20260211114132|https://storage.moegirl.org.cn/moegirl/commons/e/ec/%E6%98%8E%E6%97%A5%E6%96%B9%E8%88%9F%E7%AB%8B%E7%BB%98_%E8%B5%A4%E5%88%83%E6%98%8E%E9%9C%84%E9%99%88_2.png,,图源:moegirl,,https://bgm.tv/character/202345,,202345
bgm-bgm111570,bangumi,7,7,,可乐尼洛,コロネロ,Colonnello,,其他,O,,动画,动画,家庭教師ヒットマンREBORN!,家庭教师HITMAN REBORN!,2006,动画,,持有蓝色奶嘴，为雨属性的阿尔克巴雷诺。是雷伯恩幼年时的朋友。平时穿着迷彩服，武器是反坦克步枪。金发蓝眼，为黑手党幕后乐园的负责人，曾经是意大利海军潜水奇袭部队“COMSUBIN”所属的军人。宠物是一只名叫“法尔克”的鹰，由法尔克抓住他的头移动。口头禅是在语尾加上“喂コラ”。在还没成为阿尔克巴雷诺之前曾受到拉尔·米尔奇的指导，两人是男女朋友。在诅咒解除后即将结婚，不过因为吵架所以婚礼无限延期了。,2,0,0,2,,,,,,,,https://bgm.tv/character/111570,,111570
bgm-bgm66596,bangumi,7,7,,,圣约送葬人,Executor the Ex Foedere,,其他,,,游戏,游戏,明日方舟,明日方舟,2019,游戏,,送葬人，拉特兰公证所法定专业执行者，适用于拉特兰一至十三项公民权益，由现任拉特兰教宗伊万杰利斯塔十一世亲自授予“圣徒”封号。 拉特兰并未限制这位特殊的“圣徒”与我们的接触，公证所与罗德岛的合作关系正日趋紧密。干员送葬人现仍旧依合约为罗德岛提供服务，执行拉特兰公民权益相关任务。,2,0,0,2,,https://lain.bgm.tv/pic/crt/l/ee/27/66596_crt_YSmmH.jpg,https://lain.bgm.tv/r/400/pic/crt/l/ee/27/66596_crt_YSmmH.jpg,https://static.wikia.nocookie.net/mrfz/images/1/14/Executor_the_Ex_Foedere.png/revision/latest/scale-to-width-down/400?cb=20230608063721|https://static.wikia.nocookie.net/mrfz/images/1/14/Executor_the_Ex_Foedere.png/revision/latest?cb=20230608063721,,图源:fandom:arknights,,https://bgm.tv/character/66596,,66596
bgm-bgm185311,bangumi,7,7,,星名或,星名或,Hoshina Aru,,其他,,,漫画,漫画,きみは終末,你即是终末,2026,漫画,,,2,0,0,2,,,,,,,,https://bgm.tv/character/185311,,185311
bgm-bgm190353,bangumi,7,7,,诗玲寺,伊404,IJN I404/I404,潜特型潜水空母 伊404 / 踏八重浪的神乐舞者,其他,,,游戏,游戏,碧蓝航线,碧蓝航线,2017,游戏,,我就是伊404，重樱所属的大型航空潜舰，也是世界上最大最华丽的水下潜艇，于水龙中起舞的战士——因为没来得及建成，所以是字面意义上的最强潜艇~你对这样的事实没意见吧~？,2,0,0,2,,https://lain.bgm.tv/pic/crt/l/4f/09/190353_crt_VvtR5.jpg,https://lain.bgm.tv/r/400/pic/crt/l/4f/09/190353_crt_VvtR5.jpg,,,,,https://bgm.tv/character/190353,,190353
bgm-bgm1731,bangumi,7,7,,花神旺里,花神旺里,Kagami Ouri,,其他,ORH-,,动画|漫画,动画,屍姫 玄,尸姬 玄,2009,动画,"[{""t"":""屍姫 玄"",""cn"":""尸姬 玄"",""ty"":""动画"",""y"":2009,""pop"":0},{""t"":""屍姫 赫"",""cn"":""尸姬 赫"",""ty"":""动画"",""y"":2008,""pop"":0},{""t"":""屍姫"",""cn"":""尸姬"",""ty"":""漫画"",""y"":2005,""pop"":0}]",高中一年级生，16岁。小时被景世捡回去，后来在儿童福利设施的“大麟馆”里长大。对景世抱有“哥哥”那种仰慕之情，两人的关系实际上也就如同兄弟一样。是个相当普通的高中生，不过由于偶然与真姬的相知，得知了关于僵尸与尸姬所处的世界的情况。为人善良，受到“大麟馆”里孩子们的敬爱,2,0,0,2,,,,,,,,https://bgm.tv/character/1731,,1731
bgm-bgm6525,bangumi,7,7,,栗田良宽,栗田良寛,Kurita Ryoukan,,其他,O,,动画|漫画,漫画,アイシールド21,光速蒙面侠21,2002,漫画,"[{""t"":""アイシールド21"",""cn"":""光速蒙面侠21"",""ty"":""漫画"",""y"":2002,""pop"":0},{""t"":""アイシールド21"",""cn"":""光速蒙面侠21"",""ty"":""动画"",""y"":2005,""pop"":0},{""t"":""21st Anniversary down アイシールド21 BRAIN×BRAVE"",""cn"":"""",""ty"":""漫画"",""y"":2024,""pop"":0}]",泥门恶魔蝙蝠队体型最大的成员，并且是球队的创立者之一。被称为“大魔神”。在比赛中经常阻挡三至四个队员的进攻。与蛭魔一起度过了泥门高校美式足球社只有两名成员的时代的馋鬼，食量惊人。 与蛭魔相反，性格宽厚平静。他卧举记录是东京地区第一（全国高校卧举最强是白秋恐龙的新人峨王力哉，210公斤；二人同被选为秋季关东大赛最强攻防线卫）。速度极低，但力量对抗上无人能敌（除了白秋的峨王力哉）。家里是寺院。,2,0,0,2,,,,,,,,https://bgm.tv/character/6525,,6525
bgm-bgm64989,bangumi,7,7,,奥斯瓦德,オズワルド,Oswald,牌叔,其他,AB,,游戏,游戏,THE KING OF FIGHTERS XI,拳皇11,2005,游戏,"[{""t"":""THE KING OF FIGHTERS XI"",""cn"":""拳皇11"",""ty"":""游戏"",""y"":2005,""pop"":0},{""t"":""THE KING OF FIGHTERS XIV"",""cn"":""拳皇14"",""ty"":""游戏"",""y"":2016,""pop"":0}]",红色的墨镜以及一身的黑西装都是他的特征，有着一张没有任何表情变化的扑克脸，跟Shen完全相反。比较少说话，异常地精通于卡片类的游戏，特别是扑克牌。 在《拳皇XI》中阿修和神去到爱尔兰找奥斯瓦尔德，而奥斯瓦尔德则以“玩扑克牌战胜他”来作为在KOF出场的条件。最后奥斯瓦尔德自动认输而接受了阿修的委托（实际上是奥斯瓦尔德赢了，只不过他似乎对阿修很有兴趣而认输），以“奖金”和“上海秘药‘龙丸’的情报”作为报酬重新出山参加KOF。,2,0,0,2,,https://lain.bgm.tv/pic/crt/l/1d/00/64989_crt_8PPZ2.jpg,https://lain.bgm.tv/r/400/pic/crt/l/1d/00/64989_crt_8PPZ2.jpg,,,,,https://bgm.tv/character/64989,,64989
bgm-bgm71104,bangumi,7,7,,杂贺八寻,雑賀八尋,Saiga Yahiro,,其他,AB,,动画,动画,S・A～スペシャル・エー～,SA特优生,2008,动画,,泷岛慧和东堂明的青梅竹马，喜欢明，因为不想让明受到伤害（原来想向明告白，但后来因为害羞而没有做到），一直限制着明与其他人的交往，实际是害怕为利益和明交往的人给明带来伤害，也很害怕因为背叛而给明带来伤害，一直很辛苦扮演腹黑坏人，实际上也是一个为他人着想的好人，只是不擅长表达。原属白选馆学园，后被开除，转到黑泉学园。知道彗喜欢光，常常给迟钝的光出些奇怪的招数，例如突然kiss什么的。后来因为喜欢明，为了明的幸福，放弃了明，让她和宙走在了一起。,2,0,0,2,,,,,,,,https://bgm.tv/character/71104,,71104
bgm-bgm179314,bangumi,7,7,,四之宫光,四ノ宮ヒカリ,Shinomiya Hikari,,其他,,,动画|漫画,动画,怪獣8号 第2期,怪兽8号 第二季,2025,动画,"[{""t"":""怪獣8号 第2期"",""cn"":""怪兽8号 第二季"",""ty"":""动画"",""y"":2025,""pop"":0},{""t"":""怪獣8号"",""cn"":""怪兽8号"",""ty"":""漫画"",""y"":2020,""pop"":0}]",識別怪獣兵器４を操り数多の怪獣を討伐した、かつての第２部隊隊長で、キコルの母親。,2,0,0,2,,,,,,,,https://bgm.tv/character/179314,,179314
bgm-bgm12614,bangumi,7,7,,海,海,Wumi,,其他,B,,动画,动画,まかせてイルか!,海豚便利店,2004,动画,,三姉妹の「長女」。美貌担当。色気を使いチアガールや「別れさせ屋」等を引き受ける。特にお金にシビアだが、母性を感じさせる落ち着いた性格。三人の中で合流したのは最後で、両親の夫婦げんかに嫌気がさして家に仕事で来ていた空についていくことを決めた。,2,0,0,2,,,,,,,,https://bgm.tv/character/12614,,12614
bgm-bgm77386,bangumi,7,7,,加鲁,ガルゥ,,,其他,,,动画,动画,魔入りました！入間くん 第2シリーズ,入间同学入魔了 第二季,2021,动画,"[{""t"":""魔入りました！入間くん 第2シリーズ"",""cn"":""入间同学入魔了 第二季"",""ty"":""动画"",""y"":2021,""pop"":0},{""t"":""魔入りました！入間くん 第4シリーズ"",""cn"":""入间同学入魔了 第四季"",""ty"":""动画"",""y"":2026,""pop"":0},{""t"":""魔入りました！入間くん"",""cn"":""入间同学入魔了"",""ty"":""动画"",""y"":2019,""pop"":0}]",,1,0,0,1,,,,,,,,https://bgm.tv/character/77386,,77386
bgm-bgm132812,bangumi,7,7,,,奥露西娅,,오로시아,其他,,,Galgame,Galgame,永远的7日之都,,2017,Galgame,,当红的模特儿兼演员。 擅长演绎各种恋爱故事。 幼年辗转于远亲之间，寄人篱下生活。 之后偶然间被星探发掘步入星途，她感受到了来自诸多粉丝们的“爱”。 她第一次感到，被人爱是多么幸福的事情啊。 她对爱的渴望越来越强烈。 她希望有人能疼爱自己，能保护自己，会为自己担心，会为自己喜悦…… 不够，这些还不够，还需要更多的爱，每一个人的爱，更强烈的爱。 全心全意，爱到极致，奉献全部，充满独占欲，宁可杀死对方也要将其占有。 ……她的感情，究竟是爱……还是其他什么更可怕的东西呢？,1,0,0,1,,https://lain.bgm.tv/pic/crt/l/f7/5a/132812_crt_EH2h2.jpg,https://lain.bgm.tv/r/400/pic/crt/l/f7/5a/132812_crt_EH2h2.jpg,https://storage.moegirl.org.cn/moegirl/commons/c/ca/Illust_63145412_20181117_190433.jpg!/fw/480/watermark/url/L21vZWdpcmwvd2F0ZXJtYXJrLnBuZw==/align/southeast/margin/10x10/opacity/50?v=20181117110904|https://storage.moegirl.org.cn/moegirl/commons/c/ca/Illust_63145412_20181117_190433.jpg,,图源:moegirl,,https://bgm.tv/character/132812,,132812
bgm-bgm173661,bangumi,7,7,,,コーイチ,,,其他,AB,,动画,动画,えぶりでいホスト,EVERYDAY HOST CLUB 男公关俱乐部的欢乐日常,2025,动画,,クラブ・ワン 𝐍𝐨.𝟏 兼代表 ✧弟系ホスト✧ コーイチ ┈┈┈┈┈┈┈ 業界歴20年の大ベテラン。 あなたの緊張やムカつきを和らげます…★,1,0,0,1,,,,,,,,https://bgm.tv/character/173661,,173661
bgm-bgm62629,bangumi,7,7,,,鈴白風花,,,其他,,,游戏,游戏,ぜっちょースパイラル!! ～下宿人はわがままエッチな女の子ばかり～,,2011,游戏,,日向荘の下宿人で、主人公の後輩。一年生。 小悪魔系の毒舌少女。 夜中になると部屋からは男の悲鳴が聞こえてくるが、下宿人たちは聞こえないフリをしてスルーしている。 エロいことにも興味津々で、日常会話でも下ネタを躊躇なく発言する。 「ところで、お兄様の皮はいつ剥けたんですか？」,1,0,0,1,1,https://lain.bgm.tv/pic/crt/l/60/78/62629_crt_87VhF.jpg,https://lain.bgm.tv/r/400/pic/crt/l/60/78/62629_crt_87VhF.jpg,,,,,https://bgm.tv/character/62629,,62629
bgm-bgm105701,bangumi,7,7,,日浦茜,日浦茜,Akane Hiura,,其他,O,,动画|漫画,动画,ワールドトリガー 3rdシーズン,境界触发者 第三季,2021,动画,"[{""t"":""ワールドトリガー 3rdシーズン"",""cn"":""境界触发者 第三季"",""ty"":""动画"",""y"":2021,""pop"":0},{""t"":""ワールドトリガー"",""cn"":""境界触发者"",""ty"":""漫画"",""y"":2013,""pop"":0},{""t"":""ワールドトリガー 2ndシーズン"",""cn"":""境界触发者 第二季"",""ty"":""动画"",""y"":2021,""pop"":0},{""t"":""ワールドトリガー"",""cn"":""境界触发者"",""ty"":""动画"",""y"":2014,""pop"":0}]",那須隊の若きスナイパーで、明るく人懐っこい愛されキャラ。中学卒業後にボーダーを辞めることが決まっており、最後にチーム初のＢ級上位入りを目指している。,1,0,0,1,,,,,,,,https://bgm.tv/character/105701,,105701
bgm-bgm75343,bangumi,7,7,,袴田汐里,袴田汐里,Hakamada Shiori,,其他,B,,Galgame,Galgame,なりそこないのよすが,,2019,Galgame,,櫬前高校３年生。縁と愁一の先輩。 明朗で活発な性格で、オカルトを愛好している。 好きなものに全力で、時折熱くなりすぎて我を忘れかけることも。 性別を意識せず誰とでもフレンドリーに接する。 オカルトに夢中で色恋沙汰に関心がないため、ケイトから好意を寄せられていることにも全く気付いていない。,1,0,0,1,,https://lain.bgm.tv/pic/crt/l/6d/28/75343_crt_p35Ld.jpg,https://lain.bgm.tv/r/400/pic/crt/l/6d/28/75343_crt_p35Ld.jpg,,,,,https://bgm.tv/character/75343,,75343
bgm-bgm109454,bangumi,7,7,,门仓利运,門倉利運,Kadokura Toshiyuki,門倉元看守部長 / 門倉看守部長,其他,,,动画|漫画,漫画,ゴールデンカムイ,黄金神威,2015,漫画,"[{""t"":""ゴールデンカムイ"",""cn"":""黄金神威"",""ty"":""漫画"",""y"":2015,""pop"":0},{""t"":""ゴールデンカムイ 第3期"",""cn"":""黄金神威 第三季"",""ty"":""动画"",""y"":2020,""pop"":0},{""t"":""ゴールデンカムイ 第2期"",""cn"":""黄金神威 第二季"",""ty"":""动画"",""y"":2018,""pop"":0},{""t"":""ゴールデンカムイ 第4期"",""cn"":""黄金神威 第四季"",""ty"":""动画"",""y"":2022,""pop"":0},{""t"":""ゴールデンカムイ 最終章"",""cn"":""黄金神威 最终章"",""ty"":""动画"",""y"":2026,""pop"":0},{""t"":""ゴールデン道画劇場 第4期"",""cn"":""黄金神威 小剧场 第四季"",""ty"":""动画"",""y"":2022,""pop"":0}]",,1,0,0,1,,,,,,,,https://bgm.tv/character/109454,,109454
bgm-bgm11404,bangumi,7,7,,栗原渚,栗原渚,Kurihara Nagisa,栗ちゃん,其他,B,,动画,动画,スケッチブック～full color's～,素描本,2007,动画,,喜欢大自然，常在山水之间游历。还有丰富的动植物知识，对记载了实地考察资料图鉴上的时大概都会了解。但是，以学生来说对实际接触动植物的经验有限，也曾在图鉴里没记载过的初次遇到的昆虫前感到困惑。除了大自然之外，亦有丰富的常识。与树树关系特别好。,1,0,0,1,,,,,,,,https://bgm.tv/character/11404,,11404
bgm-bgm74231,bangumi,7,7,,舞子·玛耶·斯特隆斯卡亚,舞子・マイヤ・ストロンスカヤ,Maiko Maya Stronskaya,舞子·玛娅·斯托隆斯卡娅 / 舞子·玛雅·斯特朗斯卡雅,其他,,,动画,动画,劇場版 PSYCHO-PASS サイコパス PROVIDENCE,剧场版 心理测量者 PROVIDENCE,2023,动画,"[{""t"":""劇場版 PSYCHO-PASS サイコパス PROVIDENCE"",""cn"":""剧场版 心理测量者 PROVIDENCE"",""ty"":""动画"",""y"":2023,""pop"":0},{""t"":""PSYCHO-PASS サイコパス 3 FIRST INSPECTOR"",""cn"":""心理测量者3 FIRST INSPECTOR"",""ty"":""动画"",""y"":2020,""pop"":0},{""t"":""PSYCHO-PASS サイコパス 3"",""cn"":""心理测量者3"",""ty"":""动画"",""y"":2019,""pop"":0}]",炯の配偶者である、同じくロシア系移民の女性。24歳。灼からは「舞ちゃん」と呼ばれ、三人で食卓を囲むこともある。フードプリンターに頼らずに作る祖国の郷土料理の味は絶品。 灼と炯の共通の幼馴染だが、出島で暮らした後に一度祖国に戻って徴兵義務をこなした軍役経験者であり、格闘術や銃器取り扱いの心得を持つ。空爆によって母親を失うとともに視力を失い、介助AIの随伴が欠かせなかったが、後に手術によって視力を取り戻す。,1,0,0,1,,,,,,,,https://bgm.tv/character/74231,,74231
bgm-bgm95468,bangumi,7,7,,冥加理雨,冥加りう,Myoga Riu,,其他,O,,动画|漫画,漫画,魔都精兵のスレイブ,魔都精兵的奴隶,2019,漫画,"[{""t"":""魔都精兵のスレイブ"",""cn"":""魔都精兵的奴隶"",""ty"":""漫画"",""y"":2019,""pop"":0},{""t"":""魔都精兵のスレイブ2"",""cn"":""魔都精兵的奴隶 第二季"",""ty"":""动画"",""y"":2026,""pop"":0}]",一番組 副組長。一番組の前組長を経て現在は副組長として部隊を支える。京香や木乃実の師匠。,1,0,0,1,,,,,,,,https://bgm.tv/character/95468,,95468
bgm-bgm43669,bangumi,7,7,,黄巧依,黄巧依,Ou Koui,黄巧衣,其他,,,动画|漫画,动画,チーティングクラフト,一课一练,2016,动画,"[{""t"":""チーティングクラフト"",""cn"":""一课一练"",""ty"":""动画"",""y"":2016,""pop"":0},{""t"":""作弊艺术"",""cn"":""作弊艺术"",""ty"":""漫画"",""y"":2012,""pop"":0}]",諸葛睦明の従姉妹。 睦明のL型パートナーとして、臨仙学園に入学。明晰な頭脳を活かし、睦明と共に試験を挑む。,1,0,0,1,,,,,,,,https://bgm.tv/character/43669,,43669
bgm-bgm6456,bangumi,7,7,,里中逸刚,里中逸剛,Satonaka Ikkou,,其他,,,动画,动画,あまえないでよっ!! 喝!!,不要撒娇呦!! 喝!!,2006,动画,"[{""t"":""あまえないでよっ!! 喝!!"",""cn"":""不要撒娇呦!! 喝!!"",""ty"":""动画"",""y"":2006,""pop"":0},{""t"":""あまえないでよっ!!"",""cn"":""不要撒娇哦!!"",""ty"":""动画"",""y"":2005,""pop"":0}]",赛円寺寮众1回生 东统泉高等学校1年B组 为了成为一个合格的僧，在祖母净德职住着，赛円寺修行。能通过各种H的事情使法力觉醒。但在保护千岁时也曾使法力觉醒。,1,0,0,1,,,,,,,,https://bgm.tv/character/6456,,6456
bgm-bgm29727,bangumi,7,7,,诗穂,詩穂,Shiho,,其他,A,,漫画,漫画,シスプラス,妹相伴+,2012,漫画,,次女。高校2年生。A型。7月7日生まれ。身長158センチメートル、3サイズはB80 W58 H83。 姉妹の中では常識人で、兄の変態行動に対しきつく当たることが多く、その際の強さは兄を凌駕する。普段はそんな兄の姿に呆れているが、一方で兄に素直に接することができない自分にも悩んでいる。 茶髪のショートカットで、貧乳をかなり気にしている。海に泳ぎに行った時は合う水着がないためスクール水着で泳いだ。,1,0,0,1,,,,,,,,https://bgm.tv/character/29727,,29727
bgm-bgm74463,bangumi,7,7,,白鸟策,白鳥策,Shiratori Hakaru,,其他,,,动画|漫画,动画,大正オトメ御伽話,大正处女御伽话,2021,动画,"[{""t"":""大正オトメ御伽話"",""cn"":""大正处女御伽话"",""ty"":""动画"",""y"":2021,""pop"":0},{""t"":""大正処女御伽話"",""cn"":""大正处女御伽话"",""ty"":""漫画"",""y"":2016,""pop"":0}]",珠彦と同時に私立歌枕（かつらぎ）高等学校に編入した美男子。大人気歌手・白鳥 ことりの双子の兄。,1,0,0,1,,,,,,,,https://bgm.tv/character/74463,,74463
bgm-bgm63606,bangumi,7,7,,竹乃内菜菜,竹乃内菜々,Takenouchi Nana,ナナ、菜菜,其他,,,动画|漫画,动画,ムヒョとロージーの魔法律相談事務所 第2期,魔法律事务所 第二季,2020,动画,"[{""t"":""ムヒョとロージーの魔法律相談事務所 第2期"",""cn"":""魔法律事务所 第二季"",""ty"":""动画"",""y"":2020,""pop"":0},{""t"":""ムヒョとロージーの魔法律相談事務所"",""cn"":""魔法律事务所"",""ty"":""动画"",""y"":2018,""pop"":0},{""t"":""ムヒョとロージーの魔法律相談事務所"",""cn"":""魔法律事务所"",""ty"":""漫画"",""y"":2005,""pop"":0}]",想成为摄影师的女子高中生。 和六冰还算合得来，喜欢郎次泡的红茶。,1,0,0,1,,,,,,,,https://bgm.tv/character/63606,,63606
bgm-bgm26199,bangumi,7,7,,月岛希良梨,月島きらり,Tsukishima Kirari,月岛喜乐里,其他,O,,动画,动画,きらりん☆レボリューション,偶像宣言,2006,动画,"[{""t"":""きらりん☆レボリューション"",""cn"":""偶像宣言"",""ty"":""动画"",""y"":2006,""pop"":0},{""t"":""きらりん☆レボリューション STAGE3"",""cn"":""偶像宣言STAGE3"",""ty"":""动画"",""y"":2008,""pop"":0}]",主角。贪吃的14岁国中生（新人偶像）。7月7日生，身高155厘米，体重40公斤，血型O型。最爱吃章鱼烧、可丽饼，食量惊人，可以吃150个以上的可丽饼。饲养著宠物小納，可以听懂猫的语言。初期因为kirarin对SHIPS的日渡星司一见钟情，为了接近星司，所以立志要成为偶像而发表要成为偶像的宣言。后来在村西社长的建议下，转学到SHIPS读的学校（小石川学园），跟小仓绘理奈同班。后来工作期间面对宙人对自己的温柔，而开始喜欢宙人[1]，并于漫画第十四期向宙人表白。,1,0,0,1,,,,,,,,https://bgm.tv/character/26199,,26199
bgm-bgm42437,bangumi,7,7,,逢泽游宇,逢沢遊宇,Yuu Aizawa,,其他,O,,游戏,游戏,ラブライブ！スクールアイドルフェスティバル,LoveLive! 学园偶像祭,2013,游戏,,アプリゲーム「ラブライブ!スクールアイドルフェスティバル」に登場する、一般部員の一人。,1,0,0,1,,https://lain.bgm.tv/pic/crt/l/f5/53/42437_crt_6VUj1.jpg?r=1465665861,https://lain.bgm.tv/r/400/pic/crt/l/f5/53/42437_crt_6VUj1.jpg?r=1465665861,https://storage.moegirl.org.cn/moegirl/commons/3/39/1377934677.jpg!/fw/480/watermark/url/L21vZWdpcmwvd2F0ZXJtYXJrLnBuZw==/align/southeast/margin/10x10/opacity/50?v=20140605153517|https://storage.moegirl.org.cn/moegirl/commons/3/39/1377934677.jpg,,图源:moegirl,,https://bgm.tv/character/42437,,42437
bgm-bgm176113,bangumi,7,7,,小泉花梨,小泉花梨,,,其他,O,,漫画,漫画,アイシールド21,光速蒙面侠21,2002,漫画,,,0,0,0,0,,,,,,,,https://bgm.tv/character/176113,,176113
bgm-bgm173591,bangumi,7,7,,芙兰琉莱·赫勒比勒夏因,フランリューレ・ヘルヴィルシャイン,,,其他,,,漫画,漫画,異世界迷宮の最深部を目指そう,异世界迷宫最深部为目标,2014,漫画,,『四大貴族』の一つ、ヘルヴィルシャイン家の七女。ハインの妹。長い金髪をツインテールにした少女で、「〜ですわ」口調。 風魔法と双剣を使う騎士。ペルシオナ・ラグネとの連携では砲台役だった。体術の心得もある。 エルトラリュー学院に通っており、試験でパーティーのリーダーとして迷宮を訪れた際にカナミに窮地を救われて惚れているが、当のカナミには苦手意識を持たれている。 聖誕祭の後、三名の欠員が出た『天上の七騎士』に、序列六位で数合わせとして入る。,0,0,0,0,,,,,,,,https://bgm.tv/character/173591,,173591
bgm-bgm173618,bangumi,7,7,,狮子尾一麿,獅子尾一麿,,,其他,,,动画|漫画,动画,ボールパークでつかまえて！,阳光马达棒球场！,2025,动画,"[{""t"":""ボールパークでつかまえて！"",""cn"":""阳光马达棒球场！"",""ty"":""动画"",""y"":2025,""pop"":0},{""t"":""ボールパークでつかまえて！"",""cn"":""阳光马达棒球场！"",""ty"":""漫画"",""y"":2021,""pop"":0}]",ドラフト1位で千葉モーターサンズに入団。一宮と同期。ポジションはショート。1番打者。 ルックスが良く女性人気が高い。三井のことをよくいじる。,0,0,0,0,,,,,,,,https://bgm.tv/character/173618,,173618
bgm-bgm221672,bangumi,7,7,,罗玲玲,라해준,,,其他,A,,漫画,漫画,피라미드 게임,金字塔游戏,,漫画,,,0,0,0,0,,,,,,,,https://bgm.tv/character/221672,,221672
bgm-bgm187072,bangumi,7,7,,福留心美,福留心美,,,其他,,,动画|漫画,漫画,青のオーケストラ,蓝色管弦乐,2017,漫画,"[{""t"":""青のオーケストラ"",""cn"":""蓝色管弦乐"",""ty"":""漫画"",""y"":2017,""pop"":0},{""t"":""青のオーケストラ 第2期"",""cn"":""蓝色管弦乐 第二季"",""ty"":""动画"",""y"":2025,""pop"":0}]",2年生。思いやりがあり、気配り上手で面倒見もよい。オケ部のお母さん的存在で、後輩からの人望も厚い。以前はパートリーダーの候補でもあった。気まずいときに両指を合わせる癖がある。 パート： 2ndヴァイオリン,0,0,0,0,,,,,,,,https://bgm.tv/character/187072,,187072
bgm-bgm52241,bangumi,7,7,,,星海こよい,,,其他,O,,游戏,游戏,メルクストーリア - 癒術士と鈴のしらべ -,梅露可物语 - 愈术士与铃之旋律 -,2014,游戏,"[{""t"":""メルクストーリア - 癒術士と鈴のしらべ -"",""cn"":""梅露可物语 - 愈术士与铃之旋律 -"",""ty"":""游戏"",""y"":2014,""pop"":0},{""t"":""あんさんぶるガールズ!!"",""cn"":"""",""ty"":""游戏"",""y"":2013,""pop"":0}]",,0,0,0,0,,https://lain.bgm.tv/pic/crt/l/2e/90/52241_crt_OEJwe.jpg?r=1489237622,https://lain.bgm.tv/r/400/pic/crt/l/2e/90/52241_crt_OEJwe.jpg?r=1489237622,,,,,https://bgm.tv/character/52241,,52241
bgm-bgm169963,bangumi,7,7,,山野边由纪,山野辺由紀,,淡雪エリカ / 淡雪绘理华,其他,,,动画|漫画,动画,2.5次元の誘惑,2.5次元的诱惑,2024,动画,"[{""t"":""2.5次元の誘惑"",""cn"":""2.5次元的诱惑"",""ty"":""动画"",""y"":2024,""pop"":0},{""t"":""2.5次元の誘惑"",""cn"":""2.5次元的诱惑"",""ty"":""漫画"",""y"":2019,""pop"":0}]",ストイックなまでに体を鍛え上げたコスプレイヤー。 大学2年生の時にエリカ（生地絵理華）と出会い、意気投合。彼女と組んで「淡雪エリカ」のコスプレイヤー役として活躍し、四天王の一角に上り詰める。,0,0,0,0,,,,,,,,https://bgm.tv/character/169963,,169963
bgm-bgm68851,bangumi,7,7,,札克,ザック,,萨克 / QII863-552,其他,,,漫画,漫画,約束のネバーランド,约定的梦幻岛,2016,漫画,,18岁，戴着头带的黑皮肤少年，医疗担当。 擅长战斗，因为常常受伤而相当擅长处理伤口。,0,0,0,0,,,,,,,,https://bgm.tv/character/68851,,68851
bgm-bgm75419,bangumi,7,7,,,雀,,,其他,,,游戏,游戏,VOEZ,兰空,2016,游戏,,雀天生就有一種吸引人、讓人感到舒服的特質，天然呆又無心機的個性讓所有人都很樂於跟她相處。擅長製作麵包和點心的雀可以說是和昇西點的活招牌，許多客人都特別喜歡來跟她買麵包。 熱心的個性在雀擔任班長的時候表露無疑，凡是班級上的大小事情，雀都很積極地想要幫忙，但有時候卻會讓自己變得手忙腳亂。 加入樂團之後擔任主唱的位置，寬廣的音域和具有穿透力的聲音讓她能勝任各式各樣的曲風，也讓樂團的音樂風格更加多元。,0,0,0,0,,https://lain.bgm.tv/pic/crt/l/9b/48/75419_crt_EN2Ho.jpg,https://lain.bgm.tv/r/400/pic/crt/l/9b/48/75419_crt_EN2Ho.jpg,,,,,https://bgm.tv/character/75419,,75419
bgm-bgm123679,bangumi,7,7,,,董医生,,,其他,,,Galgame,Galgame,零岁的星光,零岁的星光,2023,Galgame,,悠兰大学附属医院(YUH)精神科医生、医学部精神病学兼职讲师，因为有出色的能力在导师默许和指导下负责YUH港区分院的门诊，精通孤独症谱系障碍、焦虑症、抑郁症方面的诊断和治疗。虽然教学风格有趣(长得可爱)很受学生欢迎，但是因为其散漫的态度，以及在医学无关的考试方面分数考核不及格没有评上副主任医师，这也导致其在医学部讲师地位也岌岌可危。,0,0,0,0,,https://lain.bgm.tv/pic/crt/l/d8/25/123679_crt_Fxsqr.jpg,https://lain.bgm.tv/r/400/pic/crt/l/d8/25/123679_crt_Fxsqr.jpg,,,,,https://bgm.tv/character/123679,,123679
bgm-bgm183762,bangumi,7,7,,纳纳托·三日月,ナナト・ミカヅキ,,,其他,,,漫画,漫画,先生! 僕たちが世界を滅ぼします。,老师！我们将会毁灭世界。,2023,漫画,,2年D班 学号07号 矛盾型悲观男,0,0,0,0,,,,,,,,https://bgm.tv/character/183762,,183762
bgm-bgm129895,bangumi,7,7,,青山光男,青山光男,,,其他,O,,动画|漫画,动画,新しい上司はど天然,新上司是天然呆,2023,动画,"[{""t"":""新しい上司はど天然"",""cn"":""新上司是天然呆"",""ty"":""动画"",""y"":2023,""pop"":0},{""t"":""新しい上司はど天然"",""cn"":""新上司是天然呆"",""ty"":""漫画"",""y"":2019,""pop"":0}]",白崎たちが所属する部の課長。 過去のトラウマで自己評価がかなり低く、寂しがり屋。,0,0,0,0,,,,,,,,https://bgm.tv/character/129895,,129895
bgm-bgm176132,bangumi,7,7,,,クルルァ＝ナクア,,,其他,なし,,Galgame,Galgame,ぼくらの放課後戦争！,,2017,Galgame,,魔界を支配する幼き魔王。世界を破滅させうるほどの力を秘めるが、穏やかな性格故に暴走しないよう気を遣って生きてきた。現在は色々あって魔力を封印、主人公の奴隷という立場。,0,0,0,0,,https://lain.bgm.tv/pic/crt/l/13/ce/176132_crt_S6J6a.jpg,https://lain.bgm.tv/r/400/pic/crt/l/13/ce/176132_crt_S6J6a.jpg,,,,,https://bgm.tv/character/176132,,176132
bgm-bgm198552,bangumi,7,7,,天羽总一郎,天羽総一郎,,,其他,,,动画|漫画,动画,岩元先輩ノ推薦,岩元前辈的推荐,2026,动画,"[{""t"":""岩元先輩ノ推薦"",""cn"":""岩元前辈的推荐"",""ty"":""动画"",""y"":2026,""pop"":0},{""t"":""岩元先輩ノ推薦"",""cn"":""岩元前辈的推荐"",""ty"":""漫画"",""y"":2021,""pop"":0}]",栖鳳中学二年生。 一見怪しい色男。自称「怪盗」で手癖が悪い。 学園の生徒ではあるが、不登校気味で岩元から気にかけられている。,0,0,0,0,,,,,,,,https://bgm.tv/character/198552,,198552
bgm-bgm175765,bangumi,7,7,,三角叶多,三角叶多,,,其他,,,漫画,漫画,極楽街,极乐街,2022,漫画,,,0,0,0,0,,,,,,,,https://bgm.tv/character/175765,,175765
bgm-bgm180647,bangumi,7,7,,痣木宵丸,痣木宵丸,,,其他,,,动画|漫画,动画,デッドアカウント,死亡账号,2026,动画,"[{""t"":""デッドアカウント"",""cn"":""死亡账号"",""ty"":""动画"",""y"":2026,""pop"":0},{""t"":""デッドアカウント"",""cn"":""死亡账号"",""ty"":""漫画"",""y"":2023,""pop"":0}]",一階乙組担任 現役時代は天才と称された霊媒師だったが、今は後進育成に力を注いでいる。デジタル音痴で女性への免疫もゼロ。,0,0,0,0,,,,,,,,https://bgm.tv/character/180647,,180647
bgm-bgm209956,bangumi,7,7,,,藤宮かなで,Fujimiya Kanade,,其他,O,,Galgame,Galgame,Aster,,2007,Galgame,,,0,0,0,0,1,https://lain.bgm.tv/pic/crt/l/0f/f1/209956_crt_22aAW.jpg,https://lain.bgm.tv/r/400/pic/crt/l/0f/f1/209956_crt_22aAW.jpg,,,,,https://bgm.tv/character/209956,,209956
bgm-bgm23799,bangumi,7,7,,钵岭拓磨,鉢嶺拓磨,Hchimine Takuma,,其他,A,,动画,动画,メガネブ！,眼镜部,2013,动画,,おっとりとしたマイペースなメガネ部部員。２年生。見た目は王子様のように恰好いいが、あらゆるセンスが絶望的に無い。仲が良く慕う兄が二人いる。,0,0,0,0,,,,,,,,https://bgm.tv/character/23799,,23799
bgm-bgm187430,bangumi,7,7,,希斯克利夫,히스클리프,Heathcliff,,其他,,,游戏,游戏,Limbus Company,边狱巴士公司,2023,游戏,,논리적인 사고보다는 행동으로 실행하는 것을 더 선호하는 수감자입니다. 생각과 감정이 표정과 말에서 다 드러나며 숨길 노력도 하지 않으므로 관리자님과의 관계 형성에서 두통을(또는 물리적인 외상까지...) 유발할 수도 있습니다. 수감자의 사고 체계에 심각한 문제가 있는 것은 아님을 숙지해 주시길 바랍니다. 만일 장시간 동안 분노가 가라앉지 않는다면 인사 부서에 문의주세요.,0,0,0,0,,https://lain.bgm.tv/pic/crt/l/f8/0e/187430_crt_e55fX.jpg?r=1760782137,https://lain.bgm.tv/r/400/pic/crt/l/f8/0e/187430_crt_e55fX.jpg?r=1760782137,https://storage.moegirl.org.cn/moegirl/commons/e/e7/%E8%BE%B9%E7%8B%B1-%E5%B8%8C%E6%96%AF%E5%85%8B%E5%88%A9%E5%A4%AB.jpg!/fw/480/watermark/url/L21vZWdpcmwvd2F0ZXJtYXJrLnBuZw==/align/southeast/margin/10x10/opacity/50?v=20230404073337|https://storage.moegirl.org.cn/moegirl/commons/e/e7/%E8%BE%B9%E7%8B%B1-%E5%B8%8C%E6%96%AF%E5%85%8B%E5%88%A9%E5%A4%AB.jpg,,图源:moegirl,,https://bgm.tv/character/187430,,187430
bgm-bgm146948,bangumi,7,7,,圣伊织,聖伊織,Hijiri Iori,,其他,A,,动画|漫画,漫画,マジカル☆エクスプローラー エロゲの友人キャラに転生したけど、ゲーム知識使って自由に生きる,魔法★探险家 转生为成人游戏万年男二又怎样，我要活用游戏知识自由生活,2021,漫画,"[{""t"":""マジカル☆エクスプローラー エロゲの友人キャラに転生したけど、ゲーム知識使って自由に生きる"",""cn"":""魔法★探险家 转生为成人游戏万年男二又怎样，我要活用游戏知识自由生活"",""ty"":""漫画"",""y"":2021,""pop"":0},{""t"":""マジカル★エクスプローラー"",""cn"":""魔法★探险家"",""ty"":""动画"",""y"":2026,""pop"":0},{""t"":""マジカル★エクスプローラー エロゲの友人キャラに転生したけど、ゲーム知識使って自由に生きる"",""cn"":""魔法★探险家 转生为成人游戏万年男二又怎样，我要活用游戏知识自由生活"",""ty"":""漫画"",""y"":2019,""pop"":0}]",游戏版《魔探》的男主角。外表平凡无奇，但只要善加培养就能成为游戏中的最强角色。 ゲーム『マジカル★エクスプローラー』の主人公。 見た目は平々凡々だが、育て方次第で最強クラスの力を発揮する存在。 本来なら数々のヒロインと出会い、物語の中心に立つはずの人物。 幸助にとっては、ゲーム世界を生き抜くにあたって特に重要な存在となる。,0,0,0,0,,,,,,,,https://bgm.tv/character/146948,,146948
bgm-bgm105682,bangumi,7,7,,当真勇,当真勇,Isami Toma,,其他,AB,,动画|漫画,动画,ワールドトリガー 3rdシーズン,境界触发者 第三季,2021,动画,"[{""t"":""ワールドトリガー 3rdシーズン"",""cn"":""境界触发者 第三季"",""ty"":""动画"",""y"":2021,""pop"":0},{""t"":""ワールドトリガー"",""cn"":""境界触发者"",""ty"":""漫画"",""y"":2013,""pop"":0},{""t"":""ワールドトリガー 2ndシーズン"",""cn"":""境界触发者 第二季"",""ty"":""动画"",""y"":2021,""pop"":0},{""t"":""ワールドトリガー"",""cn"":""境界触发者"",""ty"":""动画"",""y"":2014,""pop"":0}]",リーゼントがトレードマークの、ボーダーNo.1スナイパー。イーグレットの名手であり、「外れる弾は撃たない」を信条に、高い射撃精度を誇る。,0,0,0,0,,,,,,,,https://bgm.tv/character/105682,,105682
bgm-bgm1121,bangumi,7,7,,杰诺斯·哈萨德,ジェノス＝ハザード,Jenos Hazard,杰诺斯·哈萨德（No.VII）,其他,B,,动画|漫画,动画,BLACK CAT,黑猫,2005,动画,"[{""t"":""BLACK CAT"",""cn"":""黑猫"",""ty"":""动画"",""y"":2005,""pop"":0},{""t"":""BLACK CAT"",""cn"":""黑猫"",""ty"":""漫画"",""y"":2001,""pop"":0}]",糸を使う時の番人（クロノ・ナンバーズ）NO.VII。 ナンパが趣味だが成功率は低い。 自称是时间守护者中最珍惜淑女的人，对琳斯颇有好感。虽然是几年前就加入时间守护者，不过好像几乎没见过托雷，基本上，其他的守护者都在世界各地奔走，很多人都彼此不相识。装备是“ECTHELON”（银线）。,0,0,0,0,,,,,,,,https://bgm.tv/character/1121,,1121
bgm-bgm95392,bangumi,7,7,,,菊池リョウ,Kikuchi Ryou,,其他,,,游戏|Galgame,Galgame,マミヤ　-DownFall-,,2017,Galgame,"[{""t"":""マミヤ　-DownFall-"",""cn"":"""",""ty"":""Galgame"",""y"":2017,""pop"":0},{""t"":""マミヤ　-Fall Down-"",""cn"":"""",""ty"":""Galgame"",""y"":2016,""pop"":0},{""t"":""マミヤ -DoomsDay Dreams-"",""cn"":"""",""ty"":""Galgame"",""y"":2023,""pop"":0},{""t"":""世界滅亡共有幻想マミヤ"",""cn"":""世界灭亡共有幻想MAMIYA"",""ty"":""游戏"",""y"":2026,""pop"":0}]",バイトを掛け持ちしながら歳の離れた妹の世話をしている。 うさぎのマミヤは彼のパパを名乗る。,0,0,0,0,,https://lain.bgm.tv/pic/crt/l/5e/7a/95392_crt_wZ24e.jpg,https://lain.bgm.tv/r/400/pic/crt/l/5e/7a/95392_crt_wZ24e.jpg,,,,,https://bgm.tv/character/95392,,95392
bgm-bgm157272,bangumi,7,7,,利亚,リーヤ,Leeya,利亞,其他,,,Galgame,Galgame,夢王国と眠れる100人の王子様,梦王国与沉睡的100名王子,2015,Galgame,,彩虹之國・奧茲的王子。雖然外表看起來很粗魯，但實際上是喜歡幫助人的性格。從前由奧斯瓦爾德那裡得到智慧後變成天才，就一直被大家所依賴著。為了守護西邊森林不被烏鴉一族侵略，正進行著某項計畫。,0,0,0,0,,https://lain.bgm.tv/pic/crt/l/30/5c/157272_crt_or3v7.jpg,https://lain.bgm.tv/r/400/pic/crt/l/30/5c/157272_crt_or3v7.jpg,,,,,https://bgm.tv/character/157272,,157272
bgm-bgm124210,bangumi,7,7,,,ルシア・レアグローブ,Lucia Raregroove,,其他,B,,动画|漫画,漫画,RAVE,圣石小子,1999,漫画,"[{""t"":""RAVE"",""cn"":""圣石小子"",""ty"":""漫画"",""y"":1999,""pop"":0},{""t"":""GROOVE ADVENTURE RAVE"",""cn"":""圣石小子"",""ty"":""动画"",""y"":2001,""pop"":0}]",,0,0,0,0,,,,,,,,https://bgm.tv/character/124210,,124210
bgm-bgm5586,bangumi,7,7,,,マラリヤ,Malariya,,其他,,,动画,动画,クイズマジックアカデミー ～オリジナルアニメーション～,问答魔法学院,2008,动画,,,0,0,0,0,,,,,,,,https://bgm.tv/character/5586,,5586
bgm-bgm154369,bangumi,7,7,,望月仰人,望月仰人,Mochizuki Aoto,,其他,,,动画|漫画,动画,ただいま、おかえり,我回来了，欢迎回来,2024,动画,"[{""t"":""ただいま、おかえり"",""cn"":""我回来了，欢迎回来"",""ty"":""动画"",""y"":2024,""pop"":0},{""t"":""ただいま、おかえり シリーズ"",""cn"":"""",""ty"":""漫画"",""y"":2016,""pop"":0}]",藤吉家のご近所さん。妻を亡くし、男手一つで満を育てる。,0,0,0,0,,,,,,,,https://bgm.tv/character/154369,,154369
bgm-bgm110186,bangumi,7,7,,冈崎章二,岡崎章二,Okazaki Shouji,,其他,A,,动画,动画,ラブオールプレー,羽球青春,2022,动画,,遊佐と同学年の全国区の選手。気迫にあふれ相手を圧倒するプレーを得意としているが、遊佐には一度も勝つことができていないため、打倒遊佐に燃えている。,0,0,0,0,,,,,,,,https://bgm.tv/character/110186,,110186
bgm-bgm55214,bangumi,7,7,,苑原千明,苑原千明,Sonohara Chiaki,,其他,,,动画|漫画,漫画,ナナマル サンバツ,猜谜王,2011,漫画,"[{""t"":""ナナマル サンバツ"",""cn"":""猜谜王"",""ty"":""漫画"",""y"":2011,""pop"":0},{""t"":""ナナマル サンバツ"",""cn"":""猜谜王"",""ty"":""动画"",""y"":2017,""pop"":0}]",私立麻ヶ丘女子高校の３年生で、クイ研の部長。話し方や所作からも分かるように、育ちの良いお嬢さんらしい。,0,0,0,0,,,,,,,,https://bgm.tv/character/55214,,55214
bgm-bgm65635,bangumi,7,7,,住森麻夕,住森麻夕,Sumimori Mayu,11/イレブン,其他,,,动画,动画,デビルズライン,魔性之线,2018,动画,,CCCではコードネーム「11」（イレブン）。 経理・情報収集を担当しているが、細かい作業が苦手で、よくミスをする。 ゼロツー（菊原）に心酔しており体の関係も持ったが、作戦Bが円滑に進まなかったことからゼロツーへの恋心は薄まっている。色々あり現在はレーロク（牧村）が気になっている。 自分の可愛い本名と顔にコンプレックスがあり、美形の両親や姉妹に対し激しい劣等感を抱いている。,0,0,0,0,,,,,,,,https://bgm.tv/character/65635,,65635
