id,src,month,day,year,name_cn,name_native,name_romaji,alt_names,gender,blood,age,types,ptype,work,work_cn,work_year,work_fmt,works,summary,heat,fav,votes,collects,nsfw,image,thumb,alts,palette,tags,url_al,url_bgm,url_vndb,bgm_id
bgm-bgm11250,vndb,9,9,,莲,レン,Len,Len,女,AB,,动画|漫画|游戏|Galgame,Galgame,月姫,月姬,2000,Galgame,"[{""t"":""月姫"",""cn"":""月姬"",""ty"":""Galgame"",""y"":2000,""pop"":11533},{""t"":""歌月十夜"",""cn"":""歌月十夜"",""ty"":""Galgame"",""y"":2001,""pop"":3522},{""t"":""MELTY BLOOD"",""cn"":""月姬格斗"",""ty"":""Galgame"",""y"":2002,""pop"":1869},{""t"":""EXTRAVAGANZA ～蟲愛でる少女～"",""cn"":"""",""ty"":""Galgame"",""y"":2006,""pop"":252},{""t"":""AGEHA ~EXTRAVAGANZA~"",""cn"":"""",""ty"":""Galgame"",""y"":2009,""pop"":59},{""t"":""レンと蟲クンのいちにち"",""cn"":"""",""ty"":""Galgame"",""y"":2006,""pop"":15}]",夢に駆ける黒猫 キャラ特性 歌月十夜のゲストヒロイン トリック＆ガンナータイプ 得意／苦手キャラ 遠野志貴／アルクェイド 全キャラ中ちっこさＮｏ・１。リーチは短く、自身に優れた攻撃手段を持たない為、いまいち強さが曖昧な猫姫さん。 黒いスカートを翻し、くるくると戦うさまはワルツを踊っているようにも見える。 レン本人に攻撃手段はないものの、ランダムに白・茶とら・黒と猫たちを放つ「ミルクとカンとお昼の時間」は猫たちの軌道のデタラメさもあいまって中々に強力な飛び道具。,11533,0,11533,62,,https://lain.bgm.tv/pic/crt/l/e9/9f/11250_crt_XWjF8.jpg?r=1421330541,https://lain.bgm.tv/r/400/pic/crt/l/e9/9f/11250_crt_XWjF8.jpg?r=1421330541,https://t.vndb.org/ch/18/118.jpg|https://t.vndb.org/ch/06/67306.jpg,,Blue Long Curtained Straight Slim Pale Magician Doggy Style Blowjob Red,,https://bgm.tv/character/11250,https://vndb.org/c87,11250
al4605,anilist,9,9,1985,藤林杏,藤林杏,Kyou Fujibayashi,,女,O,,动画|Galgame,动画,ＣＬＡＮＮＡＤ -クラナド-,,2007,动画,"[{""t"":""ＣＬＡＮＮＡＤ -クラナド-"",""cn"":"""",""ty"":""动画"",""y"":2007,""pop"":300168},{""t"":""ＣＬＡＮＮＡＤ ~After Story~ クラナド アフターストーリー"",""cn"":"""",""ty"":""动画"",""y"":2008,""pop"":223532},{""t"":""ＣＬＡＮＮＡＤ ~After Story~ もうひとつの世界 杏編"",""cn"":"""",""ty"":""动画"",""y"":2009,""pop"":56418},{""t"":""劇場版 クラナド"",""cn"":"""",""ty"":""动画"",""y"":2007,""pop"":32052},{""t"":""CLANNAD"",""cn"":"""",""ty"":""Galgame"",""y"":2004,""pop"":11405},{""t"":""かぎなど"",""cn"":""键等"",""ty"":""动画"",""y"":2021,""pop"":10419}]",主人公と同じ学校の３年生。口が悪くおおざっぱな性格をしているけど、面倒見のいい女の子。隣のクラスで委員長をしている。２年の時は、主人公と同じクラスだった。内緒で校則違反となるバイク通学中。おとなしい妹の椋とはちがい、活発なキャラクター。,11405,1399,11405,887,,https://lain.bgm.tv/pic/crt/l/c1/93/7_crt_hHRVz.jpg?r=1692105674,https://lain.bgm.tv/r/400/pic/crt/l/c1/93/7_crt_hHRVz.jpg?r=1692105674,https://s4.anilist.co/file/anilistcdn/character/medium/b4605-a0D3NeVbCz1m.jpg|https://s4.anilist.co/file/anilistcdn/character/large/b4605-a0D3NeVbCz1m.jpg|https://t.vndb.org/ch/27/27927.jpg|https://t.vndb.org/ch/01/145001.jpg,,Violet Waist Length+ Short Straight Teen Slim Pale Proactive Cooking Violet,https://anilist.co/character/4605,https://bgm.tv/character/7,https://vndb.org/c537,7
al4608,anilist,9,9,1985,藤林椋,藤林椋,Ryou Fujibayashi,柊 椋 / Hiiragi Ryou,女,O,,动画|漫画|Galgame,动画,ＣＬＡＮＮＡＤ -クラナド-,,2007,动画,"[{""t"":""ＣＬＡＮＮＡＤ -クラナド-"",""cn"":"""",""ty"":""动画"",""y"":2007,""pop"":300168},{""t"":""ＣＬＡＮＮＡＤ ~After Story~ クラナド アフターストーリー"",""cn"":"""",""ty"":""动画"",""y"":2008,""pop"":223532},{""t"":""ＣＬＡＮＮＡＤ ~After Story~ もうひとつの世界 杏編"",""cn"":"""",""ty"":""动画"",""y"":2009,""pop"":56418},{""t"":""CLANNAD"",""cn"":"""",""ty"":""Galgame"",""y"":2004,""pop"":11405},{""t"":""かぎなど"",""cn"":""键等"",""ty"":""动画"",""y"":2021,""pop"":10419},{""t"":""かぎなど シーズン２"",""cn"":"""",""ty"":""动画"",""y"":2022,""pop"":4885}]",藤林杏的双胞胎妹妹，就读某高中3年D班，朋也班上的班长。和姊姊相反，个性稳重较内向，不太擅长料理。兴趣是进行占卜。最常使用的占卜用具是扑克牌，但她用扑克牌进行占卜结果却不知为何绝对和真正的结果相反，因此意外的成为了另一种准确的指标，每日都有人排队找她占卜。从游戏剧情展开前就暗恋朋也，这一点也是受姐姐杏的影响。志向是成为一名护士。,11405,180,11405,264,,https://lain.bgm.tv/pic/crt/l/7e/95/1013_crt_nrN1N.jpg?r=1692105737,https://lain.bgm.tv/r/400/pic/crt/l/7e/95/1013_crt_nrN1N.jpg?r=1692105737,https://s4.anilist.co/file/anilistcdn/character/medium/4608.jpg|https://s4.anilist.co/file/anilistcdn/character/large/4608.jpg|https://t.vndb.org/ch/33/27933.jpg|https://t.vndb.org/ch/02/145002.jpg,,Violet Bob Cut Short Straight Teen Slim Pale Cooking Blue Apron,https://anilist.co/character/4608,https://bgm.tv/character/1013,https://vndb.org/c6089,1013
al121101,anilist,9,9,2002,白银御行,白銀御行,Miyuki Shirogane,Kaichou (会長) / Prez / Myuu,男,O,17,动画|漫画,动画,かぐや様は告らせたい～天才たちの恋愛頭脳戦～,辉夜大小姐想让我告白 ~天才们的恋爱头脑战~,2019,动画,"[{""t"":""かぐや様は告らせたい～天才たちの恋愛頭脳戦～"",""cn"":""辉夜大小姐想让我告白 ~天才们的恋爱头脑战~"",""ty"":""动画"",""y"":2019,""pop"":558713},{""t"":""かぐや様は告らせたい？～天才たちの恋愛頭脳戦～"",""cn"":""辉夜大小姐想让我告白 ~天才们的恋爱头脑战~"",""ty"":""动画"",""y"":2020,""pop"":434528},{""t"":""かぐや様は告らせたい-ウルトラロマンティック-"",""cn"":""辉夜大小姐想让我告白-超级浪漫-"",""ty"":""动画"",""y"":2022,""pop"":292244},{""t"":""かぐや様は告らせたい -ファーストキッスは終わらない-"",""cn"":""辉夜大小姐想让我告白-初吻不会结束-"",""ty"":""动画"",""y"":2023,""pop"":147967},{""t"":""かぐや様は告らせたい～天才たちの恋愛頭脳戦～"",""cn"":""辉夜大小姐想让我告白 ~天才们的恋爱头脑战~"",""ty"":""漫画"",""y"":2015,""pop"":119314},{""t"":""かぐや様は告らせたい～天才たちの恋愛頭脳戦～OVA"",""cn"":""辉夜大小姐想让我告白？～天才们的恋爱头脑战～ OVA"",""ty"":""动画"",""y"":2021,""pop"":91890}]",本作的另一个主角。秀知院学园高中部2年B班的男学生，担任学生会的会长，有着凶恶的眼神。 和父亲妹妹三人一起生活，妹妹白银圭在秀知院学园初中部就读。 可以说是努力中毒的努力型天才。 一天学习十小时，剩下的时间用来打工。 想告诉四宫辉夜她和猫耳很般配。,9675,9675,0,224,,https://lain.bgm.tv/pic/crt/l/ca/44/66900_crt_26nTL.jpg?r=1545567638,https://lain.bgm.tv/r/400/pic/crt/l/ca/44/66900_crt_26nTL.jpg?r=1545567638,https://s4.anilist.co/file/anilistcdn/character/medium/b121101-Q8HzKP15At2d.png|https://s4.anilist.co/file/anilistcdn/character/large/b121101-Q8HzKP15At2d.png,,,https://anilist.co/character/121101,https://bgm.tv/character/66900,,66900
bgm-bgm52643,vndb,9,9,,西藤环,西藤 環,Saitou Tamaki,六識 命 / Rokushiki Makoto,男,,,Galgame,Galgame,殻ノ少女,壳之少女,2008,Galgame,"[{""t"":""殻ノ少女"",""cn"":""壳之少女"",""ty"":""Galgame"",""y"":2008,""pop"":7899},{""t"":""天ノ少女"",""cn"":""天之少女"",""ty"":""Galgame"",""y"":2020,""pop"":0},{""t"":""殻ノ少女"",""cn"":""壳之少女"",""ty"":""Galgame"",""y"":2008,""pop"":0},{""t"":""虚ノ少女"",""cn"":""虚之少女"",""ty"":""Galgame"",""y"":2013,""pop"":0}]",朽木病理学研究所で精神科に勤めている。 時坂の捜査には協力的で、時には精神科の観点からアドバイスをしてくれることもある。,7899,0,7899,8,,https://lain.bgm.tv/pic/crt/l/22/97/52643_crt_zn70p.jpg,https://lain.bgm.tv/r/400/pic/crt/l/22/97/52643_crt_zn70p.jpg,https://t.vndb.org/ch/79/149379.jpg,,Curtained Short Pale Sweater Villain Adult Pretending Father Full Brother Uncle,,https://bgm.tv/character/52643,https://vndb.org/c4100,52643
bgm-bgm27797,vndb,9,9,,绫濑香纯,綾瀬 香純,Ayase Kasumi,Bakasumi / Twitsumi,女,O,,动画|Galgame,Galgame,Dies irae ~Acta est Fabula~,,2009,Galgame,"[{""t"":""Dies irae ~Acta est Fabula~"",""cn"":"""",""ty"":""Galgame"",""y"":2009,""pop"":3862},{""t"":""Dies irae 〜Acta est Fabula〜"",""cn"":""神怒之日 ～剧终～"",""ty"":""Galgame"",""y"":2009,""pop"":0},{""t"":""Dies irae ～Amantes amentes～"",""cn"":""神怒之日：为爱痴狂"",""ty"":""Galgame"",""y"":2012,""pop"":0},{""t"":""Dies irae -Also sprach Zarathustra-"",""cn"":""神怒之日 -查拉图斯特拉如是说-"",""ty"":""Galgame"",""y"":2007,""pop"":0},{""t"":""Dies irae"",""cn"":""神怒之日"",""ty"":""动画"",""y"":2017,""pop"":0}]",女子剑道部部长。好胜加上男人味，与莲是互你耍我我耍你的关系。 与以坏名声而出名的莲不同，以明快而亲切的好人性格，以及全国级别的剑技得到很高的知名度。 基本上是个大大咧咧的人，但也有着很紧张莲的体贴入微的一面。 总是装着一副大姐姐的模样，但其实并不合称。,3862,0,3862,19,,https://lain.bgm.tv/pic/crt/l/47/0c/27797_crt_CfGOp.jpg,https://lain.bgm.tv/r/400/pic/crt/l/47/0c/27797_crt_CfGOp.jpg,https://t.vndb.org/ch/41/75241.jpg,,Brown Ahoge Short Straight Brown Teen Slim Pale Assault Virgin Sex,,https://bgm.tv/character/27797,https://vndb.org/c29000,27797
al16058,anilist,9,9,,心,心,Shin,Senpai,男,,28,动画|漫画,动画,ドロヘドロ,异兽魔都,2020,动画,"[{""t"":""ドロヘドロ"",""cn"":""异兽魔都"",""ty"":""动画"",""y"":2020,""pop"":190420},{""t"":""ドロヘドロ"",""cn"":""异兽魔都"",""ty"":""漫画"",""y"":2000,""pop"":88381},{""t"":""ドロヘドロ Season 2"",""cn"":""异兽魔都 第二季"",""ty"":""动画"",""y"":2026,""pop"":44125},{""t"":""ドロヘドロ 魔のおまけ"",""cn"":"""",""ty"":""动画"",""y"":2020,""pop"":24566}]",煙の部下の掃除屋。身長196cm。体重116kg。足のサイズ33cm。 心臓を模したマスクと継ぎ接ぎだらけの腕が特徴。普段はマスクを後ろ向きに被っている。マスクをしていない時はメガネを着用している。ブラックスーツにスニーカーを合わせた格好をしている。釘抜き付きのハンマーを武器として操り、何もかもをバラバラにする魔法を使う。人間、魔法使いは生きたままバラバラにできる。,3054,3054,0,28,,https://lain.bgm.tv/pic/crt/l/ff/12/72113_crt_yjZW2.jpg,https://lain.bgm.tv/r/400/pic/crt/l/ff/12/72113_crt_yjZW2.jpg,https://s4.anilist.co/file/anilistcdn/character/medium/b16058-WGqEK3I9bH7c.jpg|https://s4.anilist.co/file/anilistcdn/character/large/b16058-WGqEK3I9bH7c.jpg,,,https://anilist.co/character/16058,https://bgm.tv/character/72113,,72113
bgm-bgm611,vndb,9,9,,广野纮,広野 紘,Hirono Hiro,紘紘 / Hirohiro,男,O,,动画|Galgame,Galgame,ef - a fairy tale of the two.,,2006,Galgame,"[{""t"":""ef - a fairy tale of the two."",""cn"":"""",""ty"":""Galgame"",""y"":2006,""pop"":2878},{""t"":""ef - a fairy tale of the two."",""cn"":"""",""ty"":""Galgame"",""y"":2006,""pop"":2878},{""t"":""ef - a fairy tale of the two."",""cn"":"""",""ty"":""Galgame"",""y"":2006,""pop"":2878},{""t"":""ef - a fairy tale of the two."",""cn"":"""",""ty"":""Galgame"",""y"":2006,""pop"":2878},{""t"":""天使の日曜日 “ef - a fairy tale of the two.” Pleasurable Box."",""cn"":"""",""ty"":""Galgame"",""y"":2010,""pop"":107},{""t"":""ef - First Fan Disc"",""cn"":"""",""ty"":""Galgame"",""y"":2006,""pop"":70}]",第一章的男主角。音羽学园二年级生。父亲与姐姐都是画家，他也使用着“新堂凪”这个笔名执笔少女漫画。由于工作的原因学校方面无法兼顾，事实上由于出勤率不够面临着留学的危机。是久濑修一的粉丝。讨厌的东西是女性的料理（后述）。,2878,0,2878,27,,https://lain.bgm.tv/pic/crt/l/56/d3/611_crt_jQ3x2.jpg,https://lain.bgm.tv/r/400/pic/crt/l/56/d3/611_crt_jQ3x2.jpg,https://t.vndb.org/ch/51/73351.jpg,,Brown Ahoge Short Straight Brown Teen Slim Pale Sweater Trousers,,https://bgm.tv/character/611,https://vndb.org/c1592,611
al124162,anilist,9,9,,西瓜,スイカ,Suika,Ace Detective Suika,女,O,9-,动画|漫画,动画,Dr.STONE,石纪元,2019,动画,"[{""t"":""Dr.STONE"",""cn"":""石纪元"",""ty"":""动画"",""y"":2019,""pop"":554680},{""t"":""Dr.STONE STONE WARS"",""cn"":""石纪元 石之战争"",""ty"":""动画"",""y"":2021,""pop"":335280},{""t"":""Dr.STONE NEW WORLD"",""cn"":""石纪元 新世界"",""ty"":""动画"",""y"":2023,""pop"":201922},{""t"":""Dr.STONE NEW WORLD 第2クール"",""cn"":""石纪元 新世界 第2部分"",""ty"":""动画"",""y"":2023,""pop"":138943},{""t"":""Dr.STONE 龍水"",""cn"":""石纪元 龙水"",""ty"":""动画"",""y"":2022,""pop"":123272},{""t"":""Dr.STONE SCIENCE FUTURE"",""cn"":""石纪元 科学与未来"",""ty"":""动画"",""y"":2025,""pop"":115924}]",9岁。戴着整个西瓜皮的小个子少女，因为患有近视而利用西瓜皮上挖出的洞才看得清楚(小孔效果)。可以将身体完全缩在西瓜皮里伪装成单纯的西瓜来收集情报。,2406,2406,0,64,,https://lain.bgm.tv/pic/crt/l/e4/90/70596_crt_8evMB.jpg,https://lain.bgm.tv/r/400/pic/crt/l/e4/90/70596_crt_8evMB.jpg,https://s4.anilist.co/file/anilistcdn/character/medium/124162-htFFNeC04bzw.jpg|https://s4.anilist.co/file/anilistcdn/character/large/124162-htFFNeC04bzw.jpg,,,https://anilist.co/character/124162,https://bgm.tv/character/70596,,70596
al169395,anilist,9,9,,糸师凛,糸師凛,Rin Itoshi,Eyelashes,男,A,16-,动画|漫画|游戏,动画,ブルーロック,蓝色监狱,2022,动画,"[{""t"":""ブルーロック"",""cn"":""蓝色监狱"",""ty"":""动画"",""y"":2022,""pop"":325210},{""t"":""ブルーロック VS. U-20 JAPAN"",""cn"":""蓝色监狱 VS. U-20 日本代表队"",""ty"":""动画"",""y"":2024,""pop"":142268},{""t"":""ブルーロック"",""cn"":""蓝色监狱"",""ty"":""漫画"",""y"":2018,""pop"":124054},{""t"":""ブルーロック -EPISODE 凪-"",""cn"":""蓝色监狱-EPISODE 凪-"",""ty"":""动画"",""y"":2024,""pop"":50833},{""t"":""ブルーロック-EPISODE 凪-"",""cn"":""蓝色监狱-EPISODE 凪-"",""ty"":""漫画"",""y"":2022,""pop"":9604},{""t"":""ANOTHERブルーロック -EPISODE 表参道-"",""cn"":"""",""ty"":""漫画"",""y"":2024,""pop"":270}]",現時点での〝ブルーロック（青い監獄）〟のトッププレイヤーで、高い得点力を誇る。クールな雰囲気を纏っているが強気なプレーや言動が目立つ超エゴイスト。その一方で洞察力にも優れ、他選手の能力を見極めた上でそれを支配したコンビネーションプレーも行える。糸師 冴は実の兄であり、2人の間には深い確執がある様子。,2394,2394,0,6,,https://lain.bgm.tv/pic/crt/l/e3/b8/116248_crt_CTL4L.jpg,https://lain.bgm.tv/r/400/pic/crt/l/e3/b8/116248_crt_CTL4L.jpg,https://s4.anilist.co/file/anilistcdn/character/medium/b169395-oYTkJnimI3Eu.png|https://s4.anilist.co/file/anilistcdn/character/large/b169395-oYTkJnimI3Eu.png,,,https://anilist.co/character/169395,https://bgm.tv/character/116248,,116248
al173760,anilist,9,9,,院田唐音,院田唐音,Karane Inda,,女,,15-16,动画|漫画|轻小说,动画,君のことが大大大大大好きな100人の彼女,超超超超超喜欢你的100个女朋友,2023,动画,"[{""t"":""君のことが大大大大大好きな100人の彼女"",""cn"":""超超超超超喜欢你的100个女朋友"",""ty"":""动画"",""y"":2023,""pop"":133315},{""t"":""君のことが大大大大大好きな100人の彼女 第2期"",""cn"":""超超超超超喜欢你的100个女朋友 第二季"",""ty"":""动画"",""y"":2025,""pop"":78811},{""t"":""君のことが大大大大大好きな100人の彼女 第3期"",""cn"":""超超超超超喜欢你的100个女朋友 第三季"",""ty"":""动画"",""y"":2026,""pop"":39572},{""t"":""君のことが大大大大大好きな100人の彼女"",""cn"":""超超超超超喜欢你的100个女朋友"",""ty"":""漫画"",""y"":2019,""pop"":38995},{""t"":""君のことが大大大大大好きな１００人の彼女 番外恋物語 ～ シークレットラブストーリー ～"",""cn"":"""",""ty"":""轻小说"",""y"":2023,""pop"":669},{""t"":""君のことが大大大大大好きな100人の彼女 番外編"",""cn"":"""",""ty"":""漫画"",""y"":2021,""pop"":563}]",恋太郎の彼女の一人。「○○じゃないんだからね！」が口癖の全方位ツンデレ少女。強気で素直になれない性格だが、姉御肌で頼りがいがある。常識人枠でツッコミ担当にまわることが多いものの、意外と打たれ弱い一面も。,1875,1875,0,395,,https://lain.bgm.tv/pic/crt/l/cb/9e/126611_crt_0X67L.jpg?r=1774073736,https://lain.bgm.tv/r/400/pic/crt/l/cb/9e/126611_crt_0X67L.jpg?r=1774073736,https://s4.anilist.co/file/anilistcdn/character/medium/b173760-Gj3fK5VpbpT3.png|https://s4.anilist.co/file/anilistcdn/character/large/b173760-Gj3fK5VpbpT3.png,,,https://anilist.co/character/173760,https://bgm.tv/character/126611,,126611
bgm-bgm11251,vndb,9,9,,白莲,白 レン,White Len,Shiro Ren,女,,,动画|游戏|Galgame,Galgame,MELTY BLOOD,月姬格斗,2002,Galgame,"[{""t"":""MELTY BLOOD"",""cn"":""月姬格斗"",""ty"":""Galgame"",""y"":2002,""pop"":1869},{""t"":""MELTY BLOOD"",""cn"":""月姬格斗"",""ty"":""Galgame"",""y"":2002,""pop"":1869},{""t"":""MELTY BLOOD"",""cn"":""月姬格斗"",""ty"":""Galgame"",""y"":2002,""pop"":1869},{""t"":""MELTY BLOOD"",""cn"":""月姬格斗"",""ty"":""Galgame"",""y"":2002,""pop"":1869},{""t"":""MELTY BLOOD"",""cn"":""月姬格斗"",""ty"":""Galgame"",""y"":2002,""pop"":1869},{""t"":""カーニバル・ファンタズム"",""cn"":""幻想嘉年华"",""ty"":""动画"",""y"":2011,""pop"":0}]",蒼崎青子がレンの使われていなかった“能動的な人格”をタタリの残滓によって具現化したもの。レンの写し鏡のような存在であり、基本色もレンとは対照的に白。タタリとしての力や知識も一部持っている。心象世界は「真夏の雪原」。青子は使い魔にしようとしていたのだが、彼女の制御を受け付けず、『Re・ ACT』の事件を引き起こすことになった。『Actress Again』における青子ルートでの両者の会話によると、青子は彼女を具現化した際に失敗をやらかしたとのこと。,1869,0,1869,54,,https://lain.bgm.tv/pic/crt/l/94/e9/11251_crt_epl7L.jpg?r=1421330394,https://lain.bgm.tv/r/400/pic/crt/l/94/e9/11251_crt_epl7L.jpg?r=1421330394,https://t.vndb.org/ch/14/47314.jpg,,White Long Curtained Straight Slim Pale Fighting Red Kid Coat,,https://bgm.tv/character/11251,https://vndb.org/c39262,11251
al121701,anilist,9,9,2014,伊莎贝拉,イザベラ,Isabella,Mama (ママ) / Mom / 妈妈、ママ、Mama,女,A,31,动画|漫画|游戏,动画,約束のネバーランド,约定的梦幻岛,2019,动画,"[{""t"":""約束のネバーランド"",""cn"":""约定的梦幻岛"",""ty"":""动画"",""y"":2019,""pop"":633103},{""t"":""約束のネバーランド2"",""cn"":"""",""ty"":""动画"",""y"":2021,""pop"":321707},{""t"":""約束のネバーランド"",""cn"":""约定的梦幻岛"",""ty"":""漫画"",""y"":2016,""pop"":133608},{""t"":""約束のネバーランド 特別番外編 始まりの一矢"",""cn"":"""",""ty"":""漫画"",""y"":2020,""pop"":3279},{""t"":""約束のネバーランド 特別番外編 母親の決意"",""cn"":"""",""ty"":""漫画"",""y"":2020,""pop"":3111},{""t"":""約束のネバーランド 特別番外編 自由の空を求めて"",""cn"":"""",""ty"":""漫画"",""y"":2020,""pop"":3042}]",31岁，身高170cm。史上最年轻的孤儿院妈妈，养成的高品值数量是全“GF”历届第一。称自己的孩子是“最特别的”。全身上下几乎毫无弱点。,1756,1756,0,51,,https://lain.bgm.tv/pic/crt/l/af/82/57379_crt_A5woC.jpg?r=1554276777,https://lain.bgm.tv/r/400/pic/crt/l/af/82/57379_crt_A5woC.jpg?r=1554276777,https://s4.anilist.co/file/anilistcdn/character/medium/b121701-hP5hanKRUH9u.png|https://s4.anilist.co/file/anilistcdn/character/large/b121701-hP5hanKRUH9u.png,,,https://anilist.co/character/121701,https://bgm.tv/character/57379,,57379
bgm-bgm64667,vndb,9,9,,V,V,V,김지현 / Kim Jihyun / 新V / 小V,男,O,,漫画|游戏|Galgame,Galgame,수상한메신저,Mystic Messenger 神秘信使,2016,Galgame,"[{""t"":""수상한메신저"",""cn"":""Mystic Messenger 神秘信使"",""ty"":""Galgame"",""y"":2016,""pop"":1296},{""t"":""デビル メイ クライ 5"",""cn"":""鬼泣5"",""ty"":""游戏"",""y"":2019,""pop"":0},{""t"":""Devil May Cry 5 -Vision of V-"",""cn"":""鬼泣5 -V之视界-"",""ty"":""漫画"",""y"":2019,""pop"":0},{""t"":""Devil May Cry 5 -Before the Nightmare-"",""cn"":""鬼泣5：噩梦前夕"",""ty"":""漫画"",""y"":2019,""pop"":0},{""t"":""Cyberpunk 2077"",""cn"":""赛博朋克 2077"",""ty"":""游戏"",""y"":2020,""pop"":0},{""t"":""Cyberpunk 2077: Phantom Liberty"",""cn"":""赛博朋克 2077：往日之影"",""ty"":""游戏"",""y"":2023,""pop"":0}]",V 是《赛博朋克2077》中由玩家控制的主角，V的名字、生理、容貌、性格均由玩家自定义。根据玩家选择的不同职业路径，V有不同的过去经历，玩家在游戏中面临多次选择，决定着V在夜之城的遭遇。,1296,0,1296,15,,https://lain.bgm.tv/pic/crt/l/fb/dc/66219_crt_z92GD.jpg?r=1537590443,https://lain.bgm.tv/r/400/pic/crt/l/fb/dc/66219_crt_z92GD.jpg?r=1537590443,https://lain.bgm.tv/r/400/pic/crt/l/b7/c1/64667_crt_A8sEP.jpg?r=1531198819|https://lain.bgm.tv/pic/crt/l/b7/c1/64667_crt_A8sEP.jpg?r=1531198819|https://t.vndb.org/ch/87/63387.jpg,,Short Pale Young-adult Secretive Cardigan Boots Husband Betrothed Childhood Friend Blindness,,https://bgm.tv/character/88366,https://vndb.org/c35142,88366
vndb-c31757,vndb,9,9,,三条,三条,Sanjou,Cinq / シンク,男,B,,Galgame,Galgame,古書店街の橋姫,旧书店街的桥姬,2016,Galgame,,"""It's money, you know! Money!"" Part of a gang of urchins who hang out at Sanzendou Antiquarian Books. They're centered around Kudou, and the four of them play at detectives.",1130,0,1130,0,,https://lain.bgm.tv/pic/crt/l/d6/10/165231_crt_e111k.jpg,https://lain.bgm.tv/r/400/pic/crt/l/d6/10/165231_crt_e111k.jpg,https://t.vndb.org/ch/09/38009.jpg,,Black Short Straight Slim Pale Trousers Orphan Black Kid Shirt,,https://bgm.tv/character/165231,https://vndb.org/c31757,165231
vndb-c31759,vndb,9,9,,鸟羽,鳥羽,Toba,Trois / トロワ,男,O,,Galgame,Galgame,古書店街の橋姫,旧书店街的桥姬,2016,Galgame,,"""Kudou, that's so cool..."" Part of a gang of urchins who hang out at Sanzendou Antiquarian Books. They're centered around Kudou, and the four of them play at detectives. Currently sniffing around Kawase and his circle for unknown reasons.",1130,0,1130,0,,https://lain.bgm.tv/pic/crt/l/5f/57/162559_crt_6m5Ow.jpg?r=1723214313,https://lain.bgm.tv/r/400/pic/crt/l/5f/57/162559_crt_6m5Ow.jpg?r=1723214313,https://t.vndb.org/ch/11/38011.jpg,,Black Short Straight Slim Pale Trousers Orphan Kid Glasses Investigation,,https://bgm.tv/character/162559,https://vndb.org/c31759,162559
vndb-c128,vndb,9,9,,,月詠 真耶,Tsukuyomi Maya,,女,,,Galgame,Galgame,マブラヴ ALTERED FABLE,Muv-Luv ALTERED FABLE,2007,Galgame,"[{""t"":""マブラヴ ALTERED FABLE"",""cn"":""Muv-Luv ALTERED FABLE"",""ty"":""Galgame"",""y"":2007,""pop"":874},{""t"":""マブラヴ アンリミテッド ザ・デイアフター"",""cn"":"""",""ty"":""Galgame"",""y"":2010,""pop"":690},{""t"":""マブラヴ オルタネイティヴ トータル・イクリプス 帝都燃ゆ"",""cn"":"""",""ty"":""Galgame"",""y"":2014,""pop"":272}]","Maya serves as the head of the Shogun's bodyguards, leading Tomoe Yukino, Kamiyo Tatsumi, and Ebisu Minagi in their duties. She is Tsukuyomi Mana's cousin.",874,0,874,0,,https://t.vndb.org/ch/55/34555.jpg,https://t.vndb.org/ch/59/159.jpg,,#ab3847 #422a24 #624b40 #786257 #928378 #cdcac1,Odango Waist Length+ Straight Slim Pale Proactive Young-adult Apron Glasses Pantyhose,,,https://vndb.org/c128,
vndb-c5826,vndb,9,9,,,マリオン・キュリー,Marion Curie,,女,AB,,Galgame,Galgame,カタハネ,片羽,2006,Galgame,,"Famous theatrical actress. Angelina's friend, mentor and former crush. Married with Fabio.",804,0,804,0,,https://lain.bgm.tv/pic/crt/l/9e/72/215331_crt_Z2B2W.jpg,https://lain.bgm.tv/r/400/pic/crt/l/9e/72/215331_crt_Z2B2W.jpg,https://t.vndb.org/ch/95/61595.jpg,,Blond Waist Length+ Slim Pale Amber Young-adult Dress Suit Spoiled Friendly,,https://bgm.tv/character/215331,https://vndb.org/c5826,215331
bgm-bgm173281,vndb,9,9,,,榊 圭治朗,Sakaki Keijirou,Kei-san / 圭さん / 圭さん,男,A,,Galgame,Galgame,人気声優のつくりかた,,2017,Galgame,"[{""t"":""人気声優のつくりかた"",""cn"":"""",""ty"":""Galgame"",""y"":2017,""pop"":699},{""t"":""人気声優のつくりかた"",""cn"":""人气声优的养成方式"",""ty"":""Galgame"",""y"":2017,""pop"":0}]",以录音监督的身份活动着，之前是演员兼声优。主人公・启人童星时期，两人曾关系十分密切。和启人的父亲也有一面之识。 虽然待人接物透着一股目中无人的感觉，但实际上很认真。对于工作的热情非比寻常。 最近在组织研讨会和从事配音选拔工作，对培养新人也是充满了热心。,699,0,699,0,,https://lain.bgm.tv/pic/crt/l/0d/74/173281_crt_4J5mj.jpg,https://lain.bgm.tv/r/400/pic/crt/l/0d/74/173281_crt_4J5mj.jpg,https://t.vndb.org/ch/00/65600.jpg,,Brown Wavy Short Beard Moustache Pale Adult Shirt Vest Ore,,https://bgm.tv/character/173281,https://vndb.org/c55018,173281
vndb-c135129,vndb,9,9,,妹来明日美,妹来 あすみ,Mirai Asumi,,女,O,,Galgame,Galgame,エッチで一途なド田舎兄さまと、古式ゆかしい病弱妹,痴情哥哥与病弱妹妹的乡间生活,2025,Galgame,,生まれつき肺が弱く、人生のほとんどを病院で過ごしている妹。 普段はお兄ちゃんを「兄さま」と呼ぶ。 貞淑で箱入りだが外の事やエッチには年相応に興味津々。 兄が自分の為に中卒で仕事についている事や、自分と暮らすために都会を離れた事にかなりの引け目を感じている。 兄を尊敬以上に心酔しており、男性アイドルと比べても「兄さまの方がずっとステキです」と本気で言えちゃうお兄ちゃん子。 兄は学業優秀で女性にモテて学年一の人気者だったと信じてやまないが、兄は何度も否定し続けている。,690,0,690,78,,https://lain.bgm.tv/pic/crt/l/27/93/152593_crt_2N26m.jpg,https://lain.bgm.tv/r/400/pic/crt/l/27/93/152593_crt_2N26m.jpg,https://t.vndb.org/ch/22/158822.jpg,,Black Ponytail Long Straight Teen Missionary Doggy Style Cowgirl Standing Sex Blowjob,,https://bgm.tv/character/152593,https://vndb.org/c135129,152593
bgm-bgm105050,vndb,9,9,,,小峰 良次,Komine Ryouji,,男,A,,游戏|Galgame,Galgame,裸執事,,2011,Galgame,"[{""t"":""裸執事"",""cn"":"""",""ty"":""Galgame"",""y"":2011,""pop"":632},{""t"":""裸執事ファンディスク～やらしつじ＆やさしつじ～"",""cn"":"""",""ty"":""Galgame"",""y"":2013,""pop"":59},{""t"":""裸執事"",""cn"":""裸执事"",""ty"":""Galgame"",""y"":2011,""pop"":0},{""t"":""裸執事 〜やらしつじ＆やさしつじ〜"",""cn"":"""",""ty"":""Galgame"",""y"":2013,""pop"":0},{""t"":""裸執事 ～過去編～"",""cn"":"""",""ty"":""游戏"",""y"":2015,""pop"":0}]",年齢／27歳 全国うまいもの巡りの途中、この屋敷へたどり着く。 よくしゃべる明朗な好青年。コテコテの関西人。 執事にしてはちょっと馴れ馴れしい。 料理にかけては妥協を許さない。,632,0,632,1,,https://lain.bgm.tv/pic/crt/l/3f/5c/105050_crt_r1b00.jpg,https://lain.bgm.tv/r/400/pic/crt/l/3f/5c/105050_crt_r1b00.jpg,https://t.vndb.org/ch/36/24336.jpg,,Brown Ahoge Wavy Curtained Shoulder-length Pale Dress Shoes Cooking Missionary Doggy Style,,https://bgm.tv/character/105050,https://vndb.org/c11371,105050
al1535,anilist,9,9,,狱寺隼人,獄寺隼人,Hayato Gokudera,Smokin' Bomb Hayato / Hurricane Bomb Hayato / Ahodera / Octopus head,男,B,13-15,动画|漫画,动画,家庭教師ヒットマンREBORN!,家庭教师HITMAN REBORN!,2006,动画,"[{""t"":""家庭教師ヒットマンREBORN!"",""cn"":""家庭教师HITMAN REBORN!"",""ty"":""动画"",""y"":2006,""pop"":96810},{""t"":""家庭教師ヒットマンREBORN!"",""cn"":""家庭教师HITMAN REBORN!"",""ty"":""漫画"",""y"":2004,""pop"":27848},{""t"":""家庭教師ヒットマンREBORN! ボンゴレファミリー総登場! ボンゴレ式修学旅行、来る!!"",""cn"":""家庭教师HITMAN REBORN！彭格列式修学旅行、来了！"",""ty"":""动画"",""y"":2010,""pop"":4486},{""t"":""家庭教師ヒットマンREBORN! ミスターリボックのちゃおちゃおインタビュ"",""cn"":"""",""ty"":""动画"",""y"":2010,""pop"":2961},{""t"":""ボンゴレGP来る!"",""cn"":"""",""ty"":""漫画"",""y"":2010,""pop"":272},{""t"":""機動戦士ガンダムUC 虹にのれなかった男"",""cn"":"""",""ty"":""漫画"",""y"":2013,""pop"":77}]",被裡包恩從義大利叫來日本，與澤田綱吉同年齡的中學生。義大利3/4、日本1/4的混血兒，抽菸、身上戴著許多飾品的不良少年。 是連老師都害怕的不良少年，沒認真上課過但還是成績優異。在課堂上創造出「G文字」（十年後的他以其書寫出給予阿綱等人回去十年前的提示）。 父親是義大利人，母親是義大利和日本的混血，是義大利大富豪黑手黨的名門子弟。但在知道母親被謀殺的事後對生活在城堡裡感到厭煩，八歲時離家出走。 炸藥和殺人是從以前家裡的專屬醫生夏馬爾那裡學的，就連髮型也是模仿夏馬爾的。,626,626,0,84,,https://lain.bgm.tv/pic/crt/l/f1/e9/873_crt_Lc1R5.jpg,https://lain.bgm.tv/r/400/pic/crt/l/f1/e9/873_crt_Lc1R5.jpg,https://s4.anilist.co/file/anilistcdn/character/medium/b1535-C3xPsU0krlGb.jpg|https://s4.anilist.co/file/anilistcdn/character/large/b1535-C3xPsU0krlGb.jpg,,,https://anilist.co/character/1535,https://bgm.tv/character/873,,873
al262073,anilist,9,9,,凤笑梦,鳳えむ,Emu Ootori,凤绘梦,女,,,动画|漫画|Galgame,动画,プロジェクトセカイ 壊れたセカイと歌えないミク,,2025,动画,"[{""t"":""プロジェクトセカイ 壊れたセカイと歌えないミク"",""cn"":"""",""ty"":""动画"",""y"":2025,""pop"":22263},{""t"":""ぷちセカ"",""cn"":"""",""ty"":""动画"",""y"":2022,""pop"":3877},{""t"":""Journey to Bloom"",""cn"":"""",""ty"":""动画"",""y"":2023,""pop"":2736},{""t"":""群青讃歌 (2022)"",""cn"":"""",""ty"":""动画"",""y"":2022,""pop"":1240},{""t"":""プロジェクトセカイ カラフルステージ！ feat.初音ミク　コミックアンソロジー"",""cn"":"""",""ty"":""漫画"",""y"":2021,""pop"":1073},{""t"":""Journey"",""cn"":"""",""ty"":""动画"",""y"":2022,""pop"":958}]",底抜けに明るい、天真爛漫な性格。思い立ったら即アクションを起こしてしまうため、いつのまにか周囲を巻き込むこともしばしば。フェニックスワンダーランドのさびれたステージをどうにか復活させようと、一緒にステージに立ってくれる人を探している。,567,567,212,65,,https://lain.bgm.tv/pic/crt/l/cf/14/77912_crt_6aKRe.jpg,https://lain.bgm.tv/r/400/pic/crt/l/cf/14/77912_crt_6aKRe.jpg,https://s4.anilist.co/file/anilistcdn/character/medium/b262073-WLKtAc0RoA5X.png|https://s4.anilist.co/file/anilistcdn/character/large/b262073-WLKtAc0RoA5X.png|https://t.vndb.org/ch/92/154092.jpg,,Pink Bob Cut Teen Pale Dress Cardigan Daughter Granddaughter Friend Wealthy,https://anilist.co/character/262073,https://bgm.tv/character/77912,https://vndb.org/c123757,77912
al120674,anilist,9,9,,空银子,空銀子,Ginko Sora,,女,,,动画|漫画|轻小说,动画,りゅうおうのおしごと!,龙王的工作！,2018,动画,"[{""t"":""りゅうおうのおしごと!"",""cn"":""龙王的工作！"",""ty"":""动画"",""y"":2018,""pop"":54507},{""t"":""りゅうおうのおしごと!"",""cn"":""龙王的工作！"",""ty"":""轻小说"",""y"":2015,""pop"":1199},{""t"":""りゅうおうのおしごと!"",""cn"":""龙王的工作！"",""ty"":""漫画"",""y"":2015,""pop"":751},{""t"":""りゅうおうのおしごと!"",""cn"":""龙王的工作！"",""ty"":""漫画"",""y"":2015,""pop"":0},{""t"":""りゅうおうのおしごと！"",""cn"":""龙王的工作！"",""ty"":""动画"",""y"":2018,""pop"":0},{""t"":""りゅうおうのおしごと! 14 ドラマCD「九頭竜先生、女子小学生はじめちゃいました」"",""cn"":"""",""ty"":""音乐"",""y"":2021,""pop"":0}]",八一的师姐，2002年9月9日出生，大阪出身，15岁，奖励会三段（故事一开始为14岁，奖励会二段）。虽然年纪比八一小，但因拜入清泷门下的时间比八一早两个星期，而成为八一的师姐。 棋艺高强，对女流棋士的公式比赛保持着50场不败的战绩，被誉为“浪速的白雪姬”。女流二冠（女王、女流玉座）。 虽然在幼年时的棋力比八一强，但随着八一逐渐展现其才能，为了不被对方抛下而在私下非常努力，并打算成为首位女性职业棋士。对女流棋士连战连胜，但在奖励会中却是进展缓慢，而感受到自己才能的极限。,536,444,0,536,,https://lain.bgm.tv/pic/crt/l/ea/2a/38065_crt_hjnjV.jpg?r=1517307638,https://lain.bgm.tv/r/400/pic/crt/l/ea/2a/38065_crt_hjnjV.jpg?r=1517307638,https://s4.anilist.co/file/anilistcdn/character/medium/120674-OMe0Mr4PQq0E.jpg|https://s4.anilist.co/file/anilistcdn/character/large/120674-OMe0Mr4PQq0E.jpg,,,https://anilist.co/character/120674,https://bgm.tv/character/38065,,38065
al131475,anilist,9,9,,星野宫子,星野みやこ,Miyako Hoshino,Mya-nee / 宫姐 / 喵内（みゃー姉）,女,A,,动画|漫画,动画,私に天使が舞い降りた！,天使降临到了我身边！,2019,动画,"[{""t"":""私に天使が舞い降りた！"",""cn"":""天使降临到了我身边！"",""ty"":""动画"",""y"":2019,""pop"":64862},{""t"":""私に天使が舞い降りた！OVA"",""cn"":"""",""ty"":""动画"",""y"":2019,""pop"":13272},{""t"":""私に天使が舞い降りた！プレシャス・フレンズ"",""cn"":""天使降临到了我身边！Precious Friends"",""ty"":""动画"",""y"":2022,""pop"":10939},{""t"":""私に天使が舞い降りた！"",""cn"":""天使降临到了我身边！"",""ty"":""漫画"",""y"":2016,""pop"":3150},{""t"":""私に天使が舞い降りた！"",""cn"":""天使降临到了我身边！"",""ty"":""动画"",""y"":2019,""pop"":0},{""t"":""私に天使が舞い降りた！プレシャス・フレンズ"",""cn"":""天使降临到了我身边！Precious Friends"",""ty"":""动画"",""y"":2022,""pop"":0}]",コスプレ衣装作りが趣味のコミュ障女子大生。ひなたが家に連れてきた花を一目見て心を奪われ、なんとか友だちになろうとするが、花には要注意人物扱いされる。,515,515,0,126,,https://lain.bgm.tv/pic/crt/l/dd/e5/66727_crt_Ssj1v.jpg?r=1547649363,https://lain.bgm.tv/r/400/pic/crt/l/dd/e5/66727_crt_Ssj1v.jpg?r=1547649363,https://s4.anilist.co/file/anilistcdn/character/medium/b131475-fxJuXXBhL86D.png|https://s4.anilist.co/file/anilistcdn/character/large/b131475-fxJuXXBhL86D.png,,,https://anilist.co/character/131475,https://bgm.tv/character/66727,,66727
bgm-bgm56410,vndb,9,9,,,神崎 みつき,Kanzaki Mitsuki,,女,A,,Galgame,Galgame,セヴンデイズ あなたとすごす七日間,7days—与你共度的七日间,2017,Galgame,"[{""t"":""セヴンデイズ あなたとすごす七日間"",""cn"":""7days—与你共度的七日间"",""ty"":""Galgame"",""y"":2017,""pop"":493},{""t"":""セヴンデイズ あなたとすごす七日間"",""cn"":""7days—与你共度的七日间"",""ty"":""Galgame"",""y"":2017,""pop"":0}]",修一の母。 看護師。 女手一つで息子を育ててきたタフさと気概の良さで、誰からも好かれる存在。 物事の察しが良いが、たまに早とちりして暴走する。 亡くなった夫のことを、今でもずっと好きでいる。 「人はいつ死んじゃうかわからないんだから、やりたいことを、後悔しないようにやっておかないとね」,493,0,493,9,,https://lain.bgm.tv/pic/crt/l/56/1c/56410_crt_W6zVN.jpg,https://lain.bgm.tv/r/400/pic/crt/l/56/1c/56410_crt_W6zVN.jpg,https://t.vndb.org/ch/30/86830.jpg,,Black Long Brown Pale Cooking Young-adult Apron Widow Mother Nurse,,https://bgm.tv/character/56410,https://vndb.org/c49925,56410
al126064,anilist,9,9,,拳藤一佳,拳藤一佳,Itsuka Kendou,Kendo / Battle Fist (バトルフィスト),女,O,15-,动画,动画,僕のヒーローアカデミア２,,2017,动画,"[{""t"":""僕のヒーローアカデミア２"",""cn"":"""",""ty"":""动画"",""y"":2017,""pop"":655237},{""t"":""僕のヒーローアカデミア３"",""cn"":"""",""ty"":""动画"",""y"":2018,""pop"":600666},{""t"":""僕のヒーローアカデミア４"",""cn"":"""",""ty"":""动画"",""y"":2019,""pop"":532336},{""t"":""僕のヒーローアカデミア５"",""cn"":"""",""ty"":""动画"",""y"":2021,""pop"":414683},{""t"":""僕のヒーローアカデミア６"",""cn"":"""",""ty"":""动画"",""y"":2022,""pop"":269963},{""t"":""僕のヒーローアカデミア 7"",""cn"":"""",""ty"":""动画"",""y"":2024,""pop"":184749}]",英雄科1年B班 个性：大拳 在聚集了充满个性的人的B班之中，负责统合全班的大姐头般的少女。B班班长。 喜欢自行车、黑咖啡。 “个性”是能够巨大化自己的拳头、击打出巨大力量的「大拳」。,484,484,0,12,,https://lain.bgm.tv/pic/crt/l/19/fa/32493_crt_tjucq.jpg?r=1485078172,https://lain.bgm.tv/r/400/pic/crt/l/19/fa/32493_crt_tjucq.jpg?r=1485078172,https://s4.anilist.co/file/anilistcdn/character/medium/b126064-xJCuJjtODlU2.png|https://s4.anilist.co/file/anilistcdn/character/large/b126064-xJCuJjtODlU2.png,,,https://anilist.co/character/126064,https://bgm.tv/character/32493,,32493
vndb-c19162,vndb,9,9,,,一之瀬 未来,Ichinose Mirai,,女,A,,Galgame,Galgame,こいいろ Chu!Lips,,2006,Galgame,,主人公とは家が隣、部屋も窓を隔てて向かいでさらに同じクラスという幼馴染。 幼い頃は仲良かったが、今は殆ど会話も無く一方的に嫌われている。ただ母親に言われて嫌々だが一人暮らしの主人公に朝食、夕食を持ってきてくれる。,446,0,446,0,,https://lain.bgm.tv/pic/crt/l/36/39/147333_crt_S7SnX.jpg,https://lain.bgm.tv/r/400/pic/crt/l/36/39/147333_crt_S7SnX.jpg,https://t.vndb.org/ch/61/23861.jpg,,Black Waist Length+ Straight Teen Slim Pale Cooking Cowgirl Virgin Sex Red,,https://bgm.tv/character/147333,https://vndb.org/c19162,147333
vndb-c20953,vndb,9,9,,,ベルティ・シュナイダー,Berti Schneider,,男,O,,Galgame,Galgame,絶対服従命令,绝对服从命令,2005,Galgame,,依頼人。被害妄想の癖が少し見え隠れするが、顔も、育ちも、頭もいい。ただ、運が悪い。その運の悪さに拍車をかけるのが、思い込みの激しさでもあるが、もうひとつの原因は、ハーゲンにあるといっても過言ではない。,399,0,399,0,,https://lain.bgm.tv/pic/crt/l/ab/fa/105187_crt_M09qO.jpg,https://lain.bgm.tv/r/400/pic/crt/l/ab/fa/105187_crt_M09qO.jpg,https://t.vndb.org/ch/34/48934.jpg,,Short Brown Pale Trousers Young-adult Necktie Shirt Ore Idiot Boyfriend,,https://bgm.tv/character/105187,https://vndb.org/c20953,105187
vndb-c98654,vndb,9,9,,,青海,Aomi,,男,O,,Galgame,Galgame,大穢,,2025,Galgame,,あなたの傾聴者 小さな声で短く語る寡黙な麗人。 行動全て折り目正しいが 嫌みを感じさせないのは 彼の天賦の性質。 自身の営む音楽教室で 少人数にピアノを教えている。 大江杏にも音楽を指導した。 経歴は華やかだが、 自身の栄光をあまりを語りたがらない。,389,0,389,3,,https://lain.bgm.tv/pic/crt/l/a6/90/110367_crt_5C4m4.jpg?r=1745576034,https://lain.bgm.tv/r/400/pic/crt/l/a6/90/110367_crt_5C4m4.jpg?r=1745576034,https://t.vndb.org/ch/70/156170.jpg,,Black Short Pale Missionary Doggy Style Red Young-adult Scar Suit Glasses,,https://bgm.tv/character/110367,https://vndb.org/c98654,110367
al127913,anilist,9,9,,菊之丞,菊之丞,Kikunojou,Kiku / O-Kiku (お菊) / Zansetsu no Kikunojou (残雪の菊之丞) / Kikunojou of the Fallen Snow,女,,22,动画|漫画,动画,ONE PIECE,航海王,1999,动画,"[{""t"":""ONE PIECE"",""cn"":""航海王"",""ty"":""动画"",""y"":1999,""pop"":750384},{""t"":""ONE PIECE"",""cn"":""航海王"",""ty"":""漫画"",""y"":1997,""pop"":232766}]",287cm Kikunojou is a young woman with long dark hair that falls into her back. She wears sandals and a kimono with chrysanthemum floral patterns.,384,384,0,0,,https://lain.bgm.tv/pic/crt/l/14/fb/150577_crt_QNB9n.jpg,https://lain.bgm.tv/r/400/pic/crt/l/14/fb/150577_crt_QNB9n.jpg,https://s4.anilist.co/file/anilistcdn/character/medium/b127913-fKFTGlwZA9JH.png|https://s4.anilist.co/file/anilistcdn/character/large/b127913-fKFTGlwZA9JH.png,,,https://anilist.co/character/127913,https://bgm.tv/character/150577,,150577
al2440,anilist,9,9,,瞬,瞬,Shun,アンドロメダ星座の瞬 / Andromeda / Shun of Andromeda / Shun de Andromeda,男,1,13,动画|漫画|Galgame,动画,聖闘士星矢,圣斗士星矢,1986,动画,"[{""t"":""聖闘士星矢"",""cn"":""圣斗士星矢"",""ty"":""动画"",""y"":1986,""pop"":38760},{""t"":""聖闘士星矢 冥王ハーデス十二宮編"",""cn"":""圣斗士星矢 冥王十二宫编"",""ty"":""动画"",""y"":2002,""pop"":12086},{""t"":""聖闘士星矢 冥王ハーデス冥界編"",""cn"":"""",""ty"":""动画"",""y"":2005,""pop"":10598},{""t"":""聖闘士星矢Ω"",""cn"":""圣斗士星矢Ω"",""ty"":""动画"",""y"":2012,""pop"":10328},{""t"":""聖闘士星矢 冥王ハーデス エリシオン編"",""cn"":""圣斗士星矢 极乐净土篇"",""ty"":""动画"",""y"":2008,""pop"":9241},{""t"":""聖闘士星矢"",""cn"":""圣斗士星矢"",""ty"":""漫画"",""y"":1985,""pop"":6865}]",星矢最可靠的伙伴，每次都协助星矢渡过难关，性格比较软弱，不喜欢杀戮，总需要哥哥一辉的帮助打败敌人。师傅是实力与黄金圣斗士接近的白银圣斗士 。在仙女岛修炼。仙女星座。,337,337,0,17,,https://lain.bgm.tv/pic/crt/l/fb/94/212_crt_N7Ded.jpg?r=1587703324,https://lain.bgm.tv/r/400/pic/crt/l/fb/94/212_crt_N7Ded.jpg?r=1587703324,https://lain.bgm.tv/r/400/pic/crt/l/7f/ea/132855_crt_Ngup2.jpg|https://lain.bgm.tv/pic/crt/l/7f/ea/132855_crt_Ngup2.jpg|https://s4.anilist.co/file/anilistcdn/character/medium/b2440-cRlQXhwEl6Zb.png|https://s4.anilist.co/file/anilistcdn/character/large/b2440-cRlQXhwEl6Zb.png,,,https://anilist.co/character/2440,https://bgm.tv/character/212,,212
bgm-bgm25710,vndb,9,9,,,蓮見 玲於奈,Hasumi Reona,,女,AB,,Galgame,Galgame,晴のちきっと菜の花びより,,2014,Galgame,"[{""t"":""晴のちきっと菜の花びより"",""cn"":"""",""ty"":""Galgame"",""y"":2014,""pop"":327},{""t"":""晴のちきっと菜の花びより"",""cn"":""晴霁之后定是菜花盛开的好天气"",""ty"":""Galgame"",""y"":2014,""pop"":0}]",舞台女優を目指している、売り出し中の女優のたまご。 事務所の意向により少しずつメディアの露出が増え始め、近年ではテレビドラマにも出演してセリフのある役をもらっている。 ただ、本人はあくまで舞台女優のみを志望。 まじめで、努力家で、極度の恥ずかしがり屋さん。 近所でドラマの撮影していて偶然晴真と対面し、晴真が自分を覚えていないと知って、人目をはばからずに大泣きしてしまう。,327,0,327,22,,https://lain.bgm.tv/pic/crt/l/6d/c2/25710_crt_766vo.jpg,https://lain.bgm.tv/r/400/pic/crt/l/6d/c2/25710_crt_766vo.jpg,https://t.vndb.org/ch/70/26570.jpg,,Twin Tails Waist Length+ Teen Slim Pale School Uniform Hard Worker Amber Pantyhose Deredere,,https://bgm.tv/character/25710,https://vndb.org/c21440,25710
vndb-c74809,vndb,9,9,,,狂牙 織,Kuruga Kiri,,男,AB,,Galgame,Galgame,1bitHeart,,2015,Galgame,,"A scientist doing some research in an old lab. He's abnormally passionate about muscles. Well, nothing about him is normal, really.",316,0,316,0,1,https://t.vndb.org/ch/60/90560.jpg,https://t.vndb.org/ch/60/90560.jpg,,#935d83 #5c8db5 #4d3858 #81a7bf #9faebf #e3bfc3,Black Long Violet Scar Necklace Friend Scientist Lab Coat Eccentric,,,https://vndb.org/c74809,
bgm-bgm172767,bangumi,9,9,,比嘉美虹,比嘉つつじ,Higa Tsutsuji,比嘉踯躅,其他,AB,,动画|漫画,动画,日々は過ぎれど飯うまし,时光流逝，饭菜依旧美味,2025,动画,"[{""t"":""日々は過ぎれど飯うまし"",""cn"":""时光流逝，饭菜依旧美味"",""ty"":""动画"",""y"":2025,""pop"":0},{""t"":""日々は過ぎれど飯うまし"",""cn"":""时光荏苒，佳肴依然"",""ty"":""漫画"",""y"":2025,""pop"":0}]",クールで独特の感性の持ち主。 ななの性格を熟知している。 周りのことをよく観察しているが、ハプニングが起きるとパニックになるとこも。,304,0,0,304,,https://lain.bgm.tv/pic/crt/l/ff/4c/172767_crt_2EErs.jpg?r=1741836625,https://lain.bgm.tv/r/400/pic/crt/l/ff/4c/172767_crt_2EErs.jpg?r=1741836625,,,,,https://bgm.tv/character/172767,,172767
vndb-c13785,vndb,9,9,,,里村 紅葉,Satomura Momiji,Executioner (エクスキューショナー) / 七色の断罪者,女,,,Galgame,Galgame,fortissimo EXS//Akkord:nächsten Phase,,2012,Galgame,"[{""t"":""fortissimo EXS//Akkord:nächsten Phase"",""cn"":"""",""ty"":""Galgame"",""y"":2012,""pop"":303},{""t"":""fortissimo//Akkord:Bsusvier"",""cn"":"""",""ty"":""Galgame"",""y"":2010,""pop"":146},{""t"":""Kadenz fermata//Akkord:fortissimo"",""cn"":"""",""ty"":""Galgame"",""y"":2014,""pop"":74}]",对零二一目倾心然后死粘着他的、恋爱中的小恶魔少女。 零二之后转进了相同班级，让她确信他就是真命天子，想方设法接近他的大胆女生。 与同班同学鈴白なぎさ是交往了几年的好友，因为总是进出学生会室，与学生会会长的雨宮綾音的关系很好。 性格大胆妄为唯我独尊，而且还有天生的诱惑男性的一面，但对不感兴趣的人却冷淡而毒舌。 但是对喜欢的朋友则会亲切直率，也有协调性。 珍视自己重要的东西，但同时也会像小恶魔一样冷酷处理自己不想再要的东西的少女。,303,0,303,36,,https://lain.bgm.tv/pic/crt/l/82/28/11629_crt_ii46t.jpg,https://lain.bgm.tv/r/400/pic/crt/l/82/28/11629_crt_ii46t.jpg,https://t.vndb.org/ch/19/38819.jpg,,Red Waist Length+ Wavy Teen Slim Pale School Uniform Fighting Cowgirl Blowjob,,https://bgm.tv/character/11629,https://vndb.org/c13785,11629
bgm-bgm77076,vndb,9,9,,瓦尔基里,ワルキューレ,Valkyrie,Walküre / 瓦尔克雷,女,Э☆∬Ψ,,动画|Galgame,Galgame,fortissimo EXS//Akkord:nächsten Phase,,2012,Galgame,"[{""t"":""fortissimo EXS//Akkord:nächsten Phase"",""cn"":"""",""ty"":""Galgame"",""y"":2012,""pop"":303},{""t"":""fortissimo//Akkord:Bsusvier"",""cn"":"""",""ty"":""Galgame"",""y"":2010,""pop"":146},{""t"":""円盤皇女ワるきゅーレ 星霊節の花嫁"",""cn"":""圆盘皇女 星灵节的新娘"",""ty"":""动画"",""y"":2005,""pop"":0},{""t"":""円盤皇女ワるきゅーレ 十二月の夜想曲"",""cn"":""圆盘皇女 十二月的小夜曲"",""ty"":""动画"",""y"":2003,""pop"":0},{""t"":""円盤皇女ワるきゅーレ 時と夢と銀河の宴"",""cn"":""圆盘皇女 时空与梦想的银河之宴"",""ty"":""动画"",""y"":2006,""pop"":0},{""t"":""円盤皇女ワるきゅーレ SPECIAL"",""cn"":""圆盘皇女 乱七八糟新娘训练"",""ty"":""动画"",""y"":2003,""pop"":0}]",身披铠甲的女武神。大神的女儿们。由北欧神话中的至高存在大神奥丁大量制造。 飞舞于众多战场上，在战死的勇者中，选定拥有资格的人物，并将其灵魂引领至大神的宫殿，也就是闪耀的黄金瓦尔哈拉。为了让他们在北欧神代的终末——诸神黄昏中，加入屠戮巨人们的大神军队。 作为大神奥丁女儿存在的瓦尔基里们的个体，也是总体。由于是接近神灵的存在（半神），因此具有高阶级的神性技能。 大神奥丁为应对诸神黄昏Ragnarok而创造出来的大量存在，这就是瓦尔基里，她们会作为某种自动机械运转。,303,0,303,22,,https://lain.bgm.tv/pic/crt/l/00/e0/64946_crt_MRAOM.jpg,https://lain.bgm.tv/r/400/pic/crt/l/00/e0/64946_crt_MRAOM.jpg,https://lain.bgm.tv/r/400/pic/crt/l/2a/2f/77076_crt_s1a6a.jpg|https://lain.bgm.tv/pic/crt/l/2a/2f/77076_crt_s1a6a.jpg|https://t.vndb.org/ch/30/28430.jpg,,Blond Waist Length+ Straight Teen Slim Pale Dress Shoes Fighting Fedora Standing Sex,,https://bgm.tv/character/64946,https://vndb.org/c14448,64946
bgm-bgm173803,vndb,9,9,,知惠袋雪花,치에부쿠로 세츠카,Chiebukuro Setsuka,Super High School Level Billiard Player / Chiebukuro Secheuka / Big Sis / Big Sis Setsuka,女,O,,Galgame,Galgame,슈퍼 단간론파 어나더 2 ~희망의 달과 절망의 태양~,,2020,Galgame,"[{""t"":""슈퍼 단간론파 어나더 2 ~희망의 달과 절망의 태양~"",""cn"":"""",""ty"":""Galgame"",""y"":2020,""pop"":182},{""t"":""슈퍼 단간론파 어나더 2 ~ 희망의 달과 절망의 태양 ~"",""cn"":""超级弹丸论破Another2 ~希望之月与绝望之日~"",""ty"":""Galgame"",""y"":2020,""pop"":0}]",在世界业余锦标赛中突然出战，并且在和职业选手的较量中大获全胜的台球高手。性格直率，乐观开朗，习惯性把自己当成周围人的姐姐看待，非常照顾人。,182,0,182,2,,https://lain.bgm.tv/pic/crt/l/9e/5a/173803_crt_OI7eI.jpg,https://lain.bgm.tv/r/400/pic/crt/l/9e/5a/173803_crt_OI7eI.jpg,https://t.vndb.org/ch/78/139378.jpg,,Blue Bun Long Curtained Teen Slim Pale School Uniform Trousers Violet,,https://bgm.tv/character/173803,https://vndb.org/c116945,173803
bgm-bgm59908,vndb,9,9,,,古坂 未依,Kosaka Miyori,,女,,,Galgame,Galgame,てんぷれっ!!,恋因天赐!!,2018,Galgame,"[{""t"":""てんぷれっ!!"",""cn"":""恋因天赐!!"",""ty"":""Galgame"",""y"":2018,""pop"":168},{""t"":""てんぷれっ!!"",""cn"":""恋因天赐!!"",""ty"":""Galgame"",""y"":2018,""pop"":0}]",お嬢様が想いを寄せている主人公を調査するために 転校してきた無表情系メイド。 お嬢様を渡したくないので主人公を敵視しているが、 お嬢様の為と素行調査をしているうちに徐々に評価を改めていく。 メイド七つ道具なる秘密道具をいくつも隠し持っているらしい。,168,0,168,15,,https://lain.bgm.tv/pic/crt/l/91/dc/59908_crt_66TZK.jpg,https://lain.bgm.tv/r/400/pic/crt/l/91/dc/59908_crt_66TZK.jpg,https://t.vndb.org/ch/39/80539.jpg,,Violet Antenna Twin Tails Waist Length+ Straight Kemonomimi Teen Slim Pale School Uniform,,https://bgm.tv/character/59908,https://vndb.org/c66910,59908
vndb-c116170,vndb,9,9,,,末崎 ゆゆ,Matsuzaki Yuyu,,女,,,Galgame,Galgame,D.C.5 ～ダ・カーポ5～,,2023,Galgame,"[{""t"":""D.C.5 ～ダ・カーポ5～"",""cn"":"""",""ty"":""Galgame"",""y"":2023,""pop"":152},{""t"":""D.C.5 Future Link ～ダ・カーポ5～ フューチャーリンク"",""cn"":"""",""ty"":""Galgame"",""y"":2024,""pop"":74},{""t"":""D.C.5 to 4 ～ダ・カーポ5トゥ4～ ルミナスメモリーズ"",""cn"":"""",""ty"":""Galgame"",""y"":2026,""pop"":0}]",主人公・創眞のクラスの委員長で、生徒会の庶務。 雪那と一緒に働くために生徒会に入ったため、この春で雪那が生徒会長を引退してしまうことを心底残念に思っている。 周囲からは次期生徒会長候補の筆頭と目されている。 しかし雪那の後を他の人に任せたくない気持ちと、自分に雪那の後が務まるのかという思いで揺れているらしい。,152,0,152,0,,https://lain.bgm.tv/pic/crt/l/35/2f/210420_crt_jaXj0.jpg,https://lain.bgm.tv/r/400/pic/crt/l/35/2f/210420_crt_jaXj0.jpg,https://t.vndb.org/ch/27/138727.jpg,,Twin Tails School Uniform Green Shirt Sport Bloomers Class President Strict Baseball Serious Discipline Committee Member,,https://bgm.tv/character/210420,https://vndb.org/c116170,210420
vndb-c55370,vndb,9,9,,村雨博士,村雨博士,Murasame Hakase,,男,,,Galgame,Galgame,オメガヴァンパイア,Omega Vampire,2016,Galgame,,市ヶ谷にある遺伝子研究所の責任者。 ヴァンパイアに対抗する生物兵器を日夜研究しており、 狼人間の爪がヴァンパイアに致命傷を与えられることから、その力に執心。 研究に執着するあまり、非人道的手段も厭わないド変態博士。 ルートビアが好き。,143,0,143,0,,https://lain.bgm.tv/pic/crt/l/ce/7d/48494_crt_98228.jpg,https://lain.bgm.tv/r/400/pic/crt/l/ce/7d/48494_crt_98228.jpg,https://t.vndb.org/ch/39/66039.jpg,,White Trousers Villain Blue Rape Scientist Death Relaxed Belt Lab Coat,,https://bgm.tv/character/48494,https://vndb.org/c55370,48494
bgm-bgm13843,bangumi,9,9,,音无小鸟,音無小鳥,Kotori Otonashi,ピヨちゃん / ぴよぴよ / 小鳥さん,其他,AB,,动画|漫画|游戏,音乐,M@STERPIECE,,2014,音乐,"[{""t"":""M@STERPIECE"",""cn"":"""",""ty"":""音乐"",""y"":2014,""pop"":0},{""t"":""THE IDOLM@STER"",""cn"":""偶像大师"",""ty"":""动画"",""y"":2011,""pop"":0},{""t"":""朝焼けは黄金色 THE IDOLM@STER(5) 特装版CD"",""cn"":"""",""ty"":""音乐"",""y"":2022,""pop"":0},{""t"":""アイドルマスター ミリオンライブ!"",""cn"":""偶像大师 MILLION LIVE!"",""ty"":""漫画"",""y"":2015,""pop"":0},{""t"":""アイドルマスター ワンフォーオール"",""cn"":""偶像大师： 全力以赴"",""ty"":""游戏"",""y"":2014,""pop"":0},{""t"":""THE IDOLM@STER MASTER ARTIST FINALE 765プロ ALLSTARS"",""cn"":"""",""ty"":""音乐"",""y"":2007,""pop"":0}]",765 Production的事務人員。遊戲中未登場，在本作品街機版官方網站的「常見問題」專欄裡仔細地回覆玩家的問題。在部分愛好者間富有人氣，曾有一段時期玩家注意到XBOX360版開發中畫面裡，角色選擇畫面有空白的地方，而期待小鳥的登場。 網站以外的首次登場是在2006年1月21日舉行的小型演唱會擔任廣播員，之後在千早生日記念CD的迷你廣播劇中也有登場。也提到了年齡21歲以上對搞笑的眼光很高之設定。,140,0,0,140,,https://lain.bgm.tv/pic/crt/l/02/58/13843_crt_SW2tY.jpg,https://lain.bgm.tv/r/400/pic/crt/l/02/58/13843_crt_SW2tY.jpg,,,,,https://bgm.tv/character/13843,,13843
bgm-bgm24984,vndb,9,9,,,天現寺橋 怜,Tengenjibashi Rei,,男,A,,游戏|Galgame,Galgame,東京陰陽師,,2014,Galgame,"[{""t"":""東京陰陽師"",""cn"":"""",""ty"":""Galgame"",""y"":2014,""pop"":125},{""t"":""東京陰陽師～天現寺橋 怜の場合～"",""cn"":"""",""ty"":""Galgame"",""y"":2014,""pop"":0},{""t"":""東京陰陽師～天現寺橋怜の場合～ V Edition"",""cn"":"""",""ty"":""游戏"",""y"":2015,""pop"":0}]",マイペースで、派手な物が苦手。肉体関係に緩いが、本人は気にしていない。真面目に物事を考えていたり、何かを企んでいたりするが、あまり顔には出ない。 面倒くさがり屋なので、家事全般は式神のバサラに任せている。 襖絵を描くのが趣味。厳格な家庭に生まれた過去を持つ。 摩利支天と金神を信奉した流派で、呪術など攻撃的な面が強い、「天現寺橋流」を習得している。,125,0,125,5,,https://lain.bgm.tv/pic/crt/l/09/12/24984_crt_KZD9V.jpg?r=1422161087,https://lain.bgm.tv/r/400/pic/crt/l/09/12/24984_crt_KZD9V.jpg?r=1422161087,https://t.vndb.org/ch/98/27398.jpg,,Black Long Short Straight Slim Pale Proactive Donkan Cowgirl Standing Sex,,https://bgm.tv/character/24984,https://vndb.org/c22106,24984
bgm-bgm40895,vndb,9,9,,凪九厘,凪 九厘,Nagi Kuurin,,女,,,Galgame,Galgame,アステリズム -Astraythem-,,2012,Galgame,"[{""t"":""アステリズム -Astraythem-"",""cn"":"""",""ty"":""Galgame"",""y"":2012,""pop"":120},{""t"":""アステリズム -Astraythem-"",""cn"":""星宿恋曲"",""ty"":""Galgame"",""y"":2012,""pop"":0}]",サブヒロイン。七帯学園五年生、名月のクラスメート。 つねに気怠げな空気をまとってる。それでいて、どこか優雅。貴族的。じっさい富豪の娘だし。 自分で動くのはキライ、人を動かすのが好き。妙なカリスマがあり、女子学生たちの間で人気が高い。そして九厘も女の子が大好き（性的な意味で） とくに名月のことが好き、ピュアに好き……だったんだけど、主人公のせいで名月が恋バカになってしまったため、「私の愛する名月像が崩れてしまった」と心底ガッカリしてる。 ので、主人公のことが嫌い。,120,0,120,4,,https://lain.bgm.tv/pic/crt/l/d2/65/40895_crt_2kBJI.jpg,https://lain.bgm.tv/r/400/pic/crt/l/d2/65/40895_crt_2kBJI.jpg,https://t.vndb.org/ch/73/10973.jpg,,Violet Shoulder-length Teen Slim Pale School Uniform Fighting Amnesia Sex with Others Amber,,https://bgm.tv/character/40895,https://vndb.org/c10022,40895
bgm-bgm55569,vndb,9,9,,雷克斯,レックス,Rex,,男,A,,动画|Galgame,Galgame,Hard Work,,2018,Galgame,"[{""t"":""Hard Work"",""cn"":"""",""ty"":""Galgame"",""y"":2018,""pop"":114},{""t"":""マクロス7"",""cn"":""超时空要塞7"",""ty"":""动画"",""y"":1994,""pop"":0}]","Mk. III Cyberhound, LEO Support Model, Serial no. B955883, known to the people of Freeside as Rex (King in Latin), is a cyberdog in New Vegas under the ownership of the King.",114,0,114,2,,https://lain.bgm.tv/pic/crt/l/c5/98/122382_crt_RfzQJ.jpg,https://lain.bgm.tv/r/400/pic/crt/l/c5/98/122382_crt_RfzQJ.jpg,https://t.vndb.org/ch/75/82875.jpg,,Brown Ponytail Brown Trousers Friendly Scientist Sexual Masochism Coworker Smart Honest,,https://bgm.tv/character/122382,https://vndb.org/c68771,122382
bgm-bgm100827,vndb,9,9,,,雪川 みぞれ,Susukawa Mizore,,女,,,Galgame,Galgame,友だちから恋びとへ,,2022,Galgame,"[{""t"":""友だちから恋びとへ"",""cn"":"""",""ty"":""Galgame"",""y"":2022,""pop"":113},{""t"":""初恋マスターアップ"",""cn"":"""",""ty"":""Galgame"",""y"":2025,""pop"":0},{""t"":""友だちから恋びとへ"",""cn"":"""",""ty"":""Galgame"",""y"":2022,""pop"":0}]",WEBライターの傍ら、フリーランスでゲームのシナリオライターをしている女性。 物語のはじめ、良樹と一緒に迷子を助けたことや、 彼が同業者であることもあって好意的な態度を取ってくれる。 ルックスは上の上だが、自分にはまだ早いという考えから交際経験はゼロ。 真面目であるが少し背伸びしているところがあり、本来は甘えたがりな性格。,113,0,113,20,,https://lain.bgm.tv/pic/crt/l/ae/ee/100827_crt_kEhw4.jpg,https://lain.bgm.tv/r/400/pic/crt/l/ae/ee/100827_crt_kEhw4.jpg,https://t.vndb.org/ch/72/121172.jpg,,Black Waist Length+ Slim Pale Missionary Blowjob Virgin Sex Amber Young-adult Pantyhose,,https://bgm.tv/character/100827,https://vndb.org/c100062,100827
bgm-bgm99730,vndb,9,9,,,米勒·杨,Miller Yang,,男,,,Galgame,Galgame,海沙风云,,2021,Galgame,"[{""t"":""海沙风云"",""cn"":"""",""ty"":""Galgame"",""y"":2021,""pop"":107},{""t"":""海沙风云"",""cn"":""海沙风云"",""ty"":""Galgame"",""y"":2021,""pop"":0}]",刚刚到警察局报道的警察，一言一行都很有正义感。 有伊利萨血统，受过良好教育，曾在沙漠另一侧的国家马康提留学，在大老粗占多数的警局有点格格不入。 对美食有自己的坚持。,107,0,107,2,,https://lain.bgm.tv/pic/crt/l/5a/f8/99730_crt_fMCWt.jpg?r=1630168050,https://lain.bgm.tv/r/400/pic/crt/l/5a/f8/99730_crt_fMCWt.jpg?r=1630168050,https://t.vndb.org/ch/81/192081.jpg,,Brown Cooking Fighting Planning Police Spy Honorable Wealthy Naive Gang Member,,https://bgm.tv/character/99730,https://vndb.org/c103256,99730
vndb-c130198,vndb,9,9,,玖燕来,玖 燕來,Ku Enrai,First Prince Taifu,男,,,Galgame,Galgame,マツリカの炯-kEi- 天命胤異伝,茉莉花之炯 天命胤异传,2024,Galgame,"[{""t"":""マツリカの炯-kEi- 天命胤異伝"",""cn"":""茉莉花之炯 天命胤异传"",""ty"":""Galgame"",""y"":2024,""pop"":103},{""t"":""マツリカの炯-kEi- 天命華燭伝"",""cn"":""茉莉花之炯-kEi-天命华烛传"",""ty"":""Galgame"",""y"":2026,""pop"":9}]",月下ノ国の名家《玖一族》の現当主であり、次期国王の青凛公子の太傅（たいふ）（教育係）。 兄が一人いるが、実力で当主の座を射止めた切れ者。 文武両道で、非常に頭の回転が速いためか、話が通じない者を前にすると、時折、言葉が厳しくなることもあるが、物事を冷静に対処する能力にも長けている。 玖一族の命運を背負いながら、青凛公子の太傅として、立派な国王となってもらうべく、試行錯誤の日々を過ごしている。 華奢で小柄だが、誰もが驚くほどの大食漢。,103,0,103,4,,https://lain.bgm.tv/pic/crt/l/03/dd/139166_crt_8Mrzr.jpg?r=1696596553,https://lain.bgm.tv/r/400/pic/crt/l/03/dd/139166_crt_8Mrzr.jpg?r=1696596553,https://t.vndb.org/ch/54/197754.jpg,,Violet Bun Ponytail Waist Length+ Short Cross-dressing Trousers Sword Swordsmanship Orphan,,https://bgm.tv/character/139166,https://vndb.org/c130198,139166
bgm-bgm13380,vndb,9,9,,湊智花,湊 智花,Minato Tomoka,Mokkan / Shiny Gift,女,A,,动画|漫画|Galgame,Galgame,ロウきゅーぶ！,,2011,Galgame,"[{""t"":""ロウきゅーぶ！"",""cn"":"""",""ty"":""Galgame"",""y"":2011,""pop"":21},{""t"":""ロウきゅーぶ！ ひみつのおとしもの"",""cn"":"""",""ty"":""Galgame"",""y"":2013,""pop"":10},{""t"":""ロウきゅーぶ！ ないしょのシャッターチャンス"",""cn"":"""",""ty"":""Galgame"",""y"":2014,""pop"":5},{""t"":""デュラララ!!×2 承 私の心は鍋模様"",""cn"":""无头骑士异闻录×2 承 我的心是火锅的形状"",""ty"":""动画"",""y"":2015,""pop"":0},{""t"":""デュラララ!!×2 結 デュフフフ!!"",""cn"":""无头骑士异闻录×2 结 DuFuFuFu!!"",""ty"":""动画"",""y"":2016,""pop"":0},{""t"":""ロウきゅーぶ！SS"",""cn"":""萝球社！SS"",""ty"":""动画"",""y"":2013,""pop"":0}]",慧心学园小学部6年C班的学生。女子篮球社中唯一曾有打篮球经验的人，而且技术高超，跳投的姿势非常优美，对篮球的求胜心强，也因此没什么朋友，之后因为真帆的关系，发现篮球除了胜负以外的乐趣，因为如此，凑智花积极的想保住现在这可以开心打球的篮球社。 过去就读其他小学、并加入篮球社。但由于在当时对于队友的要求过高，因此让队友们纷纷远离她而去，她也受到相当大的打击，她也因为如此而转学至慧心学园。 原本打算进慧心后不再打篮球、也不打算交朋友，以免过去的事重演。,99,0,21,99,,https://lain.bgm.tv/pic/crt/l/7b/c4/13380_crt_MU1BZ.jpg,https://lain.bgm.tv/r/400/pic/crt/l/7b/c4/13380_crt_MU1BZ.jpg,https://t.vndb.org/ch/38/59738.jpg,,Pink Shoulder-length Slim Pale School Uniform Kid T-shirt Sports Shoes Pantyhose Deredere,,https://bgm.tv/character/13380,https://vndb.org/c32364,13380
bgm-bgm115583,bangumi,9,9,,优谷优,優谷優,Yuutani Yuu,,其他,,,动画|漫画,动画,ばっどがーる,不良少女,2025,动画,"[{""t"":""ばっどがーる"",""cn"":""不良少女"",""ty"":""动画"",""y"":2025,""pop"":0},{""t"":""ばっどがーる"",""cn"":""BAD GIRL不良少女"",""ty"":""漫画"",""y"":2022,""pop"":0}]",私立藤ヶ咲高校の1年生。無遅刻無欠席なうえに成績優秀、さらに教師からの評判も良い優等生。なのだが、神と崇める亜鳥の気を引くために校則を破らないレベルで不良の真似事を始めた。亜鳥との会話中、挙動不審になることが多々ある。 想要吸引亚鸟学姐而立志成为不良的高一学生。本质是纯天然的好孩子。 爱好：盆栽，水鸟亚鸟学姐。特技：做饭，DIY。爱吃：水鸟亚鸟学姐。家庭成员：父，母，自己。将来梦想：快快长大，结为伴侣。喜欢的成语：水鸟亚鸟。初中曾参与过：图书同好会。,98,0,0,98,,https://lain.bgm.tv/pic/crt/l/30/9e/115583_crt_vV3Cz.jpg?r=1737990889,https://lain.bgm.tv/r/400/pic/crt/l/30/9e/115583_crt_vV3Cz.jpg?r=1737990889,,,,,https://bgm.tv/character/115583,,115583
bgm-bgm106432,vndb,9,9,,,桧葉 美月,Hiba Mitsuki,,女,AB,,Galgame,Galgame,ネコと女子寮せよ！,,2022,Galgame,"[{""t"":""ネコと女子寮せよ！"",""cn"":"""",""ty"":""Galgame"",""y"":2022,""pop"":97},{""t"":""ネコと女子寮（ワカイ）せよ！"",""cn"":""女仆咖啡厅与魔法女子寮"",""ty"":""Galgame"",""y"":2022,""pop"":0}]",学園の３年生で２０２号室の住人。 近眼で、普段はコンタクトレンズを使用している。 母性本能ダダ漏れで、スキンシップも激しい。もともと弟のような存在に憧れていたところもあって何かと理由を付けては勇気のことを甘やかしてくる。 ２年生の頃に生徒会役員をしていたくらいに諸々優秀。趣味がお菓子作りのせいもあって、食べることが大好き。 きっとカロリーは全てその胸に吸収されている。,97,0,97,9,,https://lain.bgm.tv/pic/crt/l/2e/b7/106432_crt_R07ZX.jpg,https://lain.bgm.tv/r/400/pic/crt/l/2e/b7/106432_crt_R07ZX.jpg,https://t.vndb.org/ch/24/126024.jpg,,Brown Long Teen Slim Pale Violet Glasses Knee-high Socks Maid's Dress Senpai,,https://bgm.tv/character/106432,https://vndb.org/c104593,106432
bgm-bgm35143,vndb,9,9,,,丹生 佳津美,Niu Katsumi,,女,A,,Galgame,Galgame,コドモノアソビ,幼时游戏,2015,Galgame,"[{""t"":""コドモノアソビ"",""cn"":""幼时游戏"",""ty"":""Galgame"",""y"":2015,""pop"":97},{""t"":""コドモノアソビ"",""cn"":""幼时游戏"",""ty"":""Galgame"",""y"":2015,""pop"":0}]",全体的にミニマムな体格をした主人公の実妹。 高レベルな学園でも常に首位を獲る努力の秀才。 新年度を期に同じ学園に入学してきた。 性格は非常に事務的で、話し口調も極力無駄を省いた言い方をする。 その表情や雰囲気も相まって、周囲には寡黙で冷めているような印象を与えてしまう。 佳津美もまたセーラとの儀式に参加しており、呪いを受けている。 自身のロールに関しては自覚があり、セーラの登場にかなり驚いている。 「もう子供ではありませんから」,97,0,97,17,,https://lain.bgm.tv/pic/crt/l/17/b7/35143_crt_9mL7H.jpg,https://lain.bgm.tv/r/400/pic/crt/l/17/b7/35143_crt_9mL7H.jpg,https://t.vndb.org/ch/05/43205.jpg,,Violet Bun Long Teen Slim Pale Missionary Blowjob Virgin Sex Red,,https://bgm.tv/character/35143,https://vndb.org/c35737,35143
vndb-c25502,vndb,9,9,,,,Sonnya Gray,,女,O,,Galgame,Galgame,Freak-Quency,,2014,Galgame,,"The main character. A 16 year old girl who's rather quirky and has a deep bond with her older brother, Milo. She is determined to find her brother no matter what. She has a rather dark past that she'd rather not let anyone know about.",95,0,95,0,,https://t.vndb.org/ch/62/31262.jpg,https://t.vndb.org/ch/62/31262.jpg,,#1c4d60 #e4d5bf #a3a091 #f3e9db #f8faef #ffffff,Blond Long Straight Teen Pale School Uniform Orphan Fighting Amnesia Red,,,https://vndb.org/c25502,
vndb-c49726,vndb,9,9,,,ロベール・ブランシェ,Robert Branche,,男,,,Galgame,Galgame,イケメン王宮◆真夜中のシンデレラ,,2012,Galgame,,"Official palace painter. Acted as the princess elect's tutor when she was just a child. Despite his position, he seems unusually interested in the king of Stein, Byron... [Edited from in-game description]",91,0,91,0,,https://t.vndb.org/ch/04/59504.jpg,https://t.vndb.org/ch/04/59504.jpg,,#b38349 #c9a570 #52522c #846744 #e1c9a1 #f7eed7,Brown Curtained Short Brown Slim Pale Young-adult Coat Gloves Friendly,,,https://vndb.org/c49726,
bgm-bgm51010,vndb,9,9,,摄津万里,摂津 万里,Settsu Banri,Banny / Setzer  / Neo Gangster / Mr. High Spec,男,B,,动画|Galgame,Galgame,A3!,,2017,Galgame,"[{""t"":""A3!"",""cn"":"""",""ty"":""Galgame"",""y"":2017,""pop"":87},{""t"":""A3！（エースリー）"",""cn"":""A3！满开剧团"",""ty"":""Galgame"",""y"":2017,""pop"":0},{""t"":""A3! SEASON AUTUMN ＆ WINTER"",""cn"":""A3！满开剧团 秋&冬"",""ty"":""动画"",""y"":2020,""pop"":0},{""t"":""A3! First AUTUMN EP"",""cn"":"""",""ty"":""音乐"",""y"":2017,""pop"":0},{""t"":""MANKAI☆開花宣言"",""cn"":"""",""ty"":""音乐"",""y"":2017,""pop"":0},{""t"":""春夏秋冬☆Blooming!"",""cn"":"""",""ty"":""音乐"",""y"":2018,""pop"":0}]",勉強もスポーツもそれ以外も何でもソツなくこなせてしまう超ハイスペックヤンキー。人生のあらゆる物事にまったく歯ごたえを感じず、しょうがなく適当に喧嘩に明け暮れていた所で生まれて初めての敗北を味わう。自分を負かした十座を追いかけ、リベンジのためMANKAIカンパニーに入団。秋組のリーダーに。,87,0,87,4,,https://lain.bgm.tv/pic/crt/l/1a/ab/51010_crt_VkZsF.jpg?r=1486296048,https://lain.bgm.tv/r/400/pic/crt/l/1a/ab/51010_crt_VkZsF.jpg?r=1486296048,https://t.vndb.org/ch/08/108808.jpg,,Brown Blue Earrings Shirt T-shirt Vest Jeans Outgoing Arrogant Short-tempered,,https://bgm.tv/character/51010,https://vndb.org/c90171,51010
bgm-bgm36554,bangumi,9,9,,科潘冬·多特,コパンドン・ドット,Copandon Dott,科潘彤,其他,,,Galgame,Galgame,ランス10,兰斯10 决战,2018,Galgame,"[{""t"":""ランス10"",""cn"":""兰斯10 决战"",""ty"":""Galgame"",""y"":2018,""pop"":0},{""t"":""戦国ランス"",""cn"":""战国兰斯"",""ty"":""Galgame"",""y"":2006,""pop"":0},{""t"":""Rance6 －ゼス崩壊－"",""cn"":""兰斯6 - 赛斯崩坏 -"",""ty"":""Galgame"",""y"":2004,""pop"":0},{""t"":""ランス・クエスト"",""cn"":""兰斯8"",""ty"":""Galgame"",""y"":2011,""pop"":0},{""t"":""ランス6その後"",""cn"":""兰斯6后日谈"",""ty"":""Galgame"",""y"":2004,""pop"":0},{""t"":""ランス・クエスト マグナム"",""cn"":""兰斯8 Magnum"",""ty"":""Galgame"",""y"":2012,""pop"":0}]",ポルトガル出身、父の名は、レオパルドン・ドット。おみくじ巫女。,70,0,0,70,,https://lain.bgm.tv/pic/crt/l/8a/ef/36554_crt_07SBs.jpg,https://lain.bgm.tv/r/400/pic/crt/l/8a/ef/36554_crt_07SBs.jpg,,,,,https://bgm.tv/character/36554,,36554
bgm-bgm37891,vndb,9,9,,,乃神 影那,Nogami Eina,周防院 蓮華 / Suouin Renge,女,,,Galgame,Galgame,恋せよ!!妹番長,,2013,Galgame,"[{""t"":""恋せよ!!妹番長"",""cn"":"""",""ty"":""Galgame"",""y"":2013,""pop"":66},{""t"":""恋せよ!!妹番長"",""cn"":"""",""ty"":""Galgame"",""y"":2013,""pop"":0}]",争いが好きなわけではないが、売られたケンカに勝ち続けるうちに、いつの間にか神奈川を代表するスケバンに祭り上げられてしまった。 ケンカが絶えなかった原因は特徴的な銀髪のせい。 しかし髪は、幼い頃に主人公に綺麗だと褒められて以来、ずっと大切にし続けている。 面倒見の良い性格で舎妹たちに慕われているが、実は普通の女の子に憧れていたりもする。 「戦いたくねえって言ってるだろうが。シメられてぇのか！」,66,0,66,7,,https://lain.bgm.tv/pic/crt/l/d6/d8/37891_crt_b0J77.jpg,https://lain.bgm.tv/r/400/pic/crt/l/d6/d8/37891_crt_b0J77.jpg,https://storage.moegirl.org.cn/moegirl/commons/b/b5/%E4%B9%83%E7%A5%9E%E5%BD%B1%E9%82%A3.jpg!/fw/480/watermark/url/L21vZWdpcmwvd2F0ZXJtYXJrLnBuZw==/align/southeast/margin/10x10/opacity/50?v=20170630071609|https://storage.moegirl.org.cn/moegirl/commons/b/b5/%E4%B9%83%E7%A5%9E%E5%BD%B1%E9%82%A3.jpg|https://t.vndb.org/ch/02/33402.jpg,,White Ahoge Straight Slim Pale Missionary Cowgirl Blowjob Virgin Sex Group Sex,,https://bgm.tv/character/37891,https://vndb.org/c20349,37891
bgm-bgm21271,vndb,9,9,,云雀丘爱祈,雲雀ヶ丘 愛祈,Hibarigaoka Itsuki,,女,B,,Galgame,Galgame,Guardian☆Place ～ドエスな妹と3人の嫁～,,2013,Galgame,"[{""t"":""Guardian☆Place ～ドエスな妹と3人の嫁～"",""cn"":"""",""ty"":""Galgame"",""y"":2013,""pop"":65},{""t"":""Guardian☆Place ～ドエスな妹と3人の嫁～"",""cn"":"""",""ty"":""Galgame"",""y"":2013,""pop"":0}]",守護者業会No.3のシェアを誇る雲雀ヶ丘グループの一人娘。 仕草がいちいち艶っぽい、同じ年とは思えない大人びた少女。 才色兼備・文武両道・眉目秀麗、優しく慈愛に満ち、そして少しエッチな、ほぼ完璧と言っていい美人。 生まれた時から鳳の跡取りと結婚するように教育を施され、完璧なお嫁さんになるため己を磨き続けてきた。 そのことに自負を持っており、故に自分が良い女だと自覚している。 なので常に自信に満ちあふれ、躊躇うことなく信じた道を突き進む。,65,0,65,2,,https://lain.bgm.tv/pic/crt/l/b6/69/21271_crt_SupFM.jpg,https://lain.bgm.tv/r/400/pic/crt/l/b6/69/21271_crt_SupFM.jpg,https://t.vndb.org/ch/81/15681.jpg,,Blond Waist Length+ Wavy Teen Slim Pale School Uniform Master Fighting Missionary,,https://bgm.tv/character/21271,https://vndb.org/c12910,21271
bgm-bgm171187,vndb,9,9,,,山高 小霧,Yamataka Sagiri,図書館の奥に棲む読書好き少女,女,B,,Galgame,Galgame,極限痴漢特異点３　千年の劣情,,2023,Galgame,"[{""t"":""極限痴漢特異点３　千年の劣情"",""cn"":"""",""ty"":""Galgame"",""y"":2023,""pop"":62},{""t"":""極限痴漢特異点3　千年の劣情"",""cn"":"""",""ty"":""Galgame"",""y"":2023,""pop"":0}]",『どうせ私は本とネットが生き甲斐の屑ですから。 ほっといてください』 学校には通っておらず、八馬城市内の 図書館に入り浸っている引きこもり少女。 人見知りする性格で他人に心を開かない。 腰まで伸びた長髪と、小柄な身体に 似合わない大きな胸が特徴。 一日中、読書かネットか昼寝しかしていない為 運動能力と体力は壊滅的。 あと、三度の飯よりも自慰が好き。,62,0,62,1,,https://lain.bgm.tv/pic/crt/l/c5/21/171187_crt_aJsWW.jpg,https://lain.bgm.tv/r/400/pic/crt/l/c5/21/171187_crt_aJsWW.jpg,https://t.vndb.org/ch/99/145999.jpg,,Long Amber Glasses Boobjob Cyan Twin Braids Tiny Braid,,https://bgm.tv/character/171187,https://vndb.org/c124035,171187
vndb-c37658,vndb,9,9,,,播磨 奏,Harima Kanade,,男,B,,Galgame,Galgame,KLAP!! ~Kind Love And Punish~,,2015,Galgame,"[{""t"":""KLAP!! ~Kind Love And Punish~"",""cn"":"""",""ty"":""Galgame"",""y"":2015,""pop"":61},{""t"":""KLAP!! ~Kind Love And Punish~ Fun Party"",""cn"":"""",""ty"":""Galgame"",""y"":2017,""pop"":27}]",Nekomata.,61,0,61,0,,https://t.vndb.org/ch/45/45445.jpg,https://t.vndb.org/ch/45/45445.jpg,,#715a5a #e5d9a3 #a19390 #ece4d1 #fbfcf7,Brown Short Green Young-adult Kimono Scarf Katana Kind Cat Tail,,,https://vndb.org/c37658,
bgm-bgm60962,vndb,9,9,,,露木 茉穂,Tsuyuki Maho,,女,A,,Galgame,Galgame,戯ィ牙 ～ファンリューゲ†クリフォト～,,2017,Galgame,"[{""t"":""戯ィ牙 ～ファンリューゲ†クリフォト～"",""cn"":"""",""ty"":""Galgame"",""y"":2017,""pop"":56},{""t"":""戯ィ牙～ファンリューゲ†クリフォト～"",""cn"":"""",""ty"":""Galgame"",""y"":2017,""pop"":0}]",購買部管理者兼学校校務員（用務員）。 既婚者。23歳。非処女。 主に昼の購買部店員が主な仕事。夜の見回り等は旦那の光則が請け負っている。 明るくさっぱりとした性格。頼りがいのあるさばさばとした姉御肌。生徒にも人気者。 愛する者にはとても一途で献身的。情が深い。,56,0,56,2,,https://lain.bgm.tv/pic/crt/l/09/be/60962_crt_7M1MK.jpg,https://lain.bgm.tv/r/400/pic/crt/l/09/be/60962_crt_7M1MK.jpg,https://t.vndb.org/ch/40/77940.jpg,,Brown Wavy Short Missionary Amber Wife Wounding Pregnancy Seventh Posture Sitting Sex,,https://bgm.tv/character/60962,https://vndb.org/c64829,60962
vndb-c67441,vndb,9,9,,,廻螺＝アマルリック,Ela Amalric,エラ,男,B,,Galgame,Galgame,Cendrillon palikA,,2018,Galgame,,"""I’m a half-hearted person, you know? I can't be anyone, I'm a failure."" A resident of ""Toukyou"". Although he seems reserved, he isn't afraid of strangers and is filled with curiosity.",55,0,55,0,,https://t.vndb.org/ch/55/81255.jpg,https://t.vndb.org/ch/55/81255.jpg,,#c2aab9 #ddcad4 #837c8b #f9eef4 #ece4ee,Short Green Green Young-adult Boku Teasing Disguise Flirting Curious Reading,,,https://vndb.org/c67441,
bgm-bgm18156,vndb,9,9,,御门凉子,御門 涼子,Mikado Ryouko,,女,O,,动画|漫画|Galgame,Galgame,To LOVEる-とらぶる- ダークネス　トゥループリンセス,,2015,Galgame,"[{""t"":""To LOVEる-とらぶる- ダークネス　トゥループリンセス"",""cn"":"""",""ty"":""Galgame"",""y"":2015,""pop"":37},{""t"":""To LOVEる -とらぶる- ダークネス"",""cn"":""出包王女DARKNESS"",""ty"":""漫画"",""y"":2011,""pop"":0},{""t"":""To LOVEる-とらぶる-ダークネス"",""cn"":""出包王女Darkness"",""ty"":""动画"",""y"":2012,""pop"":0},{""t"":""To LOVEる-とらぶる-ダークネス OAD"",""cn"":""出包王女Darkness OAD"",""ty"":""动画"",""y"":2012,""pop"":0},{""t"":""To LOVEる -とらぶる- ダークネス 2nd"",""cn"":""出包王女Darkness 第二季"",""ty"":""动画"",""y"":2015,""pop"":0},{""t"":""もっとTo LOVEる -とらぶる-"",""cn"":""更多 出包王女"",""ty"":""动画"",""y"":2010,""pop"":0}]",表面上是彩南高中的保健教师，但是其真实身分是谜一样的宇宙医生。暂时居住在地球，以前也有治疗过“金色暗影”。喜欢告诉菈菈错误的地球情报来逗纯情的梨斗。 和提亚悠是在学生时代大约是14岁时的同学，是十分友好的朋友，因此到了现在也经常帮金发巨乳的眼镜冒失娘－提亚悠。 官方女主角总选举获得“想要成为自己家人的角色”第2名、“想要进入身体一天的角色”第10名。,50,0,37,50,1,https://lain.bgm.tv/pic/crt/l/a7/4d/18156_crt_Y2Vs6.jpg,https://lain.bgm.tv/r/400/pic/crt/l/a7/4d/18156_crt_Y2Vs6.jpg,https://t.vndb.org/ch/20/52420.jpg,,Brown Shoulder-length Slim Pale Green Young-adult Miniskirt Carefree Teasing Belt,,https://bgm.tv/character/18156,https://vndb.org/c43672,18156
bgm-bgm29320,bangumi,9,9,,小蝶,Fluttershy,,柔柔,其他,,,动画,动画,My Little Pony Friendship is Magic Season 1,小马宝莉：友谊就是魔法 第一季,2010,动画,"[{""t"":""My Little Pony Friendship is Magic Season 1"",""cn"":""小马宝莉：友谊就是魔法 第一季"",""ty"":""动画"",""y"":2010,""pop"":0},{""t"":""My Little Pony Friendship is Magic Season 2"",""cn"":""小马宝莉：友谊就是魔法 第二季"",""ty"":""动画"",""y"":2011,""pop"":0},{""t"":""My Little Pony Friendship is Magic Season 4"",""cn"":""小马宝莉：友谊就是魔法 第四季"",""ty"":""动画"",""y"":2013,""pop"":0},{""t"":""My Little Pony Friendship is Magic Season 5"",""cn"":""小马宝莉：友谊就是魔法 第五季"",""ty"":""动画"",""y"":2015,""pop"":0},{""t"":""My Little Pony Friendship is Magic Season 3"",""cn"":""小马宝莉：友谊就是魔法 第三季"",""ty"":""动画"",""y"":2012,""pop"":0},{""t"":""My Little Pony Friendship is Magic Season 6"",""cn"":""小马宝莉：友谊就是魔法 第六季"",""ty"":""动画"",""y"":2016,""pop"":0}]",米黄色身体、粉红色鬃毛、蓝绿色眼睛的小马，长相漂亮，可爱标志为三只粉红翅膀的蝴蝶，说话总是很小声，声音甜美。小蝶在平时显得十分害羞与胆怯，但是在她的朋友被不公平对待时，总是坚定地站出来维护朋友们。小蝶热爱与小动物交涉，并且邀请它们来自己家里做客。 在Elements of harmony中代表“善良”,47,0,0,47,,https://lain.bgm.tv/pic/crt/l/40/9c/29320_crt_G9GeG.jpg,https://lain.bgm.tv/r/400/pic/crt/l/40/9c/29320_crt_G9GeG.jpg,,,,,https://bgm.tv/character/29320,,29320
al42808,anilist,9,9,,樱井良,桜井良,Ryou Sakurai,Pre-Emptive Strike Leader / Apologetic Mushroom,男,A,16,动画|漫画,动画,黒子のバスケ,黑子的篮球,2012,动画,"[{""t"":""黒子のバスケ"",""cn"":""黑子的篮球"",""ty"":""动画"",""y"":2012,""pop"":286383},{""t"":""黒子のバスケ 2nd SEASON"",""cn"":"""",""ty"":""动画"",""y"":2013,""pop"":182891},{""t"":""黒子のバスケ 3rd SEASON"",""cn"":"""",""ty"":""动画"",""y"":2015,""pop"":162720},{""t"":""劇場版 黒子のバスケ Last Game"",""cn"":""剧场版 黑子的篮球 终极一战"",""ty"":""动画"",""y"":2017,""pop"":88995},{""t"":""黒子のバスケ"",""cn"":""黑子的篮球"",""ty"":""漫画"",""y"":2008,""pop"":17353},{""t"":""黒子のバスケNG集"",""cn"":""黑子的篮球NG集"",""ty"":""动画"",""y"":2012,""pop"":14314}]",1年生のSG。背番号は9番。 青峰の同級生。青峰に対しても「さん」付けで呼び、敬語を使うほどかなり気弱かつ自虐的な性格。ことあるごとに「スイマセン」とあやまる。日向に「謝りキノコ」と命名される。 ブロックしづらいクイックリリースショットが得意で、桐皇の「特攻隊長」としてチームメイトの信頼を得ている。また、シューターとしては人一倍に負けず嫌いで、相手が強ければ強いほどシュートの精度が上がる。,45,45,0,2,,https://lain.bgm.tv/pic/crt/l/fa/c3/39336_crt_7XZ7b.jpg,https://lain.bgm.tv/r/400/pic/crt/l/fa/c3/39336_crt_7XZ7b.jpg,https://s4.anilist.co/file/anilistcdn/character/medium/b42808-isWJQUjIdSxT.jpg|https://s4.anilist.co/file/anilistcdn/character/large/b42808-isWJQUjIdSxT.jpg,,,https://anilist.co/character/42808,https://bgm.tv/character/39336,,39336
vndb-c88076,vndb,9,9,,,,Lyle D. Termina,Ultimate Puzzlemaster / Lyle Termina / Lyle Determination Termina,男,,,Galgame,Galgame,Danganronpa: Lapse,,2019,Galgame,,,42,0,42,0,,https://t.vndb.org/ch/36/144636.jpg,https://t.vndb.org/ch/36/144636.jpg,,#bcb08e #877a7f #353034 #e0d3c6 #ffffff,Black Wavy Short Sweater Violet Necktie Shirt High School Student Stubborn Smart,,,https://vndb.org/c88076,
bgm-bgm144074,vndb,9,9,,,大和田 安寿,Owada Anju,,女,O,,游戏|Galgame,Galgame,凌辱セレブ妻 ～屈辱!!肉奴隷への堕落～,,2008,Galgame,"[{""t"":""凌辱セレブ妻 ～屈辱!!肉奴隷への堕落～"",""cn"":"""",""ty"":""Galgame"",""y"":2008,""pop"":42},{""t"":""凌辱セレブ妻　～屈辱！！肉奴隷への堕落～"",""cn"":"""",""ty"":""游戏"",""y"":2008,""pop"":0}]",妖艶で寡黙な美女。冷静沈着・頭脳明晰。 淡々と家政婦として仕事をこなす。 ややロボット的。 「…いらっしゃいませ。御用は何でごさいましょう？」,42,0,42,1,,https://lain.bgm.tv/pic/crt/l/88/4c/144074_crt_gU6Jm.jpg,https://lain.bgm.tv/r/400/pic/crt/l/88/4c/144074_crt_gU6Jm.jpg,https://t.vndb.org/ch/60/83460.jpg,,Black Shoulder-length Straight Brown Slim Pale Hard Worker Cunnilingus Sixty-nine Group Sex,,https://bgm.tv/character/144074,https://vndb.org/c39563,144074
vndb-c1211,vndb,9,9,,,蒲生 大助,Gamou Daisuke,,男,O,,Galgame,Galgame,エルフオールスターズ脱衣雀3,,2006,Galgame,"[{""t"":""エルフオールスターズ脱衣雀3"",""cn"":"""",""ty"":""Galgame"",""y"":2006,""pop"":39},{""t"":""らいむいろ流奇譚Ⅹ ～恋、教ヘテクダサイ。～"",""cn"":"""",""ty"":""Galgame"",""y"":2004,""pop"":17}]",,39,0,39,0,,https://t.vndb.org/ch/09/133009.jpg,https://t.vndb.org/ch/09/133009.jpg,,#0aadee #d1a666 #714f32 #87dbf3 #bac1d0 #f6fbfb,Brown Short Brown Young-adult Olive Military Uniform Commander Hosome,,,https://vndb.org/c1211,
bgm-bgm161214,bangumi,9,9,,樱森真帆,桜森真帆,,,其他,O,,动画|漫画,动画,クラスの大嫌いな女子と結婚することになった。,我和班上最讨厌的女生结婚了。,2025,动画,"[{""t"":""クラスの大嫌いな女子と結婚することになった。"",""cn"":""我和班上最讨厌的女生结婚了。"",""ty"":""动画"",""y"":2025,""pop"":0},{""t"":""クラスの大嫌いな女子と結婚することになった。"",""cn"":""我和班上最讨厌的女生结婚了。"",""ty"":""漫画"",""y"":2021,""pop"":0},{""t"":""クラスの大嫌いな女子と結婚することになった。"",""cn"":""我和班上最讨厌的女生结婚了。"",""ty"":""漫画"",""y"":2020,""pop"":0}]",才人たちの高校に編入してきた後輩。 幼さと蠱惑的な雰囲気を兼ね備えた少女。 自由奔放な甘えん坊で、朱音のことが大好き。,37,0,0,37,,https://lain.bgm.tv/pic/crt/l/37/94/161214_crt_GejkI.jpg,https://lain.bgm.tv/r/400/pic/crt/l/37/94/161214_crt_GejkI.jpg,,,,,https://bgm.tv/character/161214,,161214
vndb-c19552,vndb,9,9,,,団 長,Dan Osamu,,男,O,,Galgame,Galgame,姉、ちゃんとしようよっ！2,,2004,Galgame,,,36,0,36,0,,https://t.vndb.org/ch/07/24307.jpg,https://t.vndb.org/ch/07/24307.jpg,,#681c25 #946f66 #cea28e #ffffff,Violet Violet Jacket Friend Smart Pendant Necklace Spiky,,,https://vndb.org/c19552,
vndb-c13525,vndb,9,9,,,レイチェル・ハーベスト,Rachel Harvest,シャドームーン / Shadow Moon / レイ / Rei,女,,,Galgame,Galgame,Princess Holiday～転がるりんご亭千夜一夜～,,2002,Galgame,"[{""t"":""Princess Holiday～転がるりんご亭千夜一夜～"",""cn"":"""",""ty"":""Galgame"",""y"":2002,""pop"":35},{""t"":""オーガストファンBOX"",""cn"":"""",""ty"":""Galgame"",""y"":2004,""pop"":12}]","Rachel is the draw at the pub named Korogaru Ringotei. She acts like an older sister of Cliff, Shilphy and Eleanor, and she is a favorite with regular customers.",35,0,35,0,,https://t.vndb.org/ch/15/55715.jpg,https://t.vndb.org/ch/15/55715.jpg,,#6e7850 #d9b691 #ebd6c1 #f5ece2 #fafaf7,Red Short Brown Teen Slim Pale Cooking Virgin Sex Hotblooded Hair Ribbon,,,https://vndb.org/c13525,
bgm-bgm69570,bangumi,9,9,,戌亥床,戌亥とこ,Inui Toko,,其他,,,Galgame,Galgame,にじさんじのタイプ診断,,2021,Galgame,"[{""t"":""にじさんじのタイプ診断"",""cn"":"""",""ty"":""Galgame"",""y"":2021,""pop"":0},{""t"":""Prismatic Colors"",""cn"":"""",""ty"":""音乐"",""y"":2020,""pop"":0},{""t"":""Tensegrity"",""cn"":"""",""ty"":""音乐"",""y"":2024,""pop"":0},{""t"":""salvia"",""cn"":"""",""ty"":""音乐"",""y"":2023,""pop"":0},{""t"":""SMASH The PAINT!!"",""cn"":"""",""ty"":""音乐"",""y"":2020,""pop"":0},{""t"":""Transparent Blue (Special Edition)"",""cn"":"""",""ty"":""音乐"",""y"":2022,""pop"":0}]",寂れた和風喫茶で働く女の子。店長の趣味でメイド服を着せられている。 足下に見え隠れする尻尾が本物かどうかは、触れた人のみぞ知る。 満月の夜は何か不思議な事が起きるらしい？ 狼ではなくケルベロスのケモ娘。髪を結んでいる二匹の獣はそれぞれバンとケン。 本人の口調は訛りではない。断じて訛ってはいない。,34,0,0,34,,https://lain.bgm.tv/pic/crt/l/3f/3c/69570_crt_xo9Hs.jpg?r=1554142004,https://lain.bgm.tv/r/400/pic/crt/l/3f/3c/69570_crt_xo9Hs.jpg?r=1554142004,https://storage.moegirl.org.cn/moegirl/commons/3/34/%E6%88%8C%E4%BA%A5%E5%BA%8A2021%E7%94%9F%E6%97%A5.jpeg!/fw/480/watermark/url/L21vZWdpcmwvd2F0ZXJtYXJrLnBuZw==/align/southeast/margin/10x10/opacity/50?v=20220818034916|https://storage.moegirl.org.cn/moegirl/commons/3/34/%E6%88%8C%E4%BA%A5%E5%BA%8A2021%E7%94%9F%E6%97%A5.jpeg,,图源:moegirl,,https://bgm.tv/character/69570,,69570
vndb-c35526,vndb,9,9,,,綾本 環,Ayamoto Tamaki,,女,A,,Galgame,Galgame,真説 猟奇の檻,,2004,Galgame,,,33,0,33,0,,https://t.vndb.org/ch/49/42949.jpg,https://t.vndb.org/ch/49/42949.jpg,,#473353 #9b6a82 #bdadc8 #e4dce8 #f3f1f9 #ffffff,Violet Bun Long Cowgirl Blowjob Sixty-nine Sex with Others Amber Vest Miniskirt,,,https://vndb.org/c35526,
vndb-c43889,vndb,9,9,,,護国寺 鞠絵,Gokokuji Marie,,女,,,Galgame,Galgame,桃華月憚,,2007,Galgame,,,33,0,33,0,,https://t.vndb.org/ch/99/52699.jpg,https://t.vndb.org/ch/99/52699.jpg,,#8b575c #99a6be #c3ccd8 #e2e7eb #f3f7f9 #ffffff,Brown Long School Uniform Missionary Blowjob Virgin Sex Cross Necklace Miniskirt Sport Bloomers Pantyhose,,,https://vndb.org/c43889,
vndb-c1763,vndb,9,9,,,楢崎 浩太,Narasaki Kouta,,男,O,,Galgame,Galgame,STEP ―二人の関係は一歩ずつ―,,2006,Galgame,,,33,0,33,0,,https://t.vndb.org/ch/96/2096.jpg,https://t.vndb.org/ch/96/2096.jpg,,#3e2f2f #906672 #b69db6 #e0d2d2 #f5efe9 #ffffff,Brown Short Pale Trousers Violet Young-adult Necktie Drinking Smoking Betrothed,,,https://vndb.org/c1763,
bgm-bgm175132,vndb,9,9,,,星永 星莉佳,Hoshinaga Serika,,女,O,,Galgame,Galgame,極限痴漢特異点NEO,,2025,Galgame,"[{""t"":""極限痴漢特異点NEO"",""cn"":"""",""ty"":""Galgame"",""y"":2025,""pop"":32},{""t"":""極限痴漢特異点NEO"",""cn"":"""",""ty"":""Galgame"",""y"":2025,""pop"":0}]",よく当たると評判の人気爆乳占い師。 西洋占星術とタロットに巨乳占術を加えた 独自の占いを行う。 有名占い師だが、実際は極度のコミュ障。 特に男性が苦手で、会話すらままならない。 しかし結婚願望や家庭を持つ事への憧れは強く、 なんとか男性恐怖症を克服しようと 日々努力している。 意外と喜怒哀楽がはっきり出る方で、 思い込みも激しいタイプ。 私生活はすさまじくズボラであり、 汚部屋の中で暮らしている２８歳。,32,0,32,8,1,https://lain.bgm.tv/pic/crt/l/45/6b/175132_crt_VhFj1.jpg,https://lain.bgm.tv/r/400/pic/crt/l/45/6b/175132_crt_VhFj1.jpg,https://t.vndb.org/ch/48/182348.jpg,,Long Pale Green Thigh-high Stockings Shy Cyan Pendant Necklace Veil Androphobia Sloppy,,https://bgm.tv/character/175132,https://vndb.org/c155017,175132
bgm-bgm72657,bangumi,9,9,,绿上萌,緑へも,Midori Hemo,绿黑萌 / 绿妃萌,其他,AB,,动画|漫画|游戏,动画,おちこぼれフルーツタルト,满溢的水果挞,2020,动画,"[{""t"":""おちこぼれフルーツタルト"",""cn"":""满溢的水果挞"",""ty"":""动画"",""y"":2020,""pop"":0},{""t"":""きららファンタジア"",""cn"":""闪耀幻想曲"",""ty"":""游戏"",""y"":2017,""pop"":0},{""t"":""おちこぼれフルーツタルト"",""cn"":""满溢的水果挞"",""ty"":""漫画"",""y"":2016,""pop"":0}]",初中三年级生。 在猫猫制作的征选获得第一名的新人，事后因本人的愿望加入了小白鼠制作公司成为水果挞的成员。 キャットプロ期待の大型新人だったが、イノの事が好きすぎてラットプロに移籍してきた中学三年生。普段は良い子だけどイノが絡むと大変なことになる。,32,0,0,32,,https://lain.bgm.tv/pic/crt/l/6c/e7/72657_crt_4cKcM.jpg?r=1603719415,https://lain.bgm.tv/r/400/pic/crt/l/6c/e7/72657_crt_4cKcM.jpg?r=1603719415,,,,,https://bgm.tv/character/72657,,72657
bgm-bgm90872,vndb,9,9,,,沢木 節子,Sawaki Setsuko,,女,,,Galgame,Galgame,あなたと見た桜 ～姉妹妻～,,2004,Galgame,"[{""t"":""あなたと見た桜 ～姉妹妻～"",""cn"":"""",""ty"":""Galgame"",""y"":2004,""pop"":32},{""t"":""あなたと見た桜 〜姉妹妻〜"",""cn"":""和你一起看的樱花 ～姐妹妻～"",""ty"":""Galgame"",""y"":2004,""pop"":0}]",謎めいた妖艶な微笑みで一成を誘惑してくる熟女妻。 実は藍子の母親。時折、沢木家に来ている一成を物陰から見ている。 『こちらにいらして ・ ・ ・さぁ』,32,0,32,4,,https://lain.bgm.tv/pic/crt/l/8f/5a/90872_crt_26ztx.jpg,https://lain.bgm.tv/r/400/pic/crt/l/8f/5a/90872_crt_26ztx.jpg,https://t.vndb.org/ch/77/84777.jpg,,Violet Bun Blowjob Blue Kimono Wife Mother Refined Footjob Mature,,https://bgm.tv/character/90872,https://vndb.org/c42990,90872
vndb-c37436,vndb,9,9,,,久我 恭介,Kuga Kyousuke,,男,B,,Galgame,Galgame,プリンス・オブ・ストライド,,2015,Galgame,,A former member of Honan's stride club. He's considered a failure of Honan's system. Mostly a loner and considered mysterious in most ambits. [From Official website],30,0,30,0,,https://t.vndb.org/ch/61/45161.jpg,https://t.vndb.org/ch/61/45161.jpg,,,White Ponytail Long Straight Teen Pale White T-shirt Jeans Sports Shoes,,,https://vndb.org/c37436,
bgm-bgm46169,vndb,9,9,,,鷹ノ羽 美良,Takanoha Mira,,女,AB,,Galgame,Galgame,恋するコトと見つけたり！,,2011,Galgame,"[{""t"":""恋するコトと見つけたり！"",""cn"":"""",""ty"":""Galgame"",""y"":2011,""pop"":29},{""t"":""恋するコトと見つけたり！"",""cn"":"""",""ty"":""Galgame"",""y"":2011,""pop"":0}]",一歳年上の先輩。地元の名家である鷹ノ羽家の令嬢にして、夏嶺学園の学生会会長。 成績優秀・スポーツ万能な上に、なんでもそつなくこなす天才肌。 会長としてのリーダーシップとカリスマがあり、頭の回転も早く非常に有能だが、気まぐれで突然サボることもよくある。 恭のことが好きであることを全学生の前で公言するなど、滅茶苦茶な行動も多い。 学園全体の姉御であり、君主としての器の持ち主だが、独善的なところが玉に瑕。,29,0,29,2,,https://lain.bgm.tv/pic/crt/l/e2/a5/46169_crt_Bkrjr.jpg,https://lain.bgm.tv/r/400/pic/crt/l/e2/a5/46169_crt_Bkrjr.jpg,https://t.vndb.org/ch/49/3049.jpg,,Violet Waist Length+ Straight Teen Slim Pale School Uniform Amber Necktie Miniskirt,,https://bgm.tv/character/46169,https://vndb.org/c2985,46169
bgm-bgm42166,bangumi,9,9,,阿基,アキ,Aki,阿琪 / 亚纪 / 秋,其他,,,动画,动画,ガールズ＆パンツァー 劇場版,少女与战车 剧场版,2015,动画,"[{""t"":""ガールズ＆パンツァー 劇場版"",""cn"":""少女与战车 剧场版"",""ty"":""动画"",""y"":2015,""pop"":0},{""t"":""ガールズ＆パンツァー 最終章 第4話"",""cn"":""少女与战车 最终章 第4话"",""ty"":""动画"",""y"":2024,""pop"":0},{""t"":""ガールズ＆パンツァー 最終章 第1話"",""cn"":""少女与战车 最终章 第1话"",""ty"":""动画"",""y"":2018,""pop"":0},{""t"":""ガールズ＆パンツァー 最終章 第2話"",""cn"":""少女与战车 最终章 第2话"",""ty"":""动画"",""y"":2020,""pop"":0},{""t"":""ガールズ＆パンツァー 最終章 第3話"",""cn"":""少女与战车 最终章 第3话"",""ty"":""动画"",""y"":2021,""pop"":0}]",継続高校の隊員。BT-42の砲手兼装填手。ミカと共に行動しており、哲学的なミカの言葉に興味を示している。 考据（萌娘百科）：继续高中BT-42车组三人的设定均来自芬兰知名的童话人物“姆明”（小肥肥一族），其中阿基的形象来源于好奇心旺盛的姆明。 而阿基的名字则可能来源于Aki Kaurismäki（阿基·考里斯马基），芬兰名导演。,27,0,0,27,,https://lain.bgm.tv/pic/crt/l/ec/02/42166_crt_kM3KZ.jpg,https://lain.bgm.tv/r/400/pic/crt/l/ec/02/42166_crt_kM3KZ.jpg,,,,,https://bgm.tv/character/42166,,42166
vndb-c18051,vndb,9,9,,,初瀬 香津美,Hatsuse Katsumi,Kat-chan,女,,,Galgame,Galgame,片恋いの月,,2007,Galgame,"[{""t"":""片恋いの月"",""cn"":"""",""ty"":""Galgame"",""y"":2007,""pop"":27},{""t"":""片恋いの月えくすとら"",""cn"":"""",""ty"":""Galgame"",""y"":2008,""pop"":22}]",,27,0,27,0,,https://t.vndb.org/ch/83/47483.jpg,https://t.vndb.org/ch/83/47483.jpg,,#3a3634 #e8d8cf #acaba1 #faf1e9 #6d6b67 #ffffff,Black Waist Length+ Straight Teen Slim Pale School Uniform Blue Shirt Miniskirt,,,https://vndb.org/c18051,
vndb-c96127,vndb,9,9,,,,Isis Black,,女,,,Galgame,Galgame,Café Rouge,,2020,Galgame,,"She is your average American teenager who is interviewing for a part time job at a mysterious establishment called ""Café Rouge.""",27,0,27,0,,https://t.vndb.org/ch/42/116042.jpg,https://t.vndb.org/ch/42/116042.jpg,,#8e5177 #402a45 #c693a6 #e3d4d9 #f7f3f0 #ffffff,Black Long Teen Pale Green Jacket Shirt Waitstaff Nameable Pendant Earrings,,,https://vndb.org/c96127,
bgm-bgm216709,vndb,9,9,,,須賀 寛一,Suga Kan'ichi,,男,O,,Galgame,Galgame,電マ女と性感男,,2012,Galgame,"[{""t"":""電マ女と性感男"",""cn"":"""",""ty"":""Galgame"",""y"":2012,""pop"":27},{""t"":""電マ女と性感男"",""cn"":"""",""ty"":""Galgame"",""y"":2012,""pop"":0}]",一見、普通の男子学生。 勉強・運動神経・コミュ力ともに平均値。 全身が性感帯なため、シャワー・地震・ひげそり等々、様々なものに感じてしまう。 だがそれに悲観的ではなく、一応隠しはするが適当に馴染んでいる。 女の子を含む対人スキルは高めだが、ズレてる面も。,27,0,27,0,,https://lain.bgm.tv/pic/crt/l/55/76/216709_crt_vaWF6.jpg,https://lain.bgm.tv/r/400/pic/crt/l/55/76/216709_crt_vaWF6.jpg,,,High School Student,,https://bgm.tv/character/216709,https://vndb.org/c45062,216709
vndb-c264,vndb,9,9,,,福島 絹,Fukushima Kinu,,女,A,,Galgame,Galgame,らいむいろ戦奇譚 ～明治日本、乙女防人ス。～,,2002,Galgame,"[{""t"":""らいむいろ戦奇譚 ～明治日本、乙女防人ス。～"",""cn"":"""",""ty"":""Galgame"",""y"":2002,""pop"":26},{""t"":""らいむいろ雀奇譚 ～明治日本、乙女先ヅモス。～"",""cn"":"""",""ty"":""Galgame"",""y"":2003,""pop"":12}]",,26,0,26,0,,https://t.vndb.org/ch/90/132990.jpg,https://t.vndb.org/ch/90/132990.jpg,,#26b6e8 #92e0f3 #8d877f #353640 #c8bdbb #e5f1f1,Black Twin Tails Waist Length+ Teen Slim Pale Student Fighting Virgin Sex Amber,,,https://vndb.org/c264,
vndb-c90938,vndb,9,9,,,神山 零,Kouyama Rei,,男,AB,,Galgame,Galgame,邪!! ぱんでみっく,,2010,Galgame,,,26,0,26,0,,,,,,,,,https://vndb.org/c90938,
vndb-c91306,vndb,9,9,,,零羽,Ling Yu,,女,,,Galgame,Galgame,妄想症：Deliver Me,,2018,Galgame,,,24,0,24,0,,https://t.vndb.org/ch/10/114810.jpg,https://t.vndb.org/ch/10/114810.jpg,,#4a160e #ae6a44 #623a2c #f3a160 #fdc878 #515657,Brown Ahoge Waist Length+ Pale Red Sailor School Uniform,,,https://vndb.org/c91306,
al209534,anilist,9,9,,雷奈·西姆,レーネ・シム,René Simm,,男,A,,动画|漫画,动画,終わりのセラフ,终结的炽天使,2015,动画,"[{""t"":""終わりのセラフ"",""cn"":""终结的炽天使"",""ty"":""动画"",""y"":2015,""pop"":328717},{""t"":""終わりのセラフ"",""cn"":""终结的炽天使"",""ty"":""漫画"",""y"":2012,""pop"":44335},{""t"":""終わりのセラフ 名古屋決戦編"",""cn"":""终结的炽天使 名古屋决战篇"",""ty"":""动画"",""y"":2015,""pop"":0},{""t"":""終わりのセラフ"",""cn"":""终结的炽天使"",""ty"":""动画"",""y"":2015,""pop"":0}]",和米迦尔同为一支小队，负责保护其俘虏的人类避免受到约翰四骑士的袭击，吸血鬼对于吸取其俘虏人类的血有所管制，因此常借由因职务出勤时吸取人类的血。其小队收到了收集人类前往名古屋的任务。,24,24,0,2,,https://lain.bgm.tv/pic/crt/l/db/50/33908_crt_I5aNJ.jpg?r=1436089149,https://lain.bgm.tv/r/400/pic/crt/l/db/50/33908_crt_I5aNJ.jpg?r=1436089149,https://s4.anilist.co/file/anilistcdn/character/medium/b209534-JGqqDSqPXZ6V.png|https://s4.anilist.co/file/anilistcdn/character/large/b209534-JGqqDSqPXZ6V.png,,,https://anilist.co/character/209534,https://bgm.tv/character/33908,,33908
bgm-bgm18127,bangumi,9,9,,九条光／夏妮露米纳斯,九条ひかり／シャイニールミナス,Shiny Luminous,,其他,AB,,动画,动画,HUGっと! プリキュア,拥抱！光之美少女,2018,动画,"[{""t"":""HUGっと! プリキュア"",""cn"":""拥抱！光之美少女"",""ty"":""动画"",""y"":2018,""pop"":0},{""t"":""映画 HUGっと!プリキュア♡ふたりはプリキュア オールスターズメモリーズ"",""cn"":""电影 拥抱！光之美少女♡光之美少女 All Stars Memories"",""ty"":""动画"",""y"":2018,""pop"":0},{""t"":""映画 プリキュアオールスターズDX3 未来にとどけ！世界をつなぐ☆虹色の花"",""cn"":""电影 光之美少女 All Stars DX3 传达到未来！连结世界☆彩虹之花！"",""ty"":""动画"",""y"":2011,""pop"":0},{""t"":""映画 プリキュアオールスターズF"",""cn"":""电影 光之美少女 All Stars F"",""ty"":""动画"",""y"":2023,""pop"":0},{""t"":""映画 プリキュアオールスターズDX みんなともだちっ☆奇跡の全員大集合！"",""cn"":""电影 光之美少女 All Stars DX 大家都是朋友☆奇迹的全员大集合！"",""ty"":""动画"",""y"":2009,""pop"":0},{""t"":""映画 ふたりはプリキュア Max Heart 2 雪空のともだち"",""cn"":""电影 光之美少女 Max Heart 2 雪空的朋友"",""ty"":""动画"",""y"":2005,""pop"":0}]",MHから登場した第3の主人公。ベローネ学院女子中等部1年桃組。一人称は『私』。 外見は、黄色の髪を右から三つ編みにして左へと回したお下げ。性格は優しく謙虚でやや引っ込み思案。一見大人しそうだが芯は強く、口調も常に丁寧であるが、時折気品に満ちた口調になることもある。作中ではなぎさやほのかに比べてギャグシーンは少なく、周囲の行動に対して苦笑するシーンが多い。 プリキュアの戦いを偶然目撃し、ポルンとの出会いを経てルミナスとして覚醒するが、自らの運命に戸惑いを感じ続けていた。,24,0,0,24,,https://lain.bgm.tv/pic/crt/l/2e/b0/18127_crt_mPSM1.jpg,https://lain.bgm.tv/r/400/pic/crt/l/2e/b0/18127_crt_mPSM1.jpg,,,,,https://bgm.tv/character/18127,,18127
bgm-bgm18556,bangumi,9,9,,日影,日影,,,其他,O,,游戏,游戏,閃乱カグラ -少女達の真影-,闪乱神乐 -少女们的真影-,2011,游戏,"[{""t"":""閃乱カグラ -少女達の真影-"",""cn"":""闪乱神乐 -少女们的真影-"",""ty"":""游戏"",""y"":2011,""pop"":0},{""t"":""브라운더스트 2"",""cn"":""棕色尘埃2"",""ty"":""游戏"",""y"":2023,""pop"":0},{""t"":""閃乱カグラBurst -紅蓮の少女達-"",""cn"":""闪乱神乐爆裂 -红莲的少女们-"",""ty"":""游戏"",""y"":2012,""pop"":0},{""t"":""閃乱カグラ ESTIVAL VERSUS -少女達の選択-"",""cn"":""闪乱神乐 夏日对决 -少女们的选择-"",""ty"":""游戏"",""y"":2015,""pop"":0},{""t"":""閃乱カグラ SHINOVI VERSUS -少女達の証明-"",""cn"":""闪乱神乐 忍者对决 -少女们的证明-"",""ty"":""游戏"",""y"":2013,""pop"":0},{""t"":""閃乱カグラ Burst Re:Newal"",""cn"":""闪乱神乐 Burst Re: Newal"",""ty"":""游戏"",""y"":2018,""pop"":0}]",実力はあるが「感情がない」と自称する無表情で口数も少なく、何を考えているのかよくわからない無気力な少女。葛城からの挑戦に気乗りせず、受け流している。手足に暗器を仕込み、柔軟な体と合わせた変幻自在の体術を使う。一定以上の痛みを受けると極度の興奮状態、狂乱モードになる。クールに戦うその姿はまるで戦闘マシーン。,23,0,0,23,,https://lain.bgm.tv/pic/crt/l/4b/c9/18556_crt_ZtIbx.jpg?r=1429322898,https://lain.bgm.tv/r/400/pic/crt/l/4b/c9/18556_crt_ZtIbx.jpg?r=1429322898,,,,,https://bgm.tv/character/18556,,18556
bgm-bgm48890,bangumi,9,9,,三条瑠依濑,三条るいせ,Sanjyou Ruise,,其他,A,,动画,动画,セイレン,清恋,2017,动画,,鬱屈な風紀委員風紀。 委員長で成績は学年トップ。 理不尽なことが大嫌いで、 周りに厳しく接しているが 後輩の真詩の面倒をみるなど 優しい一面もある。,23,0,0,23,,https://lain.bgm.tv/pic/crt/l/04/cf/48890_crt_X42Qs.jpg?r=1480077745,https://lain.bgm.tv/r/400/pic/crt/l/04/cf/48890_crt_X42Qs.jpg?r=1480077745,,,,,https://bgm.tv/character/48890,,48890
bgm-bgm58894,bangumi,9,9,,亚历珊德拉·玛格丽特,アレクサンドラ・マグリット,Alexandra Magritte,,其他,AB,,动画,动画,多田くんは恋をしない,多田君不恋爱,2018,动画,,ラルセンブルクからテレサと共に留学してきた転校生で、赤い髪としなやかなスタイルが印象的な美少女。テレサとは幼馴染みで、親友兼保護者のような存在。テレサを守るためならどんなことも厭わない。,22,0,0,22,,https://lain.bgm.tv/pic/crt/l/d1/8e/58894_crt_6mIh6.jpg,https://lain.bgm.tv/r/400/pic/crt/l/d1/8e/58894_crt_6mIh6.jpg,,,,,https://bgm.tv/character/58894,,58894
bgm-bgm143074,bangumi,9,9,,拉特拉,ラトラ＝ミラー,,,其他,,,动画|漫画,漫画,アンデッドアンラック,不死不幸,2020,漫画,"[{""t"":""アンデッドアンラック"",""cn"":""不死不幸"",""ty"":""漫画"",""y"":2020,""pop"":0},{""t"":""アンデッドアンラック"",""cn"":""不死不幸"",""ty"":""动画"",""y"":2023,""pop"":0}]",アンダーに属している褐色の美女。 リップと行動を共にしている。かつては凄腕の占い師だった。,21,0,0,21,,https://lain.bgm.tv/pic/crt/l/89/d4/143074_crt_yfVOL.jpg,https://lain.bgm.tv/r/400/pic/crt/l/89/d4/143074_crt_yfVOL.jpg,,,,,https://bgm.tv/character/143074,,143074
bgm-bgm46450,bangumi,9,9,,春风泡泡,春風ぽっぷ,Harukaze Poppu,春风宝宝,其他,AB,,动画,动画,おジャ魔女どれみドッカ～ン!,小魔女DoReMi 大合奏,2002,动画,"[{""t"":""おジャ魔女どれみドッカ～ン!"",""cn"":""小魔女DoReMi 大合奏"",""ty"":""动画"",""y"":2002,""pop"":0},{""t"":""おジャ魔女どれみナ・イ・ショ"",""cn"":""小魔女DoReMi 童年秘密篇"",""ty"":""动画"",""y"":2004,""pop"":0},{""t"":""も〜っと!おジャ魔女どれみ"",""cn"":""大～集合！小魔女DoReMi"",""ty"":""动画"",""y"":2001,""pop"":0},{""t"":""おジャ魔女どれみ♯"",""cn"":""小魔女DoReMi ♯"",""ty"":""动画"",""y"":2000,""pop"":0},{""t"":""おジャ魔女どれみ"",""cn"":""小魔女DoReMi"",""ty"":""动画"",""y"":1999,""pop"":0},{""t"":""映画 おジャ魔女どれみ♯"",""cn"":""小魔女DoReMi ♯ 愿望之花"",""ty"":""动画"",""y"":2000,""pop"":0}]",DoReMi的妹妹，不过比DoReMi能干。 有点早熟和任性的幼稚园学生，和迷糊的DoReMi一起长大，虽然是妹妹却比姐姐可靠许多。 在学校中很受同学欢迎，她的同学更组织了宝宝亲卫队。 曾把变成魔女青蛙的魔女莉卡当成玩偶并以一千圆买下，更自行替其取名为“ブニュちゃん” 由于在魔法堂后院看见DoReMi三人使用魔法而揭穿了她们的身份，因此也成为见习魔女。 习惯早睡，而且一旦睡着就很难叫醒，DoReMi等人曾经叫醒她参加见习魔女升级试也因此没有成功。,19,0,0,19,,https://lain.bgm.tv/pic/crt/l/65/be/46450_crt_AJAAr.jpg?r=1474248563,https://lain.bgm.tv/r/400/pic/crt/l/65/be/46450_crt_AJAAr.jpg?r=1474248563,,,,,https://bgm.tv/character/46450,,46450
bgm-bgm55280,bangumi,9,9,,此花寿寿花,此花寿々花,Konohana Suzuka,,其他,AB,,动画|漫画|游戏,动画,みにとじ,迷你刀使,2019,动画,"[{""t"":""みにとじ"",""cn"":""迷你刀使"",""ty"":""动画"",""y"":2019,""pop"":0},{""t"":""刀使ノ巫女"",""cn"":""刀使的巫女"",""ty"":""动画"",""y"":2018,""pop"":0},{""t"":""刀使ノ巫女 刻みし一閃の燈火"",""cn"":""刀使巫女 刻印一闪的灯火"",""ty"":""游戏"",""y"":2018,""pop"":0},{""t"":""刀使ノ巫女 ドラマCD 『名残花蝶』"",""cn"":""刀使巫女 DRAMA CD 名殘花蝶"",""ty"":""音乐"",""y"":2019,""pop"":0},{""t"":""刀使ノ巫女 琉球剣風録"",""cn"":""刀使的巫女 琉球剑风录"",""ty"":""漫画"",""y"":2019,""pop"":0},{""t"":""刀使ノ巫女 コンセプトワークス 同梱ドラマCD『春の訪れ』"",""cn"":""刀使的巫女 Concept Works 同梱Drama CD『春の訪れ』"",""ty"":""音乐"",""y"":2018,""pop"":0}]",“实在是浪费了时间呢” 折神家亲卫队第二席。京都名门此花家的小姐，仪态优雅。在剑术大会上有着二次连续准优胜的实力。但是在第二次决胜中真希战胜了她之后，她就将真希视为对手。她有着敏锐的洞察力和出色的指挥能力，除了常常被任命直接指挥作战外，同时也担任紫的政治性职务。 御刀：九字兼定 与孙六兼元并称的关之名匠·二代目兼定所制造的一把刀。刀身刻有据称能够驱除邪气的“临兵斗者皆阵列在前”九字。,17,0,0,17,,https://lain.bgm.tv/pic/crt/l/0c/80/55280_crt_JdP3J.jpg?r=1515255166,https://lain.bgm.tv/r/400/pic/crt/l/0c/80/55280_crt_JdP3J.jpg?r=1515255166,,,,,https://bgm.tv/character/55280,,55280
bgm-bgm2446,bangumi,9,9,,,花菱美希,Hanabishi Miki,,其他,,,动画|漫画,动画,ハヤテのごとく!,旋风管家,2007,动画,"[{""t"":""ハヤテのごとく!"",""cn"":""旋风管家"",""ty"":""动画"",""y"":2007,""pop"":0},{""t"":""ハヤテのごとく!!"",""cn"":""旋风管家 第二季"",""ty"":""动画"",""y"":2009,""pop"":0},{""t"":""ハヤテのごとく!"",""cn"":""旋风管家"",""ty"":""漫画"",""y"":2005,""pop"":0},{""t"":""ハヤテのごとく! Cuties"",""cn"":""旋风管家 Cuties"",""ty"":""动画"",""y"":2013,""pop"":0},{""t"":""ハヤテのごとく! CAN'T TAKE MY EYES OFF YOU"",""cn"":""旋风管家 CAN'T TAKE MY EYES OFF YOU"",""ty"":""动画"",""y"":2012,""pop"":0},{""t"":""ハヤテのごとく! Cuties 第3巻 特典CD"",""cn"":"""",""ty"":""音乐"",""y"":2013,""pop"":0}]",,15,0,0,15,,https://lain.bgm.tv/pic/crt/l/2f/4f/2446_crt_anidb.jpg,https://lain.bgm.tv/r/400/pic/crt/l/2f/4f/2446_crt_anidb.jpg,,,,,https://bgm.tv/character/2446,,2446
bgm-bgm75159,bangumi,9,9,,九重,九重,Kunou,,其他,,,动画|漫画,漫画,ハイスクールD×D,恶魔高校 D×D,2008,漫画,"[{""t"":""ハイスクールD×D"",""cn"":""恶魔高校 D×D"",""ty"":""漫画"",""y"":2008,""pop"":0},{""t"":""ハイスクールD×D HERO"",""cn"":""恶魔高校 D×D HERO"",""ty"":""动画"",""y"":2018,""pop"":0}]",京都の妖怪たちを束ねる九尾の狐・八坂の娘。 金髪、ケモ耳、尻尾もふもふのつるぺたお嬢様。 お姫様口調で気丈に振る舞うが、強気な態度とは裏腹に、まだまだ母親に甘えていたい。 カオスブリゲードにさらわれた八坂を取り戻すため、京都中に厳戒態勢を敷く。,14,0,0,14,,https://lain.bgm.tv/pic/crt/l/8e/79/75159_crt_Kh367.jpg?r=1581089099,https://lain.bgm.tv/r/400/pic/crt/l/8e/79/75159_crt_Kh367.jpg?r=1581089099,,,,,https://bgm.tv/character/75159,,75159
bgm-bgm74871,bangumi,9,9,,,年,Nian,,其他,,,动画|漫画|游戏,动画,U探泰拉,,2025,动画,"[{""t"":""U探泰拉"",""cn"":"""",""ty"":""动画"",""y"":2025,""pop"":0},{""t"":""明日方舟"",""cn"":""明日方舟"",""ty"":""游戏"",""y"":2019,""pop"":0},{""t"":""暮岁闲谈：正是团圆时分"",""cn"":"""",""ty"":""漫画"",""y"":"""",""pop"":0},{""t"":""一起吃个饭吧"",""cn"":""一起吃个饭吧"",""ty"":""漫画"",""y"":"""",""pop"":0},{""t"":""暮岁闲谈：来拍电影吗"",""cn"":""暮岁闲谈：来拍电影吗"",""ty"":""漫画"",""y"":"""",""pop"":0},{""t"":""暮岁闲谈：这是平凡人生"",""cn"":""暮岁闲谈：这是平凡人生"",""ty"":""漫画"",""y"":"""",""pop"":0}]",年，无业游民，熟习各类金属工艺，拥有与身份不符的渊博冶金知识。现凭访客身份逗留于罗德岛，偶尔为罗德岛的金属加工项目提供建议。声称自己擅长音像娱乐工作，经常提供一些罗德岛干员普遍不太喜爱的音像产品。,14,0,0,14,,https://lain.bgm.tv/pic/crt/l/0b/9b/74871_crt_6r2p9.jpg?r=1589895637,https://lain.bgm.tv/r/400/pic/crt/l/0b/9b/74871_crt_6r2p9.jpg?r=1589895637,https://storage.moegirl.org.cn/moegirl/commons/b/b2/Nian_200802.png!/fw/480/watermark/url/L21vZWdpcmwvd2F0ZXJtYXJrLnBuZw==/align/southeast/margin/10x10/opacity/50?v=20200802091435|https://storage.moegirl.org.cn/moegirl/commons/b/b2/Nian_200802.png,,图源:moegirl,,https://bgm.tv/character/74871,,74871
bgm-bgm110326,bangumi,9,9,,堤麻里矢,堤麻里矢,,,其他,O,,漫画,漫画,またぞろ。,樱开二度,2021,漫画,,高二学生（一周目）。殊的青梅竹马。高中前一直在无微不至地照顾殊。,11,0,0,11,,https://lain.bgm.tv/pic/crt/l/06/b8/110326_crt_LL9CI.jpg,https://lain.bgm.tv/r/400/pic/crt/l/06/b8/110326_crt_LL9CI.jpg,,,,,https://bgm.tv/character/110326,,110326
bgm-bgm7907,bangumi,9,9,,䌷屋雨,紬屋雨,Tsumugiya Ururu,,其他,,,动画|漫画,动画,BLEACH 千年血戦篇-禍進譚-,死神 千年血战篇-祸进谭-,2026,动画,"[{""t"":""BLEACH 千年血戦篇-禍進譚-"",""cn"":""死神 千年血战篇-祸进谭-"",""ty"":""动画"",""y"":2026,""pop"":0},{""t"":""BLEACH"",""cn"":""死神"",""ty"":""动画"",""y"":2004,""pop"":0},{""t"":""BLEACH"",""cn"":""死神"",""ty"":""漫画"",""y"":2002,""pop"":0},{""t"":""劇場版BLEACH MEMORIES OF NOBODY"",""cn"":""死神剧场版 无人的回忆"",""ty"":""动画"",""y"":2006,""pop"":0}]",,10,0,0,10,,https://lain.bgm.tv/pic/crt/l/52/cf/7907_crt_921ep.jpg,https://lain.bgm.tv/r/400/pic/crt/l/52/cf/7907_crt_921ep.jpg,,,,,https://bgm.tv/character/7907,,7907
bgm-bgm61288,bangumi,9,9,,夏莉,マダム・シャーリー,Shirley,夏莉夫人,其他,,,动画|漫画,漫画,ONE PIECE,航海王,1997,漫画,"[{""t"":""ONE PIECE"",""cn"":""航海王"",""ty"":""漫画"",""y"":1997,""pop"":0},{""t"":""ONE PIECE"",""cn"":""航海王"",""ty"":""动画"",""y"":1999,""pop"":0},{""t"":""ONE PIECE 魚人島編"",""cn"":""航海王：鱼人岛篇特别编辑版"",""ty"":""动画"",""y"":2024,""pop"":0}]",夏莉是日本少年漫画作品《海贼王》中的登场人物之一。黑色短发和冷艳的蓝色双眼，苍白的肌肤，紫色的指甲，身穿连帽上衣，经常拿烟管抽烟，当地居民都尊称她为“夏莉夫人”，路飞则直接称她为“大人鱼”。 夏莉居住地于鱼人岛，是人鱼咖啡厅店主，也是一位占卜师，她是凯米的雇主，同时也是阿龙的妹妹。但实际上阿龙小时候就被父母遗弃在鱼人街。,9,0,0,9,,https://lain.bgm.tv/pic/crt/l/41/ba/61288_crt_3llc4.jpg,https://lain.bgm.tv/r/400/pic/crt/l/41/ba/61288_crt_3llc4.jpg,,,,,https://bgm.tv/character/61288,,61288
bgm-bgm88432,bangumi,9,9,,成都娜,천두나,Chun Doona,千斗奈 / 成班淑（천반석 / 淺迫萬） / 千斗娜,其他,,,漫画,漫画,새디스틱 뷰티,虐美人,2023,漫画,,女主角，是一名不仅漂亮还很有才华的作家。同时，她也是一位实践技术非常优秀的女主（Femdom），有时候行为十分粗暴，但也有相当体贴的一面。,8,0,0,8,1,https://lain.bgm.tv/pic/crt/l/41/88/88432_crt_6GOW8.jpg,https://lain.bgm.tv/r/400/pic/crt/l/41/88/88432_crt_6GOW8.jpg,,,,,https://bgm.tv/character/88432,,88432
bgm-bgm3324,bangumi,9,9,,,佐藤寿也,Satou Toshiya,,其他,,,动画,动画,メジャー 第5シリーズ,棒球大联盟 第五季,2009,动画,"[{""t"":""メジャー 第5シリーズ"",""cn"":""棒球大联盟 第五季"",""ty"":""动画"",""y"":2009,""pop"":0},{""t"":""メジャー 第6シリーズ"",""cn"":""棒球大联盟 第六季"",""ty"":""动画"",""y"":2010,""pop"":0},{""t"":""メジャー 第1シリーズ"",""cn"":""棒球大联盟 第一季"",""ty"":""动画"",""y"":2004,""pop"":0},{""t"":""メジャー 第3シリーズ"",""cn"":""棒球大联盟 第三季"",""ty"":""动画"",""y"":2007,""pop"":0},{""t"":""メジャーセカンド 第2シリーズ"",""cn"":""棒球大联盟2nd 第二季"",""ty"":""动画"",""y"":2020,""pop"":0},{""t"":""メジャー・メッセージ"",""cn"":""棒球大联盟Message"",""ty"":""动画"",""y"":2010,""pop"":0}]",ＭＡＪＯＲ（メジャー）： 佐藤寿也（吾郎と一緒に海堂高校野球部に入部した天才捕手。通称トシ） 光の父。大吾の父・吾郎に誘われて野球と出会い、強肩強打のキャッチャーとしてプロ野球で活躍。その後メジャーリーグに進み、吾郎とバッテリーを組む。現在は引退し野球解説者を務めている。 ゲーム「実況パワフルプロ野球」： 所属チーム ：海堂学園高校 強肩強打の天才捕手。冷静沈着で頭脳明晰。吾郎とは幼なじみ。,8,0,0,8,,https://lain.bgm.tv/pic/crt/l/3c/e6/3324_crt_anidb.jpg?r=1605921779,https://lain.bgm.tv/r/400/pic/crt/l/3c/e6/3324_crt_anidb.jpg?r=1605921779,,,,,https://bgm.tv/character/3324,,3324
bgm-bgm62503,bangumi,9,9,,秋野美阳,秋野美陽,Akino Miyo,,其他,A,,动画,动画,劇場版 若おかみは小学生!,剧场版 温泉屋的小老板娘,2018,动画,"[{""t"":""劇場版 若おかみは小学生!"",""cn"":""剧场版 温泉屋的小老板娘"",""ty"":""动画"",""y"":2018,""pop"":0},{""t"":""若おかみは小学生！"",""cn"":""年轻老板娘是小学生！"",""ty"":""动画"",""y"":2018,""pop"":0}]","白い長髪の美幼女。見た目は7歳だが、生きていれば20歳近い幽霊。秋野真月(後述)の実の姉でもある。少女漫画の主人公のようにかわいらしい顔立ちだが、ウリ坊曰く""真月がさらにきつくバージョンアップした感じ""でもある。頭脳明晰で、普段はかなりお姉さんぶっている。 生前は生まれつき体が弱く、暑さも寒さも苦手で、無理ができず頻繁に熱を出していたが、なぜ死んだのかは明らかにされていない。美陽の母は「天使みたい」と褒めたから神様が早く迎えに来てしまったのではと想像している。",7,0,0,7,,https://lain.bgm.tv/pic/crt/l/39/1f/62503_crt_QD6Ig.jpg?r=1611949398,https://lain.bgm.tv/r/400/pic/crt/l/39/1f/62503_crt_QD6Ig.jpg?r=1611949398,,,,,https://bgm.tv/character/62503,,62503
bgm-bgm61192,bangumi,9,9,,杰维斯,Jervis,J-class destroyer HMS Jervis,贾维斯 / Lucky Jervis、小傻、金刚Lily,其他,,,游戏,游戏,艦隊これくしょん-艦これ-,舰队Collection,2013,游戏,,J級駆逐艦、Jervisよ！ そう、Lucky Jervisって呼んでもらってもいいかな！ 本国艦隊から地中海艦隊まで、護衛、輸送、艦隊戦や陸戦支援まで本当に頑張っちゃった！ Lucky Jervis、覚えておいてね！,7,0,0,7,,https://lain.bgm.tv/pic/crt/l/ca/ec/61192_crt_8s7lO.jpg?r=1581539860,https://lain.bgm.tv/r/400/pic/crt/l/ca/ec/61192_crt_8s7lO.jpg?r=1581539860,,,,,https://bgm.tv/character/61192,,61192
bgm-bgm52187,bangumi,9,9,,玲莎花,玲莎花,Ling Shenhua,,其他,A,,动画|Galgame,Galgame,シェンムーII,莎木 II,2001,Galgame,"[{""t"":""シェンムーII"",""cn"":""莎木 II"",""ty"":""Galgame"",""y"":2001,""pop"":0},{""t"":""シェンムー 一章 横須賀"",""cn"":""莎木 一章 横须贺"",""ty"":""Galgame"",""y"":1999,""pop"":0},{""t"":""シェンムー III"",""cn"":""莎木3"",""ty"":""Galgame"",""y"":2019,""pop"":0},{""t"":""Shenmue I & II HD"",""cn"":""莎木1&2HD"",""ty"":""Galgame"",""y"":2018,""pop"":0},{""t"":""Shenmue the Animation"",""cn"":""莎木"",""ty"":""动画"",""y"":2022,""pop"":0}]",莎木里主要的女主人公，居住在人烟稀少桂林村落的少女。在大自然中长大的她，拥有山野植物与动物相关丰富知识，能区分动物的路等、根据风向判断天候。纯朴又纯真，有时会因为太温柔以致忽略自身安危而采取行动。宛如象征中国悠久历史与广大无际的大地般，谜一般的神秘存在。 因在莎木的开花期出生而命名为「莎花」，亲生父母在小时候便过世。由袁石匠扶养长大。 在一章多次出现在凉的梦中，在莎木II末段才真正登场。,7,0,0,7,,https://lain.bgm.tv/pic/crt/l/81/e2/52187_crt_3XBYU.jpg,https://lain.bgm.tv/r/400/pic/crt/l/81/e2/52187_crt_3XBYU.jpg,https://storage.moegirl.org.cn/moegirl/commons/7/70/Shenhua.jpg!/fw/480/watermark/url/L21vZWdpcmwvd2F0ZXJtYXJrLnBuZw==/align/southeast/margin/10x10/opacity/50?v=20151021043449|https://storage.moegirl.org.cn/moegirl/commons/7/70/Shenhua.jpg,,图源:moegirl,,https://bgm.tv/character/52187,,52187
bgm-bgm3057,bangumi,9,9,,松平片栗虎,松平片栗虎,Matsudaira Katakuriko,,其他,,,动画,动画,銀魂',银魂',2011,动画,"[{""t"":""銀魂'"",""cn"":""银魂'"",""ty"":""动画"",""y"":2011,""pop"":0},{""t"":""銀魂"",""cn"":""银魂"",""ty"":""动画"",""y"":2006,""pop"":0},{""t"":""銀魂' 延長戦"",""cn"":""银魂' 延长战"",""ty"":""动画"",""y"":2012,""pop"":0},{""t"":""銀魂°"",""cn"":""银魂°"",""ty"":""动画"",""y"":2015,""pop"":0},{""t"":""銀魂. 銀ノ魂篇 第2クール"",""cn"":""银魂. 银之魂篇 第二季"",""ty"":""动画"",""y"":2018,""pop"":0},{""t"":""銀魂 THE FINAL"",""cn"":""银魂 THE FINAL"",""ty"":""动画"",""y"":2021,""pop"":0}]",警察組織の頂点に君臨する超重要人物。キャバクラで湯水のようにお金を使いまくり、夜の帝王としても君臨している。真選組を私用で使い走らせる巨大な権力と、図太い神経を持ったデカい男。かなりの親バカで、娘に恋人ができると職権を濫用して暗殺しようとしたことも。,7,0,0,7,,https://lain.bgm.tv/pic/crt/l/a3/28/3057_crt_qdL21.jpg,https://lain.bgm.tv/r/400/pic/crt/l/a3/28/3057_crt_qdL21.jpg,,,,,https://bgm.tv/character/3057,,3057
bgm-bgm85972,bangumi,9,9,,,雷泽,Razor,奔狼领的传说,其他,,,游戏,游戏,原神,原神,2020,游戏,,在蒙德坊间的传闻里，有人说他是被狼收养的弃婴，有人说他是狼灵的化身… 利爪与苍雷在飞驰，狼永远与荒野为伴。 时至今日，狼少年仍凭借他野兽般的直觉，在林间与狼群一起奔猎。,7,0,0,7,,https://lain.bgm.tv/pic/crt/l/59/c3/85972_crt_8tswX.jpg?r=1600903449,https://lain.bgm.tv/r/400/pic/crt/l/59/c3/85972_crt_8tswX.jpg?r=1600903449,https://storage.moegirl.org.cn/moegirl/commons/8/8c/%E5%A5%94%E7%8B%BC%E9%A2%86%E7%9A%84%E4%BC%A0%E8%AF%B4_%E9%9B%B7%E6%B3%BD.jpeg!/fw/480/watermark/url/L21vZWdpcmwvd2F0ZXJtYXJrLnBuZw==/align/southeast/margin/10x10/opacity/50?v=20200926024223|https://storage.moegirl.org.cn/moegirl/commons/8/8c/%E5%A5%94%E7%8B%BC%E9%A2%86%E7%9A%84%E4%BC%A0%E8%AF%B4_%E9%9B%B7%E6%B3%BD.jpeg,,图源:moegirl,,https://bgm.tv/character/85972,,85972
bgm-bgm86815,bangumi,9,9,,清水绘空,清水絵空,Shimizu Esora,,其他,A,,动画|游戏,动画,D4DJ First Mix,,2020,动画,"[{""t"":""D4DJ First Mix"",""cn"":"""",""ty"":""动画"",""y"":2020,""pop"":0},{""t"":""D4DJ All Mix"",""cn"":"""",""ty"":""动画"",""y"":2023,""pop"":0},{""t"":""D4DJ Groovy Mix"",""cn"":""D4DJ Groovy Mix 电音派对"",""ty"":""游戏"",""y"":2020,""pop"":0},{""t"":""ぷっちみく♪ D4DJ Petit Mix"",""cn"":"""",""ty"":""动画"",""y"":2021,""pop"":0}]",为了让自己和大家都乐在其中，便参加了响子等人的DJ活动，甚至不惜提供资金。,7,0,0,7,,https://lain.bgm.tv/pic/crt/l/9a/12/86815_crt_rt3J4.jpg,https://lain.bgm.tv/r/400/pic/crt/l/9a/12/86815_crt_rt3J4.jpg,https://storage.moegirl.org.cn/moegirl/commons/c/ca/%E6%B8%85%E6%B0%B4%E7%B5%B5%E7%A9%BA_%E5%A7%8B%E7%99%BA-TRANCE_Profile.png,,图源:moegirl,,https://bgm.tv/character/86815,,86815
bgm-bgm56806,bangumi,9,9,,和泉麻美,和泉マミ,Izumi Mami,,其他,,,动画,动画,喰霊-零-,食灵-零-,2008,动画,,特務四課のオペレーター。18歳。身長148cm。体重39kg。生年月日は9月9日。 司令車からの後方支援のオペレートを任務とする。チームのマスコット的存在で、皆から可愛がられている。カテゴリーCの魍魎に憑依されてキリヤを殺害させられた後、そのまま自殺させられた模様。,6,0,0,6,,,,,,,,https://bgm.tv/character/56806,,56806
bgm-bgm70455,bangumi,9,9,,梅菲斯特,梅菲斯特,Mephisto,,其他,,,动画|游戏,游戏,明日方舟,明日方舟,2019,游戏,"[{""t"":""明日方舟"",""cn"":""明日方舟"",""ty"":""游戏"",""y"":2019,""pop"":0},{""t"":""アークナイツ【焔燼曙明/RISE FROM EMBER】"",""cn"":""明日方舟：焰烬曙明"",""ty"":""动画"",""y"":2025,""pop"":0},{""t"":""アークナイツ【冬隠帰路/PERISH IN FROST】"",""cn"":""明日方舟：冬隐归路"",""ty"":""动画"",""y"":2023,""pop"":0},{""t"":""アークナイツ【黎明前奏/PRELUDE TO DAWN】"",""cn"":""明日方舟：黎明前奏"",""ty"":""动画"",""y"":2022,""pop"":0}]",整合运动干部，以医疗术师身份参与整合运动，通常与浮士德一同行动。指挥其麾下部队进行攻击，而他则负责治疗，并能够提升宿主单位的生命恢复速度。拥有很高的法术抵抗力。目前能判明他就是那些宿主的控制者。 性格残虐，对敌人抱有强烈的复仇心。 视同为整合运动的成员为棋子，随意操纵他们进行战斗。,6,0,0,6,,https://lain.bgm.tv/pic/crt/l/55/46/70455_crt_20bpD.jpg?r=1749632815,https://lain.bgm.tv/r/400/pic/crt/l/55/46/70455_crt_20bpD.jpg?r=1749632815,https://static.wikia.nocookie.net/mrfz/images/e/e0/Mephisto.png/revision/latest/scale-to-width-down/400?cb=20190823210914|https://static.wikia.nocookie.net/mrfz/images/e/e0/Mephisto.png/revision/latest?cb=20190823210914,,图源:fandom:arknights,,https://bgm.tv/character/70455,,70455
bgm-bgm73545,bangumi,9,9,,轻库娘,轻库娘,,,其他,AB,,游戏,游戏,雀魂麻将,雀魂麻将,2018,游戏,,爱好:轻小说，调戏自己的妹妹 某校濒临解散的文学部部长，平时总喜欢带着奇怪的魔女帽子，总是看轻小说并等着部员拯救自己热爱的社团。通过摘帽子可以形成人格切换，戴着帽子的时候是迷糊天然娘，不戴帽子的时候则非常可靠，不过本人似乎并没有意识。似乎有着大量的帽子随时备用，但保存在哪里一直是个谜。,5,0,0,5,,https://lain.bgm.tv/pic/crt/l/64/e4/73545_crt_TP3DH.jpg,https://lain.bgm.tv/r/400/pic/crt/l/64/e4/73545_crt_TP3DH.jpg,https://storage.moegirl.org.cn/moegirl/commons/c/c9/1467796323_577ccb63eb15e.jpg!/fw/480/watermark/url/L21vZWdpcmwvd2F0ZXJtYXJrLnBuZw==/align/southeast/margin/10x10/opacity/50?v=20160804094652|https://storage.moegirl.org.cn/moegirl/commons/c/c9/1467796323_577ccb63eb15e.jpg,,图源:moegirl,,https://bgm.tv/character/73545,,73545
bgm-bgm170438,bangumi,9,9,,安部麻里奈,安部まりな,ABE MARINA,麻里姐、圣母麻里奈,其他,,,动画|漫画,动画,2.5次元の誘惑,2.5次元的诱惑,2024,动画,"[{""t"":""2.5次元の誘惑"",""cn"":""2.5次元的诱惑"",""ty"":""动画"",""y"":2024,""pop"":0},{""t"":""2.5次元の誘惑"",""cn"":""2.5次元的诱惑"",""ty"":""漫画"",""y"":2019,""pop"":0},{""t"":""2.5次元の誘惑 第2期"",""cn"":""2.5次元的诱惑 第二季"",""ty"":""动画"",""y"":"""",""pop"":0}]",高三学生，学生会副会长。奥村的青梅竹马，小时候被奥村表白过。不管对谁都很温柔，热心助人，被称为“圣母”，但私底下 [mask]其实是个重度宅女[/mask]。 [mask]念能力（放出系）[/mask] ： 「夹在百合之间的女人」 以半径1km以内的“人类二人组”为对象发出“气”。 “气”像无人机一样将画面和声音发送到本体的感官上。 变化·操作系统的输出由以下的制约与誓约进行提高： ①使用过程中必须闭眼 ②对象不是百合的场合，一周内能力将无法使用。,5,0,0,5,,,,,,,,https://bgm.tv/character/170438,,170438
bgm-bgm135574,bangumi,9,9,,,Pavolia Reine,,,其他,,,动画|游戏,游戏,HoloCure: Save the Fans!,,2022,游戏,"[{""t"":""HoloCure: Save the Fans!"",""cn"":"""",""ty"":""游戏"",""y"":2022,""pop"":0},{""t"":""ホロのぐらふぃてぃ"",""cn"":""holo的涂鸦"",""ty"":""动画"",""y"":2019,""pop"":0},{""t"":""Hololive Dreams"",""cn"":"""",""ty"":""游戏"",""y"":2026,""pop"":0}]",孔雀的大小姐。 在魔法学院中学习着魔法，但却在考试中发生了意外，而转移到了人类的世界。 现在几乎无法使用魔法。 表面上看似优雅沉稳，但实际上生气时会非常激动。,4,0,0,4,,https://lain.bgm.tv/pic/crt/l/e3/88/135574_crt_FvxN1.jpg,https://lain.bgm.tv/r/400/pic/crt/l/e3/88/135574_crt_FvxN1.jpg,,,,,https://bgm.tv/character/135574,,135574
bgm-bgm143683,bangumi,9,9,,,エステル・リンドバーグ,,,其他,ＡＢ,,Galgame,Galgame,アンラベル・トリガー -Prelude to War-,,2025,Galgame,"[{""t"":""アンラベル・トリガー -Prelude to War-"",""cn"":"""",""ty"":""Galgame"",""y"":2025,""pop"":0},{""t"":""アンラベル・トリガー"",""cn"":"""",""ty"":""Galgame"",""y"":2024,""pop"":0}]",トリガー探偵事務所の所長。 童顔なことから一見すると子供だが、実際はカイより年上らしい。 事務所にいないことが多いものの、 数々の事件を解決した凄腕の名探偵……らしい。 性格は素直でクールだが、たまに突拍子もない提案をしてくる。 大和の文化が好きで、私服は常に着物。,4,0,0,4,1,https://lain.bgm.tv/pic/crt/l/50/43/143683_crt_mRWxG.jpg,https://lain.bgm.tv/r/400/pic/crt/l/50/43/143683_crt_mRWxG.jpg,,,,,https://bgm.tv/character/143683,,143683
bgm-bgm213952,bangumi,9,9,,威斯缇利娅,ウィステリア,,,其他,,,Galgame,Galgame,ティンクルスターナイツ,闪耀星骑士,2023,Galgame,,新星学园图书馆的管理员。 为人亲切，待人周到，同时与大家年龄相仿，因此很受学生们仰慕。 然而缺乏对异性的免疫力，会因为细小的琐事怦然心动，然后陷入恋爱的妄想，尽管本人缄默不语，实则是流星学园的OG（old girl）。,4,0,0,4,,https://lain.bgm.tv/pic/crt/l/1a/2d/213952_crt_31BZP.jpg,https://lain.bgm.tv/r/400/pic/crt/l/1a/2d/213952_crt_31BZP.jpg,,,,,https://bgm.tv/character/213952,,213952
bgm-bgm148597,bangumi,9,9,,近卫南,近衛ミナ,,,其他,,,Galgame,Galgame,ブルーアーカイブ -Blue Archive-,蔚蓝档案,2021,Galgame,,"山海経高級中学校所属、生徒会「玄龍門」の執行部長兼、生徒会長の護衛。 クールで冷徹な印象の外見とは裏腹に、実は古いノワール映画のマニア。映画に出るようなかっこいい状況やセリフに憧れている。カッコつけて映画のようなセリフを口にして痛い目にあうこともしばしばだが、「玄龍門」の部員は気にしないようにしているらしい。 ""火の粉は一人で受け止めよう。 ――それが最善策だからな""",4,0,0,4,,https://lain.bgm.tv/pic/crt/l/df/2d/148597_crt_bEfEG.jpg,https://lain.bgm.tv/r/400/pic/crt/l/df/2d/148597_crt_bEfEG.jpg,,,,,https://bgm.tv/character/148597,,148597
bgm-bgm42643,bangumi,9,9,,黑羽咲夜,黒羽咲夜,Kurobane Sakuya,,其他,AB,,动画|游戏,动画,ラブライブ！虹ヶ咲学園スクールアイドル同好会 2期,Love Live! 虹咲学园校园偶像同好会 第二季,2022,动画,"[{""t"":""ラブライブ！虹ヶ咲学園スクールアイドル同好会 2期"",""cn"":""Love Live! 虹咲学园校园偶像同好会 第二季"",""ty"":""动画"",""y"":2022,""pop"":0},{""t"":""映画 ラブライブ！虹ヶ咲学園スクールアイドル同好会 完結編 第2章"",""cn"":""电影 Love Live! 虹咲学园校园偶像同好会 完结篇 第2章"",""ty"":""动画"",""y"":2025,""pop"":0},{""t"":""ラブライブ！スクールアイドルフェスティバル"",""cn"":""LoveLive! 学园偶像祭"",""ty"":""游戏"",""y"":2013,""pop"":0}]",Klab旗下的手机音乐节奏社交卡牌游戏《LoveLive! 学园偶像祭》的登场角色。 黑羽咲良的姐姐，相当于妹妹来说是个确诊了的中二病。,4,0,0,4,,https://lain.bgm.tv/pic/crt/l/ad/83/42643_crt_xPF73.jpg,https://lain.bgm.tv/r/400/pic/crt/l/ad/83/42643_crt_xPF73.jpg,https://storage.moegirl.org.cn/moegirl/commons/8/88/Sakuya3.png!/fw/480/watermark/url/L21vZWdpcmwvd2F0ZXJtYXJrLnBuZw==/align/southeast/margin/10x10/opacity/50?v=20160307052100|https://storage.moegirl.org.cn/moegirl/commons/8/88/Sakuya3.png,,图源:moegirl,,https://bgm.tv/character/42643,,42643
bgm-bgm35074,bangumi,9,9,,新导刻,新導クロノ,,新導黑之,其他,A,,动画,动画,カードファイト!! ヴァンガードG,卡片战斗先导者G,2014,动画,,使用卡组：齿轮编年史 王牌：时刻喷射龙 超越王牌：①时空龙 秘焰龙；②时空龙 刻神指令龙；③时空龙 命运驾驭龙；④时空龙 时代创造龙 ⑤时空兽 激变天马 超越台词：如今于此显现吧，我所真正期愿的世界啊！ 晴见中学的初中二年级生，本作的男主人公。由于很早双亲就过世了，童年在福利设施内度过，初中才被接出来和姑姑一起住，养成了独立自强的性格。因为面相略凶狠，在学校是属于容易遭到误会和被孤立的类型，不过却意外的很受小孩子的喜爱。,3,0,0,3,,,,,,,,https://bgm.tv/character/35074,,35074
bgm-bgm41807,bangumi,9,9,,犬川宁宁,犬川寧々,,,其他,AB,,游戏,游戏,グリモア～私立グリモワール魔法学園～,私立格里莫瓦魔法学园,2014,游戏,,逝去した前学園長の、米寿の祝いに生まれた娘。可愛がられて育ったのでワガママ。遺言により後を継ぐが、同時に魔法使いへ覚醒したため学園生も兼ねることになった。まだ幼いが、学園長としての能力ははたして…？,3,0,0,3,,https://lain.bgm.tv/pic/crt/l/98/6f/41807_crt_7Y818.jpg?r=1472317284,https://lain.bgm.tv/r/400/pic/crt/l/98/6f/41807_crt_7Y818.jpg?r=1472317284,,,,,https://bgm.tv/character/41807,,41807
bgm-bgm77998,bangumi,9,9,,,贾维,Chiave,,其他,,,动画|漫画|游戏,动画,U探泰拉,,2025,动画,"[{""t"":""U探泰拉"",""cn"":"""",""ty"":""动画"",""y"":2025,""pop"":0},{""t"":""明日方舟"",""cn"":""明日方舟"",""ty"":""游戏"",""y"":2019,""pop"":0},{""t"":""信使安洁莉娜漫游手记"",""cn"":""信使安洁莉娜漫游手记"",""ty"":""漫画"",""y"":2025,""pop"":0}]",贾维，前叙拉古某小城修车厂员工，后成为其团伙首领。 某次事件后带领手下两名加入罗德岛，现作为突击手，活跃在战场前线。,3,0,0,3,,https://lain.bgm.tv/pic/crt/l/83/27/77998_crt_8asmM.jpg?r=1598420303,https://lain.bgm.tv/r/400/pic/crt/l/83/27/77998_crt_8asmM.jpg?r=1598420303,https://storage.moegirl.org.cn/moegirl/commons/1/12/%E6%98%8E%E6%97%A5%E6%96%B9%E8%88%9F%E7%AB%8B%E7%BB%98_%E8%B4%BE%E7%BB%B4_2.png!/fw/480/watermark/url/L21vZWdpcmwvd2F0ZXJtYXJrLnBuZw==/align/southeast/margin/10x10/opacity/50?v=20200728101241|https://storage.moegirl.org.cn/moegirl/commons/1/12/%E6%98%8E%E6%97%A5%E6%96%B9%E8%88%9F%E7%AB%8B%E7%BB%98_%E8%B4%BE%E7%BB%B4_2.png,,图源:moegirl,,https://bgm.tv/character/77998,,77998
bgm-bgm99608,bangumi,9,9,,,風真玲太,Kazama Ryouta,,其他,A,,Galgame,Galgame,ときめきメモリアル Girl’s Side 4th Heart,心跳回忆女生版4,2021,Galgame,,雑貨屋シモンで大人気のカリスマ店員。 明るく誰からも慕われる（？）、主人公の幼なじみの高校生。,3,0,0,3,,https://lain.bgm.tv/pic/crt/l/20/8d/99608_crt_5Ra38.jpg,https://lain.bgm.tv/r/400/pic/crt/l/20/8d/99608_crt_5Ra38.jpg,,,,,https://bgm.tv/character/99608,,99608
bgm-bgm40507,bangumi,9,9,,东云巽,東雲巽,Shinonome Tatsumi,,其他,B,,Galgame,Galgame,ボーイフレンド（仮）,,2013,Galgame,"[{""t"":""ボーイフレンド（仮）"",""cn"":"""",""ty"":""Galgame"",""y"":2013,""pop"":0},{""t"":""ボーイフレンド(仮)キャラクターCDシリーズ vol.2 遊馬百汰&東雲巽&皇アラン&瀬名竜之介"",""cn"":"""",""ty"":""音乐"",""y"":2015,""pop"":0}]",自分に厳しくストイックな性格で、どこまでも突き止めないと気が済まない。 常に平常心を保ち強い心を維持しようとしているため、 クールでぶっきらぼうに見えるが実は情にあつく優しい。 空手部に入っており、全国レベルの腕前。,3,0,0,3,,https://lain.bgm.tv/pic/crt/l/75/dd/40507_crt_l6BIl.jpg,https://lain.bgm.tv/r/400/pic/crt/l/75/dd/40507_crt_l6BIl.jpg,,,,,https://bgm.tv/character/40507,,40507
bgm-bgm68782,bangumi,9,9,,,杏·玛尔,Sin Mal,,其他,,,游戏,游戏,崩坏学园2,崩坏学园2,2014,游戏,"[{""t"":""崩坏学园2"",""cn"":""崩坏学园2"",""ty"":""游戏"",""y"":2014,""pop"":0},{""t"":""崩坏3"",""cn"":""崩坏3"",""ty"":""游戏"",""y"":2016,""pop"":0},{""t"":""Eiportne -璀璨的三连星-"",""cn"":"""",""ty"":""音乐"",""y"":2017,""pop"":0}]",隶厲逆熵可可利亚孤儿院。在接受了可可利亚的X-10实验后获得了时间操控的能力。杏的性格暴躁，急剧攻击性，是孤儿院中强大的战力。在追溯篇中跟随可可利亚进攻圣芙雅学园，而新生篇则跟随布洛妮娅小队一同前往长空市崩坏阻击第三律者。,3,0,0,3,,https://lain.bgm.tv/pic/crt/l/36/e7/68782_crt_ElOW7.jpg?r=1549740764,https://lain.bgm.tv/r/400/pic/crt/l/36/e7/68782_crt_ElOW7.jpg?r=1549740764,https://storage.moegirl.org.cn/moegirl/commons/4/42/%E6%9D%8F%C2%B7%E7%8E%9B%E5%B0%94.png!/fw/480/watermark/url/L21vZWdpcmwvd2F0ZXJtYXJrLnBuZw==/align/southeast/margin/10x10/opacity/50?v=20221201061520|https://storage.moegirl.org.cn/moegirl/commons/4/42/%E6%9D%8F%C2%B7%E7%8E%9B%E5%B0%94.png,,图源:moegirl,,https://bgm.tv/character/68782,,68782
bgm-bgm85506,bangumi,9,9,,,クレモナ,,,,A,,Galgame,Galgame,ゴシックは魔法乙女～さっさと契約しなさい！～,哥特式魔法少女,2015,Galgame,,打撃系の格闘技が得意な女の子。臆病な性格だが、負けず嫌いで、がんばって魔物に立ち向かう。,2,0,0,2,,https://lain.bgm.tv/pic/crt/l/02/2d/85506_crt_79qXw.jpg,https://lain.bgm.tv/r/400/pic/crt/l/02/2d/85506_crt_79qXw.jpg,,,,,https://bgm.tv/character/85506,,85506
bgm-bgm85569,bangumi,9,9,,,カイリ,,,,AB,,Galgame,Galgame,ゴシックは魔法乙女～さっさと契約しなさい！～,哥特式魔法少女,2015,Galgame,,森の中にある泉の精霊。落とし物の伝説の斧を届けるために、持ち主を探しているという。,2,0,0,2,,https://lain.bgm.tv/pic/crt/l/a8/b7/85569_crt_3fOzi.jpg,https://lain.bgm.tv/r/400/pic/crt/l/a8/b7/85569_crt_3fOzi.jpg,,,,,https://bgm.tv/character/85569,,85569
bgm-bgm134820,bangumi,9,9,,梅赛德斯-AMG GT,Mercedes-AMG GT,,,,,,动画|漫画,动画,MFゴースト,极速车魂,2023,动画,"[{""t"":""MFゴースト"",""cn"":""极速车魂"",""ty"":""动画"",""y"":2023,""pop"":0},{""t"":""MFゴースト"",""cn"":""MF GHOST 燃油车斗魂"",""ty"":""漫画"",""y"":2018,""pop"":0}]",梅赛德斯AMG是采用长车头和短车尾结构的两座跑车。作为SLS AMG的后继车型，于2014年发行。与其说是超级汽车，它更像是意在打败911的Gran Turismo高性能豪华旅游车。AMG GTS属于大功率版，该车搭载了4.0升V8的涡轮发动机，能释放出的最大功率为510ps。其衍生车型也有四门轿跑和开放式车顶汽车（敞篷车）。 GT S: MFゴースト/大谷洋介(小田原パイクスピーク)/シルバー GT R: MFゴースト/大谷洋介(芦ノ湖GT~)/シルバー,2,0,0,2,,,,,,,,https://bgm.tv/character/134820,,134820
bgm-bgm71102,bangumi,9,9,,狩野宙,狩野宙,,,其他,B,,动画,动画,S・A～スペシャル・エー～,SA特优生,2008,动画,,单纯如孩子的人，有着自己的行事风格，喜欢明做的东西（因为极度喜欢，去抢着吃，所以挨明的打），恐高，怕蹦极（作为成绩出了前五的惩罚），常被母亲大人以之威胁；很自由奔放的一个人，成绩排学年第5。是学园理事长的儿子。初恋是明，曾在小时候给明告白，可是明没有听见（睡着了）……后来偶然（其实是不小心······）听到明说喜欢自己，在八寻说不要再假装了的开导下也向明表白了。,2,0,0,2,,,,,,,,https://bgm.tv/character/71102,,71102
bgm-bgm54968,bangumi,9,9,,迂迂真,迂々真,,,其他,,,动画|漫画,漫画,十二大戦,,2015,漫画,"[{""t"":""十二大戦"",""cn"":"""",""ty"":""漫画"",""y"":2015,""pop"":0},{""t"":""十二大戦"",""cn"":""十二大战"",""ty"":""动画"",""y"":2017,""pop"":0}]",本名・早間好実（そうまよしみ）九月九日生まれ 身長230センチ、体重150キロ。 早間家の歴代当主の中でも、一番の巨漢である。寡黙で知られ、戦士としての名乗りを除けば、彼の声を聞くのは、相当の側近のみに限られている（余談ではあるが、とてもいい声である）。戦場でも、その寡黙さに似つかわしいストイックな戦いぶりが広く知られている。,2,0,0,2,,,,,,,,https://bgm.tv/character/54968,,54968
bgm-bgm7116,bangumi,9,9,,安倍泰继,安倍泰継,Abe no Yasutsugu,,其他,AB,,动画|Galgame,Galgame,遙かなる時空の中で2,遥远时空中2,2001,Galgame,"[{""t"":""遙かなる時空の中で2"",""cn"":""遥远时空中2"",""ty"":""Galgame"",""y"":2001,""pop"":0},{""t"":""遙かなる時空の中で 夢浮橋"",""cn"":""遥远时空中 梦浮桥"",""ty"":""Galgame"",""y"":2008,""pop"":0},{""t"":""遙かなる時空の中で2 〜白き龍の神子〜"",""cn"":""遥远时空中2 白龙之神子"",""ty"":""动画"",""y"":2003,""pop"":0},{""t"":""遙かなる時空の中で2&3 キャラクターコレクション8 地の玄武 ～安倍泰継＆リズヴァーン～"",""cn"":"""",""ty"":""音乐"",""y"":2006,""pop"":0},{""t"":""遙かなる時空の中で2-刻の封印-参"",""cn"":"""",""ty"":""音乐"",""y"":2003,""pop"":0}]",山奥でひっそりと暮らす陰陽師。 龍神の神子である主人公を守る八葉のひとり。地の玄武。 建前が理解できず、常に事実と本音しか言わない率直な性格。 有能な陰陽師だが、先代の地の玄武よりも力が劣ると思っており、強いコンプレックスを抱いている。,2,0,0,2,,https://lain.bgm.tv/pic/crt/l/44/fd/7116_crt_lruUx.jpg,https://lain.bgm.tv/r/400/pic/crt/l/44/fd/7116_crt_lruUx.jpg,,,,,https://bgm.tv/character/7116,,7116
bgm-bgm42996,bangumi,9,9,,栗原宁宁,栗原ネネ,Kurihara Nene,,其他,A,,游戏,游戏,アイドルマスター シンデレラガールズ スターライトステージ,偶像大师 灰姑娘女孩 星光舞台,2015,游戏,"[{""t"":""アイドルマスター シンデレラガールズ スターライトステージ"",""cn"":""偶像大师 灰姑娘女孩 星光舞台"",""ty"":""游戏"",""y"":2015,""pop"":0},{""t"":""アイドルマスター シンデレラガールズ"",""cn"":""偶像大师 灰姑娘女孩"",""ty"":""游戏"",""y"":2011,""pop"":0}]",BNEI与Cygames开发的手机游戏《偶像大师 灰姑娘女孩》系列的养生偶像。初登场于抽卡活动「禁断的黑魔术」。 为了病弱的妹妹而努力寻求养生之道的偶像，也喜欢观看电视。,2,0,0,2,,https://lain.bgm.tv/pic/crt/l/00/0f/42996_crt_gr2jQ.jpg,https://lain.bgm.tv/r/400/pic/crt/l/00/0f/42996_crt_gr2jQ.jpg,https://storage.moegirl.org.cn/moegirl/commons/1/1f/%E6%B7%A1%E8%89%B2%E3%81%AE%E8%8A%B1%E3%81%B3%E3%82%89.jpg!/fw/480/watermark/url/L21vZWdpcmwvd2F0ZXJtYXJrLnBuZw==/align/southeast/margin/10x10/opacity/50?v=20201208144443|https://storage.moegirl.org.cn/moegirl/commons/1/1f/%E6%B7%A1%E8%89%B2%E3%81%AE%E8%8A%B1%E3%81%B3%E3%82%89.jpg,,图源:moegirl,,https://bgm.tv/character/42996,,42996
bgm-bgm102292,bangumi,9,9,,富樫庆司,冨樫慶司,Togashi Keiji,,其他,A,,动画,动画,アオアシ,青之芦苇,2022,动画,"[{""t"":""アオアシ"",""cn"":""青之芦苇"",""ty"":""动画"",""y"":2022,""pop"":0},{""t"":""アオアシ Season 2"",""cn"":""青之芦苇 第二季"",""ty"":""动画"",""y"":2026,""pop"":0}]",アシト年代で唯一、福田がエスペリオンユースにスカウトしてきた逸材。元ヤンキーで義理人情に厚く情熱的。フィジカルを活かした豪快なプレースタイルの攻撃的ディフェンダーだが、高い基礎技術と戦術理解力を併せ持つ。過去の確執からジュニアユース昇格組である黒田と竹島を敵視している。,2,0,0,2,,,,,,,,https://bgm.tv/character/102292,,102292
bgm-bgm128779,bangumi,9,9,,莫拉克斯,モラクス,,牛牛 / 牛斧,其他,,,游戏,游戏,メギド72,梅吉德72,2017,游戏,,シナリオ中心メンバーの一人。 ケンカと肉が大好物の少年。ソロモンをアニキと呼んで慕う。,1,0,0,1,,https://lain.bgm.tv/pic/crt/l/36/ae/128779_crt_3hGDS.jpg,https://lain.bgm.tv/r/400/pic/crt/l/36/ae/128779_crt_3hGDS.jpg,,,,,https://bgm.tv/character/128779,,128779
bgm-bgm46496,bangumi,9,9,,野口笑子,野口笑子,,野口さん,其他,AB,,动画|漫画,动画,ちびまる子ちゃん,樱桃小丸子,1995,动画,"[{""t"":""ちびまる子ちゃん"",""cn"":""樱桃小丸子"",""ty"":""动画"",""y"":1995,""pop"":0},{""t"":""ちびまる子ちゃん イタリアから来た少年"",""cn"":""樱桃小丸子：来自意大利的少年"",""ty"":""动画"",""y"":2015,""pop"":0},{""t"":""ちびまる子ちゃん"",""cn"":""樱桃小丸子"",""ty"":""漫画"",""y"":1987,""pop"":0},{""t"":""ちびまる子ちゃん"",""cn"":""樱桃小丸子 真人版1"",""ty"":""其他"",""y"":2006,""pop"":0},{""t"":""ちびまる子ちゃん 第2弾"",""cn"":""樱桃小丸子 真人版2"",""ty"":""其他"",""y"":2006,""pop"":0}]",いっけん、暗い女の子。笑い方は「クックックッ…。」 冷静でおとなしいけれど、お笑い好きの一面があり、まる子とはテレビのお笑いの話で盛り上がる「お笑い好き仲間」。お笑いに関する知識は深く、 有名なお笑い芸人の直筆サインも持っている。 口ぐせは「言えやしない、言えやしないよ。」「し～らない。し～らない。知っているけどしらんぷり。」など、自分だけの秘密をもって楽しむというちょっとひねくれた一面も。 好きな食べ物はたらこ、白子（魚卵大好き）。,1,0,0,1,,,,,,,,https://bgm.tv/character/46496,,46496
bgm-bgm11411,bangumi,9,9,,须尧雨情,須尭雨情,,,其他,O,,动画,动画,スケッチブック～full color's～,素描本,2007,动画,,3年7组的学生。美术部的部长，也是部内唯一有常识的人。多对部员们或先生有个性的言行做反应的一方。不太会笑，但一摸到可爱的猫咪时就会表现出灿烂的微笑。有很广的知识，有可以跟凯特以英文对话般程度的英语会话能力。,1,0,0,1,,,,,,,,https://bgm.tv/character/11411,,11411
bgm-bgm86996,bangumi,9,9,,葬仪社,葬儀屋,,,其他,A,,动画|漫画,漫画,ZOMBIE-LOAN,僵尸借贷,2003,漫画,"[{""t"":""ZOMBIE-LOAN"",""cn"":""僵尸借贷"",""ty"":""漫画"",""y"":2003,""pop"":0},{""t"":""ZOMBIE-LOAN"",""cn"":""僵尸借贷"",""ty"":""动画"",""y"":2007,""pop"":0}]",在葬仪社工作的人，与ZOMBIE签有契约，也是僵尸，但并不是杀非法僵尸来还债，是认真工作来还钱的，用念珠和念佛经作为武器。有一女儿美空，为了保护她不惜变成僵尸。 第二轮角色投票得第二十七名。,1,0,0,1,,,,,,,,https://bgm.tv/character/86996,,86996
bgm-bgm168779,bangumi,9,9,,,竹本彩音,,,其他,,,Galgame,Galgame,めたもるふぉ～ぜ ～変容！変身！！大変态っ!?,变身大作战,2008,Galgame,,ハンバーガーショップで働く主人公の同僚（＝先輩）。 バイトから正社員雇用された優秀なスタッフ。 妻帯者である店長と不倫関係にあり、その家族に申し訳ないと思っている。,1,0,0,1,1,https://lain.bgm.tv/pic/crt/l/fb/fd/168779_crt_KIc6J.jpg,https://lain.bgm.tv/r/400/pic/crt/l/fb/fd/168779_crt_KIc6J.jpg,,,,,https://bgm.tv/character/168779,,168779
bgm-bgm85848,bangumi,9,9,,,九尾の狐,,,其他,A,,Galgame,Galgame,絵師神の絆,,2020,Galgame,,自分は世界で一番美しく、世界で一番尊ばれる存在だと思っている女王様気質のあやかし。人を使役することに慣れており、つい従いそうになるようなカリスマ性を持つ。しかし、肝心な場面で詰めが甘くそのせいか、どこか憎めないところがある。,1,0,0,1,,https://lain.bgm.tv/pic/crt/l/c3/9d/85848_crt_SQ8Jj.jpg,https://lain.bgm.tv/r/400/pic/crt/l/c3/9d/85848_crt_SQ8Jj.jpg,,,,,https://bgm.tv/character/85848,,85848
bgm-bgm160086,bangumi,9,9,,泽,泽,,,其他,,,游戏,游戏,Echocalypse -緋紅の神約-,绯色回响,2022,游戏,,澤的職位是東曦的大書庫守密人。她的年齡、出身甚至是和東曦的聯繫都是一個謎團。根據調查，澤至少在200年前就在東曦有生活過的痕跡了，在那個時候已經以「澤」的名義開始管理著大書庫。東曦的每一代領袖在成年的時候必須要去一趟大書庫，而在那裡她們會跟澤進行一場永遠不會公開的對話。,1,0,0,1,,https://lain.bgm.tv/pic/crt/l/ad/9f/160086_crt_2y29u.jpg?r=1719176772,https://lain.bgm.tv/r/400/pic/crt/l/ad/9f/160086_crt_2y29u.jpg?r=1719176772,,,,,https://bgm.tv/character/160086,,160086
bgm-bgm167613,bangumi,9,9,,,唐峻声,,,其他,,,Galgame,Galgame,绝对零度,,2021,Galgame,,安保公司“绝对零度”的老板，祁之衍的上司。 平时是极其内敛稳重的绅士，对待自己很严苛。 曾任Mars大队长，但顶替作为卧底秘密死亡的双胞胎哥哥追查暗网时，不幸吸入大量G-LLSP气体（G-SCA副产物）生成暴戾副人格，怕拖累队友而申请退役，转行开安保公司方便继续暗中调查。 先天同性恋。对待感情极其谨慎，闷骚，一旦进入亲密关系就会[mask]被激发病态占有欲[/mask]。,1,0,0,1,,https://lain.bgm.tv/pic/crt/l/d3/08/167613_crt_lJQll.jpg,https://lain.bgm.tv/r/400/pic/crt/l/d3/08/167613_crt_lJQll.jpg,,,,,https://bgm.tv/character/167613,,167613
bgm-bgm2047,bangumi,9,9,,青木胜,青木勝,Aoki Masaru,,其他,B,,动画,动画,はじめの一歩,第一神拳,2000,动画,"[{""t"":""はじめの一歩"",""cn"":""第一神拳"",""ty"":""动画"",""y"":2000,""pop"":0},{""t"":""はじめの一歩 New Challenger"",""cn"":""第一神拳 New Challenger"",""ty"":""动画"",""y"":2009,""pop"":0},{""t"":""はじめの一歩 Rising"",""cn"":""第一神拳 Rising"",""ty"":""动画"",""y"":2013,""pop"":0},{""t"":""はじめの一歩 Champion Road"",""cn"":""第一神拳 冠军之路"",""ty"":""动画"",""y"":2003,""pop"":0},{""t"":""はじめの一歩 間柴vs木村 死刑執行"",""cn"":""第一神拳 间柴vs木村 死刑执行"",""ty"":""动画"",""y"":2003,""pop"":0}]",鴨川ボクシングジム所属のライト級プロボクサー。 ジムのムードメーカーで、一歩の先輩。鷹村のイタズラの一番の被害者。木村とは高校からの腐れ縁。 必殺のカエルパンチなどの意表をついた攻撃を得意とする変則ボクサー。 トミ子という彼女がいる。青木はトミ子のことを美人と称してやまないが…。,1,0,0,1,,,,,,,,https://bgm.tv/character/2047,,2047
bgm-bgm36952,bangumi,9,9,,巴特·里斯菲,バード・リスフィ,Bird Lithfie,バード・リスフーイ / 巴德,其他,,,Galgame,Galgame,ランス10,兰斯10 决战,2018,Galgame,"[{""t"":""ランス10"",""cn"":""兰斯10 决战"",""ty"":""Galgame"",""y"":2018,""pop"":0},{""t"":""戦国ランス"",""cn"":""战国兰斯"",""ty"":""Galgame"",""y"":2006,""pop"":0},{""t"":""Rance6 －ゼス崩壊－"",""cn"":""兰斯6 - 赛斯崩坏 -"",""ty"":""Galgame"",""y"":2004,""pop"":0},{""t"":""ランス・クエスト"",""cn"":""兰斯8"",""ty"":""Galgame"",""y"":2011,""pop"":0},{""t"":""Rance II -反逆の少女たち-"",""cn"":""兰斯2 -反逆的少女们-"",""ty"":""Galgame"",""y"":1990,""pop"":0},{""t"":""闘神都市"",""cn"":""斗神都市"",""ty"":""Galgame"",""y"":1990,""pop"":0}]",ランスと同じ冒険者の一人。仕事には真面目で、ルックスや育ちの良さなどからも、本来主人公でもおかしくないが、肝心の戦闘力に関してはランスに大きく劣っていて、いわゆるごく普通の戦士（行く先々でよく遭遇することから、それでも並の傭兵などよりは実力があると思われる）。,1,0,0,1,1,https://lain.bgm.tv/pic/crt/l/39/d6/36952_crt_ZSQ5A.jpg,https://lain.bgm.tv/r/400/pic/crt/l/39/d6/36952_crt_ZSQ5A.jpg,,,,,https://bgm.tv/character/36952,,36952
bgm-bgm4732,bangumi,9,9,,,深川遥,Fukagawa Haruka,,其他,AB,,动画,动画,ラブ★コン,恋爱情结,2007,动画,,,1,0,0,1,,,,,,,,https://bgm.tv/character/4732,,4732
bgm-bgm88151,bangumi,9,9,,酷酷,쿠쿠,Kookoo,,,,,漫画|Galgame,Galgame,SUPER STRING,,2021,Galgame,"[{""t"":""SUPER STRING"",""cn"":"""",""ty"":""Galgame"",""y"":2021,""pop"":0},{""t"":""테러맨"",""cn"":""极限拯救"",""ty"":""漫画"",""y"":2026,""pop"":0},{""t"":""WESTWOOD VIBRATO"",""cn"":""西木乐器工坊"",""ty"":""漫画"",""y"":2010,""pop"":0}]","无时无刻不陪伴在可妮莉娅身边的企鹅。 "" 酷酷酷酷酷 """,1,0,0,1,,https://lain.bgm.tv/pic/crt/l/db/80/88151_crt_fOffP.jpg?r=1607767949,https://lain.bgm.tv/r/400/pic/crt/l/db/80/88151_crt_fOffP.jpg?r=1607767949,,,,,https://bgm.tv/character/88151,,88151
bgm-bgm145111,bangumi,9,9,,,夏野文,Natsuno Aya,,其他,Ｂ,,Galgame,Galgame,風ノ唄,,2002,Galgame,,趣味 ：編み物、人形作り、お話作り 特技 ：創ること、空想（妄想） 好きなもの：創ること、お姉ちゃん、お父さんお母さん、夕焼け、ソーダ味のアイ ス、扇風機 嫌いなもの：クーラー、カミナリ、傘、朝焼け、 学校 主人公が住むアパート”櫻木荘”（さくらぎそう）の管理人さん、の妹。 引っ込み思案？天然系のちびっこ。ある事があってから学校もあまり行けずに…。 【 皆川亮一ドリーム 】 夏の風にカラーをひるがえし、 スカートをひるがえしその若さを全身で振りまく少女。,1,0,0,1,1,https://lain.bgm.tv/pic/crt/l/e6/ee/145111_crt_BUW55.jpg,https://lain.bgm.tv/r/400/pic/crt/l/e6/ee/145111_crt_BUW55.jpg,,,,,https://bgm.tv/character/145111,,145111
bgm-bgm187432,bangumi,9,9,,罗佳,로쟈,Rodion,,其他,,,游戏,游戏,Limbus Company,边狱巴士公司,2023,游戏,,뒷골목 태생이라는 안타까운 특징이 노골적으로 드러나는 수감자입니다. 돈을 밝히며 도박과 내기를 즐겨하므로 관리자의 세심한 주의가 필요합니다. 지시를 내릴 때 되도 않는 윙크로 화답하거나 실없는 농담으로 맞받아치는 경향을 보이므로 때론 관리자로서 엄한 자세를 보이는 것을 추천합니다. 가라앉은 상태가 비주기적으로 나타날 때가 있는데 관리자님 측에서 해줄 수 있는 방법은 없으니 조용히 기다리는 것이 효율적입니다.,1,0,0,1,,https://lain.bgm.tv/pic/crt/l/f4/fe/187432_crt_u5l8m.jpg?r=1760782269,https://lain.bgm.tv/r/400/pic/crt/l/f4/fe/187432_crt_u5l8m.jpg?r=1760782269,https://storage.moegirl.org.cn/moegirl/commons/3/31/%E8%BE%B9%E7%8B%B1-%E7%BD%97%E4%BD%B3.jpg!/fw/480/watermark/url/L21vZWdpcmwvd2F0ZXJtYXJrLnBuZw==/align/southeast/margin/10x10/opacity/50?v=20230404073337|https://storage.moegirl.org.cn/moegirl/commons/3/31/%E8%BE%B9%E7%8B%B1-%E7%BD%97%E4%BD%B3.jpg,,图源:moegirl,,https://bgm.tv/character/187432,,187432
bgm-bgm74045,bangumi,9,9,,阳,ヤン,Yang,扬 / 疾走する青龍,其他,B,,游戏,游戏,ストリートファイターIII 3rd STRIKE -Fight for the Future-,街头霸王3.3：战出未来,1999,游戏,"[{""t"":""ストリートファイターIII 3rd STRIKE -Fight for the Future-"",""cn"":""街头霸王3.3：战出未来"",""ty"":""游戏"",""y"":1999,""pop"":0},{""t"":""ウルトラストリートファイターIV"",""cn"":""终极街头霸王4"",""ty"":""游戏"",""y"":2014,""pop"":0},{""t"":""スーパーストリートファイターIV アーケードエディション"",""cn"":""超级街头霸王4：街机版"",""ty"":""游戏"",""y"":2010,""pop"":0},{""t"":""ストリートファイターZERO3"",""cn"":""街头霸王ZERO3"",""ty"":""游戏"",""y"":1998,""pop"":0},{""t"":""CAPCOM VS. SNK 2 MILLIONAIRE FIGHTING 2001"",""cn"":""卡普空对SNK 2：百万格斗2001"",""ty"":""游戏"",""y"":2001,""pop"":0},{""t"":""ストリートファイターIII 2nd IMPACT -GIANT ATTACK-"",""cn"":""街头霸王3.2：巨型打击"",""ty"":""游戏"",""y"":1997,""pop"":0}]",祖父に叩き込まれた中国拳法を駆使して戦う、香港の若き格闘家。 双子の兄であるユンに付き合って旅に出る。 兄とは対照的に沈着冷静な性格。戦いの最中でも常に相手の数手先を読むことのできる深い洞察力を持ち、 常に工夫や研究を怠らない努力家の面もある。,1,0,0,1,,https://lain.bgm.tv/pic/crt/l/c0/20/74045_crt_LaADm.jpg?r=1629990418,https://lain.bgm.tv/r/400/pic/crt/l/c0/20/74045_crt_LaADm.jpg?r=1629990418,,,,,https://bgm.tv/character/74045,,74045
bgm-bgm181452,bangumi,9,9,,夜樱九十九,夜桜九十九,Yozakura Tsukumo,,其他,,,漫画,漫画,夜桜さんちの大作戦,夜樱家的大作战,2020,漫画,,,1,0,0,1,,,,,,,,https://bgm.tv/character/181452,,181452
bgm-bgm168167,bangumi,9,9,,潜尚保,潜尚保,,,其他,,,动画|漫画,漫画,ハイキュー!!,排球少年!!,2012,漫画,"[{""t"":""ハイキュー!!"",""cn"":""排球少年!!"",""ty"":""漫画"",""y"":2012,""pop"":0},{""t"":""ハイキュー!! 陸 VS 空"",""cn"":""排球少年 陆 VS 空"",""ty"":""动画"",""y"":2020,""pop"":0}]",,0,0,0,0,,,,,,,,https://bgm.tv/character/168167,,168167
bgm-bgm104015,bangumi,9,9,,山崎奖,山崎奨,,,其他,,,动画,动画,宇宙戦艦ヤマト2199,宇宙战舰大和号2199,2013,动画,"[{""t"":""宇宙戦艦ヤマト2199"",""cn"":""宇宙战舰大和号2199"",""ty"":""动画"",""y"":2013,""pop"":0},{""t"":""宇宙戦艦ヤマト2199 星巡る方舟"",""cn"":""宇宙战舰大和号2199 星巡的方舟"",""ty"":""动画"",""y"":2014,""pop"":0},{""t"":""宇宙戦艦ヤマト2205 新たなる旅立ち 後章 -STASHA-"",""cn"":""宇宙战舰大和号2205 新的旅程 后篇 -STASHA-"",""ty"":""动画"",""y"":2022,""pop"":0},{""t"":""宇宙戦艦ヤマト2205 新たなる旅立ち 前章 -TAKE OFF-"",""cn"":""宇宙战舰大和号2205 新的旅程 前篇 -TAKE OFF-"",""ty"":""动画"",""y"":2021,""pop"":0},{""t"":""宇宙戦艦ヤマト2202 愛の戦士たち"",""cn"":""宇宙战舰大和号2202 爱的战士们"",""ty"":""动画"",""y"":2018,""pop"":0}]",機関科 機関長 階級 ： 一等宙尉 生年月日 ： 2153年9月9日生 おとめ座 52歳 ヤマト新・機関長。 初代機関長徳川彦左衛門の片腕だった古参の機関士。 今次航海で臨場する防衛大学校生たちを、正規のクルーとして厳しく扱う。,0,0,0,0,,,,,,,,https://bgm.tv/character/104015,,104015
bgm-bgm193980,bangumi,9,9,,,沙羅,,,其他,AB,,动画,动画,ジュエルペット てぃんくる☆,宝石宠物 Tinkle☆,2010,动画,,パートナー：サフィー 日本人とインド人のハーフで、13歳の少女。9月9日生まれで、血液型はAB型。身長・体重は不明だが、あかりよりも背は高い。フルネームや出身地は不明。魔法学校の6年生（初登場時は4年生）。メガネをかけている。 クールで沈着冷静な性格で、年下に厳しく振舞っているが、本当は人づきあいが分からないだけである。魔法物理学のトップの成績者であるが、魔法を科学的にしか理解できていないため、当初は4年生止まりとなっていた。,0,0,0,0,,,,,,,,https://bgm.tv/character/193980,,193980
bgm-bgm189446,bangumi,9,9,,温泉龙,温泉ドラゴン,,,,,,动画,动画,嘆きの亡霊は引退したい 第2クール,叹气的亡灵想隐退 第2部分,2025,动画,,温泉に出現したドラゴン。 どこかつぶらな瞳をしている。,0,0,0,0,,,,,,,,https://bgm.tv/character/189446,,189446
bgm-bgm16292,bangumi,9,9,,卡内鲁莫克依,カーネルモッコイ,,,其他,O,,动画,动画,トリコ,美食的俘虏,2011,动画,,年商20兆円のグルメ大企業「株式会社グルだらけ」の会長。「バー・ヘビーロッジ」に美食屋を集め、１００億円の報酬でセンチュリースープ捕獲を依頼する。その財力で、スープの所在を突き止め、砕氷船、ライタースーツ等を用意し、大規模な捕獲作戦を決行する。財力に裏打ちされた傲慢さを持ち、美食會をも恐れぬ性格。何かと金に物を言わせるのが好き。,0,0,0,0,,,,,,,,https://bgm.tv/character/16292,,16292
bgm-bgm156430,bangumi,9,9,,,夏岚,,,其他,,,Galgame,Galgame,六阶谜题 six-step mystery,六阶谜题,2020,Galgame,"[{""t"":""六阶谜题 six-step mystery"",""cn"":""六阶谜题"",""ty"":""Galgame"",""y"":2020,""pop"":0},{""t"":""七人杀阵 - Seven Sacrifices"",""cn"":"""",""ty"":""Galgame"",""y"":2018,""pop"":0}]",【通过稍微有些复杂的推理就能明白了，因为稍微有些复杂，所以我不想告诉你。】,0,0,0,0,,https://lain.bgm.tv/pic/crt/l/c5/61/156430_crt_xvLpv.jpg?r=1714027984,https://lain.bgm.tv/r/400/pic/crt/l/c5/61/156430_crt_xvLpv.jpg?r=1714027984,,,,,https://bgm.tv/character/156430,,156430
bgm-bgm132969,bangumi,9,9,,,蓝斯,,란스,其他,,,Galgame,Galgame,永远的7日之都,,2017,Galgame,,孤儿出身，凭借优秀音乐才能被摇滚大师文思埃弗雷特收为徒弟。 黑门事件爆发后文思神秘失踪，而他借由遗嘱继承师傅大笔遗产。 此事备受争议—— 他本人似乎并不在意，放弃音乐和舞台。现在拿着大笔财产天天挥霍度日。 “有钱确实能买到许多快乐”——,0,0,0,0,,https://lain.bgm.tv/pic/crt/l/89/09/132969_crt_k7K7p.jpg,https://lain.bgm.tv/r/400/pic/crt/l/89/09/132969_crt_k7K7p.jpg,https://storage.moegirl.org.cn/moegirl/commons/d/d8/%E8%93%9D%E6%96%AF.jpg!/fw/480/watermark/url/L21vZWdpcmwvd2F0ZXJtYXJrLnBuZw==/align/southeast/margin/10x10/opacity/50?v=20200619111544|https://storage.moegirl.org.cn/moegirl/commons/d/d8/%E8%93%9D%E6%96%AF.jpg,,图源:moegirl,,https://bgm.tv/character/132969,,132969
bgm-bgm87943,bangumi,9,9,,白·温彻斯特,파이,,白,其他,,,游戏,游戏,CLOSERS,封印者,2014,游戏,,很久以前，有一个专门刺杀执政者的黑暗一族。一旦某个国家出现凶残或腐败的执政者，黑暗一族便会悄悄靠近然后终结他们的生命。出生于次元战争时代的白和妹妹薛，正是黑暗一族的成员。白不但传承了家族高超的剑术，而且完美掌控了冰之次元力。然而，在她的错误下，薛却被冰封了。背负着神秘的使命，同时也为了找到解救薛的办法，白加入了UNION，成为了苍鹰小队的新任教官，她在封印者的故事也由此展开……,0,0,0,0,,https://lain.bgm.tv/pic/crt/l/0e/a7/87943_crt_QyX1A.jpg?r=1606996851,https://lain.bgm.tv/r/400/pic/crt/l/0e/a7/87943_crt_QyX1A.jpg?r=1606996851,https://storage.moegirl.org.cn/moegirl/commons/f/f1/BaiGraceA.png!/fw/480/watermark/url/L21vZWdpcmwvd2F0ZXJtYXJrLnBuZw==/align/southeast/margin/10x10/opacity/50?v=20200327145745|https://storage.moegirl.org.cn/moegirl/commons/f/f1/BaiGraceA.png,,图源:moegirl,,https://bgm.tv/character/87943,,87943
bgm-bgm216145,bangumi,9,9,,,黒潮ソウジ,,,其他,AB,,动画,动画,DIGIMON BEATBREAK,数码宝贝 觉醒节拍,2025,动画,,元五行星の男。一切の感情を失っている。 とある理由で沢城キョウに執着している。,0,0,0,0,,,,,,,,https://bgm.tv/character/216145,,216145
bgm-bgm94084,bangumi,9,9,,网滨秀吾,網浜秀吾,Amihama Shugo,,其他,,,动画,动画,RE-MAIN,RE-MAIN：少年与水球,2021,动画,,秀才でクール。中学時代には競泳選手だった。,0,0,0,0,,,,,,,,https://bgm.tv/character/94084,,94084
bgm-bgm148071,bangumi,9,9,,麻仓路菓,麻倉路菓,Asakura Ruka,,其他,A,,动画|漫画,动画,SHAMAN KING FLOWERS,通灵王 FLOWERS,2024,动画,"[{""t"":""SHAMAN KING FLOWERS"",""cn"":""通灵王 FLOWERS"",""ty"":""动画"",""y"":2024,""pop"":0},{""t"":""シャーマンキングFLOWERS"",""cn"":""通灵王 -Flowers-"",""ty"":""漫画"",""y"":2012,""pop"":0},{""t"":""シャーマンキング ザ スーパースター"",""cn"":""通灵王 THE SUPER STAR"",""ty"":""漫画"",""y"":2018,""pop"":0}]",葉羽の姉。“裏麻倉家”の次期当主の葉羽を支えるため、小さい頃から血の滲むような修行をしてきた。持霊は震電と雷電という二頭の獅子。,0,0,0,0,,,,,,,,https://bgm.tv/character/148071,,148071
bgm-bgm5785,bangumi,9,9,,巴兹尔·霍金斯,バジル・ホーキンス,Basil Hawkins,魔术师,其他,S,,动画,动画,ONE PIECE,航海王,1999,动画,"[{""t"":""ONE PIECE"",""cn"":""航海王"",""ty"":""动画"",""y"":1999,""pop"":0},{""t"":""ONE PIECE STAMPEDE"",""cn"":""航海王：狂热行动"",""ty"":""动画"",""y"":2019,""pop"":0},{""t"":""ONE PIECE ニッポン縦断! 47クルーズALBUM \""東\"""",""cn"":"""",""ty"":""音乐"",""y"":2016,""pop"":0},{""t"":""運命の螺旋"",""cn"":"""",""ty"":""音乐"",""y"":2015,""pop"":0}]",霍金斯海贼团船长，百兽海贼团“台柱”，北海出生，极恶的世代之一，悬赏金3亿2000万贝里。 稻草果实能力者，决定自己的行动前会进行占卜，能通过身上的“诅咒”草人来转移伤害，还能自己化身成为稻草人，手持五寸长钉来攻击对手。,0,0,0,0,,,,,,,,https://bgm.tv/character/5785,,5785
bgm-bgm124150,bangumi,9,9,,,ゲイル・グローリー,Gale Glory,,其他,A,,动画|漫画,漫画,RAVE,圣石小子,1999,漫画,"[{""t"":""RAVE"",""cn"":""圣石小子"",""ty"":""漫画"",""y"":1999,""pop"":0},{""t"":""GROOVE ADVENTURE RAVE"",""cn"":""圣石小子"",""ty"":""动画"",""y"":2001,""pop"":0}]",,0,0,0,0,,,,,,,,https://bgm.tv/character/124150,,124150
bgm-bgm22874,bangumi,9,9,,日置长俊,日置長俊,Hioki Nagatoshi,,其他,,,动画,动画,こえでおしごと! The ANIMATION,声优初体验！,2010,动画,,游戏编剧，弥生的青梅竹马，有如柑奈的哥哥一样。柑奈对其存在好感(不是恋爱的那种),0,0,0,0,,,,,,,,https://bgm.tv/character/22874,,22874
bgm-bgm98008,bangumi,9,9,,宋载具,송재구,Jae Gu Song,,其他,O,,漫画,漫画,소녀더와일즈,狂野少女,2012,漫画,,瓦尔兹一年级学生，瓦尔兹男女合校以后唯一的男学生，被理事长承若只要不缺课就可以获得全额奖学金。,0,0,0,0,,,,,,,,https://bgm.tv/character/98008,,98008
bgm-bgm106738,bangumi,9,9,,万加郎,マンジャロウ,Manjaro,假索隆,其他,S,,动画|漫画,漫画,ONE PIECE,航海王,1997,漫画,"[{""t"":""ONE PIECE"",""cn"":""航海王"",""ty"":""漫画"",""y"":1997,""pop"":0},{""t"":""ONE PIECE FAN LETTER"",""cn"":""航海王：粉丝来信"",""ty"":""动画"",""y"":2024,""pop"":0},{""t"":""ONE PIECE"",""cn"":""航海王"",""ty"":""动画"",""y"":1999,""pop"":0},{""t"":""ONE PIECE 魚人島編"",""cn"":""航海王：鱼人岛篇特别编辑版"",""ty"":""动画"",""y"":2024,""pop"":0}]",ニセ麦わらの一味で、偽物のゾロ。,0,0,0,0,,,,,,,,https://bgm.tv/character/106738,,106738
bgm-bgm127415,bangumi,9,9,,水原结花,水原結花,Mizuhara Yuka,,其他,ＡＢ,,动画,动画,熱血最強ゴウザウラー,热血最强哥修罗,1993,动画,,６年２組の女子の中でも特に大人しい中の１人。拳一からは「弱虫３人組」と言われたこともある。小６にしてはかなり背が低め。甘えん坊で泣き虫だが。金太の柔道大会に賭ける情熱を知ってから、少し彼のことが気になるようだ。マッハプテラ＆ゴウザウラーのレーダー担当。,0,0,0,0,,,,,,,,https://bgm.tv/character/127415,,127415
bgm-bgm66587,bangumi,9,9,,白鸟隆士,白鳥隆士,Shiratori Ryuushi,,其他,O,,动画|漫画,漫画,まほらば,我们的仙境,2001,漫画,"[{""t"":""まほらば"",""cn"":""我们的仙境"",""ty"":""漫画"",""y"":2001,""pop"":0},{""t"":""まほらば〜Heartful days"",""cn"":""我们的仙境～Heartful days～"",""ty"":""动画"",""y"":2005,""pop"":0}]",故事主角，长得很像女生。个性温和，有点迟钝，是个超级大好人，不过也常常被鸣泷庄的房客给玩弄于掌心之间。,0,0,0,0,,,,,,,,https://bgm.tv/character/66587,,66587
bgm-bgm105691,bangumi,9,9,,荒船哲次,荒船哲次,Tetsuji Arafune,,其他,B,,动画|漫画,动画,ワールドトリガー 3rdシーズン,境界触发者 第三季,2021,动画,"[{""t"":""ワールドトリガー 3rdシーズン"",""cn"":""境界触发者 第三季"",""ty"":""动画"",""y"":2021,""pop"":0},{""t"":""ワールドトリガー"",""cn"":""境界触发者"",""ty"":""漫画"",""y"":2013,""pop"":0},{""t"":""ワールドトリガー 2ndシーズン"",""cn"":""境界触发者 第二季"",""ty"":""动画"",""y"":2021,""pop"":0},{""t"":""ワールドトリガー"",""cn"":""境界触发者"",""ty"":""动画"",""y"":2014,""pop"":0}]",剣も狙撃もマスタークラスの武闘派スナイパー。レイジ以来の完璧万能手を目指し、さらにそのメソッドを一般化してボーダーに完璧万能手を量産する壮大な夢も持つ理論家。,0,0,0,0,,,,,,,,https://bgm.tv/character/105691,,105691
