id,src,month,day,year,name_cn,name_native,name_romaji,alt_names,gender,blood,age,types,ptype,work,work_cn,work_year,work_fmt,works,summary,heat,fav,votes,collects,nsfw,image,thumb,alts,palette,tags,url_al,url_bgm,url_vndb,bgm_id
bgm-bgm63777,vndb,11,1,,御门椎名,御門椎名,Shiina Mikado,Misha / ミーシャ / Miisha / 米莎,女,AB,,Galgame,Galgame,Katawa Shoujo,,2009,Galgame,"[{""t"":""Katawa Shoujo"",""cn"":"""",""ty"":""Galgame"",""y"":2009,""pop"":18528},{""t"":""かたわ少女"",""cn"":""片轮少女"",""ty"":""Galgame"",""y"":2012,""pop"":0}]",ミーシャは静音の通訳、かつ生徒会のメンバーである。陽気で茶目っ気があり、本音を決して隠さない彼女は、久夫を生徒会に引き込もうとする静音に喜んで協力する。,18528,0,18528,3,,https://lain.bgm.tv/pic/crt/l/e4/97/63777_crt_guduv.jpg,https://lain.bgm.tv/r/400/pic/crt/l/e4/97/63777_crt_guduv.jpg,https://t.vndb.org/ch/51/17351.jpg,,Brown Pink Bob Cut Long Waist Length+ Wavy Brown Teen Pale School Uniform,,https://bgm.tv/character/63777,https://vndb.org/c758,63777
bgm-bgm3475,vndb,11,1,,久远寺梦,久遠寺 夢,Kuonji Yume,夢っち / Yumecchi,女,AB,,动画|Galgame,Galgame,真剣で私に恋しなさい！,认真和我恋爱！！,2009,Galgame,"[{""t"":""真剣で私に恋しなさい！"",""cn"":""认真和我恋爱！！"",""ty"":""Galgame"",""y"":2009,""pop"":9401},{""t"":""君が主で執事が俺で"",""cn"":""你是主人我是仆"",""ty"":""Galgame"",""y"":2007,""pop"":228},{""t"":""君が主で執事が俺で"",""cn"":""你是主人我是仆"",""ty"":""动画"",""y"":2008,""pop"":0}]",三姐妹中的幺女。性格温和，爱好平稳的生活。最喜欢的事情是打扮和收集漫画。内心非常地尊敬经历过世间风霜的南斗星，两人的感情也很好，经常粘在一起。 因为擅长马拉松所以隶属于陆上部，主修长跑。 可能是性格关系，和任何人都能主动的打招呼、由于相当被大家信赖所以担任下了部长的责任。,9401,0,9401,12,,https://lain.bgm.tv/pic/crt/l/d3/8e/3475_crt_anidb.jpg,https://lain.bgm.tv/r/400/pic/crt/l/d3/8e/3475_crt_anidb.jpg,https://t.vndb.org/ch/93/21293.jpg,,Pink Ahoge Hime Cut Waist Length+ Straight Teen Slim Pale Orphan Missionary,,https://bgm.tv/character/3475,https://vndb.org/c3794,3475
al1424,anilist,11,1,1985,冈崎真一,岡崎真一,Shinichi Okazaki,Shin,男,AB,15-22,动画|漫画|Galgame,动画,NANA-ナナ-,NANA ～世上的另一个我～,2006,动画,"[{""t"":""NANA-ナナ-"",""cn"":""NANA ～世上的另一个我～"",""ty"":""动画"",""y"":2006,""pop"":207770},{""t"":""NANA"",""cn"":"""",""ty"":""漫画"",""y"":2000,""pop"":58434},{""t"":""NANA -ナナ-"",""cn"":""NANA ～世上的另一个我～"",""ty"":""Galgame"",""y"":2005,""pop"":0},{""t"":""NANA すべては大魔王のお導き！？"",""cn"":""娜娜 一切都是大魔王的指引!?"",""ty"":""Galgame"",""y"":2006,""pop"":0},{""t"":""NANA－ナナ－"",""cn"":""娜娜"",""ty"":""动画"",""y"":2006,""pop"":0},{""t"":""NANA -ナナ-"",""cn"":""NANA ～世上的另一个我～"",""ty"":""漫画"",""y"":1999,""pop"":0}]",3巻初登場から12巻まで15歳（当初は兄のプロフィールを利用し18歳と偽っていた）。現時点で16歳。 ブラストのベーシスト。通称シン。レイラや凌子によると生まれ育った故郷はスウェーデン（17巻で判明）。母親はシンが生まれてまもなく自殺して亡くなり、父からは邪険な扱いを受けるなど複雑な家庭に育つ。自分の容姿が純粋な日本人とは違っている事をずっと不思議に思っていたが、詳しい事は自分自身も分かっていない。クールで大人びた雰囲気の一方、子供っぽい一面も。,3278,3278,0,20,,https://lain.bgm.tv/pic/crt/l/01/d4/16928_crt_5g9Z9.jpg,https://lain.bgm.tv/r/400/pic/crt/l/01/d4/16928_crt_5g9Z9.jpg,https://s4.anilist.co/file/anilistcdn/character/medium/b1424-dcHnhsX7XfrP.jpg|https://s4.anilist.co/file/anilistcdn/character/large/b1424-dcHnhsX7XfrP.jpg,,,https://anilist.co/character/1424,https://bgm.tv/character/16928,,16928
bgm-bgm610,vndb,11,1,,麻生莲治,麻生 蓮治,Asou Renji,,男,B,,动画|Galgame,Galgame,ef - a fairy tale of the two.,,2006,Galgame,"[{""t"":""ef - a fairy tale of the two."",""cn"":"""",""ty"":""Galgame"",""y"":2006,""pop"":2878},{""t"":""ef - a fairy tale of the two."",""cn"":"""",""ty"":""Galgame"",""y"":2006,""pop"":2878},{""t"":""ef - a fairy tale of the two."",""cn"":"""",""ty"":""Galgame"",""y"":2006,""pop"":2878},{""t"":""ef - a fairy tale of the two."",""cn"":"""",""ty"":""Galgame"",""y"":2006,""pop"":2878},{""t"":""天使の日曜日 “ef - a fairy tale of the two.” Pleasurable Box."",""cn"":"""",""ty"":""Galgame"",""y"":2010,""pop"":107},{""t"":""天使の日曜日「続・プリンセスサマー」Angel's Holiday - another story, for BugBug."",""cn"":"""",""ty"":""Galgame"",""y"":2011,""pop"":20}]",父亲是德国建筑师。从国外转学，喜欢阅读原文小说。第三章的男主角。,2878,0,2878,18,,https://lain.bgm.tv/pic/crt/l/18/6f/610_crt_x2rqF.jpg,https://lain.bgm.tv/r/400/pic/crt/l/18/6f/610_crt_x2rqF.jpg,https://t.vndb.org/ch/29/1629.jpg,,Brown Ahoge Short Straight Teen Slim Pale Trousers Proactive Cooking,,https://bgm.tv/character/610,https://vndb.org/c1585,610
bgm-bgm16639,vndb,11,1,,樱庭玉藻,桜庭 玉藻,Sakuraba Tamamo,Lucky Tammy / Princess,女,A,,动画|Galgame,Galgame,大図書館の羊飼い,,2013,Galgame,"[{""t"":""大図書館の羊飼い"",""cn"":"""",""ty"":""Galgame"",""y"":2013,""pop"":2275},{""t"":""大図書館の羊飼い -Dreaming Sheep-"",""cn"":"""",""ty"":""Galgame"",""y"":2014,""pop"":383},{""t"":""大図書館の羊飼い ～放課後しっぽデイズ～"",""cn"":"""",""ty"":""Galgame"",""y"":2013,""pop"":346},{""t"":""大図書館の羊飼い"",""cn"":""大图书馆的牧羊人"",""ty"":""Galgame"",""y"":2013,""pop"":0},{""t"":""大図書館の羊飼い -Dreaming Sheep-"",""cn"":""大图书馆的牧羊人 -Dreaming Sheep-"",""ty"":""Galgame"",""y"":2014,""pop"":0},{""t"":""大図書館の羊飼い～放課後しっぽデイズ～"",""cn"":""大图书馆的牧羊人～放学后的尾巴时光～"",""ty"":""Galgame"",""y"":2013,""pop"":0}]",図書部の実質的な進行役で、メンバーが豪快に脱線させた話を本題に戻すのが彼女の仕事。 無駄を好まないこともあるが、白崎さんをサポートしたいという思いが彼女を動かしている。 性格は真面目で自分に厳しい努力家。 それでいて、恋愛話や冗談にも対応できることから、男女問わず人気がある。 「いい加減話を戻してくれ。このままじゃ、白崎の可愛い困り顔を堪能するだけで終わってしまうぞ」,2275,0,2275,110,,https://lain.bgm.tv/pic/crt/l/e1/0b/16639_crt_Fjs2K.jpg,https://lain.bgm.tv/r/400/pic/crt/l/e1/0b/16639_crt_Fjs2K.jpg,https://t.vndb.org/ch/24/10224.jpg,,Black Ponytail Waist Length+ Straight Teen Slim Pale Proactive Hard Worker Cooking,,https://bgm.tv/character/16639,https://vndb.org/c2919,16639
bgm-bgm17073,vndb,11,1,,纱瑠,三ノ宮 ルイーズ 優衣,Sannomiya Louise Yui,サリュ / Salyu / 優衣 / Yui,女,A,,Galgame,Galgame,ルートダブル -Before Crime * After Days-,Root Double -Before Crime * After Days-,2012,Galgame,"[{""t"":""ルートダブル -Before Crime * After Days-"",""cn"":""Root Double -Before Crime * After Days-"",""ty"":""Galgame"",""y"":2012,""pop"":2234},{""t"":""ルートダブル -Before Crime * After Days-"",""cn"":""Root Double -Before Crime * After Days-"",""ty"":""Galgame"",""y"":2012,""pop"":0},{""t"":""ルートダブル -Before Crime * After Days- Xtend edition"",""cn"":""Root Double -Before Crime  After Days- Xtend edition"",""ty"":""Galgame"",""y"":2013,""pop"":0}]",日本人とフランス人のハーフ。 まだ幼いが飛び級してくるくらいの天才。 “優衣” はセカンドネーム、“ルイーズ” がファーストネームで、ニックネームは “サリュ”。 常人離れした神秘性を醸し出している近寄りがたい雰囲気の少女。 口数が少なく、ほとんど表情を変えることがない。 高圧的なわけではないが、自ら友達を作る様子はない。 なのに、いつも夏彦を意識しているような態度を見せる。 “アリス” という名前のフェレット型マスコットロボを常に持ち歩いている。,2234,0,2234,21,,https://lain.bgm.tv/pic/crt/l/41/cd/17073_crt_woK7F.jpg?r=1713081045,https://lain.bgm.tv/r/400/pic/crt/l/41/cd/17073_crt_woK7F.jpg?r=1713081045,https://t.vndb.org/ch/66/197066.jpg,,Blond Waist Length+ Curtained Straight Teen Slim Pale School Uniform Cooking Fighting,,https://bgm.tv/character/17073,https://vndb.org/c14510,17073
al124546,anilist,11,1,,小渊泽报濑,小淵沢報瀬,Shirase Kobuchizawa,Antarctica / @srs_kobuchizawa,女,B,,动画|漫画,动画,宇宙よりも遠い場所,比宇宙更远的地方,2018,动画,"[{""t"":""宇宙よりも遠い場所"",""cn"":""比宇宙更远的地方"",""ty"":""动画"",""y"":2018,""pop"":166665},{""t"":""宇宙よりも遠い場所"",""cn"":""比宇宙更远的地方"",""ty"":""漫画"",""y"":2017,""pop"":2062},{""t"":""宇宙よりも遠い場所"",""cn"":""比宇宙更远的地方"",""ty"":""动画"",""y"":2018,""pop"":0},{""t"":""ここから、ここから"",""cn"":"""",""ty"":""音乐"",""y"":2018,""pop"":0},{""t"":""宇宙よりも遠い場所 スペシャルソングCD"",""cn"":"""",""ty"":""音乐"",""y"":2018,""pop"":0}]",就读多多良西高校的高二女生，绰号“南极”。南极社社长(暂定)，因想寻找母亲小渊泽贵子而下定决心前往南极。因遗失打工赚来的一百万円而与真理结识，并邀请真理一同前往南极。,1743,1743,0,114,,https://lain.bgm.tv/pic/crt/l/53/e4/58955_crt_355UT.jpg?r=1515837241,https://lain.bgm.tv/r/400/pic/crt/l/53/e4/58955_crt_355UT.jpg?r=1515837241,https://s4.anilist.co/file/anilistcdn/character/medium/b124546-m2grkrB5gfCJ.png|https://s4.anilist.co/file/anilistcdn/character/large/b124546-m2grkrB5gfCJ.png,,,https://anilist.co/character/124546,https://bgm.tv/character/58955,,58955
al173761,anilist,11,1,,好本静,好本静,Shizuka Yoshimoto,,女,,15-16,动画|漫画|轻小说,动画,君のことが大大大大大好きな100人の彼女,超超超超超喜欢你的100个女朋友,2023,动画,"[{""t"":""君のことが大大大大大好きな100人の彼女"",""cn"":""超超超超超喜欢你的100个女朋友"",""ty"":""动画"",""y"":2023,""pop"":133315},{""t"":""君のことが大大大大大好きな100人の彼女 第2期"",""cn"":""超超超超超喜欢你的100个女朋友 第二季"",""ty"":""动画"",""y"":2025,""pop"":78811},{""t"":""君のことが大大大大大好きな100人の彼女 第3期"",""cn"":""超超超超超喜欢你的100个女朋友 第三季"",""ty"":""动画"",""y"":2026,""pop"":39572},{""t"":""君のことが大大大大大好きな100人の彼女"",""cn"":""超超超超超喜欢你的100个女朋友"",""ty"":""漫画"",""y"":2019,""pop"":38995},{""t"":""君のことが大大大大大好きな１００人の彼女 番外恋物語 ～ シークレットラブストーリー ～"",""cn"":"""",""ty"":""轻小说"",""y"":2023,""pop"":669},{""t"":""君のことが大大大大大好きな100人の彼女 番外編"",""cn"":"""",""ty"":""漫画"",""y"":2021,""pop"":563}]",恋太郎の彼女の一人。 読書が大好きな図書委員。小動物的な愛くるしさを持ち、小柄で物静かながらも頑張り屋。人と喋ることが苦手なため、丸暗記した愛読書のセリフや文章を指差し、相手に読んでもらいながら会話する。,1276,1276,0,299,,https://lain.bgm.tv/pic/crt/l/88/67/132521_crt_24pOU.jpg?r=1774073747,https://lain.bgm.tv/r/400/pic/crt/l/88/67/132521_crt_24pOU.jpg?r=1774073747,https://s4.anilist.co/file/anilistcdn/character/medium/b173761-1FcQvX74KVW7.png|https://s4.anilist.co/file/anilistcdn/character/large/b173761-1FcQvX74KVW7.png,,,https://anilist.co/character/173761,https://bgm.tv/character/132521,,132521
al81753,anilist,11,1,,名濑美月,名瀬美月,Mitsuki Nase,,女,AB,16-17,动画|漫画,动画,境界の彼方,境界的彼方,2013,动画,"[{""t"":""境界の彼方"",""cn"":""境界的彼方"",""ty"":""动画"",""y"":2013,""pop"":279933},{""t"":""劇場版 境界の彼方 I'LL BE HERE 未来篇"",""cn"":"""",""ty"":""动画"",""y"":2015,""pop"":69022},{""t"":""劇場版 境界の彼方 I'LL BE HERE 過去篇"",""cn"":"""",""ty"":""动画"",""y"":2015,""pop"":41102},{""t"":""境界の彼方＃0 東雲"",""cn"":"""",""ty"":""动画"",""y"":2014,""pop"":38118},{""t"":""境界の彼方 ミニ劇場"",""cn"":"""",""ty"":""动画"",""y"":2014,""pop"":14333},{""t"":""きょうかいのかなた アイドル裁判！～迷いながらも君を裁く民～"",""cn"":""境界的彼方 偶像裁判 ～即使迷茫也要制裁之民～"",""ty"":""动画"",""y"":2013,""pop"":9141}]",高中2年级。作为异界士中名门望族的名濑家次女，身负监视秋人的任务，实际上却十分担心秋人。可以为秋人切腹的朋友。 平时是重度S的言行，但也有担心大家的女生的一面。 文艺部部长。与会长博臣是兄妹。,952,952,0,289,,https://lain.bgm.tv/pic/crt/l/99/aa/20893_crt_tXtAe.jpg?r=1611926750,https://lain.bgm.tv/r/400/pic/crt/l/99/aa/20893_crt_tXtAe.jpg?r=1611926750,https://s4.anilist.co/file/anilistcdn/character/medium/b81753-lsPYVQvvD1TZ.png|https://s4.anilist.co/file/anilistcdn/character/large/b81753-lsPYVQvvD1TZ.png,,,https://anilist.co/character/81753,https://bgm.tv/character/20893,,20893
bgm-bgm381,vndb,11,1,,伊丝塔,イシュタル,Ishtar,,女,O,,Galgame,Galgame,I/O,,2006,Galgame,"[{""t"":""I/O"",""cn"":"""",""ty"":""Galgame"",""y"":2006,""pop"":941},{""t"":""I/O"",""cn"":"""",""ty"":""Galgame"",""y"":2006,""pop"":0}]",B线： 骇客团队《CRIMINAL》的首领。 很会关照人，有人望。具有相当高的领袖人物的超凡魅力。 兼具纯洁与妖艳、少女的天真无邪与母亲的包容力的不可思议的女性。 料理水平则是「差劲」到了天才一般的地步。 Tarot：XI JUSTICE（11：正義） C线： 纯洁与妖媚，少女的天真与母亲的包容力并存的不可思议的女性。 与另一个Ishtar比起来，给人有些冰冷的印象。 她在寻找着某些重要的[东西]。 和那个Ishtar是否同一人物还不明。,941,0,941,23,,https://lain.bgm.tv/pic/crt/l/00/ec/381_5J09W.jpg,https://lain.bgm.tv/r/400/pic/crt/l/00/ec/381_5J09W.jpg,https://t.vndb.org/ch/89/16389.jpg|https://t.vndb.org/ch/19/16419.jpg,,Black Brown Slim Pale Trousers Amnesia Young-adult Earrings Jacket Boots,,https://bgm.tv/character/381,https://vndb.org/c1166,381
vndb-c61092,vndb,11,1,,,世永 泰然,Yonaga Taizen,,男,AB,,Galgame,Galgame,神頼みしすぎて俺の未来がヤバい。,,2017,Galgame,,"Hajime's roommate, as well as his and Mao's childhood friend.",920,0,920,0,,https://t.vndb.org/ch/71/73871.jpg,https://t.vndb.org/ch/71/73871.jpg,,#3b4970 #925870 #af9fa6 #f4f2ec #dad5d8 #ffffff,Teen Slim Pale School Uniform Red Jacket Necklace Cardigan Vest Friendly,,,https://vndb.org/c61092,
al46011,anilist,11,1,,星空凛,星空凛,Rin Hoshizora,凛、凛酱、凛ちゃん、凛喵,女,A,15,动画|游戏,动画,ラブライブ! School idol project,,2013,动画,"[{""t"":""ラブライブ! School idol project"",""cn"":"""",""ty"":""动画"",""y"":2013,""pop"":113548},{""t"":""ラブライブ! School idol project 2期"",""cn"":"""",""ty"":""动画"",""y"":2014,""pop"":65433},{""t"":""ラブライブ！The School Idol Movie"",""cn"":"""",""ty"":""动画"",""y"":2015,""pop"":40532},{""t"":""ラブライブ! School idol project OVA"",""cn"":"""",""ty"":""动画"",""y"":2013,""pop"":16306},{""t"":""Snow Halation"",""cn"":"""",""ty"":""动画"",""y"":2010,""pop"":8397},{""t"":""僕らのLIVE 君とのLIFE"",""cn"":""我们的LIVE 与你的LIFE"",""ty"":""动画"",""y"":2010,""pop"":6579}]",かけっこと体力には自信がある、星空凛15歳です！ 得意競技はハードルとサッカー、かにゃ？ 背もちっちゃいし、全然美人とかじゃないけど、元気だけはいっぱいあまってます!!だから――この元気をみんなにわけてあげたい いつも出遅れるし、ちょっぴり泣き虫凛だけど、そんな凛を――応援してくれると嬉しいですっ！ おかえしに、凛にできることならなんでもしちゃうから～☆,882,882,0,146,,https://lain.bgm.tv/pic/crt/l/54/e5/14962_crt_0SVAE.jpg?r=1464871311,https://lain.bgm.tv/r/400/pic/crt/l/54/e5/14962_crt_0SVAE.jpg?r=1464871311,https://s4.anilist.co/file/anilistcdn/character/medium/b46011-UNG2CkZtHKLU.png|https://s4.anilist.co/file/anilistcdn/character/large/b46011-UNG2CkZtHKLU.png,,,https://anilist.co/character/46011,https://bgm.tv/character/14962,,14962
bgm-bgm65254,vndb,11,1,,,桜庭 いろは,Sakuraba Iroha,,女,O,,Galgame,Galgame,ケモノ娘の育て方,,2018,Galgame,"[{""t"":""ケモノ娘の育て方"",""cn"":"""",""ty"":""Galgame"",""y"":2018,""pop"":837},{""t"":""ケモノ娘の育て方"",""cn"":""兽娘的抚养方法"",""ty"":""Galgame"",""y"":2018,""pop"":0}]",山の中で拾われてきた謎の少女。獣のような耳と尻尾が生えている。 元々は十年ほど前に山で “神隠し” に遭った人間の女の子らしい。 言葉を操ることを忘れ、知識や常識も○○のままで止まっているが、 基本的にはとても素直で聞き分けがいい「よい子」。,837,0,837,19,1,https://lain.bgm.tv/pic/crt/l/00/14/65254_crt_pVuu3.jpg,https://lain.bgm.tv/r/400/pic/crt/l/00/14/65254_crt_pVuu3.jpg,https://t.vndb.org/ch/17/87517.jpg,,Pink Waist Length+ Straight Teen Slim Pale Doggy Style Blowjob Virgin Sex Green,,https://bgm.tv/character/65254,https://vndb.org/c71998,65254
bgm-bgm13841,vndb,11,1,,冢原响,塚原 響,Tsukahara Hibiki,,女,O,,动画|漫画|Galgame,Galgame,アマガミ,,2009,Galgame,"[{""t"":""アマガミ"",""cn"":"""",""ty"":""Galgame"",""y"":2009,""pop"":775},{""t"":""アマガミ ちょっとおまけ劇場"",""cn"":"""",""ty"":""Galgame"",""y"":2010,""pop"":38},{""t"":""アマガミGS"",""cn"":"""",""ty"":""Galgame"",""y"":2012,""pop"":26},{""t"":""アマガミ"",""cn"":""圣诞之吻"",""ty"":""Galgame"",""y"":2009,""pop"":0},{""t"":""アマガミ ちょっとおまけ劇場"",""cn"":""圣诞之吻 ～小小惊喜剧场～"",""ty"":""Galgame"",""y"":2012,""pop"":0},{""t"":""アマガミSS"",""cn"":""圣诞之吻SS"",""ty"":""动画"",""y"":2010,""pop"":0}]",クラス：３－Ａ 好きな事：はるかをからかう事、水泳部の後輩達、ウィンドウショッピング 苦手な事：はるかにからかわれる事・料理 その他：水泳部部長で面倒見がよく、後輩にしたわれている,775,0,775,33,,https://lain.bgm.tv/pic/crt/l/72/36/13841_crt_gFTwE.jpg?r=1380649918,https://lain.bgm.tv/r/400/pic/crt/l/72/36/13841_crt_gFTwE.jpg?r=1380649918,https://t.vndb.org/ch/04/9304.jpg,,Black Ponytail Shoulder-length Teen Slim Pale School Uniform Black Gloves Skirt,,https://bgm.tv/character/13841,https://vndb.org/c8753,13841
bgm-bgm57866,vndb,11,1,,,御嵩 依子,Mitake Yoriko,,女,B,,Galgame,Galgame,ももいろクローゼット,,2018,Galgame,"[{""t"":""ももいろクローゼット"",""cn"":"""",""ty"":""Galgame"",""y"":2018,""pop"":767},{""t"":""ももいろクローゼット"",""cn"":"""",""ty"":""Galgame"",""y"":2018,""pop"":0}]",生徒会長（アリス）の親友＆生徒会メンバー。生徒会副会長。 アリスのことを度を超えて尊敬しており、ちょっと重い。 普段はアリスにべったりだが、生徒会の仕事では超優秀。 男性は怖いから苦手で、生徒会の仕事以外では積極的に関わろうとしない。 最近アリスと仲よくなった主人公のことを少し怪しんでいる。 わりと駄目な感じのスタンガンを愛用している。,767,0,767,0,,https://lain.bgm.tv/pic/crt/l/1e/68/57866_crt_zo255.jpg,https://lain.bgm.tv/r/400/pic/crt/l/1e/68/57866_crt_zo255.jpg,https://t.vndb.org/ch/99/77399.jpg,,Brown Bob Cut Short Straight Teen Slim Pale School Uniform Sweater Violet,,https://bgm.tv/character/57866,https://vndb.org/c64338,57866
bgm-bgm17923,vndb,11,1,,加贺见一月,加賀見 一月,Kagami Itsuki,,男,O,,Galgame,Galgame,NORN9 ~ノルン+ノネット~,,2013,Galgame,"[{""t"":""NORN9 ~ノルン+ノネット~"",""cn"":"""",""ty"":""Galgame"",""y"":2013,""pop"":714},{""t"":""Norn9 ~Norn + Nonette~ Last Era"",""cn"":"""",""ty"":""Galgame"",""y"":2015,""pop"":109},{""t"":""ノルン＋ノネット アクト チューン"",""cn"":"""",""ty"":""Galgame"",""y"":2016,""pop"":21},{""t"":""ノルン+ノネット ラスト イーラ"",""cn"":""命运九重奏 LAST ERA"",""ty"":""Galgame"",""y"":2015,""pop"":0},{""t"":""NORN9 ノルン＋ノネット"",""cn"":""命运九重奏"",""ty"":""Galgame"",""y"":2013,""pop"":0},{""t"":""NORN9 ~ノルン+ノネット~ VAR COMMONS"",""cn"":""命运九重奏"",""ty"":""Galgame"",""y"":2014,""pop"":0}]",黑色长发以盘成发髻以发钗固定，配有棕色眼瞳。 轻佻的花花公子。持有独特魅力，有些人却认为这是弊病。 不断吹牛与开玩笑，不表达真实的感受。常常调戏深琴。 跟平士和七海关系不错，时常在一块。 即使非自愿喝酒，醉后也并无任何变化。 能力是‘梦见’，承继姐姐的能力。 只要跟平士的心灵感应的能力相通后，会有多人‘梦见’的可能。 恋愛テーマ：やさしい檻,714,0,714,9,,https://lain.bgm.tv/pic/crt/l/66/bf/17923_crt_f44xx.jpg,https://lain.bgm.tv/r/400/pic/crt/l/66/bf/17923_crt_f44xx.jpg,https://t.vndb.org/ch/05/36505.jpg,,Black Violet Curtained Shoulder-length Brown Slim Pale Uniform Trousers Young-adult,,https://bgm.tv/character/17923,https://vndb.org/c30370,17923
bgm-bgm43012,vndb,11,1,,香月素子,香月 モトコ,Kouzuki Motoko,,女,,,动画|Galgame,Galgame,君が望む永遠,你所期望的永远,2001,Galgame,"[{""t"":""君が望む永遠"",""cn"":""你所期望的永远"",""ty"":""Galgame"",""y"":2001,""pop"":680},{""t"":""君が望む永遠 ～special FanDisk～"",""cn"":"""",""ty"":""Galgame"",""y"":2004,""pop"":78},{""t"":""アカネマニアックス～流れ星伝説剛田～"",""cn"":"""",""ty"":""Galgame"",""y"":2002,""pop"":52},{""t"":""君が望む永遠"",""cn"":""你所期望的永远"",""ty"":""Galgame"",""y"":2001,""pop"":0},{""t"":""君が望む永遠 ～Latest Edition～"",""cn"":""你所期望的永远 ～Latest Edition～"",""ty"":""Galgame"",""y"":2008,""pop"":0},{""t"":""君が望む永遠〜Rumbling hearts〜"",""cn"":""你所期望的永远〜Rumbling hearts〜"",""ty"":""Galgame"",""y"":2003,""pop"":0}]",榉町镇医院女医生，亦是凉宫遥的主治医生。性格爽朗：对大大小小的事件抱着不介意的性格，亦是孝之其中一位倾诉的对象。,680,0,680,10,,https://lain.bgm.tv/pic/crt/l/9a/4d/43012_crt_N67R7.jpg,https://lain.bgm.tv/r/400/pic/crt/l/9a/4d/43012_crt_N67R7.jpg,https://t.vndb.org/ch/23/113823.jpg,,Violet Red Full Sister Medical Doctor Smart Older Sister Sly Cigarette Watashi,,https://bgm.tv/character/43012,https://vndb.org/c94346,43012
al154755,anilist,11,1,,绀,紺,Kon,,女,,14,动画|漫画,动画,怪物事変,怪物事变,2021,动画,"[{""t"":""怪物事変"",""cn"":""怪物事变"",""ty"":""动画"",""y"":2021,""pop"":126730},{""t"":""怪物事変"",""cn"":""怪物事变"",""ty"":""漫画"",""y"":2016,""pop"":18657},{""t"":""怪物事変"",""cn"":""怪物事变"",""ty"":""动画"",""y"":2021,""pop"":0},{""t"":""怪物事変"",""cn"":""怪物事变"",""ty"":""漫画"",""y"":2017,""pop"":0},{""t"":""舞台『怪物事変』東京編"",""cn"":""舞台剧 怪物事变 东京篇"",""ty"":""其他"",""y"":2026,""pop"":0}]",飯生を母のように思う狐の少女。飯生を盲目的に慕っている。,673,673,0,58,,https://lain.bgm.tv/pic/crt/l/62/e6/81023_crt_10b08.jpg?r=1607995009,https://lain.bgm.tv/r/400/pic/crt/l/62/e6/81023_crt_10b08.jpg?r=1607995009,https://s4.anilist.co/file/anilistcdn/character/medium/b154755-ffZEEdfYjOgv.png|https://s4.anilist.co/file/anilistcdn/character/large/b154755-ffZEEdfYjOgv.png,,,https://anilist.co/character/154755,https://bgm.tv/character/81023,,81023
bgm-bgm11239,vndb,11,1,,神乐雏田,神楽 ひなた,Kagura Hinata,神乐日向,女,A,,动画|Galgame,Galgame,H2O -FOOTPRINTS IN THE SAND-,H2O 赤砂的印记,2006,Galgame,"[{""t"":""H2O -FOOTPRINTS IN THE SAND-"",""cn"":""H2O 赤砂的印记"",""ty"":""Galgame"",""y"":2006,""pop"":639},{""t"":""√ after and another"",""cn"":"""",""ty"":""Galgame"",""y"":2007,""pop"":253},{""t"":""√after and another"",""cn"":"""",""ty"":""Galgame"",""y"":2007,""pop"":0},{""t"":""H2O ～FOOTPRINTS IN THE SAND～"",""cn"":"""",""ty"":""Galgame"",""y"":2006,""pop"":0},{""t"":""H2O -FOOTPRINTS IN THE SAND-"",""cn"":""H2O 赤砂的印记"",""ty"":""动画"",""y"":2008,""pop"":0}]",琢磨のクラスの学級委員長。 家柄が良いが、そのことを自慢したりはしない友達の多い女の子。 目の見えない彼を嫌がることなく、色々と世話をやいてくれる。,639,0,639,15,,https://lain.bgm.tv/pic/crt/l/70/3a/11239_crt_z75xC.jpg,https://lain.bgm.tv/r/400/pic/crt/l/70/3a/11239_crt_z75xC.jpg,https://t.vndb.org/ch/50/44450.jpg,,Blond Long Wavy Teen Slim Pale School Uniform Cowgirl Blowjob Sixty-nine,,https://bgm.tv/character/11239,https://vndb.org/c36822,11239
al281251,anilist,11,1,,谷悠介,谷悠介,Yuusuke Tani,,男,,16-18,动画|漫画|轻小说,动画,正反対な君と僕,相反的你和我,2026,动画,"[{""t"":""正反対な君と僕"",""cn"":""相反的你和我"",""ty"":""动画"",""y"":2026,""pop"":123340},{""t"":""正反対な君と僕 第2期"",""cn"":""相反的你和我 第二季"",""ty"":""动画"",""y"":2026,""pop"":59340},{""t"":""正反対な君と僕"",""cn"":""相反的你和我"",""ty"":""漫画"",""y"":2022,""pop"":21004},{""t"":""ラーメン赤猫"",""cn"":"""",""ty"":""漫画"",""y"":2022,""pop"":1288},{""t"":""正反対な君と僕"",""cn"":""相反的你和我"",""ty"":""漫画"",""y"":2021,""pop"":841},{""t"":""正反対な君と僕 サニー&レイニー"",""cn"":"""",""ty"":""轻小说"",""y"":2023,""pop"":225}]",物静かだけど自分の意見をはっきり言える男子。 いつも軽いノリで話しかけてくる鈴木に対して、素っ気なくも思える返答を繰り返していたのだが……。,458,458,0,30,,https://lain.bgm.tv/pic/crt/l/44/1c/166838_crt_9jj4H.jpg?r=1741015358,https://lain.bgm.tv/r/400/pic/crt/l/44/1c/166838_crt_9jj4H.jpg?r=1741015358,https://s4.anilist.co/file/anilistcdn/character/medium/b281251-fpCKCGSQH6Rv.png|https://s4.anilist.co/file/anilistcdn/character/large/b281251-fpCKCGSQH6Rv.png,,,https://anilist.co/character/281251,https://bgm.tv/character/166838,,166838
bgm-bgm63499,vndb,11,1,,狗驹悠季,狗駒 悠希,Ikoma Yuuki,Night Mare / ユーキ,女,B,,动画|Galgame,Galgame,グリザイア ファントムトリガー Vol. 5,,2018,Galgame,"[{""t"":""グリザイア ファントムトリガー Vol. 5"",""cn"":"""",""ty"":""Galgame"",""y"":2018,""pop"":445},{""t"":""グリザイア ファントムトリガー Vol. 6"",""cn"":"""",""ty"":""Galgame"",""y"":2019,""pop"":369},{""t"":""グリザイア ファントムトリガー Vol. 7"",""cn"":"""",""ty"":""Galgame"",""y"":2020,""pop"":291},{""t"":""グリザイア ファントムトリガー Vol. 8"",""cn"":"""",""ty"":""Galgame"",""y"":2022,""pop"":228},{""t"":""グリザイア クロノスリベリオン"",""cn"":"""",""ty"":""Galgame"",""y"":2023,""pop"":107},{""t"":""グリザイア：ファントムトリガー 第8巻"",""cn"":""灰色幻影扳机 第8卷"",""ty"":""Galgame"",""y"":2022,""pop"":0}]",ニンジャ。 狗駒邑沙季の姉。海外での長期任務を終了させ、美浜へと帰ってきた。 ニンジャランクはムラサキと同じ「ニンジャ・マスター」。 男女問わず友人は多いが、親友と呼べる人物はいない模様。 性格は明るく軽めで悪戯好き、遊び人風の言動が目立つ。 好きな男性には積極的に好意を口にし感情を隠そうともしないために周囲からはビッチと認識されているが、 実際は本来の性質を隠すためである。 使用する武器は、ブルガリアン・マカロフ（サプレッサー付き）とクリンコフ（ＡＫＳ－７４Ｕ）。,445,0,445,6,,https://lain.bgm.tv/pic/crt/l/0d/c8/63499_crt_COHOh.jpg?r=1594204642,https://lain.bgm.tv/r/400/pic/crt/l/0d/c8/63499_crt_COHOh.jpg?r=1594204642,https://t.vndb.org/ch/21/86621.jpg,,Violet Ahoge Waist Length+ Pale School Uniform Orphan Fighting Young-adult Handgun Carefree,,https://bgm.tv/character/63499,https://vndb.org/c71600,63499
bgm-bgm198022,bangumi,11,1,,森亚露露卡/奥秘·暗影天使,森亜るるか／キュアアルカナ・シャドウ,Cure Arcana Shadow,森亚琉琉歌 / 森亚琉琉歌,其他,,,动画,动画,名探偵プリキュア！,名侦探光之美少女！,2026,动画,"[{""t"":""名探偵プリキュア！"",""cn"":""名侦探光之美少女！"",""ty"":""动画"",""y"":2026,""pop"":0},{""t"":""映画名探偵プリキュア！不思議な庭と2人の秘密"",""cn"":""电影名侦探光之美少女！不可思议的庭院与两人的秘密"",""ty"":""动画"",""y"":2026,""pop"":0}]",一度以「幻影怪盗团」的身份活动，但在察觉到「想和来爱在一起」的真实想法后，作为名侦探光之美少女回到了Cure侦探事务所。 个性随性、不受拘束，话不多，其实内心充满热情。 最喜欢吃冰淇淋。 生日是「11月1日」。 变身为奥秘天使！「照亮真相的洁白之光，名侦探奥秘天使！」,409,0,0,409,,https://lain.bgm.tv/pic/crt/l/ae/3b/198022_crt_8Sz8a.jpg,https://lain.bgm.tv/r/400/pic/crt/l/ae/3b/198022_crt_8Sz8a.jpg,https://lain.bgm.tv/r/400/pic/crt/l/3c/ef/221966_crt_1geEf.jpg|https://lain.bgm.tv/pic/crt/l/3c/ef/221966_crt_1geEf.jpg,,,,https://bgm.tv/character/198022,,198022
bgm-bgm151460,vndb,11,1,,,黒瀬 悠真,Kurose Yuuma,,男,A,,Galgame,Galgame,出会って5分は俺のもの！ 時間停止と不可避な運命,5分钟的邂逅！时间停止与不可避免的命运！,2018,Galgame,"[{""t"":""出会って5分は俺のもの！ 時間停止と不可避な運命"",""cn"":""5分钟的邂逅！时间停止与不可避免的命运！"",""ty"":""Galgame"",""y"":2018,""pop"":389},{""t"":""出会って5分は俺のもの！ 時間停止と不可避な運命"",""cn"":""5分钟的邂逅！时间停止与不可避免的命运！"",""ty"":""Galgame"",""y"":2018,""pop"":0}]",,389,0,389,0,,https://lain.bgm.tv/pic/crt/l/f3/c8/151460_crt_8Hmms.jpg,https://lain.bgm.tv/r/400/pic/crt/l/f3/c8/151460_crt_8Hmms.jpg,https://t.vndb.org/ch/97/117597.jpg,,Black Ahoge Short Straight Teen Slim Pale School Uniform Trousers Amnesia,,https://bgm.tv/character/151460,https://vndb.org/c72521,151460
al2089,anilist,11,1,1978,芹泽蕾拉,芹澤レイラ,Layla Serizawa,Reira,女,AB,,动画|漫画|Galgame,动画,NANA-ナナ-,NANA ～世上的另一个我～,2006,动画,"[{""t"":""NANA-ナナ-"",""cn"":""NANA ～世上的另一个我～"",""ty"":""动画"",""y"":2006,""pop"":207770},{""t"":""NANA"",""cn"":"""",""ty"":""漫画"",""y"":2000,""pop"":58434},{""t"":""NANA -ナナ-"",""cn"":""NANA ～世上的另一个我～"",""ty"":""Galgame"",""y"":2005,""pop"":0},{""t"":""NANA すべては大魔王のお導き！？"",""cn"":""娜娜 一切都是大魔王的指引!?"",""ty"":""Galgame"",""y"":2006,""pop"":0},{""t"":""NANA－ナナ－"",""cn"":""娜娜"",""ty"":""动画"",""y"":2006,""pop"":0},{""t"":""NANA -ナナ-"",""cn"":""NANA ～世上的另一个我～"",""ty"":""漫画"",""y"":1999,""pop"":0}]",アニメでの声優：平野綾/アニメでの歌唱役：OLIVIA トラネスのボーカリストで、作詞担当でもある。高校時代、ヤスと付き合っていた。日本人離れした美貌と抜群の歌唱力で、舞台上では高嶺の花といった感じだが、実際の印象はかなり異なり、子供っぽい天然キャラ。実は父親がアメリカ人（彼女が6歳の時に死去）・母親が日本人のハーフだが、事務所のイメージ戦略の為に隠しており、公表しているプロフィール上では綴りを本名のLaylaではなくReiraと綴る。,386,386,0,21,,https://lain.bgm.tv/pic/crt/l/3b/f2/16929_crt_LG6oP.jpg,https://lain.bgm.tv/r/400/pic/crt/l/3b/f2/16929_crt_LG6oP.jpg,https://s4.anilist.co/file/anilistcdn/character/medium/b2089-zofXDvhPOO2U.jpg|https://s4.anilist.co/file/anilistcdn/character/large/b2089-zofXDvhPOO2U.jpg,,,https://anilist.co/character/2089,https://bgm.tv/character/16929,,16929
vndb-c64863,vndb,11,1,,,,Graves Serling,,男,,,Galgame,Galgame,Hustle Cat,,2016,Galgame,,"Your odd-eyed boss Graves seems like he’d be more suited to running a vampire RPG than a cat cafe. He’s got a strange tendency to quote Edgar Allen Poe, a dark past, and a mysterious motivation to protect A Cat’s Paw, and you.",348,0,348,0,,https://t.vndb.org/ch/91/77991.jpg,https://t.vndb.org/ch/91/77991.jpg,,#ff53a5 #f4d51e #a57e6b #baafaa #e1dad3 #545153,Black Short Slim Pale Sweater Magician Amber Blue Adult Shirt,,,https://vndb.org/c64863,
bgm-bgm77415,vndb,11,1,,西野佳纯,西野 佳純,Nishino Kasumi,,女,O,,Galgame,Galgame,アインシュタインより愛を込めて,,2020,Galgame,"[{""t"":""アインシュタインより愛を込めて"",""cn"":"""",""ty"":""Galgame"",""y"":2020,""pop"":319},{""t"":""アインシュタインより愛を込めて APOLLOCRISIS"",""cn"":"""",""ty"":""Galgame"",""y"":2021,""pop"":177},{""t"":""アインシュタインより愛を込めて"",""cn"":""爱因斯坦携爱敬上"",""ty"":""Galgame"",""y"":2020,""pop"":0}]",ボクシング部唯一の部員であり、 大学のクラブにまじってトレーニングに明け暮れている。 ある事情により科学特捜部に勧誘することとなる。 周太とは正反対の、快活で社交的な少女。 理屈屋な周太を当初心良くは思わない。 勉強は苦手。食べるの大好き。好物は牛丼。,319,0,319,27,,https://lain.bgm.tv/pic/crt/l/06/fe/77415_crt_XE0FB.jpg?r=1591957473,https://lain.bgm.tv/r/400/pic/crt/l/06/fe/77415_crt_XE0FB.jpg?r=1591957473,https://t.vndb.org/ch/63/121363.jpg,,Blond Ponytail Waist Length+ Wavy Teen Pale Cowgirl Standing Sex Blowjob Virgin Sex,,https://bgm.tv/character/77415,https://vndb.org/c90807,77415
al74361,anilist,11,1,,修多罗千手丸,修多羅千手丸,Senjumaru Shutara,Guardian of Weaving / Great Weaver / 大织守,女,,,动画|漫画,动画,BLEACH 千年血戦篇,死神 千年血战篇,2022,动画,"[{""t"":""BLEACH 千年血戦篇"",""cn"":""死神 千年血战篇"",""ty"":""动画"",""y"":2022,""pop"":207081},{""t"":""BLEACH 千年血戦篇-訣別譚-"",""cn"":""死神 千年血战篇-诀别谭-"",""ty"":""动画"",""y"":2023,""pop"":143301},{""t"":""BLEACH"",""cn"":""死神"",""ty"":""漫画"",""y"":2001,""pop"":121044},{""t"":""BLEACH 千年血戦篇-相剋譚-"",""cn"":""死神 千年血战篇-相克谭-"",""ty"":""动画"",""y"":2024,""pop"":117708},{""t"":""BLEACH 千年血戦篇"",""cn"":""死神 千年血战篇"",""ty"":""动画"",""y"":2022,""pop"":0},{""t"":""BLEACH 千年血戦篇-訣別譚-"",""cn"":""死神 千年血战篇-诀别谭-"",""ty"":""动画"",""y"":2023,""pop"":0}]",王属特务・零番队第四官“北方神将”，称号“大织守”。 留着侧分齐浏海的黑色中长发，配戴繁复的金色发饰，披着镶有扣环的白色披挂，容貌标致，肤色苍白，有着六只骷髅手臂的典雅女子。个性从容镇定，说话第一人称为“妾身”，将意图反抗灵王的蓝染惣右介视为“恶之化身”。可借着自身的灵力在地面漂浮，甚至能在不依靠任何工具的情况下，自行解开技术开发局的门锁。每当零番队成员摆出登场阵势的时候，她还会使用其他乐器（包含太鼓、长笛、喇叭、三味线）鼓动现场的气氛[77]。,319,319,0,28,,https://lain.bgm.tv/pic/crt/l/bb/6e/103872_crt_81E1O.jpg,https://lain.bgm.tv/r/400/pic/crt/l/bb/6e/103872_crt_81E1O.jpg,https://s4.anilist.co/file/anilistcdn/character/medium/b74361-xZVDAsxJmXJY.png|https://s4.anilist.co/file/anilistcdn/character/large/b74361-xZVDAsxJmXJY.png,,,https://anilist.co/character/74361,https://bgm.tv/character/103872,,103872
vndb-c63571,vndb,11,1,,西芭,シバ,Shiba,,男,O,,Galgame,Galgame,EPHEMERAL -エフェメラル-,,2016,Galgame,,不记得西芭是从哪里来的了`是&lt;开启的封印&gt;里就出现了的人物`有人叫她&quot;西芭殿下&quot;的说~是风的精神力者``被绑架到巴比灯塔(地之灯塔)上`点燃灯塔的时候`大地发生崩裂`掉下灯塔`加鲁西亚为救她而一起跳下灯塔``后来成为伙伴一起旅行``,309,0,309,2,,https://lain.bgm.tv/pic/crt/l/2b/a3/269_crt_QH4Hl.jpg,https://lain.bgm.tv/r/400/pic/crt/l/2b/a3/269_crt_QH4Hl.jpg,https://t.vndb.org/ch/09/107409.jpg,,Short Teen School Uniform Hotblooded Amber Violet Earrings Tsundere Ore Low Self-esteem,,https://bgm.tv/character/269,https://vndb.org/c63571,269
bgm-bgm90843,vndb,11,1,,,宇佐美 優奈,Usami Yuuna,,女,A,,Galgame,Galgame,許嫁は妹さま！,,2011,Galgame,"[{""t"":""許嫁は妹さま！"",""cn"":"""",""ty"":""Galgame"",""y"":2011,""pop"":307},{""t"":""許嫁は妹さま"",""cn"":"""",""ty"":""Galgame"",""y"":2012,""pop"":0}]",主人公の実妹。 物心つく頃より兄のことが好きだが、そのことを上手く伝えられないでいる。 いつも兄に対して辛く当たり、辛辣な言葉を浴びせかけることもしばしば。 周囲には兄が好きなことはバレており、主人公だけが気づいていない。と思っている。 兄への独占欲が強く、超がつくほどのブラコン。 「私、兄さんの許婚になります！ はるかに兄さんは渡さない！」,307,0,307,3,,https://lain.bgm.tv/pic/crt/l/90/bc/90843_crt_RJ9nu.jpg,https://lain.bgm.tv/r/400/pic/crt/l/90/bc/90843_crt_RJ9nu.jpg,https://t.vndb.org/ch/47/12247.jpg,,Blue Ahoge Twin Tails Shoulder-length Teen Slim Pale School Uniform Cooking Missionary,,https://bgm.tv/character/90843,https://vndb.org/c10858,90843
al37164,anilist,11,1,,黑咲芽亚,黒咲芽亜,Mea Kurosaki,,女,O,,动画|漫画|Galgame,动画,To LOVEる -とらぶる- ダークネス,出包王女DARKNESS,2012,动画,"[{""t"":""To LOVEる -とらぶる- ダークネス"",""cn"":""出包王女DARKNESS"",""ty"":""动画"",""y"":2012,""pop"":78560},{""t"":""To LOVEる -とらぶる- ダークネス2nd"",""cn"":"""",""ty"":""动画"",""y"":2015,""pop"":59464},{""t"":""To LOVEる -とらぶる- ダークネス"",""cn"":""出包王女DARKNESS"",""ty"":""动画"",""y"":2012,""pop"":30045},{""t"":""To LOVEる -とらぶる- ダークネス2nd"",""cn"":"""",""ty"":""动画"",""y"":2015,""pop"":26258},{""t"":""To LOVEる -とらぶる- Multiplication ~前から後ろから~"",""cn"":"""",""ty"":""动画"",""y"":2017,""pop"":14763},{""t"":""To LOVEる -とらぶる- ダークネス"",""cn"":""出包王女DARKNESS"",""ty"":""漫画"",""y"":2010,""pop"":13661}]",Darkness篇女主角之一。在漫画版‘Darkness’中登场。1年B班、娜娜与茉茉的同班同学。红头发绑辫子的少女。在第二集揭露拥有与小暗相同的变身能力以及这种变身能力是小暗的改良版（能够变成更多和不同的武器，例如光束兵器），称呼小暗为“姊姊”，据“主人”涅墨西斯所说是小暗唯一的亲人，计画抹杀梨斗，目的是为了让小暗恢复杀手的本性。 名字的意义是取自 “Nightmare（噩梦）”（ナイトメア）的メア。,304,304,37,115,,https://lain.bgm.tv/pic/crt/l/be/7b/16789_crt_SFvv8.jpg,https://lain.bgm.tv/r/400/pic/crt/l/be/7b/16789_crt_SFvv8.jpg,https://s4.anilist.co/file/anilistcdn/character/medium/b37164-BAavTJhM1662.png|https://s4.anilist.co/file/anilistcdn/character/large/b37164-BAavTJhM1662.png|https://t.vndb.org/ch/75/51175.jpg,,Ahoge Waist Length+ Teen Slim Pale School Uniform Violet Shorts Pervert Carefree,https://anilist.co/character/37164,https://bgm.tv/character/16789,https://vndb.org/c42590,16789
vndb-c69694,vndb,11,1,,,結月 悠,Yuzuki Yuu,Captain Yuu-chan / Yuu-chan-san / 悠ちゃんさん / 悠ちゃん隊長,女,B,,Galgame,Galgame,ラズベリーキューブ,,2018,Galgame,,,292,0,292,0,,https://t.vndb.org/ch/70/91670.jpg,https://t.vndb.org/ch/70/91670.jpg,,#e9abb2 #fad7cd #6b4e62 #f8eae2 #faf7f6,Blond Waist Length+ Wavy Teen Slim Pale School Uniform Hard Worker Cooking Missionary,,,https://vndb.org/c69694,
al132232,anilist,11,1,,久慈悠,久慈悠,Tooi Kuji,,男,A,14,动画|漫画|轻小说,动画,さらざんまい,皿三昧,2019,动画,"[{""t"":""さらざんまい"",""cn"":""皿三昧"",""ty"":""动画"",""y"":2019,""pop"":51584},{""t"":""さらざんまい"",""cn"":""皿三昧"",""ty"":""漫画"",""y"":2019,""pop"":524},{""t"":""さらざんまい"",""cn"":""皿三昧"",""ty"":""轻小说"",""y"":2019,""pop"":282},{""t"":""アンソロジー みんなでさらざんまい"",""cn"":"""",""ty"":""漫画"",""y"":2020,""pop"":273},{""t"":""さらざんまい"",""cn"":""皿三昧"",""ty"":""动画"",""y"":2019,""pop"":0},{""t"":""さらに「さらざんまい」～愛と欲望のステージ～"",""cn"":"""",""ty"":""其他"",""y"":2019,""pop"":0}]",一稀のクラスに転校してきた少年。悪い噂があり、クラスでも孤立している。,249,249,0,30,,https://lain.bgm.tv/pic/crt/l/c1/a8/66991_crt_DLV7d.jpg?r=1541926942,https://lain.bgm.tv/r/400/pic/crt/l/c1/a8/66991_crt_DLV7d.jpg?r=1541926942,https://s4.anilist.co/file/anilistcdn/character/medium/b132232-3bB5Yv6xDiFa.jpg|https://s4.anilist.co/file/anilistcdn/character/large/b132232-3bB5Yv6xDiFa.jpg,,,https://anilist.co/character/132232,https://bgm.tv/character/66991,,66991
vndb-c127980,vndb,11,1,,马克,马克,Mark Barry,,男,,,Galgame,Galgame,火山的女儿,火山的女儿,2023,Galgame,,可克的弟弟。虽然看起来总是藏在姐姐的阴影下，但绝不是没有主见的小孩。他拥有贯彻自己意志的鉴定毅力。,213,0,213,0,,https://lain.bgm.tv/pic/crt/l/c5/59/1601_4dJI1.jpg,https://lain.bgm.tv/r/400/pic/crt/l/c5/59/1601_4dJI1.jpg,https://t.vndb.org/ch/53/150653.jpg,,Hard Worker Hidden Gauntlet Husband Friend Singing Knight Kind Helmet Spaulders,,https://bgm.tv/character/1601,https://vndb.org/c127980,1601
al71119,anilist,11,1,,,マイク・ザカリアス,Mike Zacharias,Miche,男,,,动画|漫画,动画,進撃の巨人,进击的巨人,2013,动画,"[{""t"":""進撃の巨人"",""cn"":""进击的巨人"",""ty"":""动画"",""y"":2013,""pop"":1053882},{""t"":""進撃の巨人 Season２"",""cn"":"""",""ty"":""动画"",""y"":2017,""pop"":733402},{""t"":""進撃の巨人 The Final Season Part 2"",""cn"":""进击的巨人 最终季 Part.2"",""ty"":""动画"",""y"":2022,""pop"":440419},{""t"":""進撃の巨人 The Final Season完結編 前編"",""cn"":""进击的巨人 最终季 完结篇 前篇"",""ty"":""动画"",""y"":2023,""pop"":249964},{""t"":""進撃の巨人"",""cn"":""进击的巨人"",""ty"":""漫画"",""y"":2009,""pop"":226814},{""t"":""進撃の巨人 外伝 悔いなき選択"",""cn"":"""",""ty"":""动画"",""y"":2014,""pop"":153004}]","Squad Captain of his own squad, Squad Mike, a major division within the Survey Corps. He has been described by others as ""humanity's second strongest soldier"", being only behind [Levi](//anilist.co/character/45627/Levi).",209,209,0,0,,https://s4.anilist.co/file/anilistcdn/character/large/71119.jpg,https://s4.anilist.co/file/anilistcdn/character/medium/71119.jpg,,,,https://anilist.co/character/71119,,,
vndb-c674,vndb,11,1,,,真田 かなた,Sanada Kanata,,女,A,,Galgame,Galgame,未来ノスタルジア,,2011,Galgame,,,201,0,201,0,,https://t.vndb.org/ch/20/121920.jpg,https://t.vndb.org/ch/20/121920.jpg,,#8c686d #463737 #bfa9a7 #f1dbcc #ffffff,Brown Ahoge Short Teen Slim Pale School Uniform Cooking Apron Mini-dress,,,https://vndb.org/c674,
bgm-bgm44256,vndb,11,1,,,凜堂 耶々,Rindou Yaya,,女,,,Galgame,Galgame,春音アリス＊グラム,,2017,Galgame,"[{""t"":""春音アリス＊グラム"",""cn"":"""",""ty"":""Galgame"",""y"":2017,""pop"":187},{""t"":""白恋サクラ＊グラム"",""cn"":"""",""ty"":""Galgame"",""y"":2019,""pop"":74},{""t"":""春音アリス＊グラム"",""cn"":"""",""ty"":""Galgame"",""y"":2017,""pop"":0},{""t"":""白恋サクラ＊グラム"",""cn"":"""",""ty"":""Galgame"",""y"":2019,""pop"":0},{""t"":""春音アリス＊グラムWパッケージ"",""cn"":"""",""ty"":""Galgame"",""y"":2020,""pop"":0}]",成稜学園の厄介者が集められた黄昏部をまとめる部長。 颯太朗の上司的な存在。 理事長の娘でお嬢様だが、口を開けば変わり者で、イタズラ好きな小悪魔タイプ。 何事にも冷静で強い信念を持ち、その発言は冗談めいていても物事の核心を突いていることが多い。 黒を愛しており、黒が好きな人に悪い人はいないと考えている。 また大の負けず嫌いで、挑発や売られたケンカにすぐ乗ってしまうのが玉に瑕。 実は学園随一の頭脳の持ち主で、IQ 184（本人談）。,187,0,187,59,,https://lain.bgm.tv/pic/crt/l/ce/38/44256_crt_9ND6S.jpg,https://lain.bgm.tv/r/400/pic/crt/l/ce/38/44256_crt_9ND6S.jpg,https://t.vndb.org/ch/08/76308.jpg,,Brown Waist Length+ Straight Teen Slim Pale School Uniform Doggy Style Cowgirl Spoons,,https://bgm.tv/character/44256,https://vndb.org/c45190,44256
vndb-c143470,vndb,11,1,,,温季然,Wen Ji Ran,Iris Wen / Ôn Quý Nhiên,女,,,Galgame,Galgame,不恋爱就完蛋了,,2025,Galgame,,"The senior, the president of Student Council, provides protagonist with the internship referral. Outwardly, she appears gentle and kind to others, but she often suppresses a darker side. Few can truly get into her heart.",181,0,181,0,,https://t.vndb.org/ch/03/174103.jpg,https://t.vndb.org/ch/03/174103.jpg,,#4a4e57 #adaab1 #cdcdd2 #e7e3e4 #f6f2f1 #ffffff,Blue Long Proactive Hard Worker Secretive Yandere Pretending Domestic Partner Student Club President Coworker,,,https://vndb.org/c143470,
bgm-bgm40642,vndb,11,1,,,柾 小瑠璃,Masaki Koruri,,女,O,,动画|Galgame,Galgame,ニル・アドミラリの天秤 帝都幻惑綺譚,冷然之天秤 帝都幻惑绮谭,2016,Galgame,"[{""t"":""ニル・アドミラリの天秤 帝都幻惑綺譚"",""cn"":""冷然之天秤 帝都幻惑绮谭"",""ty"":""Galgame"",""y"":2016,""pop"":158},{""t"":""ニル・アドミラリの天秤 クロユリ炎陽譚"",""cn"":""冷然之天秤 黑百合炎阳谭"",""ty"":""Galgame"",""y"":2017,""pop"":58},{""t"":""ニル・アドミラリの天秤 クロユリ炎陽譚"",""cn"":""冷然之天秤 黑百合炎阳谭"",""ty"":""Galgame"",""y"":2017,""pop"":0},{""t"":""ニル・アドミラリの天秤 帝都幻惑綺譚"",""cn"":""冷然之天秤 帝都幻惑绮谭"",""ty"":""Galgame"",""y"":2016,""pop"":0},{""t"":""ニル・アドミラリの天秤"",""cn"":""冷然之天秤"",""ty"":""动画"",""y"":2018,""pop"":0}]",主人公の幼馴染で、女学校時代の先輩。 『帝都新報』の新聞記者見習いとして働くモダン・ガール。 家を出た主人公のことをいろいろと気づかってくれる。,158,0,158,3,,https://lain.bgm.tv/pic/crt/l/6a/96/40642_crt_206zc.jpg?r=1461117568,https://lain.bgm.tv/r/400/pic/crt/l/6a/96/40642_crt_206zc.jpg?r=1461117568,https://t.vndb.org/ch/81/66081.jpg,,Black Short Amber Young-adult Childhood Friend Journalist,,https://bgm.tv/character/40642,https://vndb.org/c55404,40642
vndb-c103278,vndb,11,1,,,アルネ・アルタナータ,Arne Alternata,Arnie,女,A,,Galgame,Galgame,-HAPPY SAIN† SHEOL- ハッピーセイント・シェオル,,2022,Galgame,"[{""t"":""-HAPPY SAIN† SHEOL- ハッピーセイント・シェオル"",""cn"":"""",""ty"":""Galgame"",""y"":2022,""pop"":132},{""t"":""HAPPY SAIN† SHEOL ～亡者少女マヤ～"",""cn"":"""",""ty"":""Galgame"",""y"":2026,""pop"":1}]",正義感溢れる威風堂々な名家の長女。 神殿の皆の憧れであるそんな彼女が 実は現代社会に疎い世間知らずのお嬢ちゃんだなんてことは、 俺と彼女だけの秘密だろう。 CV 松井暁波(ハピマヤ),132,0,132,2,,https://lain.bgm.tv/pic/crt/l/9d/3b/106698_crt_qlQpx.jpg,https://lain.bgm.tv/r/400/pic/crt/l/9d/3b/106698_crt_qlQpx.jpg,https://t.vndb.org/ch/68/158768.jpg,,Black Waist Length+ Straight Slim Pale Magician Blue Young-adult Boots Ignorant,,https://bgm.tv/character/106698,https://vndb.org/c103278,106698
vndb-c154110,vndb,11,1,,,,Solivan Brugmansia,Sol,男,,,Galgame,Galgame,The Kid at the Back,,2024,Galgame,,"The classmate you never noticed sitting at the back of the class. Solivan is not the type to show himself, or make himself known, often staying in the darkest corners of the school and never uttering a single word.",124,0,124,0,,https://t.vndb.org/ch/76/181276.jpg,https://t.vndb.org/ch/76/181276.jpg,,#a0b69f #110f13 #78847b #2b292d #cddac3 #4c4f4d,Student Yandere Reserved Masturbation Nail Polish Violent Sleep Sex Drugging Avoidable Murder Lip Piercing,,,https://vndb.org/c154110,
bgm-bgm26123,bangumi,11,1,,,罗小黑,Luo,小黑,其他,,,动画,动画,罗小黑战记 众生之门篇,罗小黑战记 众生之门篇,2021,动画,"[{""t"":""罗小黑战记 众生之门篇"",""cn"":""罗小黑战记 众生之门篇"",""ty"":""动画"",""y"":2021,""pop"":0},{""t"":""罗小黑战记"",""cn"":""罗小黑战记"",""ty"":""动画"",""y"":2011,""pop"":0},{""t"":""罗小黑战记2"",""cn"":""罗小黑战记2"",""ty"":""动画"",""y"":2025,""pop"":0},{""t"":""罗小黑战记"",""cn"":"""",""ty"":""动画"",""y"":2019,""pop"":0},{""t"":""大理寺日志"",""cn"":"""",""ty"":""动画"",""y"":2020,""pop"":0},{""t"":""大理寺日志 贰"",""cn"":"""",""ty"":""动画"",""y"":2022,""pop"":0}]",一只天真、勇敢而强大的小黑猫。实为猫妖，因盗取老君天明珠而被谛听打回原形。躲入纸箱中避雨误被小白捡回家，取名罗小黑。在罗家安心恢复中。尾巴是身长的两倍，可变成翅膀（到第九集为止，翅膀都只能短暂出现），也可分裂成名为黑咻的有意识体，一般为四个，可以无限分裂，但总体积不变。 能力：空间系-领域；空间系-传送；御灵系-金,112,0,0,112,,https://lain.bgm.tv/pic/crt/l/32/88/26123_crt_8fc86.jpg?r=1752818726,https://lain.bgm.tv/r/400/pic/crt/l/32/88/26123_crt_8fc86.jpg?r=1752818726,,,,,https://bgm.tv/character/26123,,26123
vndb-c926,vndb,11,1,,花见麻里矢,花見 麻里矢,Hanami Mariya,,女,,,Galgame,Galgame,水平線まで何マイル？ - Deep Blue Sky ＆ Pure White Wings -,,2008,Galgame,"[{""t"":""水平線まで何マイル？ - Deep Blue Sky ＆ Pure White Wings -"",""cn"":"""",""ty"":""Galgame"",""y"":2008,""pop"":100},{""t"":""すまいる Cubic! -水平線まで何マイル？アフター＆アナザーストーリーズ-"",""cn"":"""",""ty"":""Galgame"",""y"":2009,""pop"":31}]",宇宙科学会的竞争对手——运动会系“航空部”的部长。 大概因为是四分之一混血种的关系吧，性格方面很是通情达理。 但是对于天空的感情十分炽热。 作为空中运动界的年青女王，在一般人之间的知名度也在急速上升中。,100,0,100,6,,https://lain.bgm.tv/pic/crt/l/b6/1c/11285_crt_Wz7bx.jpg,https://lain.bgm.tv/r/400/pic/crt/l/b6/1c/11285_crt_Wz7bx.jpg,https://t.vndb.org/ch/18/61518.jpg,,White Short Teen Pale School Uniform Doggy Style Cowgirl Blowjob Sixty-nine T-shirt,,https://bgm.tv/character/11285,https://vndb.org/c926,11285
vndb-c11755,vndb,11,1,,,一条 昌和,Ichijou Masakazu,,男,A,,Galgame,Galgame,もっと 姉、ちゃんとしようよっ！,,2010,Galgame,"[{""t"":""もっと 姉、ちゃんとしようよっ！"",""cn"":"""",""ty"":""Galgame"",""y"":2010,""pop"":100},{""t"":""もっと 姉、ちゃんとしようよっ！ アフターストーリー"",""cn"":"""",""ty"":""Galgame"",""y"":2011,""pop"":56}]",走馬の育ての父親で一条家の大黒柱。 本来は飄々として捉えどころのない人物なのだが、 病のせいか気が弱くなっており、見舞った走馬を絶句させた。 いつか元気を取り戻してくれればいいのだが……。,100,0,100,1,,https://lain.bgm.tv/pic/crt/l/0a/ad/44881_crt_K9O5Q.jpg,https://lain.bgm.tv/r/400/pic/crt/l/0a/ad/44881_crt_K9O5Q.jpg,https://t.vndb.org/ch/42/13742.jpg,,Short Moustache Brown Slim Pale Trousers Adult Glasses Shirt Selfish,,https://bgm.tv/character/44881,https://vndb.org/c11755,44881
bgm-bgm56157,vndb,11,1,,小野寺晓乃,小野寺 暁乃,Onodera Akeno,,女,,,Galgame,Galgame,あぶのーまるらば～ず,,2017,Galgame,"[{""t"":""あぶのーまるらば～ず"",""cn"":"""",""ty"":""Galgame"",""y"":2017,""pop"":99},{""t"":""あぶのーまるらば～ず"",""cn"":"""",""ty"":""Galgame"",""y"":2017,""pop"":0}]",好きなもの:主人公の手料理、ルーチンワーク 嫌いなもの:だらしない生活、デジタル機器 趣味:読書(特にSM本) フェチ:緊縛 学園の生徒会長を務める、文武両道、才色兼備な主人公の姉。 他人に厳しく、自分に厳しくをもっとうに主人公に接しているが、実は激甘であり、過去に主人公から受けたお預けに反応してしまい、緊縛趣味を持っている。 隠れて緊縛したまま主人公の前に立つのが大好きで日常的に服の下では身体を縛ったまま。,99,0,99,7,,https://lain.bgm.tv/pic/crt/l/dc/33/56157_crt_G19T1.jpg,https://lain.bgm.tv/r/400/pic/crt/l/dc/33/56157_crt_G19T1.jpg,https://t.vndb.org/ch/96/76896.jpg,,Brown Waist Length+ Virgin Sex Violet Thigh-high Stockings Daughter Student Council President Waitstaff Sexual Masochism Braid,,https://bgm.tv/character/56157,https://vndb.org/c63870,56157
bgm-bgm165371,vndb,11,1,,,風浦 翔馬,Kazaura Shouma,,男,A,,Galgame,Galgame,恋する姉妹の六重奏,恋爱姐妹六重奏,2014,Galgame,"[{""t"":""恋する姉妹の六重奏"",""cn"":""恋爱姐妹六重奏"",""ty"":""Galgame"",""y"":2014,""pop"":98},{""t"":""恋する姉妹の六重奏"",""cn"":""恋爱姐妹六重奏"",""ty"":""Galgame"",""y"":2014,""pop"":0}]",本作の主人公。 一年前に行われた “誰が父親についていくか”ジャンケン に運良く敗北し、母と二人で日本に残ることになった長男。 実の姉妹と離れて一年間の学生生活を送っていたが、突然戻ってきたふたりに挟まれて慌ただしい日々の予感が。,98,0,98,0,,,,,,Blue Short Teen Pale School Uniform Cunnilingus Sixty-nine Virgin Sex Group Sex Hidden,,https://bgm.tv/character/165371,https://vndb.org/c17017,165371
vndb-c7537,vndb,11,1,,,雨宮 環,Amamiya Tamaki,,女,O,,Galgame,Galgame,ほしうた,星歌,2008,Galgame,"[{""t"":""ほしうた"",""cn"":""星歌"",""ty"":""Galgame"",""y"":2008,""pop"":95},{""t"":""ほしうた～Starlight Serenade～"",""cn"":"""",""ty"":""Galgame"",""y"":2009,""pop"":57}]",Tamaki is Kurara's stepmother and Masaki Amamiya's present wife. She used to be an able secretary to Masaki. She married Masaki after Yurika had died. She is not kind to Kurara. [From Wikipedia.],95,0,95,0,,https://t.vndb.org/ch/84/16184.jpg,https://t.vndb.org/ch/84/16184.jpg,,#d4b064 #3d3a27 #dfd3b1 #f7f4d2 #f9f9f9,Blond Curtained Short Brown Slim Pale Young-adult Suit Shirt Wife,,,https://vndb.org/c7537,
bgm-bgm186302,vndb,11,1,,,和泉 芽流,Izumi Meru,,女,,,Galgame,Galgame,クラス全員マヂでゆり？！ ～私達のレズおっぱいは貴女のモノ・女子全員潮吹き計画～,,2013,Galgame,"[{""t"":""クラス全員マヂでゆり？！ ～私達のレズおっぱいは貴女のモノ・女子全員潮吹き計画～"",""cn"":"""",""ty"":""Galgame"",""y"":2013,""pop"":94},{""t"":""クラス全員マヂでゆり?! ～私達のレズおっぱいは貴女のモノ・女子全員潮吹き計画～"",""cn"":"""",""ty"":""Galgame"",""y"":2013,""pop"":0}]",口数が少なく人と馴れ合わない。あまり感情を表に出さないポーカーフェイスなタイプ。 リアクションが薄くて掴みどころがないが、変なところでツボに入って急に笑い出すことも。 ちなみに、会話しないで済むから動物が大好き。 特に犬。 主人公にだけは少し態度が軟化する様子。 どうやら昔かわいがっていた犬に似ているかららしい。 そのため、主人公に昔飼っていた犬の名前を付け、「モモ」と呼ぶ。,94,0,94,0,,https://lain.bgm.tv/pic/crt/l/94/43/186302_crt_bwZoO.jpg,https://lain.bgm.tv/r/400/pic/crt/l/94/43/186302_crt_bwZoO.jpg,https://t.vndb.org/ch/11/14211.jpg,,Blue Twin Tails Waist Length+ Curtained Teen Slim Pale School Uniform Dress Shoes Blue,,https://bgm.tv/character/186302,https://vndb.org/c12071,186302
al73675,anilist,11,1,,犬冈走,犬岡走,Sou Inuoka,,男,,15,动画|漫画,动画,ハイキュー!!,排球少年!!,2014,动画,"[{""t"":""ハイキュー!!"",""cn"":""排球少年!!"",""ty"":""动画"",""y"":2014,""pop"":583268},{""t"":""ハイキュー!! セカンドシーズン"",""cn"":""排球少年 第二季"",""ty"":""动画"",""y"":2015,""pop"":398770},{""t"":""ハイキュー!! 烏野高校 VS 白鳥沢学園高校"",""cn"":""排球少年 乌野高校 VS 白鸟泽学园高校"",""ty"":""动画"",""y"":2016,""pop"":362356},{""t"":""ハイキュー!! TO THE TOP"",""cn"":""排球少年 TO THE TOP"",""ty"":""动画"",""y"":2020,""pop"":293887},{""t"":""ハイキュー!! TO THE TOP 2"",""cn"":"""",""ty"":""动画"",""y"":2020,""pop"":255078},{""t"":""ハイキュー!! 陸 VS 空"",""cn"":""排球少年 陆 VS 空"",""ty"":""动画"",""y"":2020,""pop"":126303}]",音駒高校1年1組。背番号7。ポジションはミドルブロッカー。,88,88,0,2,,https://lain.bgm.tv/pic/crt/l/1c/ad/37022_crt_te56J.jpg?r=1731383876,https://lain.bgm.tv/r/400/pic/crt/l/1c/ad/37022_crt_te56J.jpg?r=1731383876,https://s4.anilist.co/file/anilistcdn/character/medium/n73675-23YnN9WbIVIc.jpg|https://s4.anilist.co/file/anilistcdn/character/large/n73675-23YnN9WbIVIc.jpg,,,https://anilist.co/character/73675,https://bgm.tv/character/37022,,37022
bgm-bgm23505,vndb,11,1,,,エナ,Ena,,女,,,Galgame,Galgame,恋する少女と想いのキセキ～Poupee de souhaits～,,2014,Galgame,"[{""t"":""恋する少女と想いのキセキ～Poupee de souhaits～"",""cn"":"""",""ty"":""Galgame"",""y"":2014,""pop"":81},{""t"":""恋する少女と想いのキセキ"",""cn"":""恋爱少女与思念的奇迹"",""ty"":""Galgame"",""y"":2014,""pop"":0}]",トワと一緒に主人公を訪ねてきたもう一人のドール。 おとなしくマイペースな不思議ちゃんだが、主人公に懐いていて、無口なりに甘えてくる。 ただ、主人公と過去に面識はないらしい。 人形遣いとして必要な技術や知識を主人公に託し、後継者として育て上げるという使命を帯びているそうで、トワはもちろん、人形操りである天音でも知らないような知識の深さを垣間見せることもしばしば。 エナ曰く、「……あるめんにおいては、ししょうみたいなところがある」 とのこと。,81,0,81,17,,https://lain.bgm.tv/pic/crt/l/7c/9a/23505_crt_kaRoA.jpg,https://lain.bgm.tv/r/400/pic/crt/l/7c/9a/23505_crt_kaRoA.jpg,https://t.vndb.org/ch/13/21813.jpg,,Violet Shoulder-length Slim Pale Missionary Doggy Style Cowgirl Blowjob Sixty-nine Virgin Sex,,https://bgm.tv/character/23505,https://vndb.org/c17209,23505
bgm-bgm3526,vndb,11,1,,二见瑛理子,二見 瑛理子,Futami Eriko,Eriko,女,AB,,动画|漫画|Galgame,Galgame,キミキス,,2006,Galgame,"[{""t"":""キミキス"",""cn"":"""",""ty"":""Galgame"",""y"":2006,""pop"":81},{""t"":""キミキス ちょっとまとめ劇場"",""cn"":"""",""ty"":""Galgame"",""y"":2007,""pop"":4},{""t"":""キミキス"",""cn"":""君吻"",""ty"":""Galgame"",""y"":2006,""pop"":0},{""t"":""キミキス pure rouge"",""cn"":""君吻 pure rouge"",""ty"":""动画"",""y"":2007,""pop"":0},{""t"":""キミキス -various heroines-"",""cn"":""君吻 -various heroines-"",""ty"":""漫画"",""y"":"""",""pop"":0}]",２年Ｃ組所属。ＩＱ190以上の、輝日南高校創設以来の天才少女。周囲に奇異な目で見られることが多く、孤独を好む。教師たちの期待も高いが、学校の授業に魅力を見出せず、授業もサボりがちである。,81,0,81,52,,https://lain.bgm.tv/pic/crt/l/0e/4f/3526_crt_anidb.jpg,https://lain.bgm.tv/r/400/pic/crt/l/0e/4f/3526_crt_anidb.jpg,https://t.vndb.org/ch/75/81775.jpg,,Black Long Straight Teen Slim Pale School Uniform Grey Necktie Miniskirt,,https://bgm.tv/character/3526,https://vndb.org/c8733,3526
vndb-c8554,vndb,11,1,,,アルメンドラ,Almendra,Mel / sugimura konoe(杉村近衛),女,AB,,Galgame,Galgame,世界征服彼女,,2010,Galgame,"[{""t"":""世界征服彼女"",""cn"":"""",""ty"":""Galgame"",""y"":2010,""pop"":78},{""t"":""World Wide Love! 世界征服彼女ファンディスク"",""cn"":"""",""ty"":""Galgame"",""y"":2011,""pop"":36}]",,78,0,78,0,,https://t.vndb.org/ch/60/10760.jpg,https://t.vndb.org/ch/60/10760.jpg,,,Short Straight Green Blue Bodyguard Loyal,,,https://vndb.org/c8554,
bgm-bgm55404,vndb,11,1,,,在原 和歌,Arihara Nodoka,Nodocchi / のどっち,女,A,,Galgame,Galgame,閉じたセカイのトリコロニー,,2013,Galgame,"[{""t"":""閉じたセカイのトリコロニー"",""cn"":"""",""ty"":""Galgame"",""y"":2013,""pop"":77},{""t"":""閉じたセカイのトリコロニー"",""cn"":"""",""ty"":""Galgame"",""y"":2013,""pop"":0}]",狭霧ヶ丘学園に転校してきた2年生。 奏のクラスに編入されたが、その初日にクラスメイトの前でいきなり告白するという荒業をやってのけた。 その突拍子のない行動からはあまり想像できないが、“昔から人付き合いはあまり上手じゃなかった” らしい。 本人談である。 だが生来の優しさがその言動から感じられるためか、人に嫌われることはあまりないようだ。 心を許せる相手とは深い友情を結ぶタイプでもある。 また、自分が決めたことに対しては迷わずに突き進む心の強さも持っている。,77,0,77,7,,https://lain.bgm.tv/pic/crt/l/ec/80/55404_crt_4D5QR.jpg,https://lain.bgm.tv/r/400/pic/crt/l/ec/80/55404_crt_4D5QR.jpg,https://t.vndb.org/ch/48/27048.jpg,,Black Long Teen Slim Pale School Uniform Blowjob Virgin Sex Violet Gloves,,https://bgm.tv/character/55404,https://vndb.org/c13646,55404
vndb-c97572,vndb,11,1,,,,Darius Najjar,,男,A,,Galgame,Galgame,Camp Buddy: Scoutmaster Season,,2022,Galgame,,"Darius is a construction foreman who works alongside Lloyd to bring his designs to life. Tall, strong, and a man of few words, Darius can be intimidating to some, but he’s really a softie once you get to know him! [From official site]",73,0,73,0,,https://t.vndb.org/ch/75/118175.jpg,https://t.vndb.org/ch/75/118175.jpg,,#eb9435 #204802 #8c6346 #631511 #dfbbb5 #291715,Red Short Red Adult Muscular Dark Boyfriend Not a Virgin Tsurime Spiky,,,https://vndb.org/c97572,
bgm-bgm100735,bangumi,11,1,,国见玉,國見タマ,Kunimi Tama,,其他,,,Galgame,Galgame,ヘブンバーンズレッド,炽焰天穹,2022,Galgame,"[{""t"":""ヘブンバーンズレッド"",""cn"":""炽焰天穹"",""ty"":""Galgame"",""y"":2022,""pop"":0},{""t"":""舞台『ヘブンバーンズレッド』"",""cn"":"""",""ty"":""其他"",""y"":2025,""pop"":0}]",“天下一品” 被作为担当战舰中枢地位的“小女孩舰长”。 来自长崎，生日是11月1日，身高137cm，第一人称用私。 正如所见，看起来就是某战舰的前舰长，曾在鄂霍次克海落败撤退。性格很自然却缺少自觉。爱慕着的总是袒护着她自己的同组的逢川めぐみ。对自己个子矮感到自卑。 こんな見た目で戦艦の元艦長。オホーツク海で敗れ去った。天然ボケな性格だが、自覚はない。いつも庇ってくれる同じ31Aの逢川めぐみを慕っている。背が低いことをコンプレックスに感じている。,69,0,0,69,,https://lain.bgm.tv/pic/crt/l/5b/7b/100735_crt_EScQl.jpg?r=1631455455,https://lain.bgm.tv/r/400/pic/crt/l/5b/7b/100735_crt_EScQl.jpg?r=1631455455,,,,,https://bgm.tv/character/100735,,100735
vndb-c91846,vndb,11,1,,,シュヴァリエ＝ミシェーレ,Chevalier Michel,Chev,男,AB,,Galgame,Galgame,イケメン王子 美女と野獣の最後の恋,,2020,Galgame,,"The prince who will use any means to achieve his goals, even if it stains his coat red with blood. Not many dare to approach this heartless beast, but will you? Can you turn this beast back into a human? ""There is no need for you.",63,0,63,0,,https://t.vndb.org/ch/53/110853.jpg,https://t.vndb.org/ch/53/110853.jpg,,#867b70 #3c3b43 #c5bbae #e3ded4 #f2f4f0 #feffff,Blond Short Straight Pale Trousers Sword Fighting Blue Young-adult Muscular,,,https://vndb.org/c91846,
bgm-bgm62277,vndb,11,1,,,おキヨ,Okiyo,,女,B,,Galgame,Galgame,エロ漫画家さんと貧乏姉妹,,2015,Galgame,"[{""t"":""エロ漫画家さんと貧乏姉妹"",""cn"":"""",""ty"":""Galgame"",""y"":2015,""pop"":63},{""t"":""エロ漫画家さんと貧乏姉妹"",""cn"":"""",""ty"":""Galgame"",""y"":2015,""pop"":0}]",主人公の作品を掲載しているエロ漫画雑誌の編集長で、自ら担当編集も務めている。 自身を 「妾」 と呼び、時代がかった口調で話すミステリアスな和風美少女。 年齢も本名も何もかもが謎だが、とにかく普通の人ではない雰囲気を漂わせている。 自称・ビッチで、誰にでも簡単に股を開く女らしい。 かつて日向荘に住んでいたこともあるとか。 「レディーの歳を詮索するものではないと、習わなんだか？」,63,0,63,6,,https://lain.bgm.tv/pic/crt/l/2a/96/62277_crt_KrueT.jpg,https://lain.bgm.tv/r/400/pic/crt/l/2a/96/62277_crt_KrueT.jpg,https://t.vndb.org/ch/34/89834.jpg,,Black Waist Length+ Teen Slim Pale Cowgirl Standing Sex Blowjob Red Kimono,,https://bgm.tv/character/62277,https://vndb.org/c35733,62277
vndb-c53687,vndb,11,1,,,古橋 旺一郎,Kobashi Ouichirou,,男,B,,Galgame,Galgame,SWEET CLOWN ~午前三時のオカシな道化師~,,2015,Galgame,,"""A nice person wouldn't lock people up in a place like this."" A gloomy man who was invited to the castle. He's arrogant, cold-hearted, and practical. Foreign to the idea of fun, he seems to be bored of everything.",60,0,60,0,,https://t.vndb.org/ch/21/64121.jpg,https://t.vndb.org/ch/21/64121.jpg,,#a95b55 #a8837b #6b526d #3b3449 #d0b3a3 #f2e4d9,Violet Short Teen Green Olive Earrings Stoic Twin Brother Immortal Fur Trim,,,https://vndb.org/c53687,
bgm-bgm38615,vndb,11,1,,,秋海棠 璃火,Shuukaidou Rika,,女,,,Galgame,Galgame,あなたをオトコにしてあげる！,,2016,Galgame,"[{""t"":""あなたをオトコにしてあげる！"",""cn"":"""",""ty"":""Galgame"",""y"":2016,""pop"":60},{""t"":""あなたをオトコにしてあげる！"",""cn"":"""",""ty"":""Galgame"",""y"":2016,""pop"":0}]",2年生。 ロリ巨乳ツンデレお嬢様。 「水曜クラブのメンバーではない」 と言いながら、頻繁に顔を出している。 社長令嬢で、ファッションセンスや身のこなしには優雅さが漂う。 カプコン対策では社交ダンスで橙士郎を鍛えてくれる。 性格はツンツンだが いじられ属性が高く、クラブではしょっちゅう吠え面をかかされている。 「覚えてなさい！ 次に会う時にはぜーったい、わたしのパートナーにしてほしい、って言わせてやるんだからっ!!」,60,0,60,12,,https://lain.bgm.tv/pic/crt/l/ab/32/38615_crt_N43tK.jpg,https://lain.bgm.tv/r/400/pic/crt/l/ab/32/38615_crt_N43tK.jpg,https://t.vndb.org/ch/04/58004.jpg,,Blue Waist Length+ Straight Teen Slim Pale School Uniform Standing Sex Virgin Sex Red,,https://bgm.tv/character/38615,https://vndb.org/c40788,38615
al121001,anilist,11,1,,亚斯明卡·安东年科,ヤスミンカ・アントネンコ,Jasminka Antonenko,,女,,16,动画|漫画,动画,リトルウィッチアカデミア (TV),,2017,动画,"[{""t"":""リトルウィッチアカデミア (TV)"",""cn"":"""",""ty"":""动画"",""y"":2017,""pop"":167097},{""t"":""リトルウィッチアカデミア 魔法仕掛けのパレード"",""cn"":""小魔女学园 魔法游行"",""ty"":""动画"",""y"":2015,""pop"":54917},{""t"":""リトルウィッチアカデミア"",""cn"":""小魔女学园"",""ty"":""漫画"",""y"":2016,""pop"":3744}]",来自俄罗斯的吃货少女。格外喜欢零食与和平。因为上课也吃零食而惹怒老师。,57,57,0,7,,https://lain.bgm.tv/pic/crt/l/69/8e/35192_crt_cAbbb.jpg?r=1492703648,https://lain.bgm.tv/r/400/pic/crt/l/69/8e/35192_crt_cAbbb.jpg?r=1492703648,https://s4.anilist.co/file/anilistcdn/character/medium/b121001-ooKauwzC9rcw.png|https://s4.anilist.co/file/anilistcdn/character/large/b121001-ooKauwzC9rcw.png,,,https://anilist.co/character/121001,https://bgm.tv/character/35192,,35192
vndb-c138329,vndb,11,1,,,綺羅星 月姫,Kiraboshi Runa,,女,,,Galgame,Galgame,きら☆かの,,2024,Galgame,,"""Alright, one step closer to my debut! I'm excited!"" Yuzuru's classmate, a gyaru who is at the top of the school caste. She has gained popularity as a model, affiliated with an agency found by her sister.",56,0,56,0,,https://t.vndb.org/ch/24/162724.jpg,https://t.vndb.org/ch/24/162724.jpg,,#e2aba8 #565f95 #f8edd3 #d7cbda #f2eef4 #ffffff,Blond Waist Length+ Teen Slim Pale School Uniform Missionary Cowgirl Blowjob Sixty-nine,,,https://vndb.org/c138329,
vndb-c83685,vndb,11,1,,,穏月,Shizuki,Shizzy,男,,,Galgame,Galgame,あやかし恋廻り,,2018,Galgame,,"Valet Type of Snow Spirit Signature Can control water and ice. Has icy skin. Rakugo comedy & booze The heat, wasted time This snow spirit Ayakashi has sworn fealty to his master, Toichiro.",52,0,52,0,1,https://t.vndb.org/ch/21/105121.jpg,https://t.vndb.org/ch/21/105121.jpg,,#1d303c #0d1920 #9baeb8 #070d0f #5f6c6f #dfe5eb,Blue Ponytail Long Straight Pale Trousers Hero Fighting Blue Young-adult,,,https://vndb.org/c83685,
al28088,anilist,11,1,,昴,すばる,Subaru,すばる,女,A,22,动画|漫画,动画,会長はメイド様!,会长是女仆大人！,2010,动画,"[{""t"":""会長はメイド様!"",""cn"":""会长是女仆大人！"",""ty"":""动画"",""y"":2010,""pop"":288287},{""t"":""会長はメイド様！"",""cn"":""会长是女仆大人！"",""ty"":""漫画"",""y"":2005,""pop"":36966},{""t"":""会長はメイド様!"",""cn"":""会长是女仆大人！"",""ty"":""动画"",""y"":2010,""pop"":0},{""t"":""会長はメイド様!"",""cn"":""会长是女仆大人！"",""ty"":""漫画"",""y"":2006,""pop"":0},{""t"":""「会長はメイド様!」Maid Latte Songs!"",""cn"":"""",""ty"":""音乐"",""y"":2010,""pop"":0}]",喜欢星星的少女，粉红色头发、天然呆，动作迟钝（来自葵的评价）。驾驶杆代表的车型是力狮,52,52,0,34,,https://lain.bgm.tv/pic/crt/l/9f/46/28524_crt_fSDc6.jpg,https://lain.bgm.tv/r/400/pic/crt/l/9f/46/28524_crt_fSDc6.jpg,https://lain.bgm.tv/r/400/pic/crt/l/b0/c9/29453_crt_8744I.jpg?r=1428630688|https://lain.bgm.tv/pic/crt/l/b0/c9/29453_crt_8744I.jpg?r=1428630688|https://s4.anilist.co/file/anilistcdn/character/medium/b28088-HyLQfsULwIsg.png|https://s4.anilist.co/file/anilistcdn/character/large/b28088-HyLQfsULwIsg.png,,,https://anilist.co/character/28088,https://bgm.tv/character/29453,,29453
bgm-bgm173362,vndb,11,1,,,フルララネル,Furalanelu,,,A,,Galgame,Galgame,DeepOne-領界侵犯-,,2025,Galgame,"[{""t"":""DeepOne-領界侵犯-"",""cn"":"""",""ty"":""Galgame"",""y"":2025,""pop"":43},{""t"":""DeepOne -領界侵犯-"",""cn"":"""",""ty"":""Galgame"",""y"":2025,""pop"":0}]",「貴きに仕える道と書いて貴仕道です。 メイド服は私にとって修道服に同じです」 部隊の副官にして、公私問わず古式ゆかしいメイド服を身に纏う女性。 「貴仕道原則が１つ」という言い回しが口癖で、彼女独特の信条を説いてくる。 隊長である衆逸に対して、信仰のような忠誠心を懐いている。 冷静沈着な才女で、隊の中では一番の常識人。 隊長である衆逸の不在時には、 副官として手を焼く隊員の面々を取りまとめている。 義手型の魔導書《銀色の御手（アガートラーム）》,43,0,43,8,,https://lain.bgm.tv/pic/crt/l/78/f9/173362_crt_41G8N.jpg,https://lain.bgm.tv/r/400/pic/crt/l/78/f9/173362_crt_41G8N.jpg,https://t.vndb.org/ch/82/182282.jpg,,Green Maid Maid's Dress Grey Maid's Headdress,,https://bgm.tv/character/173362,https://vndb.org/c154974,173362
al71123,anilist,11,1,,,ナイル・ドーク,Nile Dok,,,,,动画|漫画,动画,進撃の巨人,进击的巨人,2013,动画,"[{""t"":""進撃の巨人"",""cn"":""进击的巨人"",""ty"":""动画"",""y"":2013,""pop"":1053882},{""t"":""進撃の巨人 Season３"",""cn"":"""",""ty"":""动画"",""y"":2018,""pop"":686190},{""t"":""進撃の巨人 The Final Season"",""cn"":""进击的巨人 最终季"",""ty"":""动画"",""y"":2020,""pop"":642537},{""t"":""進撃の巨人 Season３ Part.2"",""cn"":"""",""ty"":""动画"",""y"":2019,""pop"":610781},{""t"":""進撃の巨人 The Final Season Part 2"",""cn"":""进击的巨人 最终季 Part.2"",""ty"":""动画"",""y"":2022,""pop"":440419},{""t"":""進撃の巨人"",""cn"":""进击的巨人"",""ty"":""漫画"",""y"":2009,""pop"":226814}]",Chief of the Military Police.,42,42,0,0,,https://s4.anilist.co/file/anilistcdn/character/large/b71123-FswK9rrdbR9h.png,https://s4.anilist.co/file/anilistcdn/character/medium/b71123-FswK9rrdbR9h.png,,,,https://anilist.co/character/71123,,,
vndb-c135546,vndb,11,1,,,,Leviathan,The monster that swallows Heaven,男,,,Galgame,Galgame,도대체 나쁜 게 뭐죠?,,2023,Galgame,,"Maybe it is because of agoraphobia or if he is lonely by nature, but he generally likes going inside the coffin he carries around and spending time by himself.",41,0,41,0,,https://t.vndb.org/ch/16/159516.jpg,https://t.vndb.org/ch/16/159516.jpg,,#a59197 #645664 #dcd1cc #393538 #151414 #232222,Brown Mullet Straight Pale Trousers Dress Shoes Proactive Grey Young-adult Suit,,,https://vndb.org/c135546,
vndb-c299,vndb,11,1,,,梶 兵庫,Kaji Hyougo,,男,O,,Galgame,Galgame,エルフオールスターズ脱衣雀3,,2006,Galgame,"[{""t"":""エルフオールスターズ脱衣雀3"",""cn"":"""",""ty"":""Galgame"",""y"":2006,""pop"":39},{""t"":""らいむいろ戦奇譚 ～明治日本、乙女防人ス。～"",""cn"":"""",""ty"":""Galgame"",""y"":2002,""pop"":26},{""t"":""らいむいろ流奇譚Ⅹ ～恋、教ヘテクダサイ。～"",""cn"":"""",""ty"":""Galgame"",""y"":2004,""pop"":17},{""t"":""らいむいろ雀奇譚 ～明治日本、乙女先ヅモス。～"",""cn"":"""",""ty"":""Galgame"",""y"":2003,""pop"":12}]",,39,0,39,0,,https://t.vndb.org/ch/98/132998.jpg,https://t.vndb.org/ch/98/132998.jpg,,#14b0ec #82ddf4 #c1d3e5 #4a5554 #9c9892 #f5f7f9,Black Short Beard Adult Honorable Military Uniform Principal Captain Hosome,,,https://vndb.org/c299,
al312746,anilist,11,1,,阿妮玛莉亚,アニマリア,Animalia,,女,,22,动画|漫画,动画,シャングリラ・フロンティア,,2023,动画,"[{""t"":""シャングリラ・フロンティア"",""cn"":"""",""ty"":""动画"",""y"":2023,""pop"":188183},{""t"":""シャングリラ・フロンティア 2nd season"",""cn"":"""",""ty"":""动画"",""y"":2024,""pop"":113228},{""t"":""シャングリラ・フロンティア〜クソゲーハンター, 神ゲーに挑まんとす〜"",""cn"":"""",""ty"":""漫画"",""y"":2020,""pop"":22507},{""t"":""シャングリラ・フロンティア～クソゲーハンター、神ゲーに挑まんとす～"",""cn"":""香格里拉·弗陇提亚～屎作猎人向神作发起挑战～"",""ty"":""漫画"",""y"":2020,""pop"":0},{""t"":""シャングリラ・フロンティア～クソゲーハンター、神ゲーに挑まんとす～ 2nd Season"",""cn"":""香格里拉边境 第二季"",""ty"":""动画"",""y"":2024,""pop"":0},{""t"":""シャングリラ・フロンティア～クソゲーハンター、神ゲーに挑まんとす～"",""cn"":""香格里拉边境"",""ty"":""动画"",""y"":2023,""pop"":0}]",モンスターの観察・撮影を目的とするクラン「SF-Zoo」のリーダー。モンスターを撮影するためだけに状態異常（デバフ）を極めた呪術師。モンスターへ異常な執着心を見せる。,37,37,0,6,,https://lain.bgm.tv/pic/crt/l/64/5d/136232_crt_4FF0y.jpg?r=1692717523,https://lain.bgm.tv/r/400/pic/crt/l/64/5d/136232_crt_4FF0y.jpg?r=1692717523,https://s4.anilist.co/file/anilistcdn/character/medium/b312746-0oPN8PHs7FQM.png|https://s4.anilist.co/file/anilistcdn/character/large/b312746-0oPN8PHs7FQM.png,,,https://anilist.co/character/312746,https://bgm.tv/character/136232,,136232
vndb-c83220,vndb,11,1,,,桜 えな,Sakura Ena,,女,O,,Galgame,Galgame,イイナリ妻色２～人妻に横恋慕～,,2019,Galgame,,"Seeing people smile, baths, sour Natto, kimchi, pickles The young manager of the ryoutei-ryoukan Sakura En.",34,0,34,0,,https://t.vndb.org/ch/82/101082.jpg,https://t.vndb.org/ch/82/101082.jpg,,#a06771 #dd9d9e #ecccc1 #f9eedd #ffffff,Brown Bun Teen Slim Pale Missionary Green Kimono Friendly Drinking,,,https://vndb.org/c83220,
vndb-c98831,vndb,11,1,,,アニス ハルフォード,Anise Halford,,女,O,,Galgame,Galgame,プリンセス☆シスターズ！～四姉妹は全員あなたの許嫁～,,2021,Galgame,,,33,0,33,0,,https://t.vndb.org/ch/89/119689.jpg,https://t.vndb.org/ch/89/119689.jpg,,#61476d #b49bc1 #d6cbe4 #ede3f0 #f7f6f5 #ffffff,Blue Waist Length+ Teen Slim Pale Violet Pantyhose Princess Hair Flower Body Ribbon,,,https://vndb.org/c98831,
bgm-bgm3429,bangumi,11,1,,露易丝·哈勒维,ルイス・ハレヴィ,Louise Halevy,,其他,O,,动画|漫画,动画,機動戦士ガンダム00,机动战士高达00,2007,动画,"[{""t"":""機動戦士ガンダム00"",""cn"":""机动战士高达00"",""ty"":""动画"",""y"":2007,""pop"":0},{""t"":""機動戦士ガンダム00 セカンドシーズン"",""cn"":""机动战士高达00 第二季"",""ty"":""动画"",""y"":2008,""pop"":0},{""t"":""劇場版 機動戦士ガンダム00 -A wakening of the Trailblazer-"",""cn"":""机动战士高达00 先驱者的觉醒"",""ty"":""动画"",""y"":2010,""pop"":0},{""t"":""機動戦士ガンダム00 in those days"",""cn"":"""",""ty"":""漫画"",""y"":2010,""pop"":0}]",第一季 居住于经济特区东京的海外留学生（原籍隶属于AEU的西班牙），家族拥有庞大之企业，沙慈的女朋友，同为宇宙工程学的学生，性格很任性。 第18话回到西班牙参与哥哥的婚礼，遭座天使高达三型无意义袭击，失去所有亲人（父母及哥哥亦死去）和左手。由于GN粒子破坏了神经系统，因此无法施以再生手术。 第二季 4年后以短发形象示人，左臂装备了义肢，并加入了A-Laws，担任最前线的驾驶员，官阶为准尉，脸上已没有过去那可爱的表情。,28,0,0,28,,https://lain.bgm.tv/pic/crt/l/ca/a2/3429_crt_anidb.jpg,https://lain.bgm.tv/r/400/pic/crt/l/ca/a2/3429_crt_anidb.jpg,,,,,https://bgm.tv/character/3429,,3429
vndb-c112129,vndb,11,1,,,,Ivan Ambrose Rosewood,,男,,,Galgame,Galgame,Dreambound,,2024,Galgame,,"""Well, how about it? Fancy abandoning reality with me?"" A mysterious stranger with the same ability as Noah, Ivan forces his way into Noah's life - for what reason, nobody except him knows... [From Kickstarter]",27,0,27,0,,https://t.vndb.org/ch/63/136863.jpg,https://t.vndb.org/ch/63/136863.jpg,,#ad8f34 #e4cd97 #c2cad7 #707269 #ebeaf1 #353434,Black White Short Pale Orphan Black Tattoo Coat Earrings Shy,,,https://vndb.org/c112129,
al262146,anilist,11,1,,瑞纳图斯·雷沃尔,レナトス・リボル,Renatus Revol,The Immortal Cane,男,O,26,动画|漫画,动画,マッシュル-MASHLE- 神覚者候補選抜試験編,物理魔法使马修 神觉者候补选拔试验篇,2024,动画,"[{""t"":""マッシュル-MASHLE- 神覚者候補選抜試験編"",""cn"":""物理魔法使马修 神觉者候补选拔试验篇"",""ty"":""动画"",""y"":2024,""pop"":182192},{""t"":""マッシュル-MASHLE-"",""cn"":""物理魔法使马修"",""ty"":""漫画"",""y"":2020,""pop"":59820},{""t"":""マッシュル-MASHLE- 神覚者候補選抜試験編"",""cn"":""物理魔法使马修 神觉者候补选拔试验篇"",""ty"":""动画"",""y"":2024,""pop"":0},{""t"":""マッシュル-MASHLE-"",""cn"":""物理魔法使马修"",""ty"":""漫画"",""y"":2020,""pop"":0}]",魔法墓地管理。 不死の神杖の神覚者。,26,26,0,0,,https://lain.bgm.tv/pic/crt/l/29/65/150084_crt_iG5ru.jpg?r=1704625902,https://lain.bgm.tv/r/400/pic/crt/l/29/65/150084_crt_iG5ru.jpg?r=1704625902,https://s4.anilist.co/file/anilistcdn/character/medium/b262146-OFBg195UmJuj.png|https://s4.anilist.co/file/anilistcdn/character/large/b262146-OFBg195UmJuj.png,,,https://anilist.co/character/262146,https://bgm.tv/character/150084,,150084
bgm-bgm36759,bangumi,11,1,,丸藤亮,丸藤亮,Zane Truesdale,地狱凯撒亮 / 凯撒亮,其他,,,动画|漫画|游戏,游戏,遊☆戯☆王デュエルモンスターズGX タッグフォース2,游戏王! 怪兽对决GX 卡片力量2,2007,游戏,"[{""t"":""遊☆戯☆王デュエルモンスターズGX タッグフォース2"",""cn"":""游戏王! 怪兽对决GX 卡片力量2"",""ty"":""游戏"",""y"":2007,""pop"":0},{""t"":""遊☆戯☆王デュエルモンスターズGX"",""cn"":""游戏王－怪兽之决斗GX"",""ty"":""动画"",""y"":2004,""pop"":0},{""t"":""遊☆戯☆王アーク・ファイブ TAG FORCE SPECIAL"",""cn"":""游戏王ARC-V卡片力量SP"",""ty"":""游戏"",""y"":2015,""pop"":0},{""t"":""遊☆戯☆王GX"",""cn"":""游戏王GX"",""ty"":""漫画"",""y"":2006,""pop"":0},{""t"":""遊戯王 デュエルリンクス"",""cn"":""游戏王：决斗链接"",""ty"":""游戏"",""y"":2016,""pop"":0}]",使用卡组：电子龙卡组、暗黑电子卡组 决斗类型：尊重对手；渴望胜利，追求刺激型（成为地狱恺撒后） 主力怪兽：电子终结龙、铠黑龙-电子暗黑龙 丸藤翔的哥哥，原决斗者学院欧贝利斯克克·蓝的学生，电子流继承人，别名凯撒亮，跟天上院吹雪是要好的朋友，实力之强就连学院里的老师也无人能敌!除了爱德·菲尼克斯曾打败过他以外，几乎未曾尝过败绩，与主角十代的毕业对决也只是以平手告终。,25,0,0,25,,https://lain.bgm.tv/pic/crt/l/6a/1b/36759_crt_F2Ciw.jpg?r=1751791644,https://lain.bgm.tv/r/400/pic/crt/l/6a/1b/36759_crt_F2Ciw.jpg?r=1751791644,https://storage.moegirl.org.cn/moegirl/commons/7/71/ZaneTruesdale-DULI.png!/fw/480/watermark/url/L21vZWdpcmwvd2F0ZXJtYXJrLnBuZw==/align/southeast/margin/10x10/opacity/50?v=20220919085136|https://storage.moegirl.org.cn/moegirl/commons/7/71/ZaneTruesdale-DULI.png,,图源:moegirl,,https://bgm.tv/character/36759,,36759
bgm-bgm173115,bangumi,11,1,,艾伦,エレン,,艾莲,其他,,,动画|漫画,动画,父は英雄、母は精霊、娘の私は転生者。,转生后的我成了英雄爸爸和精灵妈妈的女儿,2025,动画,"[{""t"":""父は英雄、母は精霊、娘の私は転生者。"",""cn"":""转生后的我成了英雄爸爸和精灵妈妈的女儿"",""ty"":""动画"",""y"":2025,""pop"":0},{""t"":""父は英雄、母は精霊、娘の私は転生者。"",""cn"":""无敌的我是英雄爸爸和精灵妈妈的女儿"",""ty"":""漫画"",""y"":2019,""pop"":0},{""t"":""父は英雄、母は精霊、娘の私は転生者。"",""cn"":""转生后的我成了英雄爸爸和精灵妈妈的女儿"",""ty"":""漫画"",""y"":2018,""pop"":0}]",物質の化合や、構造配列を好きに変えられるというチートスキルを持つ、元素の精霊の少女。 現世で日本の科学者をしていたが、いつのまにやら転生していた。そのため、つい年齢に見合わない大人びた行動をしてしまい、周りを驚かせてしまう。,24,0,0,24,,https://lain.bgm.tv/pic/crt/l/b3/42/173115_crt_08UGi.jpg,https://lain.bgm.tv/r/400/pic/crt/l/b3/42/173115_crt_08UGi.jpg,,,,,https://bgm.tv/character/173115,,173115
bgm-bgm77746,bangumi,11,1,,埃尔法,あるふぁ,Alpha,α,其他,不明,,动画|Galgame,Galgame,ラピスリライツ ～この世界のアイドルは魔法が使える～,七千兆亿的星空,2021,Galgame,"[{""t"":""ラピスリライツ ～この世界のアイドルは魔法が使える～"",""cn"":""七千兆亿的星空"",""ty"":""Galgame"",""y"":2021,""pop"":0},{""t"":""Lapis Re:LiGHTs ラピスリライツ"",""cn"":""宝石幻想 光芒重现"",""ty"":""动画"",""y"":2020,""pop"":0}]",魔律人形と呼ばれる、魔法仕掛けの機械。エミリアを主として慕っており、彼女のメイドとして学院にやってきた。本人曰く「言語システムに欠陥があるため」やや毒舌。 部活・委員会: 紅茶研究会 趣味: 茶葉集め、グルメ巡り 好きなもの: 紅茶 嫌いなもの: 雨、湿気 家族構成: エミリアと、彼女の親族 特技: 頭髪操作魔法,22,0,0,22,,https://lain.bgm.tv/pic/crt/l/30/da/77746_crt_Zfglp.jpg?r=1597575471,https://lain.bgm.tv/r/400/pic/crt/l/30/da/77746_crt_Zfglp.jpg?r=1597575471,,,,,https://bgm.tv/character/77746,,77746
vndb-c33807,vndb,11,1,,,イクティダール,Ikutidaal,,男,,,Galgame,Galgame,遙かなる時空の中で,,2000,Galgame,,One of Akram's subordinates.,22,0,22,0,,https://t.vndb.org/ch/91/40591.jpg,https://t.vndb.org/ch/91/40591.jpg,,#837e73 #433d3e #a9a6a0 #ffffff,Short Olive Eyepatch Teal Grey Antagonist,,,https://vndb.org/c33807,
bgm-bgm23805,bangumi,11,1,,武藏,武蔵,Musashi,武藏号战列舰 / 黑大帅,其他,,,动画|漫画|游戏,游戏,艦隊これくしょん-艦これ-,舰队Collection,2013,游戏,"[{""t"":""艦隊これくしょん-艦これ-"",""cn"":""舰队Collection"",""ty"":""游戏"",""y"":2013,""pop"":0},{""t"":""碧蓝航线"",""cn"":""碧蓝航线"",""ty"":""游戏"",""y"":2017,""pop"":0},{""t"":""「艦これ」いつかあの海で"",""cn"":""舰队Collection 总有一天，在那片海"",""ty"":""动画"",""y"":2022,""pop"":0},{""t"":""艦隊これくしょん -艦これ- お役立ち! 鎮守府調査隊"",""cn"":""舰队收藏 -舰Colle- 立功！镇守府调查队"",""ty"":""漫画"",""y"":2018,""pop"":0}]",大和型戦艦二番艦、武蔵だ。長崎生まれだ。よろしく頼むぞ。 姉妹艦の大和や信濃と同じく、極秘裏に建造されたのさ。ああ、この主砲を存分に撃ち合いたかったな。今度は頼めるか…ありがたい！ 武藏是第二次世界大战中建造的大日本帝国海军大和级战列舰的二号舰。当时是以武藏为名字。武藏是日本古国名，即日本东海道的武藏国。 1943年2月11日，“武藏”曾一度接替入坞修理的姊妹舰“大和”成为联合舰队旗舰。,22,0,0,22,,https://lain.bgm.tv/pic/crt/l/9d/99/23805_crt_a85Yu.jpg?r=1579413880,https://lain.bgm.tv/r/400/pic/crt/l/9d/99/23805_crt_a85Yu.jpg?r=1579413880,,,,,https://bgm.tv/character/23805,,23805
bgm-bgm34952,bangumi,11,1,,江风,江風,Kawakaze,海風型駆逐艦3番艦 / 改白露型駆逐艦3番艦 / 江风号驱逐舰,其他,,,动画|游戏,游戏,艦隊これくしょん-艦これ-,舰队Collection,2013,游戏,"[{""t"":""艦隊これくしょん-艦これ-"",""cn"":""舰队Collection"",""ty"":""游戏"",""y"":2013,""pop"":0},{""t"":""「艦これ」いつかあの海で"",""cn"":""舰队Collection 总有一天，在那片海"",""ty"":""动画"",""y"":2022,""pop"":0}]",白露型九番艦、改白露型の江風だ。 そうさ、海風の姉貴たちと同じ、マル２計画で建造されたよ。 まー、働いた働いた。ソロモン海は何度も駆け回ったよ。 最期は夜戦さ。敵さんの電探…ありゃー反則さ。 江風（かわかぜ/かはかぜ）は、日本海軍の駆逐艦。一等駆逐艦白露型の9番艦。海風型駆逐艦（改白露型）3番艦である。この名を持つ日本海軍の艦船としては浦風型駆逐艦「江風」、江風型駆逐艦「江風」に続いて3隻目。,21,0,0,21,,https://lain.bgm.tv/pic/crt/l/4b/bb/34952_crt_V0ba6.jpg?r=1581614962,https://lain.bgm.tv/r/400/pic/crt/l/4b/bb/34952_crt_V0ba6.jpg?r=1581614962,,,,,https://bgm.tv/character/34952,,34952
bgm-bgm26550,bangumi,11,1,,凯蒂猫,Hello Kitty,Hello Kitty,堤提猫,其他,A,,动画|游戏|Galgame,Galgame,あんさんぶるスターズ！,偶像梦幻祭,2015,Galgame,"[{""t"":""あんさんぶるスターズ！"",""cn"":""偶像梦幻祭"",""ty"":""Galgame"",""y"":2015,""pop"":0},{""t"":""スーパーマリオメーカー"",""cn"":""超级马力欧创作家"",""ty"":""游戏"",""y"":2015,""pop"":0},{""t"":""Ready Player One"",""cn"":""头号玩家"",""ty"":""其他"",""y"":2018,""pop"":0},{""t"":""ハローキティ りんごの森のファンタジー"",""cn"":"""",""ty"":""动画"",""y"":2006,""pop"":0},{""t"":""大好き!ハローキティ"",""cn"":""最喜欢！凯蒂猫"",""ty"":""动画"",""y"":1993,""pop"":0},{""t"":""あそぼう!! ハローキティ"",""cn"":"""",""ty"":""动画"",""y"":1994,""pop"":0}]",Hello Kitty（日文：ハローキティ；拉丁文：Harōkiti），中文名称为堤提猫或凯蒂猫。动漫界萌星，是日本的三丽鸥公司于1974年所创作的卡通人物。堤提猫的相关商品通常是一只左耳上有红色蝴蝶结的白色小猫形象。刻意忽略嘴巴部分的堤提猫商标自1976年注册以来，现已广为人知。,20,0,0,20,,https://lain.bgm.tv/pic/crt/l/db/c8/26550_crt_BB4vR.jpg,https://lain.bgm.tv/r/400/pic/crt/l/db/c8/26550_crt_BB4vR.jpg,https://storage.moegirl.org.cn/moegirl/commons/d/d4/Hello_Kitty_6969.gif,,图源:moegirl,,https://bgm.tv/character/26550,,26550
bgm-bgm134107,bangumi,11,1,,七神凛,七神リン,Rin Nanagami,七神琳,其他,,,动画|Galgame,Galgame,ブルーアーカイブ -Blue Archive-,蔚蓝档案,2021,Galgame,"[{""t"":""ブルーアーカイブ -Blue Archive-"",""cn"":""蔚蓝档案"",""ty"":""Galgame"",""y"":2021,""pop"":0},{""t"":""ブルーアーカイブ The Animation"",""cn"":""蔚蓝档案 动画版"",""ty"":""动画"",""y"":2024,""pop"":0}]",负责基沃托斯全境行政的联邦理事会首席行政官。 作为失踪的理事会长的代理，正为了应对各种混乱的问题而忙碌着。 冷静透彻的工作态度让很多人害怕，但她本人好像不太在意。 经常以“请求协助”的名义向老师委托任务。 “您一直以来的辛劳奔走我们都看在眼里，老师。”,17,0,0,17,,https://lain.bgm.tv/pic/crt/l/99/5d/134107_crt_9DJpP.jpg,https://lain.bgm.tv/r/400/pic/crt/l/99/5d/134107_crt_9DJpP.jpg,,,,,https://bgm.tv/character/134107,,134107
bgm-bgm175677,bangumi,11,1,,加贺花梨,加賀花梨,Kaga Karin,,其他,,,动画|漫画,动画,ゲーセン少女と異文化交流,与游戏中心的少女异文化交流的故事,2025,动画,"[{""t"":""ゲーセン少女と異文化交流"",""cn"":""与游戏中心的少女异文化交流的故事"",""ty"":""动画"",""y"":2025,""pop"":0},{""t"":""ゲーセン少女と異文化交流"",""cn"":""游乐场少女的异文化交流"",""ty"":""漫画"",""y"":2020,""pop"":0}]",14歳の女の子。リリーたちと同じ学校に通っている。どんなジャンルのゲームも得意で、夢はプロゲーマーになること。,16,0,0,16,,https://lain.bgm.tv/pic/crt/l/fd/af/175677_crt_zPZxU.jpg?r=1746798599,https://lain.bgm.tv/r/400/pic/crt/l/fd/af/175677_crt_zPZxU.jpg?r=1746798599,,,,,https://bgm.tv/character/175677,,175677
bgm-bgm7955,bangumi,11,1,,鬼柳京介,鬼柳京介,Kalin Kessler,,其他,,,动画|漫画|游戏,动画,遊☆戯☆王5D's,游戏王5D's,2008,动画,"[{""t"":""遊☆戯☆王5D's"",""cn"":""游戏王5D's"",""ty"":""动画"",""y"":2008,""pop"":0},{""t"":""遊☆戯☆王アーク・ファイブ TAG FORCE SPECIAL"",""cn"":""游戏王ARC-V卡片力量SP"",""ty"":""游戏"",""y"":2015,""pop"":0},{""t"":""遊☆戯☆王5D's"",""cn"":""游戏王5D's"",""ty"":""漫画"",""y"":2010,""pop"":0},{""t"":""遊戯王 デュエルリンクス"",""cn"":""游戏王：决斗链接"",""ty"":""游戏"",""y"":2016,""pop"":0},{""t"":""遊戯王クロスデュエル"",""cn"":"""",""ty"":""游戏"",""y"":2022,""pop"":0}]",在龙印者们击败冥界之王后从死亡中苏生，但被成为暗印者时期的记忆所带来的后悔与赎罪之念所折磨，寻求着自身的死亡之地。漂流到“冲突镇”后也反复进行着以生死为赌注的决斗。,15,0,0,15,,https://lain.bgm.tv/pic/crt/l/d2/34/7955_crt_J8X87.jpg?r=1749911726,https://lain.bgm.tv/r/400/pic/crt/l/d2/34/7955_crt_J8X87.jpg?r=1749911726,https://storage.moegirl.org.cn/moegirl/commons/f/f5/KalinKessler-DULI.png,,图源:moegirl,,https://bgm.tv/character/7955,,7955
bgm-bgm17430,bangumi,11,1,,丸山纱希,丸山纱希,Maruyama Saki,丸山沙希,其他,AB,,动画,动画,ガールズ＆パンツァー 劇場版,少女与战车 剧场版,2015,动画,"[{""t"":""ガールズ＆パンツァー 劇場版"",""cn"":""少女与战车 剧场版"",""ty"":""动画"",""y"":2015,""pop"":0},{""t"":""ガールズ＆パンツァー 最終章 第4話"",""cn"":""少女与战车 最终章 第4话"",""ty"":""动画"",""y"":2024,""pop"":0},{""t"":""ガールズ＆パンツァー 最終章 第1話"",""cn"":""少女与战车 最终章 第1话"",""ty"":""动画"",""y"":2018,""pop"":0},{""t"":""ガールズ＆パンツァー 最終章 第2話"",""cn"":""少女与战车 最终章 第2话"",""ty"":""动画"",""y"":2020,""pop"":0},{""t"":""ガールズ＆パンツァー"",""cn"":""少女与战车"",""ty"":""动画"",""y"":2012,""pop"":0},{""t"":""ガールズ＆パンツァー 最終章 第3話"",""cn"":""少女与战车 最终章 第3话"",""ty"":""动画"",""y"":2021,""pop"":0}]",,15,0,0,15,,https://lain.bgm.tv/pic/crt/l/3d/6d/17430_crt_iwiM7.jpg,https://lain.bgm.tv/r/400/pic/crt/l/3d/6d/17430_crt_iwiM7.jpg,,,,,https://bgm.tv/character/17430,,17430
bgm-bgm72055,bangumi,11,1,,克利夫兰,克利夫兰,USS Cleveland/Cleveland,克利夫兰号轻巡洋舰 / 克爹/克baba,其他,,,动画|游戏,游戏,碧蓝航线,碧蓝航线,2017,游戏,"[{""t"":""碧蓝航线"",""cn"":""碧蓝航线"",""ty"":""游戏"",""y"":2017,""pop"":0},{""t"":""アズールレーン THE ANIMATION"",""cn"":""碧蓝航线 THE ANIMATION"",""ty"":""动画"",""y"":2019,""pop"":0},{""t"":""アズールレーン クロスウェーブ"",""cn"":""碧蓝航线 交汇的航迹"",""ty"":""游戏"",""y"":2019,""pop"":0},{""t"":""TVアニメーション『アズールレーン』バディキャラクターソングシングル Vol.3 クリーブランド四姉妹"",""cn"":"""",""ty"":""音乐"",""y"":2020,""pop"":0},{""t"":""TVアニメーション『アズールレーン』キャラクターソングシングル Vol.7 クリーブランド"",""cn"":"""",""ty"":""音乐"",""y"":2019,""pop"":0}]",克利夫兰:我是克利夫兰级的大姐头，好吧看名字就知道就是了。 我参加过伦纳尔岛海战，奥古斯塔皇后湾海战等各种战役，获得了13枚战役之星，可是很强的！ 小克利夫兰:我是克利夫兰级的大姐头哦，虽然看名字就看得出来啦！我们这一级虽然是轻巡洋舰，其实可是一点都不输给重巡级的哦，嘿嘿，毕竟我们可是未来的海上骑士嘛，这也是理所当然的！ 克利夫兰(μ兵装):轻巡克利夫兰，在那次大战里和妹妹们….嗯，和妹妹们一起奋战过！现在装备特殊兵装，用歌声的力量战斗！ 角色设定 ユニオン所属の軽巡洋艦。,15,0,0,15,,https://lain.bgm.tv/pic/crt/l/58/e0/72055_crt_9PZMe.jpg,https://lain.bgm.tv/r/400/pic/crt/l/58/e0/72055_crt_9PZMe.jpg,,,,,https://bgm.tv/character/72055,,72055
bgm-bgm30142,bangumi,11,1,,约翰·普莱斯,John Price,,犯人627 / Prisoner #627 / Captain Price / 钱队,其他,,,游戏,游戏,Call of Duty 4: Modern Warfare,使命召唤4：现代战争,2007,游戏,"[{""t"":""Call of Duty 4: Modern Warfare"",""cn"":""使命召唤4：现代战争"",""ty"":""游戏"",""y"":2007,""pop"":0},{""t"":""Call of Duty: Modern Warfare 2"",""cn"":""使命召唤：现代战争2"",""ty"":""游戏"",""y"":2009,""pop"":0},{""t"":""Call of Duty：Modern Warfare 3"",""cn"":""使命召唤：现代战争3"",""ty"":""游戏"",""y"":2011,""pop"":0},{""t"":""Call Of Duty : Ghosts"",""cn"":""使命召唤：幽灵"",""ty"":""游戏"",""y"":2013,""pop"":0},{""t"":""Call of Duty: Modern Warfare II"",""cn"":""使命召唤：现代战争II"",""ty"":""游戏"",""y"":2022,""pop"":0},{""t"":""Call of Duty Online"",""cn"":""使命召唤Online"",""ty"":""游戏"",""y"":2016,""pop"":0}]",约翰·普莱斯是使命召唤(Call of Duty)系列中重要的人物之一，《使命召唤4：现代战争》肥皂的长官，仍保持在前作中奔尼帽的穿戴形象。（在《使命召唤:现代战争(2019)》被换掉了）普莱斯的同名人物在多款IW的《使命召唤》系列游戏中均有登场。 原型真人是SAS1980年伊朗大使馆人质解救行动指挥约翰·麦卡利斯。,13,0,0,13,,https://lain.bgm.tv/pic/crt/l/07/93/30142_crt_xdtx4.jpg,https://lain.bgm.tv/r/400/pic/crt/l/07/93/30142_crt_xdtx4.jpg,https://storage.moegirl.org.cn/moegirl/commons/d/db/%E9%92%B1%E9%98%9F.jpg,,图源:moegirl,,https://bgm.tv/character/30142,,30142
bgm-bgm39596,bangumi,11,1,,粒樱杏子,粒咲あんこ,Tsubuzaki Anko,,其他,B,,动画|游戏,游戏,バトルガール ハイスクール,战斗女子学园,2015,游戏,"[{""t"":""バトルガール ハイスクール"",""cn"":""战斗女子学园"",""ty"":""游戏"",""y"":2015,""pop"":0},{""t"":""アリス・ギア・アイギス"",""cn"":""机战少女 Alice"",""ty"":""游戏"",""y"":2018,""pop"":0},{""t"":""バトルガール ハイスクール"",""cn"":""战斗女子高校"",""ty"":""动画"",""y"":2017,""pop"":0}]",家族間でもメールを使うほど面と向かって人と会話するのが苦手だが、パソコンは得意でプログラミングなどはお手のもの。 実は有名ブロガーでフォロワー数は100万人を超え、更なるフォロワーの獲得を目指して日夜ブログ更新に明け暮れる。 名前はあんこだが小豆が嫌いで、逆に辛いものは大好き。 また、基本的にはインドア派だが、サバゲーが好きという一面も持っている。,13,0,0,13,,https://lain.bgm.tv/pic/crt/l/f6/d3/39596_crt_0Z5yy.jpg,https://lain.bgm.tv/r/400/pic/crt/l/f6/d3/39596_crt_0Z5yy.jpg,,,,,https://bgm.tv/character/39596,,39596
bgm-bgm13045,bangumi,11,1,,桐生义弥,桐生義弥,,ヨシュア,其他,,,游戏,游戏,すばらしきこのせかい,美妙世界,2007,游戏,"[{""t"":""すばらしきこのせかい"",""cn"":""美妙世界"",""ty"":""游戏"",""y"":2007,""pop"":0},{""t"":""すばらしきこのせかい -Solo Remix-"",""cn"":""美妙世界 -Solo Remix-"",""ty"":""游戏"",""y"":2012,""pop"":0},{""t"":""新すばらしきこのせかい"",""cn"":""新美妙世界"",""ty"":""游戏"",""y"":2021,""pop"":0},{""t"":""KINGDOM HEARTS 3D [Dream Drop Distance]"",""cn"":""王国之心3D 梦降深处"",""ty"":""游戏"",""y"":2012,""pop"":0},{""t"":""すばらしきこのせかい -Final Remix-"",""cn"":""美妙世界：最终混音"",""ty"":""游戏"",""y"":2018,""pop"":0},{""t"":""KINGDOM HEARTS HD II.8 Final Chapter Prologue"",""cn"":""王国之心高清版 2.8 终章序幕"",""ty"":""游戏"",""y"":2017,""pop"":0}]",15歳の少年。生意気で偉そうな態度をとる。 頭の回転が速くずる賢こく、どこか飄々としていて、 別の世界や者が視える。ネクと手を組むことになるが、 様々なこと詳しいため、信頼できそうな反面、どことなく 信用ができない部分もある。,12,0,0,12,,https://lain.bgm.tv/pic/crt/l/c9/67/13045_crt_UDaTC.jpg,https://lain.bgm.tv/r/400/pic/crt/l/c9/67/13045_crt_UDaTC.jpg,,,,,https://bgm.tv/character/13045,,13045
bgm-bgm37212,bangumi,11,1,,的场静司,的場静司,,,其他,AB,,动画|漫画,动画,夏目友人帳 参,夏目友人帐 叁,2011,动画,"[{""t"":""夏目友人帳 参"",""cn"":""夏目友人帐 叁"",""ty"":""动画"",""y"":2011,""pop"":0},{""t"":""夏目友人帳 肆"",""cn"":""夏目友人帐 肆"",""ty"":""动画"",""y"":2012,""pop"":0},{""t"":""夏目友人帳 漆"",""cn"":""夏目友人帐 柒"",""ty"":""动画"",""y"":2024,""pop"":0},{""t"":""夏目友人帳"",""cn"":""夏目友人帐"",""ty"":""漫画"",""y"":2005,""pop"":0},{""t"":""夏目友人帳 伍"",""cn"":""夏目友人帐 伍"",""ty"":""动画"",""y"":2016,""pop"":0}]",妖祓い屋・的場一門の若き頭首。物腰が柔らかく穏やかな口調だが、人にも妖怪にも容赦がなく、自分の式を犠牲にすることもいとわない冷酷さを持つ。 強い妖力を持つ夏目に興味を持っている。,10,0,0,10,,https://lain.bgm.tv/pic/crt/l/57/0e/37212_crt_5Om4R.jpg,https://lain.bgm.tv/r/400/pic/crt/l/57/0e/37212_crt_5Om4R.jpg,,,,,https://bgm.tv/character/37212,,37212
bgm-bgm202855,bangumi,11,1,,三笠心菜,三笠心菜,,,其他,,,动画|漫画,漫画,茉莉花ちゃんの好感度はぶっ壊れている,茉莉花酱的好感度正在崩坏,2026,漫画,"[{""t"":""茉莉花ちゃんの好感度はぶっ壊れている"",""cn"":""茉莉花酱的好感度正在崩坏"",""ty"":""漫画"",""y"":2026,""pop"":0},{""t"":""茉莉花ちゃんの好感度はぶっ壊れている"",""cn"":""茉莉花酱的好感度正在崩坏"",""ty"":""动画"",""y"":2026,""pop"":0}]",彼方と同じクラスのイヌ好きで明るい女子。実は裏でTLやらラブコメやら大好きなHYPER恋愛過激派。,10,0,0,10,,https://lain.bgm.tv/pic/crt/l/c3/40/202855_crt_0U36Y.jpg,https://lain.bgm.tv/r/400/pic/crt/l/c3/40/202855_crt_0U36Y.jpg,,,,,https://bgm.tv/character/202855,,202855
bgm-bgm38529,bangumi,11,1,,黑木洋美,黒木洋美,Kuroki Hiromi,クロちゃん,其他,O,,动画,动画,ハイスクール・フリート,高校舰队,2016,动画,"[{""t"":""ハイスクール・フリート"",""cn"":""高校舰队"",""ty"":""动画"",""y"":2016,""pop"":0},{""t"":""劇場版 ハイスクール・フリート"",""cn"":""剧场版 高校舰队"",""ty"":""动画"",""y"":2020,""pop"":0}]",麻仑的发小（マロンの幼なじみ） 役職 機関助手 趣味・特技 ストレッチ 好きな食べ物 シナモントースト 苦手な食べ物 ピーマン 得意科目 化学 苦手な科目 国語 好きな言葉 愛は惜しみなく与う 性格・特徴 ましろに憧れている。 出身地 千葉県銚子市,9,0,0,9,,https://lain.bgm.tv/pic/crt/l/f0/25/38529_crt_vr94y.jpg?r=1463261219,https://lain.bgm.tv/r/400/pic/crt/l/f0/25/38529_crt_vr94y.jpg?r=1463261219,,,,,https://bgm.tv/character/38529,,38529
bgm-bgm109302,bangumi,11,1,,薮北佐枝香,藪北さえか,Yabukita Saeka,,其他,,,动画|漫画,动画,てっぺんっ!!!!!!!!!!!!!!!,顶点!!!!!!!!!!!!!!!,2022,动画,"[{""t"":""てっぺんっ!!!!!!!!!!!!!!!"",""cn"":""顶点!!!!!!!!!!!!!!!"",""ty"":""动画"",""y"":2022,""pop"":0},{""t"":""てっぺんっ!!!"",""cn"":""顶点!!!"",""ty"":""漫画"",""y"":2021,""pop"":0}]",日本有数の茶葉生産会社を営む大財閥の令嬢。移動はすべてハイヤーかヘリと噂されるほどの超弩級のセレブ。本人には悪気はないのだが、金銭感覚が一般人とかけ離れているため、ナチュラルに失礼なことを言ってしまうことも。,9,0,0,9,,https://lain.bgm.tv/pic/crt/l/4c/3a/109302_crt_0jjPJ.jpg,https://lain.bgm.tv/r/400/pic/crt/l/4c/3a/109302_crt_0jjPJ.jpg,,,,,https://bgm.tv/character/109302,,109302
bgm-bgm98804,bangumi,11,1,,,アニス＝ハルフォード,,,其他,O,,Galgame,Galgame,プリンセス☆シスターズ！～四姉妹は全員あなたの許嫁～,,2021,Galgame,,ハルフォード王家の次女。 他の姉妹とは母親の違う異母姉妹。 祥風学園二年生。主人公のクラスメイト。 常に姫らしくありたいと心がけていて、姉妹のまとめ役ぶるっているが残念ながら誰にも勝てない。 実はウブな性格だが、ツンツンして強がっている。 お見合いプロジェクトには気乗りしていないように振る舞っており、 慎みのない振る舞いは流儀にありません、とばかりにツンツンした態度を取ってばかりいる。 とはいえ、主人公に対して好意を持っていないわけではないような？ 乙女心は複雑な様子。,8,0,0,8,1,https://lain.bgm.tv/pic/crt/l/28/92/98804_crt_H72T7.jpg?r=1628577898,https://lain.bgm.tv/r/400/pic/crt/l/28/92/98804_crt_H72T7.jpg?r=1628577898,,,,,https://bgm.tv/character/98804,,98804
bgm-bgm65991,bangumi,11,1,,罗梅罗,ロメロ,Romero,,其他,,,动画,动画,ゾンビランドサガ ゆめぎんがパラダイス,佐贺偶像是传奇 梦想银河乐园,2025,动画,"[{""t"":""ゾンビランドサガ ゆめぎんがパラダイス"",""cn"":""佐贺偶像是传奇 梦想银河乐园"",""ty"":""动画"",""y"":2025,""pop"":0},{""t"":""ゾンビランドサガ リベンジ"",""cn"":""佐贺偶像是传奇 复仇"",""ty"":""动画"",""y"":2021,""pop"":0},{""t"":""ゾンビランドサガ"",""cn"":""佐贺偶像是传奇"",""ty"":""动画"",""y"":2018,""pop"":0}]",幸太郎养的僵尸狗。 由于是僵尸犬，就算是对狗不友好的食物也会狼吞虎咽地吃掉。鱿鱼丝是它所喜欢的东西之一。性别为雄性。 ※绝对不要给活着的狗吃鱿鱼丝。,8,0,0,8,,https://lain.bgm.tv/pic/crt/l/63/54/65991_crt_pPASX.jpg,https://lain.bgm.tv/r/400/pic/crt/l/63/54/65991_crt_pPASX.jpg,,,,,https://bgm.tv/character/65991,,65991
bgm-bgm139694,bangumi,11,1,,不知火卡娅,不知火カヤ,Shiranui Kaya,不知火花耶,其他,,,Galgame,Galgame,ブルーアーカイブ -Blue Archive-,蔚蓝档案,2021,Galgame,,,7,0,0,7,,https://lain.bgm.tv/pic/crt/l/ff/6a/139694_crt_2EYxe.jpg,https://lain.bgm.tv/r/400/pic/crt/l/ff/6a/139694_crt_2EYxe.jpg,,,,,https://bgm.tv/character/139694,,139694
bgm-bgm34524,bangumi,11,1,,矢车操,矢車操,,,其他,O,,动画|漫画,动画,15美少女漂流記,15美少女漂流记,2009,动画,"[{""t"":""15美少女漂流記"",""cn"":""15美少女漂流记"",""ty"":""动画"",""y"":2009,""pop"":0},{""t"":""15美少女漂流記～アニメDVD付き～"",""cn"":"""",""ty"":""漫画"",""y"":2013,""pop"":0}]",比一马大一岁的学生会长。在听到遇难消息后、开着自己的船前来救助，结果船也沉没而成为二次遇难者。对于自己的行动会认为是绝对的正义并且把周遭的人都当成部下一般。,6,0,0,6,1,https://lain.bgm.tv/pic/crt/l/d6/5d/34524_crt_OWM1t.jpg,https://lain.bgm.tv/r/400/pic/crt/l/d6/5d/34524_crt_OWM1t.jpg,,,,,https://bgm.tv/character/34524,,34524
bgm-bgm71719,bangumi,11,1,,翠田祈,翠田いのり,Misuda Inori,,其他,,,动画,动画,神田川JET GIRLS,神田川JET GIRLS,2019,动画,,枫花的搭档，神社家庭的女儿。对任何人都表里如一彬彬有礼，但也有过于一本正经而开不起玩笑的一面。一旦被惹怒就会很可怕的类型。在Jet Race中担当Shooter，使用加特林机枪支援枫花。,6,0,0,6,,https://lain.bgm.tv/pic/crt/l/88/3e/71719_crt_94PWJ.jpg?r=1567982358,https://lain.bgm.tv/r/400/pic/crt/l/88/3e/71719_crt_94PWJ.jpg?r=1567982358,,,,,https://bgm.tv/character/71719,,71719
bgm-bgm18860,bangumi,11,1,,马克贝斯,MAKUBEX,,馬克貝斯,其他,AB,,动画|漫画,动画,GetBackers -奪還屋-,闪灵二人组,2002,动画,"[{""t"":""GetBackers -奪還屋-"",""cn"":""闪灵二人组"",""ty"":""动画"",""y"":2002,""pop"":0},{""t"":""GetBackers-奪還屋-"",""cn"":""闪灵二人组"",""ty"":""漫画"",""y"":1999,""pop"":0}]",是由銀次在無限城中撿到的棄嬰。長大後，透過藥店阿健的啟發，成為電腦天才。在銀次離開無限城後成為無限城下層世界的統治者。 名字的由來是在他被撿到時，袋子上的名牌「間久部」，取其羅馬拼音MAKUBE，後面再加上象徵未知的「X」而得。 母親為間久部博士，長得像洋娃娃，波浪長髮，是托拉斯智囊團之重要人物，倉庫計算結果中那0.01%未知數，兩個的其中之一。 声優：斎賀みつき PS2版「奪われた無限城」の声優：高山みなみ,5,0,0,5,,https://lain.bgm.tv/pic/crt/l/53/78/18860_crt_Lw7RQ.jpg,https://lain.bgm.tv/r/400/pic/crt/l/53/78/18860_crt_Lw7RQ.jpg,,,,,https://bgm.tv/character/18860,,18860
bgm-bgm78609,bangumi,11,1,,Owen,オーエン,,,其他,,,动画|游戏,游戏,魔法使いの約束,魔法使的约定,2019,游戏,"[{""t"":""魔法使いの約束"",""cn"":""魔法使的约定"",""ty"":""游戏"",""y"":2019,""pop"":0},{""t"":""魔法使いの約束"",""cn"":""魔法使的约定"",""ty"":""动画"",""y"":2025,""pop"":0}]",毒舌で皮肉屋な性格で、他人の恐怖や悪意を好んでいる。他の魔法使いたちにも警戒される危険な人物。中央の魔法使いのカインとは過去に因縁があり、特に険悪な仲。,5,0,0,5,,https://lain.bgm.tv/pic/crt/l/67/86/78609_crt_eeUyq.jpg?r=1612499512,https://lain.bgm.tv/r/400/pic/crt/l/67/86/78609_crt_eeUyq.jpg?r=1612499512,,,,,https://bgm.tv/character/78609,,78609
bgm-bgm203604,bangumi,11,1,,市川瑠衣,市川瑠衣,,,其他,O,,动画,动画,ゴーストコンサート : missing Songs,幽灵音乐会,2026,动画,,「TERA」に所属する無口な少女。 寺の家事全般を一手に引き受けている。 動物の剥製に霊を宿した「縫蘇霊獣ほうそれいじゅう」を操る。,5,0,0,5,,https://lain.bgm.tv/pic/crt/l/d2/10/203604_crt_Loz8P.jpg,https://lain.bgm.tv/r/400/pic/crt/l/d2/10/203604_crt_Loz8P.jpg,,,,,https://bgm.tv/character/203604,,203604
bgm-bgm31116,bangumi,11,1,,鹰科夕纪,鷹科夕紀,,,其他,A,,Galgame,Galgame,恋めくりクローバー ミニファンディスク,,2013,Galgame,"[{""t"":""恋めくりクローバー ミニファンディスク"",""cn"":"""",""ty"":""Galgame"",""y"":2013,""pop"":0},{""t"":""恋めくりクローバー"",""cn"":"""",""ty"":""Galgame"",""y"":2012,""pop"":0}]",あやみの下で学生会副会長を務める、結花たちの同級生。 落ち着いていてクールな性格。 まじめで責任感が強く、誰にでも敬語口調で話す。 感情の起伏が少ないためか周囲からは不機嫌に思われることが多く、友達以外からは敬遠されがち。 そのため、誰からも慕われるあやみを尊敬している。,5,0,0,5,1,https://lain.bgm.tv/pic/crt/l/8d/44/31116_crt_cO4IT.jpg,https://lain.bgm.tv/r/400/pic/crt/l/8d/44/31116_crt_cO4IT.jpg,,,,,https://bgm.tv/character/31116,,31116
bgm-bgm34628,bangumi,11,1,,爆炸头武士,アフロ,Afro,Afro Samurai / Afuro Zamurai / 二番 The Number Two / 一番 The Number One,其他,,,动画|漫画|游戏,动画,Afro Samurai,爆炸头武士,2007,动画,"[{""t"":""Afro Samurai"",""cn"":""爆炸头武士"",""ty"":""动画"",""y"":2007,""pop"":0},{""t"":""Afro Samurai 劇場版"",""cn"":""爆炸头武士 剧场版"",""ty"":""动画"",""y"":2007,""pop"":0},{""t"":""Afro Samurai: Resurrection"",""cn"":""爆炸头武士：复活"",""ty"":""动画"",""y"":2009,""pop"":0},{""t"":""AFRO SAMURAI"",""cn"":""爆炸头武士"",""ty"":""漫画"",""y"":2009,""pop"":0},{""t"":""Afro Samurai"",""cn"":""爆炸头武士"",""ty"":""游戏"",""y"":2009,""pop"":0},{""t"":""Afro Samurai 2: Revenge of Kuma"",""cn"":""爆炸头武士2"",""ty"":""游戏"",""y"":2015,""pop"":0}]","Afro is an incredibly talented swordsman whose father was decapitated in front of his own eyes as a child. That traumatic experience caused an innocent little boy to have a mind flustered with revenge and, with that, Afro grew into a cold-b…",5,0,0,5,,https://lain.bgm.tv/pic/crt/l/17/47/34628_crt_d6iI9.jpg,https://lain.bgm.tv/r/400/pic/crt/l/17/47/34628_crt_d6iI9.jpg,,,,,https://bgm.tv/character/34628,,34628
bgm-bgm78929,bangumi,11,1,,下落合桃歌,下落合桃歌,,,其他,A,,动画|游戏,游戏,アリス・ギア・アイギス,机战少女 Alice,2018,游戏,"[{""t"":""アリス・ギア・アイギス"",""cn"":""机战少女 Alice"",""ty"":""游戏"",""y"":2018,""pop"":0},{""t"":""アリス・ギア・アイギス ～ドキッ！アクトレスだらけのマーメイドグランプリ♡～"",""cn"":""机战少女 Alice ～心跳！满是女演员的美人鱼大奖赛♥～"",""ty"":""动画"",""y"":2021,""pop"":0},{""t"":""アリス・ギア・アイギス Expansion"",""cn"":""机战少女 Alice Expansion"",""ty"":""动画"",""y"":2023,""pop"":0}]",エンパイア中野所属のアクトレス。 江古田のアイドルとして活動中。 時代が求めた歌って踊れるアクトレス――と、本人は思っている。 メジャーアイドル目指して周囲に愛想を振りまいているが、隊長や他のアクトレスの前では、ついつい荒んだ本音が出てしまうことも……,4,0,0,4,,https://lain.bgm.tv/pic/crt/l/93/d8/78929_crt_qD3Dn.jpg,https://lain.bgm.tv/r/400/pic/crt/l/93/d8/78929_crt_qD3Dn.jpg,,,,,https://bgm.tv/character/78929,,78929
bgm-bgm29596,bangumi,11,1,,谷风,谷風,Tanikaze,谷风号驱逐舰,其他,,,游戏,游戏,艦隊これくしょん-艦これ-,舰队Collection,2013,游戏,,谷風さんだよ。 あのミッドウェー海戦では、飛龍を助けようとしてたら、くそ敵機から雨あられの集中爆撃…。 あんときゃ、まいったけど、勝見艦長がすげえんだ、マジで。 1941年4月25日竣工。参加中途岛海战、南太平洋海战。1944年6月9日、被美潜水舰“Hada”鱼雷攻击于塔威塔威岛战没。 2018年10月26日实装对潜特化的丁改。,4,0,0,4,,https://lain.bgm.tv/pic/crt/l/54/a5/29596_crt_ZhfZV.jpg?r=1558405846,https://lain.bgm.tv/r/400/pic/crt/l/54/a5/29596_crt_ZhfZV.jpg?r=1558405846,,,,,https://bgm.tv/character/29596,,29596
bgm-bgm56737,bangumi,11,1,,青山元气,青山元気,,,其他,,,动画,动画,アクションヒロイン チアフルーツ,动作女主 水果应援团,2017,动画,,美容院の娘。電脳同好会所属する、めがねっこ。 元々は、勇気とともにアイドルになりたかったが、事故で足を傷めてしまい断念。 しかし、持ち前のくじけない性格から、IT分野で力を発揮するようになる。 双子の姉・勇気をもどかしく感じることも。,3,0,0,3,,https://lain.bgm.tv/pic/crt/l/4c/54/56737_crt_Loq6j.jpg?r=1505408551,https://lain.bgm.tv/r/400/pic/crt/l/4c/54/56737_crt_Loq6j.jpg?r=1505408551,,,,,https://bgm.tv/character/56737,,56737
bgm-bgm13234,bangumi,11,1,,伊原丽奈,伊原麗奈,Ihara rena,,其他,O,,Galgame,Galgame,D-EVE in you,,2011,Galgame,,伊原姐妹，双胞胎里的妹妹。性格很不讲究。 因为不能放着姐姐不管，所以和姐姐一起行动。姉 虽然她对成为偶像这事并不积极，但是也考虑着，既然能当的话就试试看吧。 「抱歉，我家姐姐不太会察言观色」,3,0,0,3,1,https://lain.bgm.tv/pic/crt/l/1f/3c/13234_crt_l2Hhs.jpg,https://lain.bgm.tv/r/400/pic/crt/l/1f/3c/13234_crt_l2Hhs.jpg,,,,,https://bgm.tv/character/13234,,13234
bgm-bgm28283,bangumi,11,1,,米可·萨卡利亚斯,ミケ・ザカリアス,Mike Zacharius,,其他,,,动画|漫画,动画,進撃の巨人,进击的巨人,2013,动画,"[{""t"":""進撃の巨人"",""cn"":""进击的巨人"",""ty"":""动画"",""y"":2013,""pop"":0},{""t"":""進撃の巨人 Season 2"",""cn"":""进击的巨人 第二季"",""ty"":""动画"",""y"":2017,""pop"":0},{""t"":""進撃の巨人 悔いなき選択 OAD"",""cn"":""进击的巨人 无悔的选择 OAD"",""ty"":""动画"",""y"":2014,""pop"":0},{""t"":""進撃の巨人 OAD"",""cn"":""进击的巨人 OAD"",""ty"":""动画"",""y"":2013,""pop"":0},{""t"":""進撃の巨人"",""cn"":""进击的巨人"",""ty"":""漫画"",""y"":2010,""pop"":0},{""t"":""進撃の巨人 悔いなき選択"",""cn"":""进击的巨人 外传 无悔的抉择"",""ty"":""漫画"",""y"":2014,""pop"":0}]",调查兵团第二分队长。 名言“人类只有在放弃战斗的那一刻才算是首次败北，只要战斗依然持续著，我们就还没输。” 在番外篇“无悔的选择中”，曾经在肉搏战中短暂压制住利威尔，可见实力也相当坚强，在兵团内仅次于利威尔。对第一次见面的人会闻一下对方的味道，然后用鼻子嘲笑对方，嗅觉异常灵敏，可以从空气的味道中察觉巨人的存在。,3,0,0,3,,https://lain.bgm.tv/pic/crt/l/f6/8a/28283_crt_b6lhK.jpg,https://lain.bgm.tv/r/400/pic/crt/l/f6/8a/28283_crt_b6lhK.jpg,,,,,https://bgm.tv/character/28283,,28283
bgm-bgm2023,bangumi,11,1,,西本愿司,西本願司,Nishimoto Ganji,,其他,AB,,动画,动画,スクールランブル,校园迷糊大王,2004,动画,"[{""t"":""スクールランブル"",""cn"":""校园迷糊大王"",""ty"":""动画"",""y"":2004,""pop"":0},{""t"":""スクールランブル 二学期"",""cn"":""校园迷糊大王 二学期"",""ty"":""动画"",""y"":2006,""pop"":0},{""t"":""スクールランブル 一学期補習"",""cn"":""校园迷糊大王 一学期补习"",""ty"":""动画"",""y"":2005,""pop"":0}]",,3,0,0,3,,https://lain.bgm.tv/pic/crt/l/55/31/2023_crt_anidb.jpg,https://lain.bgm.tv/r/400/pic/crt/l/55/31/2023_crt_anidb.jpg,,,,,https://bgm.tv/character/2023,,2023
bgm-bgm35765,bangumi,11,1,,高良京,高良京,Takara Kyou,,其他,A,,游戏,游戏,バンドやろうぜ！,来玩乐队吧！,2016,游戏,,高良 京 (タカラ キョウ) OSIRIS Vocal 俺は……自分が伝えたいことを歌えればそれでいい……。,3,0,0,3,,https://lain.bgm.tv/pic/crt/l/be/8f/35765_crt_JhZHF.jpg?r=1443200492,https://lain.bgm.tv/r/400/pic/crt/l/be/8f/35765_crt_JhZHF.jpg?r=1443200492,,,,,https://bgm.tv/character/35765,,35765
bgm-bgm171038,bangumi,11,1,,雪丽,雪麗,,,其他,,,动画|漫画,动画,ぬらりひょんの孫 零・涙・雪,滑头鬼之孙 零·泪·雪,2012,动画,"[{""t"":""ぬらりひょんの孫 零・涙・雪"",""cn"":""滑头鬼之孙 零·泪·雪"",""ty"":""动画"",""y"":2012,""pop"":0},{""t"":""ぬらりひょんの孫"",""cn"":""滑头鬼之孙"",""ty"":""动画"",""y"":2010,""pop"":0},{""t"":""ぬらりひょんの孫"",""cn"":""滑头鬼之孙"",""ty"":""漫画"",""y"":2008,""pop"":0}]",冰丽的妈妈。,2,0,0,2,,https://lain.bgm.tv/pic/crt/l/4a/ce/171038_crt_pMpjn.jpg,https://lain.bgm.tv/r/400/pic/crt/l/4a/ce/171038_crt_pMpjn.jpg,,,,,https://bgm.tv/character/171038,,171038
bgm-bgm85491,bangumi,11,1,,,ポムラ,,,,O,,Galgame,Galgame,ゴシックは魔法乙女～さっさと契約しなさい！～,哥特式魔法少女,2015,Galgame,,元気いっぱい、獣人族の少女。ご主人が大好きで、ヒマならいつも遊んでいてほしい。,2,0,0,2,,https://lain.bgm.tv/pic/crt/l/90/59/85491_crt_ngN5n.jpg,https://lain.bgm.tv/r/400/pic/crt/l/90/59/85491_crt_ngN5n.jpg,,,,,https://bgm.tv/character/85491,,85491
bgm-bgm85640,bangumi,11,1,,,エイコ,,,,B,,Galgame,Galgame,ゴシックは魔法乙女～さっさと契約しなさい！～,哥特式魔法少女,2015,Galgame,,あわてんぼうで楽天的な、獣人族の娘。いつも駆けまわっているが、すぐにお腹がすいてへたりこんでしまう。,2,0,0,2,,https://lain.bgm.tv/pic/crt/l/4a/24/85640_crt_61Fuc.jpg,https://lain.bgm.tv/r/400/pic/crt/l/4a/24/85640_crt_61Fuc.jpg,,,,,https://bgm.tv/character/85640,,85640
bgm-bgm21721,bangumi,11,1,,吴荣,呉栄,,,其他,O,,动画|漫画|游戏,动画,一騎当千 XTREME XECUTOR,一骑当千 XTREME XECUTOR,2010,动画,"[{""t"":""一騎当千 XTREME XECUTOR"",""cn"":""一骑当千 XTREME XECUTOR"",""ty"":""动画"",""y"":2010,""pop"":0},{""t"":""一騎当千 Dragon Destiny"",""cn"":""一骑当千 Dragon Destiny"",""ty"":""动画"",""y"":2007,""pop"":0},{""t"":""一騎当千 Great Guardians"",""cn"":""一骑当千 Great Guardians"",""ty"":""动画"",""y"":2008,""pop"":0},{""t"":""一騎当千"",""cn"":""一骑当千"",""ty"":""漫画"",""y"":2000,""pop"":0},{""t"":""一騎当千ベストソング・コレクション~SONG&SOUL祭り~"",""cn"":"""",""ty"":""音乐"",""y"":2008,""pop"":0},{""t"":""一騎当千 エクストラバースト"",""cn"":""一骑当千 Extra Burst"",""ty"":""游戏"",""y"":2020,""pop"":0}]",,2,0,0,2,,https://lain.bgm.tv/pic/crt/l/67/e8/21721_crt_ts0rh.jpg,https://lain.bgm.tv/r/400/pic/crt/l/67/e8/21721_crt_ts0rh.jpg,,,,,https://bgm.tv/character/21721,,21721
bgm-bgm78346,bangumi,11,1,,,プチ,,,其他,A,,Galgame,Galgame,絵師神の絆,,2020,Galgame,,コミクス界中を巡るサーカスで一番の人気者で、ベンとウルと三姉妹犬の末妹。常に周りの人のことを考え優先させてしまい、自分のことは後回しにしてしまう性格。喧嘩ばかりの姉二人と一緒に育ったからか、喧嘩の仲裁や怪我の手当てが得意。,2,0,0,2,,https://lain.bgm.tv/pic/crt/l/04/32/78346_crt_ck8vg.jpg,https://lain.bgm.tv/r/400/pic/crt/l/04/32/78346_crt_ck8vg.jpg,,,,,https://bgm.tv/character/78346,,78346
bgm-bgm63232,bangumi,11,1,,长十郎,長十郎,Choujuurou,,其他,B,,动画|漫画,动画,NARUTO -ナルト- 疾風伝,火影忍者疾风传,2007,动画,"[{""t"":""NARUTO -ナルト- 疾風伝"",""cn"":""火影忍者疾风传"",""ty"":""动画"",""y"":2007,""pop"":0},{""t"":""NARUTO -ナルト-"",""cn"":""火影忍者"",""ty"":""漫画"",""y"":2000,""pop"":0},{""t"":""BORUTO -NARUTO THE MOVIE-"",""cn"":""火影忍者 剧场版 博人传"",""ty"":""动画"",""y"":2015,""pop"":0},{""t"":""BORUTO-ボルト- -NARUTO NEXT GENERATIONS-"",""cn"":""博人传-火影次世代-"",""ty"":""漫画"",""y"":2016,""pop"":0},{""t"":""BORUTO-ボルト- NARUTO NEXT GENERATIONS"",""cn"":""博人传-火影次世代-"",""ty"":""动画"",""y"":2017,""pop"":0}]",“忍刀七人众”之一，是“忍刀七人众”里唯一的幸存者。 双刀“比目鲽鱼”（也作“鲆鲽”）的使用者，此刀是由两把对称的刀拼成一把鱼形大刀，着重于威力，平时缠绕着绷带。 戴着眼镜，性格腼腆，严重缺乏自信，个子矮又孩子气，有锯齿状的牙齿，但面对美丽动人的“第五代水影”时却立志要保护她，陪同水影出席五影会议。 于忍界大战时第五代水影曾说长十郎的实力比五影会议时还厉害。,2,0,0,2,,https://lain.bgm.tv/pic/crt/l/ac/56/63232_crt_jm5m7.jpg,https://lain.bgm.tv/r/400/pic/crt/l/ac/56/63232_crt_jm5m7.jpg,,,,,https://bgm.tv/character/63232,,63232
bgm-bgm60326,bangumi,11,1,,速杉北斗,速杉ホクト,Hayasugi Hokuto,,其他,,,动画,动画,新幹線変形ロボ シンカリオン,新干线变形机器人,2018,动画,"[{""t"":""新幹線変形ロボ シンカリオン"",""cn"":""新干线变形机器人"",""ty"":""动画"",""y"":2018,""pop"":0},{""t"":""劇場版 新幹線変形ロボ シンカリオン 未来からきた神速のALFA-X"",""cn"":""剧场版 新干线变形机器人 来自未来的神速ALFA-X"",""ty"":""动画"",""y"":2019,""pop"":0}]",,2,0,0,2,,https://lain.bgm.tv/pic/crt/l/04/f2/60326_crt_t6ERa.jpg?r=1516386727,https://lain.bgm.tv/r/400/pic/crt/l/04/f2/60326_crt_t6ERa.jpg?r=1516386727,,,,,https://bgm.tv/character/60326,,60326
bgm-bgm125026,bangumi,11,1,,,号角,Horn,,其他,,,游戏,游戏,明日方舟,明日方舟,2019,游戏,,号角，毕业于维多利亚皇家近卫学校，现为维多利亚风暴突击队第二分队指挥官。于伦蒂尼姆事件中与罗德岛协同作战，经精英干员Misery介绍，与罗德岛签订战略合作条款。,2,0,0,2,,https://lain.bgm.tv/pic/crt/l/6f/ad/125026_crt_aeV1a.jpg,https://lain.bgm.tv/r/400/pic/crt/l/6f/ad/125026_crt_aeV1a.jpg,https://static.wikia.nocookie.net/mrfz/images/5/58/Horn.png/revision/latest/scale-to-width-down/400?cb=20220414175142|https://static.wikia.nocookie.net/mrfz/images/5/58/Horn.png/revision/latest?cb=20220414175142,,图源:fandom:arknights,,https://bgm.tv/character/125026,,125026
bgm-bgm13235,bangumi,11,1,,伊原莉奈,伊原莉奈,Ihara rina,,其他,O,,Galgame,Galgame,D-EVE in you,,2011,Galgame,,伊原姐妹，双胞胎中的姐姐。性格很小孩子气。 “偶像＝商业” 和ヴァンガード的理念产生了共鸣，很擅长推销自己。 她把祥子当做对手，一见面就吵个不停。 「我对于业界的事情一无所知♪可以的话请好好教我哦」,2,0,0,2,1,https://lain.bgm.tv/pic/crt/l/11/c2/13235_crt_5Wr5f.jpg,https://lain.bgm.tv/r/400/pic/crt/l/11/c2/13235_crt_5Wr5f.jpg,,,,,https://bgm.tv/character/13235,,13235
bgm-bgm74367,bangumi,11,1,,拿铁,ラテ,Latte,,其他,,,动画,动画,映画 プリキュアオールスターズF,电影 光之美少女 All Stars F,2023,动画,"[{""t"":""映画 プリキュアオールスターズF"",""cn"":""电影 光之美少女 All Stars F"",""ty"":""动画"",""y"":2023,""pop"":0},{""t"":""ヒーリングっど♥プリキュア"",""cn"":""Healin' Good ♥ 光之美少女"",""ty"":""动画"",""y"":2020,""pop"":0},{""t"":""映画 ヒーリングっど♥プリキュア ゆめのまちでキュン！っとGoGo！大変身！！"",""cn"":""电影 Healin' Good ♥ 光之美少女 梦想的小镇心动不已！GoGo！大变身！！"",""ty"":""动画"",""y"":2021,""pop"":0}]",治愈花园的公主，全身浅棕色的小狗型动物，因为太年幼的关系无法飘浮在空中和说话，只能通过听诊器听其心跳来了解其状态，语尾习惯加上“～拿铁,2,0,0,2,,https://lain.bgm.tv/pic/crt/l/66/6b/74367_crt_6U6UB.jpg?r=1581565353,https://lain.bgm.tv/r/400/pic/crt/l/66/6b/74367_crt_6U6UB.jpg?r=1581565353,,,,,https://bgm.tv/character/74367,,74367
bgm-bgm157365,bangumi,11,1,,希利乌斯,シリウス,Sirius,希利烏斯,其他,,,Galgame,Galgame,夢王国と眠れる100人の王子様,梦王国与沉睡的100名王子,2015,Galgame,,星之國・凱因內斯的王子。性格粗魯冷漠。因擔心著表弟普羅奇溫，所以不斷地在尋找他。能夠靠著本能察覺到敵人後，立刻展開攻擊。,2,0,0,2,,https://lain.bgm.tv/pic/crt/l/95/c2/157365_crt_tl59e.jpg,https://lain.bgm.tv/r/400/pic/crt/l/95/c2/157365_crt_tl59e.jpg,,,,,https://bgm.tv/character/157365,,157365
bgm-bgm150473,bangumi,11,1,,,布偶熊,Teddy,克里斯蒂娜·诺曼,其他,AB,,游戏,游戏,战双帕弥什,战双帕弥什,2019,游戏,,诺曼矿业集团千金，原名克里斯蒂娜·诺曼。因某些原因与家族决裂，加入工程部队后担任副队长。,2,0,0,2,,https://lain.bgm.tv/pic/crt/l/15/a8/150473_crt_dBEWa.jpg,https://lain.bgm.tv/r/400/pic/crt/l/15/a8/150473_crt_dBEWa.jpg,,,,,https://bgm.tv/character/150473,,150473
bgm-bgm91691,bangumi,11,1,,旺达,ワンダ,Wanda,万妲,其他,F,,动画|漫画,漫画,ONE PIECE,航海王,1997,漫画,"[{""t"":""ONE PIECE"",""cn"":""航海王"",""ty"":""漫画"",""y"":1997,""pop"":0},{""t"":""ONE PIECE"",""cn"":""航海王"",""ty"":""动画"",""y"":1999,""pop"":0}]",旺达是佐乌岛上巨象之国【毛茸茸公国】的（毛皮族）战兽民族一员。登场时就阻止了加洛特和索隆的战斗，同时指导索隆&罗一行方向去寻找失散的伙伴。,2,0,0,2,,https://lain.bgm.tv/pic/crt/l/5b/89/91691_crt_Hg2sq.jpg,https://lain.bgm.tv/r/400/pic/crt/l/5b/89/91691_crt_Hg2sq.jpg,,,,,https://bgm.tv/character/91691,,91691
bgm-bgm213909,bangumi,11,1,,卡缇娅·塞尔贝拉斯,カティア・セルベラス,,卡缇娅,其他,,,Galgame,Galgame,ティンクルスターナイツ,闪耀星骑士,2023,Galgame,,自称是魔王仆从的一年级学妹。 长着作为魔族特征的犬耳和尾巴，性格开朗，如同亲昵人的小狗。 尽管说了『一起征服世界吧』这种话，其实本性是好孩子，不会做坏事。 武器是肉球小拳拳。,1,0,0,1,,https://lain.bgm.tv/pic/crt/l/e2/e7/213909_crt_j3N54.jpg,https://lain.bgm.tv/r/400/pic/crt/l/e2/e7/213909_crt_j3N54.jpg,,,,,https://bgm.tv/character/213909,,213909
bgm-bgm56738,bangumi,11,1,,青山勇气,青山勇気,,,其他,,,动画,动画,アクションヒロイン チアフルーツ,动作女主 水果应援团,2017,动画,,美容院の娘。大人気アイドルグループに所属。 とある理由で陽菜野市へ帰ってきた。 歌もダンスも一流な上、努力は人一倍するため能力は高いが、おとなしすぎる性格な為、周りの期待に悩んでしまう。 元気の双子の姉,1,0,0,1,,https://lain.bgm.tv/pic/crt/l/7e/c3/56738_crt_eoaUc.jpg?r=1505653758,https://lain.bgm.tv/r/400/pic/crt/l/7e/c3/56738_crt_eoaUc.jpg?r=1505653758,,,,,https://bgm.tv/character/56738,,56738
bgm-bgm208355,bangumi,11,1,,,シエナ・クラーク,,,其他,,,Galgame,Galgame,マブラヴ ガールズガーデン,,2025,Galgame,,かつてはザルトゥーム島でも有名な歌手として活動していた。現在は活動を休止し、パイロットとして活動中。ふわふわして明るく、一緒にいると癒されるような雰囲気をしている。サボテン栽培が趣味。,1,0,0,1,,https://lain.bgm.tv/pic/crt/l/84/eb/208355_crt_dD68B.jpg,https://lain.bgm.tv/r/400/pic/crt/l/84/eb/208355_crt_dD68B.jpg,,,,,https://bgm.tv/character/208355,,208355
bgm-bgm180642,bangumi,11,1,,霞流括,霞流括,,,其他,B,,动画|漫画,动画,デッドアカウント,死亡账号,2026,动画,"[{""t"":""デッドアカウント"",""cn"":""死亡账号"",""ty"":""动画"",""y"":2026,""pop"":0},{""t"":""デッドアカウント"",""cn"":""死亡账号"",""ty"":""漫画"",""y"":2023,""pop"":0}]",一階乙組 乙組のクラス委員。 「クソが！」など乱暴な言葉を使うことが多いが、当人は真面目で優等生を装っているつもり。 「ネット上にあふれる悪を正す」ために”炎上叩き”をすることが日課。,1,0,0,1,,https://lain.bgm.tv/pic/crt/l/c9/8b/180642_crt_fNYrP.jpg?r=1753953399,https://lain.bgm.tv/r/400/pic/crt/l/c9/8b/180642_crt_fNYrP.jpg?r=1753953399,,,,,https://bgm.tv/character/180642,,180642
bgm-bgm62634,bangumi,11,1,,,池宮綾花,,,其他,O,,Galgame,Galgame,Green Strawberry,,2010,Galgame,,恋泉寮の寮長を務める三年生。 主人公を寮自治会メンバーへ引き込むことになる張本人。 明るく無邪気で天然、しかし一筋縄ではいかない強さを秘めている。 笑顔を絶やさず、柔らかい雰囲気と物事に対する公正な態度から、寮生の支持は厚い。 運動神経に優れ、成績も極めて優秀。 いかにもお嬢様然とした口調と雰囲気の持ち主だが、実は東京下町の生まれ。 新聞部による昨年度の非公式ミスコン・総合一位。 なんでもそつなくこなすが、あえて言えば極度の大食漢なのが玉に瑕。 同室の古御門佳月とは親友。,1,0,0,1,1,https://lain.bgm.tv/pic/crt/l/9c/50/62634_crt_vb5BN.jpg,https://lain.bgm.tv/r/400/pic/crt/l/9c/50/62634_crt_vb5BN.jpg,,,,,https://bgm.tv/character/62634,,62634
bgm-bgm78325,bangumi,11,1,,,ウル,,,其他,B,,Galgame,Galgame,絵師神の絆,,2020,Galgame,,ベンとプチの姉妹犬で、盗賊団のリーダー。冷たいまでの現実主義と、斜に構えた態度とで誤解を受けがちだが、一途で大切な人を想う気持ちは誰よりも強い。好きな人と弱い者たちにはとことん甘いが、それを態度と言葉に出すことができない天邪鬼。,1,0,0,1,,https://lain.bgm.tv/pic/crt/l/92/8b/78325_crt_6S8x9.jpg,https://lain.bgm.tv/r/400/pic/crt/l/92/8b/78325_crt_6S8x9.jpg,,,,,https://bgm.tv/character/78325,,78325
bgm-bgm78326,bangumi,11,1,,,ベン,,,其他,A,,Galgame,Galgame,絵師神の絆,,2020,Galgame,,ウル・プチと三姉妹犬の長女。恩と忠義を大切にし、信頼した人物の言葉には忠実に従う。ガクドニアの警察組織の手伝いをしているが、道徳的価値を大切にするあまり、よく犯人に同情してしまう。嬉しくなると尻尾を振って、感情がだだもれになる。,1,0,0,1,,https://lain.bgm.tv/pic/crt/l/d3/6e/78326_crt_R7e9m.jpg,https://lain.bgm.tv/r/400/pic/crt/l/d3/6e/78326_crt_R7e9m.jpg,,,,,https://bgm.tv/character/78326,,78326
bgm-bgm167615,bangumi,11,1,,,祁湛,,,其他,,,Galgame,Galgame,绝对零度,,2021,Galgame,,本作反派boss祁星野的亲生儿子，先天反社会人格，父子间毫无亲情，父亲只把他当实验品看待，而他天天琢磨如何干掉“爹地”。 演技精湛。为了自保，一直假装被暴戾副人格取代了主人格，实际根本没有副人格。 为了转移父亲的部分戒心，伪装成痴恋祁之衍的病娇。他对祁之衍感兴趣的前提是，祁之衍是能始终清醒看穿他本性，且不会输给自身副人格的强者。,1,0,0,1,,https://lain.bgm.tv/pic/crt/l/55/1b/167615_crt_oNOyo.jpg,https://lain.bgm.tv/r/400/pic/crt/l/55/1b/167615_crt_oNOyo.jpg,,,,,https://bgm.tv/character/167615,,167615
bgm-bgm174631,bangumi,11,1,,,エクスカリバー,,,其他,,,Galgame,Galgame,クレイヴ・サーガX 神絆の導師,神绊的导师X,2023,Galgame,,「私はマスターをお守りするための剣、マスターの道を切り開くための剣だ。」 聖剣の森で眠っていた、主人公が最初に神絆覚醒(アルフ・ヘラー ミレン)した神器。 導師である主人公への忠義に篤く頼りになる一 方で、天然な性格ゆえにトラブルの種になることも多い。,1,0,0,1,1,https://lain.bgm.tv/pic/crt/l/e0/27/174631_crt_M5moq.jpg,https://lain.bgm.tv/r/400/pic/crt/l/e0/27/174631_crt_M5moq.jpg,,,,,https://bgm.tv/character/174631,,174631
bgm-bgm43288,bangumi,11,1,,雨宫真嬉,雨宮真嬉,AMAMIYA MASAKI,天宫真嬉,其他,,,动画,动画,カードキャプターさくら,魔卡少女樱,1998,动画,,职业为雨宫企业的会长。喜欢日本料理，喜好国际象棋。 抚子与园美的爷爷（小樱与知世的外曾祖父）。天宫集团会长。11月1日生。非常思念重要的抚子，还有抚子小时候画彩虹的事情。对于抚子和藤隆结婚不太同意，不过在看到抚子的女儿也就是他的外曾孙女能够快乐地成长，就令他对藤隆这名“孙女选错了的男人”改观，之后和藤隆见面并和解。 生日：11月18日（动画和漫画的生日不同，动画中的生日是11月1日）,1,0,0,1,,https://lain.bgm.tv/pic/crt/l/bb/64/43288_crt_SZxWS.jpg,https://lain.bgm.tv/r/400/pic/crt/l/bb/64/43288_crt_SZxWS.jpg,,,,,https://bgm.tv/character/43288,,43288
al302050,anilist,11,1,,青木,青木,Aoki,,男,,30,动画|漫画,动画,地獄楽,地狱乐,2023,动画,"[{""t"":""地獄楽"",""cn"":""地狱乐"",""ty"":""动画"",""y"":2023,""pop"":361565},{""t"":""地獄楽 第二期"",""cn"":""地狱乐 第二季"",""ty"":""动画"",""y"":2026,""pop"":172967},{""t"":""地獄楽"",""cn"":""地狱乐"",""ty"":""漫画"",""y"":2018,""pop"":97961}]",四叶家执事中排名第4，专门负责四叶的资产管理的职务，金库管理超过十年。 看不起身为守护者的达也，认为其不过是一介保镖而非四叶家的人。,1,1,0,1,,https://lain.bgm.tv/pic/crt/l/0e/0d/57343_crt_B4Ph1.jpg?r=1642922165,https://lain.bgm.tv/r/400/pic/crt/l/0e/0d/57343_crt_B4Ph1.jpg?r=1642922165,https://s4.anilist.co/file/anilistcdn/character/medium/b302050-IX99PePUve0D.jpg|https://s4.anilist.co/file/anilistcdn/character/large/b302050-IX99PePUve0D.jpg,,,https://anilist.co/character/302050,https://bgm.tv/character/57343,,57343
bgm-bgm39688,bangumi,11,1,,死亡赤拳,デステゴロ,Desutegoro,,其他,AB,,动画,动画,僕のヒーローアカデミア 第2期,我的英雄学院 第二季,2017,动画,"[{""t"":""僕のヒーローアカデミア 第2期"",""cn"":""我的英雄学院 第二季"",""ty"":""动画"",""y"":2017,""pop"":0},{""t"":""僕のヒーローアカデミア"",""cn"":""我的英雄学院"",""ty"":""动画"",""y"":2016,""pop"":0},{""t"":""僕のヒーローアカデミア FINAL SEASON"",""cn"":""我的英雄学院 最终季"",""ty"":""动画"",""y"":2025,""pop"":0},{""t"":""ヴィジランテ -僕のヒーローアカデミア ILLEGALS-"",""cn"":""正义使者 -我的英雄学院之非法英雄-"",""ty"":""动画"",""y"":2025,""pop"":0},{""t"":""ヴィジランテ -僕のヒーローアカデミア ILLEGALS- 第2期"",""cn"":""正义使者 -我的英雄学院之非法英雄- 第二季"",""ty"":""动画"",""y"":2026,""pop"":0},{""t"":""僕のヒーローアカデミア 第7期"",""cn"":""我的英雄学院 第七季"",""ty"":""动画"",""y"":2024,""pop"":0}]",以全身的隆隆肌肉为武器的力量型专业英雄。,1,0,0,1,,https://lain.bgm.tv/pic/crt/l/cf/11/39688_crt_VNioK.jpg?r=1469016449,https://lain.bgm.tv/r/400/pic/crt/l/cf/11/39688_crt_VNioK.jpg?r=1469016449,,,,,https://bgm.tv/character/39688,,39688
bgm-bgm40328,bangumi,11,1,,林大介,林大介,Hayashi Daisuke,,其他,AB,,动画|漫画,动画,テニスの王子様,网球王子,2001,动画,"[{""t"":""テニスの王子様"",""cn"":""网球王子"",""ty"":""动画"",""y"":2001,""pop"":0},{""t"":""テニスの王子様"",""cn"":""网球王子"",""ty"":""漫画"",""y"":2000,""pop"":0}]",对龙马和一年级三人组进行“打倒易开罐游戏”挑衅的二年级。 新入部員4人を、挑戦料つきの「サーブ缶倒しゲーム」で挑発する。 初登場 テニスの王子様：Genius 2 クセモノ アラワル 新テニスの王子様：ペアプリVol.3 あの選手たちは今…!? 放課後の王子様：#5,1,0,0,1,,,,,,,,https://bgm.tv/character/40328,,40328
bgm-bgm41565,bangumi,11,1,,神崎幸助,カンザキコウスケ,Kanzaki Kōsuke,ドクター / Doctor / 医生,其他,,,动画|漫画,动画,BLACK CAT,黑猫,2005,动画,"[{""t"":""BLACK CAT"",""cn"":""黑猫"",""ty"":""动画"",""y"":2005,""pop"":0},{""t"":""BLACK CAT"",""cn"":""黑猫"",""ty"":""漫画"",""y"":2001,""pop"":0}]",原作とアニメ版ではその行動原理が大きく異なるが、人間をゴミとしか見ていない価値観は共通している。 星之使徒的成员之一，是继希奇、马洛加入之后，加入星之使者的最初成员之一，原来是开发依芙生化武器蒂亚优博士的助理。是个热爱玩弄人心与实验的知识狂。能力是“Warp world”扭曲世界，能造出类似虚拟实境的空间使人迷失其中。,1,0,0,1,,https://lain.bgm.tv/pic/crt/l/37/5b/41565_crt_lq1qK.jpg,https://lain.bgm.tv/r/400/pic/crt/l/37/5b/41565_crt_lq1qK.jpg,,,,,https://bgm.tv/character/41565,,41565
bgm-bgm77449,bangumi,11,1,,莉莉斯,莉莉斯,Lilith,,,,,Galgame,Galgame,闪耀暖暖,,2019,Galgame,,贪婪的人才，能得到一切,1,0,0,1,,https://lain.bgm.tv/pic/crt/l/5a/ee/77449_crt_cpDRA.jpg?r=1590984043,https://lain.bgm.tv/r/400/pic/crt/l/5a/ee/77449_crt_cpDRA.jpg?r=1590984043,,,,,https://bgm.tv/character/77449,,77449
bgm-bgm6441,bangumi,11,1,,真红炼,真紅煉,Maaka Ren,,其他,,,动画,动画,かりん,增血鬼果林,2005,动画,,对血的嗜好是“压力”。由于喜欢女人（詹姆士遗传），爱好泡妞。但吸血后就会丧失兴趣而抛弃女人。曾经想对健太妈妈下手。漫画版的番外篇与同学藤谷 日向，彼此互相吸引，不过由于觉醒而不得已离别。但在动画版中未觉醒时在男子学校住宿。因为误将室友当成女生而咬过室友。,1,0,0,1,,https://lain.bgm.tv/pic/crt/l/0b/07/6441_crt_anidb.jpg,https://lain.bgm.tv/r/400/pic/crt/l/0b/07/6441_crt_anidb.jpg,,,,,https://bgm.tv/character/6441,,6441
bgm-bgm178572,bangumi,11,1,,纳菲,纳菲,Nafie,,其他,,,游戏,游戏,千年之旅,,2023,游戏,,“魔君”沃尔斯海姆最后的子嗣，在她出生的那一刻便传出了一条预言——“她会成长为不亚于魔君的大魔王”。,1,0,0,1,,https://lain.bgm.tv/pic/crt/l/17/1d/178572_crt_Z700j.jpg?r=1751228963,https://lain.bgm.tv/r/400/pic/crt/l/17/1d/178572_crt_Z700j.jpg?r=1751228963,,,,,https://bgm.tv/character/178572,,178572
bgm-bgm62192,bangumi,11,1,,,タタン,TATIN,,其他,O,,Galgame,Galgame,天惺のイリュミナシア〜オトメ勇者〜,少女勇者,2017,Galgame,,有着犬类血统的ヴィント族青年。 Krumm的弟弟，是位讨厌需要保持耐心的事的充满活力的孩子。 有着凑近别人闻其身上味道的癖好。 想要打倒魔王成为英雄。,1,0,0,1,,https://lain.bgm.tv/pic/crt/l/80/de/62192_crt_pl6Hh.jpg?r=1522066574,https://lain.bgm.tv/r/400/pic/crt/l/80/de/62192_crt_pl6Hh.jpg?r=1522066574,,,,,https://bgm.tv/character/62192,,62192
bgm-bgm99699,bangumi,11,1,,,程染,,,其他,,,动画,动画,眷思量 第二季,,2024,动画,"[{""t"":""眷思量 第二季"",""cn"":"""",""ty"":""动画"",""y"":2024,""pop"":0},{""t"":""眷思量"",""cn"":"""",""ty"":""动画"",""y"":2021,""pop"":0}]",,0,0,0,0,,https://lain.bgm.tv/pic/crt/l/2e/8e/99699_crt_BR2wn.jpg,https://lain.bgm.tv/r/400/pic/crt/l/2e/8e/99699_crt_BR2wn.jpg,,,,,https://bgm.tv/character/99699,,99699
bgm-bgm192586,bangumi,11,1,,,沖縄あわも,,,其他,,,动画,动画,ずんだホライずん,豆打地平线,2017,动画,,CV：古賀葵 年齢：13歳（のちにふるさと女学院中等部1年に転入） 誕生：11月1日 趣味：他人にちょっかいをかけること、釣り（川、海、湖問わず）,0,0,0,0,,https://lain.bgm.tv/pic/crt/l/ac/d0/192586_crt_hzKTa.jpg,https://lain.bgm.tv/r/400/pic/crt/l/ac/d0/192586_crt_hzKTa.jpg,,,,,https://bgm.tv/character/192586,,192586
bgm-bgm110710,bangumi,11,1,,波奇,ボチ,,,其他,,,动画|游戏,动画,遊☆戯☆王ゴーラッシュ!!,游戏王 Go Rush！！,2022,动画,"[{""t"":""遊☆戯☆王ゴーラッシュ!!"",""cn"":""游戏王 Go Rush！！"",""ty"":""动画"",""y"":2022,""pop"":0},{""t"":""遊戯王 デュエルリンクス"",""cn"":""游戏王：决斗链接"",""ty"":""游戏"",""y"":2016,""pop"":0}]",ワンワーワワン星系に伝わる一匹相伝の拳法「邪犬愛凶拳（じゃけんあいきょうけん）」の伝承者を目指す宇宙犬。最強を求める道でラッシュデュエルと出会った。幼い頃のマナブに拾われたが、彼が修行に出たことを知らず捨てられたと勘違いをした結果、復讐（ふくしゅう）に燃える犬となった。,0,0,0,0,,https://lain.bgm.tv/pic/crt/l/80/b7/110710_crt_3A9Ja.jpg,https://lain.bgm.tv/r/400/pic/crt/l/80/b7/110710_crt_3A9Ja.jpg,,,,,https://bgm.tv/character/110710,,110710
bgm-bgm108703,bangumi,11,1,,达尔梅西亚,ダルメシアン,Dalmatian,,其他,,,动画|漫画,漫画,ONE PIECE,航海王,1997,漫画,"[{""t"":""ONE PIECE"",""cn"":""航海王"",""ty"":""漫画"",""y"":1997,""pop"":0},{""t"":""ONE PIECE"",""cn"":""航海王"",""ty"":""动画"",""y"":1999,""pop"":0}]",海軍本部中将。動物系の能力者で頂上戦争ではルフィの行く手を阻んだ。,0,0,0,0,,https://lain.bgm.tv/pic/crt/l/62/79/108703_crt_kFhn7.jpg,https://lain.bgm.tv/r/400/pic/crt/l/62/79/108703_crt_kFhn7.jpg,,,,,https://bgm.tv/character/108703,,108703
bgm-bgm75155,bangumi,11,1,,萩原朔太郎,萩原朔太郎,Hagiwara Sakutaro,,其他,,,动画,动画,啄木鳥探偵處,啄木鸟侦探社,2020,动画,,,0,0,0,0,,https://lain.bgm.tv/pic/crt/l/9d/a0/75155_crt_20fRE.jpg?r=1581071013,https://lain.bgm.tv/r/400/pic/crt/l/9d/a0/75155_crt_20fRE.jpg?r=1581071013,,,,,https://bgm.tv/character/75155,,75155
bgm-bgm182627,bangumi,11,1,,川和雏子,川和雛子,Hinako Kawawa,,其他,,,漫画,漫画,ふたりべや,你我的双人间,2015,漫画,,,0,0,0,0,,https://lain.bgm.tv/pic/crt/l/41/9a/182627_crt_qW6My.jpg,https://lain.bgm.tv/r/400/pic/crt/l/41/9a/182627_crt_qW6My.jpg,,,,,https://bgm.tv/character/182627,,182627
bgm-bgm67963,bangumi,11,1,,幸谷大吾郎,幸谷大吾郎,Kouya Daigorou,,其他,A,,动画|漫画,漫画,迷い猫オーバーラン!,娇蛮猫娘大横行！,2008,漫画,"[{""t"":""迷い猫オーバーラン!"",""cn"":""娇蛮猫娘大横行！"",""ty"":""漫画"",""y"":2008,""pop"":0},{""t"":""迷い猫オーバーラン！"",""cn"":""迷途猫OVER RUN"",""ty"":""动画"",""y"":2010,""pop"":0},{""t"":""迷い猫オーバーラン!"",""cn"":""娇蛮猫娘大横行！"",""ty"":""漫画"",""y"":2010,""pop"":0}]",武道一本道の日本文化男。人格者だが少しずれている。天然少年。,0,0,0,0,,https://lain.bgm.tv/pic/crt/l/97/38/67963_crt_oZd35.jpg?r=1545730710,https://lain.bgm.tv/r/400/pic/crt/l/97/38/67963_crt_oZd35.jpg?r=1545730710,,,,,https://bgm.tv/character/67963,,67963
bgm-bgm52102,bangumi,11,1,,黑色支配,黒色支配,Kuroiro Shihai,,其他,A,,动画|漫画,动画,僕のヒーローアカデミア 第2期,我的英雄学院 第二季,2017,动画,"[{""t"":""僕のヒーローアカデミア 第2期"",""cn"":""我的英雄学院 第二季"",""ty"":""动画"",""y"":2017,""pop"":0},{""t"":""僕のヒーローアカデミア 第3期"",""cn"":""我的英雄学院 第三季"",""ty"":""动画"",""y"":2018,""pop"":0},{""t"":""僕のヒーローアカデミア FINAL SEASON"",""cn"":""我的英雄学院 最终季"",""ty"":""动画"",""y"":2025,""pop"":0},{""t"":""僕のヒーローアカデミア 第6期"",""cn"":""我的英雄学院 第六季"",""ty"":""动画"",""y"":2022,""pop"":0},{""t"":""僕のヒーローアカデミア 第5期"",""cn"":""我的英雄学院 第五季"",""ty"":""动画"",""y"":2021,""pop"":0},{""t"":""僕のヒーローアカデミア"",""cn"":""我的英雄学院"",""ty"":""漫画"",""y"":2014,""pop"":0}]",英雄科1年B班 个性：黑(Black),0,0,0,0,,https://lain.bgm.tv/pic/crt/l/94/2f/52102_crt_kMHu2.jpg?r=1716259930,https://lain.bgm.tv/r/400/pic/crt/l/94/2f/52102_crt_kMHu2.jpg?r=1716259930,,,,,https://bgm.tv/character/52102,,52102
bgm-bgm179892,bangumi,11,1,,,米拉,Mira,,其他,,,游戏,游戏,无期迷途,,2022,游戏,,,0,0,0,0,,https://lain.bgm.tv/pic/crt/l/eb/13/179892_crt_1KZyW.jpg?r=1752818823,https://lain.bgm.tv/r/400/pic/crt/l/eb/13/179892_crt_1KZyW.jpg?r=1752818823,https://storage.moegirl.org.cn/moegirl/commons/9/96/%E9%BB%91%E9%95%9C.jpg!/fw/480/watermark/url/L21vZWdpcmwvd2F0ZXJtYXJrLnBuZw==/align/southeast/margin/10x10/opacity/50?v=20180809052429|https://storage.moegirl.org.cn/moegirl/commons/9/96/%E9%BB%91%E9%95%9C.jpg,,图源:moegirl,,https://bgm.tv/character/179892,,179892
bgm-bgm5584,bangumi,11,1,,米兰妲,ミランダ,Miranda,,其他,,,动画,动画,クイズマジックアカデミー ～オリジナルアニメーション～,问答魔法学院,2008,动画,,,0,0,0,0,,https://lain.bgm.tv/pic/crt/l/03/3d/5584_crt_anidb.jpg,https://lain.bgm.tv/r/400/pic/crt/l/03/3d/5584_crt_anidb.jpg,,,,,https://bgm.tv/character/5584,,5584
bgm-bgm157251,bangumi,11,1,,普罗奇温,プロキオン,Procyon,普羅奇溫,其他,,,Galgame,Galgame,夢王国と眠れる100人の王子様,梦王国与沉睡的100名王子,2015,Galgame,,星之國・凱因內斯的王子。專長是透過味道來分辨人的本性，因為對任何人都很親切，所以受到身邊人的愛戴。最近他的弟弟剛誕生。,0,0,0,0,,https://lain.bgm.tv/pic/crt/l/dc/f5/157251_crt_IstWa.jpg,https://lain.bgm.tv/r/400/pic/crt/l/dc/f5/157251_crt_IstWa.jpg,,,,,https://bgm.tv/character/157251,,157251
bgm-bgm108253,bangumi,11,1,,列尼姆,レニム,Renim,,其他,B,,动画,动画,SHAMAN KING FLOWERS,通灵王 FLOWERS,2024,动画,"[{""t"":""SHAMAN KING FLOWERS"",""cn"":""通灵王 FLOWERS"",""ty"":""动画"",""y"":2024,""pop"":0},{""t"":""SHAMAN KING"",""cn"":""通灵王"",""ty"":""动画"",""y"":2021,""pop"":0}]",パッチ族十祭司。チョコラブの元担当。持霊は、カメレオンの精霊クリアコート。,0,0,0,0,,https://lain.bgm.tv/pic/crt/l/9a/6a/108253_crt_Z9e88.jpg?r=1647738675,https://lain.bgm.tv/r/400/pic/crt/l/9a/6a/108253_crt_Z9e88.jpg?r=1647738675,,,,,https://bgm.tv/character/108253,,108253
bgm-bgm157308,bangumi,11,1,,华斯谛,ヴァスティ,Vashti,華斯諦,其他,,,Galgame,Galgame,夢王国と眠れる100人の王子様,梦王国与沉睡的100名王子,2015,Galgame,,罪過之國・沃塔里亞的王子。在收容著犯下「貪婪」之罪的罪人們的監獄中，擔任官吏一職。覺得世間上所有的東西都屬於自己，個性強硬。但是，屬於自己的東西會非常珍惜，就算是一支筆，也會小心翼翼地使用。,0,0,0,0,,https://lain.bgm.tv/pic/crt/l/47/6d/157308_crt_ouRzO.jpg,https://lain.bgm.tv/r/400/pic/crt/l/47/6d/157308_crt_ouRzO.jpg,,,,,https://bgm.tv/character/157308,,157308
bgm-bgm60624,bangumi,11,1,,四道,四道,shidou,,其他,A,,动画|漫画,漫画,BASARA,婆娑罗,1991,漫画,"[{""t"":""BASARA"",""cn"":""婆娑罗"",""ty"":""漫画"",""y"":1991,""pop"":0},{""t"":""LEGEND OF BASARA"",""cn"":""婆娑罗"",""ty"":""动画"",""y"":1998,""pop"":0}]",朱理的表兄兼亲友，对朱理极为忠心。平时性格温和，作战时毫不留情。,0,0,0,0,,https://lain.bgm.tv/pic/crt/l/7f/a9/60624_crt_7Rp5P.jpg,https://lain.bgm.tv/r/400/pic/crt/l/7f/a9/60624_crt_7Rp5P.jpg,,,,,https://bgm.tv/character/60624,,60624
