id,src,month,day,year,name_cn,name_native,name_romaji,alt_names,gender,blood,age,types,ptype,work,work_cn,work_year,work_fmt,works,summary,heat,fav,votes,collects,nsfw,image,thumb,alts,palette,tags,url_al,url_bgm,url_vndb,bgm_id
al65523,anilist,12,24,,江之岛盾子,江ノ島盾子,Junko Enoshima,Super High School Level Gyaru (超高校級のギャル) / Super High School Level Gal / Ultimate Fashionista / Despair Sisters,女,AB,,动画|漫画|轻小说|Galgame,动画,ダンガンロンパ 希望の学園と絶望の高校生 The Animation,弹丸论破 希望学园与绝望高中生,2013,动画,"[{""t"":""ダンガンロンパ 希望の学園と絶望の高校生 The Animation"",""cn"":""弹丸论破 希望学园与绝望高中生"",""ty"":""动画"",""y"":2013,""pop"":233260},{""t"":""ダンガンロンパ３ –The End of 希望ヶ峰学園– 未来編"",""cn"":"""",""ty"":""动画"",""y"":2016,""pop"":90791},{""t"":""ダンガンロンパ3 -The End of 希望ヶ峰学園-　絶望編"",""cn"":""弹丸论破3 -The End of 希望之峰学园- 绝望篇"",""ty"":""动画"",""y"":2016,""pop"":89210},{""t"":""ダンガンロンパ 希望の学園と絶望の高校生"",""cn"":""弹丸论破 希望的学园和绝望高中生"",""ty"":""Galgame"",""y"":2010,""pop"":15953},{""t"":""スーパーダンガンロンパ2 さよなら絶望学園"",""cn"":""超级弹丸论破2 再见了绝望学园"",""ty"":""Galgame"",""y"":2012,""pop"":13178},{""t"":""ニューダンガンロンパV3 みんなのコロシアイ新学期"",""cn"":""新弹丸论破V3 大家的自相残杀新学期"",""ty"":""Galgame"",""y"":2017,""pop"":8847}]",超高校級の「ギャル」。女性向けファッション雑誌のカリスマ読者モデルとして、全国の女子高生のファッションを牽引している。 いかにも「イマドキの女子高生」といった印象を与える軟派な言動が特徴だが、性格は直情的で、モノクマにも食ってかかる。 ボリュームのあるツインテールにウサギのヘアピンを付け、胸の露出をした制服を着こなす。手には赤い付け爪をしている。 一方でホームレス生活をしたことがあるなど、すさんだ過去を持っている。,15953,2438,15953,145,,https://s4.anilist.co/file/anilistcdn/character/large/b65523-OztiX9PhydrG.png,https://s4.anilist.co/file/anilistcdn/character/medium/b65523-OztiX9PhydrG.png,https://t.vndb.org/ch/20/72620.jpg|https://lain.bgm.tv/r/400/pic/crt/l/a4/76/18038_crt_TM9ca.jpg?r=1535009572,,Blond Pink Twin Tails Long Slim Pale Proactive Villain Disaster Blue,https://anilist.co/character/65523,https://bgm.tv/character/18038,https://vndb.org/c10202,18038
al78137,anilist,12,24,,战刃骸,戦刃むくろ,Mukuro Ikusaba,Ultimate Soldier / Super High School Level Soldier (超高校級の軍人) / Despair Sisters / Junko Enoshima,女,A,,动画|漫画|轻小说|Galgame,动画,ダンガンロンパ 希望の学園と絶望の高校生 The Animation,弹丸论破 希望学园与绝望高中生,2013,动画,"[{""t"":""ダンガンロンパ 希望の学園と絶望の高校生 The Animation"",""cn"":""弹丸论破 希望学园与绝望高中生"",""ty"":""动画"",""y"":2013,""pop"":233260},{""t"":""ダンガンロンパ3 -The End of 希望ヶ峰学園-　絶望編"",""cn"":""弹丸论破3 -The End of 希望之峰学园- 绝望篇"",""ty"":""动画"",""y"":2016,""pop"":89210},{""t"":""スーパーダンガンロンパ2.5 狛枝凪斗と世界の破壊者"",""cn"":""超级弹丸论破2.5 狛枝凪斗与世界的破坏者"",""ty"":""动画"",""y"":2017,""pop"":34341},{""t"":""ダンガンロンパ 希望の学園と絶望の高校生"",""cn"":""弹丸论破 希望的学园和绝望高中生"",""ty"":""Galgame"",""y"":2010,""pop"":15953},{""t"":""ニューダンガンロンパV3 みんなのコロシアイ新学期"",""cn"":""新弹丸论破V3 大家的自相残杀新学期"",""ty"":""Galgame"",""y"":2017,""pop"":8847},{""t"":""ダンガンロンパ 希望の学園と絶望の高校生 The Animation"",""cn"":""弹丸论破 希望学园与绝望高中生"",""ty"":""漫画"",""y"":2013,""pop"":5507}]",超高校級の「軍人」。コロシアイ学園生活の“16番目の高校生”である謎の人物。 プロの傭兵集団“フェンリル”に所属していた過去を持ち、非常に高い戦闘能力を有するとされる。,15953,435,15953,25,,https://s4.anilist.co/file/anilistcdn/character/large/b78137-UfsRPvPOdMAk.jpg,https://s4.anilist.co/file/anilistcdn/character/medium/b78137-UfsRPvPOdMAk.jpg,https://t.vndb.org/ch/94/15494.jpg|https://lain.bgm.tv/r/400/pic/crt/l/4e/53/18236_crt_EDz5s.jpg?r=1534940414,,Black Short Slim Pale Grey Tattoo Gloves Miniskirt Knee-high Socks Kevlar Armor,https://anilist.co/character/78137,https://bgm.tv/character/18236,https://vndb.org/c12346,18236
al4604,anilist,12,24,1984,古河渚,古河渚,Nagisa Furukawa,岡崎 渚 / Okazaki Nagisa / 冈崎渚 / 小渚,女,A,18-19,动画|Galgame,动画,ＣＬＡＮＮＡＤ -クラナド-,,2007,动画,"[{""t"":""ＣＬＡＮＮＡＤ -クラナド-"",""cn"":"""",""ty"":""动画"",""y"":2007,""pop"":300168},{""t"":""ＣＬＡＮＮＡＤ ~After Story~ クラナド アフターストーリー"",""cn"":"""",""ty"":""动画"",""y"":2008,""pop"":223532},{""t"":""劇場版 クラナド"",""cn"":"""",""ty"":""动画"",""y"":2007,""pop"":32052},{""t"":""獄・さよなら絶望先生"",""cn"":""狱・再见绝望先生"",""ty"":""动画"",""y"":2008,""pop"":16524},{""t"":""CLANNAD"",""cn"":"""",""ty"":""Galgame"",""y"":2004,""pop"":11405},{""t"":""かぎなど"",""cn"":""键等"",""ty"":""动画"",""y"":2021,""pop"":10419}]",就读某高中的3年B班，比朋也大一岁，因为久病重读一年，对于将面对新的环境而在往校门前的坡道上不敢前行，也因此和朋也相遇并熟识。 家里开面包店，有个直爽的父亲和温柔的母亲。 个性认真温柔，缺乏自信，不过有时却意外的顽固。 十分喜欢演戏，可是却完全没有演戏剧的经验，目标是再建立戏剧社。 对以前流行的“团子大家族”特别喜爱，时常哼著团子大家族的歌，也常抱着团子大家族的布偶入睡。,11405,3739,11405,1608,,https://s4.anilist.co/file/anilistcdn/character/large/b4604-YFJiWeuGSIYf.png,https://s4.anilist.co/file/anilistcdn/character/medium/b4604-YFJiWeuGSIYf.png,https://t.vndb.org/ch/28/27928.jpg|https://lain.bgm.tv/r/400/pic/crt/l/e9/cf/4_crt_ZeUZW.jpg?r=1692105566,,Brown Antenna Shoulder-length Straight Brown Teen Slim Pale Hard Worker Cooking,https://anilist.co/character/4604,https://bgm.tv/character/4,https://vndb.org/c478,4
al309,anilist,12,24,,托尼托尼·乔巴,トニートニー・チョッパー,Chopper Tony Tony,Tanuki / Chopperman / Cotton Candy Lover / Racoon Dog,男,X,15-,动画|漫画,动画,ONE PIECE,航海王,1999,动画,"[{""t"":""ONE PIECE"",""cn"":""航海王"",""ty"":""动画"",""y"":1999,""pop"":750384},{""t"":""ONE PIECE"",""cn"":""航海王"",""ty"":""漫画"",""y"":1997,""pop"":232766},{""t"":""ONE PIECE FILM RED"",""cn"":""航海王：红发歌姬"",""ty"":""动画"",""y"":2022,""pop"":78378},{""t"":""ONE PIECE FILM Z"",""cn"":""航海王：Z"",""ty"":""动画"",""y"":2012,""pop"":64412},{""t"":""ONE PIECE STAMPEDE"",""cn"":""航海王：狂热行动"",""ty"":""动画"",""y"":2019,""pop"":62019},{""t"":""ONE PIECE FAN LETTER"",""cn"":"""",""ty"":""动画"",""y"":2024,""pop"":58152}]",〝万能薬〟を目指す青っ鼻のトナカイ!! ヒトヒトの実を食べて人間の能力を得た青っ鼻のトナカイ。トナカイ人間になって化け物扱いされた自分を救った恩人、Dr．ヒルルクの遺志を継ぎ医者を志す。夢は何でも直せる医者になって自分が〝万能薬〟になること。 高い知識と技術を持つ一味の優秀な船医だが、みんなを助けられる強い男になるために、悪魔の実の能力を駆使して戦闘でも大奮闘！ 元トナカイだけに鼻がきいたり、他の動物と会話することも可能だ。,8839,8839,0,107,,https://s4.anilist.co/file/anilistcdn/character/large/b309-H64NhbJ2ywIQ.jpg,https://s4.anilist.co/file/anilistcdn/character/medium/b309-H64NhbJ2ywIQ.jpg,https://lain.bgm.tv/r/400/pic/crt/l/51/d7/2371_crt_ELSjx.jpg,,,https://anilist.co/character/309,https://bgm.tv/character/2371,,2371
al53901,anilist,12,24,,宇智波斑,うちはマダラ,Madara Uchiha,,男,,,动画|漫画|轻小说|游戏,动画,NARUTO -ナルト- 疾風伝,火影忍者疾风传,2007,动画,"[{""t"":""NARUTO -ナルト- 疾風伝"",""cn"":""火影忍者疾风传"",""ty"":""动画"",""y"":2007,""pop"":610025},{""t"":""NARUTO -ナルト-"",""cn"":""火影忍者"",""ty"":""漫画"",""y"":1999,""pop"":99205},{""t"":""ROAD OF NARUTO"",""cn"":"""",""ty"":""动画"",""y"":2022,""pop"":20865},{""t"":""NARUTO秘伝シリーズ"",""cn"":"""",""ty"":""轻小说"",""y"":2015,""pop"":2513},{""t"":""うちはサスケの写輪眼伝"",""cn"":"""",""ty"":""漫画"",""y"":2014,""pop"":1256},{""t"":""ROAD TO NINJA NARUTO THE MOVIE"",""cn"":""火影忍者 剧场版 忍者之路"",""ty"":""轻小说"",""y"":2012,""pop"":521}]","Missing-nin Co-founder of Konohagakure, Leader of the Uchiha clan Uchiha clan Madara Uchiha is a legendary ninja who led the Uchiha clan prior to and after the formation of Konohagakure.",4997,4997,0,36,,https://s4.anilist.co/file/anilistcdn/character/large/b53901-HnRKSoHMG5Vg.png,https://s4.anilist.co/file/anilistcdn/character/medium/b53901-HnRKSoHMG5Vg.png,https://lain.bgm.tv/r/400/pic/crt/l/38/95/7371_crt_gmgeM.jpg,,,https://anilist.co/character/53901,https://bgm.tv/character/7371,,7371
vndb-c3555,vndb,12,24,,,バーサーカー,Berserker,アルクェイド・ブリュンスタッド / Arcueid Brunestud / 白いバーサーカー / White Berserker,女,,,Galgame,Galgame,フェイト/エクストラ,Fate/EXTRA,2010,Galgame,,One of the two Berserkers that appear in the game; the servant of Gatou Monji. Her true identity is Arcueid Brunestud from Tsukihime.,2508,0,2508,0,,https://t.vndb.org/ch/09/3609.jpg,https://t.vndb.org/ch/09/3609.jpg,,#906944 #b3997e #c8b9a9 #ded5cf #eeedea #fffffe,Blond Ahoge Wavy Shoulder-length Straight Slim Pale Sweater Fighting Violet,,,https://vndb.org/c3555,
bgm-bgm15086,vndb,12,24,,莱昂纳多·贝斯特里欧·哈维,レオナルド・ビスタリオ・ハーウェイ,Leonardo Bistario Harway,Leo Harway / 雷欧纳多·比斯塔里奥·哈维 / 李奥,男,A,,动画|漫画|游戏|Galgame,Galgame,フェイト/エクストラ,Fate/EXTRA,2010,Galgame,"[{""t"":""フェイト/エクストラ"",""cn"":""Fate/EXTRA"",""ty"":""Galgame"",""y"":2010,""pop"":2508},{""t"":""Fate/EXTRA CCC"",""cn"":""Fate/EXTRA CCC"",""ty"":""Galgame"",""y"":2013,""pop"":789},{""t"":""Fate/EXTRA CCC"",""cn"":""Fate/EXTRA CCC"",""ty"":""Galgame"",""y"":2013,""pop"":0},{""t"":""Fate/EXTRA"",""cn"":""Fate/EXTRA"",""ty"":""游戏"",""y"":2010,""pop"":0},{""t"":""Fate/EXTRA Last Encore"",""cn"":""Fate/EXTRA Last Encore"",""ty"":""动画"",""y"":2018,""pop"":0},{""t"":""フェイト/エクストラ CCC FoxTail"",""cn"":""Fate Extra CCC 妖狐传"",""ty"":""漫画"",""y"":2014,""pop"":0}]",西欧财阀—哈维财阀的下任盟主。自以为是天命之子的天才少年。,2508,0,2508,9,,https://t.vndb.org/ch/85/3585.jpg,https://t.vndb.org/ch/85/3585.jpg,https://lain.bgm.tv/r/400/pic/crt/l/e3/f2/15086_crt_IosHs.jpg,#99260e #bdb096 #53525b #e1dac6 #f6f5ec #ffffff,Blond Short Straight Teen Slim Pale School Uniform Trousers Master Green,,https://bgm.tv/character/15086,https://vndb.org/c3532,15086
al76364,anilist,12,24,,,安達垣愛姫,Aki Adagaki,Cruel Princess (残虐姫‚ Zangyaku Hime),女,AB,16-19,动画|漫画,动画,政宗くんのリベンジ,,2017,动画,"[{""t"":""政宗くんのリベンジ"",""cn"":"""",""ty"":""动画"",""y"":2017,""pop"":243828},{""t"":""政宗くんのリベンジR"",""cn"":"""",""ty"":""动画"",""y"":2023,""pop"":86436},{""t"":""政宗くんのリベンジ OVA"",""cn"":"""",""ty"":""动画"",""y"":2018,""pop"":37546},{""t"":""政宗くんのリベンジ"",""cn"":"""",""ty"":""漫画"",""y"":2012,""pop"":33158},{""t"":""政宗くんのリベンジafter school"",""cn"":"""",""ty"":""漫画"",""y"":2018,""pop"":5680},{""t"":""政宗くんのリベンジ -engagement-"",""cn"":"""",""ty"":""漫画"",""y"":2023,""pop"":2342}]","162 cm Aki comes from a well off family and is known for her brutal treatment of men. As a result, she has gained the nickname ""Cruel Princess"" from her classmates.",2375,2375,0,0,,https://s4.anilist.co/file/anilistcdn/character/large/b76364-ATlG8j4fx3vg.png,https://s4.anilist.co/file/anilistcdn/character/medium/b76364-ATlG8j4fx3vg.png,,,,https://anilist.co/character/76364,,,
al74653,anilist,12,24,,,ディアンヌ,Diane,Serpent's Sin of Envy ,女,,,动画,动画,七つの大罪,七大罪,2014,动画,"[{""t"":""七つの大罪"",""cn"":""七大罪"",""ty"":""动画"",""y"":2014,""pop"":529134},{""t"":""七つの大罪 戒めの復活"",""cn"":""七大罪 戒律的复活"",""ty"":""动画"",""y"":2018,""pop"":286406},{""t"":""七つの大罪 神々の逆鱗"",""cn"":""七大罪 诸神的逆鳞"",""ty"":""动画"",""y"":2019,""pop"":202771},{""t"":""七つの大罪 聖戦の予兆"",""cn"":""七大罪 圣战的预兆"",""ty"":""动画"",""y"":2016,""pop"":171917},{""t"":""七つの大罪 憤怒の審判"",""cn"":""七大罪 愤怒的审判"",""ty"":""动画"",""y"":2021,""pop"":139330},{""t"":""劇場版 七つの大罪 天空の囚われ人"",""cn"":""剧场版 七大罪 天空的囚人"",""ty"":""动画"",""y"":2018,""pop"":89979}]",Diane is a member of the Seven Deadly Sins and is The Sin of Envy with the symbol of the Serpent. She is also a member of the Giant's Clan.,2268,2268,0,0,,https://s4.anilist.co/file/anilistcdn/character/large/b74653-XpMcsLVZBnkZ.jpg,https://s4.anilist.co/file/anilistcdn/character/medium/b74653-XpMcsLVZBnkZ.jpg,,,,https://anilist.co/character/74653,,,
bgm-bgm38928,vndb,12,24,,蕾法·帕德玛·克莱因,レイファ・パドマ・クライン,Reifa Padoma Kurain,,女,,,动画|Galgame,Galgame,逆転裁判6,,2016,Galgame,"[{""t"":""逆転裁判6"",""cn"":"""",""ty"":""Galgame"",""y"":2016,""pop"":1901},{""t"":""逆転裁判6"",""cn"":""逆转裁判6"",""ty"":""Galgame"",""y"":2016,""pop"":0},{""t"":""逆転裁判6 プロローグ"",""cn"":""逆转裁判6 序幕"",""ty"":""动画"",""y"":2016,""pop"":0}]",《逆转裁判6》登场，克莱因王国的姬巫女，14岁。由于克莱因王国是一个不需要律师的国家，因此一切的审判都由她的“御魂托宣”来判决。暂时还没有灵媒的能力。,1901,0,1901,22,,https://t.vndb.org/ch/74/95674.jpg,https://t.vndb.org/ch/74/95674.jpg,https://lain.bgm.tv/r/400/pic/crt/l/8b/ad/38928_crt_8J28j.jpg?r=1475328167,#563648 #937364 #e4a5be #c29b94 #e2dad6 #fefefe,Black Twin Tails Long Teen Green Tattoo Robe Hair Ribbon Miniskirt Shy,,https://bgm.tv/character/38928,https://vndb.org/c52840,38928
bgm-bgm17261,vndb,12,24,,爱理,愛理,Airi,GEZI-SISTER / Ghost-chan,女,NO D,,动画|漫画|Galgame,Galgame,ROBOTICS;NOTES,机器人笔记,2012,Galgame,"[{""t"":""ROBOTICS;NOTES"",""cn"":""机器人笔记"",""ty"":""Galgame"",""y"":2012,""pop"":1864},{""t"":""ROBOTICS;NOTES DaSH"",""cn"":"""",""ty"":""Galgame"",""y"":2019,""pop"":773},{""t"":""ROBOTICS;NOTES"",""cn"":""机器人笔记"",""ty"":""Galgame"",""y"":2012,""pop"":0},{""t"":""ROBOTICS;NOTES DaSH"",""cn"":""机器人笔记 DaSH"",""ty"":""Galgame"",""y"":2019,""pop"":0},{""t"":""ROBOTICS;NOTES"",""cn"":""机器人笔记"",""ty"":""动画"",""y"":2012,""pop"":0},{""t"":""ROBOTICS;NOTES 瀬乃宮みさ希の未発表手記"",""cn"":""机器人笔记 赖乃宫美沙希的未发表手记"",""ty"":""漫画"",""y"":2012,""pop"":0}]","清楚で儚げでおしとやかな美少女。普段は敬語で礼儀正しいが、 まだまだ子供らしい無邪気さを見せる妹系キャラ。 ""海翔""のことを「お兄ちゃん」と呼んで慕っている。 突然性格が変わったように無表情になる事もあり、謎が多い。 君島レポートに深く関係しているらしい。",1864,0,1864,29,,https://t.vndb.org/ch/32/44132.jpg,https://t.vndb.org/ch/32/44132.jpg,https://lain.bgm.tv/r/400/pic/crt/l/7c/91/17261_crt_mDpZr.jpg,#1e313c #eadfd8 #737477 #b3aead #f7f0ea #ffffff,Curtained Teen Slim Pale Blue Dress Kuudere Stoic Friendly Split Personality,,https://bgm.tv/character/17261,https://vndb.org/c36548,17261
al5513,anilist,12,24,,,金色の闇,Konjiki no Yami,Yami / Golden Darkness,女,,,动画,动画,To LOVEる -とらぶる-,,2008,动画,"[{""t"":""To LOVEる -とらぶる-"",""cn"":"""",""ty"":""动画"",""y"":2008,""pop"":141288},{""t"":""To LOVEる -とらぶる- ダークネス"",""cn"":"""",""ty"":""动画"",""y"":2012,""pop"":78560},{""t"":""もっと To LOVEる -とらぶる-"",""cn"":"""",""ty"":""动画"",""y"":2010,""pop"":70190},{""t"":""To LOVEる -とらぶる- ダークネス2nd"",""cn"":"""",""ty"":""动画"",""y"":2015,""pop"":59464},{""t"":""To LOVEる -とらぶる-"",""cn"":"""",""ty"":""动画"",""y"":2009,""pop"":41179},{""t"":""To LOVEる -とらぶる- ダークネス"",""cn"":"""",""ty"":""动画"",""y"":2012,""pop"":30045}]","153 cm A dispassionate, withdrawn assassin, Golden Darkness is hired by one of [Lala](//anilist.co/character/5511)'s arranged suitors, [Lacospo](//anilist.co/character/71391) to kill [Rito](//anilist.co/character/5510), until she breaks the…",1728,1728,0,0,,https://s4.anilist.co/file/anilistcdn/character/large/b5513-n2VPdIYXaqbh.png,https://s4.anilist.co/file/anilistcdn/character/medium/b5513-n2VPdIYXaqbh.png,,,,https://anilist.co/character/5513,,,
vndb-c39734,vndb,12,24,,,白石 景之,Shiraishi Kageyuki,,男,,,Galgame,Galgame,Collar x Malice,,2016,Galgame,"[{""t"":""Collar x Malice"",""cn"":"""",""ty"":""Galgame"",""y"":2016,""pop"":1496},{""t"":""Collar x Malice -Unlimited-"",""cn"":"""",""ty"":""Galgame"",""y"":2018,""pop"":511}]",Kageyuki Shiraishi is an active duty cop who works in the Crime Lab as a profiler. He's the Director of the Field Ops department set up to solve the X-Day Incidents.,1496,0,1496,0,,https://t.vndb.org/ch/63/112363.jpg,https://t.vndb.org/ch/63/112363.jpg,,#c8a77f #7f533d #e4cfb7 #f1e6df #fcfaf6,Blond Ponytail Waist Length+ Straight Pale Sweater Trousers Dress Shoes Orphan Cooking,,,https://vndb.org/c39734,
al57491,anilist,12,24,,,白石うらら,Urara Shiraishi,Sunshine,女,A,,动画|漫画,动画,山田くんと7人の魔女,,2015,动画,"[{""t"":""山田くんと7人の魔女"",""cn"":"""",""ty"":""动画"",""y"":2015,""pop"":189518},{""t"":""山田くんと7人の魔女"",""cn"":"""",""ty"":""漫画"",""y"":2012,""pop"":33949},{""t"":""山田くんと7人の魔女 OAD"",""cn"":"""",""ty"":""动画"",""y"":2014,""pop"":25949},{""t"":""山田くんと7人の魔女"",""cn"":"""",""ty"":""动画"",""y"":2013,""pop"":16411},{""t"":""ヤンキー君な山田くんとメガネちゃんと魔女"",""cn"":"""",""ty"":""动画"",""y"":2015,""pop"":10150},{""t"":""M.H.B!"",""cn"":"""",""ty"":""漫画"",""y"":2014,""pop"":469}]",2-B Supernatural Studies Club President of the Supernatural Studies Club A beautiful girl who is Suzaku High's brightest student. She is one of the seven (original) witches. ~!Urara's ability as a witch is Body Swapping.,1423,1423,0,0,,https://s4.anilist.co/file/anilistcdn/character/large/b57491-4vnzg6Zahvyi.jpg,https://s4.anilist.co/file/anilistcdn/character/medium/b57491-4vnzg6Zahvyi.jpg,,,,https://anilist.co/character/57491,,,
bgm-bgm12239,vndb,12,24,,鹿野上悠马,鹿野上 悠馬,Kanoue Yuuma,欧派之神,男,AB,,Galgame,Galgame,いろとりどりのセカイ,,2011,Galgame,"[{""t"":""いろとりどりのセカイ"",""cn"":"""",""ty"":""Galgame"",""y"":2011,""pop"":1422},{""t"":""いろとりどりのヒカリ"",""cn"":"""",""ty"":""Galgame"",""y"":2012,""pop"":632},{""t"":""紅い瞳に映るセカイ"",""cn"":"""",""ty"":""Galgame"",""y"":2015,""pop"":392},{""t"":""いろとりどりのヒカリ"",""cn"":""五彩斑斓的曙光"",""ty"":""Galgame"",""y"":2012,""pop"":0},{""t"":""いろとりどりのセカイ"",""cn"":""五彩斑斓的世界"",""ty"":""Galgame"",""y"":2011,""pop"":0},{""t"":""紅い瞳に映るセカイ"",""cn"":""你朱眸里的五彩世界"",""ty"":""Galgame"",""y"":2015,""pop"":0}]",主人公。 幼い頃に出会った、半透明の魔法使いから力を貰った。 それは手を触れるだけで、《他者の負傷を完全に治癒してしまえる力》。 しかしその力には大きな代償があって……。 明るい性格だが少々面倒くさがり。年下に対して面倒見のいい面もある。 魔法使い・二階堂真紅と出会うより以前の記憶を一切、持たない。 特技は料理と物忘れ。 「願いが叶えば、俺たちはもう、いまみたいに一緒には居られなくなる」,1422,0,1422,9,,https://t.vndb.org/ch/36/1836.jpg,https://t.vndb.org/ch/36/1836.jpg,https://lain.bgm.tv/r/400/pic/crt/l/84/03/12239_crt_fSsO6.jpg,#aea09b #433d3e #dbccd5 #f5efe6 #f9f8f9,Black Ahoge Teen Slim Pale School Uniform Trousers Dress Shoes Hard Worker Magician,,https://bgm.tv/character/12239,https://vndb.org/c1792,12239
al121639,anilist,12,24,,,システィーナ フィーベル,Sistine Fibel,Sisti / White Cat,女,,,动画|漫画|轻小说,动画,ロクでなし魔術講師と禁忌教典(アカシックレコード),,2017,动画,"[{""t"":""ロクでなし魔術講師と禁忌教典(アカシックレコード)"",""cn"":"""",""ty"":""动画"",""y"":2017,""pop"":200317},{""t"":""ロクでなし魔術講師と禁忌教典"",""cn"":"""",""ty"":""漫画"",""y"":2015,""pop"":7100},{""t"":""ロクでなし魔術講師と禁忌教典"",""cn"":"""",""ty"":""轻小说"",""y"":2014,""pop"":2863},{""t"":""ロクでなし魔術講師と追想日誌"",""cn"":"""",""ty"":""轻小说"",""y"":2016,""pop"":298}]","Sistine admires magic greatly and wishes to discover the secret of the Flying Castle, which no one knows. She maintains a strict, no-nonsense demeanor throughout, and often scolds [Glenn](//anilist.co/character/121638/Radars-Glenn) for his…",1390,1390,0,0,,https://s4.anilist.co/file/anilistcdn/character/large/121639-ptCs3mEtYCoL.jpg,https://s4.anilist.co/file/anilistcdn/character/medium/121639-ptCs3mEtYCoL.jpg,,,,https://anilist.co/character/121639,,,
al289054,anilist,12,24,,,伊地知星歌,Seika Ijichi,,女,,29-,动画|漫画,动画,ぼっち・ざ・ろっく！,孤独摇滚！,2022,动画,"[{""t"":""ぼっち・ざ・ろっく！"",""cn"":""孤独摇滚！"",""ty"":""动画"",""y"":2022,""pop"":265557},{""t"":""ぼっち・ざ・ろっく！Re:"",""cn"":"""",""ty"":""动画"",""y"":2024,""pop"":25825},{""t"":""ぼっち・ざ・ろっく！"",""cn"":""孤独摇滚！"",""ty"":""漫画"",""y"":2018,""pop"":20185},{""t"":""ぼっち・ざ・ろっく！ Re:Re:"",""cn"":"""",""ty"":""动画"",""y"":2024,""pop"":13716},{""t"":""ぼっち・ざ・ろっく！外伝　廣井きくりの深酒日記"",""cn"":""孤独摇滚！外传 广井菊理的狂饮日记"",""ty"":""漫画"",""y"":2023,""pop"":4314},{""t"":""ぼっち・ざ・ろっく！アンソロジーコミック"",""cn"":"""",""ty"":""漫画"",""y"":2022,""pop"":1265}]","Nijika's older sister and manager of the live house ""STARRY"".",1195,1195,0,0,,https://s4.anilist.co/file/anilistcdn/character/large/b289054-UnScwd5RkqBk.png,https://s4.anilist.co/file/anilistcdn/character/medium/b289054-UnScwd5RkqBk.png,,,,https://anilist.co/character/289054,,,
al291294,anilist,12,24,,,マリヤ・ミハイロヴナ・九条,Mariya Kujou,Мария Михайловна Куджо / Masha (マーシャ) / Maa-chan / Madonna,女,,16-17,动画|漫画|轻小说,动画,時々ボソッとロシア語でデレる隣のアーリャさん,不时轻声地以俄语遮羞的邻座艾莉同学,2024,动画,"[{""t"":""時々ボソッとロシア語でデレる隣のアーリャさん"",""cn"":""不时轻声地以俄语遮羞的邻座艾莉同学"",""ty"":""动画"",""y"":2024,""pop"":204637},{""t"":""時々ボソッとロシア語でデレる隣のアーリャさん Season 2"",""cn"":""不时轻声地以俄语遮羞的邻座艾莉同学 第二季"",""ty"":""动画"",""y"":2027,""pop"":48213},{""t"":""時々ボソッとロシア語でデレる隣のアーリャさん"",""cn"":""不时轻声地以俄语遮羞的邻座艾莉同学"",""ty"":""漫画"",""y"":2022,""pop"":22641},{""t"":""時々ボソッとロシア語でデレる隣のアーリャさん"",""cn"":""不时轻声地以俄语遮羞的邻座艾莉同学"",""ty"":""轻小说"",""y"":2021,""pop"":9197},{""t"":""時々ボソッとロシア語でデレる隣のアーリャさん 裏話"",""cn"":"""",""ty"":""轻小说"",""y"":2024,""pop"":225},{""t"":""時々ボソッとロシア語でデレる勇者のアーリャさん"",""cn"":"""",""ty"":""漫画"",""y"":2026,""pop"":107}]",Mariya Mikhailovna Kujou is a second-year student and the student council secretary. Her nickname is Masha and she is the older biological sister of [Alisa Mikhailovna Kujou](//anilist.co/character/217334/Kujou-Mikhailovna-Alisa).,1107,1107,0,0,,https://s4.anilist.co/file/anilistcdn/character/large/b291294-dlnliQB6b8YS.jpg,https://s4.anilist.co/file/anilistcdn/character/medium/b291294-dlnliQB6b8YS.jpg,,,,https://anilist.co/character/291294,,,
bgm-bgm67052,vndb,12,24,,竹内麻巳,竹内 麻巳,Takeuchi Mami,,女,A,,动画|Galgame,Galgame,Canvas2～茜色のパレット～,,2004,Galgame,"[{""t"":""Canvas2～茜色のパレット～"",""cn"":"""",""ty"":""Galgame"",""y"":2004,""pop"":1067},{""t"":""Canvas2～茜色のパレット～"",""cn"":"""",""ty"":""Galgame"",""y"":2004,""pop"":1067},{""t"":""Canvas2～茜色のパレット～"",""cn"":"""",""ty"":""Galgame"",""y"":2004,""pop"":1067},{""t"":""Canvas2～茜色のパレット～"",""cn"":"""",""ty"":""Galgame"",""y"":2004,""pop"":1067},{""t"":""Canvas2 ～茜色のパレット～"",""cn"":""Canvas2～茜色的调色盘～"",""ty"":""Galgame"",""y"":2004,""pop"":0},{""t"":""Canvas2 〜虹色のスケッチ〜"",""cn"":""七彩的素描"",""ty"":""动画"",""y"":2005,""pop"":0}]",撫子学園3年生で美術部部長、美咲菫とはクラスメイト。特待生ではない身ながらも、地道な努力による絵画の技術と面倒見の良さから部長に推される。2年生の時、浩樹のぐうたらのせいで傾きつつある美術部を立て直すべく、浩樹の更生に情熱を燃やす。浩樹の性格や行動パターンを熟知している。水彩画を得意としており、「水彩の悪魔」と呼ばれている。 真面目で責任感が強い性格。その性格から浩樹には頼りにする反面苦手としている。お堅く見えるがサバサバしていて噂好きの普通の少女である。,1067,0,1067,3,,https://t.vndb.org/ch/09/11809.jpg,https://t.vndb.org/ch/09/11809.jpg,https://lain.bgm.tv/r/400/pic/crt/l/c0/8e/67052_crt_xYRiu.jpg,#ddadae #967781 #dcccc8 #f0eae4 #f9f6f4 #ffffff,Ponytail Shoulder-length Green Teen Slim Pale School Uniform Proactive Hard Worker Virgin Sex,,https://bgm.tv/character/67052,https://vndb.org/c5938,67052
bgm-bgm12117,vndb,12,24,,,柊 コハル,Hiiragi Koharu,,女,AB,,Galgame,Galgame,"Hello,good-bye",,2010,Galgame,"[{""t"":""Hello,good-bye"",""cn"":"""",""ty"":""Galgame"",""y"":2010,""pop"":1055},{""t"":""Hello,good-bye"",""cn"":"""",""ty"":""Galgame"",""y"":2010,""pop"":0}]",称呼カイト为「哥哥」的少女，天主堂学院的初级生。 10年前的一次事故让她成了孤儿，之后就被学院所收养，在学院的保护下长大。 和カイト完全没有血缘关系，却不知为何叫他为「哥哥」。 对于カイト所做的事，她可说是100%肯定的。哪怕カイト偶尔会失言，她也会帮他敷衍过去。或许这就是“兄妹”间相信任的证据。 很喜欢被カイト当作妹妹来对待。 和别人交谈时总会用一些礼貌用语。求知欲很旺盛，也因此知识丰富，只是她的见解多少有点奇怪就是了。 害羞程度也算是正常级别。,1055,0,1055,14,,https://t.vndb.org/ch/33/83433.jpg,https://t.vndb.org/ch/33/83433.jpg,https://lain.bgm.tv/r/400/pic/crt/l/6f/de/12117_crt_14fuy.jpg,#4a4255 #ae90af #dfc5c3 #eee4e2 #f9f6f2 #ffffff,Black White Twin Tails Waist Length+ Straight Slim Pale Orphan Cooking Doggy Style,,https://bgm.tv/character/12117,https://vndb.org/c895,12117
al326398,anilist,12,24,,,エルファリア・アルヴィス・セルフォルト,Elfaria Serfort,Elfaria Alvis Serholt / Elfie,女,,16-,动画|漫画|轻小说,动画,杖と剣のウィストリア,,2024,动画,"[{""t"":""杖と剣のウィストリア"",""cn"":"""",""ty"":""动画"",""y"":2024,""pop"":175733},{""t"":""杖と剣のウィストリア Season2"",""cn"":"""",""ty"":""动画"",""y"":2026,""pop"":118642},{""t"":""杖と剣のウィストリア"",""cn"":"""",""ty"":""漫画"",""y"":2020,""pop"":18855},{""t"":""杖と剣のウィストリア　グリモアクタ　―始まりの涙―"",""cn"":"""",""ty"":""轻小说"",""y"":2024,""pop"":460}]","163 cm (5'4"") Lyzance A true prodigy and the youngest Magia Vander in history, she watches over a certain young man from her windowsill in the Tower. Those close to her say she is an easygoing Magia Vander who likes to play the saint.",1017,1017,0,0,,https://s4.anilist.co/file/anilistcdn/character/large/b326398-wuRiW6ZhqdAL.png,https://s4.anilist.co/file/anilistcdn/character/medium/b326398-wuRiW6ZhqdAL.png,,,,https://anilist.co/character/326398,,,
al212394,anilist,12,24,,,ウィル・セルフォルト,Will Serfort,Will Serholt,男,,16-,动画|漫画|轻小说,动画,杖と剣のウィストリア,,2024,动画,"[{""t"":""杖と剣のウィストリア"",""cn"":"""",""ty"":""动画"",""y"":2024,""pop"":175733},{""t"":""杖と剣のウィストリア Season2"",""cn"":"""",""ty"":""动画"",""y"":2026,""pop"":118642},{""t"":""杖と剣のウィストリア Season3"",""cn"":"""",""ty"":""动画"",""y"":"""",""pop"":20971},{""t"":""杖と剣のウィストリア"",""cn"":"""",""ty"":""漫画"",""y"":2020,""pop"":18855},{""t"":""杖と剣のウィストリア　グリモアクタ　―始まりの涙―"",""cn"":"""",""ty"":""轻小说"",""y"":2024,""pop"":460}]","168 cm (5'6"") Lyzance Will Serfort is a sixth year student at the Regarden Magical Academy shunned by most students and faculty due to his lack of magical aptitude.",1011,1011,0,0,,https://s4.anilist.co/file/anilistcdn/character/large/b212394-LBHoN071nIuu.png,https://s4.anilist.co/file/anilistcdn/character/medium/b212394-LBHoN071nIuu.png,,,,https://anilist.co/character/212394,,,
bgm-bgm63873,vndb,12,24,,七七,ナナ,Nana,,女,AB,,Galgame,Galgame,"さくら、もゆ。-as the Night's, Reincarnation-",,2019,Galgame,"[{""t"":""さくら、もゆ。-as the Night's, Reincarnation-"",""cn"":"""",""ty"":""Galgame"",""y"":2019,""pop"":870},{""t"":""さくら、もゆ。-as the Night's, Reincarnation-"",""cn"":""樱花、萌放。-as the Night's, Reincarnation-"",""ty"":""Galgame"",""y"":2019,""pop"":0},{""t"":""ときには秘密のお食事を"",""cn"":"""",""ty"":""音乐"",""y"":2019,""pop"":0}]",住在大雅他们生活的参禅町的“夜”的某人。 可以说是列车的精灵，也可以说是神明。 乍一看是三无，但是一旦敞开心扉就会让人感到很意外。 无法离开家传的老旧的SL蒸汽机车（SL是蒸汽机车“Steam Locomotive”的缩写），因此有时候大雅会出门去跟她说话。 异常喜欢杯面。,870,0,870,33,,https://t.vndb.org/ch/05/100905.jpg,https://t.vndb.org/ch/05/100905.jpg,https://lain.bgm.tv/r/400/pic/crt/l/f4/a5/63873_crt_EDEXD.jpg?r=1682662557,#b68c45 #524f55 #9fadb9 #d2d8da #f1f3ed #ffffff,Blue Straight Slim Pale Kid Necktie Shirt Miniskirt Thigh-high Stockings Stoic,,https://bgm.tv/character/63873,https://vndb.org/c69275,63873
bgm-bgm328,vndb,12,24,,森川由绮,森川 由綺,Morikawa Yuki,,女,A,,动画|Galgame,Galgame,WHITE ALBUM,,1998,Galgame,"[{""t"":""WHITE ALBUM"",""cn"":"""",""ty"":""Galgame"",""y"":1998,""pop"":857},{""t"":""WHITE ALBUM 2 ORIGINAL SOUNDTRACK ～setsuna～"",""cn"":"""",""ty"":""音乐"",""y"":2012,""pop"":0},{""t"":""WHITE ALBUM2 ORIGINAL SOUNDTRACK ～kazusa～"",""cn"":"""",""ty"":""音乐"",""y"":2016,""pop"":0},{""t"":""WHITE ALBUM キャラクターソング"",""cn"":""恋色空"",""ty"":""音乐"",""y"":2010,""pop"":0},{""t"":""WHITE ALBUM キャラクターソング(1)"",""cn"":"""",""ty"":""音乐"",""y"":2009,""pop"":0},{""t"":""WHITE ALBUM"",""cn"":""白色相簿"",""ty"":""动画"",""y"":2009,""pop"":0}]",一年前にデビューした新進気鋭の人気歌手。 主人公とは高校時代からの恋人同士で、 現在でも同じ大学に通う。 しかし彼女の人気は主人公に災いし、 二人を引き離す。,857,0,857,187,,https://t.vndb.org/ch/20/101120.jpg,https://t.vndb.org/ch/20/101120.jpg,https://lain.bgm.tv/r/400/pic/crt/l/46/16/328_crt_vbz8P.jpg,#6d2834 #856e71 #efe7d9 #f5f4ed #bababa #ffffff,Brown Long Straight Brown Teen Slim Pale School Uniform Hard Worker Virgin Sex,,https://bgm.tv/character/328,https://vndb.org/c14651,328
bgm-bgm42997,vndb,12,24,,贝露,ベル,Belle,Fa / Fa-chan,女,,,Galgame,Galgame,カタハネ,,2006,Galgame,"[{""t"":""カタハネ"",""cn"":"""",""ty"":""Galgame"",""y"":2006,""pop"":804},{""t"":""カタハネ"",""cn"":""片羽"",""ty"":""Galgame"",""y"":2007,""pop"":0}]",レイン（国宝人形技術師）の元で暮らす一枚羽根のシスター。 すでに50年近い年月をレインと過ごし、彼のことを「お父さん」と呼ぶ。普段はレインの身の回りの世話や、人形メンテナンスの助手をしている。,804,0,804,18,,https://t.vndb.org/ch/64/3764.jpg,https://t.vndb.org/ch/64/3764.jpg,https://lain.bgm.tv/r/400/pic/crt/l/bd/ce/42997_crt_bk2Vb.jpg,#b1a49c #d7d2c1 #fdfbeb #ebebe1 #ffffff,Blond Wavy Short Teen Slim Pale Cunnilingus Green Dress Mini-dress,,https://bgm.tv/character/42997,https://vndb.org/c3730,42997
bgm-bgm33218,vndb,12,24,,四条凛香,四條 凛香,Shijou Rinka,,女,O,,Galgame,Galgame,恋×シンアイ彼女,,2015,Galgame,"[{""t"":""恋×シンアイ彼女"",""cn"":"""",""ty"":""Galgame"",""y"":2015,""pop"":780},{""t"":""恋×シンアイ彼女"",""cn"":""想要传达给你的爱恋"",""ty"":""Galgame"",""y"":2015,""pop"":0}]",学園中の生徒が憧れる彼女は クーデレサディスト少女 生徒会長だけど、人の困った顔を見るのが好きというやっかいな性格。 根は非常にマジメで誰よりも他人思い……のはず。 知れば知るほど残念な人…… というのは、洸太郎の彼女への評。 「おっと怖い。 私たちの國見君に手を出すなって感じね」,780,0,780,63,,https://t.vndb.org/ch/79/39579.jpg,https://t.vndb.org/ch/79/39579.jpg,https://lain.bgm.tv/r/400/pic/crt/l/d6/34/33218_crt_3tzan.jpg,#555784 #322c4a #9681a6 #c2bbc3 #ece3e1 #fefefd,Black Ponytail Waist Length+ Teen Slim Pale School Uniform Hard Worker Virgin Sex Green,,https://bgm.tv/character/33218,https://vndb.org/c33050,33218
bgm-bgm57867,vndb,12,24,,,羽島 壱花,Hashima Ichika,いっちゃん / Icchan,女,AB,,Galgame,Galgame,ももいろクローゼット,,2018,Galgame,"[{""t"":""ももいろクローゼット"",""cn"":"""",""ty"":""Galgame"",""y"":2018,""pop"":767},{""t"":""ももいろクローゼット"",""cn"":"""",""ty"":""Galgame"",""y"":2018,""pop"":0}]",主人公のおませな妹。若干厨二病をわずらっている。 同じ学校の友達には、アニメが好きなことは黙っている（女の子の見栄）。 今時の子らしく耳年増。でも根は単純で良い子。 いつもお姉ちゃんが欲しかったといっていたので、アリスにすごく懐いてしまう。 コスプレの際、アリスとは別のキャラを担当。 ふたりで魔法少女になりきってあそぶのが好き。 ことあるごとに、すぐにお風呂に入ろうとする。 あだ名は『いっちゃん』。,767,0,767,3,,https://t.vndb.org/ch/00/77400.jpg,https://t.vndb.org/ch/00/77400.jpg,https://lain.bgm.tv/r/400/pic/crt/l/4e/a2/57867_crt_NnJPn.jpg,#2e2a41 #66596d #b6a7a1 #e3d8d1 #f5f0e9 #ffffff,Blue Twin Tails Waist Length+ Teen Slim Pale Blue Mini-dress Otaku Daughter,,https://bgm.tv/character/57867,https://vndb.org/c64339,57867
bgm-bgm266,bangumi,12,24,,金色暗影/DARKNESS,金色の闇/ダークネス,Golden Darkness,小暗,其他,AB,,动画|漫画,漫画,To LOVEる -とらぶる- ダークネス,出包王女DARKNESS,2011,漫画,"[{""t"":""To LOVEる -とらぶる- ダークネス"",""cn"":""出包王女DARKNESS"",""ty"":""漫画"",""y"":2011,""pop"":0},{""t"":""To LOVEる-とらぶる-ダークネス"",""cn"":""出包王女Darkness"",""ty"":""动画"",""y"":2012,""pop"":0},{""t"":""To LOVEる-とらぶる-ダークネス OAD"",""cn"":""出包王女Darkness OAD"",""ty"":""动画"",""y"":2012,""pop"":0},{""t"":""To LOVEる -とらぶる-"",""cn"":""出包王女"",""ty"":""漫画"",""y"":2006,""pop"":0},{""t"":""To LOVEる-とらぶる-ダークネス ミニドラマ Vol.5"",""cn"":"""",""ty"":""音乐"",""y"":2013,""pop"":0},{""t"":""To LOVEる-とらぶる-ダークネス ミニドラマ Vol.2"",""cn"":"""",""ty"":""音乐"",""y"":2013,""pop"":0}]",宇宙中最危险的刺客。外表是很可爱的金色头发且穿黑色战斗服装的美少女（小女孩，在OVA第1话中和漫画第100话中曾用变身能力使自己身材变得更好，但被梨斗看见而变回原貌），平常总摆著一张扑克脸。因拥有能将自己身上的任何器官转换成武器的能力，故被称为“全身武器”和自身的体内带有纳米机械。受予以假情报的委托人拉可斯波的委托，到地球夺走梨斗的性命。意识到被拉可斯波利用的事，遭拉可斯波取消委托。由于被菈菈救起，所以即使菈菈笨拙，但对她仍抱著好意。,666,0,0,666,,https://lain.bgm.tv/pic/crt/l/59/70/266_crt_444p0.jpg,https://lain.bgm.tv/r/400/pic/crt/l/59/70/266_crt_444p0.jpg,,,,,https://bgm.tv/character/266,,266
al272,anilist,12,24,1984,,千鳥かなめ,Kaname Chidori,Kana,女,B,16,动画|漫画,动画,フルメタル・パニック！,,2002,动画,"[{""t"":""フルメタル・パニック！"",""cn"":"""",""ty"":""动画"",""y"":2002,""pop"":97112},{""t"":""フルメタル・パニック? ふもっふ"",""cn"":"""",""ty"":""动画"",""y"":2003,""pop"":45853},{""t"":""フルメタル パニック！The Second Raid"",""cn"":"""",""ty"":""动画"",""y"":2005,""pop"":41872},{""t"":""フルメタル・パニック！Invisible Victory"",""cn"":"""",""ty"":""动画"",""y"":2018,""pop"":26025},{""t"":""フルメタル・パニック！"",""cn"":"""",""ty"":""漫画"",""y"":2000,""pop"":4014},{""t"":""フルメタル・パニック！ボーイ・ミーツ・ガール"",""cn"":"""",""ty"":""动画"",""y"":2017,""pop"":2969}]",": 166 cm : Japan Kaname is the female protagonist of the series. She is often described as, 'The kind of girl everyone looks up to, but not even a boy wants as their girlfriend', as a male, fellow student put it.",664,664,0,0,,https://s4.anilist.co/file/anilistcdn/character/large/b272-PAyS6eeHE4v9.png,https://s4.anilist.co/file/anilistcdn/character/medium/b272-PAyS6eeHE4v9.png,,,,https://anilist.co/character/272,,,
bgm-bgm56377,vndb,12,24,,,アイリス・ディセンバー・アンクライ,Iris December Uncry,,女,判別不明,,Galgame,Galgame,ノラと皇女と野良猫ハート2,,2017,Galgame,"[{""t"":""ノラと皇女と野良猫ハート2"",""cn"":"""",""ty"":""Galgame"",""y"":2017,""pop"":653},{""t"":""ノラと皇女と野良猫ハート2 -Nora, Princess, and Crying Cat.-"",""cn"":""野良与皇女与流浪猫之心2"",""ty"":""Galgame"",""y"":2017,""pop"":0}]",忘れ去られた冬の国、アンクライ皇国の皇女。 人々から忘れられた祖国を思い出してもらうため地上へやってくる。 明るく元気に振る舞おうとするが、夏真っ盛りの地上に苦労している。 「私は必ず、アンクライ皇国を再興してみせるわ!」,653,0,653,39,1,https://t.vndb.org/ch/66/74566.jpg,https://t.vndb.org/ch/66/74566.jpg,https://lain.bgm.tv/r/400/pic/crt/l/82/04/56377_crt_DRDkD.jpg,#1d1b4a #6e6794 #d7b29f #ecdbc6 #f6f1e6 #fffffe,Blond Waist Length+ Curtained Teen Pale School Uniform Fighting Doggy Style Standing Sex Virgin Sex,,https://bgm.tv/character/56377,https://vndb.org/c62417,56377
bgm-bgm44831,vndb,12,24,,建比良宗介,建比良 ソウスケ,Tatehira Sousuke,,男,A,,Galgame,Galgame,7'scarlet,,2016,Galgame,"[{""t"":""7'scarlet"",""cn"":"""",""ty"":""Galgame"",""y"":2016,""pop"":653},{""t"":""7'scarlet"",""cn"":""七罪绯红"",""ty"":""Galgame"",""y"":2016,""pop"":0}]",奥音里で出逢う、背の高い青年。 寡黙で、やや理屈っぽいところがある。 趣味はアウトドアという意外な一面も。 理論的な考えを持つが、冗談のセンスは皆無で、自ら「冗談だ」と告白しない限り、誰も冗談だと気づかない。 在奥音里相遇的高个子青年。 沉默寡言，并且有些喜欢讲道理。 兴趣中也有喜欢户外运动的意外一面。 以理性思考事物，没有幽默感，如果本人不承认是玩笑没人能察觉他在开玩笑。,653,0,653,2,,https://t.vndb.org/ch/93/60893.jpg,https://t.vndb.org/ch/93/60893.jpg,https://lain.bgm.tv/r/400/pic/crt/l/89/5b/44831_crt_9xz0x.jpg,#283846 #998b97 #cebec7 #eadddc #f8f4f8,Black Short Slim Pale Assault Blue Young-adult Glasses Shirt Vest,,https://bgm.tv/character/44831,https://vndb.org/c50728,44831
al161678,anilist,12,24,,,セリア・クレール,Celia Claire,,女,,,动画|漫画|轻小说,动画,精霊幻想記,,2021,动画,"[{""t"":""精霊幻想記"",""cn"":"""",""ty"":""动画"",""y"":2021,""pop"":139789},{""t"":""精霊幻想記2"",""cn"":"""",""ty"":""动画"",""y"":2024,""pop"":74199},{""t"":""精霊幻想記"",""cn"":"""",""ty"":""漫画"",""y"":2017,""pop"":8607},{""t"":""精霊幻想記"",""cn"":"""",""ty"":""轻小说"",""y"":2015,""pop"":3355},{""t"":""セリア先生のわくわくまじかる教室"",""cn"":"""",""ty"":""动画"",""y"":2021,""pop"":2189},{""t"":""精霊幻想記"",""cn"":"""",""ty"":""漫画"",""y"":2016,""pop"":939}]",A teacher who finds Rio in the slums.,646,646,0,0,,https://s4.anilist.co/file/anilistcdn/character/large/b161678-E8wQlmBbWuAa.png,https://s4.anilist.co/file/anilistcdn/character/medium/b161678-E8wQlmBbWuAa.png,,,,https://anilist.co/character/161678,,,
bgm-bgm12075,vndb,12,24,,羽田小鸠,羽田 小鳩,Haneda Kobato,プリンセス・ダヴ / Princess Dabu,女,,,Galgame,Galgame,俺たちに翼はない,,2009,Galgame,"[{""t"":""俺たちに翼はない"",""cn"":"""",""ty"":""Galgame"",""y"":2009,""pop"":632},{""t"":""俺たちに翼はない ～Prelude～"",""cn"":"""",""ty"":""Galgame"",""y"":2008,""pop"":220},{""t"":""俺たちに翼はない AfterStory"",""cn"":"""",""ty"":""Galgame"",""y"":2010,""pop"":200},{""t"":""俺たちに翼はない"",""cn"":""我们没有翅膀"",""ty"":""Galgame"",""y"":2009,""pop"":0},{""t"":""俺たちに翼はない R"",""cn"":""我们没有翅膀 R"",""ty"":""Galgame"",""y"":2011,""pop"":0},{""t"":""PCゲーム『俺たちに翼はない』 ドラマシリーズ第5章 羽田小鳩"",""cn"":"""",""ty"":""音乐"",""y"":2008,""pop"":0}]",メインテーマ「ぽぽぽぽぽぽぽ」 「伊丹伽楼羅編」「羽田鷹志（ヨージ）編」メインヒロイン。蒼穹女学院付属1年4組。鷹志（タカシ）の妹。 普段はおとなしいが、実際は無邪気な性格の少女。知っている人の前では天真爛漫な言動をするのだが、極端な人見知りであるため、慣れない人と話すとすぐに言葉をかんだり、思っていることと反対のことを喋ったりしてしまう。 兄のことが好きで、親友のあきらにはそのすばらしさを常に語っている。 図書館にいることが多く、鳴は図書館友達。,632,0,632,63,,https://t.vndb.org/ch/96/149496.jpg,https://t.vndb.org/ch/96/149496.jpg,https://lain.bgm.tv/r/400/pic/crt/l/69/b2/12075_crt_8yByL.jpg,#9c737a #4a3c48 #eed4bf #f7ecdc #fbf7f0 #ffffff,Black Ahoge Short Straight Slim Pale Blowjob Virgin Sex Blue Cousin,,https://bgm.tv/character/12075,https://vndb.org/c8536,12075
vndb-c12431,vndb,12,24,,,ブリュエット・ニコレット・プランケット,Bluette Nicolette Planquette,Ette,女,,,Galgame,Galgame,乙女理論とその周辺 -Ecole de Paris-,,2013,Galgame,"[{""t"":""乙女理論とその周辺 -Ecole de Paris-"",""cn"":"""",""ty"":""Galgame"",""y"":2013,""pop"":627},{""t"":""乙女理論とその後の周辺 -Belle Epoque-"",""cn"":"""",""ty"":""Galgame"",""y"":2016,""pop"":290}]","Marseille, France Pretending, acting",627,0,627,0,,https://t.vndb.org/ch/82/14782.jpg,https://t.vndb.org/ch/82/14782.jpg,,#dca998 #966e71 #e7d6c8 #f5f0e6 #fdfbf5,Ahoge Long Straight Teen Slim Pale School Uniform Blowjob Virgin Sex Blue,,,https://vndb.org/c12431,
bgm-bgm17338,vndb,12,24,,克丽丝卡·比亚切诺娃,クリスカ・ビャーチェノワ,Cryska Barchenowa,Scarlet Twin / Cryska Barchenowa,女,,,动画|Galgame,Galgame,マブラヴ オルタネイティヴ トータル・イクリプス,Muv-Luv Alternative Total Eclipse,2013,Galgame,"[{""t"":""マブラヴ オルタネイティヴ トータル・イクリプス"",""cn"":""Muv-Luv Alternative Total Eclipse"",""ty"":""Galgame"",""y"":2013,""pop"":597},{""t"":""マブラヴ オルタネイティヴ トータル・イクリプス"",""cn"":""Muv-Luv Alternative Total Eclipse"",""ty"":""Galgame"",""y"":2013,""pop"":0},{""t"":""トータル・イクリプス"",""cn"":""Muv-Luv Alternative Total Eclipse"",""ty"":""动画"",""y"":2012,""pop"":0}]",ソビエト連邦陸軍の実験部隊「イーダル試験小隊」に所属する衛士。 他を遥かに圧倒する戦闘能力を持ち、複座型の戦術機Su-37UBに搭乗する。 複座パートナーであるイーニァと共に「紅の姉妹（スカーレット・ツイン）」の異名で畏怖されている。 祖国のためなら個人を否定し命令に忠実だが、周囲には冷淡な態度を取り、イーニァの事になると愛情とも執着ともつかない感情を見せる。,597,0,597,34,,https://t.vndb.org/ch/78/134878.jpg,https://t.vndb.org/ch/78/134878.jpg,https://lain.bgm.tv/r/400/pic/crt/l/66/05/17338_crt_0KbKQ.jpg,#596196 #323740 #b7aac0 #e2d9e0 #f7f1ef #ffffff,Violet White Shoulder-length Straight Teen Slim Pale Trousers Fighting Violet,,https://bgm.tv/character/17338,https://vndb.org/c151,17338
al37513,anilist,12,24,,,三日月夜空,Yozora Mikazuki,,女,,17,动画|漫画|轻小说,动画,僕は友達が少ない,,2011,动画,"[{""t"":""僕は友達が少ない"",""cn"":"""",""ty"":""动画"",""y"":2011,""pop"":166020},{""t"":""僕は友達が少ない NEXT"",""cn"":"""",""ty"":""动画"",""y"":2013,""pop"":104651},{""t"":""僕は友達が少ない 第0語 闇鍋は美少女が残念な臭い(;´∀`)"",""cn"":"""",""ty"":""动画"",""y"":2011,""pop"":30045},{""t"":""僕は友達が少ない リレー小説は結末が半端ないL(゜□゜)」"",""cn"":"""",""ty"":""动画"",""y"":2012,""pop"":28740},{""t"":""僕は友達が少ない"",""cn"":"""",""ty"":""漫画"",""y"":2010,""pop"":6996},{""t"":""僕は友達が少ない"",""cn"":"""",""ty"":""轻小说"",""y"":2009,""pop"":3230}]","162 cm (5'4"") Yozora Mikazuki is the founder, first member, and club president of the Neighbor's Club. Prideful and easily provoked by nature, Yozora detests ""normals"" and that is the reason why Yozora doesn't have any friends along with th…",582,582,0,0,,https://s4.anilist.co/file/anilistcdn/character/large/b37513-dUhPmRiXPsrg.png,https://s4.anilist.co/file/anilistcdn/character/medium/b37513-dUhPmRiXPsrg.png,,,,https://anilist.co/character/37513,,,
vndb-c90691,vndb,12,24,,,メリッサ,Melissa,,女,,,Galgame,Galgame,さくらの雲＊スカアレットの恋,,2020,Galgame,,Brewing black tea None in particular Toys Ghost A maid employed in Tooko's mansion. She claims to be an orthodox Victorian maid and is a top-notch house keeper.,552,0,552,0,,https://t.vndb.org/ch/11/109311.jpg,https://t.vndb.org/ch/11/109311.jpg,,#cca1b9 #745f71 #edc2cf #f5e5e5 #fbf4f0 #ffffff,Pink Twin Tails Shoulder-length Teen Pale Cooking Doggy Style Cowgirl Blowjob Virgin Sex,,,https://vndb.org/c90691,
bgm-bgm53168,vndb,12,24,,,白羽 幸,Shiraha Yuki,,女,AB,,Galgame,Galgame,アストラエアの白き永遠,,2014,Galgame,"[{""t"":""アストラエアの白き永遠"",""cn"":"""",""ty"":""Galgame"",""y"":2014,""pop"":508},{""t"":""アストラエアの白き永遠 Finale -白き星の夢-"",""cn"":"""",""ty"":""Galgame"",""y"":2017,""pop"":223},{""t"":""アストラエアの白き永遠"",""cn"":""星辰恋曲的白色永恒"",""ty"":""Galgame"",""y"":2014,""pop"":0},{""t"":""アストラエアの白き永遠 Finale-白き星の夢-"",""cn"":""星辰恋曲的白色永恒 白色星之梦"",""ty"":""Galgame"",""y"":2017,""pop"":0},{""t"":""アストラエアの白き永遠 FHD  Re:Eternity"",""cn"":"""",""ty"":""Galgame"",""y"":2024,""pop"":0}]",陸の姉であり、世界で初めて生まれたエルフィン。長い間、寝たきりだったため、車椅子生活を送っていた。現在はリハビリのおかげで、少しずつ歩けるようになっている。ある事情から陸との二人暮らしが決まったことで、弟の世話をたくさん焼こうと意気込んでいる。,508,0,508,93,,https://t.vndb.org/ch/39/59239.jpg,https://t.vndb.org/ch/39/59239.jpg,https://lain.bgm.tv/r/400/pic/crt/l/23/38/53168_crt_1BV3A.jpg,#7e425b #ae99a6 #e3d4d8 #f7f2e6 #f9f8f7,White Ahoge Waist Length+ Straight Teen Slim Pale School Uniform Missionary Cowgirl,,https://bgm.tv/character/53168,https://vndb.org/c46826,53168
bgm-bgm21091,vndb,12,24,,,雪々,Yuuki,Fairy of Winter / Yuki-chan / Yuki-Yuki,女,不詳,,Galgame,Galgame,アストラエアの白き永遠,,2014,Galgame,"[{""t"":""アストラエアの白き永遠"",""cn"":"""",""ty"":""Galgame"",""y"":2014,""pop"":508},{""t"":""アストラエアの白き永遠 Finale -白き星の夢-"",""cn"":"""",""ty"":""Galgame"",""y"":2017,""pop"":223},{""t"":""アストラエアの白き永遠"",""cn"":""星辰恋曲的白色永恒"",""ty"":""Galgame"",""y"":2014,""pop"":0},{""t"":""アストラエアの白き永遠 Finale-白き星の夢-"",""cn"":""星辰恋曲的白色永恒 白色星之梦"",""ty"":""Galgame"",""y"":2017,""pop"":0},{""t"":""アストラエアの白き永遠 FHD  Re:Eternity"",""cn"":"""",""ty"":""Galgame"",""y"":2024,""pop"":0}]",不思議な女の子。 陸のことを “りっくん” と呼んでは、無邪気に接してくる。 過去、陸とは冬の間だけ、月ヶ咲で一緒に遊んでいた。 そして三月になり春に入ると、必ず姿を消してしまう。 陸にとっては粉雪のように儚い存在で、大切な人だった。 「春が来るまでは、どこにだっていけるんだから」,508,0,508,107,,https://t.vndb.org/ch/86/20886.jpg,https://t.vndb.org/ch/86/20886.jpg,https://lain.bgm.tv/r/400/pic/crt/l/4c/2d/21091_crt_515Fe.jpg,#bc6f9a #d3b8ce #e6d8dc #f5f3ec #ffffff,White Ahoge Waist Length+ Straight Slim Pale Missionary Standing Sex Blowjob Virgin Sex,,https://bgm.tv/character/21091,https://vndb.org/c16435,21091
al124441,anilist,12,24,,,ウィリアム・ヴァンジャンス,William Vangeance,,男,O,26,动画|漫画|轻小说,动画,ブラッククローバー,黑色五叶草,2017,动画,"[{""t"":""ブラッククローバー"",""cn"":""黑色五叶草"",""ty"":""动画"",""y"":2017,""pop"":583263},{""t"":""ブラッククローバー"",""cn"":""黑色五叶草"",""ty"":""漫画"",""y"":2015,""pop"":107258},{""t"":""ブラッククローバー 魔法帝の剣"",""cn"":"""",""ty"":""动画"",""y"":2023,""pop"":99687},{""t"":""ブラッククローバー オール魔法騎士感謝祭"",""cn"":"""",""ty"":""动画"",""y"":2018,""pop"":10874},{""t"":""プチット・クローバー アドバンス"",""cn"":"""",""ty"":""动画"",""y"":2018,""pop"":3303},{""t"":""ブラッククローバー ユノの書"",""cn"":"""",""ty"":""轻小说"",""y"":2019,""pop"":448}]",172 cm William Vangeance is the captain of Clover Kingdom's Golden Dawn squad of the Magic Knights. He is currently the closest person to becoming the next Wizard King.,500,500,0,0,,https://s4.anilist.co/file/anilistcdn/character/large/b124441-nggzgZExhb1w.png,https://s4.anilist.co/file/anilistcdn/character/medium/b124441-nggzgZExhb1w.png,,,,https://anilist.co/character/124441,,,
al324,anilist,12,24,,越前龙马,越前リョーマ,Ryoma Echizen,Ochibi / Koshimae / Prince / Chibisuke,男,O,,动画|漫画|游戏,动画,テニスの王子様,,2001,动画,"[{""t"":""テニスの王子様"",""cn"":"""",""ty"":""动画"",""y"":2001,""pop"":36265},{""t"":""新テニスの王子様"",""cn"":"""",""ty"":""动画"",""y"":2012,""pop"":12271},{""t"":""テニスの王子様 全国大会篇"",""cn"":"""",""ty"":""动画"",""y"":2006,""pop"":7955},{""t"":""テニスの王子様 全国大会篇 Semifinal"",""cn"":"""",""ty"":""动画"",""y"":2007,""pop"":7071},{""t"":""テニスの王子様 全国大会篇 Final"",""cn"":"""",""ty"":""动画"",""y"":2008,""pop"":6928},{""t"":""テニスの王子様"",""cn"":"""",""ty"":""漫画"",""y"":1999,""pop"":6528}]",日本少年动漫《网球王子》里面的主角，曾经在美国夺得青少年网球四连霸的网球高手，惯用左手，故事就从龙马进入青学之后，正式拉开了序幕。青学向来是二、三年级为正选，出人意料的是身为一年级的越前龙马的实力也确实高的惊人，引起了网球部指导龙崎堇和社长手冢的注意，并破例将他选入正式队员队伍，开始了通往全国大赛的征途。在此期间，龙马遇到了很多的热爱网球的人最后以3：2赢了立海大，成为全国NO.1. 越前龙马去美国。,474,474,0,49,,https://s4.anilist.co/file/anilistcdn/character/large/b324-PEf2pMfTqx96.png,https://s4.anilist.co/file/anilistcdn/character/medium/b324-PEf2pMfTqx96.png,https://lain.bgm.tv/r/400/pic/crt/l/45/f1/15328_crt_QNmsz.jpg,,,https://anilist.co/character/324,https://bgm.tv/character/15328,,15328
vndb-c79018,vndb,12,24,,,大黄,Dahuang,Spottie,男,,,Galgame,Galgame,WILL：美好世界,,2017,Galgame,,,447,0,447,0,,https://t.vndb.org/ch/21/170021.jpg,https://t.vndb.org/ch/21/170021.jpg,,#6e5647 #b8b0b3 #e4e2e2 #faf9f8 #f1f0f0,Fighting Bandages Cat Homeless Korean Band-aid Pet Observant,,,https://vndb.org/c79018,
al89021,anilist,12,24,,,橘・シルフィンフォード,Sylphynford Tachibana,Sylphyn / Sylphy / Sylph / TSF,女,,,动画|漫画,动画,干物妹！うまるちゃん,,2015,动画,"[{""t"":""干物妹！うまるちゃん"",""cn"":"""",""ty"":""动画"",""y"":2015,""pop"":172737},{""t"":""干物妹! うまるちゃん R"",""cn"":"""",""ty"":""动画"",""y"":2017,""pop"":67456},{""t"":""ひもうと! うまるちゃんS"",""cn"":"""",""ty"":""动画"",""y"":2015,""pop"":22868},{""t"":""干物妹！うまるちゃん OVA"",""cn"":"""",""ty"":""动画"",""y"":2015,""pop"":21239},{""t"":""干物妹（ひもうと）！うまるちゃん"",""cn"":"""",""ty"":""漫画"",""y"":2013,""pop"":7093},{""t"":""干物妹！うまるちゃんG"",""cn"":"""",""ty"":""漫画"",""y"":2017,""pop"":1018}]","[Umaru](//anilist.co/character/89019/Doma-Umaru)'s classmate. She sees Umaru as her rival. Though she acts like a young lady from a good family, she is also a bit of an airhead.",442,442,0,0,,https://s4.anilist.co/file/anilistcdn/character/large/b89021-6npKQUgfnep6.png,https://s4.anilist.co/file/anilistcdn/character/medium/b89021-6npKQUgfnep6.png,,,,https://anilist.co/character/89021,,,
al273,anilist,12,24,,,テレサ・テスタロッサ,Teletha Testarossa,Tessa,女,,16,动画|漫画,动画,フルメタル・パニック！,,2002,动画,"[{""t"":""フルメタル・パニック！"",""cn"":"""",""ty"":""动画"",""y"":2002,""pop"":97112},{""t"":""フルメタル・パニック? ふもっふ"",""cn"":"""",""ty"":""动画"",""y"":2003,""pop"":45853},{""t"":""フルメタル パニック！The Second Raid"",""cn"":"""",""ty"":""动画"",""y"":2005,""pop"":41872},{""t"":""フルメタル・パニック！Invisible Victory"",""cn"":"""",""ty"":""动画"",""y"":2018,""pop"":26025},{""t"":""わりとヒマな戦隊長の一日"",""cn"":"""",""ty"":""动画"",""y"":2006,""pop"":12109},{""t"":""フルメタル・パニック！"",""cn"":"""",""ty"":""漫画"",""y"":2000,""pop"":4014}]","Teletha ""Tessa"" Testarossa is the clumsy but charming Captain of the revered TDD-1 'Tuatha de Danaan' submarine of the anti-terrorist organization 'Mithril'.",425,425,0,0,,https://s4.anilist.co/file/anilistcdn/character/large/b273-fCyaRnsggzeY.png,https://s4.anilist.co/file/anilistcdn/character/medium/b273-fCyaRnsggzeY.png,,,,https://anilist.co/character/273,,,
bgm-bgm47784,vndb,12,24,,古仓芽瑠,古倉 める,Furukura Meru,,女,,,Galgame,Galgame,しゅがてん！-sugarfull tempering-,,2017,Galgame,"[{""t"":""しゅがてん！-sugarfull tempering-"",""cn"":"""",""ty"":""Galgame"",""y"":2017,""pop"":418},{""t"":""しゅがてん！-sugarfull tempering-"",""cn"":""甜糖热恋"",""ty"":""Galgame"",""y"":2017,""pop"":0}]",芙克洛店长的孙女。自从爷爷住院以来，一直都在努力延续甜品店的经营。 好奇心旺盛，于是为了帮助失去记忆的九郎寻找他的过去，将他收留在了店里。 对甜品没有一点抗拒力，一没盯住就会偷吃，因此大家制作饼干的时候绝对不会叫上她。 天气多冷也精神百倍，可只要一钻进被炉就会老实得不行。 「ふんふん、クロウ君からは何やら謎の匂いを感じますな～」,418,0,418,35,,https://t.vndb.org/ch/94/71294.jpg,https://t.vndb.org/ch/94/71294.jpg,https://lain.bgm.tv/r/400/pic/crt/l/00/ce/47784_crt_y94tA.jpg,#8f5470 #c79ea7 #f2e8e4 #d6d5d9 #fbf9f2,Brown Twin Tails Long Wavy Teen Slim Pale School Uniform Cooking Missionary,,https://bgm.tv/character/47784,https://vndb.org/c53947,47784
al128987,anilist,12,24,,,本庄アル,Aru Honshou,Mieru Honshou,女,,,动画|漫画,动画,ひとりぼっちの○○生活,,2019,动画,"[{""t"":""ひとりぼっちの○○生活"",""cn"":"""",""ty"":""动画"",""y"":2019,""pop"":74008},{""t"":""ひとりぼっちの○○生活"",""cn"":"""",""ty"":""漫画"",""y"":2013,""pop"":11009},{""t"":""三ツ星カラーズ"",""cn"":"""",""ty"":""漫画"",""y"":2014,""pop"":3360}]","The vice representative in [Bocchi](//anilist.co/character/128986)'s class. She often puts on an appearance to hide the fact that she is actually somewhat of a loser. Her name is derived from honshou aru (本性ある, ""having a true nature"").",416,416,0,0,,https://s4.anilist.co/file/anilistcdn/character/large/b128987-2oXYRTdPLZYQ.png,https://s4.anilist.co/file/anilistcdn/character/medium/b128987-2oXYRTdPLZYQ.png,,,,https://anilist.co/character/128987,,,
vndb-c93370,vndb,12,24,,,江戸川,Edogawa,,男,,,Galgame,Galgame,MYTH,,2008,Galgame,,,412,0,412,0,,,,,,Husband Father Uncle Police Classmate Investigation Popular Younger Brother,,,https://vndb.org/c93370,
vndb-c95519,vndb,12,24,,,中西 りお,Nakanishi Rio,,女,O,,Galgame,Galgame,"恋する乙女と守護の楯 The Code Name is ""SHIELD 9""",,2007,Galgame,"[{""t"":""恋する乙女と守護の楯 The Code Name is \""SHIELD 9\"""",""cn"":"""",""ty"":""Galgame"",""y"":2007,""pop"":407},{""t"":""恋する乙女と守護の楯 The Code Name is \""SHIELD 9\"""",""cn"":"""",""ty"":""Galgame"",""y"":2007,""pop"":407},{""t"":""恋する乙女と守護の楯 The Code Name is \""SHIELD 9\"""",""cn"":"""",""ty"":""Galgame"",""y"":2007,""pop"":407},{""t"":""恋する乙女と守護の楯 The Code Name is \""SHIELD 9\"""",""cn"":"""",""ty"":""Galgame"",""y"":2007,""pop"":407},{""t"":""恋する乙女と守護の楯 The Code Name is \""SHIELD 9\"""",""cn"":"""",""ty"":""Galgame"",""y"":2007,""pop"":407}]",PS2/PSP exclusive heroine.,407,0,407,0,,https://t.vndb.org/ch/19/115219.jpg,https://t.vndb.org/ch/19/115219.jpg,,#a95f6f #42242c #d3a9b1 #ecdcdd #f9f7f7,Pink Twin Tails Slim Pale School Uniform Green Thigh-high Stockings Ribbon Hair Accessory,,,https://vndb.org/c95519,
bgm-bgm106149,vndb,12,24,,,カーラ・S・クィンバーン,Carla Sylvia Quinburn,,女,,,Galgame,Galgame,ジュエリー・ハーツ・アカデミア -We will wing wonder world-,,2022,Galgame,"[{""t"":""ジュエリー・ハーツ・アカデミア -We will wing wonder world-"",""cn"":"""",""ty"":""Galgame"",""y"":2022,""pop"":402},{""t"":""ジュエリー・ナイツ・アルカディア -The ends of the world-"",""cn"":"""",""ty"":""Galgame"",""y"":2025,""pop"":159},{""t"":""ジュエリー・ナイツ・アルカディア -The ends of the world-"",""cn"":""宝石夜乐园"",""ty"":""Galgame"",""y"":2025,""pop"":0},{""t"":""ジュエリー・ハーツ・アカデミア -We will wing wonder world-"",""cn"":""宝石心学园"",""ty"":""Galgame"",""y"":2022,""pop"":0}]",最上級クラス「クラス・ダイヤ」の学級委員長。 由緒ある家柄で紛れもないお嬢様のはずだが、 そうと思えぬほど言葉遣いが汚い。 同じ令嬢としてアリアンナを強くライバル視してお り、事あるごとに突っかかってくる。 ただし大体は空回りして自滅してしまう。,402,0,402,23,,https://t.vndb.org/ch/77/126377.jpg,https://t.vndb.org/ch/77/126377.jpg,https://lain.bgm.tv/r/400/pic/crt/l/7a/41/106149_crt_AVv3Z.jpg,#a26a8f #d6b0c4 #ecd2de #f4eded #fcfbf8,Pink Waist Length+ Teen Slim Pale School Uniform Necklace Knee-high Socks Vampire Pink,,https://bgm.tv/character/106149,https://vndb.org/c104916,106149
bgm-bgm105151,vndb,12,24,,,ルイーズ・ハルトヴィック,Louise Hardwich,,男,AB,,Galgame,Galgame,絶対服従命令,,2005,Galgame,"[{""t"":""絶対服従命令"",""cn"":"""",""ty"":""Galgame"",""y"":2005,""pop"":399},{""t"":""絶対服従命令"",""cn"":""绝对服从命令"",""ty"":""Galgame"",""y"":2005,""pop"":0}]",「ああ、いけ好かない男の名前ですよ。気になさらないように…」 自信家で八方美人。顔は穏やかだが、口からついて出る言葉はきつい。自分にプラスになるのであれば媚を売ることも厭わない。だが下に見られるようなやり方はしない。いつも愛用のパンアーパトゥを持ち歩いている。 裏設定：狙ったターゲットをじわじわと追い詰め、前を触らせずに、後ろだけでイかせることが何よりも好き。ムチで縛るのも好み。,399,0,399,0,,https://t.vndb.org/ch/81/25281.jpg,https://t.vndb.org/ch/81/25281.jpg,https://lain.bgm.tv/r/400/pic/crt/l/65/9e/105151_crt_qGbT9.jpg,#634a4b #a9948a #060505 #e0cab7 #eee9e2 #ffffff,Blond Waist Length+ Pale Master Cowgirl Blowjob Anilingus Amber Blue Young-adult,,https://bgm.tv/character/105151,https://vndb.org/c2204,105151
vndb-c123169,vndb,12,24,,,柚木永 聖夜,Yukinaga Seiya,Hentai Menhera / 聖ヤ / Seiya,男,,,Galgame,Galgame,9 R.I.P.,,2023,Galgame,"[{""t"":""9 R.I.P."",""cn"":"""",""ty"":""Galgame"",""y"":2023,""pop"":388},{""t"":""9 R.I.P. sequel"",""cn"":"""",""ty"":""Galgame"",""y"":2025,""pop"":29}]","Even though Seiya acts politely and gentlemanly, he is an extremely romantic man. He is a deceased person who currently works at HO as Head Warder. He is trying to help the protagonist. He dislikes Minami. Hell Commonly known as HO.",388,0,388,0,,https://t.vndb.org/ch/41/197941.jpg,https://t.vndb.org/ch/41/197941.jpg,,#2f365a #787c92 #afb1bd #d6d5d9 #eeedee #ffffff,White Short Pale Uniform Hard Worker Blue Young-adult Tattoo Robe Gloves,,,https://vndb.org/c123169,
bgm-bgm68762,vndb,12,24,,,鷹岡 聖夜子,Takaoka Miyako,,女,AB,,Galgame,Galgame,きみはね 彼女と彼女の恋する１ヶ月,,2015,Galgame,"[{""t"":""きみはね 彼女と彼女の恋する１ヶ月"",""cn"":"""",""ty"":""Galgame"",""y"":2015,""pop"":362},{""t"":""きみはねCouples ～彼女と彼女の恋する二ヶ月ちょっと～"",""cn"":"""",""ty"":""Galgame"",""y"":2019,""pop"":199},{""t"":""きみはねCouples ～彼女と彼女の恋する２ケ月ちょっと～"",""cn"":""君羽Couples ～她和她相恋的两个月多一点～"",""ty"":""Galgame"",""y"":2019,""pop"":0}]",新しいルームメイトとなる神秘的な美少女。 その正体は前作で三人を見守っていた――。 見るもの聞くもの、感じるもの全てが新鮮で、 毎日を感動的に過ごしている。 控えめな性格ながら妙に押しが強いところがある。,362,0,362,1,,https://t.vndb.org/ch/13/96313.jpg,https://t.vndb.org/ch/13/96313.jpg,https://lain.bgm.tv/r/400/pic/crt/l/2f/8a/68762_crt_x4U6c.jpg,#434457 #dad0c5 #b2aaa4 #f0e8dd #f6f5f2 #ffffff,White Wavy Shoulder-length Teen Slim Pale Sweater Cunnilingus Coat Scarf,,https://bgm.tv/character/68762,https://vndb.org/c77626,68762
al122011,anilist,12,24,,,リヒト・ジキルランド・轟,Licht Todoroki,Angel-chan / Tenshi-chan,男,,18,动画|漫画,动画,SERVAMP,,2016,动画,"[{""t"":""SERVAMP"",""cn"":"""",""ty"":""动画"",""y"":2016,""pop"":69566},{""t"":""SERVAMP -サーヴァンプ-: Alice in the Garden"",""cn"":"""",""ty"":""动画"",""y"":2018,""pop"":7731},{""t"":""SERVAMP -サーヴァンプ-"",""cn"":"""",""ty"":""漫画"",""y"":2011,""pop"":5944}]","175 cm Pianist Licht Jekylland Todoroki, also refered to as Licht Todoroki, is a famous pianist from Austria who thinks he's an angel. He is the Eve of ""[Lawless](//anilist.co/character/122010/Lawless)"", the Servamp of Greed.",360,360,0,0,,https://s4.anilist.co/file/anilistcdn/character/large/122011-LnPMBvfBlT30.jpg,https://s4.anilist.co/file/anilistcdn/character/medium/122011-LnPMBvfBlT30.jpg,,,,https://anilist.co/character/122011,,,
bgm-bgm57961,vndb,12,24,,,バクシー・クリステンセン,Bakshi Christensen,,男,AB,,Galgame,Galgame,ラッキードッグ１,,2009,Galgame,"[{""t"":""ラッキードッグ１"",""cn"":"""",""ty"":""Galgame"",""y"":2009,""pop"":346},{""t"":""ラッキードッグ１+bad egg"",""cn"":"""",""ty"":""Galgame"",""y"":2018,""pop"":69},{""t"":""Gian･carlo'S LUCKY HAPPY LIFE"",""cn"":"""",""ty"":""Galgame"",""y"":2011,""pop"":38},{""t"":""ラッキードッグ1"",""cn"":""Lucky Dog1"",""ty"":""Galgame"",""y"":2009,""pop"":0},{""t"":""ラッキードッグ1+bad egg"",""cn"":"""",""ty"":""Galgame"",""y"":2018,""pop"":0}]",非常に凶暴で血の気が多く、味方のギャングからも蛇蝎のごとく嫌われ怖れられている男。 暴力的で外道揃いのギャング組織の中でも特に危険な男とされており、 ボスの命令ですら無視して勝手に動くことがある。 まだ年若く、他の幹部との折り合いも悪いが、その破天荒な戦闘能力とそのワイルドな外見と言動からは想像もつかない冷徹な権謀をボスに買われて幹部となる。 「CR:5」からすれば、疫病神と死に神がセットになって襲いかかってくるような、最悪のライバルキャラクター。,346,0,346,8,1,https://t.vndb.org/ch/77/12377.jpg,https://t.vndb.org/ch/77/12377.jpg,https://lain.bgm.tv/r/400/pic/crt/l/1d/22/57961_crt_kfFrh.jpg?r=1608827611,#cc23b6 #441e37 #b09f8f #e7d5b0 #f1edde #ffffff,Short Straight Pale Trousers Proactive Cooking Fighting Blowjob Grey Young-adult,,https://bgm.tv/character/57961,https://vndb.org/c10942,57961
al67651,anilist,12,24,,,九ノ瀬遥 ,Haruka Kokonose,Konoha,男,,,动画|漫画|轻小说,动画,メカクシティアクターズ,,2014,动画,"[{""t"":""メカクシティアクターズ"",""cn"":"""",""ty"":""动画"",""y"":2014,""pop"":99229},{""t"":""カゲロウデイズ"",""cn"":"""",""ty"":""漫画"",""y"":2012,""pop"":11039},{""t"":""カゲロウデイズ"",""cn"":"""",""ty"":""轻小说"",""y"":2012,""pop"":4151},{""t"":""メカクシティデイズ"",""cn"":"""",""ty"":""动画"",""y"":2012,""pop"":3899},{""t"":""メカクシティレコーズ"",""cn"":"""",""ty"":""动画"",""y"":2013,""pop"":2748},{""t"":""Mekakucity V's"",""cn"":"""",""ty"":""动画"",""y"":2014,""pop"":2072}]","A mysterious albino with supposed amnesia that appeared at Hiyori's relative's house one day during the summer. He was once a human called Haruka Kokonose but somewhere before the current timeline, he was turned into a cyber-being.",344,344,0,0,,https://s4.anilist.co/file/anilistcdn/character/large/b67651-RrIIJkXq2DtQ.png,https://s4.anilist.co/file/anilistcdn/character/medium/b67651-RrIIJkXq2DtQ.png,,,,https://anilist.co/character/67651,,,
vndb-c74874,vndb,12,24,,,濟呀 雷,Nasuga Izuchi,,男,B,,Galgame,Galgame,1bitHeart,,2015,Galgame,,"A young man, self-described genius. He is actually fairly intelligent, so he tends to look down on others. That really seeps into his personality.",316,0,316,0,,https://t.vndb.org/ch/37/90637.jpg,https://t.vndb.org/ch/37/90637.jpg,,#bb6763 #643d4d #c07e9b #d0a6ea #d69bd2 #deccc1,Brown White White Young-adult Grandiose Friend Smart Multicolored,,,https://vndb.org/c74874,
al58281,anilist,12,24,,,宮本るり,Ruri Miyamoto,Glasses Buddy,女,,16-18,动画|漫画,动画,ニセコイ,伪恋,2014,动画,"[{""t"":""ニセコイ"",""cn"":""伪恋"",""ty"":""动画"",""y"":2014,""pop"":268300},{""t"":""ニセコイ："",""cn"":""伪恋"",""ty"":""动画"",""y"":2015,""pop"":165810},{""t"":""ニセコイ"",""cn"":""伪恋"",""ty"":""漫画"",""y"":2011,""pop"":56560},{""t"":""ニセコイ OVA"",""cn"":"""",""ty"":""动画"",""y"":2014,""pop"":41784},{""t"":""ニセコイ: OAD"",""cn"":""伪恋 OAD"",""ty"":""动画"",""y"":2016,""pop"":21558},{""t"":""ニセコイ番外編 チケット"",""cn"":"""",""ty"":""漫画"",""y"":2018,""pop"":659}]","145 cm She is [Kosaki](//anilist.co/character/52723/Kosaki-Onodera)'s friend. She supports Kosaki's love for [Raku](//anilist.co/character/48393/Raku-Ichijou), often giving her a push from behind to take the next step forward.",310,310,0,0,,https://s4.anilist.co/file/anilistcdn/character/large/b58281-8xcROGltvLfg.png,https://s4.anilist.co/file/anilistcdn/character/medium/b58281-8xcROGltvLfg.png,,,,https://anilist.co/character/58281,,,
vndb-c223,vndb,12,24,,,柊 要芽,Hiiragi Kaname,,女,A,,Galgame,Galgame,つよきす,娇蛮之吻,2005,Galgame,"[{""t"":""つよきす"",""cn"":""娇蛮之吻"",""ty"":""Galgame"",""y"":2005,""pop"":284},{""t"":""姉、ちゃんとしようよっ！"",""cn"":"""",""ty"":""Galgame"",""y"":2003,""pop"":50},{""t"":""みにきす　～つよきすファンディスク～"",""cn"":"""",""ty"":""Galgame"",""y"":2006,""pop"":37},{""t"":""姉、ちゃんとしようよっ！2"",""cn"":"""",""ty"":""Galgame"",""y"":2004,""pop"":36}]",2nd eldest.,284,0,284,0,,https://t.vndb.org/ch/87/13687.jpg,https://t.vndb.org/ch/87/13687.jpg,,#373750 #ccada8 #7c717d #f0dcd4 #ffffff,Black Long Straight Slim Pale School Uniform Missionary Doggy Style Cowgirl Blowjob,,,https://vndb.org/c223,
al143808,anilist,12,24,,,折笠千斗,Yukito Orikasa,Yuki,男,,26,动画,动画,アイドリッシュセブン,,2018,动画,"[{""t"":""アイドリッシュセブン"",""cn"":"""",""ty"":""动画"",""y"":2018,""pop"":25729},{""t"":""アイドリッシュセブン Second BEAT!"",""cn"":"""",""ty"":""动画"",""y"":2020,""pop"":11544},{""t"":""アイドリッシュセブン Third BEAT!"",""cn"":"""",""ty"":""动画"",""y"":2021,""pop"":7988},{""t"":""アイドリッシュセブン Third BEAT! 第2クール"",""cn"":"""",""ty"":""动画"",""y"":2022,""pop"":5415},{""t"":""アイドリッシュセブンVibrato"",""cn"":"""",""ty"":""动画"",""y"":2018,""pop"":5333},{""t"":""アイドリッシュセブン LIVE 4bit BEYOND THE PERiOD DAY 1"",""cn"":"""",""ty"":""动画"",""y"":2023,""pop"":1667}]","Yukito Orikasa or mostly known by his stage name Yuki, is the cool and collected member of the duo, Re:vale! Yuki is always apologizing for Momo’s antics.",273,273,0,0,,https://s4.anilist.co/file/anilistcdn/character/large/b143808-Q3kmz4Y93V4a.jpg,https://s4.anilist.co/file/anilistcdn/character/medium/b143808-Q3kmz4Y93V4a.jpg,,,,https://anilist.co/character/143808,,,
vndb-c80972,vndb,12,24,,,美森 まもり,Mimori Mamori,,女,AB,,Galgame,Galgame,俺達の世界わ終っている。,,2017,Galgame,"[{""t"":""俺達の世界わ終っている。"",""cn"":"""",""ty"":""Galgame"",""y"":2017,""pop"":259},{""t"":""俺達の世界わ終っている。"",""cn"":"""",""ty"":""Galgame"",""y"":2017,""pop"":259}]","Gozen Reiji, Misaki Reiji, Ree-kun blogging Gozen Reiji's stalker A university student who attends the same Toushou University as Reiji.",259,0,259,0,,https://t.vndb.org/ch/89/98189.jpg,https://t.vndb.org/ch/89/98189.jpg,,#6f9cb1 #57544f #b4c1be #e1dcd7 #eeeff1 #ffffff,Brown Long Straight Brown Teen Slim Pale Dress Headband Gloves,,,https://vndb.org/c80972,
al383,anilist,12,24,,,アテナ・グローリィ,Athena Glory,Siren / Seiren,女,AB,21,动画|漫画,动画,ARIA The ANIMATION,,2005,动画,"[{""t"":""ARIA The ANIMATION"",""cn"":"""",""ty"":""动画"",""y"":2005,""pop"":56358},{""t"":""ARIA The ORIGINATION"",""cn"":"""",""ty"":""动画"",""y"":2008,""pop"":36741},{""t"":""ARIA The NATURAL"",""cn"":"""",""ty"":""动画"",""y"":2006,""pop"":24710},{""t"":""ARIA"",""cn"":"""",""ty"":""漫画"",""y"":2002,""pop"":18234},{""t"":""ARIA The OVA ~ARIETTA~"",""cn"":"""",""ty"":""动画"",""y"":2007,""pop"":13326},{""t"":""ARIA The AVVENIRE"",""cn"":"""",""ty"":""动画"",""y"":2015,""pop"":12032}]","Prima Aqua 170 cm The third ""Water Fairy"", who works for Orange Planet and acts as Alice's mentor. She tends to be a total airhead who does not really pay attention to anything (in the anime, she once rowed under a bridge and forgot to duck…",258,258,0,0,,https://s4.anilist.co/file/anilistcdn/character/large/b383-flKt5cF0kBxN.png,https://s4.anilist.co/file/anilistcdn/character/medium/b383-flKt5cF0kBxN.png,,,,https://anilist.co/character/383,,,
al145160,anilist,12,24,,,ジゼル・ジュエル,Giselle Gewelle ,Jizeru Jueru,,,,动画|漫画|轻小说,动画,BLEACH 千年血戦篇-訣別譚-,死神 千年血战篇-诀别谭-,2023,动画,"[{""t"":""BLEACH 千年血戦篇-訣別譚-"",""cn"":""死神 千年血战篇-诀别谭-"",""ty"":""动画"",""y"":2023,""pop"":143301},{""t"":""BLEACH"",""cn"":""死神"",""ty"":""漫画"",""y"":2001,""pop"":121044},{""t"":""BLEACH 千年血戦篇-相剋譚-"",""cn"":""死神 千年血战篇-相克谭-"",""ty"":""动画"",""y"":2024,""pop"":117708},{""t"":""BLEACH Can't Fear Your Own World"",""cn"":"""",""ty"":""轻小说"",""y"":2017,""pop"":3765}]","160 cm (5'3"") Giselle Gewelle is a Quincy and a member of the Wandenreich's Sternritter with the designation ""Z"" - ""The Zombie."" Even in dangerous situations, she almost always has a happy or goofy expression on her face.",255,255,0,0,,https://s4.anilist.co/file/anilistcdn/character/large/b145160-VrXSlTGufX0s.jpg,https://s4.anilist.co/file/anilistcdn/character/medium/b145160-VrXSlTGufX0s.jpg,,,,https://anilist.co/character/145160,,,
al36111,anilist,12,24,,塞西莉娅·奥尔科特,セシリア・オルコット,Cecilia Alcott,塞西莉亚·奥卢卡多 / 赛西莉亚,女,,,动画|游戏,动画,IS〈インフィニット・ストラトス〉,,2011,动画,"[{""t"":""IS〈インフィニット・ストラトス〉"",""cn"":"""",""ty"":""动画"",""y"":2011,""pop"":133222},{""t"":""IS〈インフィニット・ストラトス〉2"",""cn"":"""",""ty"":""动画"",""y"":2013,""pop"":81974},{""t"":""IS ＜インフィニット・ストラトス＞ アンコール『恋に焦がれる六重奏』"",""cn"":"""",""ty"":""动画"",""y"":2011,""pop"":29933},{""t"":""IS〈インフィニット・ストラトス〉2 ワールド・パージ編"",""cn"":"""",""ty"":""动画"",""y"":2014,""pop"":20567},{""t"":""IS＜インフィニット・ストラトス＞2  ロングバケーション 一夏（ひとなつ）の想いで"",""cn"":"""",""ty"":""动画"",""y"":2013,""pop"":14738},{""t"":""IS〈インフィニット・ストラトス〉2 インフィニット・ウエディング"",""cn"":"""",""ty"":""动画"",""y"":2016,""pop"":10075}]",英国的代表候补生。 名门出生大小姐，个性非常骄傲。 专用的IS：Blue Tears,254,254,0,125,,https://s4.anilist.co/file/anilistcdn/character/large/36111.jpg,https://s4.anilist.co/file/anilistcdn/character/medium/36111.jpg,https://lain.bgm.tv/r/400/pic/crt/l/c6/c1/10521_crt_0KHhz.jpg?r=1728974661,,,https://anilist.co/character/36111,https://bgm.tv/character/10521,,10521
al146058,anilist,12,24,,,リチャード・ラナシンハ・ドヴルピアン,Richard Ranashinha de Vulpian,Richard Claremont / Edward Baxter / Ricky,男,,28-,动画|漫画|轻小说,动画,宝石商リチャード氏の謎鑑定,,2020,动画,"[{""t"":""宝石商リチャード氏の謎鑑定"",""cn"":"""",""ty"":""动画"",""y"":2020,""pop"":22026},{""t"":""宝石商リチャード氏の謎鑑定"",""cn"":"""",""ty"":""漫画"",""y"":2019,""pop"":1345},{""t"":""宝石商リチャード氏の謎鑑定"",""cn"":"""",""ty"":""轻小说"",""y"":2015,""pop"":1027}]","179 cm (5'8"") A skilled jeweler who speaks fluent Japanese, despite being both Japanese and British with Sri Lankan heritage. His age is unknown and he has a level of unrivalled beauty that dumbfounds people, regardless of their gender.",248,248,0,0,,https://s4.anilist.co/file/anilistcdn/character/large/b146058-4TFeH0cAbmFc.png,https://s4.anilist.co/file/anilistcdn/character/medium/b146058-4TFeH0cAbmFc.png,,,,https://anilist.co/character/146058,,,
al30050,anilist,12,24,,,高野政宗,Masamune Takano,Masamune Saga,,,,动画,动画,世界一初恋 TV,,2011,动画,"[{""t"":""世界一初恋 TV"",""cn"":"""",""ty"":""动画"",""y"":2011,""pop"":34262},{""t"":""世界一初恋 2"",""cn"":"""",""ty"":""动画"",""y"":2011,""pop"":22135},{""t"":""劇場版 世界一初恋 横澤隆史の場合"",""cn"":"""",""ty"":""动画"",""y"":2014,""pop"":11024},{""t"":""世界一初恋 OVA"",""cn"":"""",""ty"":""动画"",""y"":2011,""pop"":9258},{""t"":""世界一初恋～バレンタイン編～"",""cn"":"""",""ty"":""动画"",""y"":2014,""pop"":7076},{""t"":""世界一初恋~プロポーズ編~"",""cn"":"""",""ty"":""动画"",""y"":2020,""pop"":7007}]","Formerly known as Saga Masamune, before his parents divorced in high school. He is the editor-in-chief of the Emerald department at Marukawa, and is sometimes referred to as ""the Capable"".",241,241,0,0,,https://s4.anilist.co/file/anilistcdn/character/large/30050.jpg,https://s4.anilist.co/file/anilistcdn/character/medium/30050.jpg,,,,https://anilist.co/character/30050,,,
vndb-c164616,vndb,12,24,,,和倉 千聡,Wakura Chisato,,女,AB,,Galgame,Galgame,働くオトナの恋愛事情,,2016,Galgame,,Formerly a senior coworker to Oga Itsuki at Koudentou; now a fortune teller.,230,0,230,0,,,,,,Earrings Pantyhose Senpai Sitting Sex Ring Nail Polish Bracelet Pendant Earrings Feet Licking Sex in a Vehicle,,,https://vndb.org/c164616,
vndb-c34835,vndb,12,24,,,千和,Chiyori,Chii / Chiyo,女,,,Galgame,Galgame,はじめてのおかあさん,,2009,Galgame,,"The protagonist's young daughter. She's just started school. Having been sad and lonely since her mother died, she begs her father to put a baby in her so she can be the new mama.",220,0,220,0,,https://t.vndb.org/ch/72/77472.jpg,https://t.vndb.org/ch/72/77472.jpg,,#ce9088 #815e5a #dabac1 #f1e6e1 #f7f5f7 #ffffff,Brown Twin Tails Short Slim School Uniform Cooking Missionary Doggy Style Cowgirl Standing Sex,,,https://vndb.org/c34835,
bgm-bgm14943,vndb,12,24,,,酉水 司,Sugai Tsukasa,,男,A,,Galgame,Galgame,STORM LOVER,,2010,Galgame,"[{""t"":""STORM LOVER"",""cn"":"""",""ty"":""Galgame"",""y"":2010,""pop"":210},{""t"":""STORM LOVER 夏恋!!"",""cn"":"""",""ty"":""Galgame"",""y"":2011,""pop"":20},{""t"":""STORM LOVER 2nd"",""cn"":"""",""ty"":""Galgame"",""y"":2013,""pop"":18},{""t"":""STORM LOVER 快!!"",""cn"":"""",""ty"":""Galgame"",""y"":2012,""pop"":0},{""t"":""STORM LOVER 夏恋!!"",""cn"":""暴风恋人 夏恋"",""ty"":""Galgame"",""y"":2011,""pop"":0},{""t"":""Storm Lover"",""cn"":""暴风情人"",""ty"":""Galgame"",""y"":2010,""pop"":0}]",今年刚刚赴任的教师，担当科目是数学。 运动和学历都十分出众的万能教师。 他的柜子里放着日式糖果，一发现不开心的学生就会给他们吃。 性格十分优秀，讨厌争端。同时也是茶道部的顾问。,210,0,210,1,,https://t.vndb.org/ch/68/18768.jpg,https://t.vndb.org/ch/68/18768.jpg,https://lain.bgm.tv/r/400/pic/crt/l/f4/e0/14943_crt_3440H.jpg,#7e728b #433f50 #d1a2a1 #e2d3d1 #f2f0ec #ffffff,Black Ponytail Shoulder-length Mullet Brown Pale Sweater Trousers Young-adult Suit,,https://bgm.tv/character/14943,https://vndb.org/c6096,14943
bgm-bgm61594,vndb,12,24,,,大雲寺 エル,Daiunji Eru,,女,AB,,Galgame,Galgame,P/A ~Potential Ability~,,2014,Galgame,"[{""t"":""P/A ~Potential Ability~"",""cn"":"""",""ty"":""Galgame"",""y"":2014,""pop"":208},{""t"":""P/A ~Potential Ability~"",""cn"":"""",""ty"":""Galgame"",""y"":2014,""pop"":0}]",バイオ産業で一大財閥を築き上げた 大雲寺財閥の超お嬢様。 お金に困ったことが無いため、世の中の事象は何でもお金で解決できると思っている。 彼女の能力は 欲しいモノに能力を掛け、それに触ると発動する能力。 それに掛かった者はエルの言うことに従ってしまう。 非常にトリッキーな能力のためプロセスが難しく、それをエルはお金で解決してしまう傾向がある。 なぜなら両親から “全ては金である” と幼少の頃から教わり、さらに自分もその方法が間違っているとは微塵も思っていない。,208,0,208,4,,https://t.vndb.org/ch/61/39761.jpg,https://t.vndb.org/ch/61/39761.jpg,https://lain.bgm.tv/r/400/pic/crt/l/76/b9/61594_crt_G419I.jpg,#c8a287 #854147 #eed8ac #f0e5e3 #fdfcfc,Blond Waist Length+ Pale School Uniform Cowgirl Blowjob Virgin Sex Blue Young-adult Necklace,,https://bgm.tv/character/61594,https://vndb.org/c25997,61594
bgm-bgm7191,bangumi,12,24,,萩原雪步,萩原雪歩,Hagiwara Yukiho,ゆきぴょん,其他,A,,动画|游戏,音乐,M@STERPIECE,,2014,音乐,"[{""t"":""M@STERPIECE"",""cn"":"""",""ty"":""音乐"",""y"":2014,""pop"":0},{""t"":""THE IDOLM@STER"",""cn"":""偶像大师"",""ty"":""动画"",""y"":2011,""pop"":0},{""t"":""アイドルマスター ワンフォーオール"",""cn"":""偶像大师： 全力以赴"",""ty"":""游戏"",""y"":2014,""pop"":0},{""t"":""THE IDOLM@STER MILLION THE@TER BEST"",""cn"":"""",""ty"":""音乐"",""y"":2023,""pop"":0},{""t"":""THE IDOLM@STER 765 MILLION ALLSTARS BEST"",""cn"":"""",""ty"":""音乐"",""y"":2023,""pop"":0},{""t"":""THE IDOLM@STER 765PRO LIVE THE@TER COLLECTION Vol.2"",""cn"":"""",""ty"":""音乐"",""y"":2023,""pop"":0}]",登场作品：街机、XBOX版（1，2代）、PSP版、动画版、PS4版 性格：沉着，形象颜色：白色 生性爱哭而胆小，为了改变自己的个性而目标当上偶像。喜欢喝茶（尤其是抹茶）。似乎对身材没有自信，本人也说自己是“没肉、贫乳、小不点（ひんそーでひんにゅーでちんちくりんで）”，不过数字上并没有很差。极度消沉时会习惯在地上挖个洞把自己埋起来，所以电钻和铲子成为了雪歩的代表物（真的埋起来还是在脑内埋起来则详细不明）。在动画初期似乎很害怕男人。 基本能力值且容易陷入低潮，单人时最难以掌控。,204,0,0,204,,https://lain.bgm.tv/pic/crt/l/56/97/7191_crt_QQWdX.jpg?r=1508299892,https://lain.bgm.tv/r/400/pic/crt/l/56/97/7191_crt_QQWdX.jpg?r=1508299892,,,,,https://bgm.tv/character/7191,,7191
bgm-bgm22635,vndb,12,24,,宇奈原由纪,宇奈原 由紀,Unahara Yuki,,女,O,,Galgame,Galgame,12の月のイヴ,,2014,Galgame,"[{""t"":""12の月のイヴ"",""cn"":"""",""ty"":""Galgame"",""y"":2014,""pop"":189},{""t"":""12の月のイヴ"",""cn"":""无尽的平安夜"",""ty"":""Galgame"",""y"":2014,""pop"":0}]",从未来而来的女孩（这事是个秘密）。 患上了不治之症，为了探寻患病原因而融入了直人的小圈子。 性格直截了当，一想到什么就会毫无保留的说出口，但因为说明不够充足而经常产生误解。 表现得好像很飘飘然…… 「啊！他真的很用劲儿地抢走了！抢走了我重要的东西啊，这个男人！」,189,0,189,45,,https://t.vndb.org/ch/52/21152.jpg,https://t.vndb.org/ch/52/21152.jpg,https://lain.bgm.tv/r/400/pic/crt/l/17/2f/22635_crt_pmFpK.jpg,#865468 #bc9293 #dbc8b8 #efe4ce #f4f2ed #ffffff,Blond Ahoge Waist Length+ Straight Teen Slim Pale School Uniform Cowgirl Standing Sex,,https://bgm.tv/character/22635,https://vndb.org/c16643,22635
vndb-c73747,vndb,12,24,,,ビャクヤ,Byakuya,,男,A,,Galgame,Galgame,UNDER NIGHT IN-BIRTH,,2012,Galgame,,,180,0,180,0,,https://t.vndb.org/ch/20/89320.jpg,https://t.vndb.org/ch/20/89320.jpg,,#2c2a38 #756a8a #d5cdec #b0a7b8 #f4eff0 #ffffff,Violet Short Teen Pale Trousers Student Grey Lazy Low Self-esteem Insanity,,,https://vndb.org/c73747,
bgm-bgm173772,vndb,12,24,,牧清香,마키 키요카,Maki Kiyoka,Super High School Level Sniper,女,B,,Galgame,Galgame,단간론파 어나더 ~또 하나의 절망학원~,,2015,Galgame,"[{""t"":""단간론파 어나더 ~또 하나의 절망학원~"",""cn"":"""",""ty"":""Galgame"",""y"":2015,""pop"":180},{""t"":""단간론파 어나더 ~ 또하나의 절망학원 ~"",""cn"":""弹丸论破ANOTHER~另一个绝望学院~"",""ty"":""Galgame"",""y"":2015,""pop"":0}]",希望之峰79届的16名高中生之一。不管是普通射击还是气枪、飞镖、狙击、鸟枪等射击领域，都百发百中的超高校级狙击手。,180,0,180,0,,https://t.vndb.org/ch/21/139321.jpg,https://t.vndb.org/ch/21/139321.jpg,https://lain.bgm.tv/r/400/pic/crt/l/4a/1a/173772_crt_z2rS5.jpg,#b38a5e #55583d #f3d99f #b2baca #d4dff0 #fefefe,Blond Blue Jacket Necklace Jeans Boku Carefree Outgoing Friendly Friend,,https://bgm.tv/character/173772,https://vndb.org/c116881,173772
vndb-c56400,vndb,12,24,,,名取 すず,Natori Suzu,,女,O,,Galgame,Galgame,ゴールデンアワー,,2017,Galgame,,"Fukaya Academy's General Education Department, 3rd Grade Class B. An amateur model who is at the peak of her popularity. Was a quite and simple otaku but after getting invited by her friend, started her amateur modelling job.",175,0,175,0,,https://t.vndb.org/ch/22/67222.jpg,https://t.vndb.org/ch/22/67222.jpg,,#242127 #4f4c5b #aba0a1 #e5d7cf #ffffff,Black Bob Cut Short Brown Teen Slim Pale School Uniform Hard Worker Amnesia,,,https://vndb.org/c56400,
vndb-c135650,vndb,12,24,,,丸橋 早希,Maruhashi Saki,,女,,,Galgame,Galgame,死噛 ～シビトマギレ～,,2022,Galgame,,"A delinquent first-year student. Her rebellious nature earned her a bad reputation, but she's quite religious due to her family's Shinto background.",165,0,165,0,,https://t.vndb.org/ch/02/159602.jpg,https://t.vndb.org/ch/02/159602.jpg,,#937766 #493730 #bda18f #c6c2c0 #e5e6e6 #fefefe,Blond Wavy Shoulder-length Brown Teen Slim School Uniform Cousin Delinquent Religious,,,https://vndb.org/c135650,
bgm-bgm10658,vndb,12,24,,雷尼·米尔西修特拉瑟,レニ・ミルヒシュトラーセ,Reni Milchstrasse,Leni Milchstraße,其他,O,,动画|Galgame,Galgame,サクラ大戦２～君、死にたもうことなかれ～,,1998,Galgame,"[{""t"":""サクラ大戦２～君、死にたもうことなかれ～"",""cn"":"""",""ty"":""Galgame"",""y"":1998,""pop"":163},{""t"":""サクラ大戦３～巴里は燃えているか～"",""cn"":"""",""ty"":""Galgame"",""y"":2001,""pop"":89},{""t"":""サクラ大戦4 ～恋せよ乙女～"",""cn"":"""",""ty"":""Galgame"",""y"":2002,""pop"":68},{""t"":""サクラ大戦2 〜君、死にたもうことなかれ〜"",""cn"":""樱花大战2 ～愿君平安～"",""ty"":""Galgame"",""y"":1998,""pop"":0},{""t"":""サクラ大戦3 〜巴里は燃えているか〜"",""cn"":""樱花大战3 ～巴黎在燃烧吗～"",""ty"":""Galgame"",""y"":2001,""pop"":0},{""t"":""サクラ大戦4 〜恋せよ乙女〜"",""cn"":""樱花大战4 ～恋爱吧少女～"",""ty"":""Galgame"",""y"":2002,""pop"":0}]",雷尼和织姬一样由星组转属过来，有着美少年的模样，欧州大战时被德国地下社团ブルーメンブラットBlumdnblatt带走，进行“成长”ヴァックストームWacksturmt计划”，七岁时便成为战争的道具，除了唱歌、跳舞、战斗以外，不会显露感情。雷尼由于往昔的背景，在战术、战略上都是非常通晓的理论家，战斗中的实力也是非常惊人，有着超乎常人的沉着冷静，战斗中为花组增加极大的战力。,163,0,163,11,,https://t.vndb.org/ch/80/16380.jpg,https://t.vndb.org/ch/80/16380.jpg,https://lain.bgm.tv/r/400/pic/crt/l/74/8a/10658_crt_bBnta.jpg,#283b48 #a0937f #f7e0c6 #d6d4e1 #b6b3b8 #fcfbfa,White Short Reverse-trap Slim Pale Dress Shoes Orphan Blue Kid Shirt,,https://bgm.tv/character/10658,https://vndb.org/c12619,10658
vndb-c73609,vndb,12,24,,,夷隅 祐一郎,Isumi Yuuichirou,,男,A,,Galgame,Galgame,捻くれモノの学園青春物語 ～俺と彼女の裏表～,,2018,Galgame,,,148,0,148,0,,https://t.vndb.org/ch/95/90295.jpg,https://t.vndb.org/ch/95/90295.jpg,,#4d323e #8d7376 #cab3b1 #eadcd6 #efeff3 #ffffff,Brown Short Straight Teen Slim Pale Trousers Shirt Belt High School Student,,,https://vndb.org/c73609,
bgm-bgm160803,vndb,12,24,,,姫川 真美,Himekawa Mami,,女,O,,Galgame,Galgame,てにおはっ！feat.真美 〜マゾの悦び開放しましょ？〜,,2022,Galgame,"[{""t"":""てにおはっ！feat.真美 〜マゾの悦び開放しましょ？〜"",""cn"":"""",""ty"":""Galgame"",""y"":2022,""pop"":142},{""t"":""てにおはっ！feat.真美 〜マゾの悦び開放しましょ？〜"",""cn"":""Tenioha! feat. 真美"",""ty"":""Galgame"",""y"":2022,""pop"":0}]",本作のヒロイン。 社内では主人公と同じ営業課の先輩にあたり、年齢も年上。 飄々とした態度や振る舞いだが、仕事に関しては社内でも随一のやり手。 落ちこぼれの主人公とは対照的に、既に次期課長候補との呼び声もあるくらいである。 何故か主人公のことを入社時から気に入っており、『後輩クン』と親しみを込めて呼んでいる。,142,0,142,3,1,https://t.vndb.org/ch/93/132093.jpg,https://t.vndb.org/ch/93/132093.jpg,https://lain.bgm.tv/r/400/pic/crt/l/5b/40/160803_crt_uODFB.jpg,#433439 #8d6e6c #d0b2a8 #fbecca #e9e3e7 #ffffff,Brown Long Straight Brown Pale Proactive Cowgirl Blowjob Anilingus Young-adult,,https://bgm.tv/character/160803,https://vndb.org/c109803,160803
bgm-bgm34794,vndb,12,24,,相乐山彦,相楽 山彦,Sagara Yamahiko,,男,B,,Galgame,Galgame,それは舞い散る桜のように,,2002,Galgame,"[{""t"":""それは舞い散る桜のように"",""cn"":"""",""ty"":""Galgame"",""y"":2002,""pop"":139},{""t"":""それは舞い散る桜のように"",""cn"":""繁花落舞恋如樱"",""ty"":""Galgame"",""y"":2002,""pop"":0},{""t"":""それは舞い散る桜のように-Re:BIRTH-"",""cn"":""繁花落舞恋如樱-Re:BIRTH-"",""ty"":""Galgame"",""y"":2023,""pop"":0}]",桜坂学園の2年生。 舞人にとって唯一の親友と呼べる相手。入学式で意気投合して以来の仲。 異性に興味が薄い舞人とは対照的に、社交的でフェミニストな性格。 男女とも交友は広いが、特定の恋人は持たない主義。,139,0,139,0,,https://t.vndb.org/ch/23/148223.jpg,https://t.vndb.org/ch/23/148223.jpg,https://lain.bgm.tv/r/400/pic/crt/l/e2/4c/34794_crt_DJXMg.jpg,#848da9 #40404a #babbca #dedde5 #f0f1f5 #ffffff,Friend Classmate Kind Popular Older Brother,,https://bgm.tv/character/34794,https://vndb.org/c125996,34794
vndb-c1179,vndb,12,24,,,ブラザー・チャペック,Brother Capek,,,,,Galgame,Galgame,エヴォリミット,,2010,Galgame,,"Tsunami Karanikofu's companion. Having rockets with it, somehow it is getting along well with Tsunami. Despite it is being scorned by Tsunami as a piece of junk and useless rockets, it is considerably excellent.",129,0,129,0,,https://t.vndb.org/ch/28/1228.jpg,https://t.vndb.org/ch/28/1228.jpg,,#b1abbb #514d5d #f8ebe2 #fefaee #d9ced4,Fighting Teasing Genius Watakushi Non-Humanoid,,,https://vndb.org/c1179,
bgm-bgm100290,vndb,12,24,,,稲葉 翔子,Inaba Shouko,,女,A,,动画|Galgame,Galgame,Pia♥キャロットへようこそ!! ～We've been waiting for you～,,1996,Galgame,"[{""t"":""Pia♥キャロットへようこそ!! ～We've been waiting for you～"",""cn"":"""",""ty"":""Galgame"",""y"":1996,""pop"":127},{""t"":""Pia♥キャロットへようこそ!!"",""cn"":""欢迎来到咖啡屋"",""ty"":""Galgame"",""y"":1996,""pop"":0},{""t"":""Pia♥キャロットへようこそ!!"",""cn"":""欢迎来到Pia♥卡罗特"",""ty"":""动画"",""y"":1997,""pop"":0}]",主人公、さとみと三人一緒に育ってきた幼馴染の女の子。 多少子供っぽいところはあるが、明るくて純粋な心を持っている。,127,0,127,3,,https://t.vndb.org/ch/69/5069.jpg,https://t.vndb.org/ch/69/5069.jpg,https://lain.bgm.tv/r/400/pic/crt/l/45/52/100290_crt_547e1.jpg,#bc3047 #c48d7d #771a2a #332234 #330c17 #ecd3c9,Red Brown Student Kimono Deredere Airhead Childhood Friend Waitstaff One Piece Swimsuit Energetic,,https://bgm.tv/character/100290,https://vndb.org/c5016,100290
vndb-c41256,vndb,12,24,,,工藤 さやか,Kudou Sayaka,,女,,,Galgame,Galgame,マリッジブルー「婚約者がいるのに、どうしてこんな男に……」,,2012,Galgame,,Main protagonist beloved lover with who he's been associating since university days. Currently national language teacher at private school. She's advisor of drama club.,127,0,127,0,,https://t.vndb.org/ch/91/155291.jpg,https://t.vndb.org/ch/91/155291.jpg,,#c3ac8f #edd6aa #534749 #e1dfdc #f3f3f1 #ffffff,Black Long Wavy Slim Pale Missionary Doggy Style Cowgirl Standing Sex Spoons,,,https://vndb.org/c41256,
al29739,anilist,12,24,,,更科郁斗,Ikuto Sarashina,Ikkun,,A,16,动画|漫画,动画,会長はメイド様!,会长是女仆大人！,2010,动画,"[{""t"":""会長はメイド様!"",""cn"":""会长是女仆大人！"",""ty"":""动画"",""y"":2010,""pop"":288287},{""t"":""会長はメイド様！"",""cn"":""会长是女仆大人！"",""ty"":""漫画"",""y"":2005,""pop"":36966},{""t"":""会長はメイド様！おまけだよ！"",""cn"":"""",""ty"":""动画"",""y"":2011,""pop"":30415},{""t"":""会長はメイド様! ご主人様と遊んじゃお♥"",""cn"":"""",""ty"":""动画"",""y"":2010,""pop"":21776}]","178 cm The second of the ""idiot trio"", which includes [Shirakawa Naoya](//anilist.co/character/28197/Naoya-Shirakawa) and [Ryuunosuke Kurosaki](//anilist.co/character/29387/Ryuunosuke-Kurosaki).",119,119,0,0,,https://s4.anilist.co/file/anilistcdn/character/large/b29739-m7xN5oiD434e.jpg,https://s4.anilist.co/file/anilistcdn/character/medium/b29739-m7xN5oiD434e.jpg,,,,https://anilist.co/character/29739,,,
vndb-c25817,vndb,12,24,,,鳴神 葵,Narukami Aoi,Deformed Samurai / SD Samurai,女,A,,Galgame,Galgame,"77（セブンズ） ～And, two stars meet again～",,2009,Galgame,,"A sophomore and the present Orihime candidate of the Tower of Power. Despite looking young she is a master at various martial arts, and carries around a naginata everywhere.",113,0,113,0,,https://t.vndb.org/ch/81/66881.jpg,https://t.vndb.org/ch/81/66881.jpg,,#4a4ea8 #9288d4 #c8c7e3 #efe3eb #faf7f5,Violet Twin Tails Long Slim Pale School Uniform Magician Fighting Cowgirl Blowjob,,,https://vndb.org/c25817,
vndb-c42892,vndb,12,24,,,チジョフ・時雨,Chizhov Shigure,Chijofu Shigure,女,O,,Galgame,Galgame,キミトユメミシ,,2016,Galgame,,"Kimito's underclassman who is half-Russian, half-Japanese and the daughter of the doctor who took care of Kimito when he was younger. A very boisterous and vigorous girl, her love for Japan and the Japanese language is unrivaled.",109,0,109,0,,https://t.vndb.org/ch/74/53174.jpg,https://t.vndb.org/ch/74/53174.jpg,,#445983 #9890a3 #c5b8c4 #f9f6eb #e3dbdf #fffffe,Twin Tails Waist Length+ Teen Slim Pale School Uniform Doggy Style Cowgirl Standing Sex Spoons,,,https://vndb.org/c42892,
vndb-c23753,vndb,12,24,,,上条 明日美,Kamijou Asumi,,女,,,Galgame,Galgame,人形の傷跡,,1999,Galgame,,She is the protagonist's supposed older sister. She is the original Kamijou Asumi.,109,0,109,0,,https://t.vndb.org/ch/33/29333.jpg,https://t.vndb.org/ch/33/29333.jpg,,#2991ca #1a5fa6 #2a2633 #93959e #716b72 #cbcfd7,Brown Short Straight Brown Pale Young-adult Friend Scientist Death University Student,,,https://vndb.org/c23753,
vndb-c111346,vndb,12,24,,,櫻井 柊,Sakurai Shuu,,男,,,Galgame,Galgame,早咲きのくろゆり,,2023,Galgame,,"Hana's classmate. He's quiet and rather hard to read. His grades are excellent, but he doesn't have any clear plans for the future.",100,0,100,0,,https://t.vndb.org/ch/84/186284.jpg,https://t.vndb.org/ch/84/186284.jpg,,#3e424d #94898d #e7d7d2 #bfbcc5 #f5f3f3 #ffffff,Black Short Teen Slim Pale Amber Carefree Friend Classmate Senpai,,,https://vndb.org/c111346,
vndb-c27405,vndb,12,24,,,七瀬 レン,Nanase Ren,,男,,,Galgame,Galgame,24時、君のハートは盗まれる～怪盗ジェイド～,,2004,Galgame,,"Nanase Ren is two grades above Makoto, and a senior in the Basketball club who is thoughtful of his juniors. He enjoys amusing others, so he can come off a little eccentric at times.",99,0,99,0,,https://t.vndb.org/ch/98/33398.jpg,https://t.vndb.org/ch/98/33398.jpg,,#58669a #272848 #4b4b64 #afbca1 #86897b #dddbc5,Blue Short Pale School Uniform Blue Young-adult Jacket Necktie Shirt Ore,,,https://vndb.org/c27405,
vndb-c89485,vndb,12,24,,,온시완,On Siwan,Zion,男,,,Galgame,Galgame,위험한 그놈들,,2018,Galgame,,"""He's the cocky one. He could be more friendly.""",97,0,97,0,,https://t.vndb.org/ch/28/108028.jpg,https://t.vndb.org/ch/28/108028.jpg,,#a6726e #210d0d #724041 #3f1f22 #e5ccc0,Red Short Amber Young-adult Jacket Shirt Bandages Tsundere Arrogant Wealthy,,,https://vndb.org/c89485,
bgm-bgm86119,bangumi,12,24,,小熊维尼,Winnie the Pooh,,Winnie / 维尼 / 维尼熊 / Pooh Bear,其他,,,动画|游戏,动画,South Park Season 23,南方公园 第23季,2019,动画,"[{""t"":""South Park Season 23"",""cn"":""南方公园 第23季"",""ty"":""动画"",""y"":2019,""pop"":0},{""t"":""KINGDOM HEARTS III"",""cn"":""王国之心3"",""ty"":""游戏"",""y"":2019,""pop"":0},{""t"":""くまのプーさん 100エーカーの森のクッキングBOOK"",""cn"":""小熊维尼：森林食谱"",""ty"":""游戏"",""y"":2011,""pop"":0},{""t"":""Винни-Пух идёт в гости"",""cn"":""小熊维尼去做客"",""ty"":""动画"",""y"":1971,""pop"":0},{""t"":""Winnie the Pooh and the Honey Tree"",""cn"":""小熊维尼和蜂蜜树"",""ty"":""动画"",""y"":1966,""pop"":0},{""t"":""Winnie the Pooh: A Valentine for You"",""cn"":"""",""ty"":""动画"",""y"":1999,""pop"":0}]",小熊维尼是艾伦·亚历山大·米恩为他的儿子创作的一只漫画熊；而古典维尼是由谢培德（E.H.Shepard）所绘，后由华特·迪士尼公司于1961年购入并经过重新绘制，推出后因其可爱的外型与憨厚的个性，迅速成为世界知名的卡通角色之一。此后人们为了区别两种不同风格的维尼，称呼米尔恩时期由谢培德（E.H.Shepard）绘制的维尼为“古典维尼”（Classic Pooh）；而后全球粉丝便把米尔恩的生日（1月18日）推为国际小熊维尼日。,90,0,0,90,,https://lain.bgm.tv/pic/crt/l/7a/03/86119_crt_1w0YZ.jpg?r=1739019178,https://lain.bgm.tv/r/400/pic/crt/l/7a/03/86119_crt_1w0YZ.jpg?r=1739019178,,,,,https://bgm.tv/character/86119,,86119
bgm-bgm73205,vndb,12,24,,,小鳥遊 詠,Takanashi Ei,,女,A,,Galgame,Galgame,同じクラスのアイドルさん。Around me is full by a celebrity.,,2019,Galgame,"[{""t"":""同じクラスのアイドルさん。Around me is full by a celebrity."",""cn"":"""",""ty"":""Galgame"",""y"":2019,""pop"":85},{""t"":""同じクラスのアイドルさん。Around me is full by a celebrity."",""cn"":"""",""ty"":""Galgame"",""y"":2019,""pop"":0}]",今は亡き母親が伝説的な歌姫で、その血と声を受け継いで 芸能界デビューを果たしている少女。 周囲が自分を母の代わりに仕立て上げようとしている 状況もあって、無口無表情で壁を作って人をなかなか 寄せ付けない。 自立しているが、誰にも頼らずに何もかも背負いこむので 危ういところがある。 歌うことが好きで、幼少期からその才能には目をつけられていたが、 あくまでも表面的な巧さに過ぎず、その歌声は心を欠くとも評される。,85,0,85,6,,https://t.vndb.org/ch/61/102261.jpg,https://t.vndb.org/ch/61/102261.jpg,https://lain.bgm.tv/r/400/pic/crt/l/23/7b/73205_crt_bG5jK.jpg,#553a4a #928894 #cbb6b6 #efded6 #f1efef #ffffff,School Uniform Virgin Sex Aunt Roommate Singing Idol Schoolmate Classmate Kouhai High School Student,,https://bgm.tv/character/73205,https://vndb.org/c83274,73205
bgm-bgm65917,bangumi,12,24,,,能天使,Exusiai,,其他,,,动画|漫画|游戏,动画,U探泰拉,,2025,动画,"[{""t"":""U探泰拉"",""cn"":"""",""ty"":""动画"",""y"":2025,""pop"":0},{""t"":""明日方舟"",""cn"":""明日方舟"",""ty"":""游戏"",""y"":2019,""pop"":0},{""t"":""アークナイツ【焔燼曙明/RISE FROM EMBER】"",""cn"":""明日方舟：焰烬曙明"",""ty"":""动画"",""y"":2025,""pop"":0},{""t"":""アークナイツ【黎明前奏/PRELUDE TO DAWN】"",""cn"":""明日方舟：黎明前奏"",""ty"":""动画"",""y"":2022,""pop"":0},{""t"":""信使安洁莉娜漫游手记"",""cn"":""信使安洁莉娜漫游手记"",""ty"":""漫画"",""y"":2025,""pop"":0}]",能天使，拉特兰公民，适用拉特兰一至十三项公民权益。企鹅物流公司成员。从事秘密联络，武装押运等非公开活动，推测身份：信使。于合约期内任企鹅物流驻罗德岛联络人员，同时为罗德岛多项行动提供协助。 乐观，性格明朗，擅长活跃气氛。 但在战场上，却与平时的举止相反，拥有顶级的射击技术，擅长混战。,57,0,0,57,,https://lain.bgm.tv/pic/crt/l/d7/92/65917_crt_8x7Lf.jpg?r=1572199534,https://lain.bgm.tv/r/400/pic/crt/l/d7/92/65917_crt_8x7Lf.jpg?r=1572199534,,,,,https://bgm.tv/character/65917,,65917
bgm-bgm57063,bangumi,12,24,,色川琉姬,色川琉姫,Irokawa Ruki,爆乳♥姫子,其他,,,动画|漫画|游戏,动画,こみっくがーるず,漫画女孩,2018,动画,"[{""t"":""こみっくがーるず"",""cn"":""漫画女孩"",""ty"":""动画"",""y"":2018,""pop"":0},{""t"":""こみっくがーるず"",""cn"":""漫画女孩"",""ty"":""漫画"",""y"":2015,""pop"":0},{""t"":""きららファンタジア"",""cn"":""闪耀幻想曲"",""ty"":""游戏"",""y"":2017,""pop"":0},{""t"":""こみっくがーるず 第2巻 特典CD"",""cn"":"""",""ty"":""音乐"",""y"":2018,""pop"":0}]",薫子・小夢の先輩漫画家。翼からは「るっきー」と呼ばれていて、小学生からの付き合い。,56,0,0,56,,https://lain.bgm.tv/pic/crt/l/67/c0/57063_crt_pA84Y.jpg?r=1523024952,https://lain.bgm.tv/r/400/pic/crt/l/67/c0/57063_crt_pA84Y.jpg?r=1523024952,,,,,https://bgm.tv/character/57063,,57063
bgm-bgm1041,bangumi,12,24,,伊芙,イヴ,Eve,,其他,AB,,动画|漫画|游戏|Galgame,Galgame,BLACK CAT～機械仕掛けの天使～,黑猫：机械装置的天使,2006,Galgame,"[{""t"":""BLACK CAT～機械仕掛けの天使～"",""cn"":""黑猫：机械装置的天使"",""ty"":""Galgame"",""y"":2006,""pop"":0},{""t"":""BLACK CAT"",""cn"":""黑猫"",""ty"":""动画"",""y"":2005,""pop"":0},{""t"":""BLACK CAT"",""cn"":""黑猫"",""ty"":""漫画"",""y"":2001,""pop"":0},{""t"":""BLACK CAT ドラマCD"",""cn"":"""",""ty"":""音乐"",""y"":2005,""pop"":0},{""t"":""BLACK CAT 〜黒猫の協奏曲〜"",""cn"":"""",""ty"":""游戏"",""y"":2007,""pop"":0}]",透过奈米技术及复制而成的伊芙，生来就被培养成杀人武器，但直至遇上史恩，意志开始在伊芙的内心萌发，后来在托雷与史恩的活跃下才获得自由，之后因希望能帮上史恩的忙而跟其一同旅行。 刚开始个性单纯，在接触外界后精神快速成长，想法变得十分成熟。有要超越托雷，成为史恩搭挡的野心。 伊芙可透过体内数亿个与自己意识同步的纳米机器，随意将身驱变成任何东西。尤其随着伊芙知识与想像力的增加，变形的种类与精致度也随之上升。,55,0,0,55,,https://lain.bgm.tv/pic/crt/l/71/d7/1041_crt_dgM9u.jpg?r=1681486538,https://lain.bgm.tv/r/400/pic/crt/l/71/d7/1041_crt_dgM9u.jpg?r=1681486538,,,,,https://bgm.tv/character/1041,,1041
bgm-bgm61065,bangumi,12,24,,初音,ハツネ,Kashiwazaki Hatsune,星法，睡法，拍大星,其他,A,,动画|游戏,动画,プリンセスコネクト！Re:Dive,公主连结 Re:Dive,2020,动画,"[{""t"":""プリンセスコネクト！Re:Dive"",""cn"":""公主连结 Re:Dive"",""ty"":""动画"",""y"":2020,""pop"":0},{""t"":""プリンセスコネクト！Re:Dive"",""cn"":""公主连结 Re:Dive"",""ty"":""游戏"",""y"":2018,""pop"":0},{""t"":""プリンセスコネクト！"",""cn"":""公主连结"",""ty"":""游戏"",""y"":2015,""pop"":0},{""t"":""プリンセスコネクト！Re:Dive Season 2"",""cn"":""公主连结 Re:Dive 第二季"",""ty"":""动画"",""y"":2022,""pop"":0}]",いぇ～い、ピースピース！ 魔物なんか、超能力で一発だよ！ 私は強いのだぁ～！ 普段は「きらーんっ☆」を決め台詞とする明るく元気いっぱいな少女であり、言いたいことがある場合「～のだ」という口調で話しかける。 しかし切迫した状況が苦手なようで、ピンチに陥るとおどおどしてしまう傾向がある。 シオリは血が繋がった実の妹で、「シオリン」とも呼んでいる。種族が違うのは父親が獣人で母親がエルフであるため、それぞれ血の濃さが違う。,47,0,0,47,,https://lain.bgm.tv/pic/crt/l/ef/ea/61065_crt_WANq5.jpg?r=1692021830,https://lain.bgm.tv/r/400/pic/crt/l/ef/ea/61065_crt_WANq5.jpg?r=1692021830,,,,,https://bgm.tv/character/61065,,61065
bgm-bgm67174,bangumi,12,24,,田边小梅,田辺小梅,,,其他,,,Galgame,Galgame,僕は天使じゃないよ,我不是天使,2005,Galgame,,市蔵の身の回りの世話をしてくれる盲目の無口な侍女。 まだ若いがきちんと家事はこなす。 いつも静かに微笑んでいる娘。,43,0,0,43,1,https://lain.bgm.tv/pic/crt/l/be/de/67174_crt_clJJ1.jpg,https://lain.bgm.tv/r/400/pic/crt/l/be/de/67174_crt_clJJ1.jpg,,,,,https://bgm.tv/character/67174,,67174
bgm-bgm31500,bangumi,12,24,,娜塔尔·巴基露露,ナタル・バジルール,Natarle Badgirule,娜塔尔·巴吉露尔,其他,AB,,动画|游戏,动画,機動戦士ガンダムSEED HDリマスター,机动战士高达SEED HD重制版,2012,动画,"[{""t"":""機動戦士ガンダムSEED HDリマスター"",""cn"":""机动战士高达SEED HD重制版"",""ty"":""动画"",""y"":2012,""pop"":0},{""t"":""機動戦士ガンダムSEED"",""cn"":""机动战士高达SEED"",""ty"":""动画"",""y"":2002,""pop"":0},{""t"":""機動戦士ガンダムSEED 連合vs.Z.A.F.T."",""cn"":""机动战士高达SEED 联合VS扎夫特"",""ty"":""游戏"",""y"":2005,""pop"":0}]",机动战士高达SEED登场人物，临危授命下接下大天使号[3] 舰上的副舰长的职务，主要任务是负责战斗指挥（因为上司是非战斗科班出身，加上按军阶递补规则的关系）。军人世家出身的缘故，在大天使号上总以军队规则为最优先考虑。娜塔尔给人印象多为强硬和冷酷，但在其背后却有着不为人知的温柔和脆弱，是典型的外冷内热。此外，不擅长感情的表达而表现出的笨拙，忠厚老实和正直诚恳的性格与严肃冷酷、精明强干的外表造成的反差也是其萌要素。,43,0,0,43,,https://lain.bgm.tv/pic/crt/l/3e/8f/31500_crt_o5nz1.jpg,https://lain.bgm.tv/r/400/pic/crt/l/3e/8f/31500_crt_o5nz1.jpg,,,,,https://bgm.tv/character/31500,,31500
bgm-bgm2039,bangumi,12,24,,弗兰西斯卡·鲁奇尼,フランチェスカ・ルッキーニ,Francesca Lucchini,弗朗切斯卡·鲁基尼,其他,,,动画,动画,ストライクウィッチーズ ROAD to BERLIN,强袭魔女 通往柏林之路,2020,动画,"[{""t"":""ストライクウィッチーズ ROAD to BERLIN"",""cn"":""强袭魔女 通往柏林之路"",""ty"":""动画"",""y"":2020,""pop"":0},{""t"":""ストライクウィッチーズ 劇場版"",""cn"":""强袭魔女 剧场版"",""ty"":""动画"",""y"":2012,""pop"":0},{""t"":""ストライクウィッチーズ2"",""cn"":""强袭魔女2"",""ty"":""动画"",""y"":2010,""pop"":0},{""t"":""ストライクウィッチーズ"",""cn"":""强袭魔女"",""ty"":""动画"",""y"":2008,""pop"":0},{""t"":""ストライクウィッチーズ Operation Victory Arrow"",""cn"":""强袭魔女 胜利之箭行动"",""ty"":""动画"",""y"":2014,""pop"":0},{""t"":""ワールドウィッチーズ発進しますっ! 第501統合戦闘航空団発進しますっ!"",""cn"":"""",""ty"":""音乐"",""y"":2021,""pop"":0}]",,36,0,0,36,,https://lain.bgm.tv/pic/crt/l/cc/64/2039_crt_vwVDn.jpg?r=1609281225,https://lain.bgm.tv/r/400/pic/crt/l/cc/64/2039_crt_vwVDn.jpg?r=1609281225,https://storage.moegirl.org.cn/moegirl/commons/8/8d/%E9%B2%81%E5%9F%BA%E5%B0%BC.jpg!/fw/480/watermark/url/L21vZWdpcmwvd2F0ZXJtYXJrLnBuZw==/align/southeast/margin/10x10/opacity/50?v=20191212104220,,图源:moegirl,,https://bgm.tv/character/2039,,2039
bgm-bgm28396,bangumi,12,24,,岛麒麟,島麒麟,Shima Kirin,,其他,,,动画|漫画|游戏,漫画,緋弾のアリアAA,绯弹的亚里亚AA,2011,漫画,"[{""t"":""緋弾のアリアAA"",""cn"":""绯弹的亚里亚AA"",""ty"":""漫画"",""y"":2011,""pop"":0},{""t"":""緋弾のアリアAA"",""cn"":""绯弹的亚里亚AA"",""ty"":""动画"",""y"":2015,""pop"":0},{""t"":""緋弾のアリアAA キャラクターソングCD Vol.2"",""cn"":"""",""ty"":""音乐"",""y"":2016,""pop"":0},{""t"":""TVアニメ「緋弾のアリアAA」キャラクターソング集"",""cn"":""绯弹的亚里亚AA角色歌专辑"",""ty"":""音乐"",""y"":2015,""pop"":0},{""t"":""アカシックリコード"",""cn"":""Akashic Re:cords"",""ty"":""游戏"",""y"":2016,""pop"":0}]",东京武侦高中初中部3年级特殊搜查研究科。 原作小说的漫画版外篇《绯弹的亚里亚AA》中的角色。 外表娇小可爱的美少女，曾与理子缔结战姊妹契约，跟理子学习打扮与中国武术的防身术。 曾遭到绑架，被莱卡救出对其产生爱慕情感，经过试炼后两人成为战姊妹。 使用武器为两把掌心雷小型手枪与柯尔特蟒蛇左轮手枪（枪械弹药：.357麦格农，藏在玩偶里）。,33,0,0,33,,https://lain.bgm.tv/pic/crt/l/cc/88/28396_crt_y9L9Q.jpg?r=1422816910,https://lain.bgm.tv/r/400/pic/crt/l/cc/88/28396_crt_y9L9Q.jpg?r=1422816910,https://storage.moegirl.org.cn/moegirl/commons/d/da/%E5%B2%9B%E9%BA%92%E9%BA%9F.png!/fw/480/watermark/url/L21vZWdpcmwvd2F0ZXJtYXJrLnBuZw==/align/southeast/margin/10x10/opacity/50?v=20160430115550,,图源:moegirl,,https://bgm.tv/character/28396,,28396
bgm-bgm55281,bangumi,12,24,,皋月夜见,皐月夜見,Satsuki Yomi,,其他,A,,动画|漫画|游戏,动画,みにとじ,迷你刀使,2019,动画,"[{""t"":""みにとじ"",""cn"":""迷你刀使"",""ty"":""动画"",""y"":2019,""pop"":0},{""t"":""刀使ノ巫女"",""cn"":""刀使的巫女"",""ty"":""动画"",""y"":2018,""pop"":0},{""t"":""刀使ノ巫女 刻みし一閃の燈火"",""cn"":""刀使巫女 刻印一闪的灯火"",""ty"":""游戏"",""y"":2018,""pop"":0},{""t"":""刀使ノ巫女 ドラマCD 『名残花蝶』"",""cn"":""刀使巫女 DRAMA CD 名殘花蝶"",""ty"":""音乐"",""y"":2019,""pop"":0},{""t"":""刀使ノ巫女 琉球剣風録"",""cn"":""刀使的巫女 琉球剑风录"",""ty"":""漫画"",""y"":2019,""pop"":0},{""t"":""刀使ノ巫女 コンセプトワークス 同梱ドラマCD『春の訪れ』"",""cn"":""刀使的巫女 Concept Works 同梱Drama CD『春の訪れ』"",""ty"":""音乐"",""y"":2018,""pop"":0}]",“去吧。为了那位大人——” 折神家亲卫队第三席。在亲卫队中是跟在折神紫身边最多的人。她不太表露自己的感情，从不进行必要以上的对话。与有着辉煌实绩的真希和寿寿花不同，她没有显眼的实绩，她的实力也不明朗。是一位被许多谜团包围的刀使。 御刀：水神切兼光 具有刀身侧面像菜刀一样平整的“平造”这一样式的打刀。传说中某位武将曾以此刀斩杀水神，从而平息了洪水。 流派：深甚流 “如水般圆滑，如镜般澄明”这种“水镜”的教导是流派的根本。,15,0,0,15,,https://lain.bgm.tv/pic/crt/l/8e/f5/55281_crt_qJ26l.jpg?r=1515255107,https://lain.bgm.tv/r/400/pic/crt/l/8e/f5/55281_crt_qJ26l.jpg?r=1515255107,,,,,https://bgm.tv/character/55281,,55281
bgm-bgm43247,bangumi,12,24,,千,千,Orikasa Yukito,おりかさ ゆきと,其他,,,动画|漫画|Galgame,Galgame,アイドリッシュセブン,IDOLiSH7-偶像星愿-,2015,Galgame,"[{""t"":""アイドリッシュセブン"",""cn"":""IDOLiSH7-偶像星愿-"",""ty"":""Galgame"",""y"":2015,""pop"":0},{""t"":""アイドリッシュセブン Second BEAT!"",""cn"":""IDOLiSH7-偶像星愿- Second BEAT!"",""ty"":""动画"",""y"":2020,""pop"":0},{""t"":""アイドリッシュセブン Third BEAT! 第2クール"",""cn"":""IDOLiSH7-偶像星愿- Third BEAT! 第2部分"",""ty"":""动画"",""y"":2022,""pop"":0},{""t"":""アイドリッシュセブン Re:member"",""cn"":"""",""ty"":""漫画"",""y"":2018,""pop"":0},{""t"":""小説 アイドリッシュセブン Re:member"",""cn"":"""",""ty"":""漫画"",""y"":2018,""pop"":0},{""t"":""NO DOUBT"",""cn"":"""",""ty"":""音乐"",""y"":2018,""pop"":0}]",Re:valeのメンバー。 好きなもの：百のボケ発言 嫌いなもの ：驕った態度を取る人 物事に動じないクールな雰囲気を纏いつつ、意外と笑いの沸点が低く、百とのコント的やり取りでは笑いを堪えられなくなることも。今をときめくトップアイドルでありつつも、後輩思いで、気遣いのできる優しい心の持ち主。,14,0,0,14,,https://lain.bgm.tv/pic/crt/l/c6/64/43247_crt_oqymB.jpg,https://lain.bgm.tv/r/400/pic/crt/l/c6/64/43247_crt_oqymB.jpg,,,,,https://bgm.tv/character/43247,,43247
bgm-bgm181481,bangumi,12,24,,,新约能天使,Exusiai the New Covenant,,其他,,,游戏,游戏,明日方舟,明日方舟,2019,游戏,,能天使，拉特兰公民，适用拉特兰一至十三项公民权益。在合约期间，于秘密联络、武装押运等多项行动中为罗德岛提供帮助。现应本人要求，将其登记的合作身份更新为：企鹅物流资深员工，拉特兰新创物流公司“苹果派物流”老板。,13,0,0,13,,https://lain.bgm.tv/pic/crt/l/95/7d/181481_crt_0Sq11.jpg,https://lain.bgm.tv/r/400/pic/crt/l/95/7d/181481_crt_0Sq11.jpg,https://storage.moegirl.org.cn/moegirl/commons/8/82/Exusiai_the_New_Covenant_250525.jpg!/fw/480/watermark/url/L21vZWdpcmwvd2F0ZXJtYXJrLnBuZw==/align/southeast/margin/10x10/opacity/50?v=20250525134048,,图源:moegirl,,https://bgm.tv/character/181481,,181481
al183054,anilist,12,24,,,橘アレックス,Alex Tachibana,,男,,,动画|漫画,动画,干物妹！うまるちゃん,,2015,动画,"[{""t"":""干物妹！うまるちゃん"",""cn"":"""",""ty"":""动画"",""y"":2015,""pop"":172737},{""t"":""干物妹! うまるちゃん R"",""cn"":"""",""ty"":""动画"",""y"":2017,""pop"":67456},{""t"":""干物妹（ひもうと）！うまるちゃん"",""cn"":"""",""ty"":""漫画"",""y"":2013,""pop"":7093}]","Alex is Taihei's co-worker and Sylphynford's older brother. He enjoys playing video games. He also loves anime, just like Umaru, but secretly he seems to know the connection between Komaru and Umaru. He loves his sister Sylphynford.",11,11,0,0,,https://s4.anilist.co/file/anilistcdn/character/large/b183054-SSo3ghjhDiHa.jpg,https://s4.anilist.co/file/anilistcdn/character/medium/b183054-SSo3ghjhDiHa.jpg,,,,https://anilist.co/character/183054,,,
bgm-bgm26640,bangumi,12,24,,,宇佐見魅美,,,其他,O,,Galgame,Galgame,Bunny Paradise ばにぱら ～恋人全員バニー化計画～,,2014,Galgame,,主人公も認める完璧なバニー資質の持ち主。 完璧な “BunnyDip” をこなし、学園でも有数のお嬢様のハズなのだが、今はいろいろ事情がある様子。 主人公のことが好きなのに恋人になることを諦め、趣味が合うフリをしてバニー部の部長になってくれる。 「ウサギは寂しいと死んじゃうって本当ですか？ 私も先生が居ないと死んじゃうかも知れませんよ？ ……くすっ、嘘ですっ」,10,0,0,10,1,https://lain.bgm.tv/pic/crt/l/19/3d/26640_crt_rRRRV.jpg,https://lain.bgm.tv/r/400/pic/crt/l/19/3d/26640_crt_rRRRV.jpg,,,,,https://bgm.tv/character/26640,,26640
bgm-bgm38037,bangumi,12,24,,千导院枫,千導院楓,Sendouin Kaede,,其他,A,,动画|游戏,游戏,バトルガール ハイスクール,战斗女子学园,2015,游戏,"[{""t"":""バトルガール ハイスクール"",""cn"":""战斗女子学园"",""ty"":""游戏"",""y"":2015,""pop"":0},{""t"":""バトルガール ハイスクール"",""cn"":""战斗女子高校"",""ty"":""动画"",""y"":2017,""pop"":0}]",プライドが高くワガママだけど、実は努力家で庶民派なお嬢様 典型的なお嬢様で高飛車なところもあるが、仲間思いで影での努力は欠かさない。 庶民派とはいってもその文化に触れたことはあまりなく、カップラーメンを作る様子を初めて見た際は魔法だと思い大いに感動した。 それ以来カップラーメンが大好物となり、食べるだけでストレスが発散できてしまう。 なお、美術部に所属し何点もの絵画を描いているが、前衛的過ぎてあまり評価はされていない。,10,0,0,10,,https://lain.bgm.tv/pic/crt/l/26/89/38037_crt_0bQBT.jpg,https://lain.bgm.tv/r/400/pic/crt/l/26/89/38037_crt_0bQBT.jpg,https://storage.moegirl.org.cn/moegirl/commons/8/89/12_02_kaede.jpg,,图源:moegirl,,https://bgm.tv/character/38037,,38037
bgm-bgm149253,bangumi,12,24,,,咲夜花火,,,其他,A,,Galgame,Galgame,終わらない季節の真ん中で,永夏之恋,2022,Galgame,,,9,0,0,9,,https://lain.bgm.tv/pic/crt/l/88/50/149253_crt_RuROx.jpg,https://lain.bgm.tv/r/400/pic/crt/l/88/50/149253_crt_RuROx.jpg,,,,,https://bgm.tv/character/149253,,149253
bgm-bgm68783,bangumi,12,24,,蓬莱寺九霄,Houraiji Kyuusyou,,,其他,,,游戏,游戏,崩坏学园2,崩坏学园2,2014,游戏,,"就读于千羽学园的学生，出身普通。经常自称""被选中之人""，在自己制作了《吼姆大冒险》这款游戏之后受到天命和逆熵的关注，但本人对此似乎并不知情。从小就能看到圣痕中的景象，因此认为自己有着预知的能力，能够预言一些事件的发生，有时候也会偏差得很离谱。",9,0,0,9,,https://lain.bgm.tv/pic/crt/l/94/72/68783_crt_20doT.jpg?r=1549741616,https://lain.bgm.tv/r/400/pic/crt/l/94/72/68783_crt_20doT.jpg?r=1549741616,https://storage.moegirl.org.cn/moegirl/commons/0/0d/%E8%93%AC%E8%8E%B1%E5%AF%BA%E4%B9%9D%E9%9C%84.png!/fw/480/watermark/url/L21vZWdpcmwvd2F0ZXJtYXJrLnBuZw==/align/southeast/margin/10x10/opacity/50?v=20230209113849,,图源:moegirl,,https://bgm.tv/character/68783,,68783
bgm-bgm12542,bangumi,12,24,,,篠山時羽,,,其他,AB,,Galgame,Galgame,ダイヤミック・デイズ,,2011,Galgame,,ミステリアスな雰囲気を漂わせる無口な女の子。スマートで人形のように整った顔立ちの美女。 クラスにいたら誰もが恋してしまいそうな彼女だけど、浮いた噂はひとつもなく、クラスでもひとりぼっちの存在である。 理由のひとつは彼女のお家の事情。いわゆる任侠の世界に生きる一家・篠山組の一人娘だからである。 そしてもうひとつの理由は、彼女が壊滅的に口下手なこと。引っ込み思案で、とにかく他人と言葉を交わすのが苦手なのだ。 良くも悪くもそれらの事情を彼女はよく理解している。,8,0,0,8,1,https://lain.bgm.tv/pic/crt/l/92/dd/12542_crt_00Ll1.jpg,https://lain.bgm.tv/r/400/pic/crt/l/92/dd/12542_crt_00Ll1.jpg,,,,,https://bgm.tv/character/12542,,12542
bgm-bgm149819,bangumi,12,24,,,くるみ,,,其他,B,,Galgame,Galgame,メスガキ義妹♡負け負け誘惑性活,雌小鬼义妹♡一败涂地的诱惑生活,2023,Galgame,,両親が海外出張に行き、義理の妹である「くるみ」と2人きりの生活が始まります。 くるみは元気で明るく、悪戯が大好きな女の子。 童貞お兄ちゃんに可愛くエッチな悪戯をいっぱい仕掛けてきます。 義理とは言え、お兄ちゃんとして妹に欲情してはいけない、 でも可愛いくるみの誘惑に負け、お兄ちゃんは兄妹の一線を・・・ 再婚した両親の母方の娘。 明るい性格ゆえにお兄ちゃんとはとても仲が良い。 悪戯が大好きで、お兄ちゃんの驚いた表情やエッチな誘惑で照れている童貞な反応を見るのが大好き。,8,0,0,8,1,https://lain.bgm.tv/pic/crt/l/4f/48/149819_crt_Oikyr.jpg,https://lain.bgm.tv/r/400/pic/crt/l/4f/48/149819_crt_Oikyr.jpg,,,,,https://bgm.tv/character/149819,,149819
bgm-bgm48866,bangumi,12,24,,伊芙·桑塔克劳斯,イヴ・サンタクロース,Eve Santaclaus,,其他,B,,游戏,游戏,アイドルマスター シンデレラガールズ スターライトステージ,偶像大师 灰姑娘女孩 星光舞台,2015,游戏,"[{""t"":""アイドルマスター シンデレラガールズ スターライトステージ"",""cn"":""偶像大师 灰姑娘女孩 星光舞台"",""ty"":""游戏"",""y"":2015,""pop"":0},{""t"":""アイドルマスター シンデレラガールズ"",""cn"":""偶像大师 灰姑娘女孩"",""ty"":""游戏"",""y"":2011,""pop"":0}]",BNEI与Cygames开发的手机游戏《偶像大师 灰姑娘女孩》系列中的圣诞偶像。2011年12月9日在游戏最初的活动「圣诞夜的奇迹」中作为上位奖励初登场，为游戏中非765的第一张SR卡片。2016年11月9日实装于《偶像大师 灰姑娘女孩 星光舞台》。 虽然角色从说话、外形、名称都和圣诞老人联系在一起，但是为何会如此的原因仍然是谜。出身地则是国际圣诞老人协会所在的地区（而且并非国家）。 初登场的时候全身光着躲在路边的纸箱里，原因不明。,8,0,0,8,,https://lain.bgm.tv/pic/crt/l/67/6a/48866_crt_cK0Dh.jpg,https://lain.bgm.tv/r/400/pic/crt/l/67/6a/48866_crt_cK0Dh.jpg,,,,,https://bgm.tv/character/48866,,48866
bgm-bgm58353,bangumi,12,24,,,畑中美海,,,其他,B,,动画|Galgame,Galgame,処女はお姉さまに恋してる 3つのきら星,少女爱上姐姐 三颗闪耀之星,2018,Galgame,"[{""t"":""処女はお姉さまに恋してる 3つのきら星"",""cn"":""少女爱上姐姐 三颗闪耀之星"",""ty"":""Galgame"",""y"":2018,""pop"":0},{""t"":""処女はお姉さまに恋してる 三つのきら星 The Animation"",""cn"":""少女爱上姐姐 三颗闪耀之星 The Animation"",""ty"":""动画"",""y"":2022,""pop"":0},{""t"":""乙女はお姉さまに恋してる～3つのきら星～"",""cn"":""少女爱上姐姐～三颗闪耀之星～"",""ty"":""动画"",""y"":2022,""pop"":0}]",キミリア館寮生であり、昨年の生徒会長。 背が低い。引き籠もり気味の性格をしており、デジタルアナログ問わずのゲーム好きでコンピュータおたくでもある。 家庭環境に問題があり、実はこの歳で既に自立している。親からくすねた金で資産運用をして、自立資金を稼いだ後に盗んだ金をこっそりと返却している。 厄介ごとは嫌いだがトラブルは好き、という面倒な性格をしており、口は達者だが人にはあまり心を開いていない。 境遇の近い月子を可愛がっており、卒業したら月子を引き取る心積もりでいるようだ。,7,0,0,7,,https://lain.bgm.tv/pic/crt/l/cf/e4/58353_crt_kMVho.jpg,https://lain.bgm.tv/r/400/pic/crt/l/cf/e4/58353_crt_kMVho.jpg,,,,,https://bgm.tv/character/58353,,58353
bgm-bgm52636,bangumi,12,24,,荒田大作,荒田大作,Arata Daisaku,,其他,,,Galgame,Galgame,天ノ少女,天之少女,2020,Galgame,"[{""t"":""天ノ少女"",""cn"":""天之少女"",""ty"":""Galgame"",""y"":2020,""pop"":0},{""t"":""カルタグラ～ツキ狂イノ病～　《REBIRTH FHD SIZE EDITION》"",""cn"":""恋狱～月狂病～ 重制版"",""ty"":""Galgame"",""y"":2023,""pop"":0},{""t"":""カルタグラ ～ツキ狂イノ病～"",""cn"":""恋狱～月狂病～"",""ty"":""Galgame"",""y"":2005,""pop"":0},{""t"":""虚ノ少女"",""cn"":""虚之少女"",""ty"":""Galgame"",""y"":2013,""pop"":0},{""t"":""和み匣"",""cn"":""和之匣"",""ty"":""Galgame"",""y"":2007,""pop"":0},{""t"":""PP -ピアニッシモ- 操リ人形ノ輪舞"",""cn"":""PP -Pianissimo- 提线木偶之轮舞"",""ty"":""Galgame"",""y"":2006,""pop"":0}]",,7,0,0,7,1,https://lain.bgm.tv/pic/crt/l/83/51/52636_crt_i5NNg.jpg?r=1489944923,https://lain.bgm.tv/r/400/pic/crt/l/83/51/52636_crt_i5NNg.jpg?r=1489944923,https://storage.moegirl.org.cn/moegirl/commons/e/ea/%E8%8D%92%E7%94%B0%E5%A4%A7%E4%BD%9C.jpg,,图源:moegirl,,https://bgm.tv/character/52636,,52636
bgm-bgm70494,bangumi,12,24,,诺爱尔·绮堂·艾尔莉希凯特,ノエル・綺堂・エーアリヒカイト,Noel Kidou Ehrlichkeit,诺爱尔·K·Ehrlichkeit / Noel K. Ehrlichkeit,其他,,,动画|Galgame,Galgame,とらいあんぐるハート3 〜Sweet Songs Forever〜,三角心3 ～Sweet Songs Forever～,2000,Galgame,"[{""t"":""とらいあんぐるハート3 〜Sweet Songs Forever〜"",""cn"":""三角心3 ～Sweet Songs Forever～"",""ty"":""Galgame"",""y"":2000,""pop"":0},{""t"":""とらいあんぐるハート3 〜リリカルおもちゃ箱〜"",""cn"":""三角心3 ～莉莉卡露玩具箱～"",""ty"":""Galgame"",""y"":2001,""pop"":0},{""t"":""魔法少女リリカルなのはA's"",""cn"":""魔法少女奈叶A's"",""ty"":""动画"",""y"":2005,""pop"":0},{""t"":""魔法少女リリカルなのは"",""cn"":""魔法少女奈叶"",""ty"":""动画"",""y"":2004,""pop"":0},{""t"":""とらいあんぐるハート 〜Sweet Songs Forever〜"",""cn"":""三角心 ～Sweet Songs Forever～"",""ty"":""动画"",""y"":2003,""pop"":0}]","《魔法少女奈叶》：24岁。 在月村家工作，性格冷静的女仆。珐琳的姐姐。 月村忍的专属女仆。作为女仆长，负责照顾忍的生活，以及月村家的管理。 喜欢泡温泉。 《三角心》：月村家的女仆。 虽然外表美丽可爱，但基本上没有笑容，寡言，做起家务来也是冷冰冰的。 在忍还是孩子的时候就在月村家工作，如今在月村家照顾忍看家。 ""Ehrlichkeit"" means ""honesty"" in German.",7,0,0,7,,https://lain.bgm.tv/pic/crt/l/01/5d/70494_crt_2Y2vJ.jpg?r=1560082576,https://lain.bgm.tv/r/400/pic/crt/l/01/5d/70494_crt_2Y2vJ.jpg?r=1560082576,https://storage.moegirl.org.cn/moegirl/commons/b/be/%E9%AD%94%E6%B3%95%E5%B0%91%E5%A5%B3%E5%A5%88%E5%8F%B6%E8%AF%BA%E7%88%B1%E5%B0%94.jpg!/fw/480/watermark/url/L21vZWdpcmwvd2F0ZXJtYXJrLnBuZw==/align/southeast/margin/10x10/opacity/50?v=20260810081524,,图源:moegirl,,https://bgm.tv/character/70494,,70494
bgm-bgm39128,bangumi,12,24,,时雨,時雨,,,其他,O,,Galgame,Galgame,キミトユメミシ,与你共睹的梦境,2016,Galgame,,主人公の後輩。 ロシア人の父を持つハーフ。 日本と日本語が大好きで、淫語とオノマトペは特に重点的に勉強している（本人談）。 身長は低いがテンションは高く、身体はちっちゃいがおっぱいは大きい。 廃部寸前のバレーボール部に所属しており、なんとか立て直そうと奮闘中。 主人公が頭痛の相談をしている主治医の娘で、子供の頃から学園に出入りしていた。 【隠れた性癖： 放尿好きのかけたがり】 夢の中ではシャイで奥手な本性を表し、不安げに主人公におしっこをかけたがる。,6,0,0,6,1,https://lain.bgm.tv/pic/crt/l/64/7e/39128_crt_M8pJ8.jpg,https://lain.bgm.tv/r/400/pic/crt/l/64/7e/39128_crt_M8pJ8.jpg,,,,,https://bgm.tv/character/39128,,39128
bgm-bgm182012,bangumi,12,24,,,萩原満月,,,其他,O,,Galgame,Galgame,イモコネ—届けたい恋心,Sisters Connect 想要诉说的心意,2024,Galgame,,主人公の実妹。 成績優秀で、私立女校北華女子学院に進学した。学校に近いという理由でお兄さんの家に引っ越した。 自分の感情と考えを表すのが苦手で、面識のない人の前ではなおさらだ。 内向的な性格で、特技は毒舌。 「そろそろチャイム押して兄さんに上げてもらおうよ、発情するメス犬さん」,6,0,0,6,1,https://lain.bgm.tv/pic/crt/l/be/9f/182012_crt_ll55n.jpg,https://lain.bgm.tv/r/400/pic/crt/l/be/9f/182012_crt_ll55n.jpg,,,,,https://bgm.tv/character/182012,,182012
bgm-bgm22710,bangumi,12,24,,,渡良瀬優美,,,其他,A,,Galgame,Galgame,恋しよっ？,,2013,Galgame,,学園の2年生。 引っ込み思案でおとなしい、学生会の書記。 内向的な自分を変えたくて、環境を一新しようと考えて学園へ入学した。 清楚な雰囲気と小動物のような愛らしさで男子学生から絶大な人気を誇るが、本人は軽い男性恐怖症で困っている。 「ここにくれば、何かが変わるんじゃないかって…… そう、思ったんです」,5,0,0,5,1,https://lain.bgm.tv/pic/crt/l/bf/f5/22710_crt_D3k0P.jpg,https://lain.bgm.tv/r/400/pic/crt/l/bf/f5/22710_crt_D3k0P.jpg,,,,,https://bgm.tv/character/22710,,22710
bgm-bgm24403,bangumi,12,24,,,紅月遥,,,,,,Galgame,Galgame,海空のフラグメンツ,,2014,Galgame,,学園の生徒会長を務める、全学生の顔的存在。 かつては人気のジュニアアイドルであったと噂され、周りからは常に一目置かれている。 才色兼備の秀才で、学業も運動も常に成績トップを譲らない。 そんな彼女は学園中の憧れの的であり、同時に高嶺の花でもある。 性格はまじめで不器用、少し意地っ張りなところもある。 その人気とは裏腹に、他人と馴染まず一人でいることのほうが多い。 だからといってお高くとまっているわけでも、愛想がないわけでもなく。 良く言えば 誰にでも平等。,5,0,0,5,1,https://lain.bgm.tv/pic/crt/l/29/94/24403_crt_NIkT5.jpg,https://lain.bgm.tv/r/400/pic/crt/l/29/94/24403_crt_NIkT5.jpg,,,,,https://bgm.tv/character/24403,,24403
bgm-bgm45956,bangumi,12,24,,不动瑞希,不動瑞希,Fudo Mizuki,,其他,AB,,动画|游戏,动画,アイドル事変,偶像事变,2017,动画,"[{""t"":""アイドル事変"",""cn"":""偶像事变"",""ty"":""动画"",""y"":2017,""pop"":0},{""t"":""アイドル事変"",""cn"":""偶像事变"",""ty"":""游戏"",""y"":2016,""pop"":0}]",,5,0,0,5,,https://lain.bgm.tv/pic/crt/l/9b/10/45956_crt_X0Zym.jpg?r=1473486282,https://lain.bgm.tv/r/400/pic/crt/l/9b/10/45956_crt_X0Zym.jpg?r=1473486282,,,,,https://bgm.tv/character/45956,,45956
bgm-bgm70189,bangumi,12,24,,,史都华德,Steward,,其他,,,游戏,游戏,明日方舟,明日方舟,2019,游戏,,史都华德，行动预备组A4组员，谢拉格公民，正式任职前为自由职业者。于多项测试中获得优异成绩，遂获准加入罗德岛，现于罗德岛行动预备组A4小组任职。 在法术支援、确认路径、支援作战等项目中展现出值得期待的潜力。,5,0,0,5,,https://lain.bgm.tv/pic/crt/l/89/6e/70189_crt_sv2YT.jpg,https://lain.bgm.tv/r/400/pic/crt/l/89/6e/70189_crt_sv2YT.jpg,https://static.wikia.nocookie.net/mrfz/images/e/ee/Steward.png/revision/latest/scale-to-width-down/400?cb=20190627031805,,图源:fandom:arknights,,https://bgm.tv/character/70189,,70189
bgm-bgm65506,bangumi,12,24,,灰烬,Ash,,五速无头怪,其他,,,游戏,游戏,Tom Clancy's Rainbow Six Siege,彩虹六号：围攻,2015,游戏,"[{""t"":""Tom Clancy's Rainbow Six Siege"",""cn"":""彩虹六号：围攻"",""ty"":""游戏"",""y"":2015,""pop"":0},{""t"":""明日方舟"",""cn"":""明日方舟"",""ty"":""游戏"",""y"":2019,""pop"":0}]",本名Eliza Cohen，出生于以色列耶路撒冷。中学毕业后就读于特拉维夫大学的工程学系，并到波士顿大学交换学生一个学期。大学毕业后，她在以色列国防军完成她的公民服役义务，曾为以色列国防军的机械维修与拆弹人员，其配置“M120 轻型步枪用破口弹”可从远处发射并破坏可破坏的物体。 主武器：G36C、R4-C（英语：Remington GPC） 副武器：M45 MEUSOC、5.7 USG 战术装备：闪光手榴弹（英语：M84 stun grenade）、爆破炸药,4,0,0,4,,https://lain.bgm.tv/pic/crt/l/61/96/65506_crt_RR7oY.jpg?r=1534249936,https://lain.bgm.tv/r/400/pic/crt/l/61/96/65506_crt_RR7oY.jpg?r=1534249936,,,,,https://bgm.tv/character/65506,,65506
bgm-bgm26375,bangumi,12,24,,,白木裕香,,,其他,,,Galgame,Galgame,ぶら ぶら,,2011,Galgame,,开朗爽快的性格让她人气爆棚。 乐于助人，即使天塌下来也会顶着的乐天派，主人公的后辈。 信仰神的除魔师见习生，有着崇拜“爱”的专门家的一面。 把拓司等人卷入自己成立的部门。当然目的是为了传播正确的爱。 但是，她认为主人公对瞳的爱是不被神承认的于是加以否定。 想要把与瞳有关的烦恼当做恶灵般从物理上消除，对瞳使用铁骨般大的十字架型除魔道具和圣水，都被瞳用笑容反击。 发育得非常好。忠犬。 「我白木裕香绝不对恶灵报上自己的名字！」,4,0,0,4,1,https://lain.bgm.tv/pic/crt/l/ce/a7/26375_crt_fecaj.jpg,https://lain.bgm.tv/r/400/pic/crt/l/ce/a7/26375_crt_fecaj.jpg,,,,,https://bgm.tv/character/26375,,26375
bgm-bgm136116,bangumi,12,24,,,九条由衣音,,,其他,O,,Galgame,Galgame,うたてめぐり,流转轮回,2010,Galgame,,明治期の動乱に政商として巨万の富を得て、その礎を築いた九条財閥の一人娘。 周囲の住民から 「九条邸」 の異名をとるほどの豪邸に暮らす生粋のお嬢様。 そんな生い立ちとは裏腹に、誰に対しても気さくでフレンドリー。 何事にも物怖じしない快活でポジティブな性格。 突然意識が昏倒する原因不明の病を患っており、最近は学園を休みがち。 「今日のことは私たち二人だけの秘密。約束だよ？」,4,0,0,4,1,https://lain.bgm.tv/pic/crt/l/ff/1c/136116_crt_8F9fF.jpg,https://lain.bgm.tv/r/400/pic/crt/l/ff/1c/136116_crt_8F9fF.jpg,https://storage.moegirl.org.cn/moegirl/commons/f/f7/1046_c_4.jpg,,图源:moegirl,,https://bgm.tv/character/136116,,136116
bgm-bgm36172,bangumi,12,24,,,小日向純,,,其他,AB,,漫画|游戏,游戏,東亰ザナドゥ,东京迷城,2015,游戏,"[{""t"":""東亰ザナドゥ"",""cn"":""东京迷城"",""ty"":""游戏"",""y"":2015,""pop"":0},{""t"":""みんな集まれ! ファルコム学園"",""cn"":""大家集合！Falcom学园"",""ty"":""漫画"",""y"":2012,""pop"":0},{""t"":""東亰ザナドゥ eX+"",""cn"":""东京迷城 eX+"",""ty"":""游戏"",""y"":2016,""pop"":0}]",洸のクラスメイト。小柄で童顔、一見女子にも見える顔立ちなため、女子からは可愛がられている。 少し気弱な面もあるが、仲良くなった相手には遠慮せずにズケズケものを言うタイプ。学園では洸や遼太と一緒にいることが多く、最近アニメやサブカルにも詳しい。,4,0,0,4,,https://lain.bgm.tv/pic/crt/l/ef/03/36172_crt_WUjpE.jpg?r=1444919730,https://lain.bgm.tv/r/400/pic/crt/l/ef/03/36172_crt_WUjpE.jpg?r=1444919730,,,,,https://bgm.tv/character/36172,,36172
bgm-bgm65851,bangumi,12,24,,,須崎花子女,,,其他,B,,Galgame,Galgame,きゃんきゃんバニープルミエール3,Can Can Bunny Premiere 3,2018,Galgame,,主人公がバイトの面接へ向かう途中に出逢った年上のお姉様。 道に迷ったと言う彼女ですが、行き先は同じ。 同じバイト仲間かと思えば彼女はその店のオーナーでした。 天然＆酷い方向音痴。 しかし、多くの店を経営する実業家。 本人曰く、「全て祖父のもの」というのですがそれだけではないようです。 性格はおっとり天然系。 普段は大雑把でいい加減なところもありますが、恋愛に関してはリードしてくれることも……。,4,0,0,4,1,https://lain.bgm.tv/pic/crt/l/82/bc/65851_crt_k7x44.jpg,https://lain.bgm.tv/r/400/pic/crt/l/82/bc/65851_crt_k7x44.jpg,,,,,https://bgm.tv/character/65851,,65851
bgm-bgm57371,bangumi,12,24,,陈宫公台,陳宮公台,Chinkyū Kōdai,,其他,AB,,动画|漫画|游戏,动画,一騎当千,一骑当千,2003,动画,"[{""t"":""一騎当千"",""cn"":""一骑当千"",""ty"":""动画"",""y"":2003,""pop"":0},{""t"":""一騎当千 XROSS IMPACT"",""cn"":""一骑当千：交叉冲击"",""ty"":""游戏"",""y"":2010,""pop"":0},{""t"":""一騎当千"",""cn"":""一骑当千"",""ty"":""漫画"",""y"":2000,""pop"":0},{""t"":""一騎当千 エクストラバースト"",""cn"":""一骑当千 Extra Burst"",""ty"":""游戏"",""y"":2020,""pop"":0}]",洛陽高校の闘士。2年生。Cランク。 呂布を慕い、幼少時から付き従っている少女。アニメ版第1期では呂布と同性愛の間柄であり、肉体関係も結んでいる。 素質はあるようで、曹操には「いずれや必ずAランクに昇る器」と言われた。呂布のために玉璽を奪おうと洛陽へ潜入するが、賈詡に見破られて彼女の配下の李確によって陵辱を含む暴行を受け瀕死の重傷を負い、病院のベッドで生死の境を彷徨っていた。,4,0,0,4,,https://lain.bgm.tv/pic/crt/l/6f/e5/57371_crt_qd4Qg.jpg,https://lain.bgm.tv/r/400/pic/crt/l/6f/e5/57371_crt_qd4Qg.jpg,,,,,https://bgm.tv/character/57371,,57371
bgm-bgm132179,bangumi,12,24,,,黒羽雪朱,Kurobane Yukia,,其他,A,,Galgame,Galgame,恋し彩る正義爛漫,,2023,Galgame,,学園の１年生で、颯斗や美栗と同じクラスの学級委員。 スリムな印象を受けるが出るところはしっかり出ている。 腰まで届く黒髪に、切れ長の目が特徴的。 規律を重んじる厳しいタイプのためにクラスメイトからは若干距離を置かれているが、実は頼まれたら断れない、素直で人当たりの良い性格である。 両親が借金トラブルの末に失踪しており、そのためか勉学への取り組みに強い熱量がある苦学生。,4,0,0,4,1,https://lain.bgm.tv/pic/crt/l/fc/02/132179_crt_y9Y9Z.jpg,https://lain.bgm.tv/r/400/pic/crt/l/fc/02/132179_crt_y9Y9Z.jpg,,,,,https://bgm.tv/character/132179,,132179
bgm-bgm205592,bangumi,12,24,,提斯菈·维奥莱特,テスラ・ヴァイオレット,Tesla·Violet,,其他,AB（R,,漫画,漫画,快盗天使ツインエンジェルさん！,快盗天使双胞胎！,2017,漫画,"[{""t"":""快盗天使ツインエンジェルさん！"",""cn"":""快盗天使双胞胎！"",""ty"":""漫画"",""y"":2017,""pop"":0},{""t"":""快盗天使ツインエンジェル～キュンキュン☆ときめきパラダイス!!上乗せっ♪～"",""cn"":""快盗天使双胞胎~心跳不已☆甜蜜天堂!!追加哦♪~"",""ty"":""漫画"",""y"":2011,""pop"":0},{""t"":""ツインエンジェルBREAK〜光と闇の水平線〜"",""cn"":""快盗天使BREAK~光与暗的水平线~"",""ty"":""漫画"",""y"":"""",""pop"":0},{""t"":""快盗天使ツインエンジェル"",""cn"":""快盗天使双胞胎"",""ty"":""漫画"",""y"":2009,""pop"":0},{""t"":""快盗天使ツインエンジェル コミックアラカルト"",""cn"":""快盗天使双胞胎 漫画选集"",""ty"":""漫画"",""y"":2011,""pop"":0},{""t"":""快盗天使ツインエンジェル短編集"",""cn"":""快盗天使双胞胎短篇集"",""ty"":""漫画"",""y"":2009,""pop"":0}]",物腰柔らかくおだやかな印象だが、二面性があり非常に冷静かつ冷徹な一面も持ち合わせる。 ダークトレーダーにより、ブラックファンドのエージェントとして育てられたが、様々な困難を経て、快盗天使たちとは頼り合う関係に。 ツインファントムの一人であり、ナインの依存症と言ってもいいくらいの妹力。,4,0,0,4,,https://lain.bgm.tv/pic/crt/l/cd/e4/205592_crt_E7JXJ.jpg,https://lain.bgm.tv/r/400/pic/crt/l/cd/e4/205592_crt_E7JXJ.jpg,,,,,https://bgm.tv/character/205592,,205592
bgm-bgm105248,bangumi,12,24,,雪代桂,雪代かつら,Yukishiro Katsura,,其他,AB,,Galgame,Galgame,true tears ～トゥルーティアーズ～,真实之泪,2006,Galgame,,主人公たちの通う学園の、元生徒会長。性格は真面目で、成績は学年トップの優等生。クールな人物と思われているが……。,4,0,0,4,,https://lain.bgm.tv/pic/crt/l/a5/c8/105248_crt_uAaaa.jpg,https://lain.bgm.tv/r/400/pic/crt/l/a5/c8/105248_crt_uAaaa.jpg,,,,,https://bgm.tv/character/105248,,105248
bgm-bgm111940,bangumi,12,24,,蕾拉·哈尔法斯,レイラ・ハルファス,,,,,,Galgame,Galgame,悪魔を前にしてハーレムを作ると叫んだもの,在恶魔面前大声说要做后宫,2022,Galgame,,作为名门恶魔哈尔法斯家的次女出生。 母亲是萨奎巴斯的恶魔，虽然关系不明，但性欲很强。 对人类很感兴趣，擅自从地狱到达地上，从暗处查看情况。 兴趣是妄想和人类一个男孩子来手淫。 当然是处女。,3,0,0,3,1,https://lain.bgm.tv/pic/crt/l/4d/f9/111940_crt_Vh468.jpg,https://lain.bgm.tv/r/400/pic/crt/l/4d/f9/111940_crt_Vh468.jpg,,,,,https://bgm.tv/character/111940,,111940
bgm-bgm13155,bangumi,12,24,,,林依馨,,,其他,,,Galgame,Galgame,紫罗兰·里 Season2 -Reflection in the water-,紫罗兰·里 第二季 夏·水中倒影,2011,Galgame,"[{""t"":""紫罗兰·里 Season2 -Reflection in the water-"",""cn"":""紫罗兰·里 第二季 夏·水中倒影"",""ty"":""Galgame"",""y"":2011,""pop"":0},{""t"":""紫罗兰·里 Season1 -With You-"",""cn"":""紫罗兰·里 第一季 春 -与你-"",""ty"":""Galgame"",""y"":2010,""pop"":0}]",《紫罗兰·里》女一号，毒舌傲骄大小姐。 不合群，传说中的不良少女，生活散漫，经常缺课，任性，有话不明说，毒舌，挖苦人的水准一流。对待所有人都是一副颐气指使的样子。及其没有人缘。虽然有一张漂亮的脸却丝毫不在意自己的仪表。因为总表现得很阴沈外加话没叁句就动手打人的坏毛病，学生对她的风评极差，甚至有‘黑帮老大的女儿’这样的传言。,3,0,0,3,,https://lain.bgm.tv/pic/crt/l/51/b0/13155_crt_p3D14.jpg,https://lain.bgm.tv/r/400/pic/crt/l/51/b0/13155_crt_p3D14.jpg,,,,,https://bgm.tv/character/13155,,13155
bgm-bgm24462,bangumi,12,24,,十日町霞,十日町霞,,,其他,O,,Galgame,Galgame,さくら、咲きました。,樱花开了。,2012,Galgame,,积极开朗的游戏店『DEE GULL』店员。十分热爱工口游戏，满脑子想的都是工口游戏的腐女。一不留神就冒出家乡话，马上就抱着脑袋后悔。 口癖是「工口（仙台口音）哟！」，有些悲剧的孩子。称自己为“偶”。 「能够动摇偶的精神的东西……那就是、工口哟！」,3,0,0,3,1,https://lain.bgm.tv/pic/crt/l/a5/7f/24462_crt_0MTjB.jpg,https://lain.bgm.tv/r/400/pic/crt/l/a5/7f/24462_crt_0MTjB.jpg,,,,,https://bgm.tv/character/24462,,24462
bgm-bgm50079,bangumi,12,24,,,ディオゲネス,,,其他,,,Galgame,Galgame,聖鍵遣いの命題,,2016,Galgame,,いつの間にやらアカデミーに現れるようになった謎の少女。 イタズラ好きで神出鬼没。,3,0,0,3,1,https://lain.bgm.tv/pic/crt/l/6f/e6/50079_crt_stTsa.jpg,https://lain.bgm.tv/r/400/pic/crt/l/6f/e6/50079_crt_stTsa.jpg,,,,,https://bgm.tv/character/50079,,50079
bgm-bgm72067,bangumi,12,24,,,弥乙女ヒカル,,,其他,A,,Galgame,Galgame,魔法少女コノカ 異種触手・無限煉獄,魔法少女木乃香 异种触手·无限炼狱,2015,Galgame,,妹思いの優しい姉。常識人。 正義感が強く、自分をかえりみない時も。 絶対音感を持っており、耳がすこぶるいい。 趣味はピアノ。ヌルヌルした物が苦手。,3,0,0,3,1,https://lain.bgm.tv/pic/crt/l/ae/97/72067_crt_71fx7.jpg,https://lain.bgm.tv/r/400/pic/crt/l/ae/97/72067_crt_71fx7.jpg,,,,,https://bgm.tv/character/72067,,72067
bgm-bgm35601,bangumi,12,24,,,白藤凪,,,其他,AB,,Galgame,Galgame,ナデレボ！,抚子革命,2015,Galgame,,一樹のクラスメイトで友人。 ゲームがしたいという理由だけでパソコン部に入部している。 クールで知的な見た目とは裏腹に おバカ。 特に数学が苦手で、単純な計算問題でもすぐに頭がショートする。 常にお腹を空かせた腹ペコガールでもある。 「なんだ、僕の肉を狙っているのか……！ くっ、やらせない!! やらせんぞ!!」,3,0,0,3,1,https://lain.bgm.tv/pic/crt/l/a0/90/35601_crt_ZE4NQ.jpg,https://lain.bgm.tv/r/400/pic/crt/l/a0/90/35601_crt_ZE4NQ.jpg,,,,,https://bgm.tv/character/35601,,35601
bgm-bgm41789,bangumi,12,24,,,冬樹イヴ,,,其他,B,,游戏,游戏,グリモア～私立グリモワール魔法学園～,私立格里莫瓦魔法学园,2014,游戏,,人とのコミュニケーションを拒否し、学業に没頭する少女。誰よりも秀でることを絶対唯一の目的とし、不要なものは全て切り捨てている。そのせいか学園では孤立気味だが、特に本人は気にしていない。魔法の実力も高いが、ワンマンな戦い方には賛否両論。,3,0,0,3,,https://lain.bgm.tv/pic/crt/l/d6/39/41789_crt_QsljD.jpg,https://lain.bgm.tv/r/400/pic/crt/l/d6/39/41789_crt_QsljD.jpg,,,,,https://bgm.tv/character/41789,,41789
bgm-bgm62636,bangumi,12,24,,,藤村桜子,,,其他,A,,Galgame,Galgame,Green Strawberry,,2010,Galgame,,主人公の義妹。 元気系ツンデレドジっ子。 基本的にテンションは高めで、やや短気。 口では主人公のことを悪し様に罵るものの本心ではとても慕っており、いつでも一緒にいようとする。 基本的に勉強も運動もダメだが、裁縫だけは子どもの頃から得意。 主人公と他の女の子が仲良くしているとすぐにやきもちを焼き、“お兄ちゃんに悪い虫がつかない” ようにそばで見張ろうとしばしば自治会室に顔を出す。 が、自治会メンバーではない。 寮内のコンビニでバイト中。,3,0,0,3,1,https://lain.bgm.tv/pic/crt/l/ad/37/62636_crt_j0FaF.jpg,https://lain.bgm.tv/r/400/pic/crt/l/ad/37/62636_crt_j0FaF.jpg,,,,,https://bgm.tv/character/62636,,62636
bgm-bgm63471,bangumi,12,24,,,枕子,,,,,,Galgame,Galgame,だっこしてぎゅっ！～オレの嫁は抱き枕～,紧紧抱着她！~我的老婆是抱枕~,2009,Galgame,,マクラ研部長が開発した抱き枕の試作品。 時代を先取りして高反発枕にしたが、寝心地が最悪の上、性格も高反発になってしまった。 部長の制作意図に反する為、お蔵入りになりかけていたところを頼み込んで貸し出して貰うことに。 Hなことには好奇心旺盛で知識だけは詰め込まれているが経験がまるで無いため、夕弥で色々と試そうとする。 夕弥のことを自分の所有物だと思い込んでいるフシがある。 「普段から、私のこと大切に扱ってるんでしょうね！ 変なシミとかつけたら、許さないんだからっ！」,3,0,0,3,1,https://lain.bgm.tv/pic/crt/l/a9/dc/63471_crt_bI2NY.jpg,https://lain.bgm.tv/r/400/pic/crt/l/a9/dc/63471_crt_bI2NY.jpg,,,,,https://bgm.tv/character/63471,,63471
bgm-bgm98190,bangumi,12,24,,,雪柳ゆず,,,其他,O,,动画|Galgame,Galgame,flutter of birds II 天使たちの翼,,2002,Galgame,"[{""t"":""flutter of birds II 天使たちの翼"",""cn"":"""",""ty"":""Galgame"",""y"":2002,""pop"":0},{""t"":""flutter of birds II ～天使たちの翼～"",""cn"":""flutter of birds II ～天使たちの翼～"",""ty"":""动画"",""y"":2003,""pop"":0}]",主人公がこの土地で宿としてお世話になる教会のオルガン少女。 物静かで、少し変わった表情を持つが、主人公の叔母である同居人の美蔓から溺愛されており、家事全般や身の回りの世話などを行ってくれる。,3,0,0,3,1,https://lain.bgm.tv/pic/crt/l/9f/28/98190_crt_94rg6.jpg,https://lain.bgm.tv/r/400/pic/crt/l/9f/28/98190_crt_94rg6.jpg,,,,,https://bgm.tv/character/98190,,98190
bgm-bgm14626,bangumi,12,24,,阿尔菲斯·米亚特纳·赛丽斯,阿尔菲斯·米亚特纳·赛丽斯,Ereface·Miatenna·Selice,,其他,,,Galgame,Galgame,遗忘花园,遗忘花园,2011,Galgame,,七公主阿尔菲斯 像邻家姐姐一样温柔亲切的七公主，对任何人都很体贴。非常喜欢看书，经常连续数天窝在图书馆看书，只靠少量的食物和水维持体力（也经常被菲茵强制地从图书馆背出来）。拥有瞬间记忆的能力，看过的书可以做到过目不忘，对他人使用的魔法也可以在过目后找到原理并加以对抗，不过相较于攻击系魔法，本人似乎对辅助 类魔法更感兴趣，对禁忌术和解读魔法颇有自己的研究，精通各类古文和各国语言，甚至可以和动物进行交谈。,3,0,0,3,,https://lain.bgm.tv/pic/crt/l/a8/86/14626_crt_Flhrx.jpg,https://lain.bgm.tv/r/400/pic/crt/l/a8/86/14626_crt_Flhrx.jpg,,,,,https://bgm.tv/character/14626,,14626
bgm-bgm92055,bangumi,12,24,,矢户乃上珂波汰,矢戸乃上珂波汰,KANATA YATONOKAMI,,其他,B,,游戏,音乐,Paradox Live Exhibition Show,,2020,音乐,"[{""t"":""Paradox Live Exhibition Show"",""cn"":"""",""ty"":""音乐"",""y"":2020,""pop"":0},{""t"":""Paradox Live Opening Show"",""cn"":"""",""ty"":""音乐"",""y"":2020,""pop"":0},{""t"":""Paradox Live Stage Battle \""FAMILY\"""",""cn"":"""",""ty"":""音乐"",""y"":2020,""pop"":0},{""t"":""Paradox Live 1st album \""TRAP\"""",""cn"":"""",""ty"":""音乐"",""y"":2021,""pop"":0},{""t"":""Paradox Live Stage Battle \""DESIRE\"""",""cn"":"""",""ty"":""音乐"",""y"":2020,""pop"":0},{""t"":""Paradox Live Stage Battle \""LOVE\"""",""cn"":"""",""ty"":""音乐"",""y"":2021,""pop"":0}]",「那由汰以外的事情都無所謂。」 矢戶乃上雙胞胎兄弟中的哥哥。 是出生於貧民窟的孤兒，從小受大人虐待而因此不相信任何人。 既懶惰又怕麻煩，但是為了弟弟那由汰卻可以奮不顧身地挺身而出。 現在和那由汰靠賺黑錢及饒舌比賽的獎金餬口。,3,0,0,3,,https://lain.bgm.tv/pic/crt/l/e8/dc/92055_crt_DLLdG.jpg,https://lain.bgm.tv/r/400/pic/crt/l/e8/dc/92055_crt_DLLdG.jpg,https://storage.moegirl.org.cn/moegirl/commons/7/79/%E7%8F%82%E6%B3%A2%E6%B1%B0trap.jpg,,图源:moegirl,,https://bgm.tv/character/92055,,92055
bgm-bgm184132,bangumi,12,24,,黎维塔,리베르타,Liberta,,其他,,,游戏,游戏,브라운더스트 2,棕色尘埃2,2023,游戏,,,3,0,0,3,,https://lain.bgm.tv/pic/crt/l/d6/f3/184132_crt_kQlzE.jpg,https://lain.bgm.tv/r/400/pic/crt/l/d6/f3/184132_crt_kQlzE.jpg,,,,,https://bgm.tv/character/184132,,184132
bgm-bgm141204,bangumi,12,24,,,鈴羽リリヤ,Liliya Suzuhane,,其他,O,,Galgame,Galgame,天瀬島は色恋ざかり,,2023,Galgame,,遠い国からやってきたらしい謎多き美少女。 口癖は「だう」。 どこで言葉を覚えたのか不思議な日本語をしゃべる。 見た目は儚げで、守ってあげたくなる美少女であるが、全力でマイペース。 趣味はシラスのパックから一番大きなシラスを見つける事。 おでこが凄く弱いらしく常に隠している。,3,0,0,3,1,https://lain.bgm.tv/pic/crt/l/58/cb/141204_crt_WxjuI.jpg,https://lain.bgm.tv/r/400/pic/crt/l/58/cb/141204_crt_WxjuI.jpg,,,,,https://bgm.tv/character/141204,,141204
bgm-bgm92056,bangumi,12,24,,矢户乃上那由汰,矢戸乃上那由汰,NAYUTA YATONOKAMI,,其他,B,,游戏,音乐,Paradox Live Exhibition Show,,2020,音乐,"[{""t"":""Paradox Live Exhibition Show"",""cn"":"""",""ty"":""音乐"",""y"":2020,""pop"":0},{""t"":""Paradox Live Opening Show"",""cn"":"""",""ty"":""音乐"",""y"":2020,""pop"":0},{""t"":""Paradox Live Stage Battle \""FAMILY\"""",""cn"":"""",""ty"":""音乐"",""y"":2020,""pop"":0},{""t"":""Paradox Live 1st album \""TRAP\"""",""cn"":"""",""ty"":""音乐"",""y"":2021,""pop"":0},{""t"":""Paradox Live Stage Battle \""DESIRE\"""",""cn"":"""",""ty"":""音乐"",""y"":2020,""pop"":0},{""t"":""Paradox Live Stage Battle \""LOVE\"""",""cn"":"""",""ty"":""音乐"",""y"":2021,""pop"":0}]","キャラクターデザイン:キナコ 矢户乃上兄弟的双胞胎弟弟。因为他从小就体弱多病，受到哥哥珂波汰的疼爱，所以显得有点任性。对迄今为止保护自己的珂波汰寄予绝对的信任。虽然他对周围的一切很冷淡，但如果珂波汰被愚弄，他会非常激愤。 ""不是和珂波汰一起就没有意义"" 矢戸乃上兄弟の双子の弟。小さいころから病弱で、兄の珂波汰に大切にされてきたため、少々自分勝手さが目立つ。これまで自分を守ってくれた珂波汰には絶対的な信頼を寄せている。",3,0,0,3,,https://lain.bgm.tv/pic/crt/l/e7/47/92056_crt_E677z.jpg,https://lain.bgm.tv/r/400/pic/crt/l/e7/47/92056_crt_E677z.jpg,https://storage.moegirl.org.cn/moegirl/commons/3/38/%E9%82%A3%E7%94%B1%E6%B1%B0Birthday.png!/fw/480/watermark/url/L21vZWdpcmwvd2F0ZXJtYXJrLnBuZw==/align/southeast/margin/10x10/opacity/50?v=20230225130616,,图源:moegirl,,https://bgm.tv/character/92056,,92056
bgm-bgm212310,bangumi,12,24,,娜茵·维奥莱特,ナイン・ヴァイオレット,Nine·Violet,,其他,AB（R,,漫画,漫画,快盗天使ツインエンジェルさん！,快盗天使双胞胎！,2017,漫画,"[{""t"":""快盗天使ツインエンジェルさん！"",""cn"":""快盗天使双胞胎！"",""ty"":""漫画"",""y"":2017,""pop"":0},{""t"":""快盗天使ツインエンジェル～キュンキュン☆ときめきパラダイス!!上乗せっ♪～"",""cn"":""快盗天使双胞胎~心跳不已☆甜蜜天堂!!追加哦♪~"",""ty"":""漫画"",""y"":2011,""pop"":0},{""t"":""ツインエンジェルBREAK〜光と闇の水平線〜"",""cn"":""快盗天使BREAK~光与暗的水平线~"",""ty"":""漫画"",""y"":"""",""pop"":0},{""t"":""快盗天使ツインエンジェル"",""cn"":""快盗天使双胞胎"",""ty"":""漫画"",""y"":2009,""pop"":0},{""t"":""快盗天使ツインエンジェル コミックアラカルト"",""cn"":""快盗天使双胞胎 漫画选集"",""ty"":""漫画"",""y"":2011,""pop"":0},{""t"":""快盗天使ツインエンジェル短編集"",""cn"":""快盗天使双胞胎短篇集"",""ty"":""漫画"",""y"":2009,""pop"":0}]",姉のテスと共に、かつてはツインエンジェルとは敵対関係にあったが、今は信頼し合う友人に。 無口ではあるが、少しずつ表情も豊かになってきた。 変身後は、大剣をふるう果敢な戦士として、テスの後方支援を受けながら接近戦で実力を発揮する。,3,0,0,3,,https://lain.bgm.tv/pic/crt/l/13/b7/212310_crt_g270Z.jpg,https://lain.bgm.tv/r/400/pic/crt/l/13/b7/212310_crt_g270Z.jpg,,,,,https://bgm.tv/character/212310,,212310
bgm-bgm39809,bangumi,12,24,,信玄诚司,信玄誠司,Shingen Seiji,,其他,B,,动画|游戏,动画,アイドルマスター SideM,偶像大师 SideM,2017,动画,"[{""t"":""アイドルマスター SideM"",""cn"":""偶像大师 SideM"",""ty"":""动画"",""y"":2017,""pop"":0},{""t"":""アイドルマスター ポップリンクス"",""cn"":"""",""ty"":""游戏"",""y"":2021,""pop"":0},{""t"":""THE IDOLM@STER SideM PASSIONABLE READING SHOW ～魂環の人形(マリオネット)～"",""cn"":"""",""ty"":""其他"",""y"":2026,""pop"":0},{""t"":""THE IDOLM@STER SideM 3rd ANNIVERSARY DISC 02"",""cn"":"""",""ty"":""音乐"",""y"":2018,""pop"":0},{""t"":""THE IDOLM@STER SideM ST@RTING LINE-08 FRAME"",""cn"":"""",""ty"":""音乐"",""y"":2016,""pop"":0},{""t"":""アイドルマスター SideM GROWING STARS"",""cn"":"""",""ty"":""游戏"",""y"":2021,""pop"":0}]",31岁／属性：Mental型／生日：12月24日（摩羯座） 身高：185.0cm／体重：78.0kg／鞋码：27.0cm 血型：B型／惯用手：右手／出身：熊本 兴趣：料理／特技：快速拆解枪支 前历：自卫官／所属组合：FRAME CV：増元拓也 前自卫官偶像，与握野英雄、信玄诚司一起组成了原公务员偶像组合「FRAME」。 从自卫队退役的原因是因为受伤，成为偶像的原因是因为侄女会开心。 不擅长对待女性，一度以为FRAME的新成员会是女性而一脸阴云。,3,0,0,3,,https://lain.bgm.tv/pic/crt/l/93/e8/39809_crt_rNiRP.jpg?r=1530320903,https://lain.bgm.tv/r/400/pic/crt/l/93/e8/39809_crt_rNiRP.jpg?r=1530320903,https://storage.moegirl.org.cn/moegirl/commons/5/56/%E3%80%90%E7%AC%91%E9%A1%94%E3%82%92%E5%AE%88%E3%82%8B%E5%8A%9B%E3%80%91%E4%BF%A1%E7%8E%84_%E8%AA%A0%E5%8F%B8_SR.png!/fw/480/watermark/url/L21vZWdpcmwvd2F0ZXJtYXJrLnBuZw==/align/southeast/margin/10x10/opacity/50?v=20211010032122,,图源:moegirl,,https://bgm.tv/character/39809,,39809
bgm-bgm39193,bangumi,12,24,,阿修悠太,阿修悠太,Yuuta Ashuu,,其他,AB,,游戏|Galgame,Galgame,B-PROJECT 流星＊ファンタジア,B-PROJECT 流星＊幻想曲,2021,Galgame,"[{""t"":""B-PROJECT 流星＊ファンタジア"",""cn"":""B-PROJECT 流星＊幻想曲"",""ty"":""Galgame"",""y"":2021,""pop"":0},{""t"":""Needle No.6"",""cn"":"""",""ty"":""音乐"",""y"":2017,""pop"":0},{""t"":""dreaming time"",""cn"":"""",""ty"":""音乐"",""y"":2015,""pop"":0},{""t"":""Maybe Love"",""cn"":"""",""ty"":""音乐"",""y"":2016,""pop"":0},{""t"":""永久パラダイス"",""cn"":"""",""ty"":""音乐"",""y"":2015,""pop"":0},{""t"":""B-PROJECT 快感＊エブリディ"",""cn"":""B-PROJECT 快感＊Everyday"",""ty"":""游戏"",""y"":2017,""pop"":0}]",所属团体THRIVE。 天然，喜欢甜食和乳饮。 其可爱的外表相当受前辈以及后辈的喜爱。,3,0,0,3,,https://lain.bgm.tv/pic/crt/l/6f/de/39193_crt_y1AF7.jpg?r=1551089422,https://lain.bgm.tv/r/400/pic/crt/l/6f/de/39193_crt_y1AF7.jpg?r=1551089422,,,,,https://bgm.tv/character/39193,,39193
bgm-bgm16852,bangumi,12,24,,下马七恵,下馬七恵,geba Nanae,,其他,B,,Galgame,Galgame,-atled-everlasting song,,2012,Galgame,,希所工作的『东都エース出版』的新人记者。 对千関七不可思议这类灵异事件或坊间传闻很是喜欢。 性格过于明快而显得很吵，不时会不听别人的话就暴走。 平时大大咧咧，但也会很容易落泪。 「没时间找男朋友啦」,3,0,0,3,1,https://lain.bgm.tv/pic/crt/l/15/f0/16852_crt_qAtMt.jpg,https://lain.bgm.tv/r/400/pic/crt/l/15/f0/16852_crt_qAtMt.jpg,,,,,https://bgm.tv/character/16852,,16852
bgm-bgm85532,bangumi,12,24,,,セレネ,,,,AB,,Galgame,Galgame,ゴシックは魔法乙女～さっさと契約しなさい！～,哥特式魔法少女,2015,Galgame,,からかうと面白い反応するマスターを気に入っていて、協力してあげたいと思っている。,2,0,0,2,,https://lain.bgm.tv/pic/crt/l/bb/76/85532_crt_9sv73.jpg,https://lain.bgm.tv/r/400/pic/crt/l/bb/76/85532_crt_9sv73.jpg,,,,,https://bgm.tv/character/85532,,85532
bgm-bgm24043,bangumi,12,24,,,八重樫椿,,,,,,Galgame,Galgame,恋する気持ちの花言葉,,2014,Galgame,,口数が少なく休み時間のたびに本を読む様子から、同姓からも格好良い・大人びた雰囲気だとクラスでは特別視されている。 実際は、他人とのコミュニケーションが壊滅的に苦手なだけ。 勉強はできるがテストの点は振るわず、今回とうとう赤点メンバー （その2） に。 が、当人は成績を気にした様子はない。 読書好きが高じて、本に書かれていることはほぼ信じてしまう “ちょっとバカ” な面も。 「やっぱり、知識は本から得るべきね。 正しい知識はいつも書物が語ってくれるわ」,2,0,0,2,1,https://lain.bgm.tv/pic/crt/l/91/0b/24043_crt_aM0ww.jpg,https://lain.bgm.tv/r/400/pic/crt/l/91/0b/24043_crt_aM0ww.jpg,,,,,https://bgm.tv/character/24043,,24043
bgm-bgm46267,bangumi,12,24,,,遊佐聖来,,,,A,,Galgame,Galgame,Sacred†Vampire-セイクリッドヴァンパイア-,,2010,Galgame,,癒し系ヒロイン。敬虔なシスター候補生。2年生。 性格はほんわかとしており、誰からも好かれる典型的な優等生。学業優秀で、2年首席。 洗礼名は 『クララ』。 普段はおっとりしているが、神の名を汚す者は誰であれ容赦しない一面を持つ。 信仰を侮辱する発言をした者に対しては、ロザリオを突きつけながら地獄に落とされた人間の末路を物語り始める。 何かあるたびに新約聖書の一節を口ずさむ。礼拝の時間では全学生を代表して聖書を朗読する。 吹奏楽部所属。特技はヴァイオリン。,2,0,0,2,1,https://lain.bgm.tv/pic/crt/l/7a/ce/46267_crt_JDRCb.jpg,https://lain.bgm.tv/r/400/pic/crt/l/7a/ce/46267_crt_JDRCb.jpg,,,,,https://bgm.tv/character/46267,,46267
bgm-bgm7951,bangumi,12,24,,梅宫龙之介,梅宮竜之介,Rio,木刀之龙,其他,O,,动画|漫画|游戏,动画,シャーマンキング,通灵王,2001,动画,"[{""t"":""シャーマンキング"",""cn"":""通灵王"",""ty"":""动画"",""y"":2001,""pop"":0},{""t"":""シャーマンキング"",""cn"":""通灵王"",""ty"":""漫画"",""y"":1998,""pop"":0},{""t"":""シャドウバース"",""cn"":""影之诗"",""ty"":""游戏"",""y"":2016,""pop"":0},{""t"":""シャーマンキングFLOWERS"",""cn"":""通灵王 -Flowers-"",""ty"":""漫画"",""y"":2012,""pop"":0},{""t"":""SHAMAN KING"",""cn"":""通灵王"",""ty"":""动画"",""y"":2021,""pop"":0},{""t"":""シャーマンキング ザ スーパースター"",""cn"":""通灵王 THE SUPER STAR"",""ty"":""漫画"",""y"":2018,""pop"":0}]",原本是某暴走族的老大，因不满叶在自己地头而跟他打起来，但与阿弥陀丸附身合体的叶斩断了他最自傲的飞机头。他决心一雪前耻。但当他看到莲和叶的对战才明白自己跟他们是不同世界的人。于是决心成为通灵者并要求叶当他的老大。常被安娜用作打杂。经过训练后成为通灵者。在一天内通过了通灵王激战预赛。希望与女生交往，目标是15岁以下的少女。（loli控）,2,0,0,2,,https://lain.bgm.tv/pic/crt/l/41/6e/7951_crt_anidb.jpg,https://lain.bgm.tv/r/400/pic/crt/l/41/6e/7951_crt_anidb.jpg,,,,,https://bgm.tv/character/7951,,7951
bgm-bgm76737,bangumi,12,24,,,Xenon,,Helmet Guy（头盔男）,其他,AB,,游戏,游戏,Cytus II,音乐世界2,2018,游戏,,任职于A.R.C.的网络系统安全管理员，拥有自有进出系统底层的权限 相当厉害的程式设计师，也是个人乐团【Xenon】的团长兼吉他手 正义感强烈，对保护他人有使命感，想要用自己的手段根绝一切犯罪,1,0,0,1,,https://lain.bgm.tv/pic/crt/l/e2/5a/76737_crt_DHyt8.jpg,https://lain.bgm.tv/r/400/pic/crt/l/e2/5a/76737_crt_DHyt8.jpg,,,,,https://bgm.tv/character/76737,,76737
bgm-bgm99449,bangumi,12,24,,,涼崎聡,,,其他,Ｂ,,动画|Galgame,Galgame,Esの方程式‐Wo Es war，soll Ich werden‐,Es的方程式,1996,Galgame,"[{""t"":""Esの方程式‐Wo Es war，soll Ich werden‐"",""cn"":""Es的方程式"",""ty"":""Galgame"",""y"":1996,""pop"":0},{""t"":""黒の断章 -THE LITERARY FRAGMENT-"",""cn"":""黑之断章"",""ty"":""Galgame"",""y"":1995,""pop"":0},{""t"":""黒の断章"",""cn"":"""",""ty"":""动画"",""y"":1999,""pop"":0}]",プレイヤー的立場を担う草薙と共に、このシリーズの主人公的存在である探偵。 18歳で渡米。現地にて探偵業を営むが、20の時にとある巻き込まれ記憶と恋人を失う。 その際被疑者として起訴されるも、記憶喪失と併発して多重人格障害もおこし、 メイン州立精神医療センターに収容されていた過去がある。 観察力、洞察力、知識に優れるが、反面自分の事にはひどく疎い事ままあり。,1,0,0,1,1,https://lain.bgm.tv/pic/crt/l/c6/81/99449_crt_yEU2t.jpg,https://lain.bgm.tv/r/400/pic/crt/l/c6/81/99449_crt_yEU2t.jpg,,,,,https://bgm.tv/character/99449,,99449
bgm-bgm64664,bangumi,12,24,,,鷹岡祥子,,,其他,B,,Galgame,Galgame,きみはねCouples ～彼女と彼女の恋する２ケ月ちょっと～,君羽Couples ～她和她相恋的两个月多一点～,2019,Galgame,"[{""t"":""きみはねCouples ～彼女と彼女の恋する２ケ月ちょっと～"",""cn"":""君羽Couples ～她和她相恋的两个月多一点～"",""ty"":""Galgame"",""y"":2019,""pop"":0},{""t"":""きみはね 彼女と彼女の恋する１ヶ月"",""cn"":""君羽 她与她相恋的一个月"",""ty"":""Galgame"",""y"":2015,""pop"":0}]",酒、タバコ、女をこよなく愛する悪いオトナ？ 三人の住む寮の寮長。 女の子好きを隠さない奔放な性格。 適当なように見えてなかなか鋭い。,1,0,0,1,1,https://lain.bgm.tv/pic/crt/l/a2/93/64664_crt_TX7Y4.jpg,https://lain.bgm.tv/r/400/pic/crt/l/a2/93/64664_crt_TX7Y4.jpg,,,,,https://bgm.tv/character/64664,,64664
bgm-bgm100113,bangumi,12,24,,,皇千晴,,,其他,AB,,Galgame,Galgame,ひめひび Another Princess Days ～ White or Black ～,,2020,Galgame,,◆完璧×キング×玉の輿 皇学園創始者の直系の子孫。孤高の学園NO.1 気品に満ち溢れた紳士的で正統派な王子様。 ……というのはメディア向けの顔で、 学園内では何人たりとも逆らうことを許さない 魔王として敬畏されている。,1,0,0,1,,https://lain.bgm.tv/pic/crt/l/a7/6c/100113_crt_5OMcR.jpg,https://lain.bgm.tv/r/400/pic/crt/l/a7/6c/100113_crt_5OMcR.jpg,,,,,https://bgm.tv/character/100113,,100113
bgm-bgm53294,bangumi,12,24,,,夏目音奈,,,其他,自由奔放,,Galgame,Galgame,よついろ★パッショナート！,,2010,Galgame,,元気で明るい……どころか、自由奔放でゴーイングマイウェイな性格の、主人公の双子の姉。 いつも楽しいことを探しており、楽しいことのためならあらゆる労力も犠牲もいとわない。 そのため弟の音子からは 「過去の引っ越しの3割はお姉ちゃんのせい」 と言われるほど。 精神を入れ替える “マインドチェンジ” の超能力を持っており、引っ越しのタイミングを利用して音子と入れ替わり、男としての学園生活を楽しもうと目論んだのが今回の物語の発端である。,1,0,0,1,1,https://lain.bgm.tv/pic/crt/l/a5/d8/53294_crt_m8HCm.jpg,https://lain.bgm.tv/r/400/pic/crt/l/a5/d8/53294_crt_m8HCm.jpg,,,,,https://bgm.tv/character/53294,,53294
bgm-bgm73528,bangumi,12,24,,四宫夏生,四宫夏生,,,其他,AB,,游戏,游戏,雀魂麻将,雀魂麻将,2018,游戏,,爱好:麻将，游戏，调酒 在“LULLABY酒吧”兼职调酒师的普通大学生，闲暇的时候喜欢游戏和漫画，是个不折不扣的宅男，有一点中二病。在酒吧主人的影响下学会了麻将。在所在的MMORPG里使用的是ID为「白夜」的盗贼职业角色，平日也会自发地出「白夜」的Cos，被称为最出色的「白夜Coser」。,1,0,0,1,,https://lain.bgm.tv/pic/crt/l/6d/ea/73528_crt_E60Eo.jpg,https://lain.bgm.tv/r/400/pic/crt/l/6d/ea/73528_crt_E60Eo.jpg,,,,,https://bgm.tv/character/73528,,73528
bgm-bgm19121,bangumi,12,24,,城崎理央,城崎理央,,,其他,,,Galgame,Galgame,Double Score～Cattleya×Narcissus～城崎理央＆聖夜＆斎賀琉衣,,2013,Galgame,"[{""t"":""Double Score～Cattleya×Narcissus～城崎理央＆聖夜＆斎賀琉衣"",""cn"":"""",""ty"":""Galgame"",""y"":2013,""pop"":0},{""t"":""Double Score～Marguerite×Tulip～橘隆蒼＆土夢"",""cn"":"""",""ty"":""Galgame"",""y"":2014,""pop"":0},{""t"":""Double Score～Cosmos×Camellia～ 周防 壱成＆戸高 鷹介"",""cn"":"""",""ty"":""Galgame"",""y"":2013,""pop"":0}]",俺様でプライドが高いが、楽しいことが大好きな楽観主義者。 基本誰にでも優しいが、嫌いになった相手には容赦がない。 言葉で口話くよりも、エスコートやハグなど行動で女性を虜にするのが得意。 漫画・アニメ・ネットゲームが大好きな、オタクな一面もある。 源氏名：璃皇（りおう）,1,0,0,1,,https://lain.bgm.tv/pic/crt/l/a4/3e/19121_crt_qitXX.jpg,https://lain.bgm.tv/r/400/pic/crt/l/a4/3e/19121_crt_qitXX.jpg,,,,,https://bgm.tv/character/19121,,19121
bgm-bgm58880,bangumi,12,24,,,黒岩姫乃,,,其他,A,,Galgame,Galgame,しゃぶり姫～陰の章～,,1997,Galgame,,人里離れた山奥の洋館で祖父・黒岩省吾と二人きりで暮らす18歳の少女。 ピュアな雰囲気を持ち、その愛くるしく幼い容姿には似つかわしくないほどの礼儀作法と丁寧な言葉遣いをする。 両親が亡くなってから、ずっと養ってくれた祖父が、彼女の生甲斐であり、祖父の喜ぶことをしたいと思っている。 その祖父に教育係として指名された主人公を旦那様と敬愛し、尽くすことを信条としながら、愛されようと努めている。,1,0,0,1,1,https://lain.bgm.tv/pic/crt/l/f7/e0/58880_crt_CPnDT.jpg,https://lain.bgm.tv/r/400/pic/crt/l/f7/e0/58880_crt_CPnDT.jpg,,,,,https://bgm.tv/character/58880,,58880
bgm-bgm65215,bangumi,12,24,,,ユイナ・アーチェリー,,,,B,,Galgame,Galgame,祝祭の歌姫 -君と紡ぐ明日への歌-,,2013,Galgame,,カイトが東地区での事件の時に出会った少女。 居合わせたカイトに助けを求める。 家を失っていたこともあり、そのまま成り行きでカイトの家に住み込みのアルバイトとして住まうことになり、学園にも通いだす。 物腰穏やかで、基本的に丁寧な喋り方を崩さない。 そのためお客からの評判も良い。 一方で可愛い服を見つけた時などは立ち止まり夢中になるなど、年相応の無邪気さを見せることがある。 芯の強さもあり、そういった彼女の一面が、徐々に周りに影響を与えていく。 笑いのセンスは独特なところがある。,1,0,0,1,1,https://lain.bgm.tv/pic/crt/l/22/de/65215_crt_D8Q5J.jpg,https://lain.bgm.tv/r/400/pic/crt/l/22/de/65215_crt_D8Q5J.jpg,,,,,https://bgm.tv/character/65215,,65215
bgm-bgm66519,bangumi,12,24,,,ナインシュタイン・フォン・ナイチンゲ-ル,,,其他,B,,Galgame,Galgame,CisLugI～シスラギ～,,2018,Galgame,,１０１独立機動隊の隊長。愛称はナイン。 若くして国合軍内での確かな地位を手にしている女傑。ドイツの名家に生まれ、様々な英才教育を受けてきている。 困っている人には上から手を差し伸べずにはいられないお人よし。 曰く「上からでなければ引っ張り上げれないのではなくて？」その真っすぐとしたお節介で高飛車な性格は祖父の教えである〝ノブレスオブリージュ〟から。 知能も高く、実践に裏打ちされた戦術眼もすぐれている人格者なのだがどこかポンコツ貴族感が否めない茶目っ気のある人物。,1,0,0,1,,https://lain.bgm.tv/pic/crt/l/15/88/66519_crt_VSNtf.jpg,https://lain.bgm.tv/r/400/pic/crt/l/15/88/66519_crt_VSNtf.jpg,,,,,https://bgm.tv/character/66519,,66519
bgm-bgm35775,bangumi,12,24,,亚瑟,アーサー,ARTHUR,,其他,O,,动画|游戏,游戏,ディバインゲート,神圣之门,2013,游戏,"[{""t"":""ディバインゲート"",""cn"":""神圣之门"",""ty"":""游戏"",""y"":2013,""pop"":0},{""t"":""ディバインゲート"",""cn"":""神圣之门"",""ty"":""动画"",""y"":2016,""pop"":0}]",让因 Divine Gate 打开而陷入混乱的常界、天界、魔界重归新秩序的“世界评议会”中“圆桌骑士”的首领。 有著幼时在常界生活，後被抛弃至天界的过去。心中对 Divine Gate 怀有某种意图，集结了赤音等“适合者”。 使用著装置是铳剑型装置“王者之剑（Excalibur）”。,1,0,0,1,,https://lain.bgm.tv/pic/crt/l/e3/af/35775_crt_o43k3.jpg,https://lain.bgm.tv/r/400/pic/crt/l/e3/af/35775_crt_o43k3.jpg,,,,,https://bgm.tv/character/35775,,35775
bgm-bgm99058,bangumi,12,24,,新子子,新子々,Coco Atarashi,ココ,其他,,,游戏,游戏,すばらしきこのせかい -Solo Remix-,美妙世界 -Solo Remix-,2012,游戏,"[{""t"":""すばらしきこのせかい -Solo Remix-"",""cn"":""美妙世界 -Solo Remix-"",""ty"":""游戏"",""y"":2012,""pop"":0},{""t"":""新すばらしきこのせかい"",""cn"":""新美妙世界"",""ty"":""游戏"",""y"":2021,""pop"":0},{""t"":""すばらしきこのせかい -Final Remix-"",""cn"":""美妙世界：最终混音"",""ty"":""游戏"",""y"":2018,""pop"":0}]",死神の一人。原宿を中心に自由気ままに活動している女の子。死神の仕事にはほとんど興味がなく、気まぐれに渋谷の外のエリアへ出かけることも。ちゃっかり者でずる賢く、都合よく相手を騙そうとすることも多いが、一応、友達想いの面もある。 3年前のゲーム終了後に起こったある事件で、ネクやビイトとともに行動していた。,1,0,0,1,,https://lain.bgm.tv/pic/crt/l/46/f0/99058_crt_7fSsX.jpg,https://lain.bgm.tv/r/400/pic/crt/l/46/f0/99058_crt_7fSsX.jpg,,,,,https://bgm.tv/character/99058,,99058
bgm-bgm191909,bangumi,12,24,,七省,七省,HNLMS De Zeven Provinciën/De Zeven Provinciën,七省级轻巡洋舰1号舰,其他,,,游戏,游戏,碧蓝航线,碧蓝航线,2017,游戏,,我是轻巡洋舰七省，来自郁金王国。指挥官是好奇郁金王国吗？那里有着摇曳的彩色郁金花田和悠然转动的风车，想必你一定会喜欢……比起郁金王国，更多地想了解我？……当然可以，那……不如出去一边散步一边了解吧~ 角色设定 穏やかでふんわりとした性格の、チュリッパ王国所属の軽巡洋艦。 植物と心を通わせられる一方、触れた機械（艤装以外）を片っ端から故障させてしまう不思議な素養？を持つ。,1,0,0,1,,https://lain.bgm.tv/pic/crt/l/9c/30/191909_crt_k6w67.jpg,https://lain.bgm.tv/r/400/pic/crt/l/9c/30/191909_crt_k6w67.jpg,,,,,https://bgm.tv/character/191909,,191909
bgm-bgm165939,bangumi,12,24,,,金森くみ,Kanamori Kumi,,其他,,,Galgame,Galgame,君を仰ぎ乙女は姫に,,2011,Galgame,"[{""t"":""君を仰ぎ乙女は姫に"",""cn"":"""",""ty"":""Galgame"",""y"":2011,""pop"":0},{""t"":""君を仰ぎ乙女は姫に PLUS"",""cn"":"""",""ty"":""Galgame"",""y"":2012,""pop"":0}]",主人公の三つ子の妹。 恥かしがり屋のくみ。 元気なるみ。 お利口さんのみみ。 3人まとめて 「くるみ」 と呼ばれることがほとんど。 いつも一緒で、毎日仲良く遊び回っている。 「くるみたち、にーたんのこと、だいすきー！」,1,0,0,1,1,https://lain.bgm.tv/pic/crt/l/10/cb/165939_crt_S47Fa.jpg?r=1729320967,https://lain.bgm.tv/r/400/pic/crt/l/10/cb/165939_crt_S47Fa.jpg?r=1729320967,,,,,https://bgm.tv/character/165939,,165939
bgm-bgm165941,bangumi,12,24,,,金森るみ,Kanamori Rumi,,其他,,,Galgame,Galgame,君を仰ぎ乙女は姫に,,2011,Galgame,"[{""t"":""君を仰ぎ乙女は姫に"",""cn"":"""",""ty"":""Galgame"",""y"":2011,""pop"":0},{""t"":""君を仰ぎ乙女は姫に PLUS"",""cn"":"""",""ty"":""Galgame"",""y"":2012,""pop"":0}]",主人公の三つ子の妹。 恥かしがり屋のくみ。 元気なるみ。 お利口さんのみみ。 3人まとめて 「くるみ」 と呼ばれることがほとんど。 いつも一緒で、毎日仲良く遊び回っている。 「くるみたち、にーたんのこと、だいすきー！」,1,0,0,1,1,https://lain.bgm.tv/pic/crt/l/b8/23/165941_crt_Z0MMe.jpg,https://lain.bgm.tv/r/400/pic/crt/l/b8/23/165941_crt_Z0MMe.jpg,,,,,https://bgm.tv/character/165941,,165941
bgm-bgm163802,bangumi,12,24,,,莉莉丝,Lilith,VAF-38,其他,B,,游戏,游戏,战双帕弥什,战双帕弥什,2019,游戏,,原空中花园构造体，在大规模叛逃发生后，加入了冯·内古特旗下。在疯狂中保持理智，在理智中保持疯狂，莉莉丝很擅长隐瞒自己。由于很少现身，所以目前仍登记为失踪，与凛冬计划有着千丝万缕的联系。,1,0,0,1,,https://lain.bgm.tv/pic/crt/l/68/54/163802_crt_E8s8f.jpg?r=1734595747,https://lain.bgm.tv/r/400/pic/crt/l/68/54/163802_crt_E8s8f.jpg?r=1734595747,,,,,https://bgm.tv/character/163802,,163802
bgm-bgm157258,bangumi,12,24,,真琴,真琴,Makoto,,其他,,,Galgame,Galgame,夢王国と眠れる100人の王子様,梦王国与沉睡的100名王子,2015,Galgame,,從王制改為總統制的魔法科學之國・達丹國原本的王子。他只要看到別人痛苦的神情，就會感到無比開心。在國家改為總統制時，因為某人的陰謀而失去了家人，從此之後，他便只為復仇而活。,1,0,0,1,,https://lain.bgm.tv/pic/crt/l/75/de/157258_crt_uMAHZ.jpg,https://lain.bgm.tv/r/400/pic/crt/l/75/de/157258_crt_uMAHZ.jpg,,,,,https://bgm.tv/character/157258,,157258
bgm-bgm38171,bangumi,12,24,,黛游马,黛遊馬,Mayuzumi Asuma,,其他,B,,动画|漫画|Galgame,Galgame,プリンス・オブ・ストライド,疾走王子,2015,Galgame,"[{""t"":""プリンス・オブ・ストライド"",""cn"":""疾走王子"",""ty"":""Galgame"",""y"":2015,""pop"":0},{""t"":""Be My Steady"",""cn"":"""",""ty"":""音乐"",""y"":2016,""pop"":0},{""t"":""プリンス・オブ・ストライド オルタナティブ"",""cn"":""疾走王子 Alternative"",""ty"":""动画"",""y"":2016,""pop"":0},{""t"":""プリンス・オブ・ストライド GALAXY RUSH"",""cn"":""疾走王子 GALAXY RUSH"",""ty"":""漫画"",""y"":"""",""pop"":0},{""t"":""プリンス・オブ・ストライド オーディオドラマシリーズ Be My Steady"",""cn"":"""",""ty"":""音乐"",""y"":2017,""pop"":0}]",積極的で、細かいことは気にしない性格。静馬の弟だが、兄とはあまり似ていない。作詞作曲が趣味で、ギャラスタの曲を担当することもある。普段はパフォーマー、曲によってはボーカル、ラップもこなす。,1,0,0,1,,https://lain.bgm.tv/pic/crt/l/cd/d4/38171_crt_6GY7l.jpg?r=1452696351,https://lain.bgm.tv/r/400/pic/crt/l/cd/d4/38171_crt_6GY7l.jpg?r=1452696351,,,,,https://bgm.tv/character/38171,,38171
bgm-bgm87389,bangumi,12,24,,申慧缕,신혜율,Shin Hye-yul,,其他,,,漫画|Galgame,Galgame,SUPER STRING,,2021,Galgame,"[{""t"":""SUPER STRING"",""cn"":"""",""ty"":""Galgame"",""y"":2021,""pop"":0},{""t"":""심연의 하늘"",""cn"":""深渊的天空"",""ty"":""漫画"",""y"":2014,""pop"":0},{""t"":""아일랜드 2부"",""cn"":""灵甲鬼修罗 - 避邪回归"",""ty"":""漫画"",""y"":"""",""pop"":0}]","在前所未有的灾难中，以坚强的意志生存下来的韩国女高中生。 "" '只要活下来，终有一天会有好事发生！' """,1,0,0,1,,https://lain.bgm.tv/pic/crt/l/b9/d9/87389_crt_7JJ04.jpg,https://lain.bgm.tv/r/400/pic/crt/l/b9/d9/87389_crt_7JJ04.jpg,,,,,https://bgm.tv/character/87389,,87389
bgm-bgm35764,bangumi,12,24,,白雪彻平,白雪徹平,Shirayuki Teppei,,其他,A,,游戏,游戏,バンドやろうぜ！,来玩乐队吧！,2016,游戏,,白雪 徹平 (シラユキ テッペイ) BLAST Drum 俺にはブレイストしかないんすよ……。唯一俺を受け入れてくれたのが、先輩たちなんス。,1,0,0,1,,https://lain.bgm.tv/pic/crt/l/23/fb/35764_crt_L40R8.jpg?r=1443199738,https://lain.bgm.tv/r/400/pic/crt/l/23/fb/35764_crt_L40R8.jpg?r=1443199738,,,,,https://bgm.tv/character/35764,,35764
bgm-bgm75336,bangumi,12,24,,高藤愁一,高藤愁一,Takatou Shuichi,,其他,AB,,Galgame,Galgame,なりそこないのよすが,,2019,Galgame,,物心がついた頃には既に縁の隣にいた所謂幼馴染。 なぜだか縁が『感情の味』を感じ取ることが出来ない相手なのだが縁当人としてはそのおかげで余計に気兼ねなく接せている。 感情の起伏が少なくクールの印象を受けるが 全然そんなことはなく冗談も下ネタも普通に口にする。 淡白だが温厚で、嫌味な面もないため敵を作らない。 瀬里下から『子供のくせに生意気』と言われたり、両親から逆に心配されてしまうほど非常に忍耐強くわがままも言わない。,1,0,0,1,,https://lain.bgm.tv/pic/crt/l/54/92/75336_crt_cYy0Y.jpg,https://lain.bgm.tv/r/400/pic/crt/l/54/92/75336_crt_cYy0Y.jpg,,,,,https://bgm.tv/character/75336,,75336
bgm-bgm207964,bangumi,12,24,,,碓井祥子,Usui Shouko,,其他,A,,Galgame,Galgame,Like Life,,2004,Galgame,,,1,0,0,1,1,https://lain.bgm.tv/pic/crt/l/32/6c/207964_crt_kKR88.jpg,https://lain.bgm.tv/r/400/pic/crt/l/32/6c/207964_crt_kKR88.jpg,,,,,https://bgm.tv/character/207964,,207964
bgm-bgm42446,bangumi,12,24,,御堂优理,御堂優理,Yuri Mido,,其他,A,,游戏,游戏,ラブライブ！スクールアイドルフェスティバル,LoveLive! 学园偶像祭,2013,游戏,,Klab旗下的手机音乐节奏社交卡牌游戏《LoveLive! 学园偶像祭》登场人物。 说话不饶人的少女。虽然不是特别喜欢穿轻飘飘的衣服，但是为了陪宫下香而一同成为了校园偶像。 2014年4月举办的第1次转学生总选举排名第6。,1,0,0,1,,https://lain.bgm.tv/pic/crt/l/f6/d0/42446_crt_gu44a.jpg?r=1465670097,https://lain.bgm.tv/r/400/pic/crt/l/f6/d0/42446_crt_gu44a.jpg?r=1465670097,https://storage.moegirl.org.cn/moegirl/commons/a/a9/1367227276.png!/fw/480/watermark/url/L21vZWdpcmwvd2F0ZXJtYXJrLnBuZw==/align/southeast/margin/10x10/opacity/50?v=20140714123457,,图源:moegirl,,https://bgm.tv/character/42446,,42446
bgm-bgm70030,bangumi,12,24,,七城柚子,七城柚子,nanashiro yuzu,,其他,,,动画|Galgame,Galgame,Canvas ～セピア色のモチーフ～,,2000,Galgame,"[{""t"":""Canvas ～セピア色のモチーフ～"",""cn"":"""",""ty"":""Galgame"",""y"":2000,""pop"":0},{""t"":""Canvas ～セピア色のモチーフ～"",""cn"":""藏爱油画 ～茶色的主题～"",""ty"":""动画"",""y"":2001,""pop"":0}]",是Canvas中的小loli，其实更像一个小正太。因为叫自己为“ボク”，很容易让人误认为是小学的男生。她那娇小的身躯让人想不到的是居然是陆上部练跳高的。小学的时候和大辅是同班同学，和大辅约定有一天要成为天使。,1,0,0,1,,https://lain.bgm.tv/pic/crt/l/0e/9b/70030_crt_1PguP.jpg,https://lain.bgm.tv/r/400/pic/crt/l/0e/9b/70030_crt_1PguP.jpg,,,,,https://bgm.tv/character/70030,,70030
bgm-bgm189213,bangumi,12,24,,,桐丘大輝,,,其他,B,,Galgame,Galgame,Monochrome,见习天使：黑白色,2004,Galgame,,本作の主人公。幼いころに事故で両親を亡くし、 親友である桐丘家に養子として引き取られた。 現在は義姉である千歳と、桐ヶ丘学院廃寮に住んでいる。,0,0,0,0,,https://lain.bgm.tv/pic/crt/l/04/02/189213_crt_8U294.jpg,https://lain.bgm.tv/r/400/pic/crt/l/04/02/189213_crt_8U294.jpg,,,,,https://bgm.tv/character/189213,,189213
bgm-bgm132791,bangumi,12,24,,,赛斯,,세츠,其他,,,Galgame,Galgame,永远的7日之都,,2017,Galgame,,超不良神官。抽烟喝酒样样精通。有点大男子主义，不打女人。 主张神是存在的，但神并不会听从人的祈祷。因此就要由神职者伪装成神来实现各种愿望。经常自嘲神官们都是一群没有假期的圣诞老人。 外号小叮当，据说是某个古早漫画角色的名字。随身携带的行李箱里不知道塞了多少东西，无论你向他要求什么，他都能从中取出让你满意的东西。 情商很高，作为神职者很容易看穿别人在想什么，但很懒，没有上进心，能够投机取巧的地方绝对不乖乖按规章做事，是个很让上司头疼的不良青年。,0,0,0,0,,https://lain.bgm.tv/pic/crt/l/32/3a/132791_crt_z1rML.jpg,https://lain.bgm.tv/r/400/pic/crt/l/32/3a/132791_crt_z1rML.jpg,,,,,https://bgm.tv/character/132791,,132791
bgm-bgm110384,bangumi,12,24,,,水篠碧衣,,,其他,A,,Galgame,Galgame,FOLKLORE JAM,,2003,Galgame,,松濤学園3年 山羊座 松濤学園執行委員会 会長。 オカルト研究会に頭を悩ます才女。 夢より現実を重視するタイプで、自由奔放なオカルト研に少なからずジレンマを感じる。 かけひきと恋愛は苦手。,0,0,0,0,1,https://lain.bgm.tv/pic/crt/l/91/ab/110384_crt_pp22I.jpg,https://lain.bgm.tv/r/400/pic/crt/l/91/ab/110384_crt_pp22I.jpg,,,,,https://bgm.tv/character/110384,,110384
bgm-bgm53293,bangumi,12,24,,,夏目音子,,,其他,流され気,,Galgame,Galgame,よついろ★パッショナート！,,2010,Galgame,,家族の起こした事件により何度となく転校を繰り返している、巻き込まれ型被害者気質の男の子。 今回もその事件の一つによって、物語の舞台となる富士美市に引っ越ししてきた。 しかし引っ越し早々、双子の姉である音奈の 「女の子は飽きた」 発言により無理矢理身体を入れ替えられ、女の子として学園生活を送ることに…… 家族全員が超能力を持っており、音子も “サイコメトリー（物の記憶を読み取り、再現する能力）” の超能力者。 「ボクは普通の学園生活を送りたいだけだったんだけど……」,0,0,0,0,1,https://lain.bgm.tv/pic/crt/l/1d/7c/53293_crt_0efDD.jpg,https://lain.bgm.tv/r/400/pic/crt/l/1d/7c/53293_crt_0efDD.jpg,,,,,https://bgm.tv/character/53293,,53293
bgm-bgm53257,bangumi,12,24,,,北信二郎,,,其他,O,,Galgame,Galgame,肢体を洗う,肢体洗,2002,Galgame,,喜欢下流话题的大学医院的好色发福医生。 因为妻子是理事的女儿而依仗权势时常对护士进行性骚扰行为，因此而被厌恶。 最近似乎看上了真魚，一有机会就会动手动脚。,0,0,0,0,1,https://lain.bgm.tv/pic/crt/l/96/03/53257_crt_668OC.jpg?r=1491731706,https://lain.bgm.tv/r/400/pic/crt/l/96/03/53257_crt_668OC.jpg?r=1491731706,,,,,https://bgm.tv/character/53257,,53257
bgm-bgm208350,bangumi,12,24,,,ハリエット・ミルズ,,,其他,,,Galgame,Galgame,マブラヴ ガールズガーデン,,2025,Galgame,,下級貴族ミルズ家の生まれ。多忙な両親の元で一人過ごしてきた事から、内向的で人見知りな性格となった。ある事件からドロテアを崇拝し、明度見習いに。チームメンバー以外には警戒心が強く毒舌家だが、根は真面目で情が深い。,0,0,0,0,,https://lain.bgm.tv/pic/crt/l/14/d5/208350_crt_LPyiY.jpg,https://lain.bgm.tv/r/400/pic/crt/l/14/d5/208350_crt_LPyiY.jpg,,,,,https://bgm.tv/character/208350,,208350
bgm-bgm57649,bangumi,12,24,,歌紫歌·加莱,歌紫歌＝ガレ,,カシカ,其他,,,Galgame,Galgame,Cendrillon palikA,灰姑娘的玻璃鞋,2018,Galgame,,運命の鍵を握る魔法使い 「ガラスの靴を履いて、協力者を探すと良い。 君が会いたいと願えば、案外簡単に叶うものだよ」 神出鬼没の謎の魔法使い。主人公の家に住みついている。 飄々として何を考えているのかよくわからないが、 困っている時はアドバイスをくれる。 KEYITEM：ガラスの杖 涙：紅涙（血涙） ∟意味は、悲しみ・憤りのあまりに流す涙。,0,0,0,0,,https://lain.bgm.tv/pic/crt/l/2d/f1/57649_crt_OYb04.jpg?r=1506072078,https://lain.bgm.tv/r/400/pic/crt/l/2d/f1/57649_crt_OYb04.jpg?r=1506072078,,,,,https://bgm.tv/character/57649,,57649
bgm-bgm178630,bangumi,12,24,,莱拉,莱拉,Leyla,,其他,,,游戏,游戏,千年之旅,,2023,游戏,,坎特维尔出生的女孩，从小就憧憬着所谓的骑士精神。混乱的世界让她见惯了各种冷血之人，但这只是更加坚定了她成为骑士的信念。,0,0,0,0,,https://lain.bgm.tv/pic/crt/l/11/d1/178630_crt_UCeqc.jpg?r=1751273898,https://lain.bgm.tv/r/400/pic/crt/l/11/d1/178630_crt_UCeqc.jpg?r=1751273898,,,,,https://bgm.tv/character/178630,,178630
